tu_id	speaker	start	end	duration	include	variation	W:normalized_spaces	W:numbers	W:accents	W:non_jefferson	W:pauses_trim	W:prosodic_trim	W:moved_boundaries	W:switches	W:overlap_mismatch	E:volume	E:pace	E:guess	E:overlap	E:overlap_mismatch	E:overlap_annotation	E:overlap_time	E:overlap_duration	T:shortpauses	T:nonverbalbehavior	T:errors	T:linguistic	original	text	orthographic
0	BX001	2.75	5.63	2.88	True	_	0	0	0	0	0	0	0	0	0	False	False	False	False	False	False	False	_	1	0	0	9	sì esatto, no ma infatti (.) solo per quello eh	sì esatto, no ma infatti (.) solo per quello eh	sì esatto no ma infatti (.) solo per quello eh
1	BX002	7.83	17.35	9.52	True	_	0	0	0	0	0	0	0	0	0	False	False	False	False	False	False	False	_	2	0	0	22	beh ma ehm: (.) questa raga- quell'altra ragazza che: ha fatto la presentazione invece, ha portato il: i deutschsprachige in (.) bolivien anche.	beh ma ehm: (.) questa raga- quell'altra ragazza che: ha fatto la presentazione invece, ha portato il: i deutschsprachige in (.) bolivien anche.	beh ma ehm (.) questa raga- quell' altra ragazza che ha fatto la presentazione invece ha portato il i deutschsprachige in (.) bolivien anche
2	BX002	18.5	19.82	1.32	True	_	0	0	0	0	0	0	0	0	0	False	False	False	False	False	False	False	_	0	0	0	2	bolivia anche.	bolivia anche.	bolivia anche
3	BX001	19.84	20.41	0.57	True	_	0	0	0	0	0	0	0	0	0	False	False	False	False	False	False	False	_	0	1	0	1	no ((ride))	no ((ride))	no ((ride))
4	BX002	20.44	21.25	0.81	True	_	0	0	0	0	0	0	0	1	0	False	False	False	False	False	False	False	_	0	0	0	2	ti [giuro.]	ti [giuro].	ti giuro
5	BX001	20.59	21.87	1.28	True	_	0	0	0	0	0	0	0	0	0	False	False	False	False	True	False	False	4=0.660,6=0.125	0	1	0	0	[(xx)] ((ride))	[(xx)] ((ride))	xx ((ride))
6	BX002	21.745	23.91	2.165	True	_	0	0	0	0	0	0	0	0	0	False	False	False	False	True	False	False	5=0.125,7=0.270	1	0	0	3	(xx) bolivia (.) e io [(xxx)]	(xx) bolivia (.) e io [(xxx)]	xx bolivia (.) e io xxx
7	BX001	23.64	25.02	1.38	True	_	0	0	0	0	0	0	0	0	0	False	False	False	False	True	False	False	6=0.270,8=0.895	0	1	0	0	[((ride))]	[((ride))]	((ride))
8	BX002	24.125	28.46	4.335	True	_	0	0	0	0	0	0	0	0	0	False	False	False	False	True	False	False	7=0.895,9+10=0.775	2	0	0	14	cioè io dovevo (.) a volte spegnere la telecamera perché mi veniva da ri[dere, (.) perché]	cioè io dovevo (.) a volte spegnere la telecamera perché mi veniva da ri[dere, (.) perché]	cioè io dovevo (.) a volte spegnere la telecamera perché mi veniva da ridere (.) perché
9	BX003	27.347	28.477	1.13	True	_	0	0	0	0	0	0	0	0	0	False	False	False	False	False	False	False	_	0	1	0	0	[((ride))]	[((ride))]	((ride))
10	BX001	27.685	28.75	1.065	True	_	0	0	0	0	0	0	0	0	0	False	False	False	False	False	False	False	_	0	1	0	2	[((ride)) eh] sì,	[((ride)) eh] sì,	((ride)) eh sì
11	BX002	29.017	31.96	2.943	True	_	0	0	0	0	0	0	0	0	True	False	False	False	False	False	False	False	12=0.035	1	0	0	10	sai la storia della bolivia? (.) che la bolivia è povera,	sai la storia della bolivia? (.) che la bolivia è povera,	sai la storia della bolivia (.) che la bolivia è povera
12	BX003	31.925	33.435	1.51	True	_	0	0	0	0	0	0	0	0	True	False	False	False	False	False	False	False	_	0	0	0	3	[sì sì sì xxxx]	[sì sì sì xxxx]	sì sì sì xxxx
13	BX001	32.0	35.78	3.78	True	_	0	0	0	0	0	0	0	1	0	False	False	False	False	False	False	False	_	2	0	0	14	[sì: ma ne abbiamo parlato l'altra] [volta, (.) abbiamo visto la: (.) la strada, no?]	[sì: ma ne abbiamo parlato l'altra] [volta, (.) abbiamo visto la: (.) la strada, no]?	sì ma ne abbiamo parlato l' altra volta (.) abbiamo visto la (.) la strada no
14	BX002	33.45	35.65	2.2	True	_	0	0	0	0	0	0	0	1	0	False	False	False	True	False	True	False	13=2.200	1	0	0	7	[eh esatto.] [(.) e io da quella volta,	[eh esatto]. [(.) e io da quella volta,	eh esatto (.) e io da quella volta
15	BX002	35.78	36.35	0.57	True	_	0	0	0	0	0	0	0	0	0	False	False	False	False	False	False	False	_	0	0	0	3	sì [sì sì]	sì [sì sì]	sì sì sì
16	BX001	35.93	37.11	1.18	True	_	0	0	0	0	0	0	0	0	0	False	False	False	False	False	False	False	_	0	0	0	4	[cioè la] death road	[cioè la] death road	cioè la death road
17	BX002	37.115	40.33	3.215	True	_	0	0	0	0	0	0	0	0	0	False	False	False	False	False	False	False	_	1	1	0	15	esatto. (.) io da quella volta ogni volta che sento la bolivia mi vien da ridere ((ridendo))	esatto. (.) io da quella volta ogni volta che sento la bolivia mi vien da ridere ((ridendo))	esatto (.) io da quella volta ogni volta che sento la bolivia mi vien da ridere ((ridendo))
18	BX003	40.377	40.861999999999995	0.49	True	_	0	0	0	0	0	0	1	0	0	False	False	False	False	False	False	False	_	0	0	0	2	ma perché?	ma perché?	ma perché
19	BX002	40.861999999999995	42.482	1.625	True	_	0	0	0	0	0	0	1	0	0	False	False	False	False	False	False	False	_	1	1	0	6	non lo so. (.) non lo so ((ride))	non lo so. (.) non lo so ((ride))	non lo so (.) non lo so ((ride))
20	BX002	42.49	44.03	1.54	True	_	0	0	0	0	0	0	0	0	0	False	False	False	False	False	False	False	_	0	0	0	4	tipo la [bolivia no:]	tipo la [bolivia no:]	tipo la bolivia no
21	BX001	43.162	44.022	0.86	True	_	0	0	0	0	0	0	0	0	0	False	False	False	False	False	False	False	_	0	0	0	1	[poveracci]	[poveracci]	poveracci
22	BX003	43.197	45.817	2.62	True	_	0	0	0	0	0	0	0	0	0	False	False	False	False	False	False	False	_	0	1	0	7	[ti immagini] i poveracci là in bolivia [((ride))]	[ti immagini] i poveracci là in bolivia [((ride))]	ti immagini i poveracci là in bolivia ((ride))
23	BX002	45.292	47.132	1.84	True	_	0	0	0	0	0	0	0	0	0	False	False	False	False	False	False	False	_	0	0	0	8	[esatto] i poveracci [in bolivia] >non lo so<	[esatto] i poveracci [in bolivia] >non lo so<	esatto i poveracci in bolivia non lo so
24	BX003	46.337	46.987	0.65	True	_	0	0	0	0	0	0	0	0	0	False	False	False	False	False	False	False	_	0	0	0	0	[xxx]	[xxx]	xxx
25	BX002	47.657	48.737	1.08	True	_	0	0	0	0	0	0	0	0	0	False	False	False	False	False	False	False	_	0	0	0	1	ehm::	ehm::	ehm
26	BX002	49.647	50.82	1.173	True	_	0	0	0	0	0	0	0	0	0	False	False	False	False	False	False	False	_	0	0	0	4	e niente, e- e-	e niente, e- e-	e niente e- e-
27	BX003	50.857	52.927	2.07	True	_	0	0	0	0	0	0	0	1	0	False	False	False	False	False	False	False	_	0	0	0	7	(e pur-) ci sono [pure i tedeschi.]	(e pur-) ci sono [pure i tedeschi].	e pur- ci sono pure i tedeschi
28	BX002	51.747	59.32	7.573	True	_	0	0	0	0	0	0	0	0	0	False	False	False	False	False	False	False	_	4	0	0	25	[e sembra che] ci siano, (.) di quei piani linguistici per: (.) per- perché c'è (.) c'è il guaranì, (.) e c'è un'altra lingua [anche:]	[e sembra che] ci siano, (.) di quei piani linguistici per: (.) per- perché c'è (.) c'è il guaranì, (.) e c'è un'altra lingua [anche:]	e sembra che ci siano (.) di quei piani linguistici per (.) per- perché c' è (.) c' è il guaranì (.) e c' è un' altra lingua anche
29	BX001	58.477	59.037	0.56	True	_	0	0	0	0	0	0	0	0	0	False	False	False	False	False	False	False	_	0	0	0	2	[°ah okay.°]	[°ah okay.°]	ah okay
30	BX002	59.363	61.27	1.907	True	_	0	0	0	0	0	0	0	0	0	False	False	False	False	False	False	False	_	0	0	0	4	nativa, degli indige- indigeni,	nativa, degli indige- indigeni,	nativa degli indige- indigeni
31	BX003	61.273	61.933	0.66	True	_	0	0	0	0	0	0	0	0	0	False	False	False	False	False	False	False	_	0	0	0	2	mh=mh	mh=mh	mh mh
32	BX002	62.148	67.05	4.902	True	_	0	0	0	0	0	0	0	0	0	False	False	False	False	False	False	False	_	1	0	0	14	ehm: (.) e niente, e ci sono un sacco di piani per aiutare: sta gente,	ehm: (.) e niente, e ci sono un sacco di piani per aiutare: sta gente,	ehm (.) e niente e ci sono un sacco di piani per aiutare sta gente
33	BX002	67.29	72.3	5.01	True	_	0	0	0	0	0	0	0	0	0	False	False	False	False	False	False	False	_	0	0	0	15	e poi a quanto pare anche il presidente è di origine indigena adesso in bolivia.	e poi a quanto pare anche il presidente è di origine indigena adesso in bolivia.	e poi a quanto pare anche il presidente è di origine indigena adesso in bolivia
34	BX001	72.84	73.08	0.24	True	_	0	0	0	0	0	0	0	0	0	False	False	False	False	False	False	False	_	0	0	0	1	ah	ah	ah
35	BX001	73.527	77.507	3.98	True	_	0	0	0	0	0	0	0	0	0	False	False	False	False	False	False	False	_	1	0	0	11	quello che c'era e che: (.) che hanno cacciato perché era:	quello che c'era e che: (.) che hanno cacciato perché era:	quello che c' era e che (.) che hanno cacciato perché era
36	BX002	77.507	77.702	0.195	True	_	0	0	0	0	0	0	0	0	0	False	False	False	False	False	False	False	_	0	0	0	1	ah	ah	ah
37	BX001	77.972	81.72	3.748	True	_	0	0	0	0	0	0	0	0	0	False	False	False	False	False	False	False	_	1	0	0	13	forse un tantino corrotto. (.) ma no no ma lui era proprio indio indio.	forse un tantino corrotto. (.) ma no no ma lui era proprio indio indio.	forse un tantino corrotto (.) ma no no ma lui era proprio indio indio
38	BX002	81.721	82.701	0.99	True	_	0	0	0	0	0	0	1	0	0	False	False	False	False	False	False	False	_	0	0	0	3	ah ecco vedi?	ah ecco vedi?	ah ecco vedi
39	BX001	82.701	83.04	0.349	True	_	0	0	0	0	0	0	1	0	0	False	False	False	False	False	False	False	_	0	0	0	2	sì sì	sì sì	sì sì
40	BX002	83.046	85.52	2.474	True	_	0	0	0	0	0	0	0	0	0	False	False	False	False	False	False	False	_	0	0	0	8	e allora questo ragazzo diceva che secondo lui,	e allora questo ragazzo diceva che secondo lui,	e allora questo ragazzo diceva che secondo lui
41	BX002	85.846	95.35	9.504	True	_	0	0	0	0	0	0	0	1	0	False	False	False	False	False	False	False	_	3	0	0	22	per il fatto che: ci fosse questo presidente: (.) nativo indigeno, (.) avrebbero fatto delle cose, cioè di sicuro avranno (.) ampliato [no? le misure,]	per il fatto che: ci fosse questo presidente: (.) nativo indigeno, (.) avrebbero fatto delle cose, cioè di sicuro avranno (.) ampliato [no? le misure],	per il fatto che ci fosse questo presidente (.) nativo indigeno (.) avrebbero fatto delle cose cioè di sicuro avranno (.) ampliato no le misure
42	BX001	93.963	98.6	4.637	True	_	0	0	0	0	0	0	0	0	0	False	False	False	False	False	False	False	_	0	0	0	17	[sì sì lui ha ha investito tanto] lui cioè lui proprio da un [leader di una comunità:]	[sì sì lui ha ha investito tanto] lui cioè lui proprio da un [leader di una comunità:]	sì sì lui ha ha investito tanto lui cioè lui proprio da un leader di una comunità
43	BX002	97.091	98.581	1.49	True	_	0	0	0	0	0	0	0	1	0	False	False	False	False	False	False	False	_	0	0	0	6	[>ma dove li trovi i soldi?<]	[>ma dove li trovi i soldi<?]	ma dove li trovi i soldi
44	BX001	98.606	101.7	3.094	True	_	0	0	0	0	0	0	0	0	0	False	False	False	False	False	False	False	_	0	0	0	6	di una comunità:: eh:: cioè che	di una comunità:: eh:: cioè che	di una comunità eh cioè che
45	BX001	102.116	106.503	4.39	True	_	0	0	0	0	0	0	1	0	0	False	False	False	False	False	False	False	_	0	0	0	14	proprio ha portato i problemi degli indigeni al parlamento, poi è stato eletto presidente.	proprio ha portato i problemi degli indigeni al parlamento, poi è stato eletto presidente.	proprio ha portato i problemi degli indigeni al parlamento poi è stato eletto presidente
46	BX002	106.503	106.886	0.386	True	_	0	0	0	0	0	0	1	0	0	False	False	False	False	False	False	False	_	0	0	0	2	mh=mh	mh=mh	mh mh
47	BX001	107.076	113.12	6.044	True	_	0	0	0	0	0	0	0	0	0	False	False	False	False	False	False	False	_	0	0	0	21	il problema è che una volta su, ha un pochino perso la testa e: insomma hanno fatto un bel: bel problema	il problema è che una volta su, ha un pochino perso la testa e: insomma hanno fatto un bel: bel problema	il problema è che una volta su ha un pochino perso la testa e insomma hanno fatto un bel bel problema
48	BX003	113.571	113.901	0.33	True	_	0	0	0	0	0	0	0	0	0	False	False	False	False	False	False	False	_	0	0	0	1	mh	mh	mh
49	BX001	113.951	118.02	4.069	True	_	0	0	0	0	0	0	0	0	0	False	False	False	False	False	False	False	_	1	0	0	13	e:: e ora c'è una: (.) penso ci sia una donna (ad) interim,	e:: e ora c'è una: (.) penso ci sia una donna (ad) interim,	e e ora c' è una (.) penso ci sia una donna ad interim
50	BX001	118.78	119.51	0.73	True	_	0	0	0	0	0	0	0	0	0	False	False	False	False	False	False	False	_	0	0	0	1	[e:::]	[e:::]	e
51	BX003	118.78	119.79	1.01	True	_	0	0	0	0	0	0	0	0	True	False	False	False	False	False	False	False	_	0	0	0	0	[xxxx]	[xxxx]	xxxx
52	BX001	119.78	126.54	6.76	True	_	0	0	0	0	0	0	0	0	True	False	False	False	False	False	False	False	51=0.010	0	0	0	21	e però lui dice che è stato rimosso: in maniera illega:le, quindi ci sono mille proce:ssi, e co:se, però insomma lui,	e però lui dice che è stato rimosso: in maniera illega:le, quindi ci sono mille proce:ssi, e co:se, però insomma lui,	e però lui dice che è stato rimosso in maniera illegale quindi ci sono mille processi e cose però insomma lui
53	BX001	127.06	132.6475	5.59	True	_	0	0	0	0	0	0	1	0	0	False	False	False	False	False	False	False	_	1	0	0	17	ehm: ci sono svariati video tipo lui alle nazioni unite no? (.) che ci sono tutti tirati no?	ehm: ci sono svariati video tipo lui alle nazioni unite no? (.) che ci sono tutti tirati no?	ehm ci sono svariati video tipo lui alle nazioni unite no (.) che ci sono tutti tirati no
54	BX002	132.6475	133.035	0.39	True	_	0	0	0	0	0	0	1	0	True	False	False	False	False	False	False	False	55=0.020	0	0	0	1	a:h,	a:h,	ah
55	BX001	133.015	137.95	4.935	True	_	0	0	0	0	0	0	0	0	True	False	False	False	False	False	False	False	_	0	0	0	13	e lui con le con [insomma:] vestito: con i suoi vestiti: da: indegno.	e lui con le con [insomma:] vestito: con i suoi vestiti: da: indegno.	e lui con le con insomma vestito con i suoi vestiti da indegno
56	BX002	134.375	134.895	0.52	True	_	0	0	0	0	0	0	0	0	0	False	False	False	False	False	False	False	_	0	0	0	1	[normale]	[normale]	normale
57	BX002	137.95	138.86	0.91	True	_	0	0	0	0	0	0	0	0	0	False	False	False	False	False	False	False	_	0	0	0	1	ah: [(xxx)]	ah: [(xxx)]	ah xxx
58	BX001	138.21	145.3	7.09	True	_	0	0	0	0	0	0	0	0	0	False	False	False	False	False	False	False	_	2	0	0	26	[e c'è un'altra] dove (.) mh: si parlava del narcotraffico e- (.) >dice< ah eh però la coca fa parte della nostra cultura >bla bla bla<,	[e c'è un'altra] dove (.) mh: si parlava del narcotraffico e- (.) >dice< ah eh però la coca fa parte della nostra cultura >bla bla bla<,	e c' è un' altra dove (.) mh si parlava del narcotraffico e- (.) dice ah eh però la coca fa parte della nostra cultura bla bla bla
59	BX001	145.57	150.55	4.98	True	_	0	0	0	0	0	0	0	1	0	False	False	False	False	False	False	False	_	1	0	0	16	e quindi dice e così io:: faccio uno spuntino. (.) e si mangia una foglia di [coca.]	e quindi dice e così io:: faccio uno spuntino. (.) e si mangia una foglia di [coca].	e quindi dice e così io faccio uno spuntino (.) e si mangia una foglia di coca
60	BX002	150.355	151.015	0.66	True	_	0	0	0	0	0	0	0	0	0	False	False	False	False	False	False	False	_	0	0	0	1	[oh:]	[oh:]	oh
61	BX003	150.355	151.015	0.66	True	_	0	0	0	0	0	0	0	0	0	False	False	False	False	False	False	False	_	0	0	0	1	[oh:]	[oh:]	oh
62	BX002	151.47	152.29	0.82	True	_	0	0	0	0	0	0	0	0	0	False	False	False	False	False	False	False	_	0	1	0	0	[((ride))]	[((ride))]	((ride))
63	BX001	151.55	152.29	0.74	True	_	0	0	0	0	0	0	0	0	0	False	False	False	False	False	False	False	_	0	0	0	2	[e quella]	[e quella]	e quella
64	BX002	152.31	153.26	0.95	True	_	0	0	0	0	0	0	0	0	0	False	False	False	True	False	True	False	65=0.800	0	1	0	0	[((ride))	[((ride))	((ride))
65	BX003	152.46	153.28	0.82	True	_	0	0	0	0	0	0	0	0	0	False	False	False	False	False	False	False	_	0	0	0	2	[è pazzesco]	[è pazzesco]	è pazzesco
66	BX001	153.29	155.57	2.28	True	_	0	0	0	0	0	0	0	0	0	False	False	False	False	False	False	False	_	0	0	0	7	no no, eh=eh [però va be']	no no, eh=eh [però va be']	no no eh eh però va be'
67	BX002	154.835	158.22	3.385	True	_	0	0	0	0	0	0	0	1	0	False	False	False	False	False	False	False	_	0	1	0	13	[a me non sorprende] più niente dopo aver [visto tre sta]gioni di [narcos.] ((ridendo))	[a me non sorprende] più niente dopo aver [visto tre sta]gioni di [narcos]. ((ridendo))	a me non sorprende più niente dopo aver visto tre stagioni di narcos ((ridendo))
68	BX001	156.64	157.082	0.442	True	_	0	0	0	0	0	0	0	0	0	False	False	False	False	False	False	False	_	0	0	0	3	[no va be']	[no va be']	no va be'
69	BX003	157.555	158.825	1.27	True	_	0	0	0	0	0	0	0	0	0	False	False	False	False	True	False	False	67=0.665,70=0.590	0	0	0	0	[(xxxxxxxx)]	[(xxxxxxxx)]	xxxxxxxx
70	BX001	158.235	167.095	8.86	True	_	0	0	0	0	0	0	0	1	0	False	False	False	False	False	False	False	_	0	0	0	34	[no ma per- però no no] no però a parte a par- a parte gli scherzi cioè la: la foglia di coca davvero si consuma perché cioè in: quando, quando si è in [montagna,]	[no ma per- però no no] no però a parte a par- a parte gli scherzi cioè la: la foglia di coca davvero si consuma perché cioè in: quando, quando si è in [montagna],	no ma per- però no no no però a parte a par- a parte gli scherzi cioè la la foglia di coca davvero si consuma perché cioè in quando quando si è in montagna
71	BX003	166.235	168.0	1.765	True	_	0	0	0	0	0	0	0	0	0	False	False	False	False	False	False	False	_	1	0	0	9	[sì (.) >sì sì sì<] quello [l'ho letto io]	[sì (.) >sì sì sì<] quello [l'ho letto io]	sì (.) sì sì sì quello l' ho letto io
72	BX001	167.537	169.93	2.393	True	_	0	0	0	0	0	0	0	0	0	False	False	False	False	False	False	False	_	0	0	0	9	[cioè ti ti] è l'unica maniera per poter	[cioè ti ti] è l'unica maniera per poter	cioè ti ti è l' unica maniera per poter
73	BX001	170.207	171.777	1.57	True	_	0	0	0	0	0	0	0	0	0	False	False	False	False	False	False	False	_	0	0	0	4	respira:re in qualche modo	respira:re in qualche modo	respirare in qualche modo
74	BX001	172.23	186.59	14.36	True	_	0	0	0	0	0	0	0	1	0	False	False	False	False	False	False	False	_	2	0	0	49	cioè poi ti=ti=ti ti rovina i de:nti c'ha un sacco di: di (.) altri, altri problemi, (.) però insomma dalla foglia di coca alla cocaina c'è [un miliardo di passaggi insomma.] cioè la foglia di coca di per sé non è, non ha niente cioè non è:	cioè poi ti=ti=ti ti rovina i de:nti c'ha un sacco di: di (.) altri, altri problemi, (.) però insomma dalla foglia di coca alla cocaina c'è [un miliardo di passaggi insomma]. cioè la foglia di coca di per sé non è, non ha niente cioè non è:	cioè poi ti ti ti ti rovina i denti c' ha un sacco di di (.) altri altri problemi (.) però insomma dalla foglia di coca alla cocaina c' è un miliardo di passaggi insomma cioè la foglia di coca di per sé non è non ha niente cioè non è
75	BX002	180.99	182.99	2.0	True	_	0	0	0	0	0	0	0	0	0	False	False	False	False	False	False	False	_	1	0	0	6	[esatto c'è un: (.) sì sì]	[esatto c'è un: (.) sì sì]	esatto c' è un (.) sì sì
76	BX002	186.6	186.85	0.25	True	_	0	0	0	0	0	0	0	1	0	False	False	False	False	False	False	False	_	0	0	0	1	>sì.<	>sì<.	sì
77	BX001	187.45	192.32	4.87	True	_	0	0	0	0	0	0	0	0	0	False	False	False	False	False	False	False	_	4	0	0	19	e è acida da morire. (.) cioè (.) mh (.) da noi si prende il the (.) fai il the con la coca.	e è acida da morire. (.) cioè (.) mh (.) da noi si prende il the (.) fai il the con la coca.	e è acida da morire (.) cioè (.) mh (.) da noi si prende il the (.) fai il the con la coca
78	BX002	192.65	199.085	6.435	True	_	0	0	0	0	0	0	0	0	0	False	False	False	False	False	False	False	_	1	0	0	19	quello lo [sapevo perché:] (.) eh: una ragazza a cui facevo le ripetizioni abbiamo fatto insieme un testo di inglese,	quello lo [sapevo perché:] (.) eh: una ragazza a cui facevo le ripetizioni abbiamo fatto insieme un testo di inglese,	quello lo sapevo perché (.) eh una ragazza a cui facevo le ripetizioni abbiamo fatto insieme un testo di inglese
79	BX001	193.08	194.0	0.92	True	_	0	0	0	0	0	0	0	0	0	False	False	False	False	False	False	False	_	0	0	0	1	[eh::]	[eh::]	eh
80	BX001	199.215	199.715	0.5	True	_	0	0	0	0	0	0	0	0	0	False	False	False	False	False	False	False	_	0	0	0	2	ah=ah,	ah=ah,	ah ah
81	BX002	199.78	206.86	7.08	True	_	0	0	0	0	0	0	0	0	0	False	False	False	False	False	False	False	_	1	0	0	23	e c'era questa raga-  c'era questa: mh: signora inglese, che raccontava di un suo viaggio, (.) e che gli davano il the:,	e c'era questa raga- c'era questa: mh: signora inglese, che raccontava di un suo viaggio, (.) e che gli davano il the:,	e c' era questa raga- c' era questa mh signora inglese che raccontava di un suo viaggio (.) e che gli davano il the
82	BX002	207.326	208.716	1.39	True	_	0	0	0	0	0	0	0	0	0	False	False	False	False	False	False	False	_	1	0	0	4	e io tipo (.) leggevo,	e io tipo (.) leggevo,	e io tipo (.) leggevo
83	BX002	209.106	211.416	2.31	True	_	0	0	0	0	0	0	0	0	0	False	False	False	False	False	False	False	_	0	0	0	10	e non capivo, e dicevo [madonna ma devo stare (attenta)]	e non capivo, e dicevo [madonna ma devo stare (attenta)]	e non capivo e dicevo madonna ma devo stare attenta
84	BX001	210.526	211.416	0.89	True	_	0	0	0	0	0	0	0	0	0	False	False	False	False	False	False	False	_	0	0	0	3	[ma no:. ma]	[ma no:. ma]	ma no ma
85	BX003	211.406	213.066	1.66	True	_	0	0	0	0	0	0	0	0	True	False	False	False	False	False	False	False	_	0	0	0	3	capire [(x leggo io)]	capire [(x leggo io)]	capire x leggo io
86	BX001	211.956	213.74	1.784	True	_	0	0	0	0	0	0	0	0	0	False	False	False	False	False	False	False	_	0	0	0	4	[usa: quello usa] parecchio,	[usa: quello usa] parecchio,	usa quello usa parecchio
87	BX002	212.45	213.03	0.58	True	_	0	0	0	0	0	0	0	0	0	False	False	False	False	False	False	False	_	0	0	0	1	[esatto]	[esatto]	esatto
88	BX001	214.151	222.05	7.899	True	_	0	0	0	0	0	0	0	0	True	False	False	False	False	False	False	False	89=0.004	1	0	0	32	fai conto è, (.) cioè una persona che non beve mai il caffè e si prende un espresso, bello forte e diventa un po' così, quello è l'effetto del the di coca.	fai conto è, (.) cioè una persona che non beve mai il caffè e si prende un espresso, bello forte e diventa un po' così, quello è l'effetto del the di coca.	fai conto è (.) cioè una persona che non beve mai il caffè e si prende un espresso bello forte e diventa un po' così quello è l' effetto del the di coca
89	BX003	222.046	222.87	0.824	True	_	0	0	0	0	0	0	0	0	True	False	False	False	False	False	False	False	_	0	0	0	2	ah [okay]	ah [okay]	ah okay
90	BX001	222.343	224.233	1.89	True	_	0	0	0	0	0	0	0	1	0	False	False	False	False	False	False	False	_	0	0	0	8	[>cioè<] il the di coca ti sveglia vera[mente.]	[>cioè<] il the di coca ti sveglia vera[mente].	cioè il the di coca ti sveglia veramente
91	BX003	223.783	224.243	0.46	True	_	0	0	0	0	0	0	0	0	0	False	False	False	False	False	False	False	_	0	0	0	2	[mh=mh]	[mh=mh]	mh mh
92	BX002	224.943	226.87	1.927	True	_	0	0	0	0	0	0	0	0	0	False	False	False	False	False	False	False	_	0	0	0	6	[(lei lo ha preso per:)] il:	[(lei lo ha preso per:)] il:	lei lo ha preso per il
93	BX001	225.018	225.478	0.46	True	_	0	0	0	0	0	0	0	0	0	False	False	False	False	False	False	False	_	0	0	0	1	[eh:]	[eh:]	eh
94	BX003	226.873	227.233	0.36	True	_	0	0	0	0	0	0	0	0	0	False	False	False	False	False	False	False	_	0	0	0	1	pe[rò]	pe[rò]	però
95	BX002	227.098	229.04	1.942	True	_	0	0	0	0	0	0	0	0	0	False	False	False	False	False	False	False	_	1	0	0	4	[high] sicknecs (.) high sick[(ness)]	[high] sicknecs (.) high sick[(ness)]	high sicknecs (.) high sickness
96	BX001	228.884	229.774	0.89	True	_	0	0	0	0	0	0	0	1	0	False	False	False	False	False	False	False	_	0	0	0	3	[sì.] sì sì.	[sì]. sì sì.	sì sì sì
97	BX001	229.814	236.294	6.48	True	_	0	0	0	0	0	0	0	0	0	False	False	False	False	False	False	False	_	0	0	0	19	no ma: cioè proprio quello: succede. cioè ma a- ma già a bogotà che sono duemilaseicento metri e basta,	no ma: cioè proprio quello: succede. cioè ma a- ma già a bogotà che sono duemilaseicento metri e basta,	no ma cioè proprio quello succede cioè ma a- ma già a bogotà che sono duemilaseicento metri e basta
98	BX002	236.314	236.774	0.46	True	_	0	0	0	0	0	0	0	0	0	False	False	False	False	False	False	False	_	0	0	0	2	mh=mh	mh=mh	mh mh
99	BX001	236.877	239.99	3.113	True	_	0	0	0	0	0	0	0	0	0	False	False	False	False	False	False	False	_	0	0	0	6	la base è tremilasettecento, no? tremilaottocento	la base è tremilasettecento, no? tremilaottocento	la base è tremilasettecento no tremilaottocento
100	BX001	240.872	253.54	12.668	True	_	3	0	0	0	0	0	0	0	0	False	False	False	False	False	False	False	_	4	0	1, .	40	cioè già a bogotà, (.) quando tu scendi in aeroporto, cioè appena: appena scendi da dall'aereo, (.) ci sono le postazioni di ossigeno. (.) per le persone un po' più grandi, (.). che si devono mettere a sedere e si mettono l'ossigeno.	cioè già a bogotà, (.) quando tu scendi in aeroporto, cioè appena: appena scendi da dall'aereo, (.) ci sono le postazioni di ossigeno. (.) per le persone un po' più grandi, (.) . che si devono mettere a sedere e si mettono l'ossigeno.	cioè già a bogotà (.) quando tu scendi in aeroporto cioè appena appena scendi da dall' aereo (.) ci sono le postazioni di ossigeno (.) per le persone un po' più grandi (.) . che si devono mettere a sedere e si mettono l' ossigeno
101	BX001	253.911	255.521	1.61	True	_	0	0	0	0	0	0	0	0	0	False	False	False	False	False	False	False	_	0	0	0	2	perché: [(insomma)]	perché: [(insomma)]	perché insomma
102	BX002	254.381	255.531	1.15	True	_	0	0	0	0	0	0	0	1	0	False	False	False	False	False	False	False	_	0	0	0	3	[per l'altitudine.]	[per l'altitudine].	per l' altitudine
103	BX001	255.671	258.811	3.14	True	_	0	0	0	0	0	0	0	0	0	False	False	False	False	False	False	False	_	0	0	0	9	eh:: in bolivia eh son milleduecento metri in più.	eh:: in bolivia eh son milleduecento metri in più.	eh in bolivia eh son milleduecento metri in più
104	BX001	259.846	260.556	0.71	True	_	0	0	0	0	0	0	0	0	0	False	False	False	False	False	False	False	_	0	0	0	2	quindi insomma.	quindi insomma.	quindi insomma
105	BX001	262.106	262.95	0.844	True	_	0	0	0	0	0	0	0	0	0	False	False	False	False	False	False	False	_	0	0	0	3	(però sì sì)	(però sì sì)	però sì sì
106	BX002	263.716	264.61	0.894	True	_	0	0	0	0	0	0	0	1	0	False	False	False	False	False	False	False	_	0	0	0	2	[e diceva,]	[e diceva],	e diceva
107	BX003	263.716	264.89	1.174	True	_	0	0	0	0	0	0	0	0	0	False	False	False	False	False	False	False	_	0	0	0	5	[e sarà anche] l'uso:	[e sarà anche] l'uso:	e sarà anche l' uso
108	BX002	265.046	269.83	4.784	True	_	0	0	0	0	0	0	0	0	0	False	False	False	False	False	False	False	_	0	0	0	15	in sta presentazione: ci sono un sacco di progetti per la tutela di ste lingue.	in sta presentazione: ci sono un sacco di progetti per la tutela di ste lingue.	in sta presentazione ci sono un sacco di progetti per la tutela di ste lingue
109	BX002	270.006	271.446	1.44	True	_	0	0	0	0	0	1	0	0	0	False	False	False	False	False	False	False	_	0	0	0	5	però una cosa super interessante,=	però una cosa super interessante,	però una cosa super interessante
110	BX001	271.451	273.2	1.749	True	_	0	0	0	0	0	1	0	0	0	False	False	False	False	False	False	False	_	1	0	0	4	=sì però insomma (.) purtroppo	sì però insomma (.) purtroppo	sì però insomma (.) purtroppo
111	BX002	273.275	273.8	0.525	True	_	0	0	0	0	0	0	0	0	0	False	False	False	False	False	False	False	_	0	0	0	3	eh ma [io]	eh ma [io]	eh ma io
112	BX001	273.645	274.485	0.84	True	_	0	0	0	0	0	0	0	0	0	False	False	False	False	False	False	False	_	0	0	0	2	[sulla] carta	[sulla] carta	sulla carta
113	BX002	274.49	279.09	4.6	True	_	0	0	0	0	0	0	0	1	0	False	False	False	False	False	False	False	_	1	0	0	17	io in tutto ciò io pensavo sì (.) ma dove cacchio prendono i soldi che [non hanno niente?]	io in tutto ciò io pensavo sì (.) ma dove cacchio prendono i soldi che [non hanno niente]?	io in tutto ciò io pensavo sì (.) ma dove cacchio prendono i soldi che non hanno niente
114	BX001	278.015	283.655	5.64	True	_	0	0	0	0	0	0	0	0	0	False	False	False	False	False	False	False	_	0	0	0	14	[no: no:] purtroppo solo >sulla carta< dove davvero fanno le cose è in paraguay.	[no: no:] purtroppo solo >sulla carta< dove davvero fanno le cose è in paraguay.	no no purtroppo solo sulla carta dove davvero fanno le cose è in paraguay
115	BX002	283.655	283.9	0.245	True	_	0	0	0	0	0	0	0	0	0	False	False	False	False	False	False	False	_	0	0	0	1	ah.	ah.	ah
116	BX001	284.01	291.4	7.39	True	_	0	0	0	0	0	0	0	0	0	False	False	False	False	False	False	False	_	2	0	0	24	perché il paraguay è l'unico posto dove loro hanno conservato la lingua. (.) in paraguay lo spagnolo è la seconda lingua. (.) loro parlano guaranì.	perché il paraguay è l'unico posto dove loro hanno conservato la lingua. (.) in paraguay lo spagnolo è la seconda lingua. (.) loro parlano guaranì.	perché il paraguay è l' unico posto dove loro hanno conservato la lingua (.) in paraguay lo spagnolo è la seconda lingua (.) loro parlano guaranì
117	BX002	292.45	293.82	1.37	True	_	0	0	0	0	0	0	0	0	0	False	False	False	False	False	False	False	_	0	0	0	6	sì questo ce lo ha detto.	sì questo ce lo ha detto.	sì questo ce lo ha detto
118	BX001	293.83	296.61	2.78	True	_	0	0	0	0	0	0	0	0	0	False	False	False	False	False	False	False	_	0	0	0	7	eh: c'è c'è proprio mh::	eh: c'è c'è proprio mh::	eh c' è c' è proprio mh
119	BX001	297.4	297.9	0.5	True	_	0	0	0	0	0	0	0	0	0	False	False	False	False	False	False	False	_	0	0	0	1	mh:	mh:	mh
120	BX002	297.915	298.27	0.355	True	_	0	0	0	0	0	0	0	0	0	False	False	False	False	False	False	False	_	0	0	0	2	mh=mh	mh=mh	mh mh
121	BX001	298.28	300.2	1.92	True	_	0	0	0	0	0	0	0	0	0	False	False	False	False	False	False	False	_	0	0	0	3	non so quando::	non so quando::	non so quando
122	BX001	301.065	308.47	7.405	True	_	0	0	0	0	0	0	0	0	0	False	False	False	False	False	False	False	_	0	0	0	23	non so nelle partite: di calcio per dire, c'è la la conferenza stampa alla fine, fanno prima la conferenza stampa in guaranì,	non so nelle partite: di calcio per dire, c'è la la conferenza stampa alla fine, fanno prima la conferenza stampa in guaranì,	non so nelle partite di calcio per dire c' è la la conferenza stampa alla fine fanno prima la conferenza stampa in guaranì
123	BX001	309.087	311.067	1.98	True	_	0	0	0	0	0	0	0	0	0	False	False	False	False	False	False	False	_	0	0	0	8	e poi c'è il traduttore dello spagnolo.	e poi c'è il traduttore dello spagnolo.	e poi c' è il traduttore dello spagnolo
124	BX003	311.357	311.637	0.28	True	_	0	0	0	0	0	0	0	0	0	False	False	False	False	False	False	False	_	0	0	0	2	(ma dai)	(ma dai)	ma dai
125	BX002	311.732	312.292	0.56	True	_	0	0	0	0	0	0	0	0	0	False	False	False	False	False	False	False	_	0	0	0	3	sì sì [sì]	sì sì [sì]	sì sì sì
126	BX001	311.947	313.417	1.47	True	_	0	0	0	0	0	0	0	0	0	False	False	False	False	False	False	False	_	0	0	0	4	[tut]ti capiscono lo spagnolo	[tut]ti capiscono lo spagnolo	tutti capiscono lo spagnolo
127	BX002	313.447	313.757	0.31	True	_	0	0	0	0	0	0	0	0	0	False	False	False	False	False	False	False	_	0	0	0	2	mh=mh	mh=mh	mh mh
128	BX001	313.787	315.347	1.56	True	_	0	0	0	0	0	0	0	0	0	False	False	False	False	False	False	False	_	0	0	0	6	però il guaranì è la lingua.	però il guaranì è la lingua.	però il guaranì è la lingua
129	BX002	315.941	323.74	7.799	True	_	0	0	0	0	0	0	0	0	0	False	False	False	False	False	False	False	_	3	0	0	20	e e loro dicevano che eh la situazione in bolivia è questa che (.) gli anziani, (.) parlano (.) il guaranì per esempio,	e e loro dicevano che eh la situazione in bolivia è questa che (.) gli anziani, (.) parlano (.) il guaranì per esempio,	e e loro dicevano che eh la situazione in bolivia è questa che (.) gli anziani (.) parlano (.) il guaranì per esempio
130	BX002	324.385	326.74	2.355	True	_	0	0	0	0	0	0	0	0	0	False	False	False	False	False	False	False	_	0	0	0	11	e un'altra cioè in realtà c'è un'al[tra  lingua:]	e un'altra cioè in realtà c'è un'al[tra lingua:]	e un' altra cioè in realtà c' è un' altra lingua
131	BX001	325.677	327.93	2.253	True	_	0	0	0	0	0	0	0	0	0	False	False	False	False	False	False	False	_	1	0	0	7	[sì il guaranì nel] sud (.) della bolivia.	[sì il guaranì nel] sud (.) della bolivia.	sì il guaranì nel sud (.) della bolivia
132	BX002	328.188	328.798	0.61	True	_	0	0	0	0	0	0	0	0	0	False	False	False	False	False	False	False	_	0	0	0	2	[c'era:]	[c'era:]	c' era
133	BX001	328.19	331.08	2.89	True	_	0	0	0	0	0	0	0	0	True	False	False	False	False	False	False	False	_	0	0	0	11	[(nelle piane)] a sud perché in montagna è un'altra cosa.	[(nelle piane)] a sud perché in montagna è un'altra cosa.	nelle piane a sud perché in montagna è un' altra cosa
134	BX002	331.06	333.79	2.73	True	_	0	0	0	0	0	0	0	0	True	False	False	False	False	False	False	False	133=0.020	0	0	0	11	esatto c'era un'altra lingua non mi ricordo però eh:	esatto c'era un'altra lingua non mi ricordo però eh:	esatto c' era un' altra lingua non mi ricordo però eh
135	BX002	334.0	335.48	1.48	True	_	0	0	0	0	0	0	0	0	0	False	False	False	False	False	False	False	_	1	0	0	6	boh. (.) va be' non mi ricordo più.	boh. (.) vabbè non mi ricordo più.	boh (.) vabbè non mi ricordo più
136	BX002	335.92	337.09	1.17	True	_	0	0	0	0	0	0	0	0	0	False	False	False	False	False	False	False	_	0	0	0	3	parlano questa lingua,	parlano questa lingua,	parlano questa lingua
137	BX002	337.68	340.57	2.89	True	_	0	0	0	0	0	0	0	0	0	False	False	False	False	False	False	False	_	1	0	0	7	che viene (.) però anche insegnata nelle scuole.	che viene (.) però anche insegnata nelle scuole.	che viene (.) però anche insegnata nelle scuole
138	BX001	340.57	341.2675	0.7	True	_	0	0	0	0	0	0	1	0	0	False	False	False	False	False	False	False	_	1	0	0	3	sì. (.) sì sì.	sì. (.) sì sì.	sì (.) sì sì
139	BX002	341.2675	346.355	5.09	True	_	0	0	0	0	0	0	1	0	0	False	False	False	False	False	False	False	_	1	0	0	18	però cosa succede? (.) che gli adulti, cioè gli anziani, non parlano coi bambini ne- in quella lingua lì.	però cosa succede? (.) che gli adulti, cioè gli anziani, non parlano coi bambini ne- in quella lingua lì.	però cosa succede (.) che gli adulti cioè gli anziani non parlano coi bambini ne- in quella lingua lì
140	BX002	346.917	354.557	7.64	True	_	0	0	0	0	0	0	0	0	0	False	False	False	False	False	False	False	_	1	0	0	26	cioè gli anziani usano lo spagnolo per parlare coi bambini. perché praticamente hanno anche un altro nome per la lingua che viene insegnata a scuola. (.) quindi,	cioè gli anziani usano lo spagnolo per parlare coi bambini. perché praticamente hanno anche un altro nome per la lingua che viene insegnata a scuola. (.) quindi,	cioè gli anziani usano lo spagnolo per parlare coi bambini perché praticamente hanno anche un altro nome per la lingua che viene insegnata a scuola (.) quindi
141	BX002	355.032	360.04	5.008	True	_	0	0	0	0	0	0	0	0	0	False	False	False	False	False	False	False	_	0	0	0	16	gli anziani parlano questa lingua, i bambini im- imparano questa lingua a scuola come elle due,	gli anziani parlano questa lingua, i bambini im- imparano questa lingua a scuola come elle due,	gli anziani parlano questa lingua i bambini im- imparano questa lingua a scuola come elle due
142	BX001	360.051	361.87	1.819	True	_	0	0	0	0	0	0	0	0	0	False	False	False	False	False	False	False	_	0	0	0	5	che è un po': standardizzata.	che è un po': standardizzata.	che è un po' standardizzata
143	BX002	362.061	362.82	0.759	True	_	0	0	0	0	0	0	0	0	0	False	False	False	False	False	False	False	_	0	0	0	2	eh esatto,	eh esatto,	eh esatto
144	BX002	362.856	374.921	12.065	True	_	0	0	0	0	0	0	0	0	0	False	False	False	False	False	False	False	_	5	0	0	35	e gli anziani, (.) pensano che sia troppo diversa, (.) o: non lo so, [per quale motivo, (.) e parlano lo] spagnolo. quindi >praticamente< i bambini, (.) non parlano mai la lingua (.) che >dovrebbe essere la loro lingua< nativa,	e gli anziani, (.) pensano che sia troppo diversa, (.) o: non lo so, [per quale motivo, (.) e parlano lo] spagnolo. quindi >praticamente< i bambini, (.) non parlano mai la lingua (.) che >dovrebbe essere la loro lingua< nativa,	e gli anziani (.) pensano che sia troppo diversa (.) o non lo so per quale motivo (.) e parlano lo spagnolo quindi praticamente i bambini (.) non parlano mai la lingua (.) che dovrebbe essere la loro lingua nativa
145	BX001	366.586	368.686	2.1	True	_	0	0	0	0	0	0	0	0	0	False	False	False	False	False	False	False	_	0	0	0	8	[eh: sì (insomma) è un po' un casino]	[eh: sì (insomma) è un po' un casino]	eh sì insomma è un po' un casino
146	BX002	375.551	377.01	1.459	True	_	0	0	0	0	0	0	0	0	0	False	False	False	False	False	False	False	_	0	0	0	5	che imparano come elle due,	che imparano come elle due,	che imparano come elle due
147	BX003	377.362	377.842	0.48	True	_	0	0	0	0	0	0	0	0	0	False	False	False	False	False	False	False	_	0	0	0	2	mh=mh	mh=mh	mh mh
148	BX002	377.957	381.8185	3.873	True	_	0	0	0	0	0	0	1	0	0	False	False	False	False	False	False	False	_	0	0	0	15	che potrebbero parlare coi ge- con i genitori o i nonni, però parlano in spagnolo.	che potrebbero parlare coi ge- con i genitori o i nonni, però parlano in spagnolo.	che potrebbero parlare coi ge- con i genitori o i nonni però parlano in spagnolo
149	BX001	381.8185	384.9785	3.173	True	_	0	0	0	0	0	0	2	0	0	False	False	False	False	False	False	False	_	1	0	0	10	sì sì: (.) poi comunque è una popolazione anche piccola no?	sì sì: (.) poi comunque è una popolazione anche piccola no?	sì sì (.) poi comunque è una popolazione anche piccola no
150	BX002	384.9785	385.177	0.2	True	_	0	0	0	0	0	0	1	0	True	False	False	False	False	False	False	False	151=0.015	0	0	0	1	mh	mh	mh
151	BX001	385.162	389.682	4.52	True	_	0	0	0	0	0	0	0	0	True	False	False	False	False	False	False	False	_	1	0	0	12	cioè: è è (.) il paese non è molto picco- non è picco[lissimo]	cioè: è è (.) il paese non è molto picco- non è picco[lissimo]	cioè è è (.) il paese non è molto picco- non è piccolissimo
152	BX002	388.977	390.676	1.699	True	_	0	0	0	0	0	0	0	0	0	False	False	False	False	False	False	False	_	0	0	0	7	[eh esatto] il paese [è (anche abba-)]	[eh esatto] il paese [è (anche abba-)]	eh esatto il paese è anche abba-
153	BX001	389.895	390.9	1.005	True	_	0	0	0	0	0	0	0	0	0	False	False	False	False	False	False	False	_	0	0	0	2	[però è:]	[però è:]	però è
154	BX002	391.865	392.635	0.805	True	_	0	0	0	0	0	1	1	0	0	False	False	False	False	False	False	False	_	0	0	0	3	è poco popolato.=	è poco popolato.	è poco popolato
155	BX001	392.635	393.62	1.02	True	_	0	0	0	0	0	1	1	0	0	False	False	False	False	False	False	False	_	0	0	0	3	=è poco popolato	è poco popolato	è poco popolato
156	BX003	393.896	401.4	7.504	True	_	0	0	0	0	0	0	0	0	0	False	False	False	False	False	False	False	_	1	0	0	26	sì però è sempre presente proprio questo stigma che la- o la lingua è tipo: (.) da: dire la mia istituzione, oppure se la [parli in famiglia]	sì però è sempre presente proprio questo stigma che la- o la lingua è tipo: (.) da: dire la mia istituzione, oppure se la [parli in famiglia]	sì però è sempre presente proprio questo stigma che la- o la lingua è tipo (.) da dire la mia istituzione oppure se la parli in famiglia
157	BX002	400.588	401.408	0.82	True	_	0	0	0	0	0	0	0	0	0	False	False	False	False	False	False	False	_	0	0	0	1	[esatto]	[esatto]	esatto
158	BX001	401.413	401.593	0.18	True	_	0	0	0	0	0	0	0	0	True	False	False	False	False	False	False	False	159=0.015	0	0	0	1	esatto	esatto	esatto
159	BX003	401.578	402.668	1.09	True	_	0	0	0	0	0	0	0	0	True	False	False	False	False	False	False	False	_	0	0	0	4	o con gli ami[ci]	o con gli ami[ci]	o con gli amici
160	BX001	402.318	407.35	5.032	True	_	0	0	0	0	0	0	0	1	0	False	False	False	False	False	False	False	_	0	0	0	15	[esatto] vieni [un po' stigmatizzata.] [sì sì infatti questo è la:] il problema grosso eh.	[esatto] vieni [un po' stigmatizzata]. [sì sì infatti questo è la:] il problema grosso eh.	esatto vieni un po' stigmatizzata sì sì infatti questo è la il problema grosso eh
161	BX003	402.938	403.938	1.0	True	_	0	0	0	0	0	0	0	0	0	False	False	False	False	False	False	False	_	0	0	0	2	[allora è::]	[allora è::]	allora è
162	BX002	404.293	405.95	1.657	True	_	0	0	0	0	0	0	0	0	0	False	False	False	False	False	False	False	_	1	0	0	2	[esatto. (.) infatti:]	[esatto. (.) infatti:]	esatto (.) infatti
163	BX002	407.396	407.6435	0.26	True	_	0	0	0	0	0	0	1	0	0	False	False	False	False	False	False	False	_	0	0	0	1	sì.	sì.	sì
164	BX003	407.6435	411.19	3.559	True	_	0	0	0	0	0	0	1	0	0	False	False	False	False	False	False	False	_	1	0	0	13	e poi dopo però >cioè< è chiaro che se devi insegnarla, (.) eh: s-	e poi dopo però >cioè< è chiaro che se devi insegnarla, (.) eh: s-	e poi dopo però cioè è chiaro che se devi insegnarla (.) eh s-
165	BX003	411.466	417.91	6.444	True	_	0	0	0	0	0	0	0	1	0	False	False	False	False	False	False	False	_	0	0	0	22	se devi recuperare la lingua che stai perdendo e devi insegnarla devi trovare uno standard e comun[que ti crea] altri problemi [perché,]	se devi recuperare la lingua che stai perdendo e devi insegnarla devi trovare uno standard e comun[que ti crea] altri problemi [perché],	se devi recuperare la lingua che stai perdendo e devi insegnarla devi trovare uno standard e comunque ti crea altri problemi perché
166	BX001	416.068	416.928	0.86	True	_	0	0	0	0	0	0	0	0	0	False	False	False	False	False	False	False	_	0	0	0	2	[eh esatto]	[eh esatto]	eh esatto
167	BX002	417.478	417.88	0.402	True	_	0	0	0	0	0	0	0	0	0	False	False	False	False	False	False	False	_	0	0	0	1	[sì]	[sì]	sì
168	BX001	418.11	423.8	5.69	True	_	0	0	0	0	0	0	0	0	0	False	False	False	False	False	False	False	_	0	0	0	17	in paraguay invece l'hanno fatta bene perché proprio c'è in- all'università insegnano in guaranì.	in paraguay invece l'hanno fatta bene perché proprio c'è in- all'università insegnano in guaranì.	in paraguay invece l' hanno fatta bene perché proprio c' è in- all' università insegnano in guaranì
169	BX002	423.832	424.242	0.41	True	_	0	0	0	0	0	0	0	0	0	False	False	False	False	False	False	False	_	0	0	0	2	[mh=mh]	[mh=mh]	mh mh
170	BX001	423.847	428.51	4.663	True	_	0	0	0	0	0	0	0	1	0	False	False	False	False	False	False	False	_	2	0	0	13	[cioè proprio loro,] però è che loro è stato (.) s- (.) penso un caso,	[cioè proprio loro], però è che loro è stato (.) s- (.) penso un caso,	cioè proprio loro però è che loro è stato (.) s- (.) penso un caso
171	BX002	428.512	429.0295	0.52	True	_	0	0	0	0	0	0	1	0	0	False	False	False	False	False	False	False	_	0	0	0	2	mh=mh	mh=mh	mh mh
172	BX001	429.0295	432.17	3.143	True	_	0	0	0	0	0	0	1	0	0	False	False	False	False	False	False	False	_	0	0	0	10	perché in paraguay ci sono se- state sempre dittature militari.	perché in paraguay ci sono se- state sempre dittature militari.	perché in paraguay ci sono se- state sempre dittature militari
173	BX003	432.437	432.757	0.32	True	_	0	0	0	0	0	0	0	0	0	False	False	False	False	False	False	False	_	0	0	0	1	ah	ah	ah
174	BX001	432.982	447.15	14.168	True	_	0	0	0	0	0	0	0	0	0	False	False	False	False	False	False	False	_	3	0	0	44	e negli anni cinquanta è salito al potere un (.) mh: (.) un militare, che però era di origine [e ci sentiva] un sacco per questa cosa qua, lui è stato al potere >per quasi quindici anni< (.) lui ha detto, oh ora tutti parliamo guaranì e:	e negli anni cinquanta è salito al potere un (.) mh: (.) un militare, che però era di origine [e ci sentiva] un sacco per questa cosa qua, lui è stato al potere >per quasi quindici anni< (.) lui ha detto, oh ora tutti parliamo guaranì e:	e negli anni cinquanta è salito al potere un (.) mh (.) un militare che però era di origine e ci sentiva un sacco per questa cosa qua lui è stato al potere per quasi quindici anni (.) lui ha detto oh ora tutti parliamo guaranì e
175	BX002	439.81	440.5	0.69	True	_	0	0	0	0	0	0	0	0	0	False	False	False	False	False	False	False	_	0	0	0	1	[guaran-]	[guaran-]	guaran-
176	BX001	447.678	449.308	1.63	True	_	0	0	0	0	0	0	0	0	0	False	False	False	False	False	False	False	_	0	0	0	4	è rimasta questa cosa.	è rimasta questa cosa.	è rimasta questa cosa
177	BX001	450.398	456.039	5.642	True	_	0	0	0	0	0	0	1	0	0	False	False	False	False	False	False	False	_	1	0	0	15	però è veramente un caso più unico che raro (.) cioè proprio veramente una cosa: particolare.	però è veramente un caso più unico che raro (.) cioè proprio veramente una cosa: particolare.	però è veramente un caso più unico che raro (.) cioè proprio veramente una cosa particolare
178	BX003	456.039	456.42	0.382	True	_	0	0	0	0	0	0	1	0	0	False	False	False	False	False	False	False	_	0	0	0	1	mh.	mh.	mh
179	BX002	456.593	462.693	6.1	True	_	0	0	0	0	0	0	0	0	0	False	False	False	False	False	False	False	_	1	0	0	22	eh io tutto il tempo pensavo al parallelo con i dialetti in italia no? (.) di questa situazione. perché è veramente strano. cioè:	eh io tutto il tempo pensavo al parallelo con i dialetti in italia no? (.) di questa situazione. perché è veramente strano. cioè:	eh io tutto il tempo pensavo al parallelo con i dialetti in italia no (.) di questa situazione perché è veramente strano cioè
180	BX002	463.509	469.899	6.39	True	_	0	0	0	0	0	0	0	0	0	False	False	False	False	False	False	False	_	1	0	0	19	perché: i nonni lo sanno, (.) sanno questa lingua, e e i nipoti che potrebbero [parlarla okay non è standard]	perché: i nonni lo sanno, (.) sanno questa lingua, e e i nipoti che potrebbero [parlarla okay non è standard]	perché i nonni lo sanno (.) sanno questa lingua e e i nipoti che potrebbero parlarla okay non è standard
181	BX001	468.259	472.68	4.421	True	_	0	0	0	0	0	0	0	0	0	False	False	False	False	False	False	False	_	0	0	0	12	[però i=i=i i dialetti] comunque hanno un: un rapporto molto	[però i=i=i i dialetti] comunque hanno un: un rapporto molto	però i i i i dialetti comunque hanno un un rapporto molto
182	BX003	473.284	473.854	0.57	True	_	0	0	0	0	0	0	0	0	0	False	False	False	False	False	False	False	_	0	0	0	1	stret[to]	stret[to]	stretto
183	BX001	473.534	478.35	4.816	True	_	0	0	0	0	0	0	0	0	0	False	False	False	False	False	False	False	_	0	0	0	15	[vici]no con la lingua s- con l'italiano standard, o co- comunque con il (fatto)	[vici]no con la lingua s- con l'italiano standard, o co- comunque con il (fatto)	vicino con la lingua s- con l' italiano standard o co- comunque con il fatto
184	BX003	479.137	480.137	1.0	True	_	0	0	0	0	0	0	0	0	0	False	False	False	False	False	False	False	_	0	0	0	3	[sì sì sì]	[sì sì sì]	sì sì sì
185	BX001	479.157	480.43	1.273	True	_	0	0	0	0	0	0	0	0	0	False	False	False	False	False	False	False	_	0	0	0	4	[di lingua romanza] diciamo,	[di lingua romanza] diciamo,	di lingua romanza diciamo
186	BX001	480.912	485.2	4.288	True	_	0	0	0	0	0	0	0	0	0	False	False	False	False	False	False	False	_	0	0	0	14	mentre le lingue laggiù cioè proprio zero cioè non c'è una parola uguale.	mentre le lingue laggiù cioè proprio zero cioè non c'è una parola uguale.	mentre le lingue laggiù cioè proprio zero cioè non c' è una parola uguale
187	BX002	485.34	486.23	0.89	True	_	0	0	0	0	0	0	0	0	0	False	False	False	False	False	False	False	_	0	0	0	3	certo sì sì.	certo sì sì.	certo sì sì
188	BX001	486.38	487.83	1.45	True	_	0	0	0	0	0	0	0	1	0	False	False	False	False	False	False	False	_	0	0	0	6	quindi è: è un po' [diverso.]	quindi è: è un po' [diverso].	quindi è è un po' diverso
189	BX002	487.177	489.36	2.183	True	_	0	0	0	0	0	0	0	0	0	False	False	False	False	False	False	False	_	0	0	0	7	[eh però loro] preferiscono parlare in spagnolo.	[eh però loro] preferiscono parlare in spagnolo.	eh però loro preferiscono parlare in spagnolo
190	BX001	489.487	491.597	2.11	True	_	0	0	0	0	0	0	0	0	0	False	False	False	False	False	False	False	_	0	0	0	8	eh sì. purtroppo sì. eh in bolivia sì.	eh sì. purtroppo sì. eh in bolivia sì.	eh sì purtroppo sì eh in bolivia sì
191	BX001	492.12	492.77	0.65	True	_	0	0	0	0	0	0	0	0	0	False	False	False	False	False	False	False	_	0	0	0	3	°in bolivia sì.°	°in bolivia sì.°	in bolivia sì
192	BX001	493.217	495.157	1.94	True	_	0	0	0	0	0	0	0	0	0	False	False	False	False	False	False	False	_	0	0	0	5	[°paraguay è] un'altra cosa.°	[°paraguay è] un'altra cosa.°	paraguay è un' altra cosa
193	BX002	493.227	494.317	1.09	True	_	0	0	0	0	0	0	0	0	0	False	False	False	False	False	False	False	_	0	0	0	3	[(è troppo strano)]	[(è troppo strano)]	è troppo strano
194	BX002	497.89	499.896	2.006	True	_	0	0	0	0	0	0	0	0	0	False	False	False	False	False	False	False	_	0	0	0	1	(°xxxx strano xx°)	(°xxxx strano xx°)	xxxx strano xx
195	BX003	502.586	530.71	28.124	True	_	1	0	1	0	0	0	0	0	0	False	False	False	False	False	False	False	_	4	0	0	71	no però ero (anda-) (.) anche: in sardegna, hanno lo stesso: lo stesso problema perché: mh: c'è forte questo: sentimen- cioè questa: mh voglia di trovare uno standard per mantenere la eh: la lingua e così perchè adesso succede la stessa cosa che succede in italia quindi (.) eh che i: cioè mh: la nostra generazione non lo parlano, qualcuno lo capisce (.) qualcuno lo parla ma è un'eccezione, e quindi, (.)ehm:	no però ero (anda-) (.) anche: in sardegna, hanno lo stesso: lo stesso problema perché: mh: c'è forte questo: sentimen- cioè questa: mh voglia di trovare uno standard per mantenere la eh: la lingua e così perché adesso succede la stessa cosa che succede in italia quindi (.) eh che i: cioè mh: la nostra generazione non lo parlano, qualcuno lo capisce (.) qualcuno lo parla ma è un'eccezione, e quindi, (.) ehm:	no però ero anda- (.) anche in sardegna hanno lo stesso lo stesso problema perché mh c' è forte questo sentimen- cioè questa mh voglia di trovare uno standard per mantenere la eh la lingua e così perché adesso succede la stessa cosa che succede in italia quindi (.) eh che i cioè mh la nostra generazione non lo parlano qualcuno lo capisce (.) qualcuno lo parla ma è un' eccezione e quindi (.) ehm
196	BX003	531.139	535.289	4.15	True	_	0	0	0	0	0	0	0	0	0	False	False	False	False	False	False	False	_	0	0	0	18	e: st- il problema è che ci sono tante varietà. cioè a parte tra nord e sud [eh:]	e: st- il problema è che ci sono tante varietà. cioè a parte tra nord e sud [eh:]	e st- il problema è che ci sono tante varietà cioè a parte tra nord e sud eh
197	BX002	534.95	535.289	0.339	True	_	0	0	0	0	0	0	0	0	0	False	False	False	False	False	False	False	_	0	0	0	1	[sì]	[sì]	sì
198	BX003	535.599	540.94	5.341	True	_	0	0	0	0	0	0	0	0	0	False	False	False	False	False	False	False	_	1	0	0	12	>lugodorese campidanese< ma anche ehm: (.) cioè anc- mh varietà più piccole chiaramente,	>lugodorese campidanese< ma anche ehm: (.) cioè anc- mh varietà più piccole chiaramente,	lugodorese campidanese ma anche ehm (.) cioè anc- mh varietà più piccole chiaramente
199	BX002	541.004	541.514	0.51	True	_	0	0	0	0	0	0	0	0	0	False	False	False	False	False	False	False	_	0	0	0	1	certo	certo	certo
200	BX003	541.524	547.14	5.616	True	_	0	0	0	0	0	0	0	0	0	False	False	False	False	False	False	False	_	1	0	0	14	ehm: e non: non riescono a mettersi d'accordo per la: (.) per lo standard	ehm: e non: non riescono a mettersi d'accordo per la: (.) per lo standard	ehm e non non riescono a mettersi d' accordo per la (.) per lo standard
201	BX003	547.392	550.122	2.73	True	_	0	0	0	0	0	0	0	0	0	False	False	False	False	False	False	False	_	1	0	0	9	cioè proprio una: cioè una (.) una questione della lingua	cioè proprio una: cioè una (.) una questione della lingua	cioè proprio una cioè una (.) una questione della lingua
202	BX002	550.532	550.992	0.46	True	_	0	0	0	0	0	1	0	0	0	False	False	False	False	False	False	False	_	0	0	0	1	mh:=	mh:	mh
203	BX003	551.0	551.507	0.507	True	_	0	0	0	0	0	1	0	0	0	False	False	False	False	False	False	False	_	0	0	0	1	=eh:	eh:	eh
204	BX003	552.137	554.957	2.82	True	_	0	0	0	0	0	0	0	0	0	False	False	False	False	False	False	False	_	1	0	0	2	lingua °xxxx° (.) °però,°	lingua °xxxx° (.) °però,°	lingua xxxx (.) però
205	BX002	559.51	561.79	2.28	True	_	0	0	0	0	0	0	0	0	0	False	False	False	False	False	False	False	_	0	0	0	8	chi è che ha scelto di fare quel:	chi è che ha scelto di fare quel:	chi è che ha scelto di fare quel
206	BX002	563.116	564.836	1.72	True	_	0	0	0	0	0	0	0	0	0	False	False	False	False	False	False	False	_	0	0	0	4	quel percorso lì dal:	quel percorso lì dal:	quel percorso lì dal
207	BX003	565.466	566.21	0.754	True	_	0	0	0	0	0	1	1	0	0	False	False	False	False	False	False	False	_	0	0	0	2	cosa il=	cosa il	cosa il
208	BX002	566.21	566.598	0.398	True	_	0	0	0	0	0	1	1	0	0	False	False	False	False	False	False	False	_	0	0	0	2	=eh il:	eh il:	eh il
209	BX002	567.616	570.09	2.474	True	_	0	0	0	0	0	0	0	1	0	False	False	False	False	False	False	False	_	0	0	0	9	tutela delle lingue no: >diritto e tutela delle lingue,<	tutela delle lingue no: >diritto e tutela delle lingue<,	tutela delle lingue no diritto e tutela delle lingue
210	BX002	570.323	574.893	4.57	True	_	0	0	0	0	0	0	0	0	0	False	False	False	False	False	False	False	_	0	0	0	13	perché nella mia testa: automaticamente ho pensato, madonna che difficile che è trovare:	perché nella mia testa: automaticamente ho pensato, madonna che difficile che è trovare:	perché nella mia testa automaticamente ho pensato madonna che difficile che è trovare
211	BX003	574.933	577.91	2.977	True	_	0	0	0	0	0	0	0	0	0	False	False	False	False	False	False	False	_	0	0	0	8	eh esa- [anche io ci avevo pensato xx (pianificazione)]	eh esa- [anche io ci avevo pensato xx (pianificazione)]	eh esa- anche io ci avevo pensato xx pianificazione
212	BX002	575.263	577.283	2.02	True	_	0	0	0	0	0	0	0	0	0	False	False	False	False	False	False	False	_	0	0	0	2	[le leggi xxxxx]	[le leggi xxxxx]	le leggi xxxxx
213	BX003	578.45	583.26	4.81	True	_	0	0	0	0	0	0	0	0	0	False	False	False	False	False	False	False	_	0	0	0	20	che ho detto non dovrebbe pianificarsi la lingua perché dovrebbe essere una cosa spontanea poi ho detto, no dai >pianifichiamo<	che ho detto non dovrebbe pianificarsi la lingua perché dovrebbe essere una cosa spontanea poi ho detto, no dai >pianifichiamo<	che ho detto non dovrebbe pianificarsi la lingua perché dovrebbe essere una cosa spontanea poi ho detto no dai pianifichiamo
214	BX003	583.575	588.732	5.157	True	_	0	0	0	0	0	0	0	0	0	False	False	False	False	False	False	False	_	2	0	0	12	comunque ehm (.) eh c'è chiara: xxx. (.) non so se la conosci,	comunque ehm (.) eh c'è chiara: xxx. (.) non so se la conosci,	comunque ehm (.) eh c' è chiara xxx (.) non so se la conosci
215	BX003	589.132	591.072	1.94	True	_	0	0	0	0	0	0	0	0	0	False	False	False	False	False	False	False	_	0	0	0	3	ehm: stefania xxxx rossi	ehm: stefania xxxx rossi	ehm stefania xxxx rossi
216	BX003	591.462	592.402	0.94	True	_	0	0	0	0	0	0	0	0	0	False	False	False	False	False	False	False	_	0	0	0	1	eh::	eh::	eh
217	BX003	592.637	593.607	0.97	True	_	0	0	0	0	0	0	0	0	0	False	False	False	False	False	False	False	_	0	0	0	2	c'è::	c'è::	c' è
218	BX003	594.387	597.267	2.88	True	_	0	0	0	0	0	0	0	0	0	False	False	False	False	False	False	False	_	2	0	0	6	karin xxx bianchi (.) che [è la: (.) sì]	karin xxx bianchi (.) che [è la: (.) sì]	karin xxx bianchi (.) che è la (.) sì
219	BX002	596.313	597.293	0.98	True	_	0	0	0	0	0	0	0	1	0	False	False	False	False	False	False	False	_	1	0	0	2	[okay (.) sì,]	[okay (.) sì],	okay (.) sì
220	BX003	598.912	602.162	3.25	True	_	0	0	0	0	0	0	0	0	0	False	False	False	False	False	False	False	_	1	0	0	8	e poi chi c'è? (.) ehm: marika xxx,	e poi chi c'è? (.) ehm: marika xxx,	e poi chi c' è (.) ehm marika xxx
221	BX002	602.342	604.767	2.425	True	_	0	0	0	0	0	0	0	0	0	False	False	False	False	False	False	False	_	1	0	0	6	okay, (.) beh insomma abbastanza comunque no?	okay, (.) beh insomma abbastanza comunque no?	okay (.) beh insomma abbastanza comunque no
222	BX003	604.782	607.662	2.88	True	_	0	0	0	0	0	0	0	0	0	False	False	False	False	False	False	False	_	1	0	0	14	gloria, sì sì era (il gruppo di là) (.) eran di più (di là sì.)	gloria, sì sì era (il gruppo di là) (.) eran di più (di là sì.)	gloria sì sì era il gruppo di là (.) eran di più di là sì
223	BX002	608.545	610.065	1.52	True	_	0	0	0	0	0	0	0	0	0	False	False	False	False	False	False	False	_	0	0	0	6	secondo me (eran) nove o dieci.	secondo me (eran) nove o dieci.	secondo me eran nove o dieci
224	BX002	611.84	615.63	3.79	True	_	0	0	0	0	0	0	0	2	0	False	False	False	False	False	False	False	_	1	0	0	12	cioè sì semestre (questo [anno.]) (.) cioè il prossimo anno sarà il contra[rio.]	cioè sì semestre (questo [anno].) (.) cioè il prossimo anno sarà il contra[rio].	cioè sì semestre questo anno (.) cioè il prossimo anno sarà il contrario
225	BX003	613.307	613.707	0.4	True	_	0	0	0	0	0	0	0	0	0	False	False	False	False	False	False	False	_	0	0	0	2	[sì sì]	[sì sì]	sì sì
226	BX003	615.352	617.042	1.69	True	_	0	0	0	0	0	0	0	1	0	False	False	False	False	False	False	False	_	0	0	0	5	[sie]te in più per au[toanalisi?]	[sie]te in più per au[toanalisi]?	siete in più per autoanalisi
227	BX002	616.502	616.982	0.48	True	_	0	0	0	0	0	0	0	1	0	False	False	False	False	False	False	False	_	0	0	0	1	[sì.]	[sì].	sì
228	BX002	617.057	621.8834999999999	4.833	True	_	0	0	0	0	0	1	1	0	0	False	False	False	False	False	False	False	_	1	0	0	9	perché tipo: (.) ci ha chiesto mh: mario, il professore,=	perché tipo: (.) ci ha chiesto mh: mario, il professore,	perché tipo (.) ci ha chiesto mh mario il professore
229	BX003	621.8834999999999	622.377	0.5	True	_	0	0	0	0	0	1	1	0	0	False	False	False	False	False	False	False	_	0	0	0	2	=mh=mh,	mh=mh,	mh mh
230	BX002	622.853	638.538	15.687	True	_	0	0	0	0	0	0	1	0	0	False	False	False	False	False	False	False	_	3	0	0	36	>c'ha detto tipo< va beh presentatevi dite:, (.) perché avete scelto: questa università, così, (.) e tutti dicevano eh beh ho >scelto l'università< perché mi dà: più applicazioni concrete, (.) e poi soprattutto per la la parte: informatica.	>c'ha detto tipo< vabbè presentatevi dite:, (.) perché avete scelto: questa università, così, (.) e tutti dicevano eh beh ho >scelto l'università< perché mi dà: più applicazioni concrete, (.) e poi soprattutto per la la parte: informatica.	c' ha detto tipo vabbè presentatevi dite (.) perché avete scelto questa università così (.) e tutti dicevano eh beh ho scelto l' università perché mi dà più applicazioni concrete (.) e poi soprattutto per la la parte informatica
231	BX003	638.538	638.8534999999999	0.32	True	_	0	0	0	0	0	1	2	0	0	False	False	False	False	False	False	False	_	0	0	0	2	mh=mh.=	mh=mh.	mh mh
232	BX002	638.8534999999999	641.421	2.57	True	_	0	0	0	0	0	1	1	0	0	False	False	False	False	False	False	False	_	0	0	0	8	=perché era l'unico posto che non chiedeva:,	perché era l'unico posto che non chiedeva:,	perché era l' unico posto che non chiedeva
233	BX003	641.963	643.8	1.837	True	_	0	0	0	0	0	0	0	1	0	False	False	False	False	False	False	False	_	0	0	0	3	prerequisi[ti per informatica.]	prerequisi[ti per informatica].	prerequisiti per informatica
234	BX002	642.329	651.22	8.891	True	_	0	0	0	0	0	0	0	0	0	False	False	False	False	False	False	False	_	2	0	0	22	[esatto requisiti informa]tici, e: (.) e quindi ho capito che molti di più, (.) oltre a quelli che pensavo io, vogliono: seguire questo percorso.	[esatto requisiti informa]tici, e: (.) e quindi ho capito che molti di più, (.) oltre a quelli che pensavo io, vogliono: seguire questo percorso.	esatto requisiti informatici e (.) e quindi ho capito che molti di più (.) oltre a quelli che pensavo io vogliono seguire questo percorso
235	BX003	652.766	653.296	0.53	True	_	0	0	0	0	0	0	0	0	0	False	False	False	False	False	False	False	_	0	0	0	1	sì.	sì.	sì
236	BX003	653.996	655.066	1.07	True	_	0	0	0	0	0	0	0	0	0	False	False	False	False	False	False	False	_	0	0	0	2	ma mh::,	ma mh::,	ma mh
237	BX003	656.564	672.984	16.42	True	_	0	0	0	0	0	0	0	0	0	False	False	False	False	False	False	False	_	4	0	0	51	<cioè anche nel nostro caso già:> cioè inizialmente eravamo tipo in due. (.) e poi se ne sono aggiunti: altri due. (.) quindi verena e riccardo si sono aggiunti dopo. (.) >hanno fatto il cambio< cioè si sono inseriti per per l'altra e poi (.) però sì anche perché alla fine secondo me questo,	<cioè anche nel nostro caso già:> cioè inizialmente eravamo tipo in due. (.) e poi se ne sono aggiunti: altri due. (.) quindi verena e riccardo si sono aggiunti dopo. (.) >hanno fatto il cambio< cioè si sono inseriti per per l'altra e poi (.) però sì anche perché alla fine secondo me questo,	cioè anche nel nostro caso già cioè inizialmente eravamo tipo in due (.) e poi se ne sono aggiunti altri due (.) quindi verena e riccardo si sono aggiunti dopo (.) hanno fatto il cambio cioè si sono inseriti per per l' altra e poi (.) però sì anche perché alla fine secondo me questo
238	BX003	674.209	676.189	1.98	True	_	0	0	0	0	0	0	0	0	0	False	False	False	False	False	False	False	_	0	0	0	8	cioè o che si dividono in due master,	cioè o che si dividono in due master,	cioè o che si dividono in due master
239	BX002	676.399	676.849	0.45	True	_	0	0	0	0	0	0	0	0	0	False	False	False	False	False	False	False	_	0	0	0	2	mh=mh.	mh=mh.	mh mh
240	BX003	677.089	678.719	1.63	True	_	0	0	0	0	0	0	0	0	0	False	False	False	False	False	False	False	_	0	0	0	2	oppure mh:,	oppure mh:,	oppure mh
241	BX003	680.859	685.9	5.041	True	_	0	0	0	0	0	0	0	0	0	False	False	False	False	False	False	False	_	1	0	0	15	cioè in realtà, (.) non lo so perché comunque (è molto sentito) xxxxx (c'era un problema.)	cioè in realtà, (.) non lo so perché comunque (è molto sentito) xxxxx (c'era un problema.)	cioè in realtà (.) non lo so perché comunque è molto sentito xxxxx c' era un problema
242	BX003	686.514	706.73	20.216	True	_	0	0	0	0	0	0	0	1	0	False	False	False	False	False	False	False	_	5	0	0	52	però mh:: c'è già anche: (.) tipo: mh questo stefania (.) eh: lei sta facendo machine learning con noi, (.) perché: (.) cioè perché le interessava >perché comunque dice< cioè dato che c'è la possibilità (.) e: e non è, non è così comune in italia perché comunque: se- cioèè [se devi (iscriverti) per quello,]	però mh:: c'è già anche: (.) tipo: mh questo stefania (.) eh: lei sta facendo machine learning con noi, (.) perché: (.) cioè perché le interessava >perché comunque dice< cioè dato che c'è la possibilità (.) e: e non è, non è così comune in italia perché comunque: se- cioèè [se devi (iscriverti) per quello],	però mh c' è già anche (.) tipo mh questo stefania (.) eh lei sta facendo machine learning con noi (.) perché (.) cioè perché le interessava perché comunque dice cioè dato che c' è la possibilità (.) e e non è non è così comune in italia perché comunque se- cioèè se devi iscriverti per quello
243	BX002	705.284	708.2	2.916	True	_	0	0	0	0	0	0	0	0	0	False	False	False	False	False	False	False	_	0	0	0	4	[ma xxxxxxx] poi è difficile xxx	[ma xxxxxxx] poi è difficile xxx	ma xxxxxxx poi è difficile xxx
244	BX003	708.244	714.28	6.036	True	_	0	0	0	0	0	0	0	0	0	False	False	False	False	False	False	False	_	2	0	0	20	ciao no ma più che altro, (.) [cioè lo impareranno, (.) dovrai insegnarlo a tuo figlio] [cioè nel sen]so lo ins- mh:	ciao no ma più che altro, (.) [cioè lo impareranno, (.) dovrai insegnarlo a tuo figlio] [cioè nel sen]so lo ins- mh:	ciao no ma più che altro (.) cioè lo impareranno (.) dovrai insegnarlo a tuo figlio cioè nel senso lo ins- mh
245	BX002	709.544	712.504	2.96	True	_	0	0	0	0	0	0	0	1	0	False	False	False	False	False	False	False	_	0	0	0	4	[xxxx studiarsi le: le lingue.]	[xxxx studiarsi le: le lingue].	xxxx studiarsi le le lingue
246	BX002	712.952	713.304	0.352	True	_	0	0	0	0	0	0	0	1	0	False	False	False	False	False	False	False	_	0	0	0	1	[eh.]	[eh].	eh
247	BX003	714.705	722.945	8.24	True	_	0	0	0	0	0	0	0	0	0	False	False	False	False	False	False	False	_	0	1	0	22	l- lo studieranno tra poco alle elementari >fin dalle elementari< cioè sarà una competenza di base tipo ((si schiarisce la voce)) matematica o così quindi non:	l- lo studieranno tra poco alle elementari >fin dalle elementari< cioè sarà una competenza di base tipo ((si_schiarisce_la_voce)) matematica o così quindi non:	l- lo studieranno tra poco alle elementari fin dalle elementari cioè sarà una competenza di base tipo ((si_schiarisce_la_voce)) matematica o così quindi non
248	BX002	723.12	723.58	0.46	True	_	0	0	0	0	0	0	0	0	0	False	False	False	False	False	False	False	_	0	0	0	2	mh=mh.	mh=mh.	mh mh
249	BX003	723.61	727.16	3.55	True	_	0	0	0	0	0	0	0	0	0	False	False	False	False	False	False	False	_	1	0	0	10	cioè a prescindere da che scopo: (.) da che applicazione vuoi,	cioè a prescindere da che scopo: (.) da che applicazione vuoi,	cioè a prescindere da che scopo (.) da che applicazione vuoi
250	BX002	727.52	728.7	1.18	True	_	0	0	0	0	0	0	0	0	0	False	False	False	False	False	False	False	_	0	0	0	4	si è sempre utile.	si è sempre utile.	si è sempre utile
251	BX003	728.72	729.48	0.76	True	_	0	0	0	0	0	0	0	0	0	False	False	False	False	False	False	False	_	0	0	0	3	mh, °mh=mh.°	mh, °mh=mh.°	mh mh mh
252	BX002	730.431	740.721	10.29	True	_	0	0	0	0	0	0	0	0	0	False	False	False	False	False	False	False	_	1	0	0	26	parlavamo del fatto che: tanti da noi in questo sem- cioè ques- di quest'anno vogliono: (.) cioè faranno probabilmente il profilo informatico rispetto a quello del,	parlavamo del fatto che: tanti da noi in questo sem- cioè ques- di quest'anno vogliono: (.) cioè faranno probabilmente il profilo informatico rispetto a quello del,	parlavamo del fatto che tanti da noi in questo sem- cioè ques- di quest' anno vogliono (.) cioè faranno probabilmente il profilo informatico rispetto a quello del
253	BX002	740.926	741.83	0.904	True	_	0	0	0	0	0	0	0	0	0	False	False	False	False	False	False	False	_	0	0	0	4	[di tute]la delle lingue	[di tute]la delle lingue	di tutela delle lingue
254	BX001	740.931	741.451	0.52	True	_	0	0	0	0	0	0	0	1	0	False	False	False	False	False	False	False	_	0	0	0	1	[mh:.]	[mh:].	mh
255	BX002	741.866	745.156	3.29	True	_	0	0	0	0	0	0	0	0	0	False	False	False	False	False	False	False	_	0	0	0	12	invece il suo anno hanno scelto tanti [quello in tutela delle lin]gue.	invece il suo anno hanno scelto tanti [quello in tutela delle lin]gue.	invece il suo anno hanno scelto tanti quello in tutela delle lingue
256	BX001	744.126	745.046	0.92	True	_	0	0	0	0	0	0	0	1	0	False	False	False	False	False	False	False	_	0	0	0	1	[ah.]	[ah].	ah
257	BX001	745.476	749.49	4.014	True	_	0	0	0	0	0	0	0	0	0	False	False	False	False	False	False	False	_	0	0	0	10	almeno tutti e due: gli indirizzi prendono forza così no?	almeno tutti e due: gli indirizzi prendono forza così no?	almeno tutti e due gli indirizzi prendono forza così no
258	BX002	749.516	749.986	0.47	True	_	0	0	0	0	0	0	0	0	0	False	False	False	False	False	False	False	_	0	0	0	2	mh=mh.	mh=mh.	mh mh
259	BX001	754.476	755.576	1.1	True	_	0	0	0	0	0	0	0	0	0	False	False	False	False	False	False	False	_	0	0	0	2	°bene bene.°	°bene bene.°	bene bene
260	BX001	757.421	765.111	7.69	True	_	0	0	0	0	0	0	0	0	0	False	False	False	False	False	False	False	_	2	0	0	17	ma mi ha scritto la, la corinna, (.) che ques- questo qua ha (.) ha sforato di quarantacinque minuti.	ma mi ha scritto la, la corinna, (.) che ques- questo qua ha (.) ha sforato di quarantacinque minuti.	ma mi ha scritto la la corinna (.) che ques- questo qua ha (.) ha sforato di quarantacinque minuti
261	BX002	766.121	767.811	1.69	True	_	0	0	0	0	0	0	0	1	0	False	False	False	False	False	False	False	_	0	0	0	9	ah [perché tu non hai fatto tutta la lezione?]	ah [perché tu non hai fatto tutta la lezione]?	ah perché tu non hai fatto tutta la lezione
262	BX001	766.471	772.95	6.479	True	_	0	0	0	0	0	0	0	1	0	False	False	False	False	False	False	False	_	2	0	0	24	[perché lei st- (.) no perché] io avevo uno studente alle [alle sedici,] (.) cioè la lezione era fino alle sedici io alle sedici [ho det-]	[perché lei st- (.) no perché] io avevo uno studente alle [alle sedici], (.) cioè la lezione era fino alle sedici io alle sedici [ho det-]	perché lei st- (.) no perché io avevo uno studente alle alle sedici (.) cioè la lezione era fino alle sedici io alle sedici ho det-
263	BX002	769.255	770.295	1.04	True	_	0	0	0	0	0	0	0	0	0	False	False	False	False	False	False	False	_	0	0	0	1	[ah::]	[ah::]	ah
264	BX002	772.61	774.67	2.06	True	_	0	0	0	0	0	0	0	1	0	False	False	False	False	False	False	False	_	0	0	0	5	[ha sfo]rato di quarantcinque minu[ti?]	[ha sfo]rato di quarantcinque minu[ti]?	ha sforato di quarantcinque minuti
265	BX001	774.395	776.71	2.315	True	_	0	0	0	0	0	0	0	0	0	False	False	False	False	False	False	False	_	0	0	0	10	[eh però] lui è partito mezz'ora in ritardo quindi,	[eh però] lui è partito mezz'ora in ritardo quindi,	eh però lui è partito mezz' ora in ritardo quindi
266	BX001	777.03	780.34	3.31	True	_	0	0	0	0	0	0	0	0	0	False	False	False	False	False	False	False	_	0	0	0	9	nella [sua testa ha sfo]rato solo di °mezz'ora.°	nella [sua testa ha sfo]rato solo di °mezz'ora.°	nella sua testa ha sforato solo di mezz' ora
267	BX002	777.39	778.82	1.43	True	_	0	0	0	0	0	0	0	0	0	False	False	False	False	False	False	False	_	0	0	0	7	[(avrà fatto un quarto d'ora così)]	[(avrà fatto un quarto d'ora così)]	avrà fatto un quarto d' ora così
268	BX001	781.215	786.03	4.815	True	_	0	0	0	0	0	0	0	0	0	False	False	False	False	False	False	False	_	0	0	0	15	>ci credo che m'ha detto< no: guarda non: cioè non ne potevamo più [e:]	>ci credo che m'ha detto< no: guarda non: cioè non ne potevamo più [e:]	ci credo che m' ha detto no guarda non cioè non ne potevamo più e
269	BX002	785.185	786.035	0.85	True	_	0	0	0	0	0	0	0	1	0	False	False	False	False	False	False	False	_	0	0	0	3	[eh ci credo,]	[eh ci credo],	eh ci credo
270	BX002	786.587	787.607	1.02	True	_	0	0	0	0	0	0	0	0	0	False	False	False	False	False	False	False	_	0	0	0	5	a che ora hanno fi[nito]?	a che ora hanno fi[nito]?	a che ora hanno finito
271	BX001	787.242	802.96	15.718	True	_	0	0	0	0	0	0	0	0	0	False	False	False	False	False	False	False	_	3	2	0	44	[e infat]ti a: sedici e quarantacinque. m'ha detto quando: (.) quando, io gli ho detto mah guardi professore io devo andare via, ho un appuntamento e lui mi fa ah va là schade eh [eh sì eh eh sì (.) eh=eh sì ((ridendo)) (.) che peccato. ((ridendo))]	[e infat]ti a: sedici e quarantacinque. m'ha detto quando: (.) quando, io gli ho detto mah guardi professore io devo andare via, ho un appuntamento e lui mi fa ah va là schade eh [eh sì eh eh sì (.) eh=eh sì ((ridendo)) (.) che peccato. ((ridendo))]	e infatti a sedici e quarantacinque m' ha detto quando (.) quando io gli ho detto mah guardi professore io devo andare via ho un appuntamento e lui mi fa ah va là schade eh eh sì eh eh sì (.) eh eh sì ((ridendo)) (.) che peccato ((ridendo))
272	BX002	797.597	803.51	5.913	True	_	0	0	0	0	0	0	0	0	0	False	False	False	False	False	False	False	_	0	1	0	0	[((ride))]	[((ride))]	((ride))
273	BX001	804.043	812.15	8.107	True	_	0	0	0	0	0	0	0	0	0	False	False	False	False	False	False	False	_	2	0	0	22	no va bene cioè mh: nel senso, (.) è anche interessante però dai mh: (.) a piccole dosi, poi erano solo due ore eh,	no va bene cioè mh: nel senso, (.) è anche interessante però dai mh: (.) a piccole dosi, poi erano solo due ore eh,	no va bene cioè mh nel senso (.) è anche interessante però dai mh (.) a piccole dosi poi erano solo due ore eh
274	BX001	813.21	815.343	2.133	True	_	0	0	0	0	0	0	0	0	0	False	False	False	False	False	False	False	_	0	0	0	6	abbiamo dei laboratori da quattro ore.	abbiamo dei laboratori da quattro ore.	abbiamo dei laboratori da quattro ore
275	BX002	815.863	818.303	2.44	True	_	0	0	0	0	0	0	0	1	0	False	False	False	False	False	False	False	_	0	0	0	8	no: una roba così quattro ore è im[possibile.]	no: una roba così quattro ore è im[possibile].	no una roba così quattro ore è impossibile
276	BX001	818.028	819.91	1.882	True	_	0	0	0	0	0	0	0	0	0	False	False	False	False	False	False	False	_	0	0	0	6	[no] ma penso anche lui eh:	[no] ma penso anche lui eh:	no ma penso anche lui eh
277	BX001	819.968	821.338	1.37	True	_	0	0	0	0	0	0	0	1	0	False	False	False	False	False	False	False	_	0	0	0	5	[cioè se ne rende conto.]	[cioè se ne rende conto].	cioè se ne rende conto
278	BX002	819.978	822.048	2.07	True	_	0	0	0	0	0	0	0	0	0	False	False	False	False	False	False	False	_	0	0	0	7	[no anche lui non ce la] farà,	[no anche lui non ce la] farà,	no anche lui non ce la farà
279	BX002	822.128	823.548	1.42	True	_	0	0	0	0	0	0	0	0	0	False	False	False	False	False	False	False	_	0	0	0	7	[va be' che oggi ne ha fatte (xx)]	[va be' che oggi ne ha fatte (xx)]	va be' che oggi ne ha fatte xx
280	BX001	822.138	825.87	3.732	True	_	0	0	0	0	0	1	0	0	True	False	False	False	False	False	False	False	_	0	0	0	9	[perché poi inizia:] inizia a divagare su altre cose,=	[perché poi inizia:] inizia a divagare su altre cose,	perché poi inizia inizia a divagare su altre cose
281	BX003	825.8	826.278	0.478	True	_	0	0	0	0	0	1	0	0	True	False	False	False	False	False	False	False	280=0.070	0	0	0	2	=che cosa?	che cosa?	che cosa
282	BX002	827.278	828.55	1.272	True	_	0	0	0	0	0	0	0	0	0	False	False	False	False	False	False	False	_	0	0	0	4	[ancora quello dei: berne]	[ancora quello dei: berne]	ancora quello dei berne
283	BX001	827.278	828.84	1.562	True	_	0	0	0	0	0	0	0	0	0	False	False	False	False	False	False	False	_	0	0	0	3	[sempre su ber]ne.	[sempre su ber]ne.	sempre su berne
284	BX003	829.284	830.02	0.736	True	_	0	0	0	0	0	0	0	0	0	False	False	False	False	False	False	False	_	0	1	0	1	ah ((ridendo))	ah ((ridendo))	ah ((ridendo))
285	BX001	830.114	833.654	3.54	True	_	0	0	0	0	0	0	0	0	0	False	False	False	False	False	False	False	_	0	0	0	12	perché è partito mezz'ora in ritardo cioè venti minuti in ritardo,	perché è partito mezz'ora in ritardo cioè venti minuti in ritardo,	perché è partito mezz' ora in ritardo cioè venti minuti in ritardo
286	BX003	833.664	833.941	0.277	True	_	0	0	0	0	0	0	0	0	0	False	False	False	False	False	False	False	_	0	0	0	1	mh.	mh.	mh
287	BX001	834.164	836.264	2.1	True	_	0	0	0	0	0	0	0	0	0	False	False	False	False	False	False	False	_	0	0	0	7	e poi ha sforato di quarantacinque minuti.	e poi ha sforato di quarantacinque minuti.	e poi ha sforato di quarantacinque minuti
288	BX003	836.564	838.8195000000001	2.256	True	_	0	0	0	0	0	0	1	0	0	False	False	False	False	False	True	False	289=0.510	0	1	0	0	((ride))	((ride))	((ride))
289	BX001	837.799	838.309	0.51	True	_	0	0	0	0	0	0	0	0	0	False	False	False	False	False	True	False	288=0.510	0	1	0	0	((ride))	((ride))	((ride))
290	BX001	838.8195000000001	840.669	1.85	True	_	0	0	0	0	0	0	1	0	0	False	False	False	False	False	False	False	_	0	0	0	6	cioè questo ti dice il personaggio.	cioè questo ti dice il personaggio.	cioè questo ti dice il personaggio
291	BX001	841.749	842.769	1.02	True	_	0	0	0	0	0	0	0	0	0	False	False	False	False	False	False	False	_	0	0	0	3	[però io avevo]	[però io avevo]	però io avevo
292	BX003	841.754	843.19	1.436	True	_	1	0	0	0	0	0	0	0	True	False	False	False	False	False	False	False	_	0	0	0	6	([non ha tanti paren ]ti lui)	([non ha tanti paren] ti lui)	non ha tanti paren ti lui
293	BX001	843.163	853.833	10.67	True	_	0	0	0	0	0	0	0	0	True	False	False	False	False	False	False	False	292=0.027	0	1	0	26	io avevo: u- uno studente a- alle sedici, e quindi io alle sedici: ho detto no vado (non:) mi dispiace un sacco ma ((ride)) ma devo andare.	io avevo: u- uno studente a- alle sedici, e quindi io alle sedici: ho detto no vado (non:) mi dispiace un sacco ma ((ride)) ma devo andare.	io avevo u- uno studente a- alle sedici e quindi io alle sedici ho detto no vado non mi dispiace un sacco ma ((ride)) ma devo andare
294	BX001	857.14	858.69	1.55	True	_	0	0	0	0	0	0	0	0	0	False	False	False	False	False	False	False	_	1	0	0	5	°però va be'° (.) va be'.	°però va be'° (.) va be'.	però va be' (.) va be'
295	BX001	859.69	864.2	4.51	True	_	0	0	0	0	0	0	0	0	0	False	False	False	False	False	False	False	_	1	0	0	16	era un po' provata questa ragazza perché poi son rimasti solo in due, (.) a fare lezione.	era un po' provata questa ragazza perché poi son rimasti solo in due, (.) a fare lezione.	era un po' provata questa ragazza perché poi son rimasti solo in due (.) a fare lezione
296	BX001	865.46	868.97	3.51	True	_	0	0	0	0	0	0	0	1	0	False	False	False	False	True	False	False	297=0.650,298=0.435	0	0	0	12	cioè il gru- il gruppettino di tre: [e questo che parlava: eh.]	cioè il gru- il gruppettino di tre: [e questo che parlava: eh].	cioè il gru- il gruppettino di tre e questo che parlava eh
297	BX003	867.215	867.865	0.65	True	_	0	0	0	0	0	0	0	1	0	False	False	False	False	False	False	False	_	0	0	0	2	[di quanti?]	[di quanti]?	di quanti
298	BX002	868.535	869.065	0.53	True	_	0	0	0	0	0	0	0	0	0	False	False	False	False	False	False	False	_	0	1	0	0	[((ride))]	[((ride))]	((ride))
299	BX001	869.485	872.415	2.93	True	_	0	0	0	0	0	0	0	0	0	False	False	False	False	False	False	False	_	1	0	0	7	due studenti e lui (.) e: lui che	due studenti e lui (.) e: lui che	due studenti e lui (.) e lui che
300	BX001	874.48	878.931	4.451	True	_	0	0	0	0	0	0	0	0	0	False	False	False	False	False	False	False	_	0	0	0	5	filosofeggiava proprio:: alla grande eh:	filosofeggiava proprio:: alla grande eh:	filosofeggiava proprio alla grande eh
301	BX001	880.491	885.36	4.869	True	_	0	0	0	0	0	0	0	0	0	False	False	False	False	False	False	False	_	1	0	0	14	>insomma< ci sente un sacco insomma °ecco eh° (.) però insomma va bene anche (non)	>insomma< ci sente un sacco insomma °ecco eh° (.) però insomma va bene anche (non)	insomma ci sente un sacco insomma ecco eh (.) però insomma va bene anche non
302	BX003	886.11	887.621	1.511	True	_	0	0	0	0	0	0	0	0	0	False	False	False	False	False	False	False	_	0	0	0	7	poi se vuoi per i giardini puoi	poi se vuoi per i giardini puoi	poi se vuoi per i giardini puoi
303	BX004	887.671	890.65	2.979	True	_	0	0	0	0	0	0	0	0	0	False	False	False	False	False	False	False	_	0	0	0	5	xxxxx una certa ora per filosofeggiare?	xxxxx una certa ora per filosofeggiare?	xxxxx una certa ora per filosofeggiare
304	BX001	891.396	894.735	3.339	True	_	0	0	0	0	0	0	0	1	0	False	False	False	False	False	False	False	_	0	0	0	7	sì:[sì no ma] poi: cioè venerdì pomerig[gio.]	sì:[sì no ma] poi: cioè venerdì pomerig[gio].	sìsì no ma poi cioè venerdì pomeriggio
305	BX004	891.876	892.235	0.359	True	_	0	0	0	0	0	0	0	0	0	False	False	False	False	False	False	False	_	0	1	0	0	[((ride.))]	[((ride.))]	((ride.))
306	BX004	894.093	894.734	0.641	True	_	0	0	0	0	0	0	0	1	0	False	False	False	False	False	False	False	_	0	0	0	1	[appunto.]	[appunto].	appunto
307	BX001	897.421	899.5	2.079	True	_	0	0	0	0	0	0	0	0	0	False	False	False	False	False	False	False	_	0	0	0	5	no: che tipo che tipo.	no: che tipo che tipo.	no che tipo che tipo
308	BX001	901.126	902.88	1.754	True	_	0	0	0	0	0	0	0	0	0	False	False	False	False	False	False	False	_	1	0	0	7	no a me non (.) cioè a me:,	no a me non (.) cioè a me:,	no a me non (.) cioè a me
309	BX001	904.171	907.161	2.99	True	_	0	0	0	0	0	0	0	0	0	False	False	False	False	False	False	False	_	1	0	0	7	piacciono ste cose perché non (.) insomma posso,	piacciono ste cose perché non (.) insomma posso,	piacciono ste cose perché non (.) insomma posso
310	BX001	908.771	909.591	0.82	True	_	0	0	0	0	0	0	0	0	0	False	False	False	False	False	False	False	_	0	0	0	1	vediamo.	vediamo.	vediamo
311	BX001	910.356	913.326	2.97	True	_	0	0	0	0	0	0	0	0	0	False	False	False	False	False	False	False	_	0	0	0	11	no la=la la storia dei giardini è per venerdì prossimo.	no la=la la storia dei giardini è per venerdì prossimo.	no la la la storia dei giardini è per venerdì prossimo
312	BX003	915.07	925.85	10.78	True	_	0	0	0	0	0	0	0	0	0	False	False	False	False	False	False	False	_	3	0	0	44	(eh no ho detto che) mi è venuto in mente che (.) ehm ero >con una mia compagna di classe< l'altro giorno nel giardino quello che c'è lì mh: (.) vicino a mh: (.) c'è di fronte all'uni >praticamente< c'è l'entrata.	(eh no ho detto che) mi è venuto in mente che (.) ehm ero >con una mia compagna di classe< l'altro giorno nel giardino quello che c'è lì mh: (.) vicino a mh: (.) c'è di fronte all'uni >praticamente< c'è l'entrata.	eh no ho detto che mi è venuto in mente che (.) ehm ero con una mia compagna di classe l' altro giorno nel giardino quello che c' è lì mh (.) vicino a mh (.) c' è di fronte all' uni praticamente c' è l' entrata
313	BX003	927.262	931.893	4.631	True	_	0	0	0	0	0	0	0	0	0	False	False	False	False	False	False	False	_	1	0	0	11	ehm: è praticamente dentro: (.) per andar dal fioraio che c'è,	ehm: è praticamente dentro: (.) per andar dal fioraio che c'è,	ehm è praticamente dentro (.) per andar dal fioraio che c' è
314	BX001	932.117	932.577	0.46	True	_	0	0	0	0	0	0	0	0	0	False	False	False	False	False	False	False	_	0	0	0	1	mh.	mh.	mh
315	BX003	933.262	935.512	2.25	True	_	0	0	0	0	0	0	0	0	0	False	False	False	False	False	False	False	_	0	0	0	9	cioè di fronte all'uni sulla s- sulla destra,	cioè di fronte all'uni sulla s- sulla destra,	cioè di fronte all' uni sulla s- sulla destra
316	BX003	935.762	937.802	2.04	True	_	0	0	0	0	0	0	0	0	0	False	False	False	False	False	False	False	_	0	0	0	8	[c'è tipo un fiora]io con tutte le::	[c'è tipo un fiora]io con tutte le::	c' è tipo un fioraio con tutte le
317	BX001	935.777	936.487	0.71	True	_	0	0	0	0	0	0	0	1	0	False	False	False	False	False	False	False	_	0	0	0	2	[mh=mh,]	[mh=mh],	mh mh
318	BX001	937.827	938.857	1.03	True	_	0	0	0	0	0	0	0	1	0	False	False	False	False	False	False	False	_	0	0	0	4	ah okay [ho capito.]	ah okay [ho capito].	ah okay ho capito
319	BX003	938.387	941.446	3.059	True	_	0	0	0	0	0	0	0	0	True	False	False	False	False	False	False	False	_	0	0	0	12	[le cose] esposte se entri lì dentro c'è un giardinetto tipo:	[le cose] esposte se entri lì dentro c'è un giardinetto tipo:	le cose esposte se entri lì dentro c' è un giardinetto tipo
320	BX001	941.443	943.543	2.1	True	_	0	0	0	0	0	0	0	1	True	False	False	False	False	False	False	False	_	0	0	0	9	ah o[kay non ci sono mai anda- ah okay.]	ah o[kay non ci sono mai anda- ah okay].	ah okay non ci sono mai anda- ah okay
321	BX003	941.788	948.758	6.97	True	_	0	0	0	0	0	0	0	0	0	False	False	False	False	False	False	False	_	1	0	0	21	[ci ci stavano: (.)] ragazzini così c'eravamo messe lì perché dovevamo cioè stavamo mangiando qualcosa e ci siam tolte la mascherina,	[ci ci stavano: (.)] ragazzini così c'eravamo messe lì perché dovevamo cioè stavamo mangiando qualcosa e ci siam tolte la mascherina,	ci ci stavano (.) ragazzini così c' eravamo messe lì perché dovevamo cioè stavamo mangiando qualcosa e ci siam tolte la mascherina
322	BX003	949.296	950.956	1.66	True	_	0	0	0	0	0	0	0	0	0	False	False	False	False	False	False	False	_	0	0	0	6	e a un certo punto, alle,	e a un certo punto, alle,	e a un certo punto alle
323	BX003	951.941	955.191	3.25	True	_	0	0	0	0	0	0	0	0	0	False	False	False	False	False	False	False	_	0	0	0	6	alle:: tipo un quarto alle: sei?	alle:: tipo un quarto alle: sei?	alle tipo un quarto alle sei
324	BX003	955.971	957.121	1.15	True	_	0	0	0	0	0	0	0	0	0	False	False	False	False	False	False	False	_	0	0	0	5	forse un quarto alle sette.	forse un quarto alle sette.	forse un quarto alle sette
325	BX003	957.861	962.771	4.91	True	_	0	0	0	0	0	0	0	0	0	False	False	False	False	False	False	False	_	0	0	0	13	è è arrivato uno, il custode, in bicicletta, e ha detto chiude adesso,	è è arrivato uno, il custode, in bicicletta, e ha detto chiude adesso,	è è arrivato uno il custode in bicicletta e ha detto chiude adesso
326	BX003	963.114	967.914	4.8	True	_	0	0	0	0	0	0	0	0	0	False	False	False	False	False	False	False	_	0	0	0	20	chiude, chiudo tutto, e quindi ha chiuso le due uscite e noi siamo dovuti passare per il negozio per uscire.	chiude, chiudo tutto, e quindi ha chiuso le due uscite e noi siamo dovuti passare per il negozio per uscire.	chiude chiudo tutto e quindi ha chiuso le due uscite e noi siamo dovuti passare per il negozio per uscire
327	BX001	967.964	969.904	1.94	True	_	0	0	0	0	0	0	0	0	0	False	False	False	False	False	False	False	_	1	0	0	4	[ah, (.) ah però. proprio:]	[ah, (.) ah però. proprio:]	ah (.) ah però proprio
328	BX003	967.964	969.904	1.94	True	_	0	0	0	0	0	0	0	1	0	False	False	False	False	False	False	False	_	0	1	0	1	[((ride)) sì.]	[((ride)) sì].	((ride)) sì
329	BX003	969.914	970.504	0.59	True	_	0	0	0	0	0	0	0	0	0	False	False	False	False	False	False	False	_	0	0	0	2	e così.	e così.	e così
330	BX001	971.224	975.68	4.456	True	_	0	0	0	0	0	0	0	0	0	False	False	False	False	False	False	False	_	0	0	0	17	no ma guarda c'è eh:: eh la mia amica, quella che m'ha consigliato il vino,	no ma guarda c'è eh:: eh la mia amica, quella che m'ha consigliato il vino,	no ma guarda c' è eh eh la mia amica quella che m' ha consigliato il vino
331	BX003	975.687	976.057	0.37	True	_	0	0	0	0	0	0	0	0	0	False	False	False	False	False	False	False	_	0	0	0	1	mh.	mh.	mh
332	BX001	976.467	982.407	5.94	True	_	0	0	0	0	0	0	0	0	0	False	False	False	False	False	False	False	_	2	0	0	16	qualche giorno fa m'ha mandato una foto, (.) che (.) era stata mandata su un gruppo: eh,	qualche giorno fa m'ha mandato una foto, (.) che (.) era stata mandata su un gruppo: eh,	qualche giorno fa m' ha mandato una foto (.) che (.) era stata mandata su un gruppo eh
333	BX001	982.942	985.172	2.23	True	_	0	0	0	0	0	0	0	0	0	False	False	False	False	False	False	False	_	0	0	0	4	eh::: di una multa,	eh::: di una multa,	eh di una multa
334	BX001	985.608	987.788	2.18	True	_	0	0	0	0	0	0	0	0	0	False	False	False	False	False	False	False	_	0	0	0	6	fatta a una ragazza, del verbale,	fatta a una ragazza, del verbale,	fatta a una ragazza del verbale
335	BX003	987.873	988.263	0.39	True	_	0	0	0	0	0	0	0	0	0	False	False	False	False	False	False	False	_	0	0	0	1	mh.	mh.	mh
336	BX001	988.286	1007.93	19.644	True	_	0	0	0	0	0	0	0	0	0	False	False	False	False	False	False	False	_	4	0	0	40	di quattrocentosedici euro, perché stava: eh: (.) ehm:: tipo mh p- aveva preso un caffè da asporto, lo stava bevendo (.) s- in: in piazza del grano, (.) a bolzano, (.) e a: a mh: c'era una persona non convivente accanto a lei.	di quattrocentosedici euro, perché stava: eh: (.) ehm:: tipo mh p- aveva preso un caffè da asporto, lo stava bevendo (.) s- in: in piazza del grano, (.) a bolzano, (.) e a: a mh: c'era una persona non convivente accanto a lei.	di quattrocentosedici euro perché stava eh (.) ehm tipo mh p- aveva preso un caffè da asporto lo stava bevendo (.) s- in in piazza del grano (.) a bolzano (.) e a a mh c' era una persona non convivente accanto a lei
337	BX001	1008.856	1014.386	5.53	True	_	0	0	0	0	0	0	0	0	0	False	False	False	False	False	False	False	_	1	0	0	16	e quindi: per dire:: (.) cioè in teoria ti potevano far la multa. ecco questo volevo dire.	e quindi: per dire:: (.) cioè in teoria ti potevano far la multa. ecco questo volevo dire.	e quindi per dire (.) cioè in teoria ti potevano far la multa ecco questo volevo dire
338	BX001	1015.466	1019.426	3.96	True	_	0	0	0	0	0	0	0	0	0	False	False	False	False	False	False	False	_	1	0	0	13	m- m'ha fatto proprio vedere la foto della multa eh, (.) quattrocentosedici euro.	m- m'ha fatto proprio vedere la foto della multa eh, (.) quattrocentosedici euro.	m- m' ha fatto proprio vedere la foto della multa eh (.) quattrocentosedici euro
339	BX003	1021.476	1022.326	0.85	True	_	0	0	0	0	0	0	0	0	0	False	False	False	False	False	False	False	_	0	0	0	2	okay he	okay eh	okay eh
340	BX001	1022.476	1027.79	5.314	True	_	0	0	0	0	0	0	0	0	0	False	False	False	False	False	False	False	_	1	0	0	15	di febbraio. (.) l'hanno fatta tipo il ventitre febbraio quindi insomma ora [durante questo:] lockdown.	di febbraio. (.) l'hanno fatta tipo il ventitre febbraio quindi insomma ora [durante questo:] lockdown.	di febbraio (.) l' hanno fatta tipo il ventitre febbraio quindi insomma ora durante questo lockdown
341	BX003	1026.296	1026.946	0.65	True	_	0	0	0	0	0	0	0	1	0	False	False	False	False	False	False	False	_	0	0	0	2	[mh=mh.]	[mh=mh].	mh mh
342	BX003	1027.8	1028.586	0.786	True	_	0	0	0	0	0	0	0	0	0	False	False	False	False	False	False	False	_	0	0	0	2	sì sì.	sì sì.	sì sì
343	BX003	1029.886	1032.8	2.914	True	_	0	0	0	0	0	0	0	0	0	False	False	False	False	False	False	False	_	0	0	0	12	be' allora è già tanto [cioè bene che mi abbiano solo (cazziato)]	be' allora è già tanto [cioè bene che mi abbiano solo (cazziato)]	be' allora è già tanto cioè bene che mi abbiano solo cazziato
344	BX001	1030.988	1035.16	4.172	True	_	0	0	0	0	0	0	0	0	0	False	False	False	False	False	False	False	_	0	1	0	6	[((ride)) (sche-)] so- solo chiusa dentro insomma.	[((ride)) (sche-)] so- solo chiusa dentro insomma.	((ride)) sche- so- solo chiusa dentro insomma
345	BX001	1038.699	1041.419	2.72	True	_	0	0	0	0	0	0	0	0	0	False	False	False	False	False	False	False	_	0	0	0	8	be' insomma va va bene anche meno insomma.	be' insomma va va bene anche meno insomma.	be' insomma va va bene anche meno insomma
346	BX001	1045.699	1047.059	1.36	True	_	0	0	0	0	0	0	0	0	0	False	False	False	False	False	False	False	_	0	0	0	3	un po' esagerato.	un po' esagerato.	un po' esagerato
347	BX001	1055.02	1058.18	3.16	True	_	0	0	0	0	0	0	0	0	0	False	False	False	False	False	False	False	_	0	0	0	11	oh comunque non c'è neanche una nuvola eh? cioè tutte,	oh comunque non c'è neanche una nuvola eh? cioè tutte,	oh comunque non c' è neanche una nuvola eh cioè tutte
348	BX001	1058.882	1059.792	0.91	True	_	0	0	0	0	0	0	0	0	0	False	False	False	False	False	False	False	_	0	0	0	2	[forse (e)]	[forse (e)]	forse e
349	BX003	1058.882	1059.792	0.91	True	_	0	0	0	0	0	0	0	0	0	False	False	False	False	False	False	False	_	0	0	0	2	[(ho visto.)]	[(ho visto.)]	ho visto
350	BX003	1061.762	1066.19	4.428	True	_	0	0	0	0	0	0	0	0	0	False	False	False	False	False	False	False	_	0	1	0	15	io pensavo mi avessi abbandonata stasera non arrivavi quindi ho detto è tornato a ca[sa. ((ride))]	io pensavo mi avessi abbandonata stasera non arrivavi quindi ho detto è tornato a ca[sa. ((ride))]	io pensavo mi avessi abbandonata stasera non arrivavi quindi ho detto è tornato a casa ((ride))
351	BX004	1065.081	1075.686	10.605	True	_	0	0	0	0	0	0	0	0	0	False	False	False	False	False	False	False	_	3	0	0	30	[no (.) no eh (.)] no ma infa- no ma infatti (incomprensibile) anticipiamo il giro poi il pomeriggio alle due e mezza così (vedrai) alle tre abbiam finito, (.) xxxx alle tre abbiamo finito,	[no (.) no eh (.)] no ma infa- no ma infatti (incomprensibile) anticipiamo il giro poi il pomeriggio alle due e mezza così (vedrai) alle tre abbiam finito, (.) xxxx alle tre abbiamo finito,	no (.) no eh (.) no ma infa- no ma infatti incomprensibile anticipiamo il giro poi il pomeriggio alle due e mezza così vedrai alle tre abbiam finito (.) xxxx alle tre abbiamo finito
352	BX004	1076.666	1077.65	0.984	True	_	0	0	0	0	0	0	0	0	0	False	False	False	False	False	False	False	_	0	0	0	6	c'è più da fare oh.	c'è più da fare oh.	c' è più da fare oh
353	BX004	1078.326	1078.926	0.6	True	_	0	0	0	0	0	0	0	0	0	False	False	False	False	False	False	False	_	0	0	0	1	arriva,	arriva,	arriva
354	BX004	1079.761	1090.781	11.02	True	_	0	0	0	0	0	0	0	0	0	False	False	False	False	False	False	False	_	0	0	0	37	xxx e fa ascolta t- hai hai tempo di fermarti ancora un attimo, che c'è che devo portare un'a- devo portare un'a- un'appendici- un ragazzo con un'appendicite acuta in sala operatoria, xxxxx una mano,	xxx e fa ascolta t- hai hai tempo di fermarti ancora un attimo, che c'è che devo portare un'a- devo portare un'a- un'appendici- un ragazzo con un'appendicite acuta in sala operatoria, xxxxx una mano,	xxx e fa ascolta t- hai hai tempo di fermarti ancora un attimo che c' è che devo portare un' a- devo portare un' a- un' appendici- un ragazzo con un' appendicite acuta in sala operatoria xxxxx una mano
355	BX001	1090.976	1092.14	1.164	True	_	0	0	0	0	0	0	0	0	0	False	False	False	False	False	False	False	_	1	0	0	2	mh. (.) ha.	mh. (.) ha.	mh (.) ha
356	BX004	1092.166	1094.546	2.38	True	_	0	0	0	0	0	0	0	0	0	False	False	False	False	False	False	False	_	0	0	0	11	sì un a- un a- l'attimo son state due ore,	sì un a- un a- l'attimo son state due ore,	sì un a- un a- l' attimo son state due ore
357	BX004	1095.081	1099.0	3.919	True	_	0	0	0	0	0	0	0	0	0	False	False	False	False	False	False	False	_	1	0	0	15	va be' dai partia- cominciamo alle cinque, (.) xxxx a passo io ci metto un'ora e mezza.	vabbè dai partia- cominciamo alle cinque, (.) xxxx a passo io ci metto un'ora e mezza.	vabbè dai partia- cominciamo alle cinque (.) xxxx a passo io ci metto un' ora e mezza
358	BX004	1099.465	1101.125	1.66	True	_	0	0	0	0	0	0	0	0	0	False	False	False	False	False	False	False	_	0	0	0	9	(dicevo ora di finire) son le sei e mezza,	(dicevo ora di finire) son le sei e mezza,	dicevo ora di finire son le sei e mezza
359	BX004	1101.305	1105.65	4.345	True	_	0	0	0	0	0	0	0	1	0	False	False	False	False	False	False	False	_	2	0	0	18	poi mi fa (.) ah ascolta, (.) >poi dopo ne, poi dopo poi dopo sai ne abbiamo anche un altro.<	poi mi fa (.) ah ascolta, (.) >poi dopo ne, poi dopo poi dopo sai ne abbiamo anche un altro<.	poi mi fa (.) ah ascolta (.) poi dopo ne poi dopo poi dopo sai ne abbiamo anche un altro
360	BX003	1106.615	1107.522	0.907	True	_	0	0	0	0	0	0	0	0	0	False	False	False	False	False	False	False	_	0	0	0	2	[oh madonna]	[oh madonna]	oh madonna
361	BX004	1106.616	1108.196	1.58	True	_	0	0	0	0	0	0	0	0	0	False	False	False	False	False	False	False	_	0	0	0	12	[ho detto un altro chi un a-] un altro l'altro chi?	[ho detto un altro chi un a-] un altro l'altro chi?	ho detto un altro chi un a- un altro l' altro chi
362	BX001	1108.256	1108.53	0.274	True	_	0	0	0	0	0	0	0	0	0	False	False	False	False	False	False	False	_	0	0	0	1	mh.	mh.	mh
363	BX004	1108.546	1113.766	5.22	True	_	0	0	0	0	0	0	0	0	0	False	False	False	False	False	False	False	_	0	0	0	19	<ma sì uno che uno che è stato operato eh ha avuto un problema> allora l'abbiam riportato [no::]	<ma sì uno che uno che è stato operato eh ha avuto un problema> allora l'abbiam riportato [no::]	ma sì uno che uno che è stato operato eh ha avuto un problema allora l' abbiam riportato no
364	BX001	1113.446	1114.906	1.46	True	_	0	0	0	0	0	0	0	0	0	False	False	False	False	False	False	False	_	0	0	0	5	[due] al prezzo di uno.	[due] al prezzo di uno.	due al prezzo di uno
365	BX004	1115.24	1116.356	1.116	True	_	0	0	0	0	0	0	0	0	0	False	False	False	False	False	False	False	_	0	0	0	1	no::.	no::.	no
366	BX004	1116.361	1118.111	1.75	True	_	0	0	0	0	0	0	0	0	0	False	False	False	False	False	False	False	_	0	0	0	8	ho detto va be' dai. [tanto] ormai son qua.	ho detto vabbè dai. [tanto] ormai son qua.	ho detto vabbè dai tanto ormai son qua
367	BX003	1117.121	1117.391	0.27	True	_	0	0	0	0	0	0	0	0	0	False	False	False	False	False	False	False	_	0	0	0	1	[come]	[come]	come
368	BX003	1118.231	1121.671	3.44	True	_	0	0	0	0	0	0	0	0	0	False	False	False	False	False	False	False	_	1	1	0	13	ah funziona così anche per voi nel senso c'è un altro. (.) okay ((ride))	ah funziona così anche per voi nel senso c'è un altro. (.) okay ((ride))	ah funziona così anche per voi nel senso c' è un altro (.) okay ((ride))
369	BX001	1121.691	1122.621	0.93	True	_	0	0	0	0	0	0	0	0	0	False	False	False	False	False	False	False	_	0	0	0	4	un altro in coda.	un altro in coda.	un altro in coda
370	BX004	1122.651	1123.641	0.99	True	_	0	0	0	0	0	0	0	0	0	False	False	False	False	False	False	False	_	0	1	0	1	eh: ((sbuffando))	eh: ((sbuffando))	eh ((sbuffando))
371	BX001	1123.701	1125.991	2.29	True	_	0	0	0	0	0	0	0	0	0	False	False	False	False	False	False	False	_	0	0	0	9	ah be' che [poi cosa] fai va be' torna domani.	ah be' che [poi cosa] fai vabbè torna domani.	ah be' che poi cosa fai vabbè torna domani
372	BX003	1124.121	1124.691	0.57	True	_	0	0	0	0	0	0	0	1	0	False	False	False	False	False	False	False	_	0	0	0	1	[strano.]	[strano].	strano
373	BX001	1126.261	1130.331	4.07	True	_	0	0	0	0	0	0	0	1	0	False	False	False	False	False	False	False	_	0	1	0	13	no mi sa di no. <con l'appendicite forse è meglio di no.> ((ridendo))	no mi sa di no. <con l'appendicite forse è meglio di no>. ((ridendo))	no mi sa di no con l' appendicite forse è meglio di no ((ridendo))
374	BX004	1130.934	1132.834	1.9	True	_	0	0	0	0	0	0	0	0	0	False	False	False	False	False	False	False	_	0	0	0	10	no ecco quando quando ce l'hai ce l'hai.	no ecco quando quando ce l'hai ce l'hai.	no ecco quando quando ce l' hai ce l' hai
375	BX004	1133.549	1136.369	2.82	True	_	0	0	0	0	0	0	0	0	0	False	False	False	False	False	False	False	_	1	0	0	11	[ci son- (.) ci son] diciamo ci son gli americani che hanno	[ci son- (.) ci son] diciamo ci son gli americani che hanno	ci son- (.) ci son diciamo ci son gli americani che hanno
376	BX001	1133.569	1134.65	1.081	True	_	0	0	0	0	0	0	0	0	0	False	False	False	False	False	False	False	_	0	0	0	4	[eh sì e e]	[eh sì e e]	eh sì e e
377	BX001	1136.924	1138.684	1.76	True	_	0	0	0	0	0	0	0	0	0	False	False	False	False	False	False	False	_	0	1	0	0	((ride)) [xxx]	((ride)) [xxx]	((ride)) xxx
378	BX004	1137.644	1143.05	5.406	True	_	0	0	0	0	0	0	0	0	0	False	False	False	False	False	False	False	_	0	0	0	8	[xxxx] sull'approccio sulla terapia antibiotica: (a) manetta: [e xxx]	[xxxx] sull'approccio sulla terapia antibiotica: (a) manetta: [e xxx]	xxxx sull' approccio sulla terapia antibiotica a manetta e xxx
379	BX001	1142.682	1147.102	4.42	True	_	0	0	0	0	0	0	0	1	0	False	False	False	False	False	False	False	_	2	0	0	10	[e lo la]sciano lì un po' (.) magari mi[gliora (.) magari muore.]	[e lo la]sciano lì un po' (.) magari mi[gliora (.) magari muore].	e lo lasciano lì un po' (.) magari migliora (.) magari muore
380	BX004	1145.082	1147.89	2.808	True	_	0	0	0	0	0	0	0	0	0	False	False	False	False	False	False	False	_	0	0	0	1	[(incomprensibile)]	[(incomprensibile)]	incomprensibile
381	BX001	1147.892	1148.922	1.03	True	_	0	0	0	0	0	0	0	0	0	False	False	False	False	False	False	False	_	0	1	0	2	(cioè cioè) ((ridendo))	(cioè cioè) ((ridendo))	cioè cioè ((ridendo))
382	BX004	1148.932	1153.912	4.98	True	_	0	0	0	0	0	0	0	0	0	False	False	False	False	False	False	False	_	0	0	0	18	[xxxx] in realtà ci son dei casi diciamo (i lo- i i loro numeri) son buoni perché effettivamente xxx migliorano	[xxxx] in realtà ci son dei casi diciamo (i lo- i i loro numeri) son buoni perché effettivamente xxx migliorano	xxxx in realtà ci son dei casi diciamo i lo- i i loro numeri son buoni perché effettivamente xxx migliorano
383	BX003	1148.947	1150.407	1.46	True	_	0	0	0	0	0	0	0	0	0	False	False	False	False	False	False	False	_	0	2	0	2	[((ride)) (magari migliora) ((ridendo))]	[((ride)) (magari migliora) ((ridendo))]	((ride)) magari migliora ((ridendo))
384	BX004	1154.767	1162.748	7.981	True	_	0	0	0	0	0	0	0	1	0	False	False	False	False	False	False	False	_	1	0	0	27	<però insomma diciamo che> (.) devi >diciamo< devi un attimo [xxx no.] no dev- devi un attimo devi un attimo (sop-) perché non puoi usare il metodo (con tutti.)	<però insomma diciamo che> (.) devi >diciamo< devi un attimo [xxx no]. no dev- devi un attimo devi un attimo (sop-) perché non puoi usare il metodo (con tutti.)	però insomma diciamo che (.) devi diciamo devi un attimo xxx no no dev- devi un attimo devi un attimo sop- perché non puoi usare il metodo con tutti
385	BX001	1158.208	1159.298	1.09	True	_	0	0	0	0	0	0	0	1	0	False	False	False	False	False	False	False	_	0	0	0	5	[sono un po' un rischio.]	[sono un po' un rischio].	sono un po' un rischio
386	BX001	1162.768	1163.728	0.96	True	_	0	0	0	0	0	0	0	0	0	False	False	False	False	False	False	False	_	0	0	0	3	ah be' cer[to]	ah be' cer[to]	ah be' certo
387	BX004	1163.553	1166.943	3.39	True	_	0	0	0	0	0	0	0	0	0	False	False	False	False	False	False	False	_	1	0	0	6	[devi] un attimo valutare chi (.) (incomprensibile)	[devi] un attimo valutare chi (.) (incomprensibile)	devi un attimo valutare chi (.) incomprensibile
388	BX004	1168.668	1176.02	7.352	True	_	0	0	0	0	0	0	0	0	0	False	False	False	False	False	False	False	_	1	0	0	21	sì infatti spera- infa- infatti dicevo dai xxxx perfetto vado qua in pan- che fa i pa- i panini, (.) xxxx (trovato) tutto chiuso.	sì infatti spera- infa- infatti dicevo dai xxxx perfetto vado qua in pan- che fa i pa- i panini, (.) xxxx (trovato) tutto chiuso.	sì infatti spera- infa- infatti dicevo dai xxxx perfetto vado qua in pan- che fa i pa- i panini (.) xxxx trovato tutto chiuso
389	BX004	1178.348	1178.638	0.29	True	_	0	0	0	0	0	0	0	0	0	False	False	False	False	False	False	False	_	0	0	0	2	°va be'°	°va be'°	va be'
390	BX001	1182.558	1184.22	1.662	True	_	0	0	0	0	0	0	0	1	0	False	False	False	False	False	False	False	_	0	0	0	6	eh va be' il dovere il dove[re.]	eh vabbè il dovere il dove[re].	eh vabbè il dovere il dovere
391	BX004	1184.028	1184.468	0.44	True	_	0	0	0	0	0	0	0	0	0	False	False	False	False	False	False	False	_	0	0	0	1	[buo]na.	[buo]na.	buona
392	BX001	1185.813	1188.423	2.61	True	_	0	0	0	0	0	0	0	1	0	False	False	False	False	False	False	False	_	0	0	0	9	[sì dai si di- si si (difende) xx molto buona,]	[sì dai si di- si si (difende) xx molto buona],	sì dai si di- si si difende xx molto buona
393	BX004	1185.813	1188.89	3.077	True	_	0	0	0	0	0	0	0	0	0	False	False	False	False	False	False	False	_	1	0	0	3	[(incomprensibile) (.)] molto buona.	[(incomprensibile) (.)] molto buona.	incomprensibile (.) molto buona
394	BX003	1187.363	1188.133	0.77	True	_	0	0	0	0	0	0	0	0	0	False	False	False	False	False	False	False	_	0	0	0	4	[piace anche a me]	[piace anche a me]	piace anche a me
395	BX001	1189.861	1193.21	3.349	True	_	0	0	0	0	0	0	0	0	0	False	False	False	False	False	False	False	_	0	0	0	11	no ma mh gua- me l'ha consigliata una ragazza [di:]	no ma mh gua- me l'ha consigliata una ragazza [di:]	no ma mh gua- me l' ha consigliata una ragazza di
396	BX004	1192.476	1193.256	0.78	True	_	0	0	0	0	0	0	0	0	0	False	False	False	False	False	False	False	_	0	0	0	2	[di] bolzano	[di] bolzano	di bolzano
397	BX001	1193.3	1194.83	1.53	True	_	0	0	0	0	0	0	0	0	0	False	False	False	False	False	False	False	_	0	0	0	4	eh sopra merano insomma,	eh sopra merano insomma,	eh sopra merano insomma
398	BX004	1194.94	1196.14	1.2	True	_	0	0	0	0	0	0	0	1	0	False	False	False	False	False	False	False	_	0	0	0	2	<veramente buona.>	<veramente buona>.	veramente buona
399	BX001	1198.975	1201.225	2.25	True	_	0	0	0	0	0	0	0	0	0	False	False	False	False	False	False	False	_	0	0	0	12	no no, m'ha detto, no ma devi prendere proprio quello lì.	no no, m'ha detto, no ma devi prendere proprio quello lì.	no no m' ha detto no ma devi prendere proprio quello lì
400	BX001	1201.865	1203.425	1.56	True	_	0	0	0	0	0	0	0	0	0	False	False	False	False	False	False	False	_	1	0	0	5	°va be' (.) prenderò quello lì.°	°va be' (.) prenderò quello lì.°	va be' (.) prenderò quello lì
401	BX001	1205.747	1207.187	1.44	True	_	0	0	0	0	0	0	0	0	0	False	False	False	False	False	False	False	_	1	0	0	3	glielo dirò. (.) riferirò.	glielo dirò. (.) riferirò.	glielo dirò (.) riferirò
402	BX001	1214.591	1218.421	3.83	True	_	0	0	0	0	0	0	0	1	0	False	False	False	False	False	False	False	_	1	0	0	10	andava lasciato fuori un pochino. (.) un pelino più [fresco era,]	andava lasciato fuori un pochino. (.) un pelino più [fresco era],	andava lasciato fuori un pochino (.) un pelino più fresco era
403	BX004	1217.341	1219.601	2.26	True	_	0	0	0	0	0	0	0	0	0	False	False	False	False	False	False	False	_	0	0	0	11	[mh. (sì esatto)] un po' di gradi in meno, però °insomma.°	[mh. (sì esatto)] un po' di gradi in meno, però °insomma.°	mh sì esatto un po' di gradi in meno però insomma
404	BX001	1220.351	1221.381	1.03	True	_	0	0	0	0	0	0	0	0	0	False	False	False	False	False	False	False	_	0	0	0	2	era top.	era top.	era top
405	BX001	1224.591	1226.801	2.21	True	_	0	0	0	0	0	0	0	0	0	False	False	False	False	False	False	False	_	1	0	0	5	però così ci: (.) ci piace.	però così ci: (.) ci piace.	però così ci (.) ci piace
406	BX002	1228.931	1231.161	2.23	True	_	0	0	0	0	0	0	0	0	0	False	False	False	False	False	False	False	_	0	0	0	8	mamma che abbiocco che ho, ho un sonno,	mamma che abbiocco che ho, ho un sonno,	mamma che abbiocco che ho ho un sonno
407	BX001	1231.261	1231.811	0.55	True	_	0	0	0	0	0	0	0	0	0	False	False	False	False	False	False	False	_	0	1	0	0	((ride))	((ride))	((ride))
408	BX001	1233.171	1235.931	2.76	True	_	0	0	0	0	0	0	0	0	0	False	False	False	False	False	False	False	_	0	0	0	9	va be' dai per oggi non hai da guardare netflix.	vabbè dai per oggi non hai da guardare netflix.	vabbè dai per oggi non hai da guardare netflix
409	BX002	1236.351	1237.051	0.7	True	_	0	0	0	0	0	0	0	0	0	False	False	False	False	False	False	False	_	0	0	0	1	°no,°	°no,°	no
410	BX001	1237.076	1241.31	4.234	True	_	3	0	0	0	0	0	0	1	0	False	False	False	False	False	False	False	_	0	2	1, .	13	((ride)) hai già finito ((ridendo)). ah no ma c'è la: la stagione quella [dopo.]	((ride)) hai già finito ((ridendo)) . ah no ma c'è la: la stagione quella [dopo].	((ride)) hai già finito ((ridendo)) . ah no ma c' è la la stagione quella dopo
411	BX002	1240.858	1241.778	0.92	True	_	0	0	0	0	0	0	0	0	0	False	False	False	False	False	False	False	_	0	0	0	2	[di mes]sico.	[di mes]sico.	di messico
412	BX001	1241.808	1242.898	1.09	True	_	0	0	0	0	0	0	0	0	0	False	False	False	False	False	False	False	_	0	1	0	0	((ride))	((ride))	((ride))
413	BX002	1243.928	1248.36	4.432	True	_	0	0	0	0	0	0	0	0	0	False	False	False	False	False	False	False	_	1	0	0	13	non lo so volevo guardare qualcosa:, (.) perché avevo visto una serie in norvegese,	non lo so volevo guardare qualcosa:, (.) perché avevo visto una serie in norvegese,	non lo so volevo guardare qualcosa (.) perché avevo visto una serie in norvegese
414	BX002	1249.098	1250.878	1.78	True	_	0	0	0	0	0	0	0	0	0	False	False	False	False	True	False	False	416=0.230,415=0.730	0	0	0	5	e [volevo guardare] qualcos'altro,	e [volevo guardare] qualcos'altro,	e volevo guardare qualcos' altro
415	BX001	1249.238	1249.968	0.73	True	_	0	0	0	0	0	0	0	1	0	False	False	False	False	False	False	False	_	0	0	0	1	[eccola.]	[eccola].	eccola
416	BX001	1250.648	1252.1	1.452	True	_	0	0	0	0	0	0	0	0	0	False	False	False	False	True	False	False	414=0.230,417=0.760	0	1	0	0	[xxx] ((ridendo))	[xxx] ((ridendo))	xxx ((ridendo))
417	BX003	1251.338	1252.098	0.76	True	_	0	0	0	0	0	0	0	1	0	False	False	False	False	False	False	False	_	0	0	0	1	[skam.]	[skam].	skam
418	BX002	1252.419	1254.979	2.56	True	_	0	0	0	0	0	0	0	0	0	False	False	False	False	False	False	False	_	1	0	0	7	no. (.) no no no si chiama: ragnarok.	no. (.) no no no si chiama: ragnarok.	no (.) no no no si chiama ragnarok
419	BX003	1255.009	1255.289	0.28	True	_	0	0	0	0	0	0	0	0	0	False	False	False	False	False	False	False	_	0	0	0	1	°ah.°	°ah.°	ah
420	BX002	1255.494	1256.504	1.01	True	_	0	0	0	0	0	0	0	0	0	False	False	False	False	False	False	False	_	0	1	0	1	ragnarok. ((pronunciandolo con pronuncia norvegese))	ragnarok. ((pronunciandolo_con_pronuncia_norvegese))	ragnarok ((pronunciandolo_con_pronuncia_norvegese))
421	BX001	1256.634	1257.204	0.57	True	_	0	0	0	0	0	0	0	0	0	False	False	False	False	False	False	False	_	0	0	0	2	ah=ah.	ah=ah.	ah ah
422	BX002	1257.824	1261.044	3.22	True	_	0	0	0	0	0	0	0	0	0	False	False	False	False	False	False	False	_	0	0	0	9	e niente volevo guardare qualcosa in una lingua strana,	e niente volevo guardare qualcosa in una lingua strana,	e niente volevo guardare qualcosa in una lingua strana
423	BX003	1261.214	1262.394	1.18	True	_	0	0	0	0	0	0	0	0	0	False	False	False	False	False	False	False	_	0	0	0	4	cerca qualcosa in cimbro.	cerca qualcosa in cimbro.	cerca qualcosa in cimbro
424	BX002	1263.409	1264.45	1.041	True	_	0	0	0	0	0	0	0	0	0	False	False	False	False	False	False	False	_	0	1	0	2	[((ride)) (e magari)]	[((ride)) (e magari)]	((ride)) e magari
425	BX001	1263.409	1265.369	1.96	True	_	0	0	0	0	0	0	0	0	True	False	False	False	False	False	False	False	_	0	1	0	5	[((ride)) (a te pi]ace il cimbro)	[((ride)) (a te pi]ace il cimbro)	((ride)) a te piace il cimbro
426	BX002	1265.364	1266.094	0.73	True	_	0	0	0	0	0	0	0	0	True	False	False	False	False	False	False	False	425=0.005	0	0	0	1	magari.	magari.	magari
427	BX003	1266.784	1269.374	2.59	True	_	0	0	0	0	0	0	0	0	0	False	False	False	False	False	False	False	_	1	0	0	5	uscita nel duemilaventi (.) telefilm eh:	uscita nel duemilaventi (.) telefilm eh:	uscita nel duemilaventi (.) telefilm eh
428	BX002	1269.384	1269.964	0.58	True	_	0	0	0	0	0	0	0	0	0	False	False	False	False	False	False	False	_	0	1	0	0	((ride))	((ride))	((ride))
429	BX003	1269.989	1271.41	1.421	True	_	0	0	0	0	0	0	0	0	0	False	False	False	False	False	False	False	_	0	0	0	4	serie tv in cimbro.	serie tv in cimbro.	serie tv in cimbro
430	BX002	1272.564	1274.354	1.79	True	_	0	0	0	0	0	0	0	0	0	False	False	False	False	False	False	False	_	0	0	0	3	boh: cioè mh:	boh: cioè mh:	boh cioè mh
431	BX002	1274.744	1279.09	4.346	True	_	0	0	0	0	0	0	0	0	0	False	False	False	False	False	False	False	_	0	0	0	12	volevo guardare viching- vikings lì [però è] in inglese >ho detto< eh,	volevo guardare viching- vikings lì [però è] in inglese >ho detto< eh,	volevo guardare viching- vikings lì però è in inglese ho detto eh
432	BX003	1277.194	1277.674	0.48	True	_	0	0	0	0	0	0	0	0	0	False	False	False	False	False	False	False	_	0	0	0	1	[ah]	[ah]	ah
433	BX002	1280.074	1284.354	4.28	True	_	0	0	0	0	0	0	0	1	0	False	False	False	False	False	False	False	_	1	0	0	12	non è per niente credibile in inglese (.) dovevano farlo tipo in islande[se,]	non è per niente credibile in inglese (.) dovevano farlo tipo in islande[se],	non è per niente credibile in inglese (.) dovevano farlo tipo in islandese
434	BX001	1284.169	1287.829	3.66	True	_	0	0	0	0	0	0	0	0	0	False	False	False	False	False	False	False	_	0	0	0	12	[sì] ma poi alla fine se entri è come: come chernobyl no?	[sì] ma poi alla fine se entri è come: come chernobyl no?	sì ma poi alla fine se entri è come come chernobyl no
435	BX001	1288.849	1293.899	5.05	True	_	0	0	0	0	0	0	0	0	0	False	False	False	False	False	False	False	_	0	0	1, be':	12	che dopo un po':: dici va be': okay e: però comunqe è molto:	che dopo un po':: dici va be': okay e: però comunqe è molto:	che dopo un po' dici va be': okay e però comunqe è molto
436	BX001	1294.859	1298.33	3.471	True	_	0	0	0	0	0	0	0	0	0	False	False	False	False	False	False	False	_	0	0	0	13	è fatta bene insomma [hanno fatto] questa scelta hanno preso questa [linea qu-]	è fatta bene insomma [hanno fatto] questa scelta hanno preso questa [linea qu-]	è fatta bene insomma hanno fatto questa scelta hanno preso questa linea qu-
437	BX002	1295.989	1296.649	0.66	True	_	0	0	0	0	0	0	0	1	0	False	False	False	False	False	False	False	_	0	0	0	2	[sì sì.]	[sì sì].	sì sì
438	BX002	1297.899	1300.33	2.431	True	_	0	0	0	0	0	0	0	0	0	False	False	False	False	False	False	False	_	1	0	0	10	[sì] però non è che ho tantissimo tempo per (.) cioè	[sì] però non è che ho tantissimo tempo per (.) cioè	sì però non è che ho tantissimo tempo per (.) cioè
439	BX002	1300.989	1302.899	1.91	True	_	0	0	0	0	0	0	0	0	0	False	False	False	False	False	False	False	_	0	0	0	6	cioè tipo ieri sera ho letto,	cioè tipo ieri sera ho letto,	cioè tipo ieri sera ho letto
440	BX001	1303.109	1303.689	0.58	True	_	0	0	0	0	0	0	0	0	0	False	False	False	False	False	False	False	_	0	0	0	2	mh=[mh]	mh=[mh]	mh mh
441	BX002	1303.434	1307.044	3.61	True	_	0	0	0	0	0	0	0	0	0	False	False	False	False	False	False	False	_	0	0	0	7	[la:] dispensa questa: del (pollution) eccetera eccetera	[la:] dispensa questa: del (pollution) eccetera eccetera	la dispensa questa del pollution eccetera eccetera
442	BX001	1307.154	1308.384	1.23	True	_	0	0	0	0	0	0	0	0	0	False	False	False	False	False	False	False	_	0	0	0	4	ah già della verdi	ah già della verdi	ah già della verdi
443	BX002	1308.944	1310.054	1.11	True	_	0	0	0	0	0	0	0	0	0	False	False	False	False	False	False	False	_	0	0	0	1	e::	e::	e
444	BX002	1311.824	1316.094	4.27	True	_	0	0	0	0	0	0	0	1	0	False	False	False	False	False	False	False	_	0	0	0	15	non è che ho proprio >(tantissimo) tempo< quindi voglio guardare qualcosa che veramen[te mi piaccia.]	non è che ho proprio >(tantissimo) tempo< quindi voglio guardare qualcosa che veramen[te mi piaccia].	non è che ho proprio tantissimo tempo quindi voglio guardare qualcosa che veramente mi piaccia
445	BX001	1315.124	1316.084	0.96	True	_	0	0	0	0	0	0	0	1	0	False	False	False	False	False	False	False	_	0	0	0	3	[che ti piaccia.]	[che ti piaccia].	che ti piaccia
446	BX002	1319.139	1319.549	0.41	True	_	0	0	0	0	0	0	0	0	0	False	False	False	False	False	False	False	_	0	0	0	1	bo'.	bo'.	bo'
447	BX003	1321.399	1322.039	0.64	True	_	0	0	0	0	0	0	0	0	0	False	False	False	False	False	False	False	_	0	0	0	1	mh:	mh:	mh
448	BX002	1322.704	1326.604	3.9	True	_	0	0	0	0	0	0	0	0	0	False	False	False	False	False	False	False	_	1	0	0	9	tipo alessia mi ha consigliato una serie in: (.) ebraico,	tipo alessia mi ha consigliato una serie in: (.) ebraico,	tipo alessia mi ha consigliato una serie in (.) ebraico
449	BX001	1327.189	1327.749	0.56	True	_	0	0	0	0	0	0	0	0	0	False	False	False	False	False	False	False	_	0	0	0	2	ma dai.	ma dai.	ma dai
450	BX002	1329.424	1331.574	2.15	True	_	0	0	0	0	0	0	0	0	0	False	False	False	False	False	False	False	_	0	0	0	3	sciscia: scia- qualcosa.	sciscia: scia- qualcosa.	sciscia scia- qualcosa
451	BX003	1332.144	1334.599	2.455	True	_	0	0	0	0	0	0	0	0	0	False	False	False	False	False	False	False	_	0	0	0	11	eh ma cosa fai la guardi e poi metti i sottotitoli?	eh ma cosa fai la guardi e poi metti i sottotitoli?	eh ma cosa fai la guardi e poi metti i sottotitoli
452	BX002	1334.944	1336.49	1.546	True	_	0	0	0	0	0	0	0	1	0	False	False	False	False	False	False	False	_	0	0	0	4	eh sì [(guardo) sottotitoli.]	eh sì [(guardo) sottotitoli].	eh sì guardo sottotitoli
453	BX003	1335.299	1336.489	1.19	True	_	0	0	0	0	0	0	0	1	0	False	False	False	False	False	False	False	_	0	0	0	3	[poi per sentire?]	[poi per sentire]?	poi per sentire
454	BX002	1336.969	1341.509	4.54	True	_	0	0	0	0	0	0	0	0	0	False	False	False	False	False	False	False	_	2	0	0	14	sì [anch- eh quella] in norvegese l'ho guardata coi sottotitoli. (.) in tedesco, (.) però.	sì [anch- eh quella] in norvegese l'ho guardata coi sottotitoli. (.) in tedesco, (.) però.	sì anch- eh quella in norvegese l' ho guardata coi sottotitoli (.) in tedesco (.) però
455	BX003	1337.049	1337.979	0.93	True	_	0	0	0	0	0	0	0	1	0	False	False	False	False	False	False	False	_	0	0	0	3	[alleni l'orecchio.]	[alleni l'orecchio].	alleni l' orecchio
456	BX002	1344.134	1349.01	4.876	True	_	0	0	0	0	0	0	0	0	0	False	False	False	False	False	False	False	_	1	0	0	14	sì così per sentira una: cosa diversa, (.) a me piace la cantilena del norvegese.	sì così per sentira una: cosa diversa, (.) a me piace la cantilena del norvegese.	sì così per sentira una cosa diversa (.) a me piace la cantilena del norvegese
457	BX002	1349.489	1351.864	2.375	True	_	0	0	0	0	0	0	0	0	0	False	False	False	False	False	False	False	_	0	0	0	3	[(incomprensibile)] sono carine.	[(incomprensibile)] sono carine.	incomprensibile sono carine
458	BX003	1349.489	1351.09	1.601	True	_	0	0	0	0	0	0	0	0	0	False	False	False	False	False	False	False	_	0	0	0	3	[(svedese, xxghese, sì)]	[(svedese, xxghese, sì)]	svedese xxghese sì
459	BX001	1350.029	1350.989	0.96	True	_	0	0	0	0	0	0	0	1	0	False	False	False	False	False	False	False	_	1	0	0	2	[mh, (.) mh.]	[mh, (.) mh].	mh (.) mh
460	BX003	1353.759	1354.259	0.5	True	_	0	0	0	0	0	0	0	0	0	False	False	False	False	False	False	False	_	0	0	0	2	mh=mh.	mh=mh.	mh mh
461	BX002	1356.387	1359.347	2.96	True	_	0	0	0	0	0	0	0	0	0	False	False	False	False	False	False	False	_	0	0	0	9	cavolo [tu avresti potuto fare] quella cosa lì quel:	cavolo [tu avresti potuto fare] quella cosa lì quel:	cavolo tu avresti potuto fare quella cosa lì quel
462	BX003	1356.737	1357.807	1.07	True	_	0	0	0	0	0	0	0	1	0	False	False	False	False	False	False	False	_	0	0	0	2	[eh svedese,]	[eh svedese],	eh svedese
463	BX002	1360.032	1361.832	1.8	True	_	0	0	0	0	0	0	0	0	0	False	False	False	False	False	False	False	_	0	0	0	4	quel pro[getto lì] per:	quel pro[getto lì] per:	quel progetto lì per
464	BX003	1360.297	1360.747	0.45	True	_	0	0	0	0	0	0	0	1	0	False	False	False	False	False	False	False	_	0	0	0	1	[eh.]	[eh].	eh
465	BX003	1361.987	1363.177	1.19	True	_	0	0	0	0	0	0	0	0	0	False	False	False	False	False	False	False	_	0	0	0	1	multicultural	multicultural	multicultural
466	BX002	1363.927	1365.997	2.07	True	_	0	0	0	0	0	0	0	0	0	False	False	False	False	False	False	False	_	0	0	0	2	mehrsprachigkeit soziolinguistics.	mehrsprachigkeit soziolinguistics.	mehrsprachigkeit soziolinguistics
467	BX002	1366.147	1370.74	4.593	True	_	0	0	0	0	0	0	0	0	0	False	False	False	False	False	False	False	_	1	0	0	17	che=che poi nel piano tipo (.)  c'è scritto soc- sociol- c'è è tutto in inglese.	che=che poi nel piano tipo (.) c'è scritto soc- sociol- c'è è tutto in inglese.	che che poi nel piano tipo (.) c' è scritto soc- sociol- c' è è tutto in inglese
468	BX003	1370.862	1371.372	0.51	True	_	0	0	0	0	0	0	0	0	0	False	False	False	False	False	False	False	_	0	0	0	2	mh=mh.	mh=mh.	mh mh
469	BX002	1371.395	1381.19	9.795	True	_	0	0	0	0	0	0	0	1	0	False	False	False	False	False	False	False	_	3	0	0	16	<sociolinguistic and multi:lingualism no?> (.) invece, (.) è in tedesco il corso. quindi è (.) soziolinguistik und mehsprachigkeit però.	<sociolinguistic and multi:lingualism no>? (.) invece, (.) è in tedesco il corso. quindi è (.) soziolinguistik und mehsprachigkeit però.	sociolinguistic and multilingualism no (.) invece (.) è in tedesco il corso quindi è (.) soziolinguistik und mehsprachigkeit però
470	BX003	1382.197	1387.187	4.99	True	_	0	0	0	0	0	0	0	0	0	False	False	False	False	False	False	False	_	1	0	0	14	eh perché sì. (.) non so perché lo mettono in ingle[se però eh:] verdi è:	eh perché sì. (.) non so perché lo mettono in ingle[se però eh:] verdi è:	eh perché sì (.) non so perché lo mettono in inglese però eh verdi è
471	BX002	1384.747	1386.087	1.34	True	_	0	0	0	0	0	0	0	1	0	False	False	False	False	False	False	False	_	0	0	0	6	[il sillabo è tutto in inglese,]	[il sillabo è tutto in inglese],	il sillabo è tutto in inglese
472	BX003	1387.852	1389.02	1.168	True	_	0	0	0	0	0	0	0	0	0	False	False	False	False	False	False	False	_	0	0	0	4	[è in inglese credo]	[è in inglese credo]	è in inglese credo
473	BX002	1387.962	1389.342	1.38	True	_	0	0	0	0	0	0	0	0	0	False	False	False	False	False	False	False	_	0	0	0	7	[sì è in inglese] sì sì sì.	[sì è in inglese] sì sì sì.	sì è in inglese sì sì sì
474	BX003	1391.427	1394.677	3.25	True	_	0	0	0	0	0	0	0	0	0	False	False	False	False	False	False	False	_	1	0	0	9	forse inizialmente volevano mettere in inglese quello. (.) anche tutto.	forse inizialmente volevano mettere in inglese quello. (.) anche tutto.	forse inizialmente volevano mettere in inglese quello (.) anche tutto
475	BX003	1394.947	1395.617	0.67	True	_	0	0	0	0	0	0	0	0	0	False	False	False	False	False	False	False	_	0	0	0	1	bo'.	bo'.	bo'
476	BX002	1395.647	1396.857	1.21	True	_	0	0	0	0	0	0	0	1	0	False	False	False	False	False	False	False	_	0	0	0	3	no per fortu[na.]	no per fortu[na].	no per fortuna
477	BX003	1396.417	1397.717	1.3	True	_	0	0	0	0	0	0	0	0	0	False	False	False	False	False	False	False	_	1	0	0	4	[però] la, (.) no sì.	[però] la, (.) no sì.	però la (.) no sì
478	BX003	1397.842	1399.142	1.3	True	_	0	0	0	0	0	0	0	0	0	False	False	False	False	False	False	False	_	0	0	0	4	no: troppo in inglese.	no: troppo in inglese.	no troppo in inglese
479	BX002	1399.177	1402.677	3.5	True	_	0	0	0	0	0	0	0	0	0	False	False	False	False	False	False	False	_	1	0	0	11	io proprio il giovedì faccio fatica. (.) cioè il giovedì sono stanca,	io proprio il giovedì faccio fatica. (.) cioè il giovedì sono stanca,	io proprio il giovedì faccio fatica (.) cioè il giovedì sono stanca
480	BX002	1403.437	1404.277	0.84	True	_	0	0	0	0	0	0	0	0	0	False	False	False	False	False	False	False	_	0	0	0	3	no il giovedì.	no il giovedì.	no il giovedì
481	BX002	1404.922	1407.882	2.96	True	_	0	0	0	0	0	0	0	0	0	False	False	False	False	False	False	False	_	0	0	0	10	ma il mercoledì io sono stanca, perché è in inglese.	ma il mercoledì io sono stanca, perché è in inglese.	ma il mercoledì io sono stanca perché è in inglese
482	BX001	1408.517	1412.36	3.843	True	_	0	0	0	0	0	0	0	0	0	False	False	False	False	False	False	False	_	1	0	0	14	come dice un mio amico, tutti i giorni che finiscono in i, (.) sono stanco.	come dice un mio amico, tutti i giorni che finiscono in i, (.) sono stanco.	come dice un mio amico tutti i giorni che finiscono in i (.) sono stanco
483	BX002	1412.997	1414.297	1.3	True	_	0	0	0	0	0	0	0	0	0	False	False	False	False	False	False	False	_	0	1	0	1	((ride)) sempre.	((ride)) sempre.	((ride)) sempre
484	BX001	1416.182	1417.802	1.62	True	_	0	0	0	0	0	0	0	0	0	False	False	False	False	False	False	False	_	0	0	0	6	più il sabato e la domenica.	più il sabato e la domenica.	più il sabato e la domenica
485	BX001	1420.347	1422.837	2.49	True	_	0	0	0	0	0	0	0	0	0	False	False	False	False	False	False	False	_	0	0	0	7	ma hai visto il video: di trump?	ma hai visto il video: di trump?	ma hai visto il video di trump
486	BX002	1422.967	1427.667	4.7	True	_	0	0	0	0	0	0	0	0	0	False	False	False	False	False	False	False	_	0	0	0	10	sì sì sì però in realtà quello lì è (incomprensibile)	sì sì sì però in realtà quello lì è (incomprensibile)	sì sì sì però in realtà quello lì è incomprensibile
487	BX001	1428.032	1431.1	3.068	True	_	0	0	0	0	0	0	0	0	True	False	False	False	False	False	False	False	_	1	0	0	11	ah sì ce [n'è: ce n'è va be' (.) ma perché:]	ah sì ce [n'è: ce n'è vabbè (.) ma perché:]	ah sì ce n' è ce n' è vabbè (.) ma perché
488	BX002	1428.922	1430.992	2.07	True	_	0	0	0	0	0	0	0	0	0	False	False	False	False	False	False	False	_	0	1	0	7	[c'è c'è cardi b ovunque, ((ride))]	[c'è c'è cardi b ovunque, ((ride))]	c' è c' è cardi b ovunque ((ride))
489	BX003	1431.082	1434.192	3.11	True	_	0	0	0	0	0	0	0	0	True	False	False	False	False	False	False	False	487=0.018	0	0	0	15	c'è quel, quel l'ho visto anch'io >non l'ho visto tutto< però:	c'è quel, quel l'ho visto anch'io >non l'ho visto tutto< però:	c' è quel quel l' ho visto anch' io non l' ho visto tutto però
490	BX002	1434.412	1435.792	1.38	True	_	0	0	0	0	0	0	0	0	0	False	False	False	False	False	False	False	_	0	0	0	5	c'è cardi b ovunque.	c'è cardi b ovunque.	c' è cardi b ovunque
491	BX001	1436.267	1437.467	1.2	True	_	0	0	0	0	0	0	0	0	0	False	False	False	False	False	False	False	_	0	0	0	4	sì sì no ma,	sì sì no ma,	sì sì no ma
492	BX001	1438.192	1440.702	2.51	True	_	0	0	0	0	0	0	0	1	0	False	False	False	False	False	False	False	_	1	0	0	9	è pazzesco. (.) cioè il lavoro [che c'è dietro,]	è pazzesco. (.) cioè il lavoro [che c'è dietro],	è pazzesco (.) cioè il lavoro che c' è dietro
493	BX002	1439.562	1443.932	4.37	True	_	0	0	0	0	0	0	0	0	0	False	False	False	False	False	False	False	_	0	0	0	17	[adesso ho capito cosa vuol di-] cosa hai voluto cosa volevi dire con [anche lui è un:]	[adesso ho capito cosa vuol di-] cosa hai voluto cosa volevi dire con [anche lui è un:]	adesso ho capito cosa vuol di- cosa hai voluto cosa volevi dire con anche lui è un
494	BX003	1442.572	1446.297	3.725	True	_	0	0	0	0	0	0	0	1	0	False	False	False	False	False	False	False	_	0	0	0	11	[eh anch'io.] non non pensavo che lo facesse in diretta.	[eh anch'io]. non non pensavo che lo facesse in diretta.	eh anch' io non non pensavo che lo facesse in diretta
495	BX002	1446.387	1446.867	0.48	True	_	0	0	0	0	0	0	0	0	0	False	False	False	False	False	False	False	_	0	0	0	1	°sì.°	°sì.°	sì
496	BX001	1447.242	1447.942	0.7	True	_	0	0	0	0	0	0	0	0	0	False	False	False	False	False	False	False	_	0	0	0	2	è pazzesco.	è pazzesco.	è pazzesco
497	BX003	1448.337	1448.927	0.59	True	_	0	0	0	0	0	0	0	0	0	False	False	False	False	False	False	False	_	0	0	0	1	wow.	wow.	wow
498	BX001	1449.18	1450.247	1.067	True	_	0	0	0	0	0	0	0	0	0	False	False	False	False	False	False	False	_	0	0	0	2	cioè [troppo]	cioè [troppo]	cioè troppo
499	BX002	1449.657	1455.146	5.489	True	_	0	0	0	0	0	0	0	0	True	False	False	False	False	False	False	False	_	1	0	0	19	[cioè lui] aveva un monitor lì con: (.) i suoi video, la raccolta dei suoi video, e lui si metteva	[cioè lui] aveva un monitor lì con: (.) i suoi video, la raccolta dei suoi video, e lui si metteva	cioè lui aveva un monitor lì con (.) i suoi video la raccolta dei suoi video e lui si metteva
500	BX001	1455.137	1456.797	1.66	True	_	0	0	0	0	0	0	0	0	True	False	False	False	False	False	False	False	499=0.009	0	0	0	7	l'ha fatto altre venti volte eh.	l'ha fatto altre venti volte eh.	l' ha fatto altre venti volte eh
501	BX002	1456.802	1457.372	0.57	True	_	0	0	0	0	0	1	0	0	0	False	False	False	False	False	True	False	502=0.260	0	0	0	1	dici?=	dici?	dici
502	BX001	1457.112	1458.312	1.2	True	_	0	0	0	0	0	1	0	0	0	False	False	False	False	False	True	False	501=0.260	0	0	0	4	=prima che venisse bene.	prima che venisse bene.	prima che venisse bene
503	BX002	1458.437	1458.927	0.49	True	_	0	0	0	0	0	0	0	0	0	False	False	False	False	False	False	False	_	0	0	0	2	ah be'.	ah be'.	ah be'
504	BX001	1458.937	1459.747	0.81	True	_	0	0	0	0	0	0	0	0	0	False	False	False	False	False	False	False	_	0	0	0	3	sì sì sì.	sì sì sì.	sì sì sì
505	BX002	1460.457	1461.249	0.792	True	_	0	0	0	0	0	0	0	0	0	False	False	False	False	False	False	False	_	0	0	0	3	ma è simpa[tico]	ma è simpa[tico]	ma è simpatico
506	BX001	1461.077	1464.457	3.38	True	_	0	0	0	0	0	0	0	0	0	False	False	False	False	False	False	False	_	0	0	0	17	[ma] quello, quello di trump ah non te l'ho mandato. perché c'è uno di trump,	[ma] quello, quello di trump ah non te l'ho mandato. perché c'è uno di trump,	ma quello quello di trump ah non te l' ho mandato perché c' è uno di trump
507	BX003	1464.652	1464.912	0.26	True	_	0	0	0	0	0	0	0	0	0	False	False	False	False	False	False	False	_	0	0	0	1	mh.	mh.	mh
508	BX001	1464.917	1468.557	3.64	True	_	0	0	0	0	0	0	0	0	True	False	False	False	False	False	False	False	509=0.010	1	0	0	10	che parla, (.) e c'è uno che suona il sax.	che parla, (.) e c'è uno che suona il sax.	che parla (.) e c' è uno che suona il sax
509	BX003	1468.547	1469.647	1.1	True	_	0	0	0	0	0	0	0	0	True	False	False	False	False	False	False	False	_	0	0	0	4	ah [sì sì sì]	ah [sì sì sì]	ah sì sì sì
510	BX001	1468.717	1471.627	2.91	True	_	0	0	0	0	0	0	0	1	0	False	False	False	False	False	False	False	_	0	0	0	8	[e col sax] fa: la voce [di trump.]	[e col sax] fa: la voce [di trump].	e col sax fa la voce di trump
511	BX002	1470.807	1471.627	0.82	True	_	0	0	0	0	0	0	0	1	0	False	False	False	False	False	False	False	_	0	0	0	2	[è uguale.]	[è uguale].	è uguale
512	BX002	1471.797	1472.597	0.8	True	_	0	0	0	0	0	0	0	0	0	False	False	False	False	False	False	False	_	0	0	0	1	ugualissimo.	ugualissimo.	ugualissimo
513	BX001	1472.652	1473.49	0.838	True	_	0	0	0	0	0	0	0	0	0	False	False	False	False	False	False	False	_	0	0	0	1	pazzesco	pazzesco	pazzesco
514	BX001	1474.547	1478.497	3.95	True	_	0	0	0	0	0	0	0	0	0	False	False	False	False	False	False	False	_	2	0	0	14	pazzesco. (.) anche perché c'è un pianoforte sotto. (.) e quindi viene proprio un pezzo.	pazzesco. (.) anche perché c'è un pianoforte sotto. (.) e quindi viene proprio un pezzo.	pazzesco (.) anche perché c' è un pianoforte sotto (.) e quindi viene proprio un pezzo
515	BX002	1479.158	1481.248	2.09	True	_	0	0	0	0	0	0	0	0	0	False	False	False	False	False	False	False	_	0	0	0	4	sembra veramente musica cioè:	sembra veramente musica cioè:	sembra veramente musica cioè
516	BX001	1481.258	1482.13	0.872	True	_	0	0	0	0	0	0	0	0	0	False	False	False	False	False	False	False	_	1	0	0	3	è geniale. (.) eh.	è geniale. (.) eh.	è geniale (.) eh
517	BX001	1482.678	1484.272	1.594	True	_	0	0	0	0	0	0	0	1	0	False	False	False	False	False	False	False	_	0	0	0	3	mh: geniale [geniale.]	mh: geniale [geniale].	mh geniale geniale
518	BX002	1483.963	1488.933	4.97	True	_	0	0	0	0	0	0	0	1	0	False	False	False	False	False	False	False	_	1	0	0	13	[soprattutto] cardi b. (.) cioè no veramente >però<, allora lei dice delle stronzate:: [veramente:,]	[soprattutto] cardi b. (.) cioè no veramente >però<, allora lei dice delle stronzate:: [veramente:],	soprattutto cardi b (.) cioè no veramente però allora lei dice delle stronzate veramente
519	BX001	1488.323	1488.933	0.61	True	_	0	0	0	0	0	0	0	0	0	False	False	False	False	False	False	False	_	0	0	0	1	[(pazzesco)]	[(pazzesco)]	pazzesco
520	BX002	1489.343	1490.56	1.217	True	_	0	0	0	0	0	0	0	0	0	False	False	False	False	False	False	False	_	0	0	0	2	però: mh:,	però: mh:,	però mh
521	BX002	1492.153	1494.623	2.47	True	_	0	0	0	0	0	0	0	0	0	False	False	False	False	False	False	False	_	0	0	0	9	sembra un testo rap, tra l'altro lei fa:	sembra un testo rap, tra l'altro lei fa:	sembra un testo rap tra l' altro lei fa
522	BX002	1495.231	1496.631	1.4	True	_	0	0	0	0	0	0	0	0	0	False	False	False	False	False	False	False	_	0	0	0	3	fa rap quindi:,	fa rap quindi:,	fa rap quindi
523	BX001	1496.706	1498.06	1.354	True	_	0	0	0	0	0	0	0	0	0	False	False	False	False	False	False	False	_	0	0	0	6	sì sì no ma è incredibile.	sì sì no ma è incredibile.	sì sì no ma è incredibile
524	BX002	1498.101	1499.941	1.84	True	_	0	0	0	0	0	0	0	0	0	False	False	False	False	False	False	False	_	0	0	0	5	(siamo cioè) comunque abituati [a:]	(siamo cioè) comunque abituati [a:]	siamo cioè comunque abituati a
525	BX001	1499.636	1501.446	1.81	True	_	0	0	0	0	0	0	0	0	0	False	False	False	False	False	False	False	_	0	0	0	5	[cioè] poi è veramente geniale.	[cioè] poi è veramente geniale.	cioè poi è veramente geniale
526	BX002	1501.606	1502.016	0.41	True	_	0	0	0	0	0	0	0	0	0	False	False	False	False	False	False	False	_	0	0	0	1	sì.	sì.	sì
527	BX001	1503.456	1508.676	5.22	True	_	0	0	0	0	0	0	0	1	0	False	False	False	False	False	False	False	_	1	0	0	16	geniale. quelli, quegli altri infatti non non si trovano più. (.) quelli che avevo visto tempo [fa,]	geniale. quelli, quegli altri infatti non non si trovano più. (.) quelli che avevo visto tempo [fa],	geniale quelli quegli altri infatti non non si trovano più (.) quelli che avevo visto tempo fa
528	BX002	1508.506	1509.196	0.69	True	_	0	0	0	0	0	0	0	1	0	False	False	False	False	False	False	False	_	0	0	0	1	[ah.]	[ah].	ah
529	BX001	1509.746	1512.246	2.5	True	_	0	0	0	0	0	0	0	1	0	False	False	False	False	False	False	False	_	0	0	0	4	e li hanno:: [cancellati:,]	e li hanno:: [cancellati:],	e li hanno cancellati
530	BX002	1511.206	1512.226	1.02	True	_	0	0	0	0	0	0	0	1	0	False	False	False	False	False	False	False	_	0	0	0	1	[cancellati.]	[cancellati].	cancellati
531	BX001	1512.371	1515.781	3.41	True	_	0	0	0	0	0	0	0	1	0	False	False	False	False	False	False	False	_	0	0	0	14	magari da qualche parte si trovano però sul suo canale non ci sono [più.]	magari da qualche parte si trovano però sul suo canale non ci sono [più].	magari da qualche parte si trovano però sul suo canale non ci sono più
532	BX002	1515.431	1517.45	2.019	True	_	0	0	0	0	0	0	0	1	0	False	False	False	False	False	False	False	_	1	1	0	5	[((ride))] siti russi. (.) no forse [no.]	[((ride))] siti russi. (.) no forse [no].	((ride)) siti russi (.) no forse no
533	BX001	1517.315	1519.565	2.25	True	_	0	0	0	0	0	0	0	0	0	False	False	False	False	False	False	False	_	1	0	0	4	[sì] boh chissà (.) chissà.	[sì] boh chissà (.) chissà.	sì boh chissà (.) chissà
534	BX002	1520.465	1522.445	1.98	True	_	0	0	0	0	0	0	0	1	0	False	False	False	False	False	False	False	_	0	0	0	3	[>domani ho russo.< xxx]	[>domani ho russo<. xxx]	domani ho russo xxx
535	BX001	1520.465	1522.765	2.3	True	_	0	0	0	0	0	0	0	1	0	False	False	False	False	False	False	False	_	0	0	0	6	[però sì c'ha un talento:,]	[però sì c'ha un talento:],	però sì c' ha un talento
536	BX003	1522.02	1524.44	2.42	True	_	0	0	0	0	0	0	0	0	0	False	False	False	False	False	False	False	_	0	2	0	5	[((ride)) tutte le] volte ti dimentichi. ((ridendo))	[((ride)) tutte le] volte ti dimentichi. ((ridendo))	((ride)) tutte le volte ti dimentichi ((ridendo))
537	BX002	1524.73	1525.77	1.04	True	_	0	0	0	0	0	0	0	0	0	False	False	False	False	False	False	False	_	0	0	0	3	me lo dimentico.	me lo dimentico.	me lo dimentico
538	BX002	1526.765	1528.895	2.13	True	_	0	0	0	0	0	0	0	0	0	False	False	False	False	False	False	False	_	0	0	0	7	però ho fatto gli esercizi oggi pomeriggio.	però ho fatto gli esercizi oggi pomeriggio.	però ho fatto gli esercizi oggi pomeriggio
539	BX002	1529.639	1530.939	1.3	True	_	0	0	0	0	0	0	0	0	0	False	False	False	False	False	False	False	_	0	0	0	3	è stato divertente.	è stato divertente.	è stato divertente
540	BX001	1531.504	1532.564	1.06	True	_	0	0	0	0	0	0	0	0	0	False	False	False	False	False	False	False	_	0	0	0	2	eh domani,	eh domani,	eh domani
541	BX003	1533.114	1534.764	1.65	True	_	0	0	0	0	0	0	0	0	0	False	False	False	False	False	False	False	_	0	0	0	5	domani sarà divertente? va be'.	domani sarà divertente? va be'.	domani sarà divertente va be'
542	BX003	1535.249	1536.019	0.77	True	_	0	0	0	0	0	0	0	0	0	False	False	False	False	False	False	False	_	0	0	0	0	[°xxxx°]	[°xxxx°]	xxxx
543	BX002	1535.264	1538.884	3.62	True	_	0	0	0	0	0	1	0	0	0	False	False	False	False	False	False	False	_	0	0	0	10	[no ma] guarda ho voglia proprio: domani di fare russo.=	[no ma] guarda ho voglia proprio: domani di fare russo.	no ma guarda ho voglia proprio domani di fare russo
544	BX001	1538.889	1541.49	2.601	True	_	0	0	0	0	0	1	0	1	0	False	False	False	False	False	False	False	_	0	1	0	8	=ah bene dai. [quello: quello è lo spirito.] ((ridendo))	ah bene dai. [quello: quello è lo spirito]. ((ridendo))	ah bene dai quello quello è lo spirito ((ridendo))
545	BX002	1540.049	1541.489	1.44	True	_	0	0	0	0	0	0	0	1	0	False	False	False	False	False	False	False	_	0	0	0	4	[perché ieri non so,]	[perché ieri non so],	perché ieri non so
546	BX002	1541.554	1545.984	4.43	True	_	0	0	0	0	0	0	0	0	0	False	False	False	False	False	False	False	_	0	0	0	18	[forse parlandone un po' c'è parlando con perché tipo] ieri mi ha scritto l'ilaria in russo,	[forse parlandone un po' c'è parlando con perché tipo] ieri mi ha scritto l'ilaria in russo,	forse parlandone un po' c' è parlando con perché tipo ieri mi ha scritto l' ilaria in russo
547	BX003	1541.554	1544.004	2.45	True	_	0	0	0	0	0	0	0	0	0	False	False	False	False	False	False	False	_	0	1	0	0	[((ride))]	[((ride))]	((ride))
548	BX002	1546.264	1548.884	2.62	True	_	0	0	0	0	0	0	0	0	0	False	False	False	False	False	False	False	_	0	0	0	12	e abbiamo [(fatto) ci siam scam]biate un po' di messaggi in russo,	e abbiamo [(fatto) ci siam scam]biate un po' di messaggi in russo,	e abbiamo fatto ci siam scambiate un po' di messaggi in russo
549	BX003	1546.559	1547.529	0.97	True	_	0	0	0	0	0	0	0	0	0	False	False	False	False	False	False	False	_	0	0	0	0	[xxxx]	[xxxx]	xxxx
550	BX002	1549.469	1551.7835	2.319	True	_	0	0	0	0	0	1	1	0	0	False	False	False	False	False	False	False	_	0	0	0	10	e ho detto be' dai che cari- cioè mi diverto:=	e ho detto be' dai che cari- cioè mi diverto:	e ho detto be' dai che cari- cioè mi diverto
551	BX003	1551.7835	1553.5435	1.779	True	_	0	0	0	0	0	2	2	0	0	False	False	False	False	False	False	False	_	0	0	0	11	=ma anche lei lo segue o lo sa per conto suo?=	ma anche lei lo segue o lo sa per conto suo?	ma anche lei lo segue o lo sa per conto suo
552	BX002	1553.5435	1555.6395	2.111	True	_	0	0	0	0	0	0	2	0	0	False	False	False	False	False	False	False	_	0	0	0	9	no l'ha fatto con me il primo semestre,	no l'ha fatto con me il primo semestre,	no l' ha fatto con me il primo semestre
553	BX003	1555.6395	1555.899	0.26	True	_	0	0	0	0	0	0	1	0	0	False	False	False	False	False	False	False	_	0	0	0	1	ah.	ah.	ah
554	BX002	1556.244	1560.284	4.04	True	_	0	0	0	0	0	0	0	0	0	False	False	False	False	False	False	False	_	1	0	0	16	però adesso dice che abbiamo troppe cose (.) ma perché lei ha anche il corso di italiano.	però adesso dice che abbiamo troppe cose (.) ma perché lei ha anche il corso di italiano.	però adesso dice che abbiamo troppe cose (.) ma perché lei ha anche il corso di italiano
555	BX002	1561.689	1563.719	2.03	True	_	0	0	0	0	0	0	0	0	0	False	False	False	False	False	False	False	_	0	0	0	9	cioè lei deve fare anche il corso di italiano:	cioè lei deve fare anche il corso di italiano:	cioè lei deve fare anche il corso di italiano
556	BX001	1563.729	1564.669	0.94	True	_	0	0	0	0	0	0	0	0	0	False	False	False	False	False	False	False	_	0	0	0	4	ah be' [(direi che)]	ah be' [(direi che)]	ah be' direi che
557	BX002	1564.074	1565.514	1.44	True	_	0	0	0	0	0	0	0	0	0	False	False	False	False	False	False	False	_	0	0	0	4	[sta leggendo] manzoni adesso.	[sta leggendo] manzoni adesso.	sta leggendo manzoni adesso
558	BX001	1565.774	1566.234	0.46	True	_	0	0	0	0	0	0	0	0	0	False	False	False	False	False	False	False	_	0	0	0	1	ah.	ah.	ah
559	BX002	1566.439	1568.619	2.18	True	_	0	0	0	0	0	0	0	0	0	False	False	False	False	False	False	False	_	0	0	0	9	beh fai tipo fa il ci uno adesso lei.	beh fai tipo fa il ci uno adesso lei.	beh fai tipo fa il ci uno adesso lei
560	BX002	1568.829	1570.129	1.3	True	_	0	0	0	0	0	0	0	0	0	False	False	False	False	False	False	False	_	0	0	0	5	ma lo sa benissimo. parla,	ma lo sa benissimo. parla,	ma lo sa benissimo parla
561	BX002	1570.469	1573.15	2.681	True	_	0	0	0	0	0	0	0	1	0	False	False	False	False	False	False	False	_	0	0	0	13	parla sempre in italiano con il suo ragazzo [lui non sa il tedesco.]	parla sempre in italiano con il suo ragazzo [lui non sa il tedesco].	parla sempre in italiano con il suo ragazzo lui non sa il tedesco
562	BX001	1572.299	1573.169	0.87	True	_	0	0	0	0	0	0	0	1	0	False	False	False	False	False	False	False	_	0	0	0	2	[mh=mh.]	[mh=mh].	mh mh
563	BX001	1573.249	1574.24	0.991	True	_	0	0	0	0	0	0	0	0	0	False	False	False	False	False	False	False	_	0	0	0	3	ah be' allora.	ah be' allora.	ah be' allora
564	BX001	1574.604	1579.334	4.73	True	_	0	0	0	0	0	0	0	0	0	False	False	False	False	False	False	False	_	0	0	0	16	ah però c'è che il ci uno devi scrivere >scrivere scrivere [scrive]re:< è una faticaccia.	ah però c'è che il ci uno devi scrivere >scrivere scrivere [scrive]re:< è una faticaccia.	ah però c' è che il ci uno devi scrivere scrivere scrivere scrivere è una faticaccia
565	BX002	1577.344	1577.844	0.5	True	_	0	0	0	0	0	0	0	1	0	False	False	False	False	False	False	False	_	0	0	0	1	[sì.]	[sì].	sì
566	BX002	1579.339	1581.439	2.1	True	_	0	0	0	0	0	0	0	0	0	False	False	False	False	False	False	False	_	0	0	0	8	sì ha detto che è pesante [e allora]	sì ha detto che è pesante [e allora]	sì ha detto che è pesante e allora
567	BX001	1580.754	1583.854	3.1	True	_	0	0	0	0	0	0	0	0	0	False	False	False	False	False	False	False	_	2	0	0	9	[eh è du]ra eh. (.) sì sì (.) è molto pesante.	[eh è du]ra eh. (.) sì sì (.) è molto pesante.	eh è dura eh (.) sì sì (.) è molto pesante
568	BX002	1583.984	1586.974	2.99	True	_	0	0	0	0	0	0	0	0	0	False	False	False	False	False	False	False	_	1	0	0	9	però lei veramente ha un: (.) è molto molto brava.	però lei veramente ha un: (.) è molto molto brava.	però lei veramente ha un (.) è molto molto brava
569	BX002	1589.104	1591.304	2.2	True	_	0	0	0	0	0	0	0	0	0	False	False	False	False	False	False	False	_	0	0	0	8	a parte che lei proprio in linguistica è:	a parte che lei proprio in linguistica è:	a parte che lei proprio in linguistica è
570	BX003	1591.549	1591.979	0.43	True	_	0	0	0	0	0	0	0	0	0	False	False	False	False	False	False	False	_	0	0	0	1	sì.	sì.	sì
571	BX002	1592.169	1594.764	2.595	True	_	0	0	0	0	0	0	0	0	0	False	False	False	False	False	False	False	_	0	0	0	9	be' lei ha [studiato linguistica a bologna]. eh linguistica.	be' lei ha [studiato linguistica a bologna]. eh linguistica.	be' lei ha studiato linguistica a bologna eh linguistica
572	BX003	1592.574	1593.904	1.33	True	_	0	0	0	0	0	0	0	1	0	False	False	False	False	False	False	False	_	0	0	0	6	[cos'è che ha fatto lei?]	[cos'è che ha fatto lei]?	cos' è che ha fatto lei
573	BX002	1595.714	1599.454	3.74	True	_	0	0	0	0	0	0	0	0	0	False	False	False	False	False	False	False	_	1	0	0	13	cioè lei sa s- tantissime cose. (.) a volte fa delle domande e io,	cioè lei sa s- tantissime cose. (.) a volte fa delle domande e io,	cioè lei sa s- tantissime cose (.) a volte fa delle domande e io
574	BX002	1599.771	1602.9	3.129	True	_	0	0	0	0	0	0	0	0	0	False	False	False	False	False	False	False	_	1	0	0	10	cioè rimango tipo: (.) cos'è sta roba che ha chiesto?	cioè rimango tipo: (.) cos'è sta roba che ha chiesto?	cioè rimango tipo (.) cos' è sta roba che ha chiesto
575	BX001	1603.061	1603.351	0.29	True	_	0	0	0	0	0	0	0	0	0	False	False	False	False	False	False	False	_	0	0	0	1	mh.	mh.	mh
576	BX002	1603.58	1604.481	0.901	True	_	0	0	0	0	0	0	0	0	0	False	False	False	False	False	False	False	_	0	0	0	1	perché:	perché:	perché
577	BX003	1604.586	1607.316	2.73	True	_	0	0	0	0	0	0	0	1	0	False	False	False	False	False	False	False	_	0	0	0	10	eh perché era cioè era proprio un programma in linguis[tica.]	eh perché era cioè era proprio un programma in linguis[tica].	eh perché era cioè era proprio un programma in linguistica
578	BX002	1606.646	1607.326	0.68	True	_	0	0	0	0	0	0	0	0	0	False	False	False	False	False	False	False	_	0	0	0	2	[(eh sì)]	[(eh sì)]	eh sì
579	BX002	1607.801	1609.741	1.94	True	_	0	0	0	0	0	0	0	0	0	False	False	False	False	False	False	False	_	0	0	0	7	sa delle cose che (ho visto) che:	sa delle cose che (ho visto) che:	sa delle cose che ho visto che
580	BX002	1612.041	1613.881	1.84	True	_	0	0	0	0	0	0	0	0	0	False	False	False	False	False	False	False	_	0	0	0	5	ma poi lei è intelligentissima.	ma poi lei è intelligentissima.	ma poi lei è intelligentissima
581	BX002	1614.556	1617.526	2.97	True	_	0	0	0	0	0	0	0	0	0	False	False	False	False	False	False	False	_	1	0	0	10	e lei ama fare a maglia. (.) cioè lei ama cucire.	e lei ama fare a maglia. (.) cioè lei ama cucire.	e lei ama fare a maglia (.) cioè lei ama cucire
582	BX002	1617.836	1619.326	1.49	True	_	0	0	0	0	0	0	0	1	0	False	False	False	False	False	False	False	_	0	0	0	6	lei si fa tutti [i vestiti,]	lei si fa tutti [i vestiti],	lei si fa tutti i vestiti
583	BX001	1618.876	1619.326	0.45	True	_	0	0	0	0	0	0	0	0	0	False	False	False	False	False	False	False	_	0	1	0	0	[((ride))]	[((ride))]	((ride))
584	BX001	1619.466	1621.43	1.964	True	_	0	0	0	0	0	0	0	0	0	False	False	False	False	False	False	False	_	0	1	0	0	[((ride))]	[((ride))]	((ride))
585	BX003	1619.466	1620.916	1.45	True	_	0	0	0	0	0	0	0	0	0	False	False	False	False	False	False	False	_	0	0	0	3	[ma che figata:]	[ma che figata:]	ma che figata
586	BX002	1621.446	1623.566	2.12	True	_	0	0	0	0	0	0	0	0	0	False	False	False	False	False	False	False	_	0	0	0	6	lei si cuce tutti i vestiti,	lei si cuce tutti i vestiti,	lei si cuce tutti i vestiti
587	BX002	1624.171	1625.611	1.44	True	_	0	0	0	0	0	0	0	0	0	False	False	False	False	False	False	False	_	0	0	0	4	poi ricama anche, proprio.	poi ricama anche, proprio.	poi ricama anche proprio
588	BX002	1625.976	1626.958	0.982	True	_	0	0	0	0	0	0	0	0	0	False	False	False	False	False	False	False	_	0	0	0	3	fa punto croce.	fa punto croce.	fa punto croce
589	BX001	1627.096	1628.8	1.704	True	_	0	0	0	0	0	0	0	0	0	False	False	False	False	False	False	False	_	1	0	0	4	eh caspi[ta. (.)] un lavorone.	eh caspi[ta. (.)] un lavorone.	eh caspita (.) un lavorone
590	BX003	1627.536	1627.956	0.42	True	_	0	0	0	0	0	0	0	0	0	False	False	False	False	False	False	False	_	0	0	0	1	[wow]	[wow]	wow
591	BX002	1629.468	1631.908	2.44	True	_	0	0	0	0	0	0	0	0	0	False	False	False	False	False	False	False	_	0	0	0	9	>mia nonna mi aveva insegnato quand'ero piccolina però:<	>mia nonna mi aveva insegnato quand'ero piccolina però:<	mia nonna mi aveva insegnato quand' ero piccolina però
592	BX002	1632.073	1634.173	2.1	True	_	0	0	0	0	0	0	0	0	0	False	False	False	False	False	False	False	_	1	0	0	8	>perché le- mia nonna faceva la sarta< (.) diciamo.	>perché le- mia nonna faceva la sarta< (.) diciamo.	perché le- mia nonna faceva la sarta (.) diciamo
593	BX001	1634.193	1634.673	0.48	True	_	0	0	0	0	0	0	0	0	0	False	False	False	False	False	False	False	_	0	0	0	1	mh:	mh:	mh
594	BX002	1634.698	1638.06	3.362	True	_	0	0	0	0	0	0	0	0	0	False	False	False	False	False	False	False	_	1	0	0	7	cioè (.) faceva in casa per ami[che nipoti]	cioè (.) faceva in casa per ami[che nipoti]	cioè (.) faceva in casa per amiche nipoti
595	BX001	1637.203	1638.51	1.307	True	_	0	0	0	0	0	0	0	1	0	False	False	False	False	False	False	False	_	1	0	0	4	[per altri (.) sì sì.]	[per altri (.) sì sì].	per altri (.) sì sì
596	BX003	1638.053	1639.263	1.21	True	_	0	0	0	0	0	0	0	0	0	False	False	False	False	False	False	False	_	0	0	0	4	[come tutte] le non[ne]	[come tutte] le non[ne]	come tutte le nonne
597	BX001	1639.023	1641.633	2.61	True	_	0	0	0	0	0	0	0	0	0	False	False	False	False	False	False	False	_	1	0	0	9	[va be'] certo sì sì. (.) per forza di cose,	[va be'] certo sì sì. (.) per forza di cose,	va be' certo sì sì (.) per forza di cose
598	BX002	1643.673	1647.273	3.6	True	_	0	0	0	0	0	0	0	0	0	False	False	False	False	False	False	False	_	1	0	0	15	era veramente brava. (.) io ho un sacco di vestiti ancora adesso fatti da mia nonna.	era veramente brava. (.) io ho un sacco di vestiti ancora adesso fatti da mia nonna.	era veramente brava (.) io ho un sacco di vestiti ancora adesso fatti da mia nonna
599	BX001	1647.548	1648.198	0.65	True	_	0	0	0	0	0	0	0	0	0	False	False	False	False	False	False	False	_	0	0	0	3	ah ma dai.	ah ma dai.	ah ma dai
600	BX002	1648.328	1649.868	1.54	True	_	0	0	0	0	0	0	0	0	0	False	False	False	False	False	False	False	_	0	0	0	3	vestiti di compleanno.	vestiti di compleanno.	vestiti di compleanno
601	BX002	1650.313	1652.563	2.25	True	_	0	0	0	0	0	0	0	0	0	False	False	False	False	False	False	False	_	0	0	0	10	sì sì mi ha fatto un tubino nero una volta,	sì sì mi ha fatto un tubino nero una volta,	sì sì mi ha fatto un tubino nero una volta
602	BX002	1652.838	1661.118	8.28	True	_	0	0	0	0	0	0	0	0	0	False	False	False	False	False	False	False	_	2	0	0	27	no no era veramente brava. mie m- mie zie, (.) non hanno mai comprato vestiti mi sa, cioè pochissime volte (.) (quando) da adulte ma poi [d- da piccole]	no no era veramente brava. mie m- mie zie, (.) non hanno mai comprato vestiti mi sa, cioè pochissime volte (.) (quando) da adulte ma poi [d- da piccole]	no no era veramente brava mie m- mie zie (.) non hanno mai comprato vestiti mi sa cioè pochissime volte (.) quando da adulte ma poi d- da piccole
603	BX001	1659.853	1661.113	1.26	True	_	0	0	0	0	0	0	0	1	0	False	False	False	False	False	False	False	_	0	0	0	3	[ah sì sì.]	[ah sì sì].	ah sì sì
604	BX002	1663.398	1664.29	0.892	True	_	0	0	0	0	0	0	0	0	0	False	False	False	False	False	False	False	_	0	0	0	3	e: sì sì.	e: sì sì.	e sì sì
605	BX002	1664.788	1668.758	3.97	True	_	0	0	0	0	0	0	0	0	0	False	False	False	False	False	False	False	_	1	0	0	13	era molto giovanile tra l'altro. quindi: (.) mi faceva delle cose proprio carine.	era molto giovanile tra l'altro. quindi: (.) mi faceva delle cose proprio carine.	era molto giovanile tra l' altro quindi (.) mi faceva delle cose proprio carine
606	BX002	1669.398	1670.578	1.18	True	_	0	0	0	0	0	0	0	0	0	False	False	False	False	False	False	False	_	0	0	0	4	e e anche irene	e e anche irene	e e anche irene
607	BX002	1671.05	1679.37	8.32	True	_	0	0	0	0	0	0	0	0	0	False	False	False	False	False	False	False	_	3	0	0	23	quindi le ho detto siccome ho la macchina da cucire, a casa, (.) pensavo (.) (irene dato) che sei qua, (.) insegno a usarla bene così:	quindi le ho detto siccome ho la macchina da cucire, a casa, (.) pensavo (.) (irene dato) che sei qua, (.) insegno a usarla bene così:	quindi le ho detto siccome ho la macchina da cucire a casa (.) pensavo (.) irene dato che sei qua (.) insegno a usarla bene così
608	BX002	1680.425	1682.525	2.1	True	_	0	0	0	0	0	0	0	0	0	False	False	False	False	False	False	False	_	2	0	0	4	però: (.) no (.) [(ah: covid)]	però: (.) no (.) [(ah: covid)]	però (.) no (.) ah covid
609	BX003	1682.15	1683.79	1.64	True	_	0	0	0	0	0	0	0	0	0	False	False	False	False	False	False	False	_	0	0	0	5	[che mac]china:, che macchina hai?	[che mac]china:, che macchina hai?	che macchina che macchina hai
610	BX002	1684.1	1684.78	0.68	True	_	0	0	0	0	0	0	0	0	0	False	False	False	False	False	False	False	_	0	0	0	1	eh [xx]	eh [xx]	eh xx
611	BX003	1684.22	1686.02	1.8	True	_	0	0	0	0	0	0	0	0	0	False	False	False	False	False	False	False	_	1	0	0	4	[una ab]bastanza: (.) cioè recente?	[una ab]bastanza: (.) cioè recente?	una abbastanza (.) cioè recente
612	BX002	1686.24	1686.88	0.64	True	_	0	0	0	0	0	0	0	0	0	False	False	False	False	False	False	False	_	0	0	0	1	no:	no:	no
613	BX002	1687.38	1688.435	1.055	True	_	0	0	0	0	0	0	0	0	0	False	False	False	False	False	False	False	_	0	0	0	3	quella là avrà,	quella là avrà,	quella là avrà
614	BX002	1689.128	1689.881	0.753	True	_	0	0	0	0	0	0	0	0	0	False	False	False	False	False	False	False	_	0	0	0	2	quarant'anni.	quarant'anni.	quarant' anni
615	BX002	1690.46	1691.26	0.8	True	_	0	0	0	0	0	0	0	0	0	False	False	False	False	False	False	False	_	0	0	0	2	cinquant'anni.	cinquant'anni.	cinquant' anni
616	BX002	1691.44	1696.56	5.12	True	_	0	0	0	0	0	0	0	0	0	False	False	False	False	False	False	False	_	1	0	0	14	la macchina proprio de:- (.) macchina da cucire dei (quei) tempi di mia nonna, proprio	la macchina proprio de:- (.) macchina da cucire dei (quei) tempi di mia nonna, proprio	la macchina proprio de- (.) macchina da cucire dei quei tempi di mia nonna proprio
617	BX003	1696.643	1698.26	1.617	True	_	0	0	0	0	0	0	0	0	0	False	False	False	False	False	False	False	_	0	0	0	7	perché mia nonna aveva quella: col [pedale]	perché mia nonna aveva quella: col [pedale]	perché mia nonna aveva quella col pedale
618	BX002	1697.953	1699.333	1.38	True	_	0	0	0	0	0	0	0	1	0	False	False	False	False	True	False	False	617=0.307,619=0.847	0	0	0	5	[col pie-, sì. col pedale.]	[col pie-, sì. col pedale].	col pie- sì col pedale
619	BX001	1698.486	1699.336	0.85	True	_	0	0	0	0	0	0	0	1	0	False	False	False	False	False	False	False	_	0	0	0	2	[col pedale.]	[col pedale].	col pedale
620	BX003	1699.336	1699.876	0.54	True	_	0	0	0	0	0	0	0	0	True	False	False	False	False	False	False	False	621=0.015	0	0	0	1	mamma.	mamma.	mamma
621	BX002	1699.861	1700.87	1.009	True	_	0	0	0	0	0	0	0	0	True	False	False	False	False	False	False	False	_	0	0	0	4	sì sì [col pedale]	sì sì [col pedale]	sì sì col pedale
622	BX001	1700.391	1701.291	0.9	True	_	0	0	0	0	0	0	0	0	0	False	False	False	False	False	False	False	_	0	0	0	0	[xxxxx]	[xxxxx]	xxxxx
623	BX003	1700.581	1701.711	1.13	True	_	0	0	0	0	0	0	0	0	0	False	False	False	False	False	False	False	_	0	0	0	4	[non è] facile eh,	[non è] facile eh,	non è facile eh
624	BX001	1701.716	1702.566	0.85	True	_	0	0	0	0	0	0	0	1	0	False	False	False	False	False	False	False	_	0	0	0	2	un reper[to.]	un reper[to].	un reperto
625	BX002	1702.346	1706.99	4.644	True	_	0	0	0	0	0	0	0	1	0	False	False	False	False	False	False	False	_	1	0	0	13	[so]no l- d- riesco a fa- <riesco a fare, (.) a cucire a imbastire.>	[so]no l- d- riesco a fa- <riesco a fare, (.) a cucire a imbastire>.	sono l- d- riesco a fa- riesco a fare (.) a cucire a imbastire
626	BX003	1707.146	1707.836	0.69	True	_	0	0	0	0	0	0	0	0	0	False	False	False	False	False	False	False	_	0	0	0	2	mh=mh,	mh=mh,	mh mh
627	BX002	1708.126	1711.206	3.08	True	_	0	0	0	0	0	0	0	0	0	False	False	False	False	False	False	False	_	0	0	0	7	però non a fare tipo il tratto:	però non a fare tipo il tratto:	però non a fare tipo il tratto
628	BX002	1711.941	1715.251	3.31	True	_	0	0	0	0	0	0	0	0	0	False	False	False	False	False	False	False	_	0	0	0	14	più vicino >eccetera< e poi è ovvio (>che comunque<) ha dei problemini nel piedino.	più vicino >eccetera< e poi è ovvio (>che comunque<) ha dei problemini nel piedino.	più vicino eccetera e poi è ovvio che comunque ha dei problemini nel piedino
629	BX003	1715.401	1715.871	0.47	True	_	0	0	0	0	0	0	0	0	0	False	False	False	False	False	True	False	630=0.200	0	0	0	1	eh:	eh:	eh
630	BX002	1715.671	1716.971	1.3	True	_	0	0	0	0	0	0	0	0	0	False	False	False	False	True	False	False	629=0.200,631=0.841	0	0	0	3	perché [c'è:]	perché [c'è:]	perché c' è
631	BX001	1716.13	1717.001	0.871	True	_	0	0	0	0	0	0	0	0	True	False	False	False	False	False	False	False	_	0	0	1, be':	2	[eh va be':]	[eh va be':]	eh va be':
632	BX003	1716.99	1718.62	1.63	True	_	0	0	0	0	0	0	0	0	True	False	False	False	False	False	False	False	_	0	0	0	6	un classico [(dei lavori a macchina)]	un classico [(dei lavori a macchina)]	un classico dei lavori a macchina
633	BX001	1717.63	1720.858	3.228	True	_	0	0	0	0	0	0	0	0	True	False	False	False	False	False	False	False	_	0	0	0	9	[eh no >però< lì lì ci] vuole <manualità:> insomma.	[eh no >però< lì lì ci] vuole <manualità:> insomma.	eh no però lì lì ci vuole manualità insomma
634	BX002	1720.85	1722.052	1.202	True	_	0	0	0	0	0	0	0	1	True	False	False	False	False	False	False	False	_	0	0	0	6	no ma si stacca il piedi[no.]	no ma si stacca il piedi[no].	no ma si stacca il piedino
635	BX001	1721.852	1726.799	4.947	True	_	0	0	0	0	0	0	0	0	True	False	False	False	False	False	False	False	_	0	0	0	13	[forse] quelle moderne ti aiutano più [(è un po' più]) più facile no?	[forse] quelle moderne ti aiutano più [(è un po' più]) più facile no?	forse quelle moderne ti aiutano più è un po' più più facile no
636	BX002	1724.59	1725.09	0.5	True	_	0	0	0	0	0	0	0	1	0	False	False	False	False	False	False	False	_	0	0	0	2	[sì sì.]	[sì sì].	sì sì
637	BX002	1726.795	1730.525	3.73	True	_	0	0	0	0	0	1	0	0	True	False	False	False	False	False	False	False	635=0.004,638=0.020	0	0	0	14	si stacca il piedino sotto, infatti bisogna portarla a riparare prima di usarla bene.=	si stacca il piedino sotto, infatti bisogna portarla a riparare prima di usarla bene.	si stacca il piedino sotto infatti bisogna portarla a riparare prima di usarla bene
638	BX003	1730.505	1734.675	4.17	True	_	0	0	0	0	0	1	0	0	True	False	False	False	False	False	False	False	_	0	0	0	20	=eh il problema con quelle è che sono, se sono troppo vecchie non ci sono neanche i pezzi di ri[cambio]	eh il problema con quelle è che sono, se sono troppo vecchie non ci sono neanche i pezzi di ri[cambio]	eh il problema con quelle è che sono se sono troppo vecchie non ci sono neanche i pezzi di ricambio
639	BX001	1734.365	1735.595	1.23	True	_	0	0	0	0	0	0	0	1	0	False	False	False	False	False	False	False	_	0	0	0	3	[di ri]cambio [sì.]	[di ri]cambio [sì].	di ricambio sì
640	BX003	1735.178	1742.358	7.18	True	_	0	0	0	0	0	0	0	0	0	False	False	False	False	False	False	False	_	1	0	0	21	[io avevo] ho mh: (.) ho fatto qualcosa quest'estate e: >anche mia nonna aveva questa qua< era una singer vecchia ti[po:]	[io avevo] ho mh: (.) ho fatto qualcosa quest'estate e: >anche mia nonna aveva questa qua< era una singer vecchia ti[po:]	io avevo ho mh (.) ho fatto qualcosa quest' estate e anche mia nonna aveva questa qua era una singer vecchia tipo
641	BX001	1741.673	1742.493	0.82	True	_	0	0	0	0	0	0	0	1	0	False	False	False	False	False	False	False	_	0	0	0	2	[eh sì.]	[eh sì].	eh sì
642	BX001	1743.218	1744.438	1.22	True	_	0	0	0	0	0	0	0	0	0	False	False	False	False	False	False	False	_	0	1	0	3	[ah ah sì ((ridendo))]	[ah ah sì ((ridendo))]	ah ah sì ((ridendo))
643	BX003	1743.313	1744.823	1.51	True	_	0	0	0	0	0	0	0	1	0	False	False	False	False	False	False	False	_	0	0	0	1	[eh::.]	[eh::].	eh
644	BX003	1745.217	1751.637	6.42	True	_	0	0	0	0	0	0	0	0	0	False	False	False	False	False	False	False	_	1	0	0	27	sì che. (di-) (.) tutte le volte che diceva °>me l'ha regalata mio papà questa qua<°, è di, non [so di che annata fosse] però anche lì:	sì che. (di-) (.) tutte le volte che diceva °>me l'ha regalata mio papà questa qua<°, è di, non [so di che annata fosse] però anche lì:	sì che di- (.) tutte le volte che diceva me l' ha regalata mio papà questa qua è di non so di che annata fosse però anche lì
645	BX002	1749.567	1750.447	0.88	True	_	0	0	0	0	0	0	0	0	0	False	False	False	False	False	False	False	_	0	0	0	2	[ah=ah]	[ah=ah]	ah ah
646	BX003	1751.732	1757.9	6.168	True	_	0	0	0	0	0	0	0	0	0	False	False	False	False	False	False	False	_	2	0	0	22	cioè a parte che andava col pedale, poi (.) ehm il piedino non stava attaccato bene, (.) [anche in] anche in quel caso lì,	cioè a parte che andava col pedale, poi (.) ehm il piedino non stava attaccato bene, (.) [anche in] anche in quel caso lì,	cioè a parte che andava col pedale poi (.) ehm il piedino non stava attaccato bene (.) anche in anche in quel caso lì
647	BX002	1756.165	1756.755	0.59	True	_	0	0	0	0	0	0	0	1	0	False	False	False	False	False	False	False	_	0	0	0	1	[ah.]	[ah].	ah
648	BX003	1757.975	1762.545	4.57	True	_	0	0	0	0	0	0	0	0	0	False	False	False	False	False	False	False	_	0	0	0	16	e poi la cinghia era rotta >era stata ri[parata almeno] tre volte< con con dei ganci.	e poi la cinghia era rotta >era stata ri[parata almeno] tre volte< con con dei ganci.	e poi la cinghia era rotta era stata riparata almeno tre volte con con dei ganci
649	BX002	1760.235	1760.705	0.47	True	_	0	0	0	0	0	0	0	0	0	False	False	False	False	False	False	False	_	0	0	0	1	[okay]	[okay]	okay
650	BX003	1762.635	1767.59	4.955	True	_	0	0	0	0	0	0	0	1	0	False	False	False	False	False	False	False	_	3	0	0	11	>quindi tutte le volte< dovevi: (.) mh [dovevi: (.) a- a- a: (.) aiutarla,]	>quindi tutte le volte< dovevi: (.) mh [dovevi: (.) a- a- a: (.) aiutarla],	quindi tutte le volte dovevi (.) mh dovevi (.) a- a- a (.) aiutarla
651	BX002	1764.685	1765.535	0.85	True	_	0	0	0	0	0	0	0	1	0	False	False	False	False	False	False	False	_	0	0	0	2	[ah: (okay).]	[ah: (okay)].	ah okay
652	BX001	1765.005	1767.595	2.59	True	_	0	0	0	0	0	0	0	1	0	False	False	False	False	False	False	False	_	0	0	0	6	[era larga si si si sfilava.]	[era larga si si si sfilava].	era larga si si si sfilava
653	BX003	1768.277	1773.237	4.96	True	_	0	0	0	0	0	0	0	0	0	False	False	False	False	False	False	False	_	0	0	0	10	mh:: no era, cioè perché era tipo mh: cuoio no?	mh:: no era, cioè perché era tipo mh: cuoio no?	mh no era cioè perché era tipo mh cuoio no
654	BX001	1773.282	1773.65	0.368	True	_	0	0	0	0	0	0	0	0	True	False	False	False	False	False	False	False	655=0.003	0	0	0	1	mh,	mh,	mh
655	BX003	1773.647	1775.477	1.83	True	_	0	0	0	0	0	0	0	0	True	False	False	False	False	False	False	False	_	0	0	0	7	e si era spezzata, [si era] rotta,	e si era spezzata, [si era] rotta,	e si era spezzata si era rotta
656	BX001	1774.707	1775.097	0.39	True	_	0	0	0	0	0	0	0	1	0	False	False	False	False	False	False	False	_	0	0	0	2	[mh=mh,]	[mh=mh],	mh mh
657	BX001	1775.75	1777.57	1.82	True	_	0	0	0	0	0	0	0	1	0	False	False	False	False	False	False	False	_	0	0	0	5	[ah quindi era stata: rattoppata.]	[ah quindi era stata: rattoppata].	ah quindi era stata rattoppata
658	BX003	1775.75	1777.44	1.69	True	_	0	0	0	0	0	0	0	1	0	False	False	False	False	False	False	False	_	0	0	0	6	[e poi l'avevano riparata con,]	[e poi l'avevano riparata con],	e poi l' avevano riparata con
659	BX003	1777.655	1780.177	2.522	True	_	0	0	0	0	0	0	0	1	0	False	False	False	False	False	False	True	_	0	0	0	7	sì. con::, tipo un gancio in fer[ro.]	sì. con::, tipo un gancio in fer[ro].	sì con tipo un gancio in ferro
660	BX001	1780.177	1781.517	1.34	True	_	0	0	0	0	0	0	0	0	0	False	False	False	False	True	False	False	661=0.430	0	0	0	4	[di] metallo, [(eh sì.)]	[di] metallo, [(eh sì.)]	di metallo eh sì
661	BX003	1780.877	1781.307	0.43	True	_	0	0	0	0	0	0	0	1	0	False	False	False	False	False	False	False	_	0	0	0	1	[sì.]	[sì].	sì
662	BX003	1781.537	1785.7	4.163	True	_	0	0	0	0	0	0	0	0	0	False	False	False	False	False	False	False	_	0	0	0	16	e quindi:, e quindi tutte le volte quello lì si incastrava, e [dovevi c'è eh]	e quindi:, e quindi tutte le volte quello lì si incastrava, e [dovevi c'è eh]	e quindi e quindi tutte le volte quello lì si incastrava e dovevi c' è eh
663	BX001	1784.517	1785.537	1.02	True	_	0	0	0	0	0	0	0	1	0	False	False	False	False	False	False	False	_	0	0	0	2	[eh certo.]	[eh certo].	eh certo
664	BX001	1786.292	1787.702	1.41	True	_	0	0	0	0	0	0	0	1	0	False	False	False	False	False	False	False	_	0	0	0	5	eh sì sì. ma [quelle:,]	eh sì sì. ma [quelle:],	eh sì sì ma quelle
665	BX003	1786.962	1787.532	0.57	True	_	0	0	0	0	0	0	0	0	0	False	False	False	False	False	False	False	_	0	0	0	2	[mh=mh]	[mh=mh]	mh mh
666	BX001	1788.022	1792.182	4.16	True	_	0	0	0	0	0	0	0	0	0	False	False	False	False	False	False	True	_	1	0	0	13	cioè anche da=da da mia mamma c'è una singer. (.) [anche quel]la::,	cioè anche da=da da mia mamma c'è una singer. (.) [anche quel]la::,	cioè anche da da da mia mamma c' è una singer (.) anche quella
667	BX001	1792.747	1794.317	1.57	True	_	0	0	0	0	0	0	0	0	0	False	False	False	False	False	False	False	_	0	0	0	4	mah sarà anni cinquanta,	mah sarà anni cinquanta,	mah sarà anni cinquanta
668	BX002	1794.652	1796.192	1.54	True	_	0	0	0	0	0	0	0	0	0	False	False	False	False	True	False	False	669=0.800,670=0.375	0	0	0	5	[io non lo so ma (xx)]	[io non lo so ma (xx)]	io non lo so ma xx
669	BX001	1794.697	1795.497	0.8	True	_	0	0	0	0	0	0	0	1	0	False	False	False	False	False	False	False	_	0	0	0	3	[più o meno.]	[più o meno].	più o meno
670	BX003	1795.817	1801.44	5.623	True	_	0	0	0	0	0	0	0	0	0	False	False	False	False	False	False	False	_	0	0	0	18	[eh] siamo riusciti per caso a trovare tipo un manuale in pdf su: [su internet per] vedere come:,	[eh] siamo riusciti per caso a trovare tipo un manuale in pdf su: [su internet per] vedere come:,	eh siamo riusciti per caso a trovare tipo un manuale in pdf su su internet per vedere come
671	BX002	1799.702	1800.452	0.75	True	_	0	0	0	0	0	0	0	0	0	False	False	False	False	False	False	False	_	0	0	0	2	[(ma va:,)]	[(ma va:,)]	ma va
672	BX001	1801.453	1801.713	0.26	True	_	0	0	0	0	0	0	0	0	0	False	False	False	False	False	False	False	_	0	1	0	0	((ride))	((ride))	((ride))
673	BX003	1801.738	1804.4865	2.752	True	_	0	0	0	0	0	0	1	0	0	False	False	False	False	False	False	False	_	0	0	0	11	eh: c'è intanto se c'erano le cinghie da cambiare,	eh: c'è intanto se c'erano le cinghie da cambiare,	eh c' è intanto se c' erano le cinghie da cambiare
674	BX002	1804.4865	1805.003	0.52	True	_	0	0	0	0	0	0	1	0	0	False	False	False	False	False	False	False	_	0	0	0	1	okay.	okay.	okay
675	BX003	1805.063	1807.323	2.26	True	_	0	0	0	0	0	0	0	0	0	False	False	False	False	False	False	False	_	0	0	0	9	da chi andare per cambiarle. però alla fine, tipo,	da chi andare per cambiarle. però alla fine, tipo,	da chi andare per cambiarle però alla fine tipo
676	BX003	1807.658	1812.45	4.792	True	_	0	0	0	0	0	0	0	0	0	False	False	False	False	False	False	False	_	0	0	0	19	eh: mia sorella l- gli ha messo un altro, un altro gancio quindi adesso sta andando così però poi,	eh: mia sorella l- gli ha messo un altro, un altro gancio quindi adesso sta andando così però poi,	eh mia sorella l- gli ha messo un altro un altro gancio quindi adesso sta andando così però poi
677	BX003	1812.913	1813.923	1.01	True	_	0	0	0	0	0	0	0	0	0	False	False	False	False	False	False	False	_	0	0	0	1	ehm::	ehm::	ehm
678	BX003	1814.293	1818.603	4.31	True	_	0	0	0	0	0	0	0	0	0	False	False	False	False	False	False	False	_	0	0	0	17	ne abbiamo: cioè l'altra nonna, ce ne ha data un'altra che lei ne ha tipo	ne abbiamo: cioè l'altra nonna, ce ne ha data un'altra che lei ne ha tipo	ne abbiamo cioè l' altra nonna ce ne ha data un' altra che lei ne ha tipo
679	BX003	1819.054	1825.03	5.976	True	_	0	0	0	0	0	0	0	0	0	False	False	False	False	False	False	False	_	1	1	0	22	quindici. ((ride)) no però ne ha tantissime >che è molto più recente< con quella infatti sì cioè son riuscita a fare (.) delle cose.	quindici. ((ride)) no però ne ha tantissime >che è molto più recente< con quella infatti sì cioè son riuscita a fare (.) delle cose.	quindici ((ride)) no però ne ha tantissime che è molto più recente con quella infatti sì cioè son riuscita a fare (.) delle cose
680	BX002	1825.127	1825.777	0.65	True	_	0	0	0	0	0	0	0	0	0	False	False	False	False	False	False	False	_	0	0	0	2	sì sì.	sì sì.	sì sì
681	BX001	1825.907	1827.46	1.553	True	_	0	0	0	0	0	0	0	0	0	False	False	False	False	False	False	False	_	0	0	0	6	[da n- da noi] le aggiustano.	[da n- da noi] le aggiustano.	da n- da noi le aggiustano
682	BX002	1825.917	1826.727	0.81	True	_	0	0	0	0	0	0	0	0	0	False	False	False	False	False	False	False	_	0	0	0	2	[(che bello.)]	[(che bello.)]	che bello
683	BX002	1827.868	1828.138	0.27	True	_	0	0	0	0	0	0	0	0	True	False	False	False	False	False	False	False	684+685=0.010	0	0	0	1	ah.	ah.	ah
684	BX001	1828.106	1831.536	3.43	True	_	0	0	0	0	0	0	0	0	0	False	False	False	False	False	False	False	_	0	0	0	10	[perché: fan]no proprio i pezzi per ste cose qua, perché:	[perché: fan]no proprio i pezzi per ste cose qua, perché:	perché fanno proprio i pezzi per ste cose qua perché
685	BX003	1828.128	1828.938	0.81	True	_	0	0	0	0	0	0	0	1	0	False	False	False	False	False	False	False	_	0	0	0	2	[che bello.]	[che bello].	che bello
686	BX001	1831.736	1836.196	4.46	True	_	0	0	0	0	0	0	0	0	0	False	False	False	False	True	False	False	688=0.500,687=0.340	0	0	0	15	ora c'è un po' anche il boom di questa cosa: retro no? [di di:]	ora c'è un po' anche il boom di questa cosa: retro no? [di di:]	ora c' è un po' anche il boom di questa cosa retro no di di
687	BX002	1835.351	1835.691	0.34	True	_	0	0	0	0	0	0	0	0	0	False	False	False	False	False	False	False	_	0	0	0	1	[ah]	[ah]	ah
688	BX003	1835.696	1836.196	0.5	True	_	0	0	0	0	0	0	0	1	0	False	False	False	False	False	False	False	_	0	0	0	1	[mh.]	[mh].	mh
689	BX001	1836.281	1838.261	1.98	True	_	0	0	0	0	0	0	0	0	0	False	False	False	False	False	False	False	_	0	0	0	7	e quindi cioè è anche un business,	e quindi cioè è anche un business,	e quindi cioè è anche un business
690	BX003	1838.28	1838.856	0.576	True	_	0	0	0	0	0	0	0	1	0	False	False	False	False	False	False	False	_	0	0	0	2	eh [sì.]	eh [sì].	eh sì
691	BX001	1838.681	1841.811	3.13	True	_	0	0	0	0	0	0	0	0	0	False	False	False	False	False	False	False	_	0	0	0	13	[>quindi<] non costa poco, però si può cioè c'è chi [xx i pezzi]	[>quindi<] non costa poco, però si può cioè c'è chi [xx i pezzi]	quindi non costa poco però si può cioè c' è chi xx i pezzi
692	BX002	1840.961	1841.811	0.85	True	_	0	0	0	0	0	0	0	1	0	False	False	False	False	False	False	False	_	0	0	0	3	[si può riparare.]	[si può riparare].	si può riparare
693	BX003	1841.961	1843.4	1.439	True	_	0	0	0	0	0	0	0	0	0	False	False	False	False	False	False	False	_	0	0	0	2	mh=[mh, (xxxxx)]	mh=[mh, (xxxxx)]	mh mh xxxxx
694	BX001	1841.965	1842.325	0.36	True	_	0	0	0	0	0	0	0	0	0	False	False	False	False	False	False	False	_	0	0	0	1	[eh:]	[eh:]	eh
695	BX002	1842.211	1845.661	3.45	True	_	0	0	0	0	0	0	0	0	0	False	False	False	False	False	False	False	_	0	0	0	12	[no ma io veramente] li spenderei, però la ripa- cioè una cosa xx	[no ma io veramente] li spenderei, però la ripa- cioè una cosa xx	no ma io veramente li spenderei però la ripa- cioè una cosa xx
696	BX001	1845.79	1847.73	1.94	True	_	0	0	0	0	0	0	0	1	0	False	False	False	False	False	False	False	_	0	0	0	8	ah (eh be'), [s- son proprio belle poi.]	ah (eh be'), [s- son proprio belle poi].	ah eh be' s- son proprio belle poi
697	BX003	1846.355	1847.755	1.4	True	_	0	0	0	0	0	0	0	1	0	False	False	False	False	False	False	False	_	0	0	0	5	[no no ma è bellissima.]	[no no ma è bellissima].	no no ma è bellissima
698	BX002	1847.955	1848.405	0.45	True	_	0	0	0	0	0	0	0	1	0	False	False	False	False	False	False	False	_	0	0	0	2	[mh=mh.]	[mh=mh].	mh mh
699	BX001	1847.965	1851.875	3.91	True	_	0	0	0	0	0	0	0	1	0	False	False	False	False	False	False	False	_	0	0	0	7	[cioè sono un og]getto:: veramente molto cari[no.]	[cioè sono un og]getto:: veramente molto cari[no].	cioè sono un oggetto veramente molto carino
700	BX003	1848.085	1849.005	0.92	True	_	0	0	0	0	0	0	0	1	0	False	False	False	False	False	False	False	_	0	0	0	3	[sì sono belle.]	[sì sono belle].	sì sono belle
701	BX003	1851.58	1855.29	3.71	True	_	0	0	0	0	0	0	0	0	0	False	False	False	False	False	False	False	_	0	0	0	14	[no] no infatti se riesci a ripararla cioè comunque è funzionante perché l- cioè:	[no] no infatti se riesci a ripararla cioè comunque è funzionante perché l- cioè:	no no infatti se riesci a ripararla cioè comunque è funzionante perché l- cioè
702	BX002	1855.354	1858.794	3.44	True	_	0	0	0	0	0	0	0	0	0	False	False	False	False	False	False	False	_	0	0	0	14	perché io imitando mia nonna da piccolina, mi piaceva fare i vestiti alle barbie.	perché io imitando mia nonna da piccolina, mi piaceva fare i vestiti alle barbie.	perché io imitando mia nonna da piccolina mi piaceva fare i vestiti alle barbie
703	BX003	1858.854	1860.344	1.49	True	_	0	0	0	0	0	0	0	1	0	False	False	False	False	False	False	False	_	0	0	0	5	va be' come tut[te le bambine.]	vabbè come tut[te le bambine].	vabbè come tutte le bambine
704	BX001	1859.524	1860.324	0.8	True	_	0	0	0	0	0	0	0	0	0	False	False	False	False	False	False	False	_	0	1	0	0	[((ride))]	[((ride))]	((ride))
705	BX002	1860.389	1862.249	1.86	True	_	0	0	0	0	0	0	0	0	0	False	False	False	False	False	False	False	_	0	0	0	6	e mia mamma mi comprò una::	e mia mamma mi comprò una::	e mia mamma mi comprò una
706	BX002	1863.014	1871.605	8.591	True	_	0	0	0	0	0	0	0	2	0	False	False	False	False	False	False	False	_	0	0	0	31	una macchina da cucire: per bambini, [no?] però insomma:, si riusciva a fare, c'era anche: [la macchinetta per fare i bottoni.] sì sì funzionava ce l'ho ancora su in	una macchina da cucire: per bambini, [no]? però insomma:, si riusciva a fare, c'era anche: [la macchinetta per fare i bottoni]. sì sì funzionava ce l'ho ancora su in	una macchina da cucire per bambini no però insomma si riusciva a fare c' era anche la macchinetta per fare i bottoni sì sì funzionava ce l' ho ancora su in
707	BX001	1865.034	1865.674	0.64	True	_	0	0	0	0	0	0	0	1	0	False	False	False	False	False	False	False	_	0	0	0	4	[ah=ah, ah=ah.]	[ah=ah, ah=ah].	ah ah ah ah
708	BX001	1868.384	1869.684	1.3	True	_	0	0	0	0	0	0	0	1	0	False	False	False	False	False	False	False	_	0	0	0	3	[certo funzionante eh.]	[certo funzionante eh].	certo funzionante eh
709	BX002	1872.49	1873.355	0.865	True	_	0	0	0	0	0	0	0	0	0	False	False	False	False	False	False	False	_	0	0	0	1	ehm::	ehm::	ehm
710	BX002	1873.831	1874.719	0.888	True	_	0	0	0	0	0	0	0	0	0	False	False	False	False	False	False	False	_	0	0	0	1	nella:,	nella:,	nella
711	BX002	1876.154	1877.104	0.95	True	_	0	0	0	0	0	0	0	0	0	False	False	False	False	False	False	False	_	0	0	0	5	(°>adesso mi viene in mente<°)	(°>adesso mi viene in mente<°)	adesso mi viene in mente
712	BX002	1877.844	1878.272	0.428	True	_	0	0	0	0	0	0	0	0	True	False	False	False	False	False	False	False	713=0.046	0	0	0	3	come si dice?	come si dice?	come si dice
713	BX001	1878.226	1879.29	1.064	True	_	0	0	0	0	0	0	0	0	True	False	False	False	False	False	False	False	_	0	0	0	4	(non so,) la sof[fit-]	(non so,) la sof[fit-]	non so la soffit-
714	BX002	1879.064	1881.114	2.05	True	_	0	0	0	0	0	0	0	0	0	False	False	False	False	False	False	False	_	0	0	0	6	[sì] il sola- sì la soffitta.	[sì] il sola- sì la soffitta.	sì il sola- sì la soffitta
715	BX002	1881.454	1882.484	1.03	True	_	0	0	0	0	0	0	0	0	0	False	False	False	False	False	False	False	_	0	0	0	1	ehm::	ehm::	ehm
716	BX002	1882.774	1890.864	8.09	True	_	0	0	0	0	0	0	0	1	0	False	False	False	False	False	False	False	_	1	0	0	29	e quindi cioè mia nonna mi ha sempre detto: cioè tipo se io avevo qualcosa da ri- da sistemare così, (.) >me lo faceva fare a me< così: [imparavo no?]	e quindi cioè mia nonna mi ha sempre detto: cioè tipo se io avevo qualcosa da ri- da sistemare così, (.) >me lo faceva fare a me< così: [imparavo no]?	e quindi cioè mia nonna mi ha sempre detto cioè tipo se io avevo qualcosa da ri- da sistemare così (.) me lo faceva fare a me così imparavo no
717	BX001	1889.814	1890.834	1.02	True	_	0	0	0	0	0	0	0	1	0	False	False	False	False	False	False	False	_	0	0	0	4	[mh=mh, mh=mh.]	[mh=mh, mh=mh].	mh mh mh mh
718	BX002	1891.349	1892.511	1.162	True	_	0	0	0	0	0	0	0	0	0	False	False	False	False	False	False	False	_	0	0	0	5	quindi un po' so fare,	quindi un po' so fare,	quindi un po' so fare
719	BX002	1892.937	1893.379	0.442	True	_	0	0	0	0	0	0	0	0	0	False	False	False	False	False	False	False	_	0	0	0	1	però,	però,	però
720	BX003	1894.319	1896.57	2.251	True	_	0	0	0	0	0	0	0	0	0	False	False	False	False	False	False	False	_	0	0	0	10	sì da lì a fare dei vestiti [no no] [(infatti.)]	sì da lì a fare dei vestiti [no no] [(infatti.)]	sì da lì a fare dei vestiti no no infatti
721	BX002	1895.389	1895.889	0.5	True	_	0	0	0	0	0	0	0	1	0	False	False	False	False	False	False	False	_	0	0	0	1	[eh.]	[eh].	eh
722	BX001	1895.964	1897.11	1.146	True	_	0	0	0	0	0	0	0	0	True	False	False	False	False	False	False	False	_	0	0	0	4	[sì sì certo] no?	[sì sì certo] no?	sì sì certo no
723	BX002	1897.102	1899.172	2.07	True	_	0	0	0	0	0	0	0	0	True	False	False	False	False	False	False	False	722=0.008	0	0	0	7	ho fatto un vestitino quest'estate però,	ho fatto un vestitino quest'estate però,	ho fatto un vestitino quest' estate però
724	BX002	1899.952	1905.09	5.138	True	_	0	0	0	0	0	0	0	0	0	False	False	False	False	False	False	False	_	1	0	0	17	è stato (.) cioè tipo l'ho dovuto rifare due volte, [perché continuavo a sbagliare il lato deh::]	è stato (.) cioè tipo l'ho dovuto rifare due volte, [perché continuavo a sbagliare il lato deh::]	è stato (.) cioè tipo l' ho dovuto rifare due volte perché continuavo a sbagliare il lato deh
725	BX001	1903.046	1906.746	3.7	True	_	0	0	0	0	0	0	0	2	0	False	False	False	False	False	False	False	_	1	1	0	7	[((ride)) va be' oh.] (.) così è che [si impara,]	[((ride)) vabbè oh]. (.) così è che [si impara],	((ride)) vabbè oh (.) così è che si impara
726	BX003	1906.061	1912.021	5.96	True	_	0	0	0	0	0	0	0	0	0	False	False	False	False	True	False	False	725=0.685,728=1.954,727=1.218	1	0	0	20	[no no be'] sembra dav- sembra semplice, ma n- (.) [non lo è. cioè tu dici faccio una cosa bruttissima (co-)]	[no no be'] sembra dav- sembra semplice, ma n- (.) [non lo è. cioè tu dici faccio una cosa bruttissima (co-)]	no no be' sembra dav- sembra semplice ma n- (.) non lo è cioè tu dici faccio una cosa bruttissima co-
727	BX002	1908.792	1910.01	1.218	True	_	0	0	0	0	0	0	0	0	0	False	False	False	False	False	False	False	_	0	0	0	2	[no: eh, xxx]	[no: eh, xxx]	no eh xxx
728	BX001	1910.067	1912.697	2.63	True	_	0	0	0	0	0	0	0	1	0	False	False	False	False	False	False	False	_	0	0	0	8	[no be' caspita è è un'arte,] eh	[no be' caspita è è un'arte], eh	no be' caspita è è un' arte eh
729	BX003	1913.107	1913.667	0.56	True	_	0	0	0	0	0	0	0	0	0	False	False	False	False	False	False	False	_	0	0	0	1	sì.	sì.	sì
730	BX003	1913.862	1915.592	1.73	True	_	0	0	0	0	0	0	0	0	0	False	False	False	False	False	False	False	_	0	0	0	4	anche le co[se: (più)]	anche le co[se: (più)]	anche le cose più
731	BX002	1914.662	1919.712	5.05	True	_	0	0	0	0	0	0	0	0	0	False	False	False	False	False	False	False	_	0	0	0	21	[cioè un conto] è se devi riparare una cosa. perché per tipo [per stringermi un po' le] cose, riesco a farlo.	[cioè un conto] è se devi riparare una cosa. perché per tipo [per stringermi un po' le] cose, riesco a farlo.	cioè un conto è se devi riparare una cosa perché per tipo per stringermi un po' le cose riesco a farlo
732	BX003	1917.322	1918.192	0.87	True	_	0	0	0	0	0	0	0	1	0	False	False	False	False	False	False	False	_	0	0	0	2	[sì esatto.]	[sì esatto].	sì esatto
733	BX002	1920.107	1923.797	3.69	True	_	0	0	0	0	0	0	0	0	0	False	False	False	False	False	False	False	_	0	0	0	12	per riparare una cosa [la ripa]ro, però se tu devi par- [cioè xxxx]	per riparare una cosa [la ripa]ro, però se tu devi par- [cioè xxxx]	per riparare una cosa la riparo però se tu devi par- cioè xxxx
734	BX001	1921.087	1921.497	0.41	True	_	0	0	0	0	0	0	0	1	0	False	False	False	False	False	False	False	_	0	0	0	1	[mh.]	[mh].	mh
735	BX001	1923.007	1923.787	0.78	True	_	0	0	0	0	0	0	0	1	0	False	False	False	False	False	False	False	_	0	0	0	2	[da zero.]	[da zero].	da zero
736	BX002	1923.932	1925.512	1.58	True	_	0	0	0	0	0	0	0	0	0	False	False	False	False	False	False	False	_	0	0	0	4	da zero è difficilissi[mo]	da zero è difficilissi[mo]	da zero è difficilissimo
737	BX001	1925.022	1925.962	0.94	True	_	0	0	0	0	0	0	0	0	0	False	False	False	False	False	False	False	_	0	0	0	4	[no no] ma infatti.	[no no] ma infatti.	no no ma infatti
738	BX002	1926.137	1928.557	2.42	True	_	0	0	0	0	0	0	0	0	0	False	False	False	False	False	False	False	_	0	0	0	10	poi ci son tutte le misure, io non capisco niente.	poi ci son tutte le misure, io non capisco niente.	poi ci son tutte le misure io non capisco niente
739	BX001	1928.562	1929.522	0.96	True	_	0	0	0	0	0	0	0	0	0	False	False	False	False	False	False	False	_	0	0	0	2	eh in[fatti]	eh in[fatti]	eh infatti
740	BX003	1929.067	1930.877	1.81	True	_	0	0	0	0	0	0	0	0	0	False	False	False	False	False	False	False	_	1	0	0	7	[tutti] gli orli che devi tenere, (.) mh.	[tutti] gli orli che devi tenere, (.) mh.	tutti gli orli che devi tenere (.) mh
741	BX003	1932.587	1932.867	0.28	True	_	0	0	0	0	0	0	0	0	0	False	False	False	False	False	False	False	_	0	0	0	2	mh=mh.	mh=mh.	mh mh
742	BX001	1932.872	1933.372	0.5	True	_	0	0	0	0	0	0	0	0	0	False	False	False	False	False	False	False	_	0	0	0	2	eh (°inf-°)	eh (°inf-°)	eh inf-
743	BX001	1934.437	1938.337	3.9	True	_	0	0	0	0	0	0	0	0	0	False	False	False	False	False	False	False	_	0	0	0	11	mio nonno da parte di: di: di mio padre era, sarto.	mio nonno da parte di: di: di mio padre era, sarto.	mio nonno da parte di di di mio padre era sarto
744	BX002	1938.497	1939.107	0.61	True	_	0	0	0	0	0	0	0	0	0	False	False	False	False	False	False	False	_	0	0	0	1	[ah]	[ah]	ah
745	BX003	1938.497	1939.107	0.61	True	_	0	0	0	0	0	0	0	1	0	False	False	False	False	False	False	False	_	0	0	0	1	[ah.]	[ah].	ah
746	BX001	1939.257	1945.41	6.153	True	_	0	0	0	0	0	0	0	0	0	False	False	False	False	True	False	False	747=0.430,748=0.620	0	0	0	15	da uomo. e faceva solo i i completi no? che all'epoca insomma, [cioè (xx tutti)]	da uomo. e faceva solo i i completi no? che all'epoca insomma, [cioè (xx tutti)]	da uomo e faceva solo i i completi no che all' epoca insomma cioè xx tutti
747	BX002	1943.657	1944.087	0.43	True	_	0	0	0	0	0	0	0	0	0	False	False	False	False	False	False	False	_	0	0	0	1	[wow]	[wow]	wow
748	BX003	1944.097	1944.717	0.62	True	_	0	0	0	0	0	0	0	1	0	False	False	False	False	False	False	False	_	0	0	0	2	[eh sì.]	[eh sì].	eh sì
749	BX001	1946.037	1946.837	0.8	True	_	0	0	0	0	0	0	0	0	0	False	False	False	False	False	False	False	_	0	0	0	1	eh:::	eh:::	eh
750	BX001	1948.012	1950.302	2.29	True	_	0	0	0	0	0	0	0	0	0	False	False	False	False	False	False	False	_	0	0	0	6	e infatti quella macchina era sua.	e infatti quella macchina era sua.	e infatti quella macchina era sua
751	BX001	1952.162	1955.402	3.24	True	_	0	0	0	0	0	0	0	0	0	False	False	False	False	False	False	False	_	1	0	0	11	eh però era, (.) (un po') infatti mio padre un po' ci,	eh però era, (.) (un po') infatti mio padre un po' ci,	eh però era (.) un po' infatti mio padre un po' ci
752	BX001	1955.879	1962.9	7.021	True	_	0	0	0	0	0	0	0	0	0	False	False	False	False	False	False	False	_	0	0	0	20	sapeva un po' armeggiare perché chiaramente era, era il garzone della bottega [no? che porta]va le cose avanti e indietro.	sapeva un po' armeggiare perché chiaramente era, era il garzone della bottega [no? che porta]va le cose avanti e indietro.	sapeva un po' armeggiare perché chiaramente era era il garzone della bottega no che portava le cose avanti e indietro
753	BX003	1960.214	1960.614	0.4	True	_	0	0	0	0	0	0	0	1	0	False	False	False	False	False	False	False	_	0	0	0	1	[mh,]	[mh],	mh
754	BX002	1960.599	1961.109	0.51	True	_	0	0	0	0	0	0	0	1	0	False	False	False	False	False	False	False	_	0	0	0	1	[mh.]	[mh].	mh
755	BX001	1964.554	1965.824	1.27	True	_	0	0	0	0	0	0	0	0	0	False	False	False	False	False	False	False	_	0	0	0	4	e però poi insomma	e però poi insomma	e però poi insomma
756	BX001	1966.66	1971.734	5.074	True	_	0	0	0	0	0	0	0	0	0	False	False	False	False	False	False	False	_	0	0	0	13	lui ha fatto tutt'altro ecco. [però comun]que aveva questi ricordi no? di,	lui ha fatto tutt'altro ecco. [però comun]que aveva questi ricordi no? di,	lui ha fatto tutt' altro ecco però comunque aveva questi ricordi no di
757	BX003	1968.572	1969.282	0.71	True	_	0	0	0	0	0	0	0	1	0	False	False	False	False	False	False	False	_	0	0	0	2	[eh sì.]	[eh sì].	eh sì
758	BX001	1972.494	1981.594	9.1	True	_	0	0	0	0	0	0	0	1	0	False	False	False	False	False	False	False	_	3	0	0	24	di infanzia. (.) e c'erano:: ancora a casa di mia nonna ci son tipo le forbici, (.) cioè alcuni arnesi [eh, (.) quelle cose lì sono,]	di infanzia. (.) e c'erano:: ancora a casa di mia nonna ci son tipo le forbici, (.) cioè alcuni arnesi [eh, (.) quelle cose lì sono],	di infanzia (.) e c' erano ancora a casa di mia nonna ci son tipo le forbici (.) cioè alcuni arnesi eh (.) quelle cose lì sono
759	BX002	1979.534	1981.594	2.06	True	_	0	0	0	0	0	0	0	0	0	False	False	False	False	False	False	False	_	0	0	0	3	[(sì anche noi xx)]	[(sì anche noi xx)]	sì anche noi xx
760	BX001	1981.854	1982.52	0.666	True	_	0	0	0	0	0	0	0	0	True	False	False	False	False	False	False	False	761=0.046	0	0	0	1	eh::	eh::	eh
761	BX002	1982.474	1984.214	1.74	True	_	0	0	0	0	0	0	0	1	True	False	False	False	False	False	False	False	_	0	0	0	3	le forbici pe[santi.]	le forbici pe[santi].	le forbici pesanti
762	BX003	1983.474	1986.63	3.156	True	_	0	0	0	0	0	0	0	1	0	False	False	False	False	True	False	False	765=0.006,761+763=0.400,764+763=0.805	0	0	0	9	[sì sì sì enormi e pensatissime che quando tagli:,]	[sì sì sì enormi e pensatissime che quando tagli:],	sì sì sì enormi e pensatissime che quando tagli
763	BX001	1983.814	1985.354	1.54	True	_	0	0	0	0	0	0	0	0	0	False	False	False	False	True	False	False	761+762=0.400,762+764=0.805	0	1	0	4	[(e gro- e grossissime) ((ride))]	[(e gro- e grossissime) ((ride))]	e gro- e grossissime ((ride))
764	BX002	1984.549	1985.949	1.4	True	_	0	0	0	0	0	0	0	1	0	False	False	False	False	False	False	False	_	0	0	0	4	[ma che (cazzo) cioè,]	[ma che (cazzo) cioè],	ma che cazzo cioè
765	BX001	1986.624	1991.73	5.106	True	_	0	0	0	0	0	0	0	0	True	False	False	False	False	False	False	False	_	2	0	0	14	sì però, cioè però ti ti mozzi un dito eh. (.) [cioè ta]gliano:: (.) cioè pazzesco.	sì però, cioè però ti ti mozzi un dito eh. (.) [cioè ta]gliano:: (.) cioè pazzesco.	sì però cioè però ti ti mozzi un dito eh (.) cioè tagliano (.) cioè pazzesco
766	BX002	1988.847	1989.637	0.79	True	_	0	0	0	0	0	0	0	0	0	False	False	False	False	False	False	False	_	0	0	0	3	[sì sì sì]	[sì sì sì]	sì sì sì
767	BX004	1991.727	1992.227	0.5	True	_	0	0	0	0	0	0	0	0	True	False	False	False	False	False	False	False	765=0.003	0	0	0	2	ah però.	ah però.	ah però
768	BX001	1992.572	1993.362	0.79	True	_	0	0	0	0	0	0	0	0	0	False	False	False	False	False	False	False	_	0	0	0	2	cioè [eh::]	cioè [eh::]	cioè eh
769	BX002	1992.882	1994.13	1.248	True	_	0	0	0	0	0	0	0	0	True	False	False	False	False	False	False	False	_	0	1	0	3	[la ceso]ia cioè, ((ride))	[la ceso]ia cioè, ((ride))	la cesoia cioè ((ride))
770	BX001	1994.112	1997.672	3.56	True	_	0	0	0	0	0	0	0	1	True	False	False	False	False	False	False	False	_	1	0	0	9	esatto. cioè: roba che che [>(funziona) proprio bene.<] (.) xx,	esatto. cioè: roba che che [>(funziona) proprio bene<.] (.) xx,	esatto cioè roba che che funziona proprio bene (.) xx
771	BX002	1995.492	1997.672	2.18	True	_	0	0	0	0	0	0	0	0	0	False	False	True	False	False	False	False	_	0	1	0	5	[(si è per tagliare (i) xxxx ((ride))]	[(si è per tagliare (i) xxxx ((ride))]	si è per tagliare i xxxx ((ride))
772	BX003	1996.912	1997.682	0.77	True	_	0	0	0	0	0	0	0	0	0	False	False	False	False	False	False	False	_	0	1	0	0	[((ride))]	[((ride))]	((ride))
773	BX001	1998.182	1998.532	0.35	True	_	0	0	0	0	0	0	0	0	0	False	False	False	False	False	False	False	_	0	0	0	2	sì sì.	sì sì.	sì sì
774	BX002	1998.812	2000.092	1.28	True	_	0	0	0	0	0	0	0	0	0	False	False	False	False	False	False	False	_	0	0	0	2	(da) giardinaggio.	(da) giardinaggio.	da giardinaggio
775	BX001	2000.302	2001.932	1.63	True	_	0	0	0	0	0	0	0	0	0	False	False	False	False	False	False	False	_	0	0	0	4	sì eh lì sono::,	sì eh lì sono::,	sì eh lì sono
776	BX001	2002.482	2004.82	2.338	True	_	0	0	0	0	0	0	0	0	0	False	False	False	False	False	False	False	_	0	0	0	10	un po' [di di] di reperti d'epoca ci sono,	un po' [di di] di reperti d'epoca ci sono,	un po' di di di reperti d' epoca ci sono
777	BX003	2002.626	2003.186	0.56	True	_	0	0	0	0	0	0	0	0	0	False	False	False	False	False	False	False	_	0	0	0	0	[xxxx]	[xxxx]	xxxx
778	BX002	2005.846	2011.696	5.85	True	_	0	0	0	0	0	0	0	0	0	False	False	False	False	False	False	False	_	1	0	0	20	no ma io ho la soffitta piena adesso, di tutti i vestiti, (.) cioè tipo mh: tessuti che aveva mia nonna,	no ma io ho la soffitta piena adesso, di tutti i vestiti, (.) cioè tipo mh: tessuti che aveva mia nonna,	no ma io ho la soffitta piena adesso di tutti i vestiti (.) cioè tipo mh tessuti che aveva mia nonna
779	BX003	2011.706	2012.47	0.764	True	_	0	0	0	0	0	0	0	0	0	False	False	False	False	False	False	False	_	0	0	0	2	che [be:llo]	che [be:llo]	che bello
780	BX002	2012.046	2014.366	2.32	True	_	0	0	0	0	0	0	0	0	0	False	False	False	False	False	False	False	_	0	0	0	8	[pel]licce che aveva mia nonna, quelle meno bello.	[pel]licce che aveva mia nonna, quelle meno bello.	pellicce che aveva mia nonna quelle meno bello
781	BX003	2014.511	2016.34	1.829	True	_	1	0	0	0	0	1	0	0	0	False	False	False	False	False	False	False	_	1	0	0	8	eh no le pellice [no ] (.) >quello meno bello<=	eh no le pellice [no] (.) >quello meno bello<	eh no le pellice no (.) quello meno bello
782	BX001	2015.246	2015.586	0.34	True	_	0	0	0	0	0	0	0	1	0	False	False	False	False	False	False	False	_	0	0	0	1	[mh.]	[mh].	mh
783	BX002	2016.346	2018.516	2.17	True	_	0	0	0	0	0	1	0	0	0	False	False	False	False	False	False	False	_	0	0	0	4	=però tessuti tantissimi e:,	però tessuti tantissimi e:,	però tessuti tantissimi e
784	BX002	2018.776	2020.796	2.02	True	_	0	0	0	0	0	0	0	0	0	False	False	False	False	False	False	False	_	0	0	0	6	e tutte ste forbici sti arnesi,	e tutte ste forbici sti arnesi,	e tutte ste forbici sti arnesi
785	BX002	2021.331	2023.391	2.06	True	_	0	0	0	0	0	0	0	0	0	False	False	False	False	False	False	False	_	0	0	0	3	matasse, cose, lana:,	matasse, cose, lana:,	matasse cose lana
786	BX002	2023.856	2030.729	6.873	True	_	0	0	0	0	0	0	0	0	0	False	False	False	False	False	False	False	_	0	0	0	22	e mio padre, ha buttato via, cioè io durante la quarantena volevo, eh esatto. io [durante la quarantena] volevo imparare a fare:	e mio padre, ha buttato via, cioè io durante la quarantena volevo, eh esatto. io [durante la quarantena] volevo imparare a fare:	e mio padre ha buttato via cioè io durante la quarantena volevo eh esatto io durante la quarantena volevo imparare a fare
787	BX001	2028.246	2028.886	0.64	True	_	0	0	0	0	0	0	0	0	0	False	False	False	False	False	False	False	_	0	1	0	0	[((ride))]	[((ride))]	((ride))
788	BX002	2031.008	2031.603	0.595	True	_	0	0	0	0	0	0	0	0	0	False	False	False	False	False	False	False	_	0	0	0	2	a maglia,	a maglia,	a maglia
789	BX002	2031.816	2035.9	4.084	True	_	0	0	0	0	0	0	0	0	0	False	False	False	False	False	False	False	_	3	0	0	8	ha butta[to via] tutti, (.) tutti, (.) tutti (.) i ferri.	ha butta[to via] tutti, (.) tutti, (.) tutti (.) i ferri.	ha buttato via tutti (.) tutti (.) tutti (.) i ferri
790	BX001	2032.266	2032.696	0.43	True	_	0	0	0	0	0	0	0	0	0	False	False	False	False	False	False	False	_	0	0	0	0	[(xx)]	[(xx)]	xx
791	BX002	2036.643	2039.693	3.05	True	_	0	0	0	0	0	0	0	1	0	False	False	False	False	False	False	False	_	0	0	0	10	[tutti i ferri.] adesso mi tocca comprarli se voglio imparare.	[tutti i ferri]. adesso mi tocca comprarli se voglio imparare.	tutti i ferri adesso mi tocca comprarli se voglio imparare
792	BX001	2036.643	2037.693	1.05	True	_	0	0	0	0	0	0	0	0	0	False	False	False	False	False	False	False	_	0	0	0	1	[no::]	[no::]	no
793	BX002	2041.063	2044.323	3.26	True	_	0	0	0	0	0	0	0	1	0	False	False	False	False	False	False	False	_	1	0	0	11	[con tutti quelli che c'erano.] (.) ci saran stati venti ferri.	[con tutti quelli che c'erano]. (.) ci saran stati venti ferri.	con tutti quelli che c' erano (.) ci saran stati venti ferri
794	BX001	2041.078	2042.268	1.19	True	_	0	0	0	0	0	0	0	0	0	False	False	False	False	False	False	False	_	0	0	0	1	[no:: xx]	[no:: xx]	no xx
795	BX002	2045.048	2047.808	2.76	True	_	0	0	0	0	0	0	0	1	0	False	False	False	False	False	False	False	_	1	0	0	11	cioè dieci paia di ferri. (.) di sicuro dieci paia [di sicuro.]	cioè dieci paia di ferri. (.) di sicuro dieci paia [di sicuro].	cioè dieci paia di ferri (.) di sicuro dieci paia di sicuro
796	BX001	2047.498	2047.988	0.49	True	_	0	0	0	0	0	0	0	0	0	False	False	False	False	False	False	False	_	0	0	0	2	[(madò/ma dai)]	[(madòma dai)]	madòma dai
797	BX002	2048.038	2050.678	2.64	True	_	0	0	0	0	0	0	0	1	0	False	False	False	False	False	False	False	_	1	0	0	6	e tutti belli di ottone, (.) colo[rati,]	e tutti belli di ottone, (.) colo[rati],	e tutti belli di ottone (.) colorati
798	BX001	2050.093	2053.273	3.18	True	_	0	0	0	0	0	0	0	0	0	False	False	False	False	False	False	False	_	1	0	0	8	[eh sì be'] era: un alt- cioè (.) però:	[eh sì be'] era: un alt- cioè (.) però:	eh sì be' era un alt- cioè (.) però
799	BX002	2053.608	2054.758	1.15	True	_	0	0	0	0	0	0	0	0	0	False	False	False	False	False	False	False	_	0	0	0	5	tutti li ha buttati via.	tutti li ha buttati via.	tutti li ha buttati via
800	BX001	2055.128	2055.7805	0.66	True	_	0	0	0	0	0	0	1	0	0	False	False	False	False	False	False	False	_	0	0	0	2	ma dai.	ma dai.	ma dai
801	BX002	2055.7805	2057.243	1.47	True	_	0	0	0	0	0	0	1	0	0	False	False	False	False	False	False	False	_	0	0	0	4	mi sono incazzata tantissimo.	mi sono incazzata tantissimo.	mi sono incazzata tantissimo
802	BX003	2058.713	2063.25	4.537	True	_	0	0	0	0	0	0	0	1	0	False	False	False	False	False	False	False	_	1	1	0	12	((ride)) poi perché? (.) cioè se rimanevano lì cioè doveva [fare un po' di,]	((ride)) poi perché? (.) cioè se rimanevano lì cioè doveva [fare un po' di],	((ride)) poi perché (.) cioè se rimanevano lì cioè doveva fare un po' di
803	BX002	2062.393	2063.66	1.267	True	_	0	0	0	0	0	0	0	0	True	False	False	False	False	False	False	False	_	0	0	0	5	[°°(ma che cazzo] ne so°°)	[(ma che cazzo] ne so)	ma che cazzo ne so
804	BX001	2063.641	2067.081	3.44	True	_	0	0	0	0	0	0	0	1	0	False	False	False	False	False	False	False	_	2	1	0	6	[((ride)) sì gli è presa, (.) bum (.)] [via.]	[((ride)) sì gli è presa, (.) bum (.)] [via].	((ride)) sì gli è presa (.) bum (.) via
805	BX003	2063.641	2067.081	3.44	True	_	0	0	0	0	0	0	0	0	True	False	False	False	False	False	False	False	_	0	1	0	0	[((ride))]	[((ride))]	((ride))
806	BX002	2066.446	2067.116	0.67	True	_	0	0	0	0	0	0	0	0	0	False	False	False	False	False	False	False	_	0	0	0	2	[sì sì]	[sì sì]	sì sì
807	BX001	2067.696	2068.196	0.5	True	_	0	0	0	0	0	1	0	0	0	False	False	False	False	False	True	False	808=0.155	0	0	0	1	alè=	alè	alè
808	BX003	2068.041	2072.18	4.139	True	_	0	0	0	0	0	1	0	0	0	False	False	False	False	True	False	False	807=0.155,809=1.895	1	0	0	14	=sono anche riutilizzabili se [vuoi li usi per dare acqua alle piante] per, (.) bo'	sono anche riutilizzabili se [vuoi li usi per dare acqua alle piante] per, (.) bo'	sono anche riutilizzabili se vuoi li usi per dare acqua alle piante per (.) bo'
809	BX002	2069.505	2071.4	1.895	True	_	0	0	0	0	0	0	0	1	0	False	False	False	False	False	False	False	_	1	0	0	7	[sì, (.) no no ma non è normale.]	[sì, (.) no no ma non è normale].	sì (.) no no ma non è normale
810	BX003	2073.555	2074.745	1.19	True	_	0	0	0	0	0	0	0	0	0	False	False	False	False	False	False	False	_	0	0	0	2	(come stuz[zicadenti])	(come stuz[zicadenti])	come stuzzicadenti
811	BX001	2074.03	2078.465	4.435	True	_	0	0	0	0	0	0	0	0	0	False	False	False	False	False	False	False	_	0	0	0	14	[no ma poi son] material- cioè non è che sono di: cioè [davvero erano:]	[no ma poi son] material- cioè non è che sono di: cioè [davvero erano:]	no ma poi son material- cioè non è che sono di cioè davvero erano
812	BX002	2077.245	2079.635	2.39	True	_	0	0	0	0	0	0	0	0	0	False	False	False	False	False	False	False	_	0	0	0	8	[no be' figurati in discarica] li avrà portati.	[no be' figurati in discarica] li avrà portati.	no be' figurati in discarica li avrà portati
813	BX003	2078.455	2078.805	0.35	True	_	0	0	0	0	0	0	0	1	0	False	False	False	False	False	False	False	_	0	0	0	1	[eh.]	[eh].	eh
814	BX003	2079.72	2080.93	1.21	True	_	0	0	0	0	0	0	0	0	0	False	False	False	False	False	False	False	_	0	1	0	1	[((ride)) (>proprio<)]	[((ride)) (>proprio<)]	((ride)) proprio
815	BX001	2079.725	2081.91	2.185	True	_	0	0	0	0	0	0	0	0	0	False	False	False	False	False	False	False	_	0	1	0	6	[((ride)) cioè cioè oh] ha proprio fatto	[((ride)) cioè cioè oh] ha proprio fatto	((ride)) cioè cioè oh ha proprio fatto
816	BX003	2081.92	2083.14	1.22	True	_	0	0	0	0	0	0	0	0	0	False	False	False	False	False	False	False	_	0	0	0	2	a- appos[ta]	a- appos[ta]	a- apposta
817	BX001	2082.785	2083.67	0.885	True	_	0	0	0	0	0	0	0	0	0	False	False	False	False	False	False	False	_	0	0	0	4	[cioè cioè] cioè non	[cioè cioè] cioè non	cioè cioè cioè non
818	BX002	2083.872	2086.74	2.868	True	_	0	0	0	0	0	0	0	0	0	False	False	False	False	False	False	False	_	1	0	0	13	no no [l'ha fatto appos-, (.) sì sì l'ha] fatto apposta sì.	no no [l'ha fatto appos-, (.) sì sì l'ha] fatto apposta sì.	no no l' ha fatto appos- (.) sì sì l' ha fatto apposta sì
819	BX001	2084.332	2085.632	1.3	True	_	0	0	0	0	0	0	0	1	0	False	False	False	False	False	False	False	_	0	0	0	4	[sì è impegnato insomma.]	[sì è impegnato insomma].	sì è impegnato insomma
820	BX002	2086.967	2088.857	1.89	True	_	0	0	0	0	0	0	0	1	0	False	False	False	False	False	False	False	_	0	0	0	9	ma eh un sacco di cose che [non erano,]	ma eh un sacco di cose che [non erano],	ma eh un sacco di cose che non erano
821	BX003	2088.267	2088.887	0.62	True	_	0	0	0	0	0	0	0	0	0	False	False	False	False	False	False	False	_	0	0	0	1	[ciao]	[ciao]	ciao
822	BX001	2089.012	2089.822	0.81	True	_	0	0	0	0	0	0	0	0	0	False	False	False	False	False	False	False	_	0	0	0	1	ciao	ciao	ciao
823	BX001	2091.872	2092.832	0.96	True	_	0	0	0	0	0	0	0	0	0	False	False	False	False	False	False	False	_	0	0	0	2	ah dai.	ah dai.	ah dai
824	BX001	2094.947	2095.837	0.89	True	_	0	0	0	0	0	0	0	0	0	False	False	False	False	False	False	False	_	0	0	0	2	che vita.	che vita.	che vita
825	BX001	2097.507	2101.717	4.21	True	_	0	0	0	0	0	0	0	0	0	False	False	False	False	False	False	False	_	0	0	0	10	no da me: invece::, si butta via poco e niente.	no da me: invece::, si butta via poco e niente.	no da me invece si butta via poco e niente
826	BX001	2102.65	2107.04	4.39	True	_	0	0	0	0	0	0	0	0	0	False	False	False	False	False	False	False	_	1	0	0	14	no è una questione culturale, perché non c'è molto e quindi insomma. (.) tutto:	no è una questione culturale, perché non c'è molto e quindi insomma. (.) tutto:	no è una questione culturale perché non c' è molto e quindi insomma (.) tutto
827	BX002	2107.57	2108.19	0.62	True	_	0	0	0	0	0	0	0	0	0	False	False	False	False	False	False	False	_	0	0	0	2	mh=mh.	mh=mh.	mh mh
828	BX002	2108.65	2110.87	2.22	True	_	0	0	0	0	0	0	0	0	0	False	False	False	False	False	False	False	_	0	0	0	7	no mia nonna non butta[va via niente xx]	no mia nonna non butta[va via niente xx]	no mia nonna non buttava via niente xx
829	BX001	2109.425	2114.105	4.68	True	_	0	0	0	0	0	0	0	0	0	False	False	False	False	False	False	False	_	0	0	0	13	[le case son grandi poi] c- c'è molto po:sto: e quindi: dai.	[le case son grandi poi] c- c'è molto po:sto: e quindi: dai.	le case son grandi poi c- c' è molto posto e quindi dai
830	BX001	2114.81	2117.15	2.34	True	_	0	0	0	0	0	0	0	1	0	False	False	False	False	False	False	False	_	1	0	0	5	eh: magari può servire, (.) [se.]	eh: magari può servire, (.) [se].	eh magari può servire (.) se
831	BX002	2116.485	2117.895	1.41	True	_	0	0	0	0	0	0	0	0	0	False	False	False	False	False	False	False	_	0	0	0	5	[ma noi abbiamo i ca]pannoni,	[ma noi abbiamo i ca]pannoni,	ma noi abbiamo i capannoni
832	BX002	2118.575	2122.44	3.865	True	_	0	0	0	0	0	0	0	0	0	False	False	False	False	False	False	False	_	1	0	0	16	cioè. (.) c'è pieno di roba, non so perché mio papà [deve buttare via le cose]	cioè. (.) c'è pieno di roba, non so perché mio papà [deve buttare via le cose]	cioè (.) c' è pieno di roba non so perché mio papà deve buttare via le cose
833	BX001	2120.81	2122.43	1.62	True	_	0	0	0	0	0	0	0	0	0	False	False	False	False	False	False	False	_	0	1	0	0	[((ride))]	[((ride))]	((ride))
834	BX003	2120.81	2122.43	1.62	True	_	0	0	0	0	0	0	0	0	0	False	False	False	False	False	False	False	_	0	1	0	0	[((ride))]	[((ride))]	((ride))
835	BX002	2122.725	2123.695	0.97	True	_	0	0	0	0	0	0	0	1	0	False	False	False	False	False	False	False	_	0	0	0	3	abbiamo [i carri,]	abbiamo [i carri],	abbiamo i carri
836	BX003	2123.145	2124.44	1.295	True	_	0	0	0	0	0	0	0	0	0	False	False	False	False	True	False	False	835+837=0.535,838+837=0.310	0	2	0	2	[proprio quelli. ((ridendo)) ((ride))]	[proprio quelli. ((ridendo)) ((ride))]	proprio quelli ((ridendo)) ((ride))
837	BX001	2123.16	2124.43	1.27	True	_	0	0	0	0	0	0	0	0	0	False	False	False	False	True	False	False	835+836=0.535,836+838=0.310	0	1	0	0	[((ride))]	[((ride))]	((ride))
838	BX002	2124.12	2126.48	2.36	True	_	0	0	0	0	0	0	0	0	0	False	False	False	False	False	False	False	_	1	0	0	6	[abbiamo i] carretti, (.) per i cavalli,	[abbiamo i] carretti, (.) per i cavalli,	abbiamo i carretti (.) per i cavalli
839	BX002	2126.625	2128.765	2.14	True	_	0	0	0	0	0	0	0	1	0	False	False	False	False	False	False	False	_	0	0	0	10	cioè c'è di [tutto nel capannone di mia nonna.]	cioè c'è di [tutto nel capannone di mia nonna].	cioè c' è di tutto nel capannone di mia nonna
840	BX001	2127.195	2129.215	2.02	True	_	0	0	0	0	0	0	0	0	0	False	False	False	False	False	False	False	_	0	2	0	2	[((ride)) (il carre-) ((ridendo))]	[((ride)) (il carre-) ((ridendo))]	((ride)) il carre- ((ridendo))
841	BX001	2129.915	2131.825	1.91	True	_	0	0	0	0	0	0	0	0	0	False	False	False	False	False	False	False	_	0	0	0	8	poi inso- ingombrano un po' di più [del]	poi inso- ingombrano un po' di più [del]	poi inso- ingombrano un po' di più del
842	BX002	2131.465	2132.655	1.19	True	_	0	0	0	0	0	0	0	0	0	False	False	False	False	True	False	False	841=0.360,843=0.330	1	0	0	2	[eh] (.) direi.	[eh] (.) direi.	eh (.) direi
843	BX001	2132.325	2134.465	2.14	True	_	0	0	0	0	0	0	0	0	0	False	False	True	False	True	False	False	842=0.330,844=1.265	0	2	0	1	[((incomrensibile ((ridendo)) ((ride))]	[((incomrensibile ((ridendo)) ((ride))]	incomrensibile ((ridendo)) ((ride))
844	BX002	2133.2	2136.61	3.41	True	_	0	0	0	0	0	0	0	1	0	False	False	False	False	False	False	False	_	0	0	0	12	[beh ma noi ci giocavamo] sempre da piccoli coi carretti [da cavallo.]	[beh ma noi ci giocavamo] sempre da piccoli coi carretti [da cavallo].	beh ma noi ci giocavamo sempre da piccoli coi carretti da cavallo
845	BX003	2135.84	2136.61	0.77	True	_	0	0	0	0	0	0	0	1	0	False	False	False	False	False	False	False	_	0	0	0	2	[che figata.]	[che figata].	che figata
846	BX002	2136.8	2140.41	3.61	True	_	0	0	0	0	0	0	0	1	0	False	False	False	False	False	False	False	_	1	0	0	12	io portavo, (.) [e i miei cugini sopra il carretto,] e io correvo.	io portavo, (.) [e i miei cugini sopra il carretto], e io correvo.	io portavo (.) e i miei cugini sopra il carretto e io correvo
847	BX001	2137.86	2139.05	1.19	True	_	0	0	0	0	0	0	0	0	0	False	False	False	False	False	False	False	_	0	1	0	0	[((ride))]	[((ride))]	((ride))
848	BX002	2140.62	2143.85	3.23	True	_	0	0	0	0	0	0	0	0	0	False	False	False	False	False	False	False	_	0	0	0	11	infatti dopo mi hanno detto guarda che le ginocchia che: eh:.	infatti dopo mi hanno detto guarda che le ginocchia che: eh:.	infatti dopo mi hanno detto guarda che le ginocchia che eh
849	BX003	2143.85	2144.6625000000004	0.82	True	_	0	0	0	0	0	0	1	0	0	False	False	False	False	False	False	False	_	0	1	0	0	((ride))	((ride))	((ride))
850	BX001	2144.6625000000004	2145.65	0.995	True	_	0	0	0	0	0	0	1	0	0	False	False	False	False	False	False	False	_	0	1	0	0	((ride))	((ride))	((ride))
851	BX002	2145.65	2146.56	0.91	True	_	0	0	0	0	0	0	0	0	0	False	False	False	False	False	False	False	_	0	0	0	2	sì sì.	sì sì.	sì sì
852	BX002	2147.2	2148.8	1.6	True	_	0	0	0	0	0	0	0	0	0	False	False	False	False	False	False	False	_	0	0	0	2	trattori trattorini,	trattori trattorini,	trattori trattorini
853	BX001	2148.805	2150.725	1.92	True	_	0	0	0	0	0	0	0	0	True	False	False	False	False	False	False	False	854=0.025	1	0	0	3	no bellissimo. (.) no.	no bellissimo. (.) no.	no bellissimo (.) no
854	BX002	2150.7	2153.38	2.68	True	_	0	0	0	0	0	0	0	0	True	False	False	False	False	False	False	False	_	0	0	0	8	è un parco gio[chi:: (il capannone della nonna)]	è un parco gio[chi:: (il capannone della nonna)]	è un parco giochi il capannone della nonna
855	BX001	2151.77	2154.55	2.78	True	_	0	0	0	0	0	0	0	0	True	False	False	False	False	False	False	False	_	0	0	0	6	[no i trattori no] quello fantastico.	[no i trattori no] quello fantastico.	no i trattori no quello fantastico
856	BX002	2154.51	2162.09	7.58	True	_	0	0	0	0	0	0	0	0	True	False	False	False	False	False	False	False	_	3	0	0	20	reti da pesca. (.) reti da pesca [proprio (.)] di pareti non lo so se (.) cosa pescavano le=le=le balene cioè.	reti da pesca. (.) reti da pesca [proprio (.)] di pareti non lo so se (.) cosa pescavano le=le=le balene cioè.	reti da pesca (.) reti da pesca proprio (.) di pareti non lo so se (.) cosa pescavano le le le balene cioè
857	BX003	2156.88	2157.69	0.81	True	_	0	0	0	0	0	0	0	0	0	False	False	False	False	False	False	False	_	0	0	0	0	[xxxx]	[xxxx]	xxxx
858	BX001	2162.29	2164.01	1.72	True	_	0	0	0	0	0	0	0	0	0	False	False	False	False	False	False	False	_	0	1	0	2	[((ride)) (le bale-)]	[((ride)) (le bale-)]	((ride)) le bale-
859	BX003	2162.29	2164.01	1.72	True	_	0	0	0	0	0	0	0	0	0	False	False	False	False	False	False	False	_	0	1	0	0	[((ride))]	[((ride))]	((ride))
860	BX002	2163.544	2167.454	3.91	True	_	0	0	0	0	0	0	0	1	0	False	False	False	False	False	False	False	_	1	1	0	18	[non lo so,] c'è una c'è una rete da mia nonna che (.) sarà tutta un muro. ((ridendo))	[non lo so], c'è una c'è una rete da mia nonna che (.) sarà tutta un muro. ((ridendo))	non lo so c' è una c' è una rete da mia nonna che (.) sarà tutta un muro ((ridendo))
861	BX002	2168.694	2170.164	1.47	True	_	0	0	0	0	0	0	0	0	0	False	False	False	False	False	False	False	_	0	0	0	6	che non so cosa ci facessero.	che non so cosa ci facessero.	che non so cosa ci facessero
862	BX001	2170.684	2176.311	5.627	True	_	0	0	0	0	0	0	0	0	0	False	False	False	False	False	False	False	_	1	1	0	5	le balene nell'adige. (.) [eh? ((ride))]	le balene nell'adige. (.) [eh? ((ride))]	le balene nell' adige (.) eh ((ride))
863	BX002	2172.414	2175.382	2.968	True	_	0	0	0	0	0	0	0	0	0	False	False	False	True	False	True	False	862+864=1.618	0	1	0	7	[e ti- e tipo ce- ((ride)) sì sì	[e ti- e tipo ce- ((ride)) sì sì	e ti- e tipo ce- ((ride)) sì sì
864	BX003	2173.764	2176.311	2.547	True	_	0	0	0	0	0	0	0	0	0	False	False	False	False	False	False	False	_	0	1	0	0	[((ride))]	[((ride))]	((ride))
865	BX002	2176.314	2177.054	0.74	True	_	0	0	0	0	0	0	0	0	0	False	False	False	False	False	False	False	_	0	0	0	3	e [tipo ti-]	e [tipo ti-]	e tipo ti-
866	BX001	2176.469	2179.27	2.801	True	_	0	0	0	0	0	0	0	0	0	False	False	False	False	False	False	False	_	1	0	0	3	[ma poi pas]sano xxx [(.) xxxx]	[ma poi pas]sano xxx [(.) xxxx]	ma poi passano xxx (.) xxxx
867	BX002	2177.379	2179.279	1.9	True	_	0	0	0	0	0	0	0	0	0	False	False	False	False	False	False	False	_	0	1	0	0	[((ride))]	[((ride))]	((ride))
868	BX003	2177.379	2179.279	1.9	True	_	0	0	0	0	0	0	0	0	0	False	False	False	False	False	False	False	_	0	1	0	0	[((ride))]	[((ride))]	((ride))
869	BX002	2179.824	2183.454	3.63	True	_	0	0	0	0	0	0	0	0	0	False	False	False	False	False	False	False	_	1	0	0	11	ci sono dei cosi da pesca che sono tipo dei: (.) cilindri,	ci sono dei cosi da pesca che sono tipo dei: (.) cilindri,	ci sono dei cosi da pesca che sono tipo dei (.) cilindri
870	BX002	2183.854	2185.334	1.48	True	_	0	0	0	0	0	0	0	1	0	False	False	False	False	False	False	False	_	0	0	0	6	che sono uno dentro [l'altro,]	che sono uno dentro [l'altro],	che sono uno dentro l' altro
871	BX003	2184.754	2185.844	1.09	True	_	0	0	0	0	0	0	0	0	0	False	False	False	False	False	False	False	_	0	0	0	3	[sì i batta]vei.	[sì i batta]vei.	sì i battavei
872	BX002	2186.114	2186.754	0.64	True	_	0	0	0	0	0	0	0	0	0	False	False	False	False	False	False	False	_	0	0	0	2	cosa sono?	cosa sono?	cosa sono
873	BX003	2186.769	2193.124	6.355	True	_	0	0	0	0	0	0	0	0	0	False	False	True	False	False	False	False	_	0	1	0	8	sono i battavei, sono delle: [(delle xxx dialetto, ((ride)) sì:]	sono i battavei, sono delle: [(delle xxx dialetto, ((ride)) sì:]	sono i battavei sono delle delle xxx dialetto ((ride)) sì
874	BX001	2188.569	2192.259	3.69	True	_	0	0	0	0	0	0	0	0	0	False	False	False	False	False	False	False	_	0	1	0	0	[((ride))]	[((ride))]	((ride))
875	BX002	2191.359	2193.3	1.941	True	_	0	0	0	0	0	0	0	0	0	False	False	False	False	False	False	False	_	0	0	0	1	[battavei, xx]	[battavei, xx]	battavei xx
876	BX003	2193.609	2201.059	7.45	True	_	0	0	0	0	0	0	0	0	0	False	False	False	False	False	False	False	_	2	0	0	19	sono cioè tipo [sono delle reti] a sorta di: cilindriche che [hanno] dentro, una un: (.) cioè una cosa, (.) mh:	sono cioè tipo [sono delle reti] a sorta di: cilindriche che [hanno] dentro, una un: (.) cioè una cosa, (.) mh:	sono cioè tipo sono delle reti a sorta di cilindriche che hanno dentro una un (.) cioè una cosa (.) mh
877	BX001	2194.853	2195.736	0.883	True	_	0	0	0	0	0	0	0	0	0	False	False	False	False	False	False	False	_	0	1	0	0	[((ride))]	[((ride))]	((ride))
878	BX002	2197.559	2197.849	0.29	True	_	0	0	0	0	0	0	0	1	0	False	False	False	False	False	False	False	_	0	0	0	1	[ah.]	[ah].	ah
879	BX003	2201.829	2202.919	1.09	True	_	0	0	0	0	0	0	0	0	0	False	False	False	False	False	False	False	_	0	0	0	2	triangolare tipo,	triangolare tipo,	triangolare tipo
880	BX002	2202.979	2203.409	0.43	True	_	0	0	0	0	0	0	0	0	0	False	False	False	False	False	False	False	_	0	0	0	2	ah=ah,	ah=ah,	ah ah
881	BX003	2203.439	2208.24	4.801	True	_	0	0	0	0	0	0	0	0	0	False	False	False	False	False	False	False	_	1	0	0	17	e così decentra, (.) e eh incontra sempre un un coso più stretto, e non puoi più riuscire.	e così decentra, (.) e eh incontra sempre un un coso più stretto, e non puoi più riuscire.	e così decentra (.) e eh incontra sempre un un coso più stretto e non puoi più riuscire
882	BX002	2208.279	2209.259	0.98	True	_	0	0	0	0	0	0	0	0	0	False	False	False	False	False	False	False	_	0	0	0	2	ah poveretti.	ah poveretti.	ah poveretti
883	BX003	2209.264	2210.46	1.196	True	_	0	0	0	0	0	0	0	0	0	False	False	False	False	False	False	False	_	0	0	0	3	purtroppo sì però,	purtroppo sì però,	purtroppo sì però
884	BX001	2211.667	2215.476	3.809	True	_	0	0	0	0	0	0	0	0	0	False	False	False	False	False	False	False	_	0	0	0	11	va be' anche quello è un un'arte cioè alle fine: eh:	vabbè anche quello è un un'arte cioè alle fine: eh:	vabbè anche quello è un un' arte cioè alle fine eh
885	BX002	2215.833	2218.513	2.68	True	_	0	0	0	0	0	0	0	0	0	False	False	False	False	False	False	False	_	0	0	0	4	guarda mio nonno [(incomprensibile)]	guarda mio nonno [(incomprensibile)]	guarda mio nonno incomprensibile
886	BX001	2216.483	2217.723	1.24	True	_	0	0	0	0	0	0	0	0	0	False	False	False	False	False	False	False	_	0	0	0	0	[xxxxx]	[xxxxx]	xxxxx
887	BX003	2217.443	2220.703	3.26	True	_	0	0	0	0	0	0	0	0	0	False	False	False	False	False	False	False	_	0	0	0	13	[no però c'è mi pi-] mi: piacerebbe sapere come le chiamate voi,	[no però c'è mi pi-] mi: piacerebbe sapere come le chiamate voi,	no però c' è mi pi- mi piacerebbe sapere come le chiamate voi
888	BX002	2221.993	2223.333	1.34	True	_	0	0	0	0	0	0	0	0	0	False	False	False	False	False	False	False	_	0	0	0	5	credo che sia uguale sai?	credo che sia uguale sai?	credo che sia uguale sai
889	BX002	2223.728	2225.288	1.56	True	_	0	0	0	0	0	0	0	0	0	False	False	False	False	False	False	False	_	0	0	0	7	va be' dai chiamo mia nonna glielo chiedo.	vabbè dai chiamo mia nonna glielo chiedo.	vabbè dai chiamo mia nonna glielo chiedo
890	BX003	2225.443	2228.623	3.18	True	_	0	0	0	0	0	0	0	0	0	False	False	False	False	False	False	False	_	0	3	0	4	no, [((ride))] scolta nonna ma, ((ridendo)) ((ride))	no, [((ride))] scolta nonna ma, ((ridendo)) ((ride))	no ((ride)) scolta nonna ma ((ridendo)) ((ride))
891	BX001	2225.813	2226.94	1.127	True	_	0	0	0	0	0	0	0	1	0	False	False	False	False	False	False	False	_	0	1	0	1	[((ride)) se,]	[((ride)) se],	((ride)) se
892	BX002	2230.703	2231.503	0.8	True	_	0	0	0	0	0	0	0	0	0	False	False	False	False	False	False	False	_	0	0	0	1	bartavei.	bartavei.	bartavei
893	BX002	2232.438	2233.838	1.4	True	_	0	0	0	0	0	0	0	0	0	False	False	False	False	False	False	False	_	0	0	0	6	°anche a mia zia posso chiedere.°	°anche a mia zia posso chiedere.°	anche a mia zia posso chiedere
894	BX002	2234.263	2235.143	0.88	True	_	0	0	0	0	0	0	0	0	0	False	False	False	False	False	False	False	_	0	0	0	4	(°parla solo in dialetto,°)	(°parla solo in dialetto,°)	parla solo in dialetto
895	BX001	2236.158	2236.808	0.65	True	_	0	0	0	0	0	0	0	0	0	False	False	False	False	False	False	False	_	0	1	0	0	((ride))	((ride))	((ride))
896	BX001	2238.528	2242.618	4.09	True	_	0	0	0	0	0	0	0	0	0	False	False	False	False	False	False	False	_	1	0	0	12	sì tante di quelle cose, proprio di mh (.) altri (veneti) proprio no?	sì tante di quelle cose, proprio di mh (.) altri (veneti) proprio no?	sì tante di quelle cose proprio di mh (.) altri veneti proprio no
897	BX002	2243.59	2245.58	1.99	True	_	0	0	0	0	0	0	0	0	0	False	False	False	False	False	False	False	_	0	0	0	7	no ma dai miei nonni, quelli veneti,	no ma dai miei nonni, quelli veneti,	no ma dai miei nonni quelli veneti
898	BX002	2246.25	2247.42	1.17	True	_	0	0	0	0	0	0	0	0	0	False	False	False	False	False	False	False	_	0	0	0	2	c'è::	c'è::	c' è
899	BX002	2248.36	2249.84	1.48	True	_	0	0	0	0	0	0	0	0	0	False	False	False	False	False	False	False	_	0	0	0	2	capannoni campi,	capannoni campi,	capannoni campi
900	BX001	2250.115	2250.775	0.66	True	_	0	0	0	0	0	0	0	0	0	False	False	False	False	False	False	False	_	0	0	0	3	mh=mh=mh.	mh=mh=mh.	mh mh mh
901	BX002	2251.465	2252.845	1.38	True	_	0	0	0	0	0	0	0	0	0	False	False	False	False	False	False	False	_	0	0	0	3	si giocava tantissimo,	si giocava tantissimo,	si giocava tantissimo
902	BX001	2253.125	2253.835	0.71	True	_	0	0	0	0	0	0	0	0	0	False	False	False	False	False	False	False	_	0	0	0	2	sì certo.	sì certo.	sì certo
903	BX001	2254.415	2255.865	1.45	True	_	0	0	0	0	0	0	0	0	0	False	False	False	False	False	False	False	_	0	0	0	3	sì cioè proprio:,	sì cioè proprio:,	sì cioè proprio
904	BX001	2256.455	2263.315	6.86	True	_	0	0	0	0	0	0	0	1	0	False	False	False	False	False	False	False	_	0	0	0	23	bisogna conservare le cose perché hanno un valore, cioè nel senso ci ho lavorato tanto per, per averlo, cioè [mica lo butto via.]	bisogna conservare le cose perché hanno un valore, cioè nel senso ci ho lavorato tanto per, per averlo, cioè [mica lo butto via].	bisogna conservare le cose perché hanno un valore cioè nel senso ci ho lavorato tanto per per averlo cioè mica lo butto via
905	BX002	2262.355	2263.415	1.06	True	_	0	0	0	0	0	0	0	0	0	False	False	False	False	False	False	False	_	0	0	0	3	[(noi li distruggevamo)]	[(noi li distruggevamo)]	noi li distruggevamo
906	BX002	2264.35	2270.145	5.795	True	_	0	0	0	0	0	0	0	0	0	False	False	False	False	False	False	False	_	0	1	0	13	[((ride))] infatti mio papà ogni tanto arrivava (o) con la spazzaora, con la scopa.	[((ride))] infatti mio papà ogni tanto arrivava (o) con la spazzaora, con la scopa.	((ride)) infatti mio papà ogni tanto arrivava o con la spazzaora con la scopa
907	BX001	2264.35	2266.41	2.06	True	_	0	0	0	0	0	0	0	0	0	False	False	False	False	False	False	False	_	0	1	0	0	[((ride))]	[((ride))]	((ride))
908	BX003	2264.35	2266.41	2.06	True	_	0	0	0	0	0	0	0	0	0	False	False	False	False	False	False	False	_	0	1	0	0	[((ride))]	[((ride))]	((ride))
909	BX001	2270.925	2271.275	0.35	True	_	0	0	0	0	0	0	0	0	0	False	False	False	False	False	False	False	_	0	0	0	2	(cos'è?)	(cos'è?)	cos' è
910	BX002	2271.295	2272.0705	0.781	True	_	0	0	0	0	0	1	1	1	0	False	False	False	False	False	False	False	_	0	0	0	3	>perché mio papà,<=	>perché mio papà<,	perché mio papà
911	BX001	2272.0705	2272.2535	0.19	True	_	0	0	0	0	0	2	2	1	0	False	False	False	False	False	False	False	_	0	0	0	2	=>cos'è?<=	>cos'è<?	cos' è
912	BX002	2272.2535	2274.085	1.833	True	_	0	0	0	0	0	1	1	0	0	False	False	False	False	False	False	False	_	0	0	0	5	=la spazzaora è la scopa.	la spazzaora è la scopa.	la spazzaora è la scopa
913	BX003	2274.435	2275.115	0.68	True	_	0	0	0	0	0	0	0	0	0	False	False	False	False	False	False	False	_	0	0	0	1	perché?	perché?	perché
914	BX002	2275.775	2283.84	8.065	True	_	0	0	0	0	0	0	0	0	0	False	False	False	False	False	False	False	_	0	1	0	11	per darci. [perché mh distruggevamo le cose, ((ride)) e mio papà lavora-]	per darci. [perché mh distruggevamo le cose, ((ride)) e mio papà lavora-]	per darci perché mh distruggevamo le cose ((ride)) e mio papà lavora-
915	BX001	2276.725	2284.62	7.895	True	_	0	0	0	0	0	0	0	1	True	False	False	False	False	False	False	False	_	2	2	0	12	[((ride)) (.) ((ride)) quella parte era chiara, (.) era la la parte (della,) com'è? spazzarola?]	[((ride)) (.) ((ride)) quella parte era chiara, (.) era la la parte (della,) com'è? spazzarola]?	((ride)) (.) ((ride)) quella parte era chiara (.) era la la parte della com' è spazzarola
916	BX003	2277.07	2283.29	6.22	True	_	0	0	0	0	0	0	0	1	0	False	False	False	False	False	False	False	_	0	1	0	10	[no no okay no (ma è che) ((ride)) sì è vero.]	[no no okay no (ma è che) ((ride)) sì è vero].	no no okay no ma è che ((ride)) sì è vero
917	BX002	2284.615	2285.665	1.05	True	_	0	0	0	0	0	0	0	0	True	False	False	False	False	False	False	False	915=0.005	0	0	0	1	spazzaora.	spazzaora.	spazzaora
918	BX003	2285.7	2286.465	0.765	True	_	0	0	0	0	0	0	0	1	0	False	False	False	False	False	False	False	_	0	0	0	1	spaz[zaora?]	spaz[zaora]?	spazzaora
919	BX002	2286.155	2287.185	1.03	True	_	0	0	0	0	0	0	0	0	0	False	False	False	False	False	False	False	_	0	0	0	1	[spazza]ora.	[spazza]ora.	spazzaora
920	BX002	2287.297	2287.877	0.58	True	_	0	0	0	0	0	0	0	0	0	False	False	False	False	False	False	False	_	0	0	0	1	[sì:]	[sì:]	sì
921	BX001	2287.297	2287.877	0.58	True	_	0	0	0	0	0	0	0	1	0	False	False	False	False	False	False	False	_	0	0	0	1	[ah.]	[ah].	ah
922	BX003	2287.297	2287.877	0.58	True	_	0	0	0	0	0	0	0	1	0	False	False	False	False	False	False	False	_	0	0	0	1	[adesso?]	[adesso]?	adesso
923	BX002	2288.652	2292.11	3.458	True	_	0	0	0	0	0	0	0	1	0	False	False	False	False	False	False	False	_	1	0	0	9	[spazzaora si dice. no non so si chiama, (.) xxx sì.]	[spazzaora si dice. no non so si chiama, (.) xxx sì].	spazzaora si dice no non so si chiama (.) xxx sì
924	BX003	2288.657	2292.08	3.423	True	_	0	0	0	0	0	0	0	0	0	False	False	False	False	False	False	False	_	0	1	0	6	[((ride)) ma è dialetto o? no è::]	[((ride)) ma è dialetto o? no è::]	((ride)) ma è dialetto o no è
925	BX002	2293.256	2294.306	1.05	True	_	0	0	0	0	0	0	0	0	0	False	False	False	False	False	False	False	_	1	0	0	4	cioè (.) non lo so,	cioè (.) non lo so,	cioè (.) non lo so
926	BX002	2294.526	2301.446	6.92	True	_	0	0	0	0	0	0	0	2	0	False	False	False	False	False	False	False	_	3	0	0	15	<no:n non dic- non ho (.) avrò detto scopa solo (.) quando ci sono: foreigners,> (.) [pe:r tradurre.]	<no:n non dic- non ho (.) avrò detto scopa solo (.) quando ci sono: foreigners>, (.) [pe:r tradurre].	non non dic- non ho (.) avrò detto scopa solo (.) quando ci sono foreigners (.) per tradurre
927	BX001	2299.686	2302.39	2.704	True	_	0	0	0	0	0	0	0	0	0	False	False	False	False	False	False	False	_	0	1	0	0	[((ride))]	[((ride))]	((ride))
928	BX003	2299.686	2304.17	4.484	True	_	0	0	0	0	0	0	0	0	0	False	False	False	False	False	False	False	_	0	1	0	0	[((ride))]	[((ride))]	((ride))
929	BX001	2304.191	2305.311	1.12	True	_	0	0	0	0	0	0	0	1	0	False	False	False	False	False	False	False	_	0	0	0	2	per stu[pirci.]	per stu[pirci].	per stupirci
930	BX002	2304.296	2306.926	2.63	True	_	0	0	0	0	0	0	0	1	0	False	False	False	False	False	False	False	_	1	0	0	7	[sì perché,] (.) lui face- fa i mobili,	[sì perché], (.) lui face- fa i mobili,	sì perché (.) lui face- fa i mobili
931	BX002	2307.266	2310.196	2.93	True	_	0	0	0	0	0	0	0	0	0	False	False	False	False	False	False	False	_	0	0	0	12	(lì do-) dove abitano i miei nonni, quindi ci sono i capannoni,	(lì do-) dove abitano i miei nonni, quindi ci sono i capannoni,	lì do- dove abitano i miei nonni quindi ci sono i capannoni
932	BX002	2310.446	2313.676	3.23	True	_	0	0	0	0	0	0	0	1	0	False	False	False	False	False	False	False	_	0	0	0	12	e lui era lì con lo studio, cioè con il suo: [laboratorio,]	e lui era lì con lo studio, cioè con il suo: [laboratorio],	e lui era lì con lo studio cioè con il suo laboratorio
933	BX001	2312.986	2318.526	5.54	True	_	0	0	0	0	0	0	0	0	0	False	False	False	False	False	False	False	_	0	1	0	6	[mh. e quindi] sentiva il casino [xxxx ((ride))]	[mh. e quindi] sentiva il casino [xxxx ((ride))]	mh e quindi sentiva il casino xxxx ((ride))
934	BX002	2314.876	2323.25	8.374	True	_	0	0	0	0	0	0	0	0	0	False	False	False	False	False	False	False	_	3	0	0	18	[cosa? sentiva? vedeva. aveva le finestre su (.) su:l sui] campi, (.) vedeva noi che, (.) che corravamo con: le cose,	[cosa? sentiva? vedeva. aveva le finestre su (.) su:l sui] campi, (.) vedeva noi che, (.) che corravamo con: le cose,	cosa sentiva vedeva aveva le finestre su (.) sul sui campi (.) vedeva noi che (.) che corravamo con le cose
935	BX002	2323.818	2325.92	2.102	True	_	0	0	0	0	0	0	0	0	0	False	False	False	False	False	False	False	_	0	0	0	4	cioè vecchie così e:,	cioè vecchie così e:,	cioè vecchie così e
936	BX002	2327.043	2329.133	2.09	True	_	0	0	0	0	0	0	0	0	0	False	False	False	False	False	False	False	_	0	0	0	10	e poi le prendevo solo io perché i miei cugini,	e poi le prendevo solo io perché i miei cugini,	e poi le prendevo solo io perché i miei cugini
937	BX002	2329.933	2331.823	1.89	True	_	0	0	0	0	0	0	0	0	0	False	False	False	False	False	False	False	_	0	0	0	6	non erano suoi figli capito quindi,	non erano suoi figli capito quindi,	non erano suoi figli capito quindi
938	BX001	2332.653	2333.453	0.8	True	_	0	0	0	0	0	0	0	0	0	False	False	False	False	False	False	False	_	0	0	0	1	graziati.	graziati.	graziati
939	BX001	2334.228	2335.368	1.14	True	_	0	0	0	0	0	0	0	0	0	False	False	False	False	False	False	False	_	0	1	0	0	((ride))	((ride))	((ride))
940	BX001	2340.343	2341.223	0.88	True	_	0	0	0	0	0	0	0	0	0	False	False	False	False	False	False	False	_	0	0	0	3	°eh va be'°	°eh va be'°	eh va be'
941	BX002	2342.958	2348.34	5.382	True	_	0	0	0	0	0	0	0	0	0	False	False	False	False	False	False	False	_	1	0	0	15	no mi divertivo coi cani, (.) sempre tre quattro cani i miei nonni. i gatti dappertutto.	no mi divertivo coi cani, (.) sempre tre quattro cani i miei nonni. i gatti dappertutto.	no mi divertivo coi cani (.) sempre tre quattro cani i miei nonni i gatti dappertutto
942	BX002	2351.246	2356.04	4.794	True	_	0	0	0	0	0	0	0	1	0	False	False	False	False	False	False	False	_	2	0	0	16	ma scusa ma il nostro dialetto è (.) io penso che sia molto simile, (.) non dite spazza[ora?]	ma scusa ma il nostro dialetto è (.) io penso che sia molto simile, (.) non dite spazza[ora]?	ma scusa ma il nostro dialetto è (.) io penso che sia molto simile (.) non dite spazzaora
943	BX003	2355.898	2356.278	0.38	True	_	0	0	0	0	0	0	0	1	0	False	False	False	False	False	False	False	_	0	0	0	1	[no.]	[no].	no
944	BX003	2356.483	2357.173	0.69	True	_	0	0	0	0	0	0	0	1	0	False	False	False	False	False	False	False	_	0	0	0	1	massa[rina.]	massa[rina].	massarina
945	BX002	2356.913	2357.973	1.06	True	_	0	0	0	0	0	0	0	1	0	False	False	False	False	False	False	False	_	1	0	0	2	[come?] (.) come?	[come]? (.) come?	come (.) come
946	BX003	2358.198	2358.928	0.73	True	_	0	0	0	0	0	0	0	0	0	False	False	False	False	False	False	False	_	0	0	0	1	mansarina.	mansarina.	mansarina
947	BX002	2359.178	2360.188	1.01	True	_	0	0	0	0	0	0	0	0	0	False	False	False	False	False	False	False	_	0	0	0	1	massarina,	massarina,	massarina
948	BX003	2360.188	2364.0	3.812	True	_	0	0	0	0	0	0	0	0	0	False	False	False	False	False	False	False	_	0	0	0	11	ma- mh: allora qualcuno mette la enne qualcuno non la mette,	ma- mh: allora qualcuno mette la enne qualcuno non la mette,	ma- mh allora qualcuno mette la enne qualcuno non la mette
949	BX003	2364.848	2365.538	0.69	True	_	0	0	0	0	0	0	0	0	0	False	False	False	False	False	False	False	_	0	0	0	2	però sì.	però sì.	però sì
950	BX002	2366.308	2366.818	0.51	True	_	0	0	0	0	0	0	0	0	0	False	False	False	False	False	False	False	_	0	0	0	1	ah:.	ah:.	ah
951	BX003	2366.818	2370.928	4.12	True	_	0	0	0	0	0	0	1	0	0	False	False	False	False	False	False	False	_	0	0	0	11	>a seconda secondo me di quanta:< di quanta italianizzazione ha subito.	>a seconda secondo me di quanta:< di quanta italianizzazione ha subito.	a seconda secondo me di quanta di quanta italianizzazione ha subito
952	BX001	2370.928	2372.508	1.59	True	_	0	0	0	0	0	0	1	0	0	False	False	False	False	False	False	False	_	0	0	0	2	mazz- mazzarina?	mazz- mazzarina?	mazz- mazzarina
953	BX003	2372.528	2373.2765	0.752	True	_	0	0	0	0	0	0	1	0	0	False	False	False	False	False	False	False	_	0	0	0	1	mansarina.	mansarina.	mansarina
954	BX001	2373.2765	2374.1855	0.92	True	_	0	0	0	0	0	0	2	0	0	False	False	False	False	False	False	False	_	0	0	0	1	mansarina.	mansarina.	mansarina
955	BX003	2374.1855	2374.648	0.47	True	_	0	0	0	0	0	0	1	0	0	False	False	False	False	False	False	False	_	0	0	0	2	mh=mh.	mh=mh.	mh mh
956	BX002	2376.548	2377.668	1.12	True	_	0	0	0	0	0	0	0	0	0	False	False	False	False	False	False	False	_	0	0	0	1	°mansarina.°	°mansarina.°	mansarina
957	BX001	2378.193	2378.993	0.8	True	_	0	0	0	0	0	0	0	0	0	False	False	False	False	False	False	False	_	0	0	0	1	paramazza,	paramazza,	paramazza
958	BX003	2380.218	2380.788	0.57	True	_	0	0	0	0	0	0	0	0	0	False	False	False	False	False	False	False	_	0	0	0	1	mazza?	mazza?	mazza
959	BX001	2380.968	2383.008	2.04	True	_	0	0	0	0	0	0	0	1	0	False	False	False	False	False	False	False	_	1	0	0	5	ramazza. (.) in toscano è ramaz[za.]	ramazza. (.) in toscano è ramaz[za].	ramazza (.) in toscano è ramazza
960	BX003	2382.688	2383.378	0.69	True	_	0	0	0	0	0	0	0	1	0	False	False	False	False	True	False	False	959=0.320,961=0.200	0	0	0	1	[ramazza.]	[ramazza].	ramazza
961	BX002	2383.178	2383.398	0.22	True	_	0	0	0	0	0	0	0	1	0	False	False	False	False	False	False	False	_	0	0	0	1	[ah.]	[ah].	ah
962	BX001	2383.403	2384.073	0.67	True	_	0	0	0	0	0	0	0	0	0	False	False	False	False	False	False	False	_	0	0	0	2	la scopa.	la scopa.	la scopa
963	BX002	2386.203	2387.303	1.1	True	_	0	0	0	0	0	0	0	0	0	False	False	False	False	False	False	False	_	0	0	0	5	da te come si dice?	da te come si dice?	da te come si dice
964	BX004	2387.459	2393.939	6.48	True	_	0	0	0	0	0	0	0	0	0	False	False	False	False	True	False	False	966+968=0.430,966+965=0.005,966+967=0.280	0	0	0	9	no eh da noi è la: la ramassa, [(incomprensibile)]	no eh da noi è la: la ramassa, [(incomprensibile)]	no eh da noi è la la ramassa incomprensibile
965	BX003	2390.074	2390.294	0.22	True	_	0	0	0	0	0	0	0	1	0	False	False	False	False	False	False	False	_	0	0	0	1	[ah.]	[ah].	ah
966	BX001	2390.289	2393.239	2.95	True	_	0	0	0	0	0	0	0	0	0	False	False	False	False	True	False	False	964+968=0.430,964+965=0.005,964+967=0.280	1	1	0	2	[ah. ((ride)) (.) (eccoci)]	[ah. ((ride)) (.) (eccoci)]	ah ((ride)) (.) eccoci
967	BX002	2390.814	2391.094	0.28	True	_	0	0	0	0	0	0	0	1	0	False	False	False	False	False	False	False	_	0	0	0	1	[ah.]	[ah].	ah
968	BX003	2391.249	2391.679	0.43	True	_	0	0	0	0	0	0	0	0	0	False	False	False	False	False	False	False	_	0	0	0	1	[ah:]	[ah:]	ah
969	BX001	2394.889	2395.879	0.99	True	_	0	0	0	0	0	0	0	0	0	False	False	False	False	False	False	False	_	0	1	0	0	((ride))	((ride))	((ride))
970	BX002	2395.889	2397.689	1.8	True	_	0	0	0	0	0	0	0	1	0	False	False	False	False	False	False	False	_	0	0	0	5	che strano che [sia uguale,]	che strano che [sia uguale],	che strano che sia uguale
971	BX001	2396.744	2397.674	0.93	True	_	0	0	0	0	0	0	0	0	0	False	False	False	False	False	False	False	_	0	1	0	0	[((ride))]	[((ride))]	((ride))
972	BX003	2398.524	2401.184	2.66	True	_	0	0	0	0	0	0	0	0	0	False	False	False	False	False	False	False	_	0	0	0	5	aspetta di[ciamo che: (in bresciano)]	aspetta di[ciamo che: (in bresciano)]	aspetta diciamo che in bresciano
973	BX002	2399.224	2406.51	7.286	True	_	0	0	0	0	0	0	0	0	0	False	False	False	False	False	False	False	_	1	0	0	12	[eh: basta. progetto per (.) sociolinguistico] multi- uh multiculturalismo altro [che nor]vegese faccio,	[eh: basta. progetto per (.) sociolinguistico] multi- uh multiculturalismo altro [che nor]vegese faccio,	eh basta progetto per (.) sociolinguistico multi- uh multiculturalismo altro che norvegese faccio
974	BX001	2401.072	2403.112	2.04	True	_	0	0	0	0	0	0	0	0	0	False	False	False	False	False	False	False	_	0	1	0	0	[((ride))]	[((ride))]	((ride))
975	BX003	2404.867	2405.207	0.34	True	_	0	0	0	0	0	0	0	1	0	False	False	False	False	False	False	False	_	0	0	0	1	[però,]	[però],	però
976	BX003	2407.735	2412.35	4.62	True	_	0	0	0	0	0	0	1	0	0	False	False	False	False	False	False	False	_	0	0	0	15	eh:: in: in dialetto bresciano penso che s- si dica qualcosa di ancora più strano.	eh:: in: in dialetto bresciano penso che s- si dica qualcosa di ancora più strano.	eh in in dialetto bresciano penso che s- si dica qualcosa di ancora più strano
977	BX002	2412.35	2413.415	1.07	True	_	0	0	0	0	0	0	1	0	0	False	False	False	False	False	False	False	_	0	0	0	4	ah posso chie- la,	ah posso chie- la,	ah posso chie- la
978	BX003	2413.505	2414.515	1.01	True	_	0	0	0	0	0	0	0	0	0	False	False	False	False	False	False	False	_	0	0	0	4	dov'è la: carega.	dov'è la: carega.	dov' è la carega
979	BX003	2414.94	2415.98	1.04	True	_	0	0	0	0	0	0	0	0	0	False	False	False	False	False	False	False	_	0	0	0	4	quella cosa del[la carega]	quella cosa del[la carega]	quella cosa della carega
980	BX002	2415.32	2416.59	1.27	True	_	0	0	0	0	0	0	0	0	0	False	False	False	False	False	False	False	_	0	0	0	4	[la carega] è questa.	[la carega] è questa.	la carega è questa
981	BX003	2417.49	2417.99	0.5	True	_	0	0	0	0	0	0	0	0	0	False	False	False	False	False	False	False	_	0	0	0	2	eh ma,	eh ma,	eh ma
982	BX002	2418.385	2419.665	1.28	True	_	0	0	0	0	0	0	0	0	0	False	False	False	False	False	False	False	_	0	0	0	5	la carega è la sedia.	la carega è la sedia.	la carega è la sedia
983	BX003	2419.72	2420.73	1.01	True	_	0	0	0	0	0	0	0	0	0	False	False	False	False	False	False	False	_	0	0	0	4	ma in che dialetto?	ma in che dialetto?	ma in che dialetto
984	BX002	2420.89	2421.49	0.6	True	_	0	0	0	0	0	0	0	0	0	False	False	False	False	False	False	False	_	0	0	0	1	veneto.	veneto.	veneto
985	BX004	2421.615	2424.175	2.56	True	_	0	0	0	0	0	0	0	0	0	False	False	False	False	False	False	False	_	0	0	0	3	veneto. (incomprensibile) cadrega,	veneto. (incomprensibile) cadrega,	veneto incomprensibile cadrega
986	BX001	2424.37	2426.89	2.52	True	_	0	0	0	0	0	0	0	1	0	False	False	False	False	False	False	False	_	1	0	0	2	cadrega:[::, (.) lombardia,]	cadrega:[::, (.) lombardia],	cadrega (.) lombardia
987	BX002	2425.015	2428.3	3.285	True	_	0	0	0	0	0	0	0	0	0	False	False	False	False	False	False	False	_	1	0	0	6	[cadrega no. (.) è:: xxx] eh sì lombardo.	[cadrega no. (.) è:: xxx] eh sì lombardo.	cadrega no (.) è xxx eh sì lombardo
988	BX002	2428.495	2429.625	1.13	True	_	0	0	0	0	0	0	0	0	0	False	False	False	False	False	False	False	_	0	0	0	3	è tuo. cadrega.	è tuo. cadrega.	è tuo cadrega
989	BX003	2430.04	2430.73	0.69	True	_	0	0	0	0	0	0	0	1	0	False	False	False	False	False	False	False	_	0	0	0	1	[scragna,]	[scragna],	scragna
990	BX004	2430.065	2431.065	1.0	True	_	0	0	0	0	0	0	0	0	0	False	False	False	False	False	False	False	_	0	0	0	4	[sì è molto] comune.	[sì è molto] comune.	sì è molto comune
991	BX002	2431.24	2434.51	3.27	True	_	0	0	0	0	0	0	0	1	0	False	False	False	False	False	False	False	_	1	0	0	9	scragna? (.) [ma il] mantovano ah è [una roba strana,]	scragna? (.) [ma il] mantovano ah è [una roba strana],	scragna (.) ma il mantovano ah è una roba strana
992	BX001	2432.45	2432.71	0.26	True	_	0	0	0	0	0	0	0	1	0	False	False	False	False	False	False	False	_	0	0	0	1	[eh.]	[eh].	eh
993	BX001	2433.695	2434.275	0.58	True	_	0	0	0	0	0	0	0	0	0	False	False	False	False	False	False	False	_	0	0	0	0	[xx]	[xx]	xx
994	BX002	2434.88	2435.47	0.59	True	_	0	0	0	0	0	0	0	1	0	False	False	False	False	False	False	False	_	0	0	0	1	[infatti,]	[infatti],	infatti
995	BX001	2434.89	2436.54	1.65	True	_	0	0	0	0	0	0	0	0	0	False	False	False	False	False	False	False	_	0	0	0	4	[in toscana] invece seggiola,	[in toscana] invece seggiola,	in toscana invece seggiola
996	BX002	2437.3	2437.56	0.26	True	_	0	0	0	0	0	1	0	0	0	False	False	False	False	False	False	False	_	0	0	0	1	ah.=	ah.	ah
997	BX003	2437.585	2437.815	0.23	True	_	0	0	0	0	0	1	0	0	0	False	False	False	False	False	False	False	_	0	0	0	1	=ah.	ah.	ah
998	BX001	2439.405	2441.915	2.51	True	_	0	0	0	0	0	0	0	0	0	False	False	False	False	False	False	False	_	0	0	0	9	cioè sedia non dice nessuno c'è la seggiola.	cioè sedia non dice nessuno c'è la seggiola.	cioè sedia non dice nessuno c' è la seggiola
999	BX002	2441.975	2442.555	0.58	True	_	0	0	0	0	0	0	0	0	0	False	False	False	False	False	False	False	_	0	0	0	3	sì sì sì.	sì sì sì.	sì sì sì
1000	BX002	2444.93	2445.88	0.95	True	_	0	0	0	0	0	0	0	0	0	False	False	False	False	False	False	False	_	0	0	0	2	(la carega,)	(la carega,)	la carega
1001	BX003	2446.31	2448.89	2.58	True	_	0	0	0	0	0	0	0	0	0	False	False	False	False	False	False	False	_	0	0	0	12	no allora >xx si dice in un altro modo< ma non so come.	no allora >xx si dice in un altro modo< ma non so come.	no allora xx si dice in un altro modo ma non so come
1002	BX002	2453.818	2458.238	4.42	True	_	0	0	0	0	0	0	0	0	0	False	False	False	False	False	False	False	_	2	0	0	13	comunque da noi, c'è (.) più vai verso mantova, (.) più cambia il dialetto,	comunque da noi, c'è (.) più vai verso mantova, (.) più cambia il dialetto,	comunque da noi c' è (.) più vai verso mantova (.) più cambia il dialetto
1003	BX002	2458.783	2462.683	3.9	True	_	0	0	0	0	0	0	0	0	0	False	False	False	False	False	False	False	_	0	0	0	13	e infatti quelli tipo di nogara così, noi diciamo che parlano in mantovan.	e infatti quelli tipo di nogara così, noi diciamo che parlano in mantovan.	e infatti quelli tipo di nogara così noi diciamo che parlano in mantovan
1004	BX003	2463.138	2468.81	5.672	True	_	0	0	0	0	0	0	0	0	0	False	False	False	False	True	False	False	1008=0.016,1005+1006=0.620,1005+1007=0.850	2	2	0	9	((ride)) [è proprio (.) è (.) è proprio ((ridendo)) (loro sono della) xx] mantovana	((ride)) [è proprio (.) è (.) è proprio ((ridendo)) (loro sono della) xx] mantovana	((ride)) è proprio (.) è (.) è proprio ((ridendo)) loro sono della xx mantovana
1005	BX001	2463.828	2467.878	4.05	True	_	0	0	0	0	0	0	0	0	0	False	False	False	False	True	False	False	1004+1006=0.620,1004+1007=0.850	1	2	0	5	[c'è proprio (.) quella gentaglia ((ridendo)) ((ride))]	[c'è proprio (.) quella gentaglia ((ridendo)) ((ride))]	c' è proprio (.) quella gentaglia ((ridendo)) ((ride))
1006	BX002	2465.969	2466.589	0.62	True	_	0	0	0	0	0	0	0	1	0	False	False	False	False	False	False	False	_	0	0	0	1	[sì.]	[sì].	sì
1007	BX002	2467.024	2467.874	0.85	True	_	0	0	0	0	0	0	0	1	0	False	False	False	False	False	False	False	_	0	0	0	3	[no è che,]	[no è che],	no è che
1008	BX002	2468.794	2471.394	2.6	True	_	0	0	0	0	0	0	0	0	True	False	False	False	False	False	False	False	_	0	0	0	6	no è che non parlano più [xx]	no è che non parlano più [xx]	no è che non parlano più xx
1009	BX001	2470.544	2474.68	4.136	True	_	0	0	0	0	0	0	0	1	0	False	False	False	False	False	False	False	_	1	0	0	11	[sono già:] (.) sono considerati terro[ni ormai? c'è non ho capito.]	[sono già:] (.) sono considerati terro[ni ormai? c'è non ho capito].	sono già (.) sono considerati terroni ormai c' è non ho capito
1010	BX003	2472.974	2474.684	1.71	True	_	0	0	0	0	0	0	0	0	0	False	False	False	False	False	False	False	_	0	1	0	0	[((ride))]	[((ride))]	((ride))
1011	BX002	2473.947	2474.687	0.74	True	_	0	0	0	0	0	0	0	1	0	False	False	False	False	False	False	False	_	0	0	0	2	[no no,]	[no no],	no no
1012	BX002	2474.692	2477.31	2.618	True	_	0	0	0	0	0	0	0	1	0	False	False	False	False	False	False	False	_	1	0	0	8	quelli sono i rovi[gotti. (.) quelli sono i rovigotti.]	quelli sono i rovi[gotti. (.) quelli sono i rovigotti].	quelli sono i rovigotti (.) quelli sono i rovigotti
1013	BX003	2475.687	2477.587	1.9	True	_	0	0	0	0	0	0	0	0	0	False	False	False	False	False	False	False	_	0	0	0	5	[quelli, quelli (giù dal po)]	[quelli, quelli (giù dal po)]	quelli quelli giù dal po
1014	BX001	2476.457	2477.187	0.73	True	_	0	0	0	0	0	0	0	0	0	False	False	False	False	False	False	False	_	0	0	0	2	[oi oi]	[oi oi]	oi oi
1015	BX002	2478.197	2479.707	1.51	True	_	0	0	0	0	0	0	0	0	0	False	False	False	False	False	False	False	_	0	0	0	6	quelli sono i [rovigotti. no no]	quelli sono i [rovigotti. no no]	quelli sono i rovigotti no no
1016	BX003	2478.537	2480.93	2.393	True	_	0	0	0	0	0	0	0	0	0	False	False	False	False	False	False	False	_	0	1	0	6	[quelli sotto il po sì] però, ((ride))	[quelli sotto il po sì] però, ((ride))	quelli sotto il po sì però ((ride))
1017	BX001	2480.937	2481.337	0.4	True	_	0	0	0	0	0	0	0	0	0	False	False	False	False	False	False	False	_	0	0	0	1	bene.	bene.	bene
1018	BX003	2481.362	2483.532	2.17	True	_	0	0	0	0	0	0	0	0	0	False	False	False	False	False	False	False	_	0	0	0	6	noi ancora non penso, siamo sud.	noi ancora non penso, siamo sud.	noi ancora non penso siamo sud
1019	BX002	2483.542	2484.75	1.208	True	_	0	0	0	0	0	0	0	0	0	False	False	False	False	False	False	False	_	0	0	0	2	[<no no>]	[<no no>]	no no
1020	BX001	2483.542	2484.57	1.028	True	_	0	0	0	0	0	0	0	0	0	False	False	False	False	False	False	False	_	0	1	0	0	[((ride))]	[((ride))]	((ride))
1021	BX002	2485.342	2486.152	0.81	True	_	0	0	0	0	0	0	0	0	0	False	False	False	False	False	False	False	_	0	0	0	1	e:hm	e:hm	ehm
1022	BX002	2486.432	2490.56	4.128	True	_	0	0	0	0	0	0	0	0	True	False	False	False	False	False	False	False	1023=0.003	0	0	0	13	però si sente tanto l'influsso del mantovano: nelle zone di confine diciamo.	però si sente tanto l'influsso del mantovano: nelle zone di confine diciamo.	però si sente tanto l' influsso del mantovano nelle zone di confine diciamo
1023	BX001	2490.557	2495.027	4.47	True	_	0	0	0	0	0	0	0	0	True	False	False	False	False	False	False	False	_	0	0	0	12	ah beh certo. [mh sem]pre questo ibrido no? nel[le zone] di confine.	ah beh certo. [mh sem]pre questo ibrido no? nel[le zone] di confine.	ah beh certo mh sempre questo ibrido no nelle zone di confine
1024	BX002	2491.427	2491.857	0.43	True	_	0	0	0	0	0	0	0	1	0	False	False	False	False	False	False	False	_	0	0	0	1	[sì.]	[sì].	sì
1025	BX002	2493.427	2493.837	0.41	True	_	0	0	0	0	0	0	0	1	0	False	False	False	False	False	False	False	_	0	0	0	2	[mh mh.]	[mh mh].	mh mh
1026	BX002	2495.227	2495.557	0.33	True	_	0	0	0	0	0	0	0	0	0	False	False	False	False	False	False	False	_	0	1	0	1	sì ((sussurrato))	sì ((sussurrato))	sì ((sussurrato))
1027	BX001	2496.137	2501.807	5.67	True	_	0	0	0	0	0	0	0	0	0	False	False	False	False	False	False	False	_	1	0	0	15	sì sì c'è c'è ehm (.) c'è nel nel nel: nell'appennino toscano,	sì sì c'è c'è ehm (.) c'è nel nel nel: nell'appennino toscano,	sì sì c' è c' è ehm (.) c' è nel nel nel nell' appennino toscano
1028	BX001	2502.235	2508.235	6.0	True	_	0	0	0	0	0	0	0	0	0	False	False	False	False	False	False	False	_	0	0	0	16	c'è una zona che è ancora piena toscana e però eh:: ormai tu senti bolognese.	c'è una zona che è ancora piena toscana e però eh:: ormai tu senti bolognese.	c' è una zona che è ancora piena toscana e però eh ormai tu senti bolognese
1029	BX001	2508.595	2510.635	2.04	True	_	0	0	0	0	0	0	0	0	0	False	False	False	False	False	False	False	_	0	0	0	5	e questa cosa spiazza tantissimo.	e questa cosa spiazza tantissimo.	e questa cosa spiazza tantissimo
1030	BX002	2510.64	2511.32	0.68	True	_	0	0	0	0	0	0	0	0	0	False	False	False	False	False	False	False	_	0	0	0	1	ma:	ma:	ma
1031	BX001	2511.395	2512.785	1.39	True	_	0	0	0	0	0	0	0	0	0	False	False	False	False	False	False	False	_	0	0	0	2	perché per[ché]	perché per[ché]	perché perché
1032	BX002	2512.245	2512.805	0.56	True	_	0	0	0	0	0	0	0	0	0	False	False	False	False	False	False	False	_	0	0	0	2	[(vai vai)]	[(vai vai)]	vai vai
1033	BX001	2513.01	2517.4300000000003	4.43	True	_	0	0	0	0	0	0	1	0	0	False	False	False	False	False	False	False	_	1	0	0	9	con accento bolognese dicono seggiola. (.) cioè dicono parole toscane.	con accento bolognese dicono seggiola. (.) cioè dicono parole toscane.	con accento bolognese dicono seggiola (.) cioè dicono parole toscane
1034	BX002	2517.4300000000003	2518.2575	0.84	True	_	0	0	0	0	0	0	2	0	0	False	False	False	False	False	False	False	_	0	0	0	1	seggiola,	seggiola,	seggiola
1035	BX001	2518.2575	2518.975	0.72	True	_	0	0	0	0	0	0	1	0	0	False	False	False	False	False	False	False	_	0	0	0	2	e quindi,	e quindi,	e quindi
1036	BX001	2519.02	2520.34	1.32	True	_	0	0	0	0	0	0	0	0	0	False	False	False	False	False	False	False	_	0	1	0	1	[((ride)) quindi]	[((ride)) quindi]	((ride)) quindi
1037	BX003	2519.02	2520.34	1.32	True	_	0	0	0	0	0	0	0	0	0	False	False	False	False	False	False	False	_	0	1	0	0	[((ride))]	[((ride))]	((ride))
1038	BX001	2521.935	2525.675	3.74	True	_	0	0	0	0	0	0	0	0	0	False	False	False	False	False	False	False	_	0	0	0	8	ci si rimane veramente ma cosa cacchio? ehm::	ci si rimane veramente ma cosa cacchio? ehm::	ci si rimane veramente ma cosa cacchio ehm
1039	BX002	2526.397	2528.347	1.95	True	_	0	0	0	0	0	0	0	0	0	False	False	False	False	False	False	False	_	0	0	0	6	no non basta una vita per:	no non basta una vita per:	no non basta una vita per
1040	BX003	2528.357	2530.437	2.08	True	_	0	0	0	0	0	0	0	0	0	False	False	False	False	False	False	False	_	0	0	0	3	no infatti [(incomprensibile)]	no infatti [(incomprensibile)]	no infatti incomprensibile
1041	BX002	2528.802	2530.432	1.63	True	_	0	0	0	0	0	0	0	0	0	False	False	False	False	False	False	False	_	0	0	0	5	[per scoprire (tutte ste cose)]	[per scoprire (tutte ste cose)]	per scoprire tutte ste cose
1042	BX003	2533.652	2533.8495000000003	0.2	True	_	0	0	0	0	0	0	1	0	0	False	False	False	False	False	False	False	_	0	0	0	1	mh.	mh.	mh
1043	BX001	2533.8495000000003	2535.197	1.35	True	_	0	0	0	0	0	0	1	0	0	False	False	False	False	False	False	False	_	0	0	0	4	eh sì sì davvero.	eh sì sì davvero.	eh sì sì davvero
1044	BX001	2536.957	2538.417	1.46	True	_	0	0	0	0	0	0	0	0	0	False	False	False	False	False	False	False	_	0	0	0	5	tutto un m-, un mondo.	tutto un m-, un mondo.	tutto un m- un mondo
1045	BX002	2538.972	2539.582	0.61	True	_	0	0	0	0	0	0	0	0	0	False	False	False	False	False	False	False	_	0	0	0	3	che ora è?	che ora è?	che ora è
1046	BX001	2540.662	2541.352	0.69	True	_	0	0	0	0	0	0	0	0	0	False	False	False	False	False	False	False	_	0	0	0	3	nove e mezz-	nove e mezz-	nove e mezz-
1047	BX003	2541.352	2542.04	0.688	True	_	0	0	0	0	0	0	0	0	0	False	False	False	False	False	False	False	_	0	0	0	2	(le mez[za)]	(le mez[za)]	le mezza
1048	BX002	2541.772	2542.312	0.54	True	_	0	0	0	0	0	0	0	0	0	False	False	False	False	False	False	False	_	0	0	0	1	[co]sa?	[co]sa?	cosa
1049	BX002	2544.177	2545.447	1.27	True	_	0	0	0	0	0	0	0	0	0	False	False	False	False	False	False	False	_	0	0	0	6	ora di andare a nanna raga.	ora di andare a nanna raga.	ora di andare a nanna raga
1050	BX001	2547.427	2550.137	2.71	True	_	0	0	0	0	0	0	0	0	0	False	False	False	False	False	False	False	_	0	0	0	7	dai, basta esercizi di russo. dormi però.	dai, basta esercizi di russo. dormi però.	dai basta esercizi di russo dormi però
1051	BX002	2550.437	2552.537	2.1	True	_	0	0	0	0	0	0	0	0	0	False	False	False	False	False	False	False	_	0	0	0	11	no li ho fatti tutti [basta non devo (più fare nulla)]	no li ho fatti tutti [basta non devo (più fare nulla)]	no li ho fatti tutti basta non devo più fare nulla
1052	BX001	2551.242	2553.522	2.28	True	_	0	0	0	0	0	0	0	0	0	False	False	False	False	False	False	False	_	0	1	0	3	[((ride))] non avevo dubbi.	[((ride))] non avevo dubbi.	((ride)) non avevo dubbi
1053	BX002	2553.732	2554.272	0.54	True	_	0	0	0	0	0	0	0	1	0	False	False	False	False	False	False	False	_	0	0	0	2	no [no,]	no [no],	no no
1054	BX003	2554.007	2556.0	1.993	True	_	0	0	0	0	0	0	0	0	True	False	False	False	False	False	False	False	_	0	1	0	0	[((ride))]	[((ride))]	((ride))
1055	BX001	2554.377	2556.01	1.633	True	_	0	0	0	0	0	0	0	0	0	False	False	False	False	False	False	False	_	0	2	0	1	[((ride)) (pazzesco) ((ride))]	[((ride)) (pazzesco) ((ride))]	((ride)) pazzesco ((ride))
1056	BX002	2555.997	2557.127	1.13	True	_	0	0	0	0	0	0	0	0	True	False	False	False	False	False	False	False	1054+1055=0.003	0	0	0	3	mi guardo qualcosa,	mi guardo qualcosa,	mi guardo qualcosa
1057	BX002	2557.717	2561.487	3.77	True	_	0	0	0	0	0	0	0	0	0	False	False	False	False	False	False	False	_	0	0	0	17	che poi non so, perché lei ci ha dato una pagina però un esercizio finiva nell'altra.	che poi non so, perché lei ci ha dato una pagina però un esercizio finiva nell'altra.	che poi non so perché lei ci ha dato una pagina però un esercizio finiva nell' altra
1058	BX002	2562.187	2564.477	2.29	True	_	0	0	0	0	0	0	0	1	0	False	False	False	False	False	False	False	_	0	0	0	11	allora il mio dubbio è [erano tutte e due da fare?]	allora il mio dubbio è [erano tutte e due da fare]?	allora il mio dubbio è erano tutte e due da fare
1059	BX001	2562.937	2566.097	3.16	True	_	0	0	0	0	0	0	0	2	0	False	False	False	False	False	False	False	_	1	0	0	10	[e quindi nel dubbio,] (.) hai hai fatto anche quella dop[pia,]	[e quindi nel dubbio], (.) hai hai fatto anche quella dop[pia],	e quindi nel dubbio (.) hai hai fatto anche quella doppia
1060	BX002	2565.842	2568.25	2.408	True	_	0	0	0	0	0	0	0	0	0	False	False	False	False	False	False	False	_	1	0	0	8	[no] ho fatto solo: [(.) (ho finito l'esercizio)]	[no] ho fatto solo: [(.) (ho finito l'esercizio)]	no ho fatto solo (.) ho finito l' esercizio
1061	BX003	2566.902	2568.062	1.16	True	_	0	0	0	0	0	0	0	1	0	False	False	False	False	False	False	False	_	0	0	0	4	[hai finito il libro,]	[hai finito il libro],	hai finito il libro
1062	BX002	2568.587	2570.13	1.543	True	_	0	0	0	0	0	0	0	0	0	False	False	False	False	False	False	False	_	0	1	0	1	[no, ((ride))]	[no, ((ride))]	no ((ride))
1063	BX001	2568.587	2569.527	0.94	True	_	0	0	0	0	0	0	0	0	0	False	False	False	False	False	False	False	_	0	1	0	0	[((ride))]	[((ride))]	((ride))
1064	BX002	2570.132	2571.462	1.33	True	_	0	0	0	0	0	0	0	0	0	False	False	False	False	False	False	False	_	0	1	0	3	no va be' dai ((ride))	no vabbè dai ((ride))	no vabbè dai ((ride))
1065	BX002	2572.142	2574.672	2.53	True	_	0	0	0	0	0	0	0	0	0	False	False	False	False	False	False	False	_	0	0	0	8	okay che:: è carino però non co[sì ca]rino.	okay che:: è carino però non co[sì ca]rino.	okay che è carino però non così carino
1066	BX001	2573.962	2574.212	0.25	True	_	0	0	0	0	0	0	0	1	0	False	False	False	False	False	False	False	_	0	0	0	1	[ah.]	[ah].	ah
1067	BX003	2575.142	2576.072	0.93	True	_	0	0	0	0	0	0	0	0	0	False	False	False	False	False	False	False	_	0	1	0	0	[((ride))]	[((ride))]	((ride))
1068	BX002	2575.442	2575.852	0.41	True	_	0	0	0	0	0	0	0	0	0	False	False	False	False	False	False	False	_	0	0	0	1	[cioè]	[cioè]	cioè
1069	BX001	2575.52	2578.452	2.932	True	_	0	0	0	0	0	0	0	0	0	False	False	False	False	False	False	False	_	1	0	0	10	[no no non] c'è tempo, (.) ci fosse del tempo,	[no no non] c'è tempo, (.) ci fosse del tempo,	no no non c' è tempo (.) ci fosse del tempo
1070	BX001	2578.812	2579.332	0.52	True	_	0	0	0	0	0	0	0	0	0	False	False	False	False	False	False	False	_	0	0	0	1	magari.	magari.	magari
1071	BX002	2579.887	2587.387	7.5	True	_	0	0	0	0	0	0	0	0	0	False	False	False	False	False	False	False	_	0	0	0	26	ma eh: quando non avevo gli esami, che non avevo niente da fare, ho letto solo un paio di testi, non ho fatto niente di grammatica.	ma eh: quando non avevo gli esami, che non avevo niente da fare, ho letto solo un paio di testi, non ho fatto niente di grammatica.	ma eh quando non avevo gli esami che non avevo niente da fare ho letto solo un paio di testi non ho fatto niente di grammatica
1072	BX002	2590.762	2593.042	2.28	True	_	0	0	0	0	0	0	0	0	0	False	False	False	False	False	False	False	_	0	0	0	8	è che non, non so non ero ispirata,	è che non, non so non ero ispirata,	è che non non so non ero ispirata
1073	BX001	2594.437	2596.637	2.2	True	_	0	0	0	0	0	0	0	0	0	False	False	False	False	False	False	False	_	0	0	0	9	no va be' ci voleva un po' di respiro dai	no vabbè ci voleva un po' di respiro dai	no vabbè ci voleva un po' di respiro dai
1074	BX002	2596.732	2598.022	1.29	True	_	0	0	0	0	0	0	0	0	0	False	False	False	False	False	False	False	_	0	0	0	5	sì no ho fatto bene.	sì no ho fatto bene.	sì no ho fatto bene
1075	BX001	2598.722	2600.962	2.24	True	_	0	0	0	0	0	0	0	0	0	False	False	False	False	False	False	False	_	0	0	0	7	c'è è stato già abbastanza intenso.	c'è è stato già abbastanza intenso.	c' è è stato già abbastanza intenso
1076	BX002	2601.567	2601.947	0.38	True	_	0	0	0	0	0	0	0	0	0	False	False	False	False	False	False	False	_	0	0	0	2	mh mh.	mh mh.	mh mh
1077	BX001	2603.822	2608.362	4.54	True	_	0	0	0	0	0	0	0	0	0	False	False	False	False	False	False	False	_	0	0	0	9	poi la sessione è stata anche >insomma< comunque, impegnativa,	poi la sessione è stata anche >insomma< comunque, impegnativa,	poi la sessione è stata anche insomma comunque impegnativa
1078	BX002	2608.607	2611.517	2.91	True	_	0	0	0	0	0	0	0	0	0	False	False	False	False	False	False	False	_	0	0	0	7	ma adesso è come il xx per me: [xxxx]	ma adesso è come il xx per me: [xxxx]	ma adesso è come il xx per me xxxx
1079	BX003	2610.627	2611.527	0.9	True	_	0	0	0	0	0	0	0	0	0	False	False	False	False	False	False	False	_	0	0	0	0	[xxxx]	[xxxx]	xxxx
1080	BX003	2612.372	2616.722	4.35	True	_	0	0	0	0	0	0	0	1	0	False	False	False	False	False	False	False	_	1	0	0	17	sì sì [anche,] (.) i mie- io ero in quarantena durante quel eh quel semestre lì a casa,	sì sì [anche], (.) i mie- io ero in quarantena durante quel eh quel semestre lì a casa,	sì sì anche (.) i mie- io ero in quarantena durante quel eh quel semestre lì a casa
1081	BX001	2612.732	2613.252	0.52	True	_	0	0	0	0	0	0	0	1	0	False	False	False	False	False	False	False	_	0	0	0	1	[sì?]	[sì]?	sì
1082	BX003	2617.376	2624.056	6.68	True	_	0	0	0	0	0	0	0	0	0	False	False	False	False	False	False	False	_	3	0	0	27	e:: e i miei >mi hanno chiesto più di una volta< ma (.) sei in sessione? cioè hai degli esami? (.) no no eh eh [solo così]  (.) (sai proprio)	e:: e i miei >mi hanno chiesto più di una volta< ma (.) sei in sessione? cioè hai degli esami? (.) no no eh eh [solo così] (.) (sai proprio)	e e i miei mi hanno chiesto più di una volta ma (.) sei in sessione cioè hai degli esami (.) no no eh eh solo così (.) sai proprio
1083	BX001	2622.061	2622.901	0.84	True	_	0	0	0	0	0	0	0	0	0	False	False	False	False	False	False	False	_	0	1	0	0	[((ride))]	[((ride))]	((ride))
1084	BX002	2624.501	2626.731	2.23	True	_	0	0	0	0	0	0	0	0	0	False	False	False	False	False	False	False	_	0	0	0	8	è la è [la stessa cosa], non ho:	è la è [la stessa cosa], non ho:	è la è la stessa cosa non ho
1085	BX003	2625.021	2625.731	0.71	True	_	0	0	0	0	0	0	0	0	0	False	False	False	False	False	False	False	_	0	0	0	2	[però sì]	[però sì]	però sì
1086	BX001	2627.391	2635.945	8.554	True	_	0	0	0	0	0	0	0	0	0	False	False	False	False	False	False	False	_	1	0	0	20	[sì però va bene (.) magari ne ne guadagneremo] a maggio, [secondo me maggio] sarà un po' più tranquillo di di: [xxxxx]	[sì però va bene (.) magari ne ne guadagneremo] a maggio, [secondo me maggio] sarà un po' più tranquillo di di: [xxxxx]	sì però va bene (.) magari ne ne guadagneremo a maggio secondo me maggio sarà un po' più tranquillo di di xxxxx
1087	BX003	2627.391	2630.361	2.97	True	_	0	0	0	0	0	0	0	1	0	False	False	False	False	False	False	False	_	0	0	0	13	[no ma lo sanno anche i professori (l'hanno detto anche ieri) però.]	[no ma lo sanno anche i professori (l'hanno detto anche ieri) però].	no ma lo sanno anche i professori l' hanno detto anche ieri però
1088	BX003	2631.505	2632.405	0.9	True	_	0	0	0	0	0	0	0	0	0	False	False	False	False	False	False	False	_	0	0	0	1	[(incomprensibile)]	[(incomprensibile)]	incomprensibile
1089	BX002	2634.74	2637.17	2.43	True	_	0	0	0	0	0	0	0	0	0	False	False	False	False	False	False	False	_	0	0	0	11	[eh non lo so chiediamo a chi] l'ha già passato.	[eh non lo so chiediamo a chi] l'ha già passato.	eh non lo so chiediamo a chi l' ha già passato
1090	BX003	2637.304	2638.634	1.33	True	_	0	0	0	0	0	0	0	0	0	False	False	False	False	False	False	False	_	0	0	0	2	[eh eh:]	[eh eh:]	eh eh
1091	BX001	2637.309	2642.109	4.8	True	_	0	0	0	0	0	0	0	1	0	False	False	False	False	False	False	False	_	0	0	0	19	[c- no va be' m- però già ora,] si sono adattati c'è ora hanno corretto un po' il tiro.	[c- no vabbè m- però già ora], si sono adattati c'è ora hanno corretto un po' il tiro.	c- no vabbè m- però già ora si sono adattati c' è ora hanno corretto un po' il tiro
1092	BX001	2642.699	2649.269	6.57	True	_	0	0	0	0	0	0	0	0	0	False	False	False	False	False	False	False	_	0	0	0	22	cioè al un anno fa erano ancora [tutti un po'] oddio che facciamo, cioè ci ha preso tutti un po' (come capitava,)	cioè al un anno fa erano ancora [tutti un po'] oddio che facciamo, cioè ci ha preso tutti un po' (come capitava,)	cioè al un anno fa erano ancora tutti un po' oddio che facciamo cioè ci ha preso tutti un po' come capitava
1093	BX003	2644.799	2645.239	0.44	True	_	0	0	0	0	0	0	0	1	0	False	False	False	False	False	False	False	_	0	0	0	1	[mh.]	[mh].	mh
1094	BX001	2650.139	2652.669	2.53	True	_	0	0	0	0	0	0	0	0	0	False	False	False	False	False	False	False	_	0	0	0	5	cioè nel senso che [(incomprensibile)]	cioè nel senso che [(incomprensibile)]	cioè nel senso che incomprensibile
1095	BX003	2650.839	2651.949	1.11	True	_	0	0	0	0	0	0	0	0	0	False	False	False	False	False	False	False	_	0	1	0	1	[mh. ((ride))]	[mh. ((ride))]	mh ((ride))
1096	BX002	2656.069	2657.879	1.81	True	_	0	0	0	0	0	0	0	0	0	False	False	False	False	False	False	False	_	0	0	0	5	ma mantova è (meno ancora?)	ma mantova è (meno ancora?)	ma mantova è meno ancora
1097	BX003	2660.419	2661.43	1.011	True	_	0	0	0	0	0	0	0	1	0	False	False	False	False	False	False	False	_	0	0	0	2	[(oddio) veramente,]	[(oddio) veramente],	oddio veramente
1098	BX001	2660.644	2662.534	1.89	True	_	0	0	0	0	0	0	0	0	0	False	False	False	False	True	False	False	1097+1099=0.106,1100+1099=0.245	0	1	0	0	[((ride))]	[((ride))]	((ride))
1099	BX002	2661.324	2662.774	1.45	True	_	0	0	0	0	0	0	0	0	0	False	False	False	False	True	False	False	1097+1098=0.106,1098+1100=0.245	0	0	0	2	come no: [xxx]	come no: [xxx]	come no xxx
1100	BX003	2662.289	2668.839	6.55	True	_	0	0	0	0	0	0	0	0	0	False	False	False	False	False	False	False	_	0	0	0	19	[no cioè] non lo so io mh::: maggio direi di no. cioè io fino al: sei di luglio almeno,	[no cioè] non lo so io mh::: maggio direi di no. cioè io fino al: sei di luglio almeno,	no cioè non lo so io mh maggio direi di no cioè io fino al sei di luglio almeno
1101	BX001	2670.039	2672.41	2.371	True	_	0	0	0	0	0	0	0	0	0	False	False	False	False	False	False	False	_	0	1	0	0	xxx [((ride))]	xxx [((ride))]	xxx ((ride))
1102	BX003	2670.707	2673.917	3.21	True	_	0	0	0	0	0	0	0	0	0	False	False	False	False	False	False	False	_	1	0	0	13	[eh. (.) ma scusami come fai il: biglie-] cioè >sai le date degli esami<?	[eh. (.) ma scusami come fai il: biglie-] cioè >sai le date degli esami<?	eh (.) ma scusami come fai il biglie- cioè sai le date degli esami
1103	BX002	2674.189	2677.72	3.531	True	_	0	0	0	0	0	0	0	1	0	False	False	False	False	False	False	False	_	1	0	0	8	(oddio) eh: (.) i progetti, non abbiamo esami [xxx,]	(oddio) eh: (.) i progetti, non abbiamo esami [xxx],	oddio eh (.) i progetti non abbiamo esami xxx
1104	BX001	2677.349	2686.339	8.99	True	_	0	0	0	0	0	0	0	1	0	False	False	False	False	False	False	False	_	1	0	0	30	[eh ce-] ora non fa testo, perché ora sarà tutto diverso perché si sta facendo tutto più spalmato. no no ma guarda son serio [eh. (.) cioè non è per confortarti,]	[eh ce-] ora non fa testo, perché ora sarà tutto diverso perché si sta facendo tutto più spalmato. no no ma guarda son serio [eh. (.) cioè non è per confortarti],	eh ce- ora non fa testo perché ora sarà tutto diverso perché si sta facendo tutto più spalmato no no ma guarda son serio eh (.) cioè non è per confortarti
1105	BX003	2684.169	2686.34	2.171	True	_	0	0	0	0	0	0	0	0	0	False	False	False	False	False	False	False	_	0	1	0	0	[((ride))]	[((ride))]	((ride))
1106	BX001	2686.574	2687.874	1.3	True	_	0	0	0	0	0	0	0	1	0	False	False	False	False	False	False	False	_	0	0	0	3	[cioè son serio.]	[cioè son serio].	cioè son serio
1107	BX003	2686.574	2687.874	1.3	True	_	0	0	0	0	0	0	0	1	0	False	False	False	False	False	False	False	_	0	0	0	4	[no no può essere.]	[no no può essere].	no no può essere
1108	BX003	2689.059	2691.06	2.001	True	_	0	0	0	0	0	0	0	0	0	False	False	False	False	False	False	False	_	0	0	0	10	[cioè nel senso (guarda gli esiti) degli esami nel senso]	[cioè nel senso (guarda gli esiti) degli esami nel senso]	cioè nel senso guarda gli esiti degli esami nel senso
1109	BX002	2689.379	2690.219	0.84	True	_	0	0	0	0	0	0	0	0	0	False	False	False	False	False	False	False	_	0	0	0	2	[cioè xx adesso]	[cioè xx adesso]	cioè xx adesso
1110	BX001	2690.199	2692.819	2.62	True	_	0	0	0	0	0	0	0	0	0	False	False	False	False	False	False	False	_	0	0	0	7	[l'hanno impostato] diverso questo semestre eh	[l'hanno impostato] diverso questo semestre eh	l' hanno impostato diverso questo semestre eh
1111	BX001	2693.399	2695.469	2.07	True	_	0	0	0	0	0	0	0	0	0	False	False	False	False	False	False	False	_	0	0	0	7	con tutti questi progetti e in realtà,	con tutti questi progetti e in realtà,	con tutti questi progetti e in realtà
1112	BX001	2696.159	2698.389	2.23	True	_	0	0	0	0	0	0	0	1	0	False	False	False	False	False	False	False	_	0	0	0	5	cioè esami [non saranno esami.]	cioè esami [non saranno esami].	cioè esami non saranno esami
1113	BX003	2697.57	2700.13	2.56	True	_	0	0	0	0	0	0	0	0	0	False	False	False	False	False	False	False	_	0	2	0	8	[no non è che non] capisco ((ride)) c'è ((ridendo))	[no non è che non] capisco ((ride)) c'è ((ridendo))	no non è che non capisco ((ride)) c' è ((ridendo))
1114	BX001	2700.134	2701.544	1.41	True	_	0	0	0	0	0	0	0	1	0	False	False	False	False	False	False	False	_	0	0	0	4	no no cioè allo[ra.]	no no cioè allo[ra].	no no cioè allora
1115	BX003	2701.054	2705.024	3.97	True	_	0	0	0	0	0	0	0	0	0	False	False	False	False	False	False	False	_	0	0	0	15	[no] eh secondo me, allora se tu hai eh cioè guarda le date degli esami,	[no] eh secondo me, allora se tu hai eh cioè guarda le date degli esami,	no eh secondo me allora se tu hai eh cioè guarda le date degli esami
1116	BX002	2705.034	2705.284	0.25	True	_	0	0	0	0	0	0	0	0	0	False	False	False	False	False	False	False	_	0	0	0	1	sì.	sì.	sì
1117	BX003	2705.304	2710.624	5.32	True	_	0	0	0	0	0	0	0	0	0	False	False	False	False	False	False	False	_	0	0	0	19	tieni conto del- >cioè della data dell'esame< due settimane prima o una settimana prima, devi consegnare il progetto.	tieni conto del- >cioè della data dell'esame< due settimane prima o una settimana prima, devi consegnare il progetto.	tieni conto del- cioè della data dell' esame due settimane prima o una settimana prima devi consegnare il progetto
1118	BX002	2711.259	2711.589	0.33	True	_	0	0	0	0	0	0	0	0	True	False	False	False	False	False	False	False	1119=0.010	0	0	0	1	sì.	sì.	sì
1119	BX003	2711.579	2714.389	2.81	True	_	0	0	0	0	0	0	0	1	0	False	False	False	False	True	False	False	1118=0.010,1120=0.379,1121=0.820	0	0	0	15	e c'è sono paper da scrivere, [quel- l'unico che non hai da scrivere,]	e c'è sono paper da scrivere, [quel- l'unico che non hai da scrivere],	e c' è sono paper da scrivere quel- l' unico che non hai da scrivere
1120	BX001	2713.01	2713.389	0.379	True	_	0	0	0	0	0	0	0	0	0	False	False	False	False	False	False	False	_	0	0	0	1	[eh]	[eh]	eh
1121	BX002	2713.569	2714.399	0.83	True	_	0	0	0	0	0	0	0	0	0	False	False	False	False	False	False	False	_	0	0	0	0	[xx]	[xx]	xx
1122	BX003	2714.789	2718.674	3.89	True	_	0	0	0	0	0	0	1	0	0	False	False	False	False	False	False	False	_	0	0	0	16	c'è s- l'unico che non hai da scrivere è la:: x- gialli la gialli	c'è s- l'unico che non hai da scrivere è la:: x- gialli la gialli	c' è s- l' unico che non hai da scrivere è la x- gialli la gialli
1123	BX002	2718.674	2719.259	0.59	True	_	0	0	0	0	0	0	1	0	0	False	False	False	False	False	False	False	_	0	0	0	1	esatto.	esatto.	esatto
1124	BX002	2720.429	2723.259	2.83	True	_	0	0	0	0	0	0	0	0	0	False	False	False	False	False	False	False	_	0	0	0	11	no è vero [devo scrivere tutti] devo scrivere tutti i paper.	no è vero [devo scrivere tutti] devo scrivere tutti i paper.	no è vero devo scrivere tutti devo scrivere tutti i paper
1125	BX003	2720.629	2721.769	1.14	True	_	0	0	0	0	0	0	0	1	0	False	False	False	False	False	False	False	_	0	0	0	5	[o ne hai degli altri?]	[o ne hai degli altri]?	o ne hai degli altri
1126	BX002	2723.279	2725.599	2.32	True	_	0	0	0	0	0	0	0	1	0	False	False	False	False	False	False	False	_	0	0	0	9	[(sì ma non è) solo il progetto xxx il paper.]	[(sì ma non è) solo il progetto xxx il paper].	sì ma non è solo il progetto xxx il paper
1127	BX003	2723.284	2725.164	1.88	True	_	0	0	0	0	0	0	0	0	0	False	False	False	False	False	False	False	_	0	0	0	3	[però spero che:]	[però spero che:]	però spero che
1128	BX001	2724.344	2730.52	6.176	True	_	0	0	0	0	0	0	0	1	0	False	False	False	False	False	False	False	_	2	0	0	11	[però eh insomma] ti puoi portare avanti: [puoi iniziare, (.) delineare,] (.) insomma	[però eh insomma] ti puoi portare avanti: [puoi iniziare, (.) delineare], (.) insomma	però eh insomma ti puoi portare avanti puoi iniziare (.) delineare (.) insomma
1129	BX003	2726.549	2727.259	0.71	True	_	0	0	0	0	0	0	0	1	0	False	False	False	False	False	False	False	_	0	0	0	3	[sì quello sì.]	[sì quello sì].	sì quello sì
1130	BX002	2726.929	2729.85	2.921	True	_	0	0	0	0	0	0	0	0	0	False	False	False	False	False	False	False	_	0	0	0	10	[no infatti per quello che volevo già fare quello di:]	[no infatti per quello che volevo già fare quello di:]	no infatti per quello che volevo già fare quello di
1131	BX001	2732.856	2739.316	6.46	True	_	0	0	0	0	0	0	0	0	0	False	False	False	False	False	False	False	_	0	0	0	20	cioè quello che intendo è che cioè non è che c'è da studiarsi un manuale di: [eh svariate pagine]	cioè quello che intendo è che cioè non è che c'è da studiarsi un manuale di: [eh svariate pagine]	cioè quello che intendo è che cioè non è che c' è da studiarsi un manuale di eh svariate pagine
1132	BX003	2737.251	2739.321	2.07	True	_	0	0	0	0	0	0	0	1	0	False	False	True	False	False	False	False	_	1	0	0	9	[(lo so però (.) non ho capito se non sanno,]	[(lo so però (.) non ho capito se non sanno],	lo so però (.) non ho capito se non sanno
1133	BX001	2740.144	2740.519	0.375	True	_	0	0	0	0	0	0	0	0	0	False	False	False	False	False	False	False	_	0	0	0	1	eh.	eh.	eh
1134	BX002	2742.011	2744.621	2.61	True	_	0	0	0	0	0	0	0	0	0	False	False	False	False	False	False	False	_	0	0	0	5	scappiamo perché: mi sto intossicando,	scappiamo perché: mi sto intossicando,	scappiamo perché mi sto intossicando
1135	BX001	2745.021	2746.681	1.66	True	_	0	0	0	0	0	0	0	0	0	False	False	False	False	False	False	False	_	0	0	0	1	eh xxxxxxx	eh xxxxxxx	eh xxxxxxx
