tu_id	speaker	start	end	duration	include	variation	W:normalized_spaces	W:numbers	W:accents	W:non_jefferson	W:pauses_trim	W:prosodic_trim	W:moved_boundaries	W:switches	W:overlap_mismatch	E:volume	E:pace	E:guess	E:overlap	E:overlap_mismatch	E:overlap_annotation	E:overlap_time	E:overlap_duration	T:shortpauses	T:nonverbalbehavior	T:errors	T:linguistic	original	text	orthographic
0	BZ012	4.35	5.01	0.66	True	_	0	0	0	0	0	0	0	0	0	False	False	False	False	False	False	False	_	0	0	0	1	okay.	okay.	okay
1	BZ009	7.84	12.54	4.7	True	_	0	0	0	0	0	0	0	0	0	False	False	False	False	False	False	False	_	0	0	0	13	e insomma:: no poi decidiamo perché lui diceva se potevamo anche andare a,	e insomma:: no poi decidiamo perché lui diceva se potevamo anche andare a,	e insomma no poi decidiamo perché lui diceva se potevamo anche andare a
2	BZ009	13.295	14.095	0.8	True	_	0	0	0	0	0	0	0	0	0	False	False	False	False	False	False	False	_	0	0	0	2	a napoli,	a napoli,	a napoli
3	BZ009	14.53	16.57	2.04	True	_	0	0	0	0	0	0	0	0	0	False	False	False	False	False	False	False	_	0	0	0	9	il weekend in cui compie gli anni mio papà,	il weekend in cui compie gli anni mio papà,	il weekend in cui compie gli anni mio papà
4	BZ012	16.855	20.04	3.185	True	_	0	0	0	0	0	0	0	0	0	False	False	False	False	False	False	False	_	0	0	0	12	[xx] (però tua mamma) alla fine aveva detto di no che non voleva.	[xx] (però tua mamma) alla fine aveva detto di no che non voleva.	xx però tua mamma alla fine aveva detto di no che non voleva
5	BZ009	16.87	17.33	0.46	True	_	0	0	0	0	0	0	0	0	0	False	False	False	False	False	False	False	_	0	0	0	1	[(no)]	[(no)]	no
6	BZ009	20.065	20.325	0.26	True	_	0	0	0	0	0	0	0	0	0	False	False	False	False	False	False	False	_	0	0	0	1	eh.	eh.	eh
7	BZ009	20.8	22.3	1.5	True	_	0	0	0	0	0	0	0	0	0	False	False	False	False	False	False	False	_	0	0	0	5	(un po' e un po',)	(un po' e un po',)	un po' e un po'
8	BZ009	23.385	24.015	0.63	True	_	0	0	0	0	0	0	0	0	0	False	False	False	False	False	False	False	_	0	0	0	3	stai qui fido.	stai qui fido.	stai qui fido
9	BZ009	24.465	24.905	0.44	True	_	0	0	0	0	0	0	0	0	0	False	False	False	False	False	False	False	_	0	0	0	1	giù.	giù.	giù
10	BZ012	25.19	25.87	0.68	True	_	0	0	0	0	0	0	0	1	0	False	False	False	False	False	False	False	_	0	0	0	1	[seduto.]	[seduto].	seduto
11	BZ009	25.525	25.975	0.45	True	_	0	0	0	0	0	0	0	1	0	False	False	False	False	False	False	False	_	0	0	0	1	[bon.]	[bon].	bon
12	BZ009	26.775	28.085	1.31	True	_	0	0	0	0	0	0	0	0	0	False	False	False	False	False	False	False	_	0	0	0	4	seduto giù fido eh.	seduto giù fido eh.	seduto giù fido eh
13	BZ009	31.025	34.1	3.075	True	_	0	0	0	0	0	0	0	0	0	False	False	False	False	False	False	False	_	0	0	0	10	fido lo sai che mangiamo noi, tu hai già mangiato.	fido lo sai che mangiamo noi, tu hai già mangiato.	fido lo sai che mangiamo noi tu hai già mangiato
14	BZ012	36.035	36.81	0.775	True	_	0	0	0	0	0	0	0	0	0	False	False	False	False	False	False	False	_	0	0	0	1	seduto.	seduto.	seduto
15	BZ009	36.83	37.15	0.32	True	_	0	0	0	0	0	0	0	0	0	False	False	False	False	False	False	False	_	0	0	0	1	dai.	dai.	dai
16	BZ012	37.375	37.845	0.47	True	_	0	0	0	0	0	0	0	1	0	False	False	False	False	False	False	False	_	0	0	0	1	[eccolo,]	[eccolo],	eccolo
17	BZ009	37.615	37.975	0.36	True	_	0	0	0	0	0	0	0	1	0	False	False	False	False	False	False	False	_	0	0	0	1	[mh,]	[mh],	mh
18	BZ009	38.42	40.31	1.89	True	_	0	0	0	0	0	0	0	0	0	False	False	False	False	False	False	False	_	0	0	0	4	fido no. fido no.	fido no. fido no.	fido no fido no
19	BZ012	40.46	42.28	1.82	True	_	0	0	0	0	0	0	0	1	0	False	False	False	False	False	False	False	_	0	0	0	5	dobbiamo metterti [fuori allora eh,]	dobbiamo metterti [fuori allora eh],	dobbiamo metterti fuori allora eh
20	BZ009	41.435	42.475	1.04	True	_	0	0	0	0	0	0	0	1	0	False	False	False	False	False	False	False	_	0	0	0	3	[no fido eh.]	[no fido eh].	no fido eh
21	BZ009	42.89	43.1	0.21	True	_	0	0	0	0	0	0	0	0	0	False	False	False	False	False	False	False	_	0	0	0	1	no.	no.	no
22	BZ009	43.32	45.92	2.6	True	_	0	0	0	0	0	0	0	0	0	False	False	False	False	False	False	False	_	0	0	0	10	[quando mangiamo] noi lo sai che non puoi anche te.	[quando mangiamo] noi lo sai che non puoi anche te.	quando mangiamo noi lo sai che non puoi anche te
23	BZ012	43.345	44.405	1.06	True	_	0	0	0	0	0	0	0	0	0	False	False	False	False	False	False	False	_	0	0	0	1	[xx (mia.)]	[xx (mia.)]	xx mia
24	BZ012	46.11	47.97	1.86	True	_	0	0	0	0	0	0	0	1	0	False	False	False	False	False	False	False	_	0	0	0	3	dai [fido xxx,]	dai [fido xxx],	dai fido xxx
25	BZ009	46.505	49.705	3.2	True	_	0	0	0	0	0	0	0	0	0	False	False	False	False	False	False	False	_	0	0	0	12	[sì dai i bacini] vieni qui guarda vieni qui vicino a me,	[sì dai i bacini] vieni qui guarda vieni qui vicino a me,	sì dai i bacini vieni qui guarda vieni qui vicino a me
26	BZ012	50.22	51.89	1.67	True	_	0	0	0	0	0	0	0	0	0	False	False	False	False	False	False	False	_	0	0	0	0	[xxxx]	[xxxx]	xxxx
27	BZ009	50.52	54.83	4.31	True	_	0	0	0	0	0	0	0	0	0	False	False	False	False	False	False	False	_	0	0	0	16	[no è comunque] quello dell'otto di dicembre quindi nel senso [non è che] sia domani,	[no è comunque] quello dell'otto di dicembre quindi nel senso [non è che] sia domani,	no è comunque quello dell' otto di dicembre quindi nel senso non è che sia domani
28	BZ012	53.86	54.25	0.39	True	_	0	0	0	0	0	0	0	1	0	False	False	False	False	False	False	False	_	0	0	0	1	[sì,]	[sì],	sì
29	BZ009	55.21	55.95	0.74	True	_	0	0	0	0	0	0	0	0	0	False	False	False	False	False	False	False	_	0	0	0	1	perciò,	perciò,	perciò
30	BZ012	56.515	61.805	5.29	True	_	0	0	0	0	0	0	0	0	0	False	False	False	False	False	False	False	_	0	0	0	29	no perché >ti ricordi che (a) tua mamma (le avevi) detto te lo regliamo noi per il papà e lei alla fine aveva detto< no, io non ci vado.	no perché >ti ricordi che (a) tua mamma (le avevi) detto te lo regliamo noi per il papà e lei alla fine aveva detto< no, io non ci vado.	no perché ti ricordi che a tua mamma le avevi detto te lo regliamo noi per il papà e lei alla fine aveva detto no io non ci vado
31	BZ012	62.325	63.255	0.93	True	_	0	0	0	0	0	0	0	0	0	False	False	False	False	False	False	False	_	0	0	0	5	non lo so poi perché.	non lo so poi perché.	non lo so poi perché
32	BZ009	64.975	65.615	0.64	True	_	0	0	0	0	0	0	0	0	0	False	False	False	False	False	False	False	_	0	0	0	1	boh.	boh.	boh
33	BZ009	66.76	68.01	1.25	True	_	0	0	0	0	0	0	0	0	0	False	False	False	False	False	False	False	_	0	0	0	2	bravo fido,	bravo fido,	bravo fido
34	BZ009	69.115	70.085	0.97	True	_	0	0	0	0	0	0	0	0	0	False	False	False	False	False	False	False	_	0	0	0	2	vuoi uscire?	vuoi uscire?	vuoi uscire
35	BZ009	70.595	72.105	1.51	True	_	0	0	0	0	0	0	0	0	0	False	False	False	False	False	False	False	_	0	0	0	5	dai mettiti lì e riposati.	dai mettiti lì e riposati.	dai mettiti lì e riposati
36	BZ012	73.545	75.495	1.95	True	_	0	0	0	0	0	0	0	0	0	False	False	False	False	False	False	False	_	0	0	0	8	ah perché l'otto dicembre è anche festa.	ah perché l'otto dicembre è anche festa.	ah perché l' otto dicembre è anche festa
37	BZ009	75.815	76.205	0.39	True	_	0	0	0	0	0	0	0	0	0	False	False	False	False	False	False	False	_	0	0	0	1	eh.	eh.	eh
38	BZ012	76.78	77.395	0.615	True	_	0	0	0	0	0	0	0	1	0	False	False	False	False	False	False	False	_	0	0	0	1	[no.]	[no].	no
39	BZ009	76.9	77.9	1.0	True	_	0	0	0	0	0	0	0	1	0	False	False	False	False	False	False	False	_	0	0	0	1	[fido:.]	[fido:].	fido
40	BZ012	78.445	80.705	2.26	True	_	0	0	0	0	0	0	0	1	0	False	False	False	False	False	False	False	_	0	0	0	3	<dai fido basta,>	<dai fido basta>,	dai fido basta
41	BZ009	82.19	83.08	0.89	True	_	0	0	0	0	0	0	0	0	0	False	False	False	False	False	False	False	_	0	1	0	0	((ride))	((ride))	((ride))
42	BZ009	87.11	89.681	2.571	True	_	0	0	0	0	0	0	0	0	0	False	False	False	False	False	False	False	_	0	0	0	7	perché deve mettersi, coprirsi con le tende?	perché deve mettersi, coprirsi con le tende?	perché deve mettersi coprirsi con le tende
43	BZ012	90.33	92.42	2.09	True	_	0	0	0	0	0	0	0	0	0	False	False	False	False	False	False	False	_	0	0	0	4	dai mettiti giù somarello.	dai mettiti giù somarello.	dai mettiti giù somarello
44	BZ009	95.96	96.4	0.44	True	_	0	0	0	0	0	0	0	0	0	False	False	False	False	False	False	False	_	0	0	0	1	mh,	mh,	mh
45	BZ009	97.585	98.095	0.51	True	_	0	0	0	0	0	0	0	0	0	False	False	False	False	False	False	False	_	0	0	0	2	non so,	non so,	non so
46	BZ012	99.365	102.465	3.1	True	_	0	0	0	0	0	0	0	0	0	False	False	False	False	False	False	False	_	0	0	0	13	perché so che l'otto dicembre cade di mercoledì. e quello è festa,	perché so che l'otto dicembre cade di mercoledì. e quello è festa,	perché so che l' otto dicembre cade di mercoledì e quello è festa
47	BZ009	102.66	103.54	0.88	True	_	0	0	0	0	0	0	0	0	0	False	False	False	False	False	False	False	_	0	0	0	4	perché lui ha detto,	perché lui ha detto,	perché lui ha detto
48	BZ009	103.905	105.205	1.3	True	_	0	0	0	0	0	0	0	1	0	False	False	False	False	False	False	False	_	0	0	0	3	<fammi un piacere,>	<fammi un piacere>,	fammi un piacere
49	BZ009	106.46	108.61	2.15	True	_	0	0	0	0	0	0	0	1	0	False	False	False	False	False	False	False	_	0	0	0	9	<di' alla mamma che faccio venire anche il papà,>	<di' alla mamma che faccio venire anche il papà>,	di' alla mamma che faccio venire anche il papà
50	BZ009	109.72	110.08	0.36	True	_	0	0	0	0	0	0	0	0	0	False	False	False	False	False	False	False	_	0	0	0	1	però,	però,	però
51	BZ012	112.515	113.755	1.24	True	_	0	0	0	0	0	0	0	0	0	False	False	False	False	False	False	False	_	0	0	0	5	eh il problema è che,	eh il problema è che,	eh il problema è che
52	BZ012	114.8	115.57	0.77	True	_	0	0	0	0	0	0	0	0	0	False	False	False	False	False	False	False	_	0	0	0	4	lui non lo sa.	lui non lo sa.	lui non lo sa
53	BZ009	116.57	117.08	0.51	True	_	0	0	0	0	0	0	0	0	0	False	False	False	False	False	False	False	_	0	0	0	2	de che?	de che?	de che
54	BZ012	117.09	120.5	3.41	True	_	0	0	0	0	0	0	0	0	0	False	False	False	False	False	False	False	_	0	0	0	16	non è tuo papà che non vuole scendere, è tua mamma che non vuole andare giù.	non è tuo papà che non vuole scendere, è tua mamma che non vuole andare giù.	non è tuo papà che non vuole scendere è tua mamma che non vuole andare giù
55	BZ009	121.09	122.92	1.83	True	_	0	0	0	0	0	0	0	0	0	False	False	False	False	False	False	False	_	0	0	1, fare??	8	e perché non vuole andare giù [(cosa deve fare?)]?	e perché non vuole andare giù [(cosa deve fare?)]?	e perché non vuole andare giù cosa deve fare??
56	BZ012	122.22	122.91	0.69	True	_	0	0	0	0	0	0	0	1	0	False	False	False	False	False	False	False	_	0	0	0	3	[non lo so,]	[non lo so],	non lo so
57	BZ012	124.23	125.03	0.8	True	_	0	0	0	0	0	0	0	0	0	False	False	False	False	False	False	False	_	0	0	0	2	mh. però,	mh. però,	mh però
58	BZ012	126.205	127.045	0.84	True	_	0	0	0	0	0	0	0	0	0	False	False	False	False	False	False	False	_	0	0	0	1	aspetta.	aspetta.	aspetta
59	BZ012	127.85	129.55	1.7	True	_	0	0	0	0	0	0	0	0	0	False	False	False	False	False	False	False	_	0	0	0	6	lei non voleva andare giù adesso,	lei non voleva andare giù adesso,	lei non voleva andare giù adesso
60	BZ012	129.755	131.825	2.07	True	_	0	0	0	0	0	0	0	0	0	False	False	False	False	False	False	False	_	0	0	0	10	perché diceva che tua zia non era ancora in grado.	perché diceva che tua zia non era ancora in grado.	perché diceva che tua zia non era ancora in grado
61	BZ009	133.715	134.005	0.29	True	_	0	0	0	0	0	0	0	0	0	False	False	False	False	False	False	False	_	0	0	0	1	mh,	mh,	mh
62	BZ009	134.895	135.895	1.0	True	_	0	0	0	0	0	0	0	0	0	False	False	False	False	False	False	False	_	0	0	0	6	non è in grado [(per co-)]	non è in grado [(per co-)]	non è in grado per co-
63	BZ012	135.47	136.78	1.31	True	_	0	0	0	0	0	0	0	0	0	False	False	False	False	False	False	False	_	0	0	0	2	[camminare] tanto.	[camminare] tanto.	camminare tanto
64	BZ012	137.47	138.96	1.49	True	_	0	0	0	0	0	0	0	1	0	False	False	False	False	False	False	False	_	0	0	0	6	il sali e scendi di [napoli,]	il sali e scendi di [napoli],	il sali e scendi di napoli
65	BZ009	138.53	142.66	4.13	True	_	0	0	0	0	0	0	0	0	0	False	False	False	False	False	False	False	_	0	0	0	18	[eh ora] di dicembre, va be' ma deve camminare tanto, l'hanno già vista mille volte era per fare,	[eh ora] di dicembre, vabbè ma deve camminare tanto, l'hanno già vista mille volte era per fare,	eh ora di dicembre vabbè ma deve camminare tanto l' hanno già vista mille volte era per fare
66	BZ012	143.27	146.38	3.11	True	_	0	0	0	0	0	0	0	1	0	False	False	False	False	False	False	False	_	0	0	0	13	sì diciamo la vivi come se tu andassi a trovare [come se xxxx,]	sì diciamo la vivi come se tu andassi a trovare [come se xxxx],	sì diciamo la vivi come se tu andassi a trovare come se xxxx
67	BZ009	145.37	146.37	1.0	True	_	0	0	0	0	0	0	0	1	0	False	False	False	False	False	False	False	_	0	0	0	2	[ma sì:.]	[ma sì:].	ma sì
68	BZ012	148.755	149.225	0.47	True	_	0	0	0	0	0	0	0	0	0	False	False	False	False	False	False	False	_	0	0	0	1	però,	però,	però
69	BZ009	149.675	151.255	1.58	True	_	0	0	0	0	0	0	0	0	0	False	False	False	False	False	False	False	_	0	0	0	6	cos'è che devono fare? mica:,	cos'è che devono fare? mica:,	cos' è che devono fare mica
70	BZ009	151.85	152.97	1.12	True	_	0	0	0	0	0	0	0	0	0	False	False	False	False	False	False	False	_	0	0	0	5	vara che stupido che è.	vara che stupido che è.	vara che stupido che è
71	BZ009	153.405	155.975	2.57	True	_	0	0	0	0	0	0	0	0	0	False	False	False	False	False	False	False	_	0	0	0	8	cioè mica devono fare: come abbiamo fatto noi,	cioè mica devono fare: come abbiamo fatto noi,	cioè mica devono fare come abbiamo fatto noi
72	BZ012	158.055	159.235	1.18	True	_	0	0	0	0	0	0	0	0	0	False	False	False	False	False	False	False	_	0	0	0	3	no, anche perché,	no, anche perché,	no anche perché
73	BZ012	161.34	164.54	3.2	True	_	0	0	0	0	0	1	0	0	0	False	False	False	False	False	True	False	74=0.225	0	0	0	14	sono loro che tra un po' fanno da ciceroni a chi va a napoli.=	sono loro che tra un po' fanno da ciceroni a chi va a napoli.	sono loro che tra un po' fanno da ciceroni a chi va a napoli
74	BZ009	164.315	164.89	0.575	True	_	0	0	0	0	0	1	0	0	0	False	False	False	False	False	True	False	73=0.225	0	0	0	2	=be' insomma,	be' insomma,	be' insomma
75	BZ009	168.76	170.03	1.27	True	_	0	0	0	0	0	0	0	0	0	False	False	False	False	False	False	False	_	0	0	0	3	era giusto per,	era giusto per,	era giusto per
76	BZ012	170.41	170.98	0.57	True	_	0	0	0	0	0	0	0	0	0	False	False	False	False	False	False	False	_	0	0	0	2	mh=mh,	mh=mh,	mh mh
77	BZ009	172.1	176.79	4.69	True	_	0	0	0	0	0	0	0	0	0	False	False	False	False	False	False	False	_	1	0	0	21	>per fare due tre giorni perché lui ci teneva< però intanto, (.) adesso io ho detto, guarda tornando indietro fermati un attimo.	>per fare due tre giorni perché lui ci teneva< però intanto, (.) adesso io ho detto, guarda tornando indietro fermati un attimo.	per fare due tre giorni perché lui ci teneva però intanto (.) adesso io ho detto guarda tornando indietro fermati un attimo
78	BZ012	177.84	179.19	1.35	True	_	0	0	0	0	0	0	0	0	0	False	False	False	False	False	False	False	_	0	0	0	6	ma quindi lui adesso è giù?	ma quindi lui adesso è giù?	ma quindi lui adesso è giù
79	BZ012	180.06	181.97	1.91	True	_	0	0	0	0	0	0	0	1	0	False	False	False	False	False	False	False	_	0	0	0	6	ancora [lì?] o è già ripartito?	ancora [lì]? o è già ripartito?	ancora lì o è già ripartito
80	BZ009	180.59	180.86	0.27	True	_	0	0	0	0	0	0	0	1	0	False	False	False	False	False	False	False	_	0	0	0	1	[no,]	[no],	no
81	BZ009	182.3	182.75	0.45	True	_	0	0	0	0	0	0	0	0	0	False	False	False	False	False	False	False	_	0	0	0	1	lui,	lui,	lui
82	BZ012	183.57	184.535	0.99	True	_	0	0	0	0	0	1	1	0	0	False	False	False	False	False	False	False	_	0	0	0	4	lui ha il teletrasporto=	lui ha il teletrasporto	lui ha il teletrasporto
83	BZ009	184.535	185.64	1.13	True	_	0	0	0	0	0	1	1	0	0	False	False	False	False	False	False	False	_	0	0	0	4	=è partito da qua,	è partito da qua,	è partito da qua
84	BZ009	186.18	187.49	1.31	True	_	0	0	0	0	0	0	0	0	0	False	False	False	False	False	False	False	_	0	0	0	4	alle nove meno dieci,	alle nove meno dieci,	alle nove meno dieci
85	BZ012	187.59	188.06	0.47	True	_	0	0	0	0	0	0	0	0	0	False	False	False	False	False	False	False	_	0	0	0	1	okay,	okay,	okay
86	BZ012	190.27	191.6	1.33	True	_	0	0	0	0	0	0	0	0	0	False	False	False	False	False	False	False	_	0	0	0	5	[alle dieci] era al lago,	[alle dieci] era al lago,	alle dieci era al lago
87	BZ009	190.3	191.08	0.78	True	_	0	0	0	0	0	0	0	1	0	False	False	False	False	False	False	False	_	0	0	0	2	[è andato,]	[è andato],	è andato
88	BZ009	192.335	192.705	0.37	True	_	0	0	0	0	0	0	0	0	0	False	False	False	False	False	False	False	_	0	0	0	1	mh:,	mh:,	mh
89	BZ012	193.175	193.81	0.65	True	_	0	0	0	0	0	1	1	0	0	False	False	False	False	False	False	False	_	0	0	0	4	dieci e un quarto,=	dieci e un quarto,	dieci e un quarto
90	BZ009	193.81	194.255	0.46	True	_	0	0	0	0	0	1	1	0	0	False	False	False	False	False	False	False	_	0	0	0	1	=bo'.	bo'.	bo'
91	BZ009	196.73	198.48	1.75	True	_	0	0	0	0	0	0	0	0	0	False	False	False	False	False	False	False	_	0	0	0	6	perché mia madre mi ha telefonato,	perché mia madre mi ha telefonato,	perché mia madre mi ha telefonato
92	BZ012	198.79	199.06	0.27	True	_	0	0	0	0	0	0	0	0	0	False	False	False	False	False	False	False	_	0	0	0	1	mh,	mh,	mh
93	BZ009	199.44	200.63	1.19	True	_	0	0	0	0	0	0	0	0	0	False	False	False	False	False	False	False	_	0	0	0	5	più o meno a mezzogiorno,	più o meno a mezzogiorno,	più o meno a mezzogiorno
94	BZ012	200.91	201.25	0.34	True	_	0	0	0	0	0	0	0	0	0	False	False	False	False	False	False	False	_	0	0	0	1	mh,	mh,	mh
95	BZ009	202.24	204.66	2.42	True	_	0	0	0	0	0	0	0	0	0	False	False	False	False	False	False	False	_	1	0	0	8	sì (.) perché ero appena tornato su: con lui.	sì (.) perché ero appena tornato su: con lui.	sì (.) perché ero appena tornato su con lui
96	BZ009	205.235	206.185	0.95	True	_	0	0	0	0	0	0	0	0	0	False	False	False	False	False	False	False	_	0	0	0	3	mezzogiorno e dieci.	mezzogiorno e dieci.	mezzogiorno e dieci
97	BZ012	208.865	210.135	1.27	True	_	0	0	0	0	0	0	0	0	0	False	False	False	False	False	False	False	_	0	1	0	4	con i capelli dritti? ((ridendo))	con i capelli dritti? ((ridendo))	con i capelli dritti ((ridendo))
98	BZ009	210.245	211.865	1.62	True	_	0	0	0	0	0	0	0	0	0	False	False	False	False	False	False	False	_	0	0	0	6	no dicendo appunto sta roba ma,	no dicendo appunto sta roba ma,	no dicendo appunto sta roba ma
99	BZ009	214.35	216.8	2.45	True	_	0	0	0	0	0	0	0	0	0	False	False	False	False	False	False	False	_	0	0	0	11	io poi gli ho detto fatti una doccia, fermati un attimo,	io poi gli ho detto fatti una doccia, fermati un attimo,	io poi gli ho detto fatti una doccia fermati un attimo
100	BZ009	218.74	219.32	0.58	True	_	0	0	0	0	0	0	0	0	0	False	False	False	False	False	False	False	_	0	0	0	2	va bo'.	va bo'.	va bo'
101	BZ009	223.705	224.975	1.27	True	_	0	0	0	0	0	0	0	0	0	False	False	False	False	False	False	False	_	0	0	0	4	(no non posso farci,)	(no non posso farci,)	no non posso farci
102	BZ012	226.245	226.445	0.2	True	_	0	0	0	0	0	0	0	0	0	False	False	False	False	False	False	False	_	0	0	0	1	oh,	oh,	oh
103	BZ012	226.72	227.6	0.88	True	_	0	0	0	0	0	0	0	0	0	False	False	False	False	False	False	False	_	0	0	0	1	mh:,	mh:,	mh
104	BZ009	229.325	229.925	0.6	True	_	0	0	0	0	0	0	0	0	0	False	False	False	False	False	False	False	_	0	0	0	2	vero fido?	vero fido?	vero fido
105	BZ012	230.66	231.49	0.83	True	_	0	0	0	0	0	0	0	0	0	False	False	False	False	False	False	False	_	0	0	0	3	quindi lui è,	quindi lui è,	quindi lui è
106	BZ012	232.3	236.74	4.44	True	_	0	0	0	0	0	0	0	0	0	False	False	False	False	False	False	False	_	0	0	0	23	a mezzogiorno da lei è ripartito se tua mamma l'ha chiama- ti ha chiamato, non penso che ti chiama con lì lui.	a mezzogiorno da lei è ripartito se tua mamma l'ha chiama- ti ha chiamato, non penso che ti chiama con lì lui.	a mezzogiorno da lei è ripartito se tua mamma l' ha chiama- ti ha chiamato non penso che ti chiama con lì lui
107	BZ009	236.745	238.355	1.61	True	_	0	0	0	0	0	0	0	0	0	False	False	False	False	False	False	False	_	0	0	0	6	penso forse anche (poi) non credo.	penso forse anche (poi) non credo.	penso forse anche poi non credo
108	BZ012	239.295	239.745	0.45	True	_	0	0	0	0	0	0	0	0	0	False	False	False	False	False	False	False	_	0	0	0	1	eh.	eh.	eh
109	BZ009	239.875	240.155	0.28	True	_	0	0	0	0	0	0	0	0	0	False	False	False	False	False	False	False	_	0	0	0	1	mh,	mh,	mh
110	BZ009	243.02	244.12	1.1	True	_	0	0	0	0	0	0	0	0	0	False	False	False	False	False	False	False	_	0	0	0	5	può anche darsi prima eh,	può anche darsi prima eh,	può anche darsi prima eh
111	BZ012	245.205	245.49	0.285	True	_	0	0	0	0	0	0	0	0	0	False	False	False	False	False	False	False	_	0	0	0	1	però,	però,	però
112	BZ012	247.365	248.475	1.11	True	_	0	0	0	0	0	0	0	0	0	False	False	False	False	False	False	False	_	0	0	0	4	noi ci abbiamo messo,	noi ci abbiamo messo,	noi ci abbiamo messo
113	BZ012	249.585	250.935	1.35	True	_	0	0	0	0	0	0	0	0	0	False	False	False	False	False	False	False	_	0	0	0	6	dieci ore (a) arrivare a napoli,	dieci ore (a) arrivare a napoli,	dieci ore a arrivare a napoli
114	BZ012	251.285	251.67000000000002	0.43	True	_	0	0	0	0	0	1	1	0	0	False	False	False	False	False	False	False	_	0	0	0	1	otto,=	otto,	otto
115	BZ009	251.67000000000002	257.205	5.58	True	_	0	0	0	0	0	1	1	1	0	False	False	False	False	False	False	False	_	0	0	0	19	=va be' ma noi ci siamo fermati ottanta volte fra <mangia bevi fai quel gas con quella macchina de merda,>	vabbè ma noi ci siamo fermati ottanta volte fra <mangia bevi fai quel gas con quella macchina de merda>,	vabbè ma noi ci siamo fermati ottanta volte fra mangia bevi fai quel gas con quella macchina de merda
116	BZ012	257.52	258.68	1.16	True	_	0	0	0	0	0	0	0	1	0	False	False	False	False	False	False	False	_	0	0	0	7	sì ma, lui [lui c'ha u-,]	sì ma, lui [lui c'ha u-],	sì ma lui lui c' ha u-
117	BZ009	258.645	261.455	2.81	True	_	0	0	0	0	0	0	0	0	0	False	False	False	False	False	False	False	_	0	0	0	13	[con la] jeep saremmo, sì ma con la jeep saremmo andati giù dritti.	[con la] jeep saremmo, sì ma con la jeep saremmo andati giù dritti.	con la jeep saremmo sì ma con la jeep saremmo andati giù dritti
118	BZ012	262.325	263.045	0.72	True	_	0	0	0	0	0	0	0	0	0	False	False	False	False	False	False	False	_	0	0	0	1	appunto.	appunto.	appunto
119	BZ012	263.39	264.45	1.06	True	_	0	0	0	0	0	0	0	0	0	False	False	False	False	False	False	False	_	0	0	0	5	lui c'ha una smart.	lui c'ha una smart.	lui c' ha una smart
120	BZ012	264.785	266.565	1.78	True	_	0	0	0	0	0	0	0	0	0	False	False	False	False	False	False	False	_	0	0	0	6	che è praticamente come dire karin,	che è praticamente come dire karin,	che è praticamente come dire karin
121	BZ012	266.86	269.39	2.53	True	_	0	0	0	0	0	0	0	0	True	False	False	False	False	False	False	False	_	0	0	0	10	tu vai giù in ciao, [lui va giù] in smart,	tu vai giù in ciao, [lui va giù] in smart,	tu vai giù in ciao lui va giù in smart
122	BZ009	268.095	268.81	0.715	True	_	0	0	0	0	0	0	0	1	0	False	False	False	False	False	False	False	_	0	0	0	4	[si va be' ma fai,]	[si vabbè ma fai],	si vabbè ma fai
123	BZ009	269.36	270.99	1.63	True	_	0	0	0	0	0	0	0	0	True	False	False	False	False	False	False	False	121=0.030	0	0	0	5	sì ma fai benzina qui,	sì ma fai benzina qui,	sì ma fai benzina qui
124	BZ009	272.24	277.9	5.66	True	_	0	0	0	0	0	0	0	0	0	False	False	False	False	False	False	False	_	1	0	0	23	e e vai giù. (.) non è: cioè e poi ti fermi d- magari una volta a mangiare e fai benzina non è come,	e e vai giù. (.) non è: cioè e poi ti fermi d- magari una volta a mangiare e fai benzina non è come,	e e vai giù (.) non è cioè e poi ti fermi d- magari una volta a mangiare e fai benzina non è come
125	BZ009	278.155	280.775	2.62	True	_	0	0	0	0	0	0	0	0	0	False	False	False	False	False	False	False	_	0	0	0	11	noi con quella macchina lì a gas che ci siam fermati,	noi con quella macchina lì a gas che ci siam fermati,	noi con quella macchina lì a gas che ci siam fermati
126	BZ009	281.06	282.36	1.3	True	_	0	0	0	0	0	0	0	0	0	False	False	False	False	False	False	False	_	0	0	0	2	cento volte,	cento volte,	cento volte
127	BZ009	284.525	284.935	0.41	True	_	0	0	0	0	0	0	0	0	0	False	False	False	False	False	False	False	_	0	0	0	1	cioè,	cioè,	cioè
128	BZ012	285.895	287.125	1.23	True	_	0	0	0	0	0	0	0	1	0	False	False	False	False	False	False	False	_	0	0	0	4	[a parte che scusami,]	[a parte che scusami],	a parte che scusami
129	BZ009	286.055	288.135	2.08	True	_	0	0	0	0	0	0	0	0	0	False	False	False	False	False	False	False	_	0	0	0	10	[con tutto il rispetto per le] macchine a gas ma,	[con tutto il rispetto per le] macchine a gas ma,	con tutto il rispetto per le macchine a gas ma
130	BZ012	288.24	294.5	6.26	True	_	0	0	0	0	0	0	0	0	0	False	False	False	False	False	False	False	_	0	0	0	17	e poi scusami non aveva la cinquecento quella grossa? non ave- [la cinquecento la smart] quella grossa?	e poi scusami non aveva la cinquecento quella grossa? non ave- [la cinquecento la smart] quella grossa?	e poi scusami non aveva la cinquecento quella grossa non ave- la cinquecento la smart quella grossa
131	BZ009	292.425	293.585	1.16	True	_	0	0	0	0	0	0	0	1	0	False	False	False	False	False	False	False	_	0	0	0	1	[no::,]	[no::],	no
132	BZ009	294.62	297.31	2.69	True	_	0	0	0	0	0	0	0	0	0	False	False	False	False	False	False	False	_	2	0	0	8	no no, (.) quella smart lì aveva, (.) targata polonia.	no no, (.) quella smart lì aveva, (.) targata polonia.	no no (.) quella smart lì aveva (.) targata polonia
133	BZ012	298.23	300.43	2.2	True	_	0	0	0	0	0	0	0	0	0	False	False	False	False	False	False	False	_	0	0	0	8	come ha fatto a venire su da napoli,	come ha fatto a venire su da napoli,	come ha fatto a venire su da napoli
134	BZ009	300.895	301.6	0.705	True	_	0	0	0	0	0	1	0	0	True	False	False	False	False	False	False	False	135=0.050	0	0	0	3	l'altra volta?=	l'altra volta?	l' altra volta
135	BZ012	301.55	303.33	1.78	True	_	0	0	0	0	0	1	0	1	True	False	False	False	False	False	False	False	_	0	0	0	6	=con tutta la roba [di lei,]	con tutta la roba [di lei],	con tutta la roba di lei
136	BZ009	302.595	303.915	1.32	True	_	0	0	0	0	0	0	0	0	0	False	False	False	False	False	False	False	_	0	0	0	5	[(tu/ma vuoi) questa] roba qua?	[(tuma vuoi) questa] roba qua?	tuma vuoi questa roba qua
137	BZ012	303.99	304.4	0.41	True	_	0	0	0	0	0	0	0	0	0	False	False	False	False	False	False	False	_	0	0	0	1	no.	no.	no
138	BZ012	304.87	307.67	2.8	True	_	0	0	0	0	0	0	0	0	0	False	False	False	False	False	False	False	_	0	0	0	9	con tutta la roba di lei dentro la macchina?	con tutta la roba di lei dentro la macchina?	con tutta la roba di lei dentro la macchina
139	BZ012	308.685	311.655	2.97	True	_	0	0	0	0	0	0	0	1	0	False	False	False	False	False	False	False	_	0	0	0	13	non è mica quattro por- [lei ha detto che era fatta apposta eh,]	non è mica quattro por- [lei ha detto che era fatta apposta eh],	non è mica quattro por- lei ha detto che era fatta apposta eh
140	BZ009	310.345	315.595	5.25	True	_	0	0	0	0	0	0	0	1	0	False	False	False	False	False	False	False	_	1	0	0	18	[sì no quella lì è la smart,] (.) no. eh non è la smart four f-, le nuove smart,	[sì no quella lì è la smart], (.) no. eh non è la smart four f-, le nuove smart,	sì no quella lì è la smart (.) no eh non è la smart four f- le nuove smart
141	BZ012	316.075	316.715	0.64	True	_	0	0	0	0	0	1	0	0	0	False	False	False	False	False	True	False	142=0.245	0	0	0	1	sì:,=	sì:,	sì
142	BZ009	316.47	320.1	3.63	True	_	0	0	0	0	0	1	0	0	0	False	False	False	False	False	True	False	141=0.245	0	0	0	16	=non sono più come quelle di una volta che avevano due posti e poi il baule,	non sono più come quelle di una volta che avevano due posti e poi il baule,	non sono più come quelle di una volta che avevano due posti e poi il baule
143	BZ009	321.07	322.28	1.21	True	_	0	0	0	0	0	0	0	0	0	False	False	False	False	False	False	False	_	0	0	0	3	le nuove smart,	le nuove smart,	le nuove smart
144	BZ009	322.53	326.28	3.75	True	_	0	0	0	0	0	0	0	0	0	False	False	False	False	False	False	False	_	0	0	0	9	hanno quattro posti. due due i- il pilota diciamo,	hanno quattro posti. due due i- il pilota diciamo,	hanno quattro posti due due i- il pilota diciamo
145	BZ009	327.11	331.43	4.32	True	_	0	0	0	0	0	0	0	0	0	False	False	False	False	False	False	False	_	0	0	0	15	il copilota, e poi due mini posti dietro tipo la mustang che avevamo in america.	il copilota, e poi due mini posti dietro tipo la mustang che avevamo in america.	il copilota e poi due mini posti dietro tipo la mustang che avevamo in america
146	BZ009	332.905	336.995	4.09	True	_	0	0	0	0	0	0	0	0	0	False	False	False	False	False	False	False	_	0	0	0	18	solo che ha il ba- il baule della vecchia: smart e non ha il baule come la mustang.	solo che ha il ba- il baule della vecchia: smart e non ha il baule come la mustang.	solo che ha il ba- il baule della vecchia smart e non ha il baule come la mustang
147	BZ012	338.375	339.135	0.76	True	_	0	0	0	0	0	0	0	0	0	False	False	False	False	False	False	False	_	0	0	0	3	bo' va bo',	bo' va bo',	bo' va bo'
148	BZ012	340.11	341.63	1.52	True	_	0	0	0	0	0	0	0	0	0	False	False	False	False	False	False	False	_	0	0	0	5	comunque sta di fatto che,	comunque sta di fatto che,	comunque sta di fatto che
149	BZ012	342.385	344.975	2.59	True	_	0	0	0	0	0	0	0	0	0	False	False	False	False	False	False	False	_	0	0	0	10	be' e tua mamma cosa ha detto di questa situazione?	be' e tua mamma cosa ha detto di questa situazione?	be' e tua mamma cosa ha detto di questa situazione
150	BZ009	345.525	348.785	3.26	True	_	0	0	0	0	0	0	0	0	0	False	False	False	False	False	False	False	_	0	0	0	14	eh niente, cosa può mica può dirle va- vattene in mezzo a una strada,	eh niente, cosa può mica può dirle va- vattene in mezzo a una strada,	eh niente cosa può mica può dirle va- vattene in mezzo a una strada
151	BZ012	349.18	349.46	0.28	True	_	0	0	0	0	0	0	0	0	0	False	False	False	False	False	False	False	_	0	0	0	1	eh,	eh,	eh
152	BZ009	349.685	350.025	0.34	True	_	0	0	0	0	0	0	0	0	0	False	False	False	False	False	False	False	_	0	0	0	1	cioè,	cioè,	cioè
153	BZ009	350.94	352.24	1.3	True	_	0	0	0	0	0	0	0	1	0	False	False	False	False	False	False	False	_	0	0	0	5	[non è che posso dire,]	[non è che posso dire],	non è che posso dire
154	BZ012	351.175	352.725	1.55	True	_	0	0	0	0	0	0	0	0	0	False	False	False	False	False	False	False	_	0	0	0	6	[cioè lui è quello che vorre]bbe.	[cioè lui è quello che vorre]bbe.	cioè lui è quello che vorrebbe
155	BZ009	353.375	354.805	1.45	True	_	0	0	0	0	0	0	1	0	0	False	False	False	False	False	False	False	_	0	0	0	3	perché l- mh:,	perché l- mh:,	perché l- mh
156	BZ012	354.805	356.055	1.27	True	_	0	0	0	0	0	0	1	0	0	False	False	False	False	False	False	False	_	0	0	0	5	lui è quello che vorrebbe.	lui è quello che vorrebbe.	lui è quello che vorrebbe
157	BZ009	356.075	357.355	1.28	True	_	0	0	0	0	0	1	0	0	True	False	False	False	False	False	False	False	158=0.065	0	0	0	3	sì: sì ma,=	sì: sì ma,	sì sì ma
158	BZ012	357.29	363.77	6.48	True	_	1	0	0	0	0	1	0	0	True	False	False	False	False	False	False	False	_	0	0	0	22	=però come v- effettivamente se la t- la casa la tratta bene e a voi non fa niente che senso [ ha: (cioè,)]	però come v- effettivamente se la t- la casa la tratta bene e a voi non fa niente che senso [ha: (cioè,)]	però come v- effettivamente se la t- la casa la tratta bene e a voi non fa niente che senso ha cioè
159	BZ009	362.555	364.81	2.255	True	_	0	0	0	0	0	0	0	2	0	False	False	False	False	False	False	False	_	0	0	0	9	[no ma a m- a me,] nel senso [ha,]	[no ma a m- a me], nel senso [ha],	no ma a m- a me nel senso ha
160	BZ012	364.615	369.03	4.415	True	_	0	0	0	0	0	0	0	0	0	False	False	False	False	False	False	False	_	0	0	0	20	[cosa] le che poi che motivazione le dai? perché [lui mi ha detto] che ti devo buttar fuori di casa?	[cosa] le che poi che motivazione le dai? perché [lui mi ha detto] che ti devo buttar fuori di casa?	cosa le che poi che motivazione le dai perché lui mi ha detto che ti devo buttar fuori di casa
161	BZ009	366.52	367.55	1.03	True	_	0	0	0	0	0	0	0	1	0	False	False	False	False	False	False	False	_	0	0	0	5	[no ma a me x,]	[no ma a me x],	no ma a me x
162	BZ009	369.04	372.12	3.08	True	_	0	0	0	0	0	1	0	0	True	False	False	False	False	False	False	False	163=0.015	0	0	0	12	ma a me che mi fre- nel senso io cosa devo fare?=	ma a me che mi fre- nel senso io cosa devo fare?	ma a me che mi fre- nel senso io cosa devo fare
163	BZ012	372.105	373.445	1.34	True	_	0	0	0	0	0	1	0	0	True	False	False	False	False	False	False	False	_	0	0	0	3	=affari vostri s[e:]	affari vostri s[e:]	affari vostri se
164	BZ009	372.96	374.05	1.09	True	_	0	0	0	0	0	0	0	0	0	False	False	False	False	False	False	False	_	0	0	0	3	[possibile] che io,	[possibile] che io,	possibile che io
165	BZ009	375.38	377.27	1.89	True	_	0	0	0	0	0	0	0	0	0	False	False	False	False	False	False	False	_	0	0	0	5	già sono pieno de problemi,	già sono pieno de problemi,	già sono pieno de problemi
166	BZ012	377.44	378.7125	1.32	True	_	0	0	0	0	0	0	1	0	0	False	False	False	False	False	False	False	_	0	0	0	5	dici che è pronto pierpaolo?	dici che è pronto pierpaolo?	dici che è pronto pierpaolo
167	BZ009	378.7125	378.985	0.32	True	_	0	0	0	0	0	0	1	0	0	False	False	False	False	False	False	False	_	0	0	0	1	sì	sì	sì
168	BZ009	379.56	383.99	4.43	True	_	0	0	0	0	0	0	0	0	0	False	False	False	False	False	False	False	_	0	0	0	16	già sono pieno di problemi con sta malattia de merda, più devo anche pensare a [ritagliarmi]	già sono pieno di problemi con sta malattia de merda, più devo anche pensare a [ritagliarmi]	già sono pieno di problemi con sta malattia de merda più devo anche pensare a ritagliarmi
169	BZ012	383.915	384.955	1.04	True	_	0	0	0	0	0	1	0	0	True	False	False	False	False	False	False	False	_	0	0	0	1	[ec]colo.=	[ec]colo.	eccolo
170	BZ009	384.94	385.82	0.88	True	_	0	0	0	0	0	1	0	0	True	False	False	False	False	False	False	False	169=0.015	0	0	0	1	=fido.	fido.	fido
171	BZ012	386.42	387.25	0.83	True	_	0	0	0	0	0	0	0	1	0	False	False	False	False	False	False	False	_	0	0	0	1	[fido:,]	[fido:],	fido
172	BZ009	386.445	388.085	1.64	True	_	0	0	0	0	0	0	0	1	0	False	False	False	False	False	False	False	_	0	0	0	4	[dai basta] adesso [eh,]	[dai basta] adesso [eh],	dai basta adesso eh
173	BZ012	387.8	388.72	0.92	True	_	0	0	0	0	0	0	0	0	0	False	False	False	False	False	False	False	_	0	0	0	3	[dai] vai giù.	[dai] vai giù.	dai vai giù
174	BZ009	389.395	390.885	1.49	True	_	0	0	0	0	0	0	0	0	0	False	False	False	False	False	False	False	_	0	0	0	4	basta non sei invitato.	basta non sei invitato.	basta non sei invitato
175	BZ009	393.0	395.07	2.07	True	_	0	0	0	0	0	0	0	1	0	False	False	False	False	False	False	False	_	0	0	0	6	[non sei invitato a pranzo fido,]	[non sei invitato a pranzo fido],	non sei invitato a pranzo fido
176	BZ012	393.145	396.325	3.18	True	_	0	0	0	0	0	0	0	1	0	False	False	False	False	False	False	False	_	0	0	0	3	[vai giù xxx] male[fico,]	[vai giù xxx] male[fico],	vai giù xxx malefico
177	BZ009	395.94	397.33	1.39	True	_	0	0	0	0	0	0	0	0	0	False	False	False	False	False	False	False	_	0	0	0	4	[vai giù] fido basta.	[vai giù] fido basta.	vai giù fido basta
178	BZ012	397.38	397.66	0.28	True	_	0	0	0	0	0	0	0	0	0	False	False	False	False	False	False	False	_	0	0	0	1	giù.	giù.	giù
179	BZ009	397.745	398.345	0.6	True	_	0	0	0	0	0	0	0	0	0	False	False	False	False	False	False	False	_	0	0	0	1	ou.	ou.	ou
180	BZ009	399.43	400.39	0.96	True	_	0	0	0	0	0	0	0	0	0	False	False	False	False	False	False	False	_	0	0	0	3	cosa ho detto?	cosa ho detto?	cosa ho detto
181	BZ009	400.965	401.845	0.88	True	_	0	0	0	0	0	0	0	0	0	False	False	False	False	False	False	False	_	0	0	0	1	possibile?	possibile?	possibile
182	BZ009	403.81	405.83	2.02	True	_	0	0	0	0	0	0	0	0	0	False	False	False	False	False	False	False	_	0	0	0	5	xxxx con quella faccia da pirla.	xxxx con quella faccia da pirla.	xxxx con quella faccia da pirla
183	BZ012	407.375	409.185	1.81	True	_	0	0	0	0	0	0	0	0	0	False	False	False	False	False	False	False	_	0	0	0	6	bo' io:: non so cosa dire,	bo' io:: non so cosa dire,	bo' io non so cosa dire
184	BZ009	410.635	411.585	0.95	True	_	0	0	0	0	0	0	0	0	0	False	False	False	False	False	False	False	_	0	0	0	3	aspetta un attimo.	aspetta un attimo.	aspetta un attimo
185	BZ009	411.925	414.295	2.37	True	_	0	0	0	0	0	0	0	0	0	False	False	False	False	False	False	False	_	0	0	0	4	xx (dire) centoquarantadue virgola tre,	xx (dire) centoquarantadue virgola tre,	xx dire centoquarantadue virgola tre
186	BZ012	415.015	415.235	0.22	True	_	0	0	0	0	0	0	0	0	0	False	False	False	False	False	False	False	_	0	0	0	1	mh,	mh,	mh
187	BZ009	415.71	416.11	0.4	True	_	0	0	0	0	0	0	0	0	0	False	False	False	False	False	False	False	_	0	0	0	1	più,	più,	più
188	BZ012	416.915	418.425	1.51	True	_	0	0	0	0	0	0	0	1	0	False	False	False	False	False	False	False	_	0	0	0	2	no. [ancora?]	no. [ancora]?	no ancora
189	BZ009	417.585	419.195	1.61	True	_	0	0	0	0	0	0	0	0	0	False	False	False	False	False	False	False	_	0	0	0	3	[sei virgola] quattro,	[sei virgola] quattro,	sei virgola quattro
190	BZ009	419.755	420.295	0.54	True	_	0	0	0	0	0	0	0	0	0	False	False	False	False	False	False	False	_	0	0	0	1	fa,	fa,	fa
191	BZ009	420.62	423.41	2.79	True	_	0	0	0	0	0	0	0	0	0	False	False	False	False	False	False	False	_	0	0	0	8	sì centoquarantanove virgola sette. sì sì giusto giusto,	sì centoquarantanove virgola sette. sì sì giusto giusto,	sì centoquarantanove virgola sette sì sì giusto giusto
192	BZ009	423.85	425.3	1.45	True	_	0	0	0	0	0	0	0	0	0	False	False	False	False	False	False	False	_	0	0	0	5	perché oggi ho cambiato la,	perché oggi ho cambiato la,	perché oggi ho cambiato la
193	BZ009	426.67	428.29	1.62	True	_	0	0	0	0	0	0	0	0	0	False	False	False	False	False	False	False	_	0	0	0	3	la: il cateterino,	la: il cateterino,	la il cateterino
194	BZ009	428.515	435.64	7.125	True	_	0	0	0	0	0	0	0	0	0	False	False	False	False	False	False	False	_	0	0	0	23	e mi sembrava di dover eh: che andasse a centoquarantanove l'unità, e invece è rimasto a centocinquanta. quindi non ho capito se,	e mi sembrava di dover eh: che andasse a centoquarantanove l'unità, e invece è rimasto a centocinquanta. quindi non ho capito se,	e mi sembrava di dover eh che andasse a centoquarantanove l' unità e invece è rimasto a centocinquanta quindi non ho capito se
195	BZ012	435.695	436.26	0.59	True	_	0	0	0	0	0	1	1	0	0	False	False	False	False	False	False	False	_	0	0	0	2	basta grazie,=	basta grazie,	basta grazie
196	BZ009	436.26	437.465	1.23	True	_	0	0	0	0	0	1	1	0	0	False	False	False	False	False	False	False	_	0	0	0	5	=non me le ha fatte,	non me le ha fatte,	non me le ha fatte
197	BZ012	438.015	439.565	1.55	True	_	0	0	0	0	0	0	0	1	0	False	False	False	False	False	False	False	_	0	0	0	1	[seduto,]	[seduto],	seduto
198	BZ009	438.015	441.645	3.63	True	_	0	0	0	0	0	0	0	0	0	False	False	False	False	False	False	False	_	0	0	0	11	[se mi sono sbagliato io a fa-] eh (do ci tadonna.)	[se mi sono sbagliato io a fa-] eh (do ci tadonna.)	se mi sono sbagliato io a fa- eh do ci tadonna
199	BZ009	442.355	442.815	0.46	True	_	0	0	0	0	0	0	0	0	0	False	False	False	False	False	False	False	_	0	0	0	1	fido.	fido.	fido
200	BZ009	443.1	445.9	2.8	True	_	0	0	0	0	0	0	0	0	0	False	False	False	False	False	False	False	_	0	0	0	8	xx ma da quando fai ste, stai seduto giù.	xx ma da quando fai ste, stai seduto giù.	xx ma da quando fai ste stai seduto giù
201	BZ012	446.085	447.745	1.66	True	_	0	0	0	0	0	0	0	1	0	False	False	False	False	False	False	False	_	0	0	0	2	[dai xx,]	[dai xx],	dai xx
202	BZ009	446.37	447.78	1.41	True	_	0	0	0	0	0	0	0	1	0	False	False	False	False	False	False	False	_	0	0	0	2	[fido. fido.]	[fido. fido].	fido fido
203	BZ009	448.42	448.9	0.48	True	_	0	0	0	0	0	0	0	0	0	False	False	False	False	False	False	False	_	0	0	0	1	ahia,	ahia,	ahia
204	BZ009	449.695	453.395	3.7	True	_	0	0	0	0	0	0	0	1	0	False	False	False	False	False	False	False	_	0	0	0	9	<ma è possibile che non si possa neanche mangiare?>	<ma è possibile che non si possa neanche mangiare>?	ma è possibile che non si possa neanche mangiare
205	BZ012	453.57	454.43	0.86	True	_	0	0	0	0	0	0	0	1	0	False	False	False	False	False	False	False	_	0	0	0	2	dai [fido,]	dai [fido],	dai fido
206	BZ009	454.005	455.495	1.49	True	_	0	0	0	0	0	0	0	0	0	False	False	False	False	False	False	False	_	0	0	0	3	[stai se]duto qui.	[stai se]duto qui.	stai seduto qui
207	BZ012	455.775	457.915	2.14	True	_	0	0	0	0	0	0	0	1	0	False	False	False	False	False	False	False	_	0	0	0	7	ti apro la finestra? vuoi andar [fuori?]	ti apro la finestra? vuoi andar [fuori]?	ti apro la finestra vuoi andar fuori
208	BZ009	457.53	458.97	1.44	True	_	0	0	0	0	0	0	0	0	0	False	False	False	False	False	False	False	_	0	0	0	7	[ti apro la] finestra e ti butto,	[ti apro la] finestra e ti butto,	ti apro la finestra e ti butto
209	BZ009	459.835	460.595	0.76	True	_	0	0	0	0	0	0	0	0	0	False	False	False	False	False	False	False	_	0	0	0	1	basta.	basta.	basta
210	BZ009	460.84	461.44	0.6	True	_	0	0	0	0	0	0	0	1	0	False	False	False	False	False	False	False	_	0	0	0	1	[varda,]	[varda],	varda
211	BZ012	460.865	462.225	1.36	True	_	0	0	0	0	0	0	0	1	0	False	False	False	False	False	False	False	_	0	0	0	5	[allora lui vuo]le andar [fuori,]	[allora lui vuo]le andar [fuori],	allora lui vuole andar fuori
212	BZ009	461.95	462.72	0.77	True	_	0	0	0	0	0	0	0	0	True	False	False	False	False	False	False	False	_	0	0	0	3	[vuoi andare] fuori?	[vuoi andare] fuori?	vuoi andare fuori
213	BZ012	462.715	464.255	1.54	True	_	0	0	0	0	0	0	0	1	True	False	False	False	False	False	False	False	_	0	0	0	5	[sì perché lì non xxx,]	[sì perché lì non xxx],	sì perché lì non xxx
214	BZ009	463.28	465.67	2.39	True	_	0	0	0	0	0	0	0	1	0	False	False	False	False	False	False	False	_	0	0	0	9	[(porca) vacca de to mo]na, vai fuori. vai [fuori.]	[(porca) vacca de to mo]na, vai fuori. vai [fuori].	porca vacca de to mona vai fuori vai fuori
215	BZ012	465.58	466.71	1.13	True	_	0	0	0	0	0	0	0	1	0	False	False	False	False	False	False	False	_	0	0	0	3	[quando sia]mo [noi,]	[quando sia]mo [noi],	quando siamo noi
216	BZ009	466.24	467.5	1.26	True	_	0	0	0	0	0	0	0	1	0	False	False	False	False	False	False	False	_	0	0	0	5	[to'.] vai fuori dai c-	[to']. vai fuori dai c-	to' vai fuori dai c-
217	BZ009	468.865	471.315	2.45	True	_	0	0	0	0	0	0	0	0	0	False	False	False	False	False	False	False	_	0	0	0	8	no fuori per far l'imbecille però eh.	no fuori per far l'imbecille però eh.	no fuori per far l' imbecille però eh
218	BZ012	472.265	474.24	1.975	True	_	0	0	0	0	0	0	0	0	0	False	False	False	False	False	False	False	_	0	0	0	9	[l'hai to- l'hai toccato] con un piede?	[l'hai to- l'hai toccato] con un piede?	l' hai to- l' hai toccato con un piede
219	BZ009	472.55	473.59	1.04	True	_	0	0	0	0	0	0	0	1	0	False	False	False	False	False	False	False	_	0	0	0	1	[oh:.]	[oh:].	oh
220	BZ009	474.4	474.88	0.48	True	_	0	0	0	0	0	0	0	1	0	False	False	False	False	False	False	False	_	0	0	0	1	[chi?]	[chi]?	chi
221	BZ012	474.665	476.005	1.34	True	_	0	0	0	0	0	0	0	0	0	False	False	False	False	False	False	False	_	0	0	0	4	[perché si è gi]rato:,	[perché si è gi]rato:,	perché si è girato
222	BZ009	476.05	477.19	1.14	True	_	0	0	0	0	0	0	0	0	0	False	False	False	False	False	False	False	_	0	0	0	7	come l'ho toccato con un piede?	come l'ho toccato con un piede?	come l' ho toccato con un piede
223	BZ009	477.565	478.735	1.17	True	_	0	0	0	0	0	0	0	0	0	False	False	False	False	False	False	False	_	0	0	0	8	ma se ero a due metri da lui?	ma se ero a due metri da lui?	ma se ero a due metri da lui
224	BZ012	479.215	481.395	2.18	True	_	0	0	0	0	0	0	0	1	0	False	False	False	False	False	False	False	_	0	0	0	8	[no siccome si è girato di scatto xx,]	[no siccome si è girato di scatto xx],	no siccome si è girato di scatto xx
225	BZ009	479.53	485.7	6.17	True	_	0	0	0	0	0	0	0	0	0	False	False	False	False	False	False	False	_	1	0	0	22	[no amo-, (.) eh perché] si è girato perché voleva fare che io andassi fuori a coricchiarmi con lui a tirargli le le,	[no amo-, (.) eh perché] si è girato perché voleva fare che io andassi fuori a coricchiarmi con lui a tirargli le le,	no amo- (.) eh perché si è girato perché voleva fare che io andassi fuori a coricchiarmi con lui a tirargli le le
226	BZ009	486.155	487.065	0.91	True	_	0	0	0	0	0	0	0	0	0	False	False	False	False	False	False	False	_	0	0	0	3	i suoi giochetti.	i suoi giochetti.	i suoi giochetti
227	BZ009	487.445	488.625	1.18	True	_	0	0	0	0	0	0	0	0	0	False	False	False	False	False	False	False	_	0	0	0	2	stai seduto,	stai seduto,	stai seduto
228	BZ009	488.93	489.77	0.84	True	_	0	0	0	0	0	0	0	0	0	False	False	False	False	False	False	False	_	0	0	0	1	fido.	fido.	fido
229	BZ009	491.255	493.175	1.92	True	_	0	0	0	0	0	0	0	0	0	False	False	False	False	False	False	False	_	0	1	0	4	brutto pezzo di merda. ((tono canzonatorio))	brutto pezzo di merda. ((tono_canzonatorio))	brutto pezzo di merda ((tono_canzonatorio))
230	BZ009	494.51	500.18	5.67	True	_	0	0	0	0	0	0	0	1	0	False	False	False	False	False	False	False	_	0	0	0	18	fido non c'è il pane, non è, non c'è da mangiare. stiamo giocando a [scarabeo vedi?]	fido non c'è il pane, non è, non c'è da mangiare. stiamo giocando a [scarabeo vedi]?	fido non c' è il pane non è non c' è da mangiare stiamo giocando a scarabeo vedi
231	BZ012	499.175	501.685	2.51	True	_	0	0	0	0	0	0	0	0	0	False	False	False	False	False	False	False	_	0	0	0	8	[(anche) perché ti usti]oni se mangi questo pane.	[(anche) perché ti usti]oni se mangi questo pane.	anche perché ti ustioni se mangi questo pane
232	BZ009	504.195	504.975	0.78	True	_	0	0	0	0	0	0	0	0	0	False	False	False	False	False	False	False	_	0	0	0	5	ma oio ghe n'è?	ma oio ghe n'è?	ma oio ghe n' è
233	BZ009	506.01	508.45	2.44	True	_	0	0	0	0	0	0	0	0	0	False	False	False	False	False	False	False	_	0	0	0	10	quindi fatto sta che insomma questo qua è il discorso.	quindi fatto sta che insomma questo qua è il discorso.	quindi fatto sta che insomma questo qua è il discorso
234	BZ009	510.948	520.228	9.28	True	_	0	0	0	0	0	0	0	0	0	False	False	False	False	False	False	False	_	0	0	0	26	e perciò, ma è: ripartito ripeto subito, ma gli ho detto veramente? ma vuoi mangiare qualco- fido adesso vai dentro basta. basta [adesso andiamo] in gabbietta.	e perciò, ma è: ripartito ripeto subito, ma gli ho detto veramente? ma vuoi mangiare qualco- fido adesso vai dentro basta. basta [adesso andiamo] in gabbietta.	e perciò ma è ripartito ripeto subito ma gli ho detto veramente ma vuoi mangiare qualco- fido adesso vai dentro basta basta adesso andiamo in gabbietta
235	BZ012	518.523	519.153	0.63	True	_	0	0	0	0	0	0	0	1	0	False	False	False	False	False	False	False	_	0	0	0	1	[dentro.]	[dentro].	dentro
236	BZ012	520.763	521.843	1.08	True	_	0	0	0	0	0	0	0	1	0	False	False	False	False	False	False	False	_	0	0	0	2	[dai fido,]	[dai fido],	dai fido
237	BZ009	520.968	526.938	5.97	True	_	0	0	0	0	0	0	0	0	0	False	False	False	False	False	False	False	_	0	0	0	20	[eh? adesso] andiamo in gabbietta. perché adesso almeno mangiare voglio mangiare fido, non con te che mi rompi la minchia.	[eh? adesso] andiamo in gabbietta. perché adesso almeno mangiare voglio mangiare fido, non con te che mi rompi la minchia.	eh adesso andiamo in gabbietta perché adesso almeno mangiare voglio mangiare fido non con te che mi rompi la minchia
238	BZ009	527.338	528.078	0.74	True	_	0	0	0	0	0	0	0	0	0	False	False	False	False	False	False	False	_	0	0	0	1	basta.	basta.	basta
239	BZ012	529.813	532.253	2.44	True	_	0	0	0	0	0	0	0	1	0	False	False	False	False	False	False	False	_	0	0	0	8	no poi cos'è abbiamo un cane vegeta[riano?]	no poi cos'è abbiamo un cane vegeta[riano]?	no poi cos' è abbiamo un cane vegetariano
240	BZ009	532.018	533.098	1.08	True	_	0	0	0	0	0	0	0	0	0	False	False	False	False	False	False	False	_	0	0	0	4	[ma da quan]do poi?	[ma da quan]do poi?	ma da quando poi
241	BZ009	535.073	535.393	0.32	True	_	0	0	0	0	0	0	0	0	0	False	False	False	False	False	False	False	_	0	0	0	1	mh?	mh?	mh
242	BZ009	536.798	537.738	0.94	True	_	0	0	0	0	0	0	0	0	0	False	False	False	False	False	False	False	_	0	0	0	3	sei discolo eh?	sei discolo eh?	sei discolo eh
243	BZ012	539.283	540.82	1.537	True	_	0	0	0	0	0	0	0	0	0	False	False	False	False	False	True	False	244=0.192	0	1	0	3	no sono fido, ((ride))	no sono fido, ((ride))	no sono fido ((ride))
244	BZ009	540.628	541.518	0.89	True	_	0	0	0	0	0	0	0	0	0	False	False	False	False	False	True	False	243=0.192	0	0	0	1	fido.	fido.	fido
245	BZ012	541.888	542.418	0.53	True	_	0	0	0	0	0	0	0	0	0	False	False	False	False	False	False	False	_	0	1	0	0	((ride))	((ride))	((ride))
246	BZ012	543.798	545.648	1.85	True	_	0	0	0	0	0	0	0	0	0	False	False	False	False	False	False	False	_	0	0	0	3	no ehm:: bo'.	no ehm:: bo'.	no ehm bo'
247	BZ009	548.858	549.788	0.93	True	_	0	0	0	0	0	0	0	0	0	False	False	False	False	False	False	False	_	0	1	0	2	no &fi[do ((ridendo))]	no fi[do ((ridendo))]	no fido ((ridendo))
248	BZ012	549.328	549.888	0.56	True	_	0	0	0	0	0	0	0	1	0	False	False	False	False	False	False	False	_	0	0	0	2	[mi sa,]	[mi sa],	mi sa
249	BZ012	550.673	553.443	2.77	True	_	0	0	0	0	0	0	0	0	0	False	False	False	False	False	False	False	_	0	0	0	9	mi sa che ci siamo impegolati in una cosa,	mi sa che ci siamo impegolati in una cosa,	mi sa che ci siamo impegolati in una cosa
250	BZ009	555.613	556.593	0.98	True	_	0	0	0	0	0	0	0	0	0	False	False	False	False	False	False	False	_	0	0	0	5	vedi per fare i favori?	vedi per fare i favori?	vedi per fare i favori
251	BZ012	556.938	558.42	1.482	True	_	0	0	0	0	0	0	0	1	0	False	False	False	False	False	False	False	_	0	0	0	6	era meglio farci i [cazzi nostri,]	era meglio farci i [cazzi nostri],	era meglio farci i cazzi nostri
252	BZ009	558.138	559.66	1.522	True	_	0	0	0	0	0	0	0	0	0	False	False	False	False	False	False	False	_	0	0	0	8	[(è) meglio] non fare i favori a nessuno.	[(è) meglio] non fare i favori a nessuno.	è meglio non fare i favori a nessuno
253	BZ012	559.683	559.963	0.28	True	_	0	0	0	0	0	0	0	0	0	False	False	False	False	False	False	False	_	0	0	0	1	mh.	mh.	mh
254	BZ009	565.297	565.637	0.34	True	_	0	0	0	0	0	0	0	0	0	False	False	False	False	False	False	False	_	0	0	0	1	ah,	ah,	ah
255	BZ012	565.892	567.332	1.44	True	_	0	0	0	0	0	0	0	0	0	False	False	False	False	False	False	False	_	0	0	0	4	no perché potevamo immaginarlo,	no perché potevamo immaginarlo,	no perché potevamo immaginarlo
256	BZ012	569.277	570.467	1.19	True	_	0	0	0	0	0	0	0	0	0	False	False	False	False	False	False	False	_	0	0	0	3	cioè era inevitabile.	cioè era inevitabile.	cioè era inevitabile
257	BZ012	573.237	573.477	0.24	True	_	0	0	0	0	0	0	0	0	0	False	False	False	False	False	False	False	_	0	0	0	1	cioè,	cioè,	cioè
258	BZ009	575.872	577.812	1.94	True	_	0	0	0	0	0	0	0	0	0	False	False	False	False	False	False	False	_	0	0	0	6	sì ma, può essere inevitabile ma,	sì ma, può essere inevitabile ma,	sì ma può essere inevitabile ma
259	BZ012	577.827	579.797	1.97	True	_	0	0	0	0	0	0	0	0	0	False	False	False	False	False	False	False	_	0	0	0	8	ma inevitabile per la situazione che ha lui.	ma inevitabile per la situazione che ha lui.	ma inevitabile per la situazione che ha lui
260	BZ012	580.437	582.767	2.33	True	_	0	0	0	0	0	0	0	0	0	False	False	False	False	False	False	False	_	0	0	0	8	se lui avesse avuto una situazione normale pier	se lui avesse avuto una situazione normale pier	se lui avesse avuto una situazione normale pier
261	BZ012	583.807	585.767	1.96	True	_	0	0	0	0	0	0	0	0	0	False	False	False	False	False	False	False	_	0	0	0	5	senza mogli ex [mogli (o:)]	senza mogli ex [mogli (o:)]	senza mogli ex mogli o
262	BZ009	585.032	585.752	0.72	True	_	0	0	0	0	0	0	0	1	0	False	False	False	False	False	False	False	_	0	0	0	2	[fido guarda,]	[fido guarda],	fido guarda
263	BZ009	586.217	586.517	0.3	True	_	0	0	0	0	0	0	0	1	0	False	False	False	False	False	False	False	_	0	0	0	1	[qua.]	[qua].	qua
264	BZ012	586.312	588.712	2.4	True	_	0	0	0	0	0	0	0	0	0	False	False	False	False	False	False	False	_	0	0	0	5	[fidanzate] [figli] non figli, cani,	[fidanzate] [figli] non figli, cani,	fidanzate figli non figli cani
265	BZ009	587.057	587.267	0.21	True	_	0	0	0	0	0	0	0	1	0	False	False	False	False	False	False	False	_	0	0	0	1	[qua.]	[qua].	qua
266	BZ012	592.027	592.547	0.52	True	_	0	0	0	0	0	0	0	0	0	False	False	False	False	False	False	False	_	0	0	0	1	xxx,	xxx,	xxx
267	BZ012	592.832	594.882	2.05	True	_	0	0	0	0	0	0	0	0	0	False	False	False	False	False	False	False	_	0	0	0	7	tu vieni a lavorare, fai di tutto,	tu vieni a lavorare, fai di tutto,	tu vieni a lavorare fai di tutto
268	BZ009	595.732	599.362	3.63	True	_	0	0	0	0	0	1	0	0	True	False	False	False	False	False	False	False	269=0.030	0	0	0	14	se tu però ti sedessi come i cristiani e non in camera da letto,=	se tu però ti sedessi come i cristiani e non in camera da letto,	se tu però ti sedessi come i cristiani e non in camera da letto
269	BZ012	599.332	600.802	1.47	True	_	0	0	0	0	0	1	0	1	True	False	False	False	False	False	False	False	_	0	0	0	4	=io sono seduta [normale.]	io sono seduta [normale].	io sono seduta normale
270	BZ009	600.132	601.372	1.24	True	_	0	0	0	0	0	0	0	0	0	False	False	False	False	False	False	False	_	0	0	0	4	[lui non sarebbe] su.	[lui non sarebbe] su.	lui non sarebbe su
271	BZ009	605.307	605.787	0.48	True	_	0	0	0	0	0	0	0	0	0	False	False	False	False	False	False	False	_	0	0	0	1	fido,	fido,	fido
272	BZ009	606.492	608.372	1.88	True	_	0	0	0	0	0	0	0	0	0	False	False	False	False	False	False	False	_	0	0	0	6	adesso mettiamo un'altra sedia qui,	adesso mettiamo un'altra sedia qui,	adesso mettiamo un' altra sedia qui
273	BZ009	608.767	609.047	0.28	True	_	0	0	0	0	0	0	0	0	0	False	False	False	False	False	False	False	_	0	0	0	1	mh?	mh?	mh
274	BZ009	609.402	611.272	1.87	True	_	0	0	0	0	0	0	0	0	0	False	False	False	False	False	False	False	_	0	0	0	5	la casa delle sedie guarda,	la casa delle sedie guarda,	la casa delle sedie guarda
275	BZ009	611.702	615.7	3.998	True	_	0	0	0	0	0	0	0	0	0	False	False	False	False	False	False	False	_	0	0	0	8	oppalà. guarda guarda <ecco fatto> altra sedia qui,	oppalà. guarda guarda <ecco fatto> altra sedia qui,	oppalà guarda guarda ecco fatto altra sedia qui
276	BZ009	617.357	618.137	0.78	True	_	0	0	0	0	0	0	0	0	0	False	False	False	False	False	False	False	_	0	0	0	1	così.	così.	così
277	BZ009	618.572	618.962	0.39	True	_	0	0	0	0	0	0	0	0	0	False	False	False	False	False	False	False	_	0	0	0	1	eh?	eh?	eh
278	BZ009	619.632	624.852	5.22	True	_	0	0	0	0	0	0	0	0	0	False	False	False	False	False	False	False	_	1	0	0	18	la casa delle barricate fido. eh no, (.) da me non sali su perché ti do uno schiaffo &fido.	la casa delle barricate fido. eh no, (.) da me non sali su perché ti do uno schiaffo fido.	la casa delle barricate fido eh no (.) da me non sali su perché ti do uno schiaffo fido
279	BZ009	626.947	629.497	2.55	True	_	0	0	0	0	0	0	0	0	0	False	False	False	False	False	False	False	_	0	0	0	9	eh: sì sì sì sì sì no ma mh:	eh: sì sì sì sì sì no ma mh:	eh sì sì sì sì sì no ma mh
280	BZ009	630.217	631.327	1.11	True	_	0	0	0	0	0	0	0	0	0	False	False	False	False	False	False	False	_	0	1	0	3	fa anche mh ((imita il cane))	fa anche mh ((imita_il_cane))	fa anche mh ((imita_il_cane))
281	BZ009	631.987	632.697	0.71	True	_	0	0	0	0	0	0	0	0	0	False	False	False	False	False	False	False	_	0	0	0	3	no no no.	no no no.	no no no
282	BZ012	634.177	639.037	4.86	True	_	0	0	0	0	0	0	0	0	0	False	False	False	False	False	False	False	_	0	1	0	14	dovrei chiedere a lui se ci mettono le (cinte) intorno al tavolo per mangiare, ((ridendo))	dovrei chiedere a lui se ci mettono le (cinte) intorno al tavolo per mangiare, ((ridendo))	dovrei chiedere a lui se ci mettono le cinte intorno al tavolo per mangiare ((ridendo))
283	BZ012	645.862	647.142	1.28	True	_	0	0	0	0	0	0	0	0	0	False	False	False	False	False	False	False	_	0	0	0	4	(a proposito di xx,)	(a proposito di xx,)	a proposito di xx
284	BZ009	647.207	647.557	0.35	True	_	0	0	0	0	0	0	0	0	0	False	False	False	False	False	False	False	_	0	0	0	1	mh,	mh,	mh
285	BZ012	648.357	649.807	1.45	True	_	0	0	0	0	0	0	0	0	0	False	False	False	False	False	False	False	_	0	0	0	4	a bolzano quando vengono?	a bolzano quando vengono?	a bolzano quando vengono
286	BZ009	650.307	650.647	0.34	True	_	0	0	0	0	0	0	0	0	0	False	False	False	False	False	False	False	_	0	0	0	1	bo'.	bo'.	bo'
287	BZ012	652.402	653.382	0.98	True	_	0	0	0	0	0	0	0	0	0	False	False	False	False	False	False	False	_	0	0	0	1	xxx,	xxx,	xxx
288	BZ009	653.887	654.307	0.42	True	_	0	0	0	0	0	0	0	0	0	False	False	False	False	False	False	False	_	0	0	0	1	mh:,	mh:,	mh
289	BZ009	656.482	657.062	0.58	True	_	0	0	0	0	0	0	0	0	0	False	False	False	False	False	False	False	_	0	0	0	3	non lo so.	non lo so.	non lo so
290	BZ009	660.577	662.117	1.54	True	_	0	0	0	0	0	0	0	0	0	False	False	False	False	False	False	False	_	0	0	0	5	non so che programmi abbiano.	non so che programmi abbiano.	non so che programmi abbiano
291	BZ012	663.692	664.082	0.39	True	_	0	0	0	0	0	0	0	0	0	False	False	False	False	False	False	False	_	0	0	0	1	perché,	perché,	perché
292	BZ012	666.902	668.442	1.54	True	_	0	0	0	0	0	0	0	0	0	False	False	False	False	False	False	False	_	0	0	0	7	adesso coi bimbi che vanno a scuola,	adesso coi bimbi che vanno a scuola,	adesso coi bimbi che vanno a scuola
293	BZ009	670.818	671.118	0.3	True	_	0	0	0	0	0	0	0	0	0	False	False	False	False	False	False	False	_	0	0	0	1	eh.	eh.	eh
294	BZ012	676.851	677.631	0.78	True	_	0	0	0	0	0	0	0	0	0	False	False	False	False	False	False	False	_	0	0	0	1	xx,	xx,	xx
295	BZ009	679.596	680.41	0.814	True	_	0	0	0	0	0	0	0	0	0	False	False	False	False	False	False	False	_	0	0	0	4	o andiamo giù noi,	o andiamo giù noi,	o andiamo giù noi
296	BZ009	680.746	681.276	0.53	True	_	0	0	0	0	0	0	0	0	0	False	False	False	False	False	False	False	_	0	0	0	2	ma quando?	ma quando?	ma quando
297	BZ009	690.896	691.496	0.6	True	_	0	0	0	0	0	0	0	0	0	False	False	False	False	False	False	False	_	0	0	0	2	adesso io,	adesso io,	adesso io
298	BZ009	691.721	692.581	0.86	True	_	0	0	0	0	0	0	0	0	0	False	False	False	False	False	False	False	_	0	0	0	4	devo un attimo capire,	devo un attimo capire,	devo un attimo capire
299	BZ012	695.036	697.216	2.18	True	_	0	0	0	0	0	0	0	0	0	False	False	False	False	False	False	False	_	0	0	0	6	devi capire quando mai potrebbe oppure,	devi capire quando mai potrebbe oppure,	devi capire quando mai potrebbe oppure
300	BZ012	697.631	699.471	1.84	True	_	0	0	0	0	0	0	0	0	0	False	False	False	False	False	False	False	_	0	0	0	7	l'unico giorno che potrebbe andare giù,	l'unico giorno che potrebbe andare giù,	l' unico giorno che potrebbe andare giù
301	BZ012	701.276	701.656	0.38	True	_	0	0	0	0	0	0	0	0	0	False	False	False	False	False	False	False	_	0	0	0	1	è,	è,	è
302	BZ012	705.401	705.701	0.3	True	_	0	0	0	0	0	0	0	0	0	False	False	False	False	False	False	False	_	0	0	0	1	(cioè)	(cioè)	cioè
303	BZ012	706.366	707.536	1.17	True	_	0	0	0	0	0	0	0	0	0	False	False	False	False	False	False	False	_	0	0	0	4	è fine di novembre,	è fine di novembre,	è fine di novembre
304	BZ009	708.986	711.256	2.27	True	_	0	0	0	0	0	0	0	0	0	False	False	False	False	False	False	False	_	0	0	0	3	dai fido basta:.	dai fido basta:.	dai fido basta
305	BZ012	711.466	713.176	1.71	True	_	0	0	0	0	0	0	0	0	0	False	False	False	False	False	False	False	_	0	0	0	6	perché i morti cadono di lunedì.	perché i morti cadono di lunedì.	perché i morti cadono di lunedì
306	BZ012	715.956	716.726	0.77	True	_	0	0	0	0	0	0	0	0	0	False	False	False	False	False	False	False	_	0	0	0	2	le feste,	le feste,	le feste
307	BZ012	718.206	718.516	0.31	True	_	0	0	0	0	0	0	0	0	0	False	False	False	False	False	False	False	_	0	0	0	1	però,	però,	però
308	BZ009	721.946	723.576	1.63	True	_	0	0	0	0	0	0	0	0	0	False	False	False	False	False	False	False	_	0	0	0	6	guarda come ti fissa il panino.	guarda come ti fissa il panino.	guarda come ti fissa il panino
309	BZ009	727.3	730.196	2.896	True	_	0	0	0	0	0	0	0	0	0	False	False	False	False	False	False	False	_	0	0	0	10	fido ma è possibile che un cane punti al pa:ne?	fido ma è possibile che un cane punti al pa:ne?	fido ma è possibile che un cane punti al pane
310	BZ009	732.316	732.756	0.44	True	_	0	0	0	0	0	0	0	0	0	False	False	False	False	False	False	False	_	0	0	0	1	eh?	eh?	eh
311	BZ009	736.391	737.811	1.42	True	_	0	0	0	0	0	0	0	0	0	False	False	False	False	False	False	False	_	0	0	0	6	perché sa di brioche questo pane?	perché sa di brioche questo pane?	perché sa di brioche questo pane
312	BZ012	739.436	742.816	3.38	True	_	0	0	0	0	0	0	0	0	0	False	False	False	False	False	False	False	_	0	0	0	11	ah forse perché: l'abbiam messo sul fornino del cucina brioche,	ah forse perché: l'abbiam messo sul fornino del cucina brioche,	ah forse perché l' abbiam messo sul fornino del cucina brioche
313	BZ009	743.951	744.491	0.54	True	_	0	0	0	0	0	0	0	0	0	False	False	False	False	False	False	False	_	0	0	0	3	ah è vero.	ah è vero.	ah è vero
314	BZ012	745.296	745.776	0.48	True	_	0	0	0	0	0	0	0	0	0	False	False	False	False	False	False	False	_	0	0	0	1	ah.	ah.	ah
315	BZ012	747.481	750.741	3.26	True	_	0	0	0	0	0	0	0	0	0	False	False	False	False	False	False	False	_	0	0	0	12	l'unico giorno è quello, ma il problema del ponte dei morti,	l'unico giorno è quello, ma il problema del ponte dei morti,	l' unico giorno è quello ma il problema del ponte dei morti
316	BZ012	750.986	753.036	2.05	True	_	0	0	0	0	0	0	0	0	0	False	False	False	False	False	False	False	_	0	0	0	5	che giustamente è tutto chiuso.	che giustamente è tutto chiuso.	che giustamente è tutto chiuso
317	BZ009	755.086	755.696	0.61	True	_	0	0	0	0	0	0	0	0	0	False	False	False	False	False	False	False	_	0	0	0	2	ma va.	ma va.	ma va
318	BZ012	757.156	757.796	0.64	True	_	0	0	0	0	0	0	0	0	0	False	False	False	False	False	False	False	_	0	0	0	2	eh sì.	eh sì.	eh sì
319	BZ009	759.701	761.821	2.12	True	_	0	0	0	0	0	0	0	0	0	False	False	False	False	False	False	False	_	0	0	0	8	non è chiusa bolzano è chiusa milano. ahia.	non è chiusa bolzano è chiusa milano. ahia.	non è chiusa bolzano è chiusa milano ahia
320	BZ012	761.876	764.886	3.01	True	_	0	0	0	0	0	0	0	0	0	False	False	False	False	False	False	False	_	0	0	0	7	eh ma <negozi> quella roba lì, ba:sta.	eh ma <negozi> quella roba lì, ba:sta.	eh ma negozi quella roba lì basta
321	BZ012	765.446	766.926	1.48	True	_	0	0	0	0	0	0	0	0	0	False	False	False	False	False	False	False	_	0	0	0	3	dai mettilo dentro.	dai mettilo dentro.	dai mettilo dentro
322	BZ012	770.981	771.781	0.8	True	_	0	0	0	0	0	0	0	0	0	False	False	False	False	False	False	False	_	0	0	0	2	ma soffocalo.	ma soffocalo.	ma soffocalo
323	BZ009	772.136	773.346	1.21	True	_	0	0	0	0	0	0	0	0	0	False	False	False	False	False	False	False	_	0	1	0	0	((ride))	((ride))	((ride))
324	BZ009	774.646	775.616	0.97	True	_	0	0	0	0	0	0	0	0	0	False	False	False	False	False	False	False	_	0	0	0	2	fido basta.	fido basta.	fido basta
325	BZ012	776.456	777.916	1.46	True	_	0	0	0	0	0	0	0	0	0	False	False	False	False	False	False	False	_	0	0	0	2	dai ba:sta:.	dai ba:sta:.	dai basta
326	BZ009	783.499	784.729	1.23	True	_	0	0	0	0	0	0	0	0	0	False	False	False	False	False	False	False	_	0	0	0	3	mi dispiace sgridarlo.	mi dispiace sgridarlo.	mi dispiace sgridarlo
327	BZ012	788.599	789.899	1.3	True	_	0	0	0	0	0	0	0	0	0	False	False	False	False	False	False	False	_	0	0	0	5	bo' se è un somaro.	bo' se è un somaro.	bo' se è un somaro
328	BZ009	790.694	792.234	1.54	True	_	0	0	0	0	0	0	0	1	0	False	False	False	False	False	False	False	_	0	0	0	5	adesso dobbiamo comprare [altre sedie,]	adesso dobbiamo comprare [altre sedie],	adesso dobbiamo comprare altre sedie
329	BZ012	791.779	792.799	1.02	True	_	0	0	0	0	0	1	0	0	0	False	False	False	False	False	False	False	_	0	0	0	6	[guarda che va] e che beve,=	[guarda che va] e che beve,	guarda che va e che beve
330	BZ009	792.894	793.954	1.06	True	_	0	0	0	0	0	1	0	0	0	False	False	False	False	False	False	False	_	0	1	0	2	=dobbiamo comprare, ((ridendo))	dobbiamo comprare, ((ridendo))	dobbiamo comprare ((ridendo))
331	BZ009	794.529	795.939	1.41	True	_	0	0	0	0	0	0	0	0	0	False	False	False	False	False	False	False	_	0	1	0	3	al[tre sei] sedie, ((ridendo))	al[tre sei] sedie, ((ridendo))	altre sei sedie ((ridendo))
332	BZ012	794.739	794.989	0.25	True	_	0	0	0	0	0	0	0	1	0	False	False	False	False	False	False	False	_	0	0	0	1	[guarda,]	[guarda],	guarda
333	BZ012	796.249	796.759	0.51	True	_	0	0	0	0	0	0	0	0	0	False	False	False	False	False	False	False	_	0	0	0	2	adesso beve,	adesso beve,	adesso beve
334	BZ012	797.269	799.969	2.7	True	_	0	0	0	0	0	0	0	0	0	False	False	False	False	False	False	False	_	0	0	0	8	perché lui quando è incazzato o frustrato beve,	perché lui quando è incazzato o frustrato beve,	perché lui quando è incazzato o frustrato beve
335	BZ009	800.044	801.942	1.916	True	_	0	0	0	0	0	1	1	0	0	False	False	False	False	False	False	False	_	1	0	0	7	perché sa che xxx così, (.) ci dà fastidio.=	perché sa che xxx così, (.) ci dà fastidio.	perché sa che xxx così (.) ci dà fastidio
336	BZ012	801.942	803.054	1.13	True	_	0	0	0	0	0	1	1	0	0	False	False	False	False	False	False	False	_	0	0	0	6	=ah: io non ho (l'aceto) xx	ah: io non ho (l'aceto) xx	ah io non ho l' aceto xx
337	BZ009	804.514	804.994	0.48	True	_	0	0	0	0	0	0	0	0	0	False	False	False	False	False	False	False	_	0	0	0	1	(sì.)	(sì.)	sì
338	BZ012	805.059	805.619	0.56	True	_	0	0	0	0	0	0	0	0	0	False	False	False	False	False	False	False	_	0	0	0	1	no,	no,	no
339	BZ012	805.914	807.254	1.34	True	_	0	0	0	0	0	0	0	0	0	False	False	False	False	False	False	False	_	0	0	0	4	(non ho l'aceto.)	(non ho l'aceto.)	non ho l' aceto
340	BZ012	810.289	812.169	1.88	True	_	0	0	0	0	0	0	0	0	0	False	False	False	False	False	False	False	_	0	0	0	5	no: mi alzavo io cioè:,	no: mi alzavo io cioè:,	no mi alzavo io cioè
341	BZ012	813.014	813.864	0.85	True	_	0	0	0	0	0	0	0	0	0	False	False	False	False	False	False	False	_	0	0	0	3	no è perché,	no è perché,	no è perché
342	BZ009	814.584	818.624	4.04	True	_	0	0	0	0	0	0	0	0	0	False	False	False	False	False	False	False	_	0	0	0	13	non vedo l'ora sia finito sto pranzo, sto [cazzo] di pranzo vara.	non vedo l'ora sia finito sto pranzo, sto [cazzo] di pranzo vara.	non vedo l' ora sia finito sto pranzo sto cazzo di pranzo vara
343	BZ012	816.939	817.399	0.46	True	_	0	0	0	0	0	0	0	0	0	False	False	False	False	False	False	False	_	0	1	0	0	[((ride))]	[((ride))]	((ride))
344	BZ012	819.714	821.3215	1.62	True	_	0	0	0	0	0	0	1	0	0	False	False	False	False	False	False	False	_	0	2	0	4	((ride)) eh son tutti così, ((ridendo))	((ride)) eh son tutti così, ((ridendo))	((ride)) eh son tutti così ((ridendo))
345	BZ009	821.3215	822.889	1.58	True	_	0	0	0	0	0	0	1	0	0	False	False	False	False	False	False	False	_	0	0	0	5	tra uno e l'altra,	tra uno e l'altra,	tra uno e l' altra
346	BZ009	825.664	826.844	1.18	True	_	0	0	0	0	0	0	0	0	0	False	False	False	False	False	False	False	_	0	0	0	3	porca troia oh.	porca troia oh.	porca troia oh
347	BZ012	829.819	832.0	2.181	True	_	0	0	0	0	0	0	0	0	0	False	False	False	False	False	False	False	_	0	0	0	3	guardalo guardalo eccolo.	guardalo guardalo eccolo.	guardalo guardalo eccolo
348	BZ012	832.564	834.04	1.476	True	_	0	0	0	0	0	0	0	0	0	False	False	False	False	False	True	False	349=0.276	0	1	0	0	((ride))	((ride))	((ride))
349	BZ009	833.764	836.644	2.88	True	_	0	0	0	0	0	0	0	0	0	False	False	False	False	False	True	False	348=0.276	0	0	0	4	fido pianta- <madonna> guarda.	fido pianta- <madonna> guarda.	fido pianta- madonna guarda
350	BZ009	838.743	839.733	0.99	True	_	0	0	0	0	0	0	0	0	0	False	False	False	False	False	False	False	_	0	0	0	2	ecco adesso,	ecco adesso,	ecco adesso
351	BZ012	839.883	842.333	2.45	True	_	0	0	0	0	0	0	0	1	0	False	False	False	False	False	False	False	_	0	0	0	9	[voglio vedere] se da tua mamma [stasera fai così,]	[voglio vedere] se da tua mamma [stasera fai così],	voglio vedere se da tua mamma stasera fai così
352	BZ009	840.063	840.613	0.55	True	_	0	0	0	0	0	0	0	0	0	False	False	False	False	False	False	False	_	0	0	0	2	[ho capit-]	[ho capit-]	ho capit-
353	BZ009	841.173	845.99	4.817	True	_	0	0	0	0	0	0	0	0	0	False	False	False	False	False	False	False	_	0	0	0	14	[ho capito perché] tutta la settimana io pranzo tranquillo. perché sono in azienda vero?	[ho capito perché] tutta la settimana io pranzo tranquillo. perché sono in azienda vero?	ho capito perché tutta la settimana io pranzo tranquillo perché sono in azienda vero
354	BZ009	846.348	846.778	0.43	True	_	0	0	0	0	0	0	0	0	0	False	False	False	False	False	False	False	_	0	0	0	1	eh?	eh?	eh
355	BZ009	846.988	848.078	1.09	True	_	0	0	0	0	0	0	0	0	0	False	False	False	False	False	False	False	_	0	0	0	5	e non ci sei tu.	e non ci sei tu.	e non ci sei tu
356	BZ012	848.668	849.273	0.61	True	_	0	0	0	0	0	0	1	0	0	False	False	False	False	False	False	False	_	0	1	0	0	((ride))	((ride))	((ride))
357	BZ009	849.273	850.488	1.22	True	_	0	0	0	0	0	0	1	0	0	False	False	False	False	False	False	False	_	0	0	0	2	ciccio bastardo.	ciccio bastardo.	ciccio bastardo
358	BZ009	850.833	856.423	5.59	True	_	0	0	0	0	0	0	0	1	0	False	False	False	False	False	False	False	_	0	0	0	16	dai scendi giù >guarda che cos'ho qua< <mh:: che cos'ho io qua per te:.>	dai scendi giù >guarda che cos'ho qua< <mh:: che cos'ho io qua per te:>.	dai scendi giù guarda che cos' ho qua mh che cos' ho io qua per te
359	BZ009	856.663	857.85	1.187	True	_	0	0	0	0	0	0	0	0	0	False	False	False	False	False	False	False	_	0	0	0	1	mh::,	mh::,	mh
360	BZ009	859.938	860.638	0.7	True	_	0	0	0	0	0	0	0	0	0	False	False	False	False	False	False	False	_	0	0	0	3	niente non ho.	niente non ho.	niente non ho
361	BZ009	861.883	863.253	1.37	True	_	0	0	0	0	0	0	0	0	0	False	False	False	False	False	False	False	_	1	0	0	4	no. (.) non ho niente.	no. (.) non ho niente.	no (.) non ho niente
362	BZ009	864.193	866.593	2.4	True	_	0	0	0	0	0	0	0	0	0	False	False	False	False	False	False	False	_	0	0	0	9	to'. però devi stare fermo e calmo adesso eh?	to'. però devi stare fermo e calmo adesso eh?	to' però devi stare fermo e calmo adesso eh
363	BZ009	866.808	869.138	2.33	True	_	0	0	0	0	0	0	0	0	0	False	False	False	False	False	False	False	_	0	0	0	10	adesso basta fido eh, un po' va bene dopo basta.	adesso basta fido eh, un po' va bene dopo basta.	adesso basta fido eh un po' va bene dopo basta
364	BZ009	870.538	874.198	3.66	True	_	0	0	0	0	0	0	0	0	0	False	False	False	False	False	False	False	_	0	0	0	16	ah dobbiamo guardare somebody: feeds phil che magari c'è un'altra città dove siamo stati?	ah dobbiamo guardare somebody: feeds phil che magari c'è un'altra città dove siamo stati?	ah dobbiamo guardare somebody feeds phil che magari c' è un' altra città dove siamo stati
365	BZ009	874.973	876.543	1.57	True	_	0	0	0	0	0	0	0	1	0	False	False	False	False	False	False	False	_	0	1	0	1	<somebody,> ((cantando))	<somebody>, ((cantando))	somebody ((cantando))
366	BZ009	877.053	878.793	1.74	True	_	0	0	0	0	0	0	0	0	0	False	False	False	False	False	False	False	_	0	1	0	3	<somebody feeds phil> ((cantando))	<somebody feeds phil> ((cantando))	somebody feeds phil ((cantando))
367	BZ012	883.578	885.138	1.56	True	_	0	0	0	0	0	0	0	0	0	False	False	False	False	False	False	False	_	0	0	0	6	fido noi ti puliamo i vetri,	fido noi ti puliamo i vetri,	fido noi ti puliamo i vetri
368	BZ012	885.983	886.543	0.56	True	_	0	0	0	0	0	0	0	0	0	False	False	False	False	False	False	False	_	0	0	0	3	te lo dico.	te lo dico.	te lo dico
369	BZ012	890.518	891.648	1.13	True	_	0	0	0	0	0	0	0	0	0	False	False	False	False	False	False	False	_	0	0	0	1	eh:m:,	eh:m:,	ehm
370	BZ012	898.218	898.528	0.31	True	_	0	0	0	0	0	0	0	0	0	False	False	False	False	False	False	False	_	0	0	0	2	va be',	va be',	va be'
371	BZ012	899.598	901.388	1.79	True	_	0	0	0	0	0	0	0	0	0	False	False	False	False	False	False	False	_	0	0	0	5	decidiamo cosa voler fare oggi,	decidiamo cosa voler fare oggi,	decidiamo cosa voler fare oggi
372	BZ009	902.638	902.8105	0.18	True	_	0	0	0	0	0	0	1	0	0	False	False	False	False	False	False	False	_	0	0	0	1	oh.	oh.	oh
373	BZ012	902.8105	903.31	0.507	True	_	0	0	0	0	0	0	1	0	0	False	False	False	False	False	False	False	_	0	0	0	1	allora,	allora,	allora
374	BZ009	906.518	907.358	0.84	True	_	0	0	0	0	0	0	0	0	0	False	False	False	False	False	False	False	_	0	0	0	3	se vuoi lavarlo,	se vuoi lavarlo,	se vuoi lavarlo
375	BZ012	908.763	910.713	1.95	True	_	0	0	0	0	0	0	0	0	0	False	False	False	False	False	False	False	_	0	0	0	8	tu cosa dici, che c'è freddo però?	tu cosa dici, che c'è freddo però?	tu cosa dici che c' è freddo però
376	BZ009	910.843	911.843	1.0	True	_	0	0	0	0	0	0	0	0	0	False	False	False	False	False	False	False	_	0	0	0	4	non lo so cara.	non lo so cara.	non lo so cara
377	BZ009	913.638	914.8	1.162	True	_	0	0	0	0	0	0	0	0	0	False	False	False	False	False	False	False	_	0	0	0	3	abbiamo le felpe,	abbiamo le felpe,	abbiamo le felpe
378	BZ012	917.183	918.463	1.28	True	_	0	0	0	0	0	0	0	0	0	False	False	False	False	False	False	False	_	0	0	0	4	non vorrei che per,	non vorrei che per,	non vorrei che per
379	BZ009	919.498	919.868	0.37	True	_	0	0	0	0	0	0	0	0	0	False	False	False	False	False	False	False	_	0	0	0	1	no,	no,	no
380	BZ009	920.118	921.5	1.382	True	_	0	0	0	0	0	0	0	0	True	False	False	False	False	False	False	False	381=0.022	0	0	0	2	(porca troia.)	(porca troia.)	porca troia
381	BZ012	921.478	926.28	4.802	True	_	0	0	0	0	0	0	0	1	True	False	False	False	False	False	False	False	_	0	0	0	16	dargli una sciacquata che non si prenda magari il raffreddore o la tosse [già ce xx,]	dargli una sciacquata che non si prenda magari il raffreddore o la tosse [già ce xx],	dargli una sciacquata che non si prenda magari il raffreddore o la tosse già ce xx
382	BZ009	925.383	926.843	1.46	True	_	0	0	0	0	0	0	0	1	0	False	False	False	False	False	False	False	_	0	0	0	1	[<basta.>]	[<basta>.]	basta
383	BZ009	931.048	932.718	1.67	True	_	0	0	0	0	0	0	0	0	0	False	False	False	False	False	False	False	_	0	0	0	6	fido ma cosa, cosa c'è?	fido ma cosa, cosa c'è?	fido ma cosa cosa c' è
384	BZ009	935.378	937.438	2.06	True	_	0	0	0	0	0	0	0	0	0	False	False	False	False	False	False	False	_	0	0	0	10	o gli è strano vedermi a casa, non lo so,	o gli è strano vedermi a casa, non lo so,	o gli è strano vedermi a casa non lo so
385	BZ012	939.273	939.713	0.44	True	_	0	0	0	0	0	0	0	0	0	False	False	False	False	False	False	False	_	0	0	0	0	[(x)]	[(x)]	x
386	BZ009	939.273	939.713	0.44	True	_	0	0	0	0	0	0	0	0	0	False	False	False	False	False	False	False	_	0	0	0	0	[(x)]	[(x)]	x
387	BZ009	940.208	940.918	0.71	True	_	0	0	0	0	0	0	0	0	0	False	False	False	False	False	False	False	_	0	0	0	1	fido:.	fido:.	fido
388	BZ012	940.948	942.938	1.99	True	_	0	0	0	0	0	0	0	0	0	False	False	False	False	False	False	False	_	0	0	0	9	ma di sabato sei sempre a casa a pranzo.	ma di sabato sei sempre a casa a pranzo.	ma di sabato sei sempre a casa a pranzo
389	BZ009	944.408	945.698	1.29	True	_	0	0	0	0	0	0	0	0	0	False	False	False	False	False	False	False	_	0	0	0	6	sì quando siamo a casa però,	sì quando siamo a casa però,	sì quando siamo a casa però
390	BZ012	946.498	947.528	1.03	True	_	0	0	0	0	0	0	0	0	0	False	False	False	False	False	False	False	_	0	0	0	2	va be' adesso.	vabbè adesso.	vabbè adesso
391	BZ012	947.858	948.998	1.14	True	_	0	0	0	0	0	0	0	1	0	False	False	False	False	False	False	False	_	0	0	0	7	non è che [siam sempre in giro,]	non è che [siam sempre in giro],	non è che siam sempre in giro
392	BZ009	948.273	949.003	0.73	True	_	0	0	0	0	0	0	0	1	0	False	False	False	False	False	False	False	_	0	0	0	3	[fido fermo lì.]	[fido fermo lì].	fido fermo lì
393	BZ009	952.313	953.503	1.19	True	_	0	0	0	0	0	0	0	0	0	False	False	False	False	False	False	False	_	0	0	0	3	allora facciamo così,	allora facciamo così,	allora facciamo così
394	BZ012	956.253	958.8	2.547	True	_	0	0	0	0	0	0	0	0	0	False	False	False	False	False	False	False	_	0	0	0	10	sai cosa lo fa- ormai lo laviamo a primavera fido,	sai cosa lo fa- ormai lo laviamo a primavera fido,	sai cosa lo fa- ormai lo laviamo a primavera fido
395	BZ009	958.823	959.133	0.31	True	_	0	0	0	0	0	0	0	0	0	False	False	False	False	False	False	False	_	0	0	0	1	no.	no.	no
396	BZ012	959.25	961.95	2.7	True	_	0	0	0	0	0	1	0	0	0	False	False	False	False	False	True	False	397=0.117	0	0	0	13	che non prenda freddo per niente guarda che vento che c'è fuori,=	che non prenda freddo per niente guarda che vento che c'è fuori,	che non prenda freddo per niente guarda che vento che c' è fuori
397	BZ009	961.833	962.7	0.867	True	_	0	0	0	0	0	1	0	0	0	False	False	False	False	False	True	False	396=0.117	0	0	0	3	=facciamo così sì.	facciamo così sì.	facciamo così sì
398	BZ009	973.733	974.283	0.55	True	_	0	0	0	0	0	0	0	0	0	False	False	False	False	False	False	False	_	0	0	0	1	oggi,	oggi,	oggi
399	BZ009	977.853	979.63	1.777	True	_	0	0	0	0	0	0	0	0	0	False	False	False	False	False	False	False	_	0	0	0	4	tornando a casa passiamo,	tornando a casa passiamo,	tornando a casa passiamo
400	BZ009	980.938	981.898	0.96	True	_	0	0	0	0	0	0	0	0	0	False	False	False	False	False	False	False	_	0	0	0	2	dai miei,	dai miei,	dai miei
401	BZ009	982.503	984.683	2.18	True	_	0	0	0	0	0	0	0	0	0	False	False	False	False	False	False	False	_	0	0	0	6	e tiriamo solo fuori il topolino.	e tiriamo solo fuori il topolino.	e tiriamo solo fuori il topolino
402	BZ009	985.938	986.338	0.4	True	_	0	0	0	0	0	0	0	0	0	False	False	False	False	False	False	False	_	0	0	0	1	poi,	poi,	poi
403	BZ009	986.633	987.2	0.567	True	_	0	0	0	0	0	0	0	1	0	False	False	False	False	False	False	False	_	0	0	0	1	do[mani,]	do[mani],	domani
404	BZ012	986.708	988.018	1.31	True	_	0	0	0	0	0	0	0	0	0	False	False	False	False	False	False	False	_	0	0	0	6	[poi il to]polino dove lo metti?	[poi il to]polino dove lo metti?	poi il topolino dove lo metti
405	BZ009	988.558	989.388	0.83	True	_	0	0	0	0	0	0	0	0	0	False	False	False	False	False	False	False	_	0	0	0	5	(lo lascio lì) in garage.	(lo lascio lì) in garage.	lo lascio lì in garage
406	BZ009	990.078	991.438	1.36	True	_	0	0	0	0	0	0	0	0	0	False	False	False	False	False	False	False	_	0	0	0	4	domani a un'ora,	domani a un'ora,	domani a un' ora
407	BZ009	992.023	993.21	1.187	True	_	0	0	0	0	0	0	0	0	0	False	False	False	False	False	False	False	_	0	0	0	2	non precisata,	non precisata,	non precisata
408	BZ012	993.573	994.563	0.99	True	_	0	0	0	0	0	0	0	0	0	False	False	False	False	False	False	False	_	0	0	0	2	domani mattina.	domani mattina.	domani mattina
409	BZ009	996.093	997.093	1.0	True	_	0	0	0	0	0	0	0	0	0	False	False	False	False	False	False	False	_	0	0	0	5	o se andiamo a xx,	o se andiamo a xx,	o se andiamo a xx
410	BZ009	997.418	998.43	1.012	True	_	0	0	0	0	0	0	0	1	0	False	False	False	False	False	False	False	_	0	0	0	4	passo anche >ma dio,<	passo anche >ma dio<,	passo anche ma dio
411	BZ009	1000.133	1001.863	1.73	True	_	0	0	0	0	0	0	0	0	0	False	False	False	False	False	False	False	_	0	0	0	4	basta fido adesso eh.	basta fido adesso eh.	basta fido adesso eh
412	BZ012	1001.943	1004.27	2.327	True	_	0	0	0	0	0	0	0	1	0	False	False	False	False	False	False	False	_	0	0	0	9	prima di far qualsiasi cosa, vai lì [e vai,]	prima di far qualsiasi cosa, vai lì [e vai],	prima di far qualsiasi cosa vai lì e vai
413	BZ009	1003.978	1005.588	1.61	True	_	0	0	0	0	0	0	0	0	0	False	False	False	False	False	False	False	_	0	0	0	6	[e vado] a darle da mangiare.	[e vado] a darle da mangiare.	e vado a darle da mangiare
414	BZ012	1006.038	1006.788	0.75	True	_	0	0	0	0	0	0	0	0	0	False	False	False	False	False	False	False	_	0	0	0	4	un quarto d'ora,	un quarto d'ora,	un quarto d' ora
415	BZ009	1008.678	1009.358	0.68	True	_	0	0	0	0	0	0	0	0	0	False	False	False	False	False	False	False	_	0	0	0	1	poi,	poi,	poi
416	BZ009	1010.003	1012.363	2.36	True	_	0	0	0	0	0	0	0	0	0	False	False	False	False	False	False	False	_	0	0	0	7	ma anche tornando ci fermiamo un attimo,	ma anche tornando ci fermiamo un attimo,	ma anche tornando ci fermiamo un attimo
417	BZ009	1014.528	1014.988	0.46	True	_	0	0	0	0	0	0	0	0	0	False	False	False	False	False	False	False	_	0	0	0	1	poi,	poi,	poi
418	BZ009	1017.993	1021.463	3.47	True	_	0	0	0	0	0	0	0	0	0	False	False	False	False	False	False	False	_	0	0	0	12	magari oggi scendiamo un attimo prima e mettiamo su il motorino xxxx.	magari oggi scendiamo un attimo prima e mettiamo su il motorino xxxx.	magari oggi scendiamo un attimo prima e mettiamo su il motorino xxxx
419	BZ012	1022.153	1022.573	0.42	True	_	0	0	0	0	0	0	0	0	0	False	False	False	False	False	False	False	_	0	0	0	2	mh=mh,	mh=mh,	mh mh
420	BZ009	1024.468	1025.398	0.93	True	_	0	0	0	0	0	0	0	0	0	False	False	False	False	False	False	False	_	0	0	0	3	lui lo leghiamo,	lui lo leghiamo,	lui lo leghiamo
421	BZ009	1025.988	1028.788	2.8	True	_	0	0	0	0	0	0	0	0	0	False	False	False	False	False	False	False	_	1	0	0	11	a un paletto, e lo lasciamo lì, (.) e vediamo se qualcuno,	a un paletto, e lo lasciamo lì, (.) e vediamo se qualcuno,	a un paletto e lo lasciamo lì (.) e vediamo se qualcuno
422	BZ012	1029.113	1029.663	0.55	True	_	0	0	0	0	0	0	0	0	0	False	False	False	False	False	False	False	_	0	1	0	0	((ride))	((ride))	((ride))
423	BZ009	1029.973	1030.813	0.84	True	_	0	0	0	0	0	0	0	0	0	False	False	False	False	False	False	False	_	0	0	0	3	se lo prende.	se lo prende.	se lo prende
424	BZ009	1031.188	1031.538	0.35	True	_	0	0	0	0	0	0	0	0	0	False	False	False	False	False	False	False	_	0	0	0	1	mh?	mh?	mh
425	BZ009	1032.188	1036.428	4.24	True	_	0	0	0	0	0	0	0	0	0	False	False	False	False	False	False	False	_	0	0	0	15	se qualcuno ti prende fido ci s- ci bussa la la sera stessa a casa,	se qualcuno ti prende fido ci s- ci bussa la la sera stessa a casa,	se qualcuno ti prende fido ci s- ci bussa la la sera stessa a casa
426	BZ009	1037.093	1041.423	4.33	True	_	0	0	0	0	0	0	0	0	0	False	False	False	False	False	False	False	_	0	0	0	18	ci mette un po' perché deve trovare l'appartamento, e ci dà anche dei soldi per riprenderti eh,	ci mette un po' perché deve trovare l'appartamento, e ci dà anche dei soldi per riprenderti eh,	ci mette un po' perché deve trovare l' appartamento e ci dà anche dei soldi per riprenderti eh
427	BZ009	1043.193	1043.723	0.53	True	_	0	0	0	0	0	1	0	0	0	False	False	False	False	False	True	False	428=0.240	0	0	0	1	vero?=	vero?	vero
428	BZ012	1043.483	1044.313	0.83	True	_	0	0	0	0	0	1	0	0	0	False	False	False	False	False	True	False	427=0.240	0	0	0	1	=davvero?	davvero?	davvero
429	BZ009	1044.593	1045.423	0.83	True	_	0	0	0	0	0	0	0	0	0	False	False	False	False	False	False	False	_	0	0	0	5	eh sì che è vero.	eh sì che è vero.	eh sì che è vero
430	BZ012	1046.123	1048.183	2.06	True	_	0	0	0	0	0	0	0	1	0	False	False	False	False	False	False	False	_	0	0	0	3	<co:sa? cosa dice?>	<co:sa? cosa dice>?	cosa cosa dice
431	BZ012	1049.058	1050.568	1.51	True	_	0	0	0	0	0	1	0	0	0	False	False	False	False	False	True	False	432=0.180	0	0	0	5	digli un angelo come me?=	digli un angelo come me?	digli un angelo come me
432	BZ009	1050.388	1051.358	0.97	True	_	0	0	0	0	0	1	0	0	0	False	False	False	False	False	True	False	431=0.180,433=0.140	0	0	0	3	=ah: sì sì.	ah: sì sì.	ah sì sì
433	BZ012	1051.218	1051.958	0.74	True	_	0	0	0	0	0	0	0	0	0	False	False	False	False	False	True	False	432=0.140	0	0	0	2	un angelo,	un angelo,	un angelo
434	BZ009	1054.933	1055.833	0.9	True	_	0	0	0	0	0	0	0	1	0	False	False	False	False	False	False	False	_	0	0	0	2	[l'ancelo,]	[l'ancelo],	l' ancelo
435	BZ012	1054.94	1055.808	0.868	True	_	0	0	0	0	0	0	0	0	0	False	False	False	False	False	False	False	_	0	0	0	1	[(x papà,)]	[(x papà,)]	x papà
436	BZ009	1056.588	1057.528	0.94	True	_	0	0	0	0	0	0	0	0	0	False	False	False	False	False	False	False	_	0	0	0	1	angelo:.	angelo:.	angelo
437	BZ012	1057.683	1060.563	2.88	True	_	0	0	0	0	0	0	0	0	0	False	False	False	False	False	False	False	_	1	1	0	6	prima di prendermi, (.) devono avvicinarsi però. ((ridendo))	prima di prendermi, (.) devono avvicinarsi però. ((ridendo))	prima di prendermi (.) devono avvicinarsi però ((ridendo))
438	BZ009	1061.128	1062.1	0.972	True	_	0	0	0	0	0	0	0	0	0	False	False	False	False	False	False	False	_	0	0	0	5	sì questo è anche vero,	sì questo è anche vero,	sì questo è anche vero
439	BZ009	1062.723	1063.083	0.36	True	_	0	0	0	0	0	0	0	0	True	False	False	False	False	False	False	False	440=0.035	0	0	0	1	eh?	eh?	eh
440	BZ012	1063.048	1065.408	2.36	True	_	0	0	0	0	0	0	0	1	True	False	False	False	False	False	False	False	_	0	0	0	8	ti ricordo che fido sputa sangue [dagli occhi,]	ti ricordo che fido sputa sangue [dagli occhi],	ti ricordo che fido sputa sangue dagli occhi
441	BZ009	1065.013	1066.023	1.01	True	_	0	0	0	0	0	0	0	0	0	False	False	False	False	False	False	False	_	0	0	0	3	[è vero] fido?	[è vero] fido?	è vero fido
442	BZ009	1066.583	1069.983	3.4	True	_	0	0	0	0	0	0	0	0	0	False	False	False	False	False	False	False	_	0	0	0	15	se qualcuno prova a prenderti solo per il guinzaglio tu lo fai a pezzi quindi,	se qualcuno prova a prenderti solo per il guinzaglio tu lo fai a pezzi quindi,	se qualcuno prova a prenderti solo per il guinzaglio tu lo fai a pezzi quindi
443	BZ009	1070.898	1071.878	0.98	True	_	0	0	0	0	0	0	0	0	0	False	False	False	False	False	False	False	_	0	0	0	2	no eh:,	no eh:,	no eh
444	BZ009	1073.213	1078.763	5.55	True	_	0	0	0	0	0	0	0	1	0	False	False	False	False	False	False	False	_	0	0	0	24	cosa stavo dicendo? >perché se no io potrei anche fermarmi domani ma io domani finisco alle cinque e mezza alle sette inizio la lezione,<	cosa stavo dicendo? >perché se no io potrei anche fermarmi domani ma io domani finisco alle cinque e mezza alle sette inizio la lezione<,	cosa stavo dicendo perché se no io potrei anche fermarmi domani ma io domani finisco alle cinque e mezza alle sette inizio la lezione
445	BZ012	1079.813	1080.703	0.89	True	_	0	0	0	0	0	0	0	0	0	False	False	False	False	False	False	False	_	0	0	0	3	domani è domenica,	domani è domenica,	domani è domenica
446	BZ009	1081.093	1081.563	0.47	True	_	0	0	0	0	0	0	0	0	0	False	False	False	False	False	False	False	_	0	0	0	1	lunedì.	lunedì.	lunedì
447	BZ012	1081.763	1082.613	0.85	True	_	0	0	0	0	0	0	0	0	0	False	False	False	False	False	False	False	_	0	0	0	2	fasemo niente.	fasemo niente.	fasemo niente
448	BZ012	1083.453	1085.593	2.14	True	_	0	0	0	0	0	0	0	0	0	False	False	False	False	False	False	False	_	0	0	0	8	ma già questo lunedì inizi le cinque ore?	ma già questo lunedì inizi le cinque ore?	ma già questo lunedì inizi le cinque ore
449	BZ009	1086.108	1086.368	0.26	True	_	0	0	0	0	0	0	0	0	0	False	False	False	False	False	False	False	_	0	0	0	1	se.	se.	se
450	BZ009	1086.918	1090.118	3.2	True	_	0	0	0	0	0	0	0	0	0	False	False	False	False	False	False	False	_	0	0	0	12	ma però non ho capito perché devo: insegnare anche a una quinta,	ma però non ho capito perché devo: insegnare anche a una quinta,	ma però non ho capito perché devo insegnare anche a una quinta
451	BZ009	1091.203	1094.163	2.96	True	_	0	0	0	0	0	0	0	0	0	False	False	False	False	False	False	False	_	0	0	0	10	però mh:: non mi hanno ancora dato il programma quindi,	però mh:: non mi hanno ancora dato il programma quindi,	però mh non mi hanno ancora dato il programma quindi
452	BZ012	1094.428	1096.328	1.9	True	_	0	0	0	0	0	0	0	0	0	False	False	False	False	False	False	False	_	0	0	0	4	quindi passi da: un::,	quindi passi da: un::,	quindi passi da un
453	BZ012	1097.573	1099.033	1.46	True	_	0	0	0	0	0	1	0	0	0	False	False	False	False	False	True	False	454=0.305	0	0	0	5	da un programma all'altro:=	da un programma all'altro:	da un programma all' altro
454	BZ009	1098.728	1099.658	0.93	True	_	0	0	0	0	0	1	0	0	0	False	False	False	False	False	True	False	453=0.305	0	0	0	3	=eh per forza.	eh per forza.	eh per forza
455	BZ009	1100.498	1106.698	6.2	True	_	0	0	0	0	0	0	0	0	0	False	False	False	False	False	False	False	_	0	0	0	18	la terza ha chimica degli alimenti. la quarta e quinta hanno alimentazione, ma la quinta affronterò solo argomenti,	la terza ha chimica degli alimenti. la quarta e quinta hanno alimentazione, ma la quinta affronterò solo argomenti,	la terza ha chimica degli alimenti la quarta e quinta hanno alimentazione ma la quinta affronterò solo argomenti
456	BZ009	1107.423	1107.893	0.47	True	_	0	0	0	0	0	0	0	0	0	False	False	False	False	False	False	False	_	0	0	0	1	cioè,	cioè,	cioè
457	BZ009	1108.423	1110.083	1.66	True	_	0	0	0	0	0	0	0	0	0	False	False	False	False	False	False	False	_	0	0	0	3	pesanti no roba:,	pesanti no roba:,	pesanti no roba
458	BZ009	1110.478	1113.688	3.21	True	_	0	0	0	0	0	0	0	0	0	False	False	False	False	False	False	False	_	0	0	0	10	spiegargli cosa sono le proteine dovrebbero già saperlo spero ben.	spiegargli cosa sono le proteine dovrebbero già saperlo spero ben.	spiegargli cosa sono le proteine dovrebbero già saperlo spero ben
459	BZ009	1115.788	1116.798	1.01	True	_	0	0	0	0	0	0	0	0	0	False	False	False	False	False	False	False	_	0	0	0	1	e::,	e::,	e
460	BZ009	1117.658	1118.198	0.54	True	_	0	0	0	0	0	0	0	0	0	False	False	False	False	False	False	False	_	0	0	0	3	e se no,	e se no,	e se no
461	BZ009	1118.493	1124.133	5.64	True	_	0	0	0	0	0	0	0	1	0	False	False	False	False	False	False	False	_	1	0	0	19	ah. adesso va là, abbiam finito di mangiare ha finito di rompere le palle. (.) vero fido? >guardalo guardalo guardalo,<	ah. adesso va là, abbiam finito di mangiare ha finito di rompere le palle. (.) vero fido? >guardalo guardalo guardalo<,	ah adesso va là abbiam finito di mangiare ha finito di rompere le palle (.) vero fido guardalo guardalo guardalo
462	BZ009	1124.538	1128.15	3.612	True	_	0	0	0	0	0	0	0	0	0	False	False	False	False	False	False	False	_	0	1	0	12	(sì/si) poi si mette al sole, si cucina, >e comincia a fare< ((imita il cane))	(sìsi) poi si mette al sole, si cucina, >e comincia a fare< ((imita_il_cane))	sìsi poi si mette al sole si cucina e comincia a fare ((imita_il_cane))
463	BZ012	1128.208	1129.32	1.112	True	_	0	0	0	0	0	0	0	1	0	False	False	False	False	False	False	False	_	0	0	0	4	tu sai che [siamo,]	tu sai che [siamo],	tu sai che siamo
464	BZ009	1128.993	1130.563	1.57	True	_	0	0	0	0	0	0	0	0	True	False	False	False	False	False	False	False	_	0	0	0	4	[guarda] guarda (come) xxx guardalo,	[guarda] guarda (come) xxx guardalo,	guarda guarda come xxx guardalo
465	BZ012	1130.523	1136.943	6.42	True	_	0	0	0	0	0	0	0	1	True	False	False	False	False	False	False	False	_	0	0	0	22	sai che se lì al posto del can c'è lo stendino lui si siede mi guarda finché io non [glielo sposto?]	sai che se lì al posto del can c'è lo stendino lui si siede mi guarda finché io non [glielo sposto]?	sai che se lì al posto del can c' è lo stendino lui si siede mi guarda finché io non glielo sposto
466	BZ009	1136.238	1137.078	0.84	True	_	0	0	0	0	0	0	0	1	0	False	False	False	False	False	False	False	_	0	0	0	3	[non lo togli?]	[non lo togli]?	non lo togli
467	BZ009	1137.953	1138.783	0.83	True	_	0	0	0	0	0	0	0	0	0	False	False	False	False	False	False	False	_	0	0	0	2	minchia fido,	minchia fido,	minchia fido
468	BZ009	1139.163	1142.123	2.96	True	_	0	0	0	0	0	0	0	0	0	False	False	False	False	False	False	False	_	0	0	0	10	>ti volevo dire per oggi allora< usciamo andiamo in città,	>ti volevo dire per oggi allora< usciamo andiamo in città,	ti volevo dire per oggi allora usciamo andiamo in città
469	BZ012	1142.748	1143.338	0.59	True	_	0	0	0	0	0	0	0	1	0	False	False	False	False	False	False	False	_	0	0	0	2	va [bene,]	va [bene],	va bene
470	BZ009	1142.968	1144.068	1.1	True	_	0	0	0	0	0	0	0	0	0	False	False	False	False	False	False	False	_	0	0	0	4	[così vediamo] lui come,	[così vediamo] lui come,	così vediamo lui come
471	BZ009	1145.383	1146.413	1.03	True	_	0	0	0	0	0	0	0	0	0	False	False	False	False	False	False	False	_	0	0	0	1	parcheggiamo,	parcheggiamo,	parcheggiamo
472	BZ009	1146.963	1147.743	0.78	True	_	0	0	0	0	0	0	0	0	0	False	False	False	False	False	False	False	_	0	0	0	1	eh::,	eh::,	eh
473	BZ009	1148.578	1150.258	1.68	True	_	0	0	0	0	0	0	0	0	0	False	False	False	False	False	False	False	_	0	0	0	7	dici già di parcheggiare da tua mamma?	dici già di parcheggiare da tua mamma?	dici già di parcheggiare da tua mamma
474	BZ012	1151.303	1151.963	0.66	True	_	0	0	0	0	0	0	0	0	0	False	False	False	False	False	False	False	_	0	0	0	3	no è lunga.	no è lunga.	no è lunga
475	BZ012	1152.638	1153.038	0.4	True	_	0	0	0	0	0	0	0	1	0	False	False	False	False	False	False	False	_	0	0	0	2	>c'era,<	>c'era<,	c' era
476	BZ009	1157.983	1159.353	1.37	True	_	0	0	0	0	0	0	0	0	0	False	False	False	False	False	False	False	_	0	0	0	3	perché sto pensando,	perché sto pensando,	perché sto pensando
477	BZ009	1159.753	1161.773	2.02	True	_	0	0	0	0	0	0	0	0	0	False	False	False	False	False	False	False	_	0	0	0	5	che se no parcheggiamo, basta.	che se no parcheggiamo, basta.	che se no parcheggiamo basta
478	BZ009	1162.308	1163.948	1.64	True	_	0	0	0	0	0	0	0	0	0	False	False	False	False	False	False	False	_	0	0	0	1	parcheggiamo:,	parcheggiamo:,	parcheggiamo
479	BZ009	1164.693	1166.433	1.74	True	_	0	0	0	0	0	0	0	0	0	False	False	False	False	False	False	False	_	0	0	0	4	eh:: da qualche parte,	eh:: da qualche parte,	eh da qualche parte
480	BZ012	1166.568	1168.24	1.672	True	_	0	0	0	0	0	0	0	0	0	False	False	False	False	False	False	False	_	0	0	0	6	dalla giordana non si può parcheggiare?	dalla giordana non si può parcheggiare?	dalla giordana non si può parcheggiare
481	BZ009	1169.833	1171.033	1.2	True	_	0	0	0	0	0	0	0	0	0	False	False	False	False	False	False	False	_	0	0	0	6	ah anche dalla giordi è vero.	ah anche dalla giordi è vero.	ah anche dalla giordi è vero
482	BZ012	1174.018	1176.858	2.84	True	_	0	0	0	0	0	0	0	0	0	False	False	False	False	False	False	False	_	0	0	0	9	[va be'] saran tutti occupati i posti perché ovviamente,	[va be'] saran tutti occupati i posti perché ovviamente,	va be' saran tutti occupati i posti perché ovviamente
483	BZ009	1174.133	1174.523	0.39	True	_	0	0	0	0	0	0	0	0	0	False	False	False	False	False	False	False	_	0	0	0	2	[va be']	[va be']	va be'
484	BZ009	1177.803	1182.21	4.407	True	_	0	0	0	0	0	0	0	0	0	False	False	False	False	False	False	False	_	0	0	0	15	guarda che deve bere anche là che [faccia di me]rda che è, lo fa apposta.	guarda che deve bere anche là che [faccia di me]rda che è, lo fa apposta.	guarda che deve bere anche là che faccia di merda che è lo fa apposta
485	BZ012	1179.403	1179.923	0.52	True	_	0	0	0	0	0	0	0	0	0	False	False	False	False	False	False	False	_	0	0	0	0	[xx]	[xx]	xx
486	BZ012	1184.388	1186.478	2.09	True	_	0	0	0	0	0	0	0	0	0	False	False	False	False	False	False	False	_	0	0	0	7	(comunque/gli) devi mettere le ciotole dappertutto eh.	(comunquegli) devi mettere le ciotole dappertutto eh.	comunquegli devi mettere le ciotole dappertutto eh
487	BZ009	1190.178	1190.938	0.76	True	_	0	0	0	0	0	0	0	0	0	False	False	False	False	False	False	False	_	0	0	0	2	e io,	e io,	e io
488	BZ009	1191.673	1193.983	2.31	True	_	0	0	0	0	0	0	0	0	0	False	False	False	False	False	False	False	_	0	0	0	5	sono il tuo incubo fido.	sono il tuo incubo fido.	sono il tuo incubo fido
489	BZ009	1194.253	1195.233	0.98	True	_	0	0	0	0	0	0	0	0	0	False	False	False	False	False	False	False	_	0	0	0	3	tu vuoi bere?	tu vuoi bere?	tu vuoi bere
490	BZ009	1195.508	1198.438	2.93	True	_	0	0	0	0	0	0	0	0	0	False	False	False	False	False	False	False	_	0	0	0	8	io comunque ci arriverò a pulirti il muso,	io comunque ci arriverò a pulirti il muso,	io comunque ci arriverò a pulirti il muso
491	BZ009	1198.708	1200.228	1.52	True	_	0	0	0	0	0	0	0	0	0	False	False	False	False	False	False	False	_	0	0	0	3	ovunque tu sia.	ovunque tu sia.	ovunque tu sia
492	BZ009	1200.633	1203.073	2.44	True	_	0	0	0	0	0	0	0	0	0	False	False	False	False	False	False	False	_	0	0	0	7	io arriverò a pulirti il muso fido,	io arriverò a pulirti il muso fido,	io arriverò a pulirti il muso fido
493	BZ009	1203.508	1204.198	0.69	True	_	0	0	0	0	0	0	0	0	0	False	False	False	False	False	False	False	_	0	0	0	2	ah ah.	ah ah.	ah ah
494	BZ009	1204.658	1206.678	2.02	True	_	0	0	0	0	0	0	0	0	0	False	False	False	False	False	False	False	_	0	0	0	9	cosa ti ho d- bevi anche in questa adesso,	cosa ti ho d- bevi anche in questa adesso,	cosa ti ho d- bevi anche in questa adesso
495	BZ009	1207.323	1208.743	1.42	True	_	0	0	0	0	0	0	0	0	0	False	False	False	False	False	False	False	_	0	0	0	5	xx bevi anche in quella lì.	xx bevi anche in quella lì.	xx bevi anche in quella lì
496	BZ009	1209.728	1211.698	1.97	True	_	0	0	0	0	0	0	0	0	0	False	False	False	False	False	False	False	_	0	0	0	4	e:: e dopo semmai,	e:: e dopo semmai,	e e dopo semmai
497	BZ009	1212.538	1213.198	0.66	True	_	0	0	0	0	0	0	0	0	0	False	False	False	False	False	False	False	_	0	1	0	0	((manda bacini))	((manda_bacini))	((manda_bacini))
498	BZ009	1213.573	1220.013	6.44	True	_	0	0	0	0	0	0	0	0	0	False	False	False	False	False	False	False	_	0	0	0	23	semmai tu vai a casa con lui, io vado a prendere la macchina, la porto:: se riusciamo sotto casa di tua mamma perché,	semmai tu vai a casa con lui, io vado a prendere la macchina, la porto:: se riusciamo sotto casa di tua mamma perché,	semmai tu vai a casa con lui io vado a prendere la macchina la porto se riusciamo sotto casa di tua mamma perché
499	BZ012	1222.298	1225.498	3.2	True	_	0	0	0	0	0	0	0	0	0	False	False	False	False	False	False	False	_	0	0	0	10	perché la cosa giusta sarebbe parcheggiarla lì in via dellai.	perché la cosa giusta sarebbe parcheggiarla lì in via dellai.	perché la cosa giusta sarebbe parcheggiarla lì in via dellai
500	BZ009	1227.883	1228.873	0.99	True	_	0	0	0	0	0	0	0	0	0	False	False	False	False	False	False	False	_	0	0	0	4	al cade a pezzi?	al cade a pezzi?	al cade a pezzi
501	BZ009	1230.333	1231.1	0.767	True	_	0	0	0	0	0	0	0	0	0	False	False	False	False	False	False	False	_	0	0	0	7	dove c'è il ca' de bezzi?	dove c'è il ca' de bezzi?	dove c' è il ca' de bezzi
502	BZ012	1231.108	1232.438	1.33	True	_	0	0	0	0	0	0	0	0	0	False	False	False	False	False	False	False	_	0	0	0	6	no quella non è via dellai,	no quella non è via dellai,	no quella non è via dellai
503	BZ009	1232.688	1234.708	2.02	True	_	0	0	0	0	0	0	0	1	0	False	False	False	False	False	False	False	_	0	0	0	2	[basta fido:.]	[basta fido:].	basta fido
504	BZ012	1233.353	1238.163	4.81	True	_	0	0	0	0	0	0	0	1	0	False	False	False	False	False	False	False	_	0	0	0	9	[xxx] via dellai è quella che collega: dove ci [sono,]	[xxx] via dellai è quella che collega: dove ci [sono],	xxx via dellai è quella che collega dove ci sono
505	BZ009	1237.733	1238.503	0.77	True	_	0	0	0	0	0	0	0	0	0	False	False	False	False	False	False	False	_	0	0	0	3	[via] dell'aids.	[via] dell'aids.	via dell' aids
506	BZ012	1238.803	1244.97	6.167	True	_	0	0	0	0	0	0	0	1	0	False	False	False	False	False	False	False	_	1	1	0	18	dove ((ride)) scemo. (.) dove ci sono le colonnine per eh: caricare le macchine elettriche fino a piazza [della mostra,]	dove ((ride)) scemo. (.) dove ci sono le colonnine per eh: caricare le macchine elettriche fino a piazza [della mostra],	dove ((ride)) scemo (.) dove ci sono le colonnine per eh caricare le macchine elettriche fino a piazza della mostra
507	BZ009	1244.038	1246.548	2.51	True	_	0	0	0	0	0	0	0	2	0	False	False	False	False	False	False	False	_	0	0	0	4	[ah::.] [sì via piave,]	[ah::]. [sì via piave],	ah sì via piave
508	BZ012	1245.348	1246.01	0.662	True	_	0	0	0	0	0	0	0	0	0	False	False	False	False	False	False	False	_	0	0	0	4	[quella è via delai]	[quella è via delai]	quella è via delai
509	BZ012	1246.828	1247.178	0.35	True	_	0	0	0	0	0	0	0	0	0	False	False	False	False	False	False	False	_	0	0	0	1	sì.	sì.	sì
510	BZ012	1247.508	1248.148	0.64	True	_	0	0	0	0	0	0	0	0	0	False	False	False	False	False	False	False	_	0	0	0	1	sì.	sì.	sì
511	BZ012	1249.373	1254.04	4.667	True	_	0	0	0	0	0	0	0	1	0	False	False	False	False	False	False	False	_	0	0	0	11	lì intorno va- tipo: in via cast- eh in via: marec[cio,]	lì intorno va- tipo: in via cast- eh in via: marec[cio],	lì intorno va- tipo in via cast- eh in via mareccio
512	BZ009	1253.818	1255.728	1.91	True	_	0	0	0	0	0	0	0	0	0	False	False	False	False	False	False	False	_	1	0	0	6	[castel] (mynights), (.) sì è che poi,	[castel] (mynights), (.) sì è che poi,	castel mynights (.) sì è che poi
513	BZ012	1256.718	1260.278	3.56	True	_	0	0	0	0	0	0	0	0	0	False	False	False	False	False	False	False	_	0	0	0	10	no, così sei a metà nell'andare, metà nel tornare,	no, così sei a metà nell'andare, metà nel tornare,	no così sei a metà nell' andare metà nel tornare
514	BZ009	1264.518	1266.408	1.89	True	_	0	0	0	0	0	0	0	0	0	False	False	False	False	False	False	False	_	0	0	0	6	comunque queste percocche di ca- carlo	comunque queste percocche di ca- carlo	comunque queste percocche di ca- carlo
515	BZ009	1270.768	1272.568	1.8	True	_	0	0	0	0	0	0	0	0	0	False	False	False	False	False	False	False	_	0	0	0	4	sono veramente percocche buone.	sono veramente percocche buone.	sono veramente percocche buone
516	BZ009	1275.053	1276.403	1.35	True	_	0	0	0	0	0	0	0	0	0	False	False	False	False	False	False	False	_	0	0	0	6	no come quelle che compri qua,	no come quelle che compri qua,	no come quelle che compri qua
517	BZ012	1278.913	1288.05	9.137	True	_	0	0	0	0	0	0	0	0	0	False	False	False	False	False	False	False	_	0	0	0	31	perché sarebbe da usare la mia, parcheggiarla, e se mi danno la multa andare dai vigili e dire e:: ah però loro mi dicono eh ma tu non hai il bollino::	perché sarebbe da usare la mia, parcheggiarla, e se mi danno la multa andare dai vigili e dire e:: ah però loro mi dicono eh ma tu non hai il bollino::	perché sarebbe da usare la mia parcheggiarla e se mi danno la multa andare dai vigili e dire e ah però loro mi dicono eh ma tu non hai il bollino
518	BZ009	1290.023	1290.683	0.66	True	_	0	0	0	0	0	0	0	1	0	False	False	False	False	False	False	False	_	0	0	0	2	[sì che,]	[sì che],	sì che
519	BZ012	1290.028	1295.008	4.98	True	_	0	0	0	0	0	0	0	0	0	False	False	False	False	False	False	False	_	0	0	0	24	[è che io] in teoria dovrei avere il bollino verde ma ste teste di cazzo non me le hanno mai [mandate] ma d'altronde:,	[è che io] in teoria dovrei avere il bollino verde ma ste teste di cazzo non me le hanno mai [mandate] ma d'altronde:,	è che io in teoria dovrei avere il bollino verde ma ste teste di cazzo non me le hanno mai mandate ma d' altronde
520	BZ009	1294.958	1296.468	1.51	True	_	0	0	0	0	0	0	0	0	True	False	False	False	False	False	False	False	519=0.050	0	0	0	6	eh e allora devi andare a,	eh e allora devi andare a,	eh e allora devi andare a
521	BZ009	1298.188	1299.65	1.462	True	_	0	0	0	0	0	1	0	0	0	False	False	False	False	False	True	False	522=0.142	0	0	0	6	al con- come si chiama lì,=	al con- come si chiama lì,	al con- come si chiama lì
522	BZ012	1299.508	1301.248	1.74	True	_	0	0	0	0	0	2	0	0	0	False	False	False	False	False	True	False	521=0.142,523=0.065	0	0	0	4	=devo andare all'anagrafe,=	devo andare all'anagrafe,	devo andare all' anagrafe
523	BZ009	1301.183	1305.813	4.63	True	_	0	0	0	0	0	1	0	0	True	False	False	False	False	False	False	False	_	1	0	0	12	=no a:l, (.) no all'anagrafe al: mh [c- al di-] al distretto.	no a:l, (.) no all'anagrafe al: mh [c- al di-] al distretto.	no al (.) no all' anagrafe al mh c- al di- al distretto
524	BZ012	1304.263	1305.263	1.0	True	_	0	0	0	0	0	0	0	1	0	False	False	False	False	False	False	False	_	0	0	0	2	[dai vigili?]	[dai vigili]?	dai vigili
525	BZ012	1305.748	1306.078	0.33	True	_	0	0	0	0	0	0	0	0	True	False	False	False	False	False	False	False	523=0.065	0	0	0	1	ah,	ah,	ah
526	BZ012	1307.778	1310.078	2.3	True	_	0	0	0	0	0	0	0	0	0	False	False	False	False	False	False	False	_	0	0	0	9	sì ma mi hanno dovevano mandarmelo a casa eh,	sì ma mi hanno dovevano mandarmelo a casa eh,	sì ma mi hanno dovevano mandarmelo a casa eh
527	BZ009	1311.553	1313.113	1.56	True	_	0	0	0	0	0	0	0	1	0	False	False	False	False	False	False	False	_	0	0	0	10	>no anch'io sono andato a prenderlo al distretto eh,<	>no anch'io sono andato a prenderlo al distretto eh<,	no anch' io sono andato a prenderlo al distretto eh
528	BZ009	1314.888	1315.558	0.67	True	_	0	0	0	0	0	0	0	0	0	False	False	False	False	False	False	False	_	0	0	0	1	quando,	quando,	quando
529	BZ009	1316.088	1317.738	1.65	True	_	0	0	0	0	0	0	0	0	0	False	False	False	False	False	False	False	_	0	0	0	5	ho cambiato residenza mettendola sotto.	ho cambiato residenza mettendola sotto.	ho cambiato residenza mettendola sotto
530	BZ009	1318.178	1318.668	0.49	True	_	0	0	0	0	0	0	0	0	0	False	False	False	False	False	False	False	_	0	0	0	2	va be'.	va be'.	va be'
531	BZ009	1319.268	1320.098	0.83	True	_	0	0	0	0	0	0	0	0	0	False	False	False	False	False	False	False	_	0	0	0	1	comunque,	comunque,	comunque
532	BZ009	1320.788	1322.398	1.61	True	_	0	0	0	0	0	0	0	0	0	False	False	False	False	False	False	False	_	0	0	0	7	tanto no- non si paga lo stesso,	tanto no- non si paga lo stesso,	tanto no- non si paga lo stesso
533	BZ009	1324.028	1325.028	1.0	True	_	0	0	0	0	0	0	0	0	0	False	False	False	False	False	False	False	_	0	0	0	3	è sabato pomeriggio.	è sabato pomeriggio.	è sabato pomeriggio
534	BZ009	1330.183	1331.153	0.97	True	_	0	0	0	0	0	0	0	0	0	False	False	False	False	False	False	False	_	0	0	0	1	mh:.	mh:.	mh
535	BZ009	1333.663	1336.383	2.72	True	_	0	0	0	0	0	0	0	0	0	False	False	False	False	False	False	False	_	0	0	0	11	no fido [non non c-] mh e te ti devi alzare.	no fido [non non c-] mh e te ti devi alzare.	no fido non non c- mh e te ti devi alzare
536	BZ012	1334.368	1335.038	0.67	True	_	0	0	0	0	0	0	0	1	0	False	False	False	False	False	False	False	_	0	0	0	1	[proviamo,]	[proviamo],	proviamo
537	BZ012	1339.618	1341.348	1.73	True	_	0	0	0	0	0	0	0	0	0	False	False	False	False	False	False	False	_	0	0	0	4	puoi fare altri versi?	puoi fare altri versi?	puoi fare altri versi
538	BZ012	1342.918	1344.148	1.23	True	_	0	0	0	0	0	0	0	0	0	False	False	False	False	False	False	False	_	0	0	0	6	cioè l'ho appena messo giù,	cioè l'ho appena messo giù,	cioè l' ho appena messo giù
539	BZ009	1346.398	1347.018	0.62	True	_	0	0	0	0	0	0	0	0	0	False	False	False	False	False	False	False	_	0	0	0	1	mh:,	mh:,	mh
540	BZ012	1347.373	1347.953	0.58	True	_	0	0	0	0	0	0	0	0	0	False	False	False	False	False	False	False	_	0	1	0	1	no: ((ridendo))	no: ((ridendo))	no ((ridendo))
541	BZ012	1348.308	1349.028	0.72	True	_	0	0	0	0	0	0	0	0	0	False	False	False	False	False	False	False	_	0	0	0	2	non farlo,	non farlo,	non farlo
542	BZ012	1351.173	1352.563	1.39	True	_	0	0	0	0	0	0	0	0	0	False	False	False	False	False	False	False	_	0	0	0	2	[fai ah::]	[fai ah::]	fai ah
543	BZ009	1351.233	1351.95	0.717	True	_	0	0	0	0	0	0	0	0	0	False	False	False	False	False	False	False	_	0	0	0	0	[xx]	[xx]	xx
544	BZ009	1354.908	1356.718	1.81	True	_	0	0	0	0	0	0	0	0	0	False	False	False	False	False	False	False	_	0	1	0	6	no si ferma anche con quello ((ridendo))	no si ferma anche con quello ((ridendo))	no si ferma anche con quello ((ridendo))
545	BZ009	1361.553	1362.843	1.29	True	_	0	0	0	0	0	0	0	0	0	False	False	False	False	False	False	False	_	0	1	0	1	<somebody> ((cantando))	<somebody> ((cantando))	somebody ((cantando))
546	BZ012	1370.373	1370.943	0.57	True	_	0	0	0	0	0	0	0	0	0	False	False	False	False	False	False	False	_	0	0	0	2	cosa vuoi?	cosa vuoi?	cosa vuoi
547	BZ012	1373.883	1375.15	1.267	True	_	0	0	0	0	0	0	0	0	0	False	False	False	False	False	False	False	_	0	0	0	5	tutti i pranzi è così.	tutti i pranzi è così.	tutti i pranzi è così
548	BZ012	1375.858	1376.528	0.67	True	_	0	0	0	0	0	0	0	0	0	False	False	False	False	False	False	False	_	0	0	0	2	anzi no.	anzi no.	anzi no
549	BZ012	1377.368	1381.658	4.29	True	_	0	0	0	0	0	0	0	0	0	False	False	False	False	False	False	False	_	0	0	0	18	perché io dal lunedì al venerdì mangio in piedi per no:n che così non mi scassi le balle,	perché io dal lunedì al venerdì mangio in piedi per no:n che così non mi scassi le balle,	perché io dal lunedì al venerdì mangio in piedi per non che così non mi scassi le balle
550	BZ009	1382.338	1384.098	1.76	True	_	0	0	0	0	0	0	0	0	0	False	False	False	False	False	False	False	_	0	0	0	8	sì basta con sta storia però adesso eh,	sì basta con sta storia però adesso eh,	sì basta con sta storia però adesso eh
551	BZ009	1385.363	1387.323	1.96	True	_	0	0	0	0	0	0	0	0	0	False	False	False	False	False	False	False	_	0	0	0	8	adesso io ho capito che gli vogliamo bene,	adesso io ho capito che gli vogliamo bene,	adesso io ho capito che gli vogliamo bene
552	BZ009	1389.648	1391.398	1.75	True	_	0	0	0	0	0	0	0	0	0	False	False	False	False	False	False	False	_	0	0	0	7	è il cane proprietario di casa però,	è il cane proprietario di casa però,	è il cane proprietario di casa però
553	BZ012	1394.838	1395.028	0.19	True	_	0	0	0	0	0	0	0	0	0	False	False	False	False	False	False	False	_	0	0	0	2	ma sì,	ma sì,	ma sì
554	BZ009	1396.2	1398.2	2.0	True	_	0	0	0	0	0	0	0	0	0	False	False	False	False	False	False	False	_	0	0	0	11	no ma sì un cazzo, tutto ha anche un limite eh.	no ma sì un cazzo, tutto ha anche un limite eh.	no ma sì un cazzo tutto ha anche un limite eh
555	BZ012	1399.435	1400.125	0.69	True	_	0	0	0	0	0	0	0	0	0	False	False	False	False	False	False	False	_	0	0	0	2	ho capito.	ho capito.	ho capito
556	BZ009	1401.295	1401.685	0.39	True	_	0	0	0	0	0	0	0	0	0	False	False	False	False	False	False	False	_	0	0	0	1	eh?	eh?	eh
557	BZ009	1402.555	1402.735	0.18	True	_	0	0	0	0	0	0	0	0	0	False	False	False	False	False	False	False	_	0	0	0	1	no	no	no
558	BZ009	1402.97	1403.54	0.57	True	_	0	0	0	0	0	0	0	0	0	False	False	False	False	False	False	False	_	0	0	0	3	non ho capito.	non ho capito.	non ho capito
559	BZ012	1404.04	1405.18	1.14	True	_	0	0	0	0	0	0	0	0	0	False	False	False	False	False	False	False	_	0	0	0	4	e tu hai capito?	e tu hai capito?	e tu hai capito
560	BZ009	1408.445	1408.815	0.37	True	_	0	0	0	0	0	0	0	0	0	False	False	False	False	False	False	False	_	0	0	0	0	[xx]	[xx]	xx
561	BZ012	1408.535	1409.935	1.4	True	_	0	0	0	0	0	0	0	0	0	False	False	False	False	False	False	False	_	0	0	0	5	[okay] allora andiamo in città,	[okay] allora andiamo in città,	okay allora andiamo in città
562	BZ009	1412.07	1413.34	1.27	True	_	0	0	0	0	0	0	0	0	0	False	False	False	False	False	False	False	_	0	0	0	5	questo ha un suo divano,	questo ha un suo divano,	questo ha un suo divano
563	BZ009	1414.94	1416.42	1.48	True	_	0	0	0	0	0	0	0	0	0	False	False	False	False	False	False	False	_	0	0	0	3	eh ciotole o-,	eh ciotole o-,	eh ciotole o-
564	BZ009	1416.785	1416.945	0.16	True	_	0	0	0	0	0	0	0	0	0	False	False	False	False	False	False	False	_	0	0	0	1	v-	v-	v-
565	BZ009	1417.2	1418.52	1.32	True	_	0	0	0	0	0	0	0	0	0	False	False	False	False	False	False	False	_	0	0	0	4	ha la parte fuori,	ha la parte fuori,	ha la parte fuori
566	BZ012	1419.205	1419.435	0.23	True	_	0	0	0	0	0	0	0	0	0	False	False	False	False	False	False	False	_	0	0	0	1	eh.	eh.	eh
567	BZ009	1420.265	1421.385	1.12	True	_	0	0	0	0	0	0	0	0	0	False	False	False	False	False	False	False	_	0	0	0	3	la parte dentro,	la parte dentro,	la parte dentro
568	BZ009	1421.81	1422.86	1.05	True	_	0	0	0	0	0	0	0	0	0	False	False	False	False	False	False	False	_	0	0	0	3	un suo divano,	un suo divano,	un suo divano
569	BZ009	1424.32	1427.58	3.26	True	_	0	0	0	0	0	0	0	0	0	False	False	False	False	False	False	False	_	0	0	0	14	un eh eh quella gabbia là che l'è più grande di camera mia,	un eh eh quella gabbia là che l'è più grande di camera mia,	un eh eh quella gabbia là che l' è più grande di camera mia
570	BZ009	1428.725	1429.465	0.74	True	_	0	0	0	0	0	0	0	0	0	False	False	False	False	False	False	False	_	0	0	0	1	giochi,	giochi,	giochi
571	BZ009	1429.71	1432.93	3.22	True	_	0	0	0	0	0	0	0	1	0	False	False	False	False	False	False	False	_	0	0	0	7	eh <disseminati ovunque tra l'altro.> mh?	eh <disseminati ovunque tra l'altro>. mh?	eh disseminati ovunque tra l' altro mh
572	BZ009	1434.725	1439.78	5.055	True	_	0	0	0	0	0	0	0	0	0	False	False	False	False	False	False	False	_	0	0	0	9	e:: eh cuscini, lenzuola, eh. asciugamani fra un po',	e:: eh cuscini, lenzuola, eh. asciugamani fra un po',	e eh cuscini lenzuola eh asciugamani fra un po'
573	BZ009	1440.39	1445.47	5.08	True	_	0	0	0	0	0	0	0	0	0	False	False	False	False	False	False	False	_	0	0	0	14	eh? e anche, quando mangiamo dobbiamo fare attenzione che non lo disturbiamo facendo rumori.	eh? e anche, quando mangiamo dobbiamo fare attenzione che non lo disturbiamo facendo rumori.	eh e anche quando mangiamo dobbiamo fare attenzione che non lo disturbiamo facendo rumori
574	BZ012	1445.965	1447.715	1.75	True	_	0	0	0	0	0	0	0	0	0	False	False	False	False	False	True	False	575=0.440	0	1	0	0	((ride))	((ride))	((ride))
575	BZ009	1447.275	1447.735	0.46	True	_	0	0	0	0	0	0	0	0	0	False	False	False	False	False	True	False	574=0.440	0	0	0	1	vero?	vero?	vero
576	BZ009	1448.41	1448.73	0.32	True	_	0	0	0	0	0	0	0	0	0	False	False	False	False	False	False	False	_	0	0	0	1	bene.	bene.	bene
577	BZ012	1449.185	1449.875	0.69	True	_	0	0	0	0	0	0	0	0	0	False	False	False	False	False	False	False	_	0	1	0	0	((ride))	((ride))	((ride))
578	BZ009	1450.675	1451.285	0.61	True	_	0	0	0	0	0	0	0	1	0	False	False	False	False	False	False	False	_	0	0	0	1	[grazie,]	[grazie],	grazie
579	BZ012	1450.885	1451.375	0.49	True	_	0	0	0	0	0	0	0	0	0	False	False	False	False	False	False	False	_	0	0	0	0	[xx]	[xx]	xx
580	BZ012	1452.575	1454.395	1.82	True	_	0	0	0	0	0	1	0	0	0	False	False	False	False	False	True	False	581=0.325	0	0	0	7	no mi fa morire perché ti guarda,=	no mi fa morire perché ti guarda,	no mi fa morire perché ti guarda
581	BZ009	1454.07	1454.74	0.67	True	_	0	0	0	0	0	1	0	0	0	False	False	False	False	False	True	False	580=0.325	0	0	0	1	=grazie.	grazie.	grazie
582	BZ009	1456.15	1456.59	0.44	True	_	0	0	0	0	0	0	0	0	0	False	False	False	False	False	False	False	_	0	0	0	1	mh?	mh?	mh
583	BZ009	1456.805	1458.355	1.55	True	_	0	0	0	0	0	0	0	0	0	False	False	False	False	False	False	False	_	0	1	0	2	((tossisce)) grazie mille.	((tossisce)) grazie mille.	((tossisce)) grazie mille
584	BZ009	1459.035	1460.275	1.24	True	_	0	0	0	0	0	0	0	0	0	False	False	False	False	False	False	False	_	0	1	0	0	((tossisce)) [xx]	((tossisce)) [xx]	((tossisce)) xx
585	BZ012	1459.8	1461.64	1.84	True	_	0	0	0	0	0	0	0	0	0	False	False	False	False	False	False	False	_	0	0	0	6	[qualsiasi] modo tu lo chiami lui,	[qualsiasi] modo tu lo chiami lui,	qualsiasi modo tu lo chiami lui
586	BZ012	1462.095	1462.425	0.33	True	_	0	0	0	0	0	0	0	0	0	False	False	False	False	False	False	False	_	0	0	0	2	ti guarda,	ti guarda,	ti guarda
587	BZ012	1464.975	1465.565	0.59	True	_	0	0	0	0	0	0	0	0	0	False	False	True	False	False	False	False	_	0	0	0	4	a:h. ((sorta di sospiro)	a:h. ((sorta di sospiro)	ah sorta di sospiro
588	BZ012	1469.965	1472.69	2.725	True	_	0	0	0	0	0	0	0	1	0	False	False	False	False	False	False	False	_	0	0	0	10	ah sono al lago di como la chiara [e paolo,]	ah sono al lago di como la chiara [e paolo],	ah sono al lago di como la chiara e paolo
589	BZ009	1472.5	1474.72	2.22	True	_	0	0	0	0	0	0	0	0	0	False	False	False	False	False	False	False	_	0	0	0	5	[putta]na la regina basta fido.	[putta]na la regina basta fido.	puttana la regina basta fido
590	BZ009	1486.195	1487.215	1.02	True	_	0	0	0	0	0	0	0	0	0	False	False	False	False	False	False	False	_	0	0	0	4	ti dà fastidio eh?	ti dà fastidio eh?	ti dà fastidio eh
591	BZ009	1487.53	1488.98	1.45	True	_	0	0	0	0	0	0	0	0	0	False	False	False	False	False	False	False	_	0	0	0	4	ti dà fastidio vero?	ti dà fastidio vero?	ti dà fastidio vero
592	BZ009	1489.77	1490.27	0.5	True	_	0	0	0	0	0	0	0	0	0	False	False	False	False	False	False	False	_	0	0	0	2	ti dà,	ti dà,	ti dà
593	BZ012	1492.945	1495.925	2.98	True	_	0	0	0	0	0	0	0	1	0	False	False	False	False	False	False	False	_	0	0	0	2	<da:i smettetela:,>	<da:i smettetela:>,	dai smettetela
594	BZ009	1495.94	1497.1	1.16	True	_	0	0	0	0	0	0	0	0	0	False	False	False	False	False	False	False	_	0	0	0	4	ti dà fastidio eh?	ti dà fastidio eh?	ti dà fastidio eh
595	BZ009	1497.4	1499.16	1.76	True	_	0	0	0	0	0	0	0	0	0	False	False	False	False	False	False	False	_	0	0	0	6	lo so che ti dà fastidio,	lo so che ti dà fastidio,	lo so che ti dà fastidio
596	BZ009	1501.855	1505.015	3.16	True	_	0	0	0	0	0	0	0	0	0	False	False	False	False	False	False	False	_	0	0	0	12	lo so che ti dà fastidio lì che ti soffio nelle orecchie,	lo so che ti dà fastidio lì che ti soffio nelle orecchie,	lo so che ti dà fastidio lì che ti soffio nelle orecchie
597	BZ009	1505.78	1508.6	2.82	True	_	0	0	0	0	0	0	0	0	0	False	False	False	False	False	False	False	_	0	0	0	11	eh? così magari (riusciamo/dice) ma tu non molli perché sei un,	eh? così magari (riusciamodice) ma tu non molli perché sei un,	eh così magari riusciamodice ma tu non molli perché sei un
598	BZ009	1508.895	1510.57	1.675	True	_	0	0	0	0	0	0	0	0	0	False	False	False	False	False	False	False	_	0	0	0	1	bastardaccio,	bastardaccio,	bastardaccio
599	BZ009	1510.91	1511.55	0.64	True	_	0	0	0	0	0	0	0	0	0	False	False	False	False	False	False	False	_	0	0	0	1	ah.	ah.	ah
600	BZ012	1511.795	1514.0275000000001	2.245	True	_	0	0	0	0	0	0	1	1	0	False	False	False	False	False	False	False	_	0	1	0	2	((ride)) <che schifo.>	((ride)) <che schifo>.	((ride)) che schifo
601	BZ009	1514.0275000000001	1517.515	3.5	True	_	0	0	0	0	0	0	1	0	0	False	False	False	False	False	False	False	_	0	0	0	8	american bastardo sei, no un american bulldog madonna.	american bastardo sei, no un american bulldog madonna.	american bastardo sei no un american bulldog madonna
602	BZ009	1517.96	1518.51	0.55	True	_	0	0	0	0	0	0	0	0	0	False	False	False	False	False	False	False	_	0	0	0	1	mh,	mh,	mh
603	BZ009	1519.18	1519.66	0.48	True	_	0	0	0	0	0	0	0	0	0	False	False	False	False	False	False	False	_	0	0	0	1	eh?	eh?	eh
604	BZ009	1520.205	1526.105	5.9	True	_	0	0	0	0	0	0	0	0	0	False	False	False	False	False	False	False	_	1	0	0	15	te::. (.) io, te devi esser denunciato per violenza sugli umani no vio- violenza sugli animali,	te::. (.) io, te devi esser denunciato per violenza sugli umani no vio- violenza sugli animali,	te (.) io te devi esser denunciato per violenza sugli umani no vio- violenza sugli animali
605	BZ009	1526.84	1527.27	0.43	True	_	0	0	0	0	0	0	0	0	0	False	False	False	False	False	False	False	_	0	0	0	1	eh?	eh?	eh
606	BZ009	1527.93	1528.7	0.77	True	_	0	0	0	0	0	0	0	0	0	False	False	False	False	False	False	False	_	0	0	0	2	guarda lì.	guarda lì.	guarda lì
607	BZ009	1529.35	1530.03	0.68	True	_	0	0	0	0	0	0	0	0	0	False	False	False	False	False	False	False	_	0	0	0	1	guardalo.	guardalo.	guardalo
608	BZ009	1531.035	1531.63	0.595	True	_	0	0	0	0	0	0	0	0	0	False	False	False	False	False	False	False	_	0	0	0	1	guardalo.	guardalo.	guardalo
609	BZ009	1533.6	1534.34	0.74	True	_	0	0	0	0	0	0	0	0	0	False	False	False	False	False	False	False	_	0	0	0	3	fagli una foto,	fagli una foto,	fagli una foto
610	BZ012	1540.52	1542.2	1.68	True	_	0	0	0	0	0	0	0	0	0	False	False	False	False	False	False	False	_	0	0	0	3	fido di calcutta.	fido di calcutta.	fido di calcutta
611	BZ012	1542.645	1543.985	1.34	True	_	0	0	0	0	0	0	0	0	0	False	False	False	False	False	False	False	_	0	1	0	0	((ride))	((ride))	((ride))
612	BZ012	1545.44	1550.05	4.61	True	_	0	0	0	0	0	0	0	0	0	False	False	False	False	False	False	False	_	0	1	0	4	fido e le extension ((ride))	fido e le extension ((ride))	fido e le extension ((ride))
613	BZ009	1550.29	1552.17	1.88	True	_	0	0	0	0	0	0	0	0	0	False	False	False	False	False	False	False	_	0	0	0	4	sei veramente cretino fido.	sei veramente cretino fido.	sei veramente cretino fido
614	BZ012	1552.265	1553.615	1.35	True	_	0	0	0	0	0	0	0	0	0	False	False	False	False	False	False	False	_	0	1	0	0	((ride))	((ride))	((ride))
615	BZ009	1554.315	1554.77	0.455	True	_	0	0	0	0	0	0	0	0	0	False	False	False	False	False	False	False	_	0	0	0	1	guarda,	guarda,	guarda
616	BZ012	1555.375	1557.625	2.25	True	_	0	0	0	0	0	0	0	1	0	False	False	False	False	False	False	False	_	0	0	0	4	<fido con le extension.>	<fido con le extension>.	fido con le extension
617	BZ009	1557.805	1562.735	4.93	True	_	0	0	0	0	0	0	0	0	0	False	False	False	False	False	False	False	_	0	0	0	18	fido adesso però tu non i rompi le palle che io voglio riposarmi un quarto d'ora eh?	fido adesso però tu non i rompi le palle che io voglio riposarmi un quarto d'ora eh?	fido adesso però tu non i rompi le palle che io voglio riposarmi un quarto d' ora eh
618	BZ009	1563.505	1565.595	2.09	True	_	0	0	0	0	0	0	0	0	0	False	False	False	False	False	False	False	_	0	0	0	7	e lo stesso vale per te amorissimo,	e lo stesso vale per te amorissimo,	e lo stesso vale per te amorissimo
619	BZ009	1565.855	1569.51	3.655	True	_	0	0	0	0	0	0	0	0	True	False	False	False	False	False	False	False	_	0	0	0	14	[non: lavori, non si fa ti] va va a [fare quel] che te voi,	[non: lavori, non si fa ti] va va a [fare quel] che te voi,	non lavori non si fa ti va va a fare quel che te voi
620	BZ012	1566.3	1568.02	1.72	True	_	0	0	0	0	0	0	0	1	0	False	False	False	False	False	False	False	_	0	0	0	6	[non ti devo rompere le palle?]	[non ti devo rompere le palle]?	non ti devo rompere le palle
621	BZ012	1568.515	1568.905	0.39	True	_	0	0	0	0	0	0	0	1	0	False	False	False	False	False	False	False	_	0	0	0	1	[ah.]	[ah].	ah
622	BZ012	1569.465	1573.445	3.98	True	_	0	0	0	0	0	0	0	0	True	False	False	False	False	False	False	False	619=0.045	0	1	0	2	hai rotto xxxxx ((ride))	hai rotto xxxxx ((ride))	hai rotto xxxxx ((ride))
623	BZ009	1574.16	1578.36	4.2	True	_	0	0	0	0	0	0	0	0	0	False	False	False	False	False	False	False	_	0	0	0	14	ti vai a fare quel che te voi, vai di là, lavati i capelli,	ti vai a fare quel che te voi, vai di là, lavati i capelli,	ti vai a fare quel che te voi vai di là lavati i capelli
624	BZ009	1578.705	1581.035	2.33	True	_	0	0	0	0	0	0	0	0	0	False	False	False	False	False	False	False	_	0	0	0	7	eh: fai q- tutto quello che vuoi,	eh: fai q- tutto quello che vuoi,	eh fai q- tutto quello che vuoi
625	BZ009	1581.345	1584.615	3.27	True	_	0	0	0	0	0	0	0	0	0	False	False	False	False	False	False	False	_	0	0	0	7	basta che mi <lasciate> in pace eh?	basta che mi <lasciate> in pace eh?	basta che mi lasciate in pace eh
626	BZ009	1586.665	1588.545	1.88	True	_	0	0	0	0	0	0	0	0	0	False	False	False	False	False	False	False	_	0	0	0	6	hai toccato per caso qualcosa qua?	hai toccato per caso qualcosa qua?	hai toccato per caso qualcosa qua
627	BZ012	1588.94	1589.33	0.39	True	_	0	0	0	0	0	0	0	0	0	False	False	False	False	False	False	False	_	0	0	0	1	no.	no.	no
628	BZ012	1589.71	1590.88	1.17	True	_	0	0	0	0	0	0	0	1	0	False	False	False	False	False	False	False	_	0	0	0	3	neanche mai [aperto,]	neanche mai [aperto],	neanche mai aperto
629	BZ009	1590.54	1593.35	2.81	True	_	0	0	0	0	0	0	0	1	0	False	False	False	False	False	False	False	_	0	0	0	8	[<perché] era mezza aperta ma mi sa che,>	[<perché] era mezza aperta ma mi sa che>,	perché era mezza aperta ma mi sa che
630	BZ009	1595.82	1597.49	1.67	True	_	0	0	0	0	0	0	0	0	0	False	False	False	False	False	False	False	_	0	0	0	6	dobbiamo dare un po' d'acqua,	dobbiamo dare un po' d'acqua,	dobbiamo dare un po' d' acqua
631	BZ009	1597.72	1599.02	1.3	True	_	0	0	0	0	0	0	0	0	0	False	False	False	False	False	False	False	_	0	0	0	3	dov'è il:,	dov'è il:,	dov' è il
632	BZ009	1600.905	1602.275	1.37	True	_	0	0	0	0	0	0	0	0	0	False	False	False	False	False	False	False	_	0	0	0	2	l'acqua:,	l'acqua:,	l' acqua
633	BZ009	1603.535	1604.405	0.87	True	_	0	0	0	0	0	0	0	0	0	False	False	False	False	False	False	False	_	0	0	0	4	il coso dell'acqua?	il coso dell'acqua?	il coso dell' acqua
634	BZ012	1604.835	1605.99	1.155	True	_	0	0	0	0	0	0	0	0	0	False	False	False	False	False	False	False	_	0	0	0	3	sotto al lavandino,	sotto al lavandino,	sotto al lavandino
635	BZ009	1607.355	1608.535	1.18	True	_	0	0	0	0	0	0	0	0	0	False	False	False	False	False	False	False	_	0	0	0	7	che vedi che si sta un po',	che vedi che si sta un po',	che vedi che si sta un po'
636	BZ009	1610.11	1612.64	2.53	True	_	0	0	0	0	0	0	0	0	0	False	False	False	False	False	False	False	_	0	0	0	6	sfibrando quindi vuol dire che o,	sfibrando quindi vuol dire che o,	sfibrando quindi vuol dire che o
637	BZ009	1613.66	1615.23	1.57	True	_	0	0	0	0	0	0	0	0	True	False	False	False	False	False	False	False	638=0.045	0	0	0	5	è rimasto un attimo aperto,	è rimasto un attimo aperto,	è rimasto un attimo aperto
638	BZ012	1615.185	1617.735	2.55	True	_	0	0	0	0	0	0	0	1	True	False	False	False	False	False	False	False	_	0	0	0	8	io non l'ho aperta eh, [non ho:,]	io non l'ho aperta eh, [non ho:],	io non l' ho aperta eh non ho
639	BZ009	1616.705	1619.425	2.72	True	_	0	0	0	0	0	0	0	1	True	False	False	False	False	False	False	False	_	1	0	0	6	[il vaso,] o, (.) sotto il lavandino?	[il vaso], o, (.) sotto il lavandino?	il vaso o (.) sotto il lavandino
640	BZ012	1619.39	1621.2	1.81	True	_	0	0	0	0	0	0	0	0	True	False	False	False	False	False	False	False	639=0.035	0	0	0	6	(no cioè) ma togli la sedia.	(no cioè) ma togli la sedia.	no cioè ma togli la sedia
641	BZ009	1621.23	1622.44	1.21	True	_	0	0	0	0	0	0	0	0	0	False	False	False	False	False	False	False	_	0	0	0	5	ma sotto il lavandino dove?	ma sotto il lavandino dove?	ma sotto il lavandino dove
642	BZ012	1622.53	1626.66	4.13	True	_	0	0	0	0	0	1	0	0	0	False	False	False	False	False	True	False	643=0.250	0	0	1, l'-	16	in d- eh eh sotto il lavandino lì sei dove ci sono i bidoncini, se te l'-=	in d- eh eh sotto il lavandino lì sei dove ci sono i bidoncini, se te l'-	in d- eh eh sotto il lavandino lì sei dove ci sono i bidoncini se te l'-
643	BZ009	1626.41	1630.34	3.93	True	_	0	0	0	0	0	1	0	0	0	False	False	False	False	True	False	False	642=0.250,644=2.180	0	0	0	11	=(putain ne pas posible [travale avec de la brute] comme ça)	(putain ne pas posible [travale avec de la brute] comme ça)	putain ne pas posible travale avec de la brute comme ça
644	BZ012	1627.54	1629.72	2.18	True	_	0	0	0	0	0	0	0	1	0	False	False	False	False	False	False	False	_	0	0	0	9	[se c'è la sedia e non la sposti,]	[se c'è la sedia e non la sposti],	se c' è la sedia e non la sposti
645	BZ009	1631.23	1632.4	1.17	True	_	0	0	0	0	0	0	0	1	0	False	False	False	False	False	False	False	_	0	0	0	1	<ingeniore,>	<ingeniore>,	ingeniore
646	BZ009	1633.37	1636.28	2.91	True	_	0	0	0	0	0	0	0	0	0	False	False	False	False	False	False	False	_	0	0	0	5	a::h je suis xx ingenier renato,	a::h je suis xx ingenier renato,	ah je suis xx ingenier renato
647	BZ009	1637.31	1640.41	3.1	True	_	0	0	0	0	0	0	0	0	0	False	False	False	False	False	False	False	_	0	0	0	9	allora risposto anche quel muschio perché lì mi fa,	allora risposto anche quel muschio perché lì mi fa,	allora risposto anche quel muschio perché lì mi fa
648	BZ009	1641.155	1642.345	1.19	True	_	0	0	0	0	0	0	0	0	0	False	False	False	False	False	False	False	_	0	0	0	3	(chie plus part)	(chie plus part)	chie plus part
649	BZ009	1643.605	1644.75	1.145	True	_	0	0	0	0	0	0	0	0	0	False	False	False	False	False	False	False	_	0	0	0	3	(pas) (ne posible,)	(pas) (ne posible,)	pas ne posible
650	BZ012	1649.623	1652.863	3.24	True	_	0	0	0	0	0	0	0	0	0	False	False	False	False	False	False	False	_	0	0	0	9	ma lavorano anche di sabato pomeriggio questi del cantiere?	ma lavorano anche di sabato pomeriggio questi del cantiere?	ma lavorano anche di sabato pomeriggio questi del cantiere
651	BZ009	1655.648	1658.32	2.672	True	_	0	0	0	0	0	1	0	0	0	False	False	False	False	False	True	False	652=0.217	0	0	0	11	ecco, e lo stesso vale anche per voi eh del cantiere=	ecco, e lo stesso vale anche per voi eh del cantiere	ecco e lo stesso vale anche per voi eh del cantiere
652	BZ012	1658.103	1658.713	0.61	True	_	1	0	0	0	0	1	0	0	0	False	False	False	False	False	True	False	651=0.217	0	1	0	0	=((ride))	((ride))	((ride))
653	BZ012	1659.63	1660.753	1.123	True	_	0	0	0	0	0	0	0	0	0	False	False	False	False	False	False	False	_	0	0	0	2	mamma mia,	mamma mia,	mamma mia
654	BZ009	1661.543	1663.823	2.28	True	_	0	0	0	0	0	0	0	0	0	False	False	False	False	False	False	False	_	0	0	0	7	ingegneri del cantiere, vale anche per voi.	ingegneri del cantiere, vale anche per voi.	ingegneri del cantiere vale anche per voi
655	BZ009	1665.368	1667.508	2.14	True	_	0	0	0	0	0	0	0	0	0	False	False	False	False	False	False	False	_	0	0	0	6	(je ne vais pas que tois)	(je ne vais pas que tois)	je ne vais pas que tois
656	BZ009	1668.663	1670.343	1.68	True	_	0	0	0	0	0	0	0	0	0	False	False	False	False	False	False	False	_	0	0	0	4	(me gonfles) le couilles.	(me gonfles) le couilles.	me gonfles le couilles
657	BZ012	1673.728	1679.42	5.692	True	_	0	0	0	0	0	0	0	0	0	False	False	False	False	False	False	False	_	0	0	0	19	ma da quand'è che scriviamo d- sul nostro sul nostro sito che le, le altre farmacie di turno?	ma da quand'è che scriviamo d- sul nostro sul nostro sito che le, le altre farmacie di turno?	ma da quand' è che scriviamo d- sul nostro sul nostro sito che le le altre farmacie di turno
658	BZ009	1680.303	1680.663	0.36	True	_	0	0	0	0	0	0	0	0	0	False	False	False	False	False	False	False	_	0	0	0	1	bah.	bah.	bah
659	BZ012	1682.678	1683.69	1.012	True	_	0	0	0	0	0	1	0	0	0	False	False	False	False	False	True	False	660=0.327	0	0	0	5	eh s'è ben strano=	eh s'è ben strano	eh s' è ben strano
660	BZ009	1683.363	1690.52	7.157	True	_	0	0	0	0	0	1	0	0	0	False	False	False	False	False	True	False	659=0.327,661=0.002	0	2	0	6	=sweet valley sweet valley ah: ((cantando)) ((ride)) guardalo.	sweet valley sweet valley ah: ((cantando)) ((ride)) guardalo.	sweet valley sweet valley ah ((cantando)) ((ride)) guardalo
661	BZ012	1690.518	1691.978	1.46	True	_	0	0	0	0	0	0	0	1	True	False	False	False	False	False	False	False	_	0	0	0	4	tu sei scemo [comunque,]	tu sei scemo [comunque],	tu sei scemo comunque
662	BZ009	1691.473	1694.833	3.36	True	_	1	0	0	0	0	1	0	0	0	False	False	False	False	True	False	False	661=0.505,663=0.145	0	1	0	4	[sweet] valley sweet valley ((cantando))=	[sweet] valley sweet valley ((cantando))	sweet valley sweet valley ((cantando))
663	BZ012	1694.688	1697.688	3.0	True	_	0	0	0	0	0	1	0	0	0	False	False	False	False	False	True	False	662=0.145	0	0	0	9	=pier hai visto della lego la fontana di trevi?	pier hai visto della lego la fontana di trevi?	pier hai visto della lego la fontana di trevi
664	BZ009	1698.203	1700.643	2.44	True	_	0	0	0	0	0	0	0	0	0	False	False	False	False	False	False	False	_	1	0	0	6	sì mi manca. (.) ascoltami, i sassi,	sì mi manca. (.) ascoltami, i sassi,	sì mi manca (.) ascoltami i sassi
665	BZ012	1701.438	1702.058	0.62	True	_	0	0	0	0	0	0	0	0	0	False	False	False	False	False	False	False	_	0	0	0	2	sì ma,	sì ma,	sì ma
666	BZ009	1704.063	1708.563	4.5	True	_	0	0	0	0	0	0	0	1	0	False	False	False	False	False	False	False	_	1	0	0	14	i i sassi, (.) eh: che erano là dentro che poi >dove li abbiamo messi?<	i i sassi, (.) eh: che erano là dentro che poi >dove li abbiamo messi<?	i i sassi (.) eh che erano là dentro che poi dove li abbiamo messi
667	BZ009	1709.668	1711.988	2.32	True	_	0	0	0	0	0	0	0	0	0	False	False	False	False	False	False	False	_	0	0	0	9	perché là secondo me un sassetto ci starebbe bene.	perché là secondo me un sassetto ci starebbe bene.	perché là secondo me un sassetto ci starebbe bene
668	BZ012	1712.033	1714.4254999999998	2.4	True	_	0	0	0	0	0	0	1	0	0	False	False	False	False	False	False	False	_	0	0	0	8	oh madonna ne ho bian- va bene bianco?	oh madonna ne ho bian- va bene bianco?	oh madonna ne ho bian- va bene bianco
669	BZ009	1714.4254999999998	1715.148	0.73	True	_	0	0	0	0	0	0	1	0	0	False	False	False	False	False	False	False	_	0	0	0	2	dove sono?	dove sono?	dove sono
670	BZ009	1715.618	1716.018	0.4	True	_	0	0	0	0	0	0	0	0	0	False	False	False	False	False	False	False	_	0	0	0	1	(ileu)	(ileu)	ileu
671	BZ012	1716.693	1717.323	0.63	True	_	0	0	0	0	0	0	0	0	0	False	False	False	False	False	False	False	_	0	0	0	3	non lo so.	non lo so.	non lo so
672	BZ009	1717.453	1718.183	0.73	True	_	0	0	0	0	0	0	0	0	0	False	False	False	False	False	False	False	_	0	0	0	4	e allora va be',	e allora va be',	e allora va be'
673	BZ009	1718.403	1719.043	0.64	True	_	0	0	0	0	0	0	0	0	0	False	False	False	False	False	False	False	_	0	0	0	1	intanto,	intanto,	intanto
674	BZ012	1719.298	1722.748	3.45	True	_	0	0	0	0	0	0	0	1	0	False	False	False	False	False	False	False	_	0	0	0	12	ah son troppo grossi be' ne prendiamo [se lo troviamo in giro,]	ah son troppo grossi be' ne prendiamo [se lo troviamo in giro],	ah son troppo grossi be' ne prendiamo se lo troviamo in giro
675	BZ009	1721.698	1723.518	1.82	True	_	0	0	0	0	0	0	0	0	0	False	False	False	False	False	False	False	_	0	0	0	9	[va be' intanto lo lasciamo] un attimo qui (dopo.)	[va be' intanto lo lasciamo] un attimo qui (dopo.)	va be' intanto lo lasciamo un attimo qui dopo
676	BZ012	1724.213	1724.713	0.5	True	_	0	0	0	0	0	0	0	0	0	False	False	False	False	False	False	False	_	0	0	0	1	okay.	okay.	okay
677	BZ009	1724.718	1725.498	0.78	True	_	0	0	0	0	0	0	0	0	0	False	False	False	False	False	False	False	_	0	0	0	3	to' così si,	to' così si,	to' così si
678	BZ009	1727.003	1728.313	1.31	True	_	0	0	0	0	0	0	0	0	0	False	False	False	False	False	False	False	_	0	0	0	3	si riprende magari.	si riprende magari.	si riprende magari
679	BZ009	1730.083	1732.483	2.4	True	_	0	0	0	0	0	0	0	0	0	False	False	False	False	False	False	False	_	0	0	0	10	ecco c'è la fontana di trevi della lego giusto?	ecco c'è la fontana di trevi della lego giusto?	ecco c' è la fontana di trevi della lego giusto
680	BZ012	1732.548	1733.028	0.48	True	_	0	0	0	0	0	0	0	0	0	False	False	False	False	False	False	False	_	0	0	0	1	sì.	sì.	sì
681	BZ012	1733.683	1735.173	1.49	True	_	0	0	0	0	0	0	0	0	0	False	False	False	False	False	False	False	_	0	0	0	3	ma è grandissima.	ma è grandissima.	ma è grandissima
682	BZ009	1736.203	1737.093	0.89	True	_	0	0	0	0	0	1	0	0	0	False	False	False	False	False	True	False	683=0.380	0	0	0	2	eh: sì,=	eh: sì,	eh sì
683	BZ012	1736.713	1742.153	5.44	True	_	0	0	0	0	0	1	0	0	0	False	False	False	False	False	True	False	682=0.380	0	0	0	12	=e secondo me è difficilissima perché praticamente è bianca e azzurra. basta.	e secondo me è difficilissima perché praticamente è bianca e azzurra. basta.	e secondo me è difficilissima perché praticamente è bianca e azzurra basta
684	BZ012	1744.288	1748.767	4.479	True	_	0	0	0	0	0	0	0	0	0	False	False	False	False	False	False	False	_	0	0	0	15	ristruttura casa e nascosta nel muro trova una bambola con un messaggio scritto a mano.	ristruttura casa e nascosta nel muro trova una bambola con un messaggio scritto a mano.	ristruttura casa e nascosta nel muro trova una bambola con un messaggio scritto a mano
