tu_id	speaker	start	end	duration	include	variation	W:normalized_spaces	W:numbers	W:accents	W:non_jefferson	W:pauses_trim	W:prosodic_trim	W:moved_boundaries	W:switches	W:overlap_mismatch	E:volume	E:pace	E:guess	E:overlap	E:overlap_mismatch	E:overlap_annotation	E:overlap_time	E:overlap_duration	T:shortpauses	T:nonverbalbehavior	T:errors	T:linguistic	original	text	orthographic
0	BZ001	1.693	2.093	0.4	True	_	0	0	0	0	0	0	0	0	0	False	False	False	False	False	False	False	_	0	0	0	1	okay,	okay,	okay
1	BZ001	3.333	16.88	13.547	True	_	0	0	0	0	0	0	0	1	0	False	False	False	False	False	False	False	_	1	0	0	50	allora io ti chiederei di raccontarmi un po': la tua vita e quello che >ti va di raccontarmi della tua vita,< in relazione, alle lingue. quindi alle lingue che parli, alle lingue che studi, alle lingue che ti piacerebbe studiare, (.) molto liberamente poi in caso ti faccio delle domande io.	allora io ti chiederei di raccontarmi un po': la tua vita e quello che >ti va di raccontarmi della tua vita<, in relazione, alle lingue. quindi alle lingue che parli, alle lingue che studi, alle lingue che ti piacerebbe studiare, (.) molto liberamente poi in caso ti faccio delle domande io.	allora io ti chiederei di raccontarmi un po' la tua vita e quello che ti va di raccontarmi della tua vita in relazione alle lingue quindi alle lingue che parli alle lingue che studi alle lingue che ti piacerebbe studiare (.) molto liberamente poi in caso ti faccio delle domande io
2	BZ005	18.58	19.38	0.8	True	_	0	0	0	0	0	0	0	0	0	False	False	False	False	False	False	False	_	0	0	0	1	allora,	allora,	allora
3	BZ005	19.58	21.887	2.307	True	_	0	0	0	0	0	0	0	0	0	False	False	False	False	False	False	False	_	0	0	0	5	eh:: sono nata in moldavia,	eh:: sono nata in moldavia,	eh sono nata in moldavia
4	BZ005	22.26	25.26	3.0	True	_	0	0	0	0	0	0	0	0	0	False	False	False	False	False	False	False	_	0	0	0	7	quindi la prima lingua che ho conosciuto,	quindi la prima lingua che ho conosciuto,	quindi la prima lingua che ho conosciuto
5	BZ005	25.66	26.793	1.133	True	_	0	0	0	0	0	0	0	0	0	False	False	False	False	False	False	False	_	0	0	0	4	è stato il moldavo,	è stato il moldavo,	è stato il moldavo
6	BZ001	27.046	27.379	0.333	True	_	0	0	0	0	0	0	0	0	0	False	False	False	False	False	False	False	_	0	0	0	2	mh=mh,	mh=mh,	mh mh
7	BZ005	27.472	27.965	0.493	True	_	0	0	0	0	0	0	0	0	0	False	False	False	False	False	False	False	_	0	0	0	1	mh:	mh:	mh
8	BZ005	28.365	28.618	0.253	True	_	0	0	0	0	0	0	0	0	0	False	False	False	False	False	False	False	_	0	0	0	2	c'è	c'è	c' è
9	BZ005	29.058	32.631	3.573	True	_	0	0	0	0	0	0	0	0	0	False	False	False	False	False	False	False	_	2	0	0	9	sarebbe il rumeno, (.) poi nella: (.) nel dialetto moldavo diciamo,	sarebbe il rumeno, (.) poi nella: (.) nel dialetto moldavo diciamo,	sarebbe il rumeno (.) poi nella (.) nel dialetto moldavo diciamo
10	BZ001	32.797	33.224	0.427	True	_	0	0	0	0	0	0	0	0	0	False	False	False	False	False	False	False	_	0	0	0	1	okay,	okay,	okay
11	BZ005	33.657	34.79	1.133	True	_	0	0	0	0	0	0	0	0	0	False	False	False	False	False	False	False	_	0	0	0	1	ehm:	ehm:	ehm
12	BZ005	35.163	43.604	8.441	True	_	0	0	0	0	0	0	0	0	0	False	False	False	False	False	False	False	_	1	0	0	26	e il russo perché: lo parlavano comunque lo parlano ancora i miei, (.) ehm anche se in realtà con i miei genitori non ho mai parlato russo,	e il russo perché: lo parlavano comunque lo parlano ancora i miei, (.) ehm anche se in realtà con i miei genitori non ho mai parlato russo,	e il russo perché lo parlavano comunque lo parlano ancora i miei (.) ehm anche se in realtà con i miei genitori non ho mai parlato russo
13	BZ005	44.437	48.677	4.24	True	_	0	0	0	0	0	0	0	0	0	False	False	False	False	False	False	False	_	0	0	0	12	ehm escamotage che hanno usato: poi quando mi sono trasferita in italia,	ehm escamotage che hanno usato: poi quando mi sono trasferita in italia,	ehm escamotage che hanno usato poi quando mi sono trasferita in italia
14	BZ005	49.164	53.324	4.16	True	_	0	0	0	0	0	0	0	0	0	False	False	False	False	False	False	False	_	0	0	0	16	perché pensavano non lo capissi per dirsi cose tra di loro e invece venivano sgamati subito,	perché pensavano non lo capissi per dirsi cose tra di loro e invece venivano sgamati subito,	perché pensavano non lo capissi per dirsi cose tra di loro e invece venivano sgamati subito
15	BZ001	53.738	56.034	2.296	True	_	0	0	0	0	0	0	0	0	0	False	False	False	False	False	False	False	_	0	0	0	12	ah quindi lo capivi ma non okay non l'hai mai parlato.	ah quindi lo capivi ma non okay non l'hai mai parlato.	ah quindi lo capivi ma non okay non l' hai mai parlato
16	BZ005	56.247	56.491	0.244	True	_	0	0	0	0	0	0	0	1	0	False	False	False	False	False	False	False	_	0	0	0	1	.h	h.	h
17	BZ005	56.569	57.882	1.313	True	_	0	0	0	0	0	0	0	0	0	False	False	False	False	False	False	False	_	0	0	0	6	[lo par-] no con loro no,	[lo par-] no con loro no,	lo par- no con loro no
18	BZ001	56.586	57.082	0.496	True	_	0	0	0	0	0	0	0	1	0	False	False	False	False	False	False	False	_	0	0	0	2	[con loro,]	[con loro],	con loro
19	BZ005	58.174	63.898	5.724	True	_	0	0	0	0	0	0	0	0	0	False	False	False	False	False	False	False	_	0	0	0	15	eh: l'ho parlato da piccola:, con: i miei zii le mie zii perché comunque,	eh: l'ho parlato da piccola:, con: i miei zii le mie zii perché comunque,	eh l' ho parlato da piccola con i miei zii le mie zii perché comunque
20	BZ005	64.205	64.57	0.365	True	_	0	0	0	0	0	0	0	0	0	False	False	False	False	False	False	False	_	0	0	0	1	le,	le,	le
21	BZ005	64.8	65.931	1.131	True	_	0	0	0	0	0	0	0	0	0	False	False	False	False	False	False	False	_	0	0	0	4	due delle mie zie,	due delle mie zie,	due delle mie zie
22	BZ005	66.335	68.804	2.469	True	_	0	0	0	0	0	0	0	0	0	False	False	False	False	False	False	False	_	0	0	0	3	erano sposate con:,	erano sposate con:,	erano sposate con
23	BZ005	69.408	71.539	2.131	True	_	0	0	0	0	0	0	0	0	0	False	False	False	False	False	False	False	_	0	0	0	5	persone di madrelingua russa quindi,	persone di madrelingua russa quindi,	persone di madrelingua russa quindi
24	BZ005	71.808	72.443	0.635	True	_	0	0	0	0	0	0	0	0	0	False	False	False	False	False	False	False	_	0	0	0	2	si parlava,	si parlava,	si parlava
25	BZ001	72.878	73.347	0.469	True	_	0	0	0	0	0	0	0	1	0	False	False	False	False	False	False	False	_	0	0	0	2	[mh=mh,]	[mh=mh],	mh mh
26	BZ005	72.878	73.347	0.469	True	_	0	0	0	0	0	0	0	1	0	False	False	False	False	False	False	False	_	0	0	0	1	[russo.]	[russo].	russo
27	BZ005	74.473	75.751	1.278	True	_	0	0	0	0	0	0	0	0	0	False	False	False	False	False	False	False	_	0	0	0	1	ehm::	ehm::	ehm
28	BZ005	76.291	79.734	3.443	True	_	0	0	0	0	0	0	0	0	0	False	False	False	False	False	False	False	_	0	0	0	9	poi sono arrivata in italia che avevo quattro anni,	poi sono arrivata in italia che avevo quattro anni,	poi sono arrivata in italia che avevo quattro anni
29	BZ005	80.878	82.991	2.113	True	_	0	0	0	0	0	0	0	0	0	False	False	False	False	False	False	False	_	0	0	0	3	e: ho dovuto:,	e: ho dovuto:,	e ho dovuto
30	BZ005	83.461	84.548	1.087	True	_	0	0	0	0	0	0	0	0	0	False	False	False	False	False	False	False	_	0	0	0	3	imparare l'italiano,	imparare l'italiano,	imparare l' italiano
31	BZ001	84.67	85.017	0.347	True	_	0	0	0	0	0	0	0	0	0	False	False	False	False	False	False	False	_	0	0	0	2	mh=mh,	mh=mh,	mh mh
32	BZ005	85.591	86.47	0.879	True	_	0	0	0	0	0	0	0	0	0	False	False	False	False	False	False	False	_	0	0	0	4	però cioè è stato,	però cioè è stato,	però cioè è stato
33	BZ005	86.852	91.565	4.713	True	_	0	0	0	0	0	0	0	0	0	False	False	False	False	False	False	False	_	0	0	0	16	normale >comunque avevo quattro anni< ho fatto un anno di asilo e poi tutte le: scuole,	normale >comunque avevo quattro anni< ho fatto un anno di asilo e poi tutte le: scuole,	normale comunque avevo quattro anni ho fatto un anno di asilo e poi tutte le scuole
34	BZ005	91.931	94.478	2.547	True	_	0	0	0	0	0	0	0	0	0	False	False	False	False	False	False	False	_	0	0	0	12	in concomitanza con le altre persone >quindi non è [stato un pe]so<	in concomitanza con le altre persone >quindi non è [stato un pe]so<	in concomitanza con le altre persone quindi non è stato un peso
35	BZ001	93.896	94.322	0.426	True	_	0	0	0	0	0	0	0	1	0	False	False	False	False	False	False	False	_	0	0	0	2	[mh=mh.]	[mh=mh].	mh mh
36	BZ005	95.018	98.583	3.565	True	_	0	0	0	0	0	0	0	1	0	False	False	False	False	False	False	False	_	0	0	0	17	>è stato più difficile per mia sorella che invece è arrivata qui a nove anni e quin[di:,]<	>è stato più difficile per mia sorella che invece è arrivata qui a nove anni e quin[di:],<	è stato più difficile per mia sorella che invece è arrivata qui a nove anni e quindi
37	BZ001	98.118	98.526	0.408	True	_	0	0	0	0	0	0	0	1	0	False	False	False	False	False	False	False	_	0	0	0	1	[certo,]	[certo],	certo
38	BZ005	99.214	101.761	2.547	True	_	0	0	0	0	0	0	0	0	0	False	False	False	False	False	False	False	_	0	0	0	8	l'hanno messa in una classe: indietro per,	l'hanno messa in una classe: indietro per,	l' hanno messa in una classe indietro per
39	BZ005	101.996	103.396	1.4	True	_	0	0	0	0	0	0	0	0	0	False	False	False	False	False	False	False	_	0	0	0	5	mh farle imparare l'italiano.	mh farle imparare l'italiano.	mh farle imparare l' italiano
40	BZ001	103.527	103.909	0.382	True	_	0	0	0	0	0	0	0	0	0	False	False	False	False	False	False	False	_	0	0	0	1	okay.	okay.	okay
41	BZ005	104.662	107.097	2.435	True	_	0	0	0	0	0	0	0	0	0	False	False	False	False	False	False	False	_	0	0	0	4	e:: poi col tedes-	e:: poi col tedes-	e poi col tedes-
42	BZ005	107.626	110.356	2.73	True	_	0	0	0	0	0	0	0	0	0	False	False	False	False	False	False	False	_	0	0	0	8	con l'italiano ho imparato anche il tedesco,	con l'italiano ho imparato anche il tedesco,	con l' italiano ho imparato anche il tedesco
43	BZ005	110.695	115.165	4.47	True	_	0	0	0	0	0	0	0	0	0	False	False	False	False	False	False	False	_	0	0	0	18	eh all'asilo c'era tipo un co- un'ora alla settimana di tedesco e di inglese [molto: xx]	eh all'asilo c'era tipo un co- un'ora alla settimana di tedesco e di inglese [molto: xx]	eh all' asilo c' era tipo un co- un' ora alla settimana di tedesco e di inglese molto xx
44	BZ001	114.448	115.448	1.0	True	_	0	0	0	0	0	0	0	0	0	False	False	False	False	False	False	False	_	0	0	0	5	[ah già all'asilo] okay.	[ah già all'asilo] okay.	ah già all' asilo okay
45	BZ005	116.074	118.222	2.148	True	_	0	0	0	0	0	0	0	0	0	False	False	False	False	False	False	False	_	0	0	0	7	easy cioè non mi ricordo niente non,	easy cioè non mi ricordo niente non,	easy cioè non mi ricordo niente non
46	BZ005	118.979	120.083	1.104	True	_	0	0	0	0	0	0	0	0	0	False	False	False	False	False	False	False	_	0	0	0	2	e poi,	e poi,	e poi
47	BZ005	120.292	126.146	5.854	True	_	0	0	0	0	0	0	0	0	0	False	False	False	False	False	False	False	_	1	0	0	18	i miei hanno avuto la splendida idea di tuffarmi, (.) nella prima classi plurilingue che è partita a bolzano,	i miei hanno avuto la splendida idea di tuffarmi, (.) nella prima classi plurilingue che è partita a bolzano,	i miei hanno avuto la splendida idea di tuffarmi (.) nella prima classi plurilingue che è partita a bolzano
48	BZ005	127.209	129.496	2.287	True	_	0	0	0	0	0	0	0	0	0	False	False	False	False	False	False	False	_	0	0	0	3	e quindi: ho:,	e quindi: ho:,	e quindi ho
49	BZ005	129.713	132.626	2.913	True	_	0	0	0	0	0	0	0	0	0	False	False	False	False	False	False	False	_	0	0	0	7	ho imparato da subito tedesco e inglese,	ho imparato da subito tedesco e inglese,	ho imparato da subito tedesco e inglese
50	BZ005	133.287	138.549	5.262	True	_	0	0	0	0	0	0	0	0	0	False	False	False	False	False	False	False	_	0	0	0	16	e: a scuola in modo intensivo quindi c'era un'ora in più di lingua tedesca,	e: a scuola in modo intensivo quindi c'era un'ora in più di lingua tedesca,	e a scuola in modo intensivo quindi c' era un' ora in più di lingua tedesca
51	BZ005	138.992	142.148	3.156	True	_	0	0	0	0	0	0	0	0	0	False	False	False	False	False	False	False	_	0	0	0	9	e poi in tedesco ho fatto anche matematica scienze,	e poi in tedesco ho fatto anche matematica scienze,	e poi in tedesco ho fatto anche matematica scienze
52	BZ005	142.827	143.323	0.496	True	_	0	0	0	0	0	0	0	0	0	False	False	False	False	False	False	False	_	0	0	0	1	e,	e,	e
53	BZ005	144.097	146.01	1.913	True	_	0	0	0	0	0	0	0	0	0	False	False	False	False	False	False	False	_	0	0	0	4	storia e geografia, e,	storia e geografia, e,	storia e geografia e
54	BZ005	146.51	147.449	0.939	True	_	0	0	0	0	0	0	0	0	0	False	False	False	False	False	False	False	_	0	0	0	1	ginnastica,	ginnastica,	ginnastica
55	BZ001	147.836	148.14	0.304	True	_	0	0	0	0	0	0	0	0	0	False	False	False	False	False	False	False	_	0	0	0	2	mh=mh,	mh=mh,	mh mh
56	BZ005	149.001	151.714	2.713	True	_	0	0	0	0	0	0	0	0	0	False	False	False	False	False	False	False	_	0	0	0	6	questo alle elementari e alle medie,	questo alle elementari e alle medie,	questo alle elementari e alle medie
57	BZ005	152.592	153.514	0.922	True	_	0	0	0	0	0	0	0	1	0	False	False	False	False	False	False	False	_	0	0	0	1	[ehm,]	[ehm],	ehm
58	BZ001	152.614	153.101	0.487	True	_	0	0	0	0	0	0	0	1	0	False	False	False	False	False	False	False	_	0	0	0	2	[ah però.]	[ah però].	ah però
59	BZ005	153.979	155.527	1.548	True	_	0	0	0	0	0	0	0	0	0	False	False	False	False	False	False	False	_	0	1	0	4	[sì ((ride))] un po' pesante.	[sì ((ride))] un po' pesante.	sì ((ride)) un po' pesante
60	BZ001	153.984	154.349	0.365	True	_	0	0	0	0	0	0	0	0	0	False	False	False	False	False	False	False	_	0	1	0	1	[mh ((ridendo))]	[mh ((ridendo))]	mh ((ridendo))
61	BZ005	156.771	158.032	1.261	True	_	0	0	0	0	0	0	0	0	0	False	False	False	False	False	False	False	_	0	0	0	1	ehm::	ehm::	ehm
62	BZ005	158.806	167.537	8.731	True	_	0	0	0	0	0	0	0	0	0	False	False	False	False	False	False	False	_	0	0	0	33	è stato un un po' critico col senno di poi perché mh se ci penso i miei comunque sapevano poco l'italiano, mi hanno tuffato in una classe in cui si parlava comunque,	è stato un un po' critico col senno di poi perché mh se ci penso i miei comunque sapevano poco l'italiano, mi hanno tuffato in una classe in cui si parlava comunque,	è stato un un po' critico col senno di poi perché mh se ci penso i miei comunque sapevano poco l' italiano mi hanno tuffato in una classe in cui si parlava comunque
63	BZ005	167.871	173.019	5.148	True	_	0	0	0	0	0	0	0	0	0	False	False	False	False	False	False	False	_	0	0	0	21	tanto tedesco quindi non non mi hanno mai potuta seguire: sotto questo aspetto né con l'italiano né con il tedesco.	tanto tedesco quindi non non mi hanno mai potuta seguire: sotto questo aspetto né con l'italiano né con il tedesco.	tanto tedesco quindi non non mi hanno mai potuta seguire sotto questo aspetto né con l' italiano né con il tedesco
64	BZ001	173.293	173.571	0.278	True	_	0	0	0	0	0	0	0	0	0	False	False	False	False	False	False	False	_	0	0	0	1	okay,	okay,	okay
65	BZ005	174.28	177.115	2.835	True	_	0	0	0	0	0	0	0	0	0	False	False	False	False	False	False	False	_	0	1	0	8	anzi sono io che [in realtà] ((ride)) aiuto poi,	anzi sono io che [in realtà] ((ride)) aiuto poi,	anzi sono io che in realtà ((ride)) aiuto poi
66	BZ001	175.319	175.771	0.452	True	_	0	0	0	0	0	0	0	0	0	False	False	False	False	False	False	False	_	0	1	0	0	[((ride))]	[((ride))]	((ride))
67	BZ005	177.793	178.95	1.157	True	_	0	0	0	0	0	0	0	0	0	False	False	False	False	False	False	False	_	0	0	0	1	ehm::	ehm::	ehm
68	BZ005	179.489	182.384	2.895	True	_	0	0	0	0	0	0	0	0	0	False	False	False	False	False	False	False	_	0	0	0	12	è strano perché mia madre tipo andava a udienza da: dalla p-	è strano perché mia madre tipo andava a udienza da: dalla p-	è strano perché mia madre tipo andava a udienza da dalla p-
69	BZ005	182.732	183.61	0.878	True	_	0	0	0	0	0	0	0	0	0	False	False	False	False	False	False	False	_	0	0	0	1	lehrerin,	lehrerin,	lehrerin
70	BZ001	183.793	184.115	0.322	True	_	0	0	0	0	0	0	0	0	0	False	False	False	False	False	False	False	_	0	0	0	2	mh=mh,	mh=mh,	mh mh
71	BZ005	184.263	185.913	1.65	True	_	0	0	0	0	0	0	0	0	0	False	False	False	False	False	False	False	_	0	0	0	4	ehm: e chiedeva s-	ehm: e chiedeva s-	ehm e chiedeva s-
72	BZ005	186.329	193.332	7.003	True	_	0	0	0	0	0	0	0	1	0	False	False	False	False	False	False	False	_	0	0	0	40	cioè le dicevano comunque sì lo sta imparando: bene lo parla >di qua e di là e poi fa eh ma io vado a casa le chiedo di tradurmi qualcosa in tedesco e lei non me lo sa dire no?<	cioè le dicevano comunque sì lo sta imparando: bene lo parla >di qua e di là e poi fa eh ma io vado a casa le chiedo di tradurmi qualcosa in tedesco e lei non me lo sa dire no<?	cioè le dicevano comunque sì lo sta imparando bene lo parla di qua e di là e poi fa eh ma io vado a casa le chiedo di tradurmi qualcosa in tedesco e lei non me lo sa dire no
73	BZ005	193.652	197.144	3.492	True	_	0	0	0	0	0	0	0	0	0	False	False	False	False	False	False	False	_	0	0	0	11	fa signora guardi stia tranquilla non funziona proprio così, è proprio,	fa signora guardi stia tranquilla non funziona proprio così, è proprio,	fa signora guardi stia tranquilla non funziona proprio così è proprio
74	BZ005	197.551	201.435	3.884	True	_	0	0	0	0	0	0	0	0	0	False	False	False	False	False	False	False	_	0	0	0	12	inizia a parlarlo quando si trova nel contesto, nell'ora di lezione,	inizia a parlarlo quando si trova nel contesto, nell'ora di lezione,	inizia a parlarlo quando si trova nel contesto nell' ora di lezione
75	BZ005	201.793	203.872	2.079	True	_	0	0	0	0	0	0	0	0	0	False	False	False	False	False	False	False	_	0	0	0	9	eh sa che il punto di riferimento sono io,	eh sa che il punto di riferimento sono io,	eh sa che il punto di riferimento sono io
76	BZ005	204.289	206.88	2.591	True	_	0	0	0	0	0	0	0	0	0	False	False	False	False	False	False	False	_	0	0	0	12	e quindi con me parla solo tedesco e poi anche coi compagni.	e quindi con me parla solo tedesco e poi anche coi compagni.	e quindi con me parla solo tedesco e poi anche coi compagni
77	BZ001	207.076	207.467	0.391	True	_	0	0	0	0	0	0	0	0	0	False	False	False	False	False	False	False	_	0	0	0	2	mh=mh,	mh=mh,	mh mh
78	BZ005	208.197	209.093	0.896	True	_	0	0	0	0	0	0	0	0	0	False	False	False	False	False	False	False	_	0	0	0	3	e quindi insomma,	e quindi insomma,	e quindi insomma
79	BZ005	209.467	213.571	4.104	True	_	0	0	0	0	0	0	0	0	0	False	False	False	False	False	False	False	_	0	1	0	15	((ride)) ah bello mia figlia sa il tedesco ma a casa n- non lo parla perché,	((ride)) ah bello mia figlia sa il tedesco ma a casa n- non lo parla perché,	((ride)) ah bello mia figlia sa il tedesco ma a casa n- non lo parla perché
80	BZ001	213.75	214.932	1.182	True	_	0	0	0	0	0	0	0	0	0	False	False	False	False	False	False	False	_	0	0	0	5	[eh va be' certo] però insomma,	[eh vabbè certo] però insomma,	eh vabbè certo però insomma
81	BZ005	213.954	214.346	0.392	True	_	0	0	0	0	0	0	0	1	0	False	False	False	False	False	False	False	_	0	0	0	3	[non lo sa.]	[non lo sa].	non lo sa
82	BZ001	215.329	216.337	1.008	True	_	0	0	0	0	0	0	0	0	0	False	False	False	False	False	False	False	_	0	0	0	6	ci voleva un po' di tempo.	ci voleva un po' di tempo.	ci voleva un po' di tempo
83	BZ005	216.464	216.716	0.252	True	_	0	0	0	0	0	0	0	0	0	False	False	False	False	False	False	False	_	0	0	0	1	sì.	sì.	sì
84	BZ005	217.629	218.725	1.096	True	_	0	0	0	0	0	0	0	0	0	False	False	False	False	False	False	False	_	0	0	0	1	ehm::,	ehm::,	ehm
85	BZ005	219.782	222.043	2.261	True	_	0	0	0	0	0	0	0	0	0	False	False	False	False	False	False	False	_	0	0	0	7	poi al- alle medie comunque ho continuato,	poi al- alle medie comunque ho continuato,	poi al- alle medie comunque ho continuato
86	BZ001	222.299	225.43	3.131	True	_	0	0	0	0	0	0	0	0	0	False	False	False	False	False	False	False	_	0	0	0	9	mh=mh quindi tu fino alle medie, parlavi russo,	mh=mh quindi tu fino alle medie, parlavi russo,	mh mh quindi tu fino alle medie parlavi russo
87	BZ001	225.964	226.695	0.731	True	_	0	0	0	0	0	0	0	0	0	False	False	False	False	False	False	False	_	0	0	0	1	moldavo,	moldavo,	moldavo
88	BZ001	227.151	229.282	2.131	True	_	0	0	0	0	0	0	0	1	0	False	False	False	False	False	False	False	_	0	0	0	4	e: italia[no inglese tedesco.]	e: italia[no inglese tedesco].	e italiano inglese tedesco
89	BZ005	228.177	229.704	1.527	True	_	0	0	0	0	0	1	0	0	True	False	False	False	False	False	False	False	_	0	0	0	4	[italiano e tedesco] esatto,=	[italiano e tedesco] esatto,	italiano e tedesco esatto
90	BZ001	229.695	230.295	0.6	True	_	0	0	0	0	0	1	0	0	True	False	False	False	False	False	False	False	89=0.009	0	0	0	3	=già alle medie.	già alle medie.	già alle medie
91	BZ005	230.791	230.965	0.174	True	_	0	0	0	0	0	0	0	0	0	False	False	False	False	False	False	False	_	0	0	0	1	sì.	sì.	sì
92	BZ005	231.326	236.117	4.791	True	_	0	0	0	0	0	0	0	0	0	False	False	False	False	False	False	False	_	0	0	0	18	il russo comunque l'ho l'ho perso strada facendo perché poi è arrivato l'italiano quindi non,	il russo comunque l'ho l'ho perso strada facendo perché poi è arrivato l'italiano quindi non,	il russo comunque l' ho l' ho perso strada facendo perché poi è arrivato l' italiano quindi non
93	BZ005	236.5	238.169	1.669	True	_	0	0	0	0	0	0	0	0	0	False	False	False	False	False	False	False	_	0	0	0	6	diciamo che non lo parlo più,	diciamo che non lo parlo più,	diciamo che non lo parlo più
94	BZ005	238.756	242.547	3.791	True	_	0	0	0	0	0	0	0	0	0	False	False	False	False	False	False	False	_	0	0	0	14	ora perché mi vergogno nel senso che non penso di avere più l'accento:,	ora perché mi vergogno nel senso che non penso di avere più l'accento:,	ora perché mi vergogno nel senso che non penso di avere più l' accento
95	BZ005	242.89	244.212	1.322	True	_	0	0	0	0	0	0	0	1	0	False	False	False	False	False	False	False	_	0	0	0	4	l'accento giusto [diciamo,]	l'accento giusto [diciamo],	l' accento giusto diciamo
96	BZ001	243.904	244.234	0.33	True	_	0	0	0	0	0	0	0	1	0	False	False	False	False	False	False	False	_	0	0	0	2	[mh=mh,]	[mh=mh],	mh mh
97	BZ005	244.682	246.526	1.844	True	_	0	0	0	0	0	0	0	0	0	False	False	False	False	False	False	False	_	0	0	0	6	eh lo capisco più o meno,	eh lo capisco più o meno,	eh lo capisco più o meno
98	BZ005	247.009	247.913	0.904	True	_	0	0	0	0	0	0	0	0	0	False	False	False	False	False	False	False	_	0	0	0	2	lo leggo,	lo leggo,	lo leggo
99	BZ005	248.779	251.77	2.991	True	_	0	0	0	0	0	0	0	0	0	False	False	False	False	False	False	False	_	0	0	0	10	più o meno, cioè nel senso so decifrare il cirillico,	più o meno, cioè nel senso so decifrare il cirillico,	più o meno cioè nel senso so decifrare il cirillico
100	BZ005	252.548	252.983	0.435	True	_	0	0	0	0	0	0	0	0	0	False	False	False	False	False	False	False	_	0	0	0	1	e,	e,	e
101	BZ005	253.474	254.987	1.513	True	_	0	0	0	0	0	0	0	0	0	False	False	False	False	False	False	False	_	0	0	0	3	capisco diciamo l-,	capisco diciamo l-,	capisco diciamo l-
102	BZ005	255.183	258.122	2.939	True	_	0	0	0	0	0	0	0	1	0	False	False	False	False	False	False	False	_	0	0	0	9	l- la parola però non [sempre:,] non sempre ecco,	l- la parola però non [sempre:], non sempre ecco,	l- la parola però non sempre non sempre ecco
103	BZ001	256.657	257.031	0.374	True	_	0	0	0	0	0	0	0	1	0	False	False	False	False	False	False	False	_	0	0	0	2	[ah=ah,]	[ah=ah],	ah ah
104	BZ005	259.431	261.083	1.652	True	_	0	0	0	0	0	0	0	0	0	False	False	False	False	False	False	False	_	0	0	0	1	eh::m	eh::m	ehm
105	BZ005	261.566	263.557	1.991	True	_	0	0	0	0	0	0	0	0	0	False	False	False	False	False	False	False	_	0	0	0	4	poi per questa grandissima,	poi per questa grandissima,	poi per questa grandissima
106	BZ005	263.861	266.427	2.566	True	_	0	0	0	0	0	0	0	0	0	False	False	False	False	False	True	False	107=0.244	0	1	0	5	storia di immersione nelle lingue, ((ridendo))	storia di immersione nelle lingue, ((ridendo))	storia di immersione nelle lingue ((ridendo))
107	BZ001	264.653	264.897	0.244	True	_	0	0	0	0	0	0	0	0	0	False	False	False	False	False	True	False	106=0.244	0	0	0	1	di,	di,	di
108	BZ005	266.997	269.884	2.887	True	_	0	0	0	0	0	0	0	0	0	False	False	False	False	False	False	False	_	0	0	0	13	e anche perché non so la matematica, ho de[ciso di fare] il linguistico,	e anche perché non so la matematica, ho de[ciso di fare] il linguistico,	e anche perché non so la matematica ho deciso di fare il linguistico
109	BZ001	268.81	269.166	0.356	True	_	0	0	0	0	0	0	0	1	0	False	False	False	False	False	False	False	_	0	1	0	0	[((.h))]	[((h.))]	((h.))
110	BZ001	270.541	270.914	0.373	True	_	0	0	0	0	0	0	0	0	0	False	False	False	False	False	False	False	_	0	0	0	1	okay,	okay,	okay
111	BZ005	271.132	276.453	5.321	True	_	0	0	0	0	0	0	0	1	0	False	False	False	False	False	False	False	_	0	0	0	11	e quindi al linguistico, eh:m ho iniziato ad imparare <il francese,>	e quindi al linguistico, eh:m ho iniziato ad imparare <il francese>,	e quindi al linguistico ehm ho iniziato ad imparare il francese
112	BZ005	277.127	277.997	0.87	True	_	0	0	0	0	0	0	0	0	0	False	False	False	False	False	False	False	_	0	0	0	2	dalla prima,	dalla prima,	dalla prima
113	BZ005	278.81	281.61	2.8	True	_	0	0	0	0	0	0	0	0	0	False	False	False	False	False	False	False	_	0	0	0	7	e: poi dalla terza anche lo spagnolo,	e: poi dalla terza anche lo spagnolo,	e poi dalla terza anche lo spagnolo
114	BZ005	283.023	285.128	2.105	True	_	0	0	0	0	0	0	0	0	0	False	False	False	False	False	False	False	_	0	0	0	10	e: il tedesco l'ho perso per strada in realtà.	e: il tedesco l'ho perso per strada in realtà.	e il tedesco l' ho perso per strada in realtà
115	BZ001	285.471	285.845	0.374	True	_	0	0	0	0	0	0	0	1	0	False	False	False	False	False	False	False	_	0	0	0	1	[.h]	[h.]	h
116	BZ005	285.724	286.878	1.154	True	_	0	0	0	0	0	0	0	0	0	False	False	False	False	False	False	False	_	0	0	0	2	[per]ché mh:,	[per]ché mh:,	perché mh
117	BZ005	287.076	289.059	1.983	True	_	0	0	0	0	0	0	0	0	0	False	False	False	False	False	False	False	_	0	0	0	5	ho avuto dei professori poco,	ho avuto dei professori poco,	ho avuto dei professori poco
118	BZ001	289.385	289.62	0.235	True	_	0	0	0	0	0	0	0	0	0	False	False	False	False	False	False	False	_	0	0	0	1	mh.	mh.	mh
119	BZ005	290.011	292.141	2.13	True	_	0	0	0	0	0	0	0	0	0	False	False	False	False	False	False	False	_	0	0	0	9	competenti, e quindi diciamo [che il tedes]co è p-	competenti, e quindi diciamo [che il tedes]co è p-	competenti e quindi diciamo che il tedesco è p-
120	BZ001	291.446	291.837	0.391	True	_	0	0	0	0	0	0	0	1	0	False	False	False	False	False	False	False	_	0	0	0	2	[mh=mh.]	[mh=mh].	mh mh
121	BZ005	292.594	293.828	1.234	True	_	0	0	0	0	0	0	0	0	0	False	False	False	False	False	False	False	_	0	0	0	5	la lingua penso che adesso,	la lingua penso che adesso,	la lingua penso che adesso
122	BZ005	294.442	295.398	0.956	True	_	0	0	0	0	0	0	0	0	0	False	False	False	False	False	False	False	_	0	0	0	4	so parlare di meno,	so parlare di meno,	so parlare di meno
123	BZ005	296.873	298.699	1.826	True	_	0	0	0	0	0	0	0	0	0	False	False	False	False	False	False	False	_	0	0	0	1	ehm::	ehm::	ehm
124	BZ005	299.173	301.399	2.226	True	_	0	0	0	0	0	0	0	0	0	False	False	False	False	False	False	False	_	0	0	0	7	poi ins- insieme allo spagnolo anche perché,	poi ins- insieme allo spagnolo anche perché,	poi ins- insieme allo spagnolo anche perché
125	BZ005	301.769	303.108	1.339	True	_	0	0	0	0	0	0	0	0	0	False	False	False	False	False	False	False	_	0	0	0	5	tre anni comunque sono pochi,	tre anni comunque sono pochi,	tre anni comunque sono pochi
126	BZ001	304.234	305.182	0.948	True	_	0	0	0	0	0	0	0	0	0	False	False	False	False	False	False	False	_	0	0	0	4	eh sì sì certo,	eh sì sì certo,	eh sì sì certo
127	BZ005	305.608	306.582	0.974	True	_	0	0	0	0	0	0	0	0	0	False	False	False	False	False	False	False	_	0	0	0	1	eh::	eh::	eh
128	BZ005	307.369	309.074	1.705	True	_	0	0	0	0	0	0	0	0	0	False	False	False	False	False	False	False	_	0	0	0	4	mh basta insomma non	mh basta insomma non	mh basta insomma non
129	BZ001	309.513	310.747	1.234	True	_	0	0	0	0	0	0	0	0	0	False	False	False	False	False	False	False	_	0	0	0	6	e sei mai stata all'estero?	e sei mai stata all'estero?	e sei mai stata all' estero
130	BZ005	311.613	312.935	1.322	True	_	0	0	0	0	0	0	0	0	0	False	False	False	False	False	False	False	_	0	0	0	3	all'este[ro s:-]	all'este[ro s:-]	all' estero s-
131	BZ001	312.253	314.279	2.026	True	_	0	0	0	0	0	0	0	0	0	False	False	False	False	False	False	False	_	0	0	0	9	[diciamo in rela]zione a queste lingue che hai studiato,	[diciamo in rela]zione a queste lingue che hai studiato,	diciamo in relazione a queste lingue che hai studiato
132	BZ005	314.601	315.323	0.722	True	_	0	0	0	0	0	0	0	0	0	False	False	False	False	False	False	False	_	0	0	0	1	sì,	sì,	sì
133	BZ005	316.123	323.942	7.819	True	_	0	0	0	0	0	0	0	0	0	False	False	False	False	False	False	False	_	0	0	0	20	ehm: durante: le medie ho fatto il primo anno due settimane in germania, per un corso intensivo comunque di tedesco,	ehm: durante: le medie ho fatto il primo anno due settimane in germania, per un corso intensivo comunque di tedesco,	ehm durante le medie ho fatto il primo anno due settimane in germania per un corso intensivo comunque di tedesco
134	BZ005	324.828	329.367	4.539	True	_	0	0	0	0	0	0	0	0	0	False	False	False	False	False	False	False	_	0	0	0	13	eh poi sono stata, in inghilterra una settimana in famiglia sempre alle medie,	eh poi sono stata, in inghilterra una settimana in famiglia sempre alle medie,	eh poi sono stata in inghilterra una settimana in famiglia sempre alle medie
135	BZ005	330.632	333.861	3.229	True	_	0	0	0	0	0	0	0	0	0	False	False	False	False	False	False	False	_	0	0	0	10	e una settimana in francia al liceo sempre in famiglia,	e una settimana in francia al liceo sempre in famiglia,	e una settimana in francia al liceo sempre in famiglia
136	BZ005	334.555	338.91	4.355	True	_	1	0	0	0	0	0	0	1	0	False	True	False	False	False	False	False	_	0	0	0	11	<e poi una settimana in spagna,> sempre al liceo< sempre in famiglia.	<e poi una settimana in spagna>, sempre al liceo<sempre in famiglia.	e poi una settimana in spagna sempre al liceosempre in famiglia
137	BZ001	339.537	339.893	0.356	True	_	0	0	0	0	0	0	0	0	0	False	False	False	False	False	False	False	_	0	0	0	1	okay.	okay.	okay
138	BZ005	340.102	343.328	3.226	True	_	0	0	0	0	0	0	0	0	0	False	False	False	False	False	False	False	_	0	0	0	11	e >per quanto riguarda il rumeno< poi eh è rimasto eh,	e >per quanto riguarda il rumeno< poi eh è rimasto eh,	e per quanto riguarda il rumeno poi eh è rimasto eh
139	BZ005	343.641	344.937	1.296	True	_	0	0	0	0	0	0	0	0	0	False	False	False	False	False	False	False	_	0	0	0	7	quel che è rimasto nel senso che,	quel che è rimasto nel senso che,	quel che è rimasto nel senso che
140	BZ005	345.433	346.033	0.6	True	_	0	0	0	0	0	0	0	0	0	False	False	False	False	False	False	False	_	0	0	0	1	so,	so,	so
141	BZ005	346.32	348.442	2.122	True	_	0	0	0	0	0	0	0	0	0	False	False	False	False	False	False	False	_	0	0	0	8	per come me l'hanno insegnato a casa,	per come me l'hanno insegnato a casa,	per come me l' hanno insegnato a casa
142	BZ005	349.447	352.177	2.73	True	_	0	0	0	0	0	0	0	0	0	False	False	False	False	False	False	False	_	0	0	0	8	che non è comunque il rumeno pulito diciamo,	che non è comunque il rumeno pulito diciamo,	che non è comunque il rumeno pulito diciamo
143	BZ005	353.173	354.356	1.183	True	_	0	0	0	0	0	0	0	0	0	False	False	False	False	False	False	False	_	0	0	0	1	ehm::	ehm::	ehm
144	BZ005	354.838	355.29	0.452	True	_	0	0	0	0	0	0	0	0	0	False	False	False	False	False	False	False	_	0	0	0	2	lo s-	lo s-	lo s-
145	BZ005	355.695	362.512	6.817	True	_	0	0	0	0	0	0	0	0	0	False	False	False	False	False	False	False	_	0	0	0	21	sto provando a riprendere un po' per conto mio nel senso che mi piacerebbe imparare meglio la grammatica, e: tutto quanto,	sto provando a riprendere un po' per conto mio nel senso che mi piacerebbe imparare meglio la grammatica, e: tutto quanto,	sto provando a riprendere un po' per conto mio nel senso che mi piacerebbe imparare meglio la grammatica e tutto quanto
146	BZ005	363.003	370.512	7.509	True	_	0	0	0	0	0	0	0	1	0	False	False	False	False	False	False	False	_	1	0	0	18	eh quindi (.) ascolto comunque programmi in rumeno, [leggo,] ho il telefono impostato in rumeno comunque per non perderlo,	eh quindi (.) ascolto comunque programmi in rumeno, [leggo], ho il telefono impostato in rumeno comunque per non perderlo,	eh quindi (.) ascolto comunque programmi in rumeno leggo ho il telefono impostato in rumeno comunque per non perderlo
147	BZ001	367.11	367.414	0.304	True	_	0	0	0	0	0	0	0	1	0	False	False	False	False	False	False	False	_	0	0	0	1	[ah.]	[ah].	ah
148	BZ005	371.58	378.565	6.985	True	_	0	0	0	0	0	0	0	0	0	False	False	False	False	False	False	False	_	0	0	0	18	ho fatto anche un corso di russo al liceo per: pomeridiano molto, tranquillo comunque [per] riprendere il russo,	ho fatto anche un corso di russo al liceo per: pomeridiano molto, tranquillo comunque [per] riprendere il russo,	ho fatto anche un corso di russo al liceo per pomeridiano molto tranquillo comunque per riprendere il russo
149	BZ001	376.972	377.364	0.392	True	_	0	0	0	0	0	0	0	1	0	False	False	False	False	False	False	False	_	0	0	0	2	[mh=mh,]	[mh=mh],	mh mh
150	BZ005	379.112	380.721	1.609	True	_	0	0	0	0	0	0	0	0	0	False	False	False	False	False	False	False	_	0	0	0	6	e mi sono accorta che comunque,	e mi sono accorta che comunque,	e mi sono accorta che comunque
151	BZ005	381.355	385.138	3.783	True	_	0	0	0	0	0	0	0	1	0	False	False	False	False	False	False	False	_	0	0	0	11	gran parte delle, dei vocaboli li sapevo non era un [problema,]	gran parte delle, dei vocaboli li sapevo non era un [problema],	gran parte delle dei vocaboli li sapevo non era un problema
152	BZ001	384.651	385.12	0.469	True	_	0	0	0	0	0	0	0	1	0	False	False	False	False	False	False	False	_	0	0	0	1	[okay.]	[okay].	okay
153	BZ005	385.638	389.159	3.521	True	_	0	0	0	0	0	0	0	0	0	False	False	False	False	False	False	False	_	0	0	0	10	è stato interessante scoprire: poi la grammatica e tutto quanto.	è stato interessante scoprire: poi la grammatica e tutto quanto.	è stato interessante scoprire poi la grammatica e tutto quanto
154	BZ001	391.02	391.446	0.426	True	_	0	0	0	0	0	0	0	0	0	False	False	False	False	False	False	False	_	0	0	0	1	e:,	e:,	e
155	BZ001	391.803	396.272	4.469	True	_	0	0	0	0	0	0	0	0	0	False	False	False	False	False	False	False	_	0	0	0	14	riprendendo un attimo solo i viaggi all'estero, che esperienze sono fa- cioè che,	riprendendo un attimo solo i viaggi all'estero, che esperienze sono fa- cioè che,	riprendendo un attimo solo i viaggi all' estero che esperienze sono fa- cioè che
156	BZ001	396.642	398.45	1.808	True	_	0	0	0	0	0	0	0	0	0	False	False	False	False	False	False	False	_	0	0	0	7	come sono state come esperienze per te?	come sono state come esperienze per te?	come sono state come esperienze per te
157	BZ005	400.429	402.829	2.4	True	_	0	0	0	0	0	0	0	0	0	False	False	False	False	False	False	False	_	0	0	0	8	eh:: ho avuto più difficoltà con lo spagnolo.	eh:: ho avuto più difficoltà con lo spagnolo.	eh ho avuto più difficoltà con lo spagnolo
158	BZ001	403.086	403.26	0.174	True	_	0	0	0	0	0	0	0	0	0	False	False	False	False	False	False	False	_	0	0	0	1	ah,	ah,	ah
159	BZ005	403.343	405.6885	2.365	True	_	0	0	0	0	0	1	1	0	0	False	False	False	False	False	False	False	_	0	0	0	9	perché comunque l'ho l'ho sempre parlato poco=	perché comunque l'ho l'ho sempre parlato poco	perché comunque l' ho l' ho sempre parlato poco
160	BZ001	405.6885	406.078	0.409	True	_	0	0	0	0	0	1	1	0	0	False	False	False	False	False	False	False	_	0	0	0	1	=certo,	certo,	certo
161	BZ005	406.495	409.547	3.052	True	_	0	0	0	0	0	0	0	0	0	False	False	False	False	False	False	False	_	0	0	0	9	eh: col francese è stato molto facile in realtà,	eh: col francese è stato molto facile in realtà,	eh col francese è stato molto facile in realtà
162	BZ005	409.913	410.104	0.191	True	_	0	0	0	0	0	0	0	0	0	False	False	False	False	False	False	False	_	0	0	0	1	e,	e,	e
163	BZ005	410.421	417.826	7.405	True	_	0	0	0	0	0	0	0	0	0	False	False	False	False	False	False	False	_	0	1	0	27	ho da sempre un rapporto abbastanza pacifico ((ridendo)) col francese perché comunque vuoi per l'italiano vuoi per il rumeno che comunque ha molti: eh ha molte parole,	ho da sempre un rapporto abbastanza pacifico ((ridendo)) col francese perché comunque vuoi per l'italiano vuoi per il rumeno che comunque ha molti: eh ha molte parole,	ho da sempre un rapporto abbastanza pacifico ((ridendo)) col francese perché comunque vuoi per l' italiano vuoi per il rumeno che comunque ha molti eh ha molte parole
164	BZ005	418.119	419.397	1.278	True	_	0	0	0	0	0	0	0	0	0	False	False	False	False	False	False	False	_	0	0	0	3	uguali al francese,	uguali al francese,	uguali al francese
165	BZ005	419.867	421.467	1.6	True	_	0	0	0	0	0	0	0	0	0	False	False	False	False	False	False	False	_	0	0	0	7	eh non è mai stato un problema,	eh non è mai stato un problema,	eh non è mai stato un problema
166	BZ005	421.993	425.68	3.687	True	_	0	0	0	0	0	0	0	0	0	False	False	False	False	False	False	False	_	0	0	0	17	e anzi la famiglia mi faceva commenti tipo capisci anche troppo [stai nel tuo] però va be',	e anzi la famiglia mi faceva commenti tipo capisci anche troppo [stai nel tuo] però va be',	e anzi la famiglia mi faceva commenti tipo capisci anche troppo stai nel tuo però va be'
167	BZ001	424.658	425.11	0.452	True	_	0	0	0	0	0	0	0	0	0	False	False	False	False	False	False	False	_	0	1	0	0	[((ride))]	[((ride))]	((ride))
168	BZ001	426.037	426.889	0.852	True	_	0	0	0	0	0	0	0	0	0	False	False	False	False	False	False	False	_	0	1	0	0	[((ride))]	[((ride))]	((ride))
169	BZ005	426.037	426.889	0.852	True	_	0	0	0	0	0	0	0	0	0	False	False	False	False	False	False	False	_	0	1	0	0	[((ride))]	[((ride))]	((ride))
170	BZ005	427.085	433.055	5.97	True	_	0	0	0	0	0	0	0	0	0	False	False	False	False	False	False	False	_	0	0	0	14	e:: con l'inglese, diciamo che è s- non è stato tanto un problema,	e:: con l'inglese, diciamo che è s- non è stato tanto un problema,	e con l' inglese diciamo che è s- non è stato tanto un problema
171	BZ005	433.598	436.546	2.948	True	_	0	0	0	0	0	0	0	0	0	False	False	False	False	False	False	False	_	0	0	0	6	però appunto essendo inglese: dell'ingilterra,	però appunto essendo inglese: dell'ingilterra,	però appunto essendo inglese dell' ingilterra
172	BZ005	436.8	441.044	4.244	True	_	0	0	0	0	0	0	0	0	0	False	False	False	False	False	False	False	_	0	0	0	12	è comunque diverso io ero abituata comunque sentendo tanta musica in inglese,	è comunque diverso io ero abituata comunque sentendo tanta musica in inglese,	è comunque diverso io ero abituata comunque sentendo tanta musica in inglese
173	BZ005	441.344	442.414	1.07	True	_	0	0	0	0	0	0	0	0	0	False	False	False	False	False	False	False	_	0	0	0	3	all'inglese americano.	all'inglese americano.	all' inglese americano
174	BZ001	442.623	442.803	0.191	True	_	0	0	0	0	0	1	1	0	0	False	False	False	False	False	False	False	_	0	0	0	2	mh=mh,=	mh=mh,	mh mh
175	BZ005	442.803	443.949	1.157	True	_	0	0	0	0	0	1	1	0	0	False	False	False	False	False	False	False	_	0	0	0	4	=che comunque è diverso.	che comunque è diverso.	che comunque è diverso
176	BZ005	444.749	446.27	1.521	True	_	0	0	0	0	0	0	0	0	0	False	False	False	False	False	False	False	_	0	0	0	1	eh::m::	eh::m::	ehm
177	BZ005	447.157	452.085	4.928	True	_	0	0	0	0	0	0	0	0	0	False	False	False	False	False	False	False	_	0	0	0	17	e per il tedesco in- cioè eravamo in un collegio quindi insomma non c'erano:: grandi problemi.	e per il tedesco in- cioè eravamo in un collegio quindi insomma non c'erano:: grandi problemi.	e per il tedesco in- cioè eravamo in un collegio quindi insomma non c' erano grandi problemi
178	BZ001	452.339	452.695	0.356	True	_	0	0	0	0	0	0	0	0	0	False	False	False	False	False	False	False	_	0	0	0	2	mh=mh.	mh=mh.	mh mh
179	BZ005	453.765	463.919	10.154	True	_	0	0	0	0	0	0	0	0	0	False	False	False	False	False	False	False	_	0	0	0	32	non ho dovuto non ho mai <interagito con tedeschi in realtà> c'è sempre stata una cosa molto scolastica o col professore, o comunque in istituto sempre con con gli insegnanti non,	non ho dovuto non ho mai <interagito con tedeschi in realtà> c'è sempre stata una cosa molto scolastica o col professore, o comunque in istituto sempre con con gli insegnanti non,	non ho dovuto non ho mai interagito con tedeschi in realtà c' è sempre stata una cosa molto scolastica o col professore o comunque in istituto sempre con con gli insegnanti non
180	BZ001	463.969	466.352	2.383	True	_	0	0	0	0	0	0	0	0	0	False	False	False	False	False	False	False	_	0	0	0	10	mh=mh, anche a livello locale dici? cioè anche qui?	mh=mh, anche a livello locale dici? cioè anche qui?	mh mh anche a livello locale dici cioè anche qui
181	BZ005	466.504	466.843	0.339	True	_	0	0	0	0	0	0	0	0	0	False	False	False	False	False	False	False	_	0	0	0	1	sì.	sì.	sì
182	BZ005	467.182	471.678	4.496	True	_	0	0	0	0	0	0	0	0	0	False	False	False	False	False	False	False	_	0	0	0	20	cioè nel senso se mi fermano per strada e mi chiedono cose in tedesco [so rispondere] quindi non non ho,	cioè nel senso se mi fermano per strada e mi chiedono cose in tedesco [so rispondere] quindi non non ho,	cioè nel senso se mi fermano per strada e mi chiedono cose in tedesco so rispondere quindi non non ho
183	BZ001	470.131	470.513	0.382	True	_	0	0	0	0	0	0	0	1	0	False	False	False	False	False	False	False	_	0	0	0	2	[mh=mh,]	[mh=mh],	mh mh
184	BZ005	471.904	472.452	0.548	True	_	0	0	0	0	0	0	0	0	0	False	False	False	False	False	False	False	_	0	0	0	1	problemi,	problemi,	problemi
185	BZ005	473.093	480.727	7.637	True	_	0	0	0	0	0	0	1	0	0	False	False	False	False	False	False	False	_	1	0	0	15	ehm:: ho <imparato un po'> ehm:: anche, cioè ho imparato, (.) capisco un po' di dialetto,	ehm:: ho <imparato un po'> ehm:: anche, cioè ho imparato, (.) capisco un po' di dialetto,	ehm ho imparato un po' ehm anche cioè ho imparato (.) capisco un po' di dialetto
186	BZ001	480.727	481.385	0.661	True	_	0	0	0	0	0	0	1	0	0	False	False	False	False	False	False	False	_	0	0	0	2	ah anche,	ah anche,	ah anche
187	BZ005	481.433	490.017	8.584	True	_	0	0	0	0	0	0	0	0	0	False	False	False	False	False	False	False	_	0	0	0	28	[ehm:]m ma questa è tutta esperienza dalle mattinate passate in bus quando i tedeschi mi insultavano e io li guardavo male e lì si rendevano conto che capivo,	[ehm:]m ma questa è tutta esperienza dalle mattinate passate in bus quando i tedeschi mi insultavano e io li guardavo male e lì si rendevano conto che capivo,	ehmm ma questa è tutta esperienza dalle mattinate passate in bus quando i tedeschi mi insultavano e io li guardavo male e lì si rendevano conto che capivo
188	BZ001	481.589	481.98	0.391	True	_	0	0	0	0	0	0	0	1	0	False	False	False	False	False	False	False	_	0	0	0	2	[ah=ah,]	[ah=ah],	ah ah
189	BZ005	490.658	492.737	2.079	True	_	0	0	0	0	0	0	0	0	0	False	False	False	False	False	False	False	_	0	0	0	5	e: però a parlarlo no,	e: però a parlarlo no,	e però a parlarlo no
190	BZ001	493.897	498.21	4.313	True	_	0	0	0	0	0	0	0	0	0	False	False	False	False	False	False	False	_	0	0	0	17	certo è u- be' ma ti è mai capitato l- un contesto anche in cui parlare dialetto?	certo è u- be' ma ti è mai capitato l- un contesto anche in cui parlare dialetto?	certo è u- be' ma ti è mai capitato l- un contesto anche in cui parlare dialetto
191	BZ005	498.24	498.658	0.418	True	_	0	0	0	0	0	0	0	0	0	False	False	False	False	False	False	False	_	0	0	0	1	no,	no,	no
192	BZ001	498.967	499.315	0.348	True	_	0	0	0	0	0	0	0	0	0	False	False	False	False	False	False	False	_	0	0	0	2	mh=mh.	mh=mh.	mh mh
193	BZ001	500.676	501.711	1.035	True	_	0	0	0	0	0	0	0	0	0	False	False	False	False	False	False	False	_	0	0	0	1	ehm:,	ehm:,	ehm
194	BZ001	502.232	508.478	6.246	True	_	0	0	0	0	0	0	0	0	0	False	False	False	False	False	False	False	_	0	0	0	23	dicevi che ha- hai hai impostato per esempio il telefono: in rumeno, o comunque che, entra in qualche modo nella tua vita quotidiana,	dicevi che ha- hai hai impostato per esempio il telefono: in rumeno, o comunque che, entra in qualche modo nella tua vita quotidiana,	dicevi che ha- hai hai impostato per esempio il telefono in rumeno o comunque che entra in qualche modo nella tua vita quotidiana
195	BZ001	508.786	514.082	5.296	True	_	0	0	0	0	0	0	0	0	0	False	False	False	False	False	False	False	_	0	0	0	18	anche le altre lingue? al di fuori dello studio: scolastico entrano in qualche modo nella tua vita quotidiana?	anche le altre lingue? al di fuori dello studio: scolastico entrano in qualche modo nella tua vita quotidiana?	anche le altre lingue al di fuori dello studio scolastico entrano in qualche modo nella tua vita quotidiana
196	BZ001	514.387	515.387	1.0	True	_	0	0	0	0	0	0	0	0	0	False	False	False	False	False	False	False	_	0	0	0	4	a parte la musica,	a parte la musica,	a parte la musica
197	BZ005	515.744	517.196	1.452	True	_	0	0	0	0	0	0	0	0	0	False	False	False	False	False	False	False	_	0	0	0	1	eh:::	eh:::	eh
198	BZ005	517.553	519.196	1.643	True	_	0	0	0	0	0	0	0	0	0	False	False	False	False	False	False	False	_	0	0	0	6	l'inglese per le serie tv,	l'inglese per le serie tv,	l' inglese per le serie tv
199	BZ001	519.553	519.8895	0.347	True	_	0	0	0	0	0	1	1	0	0	False	False	False	False	False	False	False	_	0	0	0	2	mh=mh,=	mh=mh,	mh mh
200	BZ005	519.8895	524.6	4.721	True	_	0	0	0	0	0	1	1	0	0	False	False	False	False	False	False	False	_	0	0	0	16	=diciamo che quando c'è ci sono film: in lingua originale e la lingua la capisco,	diciamo che quando c'è ci sono film: in lingua originale e la lingua la capisco,	diciamo che quando c' è ci sono film in lingua originale e la lingua la capisco
201	BZ005	524.826	526.678	1.852	True	_	0	0	0	0	0	0	0	0	0	False	False	False	False	False	False	False	_	0	0	0	6	cerco di sfruttare questa cosa qui,	cerco di sfruttare questa cosa qui,	cerco di sfruttare questa cosa qui
202	BZ005	527.339	529.296	1.957	True	_	0	0	0	0	0	0	0	0	0	False	False	False	False	False	False	False	_	0	0	0	7	eh quindi le serie tv in inglese,	eh quindi le serie tv in inglese,	eh quindi le serie tv in inglese
203	BZ005	529.548	533.713	4.165	True	_	0	0	0	0	0	0	0	1	0	False	False	False	False	False	False	False	_	0	0	0	12	un paio di film in francese comunque tipo amelie queste cose [qui,]	un paio di film in francese comunque tipo amelie queste cose [qui],	un paio di film in francese comunque tipo amelie queste cose qui
204	BZ001	533.374	533.704	0.33	True	_	0	0	0	0	0	0	0	1	0	False	False	False	False	False	False	False	_	0	0	0	2	[mh=mh,]	[mh=mh],	mh mh
205	BZ005	534.796	537.605	2.809	True	_	0	0	0	0	0	0	0	0	0	False	False	False	False	False	False	False	_	1	0	0	9	ehm: (.) se no per il resto in realtà no,	ehm: (.) se no per il resto in realtà no,	ehm (.) se no per il resto in realtà no
206	BZ005	538.356	543.748	5.392	True	_	0	0	0	0	0	0	0	0	0	False	False	False	False	False	False	False	_	1	0	0	16	ho d- sì devo: (.) sfrutto l- l'inglese in realtà con un: con un mio parente,	ho d- sì devo: (.) sfrutto l- l'inglese in realtà con un: con un mio parente,	ho d- sì devo (.) sfrutto l- l' inglese in realtà con un con un mio parente
207	BZ001	543.883	544.205	0.322	True	_	0	0	0	0	0	0	0	1	0	False	False	False	False	False	False	False	_	0	0	0	1	[ah,]	[ah],	ah
208	BZ005	543.901	547.101	3.2	True	_	0	0	0	0	0	0	0	0	0	False	False	False	False	False	False	False	_	0	1	0	4	[((ri]de)) che:, studia in danimarca,	[((ri]de)) che:, studia in danimarca,	((ri]de)) che studia in danimarca
209	BZ005	547.306	549.045	1.739	True	_	0	0	0	0	0	0	0	0	0	False	False	False	False	False	False	False	_	0	0	0	7	[e una volta] mi ha detto che:,	[e una volta] mi ha detto che:,	e una volta mi ha detto che
210	BZ001	547.336	547.693	0.357	True	_	0	0	0	0	0	0	0	1	0	False	False	False	False	False	False	False	_	0	0	0	1	[okay,]	[okay],	okay
211	BZ005	549.44	551.719	2.279	True	_	0	0	0	0	0	0	0	0	0	False	False	False	False	False	False	False	_	0	0	0	7	il mio accento rumeno o comunque moldavo,	il mio accento rumeno o comunque moldavo,	il mio accento rumeno o comunque moldavo
212	BZ005	552.105	554.505	2.4	True	_	0	0	0	0	0	0	0	0	0	False	False	False	False	False	False	False	_	0	0	0	9	n- cioè non ho un accento rumeno e moldavo,	n- cioè non ho un accento rumeno e moldavo,	n- cioè non ho un accento rumeno e moldavo
213	BZ001	554.553	554.997	0.444	True	_	0	0	0	0	0	0	0	0	0	False	False	False	False	False	False	False	_	0	0	0	1	okay,	okay,	okay
214	BZ005	555.032	558.397	3.365	True	_	0	0	0	0	0	0	0	0	0	False	False	False	False	False	False	False	_	0	0	0	11	diciamo che lo parlo male, perché sono troppo influenzata dall'italiano,	diciamo che lo parlo male, perché sono troppo influenzata dall'italiano,	diciamo che lo parlo male perché sono troppo influenzata dall' italiano
215	BZ001	558.449	558.849	0.4	True	_	0	0	0	0	0	0	0	0	0	False	False	False	False	False	False	False	_	0	0	0	1	aha,	aha,	aha
216	BZ005	558.941	562.471	3.53	True	_	0	0	0	0	0	0	0	0	0	False	False	False	False	False	False	False	_	0	0	0	16	e quindi diciamo che trovare una lingua franca con i più giovani è un po' difficile,	e quindi diciamo che trovare una lingua franca con i più giovani è un po' difficile,	e quindi diciamo che trovare una lingua franca con i più giovani è un po' difficile
217	BZ005	563.006	564.476	1.47	True	_	0	0	0	0	0	0	0	0	0	False	False	False	False	False	False	False	_	0	0	0	5	quindi ci scriviamo in inglese.	quindi ci scriviamo in inglese.	quindi ci scriviamo in inglese
218	BZ001	564.937	567.459	2.522	True	_	0	0	0	0	0	0	0	0	0	False	False	False	False	False	False	False	_	0	1	0	5	ah. va be' interessante questo no? [((ride))]	ah. vabbè interessante questo no? [((ride))]	ah vabbè interessante questo no ((ride))
219	BZ005	566.577	567.464	0.887	True	_	0	0	0	0	0	0	0	0	0	False	False	False	False	False	False	False	_	0	1	0	0	[((ride))]	[((ride))]	((ride))
220	BZ005	567.894	569.259	1.365	True	_	0	0	0	0	0	0	0	0	0	False	False	False	False	False	False	False	_	0	1	0	3	((ride)) sì dopo che,	((ride)) sì dopo che,	((ride)) sì dopo che
221	BZ005	569.563	572.746	3.183	True	_	0	0	0	0	0	0	0	0	0	False	False	False	False	False	False	False	_	0	0	0	16	ti cazziano e ti dicono mh: non sai più parlare la tua lingua è un po',	ti cazziano e ti dicono mh: non sai più parlare la tua lingua è un po',	ti cazziano e ti dicono mh non sai più parlare la tua lingua è un po'
222	BZ005	572.967	573.793	0.826	True	_	0	0	0	0	0	0	0	0	0	False	False	False	False	False	False	False	_	0	0	0	3	così però dai,	così però dai,	così però dai
223	BZ001	574.246	575.767	1.521	True	_	0	0	0	0	0	0	0	0	0	False	False	False	False	False	False	False	_	0	0	0	6	e in famiglia invece parli rumeno,	e in famiglia invece parli rumeno,	e in famiglia invece parli rumeno
224	BZ005	576.48	577.506	1.026	True	_	0	0	0	0	0	0	0	0	0	False	False	False	False	False	False	False	_	0	0	0	1	s:ì,	s:ì,	sì
225	BZ005	577.885	578.859	0.974	True	_	0	0	0	0	0	0	0	0	0	False	False	False	False	False	False	False	_	0	0	0	1	mh::,	mh::,	mh
226	BZ005	579.385	582.985	3.6	True	_	0	0	0	0	0	0	0	0	0	False	False	False	False	False	False	False	_	0	0	0	14	sì principalmente sì nel senso che mi sforzo di parlare rumeno anche se poi,	sì principalmente sì nel senso che mi sforzo di parlare rumeno anche se poi,	sì principalmente sì nel senso che mi sforzo di parlare rumeno anche se poi
227	BZ005	583.224	584.903	1.679	True	_	0	0	0	0	0	0	0	0	0	False	False	False	False	False	False	False	_	0	0	0	6	usiamo anche l'italiano senza problemi.	usiamo anche l'italiano senza problemi.	usiamo anche l' italiano senza problemi
228	BZ001	586.929	587.468	0.539	True	_	0	0	0	0	0	0	0	0	0	False	False	False	False	False	False	False	_	0	0	0	1	okay,	okay,	okay
229	BZ001	587.698	596.576	8.878	True	_	0	0	0	0	0	0	0	0	0	False	False	False	False	False	False	False	_	1	0	0	25	e:: dal punto di vista affettivo invece diciamo che rapporto hai con le varie lingue cioè come le collochi, (.) in una sfera emotiva diciamo così,	e:: dal punto di vista affettivo invece diciamo che rapporto hai con le varie lingue cioè come le collochi, (.) in una sfera emotiva diciamo così,	e dal punto di vista affettivo invece diciamo che rapporto hai con le varie lingue cioè come le collochi (.) in una sfera emotiva diciamo così
230	BZ005	598.05	599.694	1.644	True	_	0	0	0	0	0	0	0	0	0	False	False	False	False	False	False	False	_	0	0	0	2	eh:: okay,	eh:: okay,	eh okay
231	BZ005	600.39	603.372	2.982	True	_	0	0	0	0	0	0	0	0	0	False	False	False	False	False	False	False	_	0	0	0	6	allora, be' il: il rumeno comunque,	allora, be' il: il rumeno comunque,	allora be' il il rumeno comunque
232	BZ005	603.78	609.944	6.164	True	_	0	0	0	0	0	0	0	0	0	False	False	False	False	False	False	False	_	1	0	0	19	e s- sto anche tentando di: riscoprirlo per (.) una questione comunque affettiva perché mi dispiace non averlo mai imparato,	e s- sto anche tentando di: riscoprirlo per (.) una questione comunque affettiva perché mi dispiace non averlo mai imparato,	e s- sto anche tentando di riscoprirlo per (.) una questione comunque affettiva perché mi dispiace non averlo mai imparato
233	BZ005	610.505	615.549	5.044	True	_	0	0	0	0	0	0	0	0	0	False	False	False	False	False	False	False	_	0	0	0	18	e: quindi comunque la riten- cioè è la mia lingua madre, [e vorrei] riprenderla: per questa questione qui.	e: quindi comunque la riten- cioè è la mia lingua madre, [e vorrei] riprenderla: per questa questione qui.	e quindi comunque la riten- cioè è la mia lingua madre e vorrei riprenderla per questa questione qui
234	BZ001	613.208	613.593	0.385	True	_	0	0	0	0	0	0	0	1	0	False	False	False	False	False	False	False	_	0	0	0	2	[mh=mh,]	[mh=mh],	mh mh
235	BZ005	616.384	617.142	0.758	True	_	0	0	0	0	0	0	0	0	0	False	False	False	False	False	False	False	_	0	0	0	1	eh:[:]	eh:[:]	eh
236	BZ001	616.692	619.165	2.473	True	_	0	0	0	0	0	0	0	1	0	False	False	False	False	False	False	False	_	0	0	0	6	[a li]vello standard quindi [intendi no?]	[a li]vello standard quindi [intendi no]?	a livello standard quindi intendi no
237	BZ005	617.934	618.483	0.549	True	_	0	0	0	0	0	0	0	1	0	False	False	False	False	False	False	False	_	0	0	0	1	[esatto,]	[esatto],	esatto
238	BZ005	621.148	623.148	2.0	True	_	0	0	0	0	0	0	0	0	0	False	False	False	False	False	False	False	_	0	0	0	4	poi ovviamente: cioè anche,	poi ovviamente: cioè anche,	poi ovviamente cioè anche
239	BZ005	623.407	625.879	2.472	True	_	0	0	0	0	0	0	0	0	0	False	False	False	False	False	False	False	_	0	0	0	9	con l'italiano ci sono cresciuta quindi nel senso,	con l'italiano ci sono cresciuta quindi nel senso,	con l' italiano ci sono cresciuta quindi nel senso
240	BZ005	626.154	628.891	2.737	True	_	0	0	0	0	0	0	0	0	0	False	False	False	False	False	False	False	_	0	0	0	10	mi trovo più a mio agio a parlare in italiano,	mi trovo più a mio agio a parlare in italiano,	mi trovo più a mio agio a parlare in italiano
241	BZ005	629.746	630.864	1.121	True	_	0	0	0	0	0	0	1	0	0	False	False	False	False	False	False	False	_	0	0	0	2	molto spesso,	molto spesso,	molto spesso
242	BZ001	630.864	631.191	0.33	True	_	0	0	0	0	0	0	1	0	0	False	False	False	False	False	False	False	_	0	0	0	2	mh=mh,	mh=mh,	mh mh
243	BZ005	631.219	635.01	3.791	True	_	0	0	0	0	0	0	0	0	0	False	False	False	False	False	False	False	_	0	0	0	17	eh più spesso di quanto n- io mi trovo a mio agio a parlare in: in rumeno.	eh più spesso di quanto n- io mi trovo a mio agio a parlare in: in rumeno.	eh più spesso di quanto n- io mi trovo a mio agio a parlare in in rumeno
244	BZ001	635.395	635.977	0.582	True	_	0	0	0	0	0	0	0	0	0	False	False	False	False	False	False	False	_	0	0	0	2	come mai?	come mai?	come mai
245	BZ001	636.285	639.461	3.176	True	_	0	0	0	0	0	0	0	0	0	False	False	False	False	False	False	False	_	0	0	0	9	cioè mh mh nel senso rispetto a quali contesti?	cioè mh mh nel senso rispetto a quali contesti?	cioè mh mh nel senso rispetto a quali contesti
246	BZ005	640.066	647.285	7.219	True	_	0	0	0	0	0	0	0	0	0	False	False	False	False	False	False	False	_	1	0	0	24	ma perché col mh col rumeno comunque:, (.) mi hanno fat- cioè mi fanno notare >da quando me l'hanno fatto notare< poi mi sen[to:]	ma perché col mh col rumeno comunque:, (.) mi hanno fat- cioè mi fanno notare >da quando me l'hanno fatto notare< poi mi sen[to:]	ma perché col mh col rumeno comunque (.) mi hanno fat- cioè mi fanno notare da quando me l' hanno fatto notare poi mi sento
247	BZ001	646.501	647.413	0.912	True	_	0	0	0	0	0	0	0	1	0	False	False	False	False	False	False	False	_	0	0	0	3	[per quello okay.]	[per quello okay].	per quello okay
248	BZ005	647.776	648.26	0.484	True	_	0	0	0	0	0	0	0	0	0	False	False	False	False	False	False	False	_	0	0	0	1	mh	mh	mh
249	BZ005	648.518	650.244	1.726	True	_	0	0	0	0	0	0	0	0	0	False	False	False	False	False	False	False	_	0	0	0	7	non in colpa però mh un po',	non in colpa però mh un po',	non in colpa però mh un po'
250	BZ005	650.881	651.596	0.715	True	_	0	0	0	0	0	0	0	0	0	False	False	False	False	False	False	False	_	0	0	0	2	a disagio.	a disagio.	a disagio
251	BZ001	651.936	652.192	0.264	True	_	0	0	0	0	0	1	1	0	0	False	False	False	False	False	False	False	_	0	0	0	2	mh=mh,=	mh=mh,	mh mh
252	BZ005	652.192	656.876	4.692	True	_	0	0	0	0	0	1	1	0	0	False	False	False	False	False	False	False	_	0	0	0	17	=e è una cosa che noto anch'io per esempio quando mi fanno leggere dei testi, mh,	e è una cosa che noto anch'io per esempio quando mi fanno leggere dei testi, mh,	e è una cosa che noto anch' io per esempio quando mi fanno leggere dei testi mh
253	BZ005	657.25	661.845	4.595	True	_	0	0	0	0	0	0	0	0	0	False	False	False	False	False	False	False	_	0	0	0	17	sento di non aver di non saper mettere proprio gli accenti dove vanno quindi è un po',	sento di non aver di non saper mettere proprio gli accenti dove vanno quindi è un po',	sento di non aver di non saper mettere proprio gli accenti dove vanno quindi è un po'
254	BZ005	663.355	664.795	1.44	True	_	0	0	0	0	0	0	0	0	0	False	False	False	False	False	False	False	_	0	0	0	4	pericolosa diciamo la situazione	pericolosa diciamo la situazione	pericolosa diciamo la situazione
255	BZ005	665.279	668.685	3.406	True	_	0	0	0	0	0	0	0	1	0	False	False	False	False	False	False	False	_	0	0	0	12	cioè non non parlerei rumeno pubblicamente con un altro rumeno [ecco così.]	cioè non non parlerei rumeno pubblicamente con un altro rumeno [ecco così].	cioè non non parlerei rumeno pubblicamente con un altro rumeno ecco così
256	BZ001	668.219	668.559	0.34	True	_	0	0	0	0	0	0	0	1	0	False	False	False	False	False	False	False	_	0	0	0	2	[mh=mh.]	[mh=mh].	mh mh
257	BZ005	669.45	673.472	4.022	True	_	0	0	0	0	0	0	0	0	0	False	False	False	False	False	False	False	_	0	0	0	14	poi è una questione diversa com- va be' con un rumeno della romania, a prescindere.	poi è una questione diversa com- vabbè con un rumeno della romania, a prescindere.	poi è una questione diversa com- vabbè con un rumeno della romania a prescindere
258	BZ005	674.148	674.95	0.802	True	_	0	0	0	0	0	0	0	0	0	False	False	False	False	False	False	False	_	0	0	0	1	eh::	eh::	eh
259	BZ005	675.203	676.863	1.66	True	_	0	0	0	0	0	0	0	0	0	False	False	False	False	False	False	False	_	0	0	0	5	con un moldavo forse sì,	con un moldavo forse sì,	con un moldavo forse sì
260	BZ001	676.94	677.336	0.396	True	_	0	0	0	0	0	0	0	0	0	False	False	False	False	False	False	False	_	0	0	0	2	mh=mh,	mh=mh,	mh mh
261	BZ005	677.836	680.99	3.154	True	_	0	0	0	0	0	0	0	1	0	False	False	False	False	False	False	False	_	0	0	0	5	eh però non: <neanche troppo.>	eh però non: <neanche troppo>.	eh però non neanche troppo
262	BZ005	682.419	683.188	0.769	True	_	0	0	0	0	0	0	0	0	0	False	False	False	False	False	False	False	_	0	0	0	1	eh:m,	eh:m,	ehm
263	BZ005	684.029	687.227	3.198	True	_	0	0	0	0	0	0	0	0	0	False	False	False	False	False	False	False	_	0	0	0	10	per la stessa questione affettiva vorrei recuperare anche il russo,	per la stessa questione affettiva vorrei recuperare anche il russo,	per la stessa questione affettiva vorrei recuperare anche il russo
264	BZ005	688.139	690.238	2.099	True	_	0	0	0	0	0	0	0	0	0	False	False	False	False	False	False	False	_	0	0	0	4	eh: quindi impararlo bene,	eh: quindi impararlo bene,	eh quindi impararlo bene
265	BZ005	691.414	692.798	1.384	True	_	0	0	0	0	0	0	0	0	0	False	False	False	False	False	False	False	_	0	0	0	1	mentre,	mentre,	mentre
266	BZ005	693.145	698.079	4.934	True	_	0	0	0	0	0	0	0	0	0	False	False	False	False	False	False	False	_	0	0	0	20	per le altre lingue insomma comunque le ho imparate non c'è niente che mi lega particolarmente alle altre lingue.	per le altre lingue insomma comunque le ho imparate non c'è niente che mi lega particolarmente alle altre lingue.	per le altre lingue insomma comunque le ho imparate non c' è niente che mi lega particolarmente alle altre lingue
267	BZ001	698.244	701.981	3.737	True	_	0	0	0	0	0	0	0	0	0	False	False	False	False	False	False	False	_	0	0	0	15	mh=mh, e c'è qualcune di queste che però magari ti piace particolarmente o,	mh=mh, e c'è qualcune di queste che però magari ti piace particolarmente o,	mh mh e c' è qualcune di queste che però magari ti piace particolarmente o
268	BZ001	702.382	705.415	3.033	True	_	0	0	0	0	0	0	0	0	0	False	False	False	False	False	False	False	_	0	0	0	9	prima dicevi che il francese ti è sempre venuto:	prima dicevi che il francese ti è sempre venuto:	prima dicevi che il francese ti è sempre venuto
269	BZ001	705.728	707.695	1.967	True	_	0	0	0	0	0	0	0	0	0	False	False	False	False	False	False	False	_	0	1	0	5	bene diciamo ((ridendo)) senza difficoltà ma,	bene diciamo ((ridendo)) senza difficoltà ma,	bene diciamo ((ridendo)) senza difficoltà ma
270	BZ001	708.086	714.108	6.022	True	_	0	0	0	0	0	0	0	0	0	False	False	False	False	False	False	False	_	0	0	0	25	a livello più di, se ha senso dirlo, gusto o così ce n'è qualcuna che ti piace di più parlare o leggere o sentire,	a livello più di, se ha senso dirlo, gusto o così ce n'è qualcuna che ti piace di più parlare o leggere o sentire,	a livello più di se ha senso dirlo gusto o così ce n' è qualcuna che ti piace di più parlare o leggere o sentire
271	BZ005	714.696	715.477	0.781	True	_	0	0	0	0	0	0	0	0	0	False	False	False	False	False	False	False	_	0	0	0	2	il francese,	il francese,	il francese
272	BZ001	715.729	716.312	0.583	True	_	0	0	0	0	0	0	0	0	0	False	False	False	False	False	False	False	_	0	0	0	1	okay,	okay,	okay
273	BZ005	716.575	718.158	1.583	True	_	0	0	0	0	0	0	0	0	0	False	False	False	False	False	False	False	_	0	0	0	1	eh::m:	eh::m:	ehm
274	BZ005	718.735	726.524	7.789	True	_	0	0	0	0	0	0	0	0	0	False	False	False	False	False	False	False	_	0	0	0	26	più che altro perché mh con il tedesco da: dalle professoresse che ho avuto al liceo diciamo mi è passata un po' [la voglia] quindi non:,	più che altro perché mh con il tedesco da: dalle professoresse che ho avuto al liceo diciamo mi è passata un po' [la voglia] quindi non:,	più che altro perché mh con il tedesco da dalle professoresse che ho avuto al liceo diciamo mi è passata un po' la voglia quindi non
275	BZ001	724.844	725.074	0.23	True	_	0	0	0	0	0	0	0	0	0	False	False	False	False	False	False	False	_	0	0	0	1	[eh]	[eh]	eh
276	BZ005	726.877	728.152	1.275	True	_	0	0	0	0	0	0	0	0	0	False	False	False	False	False	False	False	_	0	0	0	5	no, lo disdegno un po',	no, lo disdegno un po',	no lo disdegno un po'
277	BZ005	729.003	732.905	3.902	True	_	0	0	0	0	0	0	0	0	0	False	False	False	False	False	False	False	_	0	0	0	11	e: l'inglese invece no, cioè lo trovo abbastanza neutro diciamo.	e: l'inglese invece no, cioè lo trovo abbastanza neutro diciamo.	e l' inglese invece no cioè lo trovo abbastanza neutro diciamo
278	BZ001	733.619	736.729	3.11	True	_	0	0	0	0	0	0	0	0	0	False	False	False	False	False	False	False	_	0	0	0	13	ah quindi il tedesco però dal dal liceo [quindi] da quell'esperienza lì.	ah quindi il tedesco però dal dal liceo [quindi] da quell'esperienza lì.	ah quindi il tedesco però dal dal liceo quindi da quell' esperienza lì
279	BZ005	735.576	735.905	0.329	True	_	0	0	0	0	0	0	0	1	0	False	False	False	False	False	False	False	_	0	0	0	1	[sì,]	[sì],	sì
280	BZ001	737.24	741.647	4.407	True	_	0	0	0	0	0	0	0	0	0	False	False	False	False	False	False	False	_	0	0	0	14	okay prima invece eh quando ti sei trovata, mi raccontavi prima di esserti trovata,	okay prima invece eh quando ti sei trovata, mi raccontavi prima di esserti trovata,	okay prima invece eh quando ti sei trovata mi raccontavi prima di esserti trovata
281	BZ001	742.086	747.034	4.948	True	_	0	0	0	0	0	0	0	1	0	False	False	False	False	False	False	False	_	0	0	0	18	a all'improvviso a parlare più >cioè non solo l'italiano come nuova lingua ma anche il tedesco,<	a all'improvviso a parlare più >cioè non solo l'italiano come nuova lingua ma anche il tedesco<,	a all' improvviso a parlare più cioè non solo l' italiano come nuova lingua ma anche il tedesco
282	BZ001	747.401	751.357	3.956	True	_	0	0	0	0	0	0	0	0	0	False	False	False	False	False	False	False	_	0	0	0	12	lì invece, se ti ricordi, che che rapporto avevi co- col tedesco?	lì invece, se ti ricordi, che che rapporto avevi co- col tedesco?	lì invece se ti ricordi che che rapporto avevi co- col tedesco
283	BZ005	752.22	757.714	5.494	True	_	0	0	0	0	0	0	0	0	0	False	False	False	False	False	False	False	_	0	0	0	20	ah sempre abbas- stato abbastanza pacifico nel [senso che l'ho] imparato al pari dell'italiano quindi non ho sentito,	ah sempre abbas- stato abbastanza pacifico nel [senso che l'ho] imparato al pari dell'italiano quindi non ho sentito,	ah sempre abbas- stato abbastanza pacifico nel senso che l' ho imparato al pari dell' italiano quindi non ho sentito
284	BZ001	754.533	754.852	0.319	True	_	0	0	0	0	0	0	0	1	0	False	False	False	False	False	False	False	_	0	0	0	2	[mh=mh,]	[mh=mh],	mh mh
285	BZ005	758.094	760.39	2.296	True	_	0	0	0	0	0	0	0	0	0	False	False	False	False	False	False	False	_	0	0	0	9	il peso di dover imparare una lingua in più,	il peso di dover imparare una lingua in più,	il peso di dover imparare una lingua in più
286	BZ005	761.259	767.64	6.381	True	_	0	0	0	0	0	0	0	0	0	False	False	False	False	False	False	False	_	0	0	0	21	e: o comunque di doverla inserire già nel[le lingue] che conoscevo. ne stavo imparando due da capo, e quindi era normale,	e: o comunque di doverla inserire già nel[le lingue] che conoscevo. ne stavo imparando due da capo, e quindi era normale,	e o comunque di doverla inserire già nelle lingue che conoscevo ne stavo imparando due da capo e quindi era normale
287	BZ001	763.455	763.818	0.363	True	_	0	0	0	0	0	0	0	1	0	False	False	False	False	False	False	False	_	0	0	0	2	[mh=mh,]	[mh=mh],	mh mh
288	BZ005	768.125	768.763	0.638	True	_	0	0	0	0	0	0	0	0	0	False	False	False	False	False	False	False	_	0	0	0	3	mi ha anche,	mi ha anche,	mi ha anche
289	BZ005	769.043	770.186	1.143	True	_	0	0	0	0	0	0	0	0	0	False	False	False	False	False	False	False	_	0	0	0	1	piaciuto:,	piaciuto:,	piaciuto
290	BZ005	770.411	771.928	1.517	True	_	0	0	0	0	0	0	0	0	0	False	False	False	False	False	False	False	_	0	0	0	6	parecchio cioè nel senso che mi,	parecchio cioè nel senso che mi,	parecchio cioè nel senso che mi
291	BZ005	772.12	777.12	5.0	True	_	0	0	0	0	0	0	0	0	0	False	False	False	False	False	False	False	_	0	0	0	15	piace come lingua ma non non mi va più per per la questione delle professoresse.	piace come lingua ma non non mi va più per per la questione delle professoresse.	piace come lingua ma non non mi va più per per la questione delle professoresse
292	BZ001	777.12	777.461	0.341	True	_	0	0	0	0	0	0	0	0	0	False	False	False	False	False	False	False	_	0	0	0	2	mh=mh.	mh=mh.	mh mh
293	BZ001	777.856	784.164	6.308	True	_	0	0	0	0	0	0	0	0	0	False	False	False	False	False	False	False	_	0	0	0	20	e lingue invece che non hai mai studiato, ma ti piacerebbe ti affascinano per qualche ragione o ti piacerebbe studiare?	e lingue invece che non hai mai studiato, ma ti piacerebbe ti affascinano per qualche ragione o ti piacerebbe studiare?	e lingue invece che non hai mai studiato ma ti piacerebbe ti affascinano per qualche ragione o ti piacerebbe studiare
294	BZ005	785.477	789.132	3.655	True	_	0	0	0	0	0	0	0	1	0	False	False	False	False	False	False	False	_	0	0	0	8	<n:on saprei,> f- forse il portoghese ma x,	<n:on saprei>, f- forse il portoghese ma x,	non saprei f- forse il portoghese ma x
295	BZ005	789.919	795.029	5.11	True	_	0	0	0	0	0	0	0	0	0	False	False	False	False	False	False	False	_	0	0	0	19	cose: (sai per le) ultime tre quattro canzoni [che si se]ntono in radio e che sono portoghesi e che,	cose: (sai per le) ultime tre quattro canzoni [che si se]ntono in radio e che sono portoghesi e che,	cose sai per le ultime tre quattro canzoni che si sentono in radio e che sono portoghesi e che
296	BZ001	792.634	793.139	0.505	True	_	0	0	0	0	0	0	0	1	0	False	False	False	False	False	False	False	_	0	0	1, h.:	0	[.h:]	[h.:]	h.:
297	BZ001	795.123	795.881	0.758	True	_	0	0	0	0	0	0	0	0	0	False	False	False	False	False	False	False	_	0	0	0	3	che canzoni sono?	che canzoni sono?	che canzoni sono
298	BZ005	796.519	799.255	2.736	True	_	0	0	0	0	0	0	0	0	0	False	False	False	False	False	False	False	_	0	0	0	7	mah quelle:: quelle di gaia tipo eh,	mah quelle:: quelle di gaia tipo eh,	mah quelle quelle di gaia tipo eh
299	BZ001	799.354	800.201	0.847	True	_	0	0	0	0	0	0	0	1	0	False	False	False	False	False	False	False	_	0	0	0	3	[ah okay okay.]	[ah okay okay].	ah okay okay
300	BZ005	799.684	801.475	1.791	True	_	0	0	0	0	0	0	0	0	0	False	False	False	False	False	False	False	_	0	0	0	5	[lei è mezza] brasiliana quindi,	[lei è mezza] brasiliana quindi,	lei è mezza brasiliana quindi
301	BZ001	802.09	803.783	1.693	True	_	0	0	0	0	0	0	0	1	0	False	False	False	False	False	False	False	_	0	0	0	3	chega, [(lì) okay.]	chega, [(lì) okay].	chega lì okay
302	BZ005	802.92	803.711	0.791	True	_	0	0	0	0	0	0	0	1	0	False	False	False	False	False	False	False	_	0	0	0	1	[esatto.]	[esatto].	esatto
303	BZ005	804.244	807.804	3.56	True	_	0	0	0	0	0	0	0	0	0	False	False	False	False	False	False	False	_	0	1	0	12	e poi basta in realtà non:, non so non mi spingerei oltre ((ridendo))	e poi basta in realtà non:, non so non mi spingerei oltre ((ridendo))	e poi basta in realtà non non so non mi spingerei oltre ((ridendo))
304	BZ001	808.217	811.81	3.593	True	_	0	0	0	0	0	0	0	0	0	False	False	False	False	False	False	False	_	0	2	0	7	pensavo mi dicessi tabucchi [pessoa autori portoghesi ((ridendo)) ((ride))]	pensavo mi dicessi tabucchi [pessoa autori portoghesi ((ridendo)) ((ride))]	pensavo mi dicessi tabucchi pessoa autori portoghesi ((ridendo)) ((ride))
305	BZ005	809.272	811.843	2.571	True	_	0	0	0	0	0	0	0	1	0	False	False	False	False	False	False	False	_	0	1	0	2	[((ride)) sì be',]	[((ride)) sì be'],	((ride)) sì be'
306	BZ001	813.167	817.926	4.759	True	_	0	0	0	0	0	0	0	0	0	False	False	False	False	False	False	False	_	1	0	0	14	no no scherzavo. (.) eh:m senti e in generale invece nel tuo percorso di studi,	no no scherzavo. (.) eh:m senti e in generale invece nel tuo percorso di studi,	no no scherzavo (.) ehm senti e in generale invece nel tuo percorso di studi
307	BZ001	818.244	823.455	5.211	True	_	0	0	0	0	0	0	0	0	0	False	False	False	False	False	False	False	_	0	0	0	13	arrivare con un bagaglio linguistico già così ampio e consolidato, ti ha aiutata,	arrivare con un bagaglio linguistico già così ampio e consolidato, ti ha aiutata,	arrivare con un bagaglio linguistico già così ampio e consolidato ti ha aiutata
308	BZ001	823.921	826.196	2.275	True	_	0	0	0	0	0	0	0	0	0	False	False	False	False	False	False	False	_	0	0	0	6	ti è servito anche studiare magari:,	ti è servito anche studiare magari:,	ti è servito anche studiare magari
309	BZ001	826.602	829.767	3.165	True	_	0	0	0	0	0	0	0	0	0	False	False	False	False	False	False	False	_	0	0	0	11	eh eh non so all'università per esempio, oppure oppure no?	eh eh non so all'università per esempio, oppure oppure no?	eh eh non so all' università per esempio oppure oppure no
310	BZ005	830.388	831.289	0.901	True	_	0	0	0	0	0	0	0	0	0	False	False	False	False	False	False	False	_	0	0	0	1	s:ì,	s:ì,	sì
311	BZ005	831.591	840.274	8.683	True	_	0	0	0	0	0	0	0	0	0	False	False	False	False	False	False	False	_	0	0	0	22	eh::m ah be' al liceo sono partita comunque avvantaggiata perché avevo già un: un bi due sia di inglese che di tedesco,	eh::m ah be' al liceo sono partita comunque avvantaggiata perché avevo già un: un bi due sia di inglese che di tedesco,	ehm ah be' al liceo sono partita comunque avvantaggiata perché avevo già un un bi due sia di inglese che di tedesco
312	BZ005	840.795	843.302	2.507	True	_	0	0	0	0	0	0	0	0	0	False	False	False	False	False	False	False	_	0	0	0	9	che non è una cosa che si trova molto:,	che non è una cosa che si trova molto:,	che non è una cosa che si trova molto
313	BZ005	843.559	845.625	2.066	True	_	0	0	0	0	0	0	0	0	0	False	False	False	False	False	False	False	_	0	0	0	5	facilmente a: in prima liceo.	facilmente a: in prima liceo.	facilmente a in prima liceo
314	BZ005	846.136	848.444	2.308	True	_	0	0	0	0	0	0	0	0	0	False	False	False	False	False	False	False	_	0	0	0	10	e poi ho fatto le certificazioni più alte insomma dopo.	e poi ho fatto le certificazioni più alte insomma dopo.	e poi ho fatto le certificazioni più alte insomma dopo
315	BZ001	848.472	848.856	0.384	True	_	0	0	0	0	0	0	0	0	0	False	False	False	False	False	False	False	_	0	0	0	2	mh=mh,	mh=mh,	mh mh
316	BZ005	849.824	858.479	8.655	True	_	0	0	0	0	0	0	0	0	0	False	False	False	False	False	False	False	_	0	0	0	25	e: per quanto riguarda le altre lingue s:ì, e soprattutto adesso all'università, perché comunque mh: al di là poi delle lingue di per sé,	e: per quanto riguarda le altre lingue s:ì, e soprattutto adesso all'università, perché comunque mh: al di là poi delle lingue di per sé,	e per quanto riguarda le altre lingue sì e soprattutto adesso all' università perché comunque mh al di là poi delle lingue di per sé
317	BZ005	858.948	865.673	6.725	True	_	0	0	0	0	0	0	0	0	0	False	False	False	False	False	False	False	_	1	0	0	19	in cui va be' ho scelto un corso di lingua e traduzione francese quindi lì (.) sono andata abbastanza s- tranquilla,	in cui vabbè ho scelto un corso di lingua e traduzione francese quindi lì (.) sono andata abbastanza s- tranquilla,	in cui vabbè ho scelto un corso di lingua e traduzione francese quindi lì (.) sono andata abbastanza s- tranquilla
318	BZ005	866.019	867.47	1.451	True	_	0	0	0	0	0	0	0	0	0	False	False	False	False	False	False	False	_	0	0	0	9	che poi in realtà fino a un certo punto.	che poi in realtà fino a un certo punto.	che poi in realtà fino a un certo punto
319	BZ001	868.014	868.42	0.406	True	_	0	0	0	0	0	0	0	0	0	False	False	False	False	False	False	False	_	0	0	0	1	perché?	perché?	perché
320	BZ005	868.849	872.322	3.473	True	_	0	0	0	0	0	0	0	0	0	False	False	False	False	False	False	False	_	1	0	0	5	perché:: (.) comunque è una professoressa,	perché:: (.) comunque è una professoressa,	perché (.) comunque è una professoressa
321	BZ005	872.987	877.47	4.483	True	_	0	0	0	0	0	0	0	0	0	False	False	False	False	False	False	False	_	0	0	0	14	molto competente e che fa sentire il peso della sua competenza quindi anche lì,	molto competente e che fa sentire il peso della sua competenza quindi anche lì,	molto competente e che fa sentire il peso della sua competenza quindi anche lì
322	BZ005	877.765	883.061	5.296	True	_	0	0	0	0	0	0	0	0	0	False	False	False	False	False	False	False	_	2	0	0	20	diciamo che camminavo un po' sulle uova, (.) e poi perché non lo parlavo da (.) due anni, quindi è un po',	diciamo che camminavo un po' sulle uova, (.) e poi perché non lo parlavo da (.) due anni, quindi è un po',	diciamo che camminavo un po' sulle uova (.) e poi perché non lo parlavo da (.) due anni quindi è un po'
323	BZ005	883.496	885.1	1.604	True	_	0	0	0	0	0	0	0	1	0	False	False	False	False	False	False	False	_	0	0	0	6	è un po' sempre difficile [riprendere,]	è un po' sempre difficile [riprendere],	è un po' sempre difficile riprendere
324	BZ001	884.623	884.908	0.285	True	_	0	0	0	0	0	0	0	1	0	False	False	False	False	False	False	False	_	0	0	0	1	[eh,]	[eh],	eh
325	BZ001	886.386	889.65	3.264	True	_	0	0	0	0	0	0	0	1	0	False	False	False	False	False	False	False	_	0	0	0	14	e hai tradotto lì sia dall'italiano al francese che dal francese [all'italiano?]	e hai tradotto lì sia dall'italiano al francese che dal francese [all'italiano]?	e hai tradotto lì sia dall' italiano al francese che dal francese all' italiano
326	BZ005	889.189	889.683	0.494	True	_	0	0	0	0	0	0	0	1	0	False	False	False	False	False	False	False	_	0	0	0	1	[sì,]	[sì],	sì
327	BZ001	890.519	891.409	0.89	True	_	0	0	0	0	0	0	0	0	0	False	False	False	False	False	False	False	_	0	0	0	5	qual è il più difficile?	qual è il più difficile?	qual è il più difficile
328	BZ005	892.783	893.805	1.022	True	_	0	0	0	0	0	0	0	0	0	False	False	False	False	False	False	False	_	0	0	0	1	eh::,	eh::,	eh
329	BZ005	894.201	895.564	1.363	True	_	0	0	0	0	0	0	0	0	0	False	False	False	False	False	False	False	_	0	0	0	4	dall'italiano al francese.	dall'italiano al francese.	dall' italiano al francese
330	BZ001	895.701	896.064	0.363	True	_	0	0	0	0	0	0	0	0	0	False	False	False	False	False	False	False	_	0	0	0	2	mh=mh.	mh=mh.	mh mh
331	BZ001	897.031	899.119	2.088	True	_	0	0	0	0	0	0	0	0	0	False	False	False	False	False	False	False	_	0	0	0	5	per: ragioni di grammatica o,	per: ragioni di grammatica o,	per ragioni di grammatica o
332	BZ005	900.29	904.257	3.967	True	_	0	0	0	0	0	0	0	0	0	False	False	False	False	False	False	False	_	0	0	0	11	mh: no in real- cioè è mh solo che eh la:,	mh: no in real- cioè è mh solo che eh la:,	mh no in real- cioè è mh solo che eh la
333	BZ005	905.09	909.777	4.687	True	_	0	0	0	0	0	0	0	0	0	False	False	False	False	False	False	False	_	0	0	0	14	posso capire il testo in italiano ma per non trovare: le figure di stile,	posso capire il testo in italiano ma per non trovare: le figure di stile,	posso capire il testo in italiano ma per non trovare le figure di stile
334	BZ005	910.039	912.814	2.775	True	_	0	0	0	0	0	0	0	0	0	False	False	False	False	False	False	False	_	0	0	0	9	per esempio adatte in [francese per]ché non le conosco.	per esempio adatte in [francese per]ché non le conosco.	per esempio adatte in francese perché non le conosco
335	BZ001	911.482	911.957	0.475	True	_	0	0	0	0	0	0	0	1	0	False	False	False	False	False	False	False	_	0	0	0	2	[mh=mh,]	[mh=mh],	mh mh
336	BZ005	913.225	916.65	3.425	True	_	0	0	0	0	0	0	0	0	0	False	False	False	False	False	False	False	_	0	0	0	7	oppure per comunque ridare il registro della:,	oppure per comunque ridare il registro della:,	oppure per comunque ridare il registro della
337	BZ005	917.718	918.956	1.238	True	_	0	0	0	0	0	0	0	0	0	False	False	False	False	False	False	False	_	0	0	0	5	del testo [di per] sé	del testo [di per] sé	del testo di per sé
338	BZ001	918.268	918.631	0.363	True	_	0	0	0	0	0	0	0	1	0	False	False	False	False	False	False	False	_	0	0	0	2	[mh=mh,]	[mh=mh],	mh mh
339	BZ005	919.543	921.905	2.362	True	_	0	0	0	0	0	0	0	0	0	False	False	False	False	False	False	False	_	1	0	0	3	sono (.) delle sottigliezze:,	sono (.) delle sottigliezze:,	sono (.) delle sottigliezze
340	BZ005	922.718	923.368	0.65	True	_	0	0	0	0	0	0	0	0	0	False	False	False	False	False	False	False	_	0	0	0	3	non da poco.	non da poco.	non da poco
341	BZ005	924.312	927.674	3.362	True	_	0	0	0	0	0	0	0	0	0	False	False	False	False	False	False	False	_	0	0	0	14	>soprattutto nella traduzione scritta perché poi [con l'orale]< non: non c'è problema.	>soprattutto nella traduzione scritta perché poi [con l'orale]< non: non c'è problema.	soprattutto nella traduzione scritta perché poi con l' orale non non c' è problema
342	BZ001	926.199	926.649	0.45	True	_	0	0	0	0	0	0	0	1	0	False	False	False	False	False	False	False	_	0	0	0	2	[mh=mh,]	[mh=mh],	mh mh
343	BZ001	928.618	928.943	0.325	True	_	0	0	0	0	0	0	0	0	0	False	False	False	False	False	False	False	_	0	0	0	1	sì.	sì.	sì
344	BZ001	929.186	933.649	4.463	True	_	0	0	0	0	0	0	0	0	0	False	False	False	False	False	False	False	_	0	0	0	13	ti ho interrotta scusa stavi dicendo: in generale dello studio universitario: delle lingue,	ti ho interrotta scusa stavi dicendo: in generale dello studio universitario: delle lingue,	ti ho interrotta scusa stavi dicendo in generale dello studio universitario delle lingue
345	BZ005	933.698	934.123	0.425	True	_	0	0	0	0	0	0	0	0	0	False	False	False	False	False	False	False	_	0	0	0	1	mh,	mh,	mh
346	BZ005	934.641	938.316	3.675	True	_	0	0	0	0	0	0	0	0	0	False	False	False	False	False	False	False	_	0	0	0	8	be' eh: mi è servito anche per: a-,	be' eh: mi è servito anche per: a-,	be' eh mi è servito anche per a-
347	BZ005	938.822	944.209	5.387	True	_	0	0	0	0	0	0	0	0	0	False	False	False	False	False	False	False	_	1	0	0	19	una cosa che non c'entra proprio con le lingue ma, (.) per esempio per preparare un: un esame di:,	una cosa che non c'entra proprio con le lingue ma, (.) per esempio per preparare un: un esame di:,	una cosa che non c' entra proprio con le lingue ma (.) per esempio per preparare un un esame di
348	BZ005	944.759	948.246	3.487	True	_	1	0	0	0	0	0	0	0	0	False	False	False	False	False	False	False	_	0	0	1, di,.	11	storia della critica letteraria, lì poi si faceva un'analisi di, .h	storia della critica letteraria, lì poi si faceva un'analisi di,. h	storia della critica letteraria lì poi si faceva un' analisi di,. h
349	BZ005	948.646	958.525	9.879	True	_	0	0	0	0	0	0	0	0	0	False	False	False	False	False	False	False	_	0	0	0	27	eh:m tutto il realismo nel novecento, e quindi venivano prese: diverse opere, e gli estratti delle opere nel libro di testo nel manuale erano in lingua originale,	eh:m tutto il realismo nel novecento, e quindi venivano prese: diverse opere, e gli estratti delle opere nel libro di testo nel manuale erano in lingua originale,	ehm tutto il realismo nel novecento e quindi venivano prese diverse opere e gli estratti delle opere nel libro di testo nel manuale erano in lingua originale
350	BZ001	958.528	959.003	0.475	True	_	0	0	0	0	0	0	0	0	0	False	False	False	False	False	False	False	_	0	0	0	2	mh=mh,	mh=mh,	mh mh
351	BZ005	959.003	967.028	8.025	True	_	0	0	0	0	0	0	0	0	0	False	False	False	False	False	False	False	_	1	0	0	33	che è una cosa che comunque ti facilita lo studio, ci metti di meno, non devi tradurre, (.) eh magari è un'opera che conosco già, che ho già studiato al liceo, quindi insomma,	che è una cosa che comunque ti facilita lo studio, ci metti di meno, non devi tradurre, (.) eh magari è un'opera che conosco già, che ho già studiato al liceo, quindi insomma,	che è una cosa che comunque ti facilita lo studio ci metti di meno non devi tradurre (.) eh magari è un' opera che conosco già che ho già studiato al liceo quindi insomma
352	BZ005	967.628	968.578	0.95	True	_	0	0	0	0	0	0	0	0	0	False	False	False	False	False	False	False	_	0	0	0	1	assolutamente.	assolutamente.	assolutamente
353	BZ001	969.366	969.716	0.35	True	_	0	0	0	0	0	0	0	0	0	False	False	False	False	False	False	False	_	0	0	0	2	eh sì.	eh sì.	eh sì
354	BZ001	970.179	972.529	2.35	True	_	0	0	0	0	0	0	0	0	0	False	False	False	False	False	False	False	_	0	0	0	8	e in generale cosa nel pensi del eh:,	e in generale cosa nel pensi del eh:,	e in generale cosa nel pensi del eh
355	BZ001	973.117	982.242	9.125	True	_	0	0	0	0	0	0	0	0	0	False	False	False	False	False	False	False	_	0	0	0	25	dello studio delle lingue, a livello scolastico, contro >diciamo così< lo studio invece in contesto quindi andare in un posto e parlare la: la lingua?	dello studio delle lingue, a livello scolastico, contro >diciamo così< lo studio invece in contesto quindi andare in un posto e parlare la: la lingua?	dello studio delle lingue a livello scolastico contro diciamo così lo studio invece in contesto quindi andare in un posto e parlare la la lingua
356	BZ005	984.799	985.243	0.444	True	_	0	0	0	0	0	0	0	0	0	False	False	False	False	False	False	False	_	0	0	0	1	mh:	mh:	mh
357	BZ005	986.404	1000.875	14.471	True	_	0	0	0	0	0	0	0	0	0	False	False	False	False	False	False	False	_	1	0	0	43	diciamo che penso che lo studio scolastico sia necessario perché ovviamente non puoi tuffarti: in un luogo: senza sapere nulla. (.) dipende molto dall'età per es- cioè ovviamente io son stata tuffata qui a quattro anni, e poi, l'ho imparato stando qui,	diciamo che penso che lo studio scolastico sia necessario perché ovviamente non puoi tuffarti: in un luogo: senza sapere nulla. (.) dipende molto dall'età per es- cioè ovviamente io son stata tuffata qui a quattro anni, e poi, l'ho imparato stando qui,	diciamo che penso che lo studio scolastico sia necessario perché ovviamente non puoi tuffarti in un luogo senza sapere nulla (.) dipende molto dall' età per es- cioè ovviamente io son stata tuffata qui a quattro anni e poi l' ho imparato stando qui
358	BZ005	1001.367	1004.442	3.075	True	_	0	0	0	0	0	0	0	0	0	False	False	False	False	False	False	False	_	0	0	0	8	eh: non penso sarebbe la stessa cosa adesso,	eh: non penso sarebbe la stessa cosa adesso,	eh non penso sarebbe la stessa cosa adesso
359	BZ005	1004.773	1005.835	1.062	True	_	0	0	0	0	0	0	0	0	0	False	False	False	False	False	False	False	_	0	0	0	2	che comunque,	che comunque,	che comunque
360	BZ005	1006.123	1006.748	0.625	True	_	0	0	0	0	0	0	0	0	0	False	False	False	False	False	False	False	_	0	0	0	2	ne ho @età	ne ho @età	ne ho @età
361	BZ001	1006.966	1007.379	0.413	True	_	0	0	0	0	0	0	0	0	0	False	False	False	False	False	False	False	_	0	0	0	2	mh=mh,	mh=mh,	mh mh
362	BZ005	1007.628	1008.991	1.363	True	_	0	0	0	0	0	0	0	0	0	False	False	False	False	False	False	False	_	0	0	0	1	ehm::,	ehm::,	ehm
363	BZ005	1009.49	1014.765	5.275	True	_	0	0	0	0	0	0	0	0	0	False	False	False	False	False	False	False	_	0	0	0	17	per esempio adesso a riprendere il russo, se lo facessi da autodidatta ma anche seguendo un corso,	per esempio adesso a riprendere il russo, se lo facessi da autodidatta ma anche seguendo un corso,	per esempio adesso a riprendere il russo se lo facessi da autodidatta ma anche seguendo un corso
364	BZ005	1015.108	1019.146	4.038	True	_	0	0	0	0	0	0	0	0	0	False	False	False	False	False	False	False	_	1	0	0	11	sì utile: bello carino però, (.) un viaggio me lo farei comunque.	sì utile: bello carino però, (.) un viaggio me lo farei comunque.	sì utile bello carino però (.) un viaggio me lo farei comunque
365	BZ005	1019.608	1021.258	1.65	True	_	0	0	0	0	0	0	0	0	0	False	False	False	False	False	False	False	_	0	0	0	6	eh quindi è una parte che,	eh quindi è una parte che,	eh quindi è una parte che
366	BZ005	1021.477	1023.764	2.287	True	_	0	0	0	0	0	0	0	0	0	False	False	False	False	False	False	False	_	1	0	0	4	serve, (.) anche per capire:,	serve, (.) anche per capire:,	serve (.) anche per capire
367	BZ005	1024.751	1032.951	8.2	True	_	0	0	0	0	0	0	0	0	0	False	False	False	False	False	False	False	_	1	1	0	23	la lingua per com'è nel senso che finché: la leg- la leggi ((ride)) (.) [finché] la leggi e la la ascolti comunque dalle registrazioni:,	la lingua per com'è nel senso che finché: la leg- la leggi ((ride)) (.) [finché] la leggi e la la ascolti comunque dalle registrazioni:,	la lingua per com' è nel senso che finché la leg- la leggi ((ride)) (.) finché la leggi e la la ascolti comunque dalle registrazioni
368	BZ001	1028.695	1029.182	0.487	True	_	0	0	0	0	0	0	0	1	0	False	False	False	False	False	False	False	_	0	0	0	1	[.h]	[h.]	h
369	BZ005	1033.382	1034.919	1.537	True	_	0	0	0	0	0	0	0	0	0	False	False	False	False	False	False	False	_	1	0	0	5	no- non è mai (.) così.	no- non è mai (.) così.	no- non è mai (.) così
370	BZ005	1035.944	1041.606	5.662	True	_	0	0	0	0	0	0	0	0	0	False	False	False	False	False	False	False	_	0	0	0	20	e qui te ne accorgi quando devi fare le: >certificazioni linguistiche< che ti mettono la gente che parla in stazione.	e qui te ne accorgi quando devi fare le: >certificazioni linguistiche< che ti mettono la gente che parla in stazione.	e qui te ne accorgi quando devi fare le certificazioni linguistiche che ti mettono la gente che parla in stazione
371	BZ001	1041.806	1042.469	0.663	True	_	0	0	0	0	0	0	0	0	0	False	False	False	False	False	False	False	_	0	1	0	0	((ride))	((ride))	((ride))
372	BZ005	1042.556	1043.543	0.987	True	_	0	0	0	0	0	0	0	0	0	False	False	False	False	False	False	False	_	0	0	0	1	quindi:,	quindi:,	quindi
373	BZ001	1043.693	1049.48	5.787	True	_	0	0	0	0	0	0	0	0	0	False	False	False	False	False	False	False	_	2	0	0	20	e con le certificazioni come com'è andata? ce n'è stata qualcuna (.) più ostica di altre da: (.) da prendere?	e con le certificazioni come com'è andata? ce n'è stata qualcuna (.) più ostica di altre da: (.) da prendere?	e con le certificazioni come com' è andata ce n' è stata qualcuna (.) più ostica di altre da (.) da prendere
374	BZ005	1050.642	1052.567	1.925	True	_	0	0	0	0	0	0	0	0	0	False	False	False	False	False	False	False	_	0	0	0	5	m:a sono state tutte ostiche.	m:a sono state tutte ostiche.	ma sono state tutte ostiche
375	BZ001	1052.748	1053.0385	0.3	True	_	0	0	0	0	0	0	1	0	0	False	False	False	False	False	False	False	_	0	0	0	2	mh=mh,	mh=mh,	mh mh
376	BZ005	1053.0385	1054.479	1.45	True	_	0	0	0	0	0	0	1	0	0	False	False	False	False	False	False	False	_	0	0	0	6	nel senso quelle più alte sì,	nel senso quelle più alte sì,	nel senso quelle più alte sì
377	BZ005	1055.198	1055.885	0.687	True	_	0	0	0	0	0	1	0	0	True	False	False	False	False	False	False	False	378=0.075	0	0	0	2	eh:: quel-=	eh:: quel-	eh quel-
378	BZ001	1055.81	1058.022	2.212	True	_	0	0	0	0	0	1	0	1	True	False	False	False	False	False	False	False	_	1	0	0	7	=qual quali hai innanzitutto? (.) se posso chie[derti,]	qual quali hai innanzitutto? (.) se posso chie[derti],	qual quali hai innanzitutto (.) se posso chiederti
379	BZ005	1057.735	1058.672	0.937	True	_	0	0	0	0	0	0	0	1	0	False	False	False	False	False	False	False	_	0	0	0	1	[allora,]	[allora],	allora
380	BZ005	1059.222	1063.797	4.575	True	_	0	0	0	0	0	0	0	0	0	False	False	False	False	False	False	False	_	0	0	0	13	ho un ci uno di tedesco, uno di francese, e uno di inglese,	ho un ci uno di tedesco, uno di francese, e uno di inglese,	ho un ci uno di tedesco uno di francese e uno di inglese
381	BZ005	1064.09	1067.765	3.675	True	_	0	0	0	0	0	0	0	0	0	False	False	False	False	False	False	False	_	0	0	0	12	e poi ho un: bi due attestato di spagnolo per la maturità.	e poi ho un: bi due attestato di spagnolo per la maturità.	e poi ho un bi due attestato di spagnolo per la maturità
382	BZ005	1069.358	1070.358	1.0	True	_	0	0	0	0	0	0	0	0	0	False	False	False	False	False	False	False	_	0	0	0	1	eh:[m:]	eh:[m:]	ehm
383	BZ001	1070.277	1071.489	1.212	True	_	0	0	0	0	0	1	0	0	True	False	False	False	False	False	False	False	_	0	0	0	6	[di rus]so non hai mai fatto,=	[di rus]so non hai mai fatto,	di russo non hai mai fatto
384	BZ005	1071.339	1072.902	1.563	True	_	0	0	0	0	0	1	0	0	0	False	False	False	False	False	True	False	383=0.150	0	0	0	6	=di russo non ho fatto nulla,	di russo non ho fatto nulla,	di russo non ho fatto nulla
385	BZ005	1073.226	1075.351	2.125	True	_	0	0	0	0	0	0	0	0	0	False	False	False	False	False	False	False	_	0	0	0	12	e non penso che farò mai [nul- cioè non] non lo so,	e non penso che farò mai [nul- cioè non] non lo so,	e non penso che farò mai nul- cioè non non lo so
386	BZ001	1074.394	1074.919	0.525	True	_	0	0	0	0	0	0	0	1	0	False	False	False	False	False	False	False	_	0	0	0	1	[no?]	[no]?	no
387	BZ005	1075.737	1078.837	3.1	True	_	0	0	0	0	0	0	0	0	0	False	False	False	False	False	False	False	_	0	0	0	6	dovrei: riprenderlo abbastanza seriamente diciamo che,	dovrei: riprenderlo abbastanza seriamente diciamo che,	dovrei riprenderlo abbastanza seriamente diciamo che
388	BZ005	1079.031	1082.656	3.625	True	_	0	0	0	0	0	0	0	0	0	False	False	False	False	False	False	False	_	0	0	0	11	quei cinquanta vocaboli che so non non [penso siano] molto utili,	quei cinquanta vocaboli che so non non [penso siano] molto utili,	quei cinquanta vocaboli che so non non penso siano molto utili
389	BZ001	1081.137	1081.837	0.7	True	_	0	0	0	0	0	0	0	1	0	False	False	False	False	False	False	False	_	0	0	0	1	[.h]	[h.]	h
390	BZ005	1084.181	1096.231	12.05	True	_	0	0	0	0	0	0	0	0	0	False	False	False	False	False	False	False	_	0	0	0	39	eh: col tedesco è stato più facile perché: ho iniziato a farle dalla quinta elementare quarta ho fatto a uno a due quarta e quinta, e poi è stato abbastanza progressivo quindi bi uno bi due in: alle medie,	eh: col tedesco è stato più facile perché: ho iniziato a farle dalla quinta elementare quarta ho fatto a uno a due quarta e quinta, e poi è stato abbastanza progressivo quindi bi uno bi due in: alle medie,	eh col tedesco è stato più facile perché ho iniziato a farle dalla quinta elementare quarta ho fatto a uno a due quarta e quinta e poi è stato abbastanza progressivo quindi bi uno bi due in alle medie
391	BZ001	1096.712	1098.9	2.188	True	_	0	0	0	0	0	0	0	0	0	False	False	False	False	False	False	False	_	0	1	0	0	((ride))	((ride))	((ride))
392	BZ001	1099.193	1101.655	2.462	True	_	0	0	0	0	0	0	0	0	0	False	False	False	False	False	False	False	_	1	1	0	3	[complimenti (.) che invidia ((ridendo))]	[complimenti (.) che invidia ((ridendo))]	complimenti (.) che invidia ((ridendo))
393	BZ005	1099.193	1101.655	2.462	True	_	0	0	0	0	0	0	0	0	0	False	False	False	False	False	False	False	_	0	1	0	0	[((ride))]	[((ride))]	((ride))
394	BZ005	1102.243	1104.555	2.312	True	_	0	0	0	0	0	0	0	0	0	False	False	False	False	False	False	False	_	0	0	0	5	e poi il ci uno::,	e poi il ci uno::,	e poi il ci uno
395	BZ005	1104.918	1106.33	1.412	True	_	0	0	0	0	0	0	0	0	0	False	False	False	False	False	False	False	_	0	0	0	3	al: al liceo,	al: al liceo,	al al liceo
396	BZ005	1107.155	1114.068	6.913	True	_	0	0	0	0	0	0	0	0	0	False	False	False	False	False	False	False	_	0	0	0	23	molto scoraggiata perché comunque non avevo una pre- cioè non avevo la professoressa che mi stesse dietro o comunque che mi stesse preparando:,	molto scoraggiata perché comunque non avevo una pre- cioè non avevo la professoressa che mi stesse dietro o comunque che mi stesse preparando:,	molto scoraggiata perché comunque non avevo una pre- cioè non avevo la professoressa che mi stesse dietro o comunque che mi stesse preparando
397	BZ005	1114.405	1118.78	4.375	True	_	0	0	0	0	0	0	0	0	0	False	False	False	False	False	False	False	_	0	0	0	18	o almeno avesse mantenuto un bi due. quindi diciamo che me la sono cavata un po' da sola,	o almeno avesse mantenuto un bi due. quindi diciamo che me la sono cavata un po' da sola,	o almeno avesse mantenuto un bi due quindi diciamo che me la sono cavata un po' da sola
398	BZ005	1119.973	1120.511	0.538	True	_	0	0	0	0	0	0	0	0	0	False	False	False	False	False	False	False	_	0	0	0	1	[e:]	[e:]	e
399	BZ001	1120.386	1122.148	1.762	True	_	0	0	0	0	0	0	0	0	0	False	False	False	False	False	False	False	_	0	0	0	11	[e a che] punto del liceo hai fatto il ci uno?	[e a che] punto del liceo hai fatto il ci uno?	e a che punto del liceo hai fatto il ci uno
400	BZ005	1122.711	1124.086	1.375	True	_	0	0	0	0	0	0	0	0	0	False	False	False	False	False	False	False	_	1	0	0	3	a: in, (.) terza.	a: in, (.) terza.	a in (.) terza
401	BZ001	1124.129	1127.829	3.7	True	_	0	0	0	0	0	0	0	0	0	False	False	False	False	False	False	False	_	1	1	0	11	ah però. eh be' insomma, (.) ((ride)) non è scontato per niente direi,	ah però. eh be' insomma, (.) ((ride)) non è scontato per niente direi,	ah però eh be' insomma (.) ((ride)) non è scontato per niente direi
402	BZ005	1129.248	1129.96	0.712	True	_	0	0	0	0	0	0	0	0	0	False	False	False	False	False	False	False	_	0	0	0	1	e::,	e::,	e
403	BZ005	1130.335	1133.948	3.613	True	_	0	0	0	0	0	0	0	1	0	False	False	False	False	False	False	False	_	0	0	0	5	poi <francese l'ho fatto:,>	poi <francese l'ho fatto:>,	poi francese l' ho fatto
404	BZ005	1134.335	1135.422	1.087	True	_	0	0	0	0	0	0	0	0	0	False	False	False	False	False	False	False	_	0	0	0	2	in quinta,	in quinta,	in quinta
405	BZ005	1136.034	1137.197	1.163	True	_	0	0	0	0	0	0	0	0	0	False	False	False	False	False	False	False	_	0	0	0	3	e anche inglese,	e anche inglese,	e anche inglese
406	BZ005	1138.446	1141.196	2.75	True	_	0	0	0	0	0	0	0	0	0	False	False	False	False	False	False	False	_	0	0	0	6	francese è stato: francese è pesante.	francese è stato: francese è pesante.	francese è stato francese è pesante
407	BZ005	1141.652	1146.002	4.35	True	_	0	0	0	0	0	0	0	0	0	False	False	False	False	False	False	False	_	0	0	0	10	francese è proprio dura la parte scritta perché è un:,	francese è proprio dura la parte scritta perché è un:,	francese è proprio dura la parte scritta perché è un
408	BZ005	1147.871	1152.496	4.625	True	_	0	0	0	0	0	0	0	0	0	False	False	False	False	False	False	False	_	0	0	0	12	è proprio seguire la metodologia francese quindi anche nella stesura dei testi,	è proprio seguire la metodologia francese quindi anche nella stesura dei testi,	è proprio seguire la metodologia francese quindi anche nella stesura dei testi
409	BZ001	1152.564	1153.014	0.45	True	_	0	0	0	0	0	0	0	0	0	False	False	False	False	False	False	False	_	0	0	0	2	mh=mh,	mh=mh,	mh mh
410	BZ005	1153.258	1156.12	2.862	True	_	0	0	0	0	0	0	0	0	0	False	False	False	False	False	False	False	_	0	0	0	6	ehm: che è una cosa ostica,	ehm: che è una cosa ostica,	ehm che è una cosa ostica
411	BZ005	1156.533	1158.695	2.162	True	_	0	0	0	0	0	0	0	0	0	False	False	False	False	False	False	False	_	0	0	0	7	per chi non ha una preparazione adeguata.	per chi non ha una preparazione adeguata.	per chi non ha una preparazione adeguata
412	BZ005	1159.02	1164.158	5.138	True	_	0	0	0	0	0	0	0	0	0	False	False	False	False	False	False	False	_	0	0	0	17	nel senso che io sono stata fortunata perché al liceo poi dalla terza, ho fatto la sezione @nomesezione	nel senso che io sono stata fortunata perché al liceo poi dalla terza, ho fatto la sezione @nomesezione	nel senso che io sono stata fortunata perché al liceo poi dalla terza ho fatto la sezione @nomesezione
413	BZ005	1164.595	1171.95	7.355	True	_	0	0	0	0	0	0	0	0	0	False	False	False	False	False	False	False	_	0	0	0	21	e quindi ho fatto un'ora in più di francese, letteratura, e le due ore di storia erano in francese quindi,	e quindi ho fatto un'ora in più di francese, letteratura, e le due ore di storia erano in francese quindi,	e quindi ho fatto un' ora in più di francese letteratura e le due ore di storia erano in francese quindi
414	BZ005	1172.37	1173.182	0.812	True	_	0	0	0	0	0	0	0	0	0	False	False	False	False	False	False	False	_	0	0	0	1	ehm,	ehm,	ehm
415	BZ005	1173.62	1179.107	5.487	True	_	0	0	0	0	0	0	0	0	0	False	False	False	False	False	False	False	_	0	0	0	13	mi è stato insegnato proprio basandosi sui: eh programmi di studio della francia,	mi è stato insegnato proprio basandosi sui: eh programmi di studio della francia,	mi è stato insegnato proprio basandosi sui eh programmi di studio della francia
416	BZ001	1179.257	1179.707	0.45	True	_	0	0	0	0	0	0	0	0	0	False	False	False	False	False	False	False	_	0	0	0	2	mh=mh,	mh=mh,	mh mh
417	BZ005	1179.751	1183.05	3.299	True	_	0	0	0	0	0	0	0	0	0	False	False	False	False	False	False	False	_	0	0	0	9	ministeriali e quindi i libri di testo la metodologia,	ministeriali e quindi i libri di testo la metodologia,	ministeriali e quindi i libri di testo la metodologia
418	BZ005	1183.388	1184.663	1.275	True	_	0	0	0	0	0	0	0	0	0	False	False	False	False	False	False	False	_	0	0	0	4	eh era quella francese.	eh era quella francese.	eh era quella francese
419	BZ001	1185.569	1188.106	2.537	True	_	0	0	0	0	0	0	0	0	0	False	False	False	False	False	False	False	_	1	0	0	6	oka- ma metodologia, (.) cosa cosa intendi?	oka- ma metodologia, (.) cosa cosa intendi?	oka- ma metodologia (.) cosa cosa intendi
420	BZ005	1188.318	1192.018	3.7	True	_	0	0	0	0	0	0	0	2	0	False	False	False	False	False	False	False	_	0	0	0	6	.h metodologia <nel senso che ehm:,>	h. metodologia <nel senso che ehm:>,	h metodologia nel senso che ehm
421	BZ005	1192.287	1194.612	2.325	True	_	0	0	0	0	0	0	0	0	0	False	False	False	False	False	False	False	_	0	0	0	5	per esempio anche nelle interrogazioni,	per esempio anche nelle interrogazioni,	per esempio anche nelle interrogazioni
422	BZ005	1194.88	1197.855	2.975	True	_	0	0	0	0	0	0	0	0	0	False	False	False	False	False	False	False	_	0	0	0	9	ci sono degli schemi di discorso che devi mantenere,	ci sono degli schemi di discorso che devi mantenere,	ci sono degli schemi di discorso che devi mantenere
423	BZ001	1197.898	1198.348	0.45	True	_	0	0	0	0	0	0	0	0	0	False	False	False	False	False	False	False	_	0	0	0	1	okay,	okay,	okay
424	BZ005	1198.404	1205.729	7.325	True	_	0	0	0	0	0	0	0	0	0	False	False	False	False	False	False	False	_	0	0	0	23	ehm: è un è un po' come in inglese diciamo tipo le: i phrasal verbs tutte queste cose qui che ti richiedono di:,	ehm: è un è un po' come in inglese diciamo tipo le: i phrasal verbs tutte queste cose qui che ti richiedono di:,	ehm è un è un po' come in inglese diciamo tipo le i phrasal verbs tutte queste cose qui che ti richiedono di
425	BZ005	1205.972	1209.272	3.3	True	_	0	0	0	0	0	0	0	0	0	False	False	False	False	False	False	False	_	0	0	0	5	scrivere nel- so- solitamente nel:,	scrivere nel- so- solitamente nel:,	scrivere nel- so- solitamente nel
426	BZ005	1209.778	1213.216	3.438	True	_	0	0	0	0	0	0	0	0	0	False	False	False	False	False	False	False	_	0	0	0	12	nelle certificazioni linguistiche ma poi anche nei temi al liceo di solito,	nelle certificazioni linguistiche ma poi anche nei temi al liceo di solito,	nelle certificazioni linguistiche ma poi anche nei temi al liceo di solito
427	BZ005	1213.603	1217.128	3.525	True	_	0	0	0	0	0	0	0	0	0	False	False	False	False	False	False	False	_	0	0	0	7	eh in francese sono molto più accentuate,	eh in francese sono molto più accentuate,	eh in francese sono molto più accentuate
428	BZ005	1217.684	1219.471	1.787	True	_	0	0	0	0	0	0	0	0	0	False	False	False	False	False	False	False	_	0	0	0	7	mentre in italiano puoi scrivere un tema,	mentre in italiano puoi scrivere un tema,	mentre in italiano puoi scrivere un tema
429	BZ005	1220.058	1220.908	0.85	True	_	0	0	0	0	0	0	0	0	0	False	False	False	False	False	False	False	_	0	0	0	3	come ti va,	come ti va,	come ti va
430	BZ005	1221.289	1225.214	3.925	True	_	0	0	0	0	0	0	0	0	0	False	False	False	False	False	False	False	_	0	0	0	11	in francese devi seguire una certa struttura quindi fare un'introduzione,	in francese devi seguire una certa struttura quindi fare un'introduzione,	in francese devi seguire una certa struttura quindi fare un' introduzione
431	BZ005	1225.682	1232.332	6.65	True	_	0	0	0	0	0	0	0	0	0	False	False	False	False	False	False	False	_	0	0	0	16	eh: quindi un cappello introduttivo, poi [fare un'intro]duzione al paragrafo, nel paragrafo: spiegare: il tema,	eh: quindi un cappello introduttivo, poi [fare un'intro]duzione al paragrafo, nel paragrafo: spiegare: il tema,	eh quindi un cappello introduttivo poi fare un' introduzione al paragrafo nel paragrafo spiegare il tema
432	BZ001	1227.776	1228.138	0.362	True	_	0	0	0	0	0	0	0	1	0	False	False	False	False	False	False	False	_	0	0	0	2	[mh=mh,]	[mh=mh],	mh mh
433	BZ005	1232.613	1236.612	3.999	True	_	0	0	0	0	0	0	0	0	0	False	False	False	False	False	False	False	_	0	0	0	14	eh poi spiegare gli esempi, citare, è tutta una questione un po' più: macchinosa,	eh poi spiegare gli esempi, citare, è tutta una questione un po' più: macchinosa,	eh poi spiegare gli esempi citare è tutta una questione un po' più macchinosa
434	BZ001	1236.632	1243.512	6.88	True	_	0	0	0	0	0	0	0	1	0	False	False	False	False	False	False	False	_	3	0	0	24	mh=mh, (.) sì quindi non è una cosa diciamo tanto legata, (.) alla lingua ma all'abitudine scolastica no? [giusto ho capito? (.) ho capito bene?]	mh=mh, (.) sì quindi non è una cosa diciamo tanto legata, (.) alla lingua ma all'abitudine scolastica no? [giusto ho capito? (.) ho capito bene]?	mh mh (.) sì quindi non è una cosa diciamo tanto legata (.) alla lingua ma all' abitudine scolastica no giusto ho capito (.) ho capito bene
435	BZ005	1242.031	1243.194	1.163	True	_	0	0	0	0	0	0	0	1	0	False	False	False	False	False	False	False	_	1	0	0	2	[esatto (.) sì.]	[esatto (.) sì].	esatto (.) sì
436	BZ001	1244.568	1250.443	5.875	True	_	0	0	0	0	0	0	0	0	0	False	False	False	False	False	False	False	_	0	0	0	15	eh::m e la letteratura invece dicevi, eh leggi in originale i- in tutte queste lingue?	eh::m e la letteratura invece dicevi, eh leggi in originale i- in tutte queste lingue?	ehm e la letteratura invece dicevi eh leggi in originale i- in tutte queste lingue
437	BZ005	1250.936	1252.162	1.226	True	_	0	0	0	0	0	0	0	0	0	False	False	False	False	False	False	False	_	0	0	0	1	s:ì,	s:ì,	sì
438	BZ005	1252.686	1258.848	6.162	True	_	0	0	0	0	0	0	0	0	0	False	False	False	False	False	False	False	_	0	0	0	17	eh:: specialmente in francese ma più che altro perché ci sono stati assegnati più libri poi da:,	eh:: specialmente in francese ma più che altro perché ci sono stati assegnati più libri poi da:,	eh specialmente in francese ma più che altro perché ci sono stati assegnati più libri poi da
439	BZ005	1259.111	1264.123	5.012	True	_	0	0	0	0	0	0	0	1	0	False	False	False	False	False	False	False	_	0	0	0	17	da scuola anche [in realtà,] e poi anche perché ci sono grandi classici francesi che va be',	da scuola anche [in realtà], e poi anche perché ci sono grandi classici francesi che va be',	da scuola anche in realtà e poi anche perché ci sono grandi classici francesi che va be'
440	BZ001	1260.211	1260.648	0.437	True	_	0	0	0	0	0	0	0	1	0	False	False	False	False	False	False	False	_	0	0	0	2	[mh=mh,]	[mh=mh],	mh mh
441	BZ005	1264.485	1273.71	9.225	True	_	0	0	0	0	0	0	0	0	0	False	False	False	False	False	False	False	_	1	0	0	31	e anche in in inglese parecchio. (.) e anche qui sempre legato a comunque: il fatto che prima ci fossero stati assegnati a scuola, e poi comunque ho detto ma perché no,	e anche in in inglese parecchio. (.) e anche qui sempre legato a comunque: il fatto che prima ci fossero stati assegnati a scuola, e poi comunque ho detto ma perché no,	e anche in in inglese parecchio (.) e anche qui sempre legato a comunque il fatto che prima ci fossero stati assegnati a scuola e poi comunque ho detto ma perché no
442	BZ001	1274.153	1274.641	0.488	True	_	0	0	0	0	0	0	0	0	0	False	False	False	False	False	False	False	_	0	0	0	2	mh=mh,	mh=mh,	mh mh
443	BZ005	1274.866	1276.091	1.225	True	_	0	0	0	0	0	0	0	0	0	False	False	False	False	False	False	False	_	0	0	0	1	eh:m:,	eh:m:,	ehm
444	BZ005	1276.459	1278.909	2.45	True	_	0	0	0	0	0	0	0	0	0	False	False	False	False	False	False	False	_	0	0	0	8	in spagnolo non ho ancora avuto l'occasione,	in spagnolo non ho ancora avuto l'occasione,	in spagnolo non ho ancora avuto l' occasione
445	BZ005	1279.59	1284.903	5.313	True	_	0	0	0	0	0	0	0	0	0	False	False	False	False	False	False	False	_	1	0	0	15	però: conto cioè nel senso ho dei libri in spagnolo: (.) dei romanzi che vorrei leggere,	però: conto cioè nel senso ho dei libri in spagnolo: (.) dei romanzi che vorrei leggere,	però conto cioè nel senso ho dei libri in spagnolo (.) dei romanzi che vorrei leggere
446	BZ001	1284.927	1285.377	0.45	True	_	0	0	0	0	0	0	0	0	0	False	False	False	False	False	False	False	_	0	0	0	2	mh=mh,	mh=mh,	mh mh
447	BZ005	1285.521	1290.496	4.975	True	_	0	0	0	0	0	0	0	1	0	False	False	False	False	False	True	False	448=0.207	0	0	0	14	eh:: in <tedesco,> l'ho fatto solo per la scuola non mi è piaciuto,	eh:: in <tedesco>, l'ho fatto solo per la scuola non mi è piaciuto,	eh in tedesco l' ho fatto solo per la scuola non mi è piaciuto
448	BZ001	1290.289	1290.927	0.638	True	_	0	0	0	0	0	0	0	0	0	False	False	False	False	False	True	False	447=0.207	0	1	0	0	((ride))	((ride))	((ride))
449	BZ005	1290.964	1292.152	1.188	True	_	0	0	0	0	0	0	0	0	0	False	False	False	False	False	False	False	_	0	0	0	1	assoluta[mente]	assoluta[mente]	assolutamente
450	BZ001	1291.752	1292.577	0.825	True	_	0	0	0	0	0	0	0	0	0	False	False	False	False	False	False	False	_	0	0	0	3	[cos'hai] letto?	[cos'hai] letto?	cos' hai letto
451	BZ005	1292.595	1295.258	2.663	True	_	0	0	0	0	0	0	0	0	0	False	False	False	False	False	False	False	_	0	0	0	9	no perché era tristano e isotta. [tristano] e isotta:,	no perché era tristano e isotta. [tristano] e isotta:,	no perché era tristano e isotta tristano e isotta
452	BZ001	1294.082	1294.382	0.3	True	_	0	0	0	0	0	0	0	1	0	False	False	False	False	False	False	False	_	0	0	0	1	[mh,]	[mh],	mh
453	BZ005	1295.463	1297.613	2.15	True	_	0	0	0	0	0	0	0	0	0	False	False	False	False	False	False	False	_	0	1	0	8	diciamo che si può fare di più ecco ((ridendo))	diciamo che si può fare di più ecco ((ridendo))	diciamo che si può fare di più ecco ((ridendo))
454	BZ005	1298.269	1298.857	0.588	True	_	0	0	0	0	0	0	0	1	0	False	False	False	False	False	False	False	_	0	0	0	1	.h	h.	h
455	BZ005	1299.107	1303.744	4.637	True	_	0	0	0	0	0	0	0	0	0	False	False	False	False	False	False	False	_	1	0	0	10	e:: però non mi viene neanche, (.) la voglia di prendere:,	e:: però non mi viene neanche, (.) la voglia di prendere:,	e però non mi viene neanche (.) la voglia di prendere
456	BZ005	1304.481	1305.281	0.8	True	_	0	0	0	0	0	0	0	0	0	False	False	False	False	False	False	False	_	0	0	0	1	mh:	mh:	mh
457	BZ005	1305.962	1311.2	5.238	True	_	0	0	0	0	0	0	0	0	0	False	False	False	False	False	False	False	_	0	0	0	14	romanzi in tedesco in realtà di comprarli e di leggerli cioè tranne tipo: boh,	romanzi in tedesco in realtà di comprarli e di leggerli cioè tranne tipo: boh,	romanzi in tedesco in realtà di comprarli e di leggerli cioè tranne tipo boh
458	BZ005	1311.437	1314.537	3.1	True	_	0	0	0	0	0	0	0	0	0	False	False	False	False	False	False	False	_	1	0	0	8	i dolori del giovane werther [o: (.)] hesse tipo,	i dolori del giovane werther [o: (.)] hesse tipo,	i dolori del giovane werther o (.) hesse tipo
459	BZ001	1313.218	1313.531	0.313	True	_	0	0	0	0	0	0	0	1	0	False	False	False	False	False	False	False	_	0	0	0	1	[okay,]	[okay],	okay
460	BZ005	1314.905	1316.505	1.6	True	_	0	0	0	0	0	0	0	0	0	False	False	False	False	False	False	False	_	1	0	0	4	che lì, (.) dici okay,	che lì, (.) dici okay,	che lì (.) dici okay
461	BZ005	1317.186	1322.436	5.25	True	_	0	0	0	0	0	0	0	1	0	False	False	False	False	False	False	False	_	0	0	0	24	però per il resto per i libri che vendono qui in alto adige tipo all'athesia non li comprerei mai, >ma perché son tutti,<	però per il resto per i libri che vendono qui in alto adige tipo all'athesia non li comprerei mai, >ma perché son tutti<,	però per il resto per i libri che vendono qui in alto adige tipo all' athesia non li comprerei mai ma perché son tutti
462	BZ005	1322.68	1324.655	1.975	True	_	0	0	0	0	0	0	0	1	0	False	False	False	False	False	False	False	_	0	0	0	8	più o meno romanzi rosa quin[di non so,]	più o meno romanzi rosa quin[di non so],	più o meno romanzi rosa quindi non so
463	BZ001	1324.061	1327.573	3.512	True	_	0	0	0	0	0	0	0	0	0	False	False	False	False	False	False	False	_	1	0	0	10	[ah quindi tu dici] la letteratura contemporanea così non: (.) okay.	[ah quindi tu dici] la letteratura contemporanea così non: (.) okay.	ah quindi tu dici la letteratura contemporanea così non (.) okay
464	BZ005	1328.386	1332.148	3.762	True	_	0	0	0	0	0	0	0	0	0	False	False	False	False	False	False	False	_	0	0	0	15	ma non s- non so neanche [se per le altre] lingue lo farei in realtà,	ma non s- non so neanche [se per le altre] lingue lo farei in realtà,	ma non s- non so neanche se per le altre lingue lo farei in realtà
465	BZ001	1329.986	1330.673	0.687	True	_	0	0	0	0	0	0	0	0	0	False	False	False	False	False	False	False	_	0	1	0	0	[((ride))]	[((ride))]	((ride))
466	BZ005	1332.973	1340.31	7.337	True	_	0	0	0	0	0	0	0	0	0	False	False	False	False	False	False	False	_	0	0	0	18	di francese l'ultima cosa più <contemporanea che ho letto> era:: mh il misterioso caso di henri quebert,	di francese l'ultima cosa più <contemporanea che ho letto> era:: mh il misterioso caso di henri quebert,	di francese l' ultima cosa più contemporanea che ho letto era mh il misterioso caso di henri quebert
467	BZ001	1340.672	1341.01	0.338	True	_	0	0	0	0	0	1	0	0	0	False	False	False	False	False	True	False	468=0.175	0	0	0	2	mh=mh,=	mh=mh,	mh mh
468	BZ005	1340.835	1342.535	1.7	True	_	0	0	0	0	0	1	0	0	0	False	False	False	False	False	True	False	467=0.175	0	0	0	5	=che era uscito nel duemilaedodici,	che era uscito nel duemilaedodici,	che era uscito nel duemilaedodici
469	BZ005	1343.291	1344.216	0.925	True	_	0	0	0	0	0	0	0	0	0	False	False	False	False	False	False	False	_	0	0	0	3	[cosa più] recente,	[cosa più] recente,	cosa più recente
470	BZ001	1343.354	1343.641	0.287	True	_	0	0	0	0	0	0	0	1	0	False	False	False	False	False	False	False	_	0	0	0	1	[sì,]	[sì],	sì
471	BZ001	1344.572	1345.984	1.412	True	_	0	0	0	0	0	0	0	0	0	False	False	False	False	False	False	False	_	0	0	0	2	di: dicker.	di: dicker.	di dicker
472	BZ005	1346.341	1346.591	0.25	True	_	0	0	0	0	0	0	0	0	0	False	False	False	False	False	False	False	_	0	0	0	1	[s-]	[s-]	s-
473	BZ001	1346.397	1347.597	1.2	True	_	0	0	0	0	0	0	0	0	0	False	False	False	False	False	False	False	_	0	0	0	7	[non so] se è [giusta] la pronuncia.	[non so] se è [giusta] la pronuncia.	non so se è giusta la pronuncia
474	BZ005	1346.885	1347.185	0.3	True	_	0	0	0	0	0	0	0	0	0	False	False	False	False	False	False	False	_	0	0	0	1	[sì]	[sì]	sì
475	BZ001	1348.591	1348.916	0.325	True	_	0	0	0	0	0	0	0	0	0	False	False	False	False	False	False	False	_	0	0	0	1	sì?	sì?	sì
476	BZ001	1349.334	1352.234	2.9	True	_	0	0	0	0	0	0	0	0	0	False	False	False	False	False	False	False	_	0	0	0	9	ah be' c'è mh carrère no francese che:,	ah be' c'è mh carrère no francese che:,	ah be' c' è mh carrère no francese che
477	BZ005	1352.428	1352.865	0.437	True	_	0	0	0	0	0	0	0	0	0	False	False	False	False	False	False	False	_	0	0	0	1	mh,	mh,	mh
478	BZ001	1353.415	1355.727	2.312	True	_	0	0	0	0	0	0	0	0	0	False	False	False	False	False	False	False	_	1	0	0	5	molto famoso e anche: (.) houellebecq.	molto famoso e anche: (.) houellebecq.	molto famoso e anche (.) houellebecq
479	BZ001	1356.352	1357.252	0.9	True	_	0	0	0	0	0	0	0	0	0	False	False	False	False	False	False	False	_	0	0	0	2	che sono:,	che sono:,	che sono
480	BZ001	1357.733	1361.258	3.525	True	_	0	0	0	0	0	0	0	0	0	False	False	False	False	False	False	False	_	0	0	0	15	a me piacciono sì te li consiglio. io per esempio vorrei leggerli in francese ma,	a me piacciono sì te li consiglio. io per esempio vorrei leggerli in francese ma,	a me piacciono sì te li consiglio io per esempio vorrei leggerli in francese ma
481	BZ001	1361.676	1365.876	4.2	True	_	0	0	0	0	0	0	0	0	0	False	False	False	False	False	False	False	_	1	1	0	12	non posso cioè perché non lo so quindi, ((ride)) (.) e e rumeno invece?	non posso cioè perché non lo so quindi, ((ride)) (.) e e rumeno invece?	non posso cioè perché non lo so quindi ((ride)) (.) e e rumeno invece
482	BZ005	1366.87	1369.67	2.8	True	_	0	0	0	0	0	0	0	0	0	False	False	False	False	False	False	False	_	0	0	0	7	<in rumeno> non ho mai letto niente,	<in rumeno> non ho mai letto niente,	in rumeno non ho mai letto niente
483	BZ005	1370.051	1373.951	3.9	True	_	0	0	0	0	0	0	0	0	0	False	False	False	False	False	False	False	_	0	0	0	14	in realtà ho letto un libro che mi è stato dato da mia zia,	in realtà ho letto un libro che mi è stato dato da mia zia,	in realtà ho letto un libro che mi è stato dato da mia zia
484	BZ005	1374.632	1375.145	0.513	True	_	0	0	0	0	0	0	0	0	0	False	False	False	False	False	False	False	_	0	0	0	1	eh:,	eh:,	eh
485	BZ005	1375.332	1377.044	1.712	True	_	0	0	0	0	0	0	0	0	0	False	False	False	False	False	False	False	_	0	0	0	6	che però è scritto in moldavo.	che però è scritto in moldavo.	che però è scritto in moldavo
486	BZ005	1377.119	1381.369	4.25	True	_	0	0	0	0	0	0	0	0	0	False	False	False	False	False	False	False	_	0	0	0	7	[quest f-] fantastica lingua: di nessuno che,	[quest f-] fantastica lingua: di nessuno che,	quest f- fantastica lingua di nessuno che
487	BZ001	1377.138	1377.613	0.475	True	_	0	0	0	0	0	0	0	1	0	False	False	False	False	False	False	False	_	0	0	0	1	[okay,]	[okay],	okay
488	BZ005	1381.719	1383.606	1.887	True	_	0	0	0	0	0	0	0	0	0	False	False	False	False	False	False	False	_	0	0	0	6	eh: mi è stato detto, eh	eh: mi è stato detto, eh	eh mi è stato detto eh
489	BZ005	1383.943	1385.481	1.538	True	_	0	0	0	0	0	0	0	0	0	False	False	False	False	False	False	False	_	0	0	0	3	si chiamasse moldavo,	si chiamasse moldavo,	si chiamasse moldavo
490	BZ005	1385.956	1388.756	2.8	True	_	0	0	0	0	0	0	0	1	0	False	False	False	False	False	False	False	_	0	0	0	5	<il rumeno scritto in cirillico,>	<il rumeno scritto in cirillico>,	il rumeno scritto in cirillico
491	BZ005	1389.187	1390.55	1.363	True	_	0	0	0	0	0	0	0	0	0	False	False	False	False	False	False	False	_	0	0	0	4	durante l'unione sovietica.	durante l'unione sovietica.	durante l' unione sovietica
492	BZ001	1390.987	1391.384	0.4	True	_	0	0	0	0	0	0	1	0	0	False	False	False	False	False	False	False	_	0	0	0	1	okay.	okay.	okay
493	BZ005	1391.384	1395.468	4.087	True	_	0	0	0	0	0	0	1	0	0	False	False	False	False	False	False	False	_	0	0	0	10	quindi tutto: tutto il rumeno è stato traslitterato in cirillico.	quindi tutto: tutto il rumeno è stato traslitterato in cirillico.	quindi tutto tutto il rumeno è stato traslitterato in cirillico
494	BZ001	1396.468	1397.13	0.662	True	_	0	0	0	0	0	0	0	1	0	False	False	False	False	False	False	False	_	0	0	0	1	[okay,]	[okay],	okay
495	BZ005	1396.48	1397.468	0.988	True	_	0	0	0	0	0	0	0	0	0	False	False	False	False	False	False	False	_	0	0	0	1	[ehm:]	[ehm:]	ehm
496	BZ005	1398.155	1405.937	7.782	True	_	0	0	0	0	0	0	0	0	0	False	False	False	False	False	False	False	_	1	0	0	26	e che poi è anche il fatto per cui per esempio io a casa, (.) anche se dovessi chiedere delle regole grammaticali ai miei, o ortograf- boh	e che poi è anche il fatto per cui per esempio io a casa, (.) anche se dovessi chiedere delle regole grammaticali ai miei, o ortograf- boh	e che poi è anche il fatto per cui per esempio io a casa (.) anche se dovessi chiedere delle regole grammaticali ai miei o ortograf- boh
497	BZ005	1406.18	1411.605	5.425	True	_	1	0	0	0	0	0	0	0	0	False	False	False	False	False	False	False	_	1	0	1, ortografiche,.	15	delle regole ortografiche, .h (.) eh: ai miei genitori per scrivere in rumeno, loro non le sanno.	delle regole ortografiche,. h (.) eh: ai miei genitori per scrivere in rumeno, loro non le sanno.	delle regole ortografiche,. h (.) eh ai miei genitori per scrivere in rumeno loro non le sanno
498	BZ001	1411.998	1414.011	2.013	True	_	0	0	0	0	0	0	0	0	0	False	False	False	False	False	False	False	_	0	0	0	5	ah quindi il moldavo, è,	ah quindi il moldavo, è,	ah quindi il moldavo è
499	BZ001	1414.96	1416.935	1.975	True	_	0	0	0	0	0	0	0	0	0	False	False	False	False	False	False	False	_	0	0	0	6	il rumeno ma scritto in cirillico?	il rumeno ma scritto in cirillico?	il rumeno ma scritto in cirillico
500	BZ005	1416.953	1417.528	0.575	True	_	0	0	0	0	0	0	0	0	0	False	False	False	False	False	False	False	_	0	0	0	1	era,	era,	era
501	BZ001	1417.721	1419.271	1.55	True	_	0	0	0	0	0	0	0	1	0	False	False	False	False	False	False	False	_	1	0	0	3	[ah era. (.) okay.]	[ah era. (.) okay].	ah era (.) okay
502	BZ005	1417.865	1419.727	1.862	True	_	0	0	0	0	0	0	0	1	0	False	False	False	False	False	False	False	_	0	0	0	3	[ai tempi: del:,]	[ai tempi: del:],	ai tempi del
503	BZ005	1420.427	1423.177	2.75	True	_	0	0	0	0	0	0	0	0	0	False	False	False	False	False	False	False	_	0	0	0	8	dell'unione sovietica. adesso è considerato come dialetto,	dell'unione sovietica. adesso è considerato come dialetto,	dell' unione sovietica adesso è considerato come dialetto
504	BZ001	1423.396	1424.008	0.612	True	_	0	0	0	0	0	0	0	0	0	False	False	False	False	False	False	False	_	0	0	0	1	okay,	okay,	okay
505	BZ005	1424.071	1432.262	8.191	True	_	0	0	0	0	0	0	0	0	0	False	False	False	False	False	False	False	_	1	0	0	23	e quindi non c'è uno status eh: (.) ufficiale della lingua, molti lo usano per ragioni politiche quindi appunto i filosovietici i filo:russi,	e quindi non c'è uno status eh: (.) ufficiale della lingua, molti lo usano per ragioni politiche quindi appunto i filosovietici i filo:russi,	e quindi non c' è uno status eh (.) ufficiale della lingua molti lo usano per ragioni politiche quindi appunto i filosovietici i filorussi
506	BZ005	1432.401	1433.176	0.775	True	_	0	0	0	0	0	0	0	1	0	False	False	False	False	False	False	False	_	0	0	0	1	[eccetera,]	[eccetera],	eccetera
507	BZ001	1432.458	1432.883	0.425	True	_	0	0	0	0	0	0	0	1	0	False	False	False	False	False	False	False	_	0	0	0	2	[mh=mh,]	[mh=mh],	mh mh
508	BZ005	1433.394	1435.769	2.375	True	_	0	0	0	0	0	0	0	0	0	False	False	False	False	False	False	False	_	0	0	0	8	eh però non è attestato come lingua ufficiale.	eh però non è attestato come lingua ufficiale.	eh però non è attestato come lingua ufficiale
509	BZ001	1435.862	1438.012	2.15	True	_	0	0	0	0	0	0	0	0	0	False	False	False	False	False	False	False	_	0	0	0	10	quindi a livello amministrativo >e così< si usa il rumeno.	quindi a livello amministrativo >e così< si usa il rumeno.	quindi a livello amministrativo e così si usa il rumeno
510	BZ005	1438.031	1438.318	0.287	True	_	0	0	0	0	0	0	0	0	0	False	False	False	False	False	False	False	_	0	0	0	1	sì.	sì.	sì
511	BZ001	1438.805	1443.005	4.2	True	_	0	0	0	0	0	0	0	0	0	False	False	False	False	False	False	False	_	1	0	0	11	e quando divergono: diciamo c'è so- c'è, (.) mutua comprensibilità?	e quando divergono: diciamo c'è so- c'è, (.) mutua comprensibilità?	e quando divergono diciamo c' è so- c' è (.) mutua comprensibilità
512	BZ005	1443.024	1443.586	0.562	True	_	0	0	0	0	0	0	0	0	0	False	False	False	False	False	False	False	_	0	0	0	1	sì.	sì.	sì
513	BZ001	1443.699	1444.1545	0.487	True	_	0	0	0	0	0	1	1	0	0	False	False	False	False	False	False	False	_	0	0	0	2	ah okay,=	ah okay,	ah okay
514	BZ005	1444.1545	1445.486	1.363	True	_	0	0	0	0	0	1	1	0	0	False	False	False	False	False	False	False	_	0	0	0	1	=eh::m,	eh::m,	ehm
515	BZ005	1446.073	1451.648	5.575	True	_	0	0	0	0	0	0	0	0	0	False	False	False	False	False	False	False	_	0	0	0	14	sì diciamo che: i- il moldavo è una versione più russificata del: del rumeno.	sì diciamo che: i- il moldavo è una versione più russificata del: del rumeno.	sì diciamo che i- il moldavo è una versione più russificata del del rumeno
516	BZ001	1451.841	1452.241	0.4	True	_	0	0	0	0	0	0	0	0	0	False	False	False	False	False	False	False	_	0	0	0	1	okay.	okay.	okay
517	BZ005	1452.26	1455.035	2.775	True	_	0	0	0	0	0	0	0	0	0	False	False	False	False	False	False	False	_	0	0	0	8	appunto per la questione del: dell'unione sovietica,	appunto per la questione del: dell'unione sovietica,	appunto per la questione del dell' unione sovietica
518	BZ005	1455.328	1461.141	5.813	True	_	0	0	0	0	0	0	0	0	0	False	False	False	False	False	False	False	_	0	0	0	18	quindi ci sono molte parole che, ehm: in realtà io uso, che non sono rumene ma sono russe,	quindi ci sono molte parole che, ehm: in realtà io uso, che non sono rumene ma sono russe,	quindi ci sono molte parole che ehm in realtà io uso che non sono rumene ma sono russe
519	BZ001	1461.428	1461.8185	0.425	True	_	0	0	0	0	0	1	1	0	0	False	False	False	False	False	False	False	_	0	0	0	2	mh=mh,=	mh=mh,	mh mh
520	BZ005	1461.8185	1465.121	3.337	True	_	0	0	0	0	0	1	1	0	0	False	False	False	False	False	False	False	_	0	0	0	14	=e quindi se io le dico a: a un rumeno lui non le capisce.	e quindi se io le dico a: a un rumeno lui non le capisce.	e quindi se io le dico a a un rumeno lui non le capisce
521	BZ005	1466.033	1471.408	5.375	True	_	0	0	0	0	0	0	0	0	0	False	False	False	False	False	False	False	_	0	0	0	18	e poi va be' c'è tutta la questione: comunque degli accenti il modo di pronunciare le parole che,	e poi vabbè c'è tutta la questione: comunque degli accenti il modo di pronunciare le parole che,	e poi vabbè c' è tutta la questione comunque degli accenti il modo di pronunciare le parole che
522	BZ005	1472.301	1475.114	2.813	True	_	0	0	0	0	0	0	0	0	0	False	False	False	False	False	False	False	_	0	0	0	10	diciamo è un po' come il napoletano per un bolzanino.	diciamo è un po' come il napoletano per un bolzanino.	diciamo è un po' come il napoletano per un bolzanino
523	BZ001	1475.238	1475.738	0.5	True	_	0	0	0	0	0	0	0	0	0	False	False	False	False	False	False	False	_	0	0	0	2	mh=mh.	mh=mh.	mh mh
524	BZ001	1476.319	1477.507	1.188	True	_	0	0	0	0	0	0	0	0	0	False	False	False	False	False	False	False	_	0	0	0	4	è molto interessante però,	è molto interessante però,	è molto interessante però
525	BZ001	1478.469	1481.419	2.95	True	_	0	0	0	0	0	0	0	1	0	False	False	False	False	False	False	False	_	0	0	0	8	ehm: e quindi dicevi il libro in molda[vo?]	ehm: e quindi dicevi il libro in molda[vo]?	ehm e quindi dicevi il libro in moldavo
526	BZ005	1480.95	1481.675	0.725	True	_	0	0	0	0	0	0	0	1	0	False	False	False	False	False	False	False	_	0	0	0	1	[sì,]	[sì],	sì
527	BZ005	1482.181	1487.506	5.325	True	_	0	0	0	0	0	0	0	0	0	False	False	False	False	False	False	False	_	1	0	0	15	eh: che ho iniziato a leggere, in realtà era un libro: (.) inglese penso o americano,	eh: che ho iniziato a leggere, in realtà era un libro: (.) inglese penso o americano,	eh che ho iniziato a leggere in realtà era un libro (.) inglese penso o americano
528	BZ001	1488.012	1488.837	0.825	True	_	0	0	0	0	0	1	0	0	True	False	False	False	False	False	False	False	529=0.069	0	0	0	2	ah tradotto,=	ah tradotto,	ah tradotto
529	BZ005	1488.768	1489.455	0.687	True	_	0	0	0	0	0	1	0	1	True	False	False	False	False	False	False	False	_	0	0	0	1	=tradot[to,]	tradot[to],	tradotto
530	BZ001	1489.342	1489.942	0.6	True	_	0	0	0	0	0	0	0	0	0	False	False	False	False	False	False	False	_	0	0	0	2	[ah] okay.	[ah] okay.	ah okay
531	BZ005	1490.373	1499.273	8.9	True	_	0	0	0	0	0	0	0	0	0	False	False	False	False	False	False	False	_	1	0	0	24	ehm:: che ho iniziato a leggere, (.) non l'ho mai finito ma perché f:acevo una fatica: a volte, cioè o f- lo leggevo comunque:,	ehm:: che ho iniziato a leggere, (.) non l'ho mai finito ma perché f:acevo una fatica: a volte, cioè o f- lo leggevo comunque:,	ehm che ho iniziato a leggere (.) non l' ho mai finito ma perché facevo una fatica a volte cioè o f- lo leggevo comunque
532	BZ005	1499.892	1500.629	0.737	True	_	0	0	0	0	0	0	0	0	0	False	False	False	False	False	False	False	_	0	0	0	1	tirato,	tirato,	tirato
533	BZ001	1500.654	1501.091	0.437	True	_	0	0	0	0	0	0	0	0	0	False	False	False	False	False	False	False	_	0	0	0	2	mh=mh,	mh=mh,	mh mh
534	BZ005	1501.103	1503.853	2.75	True	_	0	0	0	0	0	0	0	0	0	False	False	False	False	False	False	False	_	0	0	0	7	oppure anche riprenderlo solo il giorno dopo,	oppure anche riprenderlo solo il giorno dopo,	oppure anche riprenderlo solo il giorno dopo
535	BZ005	1504.159	1512.697	8.538	True	_	0	0	0	0	0	0	0	0	0	False	False	False	False	False	False	False	_	0	0	0	31	ci mettevo un po' a: riprendere tutta la questione del cirillico, le lettere, gli accenti, poi magari lo leggevo male mi veniva fuori un'altra parola che x ma cosa vuol dire?	ci mettevo un po' a: riprendere tutta la questione del cirillico, le lettere, gli accenti, poi magari lo leggevo male mi veniva fuori un'altra parola che x ma cosa vuol dire?	ci mettevo un po' a riprendere tutta la questione del cirillico le lettere gli accenti poi magari lo leggevo male mi veniva fuori un' altra parola che x ma cosa vuol dire
536	BZ005	1513.184	1514.834	1.65	True	_	0	0	0	0	0	0	0	0	0	False	False	False	False	False	False	False	_	0	0	0	6	poi lo facevo leggere ai miei,	poi lo facevo leggere ai miei,	poi lo facevo leggere ai miei
537	BZ005	1515.165	1516.687	1.522	True	_	0	0	0	0	0	1	0	0	0	False	False	False	False	False	True	False	538=0.129	0	0	0	3	e invece: sapevano=	e invece: sapevano	e invece sapevano
538	BZ001	1516.558	1517.071	0.513	True	_	0	0	0	0	0	1	0	0	0	False	False	False	False	False	True	False	537=0.129	0	0	0	1	=okay,	okay,	okay
539	BZ001	1518.095	1520.145	2.05	True	_	0	0	0	0	0	0	0	1	0	False	False	False	False	False	False	False	_	0	0	0	8	e però a parte questo non hai [mai:,]	e però a parte questo non hai [mai:],	e però a parte questo non hai mai
540	BZ005	1519.814	1520.751	0.937	True	_	0	0	0	0	0	0	0	0	0	False	False	False	False	False	False	False	_	0	0	0	2	[mh:] no,	[mh:] no,	mh no
541	BZ005	1520.826	1530.388	9.562	True	_	0	0	0	0	0	0	0	0	0	False	False	False	False	False	False	False	_	0	0	0	24	cioè leggo: in rumeno leggo articoli di giornale, [comunque] mi informo: seguo anche diverse pagine su instagram sempre su attualità comunque portali d'informazione,	cioè leggo: in rumeno leggo articoli di giornale, [comunque] mi informo: seguo anche diverse pagine su instagram sempre su attualità comunque portali d'informazione,	cioè leggo in rumeno leggo articoli di giornale comunque mi informo seguo anche diverse pagine su instagram sempre su attualità comunque portali d' informazione
542	BZ001	1523.538	1523.913	0.375	True	_	0	0	0	0	0	0	0	1	0	False	False	False	False	False	False	False	_	0	0	0	1	[ah,]	[ah],	ah
543	BZ001	1530.731	1531.006	0.275	True	_	0	0	0	0	0	0	0	1	0	False	False	False	False	False	False	False	_	0	0	0	2	[mh=mh,]	[mh=mh],	mh mh
544	BZ005	1530.862	1535.762	4.9	True	_	0	0	0	0	0	0	0	0	0	False	False	False	False	False	False	False	_	0	1	0	16	[e] lì si mi mi informo sulla situazione >comunque politica< ((ride)) sociale che c'è in moldavia,	[e] lì si mi mi informo sulla situazione >comunque politica< ((ride)) sociale che c'è in moldavia,	e lì si mi mi informo sulla situazione comunque politica ((ride)) sociale che c' è in moldavia
545	BZ001	1536.706	1544.4	7.694	True	_	0	0	0	0	0	0	0	0	0	False	False	False	False	False	False	False	_	1	0	0	21	e: nel futuro invece, prima ti chiedevo che lingue ti piacerebbe: studiare, ma (.) ti piacerebbe anche seguire una strada anche lavorativa,	e: nel futuro invece, prima ti chiedevo che lingue ti piacerebbe: studiare, ma (.) ti piacerebbe anche seguire una strada anche lavorativa,	e nel futuro invece prima ti chiedevo che lingue ti piacerebbe studiare ma (.) ti piacerebbe anche seguire una strada anche lavorativa
546	BZ001	1544.668	1547.855	3.187	True	_	0	0	0	0	0	0	0	0	0	False	False	False	False	False	False	False	_	0	0	0	7	legata a queste tue ampie competenze linguistiche,	legata a queste tue ampie competenze linguistiche,	legata a queste tue ampie competenze linguistiche
547	BZ001	1548.155	1548.592	0.437	True	_	0	0	0	0	0	0	0	0	0	False	False	False	False	False	False	False	_	0	0	0	1	o,	o,	o
548	BZ001	1549.567	1550.804	1.237	True	_	0	0	0	0	0	0	0	0	0	False	False	False	False	False	False	False	_	0	0	0	4	non per forza diciamo?	non per forza diciamo?	non per forza diciamo
549	BZ005	1551.104	1556.366	5.262	True	_	0	0	0	0	0	0	0	0	0	False	False	False	False	False	False	False	_	0	0	0	14	mh: mi piacerebbe sì, perché penso sia un po' un peccato comunque lasciarle lì,	mh: mi piacerebbe sì, perché penso sia un po' un peccato comunque lasciarle lì,	mh mi piacerebbe sì perché penso sia un po' un peccato comunque lasciarle lì
550	BZ005	1557.166	1558.629	1.463	True	_	0	0	0	0	0	0	0	0	0	False	False	False	False	False	False	False	_	0	0	0	1	eh::m:,	eh::m:,	ehm
551	BZ005	1559.553	1561.716	2.163	True	_	0	0	0	0	0	0	0	0	0	False	False	False	False	False	False	False	_	0	0	0	5	non non so esattamente come,	non non so esattamente come,	non non so esattamente come
552	BZ005	1562.053	1565.115	3.062	True	_	0	0	0	0	0	0	0	0	0	False	False	False	False	False	False	False	_	0	0	0	9	eh: però per esempio so di molte persone che,	eh: però per esempio so di molte persone che,	eh però per esempio so di molte persone che
553	BZ005	1565.328	1569.665	4.337	True	_	0	0	0	0	0	0	0	0	0	False	False	False	False	False	False	False	_	0	0	0	10	eh: solo grazie alle loro competenze linguistiche per esempio aiutano:	eh: solo grazie alle loro competenze linguistiche per esempio aiutano:	eh solo grazie alle loro competenze linguistiche per esempio aiutano
554	BZ005	1569.94	1580.34	10.4	True	_	0	0	0	0	0	0	0	1	0	False	False	False	False	False	False	False	_	0	0	0	27	eh: gli immigrati a fare:: nelle questioni burocratiche, nelle traduzioni un po' così xx di interpretariato, pur non essendo non avendo un titolo di studio insomma [per farlo.]	eh: gli immigrati a fare:: nelle questioni burocratiche, nelle traduzioni un po' così xx di interpretariato, pur non essendo non avendo un titolo di studio insomma [per farlo].	eh gli immigrati a fare nelle questioni burocratiche nelle traduzioni un po' così xx di interpretariato pur non essendo non avendo un titolo di studio insomma per farlo
555	BZ001	1579.759	1580.371	0.612	True	_	0	0	0	0	0	0	0	1	0	False	False	False	False	False	False	False	_	0	0	0	2	[mh=mh,]	[mh=mh],	mh mh
556	BZ005	1580.796	1584.246	3.45	True	_	0	0	0	0	0	0	0	0	0	False	False	False	False	False	False	False	_	0	0	0	9	quindi potrebbe essere un po' quello il mio sbocco,	quindi potrebbe essere un po' quello il mio sbocco,	quindi potrebbe essere un po' quello il mio sbocco
557	BZ005	1584.627	1588.965	4.338	True	_	0	0	0	0	0	0	0	0	0	False	False	False	False	False	False	False	_	0	0	0	15	anche non per forza come lavoro però come un'attività da svolgere in più diciamo,	anche non per forza come lavoro però come un'attività da svolgere in più diciamo,	anche non per forza come lavoro però come un' attività da svolgere in più diciamo
558	BZ005	1589.49	1591.265	1.775	True	_	0	0	0	0	0	0	0	0	0	False	False	False	False	False	False	False	_	0	0	0	6	eh mi mi piacerebbe farlo sì.	eh mi mi piacerebbe farlo sì.	eh mi mi piacerebbe farlo sì
559	BZ001	1591.608	1594.896	3.288	True	_	0	0	0	0	0	0	0	0	0	False	False	False	False	False	False	False	_	0	0	0	9	e hai avuto già delle esperienze con associazioni progetti:,	e hai avuto già delle esperienze con associazioni progetti:,	e hai avuto già delle esperienze con associazioni progetti
560	BZ005	1596.183	1599.683	3.5	True	_	0	0	0	0	0	0	0	0	0	False	False	False	False	False	False	False	_	0	1	0	6	eh: s:- sni nel senso che, ((ride))	eh: s:- sni nel senso che, ((ride))	eh s- sni nel senso che ((ride))
561	BZ005	1599.977	1608.414	8.437	True	_	0	0	0	0	0	0	0	0	0	False	False	False	False	False	False	False	_	0	0	0	21	ehm:: faccio parte di un'associaz- di una federazione in realtà che: accomuna tutte le associazioni rumene e moldave del piemonte,	ehm:: faccio parte di un'associaz- di una federazione in realtà che: accomuna tutte le associazioni rumene e moldave del piemonte,	ehm faccio parte di un' associaz- di una federazione in realtà che accomuna tutte le associazioni rumene e moldave del piemonte
562	BZ005	1609.101	1610.839	1.738	True	_	0	0	0	0	0	0	0	0	0	False	False	False	False	False	False	False	_	0	0	0	4	e: e lì appunto,	e: e lì appunto,	e e lì appunto
563	BZ005	1611.289	1617.701	6.412	True	_	0	0	0	0	0	0	0	0	0	False	False	False	False	False	False	False	_	0	0	0	17	essendo rumena e moldava in piemonte, comunque c'è questo >c'è questo< bilinguismo italiano rumeno che,	essendo rumena e moldava in piemonte, comunque c'è questo >c'è questo< bilinguismo italiano rumeno che,	essendo rumena e moldava in piemonte comunque c' è questo c' è questo bilinguismo italiano rumeno che
564	BZ005	1618.414	1623.026	4.612	True	_	0	0	0	0	0	0	0	0	0	False	False	False	False	False	False	False	_	0	0	0	16	eh che si ritrova molto più spesso quindi c'è stata [u- una fase] per esempio:,	eh che si ritrova molto più spesso quindi c'è stata [u- una fase] per esempio:,	eh che si ritrova molto più spesso quindi c' è stata u- una fase per esempio
565	BZ001	1621.001	1621.389	0.388	True	_	0	0	0	0	0	0	0	1	0	False	False	False	False	False	False	False	_	0	0	0	2	[mh=mh,]	[mh=mh],	mh mh
566	BZ005	1623.376	1628.389	5.013	True	_	0	0	0	0	0	0	0	0	0	False	False	False	False	False	False	False	_	0	0	0	14	eh di una promozione di un film in occasione della: f- festa nazionale rumena,	eh di una promozione di un film in occasione della: f- festa nazionale rumena,	eh di una promozione di un film in occasione della f- festa nazionale rumena
567	BZ005	1628.751	1629.551	0.8	True	_	0	0	0	0	0	0	0	0	0	False	False	False	False	False	False	False	_	0	0	0	1	eh::	eh::	eh
568	BZ005	1629.932	1637.495	7.563	True	_	0	0	0	0	0	0	0	0	0	False	False	False	False	False	False	False	_	1	0	0	19	che è stato promosso e quindi abbiamo dovuto organizzare per esempio tutti i post su facebook, (.) eh scrivendoli in,	che è stato promosso e quindi abbiamo dovuto organizzare per esempio tutti i post su facebook, (.) eh scrivendoli in,	che è stato promosso e quindi abbiamo dovuto organizzare per esempio tutti i post su facebook (.) eh scrivendoli in
569	BZ005	1637.807	1639.094	1.287	True	_	0	0	0	0	0	0	0	0	0	False	False	False	False	False	False	False	_	0	0	0	6	sia in italiano che in rumeno.	sia in italiano che in rumeno.	sia in italiano che in rumeno
570	BZ001	1639.331	1639.731	0.4	True	_	0	0	0	0	0	0	0	0	0	False	False	False	False	False	False	False	_	0	0	0	2	mh=mh,	mh=mh,	mh mh
571	BZ005	1639.837	1641.537	1.7	True	_	0	0	0	0	0	0	0	0	0	False	False	False	False	False	False	False	_	0	1	0	4	eh lì è stato, ((ride))	eh lì è stato, ((ride))	eh lì è stato ((ride))
572	BZ005	1641.793	1643.193	1.4	True	_	0	0	0	0	0	0	0	0	0	False	False	False	False	False	False	False	_	0	0	0	6	lì è stata una bella sfida.	lì è stata una bella sfida.	lì è stata una bella sfida
573	BZ001	1643.462	1643.924	0.462	True	_	0	0	0	0	0	0	0	0	0	False	False	False	False	False	False	False	_	0	0	0	1	se?	se?	se
574	BZ005	1643.924	1644.362	0.438	True	_	0	0	0	0	0	0	0	0	0	False	False	False	False	False	False	False	_	0	0	0	1	sì.	sì.	sì
575	BZ001	1644.787	1645.762	0.975	True	_	0	0	0	0	0	0	0	0	0	False	False	False	False	False	False	False	_	0	0	0	4	era la prima volta?	era la prima volta?	era la prima volta
576	BZ005	1646.105	1655.993	9.888	True	_	0	0	0	0	0	0	0	0	0	False	False	False	False	False	False	False	_	0	0	0	32	sì. ma perché non ho appunto non ho mai: imparato il rumeno e quindi anche lì tradurre delle cose sì magari ho i vocaboli ma non ho per esempio le strutture sintattiche,	sì. ma perché non ho appunto non ho mai: imparato il rumeno e quindi anche lì tradurre delle cose sì magari ho i vocaboli ma non ho per esempio le strutture sintattiche,	sì ma perché non ho appunto non ho mai imparato il rumeno e quindi anche lì tradurre delle cose sì magari ho i vocaboli ma non ho per esempio le strutture sintattiche
577	BZ005	1656.293	1660.843	4.55	True	_	0	0	0	0	0	0	0	0	0	False	False	False	False	False	False	False	_	0	0	0	11	eh adeguate quindi non so bene come scrivere un testo diciamo.	eh adeguate quindi non so bene come scrivere un testo diciamo.	eh adeguate quindi non so bene come scrivere un testo diciamo
578	BZ001	1660.987	1661.787	0.8	True	_	0	0	0	0	0	0	0	0	0	False	False	False	False	False	False	False	_	0	0	0	4	e com'è andata?	e com'è andata?	e com' è andata
579	BZ001	1662.056	1663.418	1.362	True	_	0	0	0	0	0	0	0	0	0	False	False	False	False	False	False	False	_	1	0	0	2	eri (.) soddisfatta?	eri (.) soddisfatta?	eri (.) soddisfatta
580	BZ005	1663.681	1670.468	6.787	True	_	0	0	0	0	0	0	0	0	0	False	False	False	False	False	False	False	_	2	0	0	17	eh. (.) sì dai. (.) abbastanza. diciamo che mi risu- mi viene meglio la traduzione dal rumeno all'italiano.	eh. (.) sì dai. (.) abbastanza. diciamo che mi risu- mi viene meglio la traduzione dal rumeno all'italiano.	eh (.) sì dai (.) abbastanza diciamo che mi risu- mi viene meglio la traduzione dal rumeno all' italiano
581	BZ001	1671.318	1672.143	0.825	True	_	0	0	0	0	0	0	0	1	0	False	False	False	False	False	False	False	_	0	0	0	1	[okay,]	[okay],	okay
582	BZ005	1671.318	1672.143	0.825	True	_	0	0	0	0	0	0	0	1	0	False	False	False	False	False	False	False	_	0	0	0	1	[ehm,]	[ehm],	ehm
583	BZ005	1672.611	1673.149	0.538	True	_	0	0	0	0	0	0	0	0	0	False	False	False	False	False	False	False	_	0	0	0	1	(penso)	(penso)	penso
584	BZ001	1673.449	1678.574	5.125	True	_	0	0	0	0	0	0	0	0	True	False	False	False	False	False	False	False	585=0.019	1	0	0	21	eh: ma lì quindi tu scrivevi, (.) in italiano e poi traducevi, o ti davano già il testo e tu lo traducevi?	eh: ma lì quindi tu scrivevi, (.) in italiano e poi traducevi, o ti davano già il testo e tu lo traducevi?	eh ma lì quindi tu scrivevi (.) in italiano e poi traducevi o ti davano già il testo e tu lo traducevi
585	BZ005	1678.555	1689.637	11.082	True	_	0	0	0	0	0	0	0	0	True	False	False	False	False	False	False	False	_	0	0	0	28	eh: s:crivevo allora ho scritto in italiano t- traducevo poi ovviamente grazie a dio c'era una [traduttrice professionista] rumena che [controllava] tutte le le cose che scrivevo,	eh: s:crivevo allora ho scritto in italiano t- traducevo poi ovviamente grazie a dio c'era una [traduttrice professionista] rumena che [controllava] tutte le le cose che scrivevo,	eh scrivevo allora ho scritto in italiano t- traducevo poi ovviamente grazie a dio c' era una traduttrice professionista rumena che controllava tutte le le cose che scrivevo
586	BZ001	1685.105	1686.067	0.962	True	_	0	0	0	0	0	0	0	0	0	False	False	False	False	False	False	False	_	0	1	0	0	[((ride))]	[((ride))]	((ride))
587	BZ001	1687.242	1687.53	0.288	True	_	0	0	0	0	0	0	0	1	0	False	False	False	False	False	False	False	_	0	0	0	1	[eh.]	[eh].	eh
588	BZ005	1690.217	1691.517	1.3	True	_	0	0	0	0	0	0	0	0	0	False	False	False	False	False	False	False	_	0	0	0	1	eh::	eh::	eh
589	BZ005	1692.286	1694.511	2.225	True	_	0	0	0	0	0	0	0	0	0	False	False	False	False	False	False	False	_	0	0	0	8	ho scritto in entrambe le lingue in realtà,	ho scritto in entrambe le lingue in realtà,	ho scritto in entrambe le lingue in realtà
590	BZ001	1694.579	1695.079	0.5	True	_	0	0	0	0	0	0	0	0	0	False	False	False	False	False	False	False	_	0	0	0	2	mh=mh,	mh=mh,	mh mh
591	BZ005	1695.848	1701.26	5.412	True	_	0	0	0	0	0	0	0	0	0	False	False	False	False	False	False	False	_	0	0	0	13	e poi la la cosa più difficile da fare è stata tradurre: in,	e poi la la cosa più difficile da fare è stata tradurre: in,	e poi la la cosa più difficile da fare è stata tradurre in
592	BZ005	1701.885	1704.385	2.5	True	_	0	0	0	0	0	0	0	0	0	False	False	False	False	False	False	False	_	0	0	0	10	in ita- in italiano o in rume- non mi ricordo,	in ita- in italiano o in rume- non mi ricordo,	in ita- in italiano o in rume- non mi ricordo
593	BZ005	1706.891	1707.5625	0.675	True	_	0	0	0	0	0	0	1	0	0	False	False	False	False	False	False	False	_	0	0	0	3	non mi ricordo.	non mi ricordo.	non mi ricordo
594	BZ001	1707.5625	1707.922	0.363	True	_	0	0	0	0	0	0	1	0	True	False	False	False	False	False	False	False	595=0.038	0	1	0	0	((ride))	((ride))	((ride))
595	BZ005	1707.884	1714.659	6.775	True	_	0	0	0	0	0	0	0	0	True	False	False	False	False	False	False	False	_	0	0	0	17	la sinossi del film che: [bisognava] presentare, e lì è stato bruttissimo. perché era un lavoro lunghissimo,	la sinossi del film che: [bisognava] presentare, e lì è stato bruttissimo. perché era un lavoro lunghissimo,	la sinossi del film che bisognava presentare e lì è stato bruttissimo perché era un lavoro lunghissimo
596	BZ001	1709.79	1710.14	0.35	True	_	0	0	0	0	0	0	0	1	0	False	False	False	False	False	False	False	_	0	0	0	1	[okay.]	[okay].	okay
597	BZ005	1715.071	1723.184	8.113	True	_	0	0	0	0	0	0	0	0	0	False	False	False	False	False	False	False	_	0	0	0	17	erano comunque:: termini legati all'ambito cinematografico quindi mi sono ritrovata un po' nel: nel pallone però,	erano comunque:: termini legati all'ambito cinematografico quindi mi sono ritrovata un po' nel: nel pallone però,	erano comunque termini legati all' ambito cinematografico quindi mi sono ritrovata un po' nel nel pallone però
598	BZ005	1723.983	1724.596	0.613	True	_	0	0	0	0	0	0	0	0	0	False	False	False	False	False	False	False	_	0	0	0	1	insomma,	insomma,	insomma
599	BZ001	1724.745	1725.458	0.713	True	_	0	0	0	0	0	0	0	0	0	False	False	False	False	False	False	False	_	0	0	0	3	be' bello no?	be' bello no?	be' bello no
600	BZ001	1726.545	1729.257	2.712	True	_	0	0	0	0	0	0	0	0	0	False	False	False	False	False	False	False	_	0	0	0	7	e invece: sogni? in che lingua sogni?	e invece: sogni? in che lingua sogni?	e invece sogni in che lingua sogni
601	BZ005	1729.995	1731.857	1.862	True	_	0	0	0	0	0	0	0	0	0	False	False	False	False	False	False	False	_	0	0	0	6	ah:. non ci ho mai pensato,	ah:. non ci ho mai pensato,	ah non ci ho mai pensato
602	BZ005	1733.832	1735.62	1.788	True	_	0	0	0	0	0	0	0	0	0	False	False	False	False	False	False	False	_	0	0	0	3	dipende in realtà,	dipende in realtà,	dipende in realtà
603	BZ005	1735.957	1740.332	4.375	True	_	0	0	0	0	0	0	0	0	0	False	False	False	False	False	False	False	_	0	0	0	14	eh nel senso che ci sono periodi in cui sogni per esempio miei familiari,	eh nel senso che ci sono periodi in cui sogni per esempio miei familiari,	eh nel senso che ci sono periodi in cui sogni per esempio miei familiari
604	BZ005	1741.613	1745.325	3.712	True	_	0	0	0	0	0	0	0	0	0	False	False	False	False	False	False	False	_	0	0	0	13	quindi di solito quando sogno i miei familiari oppure mi sogno in moldavia,	quindi di solito quando sogno i miei familiari oppure mi sogno in moldavia,	quindi di solito quando sogno i miei familiari oppure mi sogno in moldavia
605	BZ005	1745.688	1747.35	1.662	True	_	0	0	0	0	0	0	0	1	0	False	False	False	False	False	False	False	_	0	0	0	5	sogno in moldavo [in rumeno.]	sogno in moldavo [in rumeno].	sogno in moldavo in rumeno
606	BZ001	1746.963	1747.425	0.462	True	_	0	0	0	0	0	0	0	1	0	False	False	False	False	False	False	False	_	0	0	0	1	[okay,]	[okay],	okay
607	BZ005	1747.988	1753.075	5.087	True	_	0	0	0	0	0	0	0	0	0	False	False	False	False	False	False	False	_	0	0	0	17	eh quando invece mi sogno qui: in italiano, poi dipende anche dalle persone comunque che sogno appunto.	eh quando invece mi sogno qui: in italiano, poi dipende anche dalle persone comunque che sogno appunto.	eh quando invece mi sogno qui in italiano poi dipende anche dalle persone comunque che sogno appunto
608	BZ001	1753.162	1753.587	0.425	True	_	0	0	0	0	0	0	0	0	0	False	False	False	False	False	False	False	_	0	0	0	2	mh=mh.	mh=mh.	mh mh
609	BZ001	1753.955	1762.275	8.32	True	_	0	0	0	0	0	0	0	0	0	False	False	False	False	False	False	False	_	0	1	0	14	e sogni invece quelli strani super: non so fantascientifici ((ride)) eh diciamo non collocati geograficamente?	e sogni invece quelli strani super: non so fantascientifici ((ride)) eh diciamo non collocati geograficamente?	e sogni invece quelli strani super non so fantascientifici ((ride)) eh diciamo non collocati geograficamente
610	BZ005	1762.761	1763.636	0.875	True	_	0	0	0	0	0	0	0	0	0	False	False	False	False	False	False	False	_	0	0	0	1	mh:	mh:	mh
611	BZ005	1765.404	1766.229	0.825	True	_	0	0	0	0	0	0	0	0	0	False	False	False	False	False	False	False	_	0	0	0	3	in real- mh,	in real- mh,	in real- mh
612	BZ005	1766.547	1768.062	1.515	True	_	0	0	0	0	0	0	0	0	0	False	False	False	False	False	False	False	_	0	0	0	5	in realtà sogno molto poco,	in realtà sogno molto poco,	in realtà sogno molto poco
613	BZ001	1768.072	1769.509	1.437	True	_	0	0	0	0	0	0	0	1	0	False	False	False	False	False	False	False	_	0	0	0	2	ah [okay,]	ah [okay],	ah okay
614	BZ005	1768.359	1772.346	3.987	True	_	0	0	0	0	0	0	0	0	True	False	False	False	False	False	False	False	_	0	0	0	13	[e quel] poco che sogno è abbastanza normale però in italiano penso comunque,	[e quel] poco che sogno è abbastanza normale però in italiano penso comunque,	e quel poco che sogno è abbastanza normale però in italiano penso comunque
615	BZ001	1772.333	1773.146	0.813	True	_	0	0	0	0	0	2	0	0	0	False	False	False	False	False	True	False	614=0.013,616=0.288	0	0	0	3	=prima in italiano=	prima in italiano	prima in italiano
616	BZ005	1772.858	1775.52	2.662	True	_	0	0	0	0	0	2	0	0	0	False	False	False	False	False	True	False	615=0.288	0	0	0	10	=i sogni più strani penso di averli fatti in italiano.=	i sogni più strani penso di averli fatti in italiano.	i sogni più strani penso di averli fatti in italiano
617	BZ001	1775.52	1777.395	1.875	True	_	1	0	0	0	0	1	0	0	0	False	False	False	False	False	False	False	_	0	1	0	1	=((ride)) ehm:,	((ride)) ehm:,	((ride)) ehm
618	BZ001	1778.238	1781.663	3.425	True	_	0	0	0	0	0	0	0	0	0	False	False	False	False	False	False	False	_	0	0	0	13	e nella tua famiglia invece che rapporto hanno con: con le varie lingue,	e nella tua famiglia invece che rapporto hanno con: con le varie lingue,	e nella tua famiglia invece che rapporto hanno con con le varie lingue
619	BZ001	1782.119	1784.444	2.325	True	_	0	0	0	0	0	0	0	0	0	False	False	False	False	False	False	False	_	0	0	0	9	che pa- >tua sorella per esempio< sa anche lei,	che pa- >tua sorella per esempio< sa anche lei,	che pa- tua sorella per esempio sa anche lei
620	BZ001	1784.812	1787.037	2.225	True	_	0	0	0	0	0	0	0	0	0	False	False	False	False	False	False	False	_	0	0	0	9	tante lingue >ha studia- ha fatto< anche lei linguistica?	tante lingue >ha studia- ha fatto< anche lei linguistica?	tante lingue ha studia- ha fatto anche lei linguistica
621	BZ005	1787.755	1795.143	7.388	True	_	0	0	0	0	0	0	0	1	0	False	False	False	False	False	False	False	_	0	0	0	19	eh: no allora mia sorella, ehm: sicura- mi sono accorta che conosce più vocaboli: rumeni e moldavi di [me,]	eh: no allora mia sorella, ehm: sicura- mi sono accorta che conosce più vocaboli: rumeni e moldavi di [me],	eh no allora mia sorella ehm sicura- mi sono accorta che conosce più vocaboli rumeni e moldavi di me
622	BZ001	1794.93	1795.418	0.488	True	_	0	0	0	0	0	0	0	1	0	False	False	False	False	False	False	False	_	0	0	0	1	[okay,]	[okay],	okay
623	BZ005	1795.605	1799.455	3.85	True	_	0	0	0	0	0	0	0	0	0	False	False	False	False	False	False	False	_	0	0	0	16	ma perché lei ha studiato appunto ha fatto le elemen[tari lì] e poi è arrivata qui,	ma perché lei ha studiato appunto ha fatto le elemen[tari lì] e poi è arrivata qui,	ma perché lei ha studiato appunto ha fatto le elementari lì e poi è arrivata qui
624	BZ001	1798.136	1798.561	0.425	True	_	0	0	0	0	0	0	0	1	0	False	False	False	False	False	False	False	_	0	0	0	1	[certo.]	[certo].	certo
625	BZ005	1799.992	1802.742	2.75	True	_	0	0	0	0	0	0	0	0	0	False	False	False	False	False	False	False	_	0	0	0	4	eh: non lo s:crive,	eh: non lo s:crive,	eh non lo scrive
626	BZ005	1802.998	1804.361	1.363	True	_	0	0	0	0	0	0	0	1	0	False	False	False	False	False	False	False	_	0	0	0	7	>penso che lo scriva peggio di me,<	>penso che lo scriva peggio di me<,	penso che lo scriva peggio di me
627	BZ001	1804.573	1804.91	0.337	True	_	0	0	0	0	0	0	0	0	0	False	False	False	False	False	False	False	_	0	0	0	2	mh=mh,	mh=mh,	mh mh
628	BZ005	1805.135	1806.572	1.437	True	_	0	0	0	0	0	0	0	0	0	False	False	False	False	False	False	False	_	0	0	0	1	eh:m:,	eh:m:,	ehm
629	BZ005	1807.122	1813.184	6.062	True	_	0	0	0	0	0	0	0	0	0	False	False	False	False	False	False	False	_	0	1	0	15	e poi anche lei ovviamente ha quella competenza: minima ma maggiore della mia ((ridendo)) di russo,	e poi anche lei ovviamente ha quella competenza: minima ma maggiore della mia ((ridendo)) di russo,	e poi anche lei ovviamente ha quella competenza minima ma maggiore della mia ((ridendo)) di russo
630	BZ001	1813.237	1815.237	2.0	True	_	0	0	0	0	0	0	0	1	0	False	False	False	False	False	False	False	_	1	0	0	7	mh=mh, per la stessa ragio[ne? (.) okay.]	mh=mh, per la stessa ragio[ne? (.) okay].	mh mh per la stessa ragione (.) okay
631	BZ005	1814.471	1815.446	0.975	True	_	0	0	0	0	0	0	0	1	0	False	False	False	False	False	False	False	_	0	0	0	4	[per la stessa ragione,]	[per la stessa ragione],	per la stessa ragione
632	BZ005	1816.277	1818.939	2.662	True	_	0	0	0	0	0	0	0	0	0	False	False	False	False	False	False	False	_	0	0	0	12	>e anche penso perché comunque l'avrà studiato un po' a scuola<	>e anche penso perché comunque l'avrà studiato un po' a scuola<	e anche penso perché comunque l' avrà studiato un po' a scuola
633	BZ005	1819.527	1835.875	16.348	True	_	0	0	0	0	0	0	0	1	0	False	False	False	False	False	False	False	_	0	0	0	43	in moldavia. eh: per il resto no non ha fatto un linguistico sa l'inglese abbastanza bene, il tedesco con un po' di fatica, ma sempre:: le- legata diciamo agli insegnanti insomma vorrebbe recuperarlo vorrebbe andare a fare un viaggio in germania [per,]	in moldavia. eh: per il resto no non ha fatto un linguistico sa l'inglese abbastanza bene, il tedesco con un po' di fatica, ma sempre:: le- legata diciamo agli insegnanti insomma vorrebbe recuperarlo vorrebbe andare a fare un viaggio in germania [per],	in moldavia eh per il resto no non ha fatto un linguistico sa l' inglese abbastanza bene il tedesco con un po' di fatica ma sempre le- legata diciamo agli insegnanti insomma vorrebbe recuperarlo vorrebbe andare a fare un viaggio in germania per
634	BZ001	1835.488	1835.888	0.4	True	_	0	0	0	0	0	0	0	1	0	False	False	False	False	False	False	False	_	0	0	0	2	[mh=mh,]	[mh=mh],	mh mh
635	BZ005	1836.287	1837.419	1.132	True	_	0	0	0	0	0	0	0	0	0	False	False	False	False	False	False	False	_	0	0	0	2	approfondirlo meglio.	approfondirlo meglio.	approfondirlo meglio
636	BZ005	1838.769	1840.582	1.813	True	_	0	0	0	0	0	0	0	0	0	False	False	False	False	False	False	False	_	0	0	0	2	i miei::	i miei::	i miei
637	BZ005	1840.956	1845.731	4.775	True	_	0	0	0	0	0	0	0	1	0	False	False	False	False	False	False	False	_	0	0	0	6	ovviamente:: russo rumeno, >rumeno moldavo insomma,<	ovviamente:: russo rumeno, >rumeno moldavo insomma<,	ovviamente russo rumeno rumeno moldavo insomma
638	BZ005	1846.487	1851.187	4.7	True	_	0	0	0	0	0	0	0	1	0	False	False	False	False	False	False	False	_	1	0	0	10	<e: l'italiano: sì, (.) mia madre meglio di mio padre,>	<e: l'italiano: sì, (.) mia madre meglio di mio padre>,	e l' italiano sì (.) mia madre meglio di mio padre
639	BZ005	1851.399	1854.212	2.813	True	_	0	0	0	0	0	0	0	0	0	False	False	False	False	False	False	False	_	0	0	0	7	perché mia madre comunque è arrivata qui,	perché mia madre comunque è arrivata qui,	perché mia madre comunque è arrivata qui
640	BZ005	1854.486	1860.974	6.488	True	_	0	0	0	0	0	0	0	0	0	False	False	False	False	False	False	False	_	0	0	0	20	eh innanzitutto ha sempre lavorato a contatto con le persone quindi vuoi o non vuoi mh per forza devi impararlo.	eh innanzitutto ha sempre lavorato a contatto con le persone quindi vuoi o non vuoi mh per forza devi impararlo.	eh innanzitutto ha sempre lavorato a contatto con le persone quindi vuoi o non vuoi mh per forza devi impararlo
641	BZ005	1861.411	1865.836	4.425	True	_	0	0	0	0	0	0	0	0	0	False	False	False	False	False	False	False	_	0	0	0	14	e poi ha fatto: ha fatto la scuola serale qui ha una maturità italiana,	e poi ha fatto: ha fatto la scuola serale qui ha una maturità italiana,	e poi ha fatto ha fatto la scuola serale qui ha una maturità italiana
642	BZ005	1866.117	1867.192	1.075	True	_	0	0	0	0	0	0	0	0	0	False	False	False	False	False	False	False	_	0	0	0	2	e ovviamente,	e ovviamente,	e ovviamente
643	BZ005	1867.46	1870.535	3.075	True	_	0	0	0	0	0	0	0	0	0	False	False	False	False	False	False	False	_	0	0	0	13	frequentando la scuola l'ha imparato e lo sa meglio di mio padre,	frequentando la scuola l'ha imparato e lo sa meglio di mio padre,	frequentando la scuola l' ha imparato e lo sa meglio di mio padre
644	BZ001	1870.966	1871.328	0.362	True	_	0	0	0	0	0	0	0	0	0	False	False	False	False	False	False	False	_	0	0	0	2	mh=mh.	mh=mh.	mh mh
645	BZ005	1871.766	1879.178	7.412	True	_	0	0	0	0	0	0	0	0	0	False	False	False	False	False	False	False	_	0	0	0	19	e poi ha dovuto:: ha dovuto fare un patentino d di tedesco all'epoca, quindi qualcosa di tedesco sa,	e poi ha dovuto:: ha dovuto fare un patentino d di tedesco all'epoca, quindi qualcosa di tedesco sa,	e poi ha dovuto ha dovuto fare un patentino d di tedesco all' epoca quindi qualcosa di tedesco sa
646	BZ005	1880.803	1883.553	2.75	True	_	0	0	0	0	0	0	0	0	0	False	False	False	False	False	False	False	_	0	0	0	6	e in- va be' inglese lasciamo stare.	e in- vabbè inglese lasciamo stare.	e in- vabbè inglese lasciamo stare
647	BZ005	1883.859	1886.759	2.9	True	_	0	0	0	0	0	0	0	0	0	False	False	False	False	False	False	False	_	0	0	0	6	mio padre: sì sa l'italiano,	mio padre: sì sa l'italiano,	mio padre sì sa l' italiano
648	BZ005	1887.503	1891.278	3.775	True	_	0	0	0	0	0	0	0	0	0	False	False	False	False	False	False	False	_	0	0	0	7	eh: ab- abbastanza bene nel senso che:,	eh: ab- abbastanza bene nel senso che:,	eh ab- abbastanza bene nel senso che
649	BZ005	1892.246	1896.521	4.275	True	_	0	0	0	0	0	0	0	0	0	False	False	False	False	False	False	False	_	0	0	0	13	si si nota comunque ovviamente sia per mia madre che per mio padre,	si si nota comunque ovviamente sia per mia madre che per mio padre,	si si nota comunque ovviamente sia per mia madre che per mio padre
650	BZ005	1896.889	1897.239	0.35	True	_	0	0	0	0	0	0	0	0	0	False	False	False	False	False	False	False	_	0	0	0	1	ma,	ma,	ma
651	BZ005	1897.583	1899.983	2.4	True	_	0	0	0	0	0	0	0	0	0	False	False	False	False	False	False	False	_	0	0	0	7	tutti in realtà certe volte l'accento,	tutti in realtà certe volte l'accento,	tutti in realtà certe volte l' accento
652	BZ001	1900.027	1900.502	0.475	True	_	0	0	0	0	0	0	0	0	0	False	False	False	False	False	False	False	_	0	0	0	2	mh=mh.	mh=mh.	mh mh
653	BZ005	1900.595	1902.295	1.7	True	_	0	0	0	0	0	0	0	1	0	False	False	False	False	False	False	False	_	0	0	0	5	>ti vien fuori male insomma,<	>ti vien fuori male insomma<,	ti vien fuori male insomma
654	BZ005	1902.576	1904.864	2.288	True	_	0	0	0	0	0	0	0	0	0	False	False	False	False	False	False	False	_	0	0	0	2	ehm:: lo,	ehm:: lo,	ehm lo
655	BZ005	1905.064	1911.739	6.675	True	_	0	0	0	0	0	0	0	0	0	False	False	False	False	False	False	False	_	0	0	0	19	parla peggio penso va be' innanzitutto perché non ha frequentato una scuola quindi non ha avuto modo di approfondirlo molto,	parla peggio penso vabbè innanzitutto perché non ha frequentato una scuola quindi non ha avuto modo di approfondirlo molto,	parla peggio penso vabbè innanzitutto perché non ha frequentato una scuola quindi non ha avuto modo di approfondirlo molto
656	BZ005	1912.132	1917.807	5.675	True	_	0	0	0	0	0	0	0	0	0	False	False	False	False	False	False	False	_	0	0	0	13	e poi perché comunque lavorando: ha lavorato prima in un ristorante in cucina:,	e poi perché comunque lavorando: ha lavorato prima in un ristorante in cucina:,	e poi perché comunque lavorando ha lavorato prima in un ristorante in cucina
657	BZ005	1918.163	1919.95	1.787	True	_	0	0	0	0	0	0	0	0	0	False	False	False	False	False	False	False	_	0	0	0	5	e poi in un magazzino,	e poi in un magazzino,	e poi in un magazzino
658	BZ005	1920.5	1925.925	5.425	True	_	0	0	0	0	0	0	0	0	0	False	False	False	False	False	False	False	_	0	0	0	14	eh: innanzitutto non ti servono tutte le paro- non usi tutte le parole quotidiane,	eh: innanzitutto non ti servono tutte le paro- non usi tutte le parole quotidiane,	eh innanzitutto non ti servono tutte le paro- non usi tutte le parole quotidiane
659	BZ005	1926.343	1927.443	1.1	True	_	0	0	0	0	0	0	0	0	0	False	False	False	False	False	False	False	_	0	0	0	1	ehm:,	ehm:,	ehm
660	BZ005	1927.824	1928.174	0.35	True	_	0	0	0	0	0	0	0	0	0	False	False	False	False	False	False	False	_	0	0	0	1	i,	i,	i
661	BZ005	1928.455	1930.805	2.35	True	_	0	0	0	0	0	0	0	0	0	False	False	False	False	False	False	False	_	0	0	0	7	mh le persone con cui lavora diciamo,	mh le persone con cui lavora diciamo,	mh le persone con cui lavora diciamo
662	BZ005	1931.074	1933.849	2.775	True	_	0	0	0	0	0	0	0	0	0	False	False	False	False	False	False	False	_	0	0	0	8	anche loro o sono moldave o russe o,	anche loro o sono moldave o russe o,	anche loro o sono moldave o russe o
663	BZ005	1934.092	1934.842	0.75	True	_	0	0	0	0	0	0	0	0	0	False	False	False	False	False	False	False	_	0	0	0	2	eh quindi,	eh quindi,	eh quindi
664	BZ005	1935.148	1937.398	2.25	True	_	0	0	0	0	0	0	0	0	0	False	False	False	False	False	False	False	_	0	0	0	9	anche lì sul lavoro non è che parli proprio,	anche lì sul lavoro non è che parli proprio,	anche lì sul lavoro non è che parli proprio
665	BZ005	1937.654	1938.629	0.975	True	_	0	0	0	0	0	0	0	0	0	False	False	False	False	False	False	False	_	0	0	0	2	in italiano,	in italiano,	in italiano
666	BZ005	1939.372	1948.45	9.078	True	_	0	0	0	0	0	0	0	0	0	False	False	False	False	False	False	False	_	0	0	0	28	ehm: conosce sì ovviamente l'italiano dei termini tecnici [tipo] ha fatto quindi la patente quindi tutti [i termini] legati all'auto, questo cose qui, lo sport, eccetera,	ehm: conosce sì ovviamente l'italiano dei termini tecnici [tipo] ha fatto quindi la patente quindi tutti [i termini] legati all'auto, questo cose qui, lo sport, eccetera,	ehm conosce sì ovviamente l' italiano dei termini tecnici tipo ha fatto quindi la patente quindi tutti i termini legati all' auto questo cose qui lo sport eccetera
667	BZ001	1942.828	1943.203	0.375	True	_	0	0	0	0	0	0	0	1	0	False	False	False	False	False	False	False	_	0	0	0	2	[mh=mh,]	[mh=mh],	mh mh
668	BZ001	1944.834	1945.196	0.362	True	_	0	0	0	0	0	0	0	0	0	False	False	False	False	False	False	False	_	0	0	0	1	[certo]	[certo]	certo
669	BZ005	1948.709	1949.834	1.125	True	_	0	0	0	0	0	0	0	0	0	False	False	False	False	False	False	False	_	0	0	0	5	sì li sa in italiano.	sì li sa in italiano.	sì li sa in italiano
670	BZ001	1950.202	1952.74	2.538	True	_	0	0	0	0	0	0	0	0	0	False	False	False	False	False	False	False	_	0	0	0	10	certo eh per tua mamma immagino che lavora coi bambini,	certo eh per tua mamma immagino che lavora coi bambini,	certo eh per tua mamma immagino che lavora coi bambini
671	BZ005	1952.74	1953.165	0.425	True	_	0	0	0	0	0	0	0	0	0	False	False	False	False	False	False	False	_	0	0	0	1	sì,	sì,	sì
672	BZ001	1953.283	1959.096	5.813	True	_	0	0	0	0	0	0	0	0	0	False	False	False	False	False	False	False	_	1	0	0	16	p- particolarmente difficile forse eh lavorare coi bambini, (.) se i bambini parlano hanno una elle uno,	p- particolarmente difficile forse eh lavorare coi bambini, (.) se i bambini parlano hanno una elle uno,	p- particolarmente difficile forse eh lavorare coi bambini (.) se i bambini parlano hanno una elle uno
673	BZ001	1959.395	1964.75	5.355	True	_	0	0	0	0	0	1	0	1	True	False	False	False	False	False	False	False	_	0	0	0	20	diversa no dalla tua o che tu non padroneggi: [a pieno.] avete mai parlato di questo ha mai detto niente?=	diversa no dalla tua o che tu non padroneggi: [a pieno]. avete mai parlato di questo ha mai detto niente?	diversa no dalla tua o che tu non padroneggi a pieno avete mai parlato di questo ha mai detto niente
674	BZ005	1962.083	1962.433	0.35	True	_	0	0	0	0	0	0	0	1	0	False	False	False	False	False	False	False	_	0	0	0	1	[eh,]	[eh],	eh
675	BZ005	1964.739	1976.289	11.55	True	_	0	0	0	0	0	1	0	0	True	False	False	False	False	False	False	False	673=0.011	0	0	0	30	=n:on ne abbiamo mai parlato. in realtà anche qui eh essendo comunque un lavoro che funziona un po' a pa- a passaparola eh: si è ritrovata maggiormente con bambini russi,	n:on ne abbiamo mai parlato. in realtà anche qui eh essendo comunque un lavoro che funziona un po' a pa- a passaparola eh: si è ritrovata maggiormente con bambini russi,	non ne abbiamo mai parlato in realtà anche qui eh essendo comunque un lavoro che funziona un po' a pa- a passaparola eh si è ritrovata maggiormente con bambini russi
676	BZ005	1976.645	1979.42	2.775	True	_	0	0	0	0	0	0	0	1	0	False	False	False	False	False	False	False	_	0	0	0	8	eh: o romeni >per esempio appena arrivati qui,<	eh: o romeni >per esempio appena arrivati qui<,	eh o romeni per esempio appena arrivati qui
677	BZ005	1979.726	1984.425	4.699	True	_	0	0	0	0	0	0	0	0	0	False	False	False	False	False	False	False	_	0	0	0	16	eh per esempio adesso sta tenendo una bambina russa che l'anno prossimo andrà all'asilo,	eh per esempio adesso sta tenendo una bambina russa che l'anno prossimo andrà all'asilo,	eh per esempio adesso sta tenendo una bambina russa che l' anno prossimo andrà all' asilo
678	BZ001	1984.425	1984.744	0.319	True	_	0	0	0	0	0	0	0	0	0	False	False	False	False	False	False	False	_	0	0	0	2	mh=mh,	mh=mh,	mh mh
679	BZ005	1985.287	1991.7	6.413	True	_	0	0	0	0	0	0	0	0	0	False	False	False	False	False	False	False	_	0	0	0	27	però non sa l'italiano e quindi c'è stato quest'anno di transizione a casa di mia madre che comunque conoscendo tutte e due le lingue,	però non sa l'italiano e quindi c'è stato quest'anno di transizione a casa di mia madre che comunque conoscendo tutte e due le lingue,	però non sa l' italiano e quindi c' è stato quest' anno di transizione a casa di mia madre che comunque conoscendo tutte e due le lingue
680	BZ005	1991.924	1995.33	3.406	True	_	0	0	0	0	0	0	0	0	0	False	False	False	False	False	False	False	_	0	0	0	15	eh: se la gioca un po' lei [insomma quindi] le fa un po' da ponte,	eh: se la gioca un po' lei [insomma quindi] le fa un po' da ponte,	eh se la gioca un po' lei insomma quindi le fa un po' da ponte
681	BZ001	1993.73	1994.355	0.625	True	_	0	0	0	0	0	0	0	1	0	False	False	False	False	False	False	False	_	0	0	0	2	[eh certo.]	[eh certo].	eh certo
682	BZ005	1996.248	1997.698	1.45	True	_	0	0	0	0	0	0	0	0	0	False	False	False	False	False	False	False	_	0	0	0	1	ehm::,	ehm::,	ehm
683	BZ005	1998.467	2003.104	4.637	True	_	0	0	0	0	0	0	0	0	0	False	False	False	False	False	False	False	_	0	1	0	20	sì ha avuto bambini ita- non è un proble- penso sia più un problema per i genitori [in realtà che, ((ridendo))]	sì ha avuto bambini ita- non è un proble- penso sia più un problema per i genitori [in realtà che, ((ridendo))]	sì ha avuto bambini ita- non è un proble- penso sia più un problema per i genitori in realtà che ((ridendo))
684	BZ001	2002.216	2002.954	0.738	True	_	0	0	0	0	0	0	0	0	0	False	False	False	False	False	False	False	_	0	1	0	0	[((ride))]	[((ride))]	((ride))
685	BZ005	2003.291	2008.504	5.213	True	_	0	0	0	0	0	0	0	1	0	False	False	False	False	False	False	False	_	0	0	0	18	boh eh fanno un po' delle smorfie strane quando mia madre parla perché l'accento non è [proprio,]	boh eh fanno un po' delle smorfie strane quando mia madre parla perché l'accento non è [proprio],	boh eh fanno un po' delle smorfie strane quando mia madre parla perché l' accento non è proprio
686	BZ001	2007.903	2008.466	0.563	True	_	0	0	0	0	0	0	0	1	0	False	False	False	False	False	False	False	_	0	0	0	1	[ah.]	[ah].	ah
687	BZ005	2009.515	2011.14	1.625	True	_	0	0	0	0	0	0	0	0	0	False	False	False	False	False	False	False	_	0	0	0	2	italiano ovviamente,	italiano ovviamente,	italiano ovviamente
688	BZ005	2011.658	2015.433	3.775	True	_	0	0	0	0	0	0	0	0	0	False	False	False	False	False	False	False	_	0	0	0	9	ehm ha avuto anche bambini tedeschi, un paio per,	ehm ha avuto anche bambini tedeschi, un paio per,	ehm ha avuto anche bambini tedeschi un paio per
689	BZ005	2015.764	2017.564	1.8	True	_	0	0	0	0	0	0	0	0	0	False	False	False	False	False	False	False	_	0	0	0	4	per brevi periodi comunque,	per brevi periodi comunque,	per brevi periodi comunque
690	BZ005	2017.995	2022.208	4.213	True	_	0	0	0	0	0	0	0	0	0	False	False	False	False	False	False	False	_	0	0	0	16	e: sì va be' lì il lessico comunque di base per rapportarti [a un bambin]o c'è,	e: sì vabbè lì il lessico comunque di base per rapportarti [a un bambin]o c'è,	e sì vabbè lì il lessico comunque di base per rapportarti a un bambino c' è
691	BZ001	2021.22	2021.632	0.412	True	_	0	0	0	0	0	0	0	1	0	False	False	False	False	False	False	False	_	0	0	0	2	[mh=mh.]	[mh=mh].	mh mh
692	BZ005	2022.657	2025.0475000000001	2.4	True	_	0	0	0	0	0	0	1	0	0	False	False	False	False	False	False	False	_	0	0	0	9	eh spesso sono io che la correggo per esempio,	eh spesso sono io che la correggo per esempio,	eh spesso sono io che la correggo per esempio
693	BZ001	2025.0475000000001	2025.3784999999998	0.35	True	_	0	0	0	0	0	0	2	0	0	False	False	False	False	False	False	False	_	0	0	0	1	ah,	ah,	ah
694	BZ005	2025.3784999999998	2027.682	2.313	True	_	0	0	0	0	0	0	1	0	0	False	False	False	False	False	False	False	_	0	0	0	3	ade- adesso tipo:,	ade- adesso tipo:,	ade- adesso tipo
695	BZ005	2028.356	2037.881	9.525	True	_	0	0	0	0	0	0	0	0	0	False	False	False	False	False	False	False	_	1	0	0	29	metti le bambole al suo posto no mamma le bambole al loro posto perché sono le bambole, (.) oppure l'ultima diatriba in casa è stata il tavolo la tavola,	metti le bambole al suo posto no mamma le bambole al loro posto perché sono le bambole, (.) oppure l'ultima diatriba in casa è stata il tavolo la tavola,	metti le bambole al suo posto no mamma le bambole al loro posto perché sono le bambole (.) oppure l' ultima diatriba in casa è stata il tavolo la tavola
696	BZ005	2038.249	2042.512	4.263	True	_	0	0	0	0	0	0	0	0	0	False	False	False	False	False	False	False	_	0	0	0	14	[la tavola] quando è apparecchiata il tavolo è l'oggetto. e anche qui eh,	[la tavola] quando è apparecchiata il tavolo è l'oggetto. e anche qui eh,	la tavola quando è apparecchiata il tavolo è l' oggetto e anche qui eh
697	BZ001	2038.411	2038.911	0.5	True	_	0	0	0	0	0	0	0	1	0	False	False	False	False	False	False	False	_	0	0	0	1	[okay,]	[okay],	okay
698	BZ005	2042.855	2044.437	1.582	True	_	0	0	0	0	0	0	0	0	0	False	False	False	False	False	False	False	_	0	1	0	2	questioni mini[me xx] ((ridendo))	questioni mini[me xx] ((ridendo))	questioni minime xx ((ridendo))
699	BZ001	2043.849	2047.774	3.925	True	_	0	0	0	0	0	0	0	0	True	False	False	False	False	False	False	False	_	0	1	0	16	[quindi tu hai] un po' questo ruolo in casa anche di ((ride)) più tu di tua sorella?	[quindi tu hai] un po' questo ruolo in casa anche di ((ride)) più tu di tua sorella?	quindi tu hai un po' questo ruolo in casa anche di ((ride)) più tu di tua sorella
700	BZ005	2047.755	2048.205	0.45	True	_	0	0	0	0	0	0	0	0	True	False	False	False	False	False	False	False	699=0.019	0	0	0	1	sì.	sì.	sì
701	BZ001	2049.486	2050.449	0.963	True	_	0	0	0	0	0	0	0	0	0	False	False	False	False	False	False	False	_	0	0	0	2	lei non,	lei non,	lei non
702	BZ001	2050.948	2051.811	0.863	True	_	0	0	0	0	0	0	0	0	0	False	False	False	False	False	False	False	_	0	0	0	2	non interviene?	non interviene?	non interviene
703	BZ005	2051.823	2052.185	0.362	True	_	0	0	0	0	0	0	0	0	0	False	False	False	False	False	False	False	_	0	0	0	1	no.	no.	no
704	BZ001	2052.21	2052.848	0.638	True	_	0	0	0	0	0	0	0	0	0	False	False	False	False	False	False	False	_	0	1	0	0	[((ride))]	[((ride))]	((ride))
705	BZ005	2052.598	2055.56	2.962	True	_	0	0	0	0	0	0	0	0	0	False	False	False	False	False	False	False	_	0	0	0	11	[ma non] penso le interessi molto a me invece un po',	[ma non] penso le interessi molto a me invece un po',	ma non penso le interessi molto a me invece un po'
706	BZ005	2056.21	2061.41	5.2	True	_	0	0	0	0	0	0	0	0	0	False	False	False	False	False	False	False	_	0	0	0	22	non non che mi dia fastidio per- cioè non mi dà fastidio però se puoi dirla giusta prova a dirla giusta no?	non non che mi dia fastidio per- cioè non mi dà fastidio però se puoi dirla giusta prova a dirla giusta no?	non non che mi dia fastidio per- cioè non mi dà fastidio però se puoi dirla giusta prova a dirla giusta no
707	BZ001	2061.666	2064.279	2.613	True	_	0	0	0	0	0	0	0	0	0	False	False	False	False	False	False	False	_	0	0	0	7	e loro come prendono questa questa cosa?	e loro come prendono questa questa cosa?	e loro come prendono questa questa cosa
708	BZ005	2064.841	2067.353	2.512	True	_	0	0	0	0	0	0	0	0	True	False	False	False	False	False	False	False	709=0.012	0	0	0	7	mh: certe volte è lei a chiedermelo.	mh: certe volte è lei a chiedermelo.	mh certe volte è lei a chiedermelo
709	BZ001	2067.341	2067.928	0.587	True	_	0	0	0	0	0	0	0	1	True	False	False	False	False	False	False	False	_	0	0	0	2	ah [okay.]	ah [okay].	ah okay
710	BZ005	2067.79	2070.965	3.175	True	_	0	0	0	0	0	0	0	0	0	False	False	False	False	False	False	False	_	0	0	0	16	[cioè] mi chiede ah ma l'ho detto giusto si dice così non si dice così?	[cioè] mi chiede ah ma l'ho detto giusto si dice così non si dice così?	cioè mi chiede ah ma l' ho detto giusto si dice così non si dice così
711	BZ005	2071.533	2079.621	8.088	True	_	0	0	0	0	0	0	0	0	0	False	False	False	False	False	False	False	_	1	0	0	36	e quindi lì sì eh certe volte quando noto che fa (.) diciamo lo stesso errore più di una volta le dico mamma ma cavolo te l'ho detto ieri te lo dico anche oggi però insomma,	e quindi lì sì eh certe volte quando noto che fa (.) diciamo lo stesso errore più di una volta le dico mamma ma cavolo te l'ho detto ieri te lo dico anche oggi però insomma,	e quindi lì sì eh certe volte quando noto che fa (.) diciamo lo stesso errore più di una volta le dico mamma ma cavolo te l' ho detto ieri te lo dico anche oggi però insomma
712	BZ001	2080.108	2080.871	0.763	True	_	0	0	0	0	0	0	0	0	0	False	False	False	False	False	False	False	_	0	0	0	2	sei pignola,	sei pignola,	sei pignola
713	BZ005	2080.933	2081.645	0.712	True	_	0	0	0	0	0	0	0	0	0	False	False	False	False	False	False	False	_	0	0	0	3	un po' sì.	un po' sì.	un po' sì
714	BZ001	2082.62	2084.17	1.55	True	_	0	0	0	0	0	0	0	0	0	False	False	False	False	False	False	False	_	0	0	0	2	ecco invece:,	ecco invece:,	ecco invece
715	BZ001	2084.464	2089.376	4.912	True	_	0	0	0	0	0	0	0	0	0	False	False	False	False	False	False	False	_	0	0	0	11	eh: come come studio futuro hai già qualche: qualche idea qualche,	eh: come come studio futuro hai già qualche: qualche idea qualche,	eh come come studio futuro hai già qualche qualche idea qualche
716	BZ001	2089.739	2091.426	1.687	True	_	0	0	0	0	0	0	0	0	0	False	False	False	False	False	False	False	_	0	0	0	6	direzione in cui ti piacerebbe andare?	direzione in cui ti piacerebbe andare?	direzione in cui ti piacerebbe andare
717	BZ005	2092.351	2093.276	0.925	True	_	0	0	0	0	0	0	0	0	0	False	False	False	False	False	False	False	_	0	0	0	1	panichissimo.	panichissimo.	panichissimo
718	BZ001	2093.282	2093.857	0.575	True	_	0	0	0	0	0	0	0	0	0	False	False	False	False	False	False	False	_	0	1	0	0	((ride))	((ride))	((ride))
719	BZ005	2094.0	2098.563	4.563	True	_	0	0	0	0	0	0	0	0	0	False	False	False	False	False	False	False	_	0	0	0	8	eh:: va be' sto studiando lettere, quindi:, diciamo che,	eh:: vabbè sto studiando lettere, quindi:, diciamo che,	eh vabbè sto studiando lettere quindi diciamo che
720	BZ005	2098.887	2109.362	10.475	True	_	0	0	0	0	0	0	0	0	0	False	False	False	False	False	False	False	_	0	0	0	28	anche per questa: rete di lingue che conosco, e per diciamo i i viaggi e le associazioni poi che mi sono fatta tra una lingua e l'altra,	anche per questa: rete di lingue che conosco, e per diciamo i i viaggi e le associazioni poi che mi sono fatta tra una lingua e l'altra,	anche per questa rete di lingue che conosco e per diciamo i i viaggi e le associazioni poi che mi sono fatta tra una lingua e l' altra
721	BZ005	2109.968	2114.9735	5.037	True	_	0	0	0	0	0	0	1	0	0	False	False	False	False	False	False	False	_	0	0	0	15	eh: prima da sola al liceo poi ho comunque ho scoperto che esiste la linguistica,	eh: prima da sola al liceo poi ho comunque ho scoperto che esiste la linguistica,	eh prima da sola al liceo poi ho comunque ho scoperto che esiste la linguistica
722	BZ001	2114.9735	2115.451	0.525	True	_	0	0	0	0	0	0	2	0	0	False	False	False	False	False	False	False	_	0	1	0	0	((ride))	((ride))	((ride))
723	BZ005	2115.451	2117.423	1.988	True	_	0	0	0	0	0	0	1	0	0	False	False	False	False	False	False	False	_	0	1	0	7	e questa cosa mi ha aiutata molto, ((ridendo))	e questa cosa mi ha aiutata molto, ((ridendo))	e questa cosa mi ha aiutata molto ((ridendo))
724	BZ005	2118.11	2123.123	5.013	True	_	0	0	0	0	0	0	0	0	0	False	False	False	False	False	False	False	_	0	0	0	12	eh quindi forse la linguistica ma: è comunque una cosa molto ostica.	eh quindi forse la linguistica ma: è comunque una cosa molto ostica.	eh quindi forse la linguistica ma è comunque una cosa molto ostica
725	BZ005	2123.497	2126.897	3.4	True	_	0	0	0	0	0	0	0	0	0	False	False	False	False	False	False	False	_	0	0	0	10	e sicuramente mi piacerebbe per esempio esplorare in modo più,	e sicuramente mi piacerebbe per esempio esplorare in modo più,	e sicuramente mi piacerebbe per esempio esplorare in modo più
726	BZ005	2127.278	2129.028	1.75	True	_	0	0	0	0	0	0	0	0	0	False	False	False	False	False	False	False	_	0	0	0	4	scientifico e più degno,	scientifico e più degno,	scientifico e più degno
727	BZ005	2129.234	2138.059	8.825	True	_	0	0	0	0	0	0	0	0	0	False	False	False	False	False	False	False	_	0	0	0	21	eh la questione linguistica che c'è in moldavia [quindi:] rumeno, moldavo, sì no, quanto è lingua, quanto è dialetto eccetera.	eh la questione linguistica che c'è in moldavia [quindi:] rumeno, moldavo, sì no, quanto è lingua, quanto è dialetto eccetera.	eh la questione linguistica che c' è in moldavia quindi rumeno moldavo sì no quanto è lingua quanto è dialetto eccetera
728	BZ001	2131.927	2132.277	0.35	True	_	0	0	0	0	0	0	0	1	0	False	False	False	False	False	False	False	_	0	0	0	2	[mh=mh,]	[mh=mh],	mh mh
729	BZ001	2138.583	2146.033	7.45	True	_	0	0	0	0	0	0	0	0	0	False	False	False	False	False	False	False	_	0	0	0	30	ah be' quindi hai già in realtà una un'idea anche abbastanza, cioè diciamo se dovessi scegliere questo percorso hai già anche un tema abbastanza definito però no? non è,	ah be' quindi hai già in realtà una un'idea anche abbastanza, cioè diciamo se dovessi scegliere questo percorso hai già anche un tema abbastanza definito però no? non è,	ah be' quindi hai già in realtà una un' idea anche abbastanza cioè diciamo se dovessi scegliere questo percorso hai già anche un tema abbastanza definito però no non è
730	BZ001	2146.289	2147.502	1.213	True	_	0	0	0	0	0	0	0	0	0	False	False	False	False	False	False	False	_	0	0	0	3	non è scontato,	non è scontato,	non è scontato
731	BZ001	2147.726	2148.501	0.775	True	_	0	0	0	0	0	0	0	0	0	False	False	False	False	False	False	False	_	0	0	0	2	neanche questo.	neanche questo.	neanche questo
732	BZ001	2149.094	2152.207	3.113	True	_	0	0	0	0	0	0	0	0	0	False	False	False	False	False	False	False	_	0	0	0	9	e linguistica hai fatto degli esami già all'università?	e linguistica hai fatto degli esami già all'università?	e linguistica hai fatto degli esami già all' università
733	BZ005	2152.469	2153.319	0.85	True	_	0	0	0	0	0	0	0	0	0	False	False	False	False	False	False	False	_	0	0	0	1	sì,	sì,	sì
734	BZ005	2153.663	2158.738	5.075	True	_	0	0	0	0	0	0	0	0	0	False	False	False	False	False	False	False	_	0	0	0	14	eh:: va be' ho dato un es- l'esame primario che è fondamenti di linguistica,	eh:: vabbè ho dato un es- l'esame primario che è fondamenti di linguistica,	eh vabbè ho dato un es- l' esame primario che è fondamenti di linguistica
735	BZ005	2159.281	2166.419	7.138	True	_	0	0	0	0	0	0	0	0	0	False	False	False	False	False	False	False	_	0	0	0	17	e:: poi ho dato un esame di lingua e società che comunque sarebbe la sociolinguistica, e eh:,	e:: poi ho dato un esame di lingua e società che comunque sarebbe la sociolinguistica, e eh:,	e poi ho dato un esame di lingua e società che comunque sarebbe la sociolinguistica e eh
736	BZ005	2167.319	2169.094	1.775	True	_	0	0	0	0	0	0	0	0	0	False	False	False	False	False	False	False	_	0	0	0	3	geografia linguistica appunto,	geografia linguistica appunto,	geografia linguistica appunto
737	BZ005	2170.75	2174.337	3.587	True	_	0	0	0	0	0	0	0	0	0	False	False	False	False	False	False	False	_	1	0	0	10	che è (.) m- mi ha sorpresa molto perché [di soli]to,	che è (.) m- mi ha sorpresa molto perché [di soli]to,	che è (.) m- mi ha sorpresa molto perché di solito
738	BZ001	2173.437	2173.712	0.275	True	_	0	0	0	0	0	0	0	1	0	False	False	False	False	False	False	False	_	0	0	0	1	[eh.]	[eh].	eh
739	BZ005	2174.655	2177.843	3.188	True	_	0	0	0	0	0	0	0	0	0	False	False	False	False	False	False	False	_	0	0	0	8	nessuno si fila più di tanto il rumeno,	nessuno si fila più di tanto il rumeno,	nessuno si fila più di tanto il rumeno
740	BZ005	2178.393	2181.305	2.912	True	_	0	0	0	0	0	0	0	0	0	False	False	False	False	False	False	False	_	0	0	0	8	invece la romania ho scoperto avere una tredizione,	invece la romania ho scoperto avere una tredizione,	invece la romania ho scoperto avere una tredizione
741	BZ005	2181.518	2189.505	7.987	True	_	0	0	0	0	0	0	0	1	0	False	False	False	False	False	False	False	_	0	0	0	20	abbastanza importante di atlanti linguistici nazionali e [regionali,] e quindi eh ho fatto delle scoperte interessanti anche preparando quest'esame.	abbastanza importante di atlanti linguistici nazionali e [regionali], e quindi eh ho fatto delle scoperte interessanti anche preparando quest'esame.	abbastanza importante di atlanti linguistici nazionali e regionali e quindi eh ho fatto delle scoperte interessanti anche preparando quest' esame
742	BZ001	2185.042	2185.292	0.25	True	_	0	0	0	0	0	0	0	1	0	False	False	False	False	False	False	False	_	0	0	0	1	[ah.]	[ah].	ah
743	BZ001	2189.886	2190.148	0.262	True	_	0	0	0	0	0	0	0	0	0	False	False	False	False	False	False	False	_	0	0	0	1	ah,	ah,	ah
744	BZ001	2190.486	2195.9015	5.425	True	_	0	0	0	0	0	0	1	0	0	False	False	False	False	False	False	False	_	0	0	0	19	ti piacerebbe quindi anche approfondire il discorso de- degli atlanti o comunque da da una prospettiva di questo tipo.	ti piacerebbe quindi anche approfondire il discorso de- degli atlanti o comunque da da una prospettiva di questo tipo.	ti piacerebbe quindi anche approfondire il discorso de- degli atlanti o comunque da da una prospettiva di questo tipo
745	BZ005	2195.9015	2196.229	0.337	True	_	0	0	0	0	0	0	1	0	0	False	False	False	False	False	False	False	_	0	0	0	1	sì.	sì.	sì
746	BZ001	2196.891	2199.304	2.413	True	_	0	0	0	0	0	0	0	0	0	False	False	False	False	False	False	False	_	0	1	0	8	hai già deciso su cosa farai la [tesi? ((ride))]	hai già deciso su cosa farai la [tesi? ((ride))]	hai già deciso su cosa farai la tesi ((ride))
747	BZ005	2198.203	2199.762	1.559	True	_	0	0	0	0	0	0	0	1	0	False	False	False	False	False	False	False	_	0	1	0	1	[((ride)) no.]	[((ride)) no].	((ride)) no
748	BZ005	2199.815	2202.165	2.35	True	_	0	0	0	0	0	0	0	0	0	False	False	False	False	False	False	False	_	0	0	0	6	però geografia linguistica mi sta tentando,	però geografia linguistica mi sta tentando,	però geografia linguistica mi sta tentando
749	BZ001	2202.274	2202.542	0.268	True	_	0	0	0	0	0	0	0	0	0	False	False	False	False	False	False	False	_	0	0	0	1	ah.	ah.	ah
750	BZ001	2202.794	2203.215	0.421	True	_	0	0	0	0	0	0	0	0	0	False	False	False	False	False	False	False	_	0	0	0	2	eh vedi,	eh vedi,	eh vedi
751	BZ001	2203.869	2207.323	3.454	True	_	0	0	0	0	0	0	0	0	0	False	False	False	False	False	False	False	_	0	0	0	10	be' poi sociolinguistica e geografia linguistica [in qualche modo] comunque,	be' poi sociolinguistica e geografia linguistica [in qualche modo] comunque,	be' poi sociolinguistica e geografia linguistica in qualche modo comunque
752	BZ005	2205.669	2206.353	0.684	True	_	0	0	0	0	0	0	0	1	0	False	False	False	False	False	False	False	_	0	0	0	1	[infatti,]	[infatti],	infatti
753	BZ001	2207.861	2209.315	1.454	True	_	0	0	0	0	0	0	0	0	0	False	False	False	False	False	False	False	_	0	0	0	4	diciamo possono dialogare no?	diciamo possono dialogare no?	diciamo possono dialogare no
754	BZ001	2210.807	2218.3	7.493	True	_	0	0	0	0	0	0	0	0	0	False	False	False	False	False	False	False	_	0	0	0	27	c'è qualcos'altro che ti va: di raccontare magari anche q- non so qualche aneddoto particolare legato alle cose di cui abbiam parlato oppure una riflessione?	c'è qualcos'altro che ti va: di raccontare magari anche q- non so qualche aneddoto particolare legato alle cose di cui abbiam parlato oppure una riflessione?	c' è qualcos' altro che ti va di raccontare magari anche q- non so qualche aneddoto particolare legato alle cose di cui abbiam parlato oppure una riflessione
755	BZ005	2220.979	2230.241	9.262	True	_	0	0	0	0	0	0	0	0	0	False	False	False	False	False	False	False	_	0	1	0	32	oddio aneddoti particolari oltre al: al mio parente che mi dice [che non ho più] un un accento in nessuna lingua, ((ride)) diciamo che è la cosa che mi ha colpita di più.	oddio aneddoti particolari oltre al: al mio parente che mi dice [che non ho più] un un accento in nessuna lingua, ((ride)) diciamo che è la cosa che mi ha colpita di più.	oddio aneddoti particolari oltre al al mio parente che mi dice che non ho più un un accento in nessuna lingua ((ride)) diciamo che è la cosa che mi ha colpita di più
756	BZ001	2224.567	2225.575	1.008	True	_	0	0	0	0	0	0	0	0	0	False	False	False	False	False	False	False	_	0	1	0	0	[((ride))]	[((ride))]	((ride))
757	BZ005	2230.813	2239.136	8.323	True	_	0	0	0	0	0	0	0	0	0	False	False	False	False	False	False	False	_	0	0	0	17	ehm: ma riflessioni in realtà no cioè è un po' complesso d- diciamo essere: nella mia situazione,	ehm: ma riflessioni in realtà no cioè è un po' complesso d- diciamo essere: nella mia situazione,	ehm ma riflessioni in realtà no cioè è un po' complesso d- diciamo essere nella mia situazione
758	BZ005	2239.673	2241.073	1.4	True	_	0	0	0	0	0	0	0	0	0	False	False	False	False	False	False	False	_	0	0	0	4	non per l- la,	non per l- la,	non per l- la
759	BZ005	2241.315	2242.83	1.515	True	_	0	0	0	0	0	0	0	0	0	False	False	False	False	False	False	False	_	0	0	0	5	quantità di lingue che so,	quantità di lingue che so,	quantità di lingue che so
760	BZ005	2243.483	2256.139	12.656	True	_	0	0	0	0	0	0	0	0	0	False	False	False	False	False	False	False	_	0	0	0	40	più che altro per la questione appunto del non capire eh come posizionarmi per esempio quando mi chiedono qual è la tua lingua madre eh boh eh: rumeno moldavo non lo so, infatti è una cosa che appunto vorrei indagare.	più che altro per la questione appunto del non capire eh come posizionarmi per esempio quando mi chiedono qual è la tua lingua madre eh boh eh: rumeno moldavo non lo so, infatti è una cosa che appunto vorrei indagare.	più che altro per la questione appunto del non capire eh come posizionarmi per esempio quando mi chiedono qual è la tua lingua madre eh boh eh rumeno moldavo non lo so infatti è una cosa che appunto vorrei indagare
761	BZ005	2256.554	2257.838	1.284	True	_	0	0	0	0	0	0	0	0	0	False	False	False	False	False	False	False	_	0	0	0	5	è questo che più mi,	è questo che più mi,	è questo che più mi
762	BZ005	2258.2	2259.43	1.23	True	_	0	0	0	0	0	0	0	0	0	False	False	False	False	False	False	False	_	0	0	0	5	mi ferma e mi blocca,	mi ferma e mi blocca,	mi ferma e mi blocca
763	BZ001	2259.988	2260.495	0.507	True	_	0	0	0	0	0	0	0	0	0	False	False	False	False	False	False	False	_	0	0	0	2	mh=mh.	mh=mh.	mh mh
764	BZ001	2261.629	2263.483	1.854	True	_	0	0	0	0	0	0	0	0	0	False	False	False	False	False	False	False	_	0	0	0	4	no molto, molto interessante,	no molto, molto interessante,	no molto molto interessante
765	BZ001	2264.013	2267.36	3.347	True	_	0	0	0	0	0	0	0	0	0	False	False	False	False	False	False	False	_	0	0	0	12	grazie mille no direi che possiamo fermare se non hai altro da,	grazie mille no direi che possiamo fermare se non hai altro da,	grazie mille no direi che possiamo fermare se non hai altro da
766	BZ001	2268.09	2269.89	1.8	True	_	0	0	0	0	0	0	0	0	0	False	False	False	False	False	False	False	_	0	0	0	6	ti ho già trattenuta fin troppo.	ti ho già trattenuta fin troppo.	ti ho già trattenuta fin troppo
