tu_id	speaker	start	end	duration	include	variation	W:normalized_spaces	W:numbers	W:accents	W:non_jefferson	W:pauses_trim	W:prosodic_trim	W:moved_boundaries	W:switches	W:overlap_mismatch	E:volume	E:pace	E:guess	E:overlap	E:overlap_mismatch	E:overlap_annotation	E:overlap_time	E:overlap_duration	T:shortpauses	T:nonverbalbehavior	T:errors	T:linguistic	original	text	orthographic
0	BZ001	1.09	1.62	0.53	True	_	0	0	0	0	0	0	0	0	0	False	False	False	False	False	False	False	_	0	0	0	1	okay.	okay.	okay
1	BZ001	2.14	6.16	4.02	True	_	0	0	0	0	0	0	0	0	0	False	False	False	False	False	False	False	_	0	0	0	18	allora io, ti chiederei come ti ho detto: di raccontarmi se ti va un po' la tua vita,	allora io, ti chiederei come ti ho detto: di raccontarmi se ti va un po' la tua vita,	allora io ti chiederei come ti ho detto di raccontarmi se ti va un po' la tua vita
2	BZ001	6.36	11.7	5.34	True	_	0	0	0	0	0	0	0	0	0	False	False	False	False	False	False	False	_	0	0	0	21	partendo dalle tue esperienze con le lingue, le lingue che parli, che hai studiato, che vorresti studiare, in modo molto libero.	partendo dalle tue esperienze con le lingue, le lingue che parli, che hai studiato, che vorresti studiare, in modo molto libero.	partendo dalle tue esperienze con le lingue le lingue che parli che hai studiato che vorresti studiare in modo molto libero
3	BZ007	12.24	13.42	1.18	True	_	1	0	0	0	0	0	0	0	0	False	False	False	False	False	False	False	_	0	0	1, perfetto..	1	perfetto. .hh	perfetto.. hh	perfetto.. hh
4	BZ007	13.82	17.03	3.21	True	_	0	0	0	0	0	0	0	1	0	False	False	False	False	False	False	False	_	0	0	0	9	be' allora posso partire un po': dal prin[cipio no?]	be' allora posso partire un po': dal prin[cipio no]?	be' allora posso partire un po' dal principio no
5	BZ001	15.8	17.04	1.24	True	_	0	0	0	0	0	0	0	1	0	False	False	False	False	False	False	False	_	1	0	0	3	[certo. (.) sì sì.]	[certo. (.) sì sì].	certo (.) sì sì
6	BZ007	17.065	18.8425	1.78	True	_	0	0	0	0	0	0	1	0	0	False	False	False	False	False	False	False	_	0	0	0	6	allora io sono nata a bolzano,	allora io sono nata a bolzano,	allora io sono nata a bolzano
7	BZ001	18.8425	19.33	0.49	True	_	0	0	0	0	0	0	1	0	0	False	False	False	False	False	False	False	_	0	0	0	2	mh=mh,	mh=mh,	mh mh
8	BZ007	19.34	26.68	7.34	True	_	0	0	0	0	0	1	0	2	0	False	False	False	False	False	False	False	_	0	0	0	17	.h da eh:::: quindi una terra: per antonomasia dove la lingua diciamo gioca un ruolo centrale [no?]=	h. da eh:::: quindi una terra: per antonomasia dove la lingua diciamo gioca un ruolo centrale [no]?	h da eh quindi una terra per antonomasia dove la lingua diciamo gioca un ruolo centrale no
9	BZ001	26.38	26.66	0.28	True	_	0	0	0	0	0	0	0	1	0	False	False	False	False	False	False	False	_	0	0	0	1	[mh.]	[mh].	mh
10	BZ007	26.68	32.19	5.51	True	_	0	0	0	0	0	1	0	0	0	False	False	False	False	False	False	False	_	0	0	0	20	=perché qua abbiamo già l'italiano e il tedesco che a volte sono in lotta, a volte no insomma quindi,	perché qua abbiamo già l'italiano e il tedesco che a volte sono in lotta, a volte no insomma quindi,	perché qua abbiamo già l' italiano e il tedesco che a volte sono in lotta a volte no insomma quindi
11	BZ007	32.41	35.23	2.82	True	_	0	0	0	0	0	0	0	0	0	False	False	False	False	False	False	False	_	0	0	0	6	fin dall'inizio noi siamo diciamo:	fin dall'inizio noi siamo diciamo:	fin dall' inizio noi siamo diciamo
12	BZ007	35.24	40.695	5.455	True	_	0	0	0	0	0	0	0	0	0	False	False	False	False	False	False	False	_	0	0	0	17	e:::h immersi un po' no? in queste due culture, [e quin]di in queste due lingue di conseguenza.	e:::h immersi un po' no? in queste due culture, [e quin]di in queste due lingue di conseguenza.	eh immersi un po' no in queste due culture e quindi in queste due lingue di conseguenza
13	BZ001	38.365	38.835	0.47	True	_	0	0	0	0	0	0	0	1	0	False	False	False	False	False	False	False	_	0	0	0	1	[certo.]	[certo].	certo
14	BZ007	40.695	47.0	6.305	True	_	0	0	0	0	0	0	0	1	0	False	False	False	False	False	False	False	_	0	0	0	18	.h va detto che io, vengo da una famiglia italiana, mol[to ita]liana, mia mamma: ha origini del sud,	h. va detto che io, vengo da una famiglia italiana, mol[to ita]liana, mia mamma: ha origini del sud,	h va detto che io vengo da una famiglia italiana molto italiana mia mamma ha origini del sud
15	BZ001	43.945	44.265	0.32	True	_	0	0	0	0	0	0	0	1	0	False	False	False	False	False	False	False	_	0	0	0	2	[mh=mh,]	[mh=mh],	mh mh
16	BZ001	47.33	48.12	0.79	True	_	0	0	0	0	0	0	0	1	0	False	False	False	False	False	False	False	_	0	0	0	3	ah, [di dove?]	ah, [di dove]?	ah di dove
17	BZ007	47.59	50.48	2.89	True	_	1	0	0	0	0	0	0	0	0	False	False	False	False	False	False	False	_	0	0	0	12	[ e mio padre] eh mia mamma in provincia di bari. in puglia.	[e mio padre] eh mia mamma in provincia di bari. in puglia.	e mio padre eh mia mamma in provincia di bari in puglia
18	BZ001	50.49	51.12	0.63	True	_	0	0	0	0	0	0	0	0	0	False	False	False	False	False	False	False	_	0	0	0	2	ah okay.	ah okay.	ah okay
19	BZ007	51.125	58.98	7.855	True	_	0	0	0	0	0	0	0	1	0	False	False	False	False	False	False	False	_	0	1	0	25	.h quindi io ho i parenti anche giù in puglia, e i parenti del nord >quindi< faccio sempre ((ride)) i confronti [tra sud e] nord no?	h. quindi io ho i parenti anche giù in puglia, e i parenti del nord >quindi< faccio sempre ((ride)) i confronti [tra sud e] nord no?	h quindi io ho i parenti anche giù in puglia e i parenti del nord quindi faccio sempre ((ride)) i confronti tra sud e nord no
20	BZ001	57.055	57.715	0.66	True	_	0	0	0	0	0	0	0	1	0	False	False	False	False	False	False	False	_	0	0	0	2	[eh certo.]	[eh certo].	eh certo
21	BZ007	58.99	62.38	3.39	True	_	1	0	0	0	0	0	0	0	0	False	False	False	False	False	False	False	_	0	0	0	12	e quindi il tedesco per me è quasi un plus, cioè .h	e quindi il tedesco per me è quasi un plus, cioè. h	e quindi il tedesco per me è quasi un plus cioè h
22	BZ007	62.785	64.755	1.97	True	_	0	0	0	0	0	0	0	0	0	False	False	False	False	False	False	False	_	0	0	0	5	questo è anche interessante, perché,	questo è anche interessante, perché,	questo è anche interessante perché
23	BZ007	65.27	68.49	3.22	True	_	0	0	0	0	0	0	0	0	0	False	False	False	False	False	False	False	_	0	0	0	10	io cerco sempre un po' di capire come no:i eh::	io cerco sempre un po' di capire come no:i eh::	io cerco sempre un po' di capire come noi eh
24	BZ007	68.94	76.05	7.11	True	_	0	0	0	0	0	0	0	0	0	False	False	False	False	False	False	False	_	1	0	0	17	ci:: etichettiamo pratic- inutilmente cioè, è inutile dirlo c- (.) noi, tendiamo sempre un po' a etichettarci no?	ci:: etichettiamo pratic- inutilmente cioè, è inutile dirlo c- (.) noi, tendiamo sempre un po' a etichettarci no?	ci etichettiamo pratic- inutilmente cioè è inutile dirlo c- (.) noi tendiamo sempre un po' a etichettarci no
25	BZ007	76.07	80.3	4.23	True	_	0	0	0	0	0	0	0	1	0	False	False	False	False	False	False	False	_	0	0	0	12	.h e ci sono alcuni amici, che dicono io sono altoatesino no?	h. e ci sono alcuni amici, che dicono io sono altoatesino no?	h e ci sono alcuni amici che dicono io sono altoatesino no
26	BZ001	80.312	80.812	0.5	True	_	0	0	0	0	0	0	0	1	0	False	False	False	False	False	False	False	_	0	0	0	1	[mh,]	[mh],	mh
27	BZ007	80.32	85.087	4.767	True	_	0	0	1	0	0	0	0	1	True	False	False	False	False	False	False	False	_	0	0	0	20	[.h] e questo è interessante perchè è una cosa che io non ho mai detto. io dico spesso sono italiana.	[h.] e questo è interessante perché è una cosa che io non ho mai detto. io dico spesso sono italiana.	h e questo è interessante perché è una cosa che io non ho mai detto io dico spesso sono italiana
28	BZ001	85.085	85.435	0.35	True	_	0	0	0	0	0	0	0	0	True	False	False	False	False	False	False	False	27=0.002	0	0	0	2	mh=mh,	mh=mh,	mh mh
29	BZ007	85.54	88.168	2.628	True	_	0	0	0	0	0	0	0	0	0	False	False	False	False	False	False	False	_	0	0	0	9	ma non ho mai pensato di dire, sono altoatesina.	ma non ho mai pensato di dire, sono altoatesina.	ma non ho mai pensato di dire sono altoatesina
30	BZ007	88.168	90.99	2.822	True	_	0	0	0	0	0	0	0	1	0	False	False	False	False	False	False	False	_	1	0	0	10	.h non so se è (.) per il fatto che io	h. non so se è (.) per il fatto che io	h non so se è (.) per il fatto che io
31	BZ007	91.3	95.29	3.99	True	_	0	0	0	0	0	0	0	0	0	False	False	False	False	False	False	False	_	1	0	0	10	non mi senta >propriamente altoatesina< pur essendo nata qua, (.) però,	non mi senta >propriamente altoatesina< pur essendo nata qua, (.) però,	non mi senta propriamente altoatesina pur essendo nata qua (.) però
32	BZ007	95.715	99.055	3.34	True	_	0	0	0	0	0	0	0	0	0	False	False	False	False	False	False	False	_	0	0	0	7	avendo anche queste radici per metà, meridionali,	avendo anche queste radici per metà, meridionali,	avendo anche queste radici per metà meridionali
33	BZ007	99.515	104.585	5.07	True	_	0	0	0	0	0	0	0	0	0	False	False	False	False	False	False	False	_	0	0	0	14	io non posso nemmeno dire di sentirmi completamente altoatesina. pur avendo <sempre> vissuto qui	io non posso nemmeno dire di sentirmi completamente altoatesina. pur avendo <sempre> vissuto qui	io non posso nemmeno dire di sentirmi completamente altoatesina pur avendo sempre vissuto qui
34	BZ001	104.59	104.92	0.33	True	_	0	0	0	0	0	0	0	0	0	False	False	False	False	False	False	False	_	0	0	0	2	mh=mh,	mh=mh,	mh mh
35	BZ007	105.045	108.025	2.98	True	_	0	0	0	0	0	0	0	0	0	False	False	False	False	False	False	False	_	0	0	0	11	tsk io poi ho anche un bellissimo rapporto col tedesco perché,	tsk io poi ho anche un bellissimo rapporto col tedesco perché,	tsk io poi ho anche un bellissimo rapporto col tedesco perché
36	BZ007	108.305	115.86	7.555	True	_	0	0	0	0	0	0	0	0	0	False	False	False	False	False	False	False	_	0	0	0	24	ta:nti altoatesini, qua diciamolo, non amano il tedesco no? gli italiani fanno x (per)ché è una lingua un po' difficile, il te[desco]  rispetto all'italiano.	ta:nti altoatesini, qua diciamolo, non amano il tedesco no? gli italiani fanno x (per)ché è una lingua un po' difficile, il te[desco] rispetto all'italiano.	tanti altoatesini qua diciamolo non amano il tedesco no gli italiani fanno x perché è una lingua un po' difficile il tedesco rispetto all' italiano
37	BZ001	114.272	114.822	0.55	True	_	0	0	0	0	0	0	0	1	0	False	False	False	False	False	False	False	_	0	0	0	2	[mh=mh,]	[mh=mh],	mh mh
38	BZ007	115.86	121.595	5.735	True	_	0	0	0	0	0	0	0	1	0	False	False	False	False	False	False	False	_	0	0	0	12	.h e quindi fanno più fatica a::: addentrarsi diciamo: in questa lingua,	h. e quindi fanno più fatica a::: addentrarsi diciamo: in questa lingua,	h e quindi fanno più fatica a addentrarsi diciamo in questa lingua
39	BZ007	121.82	130.81	8.99	True	_	0	0	1	0	0	0	0	0	0	False	False	False	False	False	False	False	_	1	0	0	26	contorta, perchè lo è no? rispetto a- già rispetto all'inglese, [(.)] il tedesco ha delle particolarità in più. poi appunto non: non: non sono diciamo così	contorta, perché lo è no? rispetto a- già rispetto all'inglese, [(.)] il tedesco ha delle particolarità in più. poi appunto non: non: non sono diciamo così	contorta perché lo è no rispetto a- già rispetto all' inglese (.) il tedesco ha delle particolarità in più poi appunto non non non sono diciamo così
40	BZ001	125.202	125.574	0.372	True	_	0	0	0	0	0	0	0	0	0	False	False	False	False	False	False	False	_	0	0	0	2	[mh=mh]	[mh=mh]	mh mh
41	BZ007	130.945	137.2	6.255	True	_	0	0	0	0	0	0	0	0	0	False	False	False	False	False	False	False	_	0	0	0	18	eh competente, sicuramente voi lo siete più di me però insomma:: eh è=è tangibile no? la differenza.	eh competente, sicuramente voi lo siete più di me però insomma:: eh è=è tangibile no? la differenza.	eh competente sicuramente voi lo siete più di me però insomma eh è è tangibile no la differenza
42	BZ007	137.21	143.63	6.42	True	_	0	0	0	0	0	0	0	1	0	False	False	False	False	False	False	False	_	0	0	1, h.h	20	.hh però ripeto io ho un bellissimo rapporto col tedesco, mi piace molto come li- come lingua, l'ho studiato volentieri,	h.h però ripeto io ho un bellissimo rapporto col tedesco, mi piace molto come li- come lingua, l'ho studiato volentieri,	h.h però ripeto io ho un bellissimo rapporto col tedesco mi piace molto come li- come lingua l' ho studiato volentieri
43	BZ001	143.66	143.98	0.32	True	_	0	0	0	0	0	0	0	0	0	False	False	False	False	False	False	False	_	0	0	0	2	mh=mh,	mh=mh,	mh mh
44	BZ007	144.09	149.76	5.67	True	_	0	0	0	0	0	0	0	0	0	False	False	False	False	False	False	False	_	0	0	0	17	e: ho preso anche il patentino a presto, quindi io: subito ho detto dai, [la] so, prendo,	e: ho preso anche il patentino a presto, quindi io: subito ho detto dai, [la] so, prendo,	e ho preso anche il patentino a presto quindi io subito ho detto dai la so prendo
45	BZ001	148.134	148.431	0.297	True	_	0	0	0	0	0	0	0	0	0	False	False	False	False	False	False	False	_	0	0	0	1	[mh]	[mh]	mh
46	BZ007	149.875	153.115	3.24	True	_	0	0	0	0	0	0	0	0	0	False	False	False	False	False	False	False	_	0	0	0	12	e ho fatto anche delle esperienze di tirocinio, per la mia università,	e ho fatto anche delle esperienze di tirocinio, per la mia università,	e ho fatto anche delle esperienze di tirocinio per la mia università
47	BZ007	153.625	155.385	1.76	True	_	0	0	0	0	0	0	0	0	0	False	False	False	False	False	False	False	_	0	0	0	5	io ho studiato prima fisioterapia,	io ho studiato prima fisioterapia,	io ho studiato prima fisioterapia
48	BZ007	155.665	159.255	3.59	True	_	0	0	0	0	0	0	0	0	0	False	False	False	False	False	False	False	_	0	0	0	10	poi scienze cognitive, e poi mi sono specializzata in neuroscienze.	poi scienze cognitive, e poi mi sono specializzata in neuroscienze.	poi scienze cognitive e poi mi sono specializzata in neuroscienze
49	BZ007	159.255	163.44	4.185	True	_	0	0	0	0	0	0	0	1	0	False	False	False	False	False	False	False	_	0	0	0	10	.h però già eh: con la prima laurea, mh diciamo,	h. però già eh: con la prima laurea, mh diciamo,	h però già eh con la prima laurea mh diciamo
50	BZ007	163.68	175.33	11.65	True	_	1	0	0	0	0	0	0	0	0	False	False	False	False	False	False	False	_	0	0	1, questo..	36	ci hanno subito consigliato di andare a imparare una lingua che poi poteva esserci utile in alto adige no? per noi italiani il tedesco, e per i tedeschi l'italiano. quindi senza fare distinzioni in questo. .h	ci hanno subito consigliato di andare a imparare una lingua che poi poteva esserci utile in alto adige no? per noi italiani il tedesco, e per i tedeschi l'italiano. quindi senza fare distinzioni in questo.. h	ci hanno subito consigliato di andare a imparare una lingua che poi poteva esserci utile in alto adige no per noi italiani il tedesco e per i tedeschi l' italiano quindi senza fare distinzioni in questo.. h
51	BZ007	175.56	179.279	3.719	True	_	0	0	0	0	0	0	0	0	0	False	False	False	False	False	False	False	_	0	0	0	14	e io mi son trovata molto bene. quindi all'inizio un po' impacciata però,	e io mi son trovata molto bene. quindi all'inizio un po' impacciata però,	e io mi son trovata molto bene quindi all' inizio un po' impacciata però
52	BZ007	179.544	183.655	4.111	True	_	0	0	0	0	0	0	0	0	0	False	False	False	False	False	False	False	_	0	0	0	8	sentivo, una base grammaticale forte, quindi dicevo massì.	sentivo, una base grammaticale forte, quindi dicevo massì.	sentivo una base grammaticale forte quindi dicevo massì
53	BZ007	183.94	189.8	5.86	True	_	0	0	0	0	0	0	0	0	0	False	False	False	False	False	False	False	_	0	0	0	19	e per assurdo, io adesso più fa- faccio più fatica con l'inglese, [perché] avendo radicato meglio il tedesco,	e per assurdo, io adesso più fa- faccio più fatica con l'inglese, [perché] avendo radicato meglio il tedesco,	e per assurdo io adesso più fa- faccio più fatica con l' inglese perché avendo radicato meglio il tedesco
54	BZ001	187.366	187.653	0.287	True	_	0	0	0	0	0	0	0	1	0	False	False	False	False	False	False	False	_	0	0	0	1	[mh.]	[mh].	mh
56	BZ007	190.698	199.145	8.447	True	_	0	0	0	0	0	0	0	0	0	False	False	False	False	False	False	False	_	0	0	0	19	vedo che tante volte faccio confusione, alcuni termini, proprio alcune: alcune costruzioni di frase vedo che purtroppo non:: tks	vedo che tante volte faccio confusione, alcuni termini, proprio alcune: alcune costruzioni di frase vedo che purtroppo non:: tks	vedo che tante volte faccio confusione alcuni termini proprio alcune alcune costruzioni di frase vedo che purtroppo non tks
57	BZ007	199.425	203.685	4.26	True	_	0	0	0	0	0	0	0	0	0	False	False	False	False	False	False	False	_	0	0	0	13	non so. cioè faccio un po' di fatica in questo. sinceramente. pur, ripeto,	non so. cioè faccio un po' di fatica in questo. sinceramente. pur, ripeto,	non so cioè faccio un po' di fatica in questo sinceramente pur ripeto
58	BZ007	203.925	206.925	3.0	True	_	0	0	0	0	0	0	0	1	0	False	False	False	False	False	False	False	_	0	0	0	7	essendo molto interessata a tutte le lin[gue,]	essendo molto interessata a tutte le lin[gue],	essendo molto interessata a tutte le lingue
59	BZ001	206.41	206.941	0.531	True	_	0	0	0	0	0	0	0	1	0	False	False	False	False	False	False	False	_	0	0	0	2	[mh=mh,]	[mh=mh],	mh mh
60	BZ007	207.185	210.935	3.75	True	_	0	0	0	0	0	0	0	0	True	False	False	False	False	False	False	False	_	0	1	0	14	a parte il francese che non mi  piace [tanto] a pelle, [((ride))] questo è strano	a parte il francese che non mi piace [tanto] a pelle, [((ride))] questo è strano	a parte il francese che non mi piace tanto a pelle ((ride)) questo è strano
61	BZ001	208.697	209.175	0.478	True	_	0	0	0	0	0	0	0	1	0	False	False	False	False	False	False	False	_	0	0	0	1	[okay,]	[okay],	okay
62	BZ001	209.637	210.127	0.49	True	_	0	0	0	0	0	0	0	1	0	False	False	False	False	False	False	False	_	0	0	0	1	[okay,]	[okay],	okay
63	BZ001	210.835	212.1	1.265	True	_	0	0	0	0	0	0	0	1	0	False	False	False	False	False	False	False	_	0	0	0	6	[ma] hai studiato anche il france[se?]	[ma] hai studiato anche il france[se]?	ma hai studiato anche il francese
64	BZ007	211.901	212.405	0.504	True	_	0	0	0	0	0	0	0	0	0	False	False	False	False	False	False	False	_	0	0	0	1	[n]o.	[n]o.	no
65	BZ001	212.517	213.917	1.4	True	_	0	0	0	0	0	0	0	0	0	False	False	False	False	False	False	False	_	0	0	0	5	ah okay [a pelle pro]prio.	ah okay [a pelle pro]prio.	ah okay a pelle proprio
66	BZ007	213.107	213.55	0.443	True	_	0	0	0	0	0	0	0	1	0	False	False	False	False	False	False	False	_	0	0	0	1	[no.]	[no].	no
67	BZ007	213.997	220.837	6.84	True	_	0	0	0	0	0	0	0	1	0	False	False	False	False	False	False	False	_	1	0	0	25	io, è s- è molto strano questo. anzi lo (.) mi sembra quasi di non avere difficoltà a capirlo, [.h] io un po' sento che ho	io, è s- è molto strano questo. anzi lo (.) mi sembra quasi di non avere difficoltà a capirlo, [h.] io un po' sento che ho	io è s- è molto strano questo anzi lo (.) mi sembra quasi di non avere difficoltà a capirlo h io un po' sento che ho
68	BZ001	219.265	219.605	0.34	True	_	0	0	0	0	0	0	0	1	0	False	False	False	False	False	False	False	_	0	0	0	2	[mh=mh,]	[mh=mh],	mh mh
69	BZ007	221.737	226.977	5.24	True	_	0	0	0	0	0	0	0	0	0	False	False	False	False	False	False	False	_	0	0	0	15	non per arroganza, però mi sento abbastanza in direzione, cioè le  lingue le: le capisco,	non per arroganza, però mi sento abbastanza in direzione, cioè le lingue le: le capisco,	non per arroganza però mi sento abbastanza in direzione cioè le lingue le le capisco
70	BZ007	227.057	228.977	1.92	True	_	0	0	0	0	0	0	0	0	0	False	False	False	False	False	False	False	_	0	0	0	3	le analizzo facilmente,	le analizzo facilmente,	le analizzo facilmente
71	BZ007	229.097	233.542	4.445	True	_	0	0	1	0	0	0	0	0	0	False	False	False	False	False	False	False	_	0	0	0	19	no so, sarà anche perchè ho fatto latino e greco, ma è sempre una cosa che mi è piaciuta.	no so, sarà anche perché ho fatto latino e greco, ma è sempre una cosa che mi è piaciuta.	no so sarà anche perché ho fatto latino e greco ma è sempre una cosa che mi è piaciuta
72	BZ007	233.542	236.557	3.015	True	_	0	0	0	0	0	0	0	2	0	False	False	False	False	False	False	False	_	0	0	0	8	.h andare lì a tradu[rre,] capire il senso,	h. andare lì a tradu[rre], capire il senso,	h andare lì a tradurre capire il senso
73	BZ001	234.899	235.143	0.244	True	_	0	0	0	0	0	0	0	1	0	False	False	False	False	False	False	False	_	0	0	0	1	[mh.]	[mh].	mh
74	BZ007	236.887	242.987	6.1	True	_	0	0	0	0	0	0	0	0	0	False	False	False	False	False	False	False	_	0	0	0	27	tks andare a fondo (de que-) la parola che può, come il greco che vuol dire tutto e il contrario di tutto, queste cose mi interessano no?	tks andare a fondo (de que-) la parola che può, come il greco che vuol dire tutto e il contrario di tutto, queste cose mi interessano no?	tks andare a fondo de que- la parola che può come il greco che vuol dire tutto e il contrario di tutto queste cose mi interessano no
75	BZ007	243.067	245.597	2.53	True	_	0	0	0	0	0	0	0	0	0	False	False	False	False	False	False	False	_	0	0	0	8	quindi anche quando provo a leggere il francese,	quindi anche quando provo a leggere il francese,	quindi anche quando provo a leggere il francese
76	BZ007	245.672	258.412	12.74	True	_	0	0	0	0	0	0	0	0	0	False	False	False	False	False	False	False	_	0	1	0	36	e:: io mi ricordo che: ((ride)) che appunto io con il mio ex ragazzo, io leggevo in francese, e lui diceva che non fa- lui aveva studiato fran[cese, c]ioè non fai tanto, non fai tanti e[rrori] eh?	e:: io mi ricordo che: ((ride)) che appunto io con il mio ex ragazzo, io leggevo in francese, e lui diceva che non fa- lui aveva studiato fran[cese, c]ioè non fai tanto, non fai tanti e[rrori] eh?	e io mi ricordo che ((ride)) che appunto io con il mio ex ragazzo io leggevo in francese e lui diceva che non fa- lui aveva studiato francese cioè non fai tanto non fai tanti errori eh
77	BZ001	253.487	254.018	0.531	True	_	0	0	0	0	0	0	0	1	0	False	False	False	False	False	False	False	_	0	0	0	2	[mh=mh,]	[mh=mh],	mh mh
78	BZ001	255.622	255.932	0.31	True	_	0	0	0	0	0	0	0	0	0	False	False	False	False	False	False	False	_	0	0	0	1	[(ah/no)]	[(ahno)]	ahno
79	BZ007	258.63	259.82	1.19	True	_	1	0	0	0	0	0	0	0	0	False	False	False	False	False	False	False	_	0	0	0	6	di=di di nessun tipo .h	di=di di nessun tipo. h	di di di nessun tipo h
80	BZ007	259.935	264.63	4.695	True	_	0	0	0	0	0	1	0	0	True	False	False	False	False	False	False	False	_	0	0	0	20	e riuscivo anche a tradurre alcune cose. [perché dicevo va] be' ma non è lontanissimo dall'italiano no? il francese.=	e riuscivo anche a tradurre alcune cose. [perché dicevo va] be' ma non è lontanissimo dall'italiano no? il francese.	e riuscivo anche a tradurre alcune cose perché dicevo va be' ma non è lontanissimo dall' italiano no il francese
81	BZ001	262.038	262.505	0.467	True	_	0	0	0	0	0	0	0	1	0	False	False	False	False	False	False	False	_	0	0	0	1	[okay.]	[okay].	okay
82	BZ001	264.615	265.265	0.65	True	_	0	0	0	0	0	1	0	0	True	False	False	False	False	False	False	False	80=0.015	0	0	0	1	=certo.	certo.	certo
83	BZ007	265.43	267.57	2.14	True	_	0	0	0	0	0	0	0	0	0	False	False	False	False	False	False	False	_	0	0	0	8	cioè io scherzo eh? adesso questo, questa cosa	cioè io scherzo eh? adesso questo, questa cosa	cioè io scherzo eh adesso questo questa cosa
84	BZ001	267.61	267.845	0.25	True	_	0	0	0	0	0	0	1	0	0	False	False	False	False	False	False	False	_	0	1	0	0	((ride))	((ride))	((ride))
85	BZ007	267.845	274.14	6.31	True	_	0	0	0	0	0	0	1	0	0	False	False	False	False	False	False	False	_	0	1	0	0	((parte omessa))	((parte_omessa))	((parte_omessa))
86	BZ007	274.161	275.383	1.222	True	_	0	0	0	0	0	0	0	0	0	False	False	False	False	False	False	False	_	0	1	0	3	((ride)) (mi sa che,)	((ride)) (mi sa che,)	((ride)) mi sa che
87	BZ001	275.39	277.3	1.91	True	_	0	0	1	0	0	0	0	1	0	False	False	False	False	False	False	False	_	0	0	0	9	perchè è un po' raffinata come lingua mi di[cevi.]	perché è un po' raffinata come lingua mi di[cevi].	perché è un po' raffinata come lingua mi dicevi
88	BZ007	276.625	281.005	4.38	True	_	0	0	0	0	0	0	0	0	0	False	False	False	False	False	False	False	_	0	0	0	13	[bravi]ssimo. perché è un po' raffinata quindi:: >cioè< ho sempre avuto quest'idea	[bravi]ssimo. perché è un po' raffinata quindi:: >cioè< ho sempre avuto quest'idea	bravissimo perché è un po' raffinata quindi cioè ho sempre avuto quest' idea
89	BZ007	281.615	284.345	2.73	True	_	0	0	0	0	0	0	0	0	0	False	False	False	False	False	False	False	_	0	0	0	8	fa- falsissima eh? adesso non voglio dire, anzi,	fa- falsissima eh? adesso non voglio dire, anzi,	fa- falsissima eh adesso non voglio dire anzi
90	BZ007	284.684	286.951	2.267	True	_	0	0	0	0	0	0	0	1	0	False	False	False	False	False	False	False	_	0	1	0	5	spero che: ((ride)) mi vedo bann[ata.]	spero che: ((ride)) mi vedo bann[ata].	spero che ((ride)) mi vedo bannata
91	BZ001	286.601	287.27	0.669	True	_	0	0	0	0	0	0	0	0	0	False	False	False	False	False	False	False	_	0	1	0	0	[((ride))]	[((ride))]	((ride))
92	BZ007	287.276	293.035	5.759	True	_	0	0	0	0	0	0	0	0	0	False	False	False	False	False	False	False	_	1	0	0	21	però, magari invece un domani, mi trovo, magari che ne so, per motivi di lavoro o di studio, (.) a doverlo imparare,	però, magari invece un domani, mi trovo, magari che ne so, per motivi di lavoro o di studio, (.) a doverlo imparare,	però magari invece un domani mi trovo magari che ne so per motivi di lavoro o di studio (.) a doverlo imparare
93	BZ007	293.48	296.285	2.805	True	_	0	0	0	0	0	0	0	0	0	False	False	False	False	False	False	False	_	0	0	0	6	magari lo imparo volentieri eh? quindi,	magari lo imparo volentieri eh? quindi,	magari lo imparo volentieri eh quindi
94	BZ007	296.285	302.545	6.26	True	_	0	0	0	0	0	0	0	0	0	False	False	False	False	False	False	False	_	0	0	0	20	è proprio una cosa: così quasi un po': atavica strana che non mi so spiegare col francese, che col tedesco	è proprio una cosa: così quasi un po': atavica strana che non mi so spiegare col francese, che col tedesco	è proprio una cosa così quasi un po' atavica strana che non mi so spiegare col francese che col tedesco
95	BZ001	303.555	303.92	0.365	True	_	0	0	0	0	0	0	0	1	0	False	False	False	False	False	False	False	_	0	0	0	1	oka[y.]	oka[y].	okay
96	BZ007	303.705	304.995	1.29	True	_	0	0	0	0	0	0	0	0	0	False	False	False	False	False	False	False	_	0	0	0	4	[il te]desco mi piace,	[il te]desco mi piace,	il tedesco mi piace
97	BZ007	305.41	307.6725	2.29	True	_	0	0	0	0	0	0	1	0	0	False	False	False	False	False	False	False	_	0	0	0	6	le lingue morte mi piacciono tantissimo.	le lingue morte mi piacciono tantissimo.	le lingue morte mi piacciono tantissimo
98	BZ001	307.6725	308.015	0.37	True	_	0	0	0	0	0	1	1	0	0	False	False	False	False	False	False	False	_	0	0	0	2	=mh=mh,	mh=mh,	mh mh
99	BZ001	308.02	310.32	2.3	True	_	0	0	0	0	0	0	0	1	0	False	False	False	False	False	False	False	_	0	0	0	8	quindi latino [greco,] appunto hai fatto il classico?	quindi latino [greco], appunto hai fatto il classico?	quindi latino greco appunto hai fatto il classico
100	BZ007	308.561	308.827	0.266	True	_	0	0	0	0	0	0	0	0	0	False	False	False	False	False	False	False	_	0	0	0	1	[tsk]	[tsk]	tsk
101	BZ007	310.36	312.03	1.67	True	_	0	0	0	0	0	0	0	0	0	False	False	False	False	False	False	False	_	0	0	0	5	ho fatto il cla[ssi]co sì,	ho fatto il cla[ssi]co sì,	ho fatto il classico sì
102	BZ001	311.004	311.322	0.318	True	_	0	0	0	0	0	0	0	1	0	False	False	False	False	False	False	False	_	0	0	0	1	[okay,]	[okay],	okay
103	BZ007	312.225	317.661	5.436	True	_	0	0	0	0	0	0	0	1	0	False	False	False	False	False	False	False	_	0	0	0	13	.h e::: infatti l'idea iniziale era studiare lettere classi[che. qui]ndi: mi s[xx]	h. e::: infatti l'idea iniziale era studiare lettere classi[che. qui]ndi: mi s[xx]	h e infatti l' idea iniziale era studiare lettere classiche quindi mi sxx
104	BZ001	316.272	316.846	0.574	True	_	0	0	0	0	0	0	0	1	0	False	False	False	False	False	False	False	_	0	0	0	2	[ah. okay.]	[ah. okay].	ah okay
105	BZ001	317.28	318.725	1.445	True	_	0	0	0	0	0	0	0	0	0	False	False	False	False	False	False	False	_	0	0	0	5	[e poi] come mai fisioterapia?	[e poi] come mai fisioterapia?	e poi come mai fisioterapia
106	BZ007	318.873	323.61	4.737	True	_	0	0	0	0	0	0	0	2	0	False	False	False	False	False	False	False	_	0	1	0	18	eh eh ((smiley voice)) mah. vai a sa- vai a sa[pere tu.] no perché: avevo un po' di confusione n[o?]	eh eh ((smiley_voice)) mah. vai a sa- vai a sa[pere tu]. no perché: avevo un po' di confusione n[o]?	eh eh ((smiley_voice)) mah vai a sa- vai a sapere tu no perché avevo un po' di confusione no
107	BZ001	320.355	320.748	0.393	True	_	0	0	0	0	0	0	0	0	0	False	False	False	False	False	False	False	_	0	0	0	1	[he]	[he]	he
108	BZ001	323.482	323.903	0.421	True	_	0	0	0	0	0	0	0	0	0	False	False	False	False	False	False	False	_	0	0	0	1	[cer]to.	[cer]to.	certo
109	BZ007	324.024	327.668	3.644	True	_	0	0	0	0	0	0	0	1	0	False	False	False	False	False	False	False	_	0	0	0	12	poi non so. c'è questa teoria che il classico mette confusio[ne.]	poi non so. c'è questa teoria che il classico mette confusio[ne].	poi non so c' è questa teoria che il classico mette confusione
110	BZ001	327.206	327.678	0.472	True	_	0	0	0	0	0	0	0	1	True	False	False	False	False	False	False	False	_	0	0	1, h.h	0	[.hh]	[h.h]	h.h
111	BZ007	327.673	330.69	3.017	True	_	0	0	0	0	0	0	0	0	True	False	False	False	False	False	False	False	_	0	0	0	14	e un po' è ve[ro secondo] me, a me ne ha messo tanta no?	e un po' è ve[ro secondo] me, a me ne ha messo tanta no?	e un po' è vero secondo me a me ne ha messo tanta no
112	BZ001	328.219	328.825	0.606	True	_	0	0	0	0	0	0	0	1	0	False	False	False	False	False	False	False	_	0	0	0	3	[ah sì=sì.]	[ah sì=sì].	ah sì sì
113	BZ007	330.721	334.673	3.952	True	_	0	0	0	0	0	0	0	0	0	False	False	False	False	False	False	False	_	0	0	0	10	soprattutto quando. non hai di- grandi difficoltà in nessuna materia	soprattutto quando. non hai di- grandi difficoltà in nessuna materia	soprattutto quando non hai di- grandi difficoltà in nessuna materia
114	BZ007	335.167	340.743	5.576	True	_	0	0	0	0	0	0	0	0	0	False	False	False	False	False	False	False	_	0	0	0	21	e: l'insegnante vede che sei un po' predisposto verso tutto, eh eh ti dice, ma sì sì, puoi fare tutto.	e: l'insegnante vede che sei un po' predisposto verso tutto, eh eh ti dice, ma sì sì, puoi fare tutto.	e l' insegnante vede che sei un po' predisposto verso tutto eh eh ti dice ma sì sì puoi fare tutto
115	BZ007	340.866	343.404	2.538	True	_	0	0	0	0	0	0	0	0	0	False	False	False	False	False	False	False	_	0	0	0	9	e allora lì, ho hai già le idee chiarissime,	e allora lì, ho hai già le idee chiarissime,	e allora lì ho hai già le idee chiarissime
116	BZ007	343.792	351.157	7.365	True	_	0	0	0	0	0	0	0	0	0	False	False	False	False	False	False	False	_	0	0	0	19	oppure prendi un po' di (understand) e dici, mah qui:, è  difficile, devo trovare qualcosa, che: un po' metta,	oppure prendi un po' di (understand) e dici, mah qui:, è difficile, devo trovare qualcosa, che: un po' metta,	oppure prendi un po' di understand e dici mah qui è difficile devo trovare qualcosa che un po' metta
117	BZ007	351.438	357.099	5.661	True	_	0	0	0	0	0	0	0	0	0	False	False	False	False	False	False	False	_	0	0	0	21	metta insieme quello che sono io. eh però non c'è una cosa che metta insieme quello che sei tu. cioè	metta insieme quello che sono io. eh però non c'è una cosa che metta insieme quello che sei tu. cioè	metta insieme quello che sono io eh però non c' è una cosa che metta insieme quello che sei tu cioè
118	BZ007	357.53	361.37	3.84	True	_	0	0	0	0	0	0	0	0	0	False	False	False	False	False	False	False	_	0	0	0	13	un po' te la costruisci, magari dici sì, io in questo mi ritrovo	un po' te la costruisci, magari dici sì, io in questo mi ritrovo	un po' te la costruisci magari dici sì io in questo mi ritrovo
119	BZ007	362.35	365.33	2.98	True	_	0	0	0	0	0	0	0	0	0	False	False	False	False	False	False	False	_	0	0	0	5	però: è anche difficile dire:::	però: è anche difficile dire:::	però è anche difficile dire
120	BZ007	365.83	373.36	7.53	True	_	0	0	0	0	0	0	0	0	0	False	False	False	False	False	False	False	_	0	0	0	24	non lo so per esempio eh tu che hai studiato linguistica, io sono un linguista. s- è sicuramente vero ma non sei solo quello.	non lo so per esempio eh tu che hai studiato linguistica, io sono un linguista. s- è sicuramente vero ma non sei solo quello.	non lo so per esempio eh tu che hai studiato linguistica io sono un linguista s- è sicuramente vero ma non sei solo quello
121	BZ007	373.565	377.275	3.71	True	_	0	0	0	0	0	0	0	0	0	False	False	False	False	False	False	False	_	0	0	0	8	e io avevo quest'idea forse un po:::'	e io avevo quest'idea forse un po:::'	e io avevo quest' idea forse un po'
122	BZ007	377.33	380.37	3.04	True	_	0	0	0	0	0	0	0	0	0	False	False	False	False	False	False	False	_	0	0	0	12	diciamo che va un po' in direzione di un'utopia in realtà,	diciamo che va un po' in direzione di un'utopia in realtà,	diciamo che va un po' in direzione di un' utopia in realtà
123	BZ007	380.46	383.7	3.24	True	_	0	0	0	0	0	0	0	0	0	False	False	False	False	False	False	False	_	0	0	0	12	di dire, scelgo una cosa che mette insieme tutto quello che sono.	di dire, scelgo una cosa che mette insieme tutto quello che sono.	di dire scelgo una cosa che mette insieme tutto quello che sono
124	BZ007	384.12	393.89	9.77	True	_	0	0	0	0	0	0	0	0	0	False	False	False	False	False	False	False	_	0	0	0	29	e:: e quindi mh: la scelta in realtà è stata più dettata dal fatto di voler fare qualcosa di pratico [dopo aver f]atto tanto di teorico. e dire mh.	e:: e quindi mh: la scelta in realtà è stata più dettata dal fatto di voler fare qualcosa di pratico [dopo aver f]atto tanto di teorico. e dire mh.	e e quindi mh la scelta in realtà è stata più dettata dal fatto di voler fare qualcosa di pratico dopo aver fatto tanto di teorico e dire mh
125	BZ001	390.652	390.97	0.318	True	_	0	0	0	0	0	0	0	1	0	False	False	False	False	False	False	False	_	0	0	0	1	[mh,]	[mh],	mh
126	BZ007	394.065	395.365	1.3	True	_	0	0	0	0	0	0	0	0	0	False	False	False	False	False	False	False	_	0	0	0	3	io forse adesso,	io forse adesso,	io forse adesso
127	BZ007	395.665	397.435	1.77	True	_	0	0	0	0	0	0	0	0	0	False	False	False	False	False	False	False	_	0	0	0	4	voglio fare qualcosa di:	voglio fare qualcosa di:	voglio fare qualcosa di
128	BZ007	398.04	400.14	2.1	True	_	0	0	0	0	0	0	0	0	0	False	False	False	False	False	False	False	_	0	0	0	6	tangibile. questa era l'idea iniziale.	tangibile. questa era l'idea iniziale.	tangibile questa era l' idea iniziale
129	BZ007	400.75	408.686	7.936	True	_	0	0	0	0	0	0	0	0	0	False	False	False	False	False	False	False	_	0	0	0	20	naturalmente idea che dopo invece, si è evoluta, e ho voluto fare qualcosa che mi riportasse più alle mie radici.	naturalmente idea che dopo invece, si è evoluta, e ho voluto fare qualcosa che mi riportasse più alle mie radici.	naturalmente idea che dopo invece si è evoluta e ho voluto fare qualcosa che mi riportasse più alle mie radici
130	BZ007	408.93	417.15	8.22	True	_	0	0	0	0	0	0	0	0	0	False	False	False	False	False	False	False	_	0	0	0	20	umanistiche. quindi da lì, la scelta di fare scienze cognitive e poi psicologia indirizzo neuroscienze. quindi comunque qualcosa di scientifico,	umanistiche. quindi da lì, la scelta di fare scienze cognitive e poi psicologia indirizzo neuroscienze. quindi comunque qualcosa di scientifico,	umanistiche quindi da lì la scelta di fare scienze cognitive e poi psicologia indirizzo neuroscienze quindi comunque qualcosa di scientifico
131	BZ007	417.48	424.41	6.93	True	_	0	0	0	0	0	0	0	0	0	False	False	False	False	False	False	False	_	0	0	0	21	ma, c'erano spesso dei richiami al mondo umanistico. e questo mi faceva stare bene. e infatti dicevo, ah, ma dai,	ma, c'erano spesso dei richiami al mondo umanistico. e questo mi faceva stare bene. e infatti dicevo, ah, ma dai,	ma c' erano spesso dei richiami al mondo umanistico e questo mi faceva stare bene e infatti dicevo ah ma dai
132	BZ007	424.74	430.36	5.62	True	_	0	0	0	0	0	0	0	0	0	False	False	False	False	False	False	False	_	0	0	0	15	vedi che: è difficile inquadrarsi completamente? cioè io ho fatto questa, io, lo dico onestamente,	vedi che: è difficile inquadrarsi completamente? cioè io ho fatto questa, io, lo dico onestamente,	vedi che è difficile inquadrarsi completamente cioè io ho fatto questa io lo dico onestamente
133	BZ007	430.5	434.68	4.18	True	_	0	0	0	0	0	0	0	0	0	False	False	False	False	False	False	False	_	0	0	0	17	io ho terminato anche la mia laurea. ho detto, questa è una laurea che mi darà, lavoro,	io ho terminato anche la mia laurea. ho detto, questa è una laurea che mi darà, lavoro,	io ho terminato anche la mia laurea ho detto questa è una laurea che mi darà lavoro
134	BZ007	434.86	439.769	4.909	True	_	0	0	0	0	0	0	0	0	0	False	False	False	False	False	False	False	_	0	0	0	18	ma sempre con l'idea, che non sarebbe stata, l'ultima laurea che [pren]devo, (e) lo sapevo già.	ma sempre con l'idea, che non sarebbe stata, l'ultima laurea che [pren]devo, (e) lo sapevo già.	ma sempre con l' idea che non sarebbe stata l' ultima laurea che prendevo e lo sapevo già
135	BZ001	438.403	438.583	0.18	True	_	0	0	0	0	0	0	0	1	0	False	False	False	False	False	False	False	_	0	0	0	1	[mh.]	[mh].	mh
136	BZ007	439.843	447.343	7.5	True	_	1	0	0	0	0	0	0	1	0	False	False	False	False	False	False	False	_	0	0	1, forse,.	22	me lo [sentivo,] però, son quelle cose che quasi vuoi un po' nascondere, (e) dire ma no no  lasciamo stare che forse, .hh	me lo [sentivo], però, son quelle cose che quasi vuoi un po' nascondere, (e) dire ma no no lasciamo stare che forse,. hh	me lo sentivo però son quelle cose che quasi vuoi un po' nascondere e dire ma no no lasciamo stare che forse,. hh
137	BZ001	440.074	440.562	0.488	True	_	0	0	0	0	0	0	0	1	0	False	False	False	False	False	False	False	_	0	0	0	1	[okay.]	[okay].	okay
138	BZ007	447.465	451.645	4.18	True	_	0	0	0	0	0	0	0	0	0	False	False	False	False	False	False	False	_	0	0	0	13	però un po' me lo sentivo. dicevo mh non mi sento ancora completa.	però un po' me lo sentivo. dicevo mh non mi sento ancora completa.	però un po' me lo sentivo dicevo mh non mi sento ancora completa
139	BZ007	451.945	454.965	3.02	True	_	0	0	0	0	0	0	0	0	0	False	False	False	False	False	False	False	_	0	0	0	9	tsk devo andare avanti. infatti poi sono andata avanti,	tsk devo andare avanti. infatti poi sono andata avanti,	tsk devo andare avanti infatti poi sono andata avanti
140	BZ007	455.155	461.35	6.195	True	_	0	0	0	0	0	0	0	0	0	False	False	False	False	False	False	False	_	1	0	0	17	e::::: il dubbio era se (.) unire tutte le mie lauree al servizio di un qualcosa di clinico,	e::::: il dubbio era se (.) unire tutte le mie lauree al servizio di un qualcosa di clinico,	e il dubbio era se (.) unire tutte le mie lauree al servizio di un qualcosa di clinico
141	BZ001	461.39	461.87	0.48	True	_	0	0	0	0	0	0	0	1	0	False	False	False	False	False	False	False	_	0	0	0	1	oka[y,]	oka[y],	okay
142	BZ007	461.63	465.91	4.28	True	_	0	0	0	0	0	0	0	0	0	False	False	False	False	False	False	False	_	0	0	0	11	[quindi al] servizio magari insomma della salute, del benessere delle persone,	[quindi al] servizio magari insomma della salute, del benessere delle persone,	quindi al servizio magari insomma della salute del benessere delle persone
143	BZ007	466.09	470.47	4.38	True	_	0	0	0	0	0	0	0	0	0	False	False	False	False	False	False	False	_	0	0	0	16	e poi mi è venuta l'idea anche di unirlo altrimenti, anche nell'ambito della ricerca.	e poi mi è venuta l'idea anche di unirlo altrimenti, anche nell'ambito della ricerca.	e poi mi è venuta l' idea anche di unirlo altrimenti anche nell' ambito della ricerca
144	BZ007	471.03	475.31	4.28	True	_	0	0	0	0	0	0	0	1	0	False	False	False	False	False	False	False	_	0	0	0	22	e poi mi è venuta ancora l'idea di dire, be' ma non è che una cosa escluda l'altra in real[tà.]	e poi mi è venuta ancora l'idea di dire, be' ma non è che una cosa escluda l'altra in real[tà].	e poi mi è venuta ancora l' idea di dire be' ma non è che una cosa escluda l' altra in realtà
145	BZ001	474.79	475.36	0.57	True	_	0	0	0	0	0	0	0	0	0	False	False	False	False	False	False	False	_	0	0	0	1	[esa]tto.	[esa]tto.	esatto
146	BZ007	475.395	481.425	6.03	True	_	0	0	0	0	0	0	0	0	0	False	False	False	False	False	False	False	_	0	0	0	16	e infatti ho fatto anche alcune ricerche di recente all'interno di un tirocinio post lauream,	e infatti ho fatto anche alcune ricerche di recente all'interno di un tirocinio post lauream,	e infatti ho fatto anche alcune ricerche di recente all' interno di un tirocinio post lauream
147	BZ007	481.48	487.09	5.61	True	_	0	0	0	0	0	0	0	0	0	False	False	False	False	False	False	False	_	0	0	0	9	e::: s- legate appunto allo studio: ehm, de::i  mh::	e::: s- legate appunto allo studio: ehm, de::i mh::	e s- legate appunto allo studio ehm dei mh
148	BZ007	487.09	492.95	5.86	True	_	1	0	0	0	0	0	0	1	0	False	False	False	False	False	False	False	_	0	0	1, covid..	10	delle funzioni neuropsicologiche, in pazienti, post terapia intensiva da co[vid.] .h	delle funzioni neuropsicologiche, in pazienti, post terapia intensiva da co[vid].. h	delle funzioni neuropsicologiche in pazienti post terapia intensiva da covid.. h
149	BZ001	492.261	492.718	0.457	True	_	0	0	0	0	0	0	0	1	0	False	False	False	False	False	False	False	_	0	0	0	1	[mh.]	[mh].	mh
150	BZ007	493.06	498.12	5.06	True	_	0	0	0	0	0	0	0	0	0	False	False	False	False	False	False	False	_	0	0	0	12	quindi lì abbiamo, avevamo i pazienti, però era uno studio cognitivo, >quindi<	quindi lì abbiamo, avevamo i pazienti, però era uno studio cognitivo, >quindi<	quindi lì abbiamo avevamo i pazienti però era uno studio cognitivo quindi
151	BZ007	498.129	501.933	3.804	True	_	0	0	0	0	0	0	0	1	0	False	False	False	False	False	False	False	_	2	0	0	10	.h c'erano un po' (.) eh:: di[ciamo, (.) i vari aspet]ti.	h. c'erano un po' (.) eh:: di[ciamo, (.) i vari aspet]ti.	h c' erano un po' (.) eh diciamo (.) i vari aspetti
152	BZ001	500.088	501.756	1.668	True	_	0	0	0	0	0	0	0	1	0	False	False	False	False	False	False	False	_	0	0	0	4	[i vari aspetti:, tuoi.]	[i vari aspetti:, tuoi].	i vari aspetti tuoi
153	BZ007	501.933	507.51	5.577	True	_	0	0	0	0	0	0	0	0	0	False	False	False	False	False	False	False	_	0	0	1, .,	17	esatto esatto. io [(.)], cerco sempre di mettere insieme le cose oppure, adesso, ho questa borsa di ricerca,	esatto esatto. io [(.)], cerco sempre di mettere insieme le cose oppure, adesso, ho questa borsa di ricerca,	esatto esatto io ., cerco sempre di mettere insieme le cose oppure adesso ho questa borsa di ricerca
154	BZ001	503.196	503.451	0.255	True	_	0	0	0	0	0	0	0	1	0	False	False	False	False	False	False	False	_	0	0	0	1	[mh,]	[mh],	mh
155	BZ001	507.51	507.89	0.38	True	_	0	0	0	0	0	0	0	1	0	False	False	False	False	False	False	False	_	0	0	0	1	[mh,]	[mh],	mh
156	BZ007	507.51	511.28	3.77	True	_	0	0	0	0	0	0	0	1	0	False	False	False	False	False	False	False	_	0	0	0	5	[.h] eh:::m che ho::: ottenuto,	[h.] eh:::m che ho::: ottenuto,	h ehm che ho ottenuto
157	BZ007	511.58	516.33	4.75	True	_	0	0	0	0	0	0	0	0	0	False	False	False	False	False	False	False	_	0	0	0	12	tsk va a interrogare proprio, il confine tra sistema motorio e cognizione.	tsk va a interrogare proprio, il confine tra sistema motorio e cognizione.	tsk va a interrogare proprio il confine tra sistema motorio e cognizione
158	BZ007	516.415	522.055	5.64	True	_	0	0	0	0	0	0	0	0	0	False	False	False	False	False	False	False	_	0	0	0	12	>e quindi< allora. qui: bisogna purtroppo dire, no:n, non è, diciamo un:::	>e quindi< allora. qui: bisogna purtroppo dire, no:n, non è, diciamo un:::	e quindi allora qui bisogna purtroppo dire non non è diciamo un
159	BZ007	522.235	525.1875	2.955	True	_	0	0	0	0	0	1	1	0	0	False	False	False	False	False	False	False	_	0	0	0	7	uno studio clinico. perché non abbiamo <pazienti>=	uno studio clinico. perché non abbiamo <pazienti>	uno studio clinico perché non abbiamo pazienti
160	BZ001	525.1875	525.495	0.31	True	_	0	0	0	0	0	1	1	0	0	False	False	False	False	False	False	False	_	0	0	0	1	=okay,	okay,	okay
161	BZ007	525.617	526.287	0.67	True	_	0	0	0	0	0	0	0	0	0	False	False	False	False	False	False	False	_	0	0	0	1	però,	però,	però
162	BZ007	526.542	529.702	3.16	True	_	0	0	0	0	0	0	0	0	0	False	False	False	False	False	False	False	_	0	1	0	6	ripeto si possono sempre leggere:  ((si schiarisce la voce)) >cioè<	ripeto si possono sempre leggere: ((si_schiarisce_la_voce)) >cioè<	ripeto si possono sempre leggere ((si_schiarisce_la_voce)) cioè
163	BZ007	530.032	534.832	4.8	True	_	0	0	0	0	0	0	0	0	0	False	False	False	False	False	False	False	_	0	0	0	17	i risultati, di uno, di uno studio, si possono leggere in base alle esigenze, in base a::	i risultati, di uno, di uno studio, si possono leggere in base alle esigenze, in base a::	i risultati di uno di uno studio si possono leggere in base alle esigenze in base a
164	BZ001	534.85	535.16	0.31	True	_	0	0	0	0	0	0	0	0	True	False	False	False	False	False	False	False	165=0.003	0	0	0	2	mh=mh.	mh=mh.	mh mh
165	BZ007	535.157	543.211	8.054	True	_	0	0	0	0	0	0	0	0	True	False	False	False	False	False	False	False	_	0	0	0	27	quindi comunque, è sempre qualcosa che però va a unire diciamo le mie lauree no? [quindi quella] più legata al sistema motorio, quella più legata alla cognizione.	quindi comunque, è sempre qualcosa che però va a unire diciamo le mie lauree no? [quindi quella] più legata al sistema motorio, quella più legata alla cognizione.	quindi comunque è sempre qualcosa che però va a unire diciamo le mie lauree no quindi quella più legata al sistema motorio quella più legata alla cognizione
166	BZ001	539.001	539.481	0.48	True	_	0	0	0	0	0	0	0	1	0	False	False	False	False	False	False	False	_	0	0	0	1	[certo.]	[certo].	certo
167	BZ007	543.371	546.701	3.33	True	_	0	0	0	0	0	0	0	0	0	False	False	False	False	False	False	False	_	0	0	0	5	poi diciamo che eh:::: adesso:::	poi diciamo che eh:::: adesso:::	poi diciamo che eh adesso
168	BZ007	547.426	552.16	4.734	True	_	1	0	0	0	0	0	0	0	0	False	False	False	False	False	False	False	_	0	1	0	13	ho deviato un po' negli [argomenti, ((sorridendo)) quin]di: però magari (mi) provo a: .h	ho deviato un po' negli [argomenti, ((sorridendo)) quin]di: però magari (mi) provo a:. h	ho deviato un po' negli argomenti ((sorridendo)) quindi però magari mi provo a h
169	BZ001	548.656	549.9	1.244	True	_	1	0	0	0	0	0	0	0	0	False	False	False	False	False	False	False	_	0	0	0	5	[no va benissimo eh .h]	[no va benissimo eh. h]	no va benissimo eh h
170	BZ007	552.393	556.513	4.12	True	_	0	0	0	0	0	0	0	0	0	False	False	False	False	False	False	False	_	0	0	0	16	provo un po' a riavvicinarmi no? per esempio, una cosa che mi ha dato anche molto,	provo un po' a riavvicinarmi no? per esempio, una cosa che mi ha dato anche molto,	provo un po' a riavvicinarmi no per esempio una cosa che mi ha dato anche molto
171	BZ007	556.903	564.98	8.077	True	_	0	0	0	0	0	0	0	0	True	False	False	False	False	False	False	False	172=0.002	1	0	0	25	tsk della prima, della mia prima laurea era che (.) è che io ehm ho studiato a bolzano, in questa facoltà, era una facoltà bilingue no?	tsk della prima, della mia prima laurea era che (.) è che io ehm ho studiato a bolzano, in questa facoltà, era una facoltà bilingue no?	tsk della prima della mia prima laurea era che (.) è che io ehm ho studiato a bolzano in questa facoltà era una facoltà bilingue no
172	BZ001	564.978	565.378	0.4	True	_	0	0	0	0	0	0	0	1	True	False	False	False	False	False	False	False	_	0	0	0	1	cer[to.]	cer[to].	certo
173	BZ007	565.15	567.398	2.248	True	_	0	0	0	0	0	0	0	0	0	False	False	False	False	False	False	False	_	0	0	0	7	[qui]ndi noi avevamo professori tedeschi e italiani.	[qui]ndi noi avevamo professori tedeschi e italiani.	quindi noi avevamo professori tedeschi e italiani
174	BZ007	567.763	571.033	3.27	True	_	0	0	0	0	0	0	0	0	0	False	False	False	False	False	False	False	_	0	0	0	12	e questo non è stato male. cioè questo mi è piaciuto anzi.	e questo non è stato male. cioè questo mi è piaciuto anzi.	e questo non è stato male cioè questo mi è piaciuto anzi
175	BZ007	571.428	575.8665	4.452	True	_	0	0	0	0	0	0	1	0	0	False	False	False	False	False	False	False	_	0	0	0	14	non so se ci abbia, un po' perso dal punto di vista delle competenze,	non so se ci abbia, un po' perso dal punto di vista delle competenze,	non so se ci abbia un po' perso dal punto di vista delle competenze
176	BZ001	575.8665	576.343	0.49	True	_	0	0	0	0	0	0	1	0	0	False	False	False	False	False	False	False	_	0	0	0	1	okay,	okay,	okay
177	BZ007	576.348	578.938	2.59	True	_	0	0	0	0	0	0	0	0	0	False	False	False	False	False	False	False	_	0	0	0	9	perché alcune cose, in parte in un'altra lingua,	perché alcune cose, in parte in un'altra lingua,	perché alcune cose in parte in un' altra lingua
178	BZ007	579.59	585.55	5.96	True	_	0	0	0	0	0	0	0	0	0	False	False	False	False	False	False	False	_	0	0	0	21	forse è una sensazione, ma una volta mi sembra di non padroneggiarle come forse padroneggio le altre.  [che le ho] più,	forse è una sensazione, ma una volta mi sembra di non padroneggiarle come forse padroneggio le altre. [che le ho] più,	forse è una sensazione ma una volta mi sembra di non padroneggiarle come forse padroneggio le altre che le ho più
179	BZ001	583.86	584.4	0.54	True	_	0	0	0	0	0	0	0	1	0	False	False	False	False	False	False	False	_	0	0	0	2	[mh=mh,]	[mh=mh],	mh mh
180	BZ007	585.79	587.59	1.8	True	_	0	0	0	0	0	0	0	0	0	False	False	False	False	False	False	False	_	0	0	0	3	assimilate no? però:	assimilate no? però:	assimilate no però
181	BZ007	588.62	593.05	4.43	True	_	0	0	0	0	0	0	0	0	0	False	False	False	False	False	False	False	_	0	0	0	12	forse in realtà:: questo è difficile. non=non ho mai capito veramente.	forse in realtà:: questo è difficile. non=non ho mai capito veramente.	forse in realtà questo è difficile non non ho mai capito veramente
182	BZ007	593.305	595.965	2.66	True	_	0	0	0	0	0	0	0	0	0	False	False	False	False	False	False	False	_	0	0	0	8	non son così sicura anzi devo dire eh?	non son così sicura anzi devo dire eh?	non son così sicura anzi devo dire eh
183	BZ001	596.385	598.5725	2.19	True	_	0	0	0	0	0	0	1	0	0	False	False	False	False	False	False	False	_	0	0	0	7	ma lì era bilingue o trilingue addirittura?	ma lì era bilingue o trilingue addirittura?	ma lì era bilingue o trilingue addirittura
184	BZ007	598.5725	599.25	0.68	True	_	0	0	0	0	0	1	1	0	0	False	False	False	False	False	True	False	185=0.240	0	0	0	1	bilingue.=	bilingue.	bilingue
185	BZ001	599.01	599.47	0.46	True	_	0	0	0	0	0	1	0	0	0	False	False	False	False	False	True	False	184=0.240	0	0	0	1	=bilingue.	bilingue.	bilingue
186	BZ001	599.48	601.4	1.92	True	_	0	0	0	0	0	0	0	1	0	False	False	False	False	False	False	False	_	0	0	0	2	[okay. okay.]	[okay. okay].	okay okay
187	BZ007	599.48	601.4	1.92	True	_	0	0	0	0	0	0	0	1	0	False	False	False	False	False	False	False	_	0	0	0	4	[no bilingue infatti.] eh.	[no bilingue infatti]. eh.	no bilingue infatti eh
188	BZ007	601.69	604.35	2.66	True	_	0	0	0	0	0	0	0	0	0	False	False	False	False	False	False	False	_	0	0	0	11	eh infatti: lo dico, l'inglese è un po' il mio	eh infatti: lo dico, l'inglese è un po' il mio	eh infatti lo dico l' inglese è un po' il mio
189	BZ007	604.74	610.1	5.36	True	_	0	0	1	0	0	0	0	0	0	False	False	False	False	False	False	False	_	2	0	0	20	tallone d'achille >perchè< mi dispiace cioè ho un bi due d'inglese, [(.) va be]ne, però: (.) potrei fare di più.	tallone d'achille >perché< mi dispiace cioè ho un bi due d'inglese, [(.) va be]ne, però: (.) potrei fare di più.	tallone d' achille perché mi dispiace cioè ho un bi due d' inglese (.) va bene però (.) potrei fare di più
190	BZ001	607.67	607.99	0.32	True	_	0	0	0	0	0	0	0	1	0	False	False	False	False	False	False	False	_	0	0	0	2	[mh=mh,]	[mh=mh],	mh mh
191	BZ007	610.62	614.83	4.21	True	_	0	0	0	0	0	0	0	0	0	False	False	False	False	False	False	False	_	0	0	0	13	per dirti, eh be' mia sorella lei studia lingue, lei studia anche inglese,	per dirti, eh be' mia sorella lei studia lingue, lei studia anche inglese,	per dirti eh be' mia sorella lei studia lingue lei studia anche inglese
192	BZ007	614.83	619.92	5.09	True	_	0	0	0	0	0	0	0	1	0	False	False	False	False	False	False	False	_	0	0	0	17	.h e:: lo vedo no? lei si guarda proprio le serie tivu, con i sottotitoli in inglese.	h. e:: lo vedo no? lei si guarda proprio le serie tivu, con i sottotitoli in inglese.	h e lo vedo no lei si guarda proprio le serie tivu con i sottotitoli in inglese
193	BZ007	620.065	623.41	3.345	True	_	0	0	0	0	0	0	0	0	0	False	False	False	False	False	False	False	_	0	0	0	8	io questo: ancora non lo ries[co  a]: >cioè<	io questo: ancora non lo ries[co a]: >cioè<	io questo ancora non lo riesco a cioè
194	BZ001	622.36	622.86	0.5	True	_	0	0	0	0	0	0	0	1	0	False	False	False	False	False	False	False	_	0	0	0	1	[okay.]	[okay].	okay
195	BZ007	623.537	631.727	8.19	True	_	0	0	1	0	0	0	0	0	0	False	False	False	False	False	False	False	_	0	0	0	27	mi dispiace perché a me piace tanto vedere un film, mi sembra di perdere qualcosa. anche se in realtà sarebbe il contrario. perchè ci si perde qualcosa,	mi dispiace perché a me piace tanto vedere un film, mi sembra di perdere qualcosa. anche se in realtà sarebbe il contrario. perché ci si perde qualcosa,	mi dispiace perché a me piace tanto vedere un film mi sembra di perdere qualcosa anche se in realtà sarebbe il contrario perché ci si perde qualcosa
196	BZ007	632.022	636.822	4.8	True	_	0	0	0	0	0	0	0	0	0	False	False	False	False	False	False	False	_	1	0	0	9	col doppiaggio, [(.)] eh. non con, vedendolo nella lingua originale.	col doppiaggio, [(.)] eh. non con, vedendolo nella lingua originale.	col doppiaggio (.) eh non con vedendolo nella lingua originale
197	BZ001	632.922	633.312	0.39	True	_	0	0	0	0	0	0	0	1	0	False	False	False	False	False	False	False	_	0	0	0	1	[certo.]	[certo].	certo
198	BZ007	637.087	639.607	2.52	True	_	0	0	1	0	0	0	0	0	0	False	False	False	False	False	False	False	_	0	0	0	11	però questa cosa a me non entra. perchè a me piace,	però questa cosa a me non entra. perché a me piace,	però questa cosa a me non entra perché a me piace
199	BZ007	639.977	644.507	4.53	True	_	1	0	0	0	0	0	0	0	0	False	False	False	False	False	False	False	_	0	0	1, film,.	14	tsk che eh mi arrivi la trama, che mi arrivino le emozioni del film, .h	tsk che eh mi arrivi la trama, che mi arrivino le emozioni del film,. h	tsk che eh mi arrivi la trama che mi arrivino le emozioni del film,. h
200	BZ007	644.532	651.946	7.414	True	_	0	0	0	0	0	0	0	2	0	False	False	False	False	False	False	False	_	0	0	0	18	e secondo m- e=e cercando, e concentrandomi sulla, sulla lin[gua,] perdo, qualcosa inevita[bilmente.] ne acquisto un'altra.	e secondo m- e=e cercando, e concentrandomi sulla, sulla lin[gua], perdo, qualcosa inevita[bilmente]. ne acquisto un'altra.	e secondo m- e e cercando e concentrandomi sulla sulla lingua perdo qualcosa inevitabilmente ne acquisto un' altra
201	BZ001	648.327	648.697	0.37	True	_	0	0	0	0	0	0	0	1	0	False	False	False	False	False	False	False	_	0	0	0	1	[okay.]	[okay].	okay
202	BZ001	650.246	650.846	0.6	True	_	0	0	0	0	0	0	0	1	0	False	False	False	False	False	False	False	_	0	0	0	1	[certo.]	[certo].	certo
203	BZ001	651.981	652.371	0.39	True	_	0	0	0	0	0	1	0	0	0	False	False	False	False	False	False	False	_	0	0	0	2	mh=mh,=	mh=mh,	mh mh
204	BZ007	652.386	657.166	4.78	True	_	0	0	1	0	0	1	0	0	0	False	False	False	False	False	False	False	_	1	0	0	14	=perchè (.) però questo, per dirti, io lo faccio, quindi io guardo anche un film,	perché (.) però questo, per dirti, io lo faccio, quindi io guardo anche un film,	perché (.) però questo per dirti io lo faccio quindi io guardo anche un film
205	BZ007	657.476	659.766	2.29	True	_	0	0	0	0	0	0	0	0	0	False	False	False	False	False	False	False	_	0	0	0	7	in inglese, magari coi >sottotitoli< in inglese,	in inglese, magari coi >sottotitoli< in inglese,	in inglese magari coi sottotitoli in inglese
206	BZ007	659.841	664.06	4.219	True	_	0	0	0	0	0	0	0	0	0	False	False	False	False	False	False	False	_	0	0	0	15	se è un film che conosco molto [ben]e. ho già metabolizzato più e più volte,	se è un film che conosco molto [ben]e. ho già metabolizzato più e più volte,	se è un film che conosco molto bene ho già metabolizzato più e più volte
207	BZ001	661.506	661.706	0.2	True	_	0	0	0	0	0	0	0	1	0	False	False	False	False	False	False	False	_	0	0	0	1	[mh.]	[mh].	mh
208	BZ001	664.076	664.426	0.35	True	_	0	0	0	0	0	0	0	1	0	False	False	False	False	False	False	False	_	0	0	0	1	[okay,]	[okay],	okay
209	BZ007	664.078	669.841	5.763	True	_	0	0	0	0	0	0	0	1	0	False	False	False	False	False	False	False	_	0	0	0	18	[.h] e allora, lo guardo. per per cogliere le sfumature che mi sono persa. però, dico la verità,	[h.] e allora, lo guardo. per per cogliere le sfumature che mi sono persa. però, dico la verità,	h e allora lo guardo per per cogliere le sfumature che mi sono persa però dico la verità
210	BZ007	670.176	672.211	2.035	True	_	0	0	0	0	0	0	0	0	0	False	False	False	False	False	False	False	_	0	0	0	7	lo faccio, pochissimo. [devo] dir la verità.	lo faccio, pochissimo. [devo] dir la verità.	lo faccio pochissimo devo dir la verità
211	BZ001	671.341	671.841	0.5	True	_	0	0	0	0	0	0	0	1	0	False	False	False	False	False	False	False	_	0	0	0	1	[okay.]	[okay].	okay
212	BZ001	672.531	677.07	4.539	True	_	0	0	0	0	0	0	0	0	0	False	False	False	False	False	False	False	_	1	0	0	15	certo. [(.) e invece a livello] però accademico, l'inglese è comunque: la lingua portante no?	certo. [(.) e invece a livello] però accademico, l'inglese è comunque: la lingua portante no?	certo (.) e invece a livello però accademico l' inglese è comunque la lingua portante no
213	BZ007	672.607	673.606	0.999	True	_	0	0	0	0	0	0	0	0	0	False	False	False	False	False	False	False	_	0	1	0	0	[((ride sottovoce))]	[((ride_sottovoce))]	((ride_sottovoce))
214	BZ007	677.071	682.675	5.604	True	_	0	0	0	0	0	0	0	0	0	False	False	False	False	False	False	False	_	0	0	0	14	sì. infatti. no infatti io: ho avuto anche occasioni di dover parlare in inglese:	sì. infatti. no infatti io: ho avuto anche occasioni di dover parlare in inglese:	sì infatti no infatti io ho avuto anche occasioni di dover parlare in inglese
215	BZ007	682.675	686.42	3.745	True	_	0	0	0	0	0	0	0	1	0	False	False	False	False	False	False	False	_	0	0	0	11	soprattutto adesso poi va- vanno molto le riunioni in zoom [no?]	soprattutto adesso poi va- vanno molto le riunioni in zoom [no]?	soprattutto adesso poi va- vanno molto le riunioni in zoom no
216	BZ001	686.17	686.43	0.26	True	_	0	0	0	0	0	0	0	1	True	False	False	False	False	False	False	False	_	0	0	0	2	[>mh=mh.<]	[>mh=mh<.]	mh mh
217	BZ007	686.427	693.9	7.473	True	_	0	0	0	0	0	0	0	0	True	False	False	False	False	False	False	False	216=0.003,218=0.007	0	0	0	28	oppure davanti a delle commissioni anche per dei progetti di dottorato, ci s- c'è stata un'occasione in cui ho dovuto parlare davanti a una commissione europea,	oppure davanti a delle commissioni anche per dei progetti di dottorato, ci s- c'è stata un'occasione in cui ho dovuto parlare davanti a una commissione europea,	oppure davanti a delle commissioni anche per dei progetti di dottorato ci s- c' è stata un' occasione in cui ho dovuto parlare davanti a una commissione europea
218	BZ001	693.893	694.513	0.62	True	_	0	0	0	0	0	0	0	1	True	False	False	False	False	False	False	False	_	0	0	0	1	[okay,]	[okay],	okay
219	BZ007	693.913	701.69	7.777	True	_	0	0	1	0	0	0	0	0	0	False	False	False	False	False	False	False	_	0	1	0	28	[quindi in ingle]se, quindi anche l'ansia, [che saliva] no? perchè de- (di) tutto il mondo, ((nome città scozzese)) e quello e poi c'era anche una cosa cinese >così< quindi,	[quindi in ingle]se, quindi anche l'ansia, [che saliva] no? perché de- (di) tutto il mondo, ((nome_città_scozzese)) e quello e poi c'era anche una cosa cinese >così< quindi,	quindi in inglese quindi anche l' ansia che saliva no perché de- di tutto il mondo ((nome_città_scozzese)) e quello e poi c' era anche una cosa cinese così quindi
220	BZ001	695.878	696.668	0.79	True	_	0	0	0	0	0	0	0	1	0	False	False	False	False	False	False	False	_	0	0	0	1	[certo.]	[certo].	certo
221	BZ007	701.831	710.65	8.819	True	_	0	0	1	0	0	0	0	1	0	False	False	False	False	False	False	False	_	1	0	0	24	lì però (.) è assurdo. non mi sono agitata più di tanto perchè, erano tutte persone che parlavano l'inglese accademico no? come d[ici tu.]	lì però (.) è assurdo. non mi sono agitata più di tanto perché, erano tutte persone che parlavano l'inglese accademico no? come d[ici tu].	lì però (.) è assurdo non mi sono agitata più di tanto perché erano tutte persone che parlavano l' inglese accademico no come dici tu
222	BZ001	710.288	710.658	0.37	True	_	0	0	0	0	0	0	0	1	0	False	False	False	False	False	False	False	_	0	0	0	2	[mh=mh,]	[mh=mh],	mh mh
223	BZ007	710.957	711.945	0.988	True	_	1	0	0	0	0	0	0	0	0	False	False	False	False	False	False	False	_	0	0	1, tks..	1	tks. .hh	tks.. hh	tks.. hh
224	BZ007	711.978	714.848	2.87	True	_	0	0	0	0	0	0	0	0	0	False	False	False	False	False	False	False	_	1	0	0	9	e (.) non è la stessa cosa che parlare con	e (.) non è la stessa cosa che parlare con	e (.) non è la stessa cosa che parlare con
225	BZ007	715.273	716.733	1.46	True	_	0	0	0	0	0	0	0	0	0	False	False	False	False	False	False	False	_	0	0	0	3	un docente di:	un docente di:	un docente di
226	BZ007	716.993	721.953	4.96	True	_	0	0	0	0	0	0	0	0	0	False	False	False	False	False	False	False	_	0	0	0	16	oxford [che: ti] parla un inglese >di un certo tipo< mentre lì, si vedeva già no?	oxford [che: ti] parla un inglese >di un certo tipo< mentre lì, si vedeva già no?	oxford che ti parla un inglese di un certo tipo mentre lì si vedeva già no
227	BZ001	717.953	718.413	0.46	True	_	0	0	0	0	0	0	0	1	0	False	False	False	False	False	False	False	_	0	0	0	2	[mh=mh,]	[mh=mh],	mh mh
228	BZ007	722.093	728.293	6.2	True	_	3	0	0	0	0	0	0	0	0	False	False	False	False	False	False	False	_	0	1	1, ,	16	>a parte ch-< mh la:  la docente di ((nome città scozzese)), erano tutti: eh: >diciamo< era un inglese comune.	>a parte ch-< mh la: la docente di ((nome_città_scozzese)) , erano tutti: eh: >diciamo< era un inglese comune.	a parte ch- mh la la docente di ((nome_città_scozzese)) , erano tutti eh diciamo era un inglese comune
229	BZ007	728.31	730.47	2.16	True	_	0	0	0	0	0	0	0	1	0	False	False	False	False	False	False	False	_	0	0	0	7	.h ed era un inglese, non giudicante.	h. ed era un inglese, non giudicante.	h ed era un inglese non giudicante
230	BZ001	730.516	730.976	0.46	True	_	0	0	0	0	0	0	0	1	0	False	False	False	False	False	False	False	_	0	0	0	1	oka[y.]	oka[y].	okay
231	BZ007	730.786	739.73	8.944	True	_	0	0	0	0	0	0	0	1	0	False	False	False	False	False	False	False	_	1	0	0	23	[nel] senso che io non mi sentivo assolutamente giudicata, se (.) commettevo un errore, probabilmente ho sbagliato, avrò fatto anche lì dei cast[roni,]  sicuramente,	[nel] senso che io non mi sentivo assolutamente giudicata, se (.) commettevo un errore, probabilmente ho sbagliato, avrò fatto anche lì dei cast[roni], sicuramente,	nel senso che io non mi sentivo assolutamente giudicata se (.) commettevo un errore probabilmente ho sbagliato avrò fatto anche lì dei castroni sicuramente
232	BZ001	738.063	738.363	0.3	True	_	0	0	0	0	0	0	0	0	0	False	False	False	False	False	False	False	_	0	1	0	0	[((ride))]	[((ride))]	((ride))
233	BZ007	739.823	748.163	8.34	True	_	0	0	1	0	0	0	0	0	0	False	False	False	False	False	False	False	_	0	0	0	19	però: pensavo, ma non importa, perchè deve arrivare il messaggio. e infatti il messaggio arrivava, chiaro, erano anche interessati,	però: pensavo, ma non importa, perché deve arrivare il messaggio. e infatti il messaggio arrivava, chiaro, erano anche interessati,	però pensavo ma non importa perché deve arrivare il messaggio e infatti il messaggio arrivava chiaro erano anche interessati
234	BZ007	748.298	750.858	2.56	True	_	0	0	0	0	0	0	0	1	0	False	False	False	False	False	False	False	_	0	0	0	7	e non hanno assolutamente guardato alla for[ma.]	e non hanno assolutamente guardato alla for[ma].	e non hanno assolutamente guardato alla forma
235	BZ001	750.468	750.858	0.39	True	_	0	0	0	0	0	0	0	1	0	False	False	False	False	False	False	False	_	0	0	0	2	[mh=mh.]	[mh=mh].	mh mh
236	BZ007	751.048	752.848	1.8	True	_	0	0	0	0	0	0	0	0	0	False	False	False	False	False	False	False	_	0	0	0	5	tsk e questo devo dire:	tsk e questo devo dire:	tsk e questo devo dire
237	BZ007	753.488	761.032	7.544	True	_	0	0	1	0	0	0	0	0	0	False	False	False	False	False	False	False	_	0	0	0	28	tanto di cappello perchè in realtà quello è solo un mezzo. cioè è un: l'inglese lì (è) proprio: a livello accademico  viene utilizzato come mezzo per discutere.	tanto di cappello perché in realtà quello è solo un mezzo. cioè è un: l'inglese lì (è) proprio: a livello accademico viene utilizzato come mezzo per discutere.	tanto di cappello perché in realtà quello è solo un mezzo cioè è un l' inglese lì è proprio a livello accademico viene utilizzato come mezzo per discutere
238	BZ007	761.032	765.603	4.571	True	_	0	0	0	0	0	0	0	2	0	False	False	False	False	False	False	False	_	0	0	0	10	.h ma non: non ci si sente sotto esame [no?]	h. ma non: non ci si sente sotto esame [no]?	h ma non non ci si sente sotto esame no
239	BZ001	765.178	765.598	0.42	True	_	0	0	0	0	0	0	0	1	0	False	False	False	False	False	False	False	_	0	0	0	2	[mh=mh,]	[mh=mh],	mh mh
240	BZ007	765.73	771.34	5.61	True	_	0	0	0	0	0	0	0	0	0	False	False	False	False	False	False	False	_	0	0	0	19	come invece forse in alto adige ci- noi italiani ci sentiamo più sotto esame per il nostro tedesco no?	come invece forse in alto adige ci- noi italiani ci sentiamo più sotto esame per il nostro tedesco no?	come invece forse in alto adige ci- noi italiani ci sentiamo più sotto esame per il nostro tedesco no
241	BZ007	771.445	776.145	4.7	True	_	0	0	0	0	0	0	0	0	0	False	False	False	False	False	False	False	_	0	0	0	10	capita spesso che eh:: ci si senta proprio in dovere:	capita spesso che eh:: ci si senta proprio in dovere:	capita spesso che eh ci si senta proprio in dovere
242	BZ007	776.365	780.31	3.945	True	_	0	0	0	0	0	0	0	0	0	False	False	False	False	False	False	False	_	1	0	0	12	non è solo una questione di farsi capire no? (.) qui è proprio:	non è solo una questione di farsi capire no? (.) qui è proprio:	non è solo una questione di farsi capire no (.) qui è proprio
243	BZ007	780.655	784.425	3.77	True	_	0	0	0	0	0	0	0	0	0	False	False	False	False	False	False	False	_	0	0	0	9	di parlarlo bene, e può succedere quasi di sentirsi,	di parlarlo bene, e può succedere quasi di sentirsi,	di parlarlo bene e può succedere quasi di sentirsi
244	BZ007	784.72	786.55	1.83	True	_	0	0	0	0	0	0	0	0	0	False	False	False	False	False	False	False	_	0	0	0	3	diciamo così <inferiori>	diciamo così <inferiori>	diciamo così inferiori
245	BZ007	786.665	794.03	7.365	True	_	0	0	0	0	0	0	0	0	0	False	False	False	False	False	False	False	_	0	0	0	23	così tra virgolette, a chi  invece è bilingue e il tedesco lo padroneggia. italiano e tedesco li padroneggia, da subito. [dalla na]scita no?	così tra virgolette, a chi invece è bilingue e il tedesco lo padroneggia. italiano e tedesco li padroneggia, da subito. [dalla na]scita no?	così tra virgolette a chi invece è bilingue e il tedesco lo padroneggia italiano e tedesco li padroneggia da subito dalla nascita no
246	BZ001	792.795	793.115	0.32	True	_	0	0	0	0	0	0	0	1	0	False	False	False	False	False	False	False	_	0	0	0	2	[mh=mh.]	[mh=mh].	mh mh
247	BZ007	794.037	795.697	1.66	True	_	0	0	0	0	0	0	0	1	0	False	False	False	False	False	False	False	_	0	0	0	6	.h e noi un po' forse,	h. e noi un po' forse,	h e noi un po' forse
248	BZ007	795.987	800.177	4.19	True	_	0	0	0	0	0	0	0	0	0	False	False	False	False	False	False	False	_	0	0	0	12	io forse un po' la, la vivo no? questa: questa differenza. però,	io forse un po' la, la vivo no? questa: questa differenza. però,	io forse un po' la la vivo no questa questa differenza però
249	BZ007	800.652	806.142	5.49	True	_	0	0	0	0	0	0	0	0	0	False	False	False	False	False	False	False	_	0	0	0	23	da un certo punto di vista dico anche, (è/eh) che io il tedesco me lo sono studiata da sola, con le mie forze,	da un certo punto di vista dico anche, (èeh) che io il tedesco me lo sono studiata da sola, con le mie forze,	da un certo punto di vista dico anche èeh che io il tedesco me lo sono studiata da sola con le mie forze
250	BZ007	806.337	811.717	5.38	True	_	0	0	0	0	0	0	0	0	0	False	False	False	False	False	False	False	_	0	0	0	14	non ho avuto il famoso vantaggio diciamo che il bilinguismo da, no? (f-) però	non ho avuto il famoso vantaggio diciamo che il bilinguismo da, no? (f-) però	non ho avuto il famoso vantaggio diciamo che il bilinguismo da no f- però
251	BZ007	812.107	822.39	10.283	True	_	1	0	0	0	0	0	0	0	0	False	False	False	False	False	False	False	_	0	0	0	37	eh::: io: .h io l'ho imparato per conto mio, e infatti, e questo anche diatribe, non son d'accordo con quello che dico un sacco di persone, mi- soprattutto per questo i linguisti mi dicono su.	eh::: io:. h io l'ho imparato per conto mio, e infatti, e questo anche diatribe, non son d'accordo con quello che dico un sacco di persone, mi- soprattutto per questo i linguisti mi dicono su.	eh io h io l' ho imparato per conto mio e infatti e questo anche diatribe non son d' accordo con quello che dico un sacco di persone mi- soprattutto per questo i linguisti mi dicono su
252	BZ007	822.39	832.345	9.955	True	_	0	0	0	0	0	0	0	1	0	False	False	False	False	False	False	False	_	1	0	0	27	.h io non sono spesso così attenta alla pronuncia. cioè (.) m'interessa dire le cose bene, con la grammatica: e con: giusta tutta al posto giusto, ma,	h. io non sono spesso così attenta alla pronuncia. cioè (.) m'interessa dire le cose bene, con la grammatica: e con: giusta tutta al posto giusto, ma,	h io non sono spesso così attenta alla pronuncia cioè (.) m' interessa dire le cose bene con la grammatica e con giusta tutta al posto giusto ma
253	BZ007	832.79	837.53	4.74	True	_	0	0	0	0	0	0	0	0	0	False	False	False	False	False	False	False	_	0	0	0	15	non m'importa se: la persona capisce che sono italiana da come parlo il tedesco.	non m'importa se: la persona capisce che sono italiana da come parlo il tedesco.	non m' importa se la persona capisce che sono italiana da come parlo il tedesco
254	BZ007	838.18	845.99	7.81	True	_	0	0	1	0	0	0	0	0	0	False	False	False	False	False	False	False	_	0	0	0	23	perchè io sono italiana. cosa devo fare? cioè, forse chi studia le lingue, chi si deve,  che ha un po' questa mentalità quasi,	perché io sono italiana. cosa devo fare? cioè, forse chi studia le lingue, chi si deve, che ha un po' questa mentalità quasi,	perché io sono italiana cosa devo fare cioè forse chi studia le lingue chi si deve che ha un po' questa mentalità quasi
255	BZ007	846.285	851.475	5.19	True	_	0	0	0	0	0	0	0	0	0	False	False	False	False	False	False	False	_	0	0	0	15	cangiante no? del tipo, ho studiato lo spagnolo quindi vado in spagna, e: ehm devo	cangiante no? del tipo, ho studiato lo spagnolo quindi vado in spagna, e: ehm devo	cangiante no del tipo ho studiato lo spagnolo quindi vado in spagna e ehm devo
256	BZ007	851.81	856.61	4.8	True	_	0	0	0	0	0	0	0	1	0	False	False	False	False	False	False	False	_	1	0	0	14	.h mescolarmi tra la [fo]lla no? o il francese, (.) però io ho, non: mh:	h. mescolarmi tra la [fo]lla no? o il francese, (.) però io ho, non: mh:	h mescolarmi tra la folla no o il francese (.) però io ho non mh
257	BZ001	852.985	853.345	0.36	True	_	0	0	0	0	0	0	0	1	0	False	False	False	False	False	False	False	_	0	0	0	2	[mh=mh,]	[mh=mh],	mh mh
258	BZ007	857.28	864.065	6.785	True	_	0	0	0	0	0	0	0	0	0	False	False	False	False	False	False	False	_	1	0	0	27	non lo so, non mi va di pensarla così. a me va di pensare che se mi trovo in un paese straniero, ma padroneggio bene (.) questa lingua,	non lo so, non mi va di pensarla così. a me va di pensare che se mi trovo in un paese straniero, ma padroneggio bene (.) questa lingua,	non lo so non mi va di pensarla così a me va di pensare che se mi trovo in un paese straniero ma padroneggio bene (.) questa lingua
259	BZ007	864.832	872.322	7.49	True	_	0	0	0	0	0	0	0	0	0	False	False	False	False	False	False	False	_	0	0	0	23	riesco, cioè la uso a mio vantaggio. e riesco a fare quello che devo, o anche, in ambito accademico, o lavorativo, o sociale.	riesco, cioè la uso a mio vantaggio. e riesco a fare quello che devo, o anche, in ambito accademico, o lavorativo, o sociale.	riesco cioè la uso a mio vantaggio e riesco a fare quello che devo o anche in ambito accademico o lavorativo o sociale
260	BZ007	872.527	876.9435000000001	4.423	True	_	0	0	0	0	0	1	1	0	0	False	False	False	False	False	False	False	_	0	0	0	14	(e/eh) riusciamo a comunicare, a scherzare, io ho un carissimo amico, lui è austriaco,=	(eeh) riusciamo a comunicare, a scherzare, io ho un carissimo amico, lui è austriaco,	eeh riusciamo a comunicare a scherzare io ho un carissimo amico lui è austriaco
261	BZ001	876.9435000000001	877.237	0.3	True	_	0	0	0	0	0	1	1	0	0	False	False	False	False	False	False	False	_	0	0	0	2	=mh=mh,	mh=mh,	mh mh
262	BZ007	877.308	883.468	6.16	True	_	0	0	0	0	0	0	0	0	0	False	False	False	False	False	False	False	_	0	0	0	21	e: lui si diverte un mondo quando io parlo [tedes]co con lui. e ci capiamo perfettamente, non è [mai succes]so che	e: lui si diverte un mondo quando io parlo [tedes]co con lui. e ci capiamo perfettamente, non è [mai succes]so che	e lui si diverte un mondo quando io parlo tedesco con lui e ci capiamo perfettamente non è mai successo che
263	BZ001	879.549	880.037	0.488	True	_	0	0	0	0	0	0	0	1	0	False	False	False	False	False	False	False	_	0	0	0	1	[mh.]	[mh].	mh
264	BZ001	882.162	882.672	0.51	True	_	0	0	0	0	0	0	0	1	0	False	False	False	False	False	False	False	_	0	0	0	1	[certo.]	[certo].	certo
265	BZ007	883.53	887.79	4.26	True	_	0	0	0	0	0	0	0	0	0	False	False	False	False	False	False	False	_	0	0	0	11	eh: un argomento rimaga sospeso perché non sono riuscita a dirgli	eh: un argomento rimaga sospeso perché non sono riuscita a dirgli	eh un argomento rimaga sospeso perché non sono riuscita a dirgli
266	BZ007	888.2	891.16	2.96	True	_	0	0	0	0	0	0	0	0	0	False	False	False	False	False	False	False	_	0	0	0	8	no no no. cioè noi ci capiamo perfettamente,	no no no. cioè noi ci capiamo perfettamente,	no no no cioè noi ci capiamo perfettamente
267	BZ007	891.36	899.08	7.72	True	_	0	0	0	0	0	0	0	0	0	False	False	False	False	False	False	False	_	0	0	0	29	però lui si fa un po' di risate perché dice, ah interessante come l'hai detta questa cosa. l'hai detta, come lo direbbe, probabilmente un italiano in tedesco,	però lui si fa un po' di risate perché dice, ah interessante come l'hai detta questa cosa. l'hai detta, come lo direbbe, probabilmente un italiano in tedesco,	però lui si fa un po' di risate perché dice ah interessante come l' hai detta questa cosa l' hai detta come lo direbbe probabilmente un italiano in tedesco
268	BZ007	899.23	901.6	2.37	True	_	0	0	0	0	0	0	0	0	0	False	False	False	False	False	False	False	_	0	0	0	8	e dice, e io dico, ma è bagliato?	e dice, e io dico, ma è bagliato?	e dice e io dico ma è bagliato
269	BZ007	901.975	902.955	0.98	True	_	0	0	0	0	0	0	0	0	0	False	False	False	False	False	False	False	_	0	0	0	4	ma in realtà no.	ma in realtà no.	ma in realtà no
270	BZ007	903.185	907.5875000000001	4.405	True	_	0	0	0	0	0	0	1	0	0	False	False	False	False	False	False	False	_	1	0	0	14	cioè non è che hai commesso un errore, però (.) è solo un po' bizzarro.	cioè non è che hai commesso un errore, però (.) è solo un po' bizzarro.	cioè non è che hai commesso un errore però (.) è solo un po' bizzarro
271	BZ001	907.5875000000001	907.975	0.39	True	_	0	0	0	0	0	0	1	0	True	False	False	False	False	False	False	False	272=0.005	0	0	0	2	mh=mh,	mh=mh,	mh mh
272	BZ007	907.97	914.509	6.539	True	_	0	0	0	0	0	0	0	0	True	False	False	False	False	False	False	False	_	0	0	0	25	allora io, visto che, intanto il bizzarro è un termine ch ho visto che mi si addice [tantissi]mo, perché me lo dicono in, in tanti,	allora io, visto che, intanto il bizzarro è un termine ch ho visto che mi si addice [tantissi]mo, perché me lo dicono in, in tanti,	allora io visto che intanto il bizzarro è un termine ch ho visto che mi si addice tantissimo perché me lo dicono in in tanti
273	BZ001	911.948	912.49	0.542	True	_	0	0	0	0	0	0	0	0	0	False	False	False	False	False	False	False	_	0	1	0	0	[((ride))]	[((ride))]	((ride))
274	BZ007	914.509	918.853	4.344	True	_	0	0	0	0	0	0	0	1	0	False	False	False	False	False	False	False	_	0	2	1, h.h	8	.hh benissimo. allora dico, eh allora ho vinto. ((ride)) [((ride)) giu]sto?	h.h benissimo. allora dico, eh allora ho vinto. ((ride)) [((ride)) giu]sto?	h.h benissimo allora dico eh allora ho vinto ((ride)) ((ride)) giusto
275	BZ001	917.616	918.667	1.051	True	_	0	0	0	0	0	0	0	1	0	False	False	False	False	False	False	False	_	0	0	0	2	[certo, certo.]	[certo, certo].	certo certo
276	BZ001	918.853	925.18	6.327	True	_	0	0	0	0	0	0	0	0	0	False	False	False	False	False	False	False	_	0	0	0	17	sì=sì=sì. quindi, emotivamente, quando tu magari ti senti giudicata, per come parli, ti senti frenata?	sì=sì=sì. quindi, emotivamente, quando tu magari ti senti giudicata, per come parli, ti senti frenata?	sì sì sì quindi emotivamente quando tu magari ti senti giudicata per come parli ti senti frenata
277	BZ001	925.505	929.755	4.25	True	_	0	0	0	0	0	0	0	0	0	False	False	False	False	False	False	False	_	1	0	0	14	e invece quando ti senti a tuo agio nel parlare liberamente, (.) ti senti più:	e invece quando ti senti a tuo agio nel parlare liberamente, (.) ti senti più:	e invece quando ti senti a tuo agio nel parlare liberamente (.) ti senti più
278	BZ001	930.12	934.7	4.58	True	_	0	0	0	0	0	0	0	1	0	False	False	False	False	False	False	False	_	0	0	0	17	appunto a tuo agio nel parlare quella lingua, nonostante appunto la pronuncia, (e) queste cose che dice[vi?]	appunto a tuo agio nel parlare quella lingua, nonostante appunto la pronuncia, (e) queste cose che dice[vi]?	appunto a tuo agio nel parlare quella lingua nonostante appunto la pronuncia e queste cose che dicevi
279	BZ007	934.62	935.06	0.44	True	_	0	0	0	0	0	0	0	0	0	False	False	False	False	False	False	False	_	0	0	0	1	[e]:h.	[e]:h.	eh
280	BZ007	935.15	938.69	3.54	True	_	0	0	0	0	0	0	0	1	0	False	False	False	False	False	False	False	_	0	0	0	11	va be' allora attenzione. all'inizio mi sentivo un po' frenata [eh?]	vabbè allora attenzione. all'inizio mi sentivo un po' frenata [eh]?	vabbè allora attenzione all' inizio mi sentivo un po' frenata eh
281	BZ001	938.37	938.8	0.43	True	_	0	0	0	0	0	0	0	0	0	False	False	False	False	False	False	False	_	0	0	0	2	[mh]=mh,	[mh]=mh,	mh mh
282	BZ007	938.875	941.875	3.0	True	_	0	0	0	0	0	0	0	1	0	False	False	False	False	False	False	False	_	0	0	0	9	per esempio >appunto,< faccio l'esempio di questo amico,	per esempio >appunto<, faccio l'esempio di questo amico,	per esempio appunto faccio l' esempio di questo amico
283	BZ007	942.145	944.975	2.83	True	_	0	0	0	0	0	0	0	0	0	False	False	False	False	False	False	False	_	0	0	0	12	mi sentivo un po' da meno all'inizio, dicevo mamma mia, >poi<	mi sentivo un po' da meno all'inizio, dicevo mamma mia, >poi<	mi sentivo un po' da meno all' inizio dicevo mamma mia poi
284	BZ007	945.09	950.93	5.84	True	_	0	0	0	0	0	0	0	0	0	False	False	False	False	False	False	False	_	0	0	0	22	vedendo che non mi giudicava ma anzi, ogni tanto mi dava, mh delle correzioni per dire, ah qui hai sbagliato a dirlo,	vedendo che non mi giudicava ma anzi, ogni tanto mi dava, mh delle correzioni per dire, ah qui hai sbagliato a dirlo,	vedendo che non mi giudicava ma anzi ogni tanto mi dava mh delle correzioni per dire ah qui hai sbagliato a dirlo
285	BZ007	951.115	954.35	3.235	True	_	0	0	0	0	0	0	0	0	0	False	False	False	False	False	False	False	_	0	0	0	10	le coglievo proprio volentieri [perché arriva]vano da una persona amica,	le coglievo proprio volentieri [perché arriva]vano da una persona amica,	le coglievo proprio volentieri perché arrivavano da una persona amica
286	BZ001	952.465	952.815	0.35	True	_	0	0	0	0	0	0	0	1	0	False	False	False	False	False	False	False	_	0	0	0	2	[mh=mh,]	[mh=mh],	mh mh
287	BZ001	954.352	954.612	0.26	True	_	0	0	0	0	0	0	0	1	0	False	False	False	False	False	False	False	_	0	0	0	2	mh=[mh,]	mh=[mh],	mh mh
288	BZ007	954.48	956.842	2.362	True	_	0	0	0	0	0	0	0	0	0	False	False	False	False	False	False	False	_	0	0	0	8	[che vo]leva aiutarmi a imparare meglio la lingua.	[che vo]leva aiutarmi a imparare meglio la lingua.	che voleva aiutarmi a imparare meglio la lingua
289	BZ007	956.972	960.562	3.59	True	_	1	0	0	0	0	0	0	0	0	False	False	False	False	False	False	False	_	0	0	0	6	quindi sì. all'inizio sicuramente .hhhh	quindi sì. all'inizio sicuramente. hhhh	quindi sì all' inizio sicuramente hhhh
290	BZ007	960.977	964.357	3.38	True	_	0	0	0	0	0	0	0	0	0	False	False	False	False	False	False	False	_	0	0	0	12	mh: quasi un senso sì di vergogna no? a parlare una lingua	mh: quasi un senso sì di vergogna no? a parlare una lingua	mh quasi un senso sì di vergogna no a parlare una lingua
291	BZ007	964.367	969.38	5.013	True	_	0	0	0	0	0	0	0	1	0	False	False	False	False	False	False	False	_	0	0	0	18	poi a un certo punto, veramente, qui mi ha aiutato un sacco l'esperienza dei tirocini, in germa[nia,]	poi a un certo punto, veramente, qui mi ha aiutato un sacco l'esperienza dei tirocini, in germa[nia],	poi a un certo punto veramente qui mi ha aiutato un sacco l' esperienza dei tirocini in germania
292	BZ001	968.752	969.372	0.62	True	_	0	0	0	0	0	0	0	1	0	False	False	False	False	False	False	False	_	0	0	0	1	[okay,]	[okay],	okay
293	BZ007	969.432	975.067	5.635	True	_	0	0	0	0	0	0	0	1	0	False	False	False	False	False	False	False	_	0	0	0	15	tre mesi, un mese un mese un mese, quindi neanche un erasmus eh? [proprio: separati,]	tre mesi, un mese un mese un mese, quindi neanche un erasmus eh? [proprio: separati],	tre mesi un mese un mese un mese quindi neanche un erasmus eh proprio separati
294	BZ001	973.032	974.732	1.7	True	_	0	0	0	0	0	0	0	1	0	False	False	False	False	False	False	False	_	1	0	0	4	[okay separati quindi (.) okay,]	[okay separati quindi (.) okay],	okay separati quindi (.) okay
295	BZ007	975.302	975.942	0.64	True	_	0	0	0	0	0	0	0	0	0	False	False	False	False	False	False	False	_	0	0	0	1	ma::	ma::	ma
296	BZ007	976.712	979.822	3.11	True	_	0	0	0	0	0	0	0	0	0	False	False	False	False	False	False	False	_	0	0	0	13	non lo so. secondo me se una persona è già un po' predisposta	non lo so. secondo me se una persona è già un po' predisposta	non lo so secondo me se una persona è già un po' predisposta
297	BZ007	979.967	984.1995	4.235	True	_	0	0	0	0	0	0	1	0	0	False	False	False	False	False	False	False	_	0	0	0	16	non è che deve stare quarant'anni a vivere all'e- cioè tutto sommato già quello,	non è che deve stare quarant'anni a vivere all'e- cioè tutto sommato già quello,	non è che deve stare quarant' anni a vivere all' e- cioè tutto sommato già quello
298	BZ001	984.1995	984.457	0.26	True	_	0	0	0	0	0	1	1	0	0	False	False	False	False	False	False	False	_	0	0	0	2	mh=mh,=	mh=mh,	mh mh
299	BZ007	984.467	985.677	1.21	True	_	0	0	0	0	0	1	0	0	0	False	False	False	False	False	False	False	_	0	0	0	3	=mi ha, ecco	mi ha, ecco	mi ha ecco
300	BZ007	986.092	989.932	3.84	True	_	0	0	0	0	0	0	0	0	0	False	False	False	False	False	False	False	_	0	0	0	16	non posso dire che mi abbia dato una sicurezza completa, ma mi ha tirato fuori tanto.	non posso dire che mi abbia dato una sicurezza completa, ma mi ha tirato fuori tanto.	non posso dire che mi abbia dato una sicurezza completa ma mi ha tirato fuori tanto
301	BZ001	989.932	990.212	0.28	True	_	0	0	0	0	0	0	0	0	0	False	False	False	False	False	False	False	_	0	0	0	2	mh=mh.	mh=mh.	mh mh
302	BZ007	990.212	993.342	3.13	True	_	0	0	0	0	0	0	0	0	0	False	False	False	False	False	False	False	_	0	0	0	14	io adesso non ho più problemi a parlare un'altra, non mi vergogno più.	io adesso non ho più problemi a parlare un'altra, non mi vergogno più.	io adesso non ho più problemi a parlare un' altra non mi vergogno più
303	BZ001	993.497	993.98	0.483	True	_	0	0	0	0	0	0	0	1	0	False	False	False	False	False	False	False	_	0	0	0	1	oka[y.]	oka[y].	okay
304	BZ007	993.887	994.177	0.29	True	_	0	0	0	0	0	0	0	0	0	False	False	False	False	False	False	False	_	0	0	0	1	[n]o.	[n]o.	no
305	BZ001	994.382	996.532	2.15	True	_	0	0	0	0	0	0	0	0	0	False	False	False	False	False	False	False	_	0	0	0	6	quindi tu parli, italiano tedesco inglese,	quindi tu parli, italiano tedesco inglese,	quindi tu parli italiano tedesco inglese
306	BZ007	996.637	996.847	0.21	True	_	0	0	0	0	0	0	0	0	0	False	False	False	False	False	False	False	_	0	0	0	1	s::ì.	s::ì.	sì
307	BZ001	996.852	1001.492	4.64	True	_	0	0	0	0	0	0	0	0	0	False	False	False	False	False	False	False	_	0	0	0	16	ci sono anche delle altre lingue che: in c- che parli, o che ti piacerebbe studiare?	ci sono anche delle altre lingue che: in c- che parli, o che ti piacerebbe studiare?	ci sono anche delle altre lingue che in c- che parli o che ti piacerebbe studiare
308	BZ007	1001.792	1006.332	4.54	True	_	0	0	0	0	0	0	0	0	0	False	False	False	False	False	False	False	_	0	0	0	10	allora eh in effetti a me interesserebbe parlare, un domani,	allora eh in effetti a me interesserebbe parlare, un domani,	allora eh in effetti a me interesserebbe parlare un domani
309	BZ007	1007.032	1013.512	6.48	True	_	0	0	0	0	0	0	0	0	0	False	False	False	False	False	False	False	_	0	1	0	14	((ride piano)) il greco. [perché] conoscendo già il dia- sì il dialetto chiedo scusa, l'alfabeto,	((ride_piano)) il greco. [perché] conoscendo già il dia- sì il dialetto chiedo scusa, l'alfabeto,	((ride_piano)) il greco perché conoscendo già il dia- sì il dialetto chiedo scusa l' alfabeto
310	BZ001	1008.662	1008.843	0.181	True	_	0	0	0	0	0	0	0	1	0	False	False	False	False	False	False	False	_	0	0	0	1	[mh.]	[mh].	mh
311	BZ007	1013.512	1017.382	3.87	True	_	0	0	0	0	0	0	0	0	0	False	False	False	False	False	False	False	_	0	0	0	12	eh:: anche lì. ogni tanto provo a vedere se riesco a capire:	eh:: anche lì. ogni tanto provo a vedere se riesco a capire:	eh anche lì ogni tanto provo a vedere se riesco a capire
312	BZ007	1017.637	1018.847	1.21	True	_	0	0	0	0	0	0	0	0	0	False	False	False	False	False	False	False	_	0	0	0	3	quello che dicono,	quello che dicono,	quello che dicono
313	BZ001	1018.907	1020.15	1.243	True	_	0	0	0	0	0	0	0	1	0	False	False	False	False	False	False	False	_	0	0	0	3	greco moderno quin[di.]	greco moderno quin[di].	greco moderno quindi
314	BZ007	1019.717	1022.237	2.52	True	_	0	0	0	0	0	0	0	0	0	False	False	False	False	False	False	False	_	1	0	0	5	[moder]no. [(.)] sì. il greco moderno.	[moder]no. [(.)] sì. il greco moderno.	moderno (.) sì il greco moderno
315	BZ001	1020.552	1020.775	0.223	True	_	0	0	0	0	0	0	0	1	0	False	False	False	False	False	False	False	_	0	0	0	1	[mh.]	[mh].	mh
316	BZ007	1022.577	1027.2	4.623	True	_	0	0	0	0	0	0	0	1	0	False	False	False	False	False	False	False	_	1	0	0	12	non riesco a capire (.) tutto, però per esempio il discorso di tzipra[s,]	non riesco a capire (.) tutto, però per esempio il discorso di tzipra[s],	non riesco a capire (.) tutto però per esempio il discorso di tzipras
317	BZ001	1027.142	1027.582	0.44	True	_	0	0	0	0	0	0	0	0	0	False	False	False	False	False	False	False	_	0	0	0	1	[o]kay,	[o]kay,	okay
318	BZ007	1027.602	1028.807	1.205	True	_	0	0	0	0	0	0	0	1	0	False	False	False	False	False	False	False	_	0	0	0	3	qualcosa avevo capi[to.]	qualcosa avevo capi[to].	qualcosa avevo capito
319	BZ001	1028.497	1028.797	0.3	True	_	0	0	0	0	0	0	0	1	0	False	False	False	False	False	False	False	_	0	0	0	1	[ah.]	[ah].	ah
320	BZ007	1028.807	1032.947	4.14	True	_	0	0	0	0	0	0	0	1	0	False	False	False	False	False	False	False	_	0	0	0	10	perché poi era molto: sta- stan[dard no?] qualcosa avevo capito.	perché poi era molto: sta- stan[dard no]? qualcosa avevo capito.	perché poi era molto sta- standard no qualcosa avevo capito
321	BZ001	1030.939	1031.438	0.499	True	_	0	0	0	0	0	0	0	1	0	False	False	False	False	False	False	False	_	0	0	0	2	[mh=mh,]	[mh=mh],	mh mh
322	BZ007	1033.017	1037.402	4.385	True	_	1	0	0	0	0	0	0	0	0	False	False	False	False	False	False	False	_	1	0	0	11	e anche leggendolo, (.) intuisco di che cosa si parla. [quin]di .h	e anche leggendolo, (.) intuisco di che cosa si parla. [quin]di. h	e anche leggendolo (.) intuisco di che cosa si parla quindi h
323	BZ001	1036.252	1036.452	0.2	True	_	0	0	0	0	0	0	0	1	0	False	False	False	False	False	False	False	_	0	0	0	1	[mh.]	[mh].	mh
324	BZ007	1037.472	1045.657	8.185	True	_	0	0	0	0	0	0	0	0	True	False	False	False	False	False	False	False	325=0.010	0	0	0	31	penso che mi piacerebbe farlo per conto mio. ogni tanto faccio questa cosa che, ogni tanto mi dico, ma da dove mi esce, vado a giocare, a  (razzolo), con persone greche,	penso che mi piacerebbe farlo per conto mio. ogni tanto faccio questa cosa che, ogni tanto mi dico, ma da dove mi esce, vado a giocare, a (razzolo), con persone greche,	penso che mi piacerebbe farlo per conto mio ogni tanto faccio questa cosa che ogni tanto mi dico ma da dove mi esce vado a giocare a razzolo con persone greche
325	BZ001	1045.647	1046.207	0.56	True	_	0	0	0	0	0	0	0	0	True	False	False	False	False	False	False	False	_	0	1	0	1	oka[y] ((ridendo))	oka[y] ((ridendo))	okay ((ridendo))
326	BZ007	1046.067	1052.797	6.73	True	_	0	0	0	0	0	0	0	1	0	False	False	False	False	False	False	False	_	0	0	0	24	[e,] vedo che cosa, se riesco a trovare delle parole, andando un po' a caso [no? da quelle] che mi ricordo dal greco antico.	[e], vedo che cosa, se riesco a trovare delle parole, andando un po' a caso [no? da quelle] che mi ricordo dal greco antico.	e vedo che cosa se riesco a trovare delle parole andando un po' a caso no da quelle che mi ricordo dal greco antico
327	BZ001	1050.282	1050.877	0.595	True	_	0	0	0	0	0	0	0	1	0	False	False	False	False	False	False	False	_	0	0	0	1	[certo.]	[certo].	certo
328	BZ007	1052.927	1057.692	4.765	True	_	0	0	0	0	0	0	0	0	0	False	False	False	False	False	False	False	_	0	0	0	17	e, perdo ovviamente sempre contro, però poi vado  a vedere le parole che hanno trovato loro no?	e, perdo ovviamente sempre contro, però poi vado a vedere le parole che hanno trovato loro no?	e perdo ovviamente sempre contro però poi vado a vedere le parole che hanno trovato loro no
329	BZ001	1057.697	1058.007	0.31	True	_	0	0	0	0	0	1	0	0	0	False	False	False	False	False	False	False	_	0	0	0	1	mh.=	mh.	mh
330	BZ007	1058.022	1061.552	3.53	True	_	0	0	0	0	0	0	0	0	0	False	False	False	False	False	False	False	_	0	0	0	14	e dico, ma quest- ne- sarei riuscito a trovarne alcune anch'io o no,	e dico, ma quest- ne- sarei riuscito a trovarne alcune anch'io o no,	e dico ma quest- ne- sarei riuscito a trovarne alcune anch' io o no
331	BZ007	1061.59	1068.74	7.15	True	_	0	0	0	0	0	0	0	1	True	False	False	False	False	False	False	False	_	0	0	1, dicom,a	27	alcune sì. tipo ikia casa, e dico,ma dai lo sapevo che ikia vuol dire ca- e adesso me lo ricordo ancora, [c'ho giocato] mesi e mesi fa.	alcune sì. tipo ikia casa, e dicom,a dai lo sapevo che ikia vuol dire ca- e adesso me lo ricordo ancora, [c'ho giocato] mesi e mesi fa.	alcune sì tipo ikia casa e dicom,a dai lo sapevo che ikia vuol dire ca- e adesso me lo ricordo ancora c' ho giocato mesi e mesi fa
332	BZ001	1067.345	1067.748	0.403	True	_	0	0	0	0	0	0	0	0	0	False	False	False	False	False	False	False	_	0	1	0	0	[((ride))]	[((ride))]	((ride))
333	BZ001	1068.725	1069.205	0.48	True	_	0	0	0	0	0	0	0	0	True	False	False	False	False	False	False	False	331=0.015	0	0	0	1	okay.	okay.	okay
334	BZ007	1069.245	1071.345	2.1	True	_	0	0	0	0	0	0	0	0	0	False	False	False	False	False	False	False	_	0	0	0	5	quindi, quello lo trovo divertente.	quindi, quello lo trovo divertente.	quindi quello lo trovo divertente
335	BZ001	1071.345	1073.275	1.93	True	_	0	0	0	0	0	0	0	1	0	False	False	False	False	False	False	False	_	0	0	0	5	be' originale questo come meto[do.]	be' originale questo come meto[do].	be' originale questo come metodo
336	BZ007	1072.564	1075.602	3.038	True	_	0	0	0	0	0	1	0	0	0	False	False	False	False	False	False	False	_	0	1	0	10	[be'] cioè bizzarro, [no? per rimanere] ((ridendo)) sì si lo so.=	[be'] cioè bizzarro, [no? per rimanere] ((ridendo)) sì si lo so.	be' cioè bizzarro no per rimanere ((ridendo)) sì si lo so
337	BZ001	1073.514	1074.492	0.978	True	_	0	0	0	0	0	0	0	1	0	False	False	False	False	False	False	False	_	0	0	0	3	[bizzarro. he he.]	[bizzarro. eh he].	bizzarro eh he
338	BZ001	1075.602	1078.651	3.049	True	_	0	0	0	0	0	1	0	0	0	False	False	False	False	False	False	False	_	0	0	0	11	=va be' però non non avevo mai sentito in viaggio tipo, così,	vabbè però non non avevo mai sentito in viaggio tipo, così,	vabbè però non non avevo mai sentito in viaggio tipo così
339	BZ001	1078.651	1087.395	8.744	True	_	0	0	0	0	0	0	0	0	0	False	False	False	False	False	False	False	_	0	0	0	32	e ci sono altre, cose che fai appunto magari eh c'è chi mi ha raccontato di guardare appunto questo l'hai già detto, serie tivu in lingua, per esempio la musica,	e ci sono altre, cose che fai appunto magari eh c'è chi mi ha raccontato di guardare appunto questo l'hai già detto, serie tivu in lingua, per esempio la musica,	e ci sono altre cose che fai appunto magari eh c' è chi mi ha raccontato di guardare appunto questo l' hai già detto serie tivu in lingua per esempio la musica
340	BZ001	1087.51	1091.43	3.92	True	_	0	0	0	0	0	0	0	0	0	False	False	False	False	False	False	False	_	0	0	0	12	ascolti musi[ca anche in tede]sco o in altre lingue, o  italiano ingl[es]e,	ascolti musi[ca anche in tede]sco o in altre lingue, o italiano ingl[es]e,	ascolti musica anche in tedesco o in altre lingue o italiano inglese
341	BZ007	1088.21	1089.08	0.87	True	_	0	0	0	0	0	0	0	0	0	False	False	False	False	False	False	False	_	0	0	0	1	[ah::::]	[ah::::]	ah
342	BZ007	1091.033	1091.192	0.159	True	_	0	0	0	0	0	0	0	0	0	False	False	False	False	False	False	False	_	0	0	0	1	[tsk]	[tsk]	tsk
343	BZ007	1091.47	1096.66	5.19	True	_	0	0	1	0	0	0	0	0	0	False	False	False	False	False	False	False	_	0	0	0	21	ah questo, ecco. eh questa è una bella domanda. perchè se non lo faccio tanto coi film con la musica sì.	ah questo, ecco. eh questa è una bella domanda. perché se non lo faccio tanto coi film con la musica sì.	ah questo ecco eh questa è una bella domanda perché se non lo faccio tanto coi film con la musica sì
344	BZ001	1096.675	1097.315	0.64	True	_	0	0	0	0	0	0	0	1	0	False	False	False	False	False	False	False	_	0	0	0	1	ok[ay,]	ok[ay],	okay
345	BZ007	1096.825	1097.54	0.715	True	_	0	0	0	0	0	0	0	0	0	False	False	False	False	False	False	False	_	0	0	0	2	[lo fac]cio.	[lo fac]cio.	lo faccio
346	BZ007	1097.55	1106.46	8.91	True	_	1	0	0	0	0	0	0	1	0	False	False	False	False	False	False	False	_	0	1	0	23	per esempio ero rimasta incantata .h ((ride)) da un video ehm: che: che si trova su youtube, che è, frozen, la canzone [di frozen,]	per esempio ero rimasta incantata. h ((ride)) da un video ehm: che: che si trova su youtube, che è, frozen, la canzone [di frozen],	per esempio ero rimasta incantata h ((ride)) da un video ehm che che si trova su youtube che è frozen la canzone di frozen
347	BZ001	1105.83	1106.45	0.62	True	_	0	0	0	0	0	0	0	1	0	False	False	False	False	False	False	False	_	0	0	0	2	[mh=mh,]	[mh=mh],	mh mh
348	BZ007	1106.472	1108.118	1.646	True	_	0	0	0	0	0	1	0	0	True	False	False	False	False	False	False	False	349=0.010	0	0	0	7	in ta- in tutte le lingue no?=	in ta- in tutte le lingue no?	in ta- in tutte le lingue no
349	BZ001	1108.108	1108.53	0.422	True	_	0	0	0	0	0	1	0	1	True	False	False	False	False	False	False	False	_	0	0	0	1	=oka[y.]	oka[y].	okay
350	BZ007	1108.352	1115.792	7.44	True	_	0	0	0	0	0	0	0	2	0	False	False	False	False	False	False	False	_	0	0	0	24	[.h] hanno fatto un video, dove hanno messo uno a fianco all'altro. le diverse doppiatrici che cantano la canzone più famosa. [di frozen.]	[h.] hanno fatto un video, dove hanno messo uno a fianco all'altro. le diverse doppiatrici che cantano la canzone più famosa. [di frozen].	h hanno fatto un video dove hanno messo uno a fianco all' altro le diverse doppiatrici che cantano la canzone più famosa di frozen
351	BZ001	1114.602	1115.782	1.18	True	_	0	0	0	0	0	0	0	1	0	False	False	False	False	False	False	False	_	0	0	0	2	[mh=mh,]	[mh=mh],	mh mh
352	BZ007	1116.05	1119.56	3.51	True	_	0	0	0	0	0	0	0	0	0	False	False	False	False	False	False	False	_	0	0	0	13	e io  me le sta- me lo guardavo. proprio, e me lo ascoltavo,	e io me le sta- me lo guardavo. proprio, e me lo ascoltavo,	e io me le sta- me lo guardavo proprio e me lo ascoltavo
353	BZ007	1119.805	1123.075	3.27	True	_	0	0	1	0	0	0	0	0	0	False	False	False	False	False	False	False	_	0	0	0	7	eh::m ma proprio, in con curiosità. perchè,	eh::m ma proprio, in con curiosità. perché,	ehm ma proprio in con curiosità perché
354	BZ007	1123.5	1129.6	6.1	True	_	0	0	0	0	0	0	0	0	0	False	False	False	False	False	False	False	_	0	0	0	26	ogni strofa più o meno è cantata in una lingua diversa. e poi le hanno messe una a fianco all'altra [e viene la can]zone: completa.	ogni strofa più o meno è cantata in una lingua diversa. e poi le hanno messe una a fianco all'altra [e viene la can]zone: completa.	ogni strofa più o meno è cantata in una lingua diversa e poi le hanno messe una a fianco all' altra e viene la canzone completa
355	BZ001	1127.48	1128.06	0.58	True	_	0	0	0	0	0	0	0	1	0	False	False	False	False	False	False	False	_	0	0	0	2	[mh=mh,]	[mh=mh],	mh mh
356	BZ007	1129.61	1135.51	5.9	True	_	0	0	0	0	0	0	0	1	0	False	False	False	False	False	False	False	_	0	0	0	20	.h e io adesso, non ascolto neanche più la canzone vera ma ascolto quella, [che mi] piace molto di più.	h. e io adesso, non ascolto neanche più la canzone vera ma ascolto quella, [che mi] piace molto di più.	h e io adesso non ascolto neanche più la canzone vera ma ascolto quella che mi piace molto di più
357	BZ001	1134.055	1134.575	0.52	True	_	0	0	0	0	0	0	0	1	0	False	False	False	False	False	False	False	_	0	0	0	1	[okay.]	[okay].	okay
358	BZ007	1135.52	1138.267	2.747	True	_	0	0	0	0	0	0	0	1	0	False	False	False	False	False	False	False	_	0	0	0	8	.h e lì, ecco sì, questo lo faccio.	h. e lì, ecco sì, questo lo faccio.	h e lì ecco sì questo lo faccio
359	BZ007	1138.473	1142.93	4.457	True	_	0	0	0	0	0	0	0	0	0	False	False	False	False	False	False	False	_	0	0	0	14	tsk. oppure anche, io lo faccio, lo ammetto, tanto con le canzoni della disney.	tsk. oppure anche, io lo faccio, lo ammetto, tanto con le canzoni della disney.	tsk oppure anche io lo faccio lo ammetto tanto con le canzoni della disney
360	BZ001	1142.943	1143.273	0.33	True	_	0	0	0	0	0	0	0	1	0	False	False	False	False	False	False	False	_	0	0	0	2	mh=[mh,]	mh=[mh],	mh mh
361	BZ007	1143.15	1152.675	9.525	True	_	1	0	0	0	0	0	0	0	0	False	False	False	False	False	False	False	_	0	0	1, qui,.	31	[mi] piace sentirle anche nelle altre lingue, vedere un attimo e dire, ma qui, .h come l'hanno::  ah: okay però qui l'hanno tradotta diversa, ah non c'entra nulla no?	[mi] piace sentirle anche nelle altre lingue, vedere un attimo e dire, ma qui,. h come l'hanno:: ah: okay però qui l'hanno tradotta diversa, ah non c'entra nulla no?	mi piace sentirle anche nelle altre lingue vedere un attimo e dire ma qui,. h come l' hanno ah okay però qui l' hanno tradotta diversa ah non c' entra nulla no
362	BZ007	1152.675	1160.53	7.855	True	_	0	0	0	0	0	0	0	0	0	False	False	False	False	False	False	False	_	1	0	0	24	e tan- mi trovo tanto sp- spesso a dire, che preferisco molto come l'hanno tradotta in italiano, che danno dei sensi: (.) molto più	e tan- mi trovo tanto sp- spesso a dire, che preferisco molto come l'hanno tradotta in italiano, che danno dei sensi: (.) molto più	e tan- mi trovo tanto sp- spesso a dire che preferisco molto come l' hanno tradotta in italiano che danno dei sensi (.) molto più
363	BZ007	1160.532	1164.3	3.768	True	_	0	0	0	0	0	0	0	0	0	False	False	False	False	False	False	False	_	0	0	0	14	per esempio anche la canzone del, il cerchio della vi[ta del re leo]ne no?	per esempio anche la canzone del, il cerchio della vi[ta del re leo]ne no?	per esempio anche la canzone del il cerchio della vita del re leone no
364	BZ001	1163.277	1163.88	0.603	True	_	0	0	0	0	0	0	0	1	0	False	False	False	False	False	False	False	_	0	0	0	2	[mh=mh,]	[mh=mh],	mh mh
365	BZ007	1164.306	1168.631	4.325	True	_	0	0	0	0	0	0	0	0	0	False	False	False	False	False	False	False	_	0	0	0	15	che comunque non è di, era di elton john, non era dell'ultimo:[: pir]la no?	che comunque non è di, era di elton john, non era dell'ultimo:[: pir]la no?	che comunque non è di era di elton john non era dell' ultimo pirla no
366	BZ001	1167.671	1168.191	0.52	True	_	0	0	0	0	0	0	0	1	0	False	False	False	False	False	False	False	_	0	0	0	1	[certo.]	[certo].	certo
367	BZ007	1168.631	1169.621	0.99	True	_	0	0	0	0	0	0	0	1	0	False	False	False	False	False	False	False	_	0	0	0	2	.h però	h. però	h però
368	BZ007	1169.956	1175.17	5.214	True	_	0	0	0	0	0	0	0	1	0	False	False	False	False	False	False	False	_	0	0	0	18	la traduzione italiana, e io non mi ricordo nemmeno di chi è, perché so- non sono persone famosissi[me,]	la traduzione italiana, e io non mi ricordo nemmeno di chi è, perché so- non sono persone famosissi[me],	la traduzione italiana e io non mi ricordo nemmeno di chi è perché so- non sono persone famosissime
369	BZ001	1175.001	1175.361	0.36	True	_	0	0	0	0	0	0	0	0	0	False	False	False	False	False	False	False	_	0	0	0	2	[mh=]mh.	[mh=]mh.	mh mh
370	BZ007	1175.593	1178.13	2.537	True	_	0	0	0	0	0	0	0	0	0	False	False	False	False	False	False	False	_	0	0	0	6	ma han praticamente, scritto una poesia.	ma han praticamente, scritto una poesia.	ma han praticamente scritto una poesia
371	BZ007	1178.131	1181.57	3.439	True	_	0	0	0	0	0	0	0	0	0	False	False	False	False	False	False	False	_	0	0	0	11	cioè: e: ripeto, non era brutto il testo di elton john,	cioè: e: ripeto, non era brutto il testo di elton john,	cioè e ripeto non era brutto il testo di elton john
372	BZ007	1181.801	1183.161	1.36	True	_	0	0	0	0	0	0	0	0	0	False	False	False	False	False	False	False	_	0	0	0	5	ma quello in italiano proprio	ma quello in italiano proprio	ma quello in italiano proprio
373	BZ007	1183.511	1188.281	4.77	True	_	0	0	0	0	0	0	0	1	0	False	False	False	False	False	False	False	_	0	0	0	15	tocca: nel profondo, le [perso]ne no? quindi sì. que[sto, devo] dire, questo, questo lo fa[ccio.]	tocca: nel profondo, le [perso]ne no? quindi sì. que[sto, devo] dire, questo, questo lo fa[ccio].	tocca nel profondo le persone no quindi sì questo devo dire questo questo lo faccio
374	BZ001	1185.036	1185.356	0.32	True	_	0	0	0	0	0	0	0	1	0	False	False	False	False	False	False	False	_	0	0	0	2	[mh=mh,]	[mh=mh],	mh mh
375	BZ001	1186.63	1187.076	0.446	True	_	0	0	0	0	0	0	0	1	0	False	False	False	False	False	False	False	_	0	0	0	1	[certo.]	[certo].	certo
376	BZ001	1187.966	1188.266	0.3	True	_	0	0	0	0	0	0	0	1	0	False	False	False	False	False	False	False	_	0	0	0	1	[mh.]	[mh].	mh
377	BZ007	1188.546	1192.096	3.55	True	_	0	0	0	0	0	0	0	0	0	False	False	False	False	False	False	False	_	0	0	0	14	però vedi, purtroppo arrivo sempre a dire, eh mi piace di più in italiano.	però vedi, purtroppo arrivo sempre a dire, eh mi piace di più in italiano.	però vedi purtroppo arrivo sempre a dire eh mi piace di più in italiano
378	BZ001	1192.101	1193.481	1.38	True	_	0	0	0	0	0	0	0	0	0	False	False	False	False	False	False	False	_	0	0	0	4	eh [va be' inso]mma.	eh [va be' inso]mma.	eh va be' insomma
379	BZ007	1192.291	1193.111	0.82	True	_	0	0	0	0	0	0	0	1	0	False	False	False	False	False	False	False	_	0	1	0	2	[eh però,] ((ridendo))	[eh però], ((ridendo))	eh però ((ridendo))
380	BZ007	1193.501	1197.021	3.52	True	_	0	0	0	0	0	0	0	0	0	False	False	False	False	False	False	False	_	0	0	0	11	però:  sa[rà de]formazione:, li- è la nos[tra lin]gua, quindi per forza.	però: sa[rà de]formazione:, li- è la nos[tra lin]gua, quindi per forza.	però sarà deformazione li- è la nostra lingua quindi per forza
381	BZ001	1194.101	1194.621	0.52	True	_	0	0	0	0	0	0	0	1	0	False	False	False	False	False	False	False	_	0	0	0	1	[certo.]	[certo].	certo
382	BZ001	1196.211	1196.6	0.389	True	_	0	0	0	0	0	0	0	0	0	False	False	False	False	False	False	False	_	0	1	0	0	[((ride piano))]	[((ride_piano))]	((ride_piano))
383	BZ001	1197.371	1204.011	6.64	True	_	0	0	0	0	0	0	0	0	0	False	False	False	False	False	False	False	_	0	0	0	19	e invece:: letteratura, tu sei anche appassionata di: letteratura, di narrativa,  hai mai letto qualcosa: in un'altra lingua?	e invece:: letteratura, tu sei anche appassionata di: letteratura, di narrativa, hai mai letto qualcosa: in un'altra lingua?	e invece letteratura tu sei anche appassionata di letteratura di narrativa hai mai letto qualcosa in un' altra lingua
384	BZ007	1204.701	1204.981	0.28	True	_	0	0	0	0	0	0	0	0	0	False	False	False	False	False	False	False	_	0	0	0	1	no,	no,	no
385	BZ001	1205.396	1207.536	2.14	True	_	0	0	0	0	0	0	0	0	0	False	False	False	False	False	False	False	_	0	1	0	4	no [anche xxxxx ma perché ((ride))]	no [anche xxxxx ma perché ((ride))]	no anche xxxxx ma perché ((ride))
386	BZ007	1205.401	1209.64	4.239	True	_	1	0	0	0	0	0	0	0	0	False	False	False	False	False	False	False	_	1	0	1, costretta..	8	[che vergogna. (.) mai cioè:]  solo se ero costre[tta. .h]	[che vergogna. (.) mai cioè:] solo se ero costre[tta.. h]	che vergogna (.) mai cioè solo se ero costretta.. h
387	BZ001	1209.265	1209.645	0.38	True	_	0	0	0	0	0	0	0	1	0	False	False	False	False	False	False	False	_	0	0	0	2	[mh=mh,]	[mh=mh],	mh mh
388	BZ007	1209.87	1212.5	2.63	True	_	0	0	0	0	0	1	0	0	0	False	False	False	False	False	False	False	_	0	0	0	10	quando leggo poi ancora più che quando guardo un film.=	quando leggo poi ancora più che quando guardo un film.	quando leggo poi ancora più che quando guardo un film
389	BZ001	1212.515	1212.845	0.33	True	_	0	0	0	0	0	1	0	0	0	False	False	False	False	False	False	False	_	0	0	0	2	=mh=mh.	mh=mh.	mh mh
390	BZ007	1212.855	1215.06	2.205	True	_	0	0	0	0	0	0	0	1	0	False	False	False	False	False	False	False	_	0	0	0	8	proprio quello è un momento mio di estranea[mento,]	proprio quello è un momento mio di estranea[mento],	proprio quello è un momento mio di estraneamento
391	BZ001	1214.56	1215.05	0.49	True	_	0	0	0	0	0	0	0	1	0	False	False	False	False	False	False	False	_	0	0	0	1	[certo.]	[certo].	certo
392	BZ007	1215.06	1216.037	0.977	True	_	0	0	0	0	0	0	0	0	0	False	False	False	False	False	False	False	_	0	0	0	4	e lo devo fare,	e lo devo fare,	e lo devo fare
393	BZ007	1216.067	1218.277	2.21	True	_	1	0	0	0	0	0	0	0	0	False	False	False	False	False	False	False	_	0	0	0	4	eh adesso non: .hh	eh adesso non:. hh	eh adesso non hh
394	BZ007	1218.302	1222.11	3.808	True	_	1	0	0	0	0	0	0	0	0	False	False	False	False	False	False	False	_	0	0	0	11	non è, non è corretto, eh? cioè mi rendo [conto eh:::: ]	non è, non è corretto, eh? cioè mi rendo [conto eh::::]	non è non è corretto eh cioè mi rendo conto eh
395	BZ001	1220.497	1222.977	2.48	True	_	0	0	0	0	0	0	0	1	0	False	False	False	False	False	False	False	_	0	0	0	10	[no be' ma perché, insomma cioè è] giusto che ogn[uno,]	[no be' ma perché, insomma cioè è] giusto che ogn[uno],	no be' ma perché insomma cioè è giusto che ognuno
396	BZ007	1222.777	1223.31	0.533	True	_	0	0	0	0	0	0	0	1	True	False	False	False	False	False	False	False	_	0	0	0	1	[sì:.]	[sì:].	sì
397	BZ001	1223.307	1223.917	0.61	True	_	0	0	0	0	0	0	0	0	True	False	False	False	False	False	False	False	396=0.003	0	0	0	2	non è::	non è::	non è
398	BZ007	1223.922	1226.702	2.78	True	_	0	0	0	0	0	0	0	0	0	False	False	False	False	False	False	False	_	0	0	0	9	mi dispiace perché credo che mi arricchirebbe anche tanto,	mi dispiace perché credo che mi arricchirebbe anche tanto,	mi dispiace perché credo che mi arricchirebbe anche tanto
399	BZ007	1226.972	1231.242	4.27	True	_	0	0	0	0	0	0	0	0	0	False	False	False	False	False	False	False	_	0	0	0	13	però non:: non lo faccio vol[entieri]. non leggo volentieri in altre lingue. no.	però non:: non lo faccio vol[entieri]. non leggo volentieri in altre lingue. no.	però non non lo faccio volentieri non leggo volentieri in altre lingue no
400	BZ001	1228.457	1229.007	0.55	True	_	0	0	0	0	0	0	0	1	0	False	False	False	False	False	False	False	_	0	0	0	2	[mh=mh,]	[mh=mh],	mh mh
401	BZ007	1232.297	1233.037	0.74	True	_	0	0	0	0	0	0	0	0	True	False	False	False	False	False	False	False	402=0.010	0	0	0	3	ahi ahi ahi.	ahi ahi ahi.	ahi ahi ahi
402	BZ001	1233.027	1239.47	6.443	True	_	0	0	0	0	0	0	0	0	True	False	False	False	False	False	False	False	_	0	0	0	20	no [però io in realtà ti] capisco. per esempio [io ten]do a leggere più in: in inglese tendenzialmente, la saggistica,	no [però io in realtà ti] capisco. per esempio [io ten]do a leggere più in: in inglese tendenzialmente, la saggistica,	no però io in realtà ti capisco per esempio io tendo a leggere più in in inglese tendenzialmente la saggistica
403	BZ007	1233.252	1234.222	0.97	True	_	0	0	0	0	0	0	0	1	0	False	False	False	False	False	False	False	_	0	0	0	3	[perdo mille punti.]	[perdo mille punti].	perdo mille punti
404	BZ007	1235.348	1235.648	0.3	True	_	0	0	0	0	0	0	0	1	0	False	False	False	False	False	False	False	_	0	0	0	1	[eh,]	[eh],	eh
405	BZ007	1239.648	1240.228	0.58	True	_	0	0	0	0	0	1	0	0	0	False	False	False	False	False	False	False	_	0	0	0	2	ah sì?=	ah sì?	ah sì
406	BZ001	1240.238	1241.638	1.4	True	_	0	0	0	0	0	1	0	0	0	False	False	False	False	False	False	False	_	0	0	0	4	=dove magari la lingua,	dove magari la lingua,	dove magari la lingua
407	BZ001	1242.158	1246.09	3.932	True	_	0	0	0	0	0	1	0	0	0	False	False	False	False	False	False	False	_	1	0	0	12	e (.) la voce dell'autore, è un aspetto secondario rispetto alla narrativa.=	e (.) la voce dell'autore, è un aspetto secondario rispetto alla narrativa.	e (.) la voce dell' autore è un aspetto secondario rispetto alla narrativa
408	BZ001	1246.093	1250.66	4.567	True	_	0	0	0	0	0	1	0	0	0	False	False	False	False	False	False	False	_	1	0	0	17	=[la narrati]va anch'io tendo a leggerla, in italiano. (.) per il discorso che facevi tu prima [su:l],	[la narrati]va anch'io tendo a leggerla, in italiano. (.) per il discorso che facevi tu prima [su:l],	la narrativa anch' io tendo a leggerla in italiano (.) per il discorso che facevi tu prima sul
409	BZ007	1246.103	1246.463	0.36	True	_	0	0	0	0	0	0	0	1	0	False	False	False	False	False	False	False	_	0	0	0	1	[ah.]	[ah].	ah
410	BZ007	1249.966	1250.666	0.7	True	_	0	0	0	0	0	0	0	1	0	False	False	False	False	False	False	False	_	0	0	0	2	[eh vedi.]	[eh vedi].	eh vedi
411	BZ001	1250.876	1252.856	1.98	True	_	0	0	0	0	0	1	0	0	True	False	False	False	False	False	False	False	412=0.020	0	0	0	5	doversi concentrare troppo sulla comprensione.=	doversi concentrare troppo sulla comprensione.	doversi concentrare troppo sulla comprensione
412	BZ007	1252.836	1253.166	0.33	True	_	0	0	0	0	0	1	0	1	True	False	False	False	False	False	False	False	_	0	0	0	2	=eh [sì.]	eh [sì].	eh sì
413	BZ001	1253.011	1256.601	3.59	True	_	0	0	0	0	0	0	0	0	0	False	False	False	False	False	False	False	_	0	0	0	11	[e] la saggistica dove magari l'aspetto stilistico è comunque, marginale,	[e] la saggistica dove magari l'aspetto stilistico è comunque, marginale,	e la saggistica dove magari l' aspetto stilistico è comunque marginale
414	BZ001	1256.956	1261.646	4.69	True	_	0	0	0	0	0	0	0	0	0	False	False	False	False	False	False	False	_	1	0	0	16	ho più facilità nel leggere, in inglese no? [dove conta di più] (.) il solo contenuto diciamo.	ho più facilità nel leggere, in inglese no? [dove conta di più] (.) il solo contenuto diciamo.	ho più facilità nel leggere in inglese no dove conta di più (.) il solo contenuto diciamo
415	BZ007	1259.161	1260.131	0.97	True	_	0	0	0	0	0	0	0	1	0	False	False	False	False	False	False	False	_	0	0	0	3	[sì=sì=sì.]	[sì=sì=sì].	sì sì sì
416	BZ007	1261.661	1262.201	0.54	True	_	0	0	0	0	0	0	0	1	0	False	False	False	False	False	False	False	_	0	0	0	1	cer[to.]	cer[to].	certo
417	BZ001	1261.941	1266.59	4.649	True	_	0	0	0	0	0	0	0	2	0	False	False	False	False	False	False	False	_	0	0	0	23	[quin]di ti capisco in realtà >ma,< non penso che ci sia un: un giusto uno sbagliato, era [solo] una curiosità che ti chie[do.]	[quin]di ti capisco in realtà >ma<, non penso che ci sia un: un giusto uno sbagliato, era [solo] una curiosità che ti chie[do].	quindi ti capisco in realtà ma non penso che ci sia un un giusto uno sbagliato era solo una curiosità che ti chiedo
418	BZ007	1265.181	1265.501	0.32	True	_	0	0	0	0	0	0	0	1	0	False	False	False	False	False	False	False	_	0	0	0	1	[no.]	[no].	no
419	BZ007	1266.416	1267.866	1.45	True	_	0	0	0	0	0	0	0	0	0	False	False	False	False	False	False	False	_	0	0	0	2	[cer]to, [cer]to.	[cer]to, [cer]to.	certo certo
420	BZ001	1267.151	1267.541	0.39	True	_	0	0	0	0	0	0	0	0	0	False	False	False	False	False	False	False	_	0	0	0	1	[(certo.)]	[(certo.)]	certo
421	BZ001	1268.891	1278.601	9.71	True	_	0	0	0	0	0	0	0	0	0	False	False	False	False	False	False	False	_	0	0	0	33	e: mah, nella tua famiglia invece? mh gli altri membri della tua famiglia, parlano altre lingue? hai detto che tua sorella: studia lingue, che rapporto c'è in famiglia con le lingue altre?	e: mah, nella tua famiglia invece? mh gli altri membri della tua famiglia, parlano altre lingue? hai detto che tua sorella: studia lingue, che rapporto c'è in famiglia con le lingue altre?	e mah nella tua famiglia invece mh gli altri membri della tua famiglia parlano altre lingue hai detto che tua sorella studia lingue che rapporto c' è in famiglia con le lingue altre
422	BZ007	1278.776	1281.646	2.87	True	_	0	0	0	0	0	0	0	0	0	False	False	False	False	False	False	False	_	0	0	0	6	be' allora mh: sì. diciamo che,	be' allora mh: sì. diciamo che,	be' allora mh sì diciamo che
423	BZ007	1282.951	1284.621	1.67	True	_	0	0	1	0	0	0	0	0	0	False	False	False	False	False	False	False	_	0	0	0	6	be' è interessante perchè mia mamma,	be' è interessante perché mia mamma,	be' è interessante perché mia mamma
424	BZ007	1285.306	1290.636	5.33	True	_	1	0	0	0	0	0	0	0	0	False	False	False	False	False	False	False	_	0	0	1, dialetto..	17	adesso non più tanto. però quando: c'era ancora mia nonna, loro al telefono parlavano in diale[tto. .h]	adesso non più tanto. però quando: c'era ancora mia nonna, loro al telefono parlavano in diale[tto.. h]	adesso non più tanto però quando c' era ancora mia nonna loro al telefono parlavano in dialetto.. h
425	BZ001	1290.151	1290.631	0.48	True	_	0	0	0	0	0	0	0	1	0	False	False	False	False	False	False	False	_	0	0	0	1	[eh.]	[eh].	eh
426	BZ007	1290.671	1293.151	2.48	True	_	0	0	0	0	0	0	0	0	0	False	False	False	False	False	False	False	_	0	0	0	6	io il dialetto::: di mia ma[mma]	io il dialetto::: di mia ma[mma]	io il dialetto di mia mamma
427	BZ001	1292.771	1294.101	1.33	True	_	0	0	0	0	0	0	0	0	0	False	False	False	False	False	False	False	_	0	0	0	2	[ba]rese? pugliese?	[ba]rese? pugliese?	barese pugliese
428	BZ007	1294.221	1297.57	3.349	True	_	0	0	0	0	0	0	0	0	0	False	False	False	False	False	False	False	_	1	1	0	9	quasi neanche [perché]  lì (.) cambia da città a città, [((ride))]	quasi neanche [perché] lì (.) cambia da città a città, [((ride))]	quasi neanche perché lì (.) cambia da città a città ((ride))
429	BZ001	1294.996	1295.376	0.38	True	_	0	0	0	0	0	0	0	1	0	False	False	False	False	False	False	False	_	0	0	0	1	[okay.]	[okay].	okay
430	BZ001	1296.845	1297.58	0.735	True	_	0	0	0	0	0	0	0	1	0	False	False	False	False	False	False	False	_	0	0	0	2	[(ma) certo.]	[(ma) certo].	ma certo
431	BZ001	1297.58	1299.94	2.36	True	_	0	0	0	0	0	0	0	1	0	False	False	False	False	False	False	False	_	0	0	0	1	[certo.]	[certo].	certo
432	BZ007	1297.585	1299.945	2.36	True	_	0	0	0	0	0	0	0	0	0	False	False	False	False	False	False	False	_	0	0	0	7	[e qui]ndi non è neanche proprio barese,	[e qui]ndi non è neanche proprio barese,	e quindi non è neanche proprio barese
433	BZ007	1300.095	1305.465	5.37	True	_	0	0	1	0	0	0	0	0	0	False	False	False	False	False	False	False	_	0	0	0	15	e::: e lei ci tiene sempre a sottolinearlo no? eh sì, perchè è [diverso] eh.	e::: e lei ci tiene sempre a sottolinearlo no? eh sì, perché è [diverso] eh.	e e lei ci tiene sempre a sottolinearlo no eh sì perché è diverso eh
434	BZ001	1304.24	1304.89	0.65	True	_	0	0	0	0	0	0	0	1	0	False	False	False	False	False	False	False	_	0	0	0	2	[(eh) certo.]	[(eh) certo].	eh certo
435	BZ007	1305.48	1307.82	2.34	True	_	0	0	0	0	0	0	0	0	0	False	False	False	False	False	False	False	_	0	0	0	6	e::: però è vero. io infatti,	e::: però è vero. io infatti,	e però è vero io infatti
436	BZ007	1308.27	1314.22	5.95	True	_	0	0	0	0	0	0	0	0	0	False	False	False	False	False	False	False	_	0	0	0	20	questo mi piaceva molto, ascoltarla, e cercare di capi- ma da subito eh? da piccola piccola. io mi ricordo che	questo mi piaceva molto, ascoltarla, e cercare di capi- ma da subito eh? da piccola piccola. io mi ricordo che	questo mi piaceva molto ascoltarla e cercare di capi- ma da subito eh da piccola piccola io mi ricordo che
437	BZ007	1314.375	1318.735	4.36	True	_	0	0	0	0	0	0	0	0	0	False	False	False	False	False	False	True	_	1	0	0	19	eh lei ogni sera parlava con mia nonna. [(.)] quindi io stavo sempre lì un po' curios(o) a dire, mh	eh lei ogni sera parlava con mia nonna. [(.)] quindi io stavo sempre lì un po' curios(o) a dire, mh	eh lei ogni sera parlava con mia nonna (.) quindi io stavo sempre lì un po' curioso a dire mh
438	BZ007	1319.065	1320.255	1.19	True	_	0	0	0	0	0	0	0	0	0	False	False	False	False	False	False	False	_	0	0	0	3	ho capito tutto.	ho capito tutto.	ho capito tutto
439	BZ007	1320.33	1324.76	4.43	True	_	0	0	0	0	0	0	0	1	0	False	False	False	False	False	False	False	_	0	0	0	11	>ora i-< vedo che ancora mio padre, non capisce molto spe[sso.]	>ora i-< vedo che ancora mio padre, non capisce molto spe[sso].	ora i- vedo che ancora mio padre non capisce molto spesso
440	BZ001	1324.131	1324.492	0.361	True	_	0	0	0	0	0	0	0	1	0	False	False	False	False	False	False	False	_	0	0	0	1	[mh.]	[mh].	mh
441	BZ007	1324.775	1329.855	5.08	True	_	0	0	0	0	0	0	0	0	0	False	False	False	False	False	False	False	_	0	0	0	14	anche quando andiamo a trovare i parenti magari più anziani, che parlano proprio stretto,	anche quando andiamo a trovare i parenti magari più anziani, che parlano proprio stretto,	anche quando andiamo a trovare i parenti magari più anziani che parlano proprio stretto
442	BZ007	1329.885	1336.615	6.73	True	_	0	0	0	0	0	0	0	0	0	False	False	False	False	False	False	False	_	0	0	0	25	mio padre mi guarda come per dire, oh non si capisce no-, invece io dico, no no, io [ho capi]to sai? ho capito, praticamente tutto.	mio padre mi guarda come per dire, oh non si capisce no-, invece io dico, no no, io [ho capi]to sai? ho capito, praticamente tutto.	mio padre mi guarda come per dire oh non si capisce no- invece io dico no no io ho capito sai ho capito praticamente tutto
443	BZ001	1334.772	1335.175	0.403	True	_	0	0	0	0	0	0	0	1	0	False	False	False	False	False	False	False	_	0	0	0	2	[mh=mh,]	[mh=mh],	mh mh
444	BZ007	1336.7	1338.82	2.12	True	_	0	0	0	0	0	0	0	0	0	False	False	False	False	False	False	False	_	0	0	0	6	e:, mi piace questa cosa perché	e:, mi piace questa cosa perché	e mi piace questa cosa perché
445	BZ007	1339.07	1343.15	4.08	True	_	0	0	0	0	0	0	0	0	True	False	False	False	False	False	False	False	446=0.010	0	0	0	11	tsk faccio anche, meno fatica a capire, altri dialetti simili no?	tsk faccio anche, meno fatica a capire, altri dialetti simili no?	tsk faccio anche meno fatica a capire altri dialetti simili no
446	BZ001	1343.14	1343.66	0.52	True	_	0	0	0	0	0	0	0	1	True	False	False	False	False	False	False	False	_	0	0	0	1	[okay,]	[okay],	okay
447	BZ007	1343.15	1346.88	3.73	True	_	0	0	0	0	0	0	0	0	0	False	False	False	False	False	False	False	_	0	0	0	11	[simili] poi no, però per dire, già i dialetti del sud,	[simili] poi no, però per dire, già i dialetti del sud,	simili poi no però per dire già i dialetti del sud
448	BZ007	1347.725	1354.005	6.28	True	_	0	0	0	0	0	0	0	0	0	False	False	False	False	False	False	False	_	0	0	0	17	molto, capisco molto. per assurdo capisco meno, il veneto, [qu- ques]to altro genere di dialetto qui, però	molto, capisco molto. per assurdo capisco meno, il veneto, [qu- ques]to altro genere di dialetto qui, però	molto capisco molto per assurdo capisco meno il veneto qu- questo altro genere di dialetto qui però
449	BZ001	1351.696	1352.174	0.478	True	_	0	0	0	0	0	0	0	1	0	False	False	False	False	False	False	False	_	0	0	0	2	[mh=mh,]	[mh=mh],	mh mh
450	BZ007	1354.12	1355.87	1.75	True	_	0	0	0	0	0	0	0	0	0	False	False	False	False	False	False	False	_	0	0	0	6	quei dialetti st- lì li capisco.	quei dialetti st- lì li capisco.	quei dialetti st- lì li capisco
451	BZ007	1355.985	1362.475	6.49	True	_	0	0	0	0	0	0	0	0	0	False	False	False	False	False	False	False	_	1	0	0	18	e:: e quindi, però sì insomma poi adesso ho scoperto di recente, (.) che tutti i dialetti sono lingue.	e:: e quindi, però sì insomma poi adesso ho scoperto di recente, (.) che tutti i dialetti sono lingue.	e e quindi però sì insomma poi adesso ho scoperto di recente (.) che tutti i dialetti sono lingue
452	BZ001	1362.505	1362.875	0.37	True	_	0	0	0	0	0	0	0	0	0	False	False	False	False	False	False	False	_	0	0	0	2	mh=mh,	mh=mh,	mh mh
453	BZ007	1362.88	1370.26	7.38	True	_	0	0	0	0	0	0	0	0	0	False	False	False	False	False	False	False	_	0	0	0	20	questo io non lo sapevo. io credevo che gli unici dialetti, lingua, italiani, fossero il, il: salentino, e (il) sardo.	questo io non lo sapevo. io credevo che gli unici dialetti, lingua, italiani, fossero il, il: salentino, e (il) sardo.	questo io non lo sapevo io credevo che gli unici dialetti lingua italiani fossero il il salentino e il sardo
454	BZ007	1370.3	1372.89	2.59	True	_	0	0	0	0	0	0	0	0	0	False	False	False	False	False	False	False	_	0	0	0	6	[invece] no. adesso so- ho scoperto::	[invece] no. adesso so- ho scoperto::	invece no adesso so- ho scoperto
455	BZ001	1370.305	1370.635	0.33	True	_	0	0	0	0	0	0	0	1	0	False	False	False	False	False	False	False	_	0	0	0	2	[mh=mh,]	[mh=mh],	mh mh
456	BZ007	1373.305	1376.645	3.34	True	_	0	0	0	0	0	0	0	0	0	False	False	False	False	False	False	False	_	0	0	0	9	eh: che tutti i dialetti sono considerati delle lingue.	eh: che tutti i dialetti sono considerati delle lingue.	eh che tutti i dialetti sono considerati delle lingue
457	BZ007	1376.78	1380.42	3.64	True	_	0	0	0	0	0	0	0	0	0	False	False	False	False	False	False	False	_	0	0	0	9	e non è sbagliato in effetti eh? perché proprio:	e non è sbagliato in effetti eh? perché proprio:	e non è sbagliato in effetti eh perché proprio
458	BZ007	1380.85	1391.3	10.45	True	_	0	0	0	0	0	0	0	0	0	False	False	False	False	False	False	False	_	0	0	0	34	eh il mio, collega di lavoro che è lombardo, mi diceva che loro come i francesi mettono la negazione in fondo no? quindi cambia proprio la fra- [>cioè< eh] scusa la struttura della frase.	eh il mio, collega di lavoro che è lombardo, mi diceva che loro come i francesi mettono la negazione in fondo no? quindi cambia proprio la fra- [>cioè< eh] scusa la struttura della frase.	eh il mio collega di lavoro che è lombardo mi diceva che loro come i francesi mettono la negazione in fondo no quindi cambia proprio la fra- cioè eh scusa la struttura della frase
459	BZ001	1388.961	1389.45	0.489	True	_	0	0	0	0	0	0	0	0	0	False	False	False	False	False	False	False	_	0	0	0	2	[(sì be')]	[(sì be')]	sì be'
460	BZ007	1391.8	1394.56	2.76	True	_	0	0	0	0	0	0	0	0	0	False	False	False	False	False	False	False	_	0	0	0	6	e effettivamente allora sì. certo che [xxxx]	e effettivamente allora sì. certo che [xxxx]	e effettivamente allora sì certo che xxxx
461	BZ001	1393.6	1399.3	5.7	True	_	0	0	0	0	0	0	0	0	0	False	False	False	False	False	False	False	_	0	0	0	21	[certo sì. é: è un] sistema linguistico coerente al suo interno e funzionale. poi  il fatto che uno sia lo standard	[certo sì. é: è un] sistema linguistico coerente al suo interno e funzionale. poi il fatto che uno sia lo standard	certo sì é è un sistema linguistico coerente al suo interno e funzionale poi il fatto che uno sia lo standard
462	BZ001	1399.665	1401.395	1.73	True	_	0	0	0	0	0	0	0	0	0	False	False	False	False	False	False	False	_	0	0	0	7	è è un fattore non linguistico ma,	è è un fattore non linguistico ma,	è è un fattore non linguistico ma
463	BZ001	1401.7	1406.47	4.77	True	_	0	0	0	0	0	0	0	0	0	False	False	False	False	False	False	False	_	0	0	0	11	socioculturale no? [che quel] quella varietà di italiano sia diventata standard,	socioculturale no? [che quel] quella varietà di italiano sia diventata standard,	socioculturale no che quel quella varietà di italiano sia diventata standard
464	BZ007	1402.757	1403.32	0.563	True	_	0	0	0	0	0	0	0	1	0	False	False	False	False	False	False	False	_	0	0	0	1	[okay.]	[okay].	okay
465	BZ001	1406.855	1411.255	4.4	True	_	0	0	0	0	0	0	0	1	0	False	False	False	False	False	False	False	_	0	0	1, linguistico,,	14	non perché è in nessun modo migliore o diver[sa, ma è] (sempre) un sistema lingui[stico,],	non perché è in nessun modo migliore o diver[sa, ma è] (sempre) un sistema lingui[stico],,	non perché è in nessun modo migliore o diversa ma è sempre un sistema linguistico,,
466	BZ007	1408.815	1409.465	0.65	True	_	0	0	0	0	0	0	0	1	0	False	False	False	False	False	False	False	_	0	0	0	3	[no no no.]	[no no no].	no no no
467	BZ007	1410.623	1411.249	0.626	True	_	0	0	0	0	0	0	0	1	0	False	False	False	False	False	False	False	_	0	0	0	1	[certo.]	[certo].	certo
468	BZ001	1411.33	1414.3	2.97	True	_	0	0	0	0	0	0	0	0	0	False	False	False	False	False	False	False	_	0	0	0	13	però i percorsi storici diciamo l'hanno [portato poi] ad essere, lo standard,	però i percorsi storici diciamo l'hanno [portato poi] ad essere, lo standard,	però i percorsi storici diciamo l' hanno portato poi ad essere lo standard
469	BZ007	1412.974	1413.474	0.5	True	_	0	0	0	0	0	0	0	1	0	False	False	False	False	False	False	False	_	0	0	0	1	[certo.]	[certo].	certo
470	BZ007	1414.525	1416.295	1.77	True	_	0	0	0	0	0	0	0	0	0	False	False	False	False	False	False	False	_	0	0	0	8	ma mi confermi che i dialetti sono lingue.	ma mi confermi che i dialetti sono lingue.	ma mi confermi che i dialetti sono lingue
471	BZ001	1416.295	1422.155	5.86	True	_	0	0	0	0	0	0	0	0	0	False	False	False	False	True	False	False	472=0.510,473=3.259	0	0	0	14	sì in realtà è un tema vastissimo, [xxx un po' xx poi in realtà: sì sì]	sì in realtà è un tema vastissimo, [xxx un po' xx poi in realtà: sì sì]	sì in realtà è un tema vastissimo xxx un po' xx poi in realtà sì sì
472	BZ007	1417.961	1418.471	0.51	True	_	0	0	0	0	0	0	0	1	0	False	False	False	False	False	False	False	_	0	0	0	1	[ecco.]	[ecco].	ecco
473	BZ007	1418.896	1422.189	3.293	True	_	0	0	0	0	0	0	0	0	0	False	False	False	False	False	False	False	_	0	0	0	13	[no perché mi hanno: mi hannno bastonata] perché ho detto  ma no no,	[no perché mi hanno: mi hannno bastonata] perché ho detto ma no no,	no perché mi hanno mi hannno bastonata perché ho detto ma no no
474	BZ007	1422.4	1428.32	5.92	True	_	0	0	0	0	0	0	0	2	0	False	False	False	False	False	False	False	_	1	1	0	18	però erano due linguisti >e ho detto,< sì invece. allo- allora: scusate. ((ride)) [(io) non lo sapevo, (.) è così.]	però erano due linguisti >e ho detto<, sì invece. allo- allora: scusate. ((ride)) [(io) non lo sapevo, (.) è così].	però erano due linguisti e ho detto sì invece allo- allora scusate ((ride)) io non lo sapevo (.) è così
475	BZ001	1426.25	1428.32	2.07	True	_	0	0	0	0	0	0	0	0	0	False	False	False	False	False	False	False	_	0	0	0	5	[no no, sì certo, ogni:::]	[no no, sì certo, ogni:::]	no no sì certo ogni
476	BZ001	1428.585	1433.62	5.035	True	_	0	0	0	0	0	0	0	0	0	False	False	False	False	False	True	False	477=0.168	1	0	0	13	eh la distinzione tra, dialetto e lingua appunto, è di tipo, (.) extralinguistico ecco.	eh la distinzione tra, dialetto e lingua appunto, è di tipo, (.) extralinguistico ecco.	eh la distinzione tra dialetto e lingua appunto è di tipo (.) extralinguistico ecco
477	BZ007	1433.452	1434.06	0.608	True	_	0	0	0	0	0	0	0	1	True	False	False	False	False	False	False	False	_	0	0	0	2	ho capi[to.]	ho capi[to].	ho capito
478	BZ001	1433.977	1435.85	1.873	True	_	0	0	0	0	0	0	0	1	0	False	False	False	False	False	False	False	_	0	0	0	4	[pe]rò: sono sistemi linguistici[::,]	[pe]rò: sono sistemi linguistici[::],	però sono sistemi linguistici
479	BZ007	1435.69	1437.183	1.493	True	_	0	0	0	0	0	0	0	0	0	False	False	False	False	False	False	False	_	0	0	0	3	[so]no sistemi linguistici.	[so]no sistemi linguistici.	sono sistemi linguistici
480	BZ007	1437.183	1442.368	5.185	True	_	1	0	0	0	0	0	0	0	0	False	False	False	False	False	False	False	_	1	0	1, interessante..	12	eh questo è interessante. .h e quindi sì (.) da lei sentivo questo eh:	eh questo è interessante.. h e quindi sì (.) da lei sentivo questo eh:	eh questo è interessante.. h e quindi sì (.) da lei sentivo questo eh
481	BZ007	1442.583	1447.623	5.04	True	_	0	0	0	0	0	0	0	0	0	False	False	False	False	False	False	False	_	0	0	0	20	poi appunto i miei genitori anche pa- sanno il tedesco, ma proprio per questioni più professionali, [quindi non] è che,	poi appunto i miei genitori anche pa- sanno il tedesco, ma proprio per questioni più professionali, [quindi non] è che,	poi appunto i miei genitori anche pa- sanno il tedesco ma proprio per questioni più professionali quindi non è che
482	BZ001	1446.713	1447.043	0.33	True	_	0	0	0	0	0	0	0	1	0	False	False	False	False	False	False	False	_	0	0	0	2	[mh=mh,]	[mh=mh],	mh mh
483	BZ007	1447.733	1450.843	3.11	True	_	0	0	0	0	0	0	0	0	0	False	False	False	False	False	False	False	_	0	0	0	7	eh:: sia un argomento tanto toccato no?	eh:: sia un argomento tanto toccato no?	eh sia un argomento tanto toccato no
484	BZ007	1450.908	1457.093	6.185	True	_	0	0	0	0	0	0	0	0	0	False	False	False	False	False	False	False	_	0	0	0	14	invece forse le discussioni più accese sono con mia so[rella] che, studiando lingue: eh::m	invece forse le discussioni più accese sono con mia so[rella] che, studiando lingue: eh::m	invece forse le discussioni più accese sono con mia sorella che studiando lingue ehm
485	BZ001	1454.308	1454.638	0.33	True	_	0	0	0	0	0	0	0	1	0	False	False	False	False	False	False	False	_	0	0	0	2	[mh=mh,]	[mh=mh],	mh mh
486	BZ007	1457.523	1459.873	2.35	True	_	0	0	0	0	0	0	0	0	0	False	False	False	False	False	False	False	_	0	0	0	5	molto spesso, appunto per esempio	molto spesso, appunto per esempio	molto spesso appunto per esempio
487	BZ007	1460.178	1468.388	8.21	True	_	0	0	0	0	0	0	0	1	0	False	False	False	False	False	False	False	_	0	1	0	28	io non posso cantare una, canticchiare una canzone in inglese dove non so le parole no? però tu sai, te le inventi [no? vengono fuori no?] ((ride)) le parole	io non posso cantare una, canticchiare una canzone in inglese dove non so le parole no? però tu sai, te le inventi [no? vengono fuori no]? ((ride)) le parole	io non posso cantare una canticchiare una canzone in inglese dove non so le parole no però tu sai te le inventi no vengono fuori no ((ride)) le parole
488	BZ001	1466.06	1467.506	1.446	True	_	0	0	0	0	0	0	0	1	0	False	False	False	False	False	False	False	_	1	0	0	4	[m=mh, certo. (.) sì.]	[m=mh, certo. (.) sì].	m mh certo (.) sì
489	BZ007	1468.52	1471.7	3.18	True	_	0	0	0	0	0	0	0	0	0	False	False	False	False	False	False	False	_	0	0	0	13	e la- la vedo proprio che storce il naso, [dice, ma] hai detto,	e la- la vedo proprio che storce il naso, [dice, ma] hai detto,	e la- la vedo proprio che storce il naso dice ma hai detto
490	BZ001	1470.468	1470.946	0.478	True	_	0	0	0	0	0	0	0	1	0	False	False	False	False	False	False	False	_	0	1	1, h.h	0	[.hh] ((ride))	[h.h] ((ride))	h.h ((ride))
491	BZ007	1471.74	1474.98	3.24	True	_	0	0	0	0	0	0	0	0	0	False	False	False	False	False	False	False	_	0	0	0	11	non hai detto praticamente nulla. no ma perché poi lei anche	non hai detto praticamente nulla. no ma perché poi lei anche	non hai detto praticamente nulla no ma perché poi lei anche
492	BZ007	1475.389	1479.119	3.73	True	_	0	0	0	0	0	0	0	0	0	False	False	False	False	False	False	False	_	0	0	0	12	scrive le canzoni [in ingle]se no, perché lei ha anche questa passione,	scrive le canzoni [in ingle]se no, perché lei ha anche questa passione,	scrive le canzoni in inglese no perché lei ha anche questa passione
493	BZ001	1476.248	1476.801	0.553	True	_	0	0	0	0	0	0	0	1	0	False	False	False	False	False	False	False	_	0	0	0	1	[certo.]	[certo].	certo
494	BZ007	1479.119	1481.93	2.811	True	_	0	0	0	0	0	0	0	0	0	False	False	False	False	False	False	False	_	0	0	0	7	è molto attenta quindi n[o? a que]sto.	è molto attenta quindi n[o? a que]sto.	è molto attenta quindi no a questo
495	BZ001	1480.9	1481.68	0.78	True	_	0	0	0	0	0	0	0	1	0	False	False	False	False	False	False	False	_	0	0	0	2	[mh=mh,]	[mh=mh],	mh mh
496	BZ007	1481.93	1485.584	3.654	True	_	0	0	0	0	0	0	0	1	0	False	False	False	False	False	False	False	_	0	0	0	11	.h e quando sento me, si fa quattro risate. però insomma	h. e quando sento me, si fa quattro risate. però insomma	h e quando sento me si fa quattro risate però insomma
497	BZ007	1485.727	1494.577	8.85	True	_	1	0	0	0	0	0	0	0	0	False	False	False	False	False	False	False	_	0	1	1, essere,.	24	cioè non lo so, io non è che sono sempre lì con le antenn[e, per ess]ere, .h impeccabile pure nelle mura domestiche ((ridendo)) cioè posso canticchiar[e::]	cioè non lo so, io non è che sono sempre lì con le antenn[e, per ess]ere,. h impeccabile pure nelle mura domestiche ((ridendo)) cioè posso canticchiar[e::]	cioè non lo so io non è che sono sempre lì con le antenne per essere,. h impeccabile pure nelle mura domestiche ((ridendo)) cioè posso canticchiare
498	BZ001	1489.207	1490.217	1.01	True	_	0	0	0	0	0	0	0	1	0	False	False	False	False	False	False	False	_	0	0	0	3	[va be' certo.]	[va be' certo].	va be' certo
499	BZ001	1494.247	1497.307	3.06	True	_	0	0	0	0	0	0	0	1	0	False	False	False	False	False	False	False	_	0	0	0	11	[ma ce]rto è un modo diverso di viver[si la cosa, no?]	[ma ce]rto è un modo diverso di viver[si la cosa, no]?	ma certo è un modo diverso di viversi la cosa no
500	BZ007	1495.937	1498.077	2.14	True	_	0	0	0	0	0	0	0	0	0	False	False	False	False	False	False	False	_	0	0	0	3	[sì::: ma inf]atti.	[sì::: ma inf]atti.	sì ma infatti
501	BZ007	1498.187	1505.957	7.77	True	_	1	0	0	0	0	0	0	0	0	False	True	False	False	False	False	False	_	1	0	1, appunto,.	20	no però appunto, .h lei proprio vedo che ha una grande facilità, <ma perché< (.) anche, diciamolo, la motivazione [no? l'int]eresse	no però appunto,. h lei proprio vedo che ha una grande facilità, <ma perché< (.) anche, diciamolo, la motivazione [no? l'int]eresse	no però appunto,. h lei proprio vedo che ha una grande facilità ma perché (.) anche diciamolo la motivazione no l' interesse
502	BZ001	1504.516	1504.983	0.467	True	_	0	0	0	0	0	0	0	1	0	False	False	False	False	False	False	False	_	0	0	0	2	[mh=mh,]	[mh=mh],	mh mh
503	BZ007	1506.31	1506.565	0.255	True	_	0	0	0	0	0	0	0	0	0	False	False	False	False	False	False	False	_	0	0	0	1	d-	d-	d-
504	BZ007	1506.927	1507.917	0.99	True	_	0	0	0	0	0	0	0	0	0	False	False	False	False	False	False	False	_	0	0	0	4	parte tutto da lì.	parte tutto da lì.	parte tutto da lì
505	BZ001	1507.952	1508.502	0.55	True	_	0	0	0	0	0	0	0	1	0	False	False	False	False	False	False	False	_	0	0	0	1	[certo.]	[certo].	certo
506	BZ007	1507.967	1515.682	7.715	True	_	0	0	0	0	0	0	0	0	0	False	False	False	False	False	False	False	_	1	0	0	18	[cioè] lei h proprio la curiosità di capir:e, di fa:re,  (.) eh di scrivere in quella lingua, quindi tsk	[cioè] lei h proprio la curiosità di capir:e, di fa:re, (.) eh di scrivere in quella lingua, quindi tsk	cioè lei h proprio la curiosità di capire di fare (.) eh di scrivere in quella lingua quindi tsk
507	BZ007	1516.012	1525.532	9.52	True	_	0	0	0	0	0	0	0	0	0	False	False	False	False	False	False	False	_	0	0	0	19	di conseguenza, eh::m è molto brava. e io: secondo me, un po' meno. pur, ripeto pur non essendo proprio:	di conseguenza, eh::m è molto brava. e io: secondo me, un po' meno. pur, ripeto pur non essendo proprio:	di conseguenza ehm è molto brava e io secondo me un po' meno pur ripeto pur non essendo proprio
508	BZ007	1526.072	1536.89	10.818	True	_	0	0	0	0	0	0	0	0	0	False	False	False	False	False	False	False	_	0	0	0	34	a livelli bassi >cioè< comunque pe- mi devo un po' sforzare no? soprattutto se magari sono proprio interessata a voler disco-  discorrere con questa persona. allora lì, esce proprio fuori bene la mia lingua.	a livelli bassi >cioè< comunque pe- mi devo un po' sforzare no? soprattutto se magari sono proprio interessata a voler disco- discorrere con questa persona. allora lì, esce proprio fuori bene la mia lingua.	a livelli bassi cioè comunque pe- mi devo un po' sforzare no soprattutto se magari sono proprio interessata a voler disco- discorrere con questa persona allora lì esce proprio fuori bene la mia lingua
509	BZ007	1537.13	1542.65	5.52	True	_	0	0	0	0	0	0	0	0	0	False	False	False	False	False	False	False	_	0	0	0	16	però: eh sì. devo dire che: è interessante la domanda, non ci ho mai riflettuto però,	però: eh sì. devo dire che: è interessante la domanda, non ci ho mai riflettuto però,	però eh sì devo dire che è interessante la domanda non ci ho mai riflettuto però
510	BZ007	1542.98	1548.76	5.78	True	_	0	0	0	0	0	0	0	1	0	False	False	False	False	False	False	False	_	0	0	0	21	io ho un po', un rapporto di amore odio secondo me [eh?] con le lingue, [con] col:le le lingue non mie.	io ho un po', un rapporto di amore odio secondo me [eh]? con le lingue, [con] col:le le lingue non mie.	io ho un po' un rapporto di amore odio secondo me eh con le lingue con colle le lingue non mie
511	BZ001	1545.976	1546.295	0.319	True	_	0	0	0	0	0	0	0	1	0	False	False	False	False	False	False	False	_	0	0	0	1	[mh.]	[mh].	mh
512	BZ001	1546.9	1547.389	0.489	True	_	0	0	0	0	0	0	0	1	0	False	False	False	False	False	False	False	_	0	0	0	2	[mh=mh,]	[mh=mh],	mh mh
513	BZ001	1549.05	1549.81	0.76	True	_	0	0	0	0	0	1	0	0	0	False	False	False	False	False	True	False	514=0.185	0	0	0	1	certo.=	certo.	certo
514	BZ007	1549.625	1549.865	0.24	True	_	0	0	0	0	0	1	0	0	0	False	False	False	False	False	True	False	513=0.185	0	0	0	1	=eh.	eh.	eh
515	BZ001	1549.975	1556.43	6.455	True	_	0	0	0	0	0	0	0	1	0	False	False	False	False	False	False	False	_	0	0	0	25	e il dialetto, faccio un passo indietro [perché mi] interessava, [hai detto che] lo capisci, hai mai provato a parlarlo anche? [coi parenti? ah okay.]	e il dialetto, faccio un passo indietro [perché mi] interessava, [hai detto che] lo capisci, hai mai provato a parlarlo anche? [coi parenti? ah okay].	e il dialetto faccio un passo indietro perché mi interessava hai detto che lo capisci hai mai provato a parlarlo anche coi parenti ah okay
516	BZ007	1551.74	1552.05	0.31	True	_	0	0	0	0	0	0	0	1	0	False	False	False	False	False	False	False	_	0	0	0	1	[eh.]	[eh].	eh
517	BZ007	1552.635	1553.025	0.39	True	_	0	0	0	0	0	0	0	1	0	False	False	False	False	False	False	False	_	0	0	0	1	[s::ì.]	[s::ì].	sì
518	BZ007	1554.99	1561.06	6.07	True	_	0	0	0	0	0	0	0	2	0	False	False	False	False	False	False	False	_	1	0	0	15	[sì sì. ci provo.] allora no attenzione, io ci provo per: (.) e::h per scherzare [no?]	[sì sì. ci provo]. allora no attenzione, io ci provo per: (.) e::h per scherzare [no]?	sì sì ci provo allora no attenzione io ci provo per (.) eh per scherzare no
519	BZ001	1560.425	1561.055	0.63	True	_	0	0	0	0	0	0	0	1	0	False	False	False	False	False	False	False	_	0	0	0	2	[mh=mh,]	[mh=mh],	mh mh
520	BZ007	1561.53	1570.68	9.15	True	_	1	0	0	0	0	0	0	0	0	False	False	False	False	False	False	False	_	0	0	0	33	ma mi viene bene in realtà. [potrei anche fa]rlo senza scherzare ora che ci penso. è che .h non me lo sento mio. quindi non, non  riuscirei a parlare in dialetto [coi par]enti.	ma mi viene bene in realtà. [potrei anche fa]rlo senza scherzare ora che ci penso. è che. h non me lo sento mio. quindi non, non riuscirei a parlare in dialetto [coi par]enti.	ma mi viene bene in realtà potrei anche farlo senza scherzare ora che ci penso è che h non me lo sento mio quindi non non riuscirei a parlare in dialetto coi parenti
521	BZ001	1562.995	1563.505	0.51	True	_	0	0	0	0	0	0	0	1	0	False	False	False	False	False	False	False	_	0	0	0	1	[okay.]	[okay].	okay
522	BZ001	1569.765	1570.135	0.37	True	_	0	0	0	0	0	0	0	1	0	False	False	False	False	False	False	False	_	0	0	0	2	[mh=mh,]	[mh=mh],	mh mh
523	BZ007	1570.755	1572.365	1.61	True	_	0	0	0	0	0	0	0	1	0	False	False	False	False	False	False	False	_	0	0	0	6	no. non l'ho mai [fatto.]	no. non l'ho mai [fatto].	no non l' ho mai fatto
524	BZ001	1571.595	1572.125	0.53	True	_	0	0	0	0	0	0	0	1	0	False	False	False	False	False	False	False	_	0	0	0	1	[okay.]	[okay].	okay
525	BZ007	1572.525	1574.655	2.13	True	_	0	0	0	0	0	0	0	0	0	False	False	False	False	False	False	False	_	0	0	0	2	e:: però:	e:: però:	e però
526	BZ007	1574.935	1578.04	3.105	True	_	0	0	0	0	0	0	0	0	0	False	False	False	False	False	False	False	_	0	0	0	11	lo faccio ogni tanto, con mia mamma ma, proprio per ridere,	lo faccio ogni tanto, con mia mamma ma, proprio per ridere,	lo faccio ogni tanto con mia mamma ma proprio per ridere
527	BZ001	1578.14	1578.42	0.28	True	_	0	0	0	0	0	0	0	1	0	False	False	False	False	False	False	False	_	0	0	0	2	mh=[mh,]	mh=[mh],	mh mh
528	BZ007	1578.23	1584.755	6.525	True	_	0	0	0	0	0	0	0	0	0	False	False	False	False	False	False	False	_	0	0	0	25	[o con] mia sore- ma lo faccio proprio sì lo eh anche se, sembra brutto, perché sembra che io prenda in giro, non è così.	[o con] mia sore- ma lo faccio proprio sì lo eh anche se, sembra brutto, perché sembra che io prenda in giro, non è così.	o con mia sore- ma lo faccio proprio sì lo eh anche se sembra brutto perché sembra che io prenda in giro non è così
529	BZ007	1584.78	1587.95	3.17	True	_	0	0	0	0	0	0	0	0	0	False	False	False	False	False	False	False	_	1	0	0	9	prendo in giro me stessa che: [(.) eh] provo a.	prendo in giro me stessa che: [(.) eh] provo a.	prendo in giro me stessa che (.) eh provo a
530	BZ001	1586.45	1586.95	0.5	True	_	0	0	0	0	0	0	0	1	0	False	False	False	False	False	False	False	_	0	0	0	1	[certo.]	[certo].	certo
531	BZ007	1588.065	1595.055	6.99	True	_	0	0	0	0	0	0	0	0	True	False	False	False	False	False	False	False	532=0.010	0	1	0	19	però in realtà: penso che riuscirei anche a: se dovessi che ne so, fingere di essere: ((ride)) (ce-) potrei farcela.	però in realtà: penso che riuscirei anche a: se dovessi che ne so, fingere di essere: ((ride)) (ce-) potrei farcela.	però in realtà penso che riuscirei anche a se dovessi che ne so fingere di essere ((ride)) ce- potrei farcela
532	BZ001	1595.045	1595.605	0.56	True	_	1	0	0	0	0	0	0	1	0	False	False	False	False	False	False	False	_	0	0	0	4	[ma dai] // LUC [potrei, ]	[ma dai] LUC [potrei],	ma dai luc potrei
533	BZ007	1595.07	1596.36	1.29	True	_	0	0	0	0	0	0	0	0	0	False	False	False	False	False	False	False	_	0	0	0	5	[(mi potrei,)]  sì=sì=sì.	[(mi potrei,)] sì=sì=sì.	mi potrei sì sì sì
534	BZ001	1596.365	1601.69	5.325	True	_	0	0	0	0	0	0	0	0	0	False	False	False	False	False	False	False	_	1	0	0	16	sì. e dialetti locali invece di te- in tedesco? (.) ne parli o ne parlate, in famiglia?	sì. e dialetti locali invece di te- in tedesco? (.) ne parli o ne parlate, in famiglia?	sì e dialetti locali invece di te- in tedesco (.) ne parli o ne parlate in famiglia
535	BZ007	1601.69	1604.347	2.657	True	_	0	0	0	0	0	0	0	0	0	False	False	False	False	False	False	False	_	0	0	0	8	allora. in famiglia, no. perché poi [(il dialetto,)]	allora. in famiglia, no. perché poi [(il dialetto,)]	allora in famiglia no perché poi il dialetto
536	BZ001	1603.73	1605.87	2.14	True	_	0	0	0	0	0	0	0	0	0	False	False	False	False	False	False	False	_	0	0	0	9	[cioè non tra di vo]i intendo eh però diciamo,	[cioè non tra di vo]i intendo eh però diciamo,	cioè non tra di voi intendo eh però diciamo
537	BZ007	1605.975	1610.415	4.44	True	_	0	0	0	0	0	0	0	0	0	False	False	False	False	False	False	False	_	0	0	0	11	ah okay. allora no. nessuno [di::] nella mia famiglia lo parla,	ah okay. allora no. nessuno [di::] nella mia famiglia lo parla,	ah okay allora no nessuno di nella mia famiglia lo parla
538	BZ001	1608.19	1608.84	0.65	True	_	0	0	0	0	0	0	0	1	0	False	False	False	False	False	False	False	_	0	0	0	1	[okay.]	[okay].	okay
539	BZ007	1610.67	1615.585	4.915	True	_	0	0	0	0	0	0	0	0	0	False	False	False	False	False	False	False	_	1	0	0	13	eh allora. neanche io lo parlerei, (.) c'è da dire che, lo capisco,	eh allora. neanche io lo parlerei, (.) c'è da dire che, lo capisco,	eh allora neanche io lo parlerei (.) c' è da dire che lo capisco
540	BZ007	1615.975	1621.631	5.656	True	_	1	0	0	0	0	0	0	1	0	False	False	False	False	False	False	False	_	0	0	1, bene,.	14	lo capisco abbastanza bene, .h e poi succede che io prenda alcune cose [del dialetto.]	lo capisco abbastanza bene,. h e poi succede che io prenda alcune cose [del dialetto].	lo capisco abbastanza bene,. h e poi succede che io prenda alcune cose del dialetto
541	BZ001	1620.582	1621.925	1.343	True	_	0	0	0	0	0	0	0	0	0	False	False	False	False	False	False	False	_	1	0	0	4	[mh=mh, (.) ah] okay.	[mh=mh, (.) ah] okay.	mh mh (.) ah okay
542	BZ007	1621.99	1622.39	0.4	True	_	0	0	0	0	0	0	0	1	0	False	False	False	False	False	False	False	_	0	0	0	1	>infatti,<	>infatti<,	infatti
543	BZ007	1622.59	1627.52	4.93	True	_	0	0	0	0	0	0	0	1	0	False	False	False	False	False	False	False	_	0	0	0	16	tengo sempre questo mio amico che è il mio punto di riferimento del hochdeu[tsch no? lui,]	tengo sempre questo mio amico che è il mio punto di riferimento del hochdeu[tsch no? lui],	tengo sempre questo mio amico che è il mio punto di riferimento del hochdeutsch no lui
544	BZ001	1626.475	1626.995	0.52	True	_	0	0	0	0	0	0	0	0	0	False	False	False	False	False	False	False	_	0	0	0	2	[mh=mh']	[mh=mh']	mh mh'
545	BZ007	1627.63	1635.058	7.428	True	_	1	0	0	0	0	0	0	0	0	False	False	False	False	False	False	False	_	0	0	0	24	e lui dice che io parlo: il dialetto [(poi.) ] non m'ero assolutamente accorta, e non, non mi va nemmeno di farlo perché comunque,	e lui dice che io parlo: il dialetto [(poi.)] non m'ero assolutamente accorta, e non, non mi va nemmeno di farlo perché comunque,	e lui dice che io parlo il dialetto poi non m' ero assolutamente accorta e non non mi va nemmeno di farlo perché comunque
546	BZ001	1629.905	1630.535	0.63	True	_	0	0	0	0	0	0	0	1	0	False	False	False	False	False	False	False	_	0	0	0	2	[eh okay.]	[eh okay].	eh okay
547	BZ007	1635.058	1644.89	9.832	True	_	1	0	0	0	0	0	0	1	0	False	False	False	False	False	False	False	_	0	0	2, h.h sinceramente..	27	.hh >cioè< non, oddio no è che non mi va, mi è indifferente. [sincera]mente. .h però mi ha- mi è successo sì di prendere alcune:: al- non cadenze però,	h.h >cioè< non, oddio no è che non mi va, mi è indifferente. [sincera]mente.. h però mi ha- mi è successo sì di prendere alcune:: al- non cadenze però,	h.h cioè non oddio no è che non mi va mi è indifferente sinceramente.. h però mi ha- mi è successo sì di prendere alcune al- non cadenze però
548	BZ001	1638.55	1638.88	0.33	True	_	0	0	0	0	0	0	0	1	0	False	False	False	False	False	False	False	_	0	0	0	2	[mh=mh,]	[mh=mh],	mh mh
549	BZ007	1645.07	1650.54	5.47	True	_	0	0	0	0	0	0	0	0	0	False	False	False	False	False	False	False	_	0	0	0	13	sì. sicuramente alcune, parole vere e proprie le ho prese dal dialetto. [(xx.)]	sì. sicuramente alcune, parole vere e proprie le ho prese dal dialetto. [(xx.)]	sì sicuramente alcune parole vere e proprie le ho prese dal dialetto xx
550	BZ001	1649.315	1650.545	1.23	True	_	0	0	0	0	0	0	0	0	0	False	False	False	False	False	False	False	_	0	0	0	6	[(ma) questo è interessante >(ma] è<)	[(ma) questo è interessante >(ma] è<)	ma questo è interessante ma è
551	BZ001	1650.795	1658.67	7.875	True	_	0	0	0	0	0	0	0	1	0	False	False	False	False	False	False	False	_	1	0	0	22	perché tu hai degli amici a l- (eh) localmente, (.) con cui parli in dialetto? perché: sei stata esposta a alcune cose loca[li?]	perché tu hai degli amici a l- (eh) localmente, (.) con cui parli in dialetto? perché: sei stata esposta a alcune cose loca[li]?	perché tu hai degli amici a l- eh localmente (.) con cui parli in dialetto perché sei stata esposta a alcune cose locali
552	BZ007	1658.446	1666.09	7.644	True	_	0	0	0	0	0	0	0	0	0	False	False	False	False	False	False	False	_	1	0	0	19	[tsk] esatto. per lavoro sono stata espo[sta al dia]letto, [tedesc]o, (.) e con questi: (per xx) in questo caso coi pazienti,	[tsk] esatto. per lavoro sono stata espo[sta al dia]letto, [tedesc]o, (.) e con questi: (per xx) in questo caso coi pazienti,	tsk esatto per lavoro sono stata esposta al dialetto tedesco (.) e con questi per xx in questo caso coi pazienti
553	BZ001	1660.615	1661.615	1.0	True	_	0	0	0	0	0	0	0	1	0	False	False	False	False	False	False	False	_	0	0	0	3	[per lavoro okay.]	[per lavoro okay].	per lavoro okay
554	BZ001	1661.944	1662.443	0.499	True	_	0	0	0	0	0	0	0	1	0	False	False	False	False	False	False	False	_	0	0	0	1	[okay.]	[okay].	okay
555	BZ007	1666.32	1669.66	3.34	True	_	0	0	0	0	0	0	0	0	0	False	False	False	False	False	False	False	_	0	0	0	7	anch'io rispondevo, con, parole, [in diale]tto.	anch'io rispondevo, con, parole, [in diale]tto.	anch' io rispondevo con parole in dialetto
556	BZ001	1668.84	1669.403	0.563	True	_	0	0	0	0	0	0	0	1	0	False	False	False	False	False	False	False	_	0	0	0	1	[certo.]	[certo].	certo
557	BZ001	1669.845	1670.355	0.51	True	_	0	0	0	0	0	0	0	1	0	False	False	False	False	False	False	False	_	0	0	0	1	cer[to.]	cer[to].	certo
558	BZ007	1670.135	1671.325	1.19	True	_	1	0	0	0	0	0	0	0	0	False	False	False	False	False	False	False	_	0	0	0	5	[ me ne]  sono accorta poi.	[me ne] sono accorta poi.	me ne sono accorta poi
559	BZ007	1672.195	1672.575	0.38	True	_	0	0	0	0	0	0	0	0	0	False	False	False	False	False	False	False	_	0	0	0	2	he he.	eh he.	eh he
560	BZ001	1672.91	1678.28	5.37	True	_	0	0	0	0	0	0	0	0	0	False	False	False	False	False	False	False	_	0	0	0	23	(ah no) è un te- molto interessante. [perché] in genere chi non è bilingue lo studia a livello scolastico studia l'hochdeutsch no?	(ah no) è un te- molto interessante. [perché] in genere chi non è bilingue lo studia a livello scolastico studia l'hochdeutsch no?	ah no è un te- molto interessante perché in genere chi non è bilingue lo studia a livello scolastico studia l' hochdeutsch no
561	BZ007	1674.005	1674.325	0.32	True	_	0	0	0	0	0	0	0	1	0	False	False	False	False	False	False	False	_	0	0	0	1	[sì.]	[sì].	sì
562	BZ007	1678.34	1678.77	0.43	True	_	0	0	0	0	0	0	0	1	0	False	False	False	False	False	False	False	_	0	0	0	1	cert[o.]	cert[o].	certo
563	BZ001	1678.7	1680.84	2.14	True	_	0	0	0	0	0	0	0	0	0	False	False	False	False	False	False	False	_	0	0	0	8	[e] quindi non è detto che il dialetto::	[e] quindi non è detto che il dialetto::	e quindi non è detto che il dialetto
564	BZ001	1681.125	1683.36	2.235	True	_	0	0	0	0	0	0	0	1	0	False	False	False	False	False	False	False	_	0	0	0	6	permei all'interno delle competenze linguisti[che.]	permei all'interno delle competenze linguisti[che].	permei all' interno delle competenze linguistiche
565	BZ007	1683.14	1691.3	8.16	True	_	1	0	0	0	0	0	0	3	0	False	False	False	False	False	False	False	_	0	0	1, adige,.	29	[.h e] guarda, ho visto che è incredibile. basta un nulla, e subito lo:=[lo:,] ma secondo me è perché lo sentiamo no? [>qui in alto a]dige,< .h e quindi,	[h. e] guarda, ho visto che è incredibile. basta un nulla, e subito lo:=[lo:], ma secondo me è perché lo sentiamo no? [>qui in alto a]dige<,. h e quindi,	h e guarda ho visto che è incredibile basta un nulla e subito lo lo ma secondo me è perché lo sentiamo no qui in alto adige,. h e quindi
566	BZ001	1687.666	1687.974	0.308	True	_	0	0	0	0	0	0	0	1	0	False	False	False	False	False	False	False	_	0	0	0	1	[mh.]	[mh].	mh
567	BZ001	1689.749	1690.174	0.425	True	_	0	0	0	0	0	0	0	1	0	False	False	False	False	False	False	False	_	0	0	0	2	[mh=mh,]	[mh=mh],	mh mh
568	BZ007	1692.123	1698.836	6.713	True	_	0	0	0	0	0	0	0	0	0	False	False	False	False	False	False	False	_	0	0	0	20	nel momento in cui ci interfacciamo con un tedesco, che parla dialetto tedesco, con un: altoatesino che parla dialetto tedesco,	nel momento in cui ci interfacciamo con un tedesco, che parla dialetto tedesco, con un: altoatesino che parla dialetto tedesco,	nel momento in cui ci interfacciamo con un tedesco che parla dialetto tedesco con un altoatesino che parla dialetto tedesco
569	BZ007	1698.836	1702.335	3.499	True	_	0	0	0	0	0	0	0	1	0	False	False	False	False	False	False	False	_	0	0	0	9	.h eh ci viene familiare. [ci- e r]ispondiamo così.	h. eh ci viene familiare. [ci- e r]ispondiamo così.	h eh ci viene familiare ci- e rispondiamo così
570	BZ001	1700.79	1701.16	0.37	True	_	0	0	0	0	0	0	0	1	0	False	False	False	False	False	False	False	_	0	0	0	2	[mh=mh,]	[mh=mh],	mh mh
571	BZ007	1702.6	1708.47	5.87	True	_	0	0	0	0	0	0	0	1	0	False	False	False	False	False	False	False	_	0	0	0	17	però:: penso che sia questo. perché anche quando sono stata in germania andavo più in quella dire[zione.]	però:: penso che sia questo. perché anche quando sono stata in germania andavo più in quella dire[zione].	però penso che sia questo perché anche quando sono stata in germania andavo più in quella direzione
572	BZ001	1707.985	1708.46	0.475	True	_	0	0	0	0	0	0	0	1	0	False	False	False	False	False	False	False	_	0	0	0	1	[mh.]	[mh].	mh
573	BZ007	1708.585	1709.775	1.19	True	_	0	0	0	0	0	0	0	0	0	False	False	False	False	False	False	False	_	0	0	0	4	mi sono [resa co]nto.	mi sono [resa co]nto.	mi sono resa conto
574	BZ001	1708.798	1709.265	0.467	True	_	0	0	0	0	0	0	0	1	0	False	False	False	False	False	False	False	_	0	0	0	1	[okay.]	[okay].	okay
575	BZ001	1709.895	1710.265	0.37	True	_	0	0	0	0	0	0	0	0	0	False	False	False	False	False	False	False	_	0	0	0	1	okay.	okay.	okay
576	BZ007	1710.285	1710.705	0.42	True	_	0	0	0	0	0	0	0	0	0	False	False	False	False	False	False	False	_	0	0	0	2	quindi sì.	quindi sì.	quindi sì
577	BZ001	1710.93	1716.72	5.79	True	_	0	0	0	0	0	0	0	0	0	False	False	False	False	False	False	False	_	0	0	0	20	c'è qualcos'altro che ti va di: raccontare, o dire, un aneddoto, su: questi argomenti di cui abbiamo parlato,	c'è qualcos'altro che ti va di: raccontare, o dire, un aneddoto, su: questi argomenti di cui abbiamo parlato,	c' è qualcos' altro che ti va di raccontare o dire un aneddoto su questi argomenti di cui abbiamo parlato
578	BZ007	1719.27	1720.07	0.8	True	_	0	0	0	0	0	0	0	0	0	False	False	False	False	False	False	False	_	0	0	0	2	he he.	eh he.	eh he
579	BZ007	1721.715	1722.385	0.67	True	_	0	0	0	0	0	0	0	0	0	False	False	False	False	False	False	False	_	0	0	0	1	oddio.	oddio.	oddio
580	BZ001	1723.625	1725.705	2.08	True	_	0	0	0	0	0	0	0	0	0	False	False	False	False	False	False	False	_	0	0	0	7	anche una cosa: buffa non lo so [xx]	anche una cosa: buffa non lo so [xx]	anche una cosa buffa non lo so xx
581	BZ007	1725.21	1729.09	3.88	True	_	0	0	0	0	0	0	0	1	0	False	False	False	False	False	False	False	_	0	0	0	15	[ah buffi]ssima. (infatti) mi è venuta in mente [una cosa tre]menda. [non so se xxx,]	[ah buffi]ssima. (infatti) mi è venuta in mente [una cosa tre]menda. [non so se xxx],	ah buffissima infatti mi è venuta in mente una cosa tremenda non so se xxx
582	BZ001	1727.162	1727.587	0.425	True	_	0	0	0	0	0	0	0	1	0	False	False	False	False	False	False	False	_	0	0	0	1	[sì?]	[sì]?	sì
583	BZ001	1728.105	1729.095	0.99	True	_	0	0	0	0	0	0	0	1	0	False	False	False	False	False	False	False	_	0	0	0	3	[si può dire?]	[si può dire]?	si può dire
584	BZ007	1729.1	1730.75	1.65	True	_	1	0	0	0	0	0	0	1	0	False	False	False	False	False	False	False	_	0	0	1, dire..	5	sì: [si può anche dire.] .h	sì: [si può anche dire].. h	sì si può anche dire.. h
585	BZ001	1729.543	1730.318	0.775	True	_	0	0	0	0	0	0	0	0	0	False	False	False	True	False	True	False	584=0.775	0	1	0	0	[((ride))	[((ride))	((ride))
586	BZ007	1730.795	1734.168	3.373	True	_	0	0	0	0	0	1	0	0	0	False	False	False	False	False	False	False	_	0	0	0	13	c'entra sempre questo mio povero amico, [che prima di e]ssere mio amico,=	c'entra sempre questo mio povero amico, [che prima di e]ssere mio amico,	c' entra sempre questo mio povero amico che prima di essere mio amico
587	BZ001	1732.585	1733.201	0.616	True	_	0	0	0	0	0	0	0	1	0	False	False	False	False	False	False	False	_	0	0	0	1	[okay,]	[okay],	okay
588	BZ001	1734.178	1734.733	0.555	True	_	0	0	0	0	0	1	0	1	0	False	False	False	False	False	False	False	_	0	0	0	1	=oka[y,]	oka[y],	okay
589	BZ007	1734.624	1745.99	11.366	True	_	0	0	0	0	0	0	0	0	0	False	False	False	False	False	False	False	_	0	2	0	19	[eh:]::: appunto era solo un conoscente ignaro, dei, di: di chi fossi io, ((ridendo))  perché ((ride)) praticamente lui ehm:: pilota, alianti.	[eh:]::: appunto era solo un conoscente ignaro, dei, di: di chi fossi io, ((ridendo)) perché ((ride)) praticamente lui ehm:: pilota, alianti.	eh appunto era solo un conoscente ignaro dei di di chi fossi io ((ridendo)) perché ((ride)) praticamente lui ehm pilota alianti
590	BZ001	1746.015	1746.325	0.31	True	_	0	0	0	0	0	0	0	0	0	False	False	False	False	False	False	False	_	0	0	0	1	ah.	ah.	ah
591	BZ007	1746.44	1749.39	2.95	True	_	1	0	0	0	0	0	0	0	0	False	False	False	False	False	False	False	_	0	0	1, lavoravo,.	8	e: l'avevo conosciuto da poco, dove lavoravo, .h	e: l'avevo conosciuto da poco, dove lavoravo,. h	e l' avevo conosciuto da poco dove lavoravo,. h
592	BZ007	1749.48	1757.215	7.735	True	_	0	0	0	0	0	0	0	1	0	False	False	False	False	False	False	False	_	0	0	0	24	e: e mi aveva, >dove lavoravo< dove facevo il tirocinio, eh in in, in zona innsbruck, quindi [in austria,] da dove arriva lui infatti,	e: e mi aveva, >dove lavoravo< dove facevo il tirocinio, eh in in, in zona innsbruck, quindi [in austria], da dove arriva lui infatti,	e e mi aveva dove lavoravo dove facevo il tirocinio eh in in in zona innsbruck quindi in austria da dove arriva lui infatti
593	BZ001	1754.767	1755.372	0.605	True	_	0	0	0	0	0	0	0	1	0	False	False	False	False	False	False	False	_	0	0	0	2	[mh=mh,]	[mh=mh],	mh mh
594	BZ007	1757.285	1764.725	7.44	True	_	0	0	0	0	0	0	0	0	0	False	False	False	False	False	False	False	_	0	0	0	28	e lui doveva fare questa prova con un aliante, soltanto un giro di ricognizione, mi ha detto se volevo, se avevo mai avuto l'esperienza di salire, no?	e lui doveva fare questa prova con un aliante, soltanto un giro di ricognizione, mi ha detto se volevo, se avevo mai avuto l'esperienza di salire, no?	e lui doveva fare questa prova con un aliante soltanto un giro di ricognizione mi ha detto se volevo se avevo mai avuto l' esperienza di salire no
595	BZ007	1764.805	1770.395	5.59	True	_	0	0	0	0	0	0	0	0	0	False	False	False	False	False	False	False	_	0	0	0	18	e::: e allora praticamente io sono salita, ignara, del fatto che io, e lo so be- cioè ignara	e::: e allora praticamente io sono salita, ignara, del fatto che io, e lo so be- cioè ignara	e e allora praticamente io sono salita ignara del fatto che io e lo so be- cioè ignara
596	BZ007	1770.52	1778.64	8.12	True	_	0	0	0	0	0	0	0	0	0	False	False	False	False	False	False	False	_	0	0	0	23	io so benissimo che soffro mal d'auto, m[ale: però] sai, non lo so, mh:: ero così gasata all'idea, dico io vado.	io so benissimo che soffro mal d'auto, m[ale: però] sai, non lo so, mh:: ero così gasata all'idea, dico io vado.	io so benissimo che soffro mal d' auto male però sai non lo so mh ero così gasata all' idea dico io vado
597	BZ001	1772.688	1773.155	0.467	True	_	1	0	0	0	0	0	0	0	0	False	False	False	False	False	False	False	_	0	1	0	2	[eh .h] ((ridendo))	[eh. h] ((ridendo))	eh h ((ridendo))
598	BZ007	1778.84	1787.62	8.78	True	_	0	0	0	0	0	0	0	0	0	False	False	False	False	False	False	False	_	0	0	0	30	e (praticamente) a un certo punto succede quello che deve succedere, cioè che a un certo punto, dopo vari giri, il vento che=che fa tribolare l'aliante (e) così,	e (praticamente) a un certo punto succede quello che deve succedere, cioè che a un certo punto, dopo vari giri, il vento che=che fa tribolare l'aliante (e) così,	e praticamente a un certo punto succede quello che deve succedere cioè che a un certo punto dopo vari giri il vento che che fa tribolare l' aliante e così
599	BZ007	1787.632	1788.485	0.853	True	_	0	0	0	0	0	0	0	1	0	False	False	False	False	False	False	False	_	0	0	0	2	.h io,	h. io,	h io
600	BZ007	1789.5	1790.48	0.98	True	_	0	0	0	0	0	0	0	1	0	False	False	False	False	False	False	False	_	0	0	0	4	eh. si può [dire?]	eh. si può [dire]?	eh si può dire
601	BZ001	1790.0	1791.15	1.15	True	_	0	0	0	0	0	0	0	1	0	False	False	False	False	False	False	False	_	0	0	0	4	[stai ma]le.  si cer[to.]	[stai ma]le. si cer[to].	stai male si certo
602	BZ007	1791.0	1791.84	0.84	True	_	0	0	0	0	0	0	0	1	0	False	False	False	False	False	False	False	_	0	0	0	2	[sto m]alissim[o.]	[sto m]alissim[o].	sto malissimo
603	BZ001	1791.73	1792.01	0.28	True	_	0	0	0	0	0	0	0	0	0	False	False	False	False	False	False	False	_	0	0	0	1	[o]kay.	[o]kay.	okay
604	BZ007	1792.05	1794.52	2.47	True	_	0	0	0	0	0	0	0	0	0	False	False	False	False	False	False	False	_	2	0	0	4	e vomito, (.) dappertutto [(.) pro]prio.	e vomito, (.) dappertutto [(.) pro]prio.	e vomito (.) dappertutto (.) proprio
605	BZ001	1793.44	1794.32	0.88	True	_	0	0	0	0	0	0	0	1	0	False	False	False	False	False	False	False	_	0	0	0	1	[okay.]	[okay].	okay
606	BZ001	1794.635	1795.225	0.59	True	_	0	0	0	0	0	0	0	0	0	False	False	False	False	False	False	False	_	0	0	0	2	in volo.	in volo.	in volo
607	BZ007	1795.28	1795.8519999999999	0.574	True	_	0	0	0	0	0	1	1	0	0	False	False	False	False	False	False	False	_	0	0	0	2	in volo.=	in volo.	in volo
608	BZ001	1795.8519999999999	1796.3490000000002	0.503	True	_	0	0	0	0	0	1	2	0	0	False	False	False	False	False	False	False	_	0	0	0	1	=okay.	okay.	okay
609	BZ007	1796.3490000000002	1797.395	1.05	True	_	0	0	0	0	0	0	1	0	0	False	False	False	False	False	False	False	_	0	1	0	2	e que- ((ride))	e que- ((ride))	e que- ((ride))
610	BZ007	1798.32	1802.514	4.194	True	_	1	0	0	0	0	0	0	0	0	False	False	False	False	False	False	False	_	0	1	1, no?.	10	divertente no? .h terribile. ((ridendo)) e io, io ero lì che dicevo,	divertente no?. h terribile. ((ridendo)) e io, io ero lì che dicevo,	divertente no?. h terribile ((ridendo)) e io io ero lì che dicevo
611	BZ007	1802.7	1807.07	4.37	True	_	0	0	0	0	0	0	0	0	0	False	False	True	False	False	False	False	_	0	1	0	13	com'è che si dice vomitare in tedesco? [de]vo dirgli, che ho, vomitato. [((ride sottovoce))]))	com'è che si dice vomitare in tedesco? [de]vo dirgli, che ho, vomitato. [((ride_sottovoce))]))	com' è che si dice vomitare in tedesco devo dirgli che ho vomitato ((ride_sottovoce))]))
612	BZ001	1804.575	1804.825	0.25	True	_	0	0	0	0	0	0	0	1	0	False	False	False	False	False	False	False	_	0	0	0	1	[eh.]	[eh].	eh
613	BZ001	1806.584	1807.062	0.478	True	_	0	0	0	0	0	0	0	0	0	False	False	False	False	False	False	False	_	0	1	0	0	[((ride sottovoce))]	[((ride_sottovoce))]	((ride_sottovoce))
614	BZ007	1807.075	1814.485	7.41	True	_	1	0	0	0	0	0	0	0	0	False	False	True	False	False	False	False	_	0	0	1, terribile..	18	terribile. .h che brutto momento. io penso di non essermi mai vergognata così, sicuramente) sto: arrossendo ancora al ricordo,	terribile.. h che brutto momento. io penso di non essermi mai vergognata così, sicuramente) sto: arrossendo ancora al ricordo,	terribile.. h che brutto momento io penso di non essermi mai vergognata così sicuramente sto arrossendo ancora al ricordo
615	BZ007	1814.74	1818.54	3.8	True	_	0	0	0	0	0	0	0	1	0	False	False	False	False	False	False	False	_	0	0	0	15	e praticamente io (gliel'ho) poi mi è venuto in mente si dice erbrechen [no?]	e praticamente io (gliel'ho) poi mi è venuto in mente si dice erbrechen [no]?	e praticamente io gliel' ho poi mi è venuto in mente si dice erbrechen no
616	BZ001	1818.015	1818.525	0.51	True	_	0	0	0	0	0	0	0	1	0	False	False	False	False	False	False	False	_	0	0	0	2	[mh=mh,]	[mh=mh],	mh mh
617	BZ007	1818.545	1823.995	5.45	True	_	0	0	0	0	0	0	0	1	0	False	False	False	False	False	False	False	_	0	0	0	22	.h allora gliel'ho detto dice eh eh? e lui, sentivo qualcosa che non andava, (e) lui mi ha detto alles gut?	h. allora gliel'ho detto dice eh eh? e lui, sentivo qualcosa che non andava, (e) lui mi ha detto alles gut?	h allora gliel' ho detto dice eh eh e lui sentivo qualcosa che non andava e lui mi ha detto alles gut
618	BZ007	1824.21	1827.03	2.82	True	_	0	0	0	0	0	0	0	0	0	False	False	False	False	False	False	False	_	0	1	0	9	tipo, e io, eh non non molto. devo [dire] ((ridendo))	tipo, e io, eh non non molto. devo [dire] ((ridendo))	tipo e io eh non non molto devo dire ((ridendo))
619	BZ001	1826.64	1828.25	1.61	True	_	0	0	0	0	0	0	0	0	0	False	False	False	False	False	False	False	_	0	0	0	6	[oka]y. quindi sei riuscita a dirglielo?	[oka]y. quindi sei riuscita a dirglielo?	okay quindi sei riuscita a dirglielo
620	BZ007	1828.275	1838.205	9.93	True	_	0	0	0	0	0	0	0	0	0	False	False	False	False	False	False	False	_	1	0	0	33	certo. [ma poi mi sono ri]cordata. ma perché la cosa assurda è che io, quando sono parole un po' strane, me le ricordo poi. dico, ah questa è forte. tipo, (.) no so, zermuerpend.	certo. [ma poi mi sono ri]cordata. ma perché la cosa assurda è che io, quando sono parole un po' strane, me le ricordo poi. dico, ah questa è forte. tipo, (.) no so, zermuerpend.	certo ma poi mi sono ricordata ma perché la cosa assurda è che io quando sono parole un po' strane me le ricordo poi dico ah questa è forte tipo (.) no so zermuerpend
621	BZ001	1828.722	1829.2	0.478	True	_	0	0	0	0	0	0	0	1	0	False	False	False	False	False	False	False	_	0	0	0	1	[okay.]	[okay].	okay
622	BZ007	1838.255	1843.665	5.41	True	_	0	0	0	0	0	0	0	0	0	False	False	False	False	False	False	False	_	0	0	0	17	[logorante. ma cosa serve saper]lo? ma io, te la ficco sempre [da qualche parte] perché mi piace.	[logorante. ma cosa serve saper]lo? ma io, te la ficco sempre [da qualche parte] perché mi piace.	logorante ma cosa serve saperlo ma io te la ficco sempre da qualche parte perché mi piace
623	BZ001	1838.262	1840.427	2.165	True	_	0	0	0	0	0	0	0	0	0	False	False	False	False	False	False	False	_	2	1	0	2	o[kay. (.) okay, (.) ((ride))]	o[kay. (.) okay, (.) ((ride))]	okay (.) okay (.) ((ride))
624	BZ001	1841.916	1842.638	0.722	True	_	0	0	0	0	0	0	0	1	0	False	False	False	False	False	False	False	_	0	0	0	2	[ti piace.]	[ti piace].	ti piace
625	BZ007	1843.67	1845.56	1.89	True	_	0	0	0	0	0	0	0	0	0	False	False	False	False	False	False	False	_	0	0	0	6	e quindi, erbrechen me la ricordavo.	e quindi, erbrechen me la ricordavo.	e quindi erbrechen me la ricordavo
626	BZ007	1845.568	1854.37	8.802	True	_	1	0	0	0	0	0	0	0	0	False	False	False	False	False	False	False	_	0	0	0	32	poi mi è venuto in mente, [però sai l'a]gitazione lì di [(qual è che devo dir]gli ade-)  eh ich habe erbrochen, così e lui .hhh oddio oddio siamo scesi giù. ma	poi mi è venuto in mente, [però sai l'a]gitazione lì di [(qual è che devo dir]gli ade-) eh ich habe erbrochen, così e lui. hhh oddio oddio siamo scesi giù. ma	poi mi è venuto in mente però sai l' agitazione lì di qual è che devo dirgli ade- eh ich habe erbrochen così e lui hhh oddio oddio siamo scesi giù ma
627	BZ001	1846.24	1846.888	0.648	True	_	0	0	0	0	0	0	0	0	0	False	False	False	False	False	False	False	_	0	1	0	0	[((ride))]	[((ride))]	((ride))
628	BZ001	1847.95	1848.7	0.75	True	_	0	0	0	0	0	0	0	1	0	False	False	False	False	False	False	False	_	0	0	0	1	[certo.]	[certo].	certo
629	BZ007	1854.525	1858.695	4.17	True	_	0	0	0	0	0	0	0	0	0	False	False	False	False	False	False	False	_	0	0	0	12	mi ha dovuto cam- cioè trovare dei panta[loni perché xx] è stato terribile,	mi ha dovuto cam- cioè trovare dei panta[loni perché xx] è stato terribile,	mi ha dovuto cam- cioè trovare dei pantaloni perché xx è stato terribile
630	BZ001	1856.519	1857.708	1.189	True	_	0	0	0	0	0	0	0	1	0	False	False	False	False	False	False	False	_	0	0	0	3	[he eh immagino.]	[he eh immagino].	he eh immagino
631	BZ007	1858.73	1863.415	4.685	True	_	0	0	0	0	0	0	0	0	0	False	False	False	False	False	False	False	_	0	1	0	16	e allora io ho detto be' allora adesso o, fin- non mi vuole vedere mai più ((ridendo))	e allora io ho detto be' allora adesso o, fin- non mi vuole vedere mai più ((ridendo))	e allora io ho detto be' allora adesso o fin- non mi vuole vedere mai più ((ridendo))
632	BZ007	1863.415	1866.44	3.025	True	_	0	0	0	0	0	0	0	1	0	False	False	False	False	False	False	False	_	0	0	0	8	o diventiamo anche amici. e [siamo diventati amici.]	o diventiamo anche amici. e [siamo diventati amici].	o diventiamo anche amici e siamo diventati amici
633	BZ001	1864.98	1867.88	2.9	True	_	0	0	0	0	0	0	0	0	0	False	False	False	False	False	False	False	_	0	0	1, praticamente..	8	[e poi (siete diventati,)] quindi, a lieto fine [(praticamente.)].	[e poi (siete diventati,)] quindi, a lieto fine [(praticamente.)].	e poi siete diventati quindi a lieto fine praticamente..
634	BZ007	1867.27	1867.9	0.63	True	_	0	0	0	0	0	0	0	1	True	False	False	False	False	False	False	False	_	0	0	0	1	[molto.]	[molto].	molto
635	BZ001	1867.895	1869.55	1.655	True	_	0	0	0	0	0	0	0	1	True	False	False	False	False	False	False	False	634=0.005	0	1	0	3	.h okay. ((ridendo)) perfetto.	h. okay. ((ridendo)) perfetto.	h okay ((ridendo)) perfetto
636	BZ007	1869.662	1870.252	0.59	True	_	0	0	0	0	0	0	0	1	0	False	False	False	False	False	False	False	_	0	0	0	1	ecco[lo.]	ecco[lo].	eccolo
637	BZ001	1869.937	1870.997	1.06	True	_	0	0	0	0	0	0	0	1	0	False	False	False	False	False	False	False	_	0	0	0	4	[(è un)] grazie mil[le,]	[(è un)] grazie mil[le],	è un grazie mille
638	BZ007	1870.657	1871.407	0.75	True	_	0	0	0	0	0	0	0	0	0	False	False	False	False	False	False	False	_	0	1	0	1	[ni]ente. ((ridendo))	[ni]ente. ((ridendo))	niente ((ridendo))
639	BZ007	1871.407	1872.627	1.22	True	_	0	0	0	0	0	0	0	0	0	False	False	False	False	False	False	False	_	0	0	0	2	[(è divertente.)]	[(è divertente.)]	è divertente
640	BZ001	1871.412	1874.222	2.81	True	_	0	0	0	0	0	0	0	1	0	False	False	False	False	False	False	False	_	0	0	0	7	[grazie: per l'inte]rvista è molto in[teressante.]	[grazie: per l'inte]rvista è molto in[teressante].	grazie per l' intervista è molto interessante
641	BZ007	1873.302	1874.002	0.7	True	_	0	0	0	0	0	0	0	1	0	False	False	False	False	False	False	False	_	0	0	0	1	[volentieri.]	[volentieri].	volentieri
642	BZ001	1874.222	1874.702	0.48	True	_	0	0	0	0	0	0	0	1	0	False	False	False	False	False	False	False	_	0	0	0	1	[grazie.]	[grazie].	grazie
643	BZ007	1874.232	1875.672	1.44	True	_	0	0	0	0	0	0	0	1	0	False	False	False	False	False	False	False	_	0	0	0	4	[grazie.]  grazie a voi.	[grazie]. grazie a voi.	grazie grazie a voi
