tu_id	speaker	start	end	duration	include	contains_variation	W:normalized_spaces	W:numbers	W:accents	W:non_jefferson	W:pauses_trim	W:prosodic_trim	W:moved_boundaries	W:switches	W:overlap_mismatch	E:volume	E:pace	E:guess	E:overlap	E:overlap_mismatch	E:overlap_annotation	E:overlap_time	E:overlap_duration	T:shortpauses	T:nonverbalbehavior	T:errors	T:linguistic	original	text	orthographic
0	BZ010	0.01	2.39	2.38	True	no	0	0	0	0	0	0	0	1	0	False	False	False	False	False	False	False	_	0	0	0	7	okay quindi martino sei cresciuto a mera[no,]	okay quindi martino sei cresciuto a mera[no],	okay quindi martino sei cresciuto a merano
1	BZ008	2.35	2.61	0.26	True	no	0	0	0	0	0	0	0	1	0	False	False	False	False	False	False	False	_	0	0	0	1	[sì.]	[sì].	sì
2	BZ010	2.84	5.46	2.62	True	no	0	0	0	0	0	0	0	1	0	False	False	False	False	False	False	False	_	0	0	0	10	e poi nel corso della tua vita dove hai vissu[to?]	e poi nel corso della tua vita dove hai vissu[to]?	e poi nel corso della tua vita dove hai vissuto
3	BZ008	5.42	6.39	0.97	True	no	0	0	0	0	0	0	0	0	0	False	False	False	False	False	False	False	_	0	0	0	4	[eh] sempre a merano.	[eh] sempre a merano.	eh sempre a merano
4	BZ010	6.75	7.39	0.64	True	no	0	0	0	0	0	0	0	0	0	False	False	False	False	False	False	False	_	0	0	0	1	okay,	okay,	okay
5	BZ008	7.615	11.075	3.46	True	no	0	0	0	0	0	0	0	0	0	False	False	False	False	False	False	False	_	1	0	0	13	fino agli ultimi: tre anni, (.) x tre anni e mezzo che ero in australia,	fino agli ultimi: tre anni, (.) x tre anni e mezzo che ero in australia,	fino agli ultimi tre anni (.) x tre anni e mezzo che ero in australia
6	BZ010	11.26	12.18	0.92	True	no	0	0	0	0	0	0	0	1	0	False	False	False	False	False	False	False	_	0	0	0	3	mh=mh, [e,]	mh=mh, [e],	mh mh e
7	BZ008	11.915	12.855	0.94	True	no	0	0	0	0	0	0	0	0	0	False	False	False	False	False	False	False	_	0	0	0	5	[se no] sempre a merano.	[se no] sempre a merano.	se no sempre a merano
8	BZ010	13.02	15.13	2.11	True	no	0	0	0	0	0	0	0	0	0	False	False	False	False	False	False	False	_	0	0	0	7	e quanto tempo: sei stato in australia?	e quanto tempo: sei stato in australia?	e quanto tempo sei stato in australia
9	BZ008	15.42	15.99	0.57	True	no	0	0	0	0	0	0	0	0	0	False	False	False	False	False	False	False	_	0	0	0	4	tre anni e mezzo.	tre anni e mezzo.	tre anni e mezzo
10	BZ010	16.64	17.38	0.74	True	no	0	0	0	0	0	0	0	0	0	False	False	False	False	False	False	False	_	0	0	0	1	okay.	okay.	okay
11	BZ008	17.525	17.97	0.445	True	no	0	0	0	0	0	1	0	0	0	False	False	False	False	False	False	False	_	0	0	0	1	sì=	sì	sì
12	BZ010	17.97	20.31	2.34	True	no	0	0	0	0	0	1	0	0	0	False	False	False	False	False	False	False	_	0	0	0	6	=okay ehm là che cosa facevi?	okay ehm là che cosa facevi?	okay ehm là che cosa facevi
13	BZ008	20.575	23.045	2.47	True	no	0	0	0	0	0	0	0	0	0	False	False	False	False	False	False	False	_	0	0	0	5	eh ho iniziato, soltanto viaggiando,	eh ho iniziato, soltanto viaggiando,	eh ho iniziato soltanto viaggiando
14	BZ008	23.365	23.675	0.31	True	no	0	0	0	0	0	0	0	0	0	False	False	False	False	False	False	False	_	0	0	0	1	e:	e:	e
15	BZ008	24.275	28.025	3.75	True	no	0	0	0	0	0	0	0	0	0	False	False	False	False	False	False	False	_	0	0	0	11	lavoretti: che si trovano alla fine non sapendo la lingua benissimo,	lavoretti: che si trovano alla fine non sapendo la lingua benissimo,	lavoretti che si trovano alla fine non sapendo la lingua benissimo
16	BZ008	28.725	29.565	0.84	True	no	0	0	0	0	0	0	0	0	0	False	False	False	False	False	False	False	_	0	0	0	2	e poi:,	e poi:,	e poi
17	BZ008	29.91	32.4	2.49	True	no	0	0	0	0	0	0	0	0	0	False	False	False	False	False	False	False	_	0	0	0	8	ho fatto: il corso di m:aestro di: surf,	ho fatto: il corso di m:aestro di: surf,	ho fatto il corso di maestro di surf
18	BZ010	32.71	33.84	1.13	True	no	0	0	0	0	0	0	0	0	0	False	False	False	False	False	False	False	_	0	0	0	3	ah: che figo.	ah: che figo.	ah che figo
19	BZ008	34.16	36.01	1.85	True	no	0	0	0	0	0	0	0	0	0	False	False	False	False	False	False	False	_	0	0	0	9	e ho lavorato come maestro di surf poi per,	e ho lavorato come maestro di surf poi per,	e ho lavorato come maestro di surf poi per
20	BZ008	36.44	39.21	2.77	True	no	0	0	0	0	0	0	0	0	0	False	False	False	False	False	False	False	_	1	0	0	14	per il resto del tempo per due anni, (.) due anni e mezzo alla fine.	per il resto del tempo per due anni, (.) due anni e mezzo alla fine.	per il resto del tempo per due anni (.) due anni e mezzo alla fine
21	BZ010	39.95	40.77	0.82	True	no	0	0	0	0	0	0	0	0	0	False	False	False	False	False	False	False	_	0	0	0	1	bellissimo.	bellissimo.	bellissimo
22	BZ008	41.225	41.605	0.38	True	no	0	0	0	0	0	0	0	1	0	False	False	False	False	False	False	False	_	0	0	0	1	[sì.]	[sì].	sì
23	BZ010	41.42	45.61	4.19	True	no	0	0	0	0	0	0	0	1	0	False	False	False	False	False	False	False	_	1	0	0	14	[bene] bene, (.) quindi là mh immagino che hai imparato super bene la lingua [poi:,]	[bene] bene, (.) quindi là mh immagino che hai imparato super bene la lingua [poi:],	bene bene (.) quindi là mh immagino che hai imparato super bene la lingua poi
24	BZ008	45.235	45.915	0.68	True	no	0	0	0	0	0	0	0	0	0	False	False	False	False	False	False	False	_	0	0	0	1	[s::]ì.	[s::]ì.	sì
25	BZ008	46.72	48.05	1.33	True	no	0	0	0	0	0	0	0	1	0	False	False	False	False	False	False	False	_	0	0	0	3	abbastanza direi [sì.]	abbastanza direi [sì].	abbastanza direi sì
26	BZ010	47.57	48.04	0.47	True	no	0	0	0	0	0	0	0	1	0	False	False	False	False	False	False	False	_	0	0	0	2	[mh=mh,]	[mh=mh],	mh mh
27	BZ008	48.75	51.09	2.34	True	no	0	0	0	0	0	0	0	0	0	False	False	False	False	False	False	False	_	0	0	0	8	sei costretto perché alla fine non è che:,	sei costretto perché alla fine non è che:,	sei costretto perché alla fine non è che
28	BZ008	51.785	54.525	2.74	True	no	0	0	0	0	0	0	0	0	0	False	False	False	False	False	False	False	_	0	0	0	8	puoi parlare il tedesco l'italiano, è quello.	puoi parlare il tedesco l'italiano, è quello.	puoi parlare il tedesco l' italiano è quello
29	BZ010	54.94	55.7	0.76	True	no	0	0	0	0	0	0	0	0	0	False	False	False	False	False	False	False	_	0	0	0	1	certo.	certo.	certo
30	BZ010	56.565	62.82	6.255	True	no	0	0	0	0	0	0	0	0	0	False	False	False	False	False	False	False	_	0	0	0	15	ehm: e quindi mi dicevi, i tuoi genitori sono italiani, di merano anche loro o [xx]	ehm: e quindi mi dicevi, i tuoi genitori sono italiani, di merano anche loro o [xx]	ehm e quindi mi dicevi i tuoi genitori sono italiani di merano anche loro o xx
31	BZ008	62.49	65.72	3.23	True	no	0	0	0	0	0	0	0	0	0	False	False	False	False	False	False	False	_	0	0	0	12	[eh mio] padre è di merano e: mia madre è di bolzano.	[eh mio] padre è di merano e: mia madre è di bolzano.	eh mio padre è di merano e mia madre è di bolzano
32	BZ010	65.925	66.625	0.7	True	no	0	0	0	0	0	0	0	0	0	False	False	False	False	False	False	False	_	0	0	0	2	ah okay.	ah okay.	ah okay
33	BZ010	66.72	71.09	4.37	True	no	0	0	0	0	0	0	0	0	0	False	False	False	False	False	False	False	_	0	0	0	15	[sono] quindi sono tutti e due nati in alto [adige comun]que. e i nonni anche?	[sono] quindi sono tutti e due nati in alto [adige comun]que. e i nonni anche?	sono quindi sono tutti e due nati in alto adige comunque e i nonni anche
34	BZ008	66.74	67.01	0.27	True	no	0	0	0	0	0	0	0	0	0	False	False	False	False	False	False	False	_	0	0	0	1	[eh]	[eh]	eh
35	BZ008	68.615	69.56	0.945	True	no	0	0	0	0	0	0	0	1	0	False	False	False	False	False	False	False	_	0	0	0	4	[sì sì quello sì.]	[sì sì quello sì].	sì sì quello sì
36	BZ008	71.48	72.59	1.11	True	no	0	0	0	0	0	0	0	0	True	False	False	False	False	False	False	False	37=0.010	0	0	0	4	i nonni anche sì.	i nonni anche sì.	i nonni anche sì
37	BZ010	72.58	78.99	6.41	True	no	0	0	0	0	0	0	0	2	True	False	False	False	False	False	False	False	_	1	0	0	19	ah okay [vedi?] non è una cosa comune trovare una famiglia italiana, (.) che è sempre stata [in alto adige,]	ah okay [vedi]? non è una cosa comune trovare una famiglia italiana, (.) che è sempre stata [in alto adige],	ah okay vedi non è una cosa comune trovare una famiglia italiana (.) che è sempre stata in alto adige
38	BZ008	73.42	73.77	0.35	True	no	0	0	0	0	0	0	0	1	0	False	False	False	False	False	False	False	_	0	0	0	1	[sì.]	[sì].	sì
39	BZ008	78.43	79.21	0.78	True	no	0	0	0	0	0	0	0	1	0	False	False	False	False	False	False	False	_	0	0	0	2	[no sì.]	[no sì].	no sì
40	BZ008	79.635	80.855	1.22	True	no	0	0	0	0	0	0	0	0	0	False	False	False	False	False	False	False	_	0	0	0	5	eh: non so se i:	eh: non so se i:	eh non so se i
41	BZ008	81.28	82.38	1.1	True	no	0	0	0	0	0	0	0	0	0	False	False	False	False	False	False	False	_	0	0	0	3	i miei bisnonni,	i miei bisnonni,	i miei bisnonni
42	BZ008	82.735	83.5	0.765	True	no	0	0	0	0	0	0	0	0	0	False	False	False	False	False	False	False	_	0	0	0	3	non saprei adesso,	non saprei adesso,	non saprei adesso
43	BZ008	83.625	86.405	2.78	True	no	0	0	0	0	0	0	0	0	0	False	False	False	False	False	False	False	_	0	0	0	10	però ancora mia nonna è ancora sì a bolzano infatti.	però ancora mia nonna è ancora sì a bolzano infatti.	però ancora mia nonna è ancora sì a bolzano infatti
44	BZ010	86.97	87.56	0.59	True	no	0	0	0	0	0	0	0	0	0	False	False	False	False	False	False	False	_	0	0	0	1	okay,	okay,	okay
45	BZ010	87.83	89.16	1.33	True	no	0	0	0	0	0	0	0	0	0	False	False	False	False	False	False	False	_	0	0	0	2	wow interessante.	wow interessante.	wow interessante
46	BZ010	89.66	95.65	5.99	True	no	0	0	0	0	0	1	0	0	0	False	False	False	False	True	False	False	48=0.155,47=0.440	0	0	0	21	ehm e quindi poi hai fatto tutte le: le scuole in tedesco mi hai detto [cioè dal]l'asilo al: alle superiori,=	ehm e quindi poi hai fatto tutte le: le scuole in tedesco mi hai detto [cioè dal]l'asilo al: alle superiori,	ehm e quindi poi hai fatto tutte le le scuole in tedesco mi hai detto cioè dall' asilo al alle superiori
47	BZ008	93.0	93.44	0.44	True	no	0	0	0	0	0	0	0	1	0	False	False	False	False	False	False	False	_	0	0	0	1	[esatto.]	[esatto].	esatto
48	BZ008	95.495	96.77	1.275	True	no	0	0	0	0	0	1	0	0	0	False	False	False	False	False	True	False	46=0.155	0	0	0	4	=sì tutto in tedesco.	sì tutto in tedesco.	sì tutto in tedesco
49	BZ010	97.005	97.515	0.51	True	no	0	0	0	0	0	0	0	0	0	False	False	False	False	False	False	False	_	0	0	0	1	chiaro.	chiaro.	chiaro
50	BZ010	97.775	104.935	7.16	True	no	0	0	0	0	0	0	0	0	0	False	False	False	False	False	False	False	_	0	0	0	22	e quindi, ehm: diciamo la lingua con cui tu più ti senti a tuo agio diciamo che ti senti più vicina: eh,	e quindi, ehm: diciamo la lingua con cui tu più ti senti a tuo agio diciamo che ti senti più vicina: eh,	e quindi ehm diciamo la lingua con cui tu più ti senti a tuo agio diciamo che ti senti più vicina eh
51	BZ010	105.56	107.98	2.42	True	no	0	0	0	0	0	0	0	0	0	False	False	False	False	False	False	False	_	0	0	0	6	sap- cioè sceglieresti una delle due,	sap- cioè sceglieresti una delle due,	sap- cioè sceglieresti una delle due
52	BZ010	108.685	111.315	2.63	True	no	0	0	0	0	0	0	0	0	0	False	False	False	False	False	False	False	_	0	0	0	5	[oppure] sono allo stesso livello?	[oppure] sono allo stesso livello?	oppure sono allo stesso livello
53	BZ008	108.745	109.055	0.31	True	no	0	0	0	0	0	0	0	1	0	False	False	False	False	False	False	False	_	0	0	0	1	[m:h,]	[m:h],	mh
54	BZ008	113.205	114.935	1.73	True	no	0	0	0	0	0	0	0	0	0	False	False	False	False	False	False	False	_	0	0	0	3	non saprei esattamente.	non saprei esattamente.	non saprei esattamente
55	BZ008	116.015	118.645	2.63	True	no	0	0	0	0	0	0	0	0	0	False	False	False	False	False	False	False	_	0	0	0	7	dipende dal contesto. ci sono delle cose,	dipende dal contesto. ci sono delle cose,	dipende dal contesto ci sono delle cose
56	BZ008	118.885	122.355	3.47	True	no	0	0	0	0	0	0	0	0	0	False	False	False	False	False	False	False	_	0	0	0	10	a cui penso magari in italiano e altre in tedesco.	a cui penso magari in italiano e altre in tedesco.	a cui penso magari in italiano e altre in tedesco
57	BZ008	122.645	123.695	1.05	True	no	0	0	0	0	0	0	0	0	0	False	False	False	False	False	False	False	_	0	0	0	3	ma dato che,	ma dato che,	ma dato che
58	BZ008	124.245	132.77	8.525	True	no	0	0	0	0	0	0	0	0	0	False	False	False	False	False	False	False	_	0	0	0	28	la mia: >come si dice< <la mia vita> con gli amici e quelle robe che sono un po' più intusias- entusiasmanti son successe con i: miei amici tedeschi,	la mia: >come si dice< <la mia vita> con gli amici e quelle robe che sono un po' più intusias- entusiasmanti son successe con i: miei amici tedeschi,	la mia come si dice la mia vita con gli amici e quelle robe che sono un po' più intusias- entusiasmanti son successe con i miei amici tedeschi
59	BZ010	132.95	133.37	0.42	True	no	0	0	0	0	0	0	0	1	0	False	False	False	False	False	False	False	_	0	0	0	2	mh=[mh,]	mh=[mh],	mh mh
60	BZ008	133.085	135.465	2.38	True	no	0	0	0	0	0	0	0	0	0	False	False	False	False	False	False	False	_	0	0	0	9	[dato che] a merano non avevo quasi amici italiani,	[dato che] a merano non avevo quasi amici italiani,	dato che a merano non avevo quasi amici italiani
61	BZ010	135.97	136.5	0.53	True	no	0	0	0	0	0	0	0	1	0	False	False	False	False	False	False	False	_	0	0	0	1	o[kay,]	o[kay],	okay
62	BZ008	136.17	136.93	0.76	True	no	0	0	0	0	0	0	0	0	0	False	False	False	False	False	False	False	_	0	0	0	1	[allora:]	[allora:]	allora
63	BZ008	137.645	139.355	1.71	True	no	0	0	0	0	0	0	0	1	0	False	False	False	False	False	False	False	_	0	0	0	4	quasi <il tedesco direi.>	quasi <il tedesco direi>.	quasi il tedesco direi
64	BZ008	140.745	144.365	3.62	True	no	0	0	0	0	0	0	0	1	0	False	False	False	False	False	False	False	_	1	0	0	9	perché l'italiano era limitato diciamo a casa, [(.) o:,]	perché l'italiano era limitato diciamo a casa, [(.) o:],	perché l' italiano era limitato diciamo a casa (.) o
65	BZ010	143.79	144.38	0.59	True	no	0	0	0	0	0	0	0	1	0	False	False	False	False	False	False	False	_	0	0	0	2	[mh=mh,]	[mh=mh],	mh mh
66	BZ008	144.89	147.34	2.45	True	no	0	0	0	0	0	0	0	1	0	False	False	False	False	False	False	False	_	0	0	0	7	mia cugina la carlotta se [no: molto,]	mia cugina la carlotta se [no: molto],	mia cugina la carlotta se no molto
67	BZ010	146.48	147.19	0.71	True	no	0	0	0	0	0	0	0	1	0	False	False	False	False	False	False	False	_	0	0	0	1	[okay,]	[okay],	okay
68	BZ008	147.73	151.37	3.64	True	no	0	0	0	0	0	0	0	0	0	False	False	False	False	False	False	False	_	0	0	0	11	anche lo squar- sport di squadra come il calcio: squadra tedesca,	anche lo squar- sport di squadra come il calcio: squadra tedesca,	anche lo squar- sport di squadra come il calcio squadra tedesca
69	BZ008	152.015	154.545	2.53	True	no	0	0	0	0	0	0	0	0	0	False	False	False	False	False	False	False	_	0	0	0	6	con due tre italiani forse perciò,	con due tre italiani forse perciò,	con due tre italiani forse perciò
70	BZ010	154.615	155.225	0.61	True	no	0	0	0	0	0	0	0	0	0	False	False	False	False	False	False	False	_	0	0	0	2	mh=mh,	mh=mh,	mh mh
71	BZ010	156.055	161.385	5.33	True	no	0	0	0	0	0	0	0	0	0	False	False	False	False	False	False	False	_	0	0	0	12	quindi (te-) nella tua vita quotidiana diciamo, mh: la lingua che prevale,	quindi (te-) nella tua vita quotidiana diciamo, mh: la lingua che prevale,	quindi te- nella tua vita quotidiana diciamo mh la lingua che prevale
72	BZ010	161.945	163.015	1.07	True	no	0	0	0	0	0	0	0	0	0	False	False	False	False	False	False	False	_	0	0	0	3	è il tedesco.	è il tedesco.	è il tedesco
73	BZ008	163.545	165.305	1.76	True	no	0	0	0	0	0	0	0	0	0	False	False	False	False	False	False	False	_	0	0	0	4	s:ì direi di sì.	s:ì direi di sì.	sì direi di sì
74	BZ010	165.56	165.9	0.34	True	no	0	0	0	0	0	0	0	1	0	False	False	False	False	False	False	False	_	0	0	0	2	[mh=mh,]	[mh=mh],	mh mh
75	BZ008	165.575	166.305	0.73	True	no	0	0	0	0	0	0	0	0	0	False	False	False	False	False	False	False	_	0	0	0	4	[più o me]no sì.	[più o me]no sì.	più o meno sì
76	BZ010	167.255	167.775	0.52	True	no	0	0	0	0	0	0	0	0	0	False	False	False	False	False	False	False	_	0	0	0	1	chiaro.	chiaro.	chiaro
77	BZ010	168.12	169.72	1.6	True	no	0	0	0	0	0	0	0	0	0	False	False	False	False	False	False	False	_	0	0	0	2	e:: mh:	e:: mh:	e mh
78	BZ010	170.105	177.14	7.035	True	no	0	0	0	0	0	0	0	0	0	False	False	False	False	False	False	False	_	0	0	0	23	e se ti chiedessi tu che rapporto hai con l'italiano, proprio a livello di come lo senti, come lo: percepisci cosa diresti?	e se ti chiedessi tu che rapporto hai con l'italiano, proprio a livello di come lo senti, come lo: percepisci cosa diresti?	e se ti chiedessi tu che rapporto hai con l' italiano proprio a livello di come lo senti come lo percepisci cosa diresti
79	BZ008	179.314	182.604	3.29	True	no	0	0	0	0	0	0	0	0	0	False	False	False	False	False	False	False	_	0	0	0	14	me lo: (un po') me lo sento ugualmente mio alla fine, non è che:,	me lo: (un po') me lo sento ugualmente mio alla fine, non è che:,	me lo un po' me lo sento ugualmente mio alla fine non è che
80	BZ008	182.864	184.164	1.3	True	no	0	0	0	0	0	0	0	0	0	False	False	False	False	False	False	False	_	0	0	0	3	faccio una distinzione,	faccio una distinzione,	faccio una distinzione
81	BZ008	184.689	187.149	2.46	True	no	0	0	0	0	0	0	0	0	0	False	False	False	False	False	False	False	_	0	0	0	6	però in alto adige comunque avendo,	però in alto adige comunque avendo,	però in alto adige comunque avendo
82	BZ008	188.344	196.19	7.846	True	no	0	0	0	0	0	0	0	0	0	False	False	False	False	False	False	False	_	1	0	0	22	alla fine siamo ancora indietro anche (sempre) con lingue che: <tu sei italiano tu sei tedesco> con (.) sta guerra ancora che purtroppo,	alla fine siamo ancora indietro anche (sempre) con lingue che: <tu sei italiano tu sei tedesco> con (.) sta guerra ancora che purtroppo,	alla fine siamo ancora indietro anche sempre con lingue che tu sei italiano tu sei tedesco con (.) sta guerra ancora che purtroppo
83	BZ008	197.064	198.364	1.3	True	no	0	0	0	0	0	0	0	0	0	False	False	False	False	False	False	False	_	0	0	0	4	vecchia come i sassi,	vecchia come i sassi,	vecchia come i sassi
84	BZ008	199.199	200.1	0.901	True	no	0	0	0	0	0	0	0	0	0	False	False	False	False	False	False	False	_	0	0	0	1	e::	e::	e
85	BZ008	200.384	204.374	3.99	True	no	0	0	0	0	0	0	0	0	0	False	False	False	False	False	False	False	_	0	0	0	11	non so, in situazioni, magari preferisci anche non dire che sei,	non so, in situazioni, magari preferisci anche non dire che sei,	non so in situazioni magari preferisci anche non dire che sei
86	BZ008	204.924	206.534	1.61	True	no	0	0	0	0	0	0	0	0	0	False	False	False	False	False	False	False	_	0	0	0	6	più questo o più quell'altro.	più questo o più quell'altro.	più questo o più quell' altro
87	BZ010	206.724	207.24	0.516	True	no	0	0	0	0	0	0	0	1	0	False	False	False	False	False	False	False	_	0	0	0	1	ok[ay,]	ok[ay],	okay
88	BZ008	206.984	207.654	0.67	True	no	0	0	0	0	0	0	0	0	0	False	False	False	False	False	False	False	_	0	0	0	1	[perc]iò:	[perc]iò:	perciò
89	BZ008	208.544	209.224	0.68	True	no	0	0	0	0	0	0	0	0	0	False	False	False	False	False	False	False	_	0	0	0	2	non saprei,	non saprei,	non saprei
90	BZ008	209.519	210.009	0.49	True	no	0	0	0	0	0	0	0	0	0	False	False	False	False	False	False	False	_	0	0	0	1	non:	non:	non
91	BZ008	211.539	214.999	3.46	True	no	0	0	0	0	0	0	0	0	0	False	False	False	False	False	False	False	_	0	0	0	12	quasi sei costretto a vergognarti di una parte di te. per dire,	quasi sei costretto a vergognarti di una parte di te. per dire,	quasi sei costretto a vergognarti di una parte di te per dire
92	BZ008	215.254	220.694	5.44	True	no	0	0	0	0	0	0	0	0	0	False	False	False	False	False	False	False	_	0	0	0	18	dipendentemente mh dal contesto, che magari ogni tanto giri con italiani che son contro i tedeschi dici okay,	dipendentemente mh dal contesto, che magari ogni tanto giri con italiani che son contro i tedeschi dici okay,	dipendentemente mh dal contesto che magari ogni tanto giri con italiani che son contro i tedeschi dici okay
93	BZ008	222.159	224.599	2.44	True	no	0	0	0	0	0	0	0	0	0	False	False	False	False	False	False	False	_	0	0	0	6	parlo solo italiano e poi: viceversa.	parlo solo italiano e poi: viceversa.	parlo solo italiano e poi viceversa
94	BZ010	224.884	228.34	3.456	True	no	0	0	0	0	0	1	0	0	0	False	False	False	False	False	False	False	_	0	0	0	11	chiaro e ti è capitato proprio in prima persona questa cosa?=	chiaro e ti è capitato proprio in prima persona questa cosa?	chiaro e ti è capitato proprio in prima persona questa cosa
95	BZ008	228.354	230.524	2.17	True	no	0	0	0	0	0	1	0	0	0	False	False	False	False	False	False	False	_	0	0	0	3	=sinceramente no perché:	sinceramente no perché:	sinceramente no perché
96	BZ008	231.334	235.314	3.98	True	no	0	0	0	0	0	0	0	0	0	False	False	False	False	False	False	False	_	0	0	0	10	più o meno parlando le: entrambe le lingue abbastanza decentemente,	più o meno parlando le: entrambe le lingue abbastanza decentemente,	più o meno parlando le entrambe le lingue abbastanza decentemente
97	BZ008	235.809	236.919	1.11	True	no	0	0	0	0	0	0	0	0	0	False	False	False	False	False	False	False	_	0	0	0	1	non:	non:	non
98	BZ008	237.389	241.589	4.2	True	no	0	0	0	0	0	0	0	1	0	False	False	False	False	False	False	False	_	1	0	0	14	non vieni mai colto per dire [nessuno ti viene a dire che,] (.) però non,	non vieni mai colto per dire [nessuno ti viene a dire che], (.) però non,	non vieni mai colto per dire nessuno ti viene a dire che (.) però non
99	BZ010	239.394	240.624	1.23	True	no	0	0	0	0	0	0	0	1	0	False	False	False	False	False	False	False	_	0	0	0	2	[ah okay,]	[ah okay],	ah okay
100	BZ008	242.894	245.21	2.316	True	no	0	0	0	0	0	0	0	1	0	False	False	False	False	False	False	False	_	0	0	0	8	no, quello no però l'ho vissuto [diciamo.]	no, quello no però l'ho vissuto [diciamo].	no quello no però l' ho vissuto diciamo
101	BZ010	244.704	250.29	5.586	True	no	0	0	0	0	0	0	0	1	0	False	False	False	False	False	False	False	_	0	0	0	18	[però ti è capita]to magari di non dire che sapevi anche molto bene l'altra: l'altra [lingua.]	[però ti è capita]to magari di non dire che sapevi anche molto bene l'altra: l'altra [lingua].	però ti è capitato magari di non dire che sapevi anche molto bene l' altra l' altra lingua
102	BZ008	249.782	251.612	1.83	True	no	0	0	0	0	0	0	0	0	0	False	False	False	False	False	False	False	_	0	0	0	3	[sì si]curamente che:,	[sì si]curamente che:,	sì sicuramente che
103	BZ008	253.252	256.882	3.63	True	no	0	0	0	0	0	0	0	0	0	False	False	False	False	False	False	False	_	0	0	0	11	ci sono quelli proprio contro contro gli italiani che lì magari,	ci sono quelli proprio contro contro gli italiani che lì magari,	ci sono quelli proprio contro contro gli italiani che lì magari
104	BZ008	257.462	261.452	3.99	True	no	0	0	0	0	0	0	0	1	0	False	False	False	False	False	False	False	_	1	1	0	14	nel contesto non vai a dire ah sì sì [io: (.) io son- so parlarlo.] ((ridendo))	nel contesto non vai a dire ah sì sì [io: (.) io son- so parlarlo]. ((ridendo))	nel contesto non vai a dire ah sì sì io (.) io son- so parlarlo ((ridendo))
105	BZ010	259.332	261.19	1.858	True	no	0	0	0	0	0	0	0	1	0	False	False	False	False	False	False	False	_	0	1	0	1	[((ride)) certo,]	[((ride)) certo],	((ride)) certo
106	BZ008	261.742	263.2485	1.528	True	no	0	0	0	0	0	1	1	0	0	False	False	False	False	False	False	False	_	0	0	0	6	no perché boh un po' strano.=	no perché boh un po' strano.	no perché boh un po' strano
107	BZ010	263.2485	264.037	0.81	True	no	0	0	0	0	0	1	1	0	0	False	False	False	False	False	False	False	_	0	0	0	2	=grazie mille.	grazie mille.	grazie mille
108	BZ008	265.697	266.257	0.56	True	no	0	0	0	0	0	0	0	0	0	False	False	False	False	False	False	False	_	0	0	0	1	grazie.	grazie.	grazie
109	BZ010	267.242	268.092	0.85	True	no	0	0	0	0	0	0	0	0	0	False	False	False	False	False	False	False	_	0	0	0	2	ho capito.	ho capito.	ho capito
110	BZ010	268.972	270.702	1.73	True	no	0	0	0	0	0	0	0	0	0	False	False	False	False	False	False	False	_	0	0	0	2	e:: mh::	e:: mh::	e mh
111	BZ010	271.902	272.242	0.34	True	no	0	0	0	0	0	0	0	0	0	False	False	False	False	False	False	False	_	0	0	0	1	e,	e,	e
112	BZ010	272.62	278.367	5.747	True	no	0	0	0	0	0	0	0	0	0	False	False	False	False	False	False	False	_	1	0	0	20	e quindi (.) eh anche l'italiano lo senti tuo e p- e però forse il dialetto è un po' più:	e quindi (.) eh anche l'italiano lo senti tuo e p- e però forse il dialetto è un po' più:	e quindi (.) eh anche l' italiano lo senti tuo e p- e però forse il dialetto è un po' più
113	BZ010	278.697	283.78	5.083	True	no	0	0	0	0	0	0	0	0	0	False	False	False	False	False	False	False	_	0	0	0	10	la la lingua insomma con cui vivi le tue:: amicizie: [xx]	la la lingua insomma con cui vivi le tue:: amicizie: [xx]	la la lingua insomma con cui vivi le tue amicizie xx
114	BZ008	283.032	286.13	3.098	True	no	0	0	0	0	0	0	0	0	0	False	False	False	False	False	False	False	_	0	0	0	7	[sì esat]tamente. anche: come ex ragazze tipo,	[sì esat]tamente. anche: come ex ragazze tipo,	sì esattamente anche come ex ragazze tipo
115	BZ008	286.422	288.532	2.11	True	no	0	0	0	0	0	0	0	0	0	False	False	False	False	False	False	False	_	0	0	0	7	non ho mai avuto u:na ragazza italiana,	non ho mai avuto u:na ragazza italiana,	non ho mai avuto una ragazza italiana
116	BZ010	288.632	289.27	0.638	True	no	0	0	0	0	0	0	0	1	0	False	False	False	False	False	False	False	_	0	0	0	2	ah ok[ay.]	ah ok[ay].	ah okay
117	BZ008	289.142	289.862	0.72	True	no	0	0	0	0	0	0	0	1	0	False	False	False	False	False	False	False	_	0	0	0	2	[perciò era,]	[perciò era],	perciò era
118	BZ008	290.767	292.137	1.37	True	no	0	0	0	0	0	0	0	0	0	False	False	False	False	False	False	False	_	0	0	0	6	più o meno sempre il tedesco.	più o meno sempre il tedesco.	più o meno sempre il tedesco
119	BZ008	292.467	295.707	3.24	True	no	0	0	0	0	0	0	0	0	0	False	False	False	False	False	False	False	_	1	0	0	9	ma immagino proprio per il motivo di: (.) essere andato,	ma immagino proprio per il motivo di: (.) essere andato,	ma immagino proprio per il motivo di (.) essere andato
120	BZ008	296.402	297.142	0.74	True	no	0	0	0	0	0	0	0	0	0	False	False	False	False	False	False	False	_	0	0	0	3	a scuole tedesche.	a scuole tedesche.	a scuole tedesche
121	BZ010	297.267	297.757	0.49	True	no	0	0	0	0	0	0	0	0	0	False	False	False	False	False	False	False	_	0	0	0	2	mh=mh,	mh=mh,	mh mh
122	BZ008	297.867	300.68	2.813	True	no	0	0	0	0	0	0	0	0	0	False	False	False	False	False	False	False	_	1	0	0	10	gli amici che ti fai com- (.) son quelli della scuola.	gli amici che ti fai com- (.) son quelli della scuola.	gli amici che ti fai com- (.) son quelli della scuola
123	BZ010	301.017	304.137	3.12	True	no	0	0	0	0	0	0	0	1	0	False	False	False	False	False	False	False	_	0	0	0	8	certo. e dello sport mi di[cevi anche quindi,]	certo. e dello sport mi di[cevi anche quindi],	certo e dello sport mi dicevi anche quindi
124	BZ008	302.742	304.592	1.85	True	no	0	0	0	0	0	0	0	0	0	False	False	False	False	False	False	False	_	0	0	0	7	[e dello sport sì che al]la fine,	[e dello sport sì che al]la fine,	e dello sport sì che alla fine
125	BZ010	305.052	305.552	0.5	True	no	0	0	0	0	0	0	0	0	0	False	False	False	False	False	False	False	_	0	0	0	2	mh=mh.	mh=mh.	mh mh
126	BZ008	305.577	306.517	0.94	True	no	0	0	0	0	0	0	0	0	0	False	False	False	False	False	False	False	_	0	0	0	1	perciò:	perciò:	perciò
127	BZ008	307.272	307.622	0.35	True	no	0	0	0	0	0	0	0	0	0	False	False	False	False	False	False	False	_	0	0	0	1	sì,	sì,	sì
128	BZ008	307.832	308.132	0.3	True	no	0	0	0	0	0	0	0	0	0	False	False	False	False	False	False	False	_	0	0	0	1	mh	mh	mh
129	BZ008	308.777	309.957	1.18	True	no	0	0	0	0	0	0	0	0	0	False	False	False	False	False	False	False	_	0	0	0	3	negli ultimi anni,	negli ultimi anni,	negli ultimi anni
130	BZ008	310.842	314.772	3.93	True	no	0	0	0	0	0	0	0	0	0	False	False	False	False	False	False	False	_	0	0	0	14	anche con lo sco- con: il corso di snowboard che ci son tanti italiani,	anche con lo sco- con: il corso di snowboard che ci son tanti italiani,	anche con lo sco- con il corso di snowboard che ci son tanti italiani
131	BZ010	315.032	315.6885	0.658	True	no	0	0	0	0	0	0	1	0	0	False	False	False	False	False	False	False	_	0	0	0	2	ah sì?	ah sì?	ah sì
132	BZ008	315.6885	319.257	3.57	True	no	0	0	0	0	0	0	1	0	0	False	False	False	False	False	False	False	_	0	0	0	16	il cerco se- si è allar- si è allargato molto. sì siam pochi dell'alto adige,	il cerco se- si è allar- si è allargato molto. sì siam pochi dell'alto adige,	il cerco se- si è allar- si è allargato molto sì siam pochi dell' alto adige
133	BZ008	319.597	321.057	1.46	True	no	0	0	0	0	0	0	0	0	True	False	False	False	False	False	False	False	134=0.015	0	0	0	3	siamo tipo i:n,	siamo tipo i:n,	siamo tipo in
134	BZ010	321.042	323.152	2.11	True	no	0	0	0	0	0	0	0	1	True	False	False	False	False	False	False	False	_	0	0	0	7	cioè i clienti dici o i ma[estri?]	cioè i clienti dici o i ma[estri]?	cioè i clienti dici o i maestri
135	BZ008	322.792	325.172	2.38	True	no	0	0	0	0	0	0	0	1	0	False	False	False	False	False	False	False	_	0	0	0	8	[no i i] i maestri [con il corso,]	[no i i] i maestri [con il corso],	no i i i maestri con il corso
136	BZ010	324.292	325.182	0.89	True	no	0	0	0	0	0	0	0	1	True	False	False	False	False	False	False	False	_	0	0	0	2	[ma dai.]	[ma dai].	ma dai
137	BZ008	325.172	326.032	0.86	True	no	0	0	0	0	0	0	0	1	True	False	False	False	False	False	False	False	_	0	0	0	3	sì sì [son,]	sì sì [son],	sì sì son
138	BZ010	325.677	327.817	2.14	True	no	0	0	0	0	0	1	0	0	0	False	False	False	False	True	False	False	137=0.355,139=0.205	0	0	0	9	[ma sai] che non avrei mai detto questa cosa?=	[ma sai] che non avrei mai detto questa cosa?	ma sai che non avrei mai detto questa cosa
139	BZ008	327.612	329.532	1.92	True	no	0	0	0	0	0	1	0	0	0	False	False	False	False	False	True	False	138=0.205	0	0	0	7	=no s- e infatti è strano, eh:	no s- e infatti è strano, eh:	no s- e infatti è strano eh
140	BZ008	330.357	332.207	1.85	True	no	0	0	0	0	0	0	0	0	0	False	False	False	False	False	False	False	_	0	0	0	7	anche io non avrei detto però siamo:,	anche io non avrei detto però siamo:,	anche io non avrei detto però siamo
141	BZ010	332.207	337.087	4.88	True	no	0	0	0	0	0	0	0	0	0	False	False	False	False	False	False	False	_	0	0	0	17	cioè avrei pensato che quell'ambiente là è proprio <il più tedesco> di tutti [e invece] vedi,	cioè avrei pensato che quell'ambiente là è proprio <il più tedesco> di tutti [e invece] vedi,	cioè avrei pensato che quell' ambiente là è proprio il più tedesco di tutti e invece vedi
142	BZ008	335.752	336.782	1.03	True	no	0	0	0	0	0	0	0	1	0	False	False	False	False	False	False	False	_	0	0	0	2	[no infatti,]	[no infatti],	no infatti
143	BZ008	337.652	341.292	3.64	True	no	0	0	0	0	0	0	0	0	0	False	False	False	False	False	False	False	_	1	0	0	9	ehm anche io ero meravigliato [quando, (.) però sì] interessante.	ehm anche io ero meravigliato [quando, (.) però sì] interessante.	ehm anche io ero meravigliato quando (.) però sì interessante
144	BZ010	339.337	340.417	1.08	True	no	0	0	0	0	0	0	0	0	0	False	False	False	False	False	False	False	_	0	1	0	0	[((ride))]	[((ride))]	((ride))
145	BZ010	341.552	342.462	0.91	True	no	0	0	0	0	0	0	0	1	0	False	False	False	False	False	False	False	_	0	0	0	2	[infatti sì.]	[infatti sì].	infatti sì
146	BZ008	341.552	344.612	3.06	True	no	0	0	0	0	0	0	0	0	0	False	False	False	False	False	False	False	_	0	0	0	12	[(che) siamo pratica]mente un gruppo di venti, che stiam facendo i corsi,	[(che) siamo pratica]mente un gruppo di venti, che stiam facendo i corsi,	che siamo praticamente un gruppo di venti che stiam facendo i corsi
147	BZ008	345.197	346.117	0.92	True	no	0	0	0	0	0	0	0	0	0	False	False	False	False	False	False	False	_	0	0	0	3	perché è un:	perché è un:	perché è un
148	BZ008	346.562	347.902	1.34	True	no	0	0	0	0	0	0	0	0	0	False	False	False	False	False	False	False	_	0	0	0	5	corso di tre anni tipo,	corso di tre anni tipo,	corso di tre anni tipo
149	BZ008	348.357	348.887	0.53	True	no	0	0	0	0	0	0	0	0	0	False	False	False	False	False	False	False	_	0	0	0	1	e:	e:	e
150	BZ008	349.327	352.63	3.303	True	no	0	0	0	0	0	0	0	0	0	False	False	False	False	False	False	False	_	1	0	0	15	puoi farlo o in tedesco o in italiano, (.) e noi lo facciamo tutti in italiano.	puoi farlo o in tedesco o in italiano, (.) e noi lo facciamo tutti in italiano.	puoi farlo o in tedesco o in italiano (.) e noi lo facciamo tutti in italiano
151	BZ010	353.491	354.14	0.649	True	no	0	0	0	0	0	0	0	1	0	False	False	False	False	False	False	False	_	0	0	0	1	chia[ro.]	chia[ro].	chiaro
152	BZ008	353.947	357.298	3.351	True	no	0	0	0	0	0	0	0	0	0	False	False	False	False	False	False	False	_	1	0	0	11	[e] siamo, (.) lo fanno tutti in italiano allora, per stare insieme	[e] siamo, (.) lo fanno tutti in italiano allora, per stare insieme	e siamo (.) lo fanno tutti in italiano allora per stare insieme
153	BZ008	357.578	358.719	1.141	True	no	0	0	0	0	0	0	0	0	0	False	False	False	False	False	False	False	_	0	0	0	4	facciam tutti in italiano.	facciam tutti in italiano.	facciam tutti in italiano
154	BZ010	359.368	360.263	0.895	True	no	0	0	0	0	0	0	0	0	0	False	False	False	False	False	False	False	_	0	0	0	2	ho capito.	ho capito.	ho capito
155	BZ010	361.403	366.754	5.351	True	no	0	0	0	0	0	0	0	0	0	False	False	False	False	False	False	False	_	0	0	0	11	e senti invece, con il: hochdeutsch, eh: che: che rapporto hai?	e senti invece, con il: hochdeutsch, eh: che: che rapporto hai?	e senti invece con il hochdeutsch eh che che rapporto hai
156	BZ008	368.07	369.947	1.877	True	no	0	0	0	0	0	0	0	0	0	False	False	False	False	False	False	False	_	0	0	0	4	ehm: non lo disprezzo,	ehm: non lo disprezzo,	ehm non lo disprezzo
157	BZ008	370.386	371.087	0.701	True	no	0	0	0	0	0	0	0	0	0	False	False	False	False	False	False	False	_	0	0	0	2	per dire,	per dire,	per dire
158	BZ008	371.5	377.307	5.807	True	no	0	0	0	0	0	0	0	0	0	False	False	False	False	False	False	False	_	0	0	0	18	eh: ma non perché l'ho parlato tanto qua da noi, ma più che altro per il lavoro,	eh: ma non perché l'ho parlato tanto qua da noi, ma più che altro per il lavoro,	eh ma non perché l' ho parlato tanto qua da noi ma più che altro per il lavoro
159	BZ008	377.956	379.184	1.228	True	no	0	0	0	0	0	0	0	0	0	False	False	False	False	False	False	False	_	0	0	0	3	e avendo viaggiato,	e avendo viaggiato,	e avendo viaggiato
160	BZ008	379.614	383.228	3.614	True	no	0	0	0	0	0	0	0	0	0	False	False	False	False	False	False	False	_	0	0	0	13	ho conosciuto anche tanti tedeschi che magari quando l'inglese non era ancora:	ho conosciuto anche tanti tedeschi che magari quando l'inglese non era ancora:	ho conosciuto anche tanti tedeschi che magari quando l' inglese non era ancora
161	BZ008	383.623	384.325	0.702	True	no	0	0	0	0	0	0	0	0	0	False	False	False	False	False	False	False	_	0	0	0	2	a livello,	a livello,	a livello
162	BZ008	384.685	387.755	3.07	True	no	0	0	0	0	0	0	0	0	0	False	False	False	False	False	False	False	_	0	0	0	9	avevi: l'opportunità di parlare un po' il hochdeutsch.	avevi: l'opportunità di parlare un po' il hochdeutsch.	avevi l' opportunità di parlare un po' il hochdeutsch
163	BZ010	388.036	388.422	0.386	True	no	0	0	0	0	0	0	0	1	0	False	False	False	False	False	False	False	_	0	0	0	2	[mh=mh,]	[mh=mh],	mh mh
164	BZ008	388.238	388.887	0.649	True	no	0	0	0	0	0	0	0	0	0	False	False	False	False	False	False	False	_	0	0	0	1	[e:]	[e:]	e
165	BZ008	389.536	392.115	2.579	True	no	0	0	0	0	0	0	0	0	0	False	False	False	False	False	False	False	_	0	0	0	8	dato che era meglio del:l'inglese all'epoca,	dato che era meglio del:l'inglese all'epoca,	dato che era meglio dell' inglese all' epoca
166	BZ008	392.747	395.852	3.105	True	no	0	0	0	0	0	0	0	0	0	False	False	False	False	False	False	False	_	0	0	0	9	magari rius- riuscivo a s- esprimermi meglio per poi:,	magari rius- riuscivo a s- esprimermi meglio per poi:,	magari rius- riuscivo a s- esprimermi meglio per poi
167	BZ008	396.606	398.712	2.106	True	no	0	0	0	0	0	0	0	0	0	False	False	False	False	False	False	False	_	0	0	0	7	vorrei xxirlo a parlare un po' meglio,	vorrei xxirlo a parlare un po' meglio,	vorrei xxirlo a parlare un po' meglio
168	BZ008	399.107	400.089	0.982	True	no	0	0	0	0	0	0	0	0	0	False	False	False	False	False	False	False	_	0	0	0	1	però::,	però::,	però
169	BZ008	400.66	402.87	2.21	True	no	0	0	0	0	0	0	0	0	0	False	False	False	False	False	False	False	_	1	0	0	5	sicuramente non (.) non lo disprezzo.	sicuramente non (.) non lo disprezzo.	sicuramente non (.) non lo disprezzo
170	BZ010	402.87	403.853	0.983	True	no	0	0	0	0	0	0	0	0	0	False	False	False	False	False	False	False	_	0	0	0	2	ho capito.	ho capito.	ho capito
171	BZ010	404.283	410.631	6.348	True	no	0	0	0	0	0	0	0	0	0	False	False	False	False	False	False	False	_	1	0	0	16	e: invece adesso sei più sicuro con l'inglese, (.) che con il: il tedesco [standard] diciamo,	e: invece adesso sei più sicuro con l'inglese, (.) che con il: il tedesco [standard] diciamo,	e invece adesso sei più sicuro con l' inglese (.) che con il il tedesco standard diciamo
172	BZ008	408.967	409.441	0.474	True	no	0	0	0	0	0	0	0	0	0	False	False	False	False	False	False	False	_	0	0	0	1	[con]	[con]	con
173	BZ008	411.003	411.494	0.491	True	no	0	0	0	0	0	0	0	0	0	False	False	False	False	False	False	False	_	0	0	0	1	sì.	sì.	sì
174	BZ008	411.854	415.047	3.193	True	no	0	0	0	0	0	0	0	0	0	False	False	False	False	False	False	False	_	0	0	0	12	[sì quasi:] quasi più sicuro con l'inglese che con altre lingue.	[sì quasi:] quasi più sicuro con l'inglese che con altre lingue.	sì quasi quasi più sicuro con l' inglese che con altre lingue
175	BZ010	412.021	412.494	0.473	True	no	0	0	0	0	0	0	0	1	0	False	False	False	False	False	False	False	_	0	0	0	2	[ah=ah,]	[ah=ah],	ah ah
176	BZ008	415.319	415.898	0.579	True	no	0	0	0	0	0	1	0	0	0	False	False	False	False	False	True	False	177=0.140	0	0	0	2	per dire.=	per dire.	per dire
177	BZ010	415.758	416.231	0.473	True	no	0	0	0	0	0	1	0	0	0	False	False	False	False	False	True	False	176=0.140	0	0	0	1	=chiaro.	chiaro.	chiaro
178	BZ008	416.88	418.775	1.895	True	no	0	0	0	0	0	0	0	0	0	False	False	False	False	False	False	False	_	0	0	0	7	perché alla fine l'inglese è molto:	perché alla fine l'inglese è molto:	perché alla fine l' inglese è molto
179	BZ008	419.327	422.906	3.579	True	no	0	0	0	0	0	0	0	0	0	False	False	False	False	False	False	False	_	0	0	0	9	basilare per dire, ci sono molte parole pe:r esprimere:,	basilare per dire, ci sono molte parole pe:r esprimere:,	basilare per dire ci sono molte parole per esprimere
180	BZ008	423.494	423.845	0.351	True	no	0	0	0	0	0	0	0	0	0	False	False	False	False	False	False	False	_	0	0	0	1	boh,	boh,	boh
181	BZ008	424.52	429.31	4.79	True	no	0	0	0	0	0	0	0	0	0	False	False	False	False	False	False	False	_	0	0	0	16	come ti senti anche: che m- in tedesco magari non riusciresti così bene neanche in italiano.	come ti senti anche: che m- in tedesco magari non riusciresti così bene neanche in italiano.	come ti senti anche che m- in tedesco magari non riusciresti così bene neanche in italiano
182	BZ010	429.361	429.721	0.36	True	no	0	0	0	0	0	0	0	0	0	False	False	False	False	False	False	False	_	0	0	0	2	mh=mh,	mh=mh,	mh mh
183	BZ008	429.749	432.977	3.228	True	no	0	0	0	0	0	0	0	0	0	False	False	False	False	False	False	False	_	0	0	0	9	perché in inglese c'è esattamente quella parolina che,	perché in inglese c'è esattamente quella parolina che,	perché in inglese c' è esattamente quella parolina che
184	BZ008	433.548	435.513	1.965	True	no	0	0	0	0	0	0	0	0	0	False	False	False	False	False	False	False	_	0	0	0	4	riesce proprio a spiegarlo. [xx]	riesce proprio a spiegarlo. [xx]	riesce proprio a spiegarlo xx
185	BZ010	434.871	435.504	0.633	True	no	0	0	0	0	0	0	0	1	0	False	False	False	False	False	False	False	_	0	0	0	1	[okay,]	[okay],	okay
186	BZ010	435.644	438.487	2.843	True	no	0	0	0	0	0	0	0	1	0	False	False	False	False	False	False	False	_	0	0	0	8	è più come preciso: [su quella cosa là.]	è più come preciso: [su quella cosa là].	è più come preciso su quella cosa là
187	BZ008	437.004	438.495	1.491	True	no	0	0	0	0	0	0	0	1	0	False	False	False	False	False	False	False	_	0	0	0	4	[sì è più, sì.]	[sì è più, sì].	sì è più sì
188	BZ010	438.583	440.6	2.017	True	no	0	0	0	0	0	0	0	0	0	False	False	False	False	False	False	False	_	0	0	0	5	okay, ho capito cosa intendi.	okay, ho capito cosa intendi.	okay ho capito cosa intendi
189	BZ010	441.179	447.004	5.825	True	no	0	0	0	0	0	0	0	0	0	False	False	False	False	False	False	False	_	0	0	0	15	ehm: perché tu quindi nella tua, vita quotidiana il il hochdeutsch non lo parlavi mai?	ehm: perché tu quindi nella tua, vita quotidiana il il hochdeutsch non lo parlavi mai?	ehm perché tu quindi nella tua vita quotidiana il il hochdeutsch non lo parlavi mai
190	BZ010	447.328	448.837	1.509	True	no	0	0	0	0	0	0	0	0	0	False	False	False	False	False	False	False	_	0	0	0	4	non parlavi parli mai,	non parlavi parli mai,	non parlavi parli mai
191	BZ008	449.214	450.302	1.088	True	no	0	0	0	0	0	0	0	0	0	False	False	False	False	False	False	False	_	0	0	0	3	tranne a scuola,	tranne a scuola,	tranne a scuola
192	BZ010	450.539	451.0	0.461	True	no	0	0	0	0	0	1	0	0	True	False	False	False	False	False	False	False	193=0.013	0	0	0	2	mh=mh,=	mh=mh,	mh mh
193	BZ008	450.987	451.952	0.965	True	no	0	0	0	0	0	1	0	0	True	False	False	False	False	False	False	False	_	0	0	0	1	=ch[e:]	ch[e:]	che
194	BZ010	451.25	452.842	1.592	True	no	0	0	0	0	0	1	0	0	True	False	False	False	False	False	False	False	_	0	0	0	4	[con] con i professori?=	[con] con i professori?	con con i professori
195	BZ008	452.759	454.11	1.351	True	no	0	0	0	0	0	1	0	0	True	False	False	False	False	False	False	False	194=0.083	0	0	0	4	=sì con i professori,	sì con i professori,	sì con i professori
196	BZ008	455.092	456.478	1.386	True	no	0	0	0	0	0	0	0	0	0	False	False	False	False	False	False	False	_	0	0	0	3	che alla fine::	che alla fine::	che alla fine
197	BZ008	457.04	461.584	4.544	True	no	0	0	0	0	0	0	0	0	0	False	False	False	False	False	False	False	_	0	0	0	14	<dicevano, sì devi parlare> ma poi alla fine fra una cosa e l'altra,	<dicevano, sì devi parlare> ma poi alla fine fra una cosa e l'altra,	dicevano sì devi parlare ma poi alla fine fra una cosa e l' altra
198	BZ008	462.409	464.315	1.906	True	no	0	0	0	0	0	0	0	0	0	False	False	False	False	False	False	False	_	1	0	0	5	poco vai a pa- (.) scrivevi,	poco vai a pa- (.) scrivevi,	poco vai a pa- (.) scrivevi
199	BZ008	464.742	467.181	2.439	True	no	0	0	0	0	0	0	0	1	0	False	False	False	False	False	False	False	_	0	0	0	9	i testi e tutte le cose come [fai però,]	i testi e tutte le cose come [fai però],	i testi e tutte le cose come fai però
200	BZ010	466.567	467.198	0.631	True	no	0	0	0	0	0	0	0	1	0	False	False	False	False	False	False	False	_	0	0	0	2	[mh=mh,]	[mh=mh],	mh mh
201	BZ008	467.488	471.804	4.316	True	no	0	0	0	0	0	0	0	0	0	False	False	False	False	False	False	False	_	1	0	0	11	(no) poco. (.) sinceramente solo con: tutti gli ospiti che vengono adesso,	(no) poco. (.) sinceramente solo con: tutti gli ospiti che vengono adesso,	no poco (.) sinceramente solo con tutti gli ospiti che vengono adesso
202	BZ008	472.313	474.138	1.825	True	no	0	0	0	0	0	0	0	0	0	False	False	False	False	False	False	False	_	0	0	0	4	[e: (prendono)] lezioni di:,	[e: (prendono)] lezioni di:,	e prendono lezioni di
203	BZ010	472.339	472.901	0.562	True	no	0	0	0	0	0	0	0	1	0	False	False	False	False	False	False	False	_	0	0	0	1	[okay,]	[okay],	okay
204	BZ008	474.989	480.304	5.315	True	no	0	0	0	0	0	0	0	0	0	False	False	False	False	False	False	False	_	0	0	0	13	è anche: abbastanza utile >riuscire< perché se parli un po': il dialetto nostro,	è anche: abbastanza utile >riuscire< perché se parli un po': il dialetto nostro,	è anche abbastanza utile riuscire perché se parli un po' il dialetto nostro
205	BZ008	481.129	485.445	4.316	True	no	0	0	0	0	0	0	0	0	0	False	False	False	False	False	False	False	_	1	0	0	14	hanno spesso difficoltà, (.) e anche quando ogni tanto ti impegni a parlare il hochdeutsch,	hanno spesso difficoltà, (.) e anche quando ogni tanto ti impegni a parlare il hochdeutsch,	hanno spesso difficoltà (.) e anche quando ogni tanto ti impegni a parlare il hochdeutsch
206	BZ008	485.858	489.173	3.315	True	no	0	0	0	0	0	0	0	0	0	False	False	False	False	False	False	False	_	0	0	0	14	magari dici quella parolina in dialetto che già li mette un po' in c-	magari dici quella parolina in dialetto che già li mette un po' in c-	magari dici quella parolina in dialetto che già li mette un po' in c-
207	BZ008	489.594	495.507	5.913	True	no	0	0	0	0	0	0	0	0	0	False	False	False	False	False	False	False	_	1	0	0	14	casino, perciò è anche molto importante riuscire, (.) a comunicare abbastanza bene anche: in hochdeutsch.	casino, perciò è anche molto importante riuscire, (.) a comunicare abbastanza bene anche: in hochdeutsch.	casino perciò è anche molto importante riuscire (.) a comunicare abbastanza bene anche in hochdeutsch
208	BZ010	495.822	496.333	0.511	True	no	0	0	0	0	0	0	0	0	0	False	False	False	False	False	False	False	_	0	0	0	1	chiaro.	chiaro.	chiaro
209	BZ010	496.752	497.647	0.895	True	no	0	0	0	0	0	0	0	0	0	False	False	False	False	False	False	False	_	0	0	0	2	chiaro chiaro.	chiaro chiaro.	chiaro chiaro
210	BZ010	498.156	501.928	3.772	True	no	0	0	0	0	0	0	0	0	0	False	False	False	False	False	False	False	_	0	0	0	9	ehm però se: mh se d- dovessi scegliere diciamo,	ehm però se: mh se d- dovessi scegliere diciamo,	ehm però se mh se d- dovessi scegliere diciamo
211	BZ010	502.42	508.121	5.701	True	no	0	0	0	0	0	0	0	0	0	False	False	False	False	False	False	False	_	0	0	0	19	se eh a parte il dialetto tedesco, se con una persona ti dovessi rapportare in italiano o in hochdetusch,	se eh a parte il dialetto tedesco, se con una persona ti dovessi rapportare in italiano o in hochdetusch,	se eh a parte il dialetto tedesco se con una persona ti dovessi rapportare in italiano o in hochdetusch
212	BZ010	508.472	510.279	1.807	True	no	0	0	0	0	0	0	0	1	0	False	False	False	False	False	False	False	_	0	0	0	4	tenderesti all'italiano [penso?]	tenderesti all'italiano [penso]?	tenderesti all' italiano penso
213	BZ008	509.946	512.245	2.299	True	no	0	0	0	0	0	0	0	1	0	False	False	False	False	False	False	False	_	1	0	0	8	[no all'ita]liano sì=sì=sì=sì. [(.) sicuro.]	[no all'ita]liano sì=sì=sì=sì. [(.) sicuro].	no all' italiano sì sì sì sì (.) sicuro
214	BZ010	511.569	512.253	0.684	True	no	0	0	0	0	0	0	0	1	0	False	False	False	False	False	False	False	_	0	0	0	2	[mh=mh,]	[mh=mh],	mh mh
215	BZ010	512.797	513.289	0.492	True	no	0	0	0	0	0	0	0	0	0	False	False	False	False	False	False	False	_	0	0	0	1	chiaro.	chiaro.	chiaro
216	BZ008	513.807	517.087	3.28	True	no	0	0	0	0	0	0	0	0	0	False	False	False	False	False	False	False	_	0	1	0	8	preferisco anche l'inglese anche [sì sì sì ((ride))]	preferisco anche l'inglese anche [sì sì sì ((ride))]	preferisco anche l' inglese anche sì sì sì ((ride))
217	BZ010	515.544	518.526	2.982	True	no	0	0	0	0	0	0	0	1	0	False	False	False	False	False	False	False	_	1	1	0	5	[okay ((ride))] (.) giusto lo dicevi [prima.]	[okay ((ride))] (.) giusto lo dicevi [prima].	okay ((ride)) (.) giusto lo dicevi prima
218	BZ008	518.07	521.158	3.088	True	no	0	0	0	0	0	0	0	0	0	False	False	False	False	False	False	False	_	1	0	0	9	[sì] ah piuttosto che: perché, (.) con l'hochdeutsch boh.	[sì] ah piuttosto che: perché, (.) con l'hochdeutsch boh.	sì ah piuttosto che perché (.) con l' hochdeutsch boh
219	BZ008	521.658	523.676	2.018	True	no	0	0	0	0	0	0	0	0	0	False	False	False	False	False	False	False	_	0	0	0	9	sei sempre lì a pensare un attimino in più.	sei sempre lì a pensare un attimino in più.	sei sempre lì a pensare un attimino in più
220	BZ010	523.869	524.259	0.394	True	no	0	0	0	0	0	0	1	0	0	False	False	False	False	False	False	False	_	0	0	0	2	mh=mh,	mh=mh,	mh mh
221	BZ008	524.259	524.947	0.692	True	no	0	0	0	0	0	0	1	0	0	False	False	False	False	False	False	False	_	0	0	0	2	quello sicuro.	quello sicuro.	quello sicuro
222	BZ010	525.247	525.738	0.491	True	no	0	0	0	0	0	0	0	0	0	False	False	False	False	False	False	False	_	0	0	0	1	chiaro.	chiaro.	chiaro
223	BZ010	526.799	531.642	4.843	True	no	0	0	0	0	0	0	0	0	0	False	False	False	False	False	False	False	_	0	0	0	15	ehm: senti io a questa domanda non saprei rispondere però lo chiedo perché alcuni sì.	ehm: senti io a questa domanda non saprei rispondere però lo chiedo perché alcuni sì.	ehm senti io a questa domanda non saprei rispondere però lo chiedo perché alcuni sì
224	BZ010	532.106	535.124	3.018	True	no	0	0	0	0	0	0	0	0	0	False	False	False	False	False	False	False	_	0	0	0	6	eh::m ti ricordi quand'è stata,	eh::m ti ricordi quand'è stata,	ehm ti ricordi quand' è stata
225	BZ010	535.414	539.273	3.859	True	no	0	0	0	0	0	0	0	0	0	False	False	False	False	False	False	False	_	0	0	0	13	eh: la prima volta che ti sei reso conto che esistono lingue diverse?	eh: la prima volta che ti sei reso conto che esistono lingue diverse?	eh la prima volta che ti sei reso conto che esistono lingue diverse
226	BZ008	543.703	545.036	1.333	True	no	0	0	0	0	0	0	0	0	0	False	False	False	False	False	False	False	_	0	0	0	2	sinceramente no.	sinceramente no.	sinceramente no
227	BZ008	545.361	546.098	0.737	True	no	0	0	0	0	0	0	0	0	0	False	False	False	False	False	False	False	_	0	0	0	1	(adesso,)	(adesso,)	adesso
228	BZ010	546.247	547.528	1.281	True	no	0	0	0	0	0	0	0	1	0	False	False	False	False	False	False	False	_	0	1	0	5	neanche io non ti preoc[cupare,] ((ridendo))	neanche io non ti preoc[cupare], ((ridendo))	neanche io non ti preoccupare ((ridendo))
229	BZ008	546.984	547.563	0.579	True	no	0	0	0	0	0	0	0	1	0	False	False	False	False	False	False	False	_	0	0	0	1	[no,]	[no],	no
230	BZ010	547.668	550.195	2.527	True	no	0	0	0	0	0	0	0	0	0	False	False	False	False	False	False	False	_	0	1	0	13	però c'è gente che se lo rico- ((ridendo)) non so [come fan]no a,	però c'è gente che se lo rico- ((ridendo)) non so [come fan]no a,	però c' è gente che se lo rico- ((ridendo)) non so come fanno a
231	BZ008	549.186	549.607	0.421	True	no	0	0	0	0	0	0	0	1	0	False	False	False	False	False	False	False	_	0	0	0	2	[ah sì?]	[ah sì]?	ah sì
232	BZ010	550.475	551.054	0.579	True	no	0	0	0	0	0	0	0	0	0	False	False	False	False	False	False	False	_	0	0	0	2	sì sì.	sì sì.	sì sì
233	BZ008	551.721	555.931	4.21	True	no	0	0	0	0	0	0	0	0	0	False	False	False	False	False	False	False	_	1	0	0	13	sì (perché lo so) da piccolo inizi a: (.) fare un miscuglio e poi,	sì (perché lo so) da piccolo inizi a: (.) fare un miscuglio e poi,	sì perché lo so da piccolo inizi a (.) fare un miscuglio e poi
234	BZ008	556.721	562.107	5.386	True	no	0	0	0	0	0	0	0	0	0	False	False	False	False	False	False	False	_	1	0	0	19	capisci che: ce ne son, che stai parlando due lingue diverse quello ho sentito che, (.) ma non mi ricordo.	capisci che: ce ne son, che stai parlando due lingue diverse quello ho sentito che, (.) ma non mi ricordo.	capisci che ce ne son che stai parlando due lingue diverse quello ho sentito che (.) ma non mi ricordo
235	BZ010	562.213	563.248	1.035	True	no	0	0	0	0	0	0	0	0	0	False	False	False	False	False	False	False	_	0	0	0	3	chiaro sì sì,	chiaro sì sì,	chiaro sì sì
236	BZ010	568.371	571.985	3.614	True	no	0	0	0	0	0	0	0	0	0	False	False	False	False	False	False	False	_	0	0	0	11	ma i tuoi genitori anche parlano: il tedesco bene come te?	ma i tuoi genitori anche parlano: il tedesco bene come te?	ma i tuoi genitori anche parlano il tedesco bene come te
237	BZ008	572.047	574.222	2.175	True	no	0	0	0	0	0	0	0	0	0	False	False	False	False	False	False	False	_	0	0	0	6	eh:: no non come me però,	eh:: no non come me però,	eh no non come me però
238	BZ010	574.424	575.02	0.596	True	no	0	0	0	0	0	0	0	0	0	False	False	False	False	False	False	False	_	0	0	0	2	mh=mh,	mh=mh,	mh mh
239	BZ008	575.258	577.011	1.777	True	no	0	0	0	0	0	1	1	0	0	False	False	False	False	False	False	False	_	0	0	0	7	se la cavano abbastanza bene sì sì=	se la cavano abbastanza bene sì sì	se la cavano abbastanza bene sì sì
240	BZ010	577.011	580.232	3.245	True	no	0	0	0	0	0	1	1	0	0	False	False	False	False	False	False	False	_	0	0	0	10	=e come mai hanno fatto questa scelta della scuola tedesca?	e come mai hanno fatto questa scelta della scuola tedesca?	e come mai hanno fatto questa scelta della scuola tedesca
241	BZ008	580.618	584.127	3.509	True	no	0	0	0	0	0	0	0	0	0	False	False	False	False	False	False	False	_	0	0	0	9	eh più che altro per av- va- avvantaggiarmi perché:,	eh più che altro per av- va- avvantaggiarmi perché:,	eh più che altro per av- va- avvantaggiarmi perché
242	BZ008	584.82	587.908	3.088	True	no	0	0	0	0	0	0	0	0	0	False	False	False	False	False	False	False	_	1	0	0	9	magari: si son trovati loro stessi, (.) mh a d-	magari: si son trovati loro stessi, (.) mh a d-	magari si son trovati loro stessi (.) mh a d-
243	BZ008	588.689	591.812	3.123	True	no	0	0	0	0	0	0	0	0	0	False	False	False	False	False	False	False	_	0	0	0	14	boh in difficoltà magari a non riuscire a parlare tutte e due le lingue,	boh in difficoltà magari a non riuscire a parlare tutte e due le lingue,	boh in difficoltà magari a non riuscire a parlare tutte e due le lingue
244	BZ008	592.4	593.364	0.964	True	no	0	0	0	0	0	0	0	0	0	False	False	False	False	False	False	False	_	0	0	0	2	e: boh,	e: boh,	e boh
245	BZ008	593.716	597.418	3.702	True	no	0	0	0	0	0	0	0	0	0	False	False	False	False	False	False	False	_	0	0	0	13	vivendo qua magari hanno visto anche le limitazioni se parli solo una lingua.	vivendo qua magari hanno visto anche le limitazioni se parli solo una lingua.	vivendo qua magari hanno visto anche le limitazioni se parli solo una lingua
246	BZ008	598.681	600.436	1.755	True	no	0	0	0	0	0	0	0	0	0	False	False	False	False	False	False	False	_	0	0	0	4	per quello volevano: boh	per quello volevano: boh	per quello volevano boh
247	BZ008	600.918	604.129	3.211	True	no	0	0	0	0	0	0	0	1	0	False	False	False	False	False	False	False	_	0	0	0	12	aiutarci immagino, perché hanno fatto la stessa cosa con i [miei fratelli,]	aiutarci immagino, perché hanno fatto la stessa cosa con i [miei fratelli],	aiutarci immagino perché hanno fatto la stessa cosa con i miei fratelli
248	BZ010	603.339	607.094	3.755	True	no	0	0	0	0	0	0	0	1	0	False	False	False	False	False	False	False	_	1	0	0	12	[ci sta.] (.) ah okay hai anche dei fratelli con loro come parli?	[ci sta]. (.) ah okay hai anche dei fratelli con loro come parli?	ci sta (.) ah okay hai anche dei fratelli con loro come parli
249	BZ008	607.102	607.874	0.772	True	no	0	0	0	0	0	0	0	0	0	False	False	False	False	False	False	False	_	0	0	0	2	eh italiano.	eh italiano.	eh italiano
250	BZ010	607.971	611.55	3.579	True	no	0	0	0	0	0	0	0	1	0	False	False	False	False	False	False	False	_	0	0	0	10	ah okay. [questo è interes]sante. [non parlate] mai in te[desco?]	ah okay. [questo è interes]sante. [non parlate] mai in te[desco]?	ah okay questo è interessante non parlate mai in tedesco
251	BZ008	608.927	609.418	0.491	True	no	0	0	0	0	0	0	0	1	0	False	False	False	False	False	False	False	_	0	0	0	2	[sì sì.]	[sì sì].	sì sì
252	BZ008	610.094	610.497	0.403	True	no	0	0	0	0	0	0	0	0	0	False	False	False	False	False	False	False	_	0	0	0	2	[sì sì]	[sì sì]	sì sì
253	BZ008	611.059	614.368	3.309	True	no	0	0	0	0	0	0	0	0	0	False	False	False	False	False	False	False	_	1	0	0	11	[mai] (.) mai proprio anche quando ci sono dei nostri amici per-	[mai] (.) mai proprio anche quando ci sono dei nostri amici per-	mai (.) mai proprio anche quando ci sono dei nostri amici per-
254	BZ008	614.7	617.033	2.333	True	no	0	0	0	0	0	0	0	0	0	False	False	False	False	False	False	False	_	0	0	0	6	tedeschi entrambi perché anche i miei,	tedeschi entrambi perché anche i miei,	tedeschi entrambi perché anche i miei
255	BZ008	617.314	619.419	2.105	True	no	0	0	0	0	0	0	0	0	0	False	False	False	False	False	False	False	_	0	0	0	4	fratelli hanno: amici tedeschi,	fratelli hanno: amici tedeschi,	fratelli hanno amici tedeschi
256	BZ008	620.112	621.34	1.228	True	no	0	0	0	0	0	0	0	0	0	False	False	False	False	False	False	False	_	0	0	0	5	a casa parliamo l'italiano.	a casa parliamo l'italiano.	a casa parliamo l' italiano
257	BZ010	622.016	624.228	2.212	True	no	0	0	0	0	0	0	0	1	0	False	False	False	False	False	False	False	_	0	0	0	4	okay, particolare questa [cosa.]	okay, particolare questa [cosa].	okay particolare questa cosa
258	BZ008	624.104	624.49	0.386	True	no	0	0	0	0	0	0	0	1	0	False	False	False	False	False	False	False	_	0	0	0	2	[mh=mh,]	[mh=mh],	mh mh
259	BZ010	624.499	627.411	2.912	True	no	0	0	0	0	0	0	0	0	0	False	False	False	False	False	False	False	_	0	0	0	9	e ti capita mai di fare miscugli tra lingue?	e ti capita mai di fare miscugli tra lingue?	e ti capita mai di fare miscugli tra lingue
260	BZ010	627.947	629.684	1.737	True	no	0	0	0	0	0	0	0	0	0	False	False	False	False	False	False	False	_	0	0	0	4	quando mentre parli diciamo?	quando mentre parli diciamo?	quando mentre parli diciamo
261	BZ008	630.754	631.754	1.0	True	no	0	0	0	0	0	0	0	0	0	False	False	False	False	False	False	False	_	0	0	0	1	ehm::	ehm::	ehm
262	BZ008	633.193	633.737	0.544	True	no	0	0	0	0	0	0	0	0	0	False	False	False	False	False	False	False	_	0	0	0	1	sì,	sì,	sì
263	BZ008	634.001	635.527	1.526	True	no	0	0	0	0	0	0	0	0	0	False	False	False	False	False	False	False	_	0	0	0	5	ogni tanto sì, però non,	ogni tanto sì, però non,	ogni tanto sì però non
264	BZ008	636.475	639.089	2.614	True	no	0	0	0	0	0	0	0	0	0	False	False	False	False	False	False	False	_	1	0	0	7	non troppo. (.) quando ero tornato dall'australia,	non troppo. (.) quando ero tornato dall'australia,	non troppo (.) quando ero tornato dall' australia
265	BZ008	639.721	642.44	2.719	True	no	0	0	0	0	0	0	0	0	0	False	False	False	False	False	False	False	_	1	0	0	4	non: (.) non riuscivo proprio:,	non: (.) non riuscivo proprio:,	non (.) non riuscivo proprio
266	BZ008	643.44	646.51	3.07	True	no	0	0	0	0	0	0	0	0	0	False	False	False	False	False	False	False	_	0	0	0	10	a (dire) una frase senza cercare una parola in inglese,	a (dire) una frase senza cercare una parola in inglese,	a dire una frase senza cercare una parola in inglese
267	BZ008	647.212	649.037	1.825	True	no	0	0	0	0	0	0	0	0	0	False	False	False	False	False	False	False	_	0	0	0	3	adesso: no adesso [xx]	adesso: no adesso [xx]	adesso no adesso xx
268	BZ010	648.642	651.537	2.895	True	no	0	0	0	0	0	0	0	1	0	False	False	False	False	False	False	False	_	0	0	0	10	[eh son lunghi] poi tre anni e mezzo [cioè dopo,]	[eh son lunghi] poi tre anni e mezzo [cioè dopo],	eh son lunghi poi tre anni e mezzo cioè dopo
269	BZ008	650.291	651.046	0.755	True	no	0	0	0	0	0	0	0	1	0	False	False	False	False	False	False	False	_	0	0	0	3	[eh sì sì,]	[eh sì sì],	eh sì sì
270	BZ010	652.116	660.432	8.316	True	no	0	0	0	0	0	0	0	0	0	False	False	False	False	False	False	False	_	0	0	0	26	ma là ti ca- cioè parlavi solo inglese o ti capitava anche di parlare altre lingue, magari con altra gente che non era australiana, o così?	ma là ti ca- cioè parlavi solo inglese o ti capitava anche di parlare altre lingue, magari con altra gente che non era australiana, o così?	ma là ti ca- cioè parlavi solo inglese o ti capitava anche di parlare altre lingue magari con altra gente che non era australiana o così
271	BZ008	660.599	662.318	1.719	True	no	0	0	0	0	0	0	0	0	0	False	False	False	False	False	False	False	_	0	0	0	5	più che altro all'inizio,	più che altro all'inizio,	più che altro all' inizio
272	BZ008	662.695	664.543	1.848	True	no	0	0	0	0	0	0	0	0	0	False	False	False	False	False	False	False	_	0	0	0	6	perché: dato che non ero ancora,	perché: dato che non ero ancora,	perché dato che non ero ancora
273	BZ008	665.002	670.563	5.561	True	no	0	0	0	0	0	0	0	0	0	False	False	False	False	False	False	False	_	0	0	0	15	bravo con l'inglese, allora cercavo magari di parlare tedesco con tedeschi, italiani con italiani,	bravo con l'inglese, allora cercavo magari di parlare tedesco con tedeschi, italiani con italiani,	bravo con l' inglese allora cercavo magari di parlare tedesco con tedeschi italiani con italiani
274	BZ008	671.195	671.756	0.561	True	no	0	0	0	0	0	0	0	0	0	False	False	False	False	False	False	False	_	0	0	0	1	ma:,	ma:,	ma
275	BZ008	672.168	672.94	0.772	True	no	0	0	0	0	0	0	0	0	0	False	False	False	False	False	False	False	_	0	0	0	2	più avanti,	più avanti,	più avanti
276	BZ008	673.16	676.16	3.0	True	no	0	0	0	0	0	0	0	0	0	False	False	False	False	False	False	False	_	0	0	0	12	(che) quando ero già un po' più bravo volevo impalar- impararlo meglio,	(che) quando ero già un po' più bravo volevo impalar- impararlo meglio,	che quando ero già un po' più bravo volevo impalar- impararlo meglio
277	BZ008	676.617	682.385	5.768	True	no	0	0	0	0	0	1	0	0	True	False	False	False	False	False	False	False	278=0.057	1	0	0	20	eh con i tedeschi dicevo per esempio parlo l'italiano, (.) sono italiano, e con gli italiani dicevo parlo il tedesco.=	eh con i tedeschi dicevo per esempio parlo l'italiano, (.) sono italiano, e con gli italiani dicevo parlo il tedesco.	eh con i tedeschi dicevo per esempio parlo l' italiano (.) sono italiano e con gli italiani dicevo parlo il tedesco
278	BZ010	682.328	683.877	1.549	True	no	0	0	0	0	0	1	0	0	True	False	False	True	False	False	False	False	_	0	0	0	1	=([(ride))]	([(ride))]	ride
279	BZ008	683.135	685.889	2.754	True	no	0	0	0	0	0	0	0	0	0	False	False	False	False	False	False	False	_	0	0	0	7	[così:] non c'eran scuse alla fine.	[così:] non c'eran scuse alla fine.	così non c' eran scuse alla fine
280	BZ010	686.205	686.995	0.79	True	no	0	0	0	0	0	0	0	0	0	False	False	False	False	False	False	False	_	0	0	0	2	ho capito.	ho capito.	ho capito
281	BZ010	687.978	699.947	11.969	True	no	0	0	0	0	0	0	0	2	0	False	False	False	False	False	False	False	_	2	0	0	26	eh::m:: nella tua, cioè (.) mh: <le cose che leggi, magari che ascolti, che leggi su internet, anche co- nello studio,> qual è la lingua che: (.) [prevale?]	eh::m:: nella tua, cioè (.) mh: <le cose che leggi, magari che ascolti, che leggi su internet, anche co- nello studio>, qual è la lingua che: (.) [prevale]?	ehm nella tua cioè (.) mh le cose che leggi magari che ascolti che leggi su internet anche co- nello studio qual è la lingua che (.) prevale
282	BZ008	698.969	700.548	1.579	True	no	0	0	0	0	0	0	0	0	0	False	False	False	False	False	False	False	_	0	0	0	3	[stranamente] l'inglese.	[stranamente] l'inglese.	stranamente l' inglese
283	BZ010	701.136	702.451	1.315	True	no	0	0	0	0	0	0	0	1	0	False	False	False	False	False	False	False	_	0	0	0	2	ah ok[ay.]	ah ok[ay].	ah okay
284	BZ008	701.837	704.013	2.176	True	no	0	0	0	0	0	0	0	1	0	False	False	False	False	False	False	False	_	0	0	0	3	[sì.] stranamente non:,	[sì]. stranamente non:,	sì stranamente non
285	BZ008	704.917	707.338	2.421	True	no	0	0	0	0	0	0	0	0	0	False	False	False	False	False	False	False	_	0	0	0	8	non so perché preferisco anche legger l'inglese.	non so perché preferisco anche legger l'inglese.	non so perché preferisco anche legger l' inglese
286	BZ010	708.294	713.294	5.0	True	no	0	0	0	0	0	0	0	1	0	False	False	False	False	False	False	False	_	0	0	0	16	ah c- >cioè< ma forse anche perché ci sono così tante cose scritte in inglese [che:,]	ah c- >cioè< ma forse anche perché ci sono così tante cose scritte in inglese [che:],	ah c- cioè ma forse anche perché ci sono così tante cose scritte in inglese che
287	BZ008	712.382	713.119	0.737	True	no	0	0	0	0	0	0	0	1	0	False	False	False	False	False	False	False	_	0	0	0	1	[sì,]	[sì],	sì
288	BZ010	713.847	715.929	2.082	True	no	0	0	0	0	0	1	0	0	0	False	False	False	False	False	False	False	_	0	0	0	5	cioè che capita veramente spesso,=	cioè che capita veramente spesso,	cioè che capita veramente spesso
289	BZ008	715.944	718.365	2.421	True	no	0	0	0	0	0	1	0	0	0	False	False	False	False	False	False	False	_	0	0	0	9	=eh ma non so neanche perché perché essendo dislessico,	eh ma non so neanche perché perché essendo dislessico,	eh ma non so neanche perché perché essendo dislessico
290	BZ010	718.672	719.304	0.632	True	no	0	0	0	0	0	0	0	1	0	False	False	False	False	False	False	False	_	0	0	0	2	[ah=ah,]	[ah=ah],	ah ah
291	BZ008	718.752	719.383	0.631	True	no	0	0	0	0	0	0	0	1	0	False	False	False	False	False	False	False	_	0	0	0	2	[mh=eh,]	[mh=eh],	mh eh
292	BZ008	719.743	724.848	5.105	True	no	0	0	0	0	0	0	0	0	0	False	False	False	False	False	False	False	_	0	0	0	17	faccio molta fatica con: l:'italiano, e col tedesco, e con l'inglese invece mi sembra che,	faccio molta fatica con: l:'italiano, e col tedesco, e con l'inglese invece mi sembra che,	faccio molta fatica con l' italiano e col tedesco e con l' inglese invece mi sembra che
293	BZ008	726.208	727.35	1.142	True	no	0	0	0	0	0	0	0	0	0	False	False	False	False	False	False	False	_	1	0	0	4	boh, (.) sia più facile.	boh, (.) sia più facile.	boh (.) sia più facile
294	BZ010	727.428	728.117	0.694	True	no	0	0	0	0	0	0	1	0	0	False	False	False	False	False	False	False	_	0	0	0	2	ma dai.	ma dai.	ma dai
295	BZ008	728.117	729.007	0.895	True	no	0	0	0	0	0	0	1	0	0	False	False	False	False	False	False	False	_	0	0	0	3	ma non so:	ma non so:	ma non so
296	BZ010	729.604	731.604	2.0	True	no	0	0	0	0	0	0	0	1	0	False	False	False	False	False	False	False	_	0	0	0	5	[questa cosa è molto interess]an[te,]	[questa cosa è molto interess]an[te],	questa cosa è molto interessante
297	BZ008	729.866	730.877	1.011	True	no	0	0	0	0	0	0	0	1	0	False	False	False	False	False	False	False	_	0	0	0	3	[come sia data.]	[come sia data].	come sia data
298	BZ008	731.227	731.631	0.404	True	no	0	0	0	0	0	0	0	1	0	False	False	False	False	False	False	False	_	0	0	0	1	[sì.]	[sì].	sì
299	BZ008	733.579	734.964	1.385	True	no	0	0	0	0	0	0	0	1	0	False	False	False	False	False	False	False	_	0	0	0	6	boh però non saprei il [perché.]	boh però non saprei il [perché].	boh però non saprei il perché
300	BZ010	734.711	735.413	0.702	True	no	0	0	0	0	0	0	0	1	0	False	False	False	False	False	False	False	_	0	0	0	2	[mh=mh,]	[mh=mh],	mh mh
301	BZ010	741.194	747.929	6.735	True	no	0	0	0	0	0	0	0	0	0	False	False	False	False	False	False	False	_	0	0	0	25	ma i tuoi amici di mera- cioè i tuoi amici tedeschi, sono tutti di merano o sono anche di in giro per l'[alto a]dige?	ma i tuoi amici di mera- cioè i tuoi amici tedeschi, sono tutti di merano o sono anche di in giro per l'[alto a]dige?	ma i tuoi amici di mera- cioè i tuoi amici tedeschi sono tutti di merano o sono anche di in giro per l' alto adige
302	BZ008	746.945	747.506	0.561	True	no	0	0	0	0	0	0	0	0	0	False	False	False	False	False	False	False	_	0	0	0	1	[mh:]	[mh:]	mh
303	BZ008	748.41	749.41	1.0	True	no	0	0	0	0	0	0	0	0	0	False	False	False	False	False	False	False	_	0	0	0	5	più o meno di merano.	più o meno di merano.	più o meno di merano
304	BZ010	749.533	750.1215	0.589	True	no	0	0	0	0	0	0	1	0	0	False	False	False	False	False	False	False	_	0	0	0	1	okay.	okay.	okay
305	BZ008	750.1215	750.823	0.702	True	no	0	0	0	0	0	0	1	0	0	False	False	False	False	False	False	False	_	0	0	0	2	sì sì.	sì sì.	sì sì
306	BZ010	751.008	755.92	4.912	True	no	0	0	0	0	0	0	0	1	0	False	False	False	False	False	False	False	_	2	0	0	14	quindi parlate tutti un un: un dialetto (.) più o meno simile (.) [tra di voi,]	quindi parlate tutti un un: un dialetto (.) più o meno simile (.) [tra di voi],	quindi parlate tutti un un un dialetto (.) più o meno simile (.) tra di voi
307	BZ008	755.473	756.035	0.562	True	no	0	0	0	0	0	0	0	1	0	False	False	False	False	False	False	False	_	0	0	0	1	[sì.]	[sì].	sì
308	BZ008	756.307	759.202	2.895	True	no	0	0	0	0	0	0	0	0	0	False	False	False	False	False	False	False	_	0	0	0	10	però va(h)ria di nuovo da gruppo a gruppo, tipo espressioni,	però va(h)ria di nuovo da gruppo a gruppo, tipo espressioni,	però vahria di nuovo da gruppo a gruppo tipo espressioni
309	BZ010	759.272	759.7545	0.509	True	no	0	0	0	0	0	1	1	0	0	False	False	False	False	False	False	False	_	0	0	0	2	ah=ah,=	ah=ah,	ah ah
310	BZ008	759.7545	760.588	0.86	True	no	0	0	0	0	0	1	1	0	0	False	False	False	False	False	False	False	_	0	0	0	1	=che:	che:	che
311	BZ008	760.869	765.391	4.526	True	no	0	0	0	0	0	0	1	0	0	False	False	False	False	False	False	False	_	1	0	0	15	magari un gruppo di ami- di dei miei amici direbbe, (.) l'altro non lo dice.	magari un gruppo di ami- di dei miei amici direbbe, (.) l'altro non lo dice.	magari un gruppo di ami- di dei miei amici direbbe (.) l' altro non lo dice
312	BZ010	765.391	766.01	0.623	True	no	0	0	0	0	0	0	1	0	0	False	False	False	False	False	False	False	_	0	0	0	2	ah vedi?	ah vedi?	ah vedi
313	BZ008	766.01	766.326	0.316	True	no	0	0	0	0	0	0	0	0	0	False	False	False	False	False	False	False	_	0	0	0	1	sì.	sì.	sì
314	BZ010	766.458	767.177	0.719	True	no	0	0	0	0	0	0	0	0	0	False	False	False	False	False	False	False	_	0	0	0	1	okay,	okay,	okay
315	BZ008	767.3	768.616	1.316	True	no	0	0	0	0	0	0	0	0	0	False	False	False	False	False	False	False	_	0	0	0	4	è proprio già lì:	è proprio già lì:	è proprio già lì
316	BZ008	769.072	769.669	0.597	True	no	0	0	0	0	0	0	0	0	0	False	False	False	False	False	False	False	_	0	0	0	3	boh non so.	boh non so.	boh non so
317	BZ008	770.046	770.607	0.561	True	no	0	0	0	0	0	0	0	0	0	False	False	False	False	False	False	False	_	0	0	0	1	[(cambia,)]	[(cambia,)]	cambia
318	BZ010	770.09	773.353	3.263	True	no	0	0	0	0	0	0	0	1	0	False	False	False	False	False	False	False	_	1	0	0	8	[sì.] (.) come di identità di [gruppo un po']	[sì]. (.) come di identità di [gruppo un po']	sì (.) come di identità di gruppo un po'
319	BZ008	771.976	773.625	1.649	True	no	0	0	0	0	0	0	0	0	0	False	False	False	False	False	False	False	_	0	0	0	4	[sì sì esattamente] sì.	[sì sì esattamente] sì.	sì sì esattamente sì
320	BZ010	774.599	779.894	5.295	True	no	0	0	0	0	0	0	0	0	0	False	False	False	False	False	False	False	_	0	2	0	7	ma: mh:: tu che sei così: misto ((ridendo)) [((ride))]	ma: mh:: tu che sei così: misto ((ridendo)) [((ride))]	ma mh tu che sei così misto ((ridendo)) ((ride))
321	BZ008	778.845	779.88	1.035	True	no	0	0	0	0	0	0	0	0	0	False	False	False	False	False	False	False	_	0	1	0	0	[((ride))]	[((ride))]	((ride))
322	BZ010	780.091	787.859	7.768	True	no	0	0	0	0	0	0	0	0	0	False	False	False	False	False	False	False	_	1	0	0	20	ehm:: come cioè s- (.) mh ti identifichi più con una cosa o con l'altra, o=o d- o è,	ehm:: come cioè s- (.) mh ti identifichi più con una cosa o con l'altra, o=o d- o è,	ehm come cioè s- (.) mh ti identifichi più con una cosa o con l' altra o o d- o è
323	BZ010	788.624	792.484	3.86	True	no	0	0	0	0	0	0	0	0	0	False	False	False	False	False	False	False	_	0	0	0	10	equivalente diciamo per te? ti senti pari nelle due cose?	equivalente diciamo per te? ti senti pari nelle due cose?	equivalente diciamo per te ti senti pari nelle due cose
324	BZ008	792.914	793.686	0.772	True	no	0	0	0	0	0	0	0	0	0	False	False	False	False	False	False	False	_	0	0	0	1	mh:	mh:	mh
325	BZ008	794.66	796.993	2.333	True	no	0	0	0	0	0	0	0	0	0	False	False	False	False	False	False	False	_	0	0	0	6	no. pari pari proprio no. credo:	no. pari pari proprio no. credo:	no pari pari proprio no credo
326	BZ008	797.8	798.765	0.965	True	no	0	0	0	0	0	0	0	0	0	False	False	False	False	False	False	False	_	0	0	0	2	non saprei,	non saprei,	non saprei
327	BZ008	799.204	799.87	0.666	True	no	0	0	0	0	0	0	0	0	0	False	False	False	False	False	False	False	_	0	0	0	2	devo dire.	devo dire.	devo dire
328	BZ008	800.16	801.757	1.597	True	no	0	0	0	0	0	0	0	0	0	False	False	False	False	False	False	False	_	0	0	0	5	ma quasi più col tedesco.	ma quasi più col tedesco.	ma quasi più col tedesco
329	BZ010	801.932	802.722	0.79	True	no	0	0	0	0	0	1	0	0	0	False	False	False	False	False	True	False	330=0.333	0	0	0	1	okay,=	okay,	okay
330	BZ008	802.389	803.898	1.509	True	no	0	0	0	0	0	1	0	0	0	False	False	False	False	False	True	False	329=0.333	1	0	0	4	=mh=mh, (.) quasi più,	mh=mh, (.) quasi più,	mh mh (.) quasi più
331	BZ008	804.688	807.231	2.543	True	no	0	0	0	0	0	0	0	0	0	False	False	False	False	False	False	False	_	0	0	0	6	sinceramente più col tedesco credo dato::	sinceramente più col tedesco credo dato::	sinceramente più col tedesco credo dato
332	BZ008	809.6	811.933	2.333	True	no	0	0	0	0	0	0	0	0	0	False	False	False	False	False	False	False	_	0	0	0	8	che ho vissuto più vita [in tedesco] che,	che ho vissuto più vita [in tedesco] che,	che ho vissuto più vita in tedesco che
333	BZ010	810.705	811.372	0.667	True	no	0	0	0	0	0	0	0	1	0	False	False	False	False	False	False	False	_	0	0	0	1	[chiaro.]	[chiaro].	chiaro
334	BZ008	812.24	816.24	4.0	True	no	0	0	0	0	0	0	0	0	0	False	False	False	False	False	False	False	_	1	0	0	17	come hai detto te, l'italiano l'ho limitato un po', (.) a quello che faccio a casa.	come hai detto te, l'italiano l'ho limitato un po', (.) a quello che faccio a casa.	come hai detto te l' italiano l' ho limitato un po' (.) a quello che faccio a casa
335	BZ010	816.53	817.162	0.632	True	no	0	0	0	0	0	0	0	0	0	False	False	False	False	False	False	False	_	0	0	0	2	mh=mh,	mh=mh,	mh mh
336	BZ008	817.452	820.364	2.912	True	no	0	0	0	0	0	0	0	0	0	False	False	False	False	False	False	False	_	0	0	0	7	e: ma avendo entrambi i genitori italiani,	e: ma avendo entrambi i genitori italiani,	e ma avendo entrambi i genitori italiani
337	BZ008	820.759	821.268	0.509	True	no	0	0	0	0	0	0	0	0	0	False	False	False	False	False	False	False	_	0	0	0	3	più o meno,	più o meno,	più o meno
338	BZ008	822.11	823.105	0.995	True	no	0	0	0	0	0	0	0	0	0	False	False	False	False	False	False	False	_	0	0	0	5	un po' l'ho ben,	un po' l'ho ben,	un po' l' ho ben
339	BZ008	823.663	825.944	2.281	True	no	0	0	0	0	0	0	0	0	0	False	False	False	False	False	False	False	_	0	1	0	6	parlato alla fine [l'italiano spero, ((ridendo))]	parlato alla fine [l'italiano spero, ((ridendo))]	parlato alla fine l' italiano spero ((ridendo))
340	BZ010	824.458	829.684	5.226	True	no	0	0	0	0	0	0	0	0	0	False	False	False	False	False	False	False	_	1	2	0	11	[no no be' immagino ((ridendo)) ((ride))] (.) immagino, e poi anche coi fratelli: (dicevi).	[no no be' immagino ((ridendo)) ((ride))] (.) immagino, e poi anche coi fratelli: (dicevi).	no no be' immagino ((ridendo)) ((ride)) (.) immagino e poi anche coi fratelli dicevi
341	BZ010	830.098	831.011	0.913	True	no	0	0	0	0	0	0	0	0	0	False	False	False	False	False	False	False	_	0	0	0	2	ho capito,	ho capito,	ho capito
342	BZ008	832.353	835.23	2.877	True	no	0	0	0	0	0	0	0	0	0	False	False	False	False	False	False	False	_	0	0	0	8	però anche merano per esempio è maggiormente tedesca,	però anche merano per esempio è maggiormente tedesca,	però anche merano per esempio è maggiormente tedesca
343	BZ010	835.677	836.204	0.527	True	no	0	0	0	0	0	0	0	0	True	False	False	False	False	False	False	False	344=0.044	0	0	0	2	mh=mh,	mh=mh,	mh mh
344	BZ008	836.16	840.002	3.842	True	no	0	0	0	0	0	0	0	1	True	False	False	False	False	False	False	False	_	0	0	0	10	invece bolzano è maggiormente italiana. [o un cinquanta e cinquanta,]	invece bolzano è maggiormente italiana. [o un cinquanta e cinquanta],	invece bolzano è maggiormente italiana o un cinquanta e cinquanta
345	BZ010	838.283	840.964	2.681	True	no	0	0	0	0	0	0	0	0	0	False	False	False	False	False	False	False	_	0	0	0	10	[ah okay sai che pensavo] che anche a merano fosse:,	[ah okay sai che pensavo] che anche a merano fosse:,	ah okay sai che pensavo che anche a merano fosse
346	BZ008	841.02	843.982	2.962	True	no	0	0	0	0	0	0	0	1	0	False	False	False	False	False	False	False	_	1	0	0	7	no no merano [è maggiormente tedesca. (.) se,]	no no merano [è maggiormente tedesca. (.) se],	no no merano è maggiormente tedesca (.) se
347	BZ010	841.801	844.543	2.742	True	no	0	0	0	0	0	0	0	1	0	False	False	False	False	False	False	False	_	1	0	0	6	[<ah okay vedi,> (.) cosa si] impara.	[<ah okay vedi>, (.) cosa si] impara.	ah okay vedi (.) cosa si impara
348	BZ008	845.617	846.827	1.21	True	no	0	0	0	0	0	0	0	0	0	False	False	False	False	False	False	False	_	0	0	0	2	(son perciò,)	(son perciò,)	son perciò
349	BZ008	847.336	855.263	7.927	True	no	0	0	0	0	0	0	0	0	0	False	False	False	False	False	False	False	_	2	0	0	24	anche quello immagino non so. (.) ti senti: magari anche, (.) parte della maggio(h)ranza per dire, non so cosa è da- da cosa è dato questo.	anche quello immagino non so. (.) ti senti: magari anche, (.) parte della maggio(h)ranza per dire, non so cosa è da- da cosa è dato questo.	anche quello immagino non so (.) ti senti magari anche (.) parte della maggiohranza per dire non so cosa è da- da cosa è dato questo
350	BZ010	855.889	857.415	1.526	True	no	0	0	0	0	0	0	0	0	0	False	False	False	False	False	False	False	_	0	0	0	4	può essere questa cosa,	può essere questa cosa,	può essere questa cosa
351	BZ010	858.1	863.964	5.864	True	no	0	0	0	0	0	0	0	0	True	False	False	False	False	False	False	False	352=0.030	0	0	0	20	che, sai ci ho pensato proprio l'altro giorno perché ho visto il dibattito tra i candidadi sindaci di merano,	che, sai ci ho pensato proprio l'altro giorno perché ho visto il dibattito tra i candidadi sindaci di merano,	che sai ci ho pensato proprio l' altro giorno perché ho visto il dibattito tra i candidadi sindaci di merano
352	BZ008	863.934	865.684	1.75	True	no	0	0	0	0	0	0	0	1	True	False	False	False	False	False	False	False	_	1	0	0	3	[okay, (.) roesch e,]	[okay, (.) roesch e],	okay (.) roesch e
353	BZ010	864.032	868.228	4.196	True	no	0	0	0	0	0	0	0	0	0	False	False	False	False	False	False	False	_	1	0	0	9	[roesch e, (.) come si chia]ma l'altro? Dal Medico? [xxx]	[roesch e, (.) come si chia]ma l'altro? Dal Medico? [xxx]	roesch e (.) come si chiama l' altro dal medico xxx
354	BZ008	867.225	868.242	1.017	True	no	0	0	0	0	0	0	0	1	0	False	False	False	False	False	False	False	_	0	0	0	3	[sì esatto sì,]	[sì esatto sì],	sì esatto sì
355	BZ010	868.742	871.076	2.334	True	no	0	0	0	0	0	0	0	0	0	False	False	False	False	False	False	False	_	0	0	0	5	e e: stavo appunto pensando,	e e: stavo appunto pensando,	e e stavo appunto pensando
356	BZ010	871.515	877.585	6.07	True	no	0	0	0	0	0	0	0	1	0	False	False	False	False	False	False	False	_	0	0	0	18	chissà >perché appunto< uno è palesemente tedesco lo senti anche nella parlata, [e l'altro è palese]mente italia[no,]	chissà >perché appunto< uno è palesemente tedesco lo senti anche nella parlata, [e l'altro è palese]mente italia[no],	chissà perché appunto uno è palesemente tedesco lo senti anche nella parlata e l' altro è palesemente italiano
357	BZ008	875.682	876.384	0.702	True	no	0	0	0	0	0	0	0	0	0	False	False	False	False	False	False	False	_	0	0	0	2	[roesch sì]	[roesch sì]	roesch sì
358	BZ008	877.112	877.481	0.369	True	no	0	0	0	0	0	0	0	1	0	False	False	False	False	False	False	False	_	0	0	0	1	[sì,]	[sì],	sì
359	BZ010	878.025	887.674	9.649	True	no	0	0	0	0	0	0	0	1	0	False	False	False	False	False	False	False	_	0	0	0	36	e mi chiedevo:: chi- mh chissà quan- com'è la percentuale >non so perché avevo in mente sta cosa< ma mh: bo' sarà >non so da dove l'ho pescata< infatti mi sa che è sba[gliata,]	e mi chiedevo:: chi- mh chissà quan- com'è la percentuale >non so perché avevo in mente sta cosa< ma mh: bo' sarà >non so da dove l'ho pescata< infatti mi sa che è sba[gliata],	e mi chiedevo chi- mh chissà quan- com' è la percentuale non so perché avevo in mente sta cosa ma mh bo' sarà non so da dove l' ho pescata infatti mi sa che è sbagliata
360	BZ008	887.332	889.367	2.035	True	no	0	0	0	0	0	0	0	0	0	False	False	False	False	False	False	False	_	0	0	0	8	[no ma infa]tti è la prima volta che:,	[no ma infa]tti è la prima volta che:,	no ma infatti è la prima volta che
361	BZ008	889.692	891.376	1.684	True	no	0	0	0	0	0	0	0	0	0	False	False	False	False	False	False	False	_	0	0	0	4	un italano magari è	un italano magari è	un italano magari è
362	BZ008	891.754	893.701	1.947	True	no	0	0	0	0	0	0	0	1	0	False	False	False	False	False	False	False	_	0	0	0	5	viene votato già [sì sì,]	viene votato già [sì sì],	viene votato già sì sì
363	BZ010	892.728	894.666	1.938	True	no	0	0	0	0	0	0	0	1	0	False	False	False	False	False	False	False	_	0	0	0	8	[ah sì?] è una co- è una novità.	[ah sì]? è una co- è una novità.	ah sì è una co- è una novità
364	BZ008	894.693	895.078	0.385	True	no	0	0	0	0	0	0	0	0	0	False	False	False	False	False	False	False	_	0	0	0	1	sì.	sì.	sì
365	BZ010	895.245	896.07	0.825	True	no	0	0	0	0	0	0	0	0	0	False	False	False	False	False	False	False	_	0	0	0	1	okay,	okay,	okay
366	BZ008	897.175	899.228	2.053	True	no	0	0	0	0	0	0	0	0	0	False	False	False	False	False	False	False	_	0	0	0	7	però sarebbe, (bon) credo che sarebbe un,	però sarebbe, (bon) credo che sarebbe un,	però sarebbe bon credo che sarebbe un
367	BZ008	900.14	900.789	0.649	True	no	0	0	0	0	0	0	0	0	0	False	False	False	False	False	False	False	_	0	0	0	3	un bel cambio.	un bel cambio.	un bel cambio
368	BZ010	901.193	901.894	0.701	True	no	0	0	0	0	0	1	0	0	0	False	False	False	False	False	True	False	369=0.166	0	0	0	1	sì?=	sì?	sì
369	BZ008	901.728	903.272	1.544	True	no	0	0	0	0	0	1	0	0	0	False	False	False	False	False	True	False	368=0.166	0	0	0	6	=ci servirebbe. sì secondo me sì.	ci servirebbe. sì secondo me sì.	ci servirebbe sì secondo me sì
370	BZ010	903.457	904.41	0.953	True	no	0	0	0	0	0	1	0	0	True	False	False	False	False	False	False	False	371=0.005	0	0	0	2	un italiano?=	un italiano?	un italiano
371	BZ008	904.405	905.035	0.63	True	no	0	0	0	0	0	1	0	0	True	False	False	False	False	False	False	False	_	0	0	0	2	=un [italiano]	un [italiano]	un italiano
372	BZ010	904.633	906.859	2.226	True	no	0	0	0	0	0	0	0	1	0	False	False	False	False	False	False	False	_	0	0	0	4	[o lui] in parti[colare?]	[o lui] in parti[colare]?	o lui in particolare
373	BZ008	905.362	908.783	3.421	True	no	0	0	0	0	0	0	0	0	0	False	False	False	False	False	False	False	_	0	0	0	12	[no no] un italiano tanto per, mischiare un po' le cose che,	[no no] un italiano tanto per, mischiare un po' le cose che,	no no un italiano tanto per mischiare un po' le cose che
374	BZ008	909.467	911.625	2.158	True	no	0	0	0	0	0	0	0	0	0	False	False	False	False	False	False	False	_	0	0	0	7	son state molto tedesche sempre per dire.	son state molto tedesche sempre per dire.	son state molto tedesche sempre per dire
375	BZ010	911.853	912.397	0.544	True	no	0	0	0	0	0	0	0	0	0	False	False	False	False	False	False	False	_	0	0	0	1	chiaro.	chiaro.	chiaro
376	BZ010	912.941	913.801	0.86	True	no	0	0	0	0	0	0	0	0	0	False	False	False	False	False	False	False	_	0	0	0	2	chiaro chiaro.	chiaro chiaro.	chiaro chiaro
377	BZ010	914.082	918.643	4.561	True	no	0	0	0	0	0	0	0	0	0	False	False	False	False	False	False	False	_	1	0	0	16	ma a merano come come a bolzano, (.) cioè forse a bolzano ce ne sono ma pochissime,	ma a merano come come a bolzano, (.) cioè forse a bolzano ce ne sono ma pochissime,	ma a merano come come a bolzano (.) cioè forse a bolzano ce ne sono ma pochissime
378	BZ010	919.073	920.968	1.895	True	no	0	0	0	0	0	0	0	0	0	False	False	False	False	False	False	False	_	0	0	0	6	eh: non ci sono scuole miste?	eh: non ci sono scuole miste?	eh non ci sono scuole miste
379	BZ010	921.292	923.854	2.562	True	no	0	0	0	0	0	1	0	0	0	False	False	False	False	False	True	False	380=0.114	0	0	0	6	vero? cioè miste nel senso linguisticamente=	vero? cioè miste nel senso linguisticamente	vero cioè miste nel senso linguisticamente
380	BZ008	923.74	925.845	2.105	True	no	0	0	0	0	0	1	0	0	0	False	False	False	False	False	True	False	379=0.114	0	0	0	4	=linguisticamente no, c'è,	linguisticamente no, c'è,	linguisticamente no c' è
381	BZ008	926.398	928.31	1.912	True	no	0	0	0	0	0	0	0	0	0	False	False	False	False	False	False	False	_	0	0	0	4	il linguistico, come superiore,	il linguistico, come superiore,	il linguistico come superiore
382	BZ010	928.311	928.872	0.561	True	no	0	0	0	0	0	0	0	0	0	False	False	False	False	False	False	False	_	0	0	0	2	mh=mh,	mh=mh,	mh mh
383	BZ008	928.934	932.403	3.469	True	no	0	0	0	0	0	0	0	1	0	False	False	False	False	False	False	False	_	0	0	0	11	ma alla fine: chiaramente c'è quello italiano e quello tedes[co.]	ma alla fine: chiaramente c'è quello italiano e quello tedes[co].	ma alla fine chiaramente c' è quello italiano e quello tedesco
384	BZ010	932.144	933.754	1.61	True	no	0	0	0	0	0	1	0	0	True	False	False	False	False	False	False	False	_	0	0	0	4	[okay] son sempre divise:=	[okay] son sempre divise:	okay son sempre divise
385	BZ008	933.723	934.407	0.684	True	no	0	0	0	0	0	1	0	0	True	False	False	False	False	False	False	False	384=0.031	0	0	0	1	=sì.	sì.	sì
386	BZ010	934.443	935.109	0.666	True	no	0	0	0	0	0	0	0	0	0	False	False	False	False	False	False	False	_	0	0	0	1	(mh.)	(mh.)	mh
387	BZ010	936.048	938.245	2.197	True	no	0	0	0	0	0	0	0	1	0	False	False	False	False	False	False	False	_	1	0	0	9	quello secondo me è un po' un peccato. (.) [cioè,]	quello secondo me è un po' un peccato. (.) [cioè],	quello secondo me è un po' un peccato (.) cioè
388	BZ008	937.794	940.707	2.913	True	no	0	0	0	0	0	1	0	0	True	False	False	False	False	False	False	False	_	0	0	0	11	[sì infatti] dovrebbero esserci le scuole dove fai cinquanta e cinquanta,=	[sì infatti] dovrebbero esserci le scuole dove fai cinquanta e cinquanta,	sì infatti dovrebbero esserci le scuole dove fai cinquanta e cinquanta
389	BZ010	940.672	945.243	4.571	True	no	0	0	0	0	0	1	0	1	True	False	False	False	False	False	False	False	_	1	0	0	14	=no? [infatti.] (.) anche perché così conosci la gente dell'altro grup[po alla fi]ne no?	no? [infatti]. (.) anche perché così conosci la gente dell'altro grup[po alla fi]ne no?	no infatti (.) anche perché così conosci la gente dell' altro gruppo alla fine no
390	BZ008	941.015	941.699	0.684	True	no	0	0	0	0	0	0	0	1	0	False	False	False	False	False	False	False	_	0	0	0	2	[non capisco.]	[non capisco].	non capisco
391	BZ008	944.121	944.788	0.667	True	no	0	0	0	0	0	0	0	1	0	False	False	False	False	False	False	False	_	0	0	0	1	[sì.]	[sì].	sì
392	BZ008	945.568	951.157	5.589	True	no	0	0	0	0	0	0	0	1	0	False	False	False	False	False	False	False	_	1	0	0	20	no ma già dall'asilo, non capisco perché fanno un: asilo tedesco e in italiano, fatelo insieme [(.) ma chissene frega.]	no ma già dall'asilo, non capisco perché fanno un: asilo tedesco e in italiano, fatelo insieme [(.) ma chissene frega].	no ma già dall' asilo non capisco perché fanno un asilo tedesco e in italiano fatelo insieme (.) ma chissene frega
393	BZ010	949.797	953.446	3.649	True	no	0	0	0	0	0	0	0	2	0	False	False	False	False	False	False	False	_	0	0	0	9	[infatti sì.] tanto i boci [lo imparano su]bito [no?]	[infatti sì]. tanto i boci [lo imparano su]bito [no]?	infatti sì tanto i boci lo imparano subito no
394	BZ008	952.139	952.665	0.526	True	no	0	0	0	0	0	0	0	1	0	False	False	False	False	False	False	False	_	0	0	0	1	[sì:,]	[sì:],	sì
395	BZ008	953.008	955.736	2.728	True	no	0	0	0	0	0	0	0	2	0	False	False	False	False	False	False	False	_	1	0	0	8	[eh.] infatti è quello [già da piccolo, (.) eh,]	[eh]. infatti è quello [già da piccolo, (.) eh],	eh infatti è quello già da piccolo (.) eh
396	BZ010	954.017	959.982	5.965	True	no	0	0	0	0	0	0	0	0	0	False	False	False	False	False	False	False	_	1	0	0	16	[imparano il dialetto, imparano] tutto, e poi anche tutta la roba del patentino non serve più. (.) [(xxx)]	[imparano il dialetto, imparano] tutto, e poi anche tutta la roba del patentino non serve più. (.) [(xxx)]	imparano il dialetto imparano tutto e poi anche tutta la roba del patentino non serve più (.) xxx
397	BZ008	959.14	961.613	2.473	True	no	0	0	0	0	0	0	0	0	0	False	False	False	False	False	False	False	_	0	0	0	10	[poi decidono loro] se vogliono la scuola tedesca o italiana.	[poi decidono loro] se vogliono la scuola tedesca o italiana.	poi decidono loro se vogliono la scuola tedesca o italiana
398	BZ008	961.964	963.982	2.018	True	no	0	0	0	0	0	0	0	1	0	False	False	False	False	False	False	False	_	0	0	0	5	fatele anche quelle cinquanta [cinquanta,]	fatele anche quelle cinquanta [cinquanta],	fatele anche quelle cinquanta cinquanta
399	BZ010	963.499	965.148	1.649	True	no	0	0	0	0	0	0	0	1	0	False	False	False	False	False	False	False	_	0	0	0	3	[eh sareb]be [bello,]	[eh sareb]be [bello],	eh sarebbe bello
400	BZ008	964.367	965.35	0.983	True	no	0	0	0	0	0	0	0	1	0	False	False	False	False	False	False	False	_	0	0	0	4	[ma è già lì:,]	[ma è già lì:],	ma è già lì
401	BZ008	966.148	967.99	1.842	True	no	0	0	0	0	0	0	0	0	0	False	False	False	False	False	False	False	_	0	0	0	7	è già lì la limitazione secondo me,	è già lì la limitazione secondo me,	è già lì la limitazione secondo me
402	BZ010	968.359	969.991	1.632	True	no	0	0	0	0	0	0	0	0	0	False	False	False	False	False	False	False	_	1	0	0	4	sì. (.) anche secondo me.	sì. (.) anche secondo me.	sì (.) anche secondo me
403	BZ010	971.202	977.535	6.333	True	no	0	0	0	0	0	0	0	0	0	False	False	False	False	False	False	False	_	0	0	0	23	poi è che ohm: c'è un sacco di dibattito su sta cosa perché, c'è chi dice no perché alcuni non vogliono,	poi è che ohm: c'è un sacco di dibattito su sta cosa perché, c'è chi dice no perché alcuni non vogliono,	poi è che ohm c' è un sacco di dibattito su sta cosa perché c' è chi dice no perché alcuni non vogliono
404	BZ010	977.798	985.36	7.562	True	no	0	0	0	0	0	0	0	0	0	False	False	False	False	False	False	False	_	0	0	0	26	magari:: chi vive in una valle, non userà mai l'italiat- mh l'italiano in vita sua, non ha voglia di andare a una scuola mista,	magari:: chi vive in una valle, non userà mai l'italiat- mh l'italiano in vita sua, non ha voglia di andare a una scuola mista,	magari chi vive in una valle non userà mai l' italiat- mh l' italiano in vita sua non ha voglia di andare a una scuola mista
405	BZ010	986.079	988.746	2.667	True	no	0	0	0	0	0	0	0	1	0	False	False	False	False	False	False	False	_	1	0	0	9	non so, (.) è un po' un peccato seocndo [me.]	non so, (.) è un po' un peccato seocndo [me].	non so (.) è un po' un peccato seocndo me
406	BZ008	988.123	989.614	1.491	True	no	0	0	0	0	0	1	0	0	True	False	False	False	False	False	False	False	_	0	0	0	2	[sì:] infatti=	[sì:] infatti	sì infatti
407	BZ010	989.553	998.115	8.562	True	no	0	0	0	0	0	1	0	1	True	False	False	False	False	False	False	False	_	1	0	0	29	=è che: però sì capisco anche che: (.) che magari questo è il mio punto di vista però ce ne sono mille altri ed è difficile metterli d'accordo [tutti.]	è che: però sì capisco anche che: (.) che magari questo è il mio punto di vista però ce ne sono mille altri ed è difficile metterli d'accordo [tutti].	è che però sì capisco anche che (.) che magari questo è il mio punto di vista però ce ne sono mille altri ed è difficile metterli d' accordo tutti
408	BZ008	997.527	1000.736	3.209	True	no	0	0	0	0	0	0	0	1	0	False	False	False	False	False	False	False	_	0	0	0	10	[sì.] però mh boh [secondo me] sarebbe giusto fare così.	[sì]. però mh boh [secondo me] sarebbe giusto fare così.	sì però mh boh secondo me sarebbe giusto fare così
409	BZ010	999.028	999.624	0.596	True	no	0	0	0	0	0	0	0	1	0	False	False	False	False	False	False	False	_	0	0	0	1	[però,]	[però],	però
410	BZ010	1001.002	1001.704	0.702	True	no	0	0	0	0	0	0	0	0	0	False	False	False	False	False	False	False	_	0	0	0	2	mh=mh,	mh=mh,	mh mh
411	BZ010	1002.169	1007.924	5.755	True	no	0	0	0	0	0	0	0	0	0	False	False	False	False	False	False	False	_	0	0	0	21	sì, e cosa pensi: che ne pensino i tuoi amici? cioè tipo se al tuo gruppo di amici chiedessi questa cosa,	sì, e cosa pensi: che ne pensino i tuoi amici? cioè tipo se al tuo gruppo di amici chiedessi questa cosa,	sì e cosa pensi che ne pensino i tuoi amici cioè tipo se al tuo gruppo di amici chiedessi questa cosa
412	BZ010	1008.248	1010.073	1.825	True	no	0	0	0	0	0	0	0	0	0	False	False	False	False	False	False	False	_	0	0	0	5	sarebbero d'accordo con te?	sarebbero d'accordo con te?	sarebbero d' accordo con te
413	BZ008	1010.555	1015.415	4.86	True	no	0	0	0	0	0	0	0	0	0	False	False	False	False	False	False	False	_	3	0	0	10	più, (.) ehm (.) diventano mh un attimo più: vecchi dicono (.) sì,	più, (.) ehm (.) diventano mh un attimo più: vecchi dicono (.) sì,	più (.) ehm (.) diventano mh un attimo più vecchi dicono (.) sì
414	BZ010	1015.556	1016.275	0.719	True	no	0	0	0	0	0	0	0	0	0	False	False	False	False	False	False	False	_	0	0	0	2	mh=mh,	mh=mh,	mh mh
415	BZ008	1016.38	1021.556	5.176	True	no	0	0	0	0	0	0	0	0	0	False	False	False	False	False	False	False	_	0	0	0	13	chiaramente da piccoli cioè:: l'(uno)- ma- a- avendo avuto me come amico,	chiaramente da piccoli cioè:: l'(uno)- ma- a- avendo avuto me come amico,	chiaramente da piccoli cioè l' uno- ma- a- avendo avuto me come amico
416	BZ008	1022.118	1030.73	8.612	True	no	0	0	0	0	0	0	0	0	0	False	False	False	False	False	False	False	_	1	0	0	27	magari non erano neanche così perché: erano venuti sempre a casa mia, hanno [parlato l'italiano a casa] mia, non avevano mai questo odio razziale (.) così: elevato.	magari non erano neanche così perché: erano venuti sempre a casa mia, hanno [parlato l'italiano a casa] mia, non avevano mai questo odio razziale (.) così: elevato.	magari non erano neanche così perché erano venuti sempre a casa mia hanno parlato l' italiano a casa mia non avevano mai questo odio razziale (.) così elevato
417	BZ010	1026.363	1027.31	0.947	True	no	0	0	0	0	0	0	0	1	0	False	False	False	False	False	False	False	_	0	0	0	1	[okay,]	[okay],	okay
418	BZ008	1031.477	1032.982	1.505	True	no	0	0	0	0	0	0	0	0	0	False	False	False	False	False	False	False	_	0	0	0	6	però non avrebbero mai detto sì,	però non avrebbero mai detto sì,	però non avrebbero mai detto sì
419	BZ008	1033.275	1034.643	1.368	True	no	0	0	0	0	0	0	0	0	0	False	False	False	False	False	False	False	_	0	0	0	3	voglio impararlo meglio.	voglio impararlo meglio.	voglio impararlo meglio
420	BZ008	1034.951	1035.845	0.894	True	no	0	0	0	0	0	0	0	0	0	False	False	False	False	False	False	False	_	0	0	0	2	invece adesso,	invece adesso,	invece adesso
421	BZ008	1036.232	1041.46	5.228	True	no	0	0	0	0	0	0	0	0	0	False	False	False	False	False	False	False	_	0	0	0	17	che dicono, cacchio peccato che non:  [non so parl]arlo (che cioè) anche a me mi man- sono:,	che dicono, cacchio peccato che non: [non so parl]arlo (che cioè) anche a me mi man- sono:,	che dicono cacchio peccato che non non so parlarlo che cioè anche a me mi man- sono
422	BZ010	1038.697	1039.241	0.544	True	no	0	0	0	0	0	0	0	1	0	False	False	False	False	False	False	False	_	0	0	0	1	[chiaro,]	[chiaro],	chiaro
423	BZ008	1042.171	1046.191	4.022	True	no	0	0	0	0	0	0	1	0	0	False	False	False	False	False	False	False	_	1	0	0	12	altoatesino però mi manca un cinquanta per cento per dire perché, (.) boh,	altoatesino però mi manca un cinquanta per cento per dire perché, (.) boh,	altoatesino però mi manca un cinquanta per cento per dire perché (.) boh
424	BZ010	1046.191	1046.75	0.561	True	no	0	0	0	0	0	0	1	0	0	False	False	False	False	False	False	False	_	0	0	0	1	certo,	certo,	certo
425	BZ008	1047.162	1055.245	8.083	True	no	0	0	0	0	0	0	0	0	0	False	False	False	False	False	False	False	_	2	0	0	31	e lì sei anche lì sei limitato, perché lo vedi col lavoro e tutto, (.) da piccolo non ti serve però: (.) poi andare a lavorare in provincia e tutto e dici ah,	e lì sei anche lì sei limitato, perché lo vedi col lavoro e tutto, (.) da piccolo non ti serve però: (.) poi andare a lavorare in provincia e tutto e dici ah,	e lì sei anche lì sei limitato perché lo vedi col lavoro e tutto (.) da piccolo non ti serve però (.) poi andare a lavorare in provincia e tutto e dici ah
426	BZ010	1055.672	1056.303	0.631	True	no	0	0	0	0	0	0	0	1	0	False	False	False	False	False	False	False	_	0	0	0	1	cer[to.]	cer[to].	certo
427	BZ008	1055.979	1057.084	1.105	True	no	0	0	0	0	0	0	0	0	0	False	False	False	False	False	False	False	_	0	0	0	2	[ma]gari adesso,	[ma]gari adesso,	magari adesso
428	BZ008	1057.47	1058.119	0.649	True	no	0	0	0	0	0	0	0	0	0	False	False	False	False	False	False	False	_	0	0	0	2	sarebbe meglio.	sarebbe meglio.	sarebbe meglio
429	BZ010	1058.33	1061.68	3.35	True	no	0	0	0	0	0	0	0	0	0	False	False	False	False	False	False	False	_	0	0	0	12	perché i tuoi amici non l'hanno imparato così bene l'italiano?	perché i tuoi amici non l'hanno imparato così bene l'italiano?	perché i tuoi amici non l' hanno imparato così bene l' italiano
430	BZ008	1062.576	1067.137	4.561	True	no	0	0	0	0	0	0	0	0	0	False	False	False	False	False	False	False	_	0	0	0	13	mh come lo impar- lo impari alle scuole tedesche alla fine molto: mh,	mh come lo impar- lo impari alle scuole tedesche alla fine molto: mh,	mh come lo impar- lo impari alle scuole tedesche alla fine molto mh
431	BZ008	1068.479	1072.69	4.211	True	no	0	0	0	0	0	0	0	0	0	False	False	False	False	False	False	False	_	0	0	0	12	sei lì, con mani con i piedi [a gesticolare perché è così]	sei lì, con mani con i piedi [a gesticolare perché è così]	sei lì con mani con i piedi a gesticolare perché è così
432	BZ010	1071.856	1080.067	8.211	True	no	0	0	0	0	0	0	0	0	0	False	False	False	False	False	False	False	_	0	1	0	25	[((ride)) ma] perché sai cosa sento spesso che, ed è, cioè mi s- mi è sembrato: spesso così, però dipenderà anche da città a città effettivamente,	[((ride)) ma] perché sai cosa sento spesso che, ed è, cioè mi s- mi è sembrato: spesso così, però dipenderà anche da città a città effettivamente,	((ride)) ma perché sai cosa sento spesso che ed è cioè mi s- mi è sembrato spesso così però dipenderà anche da città a città effettivamente
433	BZ010	1080.374	1085.982	5.608	True	no	0	0	0	0	0	0	0	1	0	False	False	False	False	False	False	False	_	0	0	0	19	che i tedeschi che imparano l'italiano spesso sanno molto meglio l'italiano, degli italiani che imparano il te[desco.]	che i tedeschi che imparano l'italiano spesso sanno molto meglio l'italiano, degli italiani che imparano il te[desco].	che i tedeschi che imparano l' italiano spesso sanno molto meglio l' italiano degli italiani che imparano il tedesco
434	BZ008	1085.795	1086.578	0.783	True	no	0	0	0	0	0	0	0	0	0	False	False	False	False	False	False	False	_	0	0	0	4	[ah quello] è sicuro.	[ah quello] è sicuro.	ah quello è sicuro
435	BZ010	1086.681	1089.017	2.336	True	no	0	0	0	0	0	0	0	1	0	False	False	False	False	False	False	False	_	1	0	0	5	sì? [(.) comunque è meglio quindi.]	sì? [(.) comunque è meglio quindi].	sì (.) comunque è meglio quindi
436	BZ008	1087.067	1089.087	2.02	True	no	0	0	0	0	0	0	0	1	0	False	False	False	False	False	False	False	_	0	0	0	8	[sì=sì=sì=sì=sì=sì quello sì.]	[sì=sì=sì=sì=sì=sì quello sì].	sì sì sì sì sì sì quello sì
437	BZ010	1089.225	1089.6605	0.441	True	no	0	0	0	0	0	0	1	0	0	False	False	False	False	False	False	False	_	0	0	0	2	mh=mh,	mh=mh,	mh mh
438	BZ008	1089.6605	1090.918	1.263	True	no	0	0	0	0	0	0	1	0	0	False	False	False	False	False	False	False	_	0	0	0	4	perché non so se:,	perché non so se:,	perché non so se
439	BZ008	1091.243	1096.102	4.859	True	no	0	0	0	0	0	0	0	0	0	False	False	False	False	False	False	False	_	0	0	0	17	magari è perché il tedesco può essere un attimo più difficile da imparare immagino che sia quello,	magari è perché il tedesco può essere un attimo più difficile da imparare immagino che sia quello,	magari è perché il tedesco può essere un attimo più difficile da imparare immagino che sia quello
440	BZ008	1097.067	1107.684	10.617	True	no	0	0	0	0	0	0	0	0	0	False	False	False	False	False	False	False	_	1	0	0	33	ma: non so se proprio non è la: buona volontà, (.) o non prorpio non l'interesse perché non, o perché le scuole tedesche sono un attimino più serie di quelle italiane, a merano.	ma: non so se proprio non è la: buona volontà, (.) o non prorpio non l'interesse perché non, o perché le scuole tedesche sono un attimino più serie di quelle italiane, a merano.	ma non so se proprio non è la buona volontà (.) o non prorpio non l' interesse perché non o perché le scuole tedesche sono un attimino più serie di quelle italiane a merano
441	BZ010	1107.715	1108.2145	0.543	True	no	0	0	0	0	0	1	1	0	0	False	False	False	False	False	False	False	_	0	0	0	2	mh=mh,=	mh=mh,	mh mh
442	BZ008	1108.2145	1110.03	1.859	True	no	0	0	0	0	0	1	1	0	0	False	False	False	False	False	False	False	_	0	0	0	7	=sì dico a merano perché le scuole:,	sì dico a merano perché le scuole:,	sì dico a merano perché le scuole
443	BZ008	1110.758	1112.583	1.825	True	no	0	0	0	0	0	0	0	0	0	False	False	False	False	False	False	False	_	0	0	0	7	italiane a merano sono un po' così.	italiane a merano sono un po' così.	italiane a merano sono un po' così
444	BZ010	1112.627	1113.679	1.052	True	no	0	0	0	0	0	0	0	1	0	False	False	False	False	False	False	False	_	0	0	0	2	ah ok[ay.]	ah ok[ay].	ah okay
445	BZ008	1113.285	1113.759	0.474	True	no	0	0	0	0	0	0	0	1	0	False	False	False	False	False	False	False	_	0	0	0	1	[sì.]	[sì].	sì
446	BZ008	1114.075	1116.479	2.404	True	no	0	0	0	0	0	0	0	0	0	False	False	False	False	False	False	False	_	0	0	0	12	io non manderei mai mio figlio o mia figlia in una scuola,	io non manderei mai mio figlio o mia figlia in una scuola,	io non manderei mai mio figlio o mia figlia in una scuola
447	BZ008	1116.865	1119.532	2.667	True	no	0	0	0	0	0	0	0	1	0	False	False	False	False	False	False	False	_	0	0	0	8	eh italiana [a merano.] no per dire perché,	eh italiana [a merano]. no per dire perché,	eh italiana a merano no per dire perché
448	BZ010	1117.611	1118.734	1.123	True	no	0	0	0	0	0	0	0	1	0	False	False	False	False	False	False	False	_	0	0	0	2	[ah okay.]	[ah okay].	ah okay
449	BZ008	1120.883	1121.672	0.789	True	no	0	0	0	0	0	0	0	0	0	False	False	False	False	False	False	False	_	0	0	0	4	sono un po' più,	sono un po' più,	sono un po' più
450	BZ008	1122.181	1123.497	1.316	True	no	0	0	0	0	0	0	0	0	0	False	False	False	False	False	False	False	_	0	0	0	4	tedesche per dire e,	tedesche per dire e,	tedesche per dire e
451	BZ008	1123.901	1126.62	2.719	True	no	0	0	0	0	0	0	0	0	0	False	False	False	False	False	False	False	_	0	0	0	10	non so per quanto bene o male sia però per,	non so per quanto bene o male sia però per,	non so per quanto bene o male sia però per
452	BZ008	1127.971	1130.826	2.877	True	no	0	0	0	0	0	0	1	0	0	False	False	False	False	False	False	False	_	0	0	0	11	boh mi sembra che siano organizzate un attimo meglio quelle tedesche.	boh mi sembra che siano organizzate un attimo meglio quelle tedesche.	boh mi sembra che siano organizzate un attimo meglio quelle tedesche
453	BZ010	1130.826	1131.892	1.088	True	no	0	0	0	0	0	0	1	0	0	False	False	False	False	False	False	False	_	0	0	0	2	ho capito.	ho capito.	ho capito
454	BZ010	1132.164	1137.708	5.544	True	no	0	0	0	0	0	0	0	1	0	False	False	False	False	False	False	False	_	1	0	0	16	ehm: e se adesso, (.) mh dovessi magari avere figli così, sai già che lingua ci parleres[ti?]	ehm: e se adesso, (.) mh dovessi magari avere figli così, sai già che lingua ci parleres[ti]?	ehm e se adesso (.) mh dovessi magari avere figli così sai già che lingua ci parleresti
455	BZ008	1137.314	1140.052	2.738	True	no	0	0	0	0	0	0	0	0	0	False	False	False	False	False	False	False	_	0	0	0	10	[no] non lo so ancora quello, quello è un casino.	[no] non lo so ancora quello, quello è un casino.	no non lo so ancora quello quello è un casino
456	BZ010	1140.674	1143.27	2.596	True	no	0	0	0	0	0	0	0	0	0	False	False	False	False	False	False	False	_	0	0	0	7	dipenderebbe anche dalla lingua della mamma eventualmente?	dipenderebbe anche dalla lingua della mamma eventualmente?	dipenderebbe anche dalla lingua della mamma eventualmente
457	BZ008	1143.367	1144.332	0.965	True	no	0	0	0	0	0	0	0	1	0	False	False	False	False	False	False	False	_	0	0	0	2	ovviamente [sì.]	ovviamente [sì].	ovviamente sì
458	BZ010	1144.121	1146.7	2.579	True	no	0	0	0	0	0	0	0	0	0	False	False	False	False	False	False	False	_	0	0	0	8	[nel senso] che parleresti la stessa o diversa?	[nel senso] che parleresti la stessa o diversa?	nel senso che parleresti la stessa o diversa
459	BZ008	1146.91	1151.489	4.579	True	no	0	0	0	0	0	0	0	0	0	False	False	False	False	False	False	False	_	0	0	0	18	eh quello adesso non so perché io non so cosa fa bene al bambino, se poi fa casi:no,	eh quello adesso non so perché io non so cosa fa bene al bambino, se poi fa casi:no,	eh quello adesso non so perché io non so cosa fa bene al bambino se poi fa casino
460	BZ008	1152.138	1155.998	3.86	True	no	0	0	0	0	0	0	0	0	0	False	False	False	False	False	False	False	_	0	0	0	8	o: se sarebbe meglio parlargli in inglese direttamente,	o: se sarebbe meglio parlargli in inglese direttamente,	o se sarebbe meglio parlargli in inglese direttamente
461	BZ008	1156.568	1160.06	3.492	True	no	0	0	0	0	0	0	0	0	0	False	False	False	False	False	False	False	_	0	0	0	10	che poi tanto: l'italiano il tedesco lo impara comunque,	che poi tanto: l'italiano il tedesco lo impara comunque,	che poi tanto l' italiano il tedesco lo impara comunque
462	BZ010	1160.13	1160.569	0.466	True	no	0	0	0	0	0	0	1	0	0	False	False	False	False	False	False	False	_	0	0	0	2	mh=mh,	mh=mh,	mh mh
463	BZ008	1160.569	1161.349	0.807	True	no	0	0	0	0	0	0	1	0	0	False	False	False	False	False	False	False	_	0	0	0	2	non saprei.	non saprei.	non saprei
464	BZ010	1161.726	1162.586	0.86	True	no	0	0	0	0	0	0	0	0	0	False	False	False	False	False	False	False	_	0	0	0	1	okay.	okay.	okay
465	BZ010	1162.972	1164.727	1.755	True	no	0	0	0	0	0	0	0	0	0	False	False	False	False	False	False	False	_	0	1	0	5	va be' hai tempo per [pensarci. ((ride))]	vabbè hai tempo per [pensarci. ((ride))]	vabbè hai tempo per pensarci ((ride))
466	BZ008	1163.823	1164.735	0.912	True	no	0	0	0	0	0	0	0	0	0	False	False	False	False	False	False	False	_	0	1	0	2	[sì sì ((ride))]	[sì sì ((ride))]	sì sì ((ride))
