tu_id	speaker	start	end	duration	include	variation	W:normalized_spaces	W:numbers	W:accents	W:non_jefferson	W:pauses_trim	W:prosodic_trim	W:moved_boundaries	W:switches	W:overlap_mismatch	E:volume	E:pace	E:guess	E:overlap	E:overlap_mismatch	E:overlap_annotation	E:overlap_time	E:overlap_duration	T:shortpauses	T:nonverbalbehavior	T:errors	T:linguistic	original	text	orthographic
0	BZ001	1.86	3.26	1.4	True	_	0	0	0	0	0	0	0	0	0	False	False	False	False	False	False	False	_	0	0	0	3	ecco. sto registrando,	ecco. sto registrando,	ecco sto registrando
1	BZ001	3.68	8.63	4.95	True	_	0	0	0	0	0	0	0	0	0	False	False	False	False	False	False	False	_	0	0	0	18	eh io allora: ti chiederei di raccontarmi un po': che lingue conosci che ruolo hanno nella tua vita,	eh io allora: ti chiederei di raccontarmi un po': che lingue conosci che ruolo hanno nella tua vita,	eh io allora ti chiederei di raccontarmi un po' che lingue conosci che ruolo hanno nella tua vita
2	BZ002	8.95	15.29	6.34	True	_	0	0	0	0	0	0	0	0	0	False	False	False	False	False	False	False	_	1	0	0	19	okay. (.) be' allora la mia lingua: madrelingua è l'italiano, perché sia mia madre che mio padre sono italiani,	okay. (.) be' allora la mia lingua: madrelingua è l'italiano, perché sia mia madre che mio padre sono italiani,	okay (.) be' allora la mia lingua madrelingua è l' italiano perché sia mia madre che mio padre sono italiani
3	BZ002	16.46	21.6	5.14	True	_	0	0	0	0	0	0	0	0	0	False	False	False	False	False	False	False	_	1	0	0	11	poi: da::ll'asilo, (.) ho iniziato a studiare sia tedesco che inglese,	poi: da::ll'asilo, (.) ho iniziato a studiare sia tedesco che inglese,	poi dall' asilo (.) ho iniziato a studiare sia tedesco che inglese
4	BZ002	21.92	24.09	2.17	True	_	0	0	0	0	0	0	0	0	0	False	False	False	False	False	False	False	_	0	0	0	8	ho iniziato a fare inglese anche all'asilo,	ho iniziato a fare inglese anche all'asilo,	ho iniziato a fare inglese anche all' asilo
5	BZ001	24.74	25.21	0.47	True	_	0	0	0	0	0	0	0	1	0	False	False	False	False	False	False	False	_	0	0	0	1	[mh.]	[mh].	mh
6	BZ002	24.75	26.06	1.31	True	_	0	0	0	0	0	0	0	0	0	False	False	False	False	False	False	False	_	0	0	0	1	[eh:]:m:	[eh:]:m:	ehm
7	BZ002	27.1	28.46	1.36	True	_	0	0	0	0	0	0	0	0	0	False	False	False	False	False	False	False	_	0	0	0	1	tedesco::,	tedesco::,	tedesco
8	BZ002	28.838	34.598	5.76	True	_	0	0	0	0	0	0	0	0	0	False	False	False	False	False	False	False	_	1	0	0	17	poi l'ho sempre studiato sia alle elementari come seconda lingua (.) e alle elementari ero anche piuttosto,	poi l'ho sempre studiato sia alle elementari come seconda lingua (.) e alle elementari ero anche piuttosto,	poi l' ho sempre studiato sia alle elementari come seconda lingua (.) e alle elementari ero anche piuttosto
9	BZ002	35.053	36.323	1.27	True	_	0	0	0	0	0	0	0	0	0	False	False	False	False	False	False	False	_	1	0	0	2	bravina, (.) poi	bravina, (.) poi	bravina (.) poi
10	BZ002	36.683	37.813	1.13	True	_	0	0	0	0	0	0	0	0	0	False	False	False	False	False	False	False	_	0	0	0	6	si è un po' fermata là,	si è un po' fermata là,	si è un po' fermata là
11	BZ002	38.363	40.083	1.72	True	_	0	0	0	0	0	0	0	0	0	False	False	False	False	False	False	False	_	0	0	0	2	e: adesso,	e: adesso,	e adesso
12	BZ002	40.163	45.783	5.62	True	_	0	0	0	0	0	0	0	0	0	False	False	False	False	False	False	False	_	0	0	0	15	l:o scorso anno ultimi dieci mesi, ho iniziato a studiare cinese ma quello molto livello,	l:o scorso anno ultimi dieci mesi, ho iniziato a studiare cinese ma quello molto livello,	lo scorso anno ultimi dieci mesi ho iniziato a studiare cinese ma quello molto livello
13	BZ002	46.233	47.693	1.46	True	_	0	0	0	0	0	0	0	0	0	False	False	False	False	False	False	False	_	0	0	0	2	eh:: base,	eh:: base,	eh base
14	BZ001	48.023	48.413	0.39	True	_	0	0	0	0	0	0	0	0	0	False	False	False	False	False	False	False	_	0	0	0	2	mh=mh,	mh=mh,	mh mh
15	BZ002	48.423	51.453	3.03	True	_	0	0	0	0	0	0	0	0	0	False	False	False	False	False	False	False	_	0	0	0	10	quindi per ora diciamo che le lingue che conosco sono:,	quindi per ora diciamo che le lingue che conosco sono:,	quindi per ora diciamo che le lingue che conosco sono
16	BZ002	51.873	54.653	2.78	True	_	0	0	0	0	0	0	0	0	0	False	False	False	False	False	False	False	_	0	0	0	6	sicuramente l'italiano prima lingua, mh	sicuramente l'italiano prima lingua, mh	sicuramente l' italiano prima lingua mh
17	BZ002	54.908	57.348	2.44	True	_	0	0	0	0	0	0	0	0	0	False	False	False	False	False	False	False	_	1	0	0	5	inglese un (.) livello ci uno,	inglese un (.) livello ci uno,	inglese un (.) livello ci uno
18	BZ002	57.583	60.293	2.71	True	_	0	0	0	0	0	0	0	0	0	False	False	False	False	False	False	False	_	0	1	0	7	tedesco un po' più: bassino ((ridendo)) bi due,	tedesco un po' più: bassino ((ridendo)) bi due,	tedesco un po' più bassino ((ridendo)) bi due
19	BZ002	60.613	62.623	2.01	True	_	0	0	0	0	0	0	0	0	0	False	False	False	False	False	False	False	_	0	0	0	5	e cinese ho appena finito,	e cinese ho appena finito,	e cinese ho appena finito
20	BZ002	63.013	64.553	1.54	True	_	0	0	0	0	0	0	0	0	0	False	False	False	False	False	False	False	_	0	0	0	5	a- le l'hsk uno.	a- le l'hsk uno.	a- le l' hsk uno
21	BZ002	65.508	66.408	0.9	True	_	0	0	0	0	0	0	0	0	0	False	False	False	False	False	False	False	_	0	0	0	1	[e::]	[e::]	e
22	BZ001	65.993	67.133	1.14	True	_	0	0	0	0	0	0	0	0	0	False	False	False	False	False	False	False	_	0	0	0	5	[e] cioè? cos'è questo?	[e] cioè? cos'è questo?	e cioè cos' è questo
23	BZ002	67.338	71.398	4.06	True	_	0	0	0	0	0	0	0	0	0	False	False	False	False	False	False	False	_	0	0	0	12	è tipo:: non so bene perché sono dal: livello uno al sei,	è tipo:: non so bene perché sono dal: livello uno al sei,	è tipo non so bene perché sono dal livello uno al sei
24	BZ002	71.748	73.878	2.13	True	_	0	0	0	0	0	0	0	0	0	False	False	False	False	False	False	False	_	0	0	0	9	e penso sia tipo un a uno a due,	e penso sia tipo un a uno a due,	e penso sia tipo un a uno a due
25	BZ002	74.665	79.575	4.91	True	_	0	0	0	0	0	0	0	0	0	False	False	False	False	False	False	False	_	0	0	0	15	e:: adesso sto facendo l'hsk due, che penso sia tipo più un a due,	e:: adesso sto facendo l'hsk due, che penso sia tipo più un a due,	e adesso sto facendo l' hsk due che penso sia tipo più un a due
26	BZ002	80.845	81.255	0.41	True	_	0	0	0	0	0	0	0	0	0	False	False	False	False	False	False	False	_	0	0	0	2	a due.	a due.	a due
27	BZ002	82.285	84.925	2.64	True	_	0	0	0	0	0	0	0	0	0	False	False	False	False	False	False	False	_	0	0	0	7	e:: niente in casa mia parlano napoletano.	e:: niente in casa mia parlano napoletano.	e niente in casa mia parlano napoletano
28	BZ002	85.08	88.63	3.55	True	_	0	0	0	0	0	0	0	0	0	False	False	False	False	False	False	False	_	0	0	0	13	m:a io non lo so ben parlare lo so più che altro capire.	m:a io non lo so ben parlare lo so più che altro capire.	ma io non lo so ben parlare lo so più che altro capire
29	BZ002	89.79	90.7	0.91	True	_	0	0	0	0	0	0	0	0	0	False	False	False	False	False	False	False	_	0	0	0	1	e::	e::	e
30	BZ002	91.317	100.637	9.32	True	_	0	0	0	0	0	0	0	0	0	False	False	False	False	False	False	False	_	0	0	0	35	è un po':: mixato col veneto perché mia mamma cioè i miei nonni da par- >tutti i parenti< da parte di mia mamma sono veneti quindi ho un po' un misciotto di: dialetti: in casa.	è un po':: mixato col veneto perché mia mamma cioè i miei nonni da par- >tutti i parenti< da parte di mia mamma sono veneti quindi ho un po' un misciotto di: dialetti: in casa.	è un po' mixato col veneto perché mia mamma cioè i miei nonni da par- tutti i parenti da parte di mia mamma sono veneti quindi ho un po' un misciotto di dialetti in casa
31	BZ001	100.977	102.007	1.03	True	_	0	0	0	0	0	0	0	0	0	False	False	False	False	False	False	False	_	0	0	0	4	tua mamma parla veneto?	tua mamma parla veneto?	tua mamma parla veneto
32	BZ002	102.086	111.636	9.55	True	_	0	0	0	0	0	0	0	0	0	False	False	False	False	False	False	False	_	1	0	0	33	mia mamma mh è nata a bolzano, (.) però tutti i miei due nonni sono veneti e: ha anche passato molto tempo in veneto quindi in realtà è un po' un dialetto diluito diciamo.	mia mamma mh è nata a bolzano, (.) però tutti i miei due nonni sono veneti e: ha anche passato molto tempo in veneto quindi in realtà è un po' un dialetto diluito diciamo.	mia mamma mh è nata a bolzano (.) però tutti i miei due nonni sono veneti e ha anche passato molto tempo in veneto quindi in realtà è un po' un dialetto diluito diciamo
33	BZ002	112.024	116.214	4.19	True	_	0	0	0	0	0	0	0	0	0	False	False	False	False	False	False	False	_	1	0	0	15	e: però sì lo sa parlar bene io anche lì so più capire che: (.) parlare.	e: però sì lo sa parlar bene io anche lì so più capire che: (.) parlare.	e però sì lo sa parlar bene io anche lì so più capire che (.) parlare
34	BZ001	116.544	118.694	2.15	True	_	0	0	0	0	0	0	0	1	0	False	False	False	False	False	False	False	_	1	0	0	7	e invece tuo papà parla napoletano (.) [stretto?]	e invece tuo papà parla napoletano (.) [stretto]?	e invece tuo papà parla napoletano (.) stretto
35	BZ002	118.254	125.394	7.14	True	_	0	0	0	0	0	0	0	0	0	False	False	False	False	False	False	False	_	2	0	0	16	[mio] papà, (.) allora con noi no, parla italiano, (.) però se parla coi suoi fratelli parla: napoletano,	[mio] papà, (.) allora con noi no, parla italiano, (.) però se parla coi suoi fratelli parla: napoletano,	mio papà (.) allora con noi no parla italiano (.) però se parla coi suoi fratelli parla napoletano
36	BZ002	125.69	131.95	6.26	True	_	0	0	0	0	0	0	0	0	0	False	False	False	False	False	False	False	_	0	0	0	21	e mio fratello lo sa parlare napoletano molto meglio di tutti noi. quindi ogni tanto mio papà e mio fratello parlano	e mio fratello lo sa parlare napoletano molto meglio di tutti noi. quindi ogni tanto mio papà e mio fratello parlano	e mio fratello lo sa parlare napoletano molto meglio di tutti noi quindi ogni tanto mio papà e mio fratello parlano
37	BZ002	132.46	133.64	1.18	True	_	0	0	0	0	0	0	0	0	0	False	False	False	False	False	False	False	_	0	0	0	4	in napoletano quello sì.	in napoletano quello sì.	in napoletano quello sì
38	BZ002	133.98	135.03	1.05	True	_	0	0	0	0	0	0	0	1	0	False	False	False	False	False	False	False	_	0	0	0	5	[però no con noi no.]	[però no con noi no].	però no con noi no
39	BZ001	133.985	136.085	2.1	True	_	0	0	0	0	0	0	0	1	True	False	False	False	False	False	False	False	_	1	0	0	7	[quindi vanno a napoli,] (.) parlano in napoletano?	[quindi vanno a napoli], (.) parlano in napoletano?	quindi vanno a napoli (.) parlano in napoletano
40	BZ002	136.083	147.233	11.15	True	_	0	0	0	0	0	0	0	0	True	False	False	False	False	False	False	False	39=0.002	1	0	0	41	sì sì no mio fratello poi è ha ha sempre anche avuto più rapporti con tutti i parenti di mio papà quindi: è sta- è mpre stato più abituato a (.) capire e a parlare napoletano e è andato più spesso giù:	sì sì no mio fratello poi è ha ha sempre anche avuto più rapporti con tutti i parenti di mio papà quindi: è sta- è mpre stato più abituato a (.) capire e a parlare napoletano e è andato più spesso giù:	sì sì no mio fratello poi è ha ha sempre anche avuto più rapporti con tutti i parenti di mio papà quindi è sta- è mpre stato più abituato a (.) capire e a parlare napoletano e è andato più spesso giù
41	BZ002	147.553	149.103	1.55	True	_	0	0	0	0	0	0	0	0	0	False	False	False	False	False	False	False	_	1	0	0	4	quindi (.) diventato più bravo,	quindi (.) diventato più bravo,	quindi (.) diventato più bravo
42	BZ002	149.623	153.493	3.87	True	_	0	0	0	0	0	0	0	0	0	False	False	False	False	False	False	False	_	0	0	0	15	sì quando non si vogliono far capire da noi parlano velocemente così noi non capiamo.	sì quando non si vogliono far capire da noi parlano velocemente così noi non capiamo.	sì quando non si vogliono far capire da noi parlano velocemente così noi non capiamo
43	BZ001	154.053	155.943	1.89	True	_	0	0	0	0	0	0	0	0	0	False	False	True	False	False	False	False	_	1	0	0	7	e tu ci provi? (.) a parlare napole[tano)]	e tu ci provi? (.) a parlare napole[tano)]	e tu ci provi (.) a parlare napoletano
44	BZ002	155.523	162.203	6.68	True	_	0	0	0	0	0	0	0	0	0	False	False	False	False	False	False	False	_	0	0	0	23	[eh:] ma in realtà no, cioè mi fanno ridere certe frasi allora: che usiamo come intercalare in casa o roba così. però n-	[eh:] ma in realtà no, cioè mi fanno ridere certe frasi allora: che usiamo come intercalare in casa o roba così. però n-	eh ma in realtà no cioè mi fanno ridere certe frasi allora che usiamo come intercalare in casa o roba così però n-
45	BZ002	163.243	167.373	4.13	True	_	0	0	0	0	0	0	0	0	0	False	False	False	False	False	False	False	_	0	1	0	16	anche perché se devo parlare con mio padre, non mi viene molto ((ridendo)) da parlargli in napoletano.	anche perché se devo parlare con mio padre, non mi viene molto ((ridendo)) da parlargli in napoletano.	anche perché se devo parlare con mio padre non mi viene molto ((ridendo)) da parlargli in napoletano
46	BZ002	167.743	168.363	0.62	True	_	0	0	0	0	0	0	0	0	0	False	False	False	False	False	False	False	_	0	1	0	2	però sì. ((a bassa voce))	però sì. ((a_bassa_voce))	però sì ((a_bassa_voce))
47	BZ001	168.468	169.208	0.74	True	_	0	0	0	0	0	0	0	0	0	False	False	False	False	False	False	False	_	0	0	0	3	ah be' certo,	ah be' certo,	ah be' certo
48	BZ001	169.436	178.056	8.62	True	_	0	0	0	0	0	0	0	1	0	False	False	False	False	False	False	False	_	1	0	0	31	e tedesco invece? (.) come: >diciamo< qui tutti hanno un po' qualche storia da raccontare no, rispetto al loro rapporto con lo studio del tedesco con la lingua, [lo parli per esempio?]	e tedesco invece? (.) come: >diciamo< qui tutti hanno un po' qualche storia da raccontare no, rispetto al loro rapporto con lo studio del tedesco con la lingua, [lo parli per esempio]?	e tedesco invece (.) come diciamo qui tutti hanno un po' qualche storia da raccontare no rispetto al loro rapporto con lo studio del tedesco con la lingua lo parli per esempio
49	BZ002	177.036	180.216	3.18	True	_	0	0	0	0	0	0	0	0	0	False	False	False	False	False	False	False	_	0	0	0	7	[eh: s-] sì nel senso so arrangiarmi,	[eh: s-] sì nel senso so arrangiarmi,	eh s- sì nel senso so arrangiarmi
50	BZ002	180.888	190.348	9.46	True	_	0	0	0	0	0	0	0	0	0	False	False	False	False	False	False	False	_	0	0	0	36	però: anche col fatto che gli ultimi cinque anni son stata a bologna non mi viene: come cioè l:e parole se devo pensarle in un'altra lingua mi vengono più facilmente in inglese in tedesco no,	però: anche col fatto che gli ultimi cinque anni son stata a bologna non mi viene: come cioè l:e parole se devo pensarle in un'altra lingua mi vengono più facilmente in inglese in tedesco no,	però anche col fatto che gli ultimi cinque anni son stata a bologna non mi viene come cioè le parole se devo pensarle in un' altra lingua mi vengono più facilmente in inglese in tedesco no
51	BZ002	190.988	195.688	4.7	True	_	0	0	0	0	0	0	0	0	0	False	False	False	False	False	False	False	_	0	0	0	21	però non lo so tipo in estate quando: lavoro qui che mi serve anche parlare in tedesco in qualche modo poi	però non lo so tipo in estate quando: lavoro qui che mi serve anche parlare in tedesco in qualche modo poi	però non lo so tipo in estate quando lavoro qui che mi serve anche parlare in tedesco in qualche modo poi
52	BZ002	196.453	197.493	1.04	True	_	0	0	0	0	0	0	0	0	0	False	False	False	False	False	False	False	_	0	0	0	3	me la arrangio,	me la arrangio,	me la arrangio
53	BZ002	197.608	202.878	5.27	True	_	0	0	0	0	0	0	0	0	0	False	False	False	False	False	False	False	_	1	0	0	19	mh da piccola ero più bravina nel senso ho fatto il bi uno che ero (.) eh ancora alle elementari.	mh da piccola ero più bravina nel senso ho fatto il bi uno che ero (.) eh ancora alle elementari.	mh da piccola ero più bravina nel senso ho fatto il bi uno che ero (.) eh ancora alle elementari
54	BZ002	203.51	204.74	1.23	True	_	0	0	0	0	0	0	0	0	0	False	False	False	False	False	False	False	_	0	0	0	7	e poi più o meno il mio:	e poi più o meno il mio:	e poi più o meno il mio
55	BZ001	204.99	205.19	0.2	True	_	0	0	0	0	0	0	0	0	0	False	False	False	False	False	False	False	_	0	0	0	1	ah.	ah.	ah
56	BZ002	205.265	210.185	4.92	True	_	0	0	0	0	0	0	0	0	0	False	False	False	False	False	False	False	_	0	1	0	21	mi avevano dato anche un premio, con una maglietta che ancora tengo per dire hey una volta lo sapevo il tedesco, ((smiley voice))	mi avevano dato anche un premio, con una maglietta che ancora tengo per dire hey una volta lo sapevo il tedesco, ((smiley_voice))	mi avevano dato anche un premio con una maglietta che ancora tengo per dire hey una volta lo sapevo il tedesco ((smiley_voice))
57	BZ002	210.52	211.4025	0.885	True	_	0	0	0	0	0	0	1	0	0	False	False	False	False	False	False	False	_	0	0	0	1	e::	e::	e
58	BZ001	211.4025	211.88	0.48	True	_	0	0	0	0	0	0	1	0	0	False	False	False	False	False	False	False	_	0	0	0	2	pensa te.	pensa te.	pensa te
59	BZ002	212.155	217.685	5.53	True	_	0	0	0	0	0	0	0	0	0	False	False	False	False	False	False	False	_	0	0	0	25	e poi sì non l'ho più continuato al liceo e lì non ho poi quando sono andata a bologna l'ho un po' abbandonato.	e poi sì non l'ho più continuato al liceo e lì non ho poi quando sono andata a bologna l'ho un po' abbandonato.	e poi sì non l' ho più continuato al liceo e lì non ho poi quando sono andata a bologna l' ho un po' abbandonato
60	BZ002	218.585	223.205	4.62	True	_	0	0	0	0	0	0	0	0	0	False	False	False	False	False	False	False	_	0	0	0	15	e:: però in casa mia tipo le mie sorelle lo parlano perfettamente cioè hanno il:	e:: però in casa mia tipo le mie sorelle lo parlano perfettamente cioè hanno il:	e però in casa mia tipo le mie sorelle lo parlano perfettamente cioè hanno il
61	BZ002	223.555	224.995	1.44	True	_	0	0	0	0	0	0	0	0	0	False	False	False	False	False	False	False	_	0	0	0	5	coso di bilinguismo, ma perché,	coso di bilinguismo, ma perché,	coso di bilinguismo ma perché
62	BZ002	225.865	228.585	2.72	True	_	0	0	0	0	0	0	0	0	0	False	False	False	False	False	False	False	_	0	0	0	14	mia sorella ha fatto la claudiana e quindi l'ha imparato e l'altra,	mia sorella ha fatto la claudiana e quindi l'ha imparato e l'altra,	mia sorella ha fatto la claudiana e quindi l' ha imparato e l' altra
63	BZ002	229.0	230.69	1.69	True	_	0	0	0	0	0	0	0	0	0	False	False	False	False	False	False	False	_	0	0	0	6	mia sorella faceva il linguistico quindi,	mia sorella faceva il linguistico quindi,	mia sorella faceva il linguistico quindi
64	BZ001	231.0	231.58	0.58	True	_	0	0	0	0	0	0	0	1	0	False	False	False	False	False	False	False	_	0	0	0	1	ok[ay.]	ok[ay].	okay
65	BZ002	231.195	231.575	0.38	True	_	0	0	0	0	0	0	0	0	0	False	False	False	False	False	False	False	_	0	0	0	1	[e]	[e]	e
66	BZ002	232.29	233.28	0.99	True	_	0	0	0	0	0	0	0	0	0	False	False	False	False	False	False	False	_	0	0	0	0	[xxxx]	[xxxx]	xxxx
67	BZ001	232.3	237.44	5.14	True	_	0	0	0	0	0	0	0	0	0	False	False	False	False	False	False	False	_	1	0	0	18	[ma lo parli:] (.) ti sei mai trovata a parte al lavoro, nella tua vita sociale diciamo: a bolzano,	[ma lo parli:] (.) ti sei mai trovata a parte al lavoro, nella tua vita sociale diciamo: a bolzano,	ma lo parli (.) ti sei mai trovata a parte al lavoro nella tua vita sociale diciamo a bolzano
68	BZ002	237.54	238.61	1.07	True	_	0	0	0	0	0	1	0	0	0	False	False	False	False	False	True	False	69=0.450	0	0	0	3	no quello no.=	no quello no.	no quello no
69	BZ001	238.16	238.86	0.7	True	_	0	0	0	0	0	1	0	0	0	False	False	False	False	False	True	False	68=0.450	0	0	0	2	=mai, mh.	mai, mh.	mai mh
70	BZ002	238.995	239.765	0.77	True	_	0	0	0	0	0	0	0	0	0	False	False	False	False	False	False	False	_	0	0	0	2	no zero.	no zero.	no zero
71	BZ002	239.905	245.555	5.65	True	_	0	0	0	0	0	0	0	0	0	False	False	False	False	False	False	False	_	0	0	0	20	cioè avevo fatto poi un'estate: alla >quarta< in quarta superiore in germania, e lì ero diventa[ta un] po' più,	cioè avevo fatto poi un'estate: alla >quarta< in quarta superiore in germania, e lì ero diventa[ta un] po' più,	cioè avevo fatto poi un' estate alla quarta in quarta superiore in germania e lì ero diventata un po' più
72	BZ001	244.665	244.975	0.31	True	_	0	0	0	0	0	0	0	1	0	False	False	False	False	False	False	False	_	0	0	0	1	[mh.]	[mh].	mh
73	BZ002	246.625	250.605	3.98	True	_	0	0	0	0	0	0	0	0	0	False	False	False	False	False	False	False	_	0	0	0	14	bravet- bravina a parlare, però poi non mi capita mai di parlare tedesco no.	bravet- bravina a parlare, però poi non mi capita mai di parlare tedesco no.	bravet- bravina a parlare però poi non mi capita mai di parlare tedesco no
74	BZ001	251.719	258.969	7.25	True	_	0	0	0	0	0	0	0	0	0	False	False	False	False	False	False	False	_	2	0	0	28	eh sì qui è u- un (.) uno dei temi no? un problema. c'è [c'è molta di]visione anche tra gruppi linguistici quindi spesso diventa difficile (.) interagire no?	eh sì qui è u- un (.) uno dei temi no? un problema. c'è [c'è molta di]visione anche tra gruppi linguistici quindi spesso diventa difficile (.) interagire no?	eh sì qui è u- un (.) uno dei temi no un problema c' è c' è molta divisione anche tra gruppi linguistici quindi spesso diventa difficile (.) interagire no
75	BZ002	254.379	254.829	0.45	True	_	0	0	0	0	0	0	0	1	0	False	False	False	False	False	False	False	_	0	0	0	1	[sì.]	[sì].	sì
76	BZ002	259.379	259.779	0.4	True	_	0	0	0	0	0	0	0	1	0	False	False	False	False	False	False	False	_	0	0	0	1	[sì.]	[sì].	sì
77	BZ001	259.384	261.294	1.91	True	_	0	0	0	0	0	0	0	1	0	False	False	False	False	False	False	False	_	0	0	0	5	[con per]sone: [dell'altro gruppo.]	[con per]sone: [dell'altro gruppo].	con persone dell' altro gruppo
78	BZ002	260.354	267.13	6.776	True	_	0	0	0	0	0	0	0	0	0	False	False	False	False	False	False	False	_	0	0	0	29	[eh poi infatti] mi manca anche un po' lo stimolo perché okay quando andavo a lavorare in estate dicevo mi rimetto un po' sotto così: sono un po' più:	[eh poi infatti] mi manca anche un po' lo stimolo perché okay quando andavo a lavorare in estate dicevo mi rimetto un po' sotto così: sono un po' più:	eh poi infatti mi manca anche un po' lo stimolo perché okay quando andavo a lavorare in estate dicevo mi rimetto un po' sotto così sono un po' più
79	BZ002	267.644	269.924	2.28	True	_	0	0	0	0	0	0	0	0	0	False	False	False	False	False	False	False	_	0	0	0	6	eh: agevolata nel parlare però poi	eh: agevolata nel parlare però poi	eh agevolata nel parlare però poi
80	BZ002	270.259	271.419	1.16	True	_	0	0	0	0	0	0	0	0	0	False	False	False	False	False	False	False	_	0	0	0	5	finito il lavoro lasciavo lì.	finito il lavoro lasciavo lì.	finito il lavoro lasciavo lì
81	BZ002	271.934	272.844	0.91	True	_	0	0	0	0	0	0	0	0	0	False	False	False	False	False	False	False	_	0	0	0	5	e non lo uso mai.	e non lo uso mai.	e non lo uso mai
82	BZ001	274.074	276.974	2.9	True	_	0	0	0	0	0	0	0	0	0	False	False	False	False	False	False	False	_	0	0	0	9	e invece come strumenti diciamo per apprender le lingue?	e invece come strumenti diciamo per apprender le lingue?	e invece come strumenti diciamo per apprender le lingue
83	BZ001	277.199	283.439	6.24	True	_	0	0	0	0	0	0	0	1	0	False	False	False	False	False	False	False	_	1	0	0	24	so che c'è: chi guarda le serie tv in lingua, chi ascolta canzoni chi legge il giornale, tu come: (.) [come ti trovi bene?]	so che c'è: chi guarda le serie tv in lingua, chi ascolta canzoni chi legge il giornale, tu come: (.) [come ti trovi bene]?	so che c' è chi guarda le serie tv in lingua chi ascolta canzoni chi legge il giornale tu come (.) come ti trovi bene
84	BZ002	282.634	288.864	6.23	True	_	0	0	0	0	0	0	0	0	0	False	False	False	False	False	False	False	_	1	0	0	14	[ma::] eh:: (.) di solito anche guardare cose, film documentari, quello lo faccio in lingua,	[ma::] eh:: (.) di solito anche guardare cose, film documentari, quello lo faccio in lingua,	ma eh (.) di solito anche guardare cose film documentari quello lo faccio in lingua
85	BZ002	289.611	296.081	6.47	True	_	0	0	0	0	0	0	0	0	0	False	False	False	False	False	False	False	_	1	0	0	22	spesso, (.) l'ho fatto con inglese tantissimo quando mi ero messa sotto per alzarlo lo st- l'ho fatto con cinese adesso,	spesso, (.) l'ho fatto con inglese tantissimo quando mi ero messa sotto per alzarlo lo st- l'ho fatto con cinese adesso,	spesso (.) l' ho fatto con inglese tantissimo quando mi ero messa sotto per alzarlo lo st- l' ho fatto con cinese adesso
86	BZ002	296.501	298.011	1.51	True	_	0	0	0	0	0	0	0	0	0	False	False	False	False	False	False	False	_	0	0	0	3	coi sottotioli ovviamente,	coi sottotioli ovviamente,	coi sottotioli ovviamente
87	BZ002	298.401	299.971	1.57	True	_	0	0	0	0	0	0	0	0	0	False	False	False	False	False	False	False	_	0	0	0	3	e:: leggere un	e:: leggere un	e leggere un
88	BZ002	300.371	307.141	6.77	True	_	0	0	0	0	0	0	0	0	0	False	False	False	False	False	False	False	_	1	0	0	22	anche, ma un po' di meno, (.) cioè tipo col tedesco avevo pochissimo letto, mentre l'inglese ora va be' l- lo leggo tranquillamente,	anche, ma un po' di meno, (.) cioè tipo col tedesco avevo pochissimo letto, mentre l'inglese ora vabbè l- lo leggo tranquillamente,	anche ma un po' di meno (.) cioè tipo col tedesco avevo pochissimo letto mentre l' inglese ora vabbè l- lo leggo tranquillamente
89	BZ002	307.788	309.968	2.18	True	_	0	0	0	0	0	0	0	0	0	False	False	False	False	False	False	False	_	0	0	0	6	cinese anche per imparare i caratteri,	cinese anche per imparare i caratteri,	cinese anche per imparare i caratteri
90	BZ002	310.423	315.003	4.58	True	_	0	0	0	0	0	0	0	1	0	False	False	False	False	False	False	False	_	0	0	0	17	e:: be' poi io uso >tantissimo le applicazioni perché mi piacciono un sacco le applicazioni [di lingua],<	e:: be' poi io uso >tantissimo le applicazioni perché mi piacciono un sacco le applicazioni [di lingua]<,	e be' poi io uso tantissimo le applicazioni perché mi piacciono un sacco le applicazioni di lingua
91	BZ001	314.448	314.988	0.54	True	_	0	0	0	0	0	0	0	1	0	False	False	False	False	False	False	False	_	0	1	0	0	[((.h::))]	[((h.::))]	((h.::))
92	BZ002	315.663	319.373	3.71	True	_	0	0	0	0	0	0	0	0	0	False	False	False	False	False	False	False	_	0	0	0	13	e::: e be' ho fatto un po' di corsi in generale di tutte,	e::: e be' ho fatto un po' di corsi in generale di tutte,	e e be' ho fatto un po' di corsi in generale di tutte
93	BZ002	319.813	320.693	0.88	True	_	0	0	0	0	0	0	0	0	0	False	False	False	False	False	False	False	_	0	0	0	4	e tre le lingue.	e tre le lingue.	e tre le lingue
94	BZ001	322.154	325.574	3.42	True	_	0	0	0	0	0	0	0	0	0	False	False	False	False	False	False	False	_	0	0	0	10	e il cinese invece raccontami un po': di questa: lingua:,	e il cinese invece raccontami un po': di questa: lingua:,	e il cinese invece raccontami un po' di questa lingua
95	BZ002	325.789	330.829	5.04	True	_	0	0	0	0	0	0	0	0	0	False	False	False	False	False	False	False	_	0	0	0	16	il cinese l'ho iniziato ad agosto dell'anno scorso, quindi una decina di mesi fa,	il cinese l'ho iniziato ad agosto dell'anno scorso, quindi una decina di mesi fa,	il cinese l' ho iniziato ad agosto dell' anno scorso quindi una decina di mesi fa
96	BZ002	331.6	334.06	2.46	True	_	0	0	0	0	0	0	0	0	0	False	False	False	False	False	False	False	_	0	0	0	9	e avevo fatto prima un corso con l'università,	e avevo fatto prima un corso con l'università,	e avevo fatto prima un corso con l' università
97	BZ002	334.29	338.22	3.93	True	_	0	0	0	0	0	0	0	0	0	False	False	False	False	False	False	False	_	0	0	0	7	dove facevamo: <scritto orale cultura cinese> tutto,	dove facevamo: <scritto orale cultura cinese> tutto,	dove facevamo scritto orale cultura cinese tutto
98	BZ002	338.58	340.04	1.46	True	_	0	0	0	0	0	0	0	0	0	False	False	False	False	False	False	False	_	0	0	0	4	per un semestre intero,	per un semestre intero,	per un semestre intero
99	BZ002	340.325	346.415	6.09	True	_	0	0	0	0	0	0	0	0	0	False	False	False	False	False	False	False	_	0	0	0	17	poi ho continuato: da sola però un po', con le applicazioni: i libri che mi ero comprata,	poi ho continuato: da sola però un po', con le applicazioni: i libri che mi ero comprata,	poi ho continuato da sola però un po' con le applicazioni i libri che mi ero comprata
100	BZ002	347.57	355.38	7.81	True	_	0	0	0	0	0	0	0	0	0	False	False	False	False	False	False	False	_	0	0	0	27	e autonomamente, e poi ho fatto un corso con l'università di pechino che è appena finito adesso che era quello per la preprazione dell'hsk uno.	e autonomamente, e poi ho fatto un corso con l'università di pechino che è appena finito adesso che era quello per la preprazione dell'hsk uno.	e autonomamente e poi ho fatto un corso con l' università di pechino che è appena finito adesso che era quello per la preprazione dell' hsk uno
101	BZ002	355.81	364.16	8.35	True	_	1	0	0	0	0	0	0	0	0	False	False	False	False	False	False	False	_	0	0	1, ritmo,.	34	e adesso ri- mh penso fra poco inizierò anche sempre con l'università di pechino, il corso per l'hsk due perché era fatto bene e poi mi dà un po' più di ritmo, .h	e adesso ri- mh penso fra poco inizierò anche sempre con l'università di pechino, il corso per l'hsk due perché era fatto bene e poi mi dà un po' più di ritmo,. h	e adesso ri- mh penso fra poco inizierò anche sempre con l' università di pechino il corso per l' hsk due perché era fatto bene e poi mi dà un po' più di ritmo,. h
102	BZ002	364.77	366.51	1.74	True	_	0	0	0	0	0	0	0	0	0	False	False	False	False	False	False	False	_	0	0	0	6	per studiare se no abbandono tutto.	per studiare se no abbandono tutto.	per studiare se no abbandono tutto
103	BZ002	367.48	369.26	1.78	True	_	0	0	0	0	0	0	0	0	0	False	False	False	False	False	False	False	_	1	0	0	4	e:: (.) no in realtà:,	e:: (.) no in realtà:,	e (.) no in realtà
104	BZ002	369.575	370.965	1.39	True	_	0	0	0	0	0	0	0	0	0	False	False	False	False	False	False	False	_	1	0	0	4	mi sta piacendo. (.) quindi	mi sta piacendo. (.) quindi	mi sta piacendo (.) quindi
105	BZ001	371.275	373.175	1.9	True	_	0	0	0	0	0	0	0	1	0	False	False	False	False	False	False	False	_	1	0	0	5	vorresti andare anche? (.) [in cina.]	vorresti andare anche? (.) [in cina].	vorresti andare anche (.) in cina
106	BZ002	372.69	377.67	4.98	True	_	0	0	0	0	0	0	0	0	0	False	False	False	False	False	False	False	_	0	0	0	14	[eh sì] tantissimo sto [guardando] soltanto cose della cina, video di: street food cinese,	[eh sì] tantissimo sto [guardando] soltanto cose della cina, video di: street food cinese,	eh sì tantissimo sto guardando soltanto cose della cina video di street food cinese
107	BZ001	373.92	374.28	0.36	True	_	0	0	0	0	0	0	0	1	0	False	False	False	False	False	False	False	_	0	0	0	1	[sì?]	[sì]?	sì
108	BZ002	377.995	378.865	0.87	True	_	0	0	0	0	0	0	0	0	0	False	False	False	False	False	False	False	_	0	1	0	4	>e qualsiasi cosa sì< ((a bassa voce))	>e qualsiasi cosa sì< ((a_bassa_voce))	e qualsiasi cosa sì ((a_bassa_voce))
109	BZ001	379.155	386.235	7.08	True	_	0	0	0	0	0	0	0	1	0	False	False	False	False	False	False	False	_	1	0	0	22	eh l'altro giorno c'era: l'articolo no? >che dicevano che hanno< chiuso: l'ultimo giornale antiregime a hong [kong (.) vero?]	eh l'altro giorno c'era: l'articolo no? >che dicevano che hanno< chiuso: l'ultimo giornale antiregime a hong [kong (.) vero]?	eh l' altro giorno c' era l' articolo no che dicevano che hanno chiuso l' ultimo giornale antiregime a hong kong (.) vero
110	BZ002	384.865	386.235	1.37	True	_	0	0	0	0	0	0	0	1	0	False	False	False	False	False	False	False	_	1	0	0	5	[eh sì (.) sì sì sì.]	[eh sì (.) sì sì sì].	eh sì (.) sì sì sì
111	BZ001	387.715	392.775	5.06	True	_	0	0	0	0	0	0	0	1	0	False	False	False	False	False	False	False	_	1	0	0	19	quindi:: quindi sei informata anche al di là della lingua insomma c'è ti affascina in gene[rale: (.) il paese?]	quindi:: quindi sei informata anche al di là della lingua insomma c'è ti affascina in gene[rale: (.) il paese]?	quindi quindi sei informata anche al di là della lingua insomma c' è ti affascina in generale (.) il paese
112	BZ002	391.805	400.345	8.54	True	_	0	0	0	0	0	0	0	1	0	False	False	False	False	False	False	False	_	0	0	0	26	[sì sì un po':] quelle:: città più avanzate perché poi c'è la zona molto rurale: do- città tipo shanghai lì mi piacerebbe [andare a vedere.]	[sì sì un po':] quelle:: città più avanzate perché poi c'è la zona molto rurale: do- città tipo shanghai lì mi piacerebbe [andare a vedere].	sì sì un po' quelle città più avanzate perché poi c' è la zona molto rurale do- città tipo shanghai lì mi piacerebbe andare a vedere
113	BZ001	399.71	400.36	0.65	True	_	0	0	0	0	0	0	0	1	0	False	False	False	False	False	False	False	_	0	0	0	1	[sì?]	[sì]?	sì
114	BZ001	402.62	403.6	0.98	True	_	0	0	0	0	0	0	0	0	0	False	False	False	False	False	False	False	_	0	0	0	1	eh::m,	eh::m,	ehm
115	BZ001	403.925	410.025	6.1	True	_	0	0	0	0	0	0	0	0	0	False	False	False	False	False	False	False	_	2	0	0	14	e diciamo di queste lingue, mh: nella tua vita, (.) nell'uso, (.) mh: riconosci che,	e diciamo di queste lingue, mh: nella tua vita, (.) nell'uso, (.) mh: riconosci che,	e diciamo di queste lingue mh nella tua vita (.) nell' uso (.) mh riconosci che
116	BZ001	410.534	421.194	10.66	True	_	0	0	0	0	0	0	0	1	0	False	False	False	False	False	False	False	_	1	0	0	36	eh alcune lingue magari le usi particolarmente in alcuni ambiti della tua vita quindi non so per esempio l'inglese a livello accademico, (.) il tedesco a livello lavorativo cioè c'è una settorializzazione [di questo tipo?]	eh alcune lingue magari le usi particolarmente in alcuni ambiti della tua vita quindi non so per esempio l'inglese a livello accademico, (.) il tedesco a livello lavorativo cioè c'è una settorializzazione [di questo tipo]?	eh alcune lingue magari le usi particolarmente in alcuni ambiti della tua vita quindi non so per esempio l' inglese a livello accademico (.) il tedesco a livello lavorativo cioè c' è una settorializzazione di questo tipo
117	BZ002	420.504	428.554	8.05	True	_	0	0	0	0	0	0	0	1	0	False	False	False	False	False	False	False	_	1	0	0	26	[s:ì.] (.) be' l'inglese l'ho usato tantissimo sia per l'università, anche solo per la tesi tantissimi libri li ho letti in inglese e poi:,	[s:ì]. (.) be' l'inglese l'ho usato tantissimo sia per l'università, anche solo per la tesi tantissimi libri li ho letti in inglese e poi:,	sì (.) be' l' inglese l' ho usato tantissimo sia per l' università anche solo per la tesi tantissimi libri li ho letti in inglese e poi
118	BZ002	428.933	431.893	2.96	True	_	0	0	0	0	0	0	0	0	0	False	False	False	False	False	False	False	_	0	0	0	9	anche per tenersi un po' aggiornati re- leggo soltanto	anche per tenersi un po' aggiornati re- leggo soltanto	anche per tenersi un po' aggiornati re- leggo soltanto
119	BZ002	432.473	434.803	2.33	True	_	0	0	0	0	0	0	0	0	0	False	False	False	False	False	False	False	_	0	0	0	6	cioè quasi principalmente cose in inglese,	cioè quasi principalmente cose in inglese,	cioè quasi principalmente cose in inglese
120	BZ002	435.373	449.49	14.117	True	_	0	0	0	0	0	0	0	0	0	False	False	False	False	False	False	False	_	2	0	0	49	e poi: be' (.) in realtà anche poi personalmente penso di le- leggo anche libri in inglese per interesse mio: o articoli >robe varie in inglese<, (.) quindi almeno una cosa al giorno che sia guardare una serie o leggere un libro o leggere un articolo, qualcosa in inglese lo faccio.	e poi: be' (.) in realtà anche poi personalmente penso di le- leggo anche libri in inglese per interesse mio: o articoli >robe varie in inglese<, (.) quindi almeno una cosa al giorno che sia guardare una serie o leggere un libro o leggere un articolo, qualcosa in inglese lo faccio.	e poi be' (.) in realtà anche poi personalmente penso di le- leggo anche libri in inglese per interesse mio o articoli robe varie in inglese (.) quindi almeno una cosa al giorno che sia guardare una serie o leggere un libro o leggere un articolo qualcosa in inglese lo faccio
121	BZ002	450.486	458.446	7.96	True	_	0	0	0	0	0	0	0	0	0	False	False	False	False	False	False	False	_	0	0	0	23	tedesco:, eh eh a parte il periodo in cui lavoravo, almeno negli ultimi: sei anni, era davvero ristretto soltanto a quando ho lavorato	tedesco:, eh eh a parte il periodo in cui lavoravo, almeno negli ultimi: sei anni, era davvero ristretto soltanto a quando ho lavorato	tedesco eh eh a parte il periodo in cui lavoravo almeno negli ultimi sei anni era davvero ristretto soltanto a quando ho lavorato
122	BZ002	458.886	459.846	0.96	True	_	0	0	0	0	0	0	0	0	0	False	False	False	False	False	False	False	_	0	0	0	3	qui a bolzano,	qui a bolzano,	qui a bolzano
123	BZ002	460.621	465.231	4.61	True	_	0	0	0	0	0	0	0	0	0	False	False	False	False	False	False	False	_	0	1	0	13	e poi non leggo assolutamente [niente e non guardo ((ridendo))] assolutamente niente in tedesco,	e poi non leggo assolutamente [niente e non guardo ((ridendo))] assolutamente niente in tedesco,	e poi non leggo assolutamente niente e non guardo ((ridendo)) assolutamente niente in tedesco
124	BZ001	462.241	463.531	1.29	True	_	0	0	0	0	0	0	0	0	0	False	False	False	False	False	False	False	_	0	1	0	0	[((ride))]	[((ride))]	((ride))
125	BZ002	465.891	466.831	0.94	True	_	0	0	0	0	0	0	0	0	0	False	False	False	False	False	False	False	_	0	0	0	1	e:::	e:::	e
126	BZ002	467.266	470.366	3.1	True	_	0	0	0	0	0	0	0	0	0	False	False	False	False	False	False	False	_	1	0	0	12	e no cinese in realtà lo faccio proprio [(.) per] imparare la lingua.	e no cinese in realtà lo faccio proprio [(.) per] imparare la lingua.	e no cinese in realtà lo faccio proprio (.) per imparare la lingua
127	BZ001	468.946	469.476	0.53	True	_	0	0	0	0	0	0	0	1	0	False	False	False	False	False	False	False	_	0	0	0	2	[mh=mh.]	[mh=mh].	mh mh
128	BZ002	470.606	476.566	5.96	True	_	0	0	0	0	0	0	0	0	0	False	False	False	False	False	False	False	_	1	0	0	18	però mh è una cosa che mi piacerebbe anche, (.) se riuscissi a prendere una direzione lavorativamente parlando di,	però mh è una cosa che mi piacerebbe anche, (.) se riuscissi a prendere una direzione lavorativamente parlando di,	però mh è una cosa che mi piacerebbe anche (.) se riuscissi a prendere una direzione lavorativamente parlando di
129	BZ002	476.881	481.811	4.93	True	_	0	0	0	0	0	0	0	0	0	False	False	False	False	False	False	False	_	0	0	0	16	i- sul cinese perché ci sono molti trend anche comunicativi che vengono dalla cina adesso quindi	i- sul cinese perché ci sono molti trend anche comunicativi che vengono dalla cina adesso quindi	i- sul cinese perché ci sono molti trend anche comunicativi che vengono dalla cina adesso quindi
130	BZ001	482.217	482.627	0.41	True	_	0	0	0	0	0	0	0	0	0	False	False	False	False	False	False	False	_	0	0	0	1	tipo?	tipo?	tipo
131	BZ002	483.047	490.237	7.19	True	_	0	0	0	0	0	0	0	0	0	False	False	False	False	False	False	False	_	1	0	0	22	ma: mh ci sono anche delle figure che lavorano nelle grandi aziende, non so conosco questa: signora, (.) conosco nel senso che seguo,	ma: mh ci sono anche delle figure che lavorano nelle grandi aziende, non so conosco questa: signora, (.) conosco nel senso che seguo,	ma mh ci sono anche delle figure che lavorano nelle grandi aziende non so conosco questa signora (.) conosco nel senso che seguo
132	BZ002	490.697	492.217	1.52	True	_	0	0	0	0	0	0	0	0	0	False	False	False	False	False	False	False	_	0	0	0	2	e::: online,	e::: online,	e online
133	BZ002	492.477	501.167	8.69	True	_	0	0	0	0	0	0	0	0	0	False	False	False	False	False	False	False	_	0	0	0	24	che lei lavora per una grande azienda: di make-up europea, e lei proprio la sua figura è intercettare i trend che vengono dall'asia,	che lei lavora per una grande azienda: di make-up europea, e lei proprio la sua figura è intercettare i trend che vengono dall'asia,	che lei lavora per una grande azienda di make-up europea e lei proprio la sua figura è intercettare i trend che vengono dall' asia
134	BZ002	501.623	510.933	9.31	True	_	0	0	0	0	0	0	0	0	0	False	False	False	False	False	False	False	_	1	0	0	31	perché poi sono tutti trend che vanno sui mercati europei e adesso un po' è più mh mh (.) asia e europa e non soltanto america e europa come trend comunicativi quindi,	perché poi sono tutti trend che vanno sui mercati europei e adesso un po' è più mh mh (.) asia e europa e non soltanto america e europa come trend comunicativi quindi,	perché poi sono tutti trend che vanno sui mercati europei e adesso un po' è più mh mh (.) asia e europa e non soltanto america e europa come trend comunicativi quindi
135	BZ002	511.303	515.463	4.16	True	_	0	0	0	0	0	0	0	0	0	False	False	False	False	False	False	False	_	0	0	0	14	stanno un po' crescendo queste [figure], no:n è una cosa che mi dispiacerebbe quindi,	stanno un po' crescendo queste [figure], no:n è una cosa che mi dispiacerebbe quindi,	stanno un po' crescendo queste figure non è una cosa che mi dispiacerebbe quindi
136	BZ001	512.613	512.913	0.3	True	_	0	0	0	0	0	0	0	1	0	False	False	False	False	False	False	False	_	0	0	0	1	[ah.]	[ah].	ah
137	BZ001	515.698	519.568	3.87	True	_	0	0	0	0	0	0	0	0	0	False	False	False	False	False	False	False	_	0	0	0	13	ma quindi a livello di marketing eh cioè ma non solo slogan. mh,	ma quindi a livello di marketing eh cioè ma non solo slogan. mh,	ma quindi a livello di marketing eh cioè ma non solo slogan mh
138	BZ002	519.618	522.838	3.22	True	_	0	0	0	0	0	0	0	0	0	False	False	False	False	False	False	False	_	1	0	0	9	sì sì sì no ehm. (.) [comunicazione a trecentoses]santa gradi.	sì sì sì no ehm. (.) [comunicazione a trecentoses]santa gradi.	sì sì sì no ehm (.) comunicazione a trecentosessanta gradi
139	BZ001	520.953	522.213	1.26	True	_	0	0	0	0	0	0	0	1	0	False	False	False	False	False	False	False	_	0	0	0	3	[a trecentosessanta gradi.]	[a trecentosessanta gradi].	a trecentosessanta gradi
140	BZ001	523.318	523.558	0.24	True	_	0	0	0	0	0	0	0	0	0	False	False	False	False	False	False	False	_	0	0	0	1	ah.	ah.	ah
141	BZ001	524.263	529.353	5.09	True	_	0	0	0	0	0	0	0	0	0	False	False	False	False	False	False	False	_	1	0	0	17	[non sapevo: (.) cioè in genere] si ci si immagina sempre l'influsso più: dall'america no? [comunque]	[non sapevo: (.) cioè in genere] si ci si immagina sempre l'influsso più: dall'america no? [comunque]	non sapevo (.) cioè in genere si ci si immagina sempre l' influsso più dall' america no comunque
142	BZ002	524.283	526.193	1.91	True	_	0	0	0	0	0	0	0	1	0	False	False	True	False	False	False	False	_	1	0	0	7	[(mh=mh. (.) è anche un po' quello,]	[(mh=mh. (.) è anche un po' quello],	mh mh (.) è anche un po' quello
143	BZ002	528.643	533.113	4.47	True	_	0	0	0	0	0	0	0	0	0	False	False	False	False	False	False	False	_	0	0	0	16	[eh sì sì] va be' finora è di sicuro sempre [stato così] però adesso soprattutto in alcuni,	[eh sì sì] vabbè finora è di sicuro sempre [stato così] però adesso soprattutto in alcuni,	eh sì sì vabbè finora è di sicuro sempre stato così però adesso soprattutto in alcuni
144	BZ001	530.563	531.083	0.52	True	_	0	0	0	0	0	0	0	1	0	False	False	False	False	False	False	False	_	0	0	0	2	[ah=ah.]	[ah=ah].	ah ah
145	BZ002	533.763	537.933	4.17	True	_	0	0	0	0	0	0	0	0	0	False	False	False	False	False	False	False	_	1	0	0	7	eh settori tipo lusso (.) o:: makeup o:	eh settori tipo lusso (.) o:: makeup o:	eh settori tipo lusso (.) o makeup o
146	BZ002	538.523	538.943	0.42	True	_	0	0	0	0	0	0	0	0	0	False	False	False	False	False	False	False	_	0	0	0	1	così.	così.	così
147	BZ002	539.478	548.328	8.85	True	_	0	0	0	0	0	0	0	0	0	False	False	False	False	False	False	False	_	1	0	0	29	o anche tantissime aziende che cercando di: andare in cina tipo italiane tantissimo made in italy che va in (.) cina o in asia allora c'è anche quella figura.	o anche tantissime aziende che cercando di: andare in cina tipo italiane tantissimo made in italy che va in (.) cina o in asia allora c'è anche quella figura.	o anche tantissime aziende che cercando di andare in cina tipo italiane tantissimo made in italy che va in (.) cina o in asia allora c' è anche quella figura
148	BZ002	548.655	549.355	0.7	True	_	0	0	0	0	0	0	0	0	0	False	False	False	False	False	False	False	_	0	0	0	2	al contrario.	al contrario.	al contrario
149	BZ001	549.83	552.52	2.69	True	_	0	0	0	0	0	0	0	0	0	False	False	False	False	False	False	False	_	0	0	0	10	ah bello e ci sono dei master specifici tipo su:,	ah bello e ci sono dei master specifici tipo su:,	ah bello e ci sono dei master specifici tipo su
150	BZ002	552.52	555.15	2.63	True	_	0	0	0	0	0	0	0	0	0	False	False	False	False	False	False	False	_	0	0	0	9	eh: in realtà no è un po' una strada:	eh: in realtà no è un po' una strada:	eh in realtà no è un po' una strada
151	BZ002	555.69	557.15	1.46	True	_	0	0	0	0	0	0	0	0	0	False	False	False	False	False	False	False	_	0	0	0	3	che ti crei:::	che ti crei:::	che ti crei
152	BZ002	557.74	562.06	4.32	True	_	0	0	0	0	0	0	0	0	0	False	False	False	False	False	False	False	_	0	0	0	12	dal marketing e conoscendo il cinese e studiando i mercati cinesi quindi,	dal marketing e conoscendo il cinese e studiando i mercati cinesi quindi,	dal marketing e conoscendo il cinese e studiando i mercati cinesi quindi
153	BZ002	562.84	564.55	1.71	True	_	0	0	0	0	0	0	0	0	0	False	False	False	False	False	False	False	_	0	0	0	6	non cè proprio un percorso dritto.	non c(io)è proprio un percorso dritto.	non cioè proprio un percorso dritto
154	BZ001	565.16	568.12	2.96	True	_	0	0	0	0	0	0	0	0	0	False	False	False	False	False	False	False	_	0	0	0	12	eh interessante. non avevo non avevo [idea di] questa, di questa cosa.	eh interessante. non avevo non avevo [idea di] questa, di questa cosa.	eh interessante non avevo non avevo idea di questa di questa cosa
155	BZ002	566.81	567.29	0.48	True	_	0	0	0	0	0	0	0	0	0	False	False	False	False	False	False	False	_	0	1	0	0	[((ride))]	[((ride))]	((ride))
156	BZ001	568.617	575.227	6.61	True	_	0	0	0	0	0	0	0	0	0	False	False	False	False	False	False	False	_	2	0	0	20	e: (.) e invece lingue (.) >diciamo che non hai mai< studiato, ma che ti: affascinano in qualche modo per qualche ragione?	e: (.) e invece lingue (.) >diciamo che non hai mai< studiato, ma che ti: affascinano in qualche modo per qualche ragione?	e (.) e invece lingue (.) diciamo che non hai mai studiato ma che ti affascinano in qualche modo per qualche ragione
157	BZ002	575.447	582.347	6.9	True	_	0	0	0	0	0	0	0	0	0	False	False	False	False	False	False	False	_	0	0	0	22	avevo iniziato molto a caso sempre con >perché mi ero comprata:< un abbonamento li- tutte le lingue mi sembra fosse su babbel,	avevo iniziato molto a caso sempre con >perché mi ero comprata:< un abbonamento li- tutte le lingue mi sembra fosse su babbel,	avevo iniziato molto a caso sempre con perché mi ero comprata un abbonamento li- tutte le lingue mi sembra fosse su babbel
158	BZ002	582.557	587.907	5.35	True	_	0	0	0	0	0	0	0	0	0	False	False	False	False	False	False	False	_	0	0	0	24	e un'estate che avevo finito di dare gl- tutti gli esami e mi stavo annoiando avevo iniziato a studiare a caso il portoghese.	e un'estate che avevo finito di dare gl- tutti gli esami e mi stavo annoiando avevo iniziato a studiare a caso il portoghese.	e un' estate che avevo finito di dare gl- tutti gli esami e mi stavo annoiando avevo iniziato a studiare a caso il portoghese
159	BZ002	588.407	590.637	2.23	True	_	0	0	0	0	0	0	0	0	0	False	False	False	False	False	False	False	_	0	0	0	5	eh senza alcun motivo, eh:	eh senza alcun motivo, eh:	eh senza alcun motivo eh
160	BZ002	591.204	601.894	10.69	True	_	0	0	0	0	0	0	0	0	0	False	False	False	False	False	False	False	_	0	0	0	40	ho scelto che mi piaceva il portoghese. però l'ho portata avanti due mesi poi ho riniziato l- mh a studiare l'anno dopo e lì è rimasta e le mie [conoscen]ze di portoghese non si possono proprio definire conoscenze.	ho scelto che mi piaceva il portoghese. però l'ho portata avanti due mesi poi ho riniziato l- mh a studiare l'anno dopo e lì è rimasta e le mie [conoscen]ze di portoghese non si possono proprio definire conoscenze.	ho scelto che mi piaceva il portoghese però l' ho portata avanti due mesi poi ho riniziato l- mh a studiare l' anno dopo e lì è rimasta e le mie conoscenze di portoghese non si possono proprio definire conoscenze
161	BZ001	598.734	599.024	0.29	True	_	0	0	0	0	0	0	0	1	0	False	False	False	False	False	False	False	_	0	0	0	1	[mh.]	[mh].	mh
162	BZ002	602.344	604.964	2.62	True	_	0	0	0	0	0	0	0	0	0	False	False	False	False	False	False	False	_	0	0	0	8	però:: il portoghese mi piaceva molto da sentire.	però:: il portoghese mi piaceva molto da sentire.	però il portoghese mi piaceva molto da sentire
163	BZ002	605.544	612.284	6.74	True	_	0	0	0	0	0	0	0	0	0	False	False	False	False	False	False	False	_	3	0	0	21	spagnolo anche in realtà mi piace, (.) ma (.) non lo so ogni tanto mi capita di guardare le serie in spagnolo, (.) perché	spagnolo anche in realtà mi piace, (.) ma (.) non lo so ogni tanto mi capita di guardare le serie in spagnolo, (.) perché	spagnolo anche in realtà mi piace (.) ma (.) non lo so ogni tanto mi capita di guardare le serie in spagnolo (.) perché
164	BZ002	612.999	613.669	0.67	True	_	0	0	0	0	0	0	0	0	0	False	False	False	False	False	False	False	_	0	0	0	2	a caso,	a caso,	a caso
165	BZ002	614.249	617.18	2.931	True	_	0	0	0	0	0	0	0	1	0	False	False	False	False	False	False	False	_	0	0	0	14	in realtà non lo capisco tutto però m- mi diverte e le ascolto co[sì,]	in realtà non lo capisco tutto però m- mi diverte e le ascolto co[sì],	in realtà non lo capisco tutto però m- mi diverte e le ascolto così
166	BZ001	617.119	618.639	1.52	True	_	0	0	0	0	0	0	0	0	True	False	False	False	False	False	False	False	_	0	0	0	6	[ah] quindi in spagnolo, senza sottotitoli.	[ah] quindi in spagnolo, senza sottotitoli.	ah quindi in spagnolo senza sottotitoli
167	BZ002	618.614	618.854	0.24	True	_	0	0	0	0	0	0	0	0	True	False	False	False	False	False	False	False	166=0.025	0	0	0	1	sì.	sì.	sì
168	BZ001	619.129	619.399	0.27	True	_	0	0	0	0	0	0	0	0	0	False	False	False	False	False	False	False	_	0	0	0	1	ah.	ah.	ah
169	BZ002	619.699	623.539	3.84	True	_	0	0	0	0	0	0	0	0	0	False	False	False	False	False	False	False	_	1	0	0	10	avevo guardato anche tutto lo street food eh: (.) america latina,	avevo guardato anche tutto lo street food eh: (.) america latina,	avevo guardato anche tutto lo street food eh (.) america latina
170	BZ002	623.849	628.739	4.89	True	_	0	0	0	0	0	0	0	0	0	False	False	False	False	False	False	False	_	2	0	0	9	[xxxx (.) sì esatto alcuni lì erano] un paio, (.) complicatini però,	[xxxx (.) sì esatto alcuni lì erano] un paio, (.) complicatini però,	xxxx (.) sì esatto alcuni lì erano un paio (.) complicatini però
171	BZ001	623.864	627.004	3.14	True	_	0	0	0	0	0	0	0	1	0	False	False	False	False	False	False	False	_	1	0	0	8	[ah quindi anche varie, (.) diverse varietà di spagnolo.]	[ah quindi anche varie, (.) diverse varietà di spagnolo].	ah quindi anche varie (.) diverse varietà di spagnolo
172	BZ002	629.039	629.249	0.21	True	_	0	0	0	0	0	0	0	0	0	False	False	False	False	False	False	False	_	0	0	0	1	così.	così.	così
173	BZ002	629.509	631.589	2.08	True	_	0	0	0	0	0	0	0	0	0	False	False	False	False	False	False	False	_	0	0	0	6	per perdere tempo mi piaceva ascoltarle,	per perdere tempo mi piaceva ascoltarle,	per perdere tempo mi piaceva ascoltarle
174	BZ002	632.169	637.829	5.66	True	_	0	0	0	0	0	0	0	0	0	False	False	False	False	False	False	False	_	0	0	0	22	eh: e niente in realtà: un po' queste. poi nella mia famiglia ci sono un paio di persone che parlano in russo,	eh: e niente in realtà: un po' queste. poi nella mia famiglia ci sono un paio di persone che parlano in russo,	eh e niente in realtà un po' queste poi nella mia famiglia ci sono un paio di persone che parlano in russo
175	BZ002	638.364	638.874	0.51	True	_	0	0	0	0	0	0	0	0	0	False	False	False	False	False	False	False	_	0	0	0	1	però:	però:	però
176	BZ002	639.374	643.174	3.8	True	_	0	0	0	0	0	0	0	1	0	False	False	False	False	False	False	False	_	1	0	0	10	non è mai una lingua che mi ha: (.) particolarmente [affascinato,]	non è mai una lingua che mi ha: (.) particolarmente [affascinato],	non è mai una lingua che mi ha (.) particolarmente affascinato
177	BZ001	642.524	643.374	0.85	True	_	0	0	0	0	0	0	0	1	0	False	False	False	False	False	False	False	_	0	0	0	3	[nella tua famiglia?]	[nella tua famiglia]?	nella tua famiglia
178	BZ002	644.039	647.119	3.08	True	_	0	0	0	0	0	0	0	0	0	False	False	False	False	False	False	False	_	0	0	0	8	sì. mh: magari cugini che si son [sposati],	sì. mh: magari cugini che si son [sposati],	sì mh magari cugini che si son sposati
179	BZ001	646.264	646.714	0.45	True	_	0	0	0	0	0	0	0	1	0	False	False	False	False	False	False	False	_	0	0	0	1	[ah.]	[ah].	ah
180	BZ002	647.364	647.984	0.62	True	_	0	0	0	0	0	0	0	0	0	False	False	False	False	False	False	False	_	0	0	0	2	(ne ho,)	(ne ho,)	ne ho
181	BZ002	648.679	650.429	1.75	True	_	0	0	0	0	0	0	0	0	0	False	False	False	False	False	False	False	_	1	0	0	5	tre (.) persone che parlano russo.	tre (.) persone che parlano russo.	tre (.) persone che parlano russo
182	BZ001	650.679	650.95	0.271	True	_	0	0	0	0	0	0	0	0	0	False	False	False	False	False	False	False	_	0	0	0	1	[ah]	[ah]	ah
183	BZ002	650.679	653.199	2.52	True	_	0	0	0	0	0	0	0	0	0	False	False	False	False	False	False	False	_	1	0	0	5	[fami]gli intendo: (.) [parenti an-] compresi,	[fami]gli intendo: (.) [parenti an-] compresi,	famigli intendo (.) parenti an- compresi
184	BZ001	651.884	652.374	0.49	True	_	0	0	0	0	0	0	0	1	0	False	False	False	False	False	False	False	_	0	0	0	2	[sì sì.]	[sì sì].	sì sì
185	BZ002	653.954	654.864	0.91	True	_	0	0	0	0	0	0	0	0	0	False	False	False	False	False	False	False	_	0	0	0	1	e::	e::	e
186	BZ002	655.354	656.164	0.81	True	_	0	0	0	0	0	0	0	0	0	False	False	False	False	False	False	False	_	0	0	0	2	però quello:,	però quello:,	però quello
187	BZ002	656.574	661.124	4.55	True	_	0	0	0	0	0	0	0	0	0	False	False	False	False	False	False	False	_	1	0	0	17	non so sai il cinese mi affascinava e >quindi mi son buttata lì< il russo (.) non molto.	non so sai il cinese mi affascinava e >quindi mi son buttata lì< il russo (.) non molto.	non so sai il cinese mi affascinava e quindi mi son buttata lì il russo (.) non molto
188	BZ002	662.05	669.39	7.34	True	_	0	0	0	0	0	0	0	0	0	False	False	False	False	False	False	False	_	1	0	0	19	e:: niente, n- zero francese, nel senso nessuno non conosco (.) quasi nessuno vicino a me che parla francese e,	e:: niente, n- zero francese, nel senso nessuno non conosco (.) quasi nessuno vicino a me che parla francese e,	e niente n- zero francese nel senso nessuno non conosco (.) quasi nessuno vicino a me che parla francese e
189	BZ002	669.81	670.43	0.62	True	_	0	0	0	0	0	0	0	0	0	False	False	False	False	False	False	False	_	0	0	0	1	non	non	non
190	BZ002	670.755	671.84	1.085	True	_	0	0	0	0	0	0	0	0	0	False	False	False	False	False	False	False	_	0	0	0	2	non m[i:]	non m[i:]	non mi
191	BZ001	671.52	672.19	0.67	True	_	0	0	0	0	0	0	0	0	0	False	False	False	False	False	False	False	_	0	0	0	3	[non] t'ispira.	[non] t'ispira.	non t' ispira
192	BZ002	672.192	674.192	2.0	True	_	0	0	0	0	0	0	0	0	0	False	False	False	False	False	False	False	_	0	0	0	8	non mi conquista no non mi piace molto.	non mi conquista no non mi piace molto.	non mi conquista no non mi piace molto
193	BZ001	674.834	681.144	6.31	True	_	0	0	0	0	0	0	0	1	0	False	False	False	False	False	False	False	_	1	0	0	21	eh in genere francese è: (.) è abbastanza sono abbastanza polarizzate le opinioni [no? o è bellissima è una lingua romantica o,]	eh in genere francese è: (.) è abbastanza sono abbastanza polarizzate le opinioni [no? o è bellissima è una lingua romantica o],	eh in genere francese è (.) è abbastanza sono abbastanza polarizzate le opinioni no o è bellissima è una lingua romantica o
194	BZ002	678.774	684.254	5.48	True	_	0	0	0	0	0	0	0	2	0	False	False	False	False	False	False	False	_	1	0	0	19	[sì sì. (.) sì o è bellissimo o non,] eh io sono più sul [non mi,] non mi ha preso.	[sì sì. (.) sì o è bellissimo o non], eh io sono più sul [non mi], non mi ha preso.	sì sì (.) sì o è bellissimo o non eh io sono più sul non mi non mi ha preso
195	BZ001	682.589	683.099	0.51	True	_	0	0	0	0	0	0	0	0	0	False	False	False	False	False	False	False	_	0	1	0	1	[eh ((ridendo))]	[eh ((ridendo))]	eh ((ridendo))
196	BZ001	684.279	687.289	3.01	True	_	0	0	0	0	0	0	0	0	0	False	False	False	False	False	False	False	_	0	0	0	7	e portoghese invece? portoghese brasiliano oppure portoghese,	e portoghese invece? portoghese brasiliano oppure portoghese,	e portoghese invece portoghese brasiliano oppure portoghese
197	BZ002	687.339	694.659	7.32	True	_	0	0	0	0	0	0	0	0	0	False	False	False	False	False	False	False	_	0	0	0	24	no avevo f- quei: due mesi che mi ero messa così era portoghese:, portoghese. ma mi sa che [era il] periodo che stavo leggendo:,	no avevo f- quei: due mesi che mi ero messa così era portoghese:, portoghese. ma mi sa che [era il] periodo che stavo leggendo:,	no avevo f- quei due mesi che mi ero messa così era portoghese portoghese ma mi sa che era il periodo che stavo leggendo
198	BZ001	692.699	692.989	0.29	True	_	0	0	0	0	0	0	0	1	0	False	False	False	False	False	False	False	_	0	0	0	1	[ah.]	[ah].	ah
199	BZ002	695.849	696.769	0.92	True	_	0	0	0	0	0	0	0	0	0	False	False	False	False	False	False	False	_	0	0	0	3	cosa stavo leggendo?	cosa stavo leggendo?	cosa stavo leggendo
200	BZ001	696.944	697.514	0.57	True	_	0	0	0	0	0	0	0	0	0	False	False	False	False	False	False	False	_	0	0	0	1	tabucchi?	tabucchi?	tabucchi
201	BZ002	697.634	700.164	2.53	True	_	0	0	0	0	0	0	0	1	0	False	False	False	False	False	False	False	_	1	0	0	6	[tabucchi:,] pessoa, e: boh. (.) ho detto	[tabucchi:], pessoa, e: boh. (.) ho detto	tabucchi pessoa e boh (.) ho detto
202	BZ001	697.674	698.304	0.63	True	_	0	0	0	0	0	0	0	1	0	False	False	False	False	False	False	False	_	0	0	0	1	[pessoa?]	[pessoa]?	pessoa
203	BZ002	700.694	701.094	0.4	True	_	0	0	0	0	0	0	0	0	0	False	False	False	False	False	False	False	_	0	0	0	1	proviamo.	proviamo.	proviamo
204	BZ001	701.699	704.899	3.2	True	_	0	0	0	0	0	0	0	0	0	False	False	False	False	False	False	False	_	0	0	0	16	e sai poi c'è tabucchi che ha scritto, requiem l'ha scritto in portoghese no?	e sai poi c'è tabucchi che ha scritto, requiem l'ha scritto in portoghese no?	e sai poi c' è tabucchi che ha scritto requiem l' ha scritto in portoghese no
205	BZ001	705.569	706.869	1.3	True	_	0	0	0	0	0	0	0	0	0	False	False	False	False	False	False	False	_	0	0	0	3	che è:: mh:	che è:: mh:	che è mh
206	BZ001	708.004	716.374	8.37	True	_	0	0	0	0	0	0	0	0	0	False	False	False	False	False	False	False	_	1	0	0	33	che si chiama l- cioè il sottotitolo è un'allucinazione no? [però] è abbastanza onirico, (.) e lui dopo che ha imparato il portoghese è il primo romanzo che ha scritto interamente in portoghese,	che si chiama l- cioè il sottotitolo è un'allucinazione no? [però] è abbastanza onirico, (.) e lui dopo che ha imparato il portoghese è il primo romanzo che ha scritto interamente in portoghese,	che si chiama l- cioè il sottotitolo è un' allucinazione no però è abbastanza onirico (.) e lui dopo che ha imparato il portoghese è il primo romanzo che ha scritto interamente in portoghese
207	BZ002	710.524	710.864	0.34	True	_	0	0	0	0	0	0	0	1	0	False	False	False	False	False	False	False	_	0	0	0	1	[mh.]	[mh].	mh
208	BZ001	716.738	722.648	5.91	True	_	0	0	0	0	0	0	0	0	0	False	False	False	False	False	False	False	_	1	0	0	22	perché aveva detto una lingua la padroneggi ti appartiene solo quando sogni in quella lingua. (.) e siccome requiem è tipo un sogno,	perché aveva detto una lingua la padroneggi ti appartiene solo quando sogni in quella lingua. (.) e siccome requiem è tipo un sogno,	perché aveva detto una lingua la padroneggi ti appartiene solo quando sogni in quella lingua (.) e siccome requiem è tipo un sogno
209	BZ002	722.758	724.32	1.562	True	_	0	0	0	0	0	0	0	0	0	False	False	False	False	False	False	False	_	1	0	0	4	ah. [(.) figa questa cosa]	ah. [(.) figa questa cosa]	ah (.) figa questa cosa
210	BZ001	722.96	724.314	1.354	True	_	0	0	0	0	0	0	0	1	0	False	False	False	False	False	False	False	_	0	0	0	5	[l'ha scritto in portoghese.]	[l'ha scritto in portoghese].	l' ha scritto in portoghese
211	BZ001	724.409	731.829	7.42	True	_	0	0	0	0	0	0	0	0	0	False	False	False	False	False	False	False	_	1	0	0	30	e infatti non ha voluto neanche lui curare la tradizion- la tradu[zione in ita]liano, l'ha volu- l'ha dovuto fare un altro, (.) per[ché per lui] quello era solo portoghese.	e infatti non ha voluto neanche lui curare la tradizion- la tradu[zione in ita]liano, l'ha volu- l'ha dovuto fare un altro, (.) per[ché per lui] quello era solo portoghese.	e infatti non ha voluto neanche lui curare la tradizion- la traduzione in italiano l' ha volu- l' ha dovuto fare un altro (.) perché per lui quello era solo portoghese
212	BZ002	727.424	727.834	0.41	True	_	0	0	0	0	0	0	0	1	0	False	False	False	False	False	False	False	_	0	0	0	1	[okay.]	[okay].	okay
213	BZ002	730.004	730.344	0.34	True	_	0	0	0	0	0	0	0	1	0	False	False	False	False	False	False	False	_	0	0	0	1	[ah.]	[ah].	ah
214	BZ002	732.134	733.044	0.91	True	_	0	0	0	0	0	0	0	0	0	False	False	False	False	False	False	False	_	0	0	0	3	bello non sapevo.	bello non sapevo.	bello non sapevo
215	BZ001	733.164	733.434	0.27	True	_	0	0	0	0	0	0	0	0	0	False	False	False	False	False	False	False	_	0	0	0	1	se.	se.	se
216	BZ001	734.084	736.114	2.03	True	_	0	0	0	0	0	0	0	0	0	False	False	False	False	False	False	False	_	0	0	0	6	e a livello diciamo invece più:,	e a livello diciamo invece più:,	e a livello diciamo invece più
217	BZ001	736.428	748.08	11.652	True	_	0	0	0	0	0	0	0	0	0	False	False	False	False	False	False	False	_	1	0	0	44	affettivo, ci sono delle varie lingue che parli o comunque che hai avuto modo di incontrare, ce n'è qualcuna che senti più tua, a cui sei più legata per qualche motivo altre che magari le vedi più come un obbligo ma, (.) più distanti,	affettivo, ci sono delle varie lingue che parli o comunque che hai avuto modo di incontrare, ce n'è qualcuna che senti più tua, a cui sei più legata per qualche motivo altre che magari le vedi più come un obbligo ma, (.) più distanti,	affettivo ci sono delle varie lingue che parli o comunque che hai avuto modo di incontrare ce n' è qualcuna che senti più tua a cui sei più legata per qualche motivo altre che magari le vedi più come un obbligo ma (.) più distanti
218	BZ002	748.142	756.242	8.1	True	_	0	0	0	0	0	0	0	0	0	False	False	False	False	False	False	False	_	0	0	0	27	mh:: ma u- un obbligo un po' il tedesco nel senso non è una lingua che se io non avessi dovuto studiare pen[so mi] sarei mai messa,	mh:: ma u- un obbligo un po' il tedesco nel senso non è una lingua che se io non avessi dovuto studiare pen[so mi] sarei mai messa,	mh ma u- un obbligo un po' il tedesco nel senso non è una lingua che se io non avessi dovuto studiare penso mi sarei mai messa
219	BZ001	754.762	755.102	0.34	True	_	0	0	0	0	0	0	0	1	0	False	False	False	False	False	False	False	_	0	0	0	1	[mh.]	[mh].	mh
220	BZ002	756.857	760.087	3.23	True	_	0	0	0	0	0	0	0	0	0	False	False	False	False	False	False	False	_	0	0	0	11	ad imparare perché non mi piace ma infatti faccio proprio fatica,	ad imparare perché non mi piace ma infatti faccio proprio fatica,	ad imparare perché non mi piace ma infatti faccio proprio fatica
221	BZ002	760.897	764.387	3.49	True	_	0	0	0	0	0	0	0	0	0	False	False	False	False	False	False	False	_	0	0	0	12	a a imparare le cose a ricordarle a parlarle. nel senso s-	a a imparare le cose a ricordarle a parlarle. nel senso s-	a a imparare le cose a ricordarle a parlarle nel senso s-
222	BZ002	765.293	774.903	9.61	True	_	0	0	0	0	0	0	0	0	0	False	False	False	False	False	False	False	_	1	0	0	40	faccio meno fatica e lo faccio più volentieri a studiare il cinese, (.) che a migliorare il mio tedesco. che comunque è sicuramente già più alto del cinese. non è una lingua che mi piace quindi quello è più un obbligo.	faccio meno fatica e lo faccio più volentieri a studiare il cinese, (.) che a migliorare il mio tedesco. che comunque è sicuramente già più alto del cinese. non è una lingua che mi piace quindi quello è più un obbligo.	faccio meno fatica e lo faccio più volentieri a studiare il cinese (.) che a migliorare il mio tedesco che comunque è sicuramente già più alto del cinese non è una lingua che mi piace quindi quello è più un obbligo
223	BZ002	775.733	783.253	7.52	True	_	0	0	0	0	0	0	0	0	0	False	False	False	False	False	False	False	_	0	0	0	26	l'inglese invece no, mi è sempre piaciuto ma da quando:: sono piccola che mh m- mi è sempre piaciuto quindi l'ho studiato sempre volentieri,	l'inglese invece no, mi è sempre piaciuto ma da quando:: sono piccola che mh m- mi è sempre piaciuto quindi l'ho studiato sempre volentieri,	l' inglese invece no mi è sempre piaciuto ma da quando sono piccola che mh m- mi è sempre piaciuto quindi l' ho studiato sempre volentieri
224	BZ002	783.813	785.95	2.137	True	_	0	0	0	0	0	0	0	0	0	False	False	False	False	False	False	False	_	0	0	0	8	e: il cinese e una mia scelta quindi	e: il cinese e una mia scelta quindi	e il cinese e una mia scelta quindi
225	BZ002	787.263	788.323	1.06	True	_	0	0	0	0	0	0	0	0	0	False	False	False	False	False	False	False	_	0	0	0	3	volentieri anche quella.	volentieri anche quella.	volentieri anche quella
226	BZ001	788.638	796.428	7.79	True	_	0	0	0	0	0	0	0	1	0	False	False	False	False	False	False	False	_	1	1	0	32	che adesso vanno anche ne- per la tua carriera futura: di da youtuber. ((ride)) (.) ci sono gli youtuber che dicono tipo imparo la lingua [in una settimana, non so se hai visto no?]	che adesso vanno anche ne- per la tua carriera futura: di da youtuber. ((ride)) (.) ci sono gli youtuber che dicono tipo imparo la lingua [in una settimana, non so se hai visto no]?	che adesso vanno anche ne- per la tua carriera futura di da youtuber ((ride)) (.) ci sono gli youtuber che dicono tipo imparo la lingua in una settimana non so se hai visto no
227	BZ002	794.958	796.408	1.45	True	_	0	0	0	0	0	0	0	1	0	False	False	False	False	False	False	False	_	0	0	0	5	[ah sì sì sì sì.]	[ah sì sì sì sì].	ah sì sì sì sì
228	BZ001	796.763	806.713	9.95	True	_	0	0	0	0	0	0	0	1	0	False	False	False	False	False	False	False	_	4	0	0	33	eh sono:, (.) ma perché probabilmente cambia completamente il rapporto che hai con una lingua se, (.) mh (.) il desiderio di apprenderla, (.) appunto è un desi[derio o se invece in qualche modo è imposto no?]	eh sono:, (.) ma perché probabilmente cambia completamente il rapporto che hai con una lingua se, (.) mh (.) il desiderio di apprenderla, (.) appunto è un desi[derio o se invece in qualche modo è imposto no]?	eh sono (.) ma perché probabilmente cambia completamente il rapporto che hai con una lingua se (.) mh (.) il desiderio di apprenderla (.) appunto è un desiderio o se invece in qualche modo è imposto no
229	BZ002	804.793	806.703	1.91	True	_	0	0	0	0	0	0	0	1	0	False	False	False	False	False	False	False	_	1	0	0	5	[sì, (.) sì sì sì sì.]	[sì, (.) sì sì sì sì].	sì (.) sì sì sì sì
230	BZ001	807.593	811.913	4.32	True	_	0	0	0	0	0	0	0	0	0	False	False	False	False	False	False	False	_	0	0	0	17	qui si sente molto questa cosa cioè tanti dicono che il desiderio hanno difficoltà magari a parlarlo,	qui si sente molto questa cosa cioè tanti dicono che il desiderio hanno difficoltà magari a parlarlo,	qui si sente molto questa cosa cioè tanti dicono che il desiderio hanno difficoltà magari a parlarlo
231	BZ001	812.343	812.933	0.59	True	_	0	0	0	0	0	0	0	0	0	False	False	False	False	False	False	False	_	0	0	0	1	eh::	eh::	eh
232	BZ001	813.213	815.223	2.01	True	_	0	0	0	0	0	0	0	1	0	False	False	False	False	False	False	False	_	0	0	0	9	proprio perché l'hanno sempre [solo studiato a scuola.]	proprio perché l'hanno sempre [solo studiato a scuola].	proprio perché l' hanno sempre solo studiato a scuola
233	BZ002	814.033	815.203	1.17	True	_	0	0	0	0	0	0	0	1	0	False	False	False	False	False	False	False	_	0	0	0	2	[sì perché,]	[sì perché],	sì perché
234	BZ001	815.923	817.403	1.48	True	_	0	0	0	0	0	0	0	0	0	False	False	False	False	False	False	False	_	0	0	0	6	e dialetti di qui ne parli?	e dialetti di qui ne parli?	e dialetti di qui ne parli
235	BZ002	817.478	823.838	6.36	True	_	0	0	0	0	0	0	0	0	0	False	False	False	False	False	False	False	_	1	0	0	14	no. (.) zero niente ma mh: anche adesso lavorando faccio u- un po' fatica a:	no. (.) zero niente ma mh: anche adesso lavorando faccio u- un po' fatica a:	no (.) zero niente ma mh anche adesso lavorando faccio u- un po' fatica a
236	BZ002	824.306	835.986	11.68	True	_	0	0	0	0	0	0	0	0	0	False	False	False	False	False	False	False	_	0	0	0	41	a comprenderlo nel senso se mi impegno cerco di migliorare le tutto quello che conosco di tedesco ma studio hochdeutsch poi quando sento il dialetto mi sembra di non sa- mh: non aver mh imparato niente. perché faccio fatica a capire,	a comprenderlo nel senso se mi impegno cerco di migliorare le tutto quello che conosco di tedesco ma studio hochdeutsch poi quando sento il dialetto mi sembra di non sa- mh: non aver mh imparato niente. perché faccio fatica a capire,	a comprenderlo nel senso se mi impegno cerco di migliorare le tutto quello che conosco di tedesco ma studio hochdeutsch poi quando sento il dialetto mi sembra di non sa- mh non aver mh imparato niente perché faccio fatica a capire
237	BZ001	836.58	836.76	0.18	True	_	0	0	0	0	0	0	0	0	0	False	False	False	False	False	False	False	_	0	0	0	1	mh.	mh.	mh
238	BZ002	836.905	841.765	4.86	True	_	0	0	0	0	0	0	0	0	0	False	False	False	False	False	False	False	_	0	0	0	17	i dialetti qua. e poi lavorando ovviamente lavori solo con persone che parlano in dialetto e non,	i dialetti qua. e poi lavorando ovviamente lavori solo con persone che parlano in dialetto e non,	i dialetti qua e poi lavorando ovviamente lavori solo con persone che parlano in dialetto e non
239	BZ001	842.08	846.12	4.04	True	_	0	0	0	0	0	0	0	0	0	False	False	False	False	False	False	False	_	0	0	0	12	>eh infatti volevo chiederti quello< però lavorativamente sei sempre riuscita [a: arrangiar]ti.	>eh infatti volevo chiederti quello< però lavorativamente sei sempre riuscita [a: arrangiar]ti.	eh infatti volevo chiederti quello però lavorativamente sei sempre riuscita a arrangiarti
240	BZ002	845.21	847.34	2.13	True	_	0	0	0	0	0	0	0	0	0	False	False	False	False	False	False	False	_	1	0	0	6	[sì::] (.) sì non lo so quello,	[sì::] (.) sì non lo so quello,	sì (.) sì non lo so quello
241	BZ002	847.87	856.88	9.01	True	_	0	0	0	0	0	0	0	0	0	False	False	False	False	False	False	False	_	0	0	0	29	un po' mi arrangio nel senso non è che mi tiro indietro ah non ti so rispondere allora piuttosto sto zitta. probabilmente ti farò una frase super mega sgrammaticata,	un po' mi arrangio nel senso non è che mi tiro indietro ah non ti so rispondere allora piuttosto sto zitta. probabilmente ti farò una frase super mega sgrammaticata,	un po' mi arrangio nel senso non è che mi tiro indietro ah non ti so rispondere allora piuttosto sto zitta probabilmente ti farò una frase super mega sgrammaticata
242	BZ002	857.27	864.88	7.61	True	_	0	0	0	0	0	0	0	0	0	False	False	False	False	False	False	False	_	0	0	0	26	ma cerco di farmi capire. però mi è capitato anche di persone che parlavano, mh proprio dialetto stretto, e non: riuscivo né a parlarci né s-	ma cerco di farmi capire. però mi è capitato anche di persone che parlavano, mh proprio dialetto stretto, e non: riuscivo né a parlarci né s-	ma cerco di farmi capire però mi è capitato anche di persone che parlavano mh proprio dialetto stretto e non riuscivo né a parlarci né s-
243	BZ002	865.18	869.62	4.44	True	_	0	0	0	0	0	0	0	0	0	False	False	False	False	False	False	False	_	0	0	0	19	parlando un po' il mio tedesco né in italiano perché loro non capivano l'italiano quindi diventava un po',	parlando un po' il mio tedesco né in italiano perché loro non capivano l'italiano quindi diventava un po',	parlando un po' il mio tedesco né in italiano perché loro non capivano l' italiano quindi diventava un po'
244	BZ001	869.96	870.16	0.2	True	_	0	0	0	0	0	0	0	0	0	False	False	False	False	False	False	False	_	0	0	0	1	mh.	mh.	mh
245	BZ002	870.475	871.135	0.66	True	_	0	0	0	0	0	0	0	0	0	False	False	False	False	False	False	False	_	0	0	0	1	complicato.	complicato.	complicato
246	BZ001	871.598	877.958	6.36	True	_	0	0	0	0	0	0	0	0	0	False	False	False	False	False	False	False	_	0	0	0	27	eh be' questo è un po' anche conseguenza appunto del fatto che qui si studia a scuola hoch[deutsch], però se non c'è contatto tra gruppi linguistici,	eh be' questo è un po' anche conseguenza appunto del fatto che qui si studia a scuola hoch[deutsch], però se non c'è contatto tra gruppi linguistici,	eh be' questo è un po' anche conseguenza appunto del fatto che qui si studia a scuola hochdeutsch però se non c' è contatto tra gruppi linguistici
247	BZ002	875.128	875.508	0.38	True	_	0	0	0	0	0	0	0	1	0	False	False	False	False	False	False	False	_	0	0	0	1	[sì.]	[sì].	sì
248	BZ001	878.183	882.003	3.82	True	_	0	0	0	0	0	0	0	0	0	False	False	False	False	False	False	False	_	0	0	0	17	poi di fatto il dialetto non lo incon[tri mai] no? quindi non hai modo di di approfondirlo.	poi di fatto il dialetto non lo incon[tri mai] no? quindi non hai modo di di approfondirlo.	poi di fatto il dialetto non lo incontri mai no quindi non hai modo di di approfondirlo
249	BZ002	879.443	879.833	0.39	True	_	0	0	0	0	0	0	0	1	0	False	False	False	False	False	False	False	_	0	0	0	1	[sì.]	[sì].	sì
250	BZ001	882.668	883.928	1.26	True	_	0	0	0	0	0	0	0	0	0	False	False	False	False	False	False	False	_	0	0	0	5	e di conoscerlo di fatto.	e di conoscerlo di fatto.	e di conoscerlo di fatto
251	BZ001	884.313	885.103	0.79	True	_	0	0	0	0	0	0	0	0	0	False	False	False	False	False	False	False	_	0	0	0	1	e::	e::	e
252	BZ001	886.013	891.213	5.2	True	_	0	0	0	0	0	0	0	1	0	False	False	False	False	False	False	False	_	0	0	0	20	e spesso con solo l'hochdeutsch anche per me è stato difficile spesso in realtà interfacciarmi [con chi parlava dialetto.]	e spesso con solo l'hochdeutsch anche per me è stato difficile spesso in realtà interfacciarmi [con chi parlava dialetto].	e spesso con solo l' hochdeutsch anche per me è stato difficile spesso in realtà interfacciarmi con chi parlava dialetto
253	BZ002	889.918	891.008	1.09	True	_	0	0	0	0	0	0	0	1	0	False	False	False	False	False	False	False	_	0	0	0	3	[eh sì perché,]	[eh sì perché],	eh sì perché
254	BZ001	892.548	892.858	0.31	True	_	0	0	0	0	0	0	0	0	0	False	False	False	False	False	False	False	_	0	0	0	1	sì.	sì.	sì
255	BZ001	893.658	896.458	2.8	True	_	0	0	0	0	0	0	0	0	0	False	False	False	False	False	False	False	_	0	0	0	10	eh e quindi per il futuro vorresti approfondire: il cinese,	eh e quindi per il futuro vorresti approfondire: il cinese,	eh e quindi per il futuro vorresti approfondire il cinese
256	BZ002	897.288	901.118	3.83	True	_	0	0	0	0	0	0	0	0	0	False	False	False	False	False	False	False	_	1	0	0	11	sì adesso diciamo che la: (.) la direzione è quella del cinese.	sì adesso diciamo che la: (.) la direzione è quella del cinese.	sì adesso diciamo che la (.) la direzione è quella del cinese
257	BZ002	901.676	908.565	6.889	True	_	0	0	0	0	0	0	0	0	0	False	False	False	False	False	False	False	_	0	1	0	22	poi, col fatto che probabilmente non so se rimarrò qui magari mi impegnerò anche a migliorare il tedesco ((ridendo)) però per ora diciamo,	poi, col fatto che probabilmente non so se rimarrò qui magari mi impegnerò anche a migliorare il tedesco ((ridendo)) però per ora diciamo,	poi col fatto che probabilmente non so se rimarrò qui magari mi impegnerò anche a migliorare il tedesco ((ridendo)) però per ora diciamo
258	BZ002	908.82	910.387	1.567	True	_	0	0	0	0	0	0	0	1	0	False	False	False	False	False	False	False	_	0	0	0	6	che sono più indirizzata sul ci[nese.]	che sono più indirizzata sul ci[nese].	che sono più indirizzata sul cinese
259	BZ001	909.832	910.372	0.54	True	_	0	0	0	0	0	0	0	1	0	False	False	False	False	False	False	False	_	0	0	0	1	[eh.]	[eh].	eh
260	BZ001	910.652	917.192	6.54	True	_	0	0	0	0	0	0	0	1	0	False	False	False	False	False	False	False	_	1	0	0	18	e hai mai usato tipo anche: a: a bologna magari, (.) eh: quei caffè linguistici per parlare una lin[gua?]	e hai mai usato tipo anche: a: a bologna magari, (.) eh: quei caffè linguistici per parlare una lin[gua]?	e hai mai usato tipo anche a a bologna magari (.) eh quei caffè linguistici per parlare una lingua
261	BZ002	916.577	923.227	6.65	True	_	0	0	0	0	0	0	0	0	0	False	False	False	False	False	False	False	_	0	0	0	20	[ero] andata, eh: per: inglese. perché stavo facendo l'ielts e il periodo: prima di fare l'ielts ero andata,	[ero] andata, eh: per: inglese. perché stavo facendo l'ielts e il periodo: prima di fare l'ielts ero andata,	ero andata eh per inglese perché stavo facendo l' ielts e il periodo prima di fare l' ielts ero andata
262	BZ002	923.757	927.267	3.51	True	_	0	0	0	0	0	0	0	0	0	False	False	False	False	False	False	False	_	0	0	0	7	perché avevo fatto: con l'università, eh::	perché avevo fatto: con l'università, eh::	perché avevo fatto con l' università eh
263	BZ002	927.557	929.917	2.36	True	_	0	0	0	0	0	0	0	0	0	False	False	False	False	False	False	False	_	0	0	0	7	un: percorso di preparazione per l'ielts,	un: percorso di preparazione per l'ielts,	un percorso di preparazione per l' ielts
264	BZ002	930.345	939.555	9.21	True	_	0	0	0	0	0	0	0	0	0	False	False	False	False	False	False	False	_	0	0	0	31	e c'era un nostro professore che organizzava la sera anche: questi: diciamo ci si trovavano al pub a parlare inglese, e allora ero andata un paio di volte lì sì.	e c'era un nostro professore che organizzava la sera anche: questi: diciamo ci si trovavano al pub a parlare inglese, e allora ero andata un paio di volte lì sì.	e c' era un nostro professore che organizzava la sera anche questi diciamo ci si trovavano al pub a parlare inglese e allora ero andata un paio di volte lì sì
265	BZ002	939.825	940.295	0.47	True	_	0	0	0	0	0	0	0	1	0	False	False	False	False	False	False	False	_	0	0	0	2	>quello carino.<	>quello carino<.	quello carino
266	BZ001	940.545	941.195	0.65	True	_	0	0	0	0	0	0	0	0	0	False	False	False	False	False	False	False	_	0	0	0	3	quindi di gruppo.	quindi di gruppo.	quindi di gruppo
267	BZ002	941.535	941.905	0.37	True	_	0	0	0	0	0	0	0	0	0	False	False	False	False	False	False	False	_	0	0	0	1	sì.	sì.	sì
268	BZ001	942.095	942.585	0.49	True	_	0	0	0	0	0	0	0	0	0	False	False	False	False	False	False	False	_	0	0	0	2	ah bello.	ah bello.	ah bello
269	BZ002	942.885	948.575	5.69	True	_	0	0	0	0	0	0	0	0	0	False	False	False	False	False	False	False	_	0	0	0	18	sì sì era:: l- lui organizzava la serata, poi arrivavano comunque sempre un po' di persone quindi era	sì sì era:: l- lui organizzava la serata, poi arrivavano comunque sempre un po' di persone quindi era	sì sì era l- lui organizzava la serata poi arrivavano comunque sempre un po' di persone quindi era
270	BZ002	949.555	950.195	0.64	True	_	0	0	0	0	0	0	0	0	0	False	False	False	False	False	False	False	_	0	0	0	1	simpatico.	simpatico.	simpatico
271	BZ002	950.35	952.97	2.62	True	_	0	0	0	0	0	0	0	0	0	False	False	False	False	False	False	False	_	0	0	0	9	altre lingue no non ho mai fatto lì tedesco:,	altre lingue no non ho mai fatto lì tedesco:,	altre lingue no non ho mai fatto lì tedesco
272	BZ002	953.76	965.59	11.83	True	_	0	0	0	0	0	0	0	1	0	False	False	False	False	False	False	False	_	3	0	0	42	avevo usato, (.) >non mi ricordo come si chiama<. un'applicazione dove puoi (.) eh: chattare con persone della madrelingua il cui (.) [di cui] tu stai studiando >che loro sono interessate alla tua lingua,< e lì avevo fatto anche un po' di tedesco sì.	avevo usato, (.) >non mi ricordo come si chiama<. un'applicazione dove puoi (.) eh: chattare con persone della madrelingua il cui (.) [di cui] tu stai studiando >che loro sono interessate alla tua lingua<, e lì avevo fatto anche un po' di tedesco sì.	avevo usato (.) non mi ricordo come si chiama un' applicazione dove puoi (.) eh chattare con persone della madrelingua il cui (.) di cui tu stai studiando che loro sono interessate alla tua lingua e lì avevo fatto anche un po' di tedesco sì
273	BZ001	961.07	961.49	0.42	True	_	0	0	0	0	0	0	0	1	0	False	False	False	False	False	False	False	_	0	0	0	2	[mh=mh,]	[mh=mh],	mh mh
274	BZ001	966.499	971.499	5.0	True	_	0	0	0	0	0	0	0	0	0	False	False	False	False	False	False	False	_	2	0	0	15	perché avevo visto:, (.) quand'ero a torino, in un bar eh: (.) che però era tipo	perché avevo visto:, (.) quand'ero a torino, in un bar eh: (.) che però era tipo	perché avevo visto (.) quand' ero a torino in un bar eh (.) che però era tipo
275	BZ001	972.179	975.859	3.68	True	_	0	0	0	0	0	0	0	0	0	False	False	False	False	False	False	False	_	1	0	0	9	workspace condiviso [sai? do]ve andavo spesso a studiare, (.) vedevo,	workspace condiviso [sai? do]ve andavo spesso a studiare, (.) vedevo,	workspace condiviso sai dove andavo spesso a studiare (.) vedevo
276	BZ002	973.339	973.719	0.38	True	_	0	0	0	0	0	0	0	1	0	False	False	False	False	False	False	False	_	0	0	0	2	[mh=mh.]	[mh=mh].	mh mh
277	BZ001	976.453	986.143	9.69	True	_	0	0	0	0	0	0	0	1	0	False	False	False	False	False	False	False	_	2	0	1, elle1	30	spesso c'erano: (.) mh questi caffè linguistici però (.) a due sempre no? [quindi una perso]na di una elle uno una persona >di un'altra elle1< che si incontra[vano per per parlare.]	spesso c'erano: (.) mh questi caffè linguistici però (.) a due sempre no? [quindi una perso]na di una elle uno una persona >di un'altra elle1< che si incontra[vano per per parlare].	spesso c' erano (.) mh questi caffè linguistici però (.) a due sempre no quindi una persona di una elle uno una persona di un' altra elle1 che si incontravano per per parlare
278	BZ002	981.193	981.843	0.65	True	_	0	0	0	0	0	0	0	1	0	False	False	False	False	False	False	False	_	0	0	0	2	[ah okay.]	[ah okay].	ah okay
279	BZ002	984.733	986.153	1.42	True	_	0	0	0	0	0	0	0	1	0	False	False	False	False	False	False	False	_	0	0	0	9	[ah no a due non (l'ho mai) fatto.]	[ah no a due non (l'ho mai) fatto].	ah no a due non l' ho mai fatto
280	BZ001	986.518	990.298	3.78	True	_	0	0	0	0	0	0	0	1	0	False	False	False	False	False	False	False	_	0	0	0	15	e so che anche qui a bolzano c'è un caffè linguistico, sempre: [a coppie.]	e so che anche qui a bolzano c'è un caffè linguistico, sempre: [a coppie].	e so che anche qui a bolzano c' è un caffè linguistico sempre a coppie
281	BZ002	989.838	990.328	0.49	True	_	0	0	0	0	0	0	0	1	0	False	False	False	False	False	False	False	_	0	0	0	1	[ah.]	[ah].	ah
282	BZ002	990.448	990.8254999999999	0.38	True	_	0	0	0	0	0	0	1	0	0	False	False	False	False	False	False	False	_	0	0	0	1	ah.	ah.	ah
283	BZ001	990.8254999999999	993.733	2.91	True	_	0	0	0	0	0	0	1	0	0	False	False	False	False	False	False	False	_	0	0	0	8	eh:: dove magari uno è madrelingua tedesco e:	eh:: dove magari uno è madrelingua tedesco e:	eh dove magari uno è madrelingua tedesco e
284	BZ001	994.183	1002.833	8.65	True	_	0	0	0	0	0	0	0	0	0	False	False	False	False	False	False	False	_	2	0	0	36	eh ricordo che anche al liceo ne avevan parlato, (.) proprio anche nell'ottica di approfondire il dialetto, (.) han detto una strategia è quella no? [nel senso] che tu esp- esprimi il desiderio di voler parlare dialetto,	eh ricordo che anche al liceo ne avevan parlato, (.) proprio anche nell'ottica di approfondire il dialetto, (.) han detto una strategia è quella no? [nel senso] che tu esp- esprimi il desiderio di voler parlare dialetto,	eh ricordo che anche al liceo ne avevan parlato (.) proprio anche nell' ottica di approfondire il dialetto (.) han detto una strategia è quella no nel senso che tu esp- esprimi il desiderio di voler parlare dialetto
285	BZ002	999.983	1000.323	0.34	True	_	0	0	0	0	0	0	0	1	0	False	False	False	False	False	False	False	_	0	0	0	1	[mh.]	[mh].	mh
286	BZ001	1003.138	1005.588	2.45	True	_	0	0	0	0	0	0	0	0	0	False	False	False	False	False	False	False	_	0	0	0	9	e viene una persona dialettofona, e poi magari provare,	e viene una persona dialettofona, e poi magari provare,	e viene una persona dialettofona e poi magari provare
287	BZ001	1006.248	1010.888	4.64	True	_	0	0	0	0	0	0	0	1	0	False	False	False	False	False	False	False	_	0	0	0	17	eh:: così sei lì per quello [quindi magari è anche un po' più facile:] non vergognar[si no?]	eh:: così sei lì per quello [quindi magari è anche un po' più facile:] non vergognar[si no]?	eh così sei lì per quello quindi magari è anche un po' più facile non vergognarsi no
288	BZ002	1007.913	1009.533	1.62	True	_	0	0	0	0	0	0	0	1	0	False	False	False	False	False	False	False	_	1	0	0	6	[mh=mh. (.) sì sì sì sì.]	[mh=mh. (.) sì sì sì sì].	mh mh (.) sì sì sì sì
289	BZ002	1010.263	1011.573	1.31	True	_	0	0	0	0	0	0	0	0	0	False	False	False	False	False	False	False	_	0	0	0	4	[sì] rispetto al lavoro,	[sì] rispetto al lavoro,	sì rispetto al lavoro
290	BZ001	1011.613	1025.473	13.86	True	_	0	0	0	0	0	0	0	1	0	False	False	False	False	False	False	False	_	2	0	0	43	esatto. e adesso su youtube ho visto, sotto i questi video che ti dicevo prima, (.) eh: si creano questi: thread di commenti, in cui una persona scrive sono disponibile, tipo per [videochiamate] skype in portoghese >ho visto io,< (.) chi vuole mi contatti e,	esatto. e adesso su youtube ho visto, sotto i questi video che ti dicevo prima, (.) eh: si creano questi: thread di commenti, in cui una persona scrive sono disponibile, tipo per [videochiamate] skype in portoghese >ho visto io<, (.) chi vuole mi contatti e,	esatto e adesso su youtube ho visto sotto i questi video che ti dicevo prima (.) eh si creano questi thread di commenti in cui una persona scrive sono disponibile tipo per videochiamate skype in portoghese ho visto io (.) chi vuole mi contatti e
291	BZ002	1021.188	1021.598	0.41	True	_	0	0	0	0	0	0	0	1	0	False	False	False	False	False	False	False	_	0	0	0	1	[ah.]	[ah].	ah
292	BZ001	1025.769	1030.309	4.54	True	_	0	0	0	0	0	0	0	0	0	False	False	False	False	False	False	False	_	0	0	0	19	e magari poi quella persona vuole imparare l'italiano, e quindi fai una videochiamata [in portoghese o in ita]liano,	e magari poi quella persona vuole imparare l'italiano, e quindi fai una videochiamata [in portoghese o in ita]liano,	e magari poi quella persona vuole imparare l' italiano e quindi fai una videochiamata in portoghese o in italiano
293	BZ002	1028.874	1029.684	0.81	True	_	0	0	0	0	0	0	0	1	0	False	False	False	False	False	False	False	_	0	0	0	2	[eh bello.]	[eh bello].	eh bello
294	BZ001	1030.854	1031.264	0.41	True	_	0	0	0	0	0	0	0	0	0	False	False	False	False	False	False	False	_	0	0	0	2	eh sì.	eh sì.	eh sì
295	BZ001	1031.724	1032.214	0.49	True	_	0	0	0	0	0	0	0	0	0	False	False	False	False	False	False	False	_	0	0	0	2	sì sì.	sì sì.	sì sì
296	BZ001	1032.614	1036.694	4.08	True	_	0	0	0	0	0	0	0	0	0	False	False	False	False	False	False	False	_	0	0	0	12	e invece diciamo nella tua: rete sociale quindi amici e così, come:,	e invece diciamo nella tua: rete sociale quindi amici e così, come:,	e invece diciamo nella tua rete sociale quindi amici e così come
297	BZ001	1037.64	1045.504	7.864	True	_	0	0	0	0	0	0	0	0	0	False	False	False	False	False	False	False	_	2	0	0	23	c- come vedi che sono percepiti diciamo (.) o come è percepito il sapere tante lingue, (.) come una cosa difficile, come un vantaggio, come:,	c- come vedi che sono percepiti diciamo (.) o come è percepito il sapere tante lingue, (.) come una cosa difficile, come un vantaggio, come:,	c- come vedi che sono percepiti diciamo (.) o come è percepito il sapere tante lingue (.) come una cosa difficile come un vantaggio come
298	BZ002	1045.764	1054.58	8.816	True	_	0	0	0	0	0	0	0	0	0	False	False	False	False	False	False	False	_	0	0	0	26	ma::: in realtà, cioè tra i miei amici tanti sanno più lingue. c'è tendenzialmente almeno tre tutti e e almeno quelli di bolzano di sicuro.	ma::: in realtà, cioè tra i miei amici tanti sanno più lingue. c'è tendenzialmente almeno tre tutti e e almeno quelli di bolzano di sicuro.	ma in realtà cioè tra i miei amici tanti sanno più lingue c' è tendenzialmente almeno tre tutti e e almeno quelli di bolzano di sicuro
299	BZ001	1054.629	1054.929	0.3	True	_	0	0	0	0	0	0	0	0	0	False	False	False	False	False	False	False	_	0	0	0	2	mh=mh.	mh=mh.	mh mh
300	BZ002	1055.144	1063.944	8.8	True	_	0	0	0	0	0	0	0	0	0	False	False	False	False	False	False	False	_	0	0	0	24	eh:: avevo visto molta differenza quand'ero andata in germania perché lì invece mh già sapere due lingue era: c'è sapevano tedesco inglese.	eh:: avevo visto molta differenza quand'ero andata in germania perché lì invece mh già sapere due lingue era: c'è sapevano tedesco inglese.	eh avevo visto molta differenza quand' ero andata in germania perché lì invece mh già sapere due lingue era c' è sapevano tedesco inglese
301	BZ002	1064.364	1068.634	4.27	True	_	0	0	0	0	0	0	0	0	0	False	False	False	False	False	False	False	_	0	0	0	13	in pochi sapevano la terza lingua, almeno nel contesto in cui ero io.	in pochi sapevano la terza lingua, almeno nel contesto in cui ero io.	in pochi sapevano la terza lingua almeno nel contesto in cui ero io
302	BZ002	1069.32	1079.73	10.41	True	_	0	0	0	0	0	0	0	0	0	False	False	False	False	False	False	False	_	1	0	0	32	eh:: però no, mh tra i miei amici almeno (.) col fatto che adesso tanti erano universitari e quindi spesso hai anche g:li obblighi delle lingue, tutti sapeva[no più o meno] tre lingue,	eh:: però no, mh tra i miei amici almeno (.) col fatto che adesso tanti erano universitari e quindi spesso hai anche g:li obblighi delle lingue, tutti sapeva[no più o meno] tre lingue,	eh però no mh tra i miei amici almeno (.) col fatto che adesso tanti erano universitari e quindi spesso hai anche gli obblighi delle lingue tutti sapevano più o meno tre lingue
303	BZ001	1078.17	1078.64	0.47	True	_	0	0	0	0	0	0	0	1	0	False	False	False	False	False	False	False	_	0	0	0	2	[mh=mh.]	[mh=mh].	mh mh
304	BZ002	1080.39	1081.95	1.56	True	_	0	0	0	0	0	0	0	0	0	False	False	False	False	False	False	False	_	0	0	0	5	chi: più chi meno ma,	chi: più chi meno ma,	chi più chi meno ma
305	BZ001	1082.381	1086.761	4.38	True	_	0	0	0	0	0	0	0	1	0	False	False	False	False	False	False	False	_	0	0	0	15	quindi sì a livello generazionale forse è molto più diffuso adesso il [sapere tante lingue.]	quindi sì a livello generazionale forse è molto più diffuso adesso il [sapere tante lingue].	quindi sì a livello generazionale forse è molto più diffuso adesso il sapere tante lingue
306	BZ002	1085.596	1086.766	1.17	True	_	0	0	0	0	0	0	0	1	0	False	False	False	False	False	False	False	_	1	0	0	2	[sì (.) sì.]	[sì (.) sì].	sì (.) sì
307	BZ002	1087.616	1090.396	2.78	True	_	0	0	0	0	0	0	0	0	0	False	False	False	False	False	False	False	_	2	0	0	8	secondo me sì, (.) cioè (.) se vedo anche tipo:,	secondo me sì, (.) cioè (.) se vedo anche tipo:,	secondo me sì (.) cioè (.) se vedo anche tipo
308	BZ002	1090.856	1091.356	0.5	True	_	0	0	0	0	0	0	0	0	0	False	False	False	False	False	False	False	_	0	0	0	2	da me,	da me,	da me
309	BZ002	1091.956	1103.27	11.314	True	_	0	0	0	0	0	0	0	0	0	False	False	False	False	False	False	False	_	1	0	0	54	mia sorella ha un anno in più di me, e lei all'asilo non faceva inglese io son stata al primo anno >almeno nel mio asilo che avevo iniziato a fare inglese<, (.) e se guardo i miei cugini più piccoli mio cugino adesso ha finito adesso la terza media e sta studiando giapponese. cioè	mia sorella ha un anno in più di me, e lei all'asilo non faceva inglese io son stata al primo anno >almeno nel mio asilo che avevo iniziato a fare inglese<, (.) e se guardo i miei cugini più piccoli mio cugino adesso ha finito adesso la terza media e sta studiando giapponese. cioè	mia sorella ha un anno in più di me e lei all' asilo non faceva inglese io son stata al primo anno almeno nel mio asilo che avevo iniziato a fare inglese (.) e se guardo i miei cugini più piccoli mio cugino adesso ha finito adesso la terza media e sta studiando giapponese cioè
310	BZ001	1103.288	1103.728	0.44	True	_	0	0	0	0	0	0	0	1	0	False	False	False	False	False	False	False	_	0	0	0	2	ah [sì?]	ah [sì]?	ah sì
311	BZ002	1103.533	1107.833	4.3	True	_	0	0	0	0	0	0	0	0	0	False	False	False	False	False	False	False	_	0	0	0	15	[se] l'avessi fatto io sarei sembrato: u:n genio nella mia famiglia, però adesso almeno	[se] l'avessi fatto io sarei sembrato: u:n genio nella mia famiglia, però adesso almeno	se l' avessi fatto io sarei sembrato un genio nella mia famiglia però adesso almeno
312	BZ002	1108.483	1109.373	0.89	True	_	0	0	0	0	0	0	0	0	0	False	False	False	False	False	False	False	_	0	0	0	1	guardando:	guardando:	guardando
313	BZ002	1109.693	1111.353	1.66	True	_	0	0	0	0	0	0	0	0	0	False	False	False	False	False	False	False	_	0	0	0	5	io ho molti casi da	io ho molti casi da	io ho molti casi da
314	BZ002	1111.768	1120.308	8.54	True	_	0	0	0	0	0	0	0	0	0	False	False	False	False	False	False	False	_	0	0	0	27	di cugini e fratelli quindi vedo che anche nei miei cugini più piccoli è quasi più scontato: [loro] hanno fatto anche le scuole tedesche, quindi parlano perfettamente,	di cugini e fratelli quindi vedo che anche nei miei cugini più piccoli è quasi più scontato: [loro] hanno fatto anche le scuole tedesche, quindi parlano perfettamente,	di cugini e fratelli quindi vedo che anche nei miei cugini più piccoli è quasi più scontato loro hanno fatto anche le scuole tedesche quindi parlano perfettamente
315	BZ001	1116.498	1116.778	0.28	True	_	0	0	0	0	0	0	0	1	0	False	False	False	False	False	False	False	_	0	0	0	1	[ah.]	[ah].	ah
316	BZ002	1120.933	1123.073	2.14	True	_	0	0	0	0	0	0	0	0	0	False	False	False	False	False	False	False	_	1	0	0	4	italiano e tedesco, (.) e	italiano e tedesco, (.) e	italiano e tedesco (.) e
317	BZ002	1123.378	1127.508	4.13	True	_	0	0	0	0	0	0	0	0	0	False	False	False	False	False	False	False	_	1	0	0	14	inglese in più, (.) e un'altra lingua in più. quindi stanno crescendo molto più	inglese in più, (.) e un'altra lingua in più. quindi stanno crescendo molto più	inglese in più (.) e un' altra lingua in più quindi stanno crescendo molto più
318	BZ001	1127.978	1128.298	0.32	True	_	0	0	0	0	0	0	0	0	0	False	False	False	False	False	False	False	_	0	0	0	1	però.	però.	però
319	BZ002	1128.543	1129.393	0.85	True	_	0	0	0	0	0	0	0	0	0	False	False	False	False	False	False	False	_	0	0	0	4	con più lingue sì.	con più lingue sì.	con più lingue sì
320	BZ001	1129.603	1138.643	9.04	True	_	0	0	0	0	0	0	0	0	0	False	False	False	False	False	False	False	_	1	0	0	31	e rispetto al tedesco invece i tuoi amici bolzanini, come: come li vedi ci son- magari tanti hanno approfondito anche i dialetti sanno parlare anche i dialetti oppure: (.) [c'è sempre]	e rispetto al tedesco invece i tuoi amici bolzanini, come: come li vedi ci son- magari tanti hanno approfondito anche i dialetti sanno parlare anche i dialetti oppure: (.) [c'è sempre]	e rispetto al tedesco invece i tuoi amici bolzanini come come li vedi ci son- magari tanti hanno approfondito anche i dialetti sanno parlare anche i dialetti oppure (.) c' è sempre
321	BZ002	1137.453	1141.243	3.79	True	_	0	0	0	0	0	0	0	0	0	False	False	False	False	False	False	False	_	0	0	0	10	[eh io: al] liceo avevo anche molti compagni ladini quindi:	[eh io: al] liceo avevo anche molti compagni ladini quindi:	eh io al liceo avevo anche molti compagni ladini quindi
322	BZ001	1141.293	1141.543	0.25	True	_	0	0	0	0	0	0	0	0	0	False	False	False	False	False	False	False	_	0	0	0	1	ah.	ah.	ah
323	BZ002	1141.693	1155.093	13.4	True	_	0	0	0	0	0	0	0	0	0	False	False	False	False	False	False	False	_	1	1	0	51	eh: e che parlavano anche dialetti tedeschi. quindi tra i miei amici ce n'erano tanti che sapevano il dialetto perfettamente:, e (.) si dividevano un po' di quelli che s- metà che sapevano benissimo il tedesco e anche un sacco di dialetti e metà che faceva un po' fatica ((ridendo)) come me.	eh: e che parlavano anche dialetti tedeschi. quindi tra i miei amici ce n'erano tanti che sapevano il dialetto perfettamente:, e (.) si dividevano un po' di quelli che s- metà che sapevano benissimo il tedesco e anche un sacco di dialetti e metà che faceva un po' fatica ((ridendo)) come me.	eh e che parlavano anche dialetti tedeschi quindi tra i miei amici ce n' erano tanti che sapevano il dialetto perfettamente e (.) si dividevano un po' di quelli che s- metà che sapevano benissimo il tedesco e anche un sacco di dialetti e metà che faceva un po' fatica ((ridendo)) come me
324	BZ002	1155.683	1161.683	6.0	True	_	0	0	0	0	0	0	0	0	0	False	False	False	False	False	False	False	_	1	0	0	24	quindi è un po' un misto sì. poi tanti sono andati anche a studiare in austria quindi adesso c'è chi lo sa (.) perfettamente.	quindi è un po' un misto sì. poi tanti sono andati anche a studiare in austria quindi adesso c'è chi lo sa (.) perfettamente.	quindi è un po' un misto sì poi tanti sono andati anche a studiare in austria quindi adesso c' è chi lo sa (.) perfettamente
325	BZ001	1161.863	1163.483	1.62	True	_	0	0	0	0	0	0	0	1	0	False	False	False	False	False	False	False	_	0	0	0	7	però parlavate in italiano tra di [voi?]	però parlavate in italiano tra di [voi]?	però parlavate in italiano tra di voi
326	BZ002	1163.148	1164.598	1.45	True	_	0	0	0	0	0	0	0	1	0	False	False	False	False	False	False	False	_	0	0	0	6	[sì] tra di noi sì [sempre.]	[sì] tra di noi sì [sempre].	sì tra di noi sì sempre
327	BZ001	1164.248	1164.608	0.36	True	_	0	0	0	0	0	0	0	1	0	False	False	False	False	False	False	False	_	0	0	0	1	[mh.]	[mh].	mh
328	BZ001	1165.273	1169.62	4.347	True	_	0	0	0	0	0	0	0	0	0	False	False	False	False	False	False	False	_	1	0	0	19	sì non c'è mai la cosa del parla- cioè s- tendenzialmente poi si parla in italiano no? [(.) in]	sì non c'è mai la cosa del parla- cioè s- tendenzialmente poi si parla in italiano no? [(.) in]	sì non c' è mai la cosa del parla- cioè s- tendenzialmente poi si parla in italiano no (.) in
329	BZ002	1169.003	1174.493	5.49	True	_	0	0	0	0	0	0	0	0	0	False	False	False	False	False	False	False	_	1	0	0	20	[sì (.) cioè] magari i miei compagni ladini tra di loro parlavano anche ladino ma poi con noi sempre solo italiano.	[sì (.) cioè] magari i miei compagni ladini tra di loro parlavano anche ladino ma poi con noi sempre solo italiano.	sì (.) cioè magari i miei compagni ladini tra di loro parlavano anche ladino ma poi con noi sempre solo italiano
330	BZ001	1174.673	1177.523	2.85	True	_	0	0	0	0	0	0	0	2	0	False	False	False	False	False	False	False	_	0	0	0	13	>mh=mh.< e ladino invece non l'hai mai: non hai [mai imparato.]	>mh=mh<. e ladino invece non l'hai mai: non hai [mai imparato].	mh mh e ladino invece non l' hai mai non hai mai imparato
331	BZ002	1176.493	1177.533	1.04	True	_	0	0	0	0	0	0	0	0	0	False	False	False	False	False	False	False	_	0	1	0	2	[mh=mh ((ride))]	[mh=mh ((ride))]	mh mh ((ride))
332	BZ001	1177.703	1178.293	0.59	True	_	0	0	0	0	0	0	0	0	0	False	False	False	False	False	False	False	_	0	0	0	1	[neanche]	[neanche]	neanche
333	BZ002	1177.881	1180.681	2.8	True	_	0	0	0	0	0	0	0	0	0	False	False	False	False	False	False	False	_	0	1	0	11	[non li] riuscivo ((ridendo)) neanche a capire in realtà quindi no zero.	[non li] riuscivo ((ridendo)) neanche a capire in realtà quindi no zero.	non li riuscivo ((ridendo)) neanche a capire in realtà quindi no zero
334	BZ001	1181.061	1181.311	0.25	True	_	0	0	0	0	0	0	0	0	0	False	False	False	False	False	False	False	_	0	0	0	1	sì.	sì.	sì
335	BZ001	1182.111	1187.43	5.319	True	_	0	0	0	0	0	0	0	0	0	False	False	False	False	False	False	False	_	0	0	0	19	e serie in spagnolo invece, che dicevi prima: di aver visto, che serie: hai guardato? a parte: street food.	e serie in spagnolo invece, che dicevi prima: di aver visto, che serie: hai guardato? a parte: street food.	e serie in spagnolo invece che dicevi prima di aver visto che serie hai guardato a parte street food
336	BZ002	1187.435	1189.715	2.28	True	_	0	0	0	0	0	0	0	1	0	False	False	False	False	False	False	False	_	0	0	0	7	eh:: un paio di documentari [in realtà,]	eh:: un paio di documentari [in realtà],	eh un paio di documentari in realtà
337	BZ001	1189.185	1191.855	2.67	True	_	0	0	0	0	0	0	0	0	0	False	False	False	False	False	False	False	_	0	0	0	13	[ah sì] è vero che tu: sei più [per i docu]mentari che per	[ah sì] è vero che tu: sei più [per i docu]mentari che per	ah sì è vero che tu sei più per i documentari che per
338	BZ002	1190.485	1190.855	0.37	True	_	0	0	0	0	0	0	0	1	0	False	False	False	False	False	False	False	_	0	0	0	1	[sì.]	[sì].	sì
339	BZ002	1191.955	1202.175	10.22	True	_	0	0	0	0	0	0	0	0	0	False	False	False	False	False	False	False	_	0	0	0	41	ma non saprei neanche dirti quali perché ogni tanto mi vien sempre periodo a p- eh street food l'ho guardato recentemente se no era un po' il periodo vicino a quando mi era venuta voglia del portoghese che stavo guardando	ma non saprei neanche dirti quali perché ogni tanto mi vien sempre periodo a p- eh street food l'ho guardato recentemente se no era un po' il periodo vicino a quando mi era venuta voglia del portoghese che stavo guardando	ma non saprei neanche dirti quali perché ogni tanto mi vien sempre periodo a p- eh street food l' ho guardato recentemente se no era un po' il periodo vicino a quando mi era venuta voglia del portoghese che stavo guardando
340	BZ002	1202.624	1206.024	3.4	True	_	0	0	0	0	0	0	0	0	0	False	False	False	False	False	False	False	_	0	0	0	14	cose in spagnolo ma completamente a caso e: un po' fine a sé stesso.	cose in spagnolo ma completamente a caso e: un po' fine a sé stesso.	cose in spagnolo ma completamente a caso e un po' fine a sé stesso
341	BZ001	1206.274	1210.204	3.93	True	_	0	0	0	0	0	0	0	1	0	False	False	False	False	False	False	False	_	0	0	0	19	che in portoghese non si trova quasi niente, [avevo cer]cato anch'io su netflix però non [si trova molto.]	che in portoghese non si trova quasi niente, [avevo cer]cato anch'io su netflix però non [si trova molto].	che in portoghese non si trova quasi niente avevo cercato anch' io su netflix però non si trova molto
342	BZ002	1207.654	1208.044	0.39	True	_	0	0	0	0	0	0	0	1	0	False	False	False	False	False	False	False	_	0	0	0	1	[no,]	[no],	no
343	BZ002	1209.414	1210.194	0.78	True	_	0	0	0	0	0	0	0	1	0	False	False	False	False	False	False	False	_	0	0	0	1	[n:o.]	[n:o].	no
344	BZ001	1210.8	1211.764	0.964	True	_	0	0	0	0	0	0	0	1	0	False	False	False	False	False	False	False	_	0	0	0	3	[in spagnolo io,]	[in spagnolo io],	in spagnolo io
345	BZ002	1210.979	1214.439	3.46	True	_	0	0	0	0	0	0	0	0	0	False	False	False	False	False	False	False	_	0	0	0	11	[ma neanche] cinese. cioè cinese c'è questa serie s- bellissima,	[ma neanche] cinese. cioè cinese c'è questa serie s- bellissima,	ma neanche cinese cioè cinese c' è questa serie s- bellissima
346	BZ002	1214.784	1221.684	6.9	True	_	0	0	0	0	0	0	0	0	0	False	False	False	False	False	False	False	_	0	0	0	27	sul cibo cinese, e allora lì c'è: cinese mandarino. perché poi c'è anche il problema che sia cinese mandarino [perché quello è quello] che so,	sul cibo cinese, e allora lì c'è: cinese mandarino. perché poi c'è anche il problema che sia cinese mandarino [perché quello è quello] che so,	sul cibo cinese e allora lì c' è cinese mandarino perché poi c' è anche il problema che sia cinese mandarino perché quello è quello che so
347	BZ001	1220.409	1221.199	0.79	True	_	0	0	0	0	0	0	0	1	0	False	False	False	False	False	False	False	_	0	0	0	3	[eh sì certo.]	[eh sì certo].	eh sì certo
348	BZ002	1222.659	1226.84	4.181	True	_	0	0	0	0	0	0	0	0	0	False	False	False	False	False	False	False	_	2	0	0	12	e:: (.) e se no non è che trovi molto: (.) tradotto in cinese.	e:: (.) e se no non è che trovi molto: (.) tradotto in cinese.	e (.) e se no non è che trovi molto (.) tradotto in cinese
349	BZ001	1227.728	1233.068	5.34	True	_	0	0	0	0	0	0	0	1	0	False	False	False	False	False	False	False	_	1	0	0	22	che poi ho visto che su netflix ci sono più lingue. invece già su prime (.) molte cose son solo in italiano [proprio.]	che poi ho visto che su netflix ci sono più lingue. invece già su prime (.) molte cose son solo in italiano [proprio].	che poi ho visto che su netflix ci sono più lingue invece già su prime (.) molte cose son solo in italiano proprio
350	BZ002	1232.893	1234.11	1.217	True	_	0	0	0	0	0	0	0	0	0	False	False	False	False	False	False	False	_	0	0	0	5	[ah] non ho mai guardato.	[ah] non ho mai guardato.	ah non ho mai guardato
351	BZ001	1234.723	1235.733	1.01	True	_	0	0	0	0	0	0	0	0	0	False	False	False	False	False	False	False	_	0	0	0	3	invece su mubi,	invece su mubi,	invece su mubi
352	BZ001	1236.143	1238.713	2.57	True	_	0	0	0	0	0	0	0	0	0	False	False	False	False	False	False	False	_	0	0	0	7	che è que[sta:, piattaforma di film] indipendenti,	che è que[sta:, piattaforma di film] indipendenti,	che è questa piattaforma di film indipendenti
353	BZ002	1236.673	1237.573	0.9	True	_	0	0	0	0	0	0	0	0	0	False	False	False	False	False	False	False	_	0	0	0	6	[(ah sì me l'hai detto.)]	[(ah sì me l'hai detto.)]	ah sì me l' hai detto
354	BZ001	1239.003	1239.44	0.437	True	_	0	0	0	0	0	0	0	0	0	False	False	False	False	False	False	False	_	0	0	0	1	lì,	lì,	lì
355	BZ001	1239.65	1243.49	3.84	True	_	0	0	0	0	0	0	0	0	0	False	False	False	False	False	False	False	_	1	0	0	11	non c'è in italiano. cioè salvo: rari casi, (.) è sempre,	non c'è in italiano. cioè salvo: rari casi, (.) è sempre,	non c' è in italiano cioè salvo rari casi (.) è sempre
356	BZ001	1243.878	1245.818	1.94	True	_	0	0	0	0	0	0	0	0	0	False	False	False	False	False	False	False	_	0	0	0	4	in: nella lingua originaria.	in: nella lingua originaria.	in nella lingua originaria
357	BZ001	1246.241	1247.171	0.93	True	_	0	0	0	0	0	0	0	0	0	False	False	False	False	False	False	False	_	0	0	0	1	eh::m	eh::m	ehm
358	BZ001	1247.871	1252.991	5.12	True	_	0	0	0	0	0	0	0	1	0	False	False	False	False	False	False	False	_	1	0	0	24	e non puoi, cioè non c'è proprio il doppiag[gio, (.) quindi tu puoi] guardarlo solo in quella lingua lì, con i sottotioli in [italiano.]	e non puoi, cioè non c'è proprio il doppiag[gio, (.) quindi tu puoi] guardarlo solo in quella lingua lì, con i sottotioli in [italiano].	e non puoi cioè non c' è proprio il doppiaggio (.) quindi tu puoi guardarlo solo in quella lingua lì con i sottotioli in italiano
359	BZ002	1249.416	1250.216	0.8	True	_	0	0	0	0	0	0	0	1	0	False	False	False	False	False	False	False	_	0	0	0	3	[ah non puoi,]	[ah non puoi],	ah non puoi
360	BZ002	1252.576	1252.996	0.42	True	_	0	0	0	0	0	0	0	1	0	False	False	False	False	False	False	False	_	0	0	0	2	[mh=mh.]	[mh=mh].	mh mh
361	BZ001	1253.666	1256.876	3.21	True	_	0	0	0	0	0	0	0	1	0	False	False	False	False	False	False	False	_	0	0	0	12	>però quello è molto interessante,< perché lì ho visto tanti film anche:	>però quello è molto interessante<, perché lì ho visto tanti film anche:	però quello è molto interessante perché lì ho visto tanti film anche
362	BZ001	1257.606	1259.536	1.93	True	_	0	0	0	0	0	0	0	0	0	False	False	False	False	False	False	False	_	0	0	0	9	magari proprio di paesi in cui si parlano lingue	magari proprio di paesi in cui si parlano lingue	magari proprio di paesi in cui si parlano lingue
363	BZ001	1260.006	1262.256	2.25	True	_	0	0	0	0	0	0	0	0	0	False	False	False	False	False	False	False	_	0	0	0	8	in cui tendenzialmente non avrei guardato il film,	in cui tendenzialmente non avrei guardato il film,	in cui tendenzialmente non avrei guardato il film
364	BZ001	1263.126	1264.016	0.89	True	_	0	0	0	0	0	0	0	0	0	False	False	False	False	False	False	False	_	0	0	0	1	eh::	eh::	eh
365	BZ001	1265.656	1268.886	3.23	True	_	0	0	0	0	0	0	0	0	0	False	False	False	False	False	False	False	_	0	0	0	13	i- in quelle lingue lì effettivamente ha un fascino diverso vedere il film	i- in quelle lingue lì effettivamente ha un fascino diverso vedere il film	i- in quelle lingue lì effettivamente ha un fascino diverso vedere il film
366	BZ001	1269.326	1271.636	2.31	True	_	0	0	0	0	0	0	0	0	0	False	False	False	False	False	False	False	_	1	0	0	7	eh [(.) in lingua] in lingua originale sì.	eh [(.) in lingua] in lingua originale sì.	eh (.) in lingua in lingua originale sì
367	BZ002	1269.656	1270.556	0.9	True	_	0	0	0	0	0	0	0	1	0	False	False	False	False	False	False	False	_	0	0	0	1	[originale.]	[originale].	originale
368	BZ001	1272.071	1276.261	4.19	True	_	0	0	0	0	0	0	0	0	0	False	False	False	False	False	False	False	_	0	0	0	8	soprattutto film: non so eh coreani giapponesi cinesi,	soprattutto film: non so eh coreani giapponesi cinesi,	soprattutto film non so eh coreani giapponesi cinesi
369	BZ001	1276.551	1283.271	6.72	True	_	0	0	0	0	0	0	0	0	0	False	False	False	False	False	False	False	_	2	0	0	26	e lì mi ero appassionato abbastanza soprattutto al cinema orientale, (.) a vederlo poi però in lingua originale. (.) infatti mi era capitato poi un paio di film,	e lì mi ero appassionato abbastanza soprattutto al cinema orientale, (.) a vederlo poi però in lingua originale. (.) infatti mi era capitato poi un paio di film,	e lì mi ero appassionato abbastanza soprattutto al cinema orientale (.) a vederlo poi però in lingua originale (.) infatti mi era capitato poi un paio di film
370	BZ001	1283.641	1291.321	7.68	True	_	0	0	0	0	0	0	0	0	0	False	False	False	False	False	False	False	_	1	0	0	24	in: (.) in in coreano, tradotti non non riuscivo a guardarli [perché poi] una volta che ti abitui è [talmente magari] particolare quella lingua rispetto,	in: (.) in in coreano, tradotti non non riuscivo a guardarli [perché poi] una volta che ti abitui è [talmente magari] particolare quella lingua rispetto,	in (.) in in coreano tradotti non non riuscivo a guardarli perché poi una volta che ti abitui è talmente magari particolare quella lingua rispetto
371	BZ002	1286.896	1287.436	0.54	True	_	0	0	0	0	0	0	0	0	0	False	False	False	False	False	False	False	_	0	1	0	0	[((ride))]	[((ride))]	((ride))
372	BZ002	1288.666	1289.456	0.79	True	_	0	0	0	0	0	0	0	1	0	False	False	False	False	False	False	False	_	0	0	0	2	[al suono,]	[al suono],	al suono
373	BZ001	1291.856	1296.006	4.15	True	_	0	0	0	0	0	0	0	1	0	False	False	False	False	False	False	False	_	1	0	0	17	anche all'inglese che sei più abituato a sentirlo, (.) che il doppiaggio ti fa proprio strano [no?]	anche all'inglese che sei più abituato a sentirlo, (.) che il doppiaggio ti fa proprio strano [no]?	anche all' inglese che sei più abituato a sentirlo (.) che il doppiaggio ti fa proprio strano no
374	BZ002	1295.556	1296.026	0.47	True	_	0	0	0	0	0	0	0	1	0	False	False	False	False	False	False	False	_	0	0	0	2	[mh=mh.]	[mh=mh].	mh mh
375	BZ001	1296.516	1299.316	2.8	True	_	0	0	0	0	0	0	0	1	0	False	False	False	False	False	False	False	_	1	0	0	10	>quello sì.< io in spagnolo mi ero guara- guardato, (.) valeria.	>quello sì<. io in spagnolo mi ero guara- guardato, (.) valeria.	quello sì io in spagnolo mi ero guara- guardato (.) valeria
376	BZ002	1299.926	1301.176	1.25	True	_	0	0	0	0	0	0	0	1	0	False	False	False	False	False	False	False	_	0	0	0	3	non [ho presente.]	non [ho presente].	non ho presente
377	BZ001	1300.306	1306.636	6.33	True	_	0	0	0	0	0	0	0	0	0	False	False	False	False	False	False	False	_	1	0	0	31	[na roba] comica. ma >me l'ero guardato< proprio perché anch'io volevo imparare lo [spagnolo], però. (.) [anch'io l'ho abbandona]to poi in realtà come hai fatto tu col portoghese.	[na roba] comica. ma >me l'ero guardato< proprio perché anch'io volevo imparare lo [spagnolo], però. (.) [anch'io l'ho abbandona]to poi in realtà come hai fatto tu col portoghese.	na roba comica ma me l' ero guardato proprio perché anch' io volevo imparare lo spagnolo però (.) anch' io l' ho abbandonato poi in realtà come hai fatto tu col portoghese
378	BZ002	1303.066	1303.546	0.48	True	_	0	0	0	0	0	0	0	1	0	False	False	False	False	False	False	False	_	0	0	0	2	[ah okay.]	[ah okay].	ah okay
379	BZ002	1303.906	1304.796	0.89	True	_	0	0	0	0	0	0	0	0	0	False	False	False	False	False	False	False	_	0	1	0	0	[((ride))]	[((ride))]	((ride))
380	BZ001	1308.156	1308.656	0.5	True	_	0	0	0	0	0	0	0	0	0	False	False	False	False	False	False	False	_	0	0	0	2	va bene.	va bene.	va bene
