tu_id	speaker	start	end	duration	include	contains_variation	W:normalized_spaces	W:numbers	W:accents	W:non_jefferson	W:pauses_trim	W:prosodic_trim	W:moved_boundaries	W:switches	W:overlap_mismatch	E:volume	E:pace	E:guess	E:overlap	E:overlap_mismatch	E:overlap_annotation	E:overlap_time	E:overlap_duration	T:shortpauses	T:nonverbalbehavior	T:errors	T:linguistic	original	text	orthographic
0	BZ001	1.6	6.02	4.42	True	no	0	0	0	0	0	0	0	0	0	False	False	False	False	False	False	False	_	0	0	0	17	ecco allora come ti dicevo io ti chiederei di raccontarmi un po' la la tua vita, eh	ecco allora come ti dicevo io ti chiederei di raccontarmi un po' la la tua vita, eh	ecco allora come ti dicevo io ti chiederei di raccontarmi un po' la la tua vita eh
1	BZ001	6.23	12.55	6.32	True	no	0	0	0	0	0	0	0	0	0	False	False	False	False	False	False	False	_	0	0	0	25	sempre da un punto di vista legato però alle lingue. quindi alle lingue che parli, quando le hai studiate, che lingue si parlano in famiglia,	sempre da un punto di vista legato però alle lingue. quindi alle lingue che parli, quando le hai studiate, che lingue si parlano in famiglia,	sempre da un punto di vista legato però alle lingue quindi alle lingue che parli quando le hai studiate che lingue si parlano in famiglia
2	BZ001	12.955	16.615	3.66	True	no	0	0	0	0	0	0	0	0	0	False	False	False	False	False	False	False	_	0	0	0	12	magari se vuoi anche facendo un po' una retrospettiva partendo dall'infanzia.	magari se vuoi anche facendo un po' una retrospettiva partendo dall'infanzia.	magari se vuoi anche facendo un po' una retrospettiva partendo dall' infanzia
3	BZ001	17.07	23.95	6.88	True	no	0	0	0	0	0	0	0	0	0	False	False	False	False	False	False	False	_	0	0	0	31	quindi quali lin- qual è [la tua elle uno], poi che lingue hai studiato, in che contesti, se sono legate in qualche modo a dei viaggi che fai fatto allo studio,	quindi quali lin- qual è [la tua elle uno], poi che lingue hai studiato, in che contesti, se sono legate in qualche modo a dei viaggi che fai fatto allo studio,	quindi quali lin- qual è la tua elle uno poi che lingue hai studiato in che contesti se sono legate in qualche modo a dei viaggi che fai fatto allo studio
4	BZ003	17.985	18.485	0.5	True	no	0	0	0	0	0	0	0	1	0	False	False	False	False	False	False	False	_	0	0	0	2	[mh=mh,]	[mh=mh],	mh mh
5	BZ001	24.345	27.135	2.79	True	no	0	0	0	0	0	0	0	0	0	False	False	False	False	False	False	False	_	0	0	0	12	eh: anche da un punto di vista magari affettivo, o in famiglia,	eh: anche da un punto di vista magari affettivo, o in famiglia,	eh anche da un punto di vista magari affettivo o in famiglia
6	BZ001	27.405	29.65	2.25	True	no	0	0	0	0	0	0	1	0	0	False	False	False	False	False	False	False	_	0	0	0	11	che lingue si parlano o quali lingue hai più a cuore:,	che lingue si parlano o quali lingue hai più a cuore:,	che lingue si parlano o quali lingue hai più a cuore
7	BZ003	29.65	29.9225	0.28	True	no	0	0	0	0	0	1	2	0	0	False	False	False	False	False	False	False	_	0	0	0	1	mh.=	mh.	mh
8	BZ001	29.9225	30.82	0.9	True	no	0	0	0	0	0	1	1	0	0	False	False	False	False	False	False	False	_	0	0	0	2	=molto liberamente.	molto liberamente.	molto liberamente
9	BZ003	31.175	36.925	5.75	True	no	0	0	0	0	0	0	0	0	0	False	False	False	False	False	False	False	_	1	0	0	12	okay allora sono nata in una famiglia: (.) dove si parla solamente italiano,	okay allora sono nata in una famiglia: (.) dove si parla solamente italiano,	okay allora sono nata in una famiglia (.) dove si parla solamente italiano
10	BZ003	37.592	44.112	6.52	True	no	0	0	0	0	0	0	0	0	0	False	False	False	False	False	False	False	_	0	0	0	17	e: quindi mh: ho sono stata sottoposta solamente a quello stimolo da piccola, mia mamma è: siciliana,	e: quindi mh: ho sono stata sottoposta solamente a quello stimolo da piccola, mia mamma è: siciliana,	e quindi mh ho sono stata sottoposta solamente a quello stimolo da piccola mia mamma è siciliana
11	BZ003	44.762	48.842	4.08	True	no	0	0	0	0	0	0	0	0	0	False	False	False	False	False	False	False	_	0	0	0	11	e: quindi molto spesso sentivo però parlare lei in in siciliano,	e: quindi molto spesso sentivo però parlare lei in in siciliano,	e quindi molto spesso sentivo però parlare lei in in siciliano
12	BZ003	49.677	53.107	3.43	True	no	0	0	0	0	0	0	0	0	0	False	False	False	False	False	False	False	_	0	0	0	10	e: le altre lingue le ho imparate invece a scuola,	e: le altre lingue le ho imparate invece a scuola,	e le altre lingue le ho imparate invece a scuola
13	BZ003	53.347	54.817	1.47	True	no	0	0	0	0	0	0	0	0	0	False	False	False	False	False	False	False	_	0	0	0	4	mh: a partire da:	mh: a partire da:	mh a partire da
14	BZ003	55.507	61.927	6.42	True	no	0	0	0	0	0	0	0	0	0	False	False	False	False	False	False	False	_	2	0	0	18	penso all'asilo già, (.) studiavo facevo qualcosa di tedesco mi pare, (.) inglese forse ma non ne sono sicura,	penso all'asilo già, (.) studiavo facevo qualcosa di tedesco mi pare, (.) inglese forse ma non ne sono sicura,	penso all' asilo già (.) studiavo facevo qualcosa di tedesco mi pare (.) inglese forse ma non ne sono sicura
15	BZ003	62.679	66.829	4.15	True	no	0	0	0	0	0	0	0	0	0	False	False	False	False	False	False	False	_	0	0	0	10	e: sicuramente poi alle elementari, col tedesco e: l'inglese,	e: sicuramente poi alle elementari, col tedesco e: l'inglese,	e sicuramente poi alle elementari col tedesco e l' inglese
16	BZ003	67.569	68.699	1.13	True	no	0	0	0	0	0	0	0	0	0	False	False	False	False	False	False	False	_	0	0	0	1	eh::m,	eh::m,	ehm
17	BZ003	68.969	75.749	6.78	True	no	0	0	0	0	0	0	0	0	0	False	False	False	False	False	False	False	_	2	1	0	19	alle elementari mi piaceva il tedesco, (.) devo dire, (.) e poi questo: questo amore ((ridendo)) nei confronti del tedesco è sparito,	alle elementari mi piaceva il tedesco, (.) devo dire, (.) e poi questo: questo amore ((ridendo)) nei confronti del tedesco è sparito,	alle elementari mi piaceva il tedesco (.) devo dire (.) e poi questo questo amore ((ridendo)) nei confronti del tedesco è sparito
18	BZ003	76.404	77.864	1.46	True	no	0	0	0	0	0	0	0	0	0	False	False	False	False	False	False	False	_	0	0	0	4	eh a partire da:,	eh a partire da:,	eh a partire da
19	BZ003	78.124	78.964	0.84	True	no	0	0	0	0	0	0	0	0	0	False	False	False	False	False	False	False	_	0	0	0	1	penso,	penso,	penso
20	BZ003	79.199	80.559	1.36	True	no	0	0	0	0	0	0	0	0	0	False	False	False	False	False	False	False	_	0	0	0	7	più o meno alle fine delle medie,	più o meno alle fine delle medie,	più o meno alle fine delle medie
21	BZ003	81.184	90.574	9.39	True	no	0	0	0	0	0	0	0	0	0	False	False	False	False	False	False	False	_	3	1	0	28	e: (.) mh quindi alle superiori già era una lingua che trovavo ostica, e non (.) e non mi piaceva neanche come suonava, non mi piaceva (.) nulla di questa lingua, ((ridendo))	e: (.) mh quindi alle superiori già era una lingua che trovavo ostica, e non (.) e non mi piaceva neanche come suonava, non mi piaceva (.) nulla di questa lingua, ((ridendo))	e (.) mh quindi alle superiori già era una lingua che trovavo ostica e non (.) e non mi piaceva neanche come suonava non mi piaceva (.) nulla di questa lingua ((ridendo))
22	BZ003	91.264	96.904	5.64	True	no	0	0	0	0	0	0	0	0	0	False	False	False	False	False	False	False	_	0	0	0	16	e:: mentre con l'inglese era diverso, a me è sempre piaciuto fin dalle: dalle elementari,	e:: mentre con l'inglese era diverso, a me è sempre piaciuto fin dalle: dalle elementari,	e mentre con l' inglese era diverso a me è sempre piaciuto fin dalle dalle elementari
23	BZ003	97.535	107.145	9.61	True	no	0	0	0	0	0	0	0	0	0	False	False	False	False	False	False	False	_	1	0	0	21	e:: e poi: soprattutto poi con le superiori, infatti sono: partita il quarto anno, (.) e ho fatto nove mesi in irlanda,	e:: e poi: soprattutto poi con le superiori, infatti sono: partita il quarto anno, (.) e ho fatto nove mesi in irlanda,	e e poi soprattutto poi con le superiori infatti sono partita il quarto anno (.) e ho fatto nove mesi in irlanda
24	BZ003	107.805	113.365	5.56	True	no	0	0	0	0	0	0	0	0	0	False	False	False	False	False	False	False	_	0	0	0	16	quindi diciamo che l'inglese lo sento più mio, ci sono molto più affezionata come lingua,	quindi diciamo che l'inglese lo sento più mio, ci sono molto più affezionata come lingua,	quindi diciamo che l' inglese lo sento più mio ci sono molto più affezionata come lingua
25	BZ003	113.925	114.995	1.07	True	no	0	0	0	0	0	0	0	0	0	False	False	False	False	False	False	False	_	0	0	0	1	eh::m	eh::m	ehm
26	BZ003	116.315	118.825	2.51	True	no	0	0	0	0	0	0	0	0	0	False	False	False	False	False	False	False	_	0	0	0	10	e lo so anche meglio penso di saperlo anche meglio.	e lo so anche meglio penso di saperlo anche meglio.	e lo so anche meglio penso di saperlo anche meglio
27	BZ003	119.325	125.405	6.08	True	no	0	0	0	0	0	0	0	0	0	False	False	False	False	False	False	False	_	1	0	0	17	poi lo studio >dell'inglese e del tedesco:, (.) l'ho portato avanti< anche: all'università ma non,	poi lo studio >dell'inglese e del tedesco:, (.) l'ho portato avanti< anche: all'università ma non,	poi lo studio dell' inglese e del tedesco (.) l' ho portato avanti anche all' università ma non
28	BZ003	125.94	132.08	6.14	True	no	0	0	0	0	0	0	0	0	0	False	False	False	False	False	False	False	_	0	0	0	20	diciamo che questo studio n::on è stato molto molto utile dal momento che comunque a quel livello c'ero già.	diciamo che questo studio n::on è stato molto molto utile dal momento che comunque a quel livello c'ero già.	diciamo che questo studio non è stato molto molto utile dal momento che comunque a quel livello c' ero già
29	BZ003	132.35	133.09	0.74	True	no	0	0	0	0	0	0	0	0	0	False	False	False	False	False	False	False	_	0	0	0	1	e::	e::	e
30	BZ003	133.875	136.245	2.37	True	no	0	0	0	0	0	0	0	0	0	False	False	False	False	False	False	False	_	0	0	0	5	e: e niente, quindi: questo.	e: e niente, quindi: questo.	e e niente quindi questo
31	BZ001	137.425	144.275	6.85	True	no	0	0	0	0	0	0	0	2	0	False	False	False	False	False	False	False	_	1	0	0	21	all'inizio dicevi, (.) che: tua mamma parlava in dialetto, >la sentivi parlare dialetto,< tu col dialetto siciliano che che rap[porto hai?]	all'inizio dicevi, (.) che: tua mamma parlava in dialetto, >la sentivi parlare dialetto<, tu col dialetto siciliano che che rap[porto hai]?	all' inizio dicevi (.) che tua mamma parlava in dialetto la sentivi parlare dialetto tu col dialetto siciliano che che rapporto hai
32	BZ003	143.535	145.335	1.8	True	no	0	0	0	0	0	0	0	0	0	False	False	False	False	False	False	False	_	0	0	0	3	[allora] io:: ehm	[allora] io:: ehm	allora io ehm
33	BZ003	145.59	146.77	1.18	True	no	0	0	0	0	0	0	0	0	0	False	False	False	False	False	False	False	_	0	0	0	2	capisco tutto,	capisco tutto,	capisco tutto
34	BZ003	146.965	153.455	6.49	True	no	0	0	0	0	0	0	0	1	0	False	False	False	False	False	False	False	_	0	0	0	23	o almeno quasi tutto, e fin da bambina capivo >quasi tutto< perché >sentivo spesso mia mamma parlare al telefono con le sue sorelle,<	o almeno quasi tutto, e fin da bambina capivo >quasi tutto< perché >sentivo spesso mia mamma parlare al telefono con le sue sorelle<,	o almeno quasi tutto e fin da bambina capivo quasi tutto perché sentivo spesso mia mamma parlare al telefono con le sue sorelle
35	BZ003	154.015	162.825	8.81	True	no	0	0	0	0	0	0	0	0	0	False	False	False	False	False	False	False	_	0	0	0	28	e oppure quando passavo tutta l'estate in sicilia quindi comunque mi parlavano i miei nonni, i miei zii, mh mh i miei amici: lì del del paesino,	e oppure quando passavo tutta l'estate in sicilia quindi comunque mi parlavano i miei nonni, i miei zii, mh mh i miei amici: lì del del paesino,	e oppure quando passavo tutta l' estate in sicilia quindi comunque mi parlavano i miei nonni i miei zii mh mh i miei amici lì del del paesino
36	BZ003	163.405	164.955	1.55	True	no	0	0	0	0	0	0	0	0	0	False	False	False	False	False	False	False	_	0	0	0	2	e: quindi:,	e: quindi:,	e quindi
37	BZ003	165.145	171.085	5.94	True	no	0	0	0	0	0	0	0	0	0	False	False	False	False	False	False	False	_	1	0	0	17	mh: (.) capire capivo tutto, però io non ho mai parlato: il dialetto. anche quando i miei amici,	mh: (.) capire capivo tutto, però io non ho mai parlato: il dialetto. anche quando i miei amici,	mh (.) capire capivo tutto però io non ho mai parlato il dialetto anche quando i miei amici
38	BZ003	171.51	176.86	5.35	True	no	0	0	0	0	0	0	0	0	0	False	False	False	False	False	False	False	_	0	0	0	14	parlavano in dialetto tra di loro io: continuavo a parlare in italiano perché non:,	parlavano in dialetto tra di loro io: continuavo a parlare in italiano perché non:,	parlavano in dialetto tra di loro io continuavo a parlare in italiano perché non
39	BZ003	177.14	181.34	4.2	True	no	0	0	0	0	0	0	0	0	0	False	False	False	False	False	False	False	_	0	0	0	13	non: non lo cioè n- non avevo quella padronanza da poterlo usare ecco.	non: non lo cioè n- non avevo quella padronanza da poterlo usare ecco.	non non lo cioè n- non avevo quella padronanza da poterlo usare ecco
40	BZ001	181.485	183.945	2.46	True	no	0	0	0	0	0	0	0	1	0	False	False	False	False	False	False	False	_	0	0	0	13	non c'hai mai provato? non ti è mai venuto da [da provarci?]	non c'hai mai provato? non ti è mai venuto da [da provarci]?	non c' hai mai provato non ti è mai venuto da da provarci
41	BZ003	183.18	187.04	3.86	True	no	0	0	0	0	0	0	0	0	0	False	False	False	False	False	False	False	_	0	0	0	16	[no non ci ho mai] provato, mio fratello sì, lui era più spigliato ma io no.	[no non ci ho mai] provato, mio fratello sì, lui era più spigliato ma io no.	no non ci ho mai provato mio fratello sì lui era più spigliato ma io no
42	BZ003	187.38	191.98	4.6	True	no	0	0	0	0	0	0	0	0	0	False	False	False	False	False	False	False	_	0	0	0	15	finché una lingua non mi sento sicura di: di riuscire a parlarla non la parlo.	finché una lingua non mi sento sicura di: di riuscire a parlarla non la parlo.	finché una lingua non mi sento sicura di di riuscire a parlarla non la parlo
43	BZ001	192.405	197.2	4.795	True	no	0	0	0	0	0	0	0	0	0	False	False	False	False	False	False	False	_	1	0	0	17	e cosa ti dicevano in sicilia del fatto che eri l- eh: (.) bolzanina quindi sapevi il tedesco,	e cosa ti dicevano in sicilia del fatto che eri l- eh: (.) bolzanina quindi sapevi il tedesco,	e cosa ti dicevano in sicilia del fatto che eri l- eh (.) bolzanina quindi sapevi il tedesco
44	BZ003	198.39	199.56	1.17	True	no	0	0	0	0	0	0	0	0	0	False	False	False	False	False	False	False	_	0	0	0	1	ehm::	ehm::	ehm
45	BZ003	200.38	204.22	3.84	True	no	0	0	0	0	0	0	0	0	0	False	False	False	False	False	False	False	_	0	0	0	10	ma di questo niente però eran sempre abbastanza straniti quando,	ma di questo niente però eran sempre abbastanza straniti quando,	ma di questo niente però eran sempre abbastanza straniti quando
46	BZ003	204.805	207.225	2.42	True	no	0	0	0	0	0	0	0	0	0	False	False	False	False	False	False	False	_	0	0	0	5	eh quando dicevo che abitavo:,	eh quando dicevo che abitavo:,	eh quando dicevo che abitavo
47	BZ003	207.61	212.96	5.35	True	no	0	0	0	0	0	0	0	0	0	False	False	False	False	False	False	False	_	0	0	0	17	mh a bolzano >non sapevano neanche dove fosse a volte< bolzano quindi faceva piuttosto ridere come cosa.	mh a bolzano >non sapevano neanche dove fosse a volte< bolzano quindi faceva piuttosto ridere come cosa.	mh a bolzano non sapevano neanche dove fosse a volte bolzano quindi faceva piuttosto ridere come cosa
48	BZ001	213.98	220.56	6.58	True	no	0	0	0	0	0	0	0	0	0	False	False	False	False	False	False	False	_	1	0	0	21	e invece come mai tra le (.) medie diciamo e le superiori dicevi che c'è stato un cambiamento rispetto al tedesco?	e invece come mai tra le (.) medie diciamo e le superiori dicevi che c'è stato un cambiamento rispetto al tedesco?	e invece come mai tra le (.) medie diciamo e le superiori dicevi che c' è stato un cambiamento rispetto al tedesco
49	BZ003	221.215	228.295	7.08	True	no	0	0	0	0	0	0	0	0	0	False	False	False	False	False	False	False	_	2	0	0	16	perché o- (.) non lo so. (.) mh probabilmente:, notavo che oltre a quel livello non riuscivo a:,	perché o- (.) non lo so. (.) mh probabilmente:, notavo che oltre a quel livello non riuscivo a:,	perché o- (.) non lo so (.) mh probabilmente notavo che oltre a quel livello non riuscivo a
50	BZ003	228.835	231.765	2.93	True	no	0	0	0	0	0	0	0	0	0	False	False	False	False	False	False	False	_	0	0	0	11	ad arrivare. ma ti parlo poi dalla seconda superiore in poi	ad arrivare. ma ti parlo poi dalla seconda superiore in poi	ad arrivare ma ti parlo poi dalla seconda superiore in poi
51	BZ003	232.345	233.185	0.84	True	no	0	0	0	0	0	0	0	0	0	False	False	False	False	False	False	False	_	0	0	0	1	eh::m	eh::m	ehm
52	BZ003	233.58	235.27	1.69	True	no	0	0	0	0	0	0	0	0	0	False	False	False	False	False	False	False	_	0	0	0	3	mh quindi non:,	mh quindi non:,	mh quindi non
53	BZ003	235.55	237.23	1.68	True	no	0	0	0	0	0	0	0	0	0	False	False	False	False	False	False	False	_	0	0	0	4	non riuscivo più a:,	non riuscivo più a:,	non riuscivo più a
54	BZ003	237.835	244.695	6.86	True	no	0	0	0	0	0	0	0	0	0	False	False	False	False	False	False	False	_	0	0	0	23	probabilmente a vedere un miglioramento in me stessa, nella nella lingua, e quindi ho cominciato a no- a no:n a non apprezzarla più.	probabilmente a vedere un miglioramento in me stessa, nella nella lingua, e quindi ho cominciato a no- a no:n a non apprezzarla più.	probabilmente a vedere un miglioramento in me stessa nella nella lingua e quindi ho cominciato a no- a non a non apprezzarla più
55	BZ001	245.585	249.995	4.41	True	no	0	0	0	0	0	0	0	0	0	False	False	False	False	False	False	False	_	0	0	0	18	e non ti sei mai trovata in contesti in cui usavi il tedesco al di fuori da scuola?	e non ti sei mai trovata in contesti in cui usavi il tedesco al di fuori da scuola?	e non ti sei mai trovata in contesti in cui usavi il tedesco al di fuori da scuola
56	BZ003	251.175	254.285	3.11	True	no	0	0	0	0	0	0	0	0	0	False	False	False	False	False	False	False	_	1	0	0	3	eh::: (.) penso::: mai.	eh::: (.) penso::: mai.	eh (.) penso mai
57	BZ003	254.72	255.18	0.46	True	no	0	0	0	0	0	0	0	0	0	False	False	False	False	False	False	False	_	0	0	0	1	[solam-]	[solam-]	solam-
58	BZ001	254.735	255.635	0.9	True	no	0	0	0	0	0	0	0	0	0	False	False	False	False	False	False	False	_	0	0	0	3	[al lavoro] neanche?	[al lavoro] neanche?	al lavoro neanche
59	BZ003	256.98	261.43	4.45	True	no	0	0	0	0	0	0	0	0	0	False	False	False	False	False	False	False	_	1	0	0	10	mh:: (.) sì al lavoro, eh al quando ho lavorato in,	mh:: (.) sì al lavoro, eh al quando ho lavorato in,	mh (.) sì al lavoro eh al quando ho lavorato in
60	BZ003	261.65	263.2	1.55	True	no	0	0	0	0	0	0	0	0	0	False	False	False	False	False	False	False	_	0	0	0	4	in negozio, un anno,	in negozio, un anno,	in negozio un anno
61	BZ003	263.885	270.305	6.42	True	no	0	0	0	0	0	0	0	0	0	False	False	False	False	False	False	False	_	0	0	0	18	però era un tedesco molto basilare, quindi mh: non si trattava di un, di un tedesco per cui	però era un tedesco molto basilare, quindi mh: non si trattava di un, di un tedesco per cui	però era un tedesco molto basilare quindi mh non si trattava di un di un tedesco per cui
62	BZ003	270.51	270.89	0.38	True	no	0	0	0	0	0	0	0	0	0	False	False	False	False	False	False	False	_	0	0	0	1	mh	mh	mh
63	BZ003	271.465	273.475	2.01	True	no	0	0	0	0	0	0	0	0	0	False	False	False	False	False	False	False	_	0	0	0	5	pian piano impari a parlarlo.	pian piano impari a parlarlo.	pian piano impari a parlarlo
64	BZ003	274.095	278.375	4.28	True	no	0	0	0	0	0	0	0	0	0	False	False	False	False	False	False	False	_	0	0	0	11	eh: era bastava sapere quattro cose da da dire quindi non:,	eh: era bastava sapere quattro cose da da dire quindi non:,	eh era bastava sapere quattro cose da da dire quindi non
65	BZ003	278.9	281.17	2.27	True	no	0	0	0	0	0	0	0	0	0	False	False	False	False	False	False	False	_	0	0	0	7	non è sicuramente migliorato il mio tedesco.	non è sicuramente migliorato il mio tedesco.	non è sicuramente migliorato il mio tedesco
66	BZ003	281.83	283.28	1.45	True	no	0	0	0	0	0	0	0	0	0	False	False	False	False	False	False	False	_	0	0	0	1	eh::m	eh::m	ehm
67	BZ003	283.88	288.8	4.92	True	no	0	0	0	0	0	0	0	0	0	False	False	False	False	False	False	False	_	0	0	0	13	anche quand'ero in irlanda forse, c'era un ragazzo: tedesco, germanico lui,	anche quand'ero in irlanda forse, c'era un ragazzo: tedesco, germanico lui,	anche quand' ero in irlanda forse c' era un ragazzo tedesco germanico lui
68	BZ003	289.21	291.36	2.15	True	no	0	0	0	0	0	0	0	0	0	False	False	False	False	False	False	False	_	0	0	0	3	e: ogni tanto::	e: ogni tanto::	e ogni tanto
69	BZ003	291.63	296.82	5.19	True	no	0	0	0	0	0	0	0	0	0	False	False	False	False	False	False	False	_	0	0	0	16	mh dicevamo due due frasi però poi >prevalentemente parlavamo in inglese anche tra di noi< perché,	mh dicevamo due due frasi però poi >prevalentemente parlavamo in inglese anche tra di noi< perché,	mh dicevamo due due frasi però poi prevalentemente parlavamo in inglese anche tra di noi perché
70	BZ003	297.26	301.11	3.85	True	no	0	0	0	0	0	0	0	0	0	False	False	False	False	False	False	False	_	0	0	0	9	eh preferivo io mi sentivo comunque: più fluida quindi,	eh preferivo io mi sentivo comunque: più fluida quindi,	eh preferivo io mi sentivo comunque più fluida quindi
71	BZ003	301.4	302.6	1.2	True	no	0	0	0	0	0	0	0	1	0	False	False	False	False	False	False	False	_	0	0	0	6	>parlavo in inglese anche con lui.<	>parlavo in inglese anche con lui<.	parlavo in inglese anche con lui
72	BZ001	303.225	309.525	6.3	True	no	0	0	0	0	0	0	0	0	0	False	False	False	False	False	False	False	_	1	0	0	26	e invece riguardo al viaggio in irlanda, (.) se hai voglia di raccontare un po' di più insomma com'è stato, perché hai deciso di andare lì,	e invece riguardo al viaggio in irlanda, (.) se hai voglia di raccontare un po' di più insomma com'è stato, perché hai deciso di andare lì,	e invece riguardo al viaggio in irlanda (.) se hai voglia di raccontare un po' di più insomma com' è stato perché hai deciso di andare lì
73	BZ001	309.703	310.923	1.22	True	no	0	0	0	0	0	0	0	1	0	False	False	False	False	False	False	False	_	1	0	0	6	mh (.) che cosa [ti ha lasciato,]	mh (.) che cosa [ti ha lasciato],	mh (.) che cosa ti ha lasciato
74	BZ003	310.628	316.388	5.76	True	no	0	0	0	0	0	0	0	1	0	False	False	False	False	False	False	False	_	0	0	0	13	[allora.] ho deciso di andare lì, perché volevo migliorare sicuramente il mio inglese,	[allora]. ho deciso di andare lì, perché volevo migliorare sicuramente il mio inglese,	allora ho deciso di andare lì perché volevo migliorare sicuramente il mio inglese
75	BZ003	317.117	322.597	5.48	True	no	0	0	0	0	0	0	0	0	0	False	False	False	False	False	False	False	_	1	0	0	13	e:: ho scelto l'irlanda perché mio cugino al tempo viveva, (.) in irlanda,	e:: ho scelto l'irlanda perché mio cugino al tempo viveva, (.) in irlanda,	e ho scelto l' irlanda perché mio cugino al tempo viveva (.) in irlanda
76	BZ003	323.112	331.152	8.04	True	no	0	0	0	0	0	0	0	0	0	False	False	False	False	False	False	False	_	0	0	0	17	e: e quindi era più facile partire anche senza dover: quindi chiedere a mh: intercultura, o comunque,	e: e quindi era più facile partire anche senza dover: quindi chiedere a mh: intercultura, o comunque,	e e quindi era più facile partire anche senza dover quindi chiedere a mh intercultura o comunque
77	BZ003	331.692	333.462	1.77	True	no	0	0	0	0	0	0	0	0	0	False	False	False	False	False	False	False	_	0	0	0	6	eh queste non so come s-	eh queste non so come s-	eh queste non so come s-
78	BZ003	333.732	335.122	1.39	True	no	0	0	0	0	0	0	0	0	0	False	False	False	False	False	False	False	_	0	0	0	3	mh compagnie? boh.	mh compagnie? boh.	mh compagnie boh
79	BZ003	335.632	340.912	5.28	True	no	0	0	0	0	0	0	0	0	0	False	False	False	False	False	False	False	_	0	0	0	15	eh::m e quindi mi ha cercato lui tramite amici di amici una famiglia e una,	eh::m e quindi mi ha cercato lui tramite amici di amici una famiglia e una,	ehm e quindi mi ha cercato lui tramite amici di amici una famiglia e una
80	BZ003	341.582	344.142	2.56	True	no	0	0	0	0	0	0	0	0	0	False	False	False	False	False	False	False	_	0	0	0	9	una casa. >eh sì una casa< un- una scuola,	una casa. >eh sì una casa< un- una scuola,	una casa eh sì una casa un- una scuola
81	BZ003	344.797	355.677	10.88	True	no	0	0	0	0	0	0	0	0	0	False	False	False	False	False	False	False	_	0	0	0	30	eh:: e niente, quindi eh: mh mi ha trovato questa: famiglia di: mh con la mamma, la figlia e il figlio anche se il figlio era quasi inesistente a casa,	eh:: e niente, quindi eh: mh mi ha trovato questa: famiglia di: mh con la mamma, la figlia e il figlio anche se il figlio era quasi inesistente a casa,	eh e niente quindi eh mh mi ha trovato questa famiglia di mh con la mamma la figlia e il figlio anche se il figlio era quasi inesistente a casa
82	BZ003	356.512	358.472	1.96	True	no	0	0	0	0	0	0	0	0	0	False	False	False	False	False	False	False	_	0	0	0	4	e: e: un cane,	e: e: un cane,	e e un cane
83	BZ003	358.832	364.81	5.978	True	no	0	0	0	0	0	0	0	0	0	False	False	False	False	False	False	False	_	1	0	0	20	anche, (.) che poi poverino è morto, e quindi: hanno preso un altro cucciolo che era un po' più un terremoto,	anche, (.) che poi poverino è morto, e quindi: hanno preso un altro cucciolo che era un po' più un terremoto,	anche (.) che poi poverino è morto e quindi hanno preso un altro cucciolo che era un po' più un terremoto
84	BZ003	365.586	366.386	0.8	True	no	0	0	0	0	0	0	0	0	0	False	False	False	False	False	False	False	_	0	0	0	1	e:	e:	e
85	BZ003	367.251	369.001	1.75	True	no	0	0	0	0	0	0	0	0	0	False	False	False	False	False	False	False	_	0	0	0	5	e niente poi a scuola:,	e niente poi a scuola:,	e niente poi a scuola
86	BZ003	369.761	373.131	3.37	True	no	0	0	0	0	0	0	0	0	0	False	False	False	False	False	False	False	_	0	0	0	5	ho conosciuto:, era prevalentemente: mh	ho conosciuto:, era prevalentemente: mh	ho conosciuto era prevalentemente mh
87	BZ003	373.411	378.271	4.86	True	no	0	0	0	0	0	0	0	0	0	False	False	False	False	False	False	False	_	1	0	0	11	comunque: irlandes- c'erano poche pochi italiani, (.) mh due: due persone,	comunque: irlandes- c'erano poche pochi italiani, (.) mh due: due persone,	comunque irlandes- c' erano poche pochi italiani (.) mh due due persone
88	BZ003	378.631	384.241	5.61	True	no	0	0	0	0	0	0	0	1	0	False	False	False	False	False	False	False	_	0	0	0	17	una ragazza di roma e: un un ragazzo che neanche a farlo apposta era, era di bol[zano,]	una ragazza di roma e: un un ragazzo che neanche a farlo apposta era, era di bol[zano],	una ragazza di roma e un un ragazzo che neanche a farlo apposta era era di bolzano
89	BZ001	383.541	384.261	0.72	True	no	0	0	0	0	0	0	0	0	0	False	False	False	False	False	False	False	_	0	1	0	0	[((ride))]	[((ride))]	((ride))
90	BZ003	384.496	388.726	4.23	True	no	0	0	0	0	0	0	0	0	0	False	False	False	False	False	False	False	_	0	0	0	15	eh com'è piccolo il mondo, ehm era: era lì già da un anno lui,	eh com'è piccolo il mondo, ehm era: era lì già da un anno lui,	eh com' è piccolo il mondo ehm era era lì già da un anno lui
91	BZ003	389.596	396.426	6.83	True	no	0	0	0	0	0	0	0	0	0	False	False	False	False	False	False	False	_	0	0	0	18	e:: per il resto c'erano invece molti spagnoli che erano partiti: come me per imparare l'inglese,	e:: per il resto c'erano invece molti spagnoli che erano partiti: come me per imparare l'inglese,	e per il resto c' erano invece molti spagnoli che erano partiti come me per imparare l' inglese
92	BZ003	396.926	406.226	9.3	True	no	0	0	0	0	0	0	0	0	0	False	False	False	False	False	False	False	_	0	0	0	32	però:: col fatto che loro erano in gruppo in quella scuola, si sentiva che non erano migliorati più di tanto perché stando in gruppo tra di loro parlavano sempre spagnolo e quindi,	però:: col fatto che loro erano in gruppo in quella scuola, si sentiva che non erano migliorati più di tanto perché stando in gruppo tra di loro parlavano sempre spagnolo e quindi,	però col fatto che loro erano in gruppo in quella scuola si sentiva che non erano migliorati più di tanto perché stando in gruppo tra di loro parlavano sempre spagnolo e quindi
93	BZ003	406.946	409.126	2.18	True	no	0	0	0	0	0	0	0	0	0	False	False	False	False	False	False	False	_	0	0	0	7	eh:m non è stata un'ottima cosa.	eh:m non è stata un'ottima cosa.	ehm non è stata un' ottima cosa
94	BZ003	409.816	417.566	7.75	True	no	0	0	0	0	0	0	0	0	0	False	False	False	False	False	False	False	_	0	0	0	23	e: quindi comunque io ho sempre avuto modo di parlare: inglese perché mh: mh la maggior parte delle persone comunque non eran italiane,	e: quindi comunque io ho sempre avuto modo di parlare: inglese perché mh: mh la maggior parte delle persone comunque non eran italiane,	e quindi comunque io ho sempre avuto modo di parlare inglese perché mh mh la maggior parte delle persone comunque non eran italiane
95	BZ003	418.236	421.526	3.29	True	no	0	0	0	0	0	0	0	0	0	False	False	False	False	False	False	False	_	0	0	0	9	e quindi è stata comunque un'ottima esperienza per,	e quindi è stata comunque un'ottima esperienza per,	e quindi è stata comunque un' ottima esperienza per
96	BZ003	422.376	424.446	2.07	True	no	0	0	0	0	0	0	0	0	0	False	False	False	False	False	False	False	_	0	0	0	5	per migliorarsi. inoltr- sì inoltre.	per migliorarsi. inoltr- sì inoltre.	per migliorarsi inoltr- sì inoltre
97	BZ003	424.926	426.416	1.49	True	no	0	0	0	0	0	0	0	0	0	False	False	False	False	False	False	False	_	0	2	0	2	((ride)) poi ho, ((ridendo))	((ride)) poi ho, ((ridendo))	((ride)) poi ho ((ridendo))
98	BZ003	427.156	428.566	1.41	True	no	0	0	0	0	0	0	0	0	0	False	False	False	False	False	False	False	_	0	0	0	1	eh::m	eh::m	ehm
99	BZ003	429.836	430.666	0.83	True	no	0	0	0	0	0	0	0	0	0	False	False	False	False	False	False	False	_	0	0	0	1	ehm::	ehm::	ehm
100	BZ003	431.296	438.006	6.71	True	no	0	0	0	0	0	0	0	0	0	False	False	False	False	False	False	False	_	1	0	0	14	sì ho fatto amicizia con:: un sacco di persone >di diversa< nazionalità: (.) filippini, serb-,	sì ho fatto amicizia con:: un sacco di persone >di diversa< nazionalità: (.) filippini, serb-,	sì ho fatto amicizia con un sacco di persone di diversa nazionalità (.) filippini serb-
101	BZ003	438.556	439.746	1.19	True	no	0	0	0	0	0	0	0	0	0	False	False	False	False	False	False	False	_	0	0	0	1	eh::m	eh::m	ehm
102	BZ003	440.646	441.586	0.94	True	no	0	0	0	0	0	0	0	0	0	False	False	False	False	False	False	False	_	0	0	0	2	mh=mh:	mh=mh:	mh mh
103	BZ003	441.941	442.871	0.93	True	no	0	0	0	0	0	0	0	0	0	False	False	False	False	False	False	False	_	0	0	0	1	rumeni,	rumeni,	rumeni
104	BZ003	443.271	444.041	0.77	True	no	0	0	0	0	0	0	0	0	0	False	False	False	False	False	False	False	_	0	0	0	1	mh::	mh::	mh
105	BZ003	444.821	446.511	1.69	True	no	0	0	0	0	0	0	0	0	0	False	False	False	False	False	False	False	_	1	0	0	2	irlandesi, (.) e:	irlandesi, (.) e:	irlandesi (.) e
106	BZ003	447.341	448.861	1.52	True	no	0	0	0	0	0	0	0	0	0	False	False	False	False	False	False	False	_	0	0	0	6	sì mi pare che questo fossero	sì mi pare che questo fossero	sì mi pare che questo fossero
107	BZ003	449.721	452.241	2.52	True	no	0	0	0	0	0	0	0	1	0	False	False	False	False	False	False	False	_	1	0	0	9	le nazionalità: >che c'erano di più.< (.) a scuola,	le nazionalità: >che c'erano di più<. (.) a scuola,	le nazionalità che c' erano di più (.) a scuola
108	BZ001	453.121	454.441	1.32	True	no	0	0	0	0	0	0	0	0	0	False	False	False	False	False	False	False	_	0	0	0	7	e l'inglese d'irlanda com'è?	e l'inglese d'irlanda com'è?	e l' inglese d' irlanda com' è
109	BZ003	454.796	461.856	7.06	True	no	0	0	0	0	0	0	0	0	0	False	False	False	False	False	False	False	_	0	0	0	21	l'inglese d'irlanda è:: piuttosto strano all'inizio, però poi mi sono abituata e di fatto adesso è quello che,	l'inglese d'irlanda è:: piuttosto strano all'inizio, però poi mi sono abituata e di fatto adesso è quello che,	l' inglese d' irlanda è piuttosto strano all' inizio però poi mi sono abituata e di fatto adesso è quello che
110	BZ003	462.616	465.716	3.1	True	no	0	0	0	0	0	0	0	0	0	False	False	False	False	False	False	False	_	1	0	0	8	conos- che (.) mh: sì che sento più familiare,	conos- che (.) mh: sì che sento più familiare,	conos- che (.) mh sì che sento più familiare
111	BZ003	466.201	474.351	8.15	True	no	0	0	0	0	0	0	0	0	0	False	False	False	False	False	False	False	_	0	0	0	24	è tutto molto molto stretto quindi molte parole si pronunciano proprio come come si leggono e questa cosa è abbastanza strana perché in inglese	è tutto molto molto stretto quindi molte parole si pronunciano proprio come come si leggono e questa cosa è abbastanza strana perché in inglese	è tutto molto molto stretto quindi molte parole si pronunciano proprio come come si leggono e questa cosa è abbastanza strana perché in inglese
112	BZ003	474.861	480.191	5.33	True	no	0	0	0	0	0	0	0	0	0	False	False	False	False	False	False	False	_	0	0	0	12	quasi mai succede questo quindi: mh mi sembrava quasi strano leggere come,	quasi mai succede questo quindi: mh mi sembrava quasi strano leggere come,	quasi mai succede questo quindi mh mi sembrava quasi strano leggere come
113	BZ003	480.941	481.601	0.66	True	no	0	0	0	0	0	0	0	0	0	False	False	False	False	False	False	False	_	0	0	0	1	eh:m	eh:m	ehm
114	BZ003	481.846	482.386	0.54	True	no	0	0	0	0	0	0	0	0	0	False	False	False	False	False	False	False	_	0	0	0	2	cioè sì	cioè sì	cioè sì
115	BZ003	482.831	484.531	1.7	True	no	0	0	0	0	0	0	0	0	0	False	False	False	False	False	False	False	_	0	0	0	6	leggere come era scritto la parola.	leggere come era scritto la parola.	leggere come era scritto la parola
116	BZ003	485.591	486.531	0.94	True	no	0	0	0	0	0	0	0	0	0	False	False	False	False	False	False	False	_	0	0	0	1	e::	e::	e
117	BZ003	488.776	489.006	0.23	True	no	0	0	0	0	0	0	0	0	0	False	False	False	False	False	False	False	_	0	0	0	1	sì.	sì.	sì
118	BZ003	489.266	491.716	2.45	True	no	0	0	0	0	0	0	0	0	0	False	False	False	False	False	False	False	_	0	0	0	4	e:: comunque erano facevano	e:: comunque erano facevano	e comunque erano facevano
119	BZ003	491.986	493.946	1.96	True	no	0	0	0	0	0	0	0	0	0	False	False	False	False	False	False	False	_	0	0	0	7	ridere loro quando parlavano tra di loro,	ridere loro quando parlavano tra di loro,	ridere loro quando parlavano tra di loro
120	BZ003	494.306	497.046	2.74	True	no	0	0	0	0	0	0	0	0	0	False	False	False	False	False	False	False	_	0	0	0	9	e poi c'è l'irlandese anche il gaelico,	e poi c'è l'irlandese anche il gaelico,	e poi c' è l' irlandese anche il gaelico
121	BZ003	497.621	503.68	6.059	True	no	4	0	0	0	0	0	0	0	0	False	False	False	False	False	False	False	_	1	1	1, .	12	eh:m che è completamente diverso anche dalla dall'irlandese diciamo inglese. (.) .h ((ridendo))	eh:m che è completamente diverso anche dalla dall'irlandese diciamo inglese. (.) . h ((ridendo))	ehm che è completamente diverso anche dalla dall' irlandese diciamo inglese (.) . h ((ridendo))
122	BZ003	504.785	505.835	1.05	True	no	0	0	0	0	0	0	0	0	0	False	False	False	False	False	False	False	_	0	0	0	1	e::	e::	e
123	BZ003	506.195	508.965	2.77	True	no	0	0	0	0	0	0	0	0	0	False	False	False	False	False	False	False	_	0	0	0	8	e quello non l'ho:: proprio imparato perché,	e quello non l'ho:: proprio imparato perché,	e quello non l' ho proprio imparato perché
124	BZ003	509.505	513.4	3.895	True	no	0	0	0	0	0	0	0	0	0	False	False	False	False	False	False	False	_	1	0	0	11	a scuola c'era una, mh (.) una lezione di: di gaelico,	a scuola c'era una, mh (.) una lezione di: di gaelico,	a scuola c' era una mh (.) una lezione di di gaelico
125	BZ003	513.817	521.757	7.94	True	no	0	0	0	0	0	0	0	0	0	False	False	False	False	False	False	False	_	0	0	0	21	però gli studenti internazionali:: mh agli studenti internazionali non lo facevano fare. facevano fare un'altra lezione perché era inutile comunque,	però gli studenti internazionali:: mh agli studenti internazionali non lo facevano fare. facevano fare un'altra lezione perché era inutile comunque,	però gli studenti internazionali mh agli studenti internazionali non lo facevano fare facevano fare un' altra lezione perché era inutile comunque
126	BZ003	522.297	530.647	8.35	True	no	0	0	0	0	0	0	0	0	0	False	False	False	False	False	False	False	_	0	0	0	27	farlo per un anno, loro hanno già un livello più alto, e non avrebbe avuto quindi senso perché è proprio una lingua a parte e molto difficile.	farlo per un anno, loro hanno già un livello più alto, e non avrebbe avuto quindi senso perché è proprio una lingua a parte e molto difficile.	farlo per un anno loro hanno già un livello più alto e non avrebbe avuto quindi senso perché è proprio una lingua a parte e molto difficile
127	BZ001	531.197	533.087	1.89	True	no	0	0	0	0	0	0	0	1	0	False	False	False	False	False	False	False	_	1	0	0	5	è molto diverso? (.) dal[l'inglese,]	è molto diverso? (.) dal[l'inglese],	è molto diverso (.) dall' inglese
128	BZ003	532.557	533.067	0.51	True	no	0	0	0	0	0	0	0	1	0	False	False	False	False	False	False	False	_	0	0	0	1	[sì.]	[sì].	sì
129	BZ003	533.287	534.787	1.5	True	no	0	0	0	0	0	0	0	0	0	False	False	False	False	False	False	False	_	0	0	0	2	ad esempio::	ad esempio::	ad esempio
130	BZ003	535.642	536.442	0.8	True	no	0	0	0	0	0	0	0	0	0	False	False	False	False	False	False	False	_	0	0	0	1	eh:m	eh:m	ehm
131	BZ003	537.597	540.687	3.09	True	no	0	0	0	0	0	0	0	0	0	False	False	False	False	False	False	False	_	1	0	0	6	eva, il nome, (.) eh che dici	eva, il nome, (.) eh che dici	eva il nome (.) eh che dici
132	BZ003	540.927	543.697	2.77	True	no	0	0	0	0	0	0	0	0	0	False	False	False	False	False	False	False	_	1	0	0	5	eva, (.) >normalmente< era scritto aoife.	eva, (.) >normalmente< era scritto aoife.	eva (.) normalmente era scritto aoife
133	BZ001	544.157	544.307	0.15	True	no	0	0	0	0	0	0	0	0	0	False	False	False	False	False	False	False	_	0	0	0	1	mh.	mh.	mh
134	BZ003	544.537	545.487	0.95	True	no	0	0	0	0	0	0	0	0	0	False	False	False	False	False	False	False	_	0	0	0	1	o::	o::	o
135	BZ003	546.487	554.527	8.04	True	no	0	0	0	0	0	0	0	0	0	False	False	False	False	False	False	False	_	1	0	0	26	eh adesso non mi ricordo dublino com'era, (.) però era >completamente diverso< era un'al- una parola >che proprio non c'entrava niente< con dublino con,	eh adesso non mi ricordo dublino com'era, (.) però era >completamente diverso< era un'al- una parola >che proprio non c'entrava niente< con dublino con,	eh adesso non mi ricordo dublino com' era (.) però era completamente diverso era un' al- una parola che proprio non c' entrava niente con dublino con
136	BZ001	554.877	556.617	1.74	True	no	0	0	0	0	0	0	0	1	0	False	False	False	False	False	False	False	_	0	0	0	6	sia nella scrittura che nel[la pronuncia.]	sia nella scrittura che nel[la pronuncia].	sia nella scrittura che nella pronuncia
137	BZ003	556.132	556.612	0.48	True	no	0	0	0	0	0	0	0	1	0	False	False	False	False	False	False	False	_	0	0	0	1	[sì.]	[sì].	sì
138	BZ003	556.717	556.937	0.22	True	no	0	0	0	0	0	0	0	0	0	False	False	False	False	False	False	False	_	0	0	0	1	sì.	sì.	sì
139	BZ001	557.912	560.172	2.26	True	no	0	0	0	0	0	0	0	0	0	False	False	False	False	False	False	False	_	0	0	0	8	e invece rispetto all'inglese d'irlanda che,	e invece rispetto all'inglese d'irlanda che,	e invece rispetto all' inglese d' irlanda che
140	BZ001	560.477	569.797	9.32	True	no	0	0	0	0	0	0	0	0	0	False	False	False	False	False	False	False	_	1	0	0	31	comunque >appunto dicevi< ha eh è particolare, com'è stato all'inizio quando tu sei arrivata? (.) avevi già avuto a che fare prima con l'irlandese, o comunque sapevi cosa aspettarti?	comunque >appunto dicevi< ha eh è particolare, com'è stato all'inizio quando tu sei arrivata? (.) avevi già avuto a che fare prima con l'irlandese, o comunque sapevi cosa aspettarti?	comunque appunto dicevi ha eh è particolare com' è stato all' inizio quando tu sei arrivata (.) avevi già avuto a che fare prima con l' irlandese o comunque sapevi cosa aspettarti
141	BZ001	570.252	572.392	2.14	True	no	0	0	0	0	0	0	0	0	0	False	False	False	False	False	False	False	_	0	0	0	6	oppure è stata una sorpresa diciamo?	oppure è stata una sorpresa diciamo?	oppure è stata una sorpresa diciamo
142	BZ003	573.167	582.457	9.29	True	no	0	0	0	0	0	0	0	0	0	False	False	False	False	False	False	False	_	0	0	0	27	e:: diciamo che è stata più una sorpresa. perché: non ero abituata comunque a quella parlata anche a scuola, quando ti fan fare gli esercizi, listening, eccetera,	e:: diciamo che è stata più una sorpresa. perché: non ero abituata comunque a quella parlata anche a scuola, quando ti fan fare gli esercizi, listening, eccetera,	e diciamo che è stata più una sorpresa perché non ero abituata comunque a quella parlata anche a scuola quando ti fan fare gli esercizi listening eccetera
143	BZ003	582.727	584.537	1.81	True	no	0	0	0	0	0	0	0	0	0	False	False	False	False	False	False	False	_	0	0	0	3	son sempre: british.	son sempre: british.	son sempre british
144	BZ003	584.787	587.377	2.59	True	no	0	0	0	0	0	0	0	0	0	False	False	False	False	False	False	False	_	0	0	0	5	quindi: è un:a parlata diversa.	quindi: è un:a parlata diversa.	quindi è una parlata diversa
145	BZ003	587.947	592.287	4.34	True	no	0	0	0	0	0	0	0	0	0	False	False	False	False	False	False	False	_	0	0	0	10	però per fortuna comunque la mia housemum non era così:,	però per fortuna comunque la mia housemum non era così:,	però per fortuna comunque la mia housemum non era così
146	BZ003	592.757	594.507	1.75	True	no	0	0	0	0	0	0	0	0	0	False	False	False	False	False	False	False	_	0	0	0	3	incomprensibile come alcuni.	incomprensibile come alcuni.	incomprensibile come alcuni
147	BZ003	594.781	597.961	3.18	True	no	0	0	0	0	0	0	0	0	0	False	False	False	False	False	False	False	_	0	0	0	8	eh alcuni parlano in maniera molto stretta quindi,	eh alcuni parlano in maniera molto stretta quindi,	eh alcuni parlano in maniera molto stretta quindi
148	BZ003	598.456	601.546	3.09	True	no	0	0	0	0	0	0	0	0	0	False	False	False	False	False	False	False	_	0	0	0	7	>era difficile capirli< però lei parlava: mh	>era difficile capirli< però lei parlava: mh	era difficile capirli però lei parlava mh
149	BZ003	601.766	602.766	1.0	True	no	0	0	0	0	0	0	0	0	0	False	False	False	False	False	False	False	_	0	0	0	3	in modo chiaro	in modo chiaro	in modo chiaro
150	BZ003	603.011	605.091	2.08	True	no	0	0	0	0	0	0	0	0	0	False	False	False	False	False	False	False	_	0	0	0	6	che: capi- capivo fin dall'inizio.	che: capi- capivo fin dall'inizio.	che capi- capivo fin dall' inizio
151	BZ003	605.901	608.941	3.04	True	no	0	0	0	0	0	0	0	0	0	False	False	False	False	False	False	False	_	0	0	0	8	e: quindi non ho avuto parecchi problemi almeno.	e: quindi non ho avuto parecchi problemi almeno.	e quindi non ho avuto parecchi problemi almeno
152	BZ003	609.326	610.856	1.53	True	no	0	0	0	0	0	0	0	0	0	False	False	False	False	False	False	False	_	0	0	0	7	mh con la maggior parte delle persone.	mh con la maggior parte delle persone.	mh con la maggior parte delle persone
153	BZ003	611.106	614.056	2.95	True	no	0	0	0	0	0	0	0	0	0	False	False	False	False	False	False	False	_	0	0	0	8	e neanche a scuola capivo: bene tutti quindi	e neanche a scuola capivo: bene tutti quindi	e neanche a scuola capivo bene tutti quindi
154	BZ003	614.866	617.106	2.24	True	no	0	0	0	0	0	0	0	0	0	False	False	False	False	False	False	False	_	0	0	0	7	non c'è stato un grande: ostacolo,	non c'è stato un grande: ostacolo,	non c' è stato un grande ostacolo
155	BZ001	617.631	622.511	4.88	True	no	0	0	0	0	0	0	0	0	0	False	False	False	False	False	False	False	_	0	0	0	20	e ti sei preoccupata all'inizio però quando l'hai trovato così diverso diciamo eh rispetto all'inglese che conoscevi?	e ti sei preoccupata all'inizio però quando l'hai trovato così diverso diciamo eh rispetto all'inglese che conoscevi?	e ti sei preoccupata all' inizio però quando l' hai trovato così diverso diciamo eh rispetto all' inglese che conoscevi
156	BZ003	623.556	625.066	1.51	True	no	0	0	0	0	0	0	0	0	0	False	False	False	False	False	False	False	_	0	0	0	5	mah devo dire:, di no.	mah devo dire:, di no.	mah devo dire di no
157	BZ003	625.896	626.636	0.74	True	no	0	0	0	0	0	0	0	0	0	False	False	False	False	False	False	False	_	0	0	0	1	mh:	mh:	mh
158	BZ003	627.621	630.021	2.4	True	no	0	0	0	0	0	0	0	0	0	False	False	False	False	False	False	False	_	0	0	0	7	no non non mi sono preoccupata sinceramente.	no non non mi sono preoccupata sinceramente.	no non non mi sono preoccupata sinceramente
159	BZ001	631.386	633.486	2.1	True	no	0	0	0	0	0	0	0	0	0	False	False	False	False	False	False	False	_	0	0	0	9	e in germania invece non ci sei mai stata?	e in germania invece non ci sei mai stata?	e in germania invece non ci sei mai stata
160	BZ003	633.951	637.221	3.27	True	no	0	0	0	0	0	0	0	0	0	False	False	False	False	False	False	False	_	0	0	0	10	mai stata in germania. son stata solo in in austria,	mai stata in germania. son stata solo in in austria,	mai stata in germania son stata solo in in austria
161	BZ003	638.031	644.651	6.62	True	no	0	0	0	0	0	0	0	0	0	False	False	False	False	False	False	False	_	1	1	0	21	e però in germania non ho proprio, messo piede. ((ridendo)) non ho: non son stata da nessuna parte in germania. (.) mi piacerebbe.	e però in germania non ho proprio, messo piede. ((ridendo)) non ho: non son stata da nessuna parte in germania. (.) mi piacerebbe.	e però in germania non ho proprio messo piede ((ridendo)) non ho non son stata da nessuna parte in germania (.) mi piacerebbe
162	BZ003	645.301	646.961	1.66	True	no	0	0	0	0	0	0	0	0	0	False	False	False	False	False	False	False	_	1	0	0	4	però: (.) per adesso no.	però: (.) per adesso no.	però (.) per adesso no
163	BZ003	647.266	648.106	0.84	True	no	0	0	0	0	0	0	0	0	0	False	False	False	False	False	False	False	_	0	0	0	3	chissà in futuro.	chissà in futuro.	chissà in futuro
164	BZ001	648.231	652.181	3.95	True	no	0	0	0	0	0	0	0	1	0	False	False	False	False	False	False	False	_	0	0	0	14	ti piacerebbe per la lingua, o perché sei curiosa anche de- del paese [diciamo?]	ti piacerebbe per la lingua, o perché sei curiosa anche de- del paese [diciamo]?	ti piacerebbe per la lingua o perché sei curiosa anche de- del paese diciamo
165	BZ003	651.611	652.201	0.59	True	no	0	0	0	0	0	0	0	1	0	False	False	False	False	False	False	False	_	0	0	0	1	[allora,]	[allora],	allora
166	BZ003	653.341	654.831	1.49	True	no	0	0	0	0	0	0	0	0	0	False	False	False	False	False	False	False	_	0	0	0	4	sono curiosa del paese,	sono curiosa del paese,	sono curiosa del paese
167	BZ003	655.381	656.711	1.33	True	no	0	0	0	0	0	0	0	0	0	False	False	False	False	False	False	False	_	0	0	0	4	e anche della lingua.	e anche della lingua.	e anche della lingua
168	BZ003	657.411	665.281	7.87	True	no	0	0	0	0	0	0	0	0	0	False	False	False	False	False	False	False	_	2	0	0	21	nel senso che magari uscendo da questo contesto incomincio ad apprezzare, (.) meglio il tedesco. non non lo so. (.) magari essendo immersa,	nel senso che magari uscendo da questo contesto incomincio ad apprezzare, (.) meglio il tedesco. non non lo so. (.) magari essendo immersa,	nel senso che magari uscendo da questo contesto incomincio ad apprezzare (.) meglio il tedesco non non lo so (.) magari essendo immersa
169	BZ003	665.641	669.371	3.73	True	no	0	0	0	0	0	0	0	0	0	False	False	False	False	False	False	False	_	0	0	0	14	in un contesto dove sono costretta a parlarlo, l'ita- eh s- il tedesco,	in un contesto dove sono costretta a parlarlo, l'ita- eh s- il tedesco,	in un contesto dove sono costretta a parlarlo l' ita- eh s- il tedesco
170	BZ003	669.811	673.371	3.56	True	no	0	0	0	0	0	0	0	0	0	False	False	False	False	False	False	False	_	1	0	0	8	magari incomincierei a: essere, (.) mh più fluida e,	magari incomincierei a: essere, (.) mh più fluida e,	magari incomincierei a essere (.) mh più fluida e
171	BZ003	673.636	678.296	4.66	True	no	0	0	0	0	0	0	0	0	0	False	False	False	False	False	False	False	_	1	0	0	11	mh eccetera, e quindi: magari riuscirei anche ad apprezzarlo: meglio. (.) poi.	mh eccetera, e quindi: magari riuscirei anche ad apprezzarlo: meglio. (.) poi.	mh eccetera e quindi magari riuscirei anche ad apprezzarlo meglio (.) poi
172	BZ003	679.461	681.631	2.17	True	no	0	0	0	0	0	0	0	0	0	False	False	False	False	False	False	False	_	0	0	0	10	quindi sicuramente un po' per tutte e due le cose.	quindi sicuramente un po' per tutte e due le cose.	quindi sicuramente un po' per tutte e due le cose
173	BZ001	682.811	692.551	9.74	True	no	0	0	0	0	0	0	0	0	0	False	False	False	False	False	False	False	_	1	0	0	25	e una volta tornata dall'irlanda, hai continuato a (.) diciamo esercitare l'inglese, magari guardando dei film, o ascoltando canzoni, o in- o leggendo libri?	e una volta tornata dall'irlanda, hai continuato a (.) diciamo esercitare l'inglese, magari guardando dei film, o ascoltando canzoni, o in- o leggendo libri?	e una volta tornata dall' irlanda hai continuato a (.) diciamo esercitare l' inglese magari guardando dei film o ascoltando canzoni o in- o leggendo libri
174	BZ003	693.376	701.246	7.87	True	no	0	0	0	0	0	0	0	0	0	False	False	False	False	False	False	False	_	0	0	0	17	allora, sicuramente vabbe la musica sì eh perché: mh molta della musica che sentiamo sempre è inglese.	allora, sicuramente vabbè la musica sì eh perché: mh molta della musica che sentiamo sempre è inglese.	allora sicuramente vabbè la musica sì eh perché mh molta della musica che sentiamo sempre è inglese
175	BZ003	701.986	705.336	3.35	True	no	0	0	0	0	0	0	0	0	0	False	False	False	False	False	False	False	_	0	0	0	9	eh i film, ogni tanto sì, ogni tanto no,	eh i film, ogni tanto sì, ogni tanto no,	eh i film ogni tanto sì ogni tanto no
176	BZ003	705.536	709.306	3.77	True	no	0	0	0	0	0	0	0	0	0	False	False	False	False	False	False	False	_	0	0	0	14	dipende dal- dalle volte, quando ne ho voglia o quando non ne ho voglia,	dipende dal- dalle volte, quando ne ho voglia o quando non ne ho voglia,	dipende dal- dalle volte quando ne ho voglia o quando non ne ho voglia
177	BZ003	709.936	711.856	1.92	True	no	0	0	0	0	0	0	0	0	0	False	False	False	False	False	False	False	_	0	0	0	6	e:: l'altra cosa cos'era.	e:: l'altra cosa cos'era.	e l' altra cosa cos' era
178	BZ003	712.361	713.291	0.93	True	no	0	0	0	0	0	0	0	0	0	False	False	False	False	False	False	False	_	0	0	0	1	mh::	mh::	mh
179	BZ003	713.701	716.501	2.8	True	no	0	0	0	0	0	0	0	1	0	False	False	False	False	False	False	False	_	0	0	0	6	film [musica libri,] eh libri: mh	film [musica libri], eh libri: mh	film musica libri eh libri mh
180	BZ001	713.906	714.656	0.75	True	no	0	0	0	0	0	0	0	1	0	False	False	False	False	False	False	False	_	0	0	0	2	[e libri,]	[e libri],	e libri
181	BZ003	717.126	718.556	1.43	True	no	0	0	0	0	0	0	0	0	0	False	False	False	False	False	False	False	_	0	0	0	4	mi è capitato raramente.	mi è capitato raramente.	mi è capitato raramente
182	BZ003	719.256	719.99	0.734	True	no	0	0	0	0	0	0	0	0	0	False	False	False	False	False	False	False	_	0	0	0	1	eh:m.	eh:m.	ehm
183	BZ003	720.466	722.826	2.36	True	no	0	0	0	0	0	0	0	0	0	False	False	False	False	False	False	False	_	0	0	0	3	però comunque ho:	però comunque ho:	però comunque ho
184	BZ003	723.246	731.086	7.84	True	no	0	0	0	0	0	0	0	0	0	False	False	False	False	False	False	False	_	0	0	0	21	ogni tanto sento un mio amico ancora, quindi ogni tanto facciamo qualche chiamata, videochiamata e quindi mi tengo un po' allenata.	ogni tanto sento un mio amico ancora, quindi ogni tanto facciamo qualche chiamata, videochiamata e quindi mi tengo un po' allenata.	ogni tanto sento un mio amico ancora quindi ogni tanto facciamo qualche chiamata videochiamata e quindi mi tengo un po' allenata
185	BZ003	731.691	737.921	6.23	True	no	0	0	0	0	0	0	0	0	0	False	False	False	False	False	False	False	_	0	0	0	16	per il resto purtroppo però non, non ho questo contatto così diretto sempre con la lingua,	per il resto purtroppo però non, non ho questo contatto così diretto sempre con la lingua,	per il resto purtroppo però non non ho questo contatto così diretto sempre con la lingua
186	BZ003	738.401	741.541	3.14	True	no	0	0	0	0	0	0	0	0	0	False	False	False	False	False	False	False	_	0	0	0	7	a parte appunto lì film o canzoni,	a parte appunto lì film o canzoni,	a parte appunto lì film o canzoni
187	BZ003	742.266	749.656	7.39	True	no	0	0	0	0	0	0	0	0	0	False	False	False	False	False	False	False	_	0	0	0	24	e questa cosa un po': mi dispiace. però comunque rispetto al tedesco è molto più facile entrare in contatto con la lingua e sicuramente,	e questa cosa un po': mi dispiace. però comunque rispetto al tedesco è molto più facile entrare in contatto con la lingua e sicuramente,	e questa cosa un po' mi dispiace però comunque rispetto al tedesco è molto più facile entrare in contatto con la lingua e sicuramente
188	BZ003	750.236	756.476	6.24	True	no	0	0	0	0	0	0	0	0	0	False	False	False	False	False	False	False	_	0	0	0	22	eh anche se ormai sono passati diversi anni >da quando son stata in irlanda< non mi sento di: di averla: perso ecco.	eh anche se ormai sono passati diversi anni >da quando son stata in irlanda< non mi sento di: di averla: perso ecco.	eh anche se ormai sono passati diversi anni da quando son stata in irlanda non mi sento di di averla perso ecco
189	BZ001	758.491	761.471	2.98	True	no	0	0	0	0	0	0	0	0	0	False	False	False	False	False	False	False	_	1	0	0	7	>e quindi diciamo< (.) eh anche se magari,	>e quindi diciamo< (.) eh anche se magari,	e quindi diciamo (.) eh anche se magari
190	BZ001	762.146	763.206	1.06	True	no	0	0	0	0	0	0	0	0	0	False	False	False	False	False	False	False	_	0	0	0	1	eh::m	eh::m	ehm
191	BZ001	764.831	771.931	7.1	True	no	0	0	0	0	0	0	0	0	0	False	False	False	False	False	False	False	_	0	0	0	29	diciamo vivi in un contesto in cui sei a contatto col tedesco comunque in realtà ti capita di più di avere interazioni in inglese no? da quello che dici.	diciamo vivi in un contesto in cui sei a contatto col tedesco comunque in realtà ti capita di più di avere interazioni in inglese no? da quello che dici.	diciamo vivi in un contesto in cui sei a contatto col tedesco comunque in realtà ti capita di più di avere interazioni in inglese no da quello che dici
192	BZ003	772.796	773.626	0.83	True	no	0	0	0	0	0	0	0	0	0	False	False	False	False	False	False	False	_	0	0	0	2	sì sì.	sì sì.	sì sì
193	BZ003	774.046	778.686	4.64	True	no	0	0	0	0	0	0	0	0	0	False	False	False	False	False	False	False	_	0	0	0	11	ma attrave- perché eh sul c- col computer video:, su youtube,	ma attrave- perché eh sul c- col computer video:, su youtube,	ma attrave- perché eh sul c- col computer video su youtube
194	BZ003	779.131	784.331	5.2	True	no	0	0	0	0	0	0	0	0	0	False	False	False	False	False	False	False	_	0	0	0	12	eh: film su netl- eh netflix eccetera:, comunque è molto più facile,	eh: film su netl- eh netflix eccetera:, comunque è molto più facile,	eh film su netl- eh netflix eccetera comunque è molto più facile
195	BZ003	784.887	792.277	7.39	True	no	0	0	0	0	0	0	0	0	0	False	False	False	False	False	False	False	_	1	0	0	23	che i film, canzoni, video, sian di persone che li fanno in inglese che non, (.) in tedesco o in altre in altre lingue.	che i film, canzoni, video, sian di persone che li fanno in inglese che non, (.) in tedesco o in altre in altre lingue.	che i film canzoni video sian di persone che li fanno in inglese che non (.) in tedesco o in altre in altre lingue
196	BZ003	793.027	799.997	6.97	True	no	0	0	0	0	0	0	0	0	0	False	False	False	False	False	False	False	_	0	0	0	19	e: quindi, magari non direttamente, quindi con persone avere che par- eh a che fare o parlare in inglese,	e: quindi, magari non direttamente, quindi con persone avere che par- eh a che fare o parlare in inglese,	e quindi magari non direttamente quindi con persone avere che par- eh a che fare o parlare in inglese
197	BZ003	800.837	807.857	7.02	True	no	0	0	0	0	0	0	0	1	0	False	False	False	False	False	False	False	_	0	0	0	20	mh >quello sare- sicuramente sarebbe più facile in tedesco,< però: mh di fatto però m- mi sento di dire che,	mh >quello sare- sicuramente sarebbe più facile in tedesco<, però: mh di fatto però m- mi sento di dire che,	mh quello sare- sicuramente sarebbe più facile in tedesco però mh di fatto però m- mi sento di dire che
198	BZ003	808.452	810.832	2.38	True	no	0	0	0	0	0	0	0	0	0	False	False	False	False	False	False	False	_	0	0	0	11	mh ho più contatti con l'inglese che con il tedesco.	mh ho più contatti con l'inglese che con il tedesco.	mh ho più contatti con l' inglese che con il tedesco
199	BZ001	811.537	812.017	0.48	True	no	0	0	0	0	0	0	0	0	0	False	False	False	False	False	False	False	_	0	0	0	2	mh=mh.	mh=mh.	mh mh
200	BZ001	812.312	812.812	0.5	True	no	0	0	0	0	0	0	0	0	0	False	False	False	False	False	False	False	_	0	0	0	1	ehm	ehm	ehm
201	BZ001	813.047	818.967	5.92	True	no	0	0	0	0	0	0	0	0	0	False	False	False	False	False	False	False	_	0	0	0	20	ancora all'inizio della della chiacchierata dicevi che ti era capitato anche se era basico di parlare tedesco al lavoro,	ancora all'inizio della della chiacchierata dicevi che ti era capitato anche se era basico di parlare tedesco al lavoro,	ancora all' inizio della della chiacchierata dicevi che ti era capitato anche se era basico di parlare tedesco al lavoro
202	BZ001	819.335	821.505	2.17	True	no	0	0	0	0	0	0	0	0	0	False	False	False	False	False	False	False	_	0	0	0	6	e lì era hochdeutsch, oppure dialetto?	e lì era hochdeutsch, oppure dialetto?	e lì era hochdeutsch oppure dialetto
203	BZ003	823.075	824.325	1.25	True	no	0	0	0	0	0	0	0	0	0	False	False	False	False	False	False	False	_	0	0	0	6	io il dialetto non lo so	io il dialetto non lo so	io il dialetto non lo so
204	BZ003	824.665	831.165	6.5	True	no	0	0	0	0	0	0	0	1	0	False	False	False	False	False	False	False	_	0	0	0	20	quindi: io parlavo >anche se mi parlavano in dialetto,< col tedesco che ho imparato a scuola perché il dialetto proprio,	quindi: io parlavo >anche se mi parlavano in dialetto<, col tedesco che ho imparato a scuola perché il dialetto proprio,	quindi io parlavo anche se mi parlavano in dialetto col tedesco che ho imparato a scuola perché il dialetto proprio
205	BZ003	831.471	834.481	3.01	True	no	0	0	0	0	0	0	0	0	0	False	False	False	False	False	False	False	_	0	0	0	4	capisco, a: mh qualcosa,	capisco, a: mh qualcosa,	capisco a mh qualcosa
206	BZ003	835.011	836.651	1.64	True	no	0	0	0	0	0	0	0	0	0	False	False	False	False	False	False	False	_	0	0	0	7	se uno mi parla più o meno,	se uno mi parla più o meno,	se uno mi parla più o meno
207	BZ003	836.906	838.006	1.1	True	no	0	0	0	0	0	0	0	0	0	False	False	False	False	False	False	False	_	0	0	0	2	mh capisco,	mh capisco,	mh capisco
208	BZ003	838.296	842.606	4.31	True	no	0	0	0	0	0	0	0	0	0	False	False	False	False	False	False	False	_	0	0	0	15	a meno che non sia un dialetto: delle valli dove mi trovo veramente in difficoltà,	a meno che non sia un dialetto: delle valli dove mi trovo veramente in difficoltà,	a meno che non sia un dialetto delle valli dove mi trovo veramente in difficoltà
209	BZ003	843.216	847.406	4.19	True	no	0	0	0	0	0	0	0	0	0	False	False	False	False	False	False	False	_	0	1	0	13	e quindi vabbe parlavo con col tedesco che imparavo ((ride)) ho imparato a scuola.	e quindi vabbè parlavo con col tedesco che imparavo ((ride)) ho imparato a scuola.	e quindi vabbè parlavo con col tedesco che imparavo ((ride)) ho imparato a scuola
210	BZ003	847.946	849.496	1.55	True	no	0	0	0	0	0	0	0	0	0	False	False	False	False	False	False	False	_	0	0	0	1	e::hm	e::hm	ehm
211	BZ003	850.366	850.906	0.54	True	no	0	0	0	0	0	0	0	0	0	False	False	False	False	False	False	False	_	0	0	0	1	sì.	sì.	sì
212	BZ003	851.211	853.481	2.27	True	no	0	0	0	0	0	0	0	0	0	False	False	False	False	False	False	False	_	0	0	0	3	invece ad esempio::	invece ad esempio::	invece ad esempio
213	BZ003	853.931	859.541	5.61	True	no	0	0	0	0	0	0	0	0	0	False	False	False	False	False	False	False	_	0	0	0	16	andando a lavorare: mh un'estate ho lavorato a silandro ho insegnato inglese a dei bambini,	andando a lavorare: mh un'estate ho lavorato a silandro ho insegnato inglese a dei bambini,	andando a lavorare mh un' estate ho lavorato a silandro ho insegnato inglese a dei bambini
214	BZ003	860.141	870.931	10.79	True	no	0	0	0	0	0	0	0	0	0	False	False	False	False	False	False	False	_	1	0	0	33	e: e la mattina c'era sempre la bidella del- della scuola, (.) e lei parlava solamente dialetto tedesco eh di silandro adesso io non so come sia in relazione a quello di bolzano,	e: e la mattina c'era sempre la bidella del- della scuola, (.) e lei parlava solamente dialetto tedesco eh di silandro adesso io non so come sia in relazione a quello di bolzano,	e e la mattina c' era sempre la bidella del- della scuola (.) e lei parlava solamente dialetto tedesco eh di silandro adesso io non so come sia in relazione a quello di bolzano
215	BZ003	871.681	883.201	11.52	True	no	0	0	0	0	0	0	0	0	0	False	False	False	False	False	False	False	_	1	0	0	34	eh fatto sta che quando mi parlava io non capivo proprio nulla. lei capiva a stento l'italiano e quindi comunicavamo un po' così, un po' a gesti perché non (.) era difficile farsi capire.	eh fatto sta che quando mi parlava io non capivo proprio nulla. lei capiva a stento l'italiano e quindi comunicavamo un po' così, un po' a gesti perché non (.) era difficile farsi capire.	eh fatto sta che quando mi parlava io non capivo proprio nulla lei capiva a stento l' italiano e quindi comunicavamo un po' così un po' a gesti perché non (.) era difficile farsi capire
216	BZ003	883.676	886.006	2.33	True	no	0	0	0	0	0	0	0	0	0	False	False	False	False	False	False	False	_	0	0	0	7	e uguale mi è successo a laces.	e uguale mi è successo a laces.	e uguale mi è successo a laces
217	BZ003	886.586	888.236	1.65	True	no	0	0	0	0	0	0	0	0	0	False	False	False	False	False	False	False	_	0	0	0	7	eh più o meno la stessa cosa.	eh più o meno la stessa cosa.	eh più o meno la stessa cosa
218	BZ003	889.206	891.86	2.654	True	no	0	0	0	0	0	0	0	0	0	False	False	False	False	False	False	False	_	1	0	0	4	e:: quindi: sì. (.) mh:	e:: quindi: sì. (.) mh:	e quindi sì (.) mh
219	BZ003	892.096	895.766	3.67	True	no	0	0	0	0	0	0	0	0	0	False	False	False	False	False	False	False	_	0	0	0	11	però i- ad esempio quand'ero in in, lavoravo nel negozio,	però i- ad esempio quand'ero in in, lavoravo nel negozio,	però i- ad esempio quand' ero in in lavoravo nel negozio
220	BZ003	896.106	898.806	2.7	True	no	0	0	0	0	0	0	0	0	0	False	False	False	False	False	False	False	_	1	0	0	3	venivano sia: (.) tedeschi,	venivano sia: (.) tedeschi,	venivano sia (.) tedeschi
221	BZ003	899.081	901.401	2.32	True	no	0	0	0	0	0	0	0	0	0	False	False	False	False	False	False	False	_	1	0	0	3	germanici, che (.) ehm	germanici, che (.) ehm	germanici che (.) ehm
222	BZ003	902.016	904.476	2.46	True	no	0	0	0	0	0	0	0	0	0	False	False	False	False	False	False	False	_	0	0	0	6	altoatesini quindi: che parlavano in dialetto.	altoatesini quindi: che parlavano in dialetto.	altoatesini quindi che parlavano in dialetto
223	BZ003	905.351	910.12	4.769	True	no	0	0	0	0	0	0	0	0	0	False	False	False	False	False	False	False	_	1	1	0	14	però io in ogni caso (.) rispondevo sempre col tedesco c- che so io ecco. ((ridendo))	però io in ogni caso (.) rispondevo sempre col tedesco c- che so io ecco. ((ridendo))	però io in ogni caso (.) rispondevo sempre col tedesco c- che so io ecco ((ridendo))
224	BZ001	910.94	920.0	9.06	True	no	0	0	0	0	0	0	0	0	0	False	False	False	False	False	False	False	_	0	0	0	28	e c'è qualcosa che credi che eh ti potrebbe in qualche modo >magari< avvicinare anche ai dialetti o magari anche che avrebbe potuto avvicinarti durante l'infanzia,	e c'è qualcosa che credi che eh ti potrebbe in qualche modo >magari< avvicinare anche ai dialetti o magari anche che avrebbe potuto avvicinarti durante l'infanzia,	e c' è qualcosa che credi che eh ti potrebbe in qualche modo magari avvicinare anche ai dialetti o magari anche che avrebbe potuto avvicinarti durante l' infanzia
225	BZ003	921.005	930.875	9.87	True	no	0	0	0	0	0	0	0	0	0	False	False	False	False	False	False	False	_	0	0	0	29	sicuramente eh se ci fosse stata la: la possibilità di eh fare le scuole anche elementari magari ah sarebbe stata già un'ottima cosa perché fin da piccola magari,	sicuramente eh se ci fosse stata la: la possibilità di eh fare le scuole anche elementari magari ah sarebbe stata già un'ottima cosa perché fin da piccola magari,	sicuramente eh se ci fosse stata la la possibilità di eh fare le scuole anche elementari magari ah sarebbe stata già un' ottima cosa perché fin da piccola magari
226	BZ003	931.235	939.095	7.86	True	no	0	0	0	0	0	0	0	0	0	False	False	False	False	False	False	False	_	0	0	0	19	vieni esposta a due lingue ehm contemporaneamente, e quello può essere utile >soprattutto< a sei anni:, cinque anni così.	vieni esposta a due lingue ehm contemporaneamente, e quello può essere utile >soprattutto< a sei anni:, cinque anni così.	vieni esposta a due lingue ehm contemporaneamente e quello può essere utile soprattutto a sei anni cinque anni così
227	BZ003	940.01	944.11	4.1	True	no	0	0	0	0	0	0	0	0	0	False	False	False	False	False	False	False	_	0	0	0	8	e: per il resto:, magari degli amici mh	e: per il resto:, magari degli amici mh	e per il resto magari degli amici mh
228	BZ003	944.985	948.585	3.6	True	no	0	0	0	0	0	0	0	0	0	False	False	False	False	False	False	False	_	1	0	0	7	mh avere delle compagnie di amici (.) mh:	mh avere delle compagnie di amici (.) mh:	mh avere delle compagnie di amici (.) mh
229	BZ003	948.97	955.61	6.64	True	no	0	0	0	0	0	0	0	0	0	False	False	False	False	False	False	False	_	0	0	0	21	di madrelingua tedesca, sicuramente, però questo non è successo >perché ho fatto sempre le scuole italiane< quindi le cerchie di amici	di madrelingua tedesca, sicuramente, però questo non è successo >perché ho fatto sempre le scuole italiane< quindi le cerchie di amici	di madrelingua tedesca sicuramente però questo non è successo perché ho fatto sempre le scuole italiane quindi le cerchie di amici
230	BZ003	956.325	960.045	3.72	True	no	0	0	0	0	0	0	0	0	0	False	False	False	False	False	False	False	_	0	0	0	9	eh che: mh che mi son fatta eran sempre:,	eh che: mh che mi son fatta eran sempre:,	eh che mh che mi son fatta eran sempre
231	BZ003	960.47	967.91	7.44	True	no	0	0	0	0	0	0	0	0	0	False	False	False	False	False	False	False	_	0	0	0	16	italiane cioè parlavano solamente italiano la maggior parte, a parte una: una mia amica che lei:	italiane cioè parlavano solamente italiano la maggior parte, a parte una: una mia amica che lei:	italiane cioè parlavano solamente italiano la maggior parte a parte una una mia amica che lei
232	BZ003	968.435	970.445	2.01	True	no	0	0	0	0	0	0	0	0	0	False	False	False	False	False	False	False	_	0	0	0	9	cioè una delle mie più care amiche dell'infanzia,	cioè una delle mie più care amiche dell'infanzia,	cioè una delle mie più care amiche dell' infanzia
233	BZ003	970.985	974.955	3.97	True	no	0	0	0	0	0	0	0	0	0	False	False	False	False	False	False	False	_	0	0	0	12	lei aveva la mamma tedesca, eh del- di val- della val sarentino,	lei aveva la mamma tedesca, eh del- di val- della val sarentino,	lei aveva la mamma tedesca eh del- di val- della val sarentino
234	BZ003	975.395	976.605	1.21	True	no	0	0	0	0	0	0	0	0	0	False	False	False	False	False	False	False	_	0	0	0	3	eh: della val?	eh: della val?	eh della val
235	BZ003	976.985	978.235	1.25	True	no	0	0	0	0	0	0	0	1	0	False	False	False	False	False	False	False	_	0	0	0	3	eh: [di sarentino,]	eh: [di sarentino],	eh di sarentino
236	BZ001	977.225	978.255	1.03	True	no	0	0	0	0	0	0	0	0	0	False	False	False	False	False	False	False	_	0	1	0	1	[((ride)) vabbe]	[((ride)) vabbe]	((ride)) vabbe
237	BZ003	978.445	978.905	0.46	True	no	0	0	0	0	0	0	0	0	0	False	False	False	False	False	False	False	_	0	0	0	1	boh	boh	boh
238	BZ003	979.39	980.63	1.24	True	no	0	0	0	0	0	0	0	0	0	False	False	False	False	False	False	False	_	0	0	0	3	e: di sarentino,	e: di sarentino,	e di sarentino
239	BZ003	980.915	984.935	4.02	True	no	0	0	0	0	0	0	0	0	0	False	False	False	False	False	False	False	_	0	0	0	11	e: e quindi le sentivo spesso parlare in tedesco. ogni tanto:,	e: e quindi le sentivo spesso parlare in tedesco. ogni tanto:,	e e quindi le sentivo spesso parlare in tedesco ogni tanto
240	BZ003	985.65	992.25	6.6	True	no	0	0	0	0	0	0	0	0	0	False	False	False	False	False	False	False	_	0	0	0	23	volevo parla- provare a parlare anch'io però era più forte di me anche perché questa mia amica lei preferiva parlare in italiano,	volevo parla- provare a parlare anch'io però era più forte di me anche perché questa mia amica lei preferiva parlare in italiano,	volevo parla- provare a parlare anch' io però era più forte di me anche perché questa mia amica lei preferiva parlare in italiano
241	BZ003	992.665	998.525	5.86	True	no	0	0	0	0	0	0	0	0	0	False	False	False	False	False	False	False	_	1	0	0	17	e quindi: alla fine parlavamo sempre in italiano. (.) a volte parlava in italiano anche con sua mamma,	e quindi: alla fine parlavamo sempre in italiano. (.) a volte parlava in italiano anche con sua mamma,	e quindi alla fine parlavamo sempre in italiano (.) a volte parlava in italiano anche con sua mamma
242	BZ003	999.092	1003.202	4.11	True	no	0	0	0	0	0	0	0	0	0	False	False	False	False	False	False	False	_	1	0	0	9	nonostante la mamma mh (.) mh fosse di madrelingua tedesca,	nonostante la mamma mh (.) mh fosse di madrelingua tedesca,	nonostante la mamma mh (.) mh fosse di madrelingua tedesca
243	BZ003	1003.912	1009.122	5.21	True	no	0	0	0	0	0	0	0	0	0	False	False	False	False	False	False	False	_	0	0	0	17	proprio perché lei: piaceva di più l'italiano tanto che poi ha fatto tutte le scuole: italiane.	proprio perché lei: piaceva di più l'italiano tanto che poi ha fatto tutte le scuole: italiane.	proprio perché lei piaceva di più l' italiano tanto che poi ha fatto tutte le scuole italiane
244	BZ001	1010.732	1018.362	7.63	True	no	0	0	0	0	0	0	0	0	0	False	False	False	False	False	False	False	_	1	0	0	29	e quindi comunque secondo te da q- da quello che dicevi mh fare una scuola in cui si parla una lingua diversa dalla elle uno è (.) è un'opportunità?	e quindi comunque secondo te da q- da quello che dicevi mh fare una scuola in cui si parla una lingua diversa dalla elle uno è (.) è un'opportunità?	e quindi comunque secondo te da q- da quello che dicevi mh fare una scuola in cui si parla una lingua diversa dalla elle uno è (.) è un' opportunità
245	BZ003	1019.432	1025.062	5.63	True	no	0	0	0	0	0	0	0	0	0	False	False	False	False	False	False	False	_	0	0	0	18	sì sicuramente sì. ovvio che se cominci già alle elementari in una scuola di una delle due lingue,	sì sicuramente sì. ovvio che se cominci già alle elementari in una scuola di una delle due lingue,	sì sicuramente sì ovvio che se cominci già alle elementari in una scuola di una delle due lingue
246	BZ003	1025.342	1032.192	6.85	True	no	0	0	0	0	0	0	0	0	0	False	False	False	False	False	False	False	_	1	0	0	18	tendi poi a voler continuare, (.) mh: verso quella lingua, perché lì ci sono anche le amicizie che magari,	tendi poi a voler continuare, (.) mh: verso quella lingua, perché lì ci sono anche le amicizie che magari,	tendi poi a voler continuare (.) mh verso quella lingua perché lì ci sono anche le amicizie che magari
247	BZ003	1032.552	1035.612	3.06	True	no	0	0	0	0	0	0	0	0	0	False	False	False	False	False	False	False	_	0	0	0	10	vanno in quella determinata scuola quindi è più difficile dopo	vanno in quella determinata scuola quindi è più difficile dopo	vanno in quella determinata scuola quindi è più difficile dopo
248	BZ003	1035.947	1036.617	0.67	True	no	0	0	0	0	0	0	0	0	0	False	False	False	False	False	False	False	_	0	0	0	1	cambiare.	cambiare.	cambiare
249	BZ003	1037.467	1038.337	0.87	True	no	0	0	0	0	0	0	0	0	0	False	False	False	False	False	False	False	_	0	0	0	2	se invece,	se invece,	se invece
250	BZ003	1038.617	1041.287	2.67	True	no	0	0	0	0	0	0	0	0	0	False	False	False	False	False	False	False	_	0	0	0	7	mh si comincia già magari alle elementari,	mh si comincia già magari alle elementari,	mh si comincia già magari alle elementari
251	BZ003	1041.897	1044.377	2.48	True	no	0	0	0	0	0	0	0	0	0	False	False	False	False	False	False	False	_	0	0	0	7	mh dato che magari non hai tante:,	mh dato che magari non hai tante:,	mh dato che magari non hai tante
252	BZ003	1044.772	1045.912	1.14	True	no	0	0	0	0	0	0	0	0	0	False	False	False	False	False	False	False	_	0	0	0	2	amicizie prima,	amicizie prima,	amicizie prima
253	BZ003	1046.647	1053.127	6.48	True	no	0	0	0	0	0	0	0	0	0	False	False	False	False	False	False	False	_	1	0	0	15	o comunque le amicizie non sono così solide come magari poi:: (.) già alle medie o:,	o comunque le amicizie non sono così solide come magari poi:: (.) già alle medie o:,	o comunque le amicizie non sono così solide come magari poi (.) già alle medie o
254	BZ003	1054.082	1057.512	3.43	True	no	0	0	0	0	0	0	0	0	0	False	False	False	False	False	False	False	_	0	0	0	11	o >se devi iniziare le superiori< cosa che diventa molto difficile	o >se devi iniziare le superiori< cosa che diventa molto difficile	o se devi iniziare le superiori cosa che diventa molto difficile
255	BZ003	1057.882	1060.592	2.71	True	no	0	0	0	0	0	0	0	0	0	False	False	False	False	False	False	False	_	0	0	0	5	quindi sì sicuramente fare le,	quindi sì sicuramente fare le,	quindi sì sicuramente fare le
256	BZ003	1060.842	1062.142	1.3	True	no	0	0	0	0	0	0	0	0	0	False	False	False	False	False	False	False	_	0	0	0	3	fare le scuole:,	fare le scuole:,	fare le scuole
257	BZ003	1062.722	1066.872	4.15	True	no	0	0	0	0	0	0	0	0	0	False	False	False	False	False	False	False	_	1	0	0	12	iniziare (.) le scuole nell'altra lingua può essere un modo per avvicinarsi.	iniziare (.) le scuole nell'altra lingua può essere un modo per avvicinarsi.	iniziare (.) le scuole nell' altra lingua può essere un modo per avvicinarsi
258	BZ001	1067.312	1070.062	2.75	True	no	0	0	0	0	0	0	0	0	0	False	False	False	False	False	False	False	_	0	0	0	10	e invece altre lingue, diverse dal tedesco e dall'inglese?	e invece altre lingue, diverse dal tedesco e dall'inglese?	e invece altre lingue diverse dal tedesco e dall' inglese
259	BZ003	1070.292	1073.452	3.16	True	no	0	0	0	0	0	0	0	0	0	False	False	False	False	False	False	False	_	0	0	0	4	allora, ho: studiato mh:	allora, ho: studiato mh:	allora ho studiato mh
260	BZ003	1073.667	1075.337	1.67	True	no	0	0	0	0	0	0	0	0	0	False	False	False	False	False	False	False	_	0	0	0	3	francese e spagnolo,	francese e spagnolo,	francese e spagnolo
261	BZ003	1075.647	1076.497	0.85	True	no	0	0	0	0	0	0	0	0	0	False	False	False	False	False	False	False	_	0	0	0	2	alle superiori,	alle superiori,	alle superiori
262	BZ003	1077.297	1079.477	2.18	True	no	0	0	0	0	0	0	0	0	0	False	False	False	False	False	False	False	_	0	0	0	3	eh il francese::,	eh il francese::,	eh il francese
263	BZ003	1079.747	1082.057	2.31	True	no	0	0	0	0	0	0	0	0	0	False	False	False	False	False	False	False	_	0	0	0	4	sì mi piace, però:	sì mi piace, però:	sì mi piace però
264	BZ003	1082.617	1085.577	2.96	True	no	0	0	0	0	0	0	0	0	0	False	False	False	False	False	False	False	_	0	0	0	7	eh: non così tanto comunque come lingua,	eh: non così tanto comunque come lingua,	eh non così tanto comunque come lingua
265	BZ003	1086.087	1086.757	0.67	True	no	0	0	0	0	0	0	0	0	0	False	False	False	False	False	False	False	_	0	0	0	1	eh:m	eh:m	ehm
266	BZ003	1087.387	1088.847	1.46	True	no	0	0	0	0	0	0	0	0	0	False	False	False	False	False	False	False	_	0	0	0	2	lo trovo:	lo trovo:	lo trovo
267	BZ003	1089.142	1092.912	3.77	True	no	0	0	0	0	0	0	0	0	0	False	False	False	False	False	False	False	_	0	0	0	9	anche quello abbastanza difficile. non tanto, mh per la,	anche quello abbastanza difficile. non tanto, mh per la,	anche quello abbastanza difficile non tanto mh per la
268	BZ003	1093.712	1104.612	10.9	True	no	0	0	0	0	0	0	0	0	0	False	False	False	False	False	False	False	_	0	0	0	33	eh >per la pronuncia o per il parlato< ma: per lo scritto perché è molto diverso mh tra diciamo pronuncia e scritto comunque mh anche gli stessi francesi so che fanno, fanno errori.	eh >per la pronuncia o per il parlato< ma: per lo scritto perché è molto diverso mh tra diciamo pronuncia e scritto comunque mh anche gli stessi francesi so che fanno, fanno errori.	eh per la pronuncia o per il parlato ma per lo scritto perché è molto diverso mh tra diciamo pronuncia e scritto comunque mh anche gli stessi francesi so che fanno fanno errori
269	BZ003	1105.407	1108.777	3.37	True	no	0	0	0	0	0	0	0	0	0	False	False	False	False	False	False	False	_	0	0	0	7	mentre per quanto riguarda lo spagnolo è:	mentre per quanto riguarda lo spagnolo è:	mentre per quanto riguarda lo spagnolo è
270	BZ003	1109.207	1114.667	5.46	True	no	0	0	0	0	0	0	0	0	0	False	False	False	False	False	False	False	_	0	0	0	14	una delle lingue che mi piace di più, mi sarebbe piaciuto approfondirlo sicuramente, infatti	una delle lingue che mi piace di più, mi sarebbe piaciuto approfondirlo sicuramente, infatti	una delle lingue che mi piace di più mi sarebbe piaciuto approfondirlo sicuramente infatti
271	BZ003	1115.052	1117.812	2.76	True	no	0	0	0	0	0	0	0	0	0	False	False	False	False	False	False	False	_	0	0	0	9	adesso se avrò un attimo di tempo lo farò,	adesso se avrò un attimo di tempo lo farò,	adesso se avrò un attimo di tempo lo farò
272	BZ003	1118.307	1122.487	4.18	True	no	0	0	0	0	0	0	0	0	0	False	False	False	False	False	False	False	_	1	0	0	12	purtroppo però ho fatto solamente (.) un a- mh due anni di superiori,	purtroppo però ho fatto solamente (.) un a- mh due anni di superiori,	purtroppo però ho fatto solamente (.) un a- mh due anni di superiori
273	BZ003	1123.042	1124.67	1.628	True	no	0	0	0	0	0	1	0	0	0	False	False	False	False	False	False	False	_	0	0	0	2	e:: quindi:=	e:: quindi:	e quindi
274	BZ001	1124.672	1126.402	1.73	True	no	0	0	0	0	0	1	0	1	0	False	False	False	False	False	False	False	_	0	0	0	7	=cioè due anni di spagnolo alle super[riori?]	cioè due anni di spagnolo alle super[riori]?	cioè due anni di spagnolo alle superriori
275	BZ003	1126.142	1127.64	1.498	True	no	0	0	0	0	0	0	0	0	0	False	False	False	False	False	False	False	_	0	0	0	5	[sì] due an[ni sì] esatto.	[sì] due an[ni sì] esatto.	sì due anni sì esatto
276	BZ001	1126.722	1127.102	0.38	True	no	0	0	0	0	0	0	0	1	0	False	False	False	False	False	False	False	_	0	0	0	1	[okay.]	[okay].	okay
277	BZ003	1127.837	1133.087	5.25	True	no	0	0	0	0	0	0	0	0	0	False	False	False	False	False	False	False	_	0	0	0	23	perché avrei dovuto farne tre ma, mh il quarto anno l'ho fatto in irlanda, e quindi lì non ho fatto lo spagnolo.	perché avrei dovuto farne tre ma, mh il quarto anno l'ho fatto in irlanda, e quindi lì non ho fatto lo spagnolo.	perché avrei dovuto farne tre ma mh il quarto anno l' ho fatto in irlanda e quindi lì non ho fatto lo spagnolo
278	BZ003	1133.797	1141.91	8.113	True	no	0	0	0	0	0	0	0	0	0	False	False	False	False	False	False	False	_	1	0	0	26	non ho studiato spagnolo. (.) e: il primo anno ho fatto principalmente grammatica basilare, e poi mi son ritrovata il quinto anno a dover studiare già letteratura,	non ho studiato spagnolo. (.) e: il primo anno ho fatto principalmente grammatica basilare, e poi mi son ritrovata il quinto anno a dover studiare già letteratura,	non ho studiato spagnolo (.) e il primo anno ho fatto principalmente grammatica basilare e poi mi son ritrovata il quinto anno a dover studiare già letteratura
279	BZ003	1142.178	1149.998	7.82	True	no	0	0	0	0	0	0	0	0	0	False	False	False	False	False	False	False	_	0	0	0	24	però devo dire che non mi son trovata: in difficoltà a studiare anche letteratura o comunque, parlare in spagnolo, perché è molto più simile,	però devo dire che non mi son trovata: in difficoltà a studiare anche letteratura o comunque, parlare in spagnolo, perché è molto più simile,	però devo dire che non mi son trovata in difficoltà a studiare anche letteratura o comunque parlare in spagnolo perché è molto più simile
280	BZ003	1150.508	1156.548	6.04	True	no	0	0	0	0	0	0	0	0	0	False	False	False	False	False	False	False	_	1	0	0	14	all'italiano. se ehm (.) se fosse stato il tedesco diciamo, studiandolo due anni così,	all'italiano. se ehm (.) se fosse stato il tedesco diciamo, studiandolo due anni così,	all' italiano se ehm (.) se fosse stato il tedesco diciamo studiandolo due anni così
281	BZ003	1156.798	1159.678	2.88	True	no	0	0	0	0	0	0	0	0	0	False	False	False	False	False	False	False	_	0	0	0	9	non sarei riuscita a spiccicare >probabilmente< neanche una parola.	non sarei riuscita a spiccicare >probabilmente< neanche una parola.	non sarei riuscita a spiccicare probabilmente neanche una parola
282	BZ003	1160.023	1168.853	8.83	True	no	0	0	0	0	0	0	0	0	0	False	False	False	False	False	False	False	_	0	0	0	28	invece col- con lo spagnolo mi sembrava mh di studiarlo da anni quando ho fatto la maturità, che riuscivo a parlare tranquillamente come se fosse stata non so	invece col- con lo spagnolo mi sembrava mh di studiarlo da anni quando ho fatto la maturità, che riuscivo a parlare tranquillamente come se fosse stata non so	invece col- con lo spagnolo mi sembrava mh di studiarlo da anni quando ho fatto la maturità che riuscivo a parlare tranquillamente come se fosse stata non so
283	BZ003	1169.113	1170.963	1.85	True	no	0	0	0	0	0	0	0	0	0	False	False	False	False	False	False	False	_	0	0	0	7	una lingua studiata da da parecchi anni.	una lingua studiata da da parecchi anni.	una lingua studiata da da parecchi anni
284	BZ001	1171.671	1175.861	4.19	True	no	0	0	0	0	0	0	0	0	0	False	False	False	False	False	False	False	_	0	0	0	20	e al di fuori dell'ambito di studio le hai incontrate queste lingue, o le hai cercate in qualche modo?	e al di fuori dell'ambito di studio le hai incontrate queste lingue, o le hai cercate in qualche modo?	e al di fuori dell' ambito di studio le hai incontrate queste lingue o le hai cercate in qualche modo
285	BZ003	1176.921	1177.901	0.98	True	no	0	0	0	0	0	0	0	0	0	False	False	False	False	False	False	False	_	0	0	0	1	ehm	ehm	ehm
286	BZ003	1179.486	1180.896	1.41	True	no	0	0	0	0	0	0	0	0	0	False	False	False	False	False	False	False	_	0	0	0	3	il francese no.	il francese no.	il francese no
287	BZ003	1181.336	1186.776	5.44	True	no	0	0	0	0	0	0	0	0	0	False	False	False	False	False	False	False	_	0	0	0	13	lo spagnolo, ci sono molti film, serie tv, comunque che sono spagnole quindi,	lo spagnolo, ci sono molti film, serie tv, comunque che sono spagnole quindi,	lo spagnolo ci sono molti film serie tv comunque che sono spagnole quindi
288	BZ003	1187.381	1195.821	8.44	True	no	0	0	0	0	0	0	0	0	0	False	False	False	False	False	False	False	_	1	0	0	24	ogni tanto:, (.) a- quando magari non c'erano eh non c'è il doppiaggio, i sottotitoli, eccetera,  l'ho ho ascoltato anche in spagnolo,	ogni tanto:, (.) a- quando magari non c'erano eh non c'è il doppiaggio, i sottotitoli, eccetera, l'ho ho ascoltato anche in spagnolo,	ogni tanto (.) a- quando magari non c' erano eh non c' è il doppiaggio i sottotitoli eccetera l' ho ho ascoltato anche in spagnolo
289	BZ003	1196.256	1204.8	8.544	True	no	0	0	0	0	0	0	0	0	0	False	False	False	False	False	False	False	_	1	0	0	23	e (.) mh ovviamente molte parole non le capivo però mh riuscivo a capire in generale quello che quello che veniva detto quindi: sì.	e (.) mh ovviamente molte parole non le capivo però mh riuscivo a capire in generale quello che quello che veniva detto quindi: sì.	e (.) mh ovviamente molte parole non le capivo però mh riuscivo a capire in generale quello che quello che veniva detto quindi sì
290	BZ003	1205.526	1205.936	0.41	True	no	0	0	0	0	0	0	0	0	0	False	False	False	False	False	False	False	_	0	0	0	3	eh eh ehm	eh eh ehm	eh eh ehm
291	BZ003	1206.216	1207.226	1.01	True	no	0	0	0	0	0	0	0	0	0	False	False	False	False	False	False	False	_	0	0	0	3	francese no invece.	francese no invece.	francese no invece
292	BZ001	1207.696	1209.186	1.49	True	no	0	0	0	0	0	0	0	0	0	False	False	False	False	False	False	False	_	0	0	0	7	e in spagna non sei mai stata?	e in spagna non sei mai stata?	e in spagna non sei mai stata
293	BZ003	1209.306	1216.396	7.09	True	no	0	0	0	0	0	0	0	0	0	False	False	False	False	False	False	False	_	0	0	0	22	eh no neanche in spagna, e: penso neanche in francia. cioè i paesi maggiori del- europei non sono non sono mai stata.	eh no neanche in spagna, e: penso neanche in francia. cioè i paesi maggiori del- europei non sono non sono mai stata.	eh no neanche in spagna e penso neanche in francia cioè i paesi maggiori del- europei non sono non sono mai stata
294	BZ003	1216.656	1217.596	0.94	True	no	0	0	0	0	0	0	0	0	0	False	False	False	False	False	False	False	_	0	0	0	3	stata in portogallo.	stata in portogallo.	stata in portogallo
295	BZ001	1218.861	1220.031	1.17	True	no	0	0	0	0	0	0	0	0	0	False	False	False	False	False	False	False	_	0	0	0	5	e il portoghese ti piace?	e il portoghese ti piace?	e il portoghese ti piace
296	BZ003	1220.171	1221.201	1.03	True	no	0	0	0	0	0	0	0	0	0	False	False	False	False	False	False	False	_	0	0	0	3	sì anche molto.	sì anche molto.	sì anche molto
297	BZ003	1221.471	1224.001	2.53	True	no	0	0	0	0	0	0	0	0	0	False	False	False	False	False	False	False	_	0	0	0	6	eh sembra molto musicale come lingua.	eh sembra molto musicale come lingua.	eh sembra molto musicale come lingua
298	BZ003	1224.441	1225.251	0.81	True	no	0	0	0	0	0	0	0	0	0	False	False	False	False	False	False	False	_	0	0	0	1	e::	e::	e
299	BZ003	1226.631	1229.501	2.87	True	no	0	0	0	0	0	0	0	0	0	False	False	False	False	False	False	False	_	0	1	0	8	e: e poi mi sono innamorata ((ridendo)) di lisbona,	e: e poi mi sono innamorata ((ridendo)) di lisbona,	e e poi mi sono innamorata ((ridendo)) di lisbona
300	BZ003	1229.771	1233.211	3.44	True	no	0	0	0	0	0	0	0	0	0	False	False	False	False	False	False	False	_	0	0	0	7	un: paese:, bellissimo il portogallo secondo me.	un: paese:, bellissimo il portogallo secondo me.	un paese bellissimo il portogallo secondo me
301	BZ003	1233.816	1237.206	3.39	True	no	0	0	0	0	0	0	0	0	0	False	False	False	False	False	False	False	_	0	0	0	8	e: sarebbe bello anche gua- il brasile sicuramente,	e: sarebbe bello anche gua- il brasile sicuramente,	e sarebbe bello anche gua- il brasile sicuramente
302	BZ003	1237.596	1238.276	0.68	True	no	0	0	0	0	0	0	0	0	0	False	False	False	False	False	False	False	_	0	0	0	1	mh:	mh:	mh
303	BZ003	1238.601	1239.761	1.16	True	no	0	0	0	0	0	0	0	0	0	False	False	False	False	False	False	False	_	0	0	0	4	una bella meta sarebbe.	una bella meta sarebbe.	una bella meta sarebbe
304	BZ001	1240.746	1246.57	5.824	True	no	0	0	0	0	0	0	0	1	0	False	False	False	False	False	False	False	_	0	0	0	18	e lingue >magari diciamo< p- più esotiche cioè più dest- più distanti che ti incuriosiscono particolarmente [ci sono?]	e lingue >magari diciamo< p- più esotiche cioè più dest- più distanti che ti incuriosiscono particolarmente [ci sono]?	e lingue magari diciamo p- più esotiche cioè più dest- più distanti che ti incuriosiscono particolarmente ci sono
305	BZ003	1246.213	1248.553	2.34	True	no	0	0	0	0	0	0	0	1	0	False	False	False	False	False	False	False	_	0	0	0	4	[allora.] ho:, il giapponese,	[allora]. ho:, il giapponese,	allora ho il giapponese
306	BZ003	1248.948	1252.728	3.78	True	no	0	0	0	0	0	0	0	0	0	False	False	False	False	False	False	False	_	0	0	0	8	anche qui ho guardato: una serie, in giapponese,	anche qui ho guardato: una serie, in giapponese,	anche qui ho guardato una serie in giapponese
307	BZ003	1253.403	1254.393	0.99	True	no	0	0	0	0	0	0	0	0	0	False	False	False	False	False	False	False	_	0	0	0	1	eh::m	eh::m	ehm
308	BZ003	1254.993	1262.703	7.71	True	no	0	0	0	0	0	0	0	0	0	False	False	False	False	False	False	False	_	0	1	0	17	comunque sembra molto difficile perché rispetto comunque a ((ride)) all'italiano è una lingua penso distante: anni luce.	comunque sembra molto difficile perché rispetto comunque a ((ride)) all'italiano è una lingua penso distante: anni luce.	comunque sembra molto difficile perché rispetto comunque a ((ride)) all' italiano è una lingua penso distante anni luce
309	BZ003	1263.243	1264.723	1.48	True	no	0	0	0	0	0	0	0	0	0	False	False	False	False	False	False	False	_	0	0	0	2	eh però::	eh però::	eh però
310	BZ003	1265.038	1271.248	6.21	True	no	0	0	0	0	0	0	0	0	0	False	False	False	False	False	False	False	_	0	0	0	17	mi ispira molto come lingua e soprattutto il il paese mi piacerebbe andare lì a visitarlo e,	mi ispira molto come lingua e soprattutto il il paese mi piacerebbe andare lì a visitarlo e,	mi ispira molto come lingua e soprattutto il il paese mi piacerebbe andare lì a visitarlo e
311	BZ003	1272.138	1272.598	0.46	True	no	0	0	0	0	0	0	0	0	0	False	False	False	False	False	False	False	_	0	0	0	1	eh	eh	eh
312	BZ003	1272.873	1273.273	0.4	True	no	0	0	0	0	0	0	0	0	0	False	False	False	False	False	False	False	_	0	0	0	1	sì	sì	sì
313	BZ003	1275.278	1275.988	0.71	True	no	0	0	0	0	0	0	0	0	0	False	False	False	False	False	False	False	_	0	0	0	1	niente.	niente.	niente
314	BZ001	1276.388	1277.428	1.04	True	no	0	0	0	0	0	0	0	0	0	False	False	False	False	False	False	False	_	0	0	0	1	eh::m	eh::m	ehm
315	BZ001	1278.143	1284.443	6.3	True	no	0	0	0	0	0	0	0	0	0	False	False	False	False	False	False	False	_	2	0	0	15	ma vediamo cosa potrei chiederti ancora, sì quindi (.) eh nel- nella tua vita, (.) attribuisci diciamo	ma vediamo cosa potrei chiederti ancora, sì quindi (.) eh nel- nella tua vita, (.) attribuisci diciamo	ma vediamo cosa potrei chiederti ancora sì quindi (.) eh nel- nella tua vita (.) attribuisci diciamo
316	BZ001	1284.778	1286.198	1.42	True	no	0	0	0	0	0	0	0	0	0	False	False	False	False	False	False	False	_	0	0	0	3	mh queste lingue,	mh queste lingue,	mh queste lingue
317	BZ001	1286.733	1287.263	0.53	True	no	0	0	0	0	0	0	0	0	0	False	False	False	False	False	False	False	_	0	0	0	1	a:	a:	a
318	BZ001	1287.623	1294.113	6.49	True	no	0	0	0	0	0	0	0	0	0	False	False	False	False	False	False	False	_	0	0	0	21	degli ambiti specifici della tua vita, o comunque magari le=le li riconduci a delle parti di te [o: dei] momenti,	degli ambiti specifici della tua vita, o comunque magari le=le li riconduci a delle parti di te [o: dei] momenti,	degli ambiti specifici della tua vita o comunque magari le le li riconduci a delle parti di te o dei momenti
319	BZ003	1292.883	1293.313	0.43	True	no	0	0	0	0	0	0	0	1	0	False	False	False	False	False	False	False	_	0	0	0	1	[mh.]	[mh].	mh
320	BZ001	1294.613	1294.943	0.33	True	no	0	0	0	0	0	0	0	0	0	False	False	False	False	False	False	False	_	0	0	0	1	eh	eh	eh
321	BZ001	1295.543	1296.803	1.26	True	no	0	0	0	0	0	0	0	0	0	False	False	False	False	False	False	False	_	0	0	0	3	oppure oppure no?	oppure oppure no?	oppure oppure no
322	BZ003	1296.948	1298.808	1.86	True	no	0	0	0	0	0	0	0	0	0	False	False	False	False	False	False	False	_	0	0	0	2	be' sicuramente:,	be' sicuramente:,	be' sicuramente
323	BZ003	1300.663	1307.023	6.36	True	no	0	0	0	0	0	0	0	0	0	False	False	False	False	False	False	False	_	0	0	0	15	mh:: l'inglese, al periodo in cui ho fatto questo anno all'estero in irlanda.	mh:: l'inglese, al periodo in cui ho fatto questo anno all'estero in irlanda.	mh l' inglese al periodo in cui ho fatto questo anno all' estero in irlanda
324	BZ003	1307.668	1314.778	7.11	True	no	0	0	0	0	0	0	0	0	0	False	False	False	False	False	False	False	_	1	0	0	17	e: però un po' a tutto il percorso scolastico. il tedesco uguale poi comunque (.) mh essendo abitando	e: però un po' a tutto il percorso scolastico. il tedesco uguale poi comunque (.) mh essendo abitando	e però un po' a tutto il percorso scolastico il tedesco uguale poi comunque (.) mh essendo abitando
325	BZ003	1315.088	1317.638	2.55	True	no	0	0	0	0	0	0	0	0	0	False	False	False	False	False	False	False	_	0	0	0	6	in un: in una città bilingue,	in un: in una città bilingue,	in un in una città bilingue
326	BZ003	1318.048	1320.908	2.86	True	no	0	0	0	0	0	0	0	0	0	False	False	False	False	False	False	False	_	0	0	0	8	il tedesco comunque è sempre stato parte di:	il tedesco comunque è sempre stato parte di:	il tedesco comunque è sempre stato parte di
327	BZ003	1321.648	1329.628	7.98	True	no	0	0	0	0	0	0	0	0	0	False	False	False	False	False	False	False	_	1	0	0	25	eh di me e di chiunque penso viva a bolzano anche se non ha direttamente a che fare proprio con il (.) con persone o con	eh di me e di chiunque penso viva a bolzano anche se non ha direttamente a che fare proprio con il (.) con persone o con	eh di me e di chiunque penso viva a bolzano anche se non ha direttamente a che fare proprio con il (.) con persone o con
328	BZ003	1329.853	1334.823	4.97	True	no	0	0	0	0	0	0	0	0	0	False	False	False	False	False	False	False	_	0	0	0	14	situazioni in cui debba mh >deve parlare necessariamente tedesco< però comunque parte lo stesso	situazioni in cui debba mh >deve parlare necessariamente tedesco< però comunque parte lo stesso	situazioni in cui debba mh deve parlare necessariamente tedesco però comunque parte lo stesso
329	BZ003	1335.303	1336.703	1.4	True	no	0	0	0	0	0	0	0	0	0	False	False	False	False	False	False	False	_	0	0	0	3	della vita. eh:m	della vita. eh:m	della vita ehm
330	BZ003	1337.343	1337.513	0.17	True	no	0	0	0	0	0	0	0	0	0	False	False	False	False	False	False	False	_	0	1	0	0	((schiocca le labbra))	((schiocca_le_labbra))	((schiocca_le_labbra))
331	BZ003	1337.838	1342.578	4.74	True	no	0	0	0	0	0	0	0	0	0	False	False	False	False	False	False	False	_	0	0	0	14	il francese e lo spagnolo li riconduco principalmente agli anni uni- mh: delle superiori.	il francese e lo spagnolo li riconduco principalmente agli anni uni- mh: delle superiori.	il francese e lo spagnolo li riconduco principalmente agli anni uni- mh delle superiori
332	BZ003	1342.813	1344.133	1.32	True	no	0	0	0	0	0	0	0	0	0	False	False	False	False	False	False	False	_	0	0	0	3	mh: null'altro.	mh: null'altro.	mh null' altro
333	BZ003	1345.328	1345.568	0.24	True	no	0	0	0	0	0	0	0	0	0	False	False	False	False	False	False	False	_	0	0	0	1	sì.	sì.	sì
334	BZ001	1346.463	1350.903	4.44	True	no	0	0	0	0	0	0	0	0	0	False	False	False	False	False	False	False	_	3	0	0	10	e adesso forse, (.) eh (.) mi dicevi che, (.) cioè hai mh	e adesso forse, (.) eh (.) mi dicevi che, (.) cioè hai mh	e adesso forse (.) eh (.) mi dicevi che (.) cioè hai mh
335	BZ001	1351.258	1353.768	2.51	True	no	0	0	0	0	0	0	0	0	0	False	False	False	False	False	False	False	_	0	0	0	9	l'idea di fare una magistrale solo in inglese.	l'idea di fare una magistrale solo in inglese.	l' idea di fare una magistrale solo in inglese
336	BZ003	1354.148	1354.428	0.28	True	no	0	0	0	0	0	0	0	0	0	False	False	False	False	False	False	False	_	0	0	0	1	sì.	sì.	sì
337	BZ001	1354.523	1358.081	3.558	True	no	0	0	0	0	0	1	0	0	0	False	False	False	False	False	False	False	_	0	0	0	13	sarebbe la prima volta quindi a parte l'irlanda no dicia[mo che] effettivamente,=	sarebbe la prima volta quindi a parte l'irlanda no dicia[mo che] effettivamente,	sarebbe la prima volta quindi a parte l' irlanda no diciamo che effettivamente
338	BZ003	1356.953	1357.303	0.35	True	no	0	0	0	0	0	0	0	1	0	False	False	False	False	False	False	False	_	0	0	0	1	[sì.]	[sì].	sì
339	BZ003	1358.083	1363.193	5.11	True	no	0	0	0	0	0	1	0	0	0	False	False	False	False	False	False	False	_	0	0	0	15	=però la cosa non non mi spaventa. secondo me comunque si impara molto di più,	però la cosa non non mi spaventa. secondo me comunque si impara molto di più,	però la cosa non non mi spaventa secondo me comunque si impara molto di più
340	BZ003	1363.783	1366.713	2.93	True	no	0	0	0	0	0	0	0	0	0	False	False	False	False	False	False	False	_	0	0	0	7	mh studiando magari in lingua, piuttosto che	mh studiando magari in lingua, piuttosto che	mh studiando magari in lingua piuttosto che
341	BZ003	1366.973	1371.153	4.18	True	no	0	0	0	0	0	0	0	0	0	False	False	False	False	False	False	False	_	0	0	0	5	eh::m facendo: esercizi di grammatica,	eh::m facendo: esercizi di grammatica,	ehm facendo esercizi di grammatica
342	BZ003	1371.648	1375.978	4.33	True	no	0	0	0	0	0	0	0	0	0	False	False	False	False	False	False	False	_	1	0	0	8	o eh sì. (.) ehm o scrivendo un temino,	o eh sì. (.) ehm o scrivendo un temino,	o eh sì (.) ehm o scrivendo un temino
343	BZ003	1376.428	1377.288	0.86	True	no	0	0	0	0	0	0	0	0	0	False	False	False	False	False	False	False	_	0	0	0	2	ogni tanto.	ogni tanto.	ogni tanto
344	BZ003	1378.533	1382.613	4.08	True	no	0	0	0	0	0	0	0	0	0	False	False	False	False	False	False	False	_	0	0	0	11	quindi sicuramente sarà un buon esercizio per riprendere l'inglese bene,	quindi sicuramente sarà un buon esercizio per riprendere l'inglese bene,	quindi sicuramente sarà un buon esercizio per riprendere l' inglese bene
345	BZ003	1383.308	1385.508	2.2	True	no	0	0	0	0	0	0	0	0	0	False	False	False	False	False	False	False	_	0	0	0	5	e: anche se comunque non	e: anche se comunque non	e anche se comunque non
346	BZ003	1385.813	1392.043	6.23	True	no	0	0	0	0	0	0	0	0	0	False	False	False	False	False	False	False	_	0	0	0	22	non sento che di averlo perso e: infatti mi sento piuttosto tranquilla a fare questa magistrale anche se è tutta in inglese	non sento che di averlo perso e: infatti mi sento piuttosto tranquilla a fare questa magistrale anche se è tutta in inglese	non sento che di averlo perso e infatti mi sento piuttosto tranquilla a fare questa magistrale anche se è tutta in inglese
347	BZ003	1392.363	1394.963	2.6	True	no	0	0	0	0	0	0	0	0	0	False	False	False	False	False	False	False	_	0	0	0	9	con anche materie che magari non, non riprendo da,	con anche materie che magari non, non riprendo da,	con anche materie che magari non non riprendo da
348	BZ003	1395.358	1396.628	1.27	True	no	0	0	0	0	0	0	0	0	0	False	False	False	False	False	False	False	_	0	0	0	3	da diversi anni,	da diversi anni,	da diversi anni
349	BZ003	1396.908	1404.178	7.27	True	no	0	0	0	0	0	0	0	0	0	False	False	False	False	False	False	False	_	0	0	0	28	eh:m e quindi già la materia di per sé potrebbe essere abbastanza difficile però l'inglese non la trovo come un, non lo trovo come una complicazione ulteriore.	eh:m e quindi già la materia di per sé potrebbe essere abbastanza difficile però l'inglese non la trovo come un, non lo trovo come una complicazione ulteriore.	ehm e quindi già la materia di per sé potrebbe essere abbastanza difficile però l' inglese non la trovo come un non lo trovo come una complicazione ulteriore
350	BZ001	1405.528	1407.698	2.17	True	no	0	0	0	0	0	0	0	0	0	False	False	False	False	False	False	False	_	0	0	0	8	e hai mai pensato di studiare all'estero?	e hai mai pensato di studiare all'estero?	e hai mai pensato di studiare all' estero
351	BZ003	1408.958	1414.21	5.252	True	no	0	0	0	0	0	0	0	0	0	False	False	False	False	False	False	False	_	0	0	0	11	sì però:: purtroppo per l'ambito:: di studi che ho scelto,	sì però:: purtroppo per l'ambito:: di studi che ho scelto,	sì però purtroppo per l' ambito di studi che ho scelto
352	BZ003	1414.319	1415.159	0.84	True	no	0	0	0	0	0	0	0	0	0	False	False	False	False	False	False	False	_	0	0	0	1	eh:[:m]	eh:[:m]	ehm
353	BZ001	1414.544	1415.164	0.62	True	no	0	0	0	0	0	0	0	1	0	False	False	False	False	False	False	False	_	0	0	0	1	[cioè?]	[cioè]?	cioè
354	BZ003	1415.309	1416.279	0.97	True	no	0	0	0	0	0	0	0	0	0	False	False	False	False	False	False	False	_	0	0	0	2	mh turismo,	mh turismo,	mh turismo
355	BZ003	1417.029	1423.469	6.44	True	no	0	0	0	0	0	0	0	0	0	False	False	False	False	False	False	False	_	0	0	0	13	eh paesi: anglofoni o germania comunque non offre così tanto come l'italia,	eh paesi: anglofoni o germania comunque non offre così tanto come l'italia,	eh paesi anglofoni o germania comunque non offre così tanto come l' italia
356	BZ003	1424.224	1428.394	4.17	True	no	0	0	0	0	0	0	0	0	0	False	False	False	False	False	False	False	_	0	0	0	9	e l'altro paese che offre così tanto è::	e l'altro paese che offre così tanto è::	e l' altro paese che offre così tanto è
357	BZ003	1428.664	1429.364	0.7	True	no	0	0	0	0	0	0	0	0	0	False	False	False	False	False	False	False	_	0	0	0	2	la spagna.	la spagna.	la spagna
358	BZ003	1429.959	1433.859	3.9	True	no	0	0	0	0	0	0	0	0	0	False	False	False	False	False	False	False	_	0	0	0	9	e:: sicuramente la spagna è un bellissimo paese però,	e:: sicuramente la spagna è un bellissimo paese però,	e sicuramente la spagna è un bellissimo paese però
359	BZ003	1434.644	1443.794	9.15	True	no	0	0	0	0	0	0	0	0	0	False	False	False	False	False	False	False	_	0	0	0	28	per il momento mh magari rimango in italia, e: e poi chissà magari in futuro anche non so un lavoro qualcosa magari in spagna così ho modo di	per il momento mh magari rimango in italia, e: e poi chissà magari in futuro anche non so un lavoro qualcosa magari in spagna così ho modo di	per il momento mh magari rimango in italia e e poi chissà magari in futuro anche non so un lavoro qualcosa magari in spagna così ho modo di
360	BZ003	1444.304	1445.974	1.67	True	no	0	0	0	0	0	0	0	0	0	False	False	False	False	False	False	False	_	0	0	0	5	di riprendere anche lo spagnolo.	di riprendere anche lo spagnolo.	di riprendere anche lo spagnolo
361	BZ001	1447.114	1455.084	7.97	True	no	0	0	0	0	0	0	0	0	0	False	False	False	False	False	False	False	_	0	0	0	34	e quindi avendo deciso di studiare turismo, anche in q- >in questo percorso di studi che hai fatto fin qui< le lingue che che ruolo hanno avuto? >hai detto che hai studiato< inglese tedesco,	e quindi avendo deciso di studiare turismo, anche in q- >in questo percorso di studi che hai fatto fin qui< le lingue che che ruolo hanno avuto? >hai detto che hai studiato< inglese tedesco,	e quindi avendo deciso di studiare turismo anche in q- in questo percorso di studi che hai fatto fin qui le lingue che che ruolo hanno avuto hai detto che hai studiato inglese tedesco
362	BZ003	1455.444	1462.964	7.52	True	no	0	0	0	0	0	0	0	0	0	False	False	False	False	False	False	False	_	0	1	0	18	allora le lingue hanno avuto un ruolo non ruolo ((ride)) perché non: non son state così importanti, avrei preferito	allora le lingue hanno avuto un ruolo non ruolo ((ride)) perché non: non son state così importanti, avrei preferito	allora le lingue hanno avuto un ruolo non ruolo ((ride)) perché non non son state così importanti avrei preferito
363	BZ003	1463.529	1466.609	3.08	True	no	0	0	0	0	0	0	0	0	0	False	False	False	False	False	False	False	_	0	0	0	6	fare al loro posto: più materie	fare al loro posto: più materie	fare al loro posto più materie
364	BZ003	1466.964	1469.644	2.68	True	no	0	0	0	0	0	0	0	1	0	False	False	False	False	False	False	False	_	0	0	0	2	<economiche, sociologiche,>	<economiche, sociologiche>,	economiche sociologiche
365	BZ003	1469.979	1471.539	1.56	True	no	0	0	0	0	0	0	0	0	0	False	False	False	False	False	False	False	_	0	0	0	5	in linea con il turismo	in linea con il turismo	in linea con il turismo
366	BZ003	1472.174	1474.174	2.0	True	no	0	0	0	0	0	0	0	0	0	False	False	False	False	False	False	False	_	0	0	0	4	più che fare queste:	più che fare queste:	più che fare queste
367	BZ003	1474.639	1480.079	5.44	True	no	0	0	0	0	0	0	0	0	0	False	False	False	False	False	False	False	_	2	0	0	15	due lingue che alla fine il livello lo av- lo avevo già (.) mh (.) in partenza	due lingue che alla fine il livello lo av- lo avevo già (.) mh (.) in partenza	due lingue che alla fine il livello lo av- lo avevo già (.) mh (.) in partenza
368	BZ003	1480.684	1486.214	5.53	True	no	0	0	0	0	0	0	0	0	0	False	False	False	False	False	False	False	_	0	0	0	17	quindi non mi hanno aggiunto: nulla di più mh rispetto a quello che quello che sapevo già.	quindi non mi hanno aggiunto: nulla di più mh rispetto a quello che quello che sapevo già.	quindi non mi hanno aggiunto nulla di più mh rispetto a quello che quello che sapevo già
369	BZ003	1487.074	1489.664	2.59	True	no	0	0	0	0	0	0	0	0	0	False	False	False	False	False	False	False	_	0	0	0	8	e >proprio per questo avrei preferito< fare altro.	e >proprio per questo avrei preferito< fare altro.	e proprio per questo avrei preferito fare altro
370	BZ001	1492.054	1505.38	13.326	True	no	0	0	0	0	0	0	0	0	0	False	False	False	False	False	False	False	_	1	0	0	46	e tra i: (.) metodi che puoi adottare se devi approfondire una lingua mh nel privato diciamo c'è qualcosa che ti piace particolarmente? non lo so, provare a leggere un libro oppure guardare una serie in lingua, o c- o che ti sembra più efficace [anche]	e tra i: (.) metodi che puoi adottare se devi approfondire una lingua mh nel privato diciamo c'è qualcosa che ti piace particolarmente? non lo so, provare a leggere un libro oppure guardare una serie in lingua, o c- o che ti sembra più efficace [anche]	e tra i (.) metodi che puoi adottare se devi approfondire una lingua mh nel privato diciamo c' è qualcosa che ti piace particolarmente non lo so provare a leggere un libro oppure guardare una serie in lingua o c- o che ti sembra più efficace anche
371	BZ003	1504.912	1507.582	2.67	True	no	0	0	0	0	0	0	0	0	0	False	False	False	False	False	False	False	_	1	0	0	4	[guardare] una serie, (.) sì.	[guardare] una serie, (.) sì.	guardare una serie (.) sì
372	BZ003	1507.952	1514.302	6.35	True	no	0	0	0	0	0	0	0	0	0	False	False	False	False	False	False	False	_	0	0	0	18	oppure parlare direttamente con una persona madrelingua quella seconda me è la cosa migliore, me ne sono accorta	oppure parlare direttamente con una persona madrelingua quella seconda me è la cosa migliore, me ne sono accorta	oppure parlare direttamente con una persona madrelingua quella seconda me è la cosa migliore me ne sono accorta
373	BZ003	1514.752	1517.272	2.52	True	no	0	0	0	0	0	0	0	0	0	False	False	False	False	False	False	False	_	0	0	0	5	andando in irlanda, e essendo	andando in irlanda, e essendo	andando in irlanda e essendo
374	BZ003	1517.847	1523.627	5.78	True	no	0	0	0	0	0	0	0	0	0	False	False	False	False	False	False	False	_	0	0	0	15	costantemente sottoposta a quello stimolo quindi non: non puoi sfuggire a quella, a quella cosa	costantemente sottoposta a quello stimolo quindi non: non puoi sfuggire a quella, a quella cosa	costantemente sottoposta a quello stimolo quindi non non puoi sfuggire a quella a quella cosa
375	BZ003	1524.142	1526.462	2.32	True	no	0	0	0	0	0	0	0	0	0	False	False	False	False	False	False	False	_	0	0	0	7	mentre avendo sempre l'opportunità di parlare,	mentre avendo sempre l'opportunità di parlare,	mentre avendo sempre l' opportunità di parlare
376	BZ003	1526.707	1528.347	1.64	True	no	0	0	0	0	0	0	0	0	0	False	False	False	False	False	False	False	_	0	0	0	4	mh: nella tua lingua,	mh: nella tua lingua,	mh nella tua lingua
377	BZ003	1528.962	1530.782	1.82	True	no	0	0	0	0	0	0	0	0	0	False	False	False	False	False	False	False	_	0	0	0	4	tendi poi magari a:	tendi poi magari a:	tendi poi magari a
378	BZ003	1531.227	1534.247	3.02	True	no	0	0	0	0	0	0	0	0	0	False	False	False	False	False	False	False	_	0	0	0	13	ad essere più pigro a volte, e quindi parlare con la tua lingua.	ad essere più pigro a volte, e quindi parlare con la tua lingua.	ad essere più pigro a volte e quindi parlare con la tua lingua
379	BZ003	1534.752	1539.832	5.08	True	no	0	0	0	0	0	0	0	0	0	False	False	False	False	False	False	False	_	1	0	0	10	quindi sicuramente avere a che fare con persone ehm: (.) madrelingua,	quindi sicuramente avere a che fare con persone ehm: (.) madrelingua,	quindi sicuramente avere a che fare con persone ehm (.) madrelingua
380	BZ003	1540.267	1544.117	3.85	True	no	0	0	0	0	0	0	0	0	0	False	False	False	False	False	False	False	_	0	0	0	12	di quella >specifica lingua che una persona vuole vuole imparare< è meglio,	di quella >specifica lingua che una persona vuole vuole imparare< è meglio,	di quella specifica lingua che una persona vuole vuole imparare è meglio
381	BZ003	1544.857	1546.057	1.2	True	no	0	0	0	0	0	0	0	0	0	False	False	False	False	False	False	False	_	0	0	0	1	eh::m	eh::m	ehm
382	BZ003	1547.092	1551.29	4.198	True	no	0	0	0	0	0	0	0	0	0	False	False	False	False	False	False	False	_	2	0	0	14	o ancora meglio andare proprio nel paese. (.) in modo tale da essere immerso. (.) proprio.	o ancora meglio andare proprio nel paese. (.) in modo tale da essere immerso. (.) proprio.	o ancora meglio andare proprio nel paese (.) in modo tale da essere immerso (.) proprio
383	BZ001	1552.962	1559.782	6.82	True	no	0	0	0	0	0	0	0	0	0	False	False	False	False	False	False	False	_	1	0	0	20	okay progetti per per il futuro? (.) anche rispetto >alle lingue quindi< la magistrale forse in [inglese, per il tedesco] invece?	okay progetti per per il futuro? (.) anche rispetto >alle lingue quindi< la magistrale forse in [inglese, per il tedesco] invece?	okay progetti per per il futuro (.) anche rispetto alle lingue quindi la magistrale forse in inglese per il tedesco invece
384	BZ003	1558.057	1559.217	1.16	True	no	0	0	0	0	0	0	0	0	0	False	False	False	False	False	False	False	_	1	0	0	2	[s- (.) sì]	[s- (.) sì]	s- (.) sì
385	BZ003	1560.007	1561.817	1.81	True	no	0	0	0	0	0	0	0	0	0	False	False	False	False	False	False	False	_	0	0	0	4	per il tedesco: chissà.	per il tedesco: chissà.	per il tedesco chissà
386	BZ003	1562.087	1565.967	3.88	True	no	0	0	0	0	0	0	0	0	0	False	False	False	False	False	False	False	_	0	0	0	11	eh:: è nei piani, un andare magari qualche mese in germania,	eh:: è nei piani, un andare magari qualche mese in germania,	eh è nei piani un andare magari qualche mese in germania
387	BZ003	1566.692	1568.742	2.05	True	no	0	0	0	0	0	0	0	0	0	False	False	False	False	False	False	False	_	0	0	0	3	per: riuscire a	per: riuscire a	per riuscire a
388	BZ003	1569.402	1572.53	3.128	True	no	0	0	0	0	0	0	0	0	0	False	False	False	False	False	False	False	_	0	1	0	4	migliorarlo, consolidarlo, non so. ((ride))	migliorarlo, consolidarlo, non so. ((ride))	migliorarlo consolidarlo non so ((ride))
389	BZ003	1572.941	1576.801	3.86	True	no	0	0	0	0	0	0	0	0	0	False	False	False	False	False	False	False	_	1	0	0	10	eh perché ancora mi sento molto: insicura, (.) su questa lingua,	eh perché ancora mi sento molto: insicura, (.) su questa lingua,	eh perché ancora mi sento molto insicura (.) su questa lingua
390	BZ003	1577.796	1579.086	1.29	True	no	0	0	0	0	0	0	0	0	0	False	False	False	False	False	False	False	_	0	0	0	3	quindi: non so.	quindi: non so.	quindi non so
391	BZ003	1579.556	1583.306	3.75	True	no	0	0	0	0	0	0	0	0	0	False	False	False	False	False	False	False	_	0	0	0	8	mh sicuramente: una delle cose che dovrei fare	mh sicuramente: una delle cose che dovrei fare	mh sicuramente una delle cose che dovrei fare
392	BZ003	1584.096	1586.176	2.08	True	no	0	0	0	0	0	0	0	0	0	False	False	False	False	False	False	False	_	0	0	0	7	eh però non so quando lo farò.	eh però non so quando lo farò.	eh però non so quando lo farò
393	BZ001	1587.901	1591.691	3.79	True	no	0	0	0	0	0	0	0	0	0	False	False	False	False	False	False	False	_	0	0	0	12	c'è qualcos'altro che vuoi raccontare magari qualche aneddoto qualche esperienza,	c'è qualcos'altro che vuoi raccontare magari qualche aneddoto qualche esperienza,	c' è qualcos' altro che vuoi raccontare magari qualche aneddoto qualche esperienza
394	BZ001	1591.941	1593.591	1.65	True	no	0	0	0	0	0	0	0	0	0	False	False	False	False	False	False	False	_	0	0	0	4	sempre su questi temi,	sempre su questi temi,	sempre su questi temi
395	BZ003	1595.191	1600.811	5.62	True	no	0	0	0	0	0	0	0	0	0	False	False	False	False	False	False	False	_	1	0	0	15	eh: (.) può essere sì una cosa divertente è quando ero arrivata in irlanda da poco,	eh: (.) può essere sì una cosa divertente è quando ero arrivata in irlanda da poco,	eh (.) può essere sì una cosa divertente è quando ero arrivata in irlanda da poco
396	BZ003	1601.486	1604.136	2.65	True	no	0	0	0	0	0	0	0	0	0	False	False	False	False	False	False	False	_	0	0	0	7	e quindi alcune parole non le sapevo,	e quindi alcune parole non le sapevo,	e quindi alcune parole non le sapevo
397	BZ003	1604.626	1605.646	1.02	True	no	0	0	0	0	0	0	0	0	0	False	False	False	False	False	False	False	_	0	0	0	1	e::	e::	e
398	BZ003	1606.171	1615.021	8.85	True	no	0	0	0	0	0	0	0	0	0	False	False	False	False	False	False	False	_	1	0	0	28	magari più dei mh colloquiali o comunque, di cose che non impari a scuola perché magari non non ti trovi mai a che fare con questa (.) determinata cosa,	magari più dei mh colloquiali o comunque, di cose che non impari a scuola perché magari non non ti trovi mai a che fare con questa (.) determinata cosa,	magari più dei mh colloquiali o comunque di cose che non impari a scuola perché magari non non ti trovi mai a che fare con questa (.) determinata cosa
399	BZ003	1615.261	1621.451	6.19	True	no	0	0	0	0	0	0	0	0	0	False	False	False	False	False	False	False	_	0	0	0	18	e: ero nella mia camera a un certo punto sento il camioncino dei dei gelati che sta arrivando,	e: ero nella mia camera a un certo punto sento il camioncino dei dei gelati che sta arrivando,	e ero nella mia camera a un certo punto sento il camioncino dei dei gelati che sta arrivando
400	BZ003	1622.101	1627.321	5.22	True	no	0	0	0	0	0	0	0	0	0	False	False	False	False	False	False	False	_	0	0	0	10	e e allora la: mia sorella irlandese è andata giù,	e e allora la: mia sorella irlandese è andata giù,	e e allora la mia sorella irlandese è andata giù
401	BZ003	1627.726	1631.096	3.37	True	no	0	0	0	0	0	0	0	0	0	False	False	False	False	False	False	False	_	0	0	0	9	e: e mi ha chiesto se volevo una granita	e: e mi ha chiesto se volevo una granita	e e mi ha chiesto se volevo una granita
402	BZ003	1631.586	1636.806	5.22	True	no	0	0	0	0	0	0	0	0	0	False	False	False	False	False	False	False	_	1	0	0	18	eh però me l'ha detto eh (.) mh no se mi piaceva una grani- mi piaceva la granita	eh però me l'ha detto eh (.) mh no se mi piaceva una grani- mi piaceva la granita	eh però me l' ha detto eh (.) mh no se mi piaceva una grani- mi piaceva la granita
403	BZ003	1637.321	1639.841	2.52	True	no	0	0	0	0	0	0	0	0	0	False	False	False	False	False	False	False	_	0	0	0	7	però mh granita in inglese è slushy	però mh granita in inglese è slushy	però mh granita in inglese è slushy
404	BZ003	1640.316	1650.726	10.41	True	no	0	0	0	0	0	0	0	0	0	False	False	False	False	False	False	False	_	0	2	0	30	e io all'inizio ho capito sushi e quindi [ho detto sì mi piace il sushi ((ridendo)) ((ride))] e poi è arrivata con questo bicchierone di di ghiaccio e mh colorante rosso,	e io all'inizio ho capito sushi e quindi [ho detto sì mi piace il sushi ((ridendo)) ((ride))] e poi è arrivata con questo bicchierone di di ghiaccio e mh colorante rosso,	e io all' inizio ho capito sushi e quindi ho detto sì mi piace il sushi ((ridendo)) ((ride)) e poi è arrivata con questo bicchierone di di ghiaccio e mh colorante rosso
405	BZ001	1642.756	1645.106	2.35	True	no	0	0	0	0	0	0	0	0	0	False	False	False	False	False	False	False	_	0	1	0	0	[((ride))]	[((ride))]	((ride))
406	BZ003	1651.166	1655.496	4.33	True	no	0	0	0	0	0	0	0	0	0	False	False	False	False	False	False	False	_	0	0	0	17	e me lo son dovuta bere per forza, anche se magari in quel momento non mi andava,	e me lo son dovuta bere per forza, anche se magari in quel momento non mi andava,	e me lo son dovuta bere per forza anche se magari in quel momento non mi andava
407	BZ003	1655.716	1660.566	4.85	True	no	0	0	0	0	0	0	0	0	0	False	False	False	False	False	False	False	_	0	0	0	18	e io pensavo che si riferisce eh riferisse alla cena e che quindi c'era sushi per cena.	e io pensavo che si riferisce eh riferisse alla cena e che quindi c'era sushi per cena.	e io pensavo che si riferisce eh riferisse alla cena e che quindi c' era sushi per cena
408	BZ001	1661.396	1666.096	4.7	True	no	0	0	0	0	0	0	0	0	0	False	False	False	False	False	False	False	_	0	0	0	14	e non c'entrava molto la granita quella irlandese con quella siciliana [invece che]	e non c'entrava molto la granita quella irlandese con quella siciliana [invece che]	e non c' entrava molto la granita quella irlandese con quella siciliana invece che
409	BZ003	1665.351	1671.381	6.03	True	no	0	0	0	0	0	0	0	0	0	False	False	False	False	False	False	False	_	0	0	0	21	[no non] c'entrava proprio nulla era proprio colorante alla ciliegia rosso, che mi aveva lasciato poi tutta la lingua rossa	[no non] c'entrava proprio nulla era proprio colorante alla ciliegia rosso, che mi aveva lasciato poi tutta la lingua rossa	no non c' entrava proprio nulla era proprio colorante alla ciliegia rosso che mi aveva lasciato poi tutta la lingua rossa
410	BZ003	1671.951	1673.171	1.22	True	no	0	0	0	0	0	0	0	0	0	False	False	False	False	False	False	False	_	0	0	0	3	e ghiaccio tritato.	e ghiaccio tritato.	e ghiaccio tritato
411	BZ003	1674.316	1674.736	0.42	True	no	0	0	0	0	0	0	0	0	0	False	False	False	False	False	False	False	_	0	0	0	1	basta.	basta.	basta
412	BZ001	1675.031	1678.531	3.5	True	no	0	0	0	0	0	0	0	0	0	False	False	False	False	False	False	False	_	1	1	0	8	((ride)) e altre, (.) s- e aneddoti come come questo?	((ride)) e altre, (.) s- e aneddoti come come questo?	((ride)) e altre (.) s- e aneddoti come come questo
413	BZ003	1679.006	1679.746	0.74	True	no	0	0	0	0	0	0	0	0	0	False	False	False	False	False	False	False	_	0	0	0	1	mh:	mh:	mh
414	BZ001	1680.111	1681.341	1.23	True	no	0	0	0	0	0	0	0	0	0	False	False	False	False	False	False	False	_	0	0	0	7	non ce n'era forse anche uno,	non ce n'era forse anche uno,	non ce n' era forse anche uno
415	BZ001	1681.881	1683.641	1.76	True	no	0	0	0	0	0	0	0	0	0	False	False	False	False	False	False	False	_	1	0	0	6	legato a bisquit? (.) no quello forse	legato a bisquit? (.) no quello forse	legato a bisquit (.) no quello forse
416	BZ003	1683.646	1686.596	2.95	True	no	0	0	0	0	0	0	0	0	0	False	False	False	False	False	False	False	_	0	0	0	9	ah: no ma quello lì è delle medie quando:,	ah: no ma quello lì è delle medie quando:,	ah no ma quello lì è delle medie quando
417	BZ003	1687.186	1690.246	3.06	True	no	0	0	0	0	0	0	0	0	0	False	False	False	False	False	False	False	_	0	0	0	11	ero andata in gita, no non alle me- sì alle medie,	ero andata in gita, no non alle me- sì alle medie,	ero andata in gita no non alle me- sì alle medie
418	BZ003	1691.121	1694.471	3.35	True	no	0	0	0	0	0	0	0	0	0	False	False	False	False	False	False	False	_	0	0	0	12	e ero andata in gita alle medie eravamo dovevamo andare a londra,	e ero andata in gita alle medie eravamo dovevamo andare a londra,	e ero andata in gita alle medie eravamo dovevamo andare a londra
419	BZ003	1695.021	1698.231	3.21	True	no	0	0	0	0	0	0	0	0	0	False	False	False	False	False	False	False	_	0	0	0	10	e per due settimane quindi ancora il mio inglese era:	e per due settimane quindi ancora il mio inglese era:	e per due settimane quindi ancora il mio inglese era
420	BZ003	1698.491	1700.531	2.04	True	no	0	0	0	0	0	0	0	0	0	False	False	False	False	False	False	False	_	0	0	0	4	in una fase: acerba,	in una fase: acerba,	in una fase acerba
421	BZ003	1701.376	1702.196	0.82	True	no	0	0	0	0	0	0	0	0	0	False	False	False	False	False	False	False	_	0	0	0	1	e::	e::	e
422	BZ003	1702.871	1710.721	7.85	True	no	0	0	0	0	0	0	0	0	0	False	False	False	False	False	False	False	_	0	0	0	22	tutti i miei: compagni di classe erano capitati nella parte davanti dell'aereo mentre io ero in fondo da sola completamente sola,	tutti i miei: compagni di classe erano capitati nella parte davanti dell'aereo mentre io ero in fondo da sola completamente sola,	tutti i miei compagni di classe erano capitati nella parte davanti dell' aereo mentre io ero in fondo da sola completamente sola
423	BZ003	1710.961	1712.881	1.92	True	no	0	0	0	0	0	0	0	0	0	False	False	False	False	False	False	False	_	0	0	0	6	in mezzo a due signore inglesi.	in mezzo a due signore inglesi.	in mezzo a due signore inglesi
424	BZ003	1713.206	1714.646	1.44	True	no	0	0	0	0	0	0	0	0	0	False	False	False	False	False	False	False	_	0	0	0	4	è passata l'hostess,	è passata l'hostess,	è passata l' hostess
425	BZ003	1714.901	1721.001	6.1	True	no	0	0	0	0	0	0	0	0	0	False	False	False	False	False	False	False	_	0	0	0	19	e mi fa: che cosa mh che cosa vuoi del- delle solite cose che offrono lì in, in aereo,	e mi fa: che cosa mh che cosa vuoi del- delle solite cose che offrono lì in, in aereo,	e mi fa che cosa mh che cosa vuoi del- delle solite cose che offrono lì in in aereo
426	BZ003	1721.876	1725.486	3.61	True	no	0	0	0	0	0	0	0	0	0	False	False	False	False	False	False	False	_	0	0	0	13	e io vedevo tutti che avevano questi biscotti e allora ho detto bisquit,	e io vedevo tutti che avevano questi biscotti e allora ho detto bisquit,	e io vedevo tutti che avevano questi biscotti e allora ho detto bisquit
427	BZ003	1725.946	1731.946	6.0	True	no	0	0	0	0	0	0	0	0	0	False	False	False	False	False	False	False	_	2	0	0	19	e tutte mi guardavano male sia l'hostess che le due signore vicino a me, (.) mi dicevano bisquit? (.) bisquit?	e tutte mi guardavano male sia l'hostess che le due signore vicino a me, (.) mi dicevano bisquit? (.) bisquit?	e tutte mi guardavano male sia l' hostess che le due signore vicino a me (.) mi dicevano bisquit (.) bisquit
428	BZ003	1732.731	1733.821	1.09	True	no	0	0	0	0	0	0	0	0	0	False	False	False	False	False	False	False	_	0	0	0	4	eh e non capivano.	eh e non capivano.	eh e non capivano
429	BZ003	1734.561	1740.841	6.28	True	no	0	0	0	0	0	0	0	0	0	False	False	False	False	False	False	False	_	0	0	0	21	eh e a un certo punto allora ho indicato quello che aveva la ragazza davanti, e loro mi fanno ah:: bisquits.	eh e a un certo punto allora ho indicato quello che aveva la ragazza davanti, e loro mi fanno ah:: bisquits.	eh e a un certo punto allora ho indicato quello che aveva la ragazza davanti e loro mi fanno ah bisquits
430	BZ001	1741.486	1742.186	0.7	True	no	0	0	0	0	0	0	0	0	0	False	False	False	False	False	False	False	_	0	1	0	0	[((ride))]	[((ride))]	((ride))
431	BZ003	1741.511	1745.991	4.48	True	no	0	0	0	0	0	0	0	1	0	False	False	False	False	False	False	False	_	1	0	0	19	[e basta,] (.) e quindi finita lì per due ore >son andate< avanti che non capivano che cosa volessi però	[e basta], (.) e quindi finita lì per due ore >son andate< avanti che non capivano che cosa volessi però	e basta (.) e quindi finita lì per due ore son andate avanti che non capivano che cosa volessi però
432	BZ003	1746.596	1752.586	5.99	True	no	0	0	0	0	0	0	0	0	0	False	False	False	False	False	False	False	_	0	0	0	17	un pochino di di elasticità potevano averlo visto che comunque bisquit bisquit non è che cambiasse molto.	un pochino di di elasticità potevano averlo visto che comunque bisquit bisquit non è che cambiasse molto.	un pochino di di elasticità potevano averlo visto che comunque bisquit bisquit non è che cambiasse molto
433	BZ001	1753.176	1755.966	2.79	True	no	0	0	0	0	0	0	0	0	0	False	False	False	False	False	False	False	_	1	0	0	7	e invece rispetto a, (.) l'inglese americano?	e invece rispetto a, (.) l'inglese americano?	e invece rispetto a (.) l' inglese americano
434	BZ003	1756.946	1761.576	4.63	True	no	0	0	0	0	0	0	0	0	0	False	False	False	False	False	False	False	_	1	0	0	9	eh:: l'inglese americano comunque (.) mh rispetto al british	eh:: l'inglese americano comunque (.) mh rispetto al british	eh l' inglese americano comunque (.) mh rispetto al british
435	BZ003	1762.396	1763.776	1.38	True	no	0	0	0	0	0	0	0	0	0	False	False	False	False	False	False	False	_	0	0	0	3	cambia alcune cose,	cambia alcune cose,	cambia alcune cose
436	BZ003	1764.421	1767.391	2.97	True	no	0	0	0	0	0	0	0	0	0	False	False	False	False	False	False	False	_	0	0	0	6	e: molte parole si pronunciano diversamente,	e: molte parole si pronunciano diversamente,	e molte parole si pronunciano diversamente
437	BZ003	1768.551	1770.781	2.23	True	no	0	0	0	0	0	0	0	0	0	False	False	False	False	False	False	False	_	0	0	0	7	però comunque lo capisco bene anche quello.	però comunque lo capisco bene anche quello.	però comunque lo capisco bene anche quello
438	BZ003	1771.991	1774.021	2.03	True	no	0	0	0	0	0	0	0	0	0	False	False	False	False	False	False	False	_	1	0	0	7	sì. (.) non ho, non ho grandi problemi.	sì. (.) non ho, non ho grandi problemi.	sì (.) non ho non ho grandi problemi
439	BZ003	1774.551	1778.251	3.7	True	no	0	0	0	0	0	0	0	0	0	False	False	False	False	False	False	False	_	0	0	0	10	e:: magari sono più abituata a sentire il: il british,	e:: magari sono più abituata a sentire il: il british,	e magari sono più abituata a sentire il il british
440	BZ003	1778.936	1779.796	0.86	True	no	0	0	0	0	0	0	0	0	0	False	False	False	False	False	False	False	_	0	0	0	1	però:	però:	però
441	BZ003	1780.141	1786.061	5.92	True	no	0	0	0	0	0	0	0	0	0	False	False	False	False	False	False	False	_	0	0	0	18	però dipende >a dir la verità< perché molti dei video su youtube in realtà sono: americani quindi comunque,	però dipende >a dir la verità< perché molti dei video su youtube in realtà sono: americani quindi comunque,	però dipende a dir la verità perché molti dei video su youtube in realtà sono americani quindi comunque
442	BZ003	1786.686	1793.516	6.83	True	no	0	0	0	0	0	0	0	0	0	False	False	False	False	False	False	False	_	0	0	0	16	non so, sicuramente a scuola sei più sottoposto al: mh all'inglese: british, mentre poi comunque	non so, sicuramente a scuola sei più sottoposto al: mh all'inglese: british, mentre poi comunque	non so sicuramente a scuola sei più sottoposto al mh all' inglese british mentre poi comunque
443	BZ003	1794.366	1801.076	6.71	True	no	0	0	0	0	0	0	0	0	0	False	False	False	False	False	False	False	_	0	0	0	12	film:, video eccetera sono: prevalentemente di americani quindi in ogni caso entrambi	film:, video eccetera sono: prevalentemente di americani quindi in ogni caso entrambi	film video eccetera sono prevalentemente di americani quindi in ogni caso entrambi
444	BZ003	1801.636	1802.356	0.72	True	no	0	0	0	0	0	0	0	0	0	False	False	False	False	False	False	False	_	0	0	0	1	mh:	mh:	mh
445	BZ003	1803.031	1804.141	1.11	True	no	0	0	0	0	0	0	0	0	0	False	False	False	False	False	False	False	_	0	0	0	3	sono conosciuti ecco.	sono conosciuti ecco.	sono conosciuti ecco
446	BZ001	1805.381	1805.821	0.44	True	no	0	0	0	0	0	0	0	0	0	False	False	False	False	False	False	False	_	0	0	0	1	okay.	okay.	okay
447	BZ001	1806.356	1806.866	0.51	True	no	0	0	0	0	0	0	0	0	0	False	False	False	False	False	False	False	_	0	0	0	1	grazie.	grazie.	grazie
448	BZ003	1807.626	1808.136	0.51	True	no	0	0	0	0	0	0	0	0	0	False	False	False	False	False	False	False	_	0	0	0	1	niente.	niente.	niente
