tu_id	speaker	start	end	duration	include	contains_variation	W:normalized_spaces	W:numbers	W:accents	W:non_jefferson	W:pauses_trim	W:prosodic_trim	W:moved_boundaries	W:switches	W:overlap_mismatch	E:volume	E:pace	E:guess	E:overlap	E:overlap_mismatch	E:overlap_annotation	E:overlap_time	E:overlap_duration	T:shortpauses	T:nonverbalbehavior	T:errors	T:linguistic	original	text	orthographic
0	BZ001	8.678	9.771	1.093	True	no	0	0	0	0	0	0	0	1	0	False	False	False	False	False	False	False	_	0	0	0	4	>e anche qui,< eccoci.	>e anche qui<, eccoci.	e anche qui eccoci
1	BZ001	10.812	21.137	10.325	True	no	0	0	0	0	0	0	0	0	0	False	False	False	False	False	False	False	_	2	0	0	30	allora come ti ho anticipato io ti chiederei di: raccontarmi un po' della tua vita, (.) molto liberamente, (.) in relazione alle lingue che parli, che hai studiato:, che ascolti, che usi,	allora come ti ho anticipato io ti chiederei di: raccontarmi un po' della tua vita, (.) molto liberamente, (.) in relazione alle lingue che parli, che hai studiato:, che ascolti, che usi,	allora come ti ho anticipato io ti chiederei di raccontarmi un po' della tua vita (.) molto liberamente (.) in relazione alle lingue che parli che hai studiato che ascolti che usi
2	BZ009	21.86	24.89	3.03	True	no	0	0	0	0	0	0	0	0	0	False	False	False	False	False	False	False	_	1	0	0	5	sì mi chiamo pierpaolo, (.) e::	sì mi chiamo pierpaolo, (.) e::	sì mi chiamo pierpaolo (.) e
3	BZ009	25.69	31.18	5.49	True	no	0	0	0	0	0	0	0	0	0	False	False	False	False	False	False	False	_	1	0	0	11	da diversi anni lavoro eh: nell'ambito qualità, (.) ho lavorato con,	da diversi anni lavoro eh: nell'ambito qualità, (.) ho lavorato con,	da diversi anni lavoro eh nell' ambito qualità (.) ho lavorato con
4	BZ009	31.86	33.26	1.4	True	no	1	0	0	0	0	0	0	0	0	False	False	False	False	False	False	False	_	0	0	1, aziende,.	2	diverse aziende, .h	diverse aziende,. h	diverse aziende,. h
5	BZ009	33.535	38.175	4.64	True	no	0	0	0	0	0	0	0	0	0	False	False	False	False	False	False	False	_	0	0	0	12	di respiro internazionale diciamo e quindi, eh mi sono state molto utili,	di respiro internazionale diciamo e quindi, eh mi sono state molto utili,	di respiro internazionale diciamo e quindi eh mi sono state molto utili
6	BZ009	38.47	45.78	7.31	True	no	0	0	0	0	0	0	0	0	0	False	False	False	False	False	False	False	_	2	0	0	19	le lingue che ho imparato, (.) eh nel corso, (.) sia della mia carriera scolastica, sia eh da solo per approfondirle.	le lingue che ho imparato, (.) eh nel corso, (.) sia della mia carriera scolastica, sia eh da solo per approfondirle.	le lingue che ho imparato (.) eh nel corso (.) sia della mia carriera scolastica sia eh da solo per approfondirle
7	BZ009	46.31	53.03	6.72	True	no	0	0	0	0	0	0	0	1	0	False	False	False	False	False	False	False	_	0	0	0	16	e, eh: soprattutto in un contesto medico clinico, eh: su tutte eh:: l'inglese [quella che,]	e, eh: soprattutto in un contesto medico clinico, eh: su tutte eh:: l'inglese [quella che],	e eh soprattutto in un contesto medico clinico eh su tutte eh l' inglese quella che
8	BZ001	52.495	52.975	0.48	True	no	0	0	0	0	0	0	0	1	0	False	False	False	False	False	False	False	_	0	0	0	1	[mh,]	[mh],	mh
9	BZ009	53.88	56.71	2.83	True	no	0	0	0	0	0	0	0	0	0	False	False	False	False	False	False	False	_	0	0	0	6	che: diciamo mi ha aiutato maggiormente,	che: diciamo mi ha aiutato maggiormente,	che diciamo mi ha aiutato maggiormente
10	BZ009	57.32	59.47	2.15	True	no	0	0	0	0	0	0	0	0	0	False	False	False	False	False	False	False	_	0	0	0	6	eh: nella, durante la mia carriera.	eh: nella, durante la mia carriera.	eh nella durante la mia carriera
11	BZ009	60.43	72.62	12.19	True	no	0	0	0	0	0	0	0	0	0	False	False	False	False	False	False	False	_	2	0	0	26	eh:: nel <recente passato> ho lavorato per un'azienda di madrelingua tedesca, (.) e quindi ho avuto modo di riprendere una, (.) lingua che parlo correntemente ma che,	eh:: nel <recente passato> ho lavorato per un'azienda di madrelingua tedesca, (.) e quindi ho avuto modo di riprendere una, (.) lingua che parlo correntemente ma che,	eh nel recente passato ho lavorato per un' azienda di madrelingua tedesca (.) e quindi ho avuto modo di riprendere una (.) lingua che parlo correntemente ma che
12	BZ009	72.89	78.37	5.48	True	no	0	0	0	0	0	0	0	0	0	False	False	False	False	False	False	False	_	0	0	0	14	eh:: avevo un attimo lasciato nel cassetto per altre esigenze, ovvero il tedesco, chiaramente,	eh:: avevo un attimo lasciato nel cassetto per altre esigenze, ovvero il tedesco, chiaramente,	eh avevo un attimo lasciato nel cassetto per altre esigenze ovvero il tedesco chiaramente
13	BZ009	78.805	81.295	2.49	True	no	0	0	0	0	0	0	0	0	0	False	False	False	False	False	False	False	_	0	0	0	3	eh:: imparata alle,	eh:: imparata alle,	eh imparata alle
14	BZ009	81.855	90.975	9.12	True	no	0	0	0	0	0	0	0	0	0	False	False	False	False	False	False	False	_	2	0	0	22	eh durante la carriera scolastica, (.) e che, (.) eh: però mai dimenticata e mai accantonata, e che mi ha aiutato molto perché chiaramente,	eh durante la carriera scolastica, (.) e che, (.) eh: però mai dimenticata e mai accantonata, e che mi ha aiutato molto perché chiaramente,	eh durante la carriera scolastica (.) e che (.) eh però mai dimenticata e mai accantonata e che mi ha aiutato molto perché chiaramente
15	BZ009	91.3	95.67	4.37	True	no	0	0	0	0	0	1	0	0	0	False	False	False	False	False	False	False	_	0	0	0	11	eh: in un'azienda di centosessanta dipendenti eravamo solo quattro italiani,=	eh: in un'azienda di centosessanta dipendenti eravamo solo quattro italiani,	eh in un' azienda di centosessanta dipendenti eravamo solo quattro italiani
16	BZ001	95.68	96.05	0.37	True	no	0	0	0	0	0	2	0	0	0	False	False	False	False	False	False	False	_	0	0	0	2	=mh=mh,=	mh=mh,	mh mh
17	BZ009	96.06	98.31	2.25	True	no	0	0	0	0	0	1	0	0	0	False	False	False	False	False	False	False	_	0	0	0	6	=>di madrelingua italiana< quindi il tedesco,	>di madrelingua italiana< quindi il tedesco,	di madrelingua italiana quindi il tedesco
18	BZ009	98.67	101.82	3.15	True	no	0	0	0	0	0	0	0	0	0	False	False	False	False	False	False	False	_	0	0	0	10	eh: le reminiscenze scolastiche ecco mi sono state molto utili.	eh: le reminiscenze scolastiche ecco mi sono state molto utili.	eh le reminiscenze scolastiche ecco mi sono state molto utili
19	BZ009	102.79	109.78	6.99	True	no	0	0	0	0	0	0	0	1	0	False	False	False	False	False	False	False	_	0	0	0	18	la mia lingua madre chiaramente è l'italiano, <e nel corso sempre degli anni ho approcciato il francese,>	la mia lingua madre chiaramente è l'italiano, <e nel corso sempre degli anni ho approcciato il francese>,	la mia lingua madre chiaramente è l' italiano e nel corso sempre degli anni ho approcciato il francese
20	BZ009	110.23	117.22	6.99	True	no	0	0	0	0	0	0	0	1	0	False	False	False	False	False	False	False	_	0	0	0	17	questo perché il: il titolare della, >il titolare.< il direttore generale di una delle aziende, era francese,	questo perché il: il titolare della, >il titolare<. il direttore generale di una delle aziende, era francese,	questo perché il il titolare della il titolare il direttore generale di una delle aziende era francese
21	BZ009	117.75	124.66	6.91	True	no	0	0	0	0	0	0	0	0	0	False	False	False	False	False	False	False	_	0	0	0	19	e aveva diciamo esigenze particolari ovvero era tutta l'azienda che doveva adattarsi al suo modo di parlare quindi,	e aveva diciamo esigenze particolari ovvero era tutta l'azienda che doveva adattarsi al suo modo di parlare quindi,	e aveva diciamo esigenze particolari ovvero era tutta l' azienda che doveva adattarsi al suo modo di parlare quindi
22	BZ009	125.09	128.04	2.95	True	no	0	0	0	0	0	0	0	0	0	False	False	False	False	False	False	False	_	0	0	0	7	è più un francese italianizzato ecco. però,	è più un francese italianizzato ecco. però,	è più un francese italianizzato ecco però
23	BZ009	128.445	130.425	1.98	True	no	0	0	0	0	0	0	0	0	0	False	False	False	False	False	False	False	_	0	0	0	3	un italiano francesizzato,	un italiano francesizzato,	un italiano francesizzato
24	BZ009	130.82	135.18	4.36	True	no	0	0	0	0	0	0	0	0	0	False	False	False	False	False	False	False	_	0	0	0	7	però:: posso dire di:: masticarlo un pochino.	però:: posso dire di:: masticarlo un pochino.	però posso dire di masticarlo un pochino
25	BZ001	135.24	135.72	0.48	True	no	0	0	0	0	0	0	0	0	0	False	False	False	False	False	False	False	_	0	0	0	2	mh=mh.	mh=mh.	mh mh
26	BZ001	136.075	139.93	3.855	True	no	0	0	0	0	0	1	0	0	0	False	False	False	False	False	False	False	_	0	0	0	13	quindi tornando diciamo al- all'inizio, tu vieni da una famiglia di lingua,=	quindi tornando diciamo al- all'inizio, tu vieni da una famiglia di lingua,	quindi tornando diciamo al- all' inizio tu vieni da una famiglia di lingua
27	BZ009	139.965	141.1575	1.22	True	no	0	0	0	0	0	1	1	0	0	False	False	False	False	False	False	False	_	0	0	0	2	madrelingua italiana.=	madrelingua italiana.	madrelingua italiana
28	BZ001	141.1575	142.45499999999998	1.35	True	no	0	0	0	0	0	1	2	0	0	False	False	False	False	False	False	False	_	0	0	0	5	=tutti, tutti i tuoi familiari?	tutti, tutti i tuoi familiari?	tutti tutti i tuoi familiari
29	BZ009	142.45499999999998	142.84	0.41	True	no	0	0	0	0	0	0	1	0	0	False	False	False	False	False	False	False	_	0	0	0	1	sì.	sì.	sì
30	BZ001	143.36	144.32	0.96	True	no	0	0	0	0	0	0	0	1	0	False	False	False	False	False	False	False	_	0	0	0	2	[e scuole?]	[e scuole]?	e scuole
31	BZ009	143.515	143.955	0.44	True	no	0	0	0	0	0	0	0	0	0	False	False	False	False	False	False	False	_	0	0	0	1	[eh::]	[eh::]	eh
32	BZ009	144.82	146.06	1.24	True	no	0	0	0	0	0	0	0	0	0	False	False	False	False	False	False	False	_	0	0	0	3	scuole in italiane,	scuole in italiane,	scuole in italiane
33	BZ001	146.075	146.5725	0.5	True	no	0	0	0	0	0	0	1	0	0	False	False	False	False	False	False	False	_	0	0	0	2	mh=mh.	mh=mh.	mh mh
34	BZ009	146.5725	151.53	4.96	True	no	0	0	0	0	0	0	1	0	0	False	False	False	False	False	False	False	_	0	0	0	10	ma eh: i miei genitori non parlando n::ulla di tedesco,	ma eh: i miei genitori non parlando n::ulla di tedesco,	ma eh i miei genitori non parlando nulla di tedesco
35	BZ009	151.785	158.6375	6.865	True	no	0	0	0	0	0	1	1	0	0	False	False	False	False	False	False	False	_	1	0	0	15	eh: hanno deciso di mandarmi in collegio, perché, (.) eh: c'era un programma chiamato immersione,=	eh: hanno deciso di mandarmi in collegio, perché, (.) eh: c'era un programma chiamato immersione,	eh hanno deciso di mandarmi in collegio perché (.) eh c' era un programma chiamato immersione
36	BZ001	158.6375	159.095	0.47	True	no	0	0	0	0	0	1	1	0	0	False	False	False	False	False	False	False	_	0	0	0	2	=mh=mh,	mh=mh,	mh mh
37	BZ009	159.445	167.375	7.93	True	no	0	0	0	0	0	0	0	1	0	False	False	False	False	False	False	False	_	0	0	0	17	dove venivano affrontate oltre le solite ore eh: >preimpostate di tedesco,< anche determinate materie unicamente in tedesco.	dove venivano affrontate oltre le solite ore eh: >preimpostate di tedesco<, anche determinate materie unicamente in tedesco.	dove venivano affrontate oltre le solite ore eh preimpostate di tedesco anche determinate materie unicamente in tedesco
38	BZ009	168.19	174.85	6.66	True	no	0	0	0	0	0	0	0	1	0	False	False	False	False	False	False	False	_	0	0	0	20	quindi all'epoca non era ancora possibile iscrivere un bambino di madrelingua italiana alla scuola >di madrel[ingua tedesca] e viceversa,<	quindi all'epoca non era ancora possibile iscrivere un bambino di madrelingua italiana alla scuola >di madrel[ingua tedesca] e viceversa<,	quindi all' epoca non era ancora possibile iscrivere un bambino di madrelingua italiana alla scuola di madrelingua tedesca e viceversa
39	BZ001	173.425	173.945	0.52	True	no	0	0	0	0	0	0	0	1	0	False	False	False	False	False	False	False	_	0	0	0	2	[ah okay.]	[ah okay].	ah okay
40	BZ009	175.13	176.91	1.78	True	no	0	0	0	0	0	0	0	0	0	False	False	False	False	False	False	False	_	0	0	0	4	questa era la soluzione.	questa era la soluzione.	questa era la soluzione
41	BZ009	177.425	178.665	1.24	True	no	0	0	0	0	0	0	0	0	0	False	False	False	False	False	False	False	_	0	0	0	2	eh: più,	eh: più,	eh più
42	BZ009	179.15	182.39	3.24	True	no	0	0	0	0	0	0	0	0	0	False	False	False	False	False	False	False	_	0	0	0	11	>diciamo la la soluzione papabile< per poter imparare meglio una lingua.	>diciamo la la soluzione papabile< per poter imparare meglio una lingua.	diciamo la la soluzione papabile per poter imparare meglio una lingua
43	BZ001	182.655	183.055	0.435	True	no	0	0	0	0	0	1	1	0	0	False	False	False	False	False	False	False	_	0	0	0	2	mh=mh,=	mh=mh,	mh mh
44	BZ009	183.055	184.015	0.995	True	no	0	0	0	0	0	1	1	0	0	False	False	False	False	False	False	False	_	0	0	0	4	=secondo i miei genitori.	secondo i miei genitori.	secondo i miei genitori
45	BZ009	184.865	185.905	1.04	True	no	0	0	0	0	0	0	0	0	0	False	False	False	False	False	False	False	_	0	0	0	4	e così è stato.	e così è stato.	e così è stato
46	BZ001	186.21	189.06	2.85	True	no	0	0	0	0	0	0	0	2	0	False	False	False	False	False	False	False	_	1	0	0	8	>okay.< e poi il liceo, (.) eh hai [fatto,]	>okay<. e poi il liceo, (.) eh hai [fatto],	okay e poi il liceo (.) eh hai fatto
47	BZ009	188.47	189.66	1.19	True	no	0	0	0	0	0	1	0	0	0	False	False	False	False	False	False	False	_	0	0	0	2	[liceo ita]liano,=	[liceo ita]liano,	liceo italiano
48	BZ001	189.66	190.04	0.38	True	no	0	0	0	0	0	1	0	1	0	False	False	False	False	False	False	False	_	0	0	0	1	=>okay.<	>okay<.	okay
49	BZ009	190.275	192.075	1.8	True	no	0	0	0	0	0	0	0	0	0	False	False	False	False	False	False	False	_	0	0	0	3	eh:: l'inglese,	eh:: l'inglese,	eh l' inglese
50	BZ009	192.39	198.0	5.61	True	no	0	0	0	0	0	0	0	1	0	False	False	False	False	False	False	False	_	0	0	0	16	l'ho imparato dalle medie, >ho iniziato a impararlo alle medie,< ho avuto la fortuna di,	l'ho imparato dalle medie, >ho iniziato a impararlo alle medie<, ho avuto la fortuna di,	l' ho imparato dalle medie ho iniziato a impararlo alle medie ho avuto la fortuna di
51	BZ009	198.31	204.62	6.31	True	no	0	0	0	0	0	0	0	1	0	False	False	False	False	False	False	False	_	0	0	0	12	eh fare parecchie vacanze all'estero e soprattutto parecchie <vacanze, in campeggio,>	eh fare parecchie vacanze all'estero e soprattutto parecchie <vacanze, in campeggio>,	eh fare parecchie vacanze all' estero e soprattutto parecchie vacanze in campeggio
52	BZ001	204.63	204.99	0.36	True	no	0	0	0	0	0	0	0	0	0	False	False	False	False	False	False	False	_	0	0	0	2	mh=mh,	mh=mh,	mh mh
53	BZ009	205.395	209.475	4.08	True	no	0	0	0	0	0	0	0	0	0	False	False	False	False	False	False	False	_	0	0	0	10	luogo dove la commistione di bambini di tutto il mondo,	luogo dove la commistione di bambini di tutto il mondo,	luogo dove la commistione di bambini di tutto il mondo
54	BZ009	209.74	211.05	1.31	True	no	0	0	0	0	0	0	0	0	0	False	False	False	False	False	False	False	_	0	0	0	2	eh: è:,	eh: è:,	eh è
55	BZ009	211.45	212.85	1.4	True	no	0	0	0	0	0	0	0	0	0	False	False	False	False	False	False	False	_	0	0	0	5	è all'ordine del giorno,	è all'ordine del giorno,	è all' ordine del giorno
56	BZ009	213.195	220.575	7.38	True	no	0	0	0	0	0	0	0	0	0	False	False	False	False	False	False	False	_	0	0	0	27	eh nel mio caso c'erano un sacco di olandesi, danesi, e tedeschi, e chiaramente i bambini poi riescono sempre a trovare una lingua con la quale,	eh nel mio caso c'erano un sacco di olandesi, danesi, e tedeschi, e chiaramente i bambini poi riescono sempre a trovare una lingua con la quale,	eh nel mio caso c' erano un sacco di olandesi danesi e tedeschi e chiaramente i bambini poi riescono sempre a trovare una lingua con la quale
57	BZ009	221.01	225.3	4.29	True	no	0	0	0	0	0	0	0	0	0	False	False	False	False	False	False	False	_	1	0	0	16	eh: interloquire tra di loro, (.) e in quel caso è stato l'inglese, posso dire che,	eh: interloquire tra di loro, (.) e in quel caso è stato l'inglese, posso dire che,	eh interloquire tra di loro (.) e in quel caso è stato l' inglese posso dire che
58	BZ009	225.6	231.77	6.17	True	no	0	0	0	0	0	0	0	1	0	False	False	False	False	False	False	False	_	1	0	0	16	di aver perfezionato l'inglese, (.) non a scuola ma sul campo <e soprattutto con la musica,>	di aver perfezionato l'inglese, (.) non a scuola ma sul campo <e soprattutto con la musica>,	di aver perfezionato l' inglese (.) non a scuola ma sul campo e soprattutto con la musica
59	BZ001	231.95	232.53250000000003	0.63	True	no	0	0	0	0	0	0	1	0	0	False	False	False	False	False	False	False	_	0	0	0	2	ah. cioè?	ah. cioè?	ah cioè
60	BZ009	232.53250000000003	235.195	2.71	True	no	0	0	0	0	0	0	1	0	0	False	False	False	False	False	False	False	_	0	0	0	6	perché sono un appassionato di musica,	perché sono un appassionato di musica,	perché sono un appassionato di musica
61	BZ009	235.665	239.105	3.44	True	no	1	0	0	0	0	0	0	0	0	False	False	False	False	False	False	False	_	0	0	0	7	e ehm: .tsk sono un appassionato di,	e ehm:. tsk sono un appassionato di,	e ehm tsk sono un appassionato di
62	BZ009	239.44	241.88	2.44	True	no	0	0	0	0	0	0	0	0	0	False	False	False	False	False	False	False	_	0	0	0	5	vinili e di cd originali,	vinili e di cd originali,	vinili e di cd originali
63	BZ009	242.26	246.195	3.935	True	no	0	0	0	0	0	0	0	0	0	False	False	False	False	False	False	False	_	0	0	0	12	>mh proprio per assaporare il booklet< e tutte le canzoni che ascolto,	>mh proprio per assaporare il booklet< e tutte le canzoni che ascolto,	mh proprio per assaporare il booklet e tutte le canzoni che ascolto
64	BZ009	246.525	251.305	4.78	True	no	0	0	0	0	0	0	0	0	0	False	False	False	False	False	False	False	_	0	0	0	13	eh: vado a leggere i testi [perché voglio] sia capire cosa dicono, sia,	eh: vado a leggere i testi [perché voglio] sia capire cosa dicono, sia,	eh vado a leggere i testi perché voglio sia capire cosa dicono sia
65	BZ001	248.3	248.76	0.46	True	no	0	0	0	0	0	0	0	1	0	False	False	False	False	False	False	False	_	0	0	0	2	[mh=mh,]	[mh=mh],	mh mh
66	BZ009	251.595	253.085	1.49	True	no	0	0	0	0	0	0	0	0	0	False	False	False	False	False	False	False	_	0	0	0	3	eh: poi poterle,	eh: poi poterle,	eh poi poterle
67	BZ009	253.725	256.605	2.88	True	no	0	0	0	0	0	0	0	0	0	False	False	False	False	False	False	False	_	0	0	0	6	eh canticchiare ecco senza inventarmi parole.	eh canticchiare ecco senza inventarmi parole.	eh canticchiare ecco senza inventarmi parole
68	BZ009	256.83	262.43	5.6	True	no	0	0	0	0	0	0	0	0	0	False	False	False	False	False	False	False	_	1	0	0	20	quindi tutto quello che ascolto, leggo nel booklet. e questo mi ha, (.) mi ha dato un lessico importante in inglese.	quindi tutto quello che ascolto, leggo nel booklet. e questo mi ha, (.) mi ha dato un lessico importante in inglese.	quindi tutto quello che ascolto leggo nel booklet e questo mi ha (.) mi ha dato un lessico importante in inglese
69	BZ001	262.47	264.94	2.47	True	no	0	0	0	0	0	0	0	1	0	False	False	False	False	False	False	False	_	0	0	0	6	okay. quindi musica prevalentemente inglese [comunque,]	okay. quindi musica prevalentemente inglese [comunque],	okay quindi musica prevalentemente inglese comunque
70	BZ009	264.425	264.945	0.52	True	no	0	0	0	0	0	0	0	1	0	False	False	False	False	False	False	False	_	0	0	0	1	[sì.]	[sì].	sì
71	BZ001	265.2	270.29	5.09	True	no	0	0	0	0	0	1	0	1	0	False	False	False	False	True	False	False	72=0.610,73=0.105	0	0	0	15	questa cosa è successa anche con altre lingue magari musica tedesca, [francese,] o prevalentemente inglese?=	questa cosa è successa anche con altre lingue magari musica tedesca, [francese], o prevalentemente inglese?	questa cosa è successa anche con altre lingue magari musica tedesca francese o prevalentemente inglese
72	BZ009	268.805	269.415	0.61	True	no	0	0	0	0	0	0	0	1	0	False	False	False	False	False	False	False	_	0	0	0	1	[no.]	[no].	no
73	BZ009	270.185	271.68	1.495	True	no	0	0	0	0	0	2	0	0	0	False	False	False	False	False	True	False	71=0.105,74=0.400	0	0	0	5	=solo con la musica inglese.=	solo con la musica inglese.	solo con la musica inglese
74	BZ001	271.28	272.24	0.96	True	no	0	0	0	0	0	1	0	0	0	False	False	False	False	False	True	False	73=0.400	0	0	0	3	=mh=mh, okay.	mh=mh, okay.	mh mh okay
75	BZ001	272.62	280.14	7.52	True	no	0	0	0	0	0	0	0	0	0	False	False	False	False	False	False	False	_	1	0	0	26	e tu sei un appassionato anche di viaggi, hai viaggiato molto all'estero, (.) le lingue come si rapportano diciamo a questa tua passione per i viaggi?	e tu sei un appassionato anche di viaggi, hai viaggiato molto all'estero, (.) le lingue come si rapportano diciamo a questa tua passione per i viaggi?	e tu sei un appassionato anche di viaggi hai viaggiato molto all' estero (.) le lingue come si rapportano diciamo a questa tua passione per i viaggi
76	BZ009	280.49	284.17	3.68	True	no	0	0	0	0	0	0	0	0	0	False	False	False	False	False	False	False	_	0	0	0	7	allora la parte diciamo del eh: f-,	allora la parte diciamo del eh: f-,	allora la parte diciamo del eh f-
77	BZ009	284.715	295.47	10.755	True	no	0	0	0	0	0	0	0	0	0	False	False	False	False	False	False	False	_	2	0	0	30	>xx del nord europa insomma< della parte teutonica ecco dell'europa, (.) eh:: l'ho vista tutta, l'ho viaggiata, l'ho:, ho viaggiato molto, e, (.) il tedesco chiaramente mi è servito,	>xx del nord europa insomma< della parte teutonica ecco dell'europa, (.) eh:: l'ho vista tutta, l'ho viaggiata, l'ho:, ho viaggiato molto, e, (.) il tedesco chiaramente mi è servito,	xx del nord europa insomma della parte teutonica ecco dell' europa (.) eh l' ho vista tutta l' ho viaggiata l' ho ho viaggiato molto e (.) il tedesco chiaramente mi è servito
78	BZ009	295.855	303.7	7.845	True	no	0	0	0	0	0	0	0	0	0	False	False	False	False	False	False	False	_	1	0	0	19	molto, però eh: essendo appassionato della (.) cu- chiamiamola cultura ma di modo di vivere ecco, e di paesaggi americani,	molto, però eh: essendo appassionato della (.) cu- chiamiamola cultura ma di modo di vivere ecco, e di paesaggi americani,	molto però eh essendo appassionato della (.) cu- chiamiamola cultura ma di modo di vivere ecco e di paesaggi americani
79	BZ009	304.03	307.78	3.75	True	no	0	0	0	0	0	0	0	0	0	False	False	False	False	False	False	False	_	0	0	0	10	sono stato parecchie volte in america e lì l'inglese,	sono stato parecchie volte in america e lì l'inglese,	sono stato parecchie volte in america e lì l' inglese
80	BZ009	308.43	311.63	3.2	True	no	0	0	0	0	0	0	0	0	0	False	False	False	False	False	False	False	_	0	0	0	7	più americano, quindi un po' più sgrammaticato,	più americano, quindi un po' più sgrammaticato,	più americano quindi un po' più sgrammaticato
81	BZ009	311.905	313.205	1.3	True	no	0	0	0	0	0	0	0	0	0	False	False	False	False	False	False	False	_	0	0	0	3	mi è, servito.	mi è, servito.	mi è servito
82	BZ009	313.82	321.89	8.07	True	no	0	0	0	0	0	0	0	0	0	False	False	False	False	False	False	False	_	0	0	0	22	eh: ho girato tanto, quindi ho fatto anche i paesi anglosassoni, dove c'è più: diciamo necessità di parlare u:n inglese british,	eh: ho girato tanto, quindi ho fatto anche i paesi anglosassoni, dove c'è più: diciamo necessità di parlare u:n inglese british,	eh ho girato tanto quindi ho fatto anche i paesi anglosassoni dove c' è più diciamo necessità di parlare un inglese british
83	BZ001	322.08	322.4	0.32	True	no	0	0	0	0	0	0	0	0	0	False	False	False	False	False	False	False	_	0	0	0	2	mh=mh,	mh=mh,	mh mh
84	BZ009	322.415	327.475	5.06	True	no	0	0	0	0	0	0	0	0	0	False	False	False	False	False	False	False	_	0	0	0	15	e perciò ho avuto la possibilità di interfacciarmi con tutte e due le sfumature ecco.	e perciò ho avuto la possibilità di interfacciarmi con tutte e due le sfumature ecco.	e perciò ho avuto la possibilità di interfacciarmi con tutte e due le sfumature ecco
85	BZ001	327.48	327.8525	0.38	True	no	0	0	0	0	0	1	1	0	0	False	False	False	False	False	False	False	_	0	0	0	1	okay,=	okay,	okay
86	BZ009	327.8525	328.675	0.83	True	no	0	0	0	0	0	1	1	0	0	False	False	False	False	False	False	False	_	0	0	0	3	=eh dell'inglese,	eh dell'inglese,	eh dell' inglese
87	BZ009	328.915	332.575	3.66	True	no	0	0	0	0	0	0	0	1	0	False	False	False	False	False	False	False	_	0	0	0	8	<cosa che dà molta fiducia,> a mio avviso,	<cosa che dà molta fiducia>, a mio avviso,	cosa che dà molta fiducia a mio avviso
88	BZ009	332.89	334.1	1.21	True	no	0	0	0	0	0	0	0	0	0	False	False	False	False	False	False	False	_	0	0	0	3	sono i paesi,	sono i paesi,	sono i paesi
89	BZ009	334.64	340.28	5.64	True	no	0	0	0	0	0	0	0	0	0	False	False	False	False	False	False	False	_	0	1	0	11	eh non di madrelingua inglese, quindi parliamo spagna, portogallo, eh: f: ((sbuffa))	eh non di madrelingua inglese, quindi parliamo spagna, portogallo, eh: f: ((sbuffa))	eh non di madrelingua inglese quindi parliamo spagna portogallo eh f ((sbuffa))
90	BZ009	340.645	343.455	2.81	True	no	0	0	0	0	0	0	0	0	0	False	False	False	False	False	False	False	_	0	0	0	6	danimarca, svezia, dove parlano l'inglese,	danimarca, svezia, dove parlano l'inglese,	danimarca svezia dove parlano l' inglese
91	BZ009	343.785	352.775	8.99	True	no	0	0	0	0	0	0	0	2	0	False	False	False	False	False	False	False	_	1	0	0	23	<ma non chiaramente come nei paesi di madrelingua,> e quindi lì si è più, (.) spinti a parlare liberamente senza [paura di fare errori,]	<ma non chiaramente come nei paesi di madrelingua>, e quindi lì si è più, (.) spinti a parlare liberamente senza [paura di fare errori],	ma non chiaramente come nei paesi di madrelingua e quindi lì si è più (.) spinti a parlare liberamente senza paura di fare errori
92	BZ001	351.84	352.695	0.855	True	no	0	0	0	0	0	0	0	2	0	False	False	False	False	False	False	False	_	0	0	1, t.sk	1	[.tsk okay.]	[t.sk okay].	t.sk okay
93	BZ009	353.33	359.0	5.67	True	no	0	0	0	0	0	0	0	0	0	False	False	False	False	False	False	False	_	1	0	0	13	quindi è quasi più facile, (.) eh: parlare nei paesi non americani, non inglesi,	quindi è quasi più facile, (.) eh: parlare nei paesi non americani, non inglesi,	quindi è quasi più facile (.) eh parlare nei paesi non americani non inglesi
94	BZ009	359.35	364.71	5.36	True	no	0	0	0	0	0	0	0	0	0	False	False	False	False	False	False	False	_	0	0	0	18	eh: in inglese rispetto a quelli di madrelingua. perché ti aiuta il fatto che anche dall'altra parte,	eh: in inglese rispetto a quelli di madrelingua. perché ti aiuta il fatto che anche dall'altra parte,	eh in inglese rispetto a quelli di madrelingua perché ti aiuta il fatto che anche dall' altra parte
95	BZ009	365.11	367.68	2.57	True	no	0	0	0	0	0	0	0	0	0	False	False	False	False	False	False	False	_	1	0	0	3	il tuo:, (.) interlocutore,	il tuo:, (.) interlocutore,	il tuo (.) interlocutore
96	BZ009	367.91	372.84	4.93	True	no	0	0	0	0	0	0	0	1	0	False	False	False	False	False	False	False	_	0	0	0	16	può fare degli errori e non giudica soprattutto i tuoi errori magari come fanno, [gli inglesi.]	può fare degli errori e non giudica soprattutto i tuoi errori magari come fanno, [gli inglesi].	può fare degli errori e non giudica soprattutto i tuoi errori magari come fanno gli inglesi
97	BZ001	372.2	372.85	0.65	True	no	0	0	0	0	0	0	0	1	0	False	False	False	False	False	False	False	_	0	0	0	2	[mh=mh.]	[mh=mh].	mh mh
98	BZ009	373.575	378.5	4.925	True	no	0	0	0	0	0	0	0	0	0	False	False	False	False	False	False	False	_	1	0	0	12	non ho citato apposta la francia perché in francia:, (.) bisogna sapersi ecco,	non ho citato apposta la francia perché in francia:, (.) bisogna sapersi ecco,	non ho citato apposta la francia perché in francia (.) bisogna sapersi ecco
99	BZ009	378.78	380.38	1.6	True	no	0	0	0	0	0	0	0	0	0	False	False	False	False	False	False	False	_	0	0	0	4	gestire col francese. tsk.	gestire col francese. tsk.	gestire col francese tsk
100	BZ001	380.435	381.065	0.63	True	no	0	0	0	0	0	0	0	0	0	False	False	False	False	False	False	False	_	0	0	0	1	okay.	okay.	okay
101	BZ001	381.405	389.75	8.345	True	no	0	0	0	0	0	0	0	0	0	False	False	False	False	False	False	False	_	0	0	0	31	quindi tu quando: ti trovi a parlare una lingua, che non è la tua madrelingua, eh all'estero nel paese in cui si parla quella lingua, senti la pressione del, giudizio?	quindi tu quando: ti trovi a parlare una lingua, che non è la tua madrelingua, eh all'estero nel paese in cui si parla quella lingua, senti la pressione del, giudizio?	quindi tu quando ti trovi a parlare una lingua che non è la tua madrelingua eh all' estero nel paese in cui si parla quella lingua senti la pressione del giudizio
102	BZ001	390.1	391.54	1.44	True	no	0	0	0	0	0	0	0	1	0	False	False	False	False	False	False	False	_	0	0	0	6	eh che ti [che ti arriva?]	eh che ti [che ti arriva]?	eh che ti che ti arriva
103	BZ009	390.635	392.53	1.895	True	no	0	0	0	0	0	1	0	1	0	False	False	False	False	True	False	False	102=0.905,104=0.245	0	0	0	5	[in inghilterra,] l'ho avvertita.=	[in inghilterra], l'ho avvertita.	in inghilterra l' ho avvertita
104	BZ001	392.285	392.725	0.44	True	no	0	0	0	0	0	1	0	0	0	False	False	False	False	False	True	False	103=0.245	0	0	0	1	=okay.	okay.	okay
105	BZ009	393.18	394.5	1.32	True	no	0	0	0	0	0	0	0	0	0	False	False	False	False	False	False	False	_	0	0	0	3	solamente in inghilterra.	solamente in inghilterra.	solamente in inghilterra
106	BZ001	395.705	396.965	1.26	True	no	0	0	0	0	0	1	0	0	0	False	False	False	False	False	True	False	107=0.205	0	0	0	4	però ti piace, provare=	però ti piace, provare	però ti piace provare
107	BZ009	396.76	398.31	1.55	True	no	0	0	0	0	0	1	0	1	0	False	False	False	False	True	False	False	106=0.205,108=0.530	0	0	0	7	=mi piace provare lo stes[so sì=sì.]	mi piace provare lo stes[so sì=sì].	mi piace provare lo stesso sì sì
108	BZ001	397.745	398.275	0.53	True	no	0	0	0	0	0	0	0	1	0	False	False	False	False	False	False	False	_	0	0	0	1	[okay.]	[okay].	okay
109	BZ009	398.825	399.425	0.6	True	no	0	0	0	0	0	0	0	1	0	False	False	False	False	False	False	False	_	0	0	0	3	>mi piace provare.<	>mi piace provare<.	mi piace provare
110	BZ001	399.65	410.55	10.9	True	no	0	0	0	0	0	0	0	0	0	False	False	False	False	False	False	False	_	1	0	0	41	e in relazione, al tedesco invece, >ecco qui magari farei< un passo di lato, e poi torniamo su questa cosa cioè, (.) se arrivasse una persona che non: conosce l'alto adige, non è mai, non sa dell'esistenza dell'alto adige,	e in relazione, al tedesco invece, >ecco qui magari farei< un passo di lato, e poi torniamo su questa cosa cioè, (.) se arrivasse una persona che non: conosce l'alto adige, non è mai, non sa dell'esistenza dell'alto adige,	e in relazione al tedesco invece ecco qui magari farei un passo di lato e poi torniamo su questa cosa cioè (.) se arrivasse una persona che non conosce l' alto adige non è mai non sa dell' esistenza dell' alto adige
111	BZ001	410.755	415.89	5.135	True	no	0	0	0	0	0	0	0	0	0	False	False	False	False	False	False	False	_	0	0	0	17	e tu dovessi raccontare l'alto adige e la relaz- la: la situazione linguistica dell'alto adige,	e tu dovessi raccontare l'alto adige e la relaz- la: la situazione linguistica dell'alto adige,	e tu dovessi raccontare l' alto adige e la relaz- la la situazione linguistica dell' alto adige
112	BZ001	416.125	417.595	1.47	True	no	0	0	0	0	0	0	0	0	0	False	False	False	False	False	False	False	_	0	0	0	4	come la presenteresti diciamo?	come la presenteresti diciamo?	come la presenteresti diciamo
113	BZ009	418.405	419.105	0.7	True	no	0	0	0	0	0	0	0	0	0	False	False	False	False	False	False	False	_	0	0	0	1	allora,	allora,	allora
114	BZ009	419.43	422.05	2.62	True	no	0	0	0	0	0	0	0	0	0	False	False	False	False	False	False	False	_	0	0	0	7	la situazione linguistica dell'alto adige, mh:	la situazione linguistica dell'alto adige, mh:	la situazione linguistica dell' alto adige mh
115	BZ009	422.36	427.95	5.59	True	no	0	0	0	0	0	0	0	0	0	False	False	False	False	False	False	False	_	1	0	0	12	la definirei di fatto com'è. (.) ovvero, eh: una spaccatura evidente tra,	la definirei di fatto com'è. (.) ovvero, eh: una spaccatura evidente tra,	la definirei di fatto com' è (.) ovvero eh una spaccatura evidente tra
116	BZ009	428.34	437.78	9.44	True	no	0	0	0	0	0	0	0	0	0	False	False	False	False	False	False	False	_	3	0	0	21	la, la parte linguistica italiana, (.) soprattutto di residenza, ovvero (.)  i quartieri limitrofi rispetto al centro, (.) quartieri dove sono nato io, dove,	la, la parte linguistica italiana, (.) soprattutto di residenza, ovvero (.) i quartieri limitrofi rispetto al centro, (.) quartieri dove sono nato io, dove,	la la parte linguistica italiana (.) soprattutto di residenza ovvero (.) i quartieri limitrofi rispetto al centro (.) quartieri dove sono nato io dove
117	BZ009	438.229	440.939	2.71	True	no	0	0	0	0	0	0	0	0	0	False	False	False	False	False	False	False	_	0	0	0	6	posso dire di non aver incontrato,	posso dire di non aver incontrato,	posso dire di non aver incontrato
118	BZ009	441.209	444.829	3.62	True	no	0	0	0	0	0	0	0	0	0	False	False	False	False	False	False	False	_	1	0	0	8	nessuna persona che parlasse, (.) >potesse parlare< in tedesco.	nessuna persona che parlasse, (.) >potesse parlare< in tedesco.	nessuna persona che parlasse (.) potesse parlare in tedesco
119	BZ009	445.53	449.33	3.8	True	no	0	0	0	0	0	0	0	1	0	False	False	False	False	False	False	False	_	0	0	0	12	(e) parlare in tedesco io intendo affrontare un discorso, non tre paro[le.]	(e) parlare in tedesco io intendo affrontare un discorso, non tre paro[le].	e parlare in tedesco io intendo affrontare un discorso non tre parole
120	BZ001	449.274	449.754	0.48	True	no	0	0	0	0	0	0	0	1	0	False	False	False	False	False	False	False	_	0	0	0	2	[mh=mh,]	[mh=mh],	mh mh
121	BZ009	450.229	458.009	7.78	True	no	0	0	0	0	0	0	0	0	0	False	False	False	False	False	False	False	_	0	0	0	17	eh: e viceversa magari nei paesi fuori. quindi eh per me la spaccatura tra le due lingue,	eh: e viceversa magari nei paesi fuori. quindi eh per me la spaccatura tra le due lingue,	eh e viceversa magari nei paesi fuori quindi eh per me la spaccatura tra le due lingue
122	BZ009	458.224	461.374	3.15	True	no	0	0	0	0	0	0	0	0	0	False	False	False	False	False	False	False	_	0	0	0	10	>per quanto riguarda la mia generazione< è ancora molto netta,	>per quanto riguarda la mia generazione< è ancora molto netta,	per quanto riguarda la mia generazione è ancora molto netta
123	BZ009	462.194	467.099	4.905	True	no	0	0	0	0	0	0	0	0	0	False	False	False	False	False	False	False	_	0	0	0	6	e ehm:: definirei, m::h la nostra,	e ehm:: definirei, m::h la nostra,	e ehm definirei mh la nostra
124	BZ009	467.704	468.544	0.84	True	no	0	0	0	0	0	0	0	0	0	False	False	False	False	False	False	False	_	0	0	0	1	eh::	eh::	eh
125	BZ009	469.169	472.519	3.35	True	no	0	0	0	0	0	0	0	0	0	False	False	False	False	False	False	False	_	1	0	0	6	come posso dire, gestione scolastica (.) eh:,	come posso dire, gestione scolastica (.) eh:,	come posso dire gestione scolastica (.) eh
126	BZ009	472.899	475.029	2.13	True	no	0	0	0	0	0	0	0	0	0	False	False	False	False	False	False	False	_	0	0	0	3	contraria al bilinguismo,	contraria al bilinguismo,	contraria al bilinguismo
127	BZ009	475.229	478.849	3.62	True	no	0	0	0	0	0	0	0	0	0	False	False	False	False	False	False	False	_	0	0	0	15	perché io non sono affatto d'accordo con la scuola tedesca e la scuola italiana.	perché io non sono affatto d'accordo con la scuola tedesca e la scuola italiana.	perché io non sono affatto d' accordo con la scuola tedesca e la scuola italiana
128	BZ009	479.174	481.344	2.17	True	no	0	0	0	0	0	0	0	0	0	False	False	False	False	False	False	False	_	0	0	0	6	per me dovrebbe esserci una scuola,	per me dovrebbe esserci una scuola,	per me dovrebbe esserci una scuola
129	BZ009	481.624	482.244	0.62	True	no	0	0	0	0	0	0	0	0	0	False	False	False	False	False	False	False	_	0	0	0	1	con,	con,	con
130	BZ009	482.519	489.669	7.15	True	no	0	0	0	0	0	0	0	1	0	False	False	False	False	False	False	False	_	0	0	0	23	pari ore in tedesco e pari ore in italiano. quindi per me l'immersione >la cosiddetta immersione,< era il meccanismo vincente perché altrimenti,	pari ore in tedesco e pari ore in italiano. quindi per me l'immersione >la cosiddetta immersione<, era il meccanismo vincente perché altrimenti,	pari ore in tedesco e pari ore in italiano quindi per me l' immersione la cosiddetta immersione era il meccanismo vincente perché altrimenti
131	BZ009	490.029	492.519	2.49	True	no	0	0	0	0	0	0	0	0	0	False	False	False	False	False	False	False	_	0	0	0	7	chi fa poco tedesco sarà sempre penalizzato.	chi fa poco tedesco sarà sempre penalizzato.	chi fa poco tedesco sarà sempre penalizzato
132	BZ009	493.729	494.279	0.55	True	no	0	0	0	0	0	0	0	0	0	False	False	False	False	False	False	False	_	0	0	0	1	quindi,	quindi,	quindi
133	BZ009	494.509	499.729	5.22	True	no	0	0	0	0	0	0	0	1	0	False	False	False	False	False	False	False	_	0	0	0	12	eh: è così, descriverei la soluzione ancora come un bilinguismo <molto imperfetto.>	eh: è così, descriverei la soluzione ancora come un bilinguismo <molto imperfetto>.	eh è così descriverei la soluzione ancora come un bilinguismo molto imperfetto
134	BZ001	499.824	500.344	0.52	True	no	1	0	0	0	0	0	0	0	0	False	False	False	False	False	False	False	_	0	0	1, mh,.	2	mh=mh, .tsk	mh=mh,. tsk	mh mh,. tsk
135	BZ001	500.669	507.909	7.24	True	no	0	0	0	0	0	0	0	0	0	False	False	False	False	False	False	False	_	0	0	0	24	e tu eh dicevi appunto che hai a- avuto questa esperienza immersiva a scuola, e hai parlato poi tedesco al lavoro in questa azienda,	e tu eh dicevi appunto che hai a- avuto questa esperienza immersiva a scuola, e hai parlato poi tedesco al lavoro in questa azienda,	e tu eh dicevi appunto che hai a- avuto questa esperienza immersiva a scuola e hai parlato poi tedesco al lavoro in questa azienda
136	BZ001	508.174	513.514	5.34	True	no	0	0	0	0	0	0	0	0	0	False	False	False	False	False	False	False	_	0	0	0	13	ti sei mai trovato a parlare tedesco in altri contesti magari extralavorativi extrascolastici?	ti sei mai trovato a parlare tedesco in altri contesti magari extralavorativi extrascolastici?	ti sei mai trovato a parlare tedesco in altri contesti magari extralavorativi extrascolastici
137	BZ009	514.159	531.22	17.061	True	no	0	0	0	0	0	0	0	1	0	False	False	False	False	False	False	False	_	3	0	0	39	mi sono trovato a parlare tedesco, (.) eh: con la mia attività diciamo eh parallela al lavoro, >anche se chiaramente lavoro non è,< ovvero come volontario in associazione diabetici, in questo caso sono il presidente dell'associazione, (.) perché spesso, (.) ehm::	mi sono trovato a parlare tedesco, (.) eh: con la mia attività diciamo eh parallela al lavoro, >anche se chiaramente lavoro non è<, ovvero come volontario in associazione diabetici, in questo caso sono il presidente dell'associazione, (.) perché spesso, (.) ehm::	mi sono trovato a parlare tedesco (.) eh con la mia attività diciamo eh parallela al lavoro anche se chiaramente lavoro non è ovvero come volontario in associazione diabetici in questo caso sono il presidente dell' associazione (.) perché spesso (.) ehm
138	BZ009	531.529	543.844	12.315	True	no	0	0	0	0	0	0	0	0	0	False	False	False	False	False	False	False	_	0	0	0	34	magari m:i approccio con, famiglie, con persone di madrelingua tedesca nella loro lingua eh quando sono più a loro agio, perché, altrimenti in associazione ognuno può parlare la lingua con la quale si trova,	magari m:i approccio con, famiglie, con persone di madrelingua tedesca nella loro lingua eh quando sono più a loro agio, perché, altrimenti in associazione ognuno può parlare la lingua con la quale si trova,	magari mi approccio con famiglie con persone di madrelingua tedesca nella loro lingua eh quando sono più a loro agio perché altrimenti in associazione ognuno può parlare la lingua con la quale si trova
139	BZ009	544.094	545.284	1.19	True	no	0	0	0	0	0	0	0	0	0	False	False	False	False	False	False	False	_	0	0	0	4	maggiormente a suo agio.	maggiormente a suo agio.	maggiormente a suo agio
140	BZ009	546.194	554.614	8.42	True	no	0	0	0	0	0	0	0	0	0	False	False	False	False	False	False	False	_	1	0	0	22	però era proprio questo che accennavo al bilinguismo perf- im:perfetto, perché io, nel mio quartiere, (.) non ho <mai mai> parlato in tedesco.	però era proprio questo che accennavo al bilinguismo perf- im:perfetto, perché io, nel mio quartiere, (.) non ho <mai mai> parlato in tedesco.	però era proprio questo che accennavo al bilinguismo perf- imperfetto perché io nel mio quartiere (.) non ho mai mai parlato in tedesco
141	BZ001	554.919	555.469	0.55	True	no	0	0	0	0	0	0	0	0	0	False	False	False	False	False	False	False	_	0	0	0	2	mh=mh.	mh=mh.	mh mh
142	BZ009	555.779	562.289	6.51	True	no	0	0	0	0	0	0	0	0	0	False	False	False	False	False	False	False	_	0	0	0	15	eh n:essun negozio, in nessun ufficio pubblico, in: da da nessuna parte, con nessun amico.	eh n:essun negozio, in nessun ufficio pubblico, in: da da nessuna parte, con nessun amico.	eh nessun negozio in nessun ufficio pubblico in da da nessuna parte con nessun amico
143	BZ009	562.629	563.729	1.1	True	no	0	0	0	0	0	0	0	0	0	False	False	False	False	False	False	False	_	0	0	0	1	perché::	perché::	perché
144	BZ009	563.934	566.22	2.286	True	no	0	0	0	0	0	0	0	0	0	False	False	False	False	False	False	False	_	0	0	0	7	vedo ancora una netta spaccatura nei quartieri.	vedo ancora una netta spaccatura nei quartieri.	vedo ancora una netta spaccatura nei quartieri
145	BZ001	566.344	566.844	0.5	True	no	0	0	0	0	0	0	0	0	0	False	False	False	False	False	False	False	_	0	0	0	2	mh=mh.	mh=mh.	mh mh
146	BZ001	567.109	572.719	5.61	True	no	0	0	0	0	0	0	0	0	0	False	False	False	False	False	False	False	_	0	0	0	18	>ecco qui come ti anticipavo< mi ricollegherei a quello che dicevi prima, in relazione però alla situazione locale,	>ecco qui come ti anticipavo< mi ricollegherei a quello che dicevi prima, in relazione però alla situazione locale,	ecco qui come ti anticipavo mi ricollegherei a quello che dicevi prima in relazione però alla situazione locale
147	BZ001	573.019	579.079	6.06	True	no	0	0	0	0	0	0	0	0	0	False	False	False	False	False	False	False	_	0	0	0	19	eh avverti questa pressione quando parli >la pressione che dicevi prima per esempio di quando parli< inglese in inghilterra,	eh avverti questa pressione quando parli >la pressione che dicevi prima per esempio di quando parli< inglese in inghilterra,	eh avverti questa pressione quando parli la pressione che dicevi prima per esempio di quando parli inglese in inghilterra
148	BZ001	579.284	581.534	2.25	True	no	0	0	0	0	0	0	0	0	0	False	False	False	False	False	False	False	_	0	0	0	8	la avverti anche qui quando parli in tedesco?	la avverti anche qui quando parli in tedesco?	la avverti anche qui quando parli in tedesco
149	BZ009	581.834	591.23	9.396	True	no	0	0	0	0	0	0	0	1	0	False	False	False	False	False	False	False	_	3	0	0	16	in realtà no, (.) perché, (.) e:hm in inghilterra la avvertivo perché (.) <in inghilterra con, in determinati ambienti,>	in realtà no, (.) perché, (.) e:hm in inghilterra la avvertivo perché (.) <in inghilterra con, in determinati ambienti>,	in realtà no (.) perché (.) ehm in inghilterra la avvertivo perché (.) in inghilterra con in determinati ambienti
150	BZ009	591.62	596.16	4.54	True	no	0	0	0	0	0	0	0	0	0	False	False	False	False	False	False	False	_	0	0	0	14	eh: la conoscenza dell'inglese è molto approfondita e ci tengono molto alla lingua.	eh: la conoscenza dell'inglese è molto approfondita e ci tengono molto alla lingua.	eh la conoscenza dell' inglese è molto approfondita e ci tengono molto alla lingua
151	BZ009	596.845	605.37	8.525	True	no	0	0	0	0	0	0	0	2	0	False	False	False	False	False	False	False	_	0	0	0	17	eh: qui invece, <al di là di alcuni ambienti,> la lingua preferita in realtà sappiamo essere dialet[to,]	eh: qui invece, <al di là di alcuni ambienti>, la lingua preferita in realtà sappiamo essere dialet[to],	eh qui invece al di là di alcuni ambienti la lingua preferita in realtà sappiamo essere dialetto
152	BZ001	604.92	605.54	0.62	True	no	0	0	0	0	0	0	0	1	0	False	False	False	False	False	False	False	_	0	0	0	2	[mh=mh,]	[mh=mh],	mh mh
153	BZ009	605.74	611.57	5.83	True	no	0	0	0	0	0	0	0	0	0	False	False	False	False	False	False	False	_	0	0	0	17	e quindi anche l'interlocutore che c'è eh: dall'altra parte non parla un tedesco perfetto.	e quindi anche l'interlocutore che c'è eh: dall'altra parte non parla un tedesco perfetto.	e quindi anche l' interlocutore che c' è eh dall' altra parte non parla un tedesco perfetto
154	BZ009	612.48	614.46	1.98	True	no	0	0	0	0	0	0	0	0	0	False	False	False	False	False	False	False	_	0	0	0	4	eh quindi ecco la:,	eh quindi ecco la:,	eh quindi ecco la
155	BZ009	615.295	619.9	4.605	True	no	0	0	0	0	0	0	0	0	0	False	False	False	False	False	False	False	_	0	0	0	16	la la pressione è minore rispetto a quella che ci può essere magari parlandolo in germania.	la la pressione è minore rispetto a quella che ci può essere magari parlandolo in germania.	la la pressione è minore rispetto a quella che ci può essere magari parlandolo in germania
156	BZ001	619.945	620.34	0.395	True	no	0	0	0	0	0	0	0	0	0	False	False	False	False	False	False	False	_	0	0	0	2	mh=mh,	mh=mh,	mh mh
157	BZ001	620.75	628.39	7.64	True	no	0	0	0	0	0	0	0	0	0	False	False	False	False	False	False	False	_	1	0	0	24	e quando ti sei trovato, eh visto che ora citavi il dialetto a lavoro o in contesto di volontariato, (.) eh parlavi dialetto o hochdeutsch?	e quando ti sei trovato, eh visto che ora citavi il dialetto a lavoro o in contesto di volontariato, (.) eh parlavi dialetto o hochdeutsch?	e quando ti sei trovato eh visto che ora citavi il dialetto a lavoro o in contesto di volontariato (.) eh parlavi dialetto o hochdeutsch
158	BZ009	628.505	629.355	0.85	True	no	0	0	0	0	0	0	0	0	0	False	False	False	False	False	False	False	_	0	0	0	2	sempre hochdeutsch.	sempre hochdeutsch.	sempre hochdeutsch
159	BZ001	629.355	631.315	1.96	True	no	0	0	0	0	0	1	0	0	True	False	False	False	False	False	False	False	160=0.075	1	0	0	6	okay. sai, (.) conosci il dialetto anche?=	okay. sai, (.) conosci il dialetto anche?	okay sai (.) conosci il dialetto anche
160	BZ009	631.24	633.96	2.72	True	no	0	0	0	0	0	1	0	0	True	False	False	False	False	False	False	False	_	0	0	0	6	=poche parole [ma tendo] a non,	poche parole [ma tendo] a non,	poche parole ma tendo a non
161	BZ001	632.645	633.075	0.43	True	no	0	0	0	0	0	0	0	1	0	False	False	False	False	False	False	False	_	0	0	0	1	[okay,]	[okay],	okay
162	BZ009	634.205	638.155	3.95	True	no	0	0	0	0	0	0	0	0	0	False	False	False	False	False	False	False	_	1	0	0	10	a preferire, nonostante (.) conosca anche il dialetto delle mie origini,	a preferire, nonostante (.) conosca anche il dialetto delle mie origini,	a preferire nonostante (.) conosca anche il dialetto delle mie origini
163	BZ009	638.825	643.945	5.12	True	no	0	0	0	0	0	1	0	0	0	False	False	False	False	False	True	False	164=0.380	0	0	0	11	<tendo nei contesti> eh: soprattutto ufficiali a evitare di parlare dialetto.=	<tendo nei contesti> eh: soprattutto ufficiali a evitare di parlare dialetto.	tendo nei contesti eh soprattutto ufficiali a evitare di parlare dialetto
164	BZ001	643.29	643.67	0.38	True	no	0	0	0	0	0	1	0	0	0	False	False	False	False	False	True	False	163=0.380	0	0	0	1	=mh.	mh.	mh
165	BZ001	644.295	648.78	4.485	True	no	0	0	0	0	0	0	0	0	0	False	False	False	False	False	False	False	_	0	0	0	17	e che idea ti sei fatto invece o: >che impressioni hai avuto nella tua vita< di questa,	e che idea ti sei fatto invece o: >che impressioni hai avuto nella tua vita< di questa,	e che idea ti sei fatto invece o che impressioni hai avuto nella tua vita di questa
166	BZ001	649.02	653.2	4.18	True	no	0	0	0	0	0	0	0	0	0	False	False	False	False	False	False	False	_	0	0	0	15	eh convivenza anche un po' di hochdeutsch e dialetto insomma, che rapporto c'è magari,	eh convivenza anche un po' di hochdeutsch e dialetto insomma, che rapporto c'è magari,	eh convivenza anche un po' di hochdeutsch e dialetto insomma che rapporto c' è magari
167	BZ001	653.425	656.405	2.98	True	no	0	0	0	0	0	0	0	0	0	False	False	False	False	False	False	False	_	0	0	0	5	nelle persone madrelingua tedesche altoatesine,	nelle persone madrelingua tedesche altoatesine,	nelle persone madrelingua tedesche altoatesine
168	BZ001	656.74	658.62	1.88	True	no	0	0	0	0	0	0	0	0	0	False	False	False	False	False	False	False	_	0	0	0	5	eh del hochdetusch del dialetto?	eh del hochdetusch del dialetto?	eh del hochdetusch del dialetto
169	BZ009	658.715	669.795	11.08	True	no	0	0	0	0	0	0	0	1	0	False	False	False	False	False	False	False	_	1	0	0	28	allora, anche nell'azienda dove lavoravo quando eh:: magari la riunione, (.) entra più nel vivo, eh s- c'è sempre la tendenza a passare dall'hochdeutsch al dia[letto.]	allora, anche nell'azienda dove lavoravo quando eh:: magari la riunione, (.) entra più nel vivo, eh s- c'è sempre la tendenza a passare dall'hochdeutsch al dia[letto].	allora anche nell' azienda dove lavoravo quando eh magari la riunione (.) entra più nel vivo eh s- c' è sempre la tendenza a passare dall' hochdeutsch al dialetto
170	BZ001	669.125	669.605	0.48	True	no	0	0	0	0	0	0	0	1	0	False	False	False	False	False	False	False	_	0	0	0	2	[mh=mh.]	[mh=mh].	mh mh
171	BZ009	670.3	671.62	1.32	True	no	0	0	0	0	0	0	0	0	0	False	False	False	False	False	False	False	_	0	0	0	3	quindi nel contesti,	quindi nel contesti,	quindi nel contesti
172	BZ009	671.895	682.05	10.155	True	no	0	0	0	0	0	0	0	0	0	False	False	False	False	False	False	False	_	0	0	0	27	eh:: informali, è quasi scontato: il dialetto. tant'è che spesso dovevo chiedere di poter parlare in hochdeutsch perché non, alcune cose proprio non le riuscivo a,	eh:: informali, è quasi scontato: il dialetto. tant'è che spesso dovevo chiedere di poter parlare in hochdeutsch perché non, alcune cose proprio non le riuscivo a,	eh informali è quasi scontato il dialetto tant' è che spesso dovevo chiedere di poter parlare in hochdeutsch perché non alcune cose proprio non le riuscivo a
173	BZ001	682.095	682.575	0.48	True	no	0	0	0	0	0	0	0	0	0	False	False	False	False	False	False	False	_	0	0	0	1	okay.	okay.	okay
174	BZ009	682.577	683.747	1.17	True	no	0	0	0	0	0	0	0	0	0	False	False	False	False	False	False	False	_	0	0	0	3	a- ad afferrare.	a- ad afferrare.	a- ad afferrare
175	BZ009	684.107	690.18	6.073	True	no	0	0	0	0	0	0	0	0	0	False	False	False	False	False	False	False	_	1	0	0	19	credo che in ambito lavorativo non ci sia spazio però per il dialetto. (.) [questa è una] criticità che ritengo,	credo che in ambito lavorativo non ci sia spazio però per il dialetto. (.) [questa è una] criticità che ritengo,	credo che in ambito lavorativo non ci sia spazio però per il dialetto (.) questa è una criticità che ritengo
176	BZ001	688.085	688.44	0.355	True	no	0	0	0	0	0	0	0	1	0	False	False	False	False	False	False	False	_	0	0	0	2	[mh=mh,]	[mh=mh],	mh mh
177	BZ009	690.932	698.252	7.32	True	no	0	0	0	0	0	0	0	0	0	False	False	False	False	False	False	False	_	1	0	0	21	molto poco professionale, (.) sia che sia dialetto italiano, che sia dialetto tedesco, chiaramente [non ho nessun] tipo di pregiudizio o di,	molto poco professionale, (.) sia che sia dialetto italiano, che sia dialetto tedesco, chiaramente [non ho nessun] tipo di pregiudizio o di,	molto poco professionale (.) sia che sia dialetto italiano che sia dialetto tedesco chiaramente non ho nessun tipo di pregiudizio o di
178	BZ001	695.757	696.337	0.58	True	no	0	0	0	0	0	0	0	1	0	False	False	False	False	False	False	False	_	0	0	0	2	[mh=mh,]	[mh=mh],	mh mh
179	BZ009	698.932	703.832	4.9	True	no	0	0	0	0	0	0	0	0	0	False	False	False	False	False	False	False	_	0	0	0	18	o di campanilismo di nessun genere ecco. non mi piace quando gli italiani parlano in dialetto così come,	o di campanilismo di nessun genere ecco. non mi piace quando gli italiani parlano in dialetto così come,	o di campanilismo di nessun genere ecco non mi piace quando gli italiani parlano in dialetto così come
180	BZ009	704.377	705.9984999999999	1.623	True	no	0	0	0	0	0	0	1	0	0	False	False	False	False	False	False	False	_	0	0	0	5	quando viene parlato dialetto tedesco.	quando viene parlato dialetto tedesco.	quando viene parlato dialetto tedesco
181	BZ001	705.9984999999999	706.357	0.36	True	no	0	0	0	0	0	0	1	0	0	False	False	False	False	False	False	False	_	0	0	0	2	mh=mh.	mh=mh.	mh mh
182	BZ001	706.886	720.58	13.694	True	no	0	0	0	0	0	0	0	0	0	False	False	False	False	False	False	False	_	1	0	0	47	hai già parlato dei viaggi, dell'immersione, e della musica, ti chiedo anche per esempio quando guardi un film, una serie, so che sei appassionato anche di questo, (.) ti piace guardarlo in lingua originale, è un modo che usi per approfondire una lingua, o preferisci il doppiaggio?	hai già parlato dei viaggi, dell'immersione, e della musica, ti chiedo anche per esempio quando guardi un film, una serie, so che sei appassionato anche di questo, (.) ti piace guardarlo in lingua originale, è un modo che usi per approfondire una lingua, o preferisci il doppiaggio?	hai già parlato dei viaggi dell' immersione e della musica ti chiedo anche per esempio quando guardi un film una serie so che sei appassionato anche di questo (.) ti piace guardarlo in lingua originale è un modo che usi per approfondire una lingua o preferisci il doppiaggio
183	BZ009	720.68	733.435	12.755	True	no	0	0	0	0	0	0	0	0	0	False	False	False	False	False	False	False	_	3	0	0	31	allora nonostante, eh: sia anche questo secondo me un modo importantissimo per approfondire la lingua, (.) come fanno all'estero perché credo che, (.) ad esempio, tanti ragazzi olandesi che conosco, (.) eh: sono,	allora nonostante, eh: sia anche questo secondo me un modo importantissimo per approfondire la lingua, (.) come fanno all'estero perché credo che, (.) ad esempio, tanti ragazzi olandesi che conosco, (.) eh: sono,	allora nonostante eh sia anche questo secondo me un modo importantissimo per approfondire la lingua (.) come fanno all' estero perché credo che (.) ad esempio tanti ragazzi olandesi che conosco (.) eh sono
184	BZ009	733.82	737.9	4.08	True	no	0	0	0	0	0	0	0	0	0	False	False	False	False	False	False	False	_	0	0	0	11	incentivati a imparare l'inglese perché non ci sono doppiatori diciamo,	incentivati a imparare l'inglese perché non ci sono doppiatori diciamo,	incentivati a imparare l' inglese perché non ci sono doppiatori diciamo
185	BZ009	738.205	740.975	2.77	True	no	0	0	0	0	0	0	0	0	0	False	False	False	False	False	False	False	_	0	0	0	7	olandesi o comunque magari adesso arriva ma,	olandesi o comunque magari adesso arriva ma,	olandesi o comunque magari adesso arriva ma
186	BZ009	741.175	746.275	5.1	True	no	0	0	0	0	0	0	0	1	0	False	False	False	False	False	False	False	_	2	0	0	15	non è, l'arte del doppiaggio non è, (.) così (.) eh sviluppata magari come in i[talia,]	non è, l'arte del doppiaggio non è, (.) così (.) eh sviluppata magari come in i[talia],	non è l' arte del doppiaggio non è (.) così (.) eh sviluppata magari come in italia
187	BZ001	745.67	746.24	0.57	True	no	0	0	0	0	0	0	0	1	0	False	False	False	False	False	False	False	_	0	0	0	1	[mh.]	[mh].	mh
188	BZ009	746.55	749.1	2.55	True	no	0	0	0	0	0	0	0	0	0	False	False	False	False	False	False	False	_	1	0	0	3	però preferisco, (.) eh::	però preferisco, (.) eh::	però preferisco (.) eh
189	BZ009	749.46	751.04	1.58	True	no	0	0	0	0	0	0	0	1	0	False	False	False	False	False	False	False	_	0	0	0	6	guardare i film nella mia [lingua,]	guardare i film nella mia [lingua],	guardare i film nella mia lingua
190	BZ001	750.795	751.205	0.41	True	no	0	0	0	0	0	0	0	1	0	False	False	False	False	False	False	False	_	0	0	0	2	[mh=mh,]	[mh=mh],	mh mh
191	BZ009	751.705	752.685	0.98	True	no	0	0	0	0	0	0	0	0	0	False	False	False	False	False	False	False	_	0	0	0	1	perché:	perché:	perché
192	BZ009	752.9	755.93	3.03	True	no	0	0	0	0	0	1	0	0	0	False	False	False	False	False	True	False	193=0.120	0	0	0	6	nonostante capisca i sottotitoli mi infastidiscono.=	nonostante capisca i sottotitoli mi infastidiscono.	nonostante capisca i sottotitoli mi infastidiscono
193	BZ001	755.81	756.22	0.41	True	no	0	0	0	0	0	1	0	0	0	False	False	False	False	False	True	False	192=0.120	0	0	0	2	=mh=mh,	mh=mh,	mh mh
194	BZ009	756.345	757.755	1.41	True	no	0	0	0	0	0	0	0	1	0	False	False	False	False	False	False	False	_	1	0	0	2	[anche, (.) sì.]	[anche, (.) sì].	anche (.) sì
195	BZ001	756.35	757.45	1.1	True	no	0	0	0	0	0	0	0	1	0	False	False	False	False	False	False	False	_	0	0	0	2	[dover leggere,]	[dover leggere],	dover leggere
196	BZ009	758.065	762.255	4.19	True	no	0	0	0	0	0	0	0	1	0	False	False	False	False	False	False	False	_	0	0	0	12	mi infastidiscono quindi dovrei togliere i sottotitoli e guardarlo solo in [inglese,]	mi infastidiscono quindi dovrei togliere i sottotitoli e guardarlo solo in [inglese],	mi infastidiscono quindi dovrei togliere i sottotitoli e guardarlo solo in inglese
197	BZ001	761.625	762.065	0.44	True	no	0	0	0	0	0	0	0	1	0	False	False	False	False	False	False	False	_	0	0	0	2	[mh=mh.]	[mh=mh].	mh mh
198	BZ001	762.32	762.6175000000001	0.3	True	no	0	0	0	0	0	0	1	0	0	False	False	False	False	False	False	False	_	0	0	0	1	okay.	okay.	okay
199	BZ009	762.6175000000001	767.115	4.5	True	no	0	0	0	0	0	0	1	0	0	False	False	False	False	False	False	False	_	0	0	0	13	però magari temo di perdere alcune sfumature perché conosco la lingua ma magari,	però magari temo di perdere alcune sfumature perché conosco la lingua ma magari,	però magari temo di perdere alcune sfumature perché conosco la lingua ma magari
200	BZ009	767.53	770.73	3.2	True	no	0	0	0	0	0	0	0	1	0	False	False	False	False	False	False	False	_	0	0	0	7	qualcosa logicamente salta non essendo la [madrelingua.]	qualcosa logicamente salta non essendo la [madrelingua].	qualcosa logicamente salta non essendo la madrelingua
201	BZ001	770.305	771.455	1.15	True	no	0	0	0	0	0	0	0	1	0	False	False	False	False	False	False	False	_	1	0	0	3	[mh=mh.] (.) certo.	[mh=mh]. (.) certo.	mh mh (.) certo
202	BZ001	771.895	775.865	3.97	True	no	0	0	0	0	0	0	0	0	0	False	False	False	False	False	False	False	_	0	0	0	11	e: quand'eri più piccolo più giovane diciamo invece come:, eh:	e: quand'eri più piccolo più giovane diciamo invece come:, eh:	e quand' eri più piccolo più giovane diciamo invece come eh
203	BZ001	776.075	783.23	7.155	True	no	0	0	0	0	0	0	0	0	0	False	False	False	False	False	False	False	_	0	0	0	18	ti vivevi diciamo questa: particolarità locale del bilinguismo, del dover studiare il tedesco, di dover affrontare una certificazione,	ti vivevi diciamo questa: particolarità locale del bilinguismo, del dover studiare il tedesco, di dover affrontare una certificazione,	ti vivevi diciamo questa particolarità locale del bilinguismo del dover studiare il tedesco di dover affrontare una certificazione
204	BZ001	783.44	789.89	6.45	True	no	0	0	0	0	0	0	0	0	0	False	False	False	False	False	False	False	_	0	0	0	27	te lo chiedo perché è un tema che è emerso nelle interviste quindi sono sempre curioso di sapere poi da un punto di vista più emotivo, individuale,	te lo chiedo perché è un tema che è emerso nelle interviste quindi sono sempre curioso di sapere poi da un punto di vista più emotivo, individuale,	te lo chiedo perché è un tema che è emerso nelle interviste quindi sono sempre curioso di sapere poi da un punto di vista più emotivo individuale
205	BZ009	789.947	790.3534999999999	0.433	True	no	0	0	0	0	0	1	1	0	0	False	False	False	False	False	False	False	_	0	0	0	1	certo.=	certo.	certo
206	BZ001	790.3534999999999	792.677	2.35	True	no	0	0	0	0	0	1	1	0	True	False	False	False	False	False	False	False	207=0.010	0	0	0	8	=come si è sviluppata nel tempo questa relazione.	come si è sviluppata nel tempo questa relazione.	come si è sviluppata nel tempo questa relazione
207	BZ009	792.667	802.32	9.653	True	no	0	0	0	0	0	1	0	1	True	False	False	False	False	False	False	False	_	0	0	0	37	tsk. io, eh a differenza secondo me di tantissime persone >ed è anche il motivo per il quale le due lingue non vengono bene approfondite,< non l'ho mai vissuto come un obbligo [ma come un'op]portunità.=	tsk. io, eh a differenza secondo me di tantissime persone >ed è anche il motivo per il quale le due lingue non vengono bene approfondite<, non l'ho mai vissuto come un obbligo [ma come un'op]portunità.	tsk io eh a differenza secondo me di tantissime persone ed è anche il motivo per il quale le due lingue non vengono bene approfondite non l' ho mai vissuto come un obbligo ma come un' opportunità
208	BZ001	800.857	801.327	0.47	True	no	0	0	0	0	0	0	0	1	0	False	False	False	False	False	False	False	_	0	0	0	1	[okay,]	[okay],	okay
209	BZ001	802.277	802.982	0.71	True	no	0	0	0	0	0	2	1	0	True	False	False	False	False	False	False	False	207=0.043	1	0	0	2	=mh, (.) bello.=	mh, (.) bello.	mh (.) bello
210	BZ009	802.982	810.16	7.183	True	no	0	0	0	0	0	1	1	0	0	False	False	False	False	False	False	False	_	0	0	0	13	=ehm:: ripeto e mi è sempre dispiaciuto non avere una reale opportunità ovvero,	ehm:: ripeto e mi è sempre dispiaciuto non avere una reale opportunità ovvero,	ehm ripeto e mi è sempre dispiaciuto non avere una reale opportunità ovvero
211	BZ009	810.98	811.9	0.92	True	no	0	0	0	0	0	0	0	0	0	False	False	False	False	False	False	False	_	0	0	0	1	metà,	metà,	metà
212	BZ009	812.235	819.44	7.205	True	no	0	0	0	0	0	0	0	0	0	False	False	False	False	False	False	False	_	1	0	0	23	in una lingua, e l'es- l'altra metà nell'altra lingua. perché, (.) eh l'ho sempre vissuta come un'opportunità a metà.	in una lingua, e l'es- l'altra metà nell'altra lingua. perché, (.) eh l'ho sempre vissuta come un'opportunità a metà.	in una lingua e l' es- l' altra metà nell' altra lingua perché (.) eh l' ho sempre vissuta come un' opportunità a metà
213	BZ009	819.72	823.3	3.58	True	no	0	0	0	0	0	0	0	0	0	False	False	False	False	False	False	False	_	0	0	0	9	ovvero ho queste ore di un'altra lingua, quasi,	ovvero ho queste ore di un'altra lingua, quasi,	ovvero ho queste ore di un' altra lingua quasi
214	BZ009	823.535	826.135	2.6	True	no	0	0	0	0	0	0	0	0	0	False	False	False	False	False	False	False	_	0	0	0	5	vissute come una seconda lingua,	vissute come una seconda lingua,	vissute come una seconda lingua
215	BZ009	826.46	828.42	1.96	True	no	0	0	0	0	0	0	0	0	0	False	False	False	False	False	False	False	_	0	0	0	4	invece secondo me la,	invece secondo me la,	invece secondo me la
216	BZ009	828.695	836.595	7.9	True	no	0	0	0	0	0	0	0	0	0	False	False	False	False	False	False	False	_	0	0	0	27	la parte, la la forza di questa regione di avere entrambe >questa provincia< di avere entrambe le lingue, sarebbe il caso di non avere la seconda lingua,	la parte, la la forza di questa regione di avere entrambe >questa provincia< di avere entrambe le lingue, sarebbe il caso di non avere la seconda lingua,	la parte la la forza di questa regione di avere entrambe questa provincia di avere entrambe le lingue sarebbe il caso di non avere la seconda lingua
217	BZ009	836.91	839.5799999999999	2.69	True	no	0	0	0	0	0	0	1	0	0	False	False	False	False	False	False	False	_	0	0	0	9	ma dovrebbero essere la lingua, una e l'altra.	ma dovrebbero essere la lingua, una e l'altra.	ma dovrebbero essere la lingua una e l' altra
218	BZ001	839.5799999999999	840.12	0.56	True	no	0	0	0	0	0	0	1	0	0	False	False	False	False	False	False	False	_	0	0	0	2	mh=mh,	mh=mh,	mh mh
219	BZ009	840.545	844.715	4.17	True	no	0	0	0	0	0	0	0	0	0	False	False	False	False	False	False	False	_	0	0	0	14	quindi non l'ho mai vissuto come un obbligo ecco, né come un rifiuto,	quindi non l'ho mai vissuto come un obbligo ecco, né come un rifiuto,	quindi non l' ho mai vissuto come un obbligo ecco né come un rifiuto
220	BZ009	845.375	848.155	2.78	True	no	0	0	0	0	0	0	0	1	0	False	False	False	False	False	False	False	_	0	0	0	10	per questo dicevo che non ho nessun tipo di [pregiudizio.]	per questo dicevo che non ho nessun tipo di [pregiudizio].	per questo dicevo che non ho nessun tipo di pregiudizio
221	BZ001	847.48	848.05	0.57	True	no	0	0	0	0	0	0	0	1	0	False	False	False	False	False	False	False	_	0	0	0	2	[mh=mh,]	[mh=mh],	mh mh
222	BZ009	848.36	854.5385	6.2	True	no	0	0	0	0	0	0	1	1	0	False	False	False	False	False	False	False	_	1	0	0	14	<razionalmente,> eh:: mi rendo conto che la realtà nella quale vivo è (.) prettamente italiana.	<razionalmente>, eh:: mi rendo conto che la realtà nella quale vivo è (.) prettamente italiana.	razionalmente eh mi rendo conto che la realtà nella quale vivo è (.) prettamente italiana
223	BZ001	854.5385	855.057	0.54	True	no	0	0	0	0	0	0	1	0	0	False	False	False	False	False	False	False	_	0	0	0	2	mh=mh.	mh=mh.	mh mh
224	BZ001	855.772	860.932	5.16	True	no	0	0	0	0	0	0	0	0	0	False	False	False	False	False	False	False	_	0	0	0	17	e la tua generazione invece, >perché dicevi< a differenza di molti: miei amici non lo so compagni,	e la tua generazione invece, >perché dicevi< a differenza di molti: miei amici non lo so compagni,	e la tua generazione invece perché dicevi a differenza di molti miei amici non lo so compagni
225	BZ001	861.197	861.727	0.53	True	no	0	0	0	0	0	0	0	0	0	False	False	False	False	False	False	False	_	0	0	0	2	eh:, (co-)	eh:, (co-)	eh co-
226	BZ009	861.947	869.427	7.48	True	no	0	0	0	0	0	0	0	0	0	False	False	False	False	False	False	False	_	0	0	0	17	la mia generazione, soprattutto nei: nel quartiere in cui vivo, eh: vive il tedesco come: una lingua,	la mia generazione, soprattutto nei: nel quartiere in cui vivo, eh: vive il tedesco come: una lingua,	la mia generazione soprattutto nei nel quartiere in cui vivo eh vive il tedesco come una lingua
227	BZ009	870.032	872.932	2.9	True	no	0	0	0	0	0	0	0	0	0	False	False	False	False	False	False	False	_	0	0	0	5	superflua, anzi che fa: quasi,	superflua, anzi che fa: quasi,	superflua anzi che fa quasi
228	BZ009	873.267	875.927	2.66	True	no	0	0	0	0	0	0	0	0	0	False	False	False	False	False	False	False	_	0	0	0	5	toglie invece tempo ad altre:,	toglie invece tempo ad altre:,	toglie invece tempo ad altre
229	BZ009	876.562	883.452	6.89	True	no	0	0	0	0	0	0	0	0	0	False	False	False	False	False	False	False	_	0	0	0	17	eh ad altre lingue, ad altre ore scolastiche, e eh: viene vista proprio come una lingua straniera.	eh ad altre lingue, ad altre ore scolastiche, e eh: viene vista proprio come una lingua straniera.	eh ad altre lingue ad altre ore scolastiche e eh viene vista proprio come una lingua straniera
230	BZ001	883.632	883.9694999999999	0.34	True	no	0	0	0	0	0	0	1	0	0	False	False	False	False	False	False	False	_	0	0	0	2	mh=mh,	mh=mh,	mh mh
231	BZ009	883.9694999999999	887.337	3.37	True	no	0	0	0	0	0	0	1	0	0	False	False	False	False	False	False	False	_	0	0	0	13	cioè la classica frase, qui siamo in italia si parla in italiano ecco.	cioè la classica frase, qui siamo in italia si parla in italiano ecco.	cioè la classica frase qui siamo in italia si parla in italiano ecco
232	BZ001	887.717	888.367	0.65	True	no	0	0	0	0	0	0	0	0	0	False	False	False	False	False	False	False	_	0	0	0	1	certo.	certo.	certo
233	BZ001	888.777	894.66	5.883	True	no	0	0	0	0	0	0	0	0	0	False	False	False	False	False	False	False	_	0	0	0	23	eh:m un po' l'hai già detto, nel senso che prima mi hai detto che vorresti che ci fosse una scuola unica eccetera,	eh:m un po' l'hai già detto, nel senso che prima mi hai detto che vorresti che ci fosse una scuola unica eccetera,	ehm un po' l' hai già detto nel senso che prima mi hai detto che vorresti che ci fosse una scuola unica eccetera
234	BZ001	894.962	899.33	4.368	True	no	0	0	0	0	0	0	0	0	0	False	False	False	False	False	False	False	_	2	0	0	10	dal punto di vista, (.) sociale, (.) questa divisione di cui parli,	dal punto di vista, (.) sociale, (.) questa divisione di cui parli,	dal punto di vista (.) sociale (.) questa divisione di cui parli
235	BZ001	899.612	902.77	3.158	True	no	0	0	0	0	0	0	0	1	0	False	False	False	False	False	False	False	_	0	0	0	12	come credi >forse è una domanda un po' complicata però,< come credi,	come credi >forse è una domanda un po' complicata però<, come credi,	come credi forse è una domanda un po' complicata però come credi
236	BZ001	902.967	906.437	3.47	True	no	0	0	0	0	0	0	0	0	0	False	False	False	False	False	False	False	_	0	0	0	10	che si potrebbe risolvere diciamo, al di là della scuola?	che si potrebbe risolvere diciamo, al di là della scuola?	che si potrebbe risolvere diciamo al di là della scuola
237	BZ009	907.177	907.88	0.703	True	no	0	0	0	0	0	0	0	0	0	False	False	False	False	False	False	False	_	0	0	0	1	allora,	allora,	allora
238	BZ009	908.382	911.662	3.28	True	no	0	0	0	0	0	0	0	0	0	False	False	False	False	False	False	False	_	0	0	0	8	mh:: io l'ho risolta con lo sport.	mh:: io l'ho risolta con lo sport.	mh io l' ho risolta con lo sport
239	BZ001	911.747	912.077	0.33	True	no	0	0	0	0	0	0	0	0	0	False	False	False	False	False	False	False	_	0	0	0	1	ah.	ah.	ah
240	BZ009	912.097	922.367	10.27	True	no	0	0	0	0	0	0	0	1	0	False	False	False	False	False	False	False	_	1	0	0	20	perché (.) eh: avendo giocato a calcio in <parecchie realtà e paesi mi sono potuto creare una rete di amicizie, mistilingue.>	perché (.) eh: avendo giocato a calcio in <parecchie realtà e paesi mi sono potuto creare una rete di amicizie, mistilingue>.	perché (.) eh avendo giocato a calcio in parecchie realtà e paesi mi sono potuto creare una rete di amicizie mistilingue
241	BZ009	922.957	930.2	7.243	True	no	0	0	0	0	0	0	0	1	0	False	False	False	False	False	False	False	_	0	0	0	18	eh::m perché altrimenti logicamente il cortile che adesso >ormai praticamente i cortili non esistono più perché [è tutto,]<	eh::m perché altrimenti logicamente il cortile che adesso >ormai praticamente i cortili non esistono più perché [è tutto],<	ehm perché altrimenti logicamente il cortile che adesso ormai praticamente i cortili non esistono più perché è tutto
242	BZ001	929.5	929.85	0.35	True	no	0	0	0	0	0	0	0	1	0	False	False	False	False	False	False	False	_	0	0	0	1	[mh,]	[mh],	mh
243	BZ001	930.26	930.61	0.37	True	no	0	0	0	0	0	1	1	0	0	False	False	False	False	False	False	False	_	0	0	0	2	eh sì,=	eh sì,	eh sì
244	BZ009	930.61	931.92	1.33	True	no	0	0	0	0	0	1	1	0	0	False	False	False	False	False	False	False	_	0	0	0	3	=eh so- social,	eh so- social,	eh so- social
245	BZ009	932.17	934.9	2.73	True	no	0	0	0	0	0	0	0	0	0	False	False	False	False	False	False	False	_	0	0	0	5	eh:: so- social però digitale,	eh:: so- social però digitale,	eh so- social però digitale
246	BZ009	935.27	941.96	6.69	True	no	0	0	0	0	0	0	0	0	0	False	False	False	False	False	False	False	_	0	0	0	16	eh i cortili chiaramente raggruppavano i bambini dello stesso quartiere e quindi eh: eravamo tutti italiani.	eh i cortili chiaramente raggruppavano i bambini dello stesso quartiere e quindi eh: eravamo tutti italiani.	eh i cortili chiaramente raggruppavano i bambini dello stesso quartiere e quindi eh eravamo tutti italiani
247	BZ009	942.44	952.33	9.89	True	no	0	0	0	0	0	0	0	0	0	False	False	False	False	False	False	False	_	0	0	0	32	eh:: u- una squadra di calcio con cui ho giocato che era al di là del ponte talvera, eh: annoverava diciamo tra le sue file, eh bambini mistilingue, quindi è lì che,	eh:: u- una squadra di calcio con cui ho giocato che era al di là del ponte talvera, eh: annoverava diciamo tra le sue file, eh bambini mistilingue, quindi è lì che,	eh u- una squadra di calcio con cui ho giocato che era al di là del ponte talvera eh annoverava diciamo tra le sue file eh bambini mistilingue quindi è lì che
248	BZ009	952.61	957.12	4.51	True	no	0	0	0	0	0	0	0	0	0	False	False	False	False	False	False	False	_	0	0	0	12	impari a parlare anche altre lingue. quindi secondo me sarebbe da incentivare,	impari a parlare anche altre lingue. quindi secondo me sarebbe da incentivare,	impari a parlare anche altre lingue quindi secondo me sarebbe da incentivare
249	BZ009	957.41	960.07	2.66	True	no	0	0	0	0	0	0	0	0	0	False	False	False	False	False	False	False	_	0	0	0	5	lo sport e magari decentralizzarlo,	lo sport e magari decentralizzarlo,	lo sport e magari decentralizzarlo
250	BZ001	960.315	960.655	0.34	True	no	0	0	0	0	0	0	0	1	0	False	False	False	False	False	False	False	_	0	0	0	2	[mh=mh,]	[mh=mh],	mh mh
251	BZ009	960.39	962.63	2.24	True	no	0	0	0	0	0	0	0	0	0	False	False	False	False	False	False	False	_	0	0	0	7	[magari] fare alcune attività non lo so,	[magari] fare alcune attività non lo so,	magari fare alcune attività non lo so
252	BZ009	962.895	968.45	5.555	True	no	0	0	0	0	0	0	0	0	0	False	False	False	False	False	False	False	_	1	0	0	16	io ho giocato a tennis a: maso ron[co:, piuttosto] che andare magari, (.) la squadra di hockey,	io ho giocato a tennis a: maso ron[co:, piuttosto] che andare magari, (.) la squadra di hockey,	io ho giocato a tennis a maso ronco piuttosto che andare magari (.) la squadra di hockey
253	BZ001	964.84	965.75	0.91	True	no	0	0	0	0	0	0	0	1	0	False	False	False	False	False	False	False	_	1	0	0	2	[ah (.) okay,]	[ah (.) okay],	ah (.) okay
254	BZ009	968.73	972.19	3.46	True	no	0	0	0	0	0	0	0	0	0	False	False	False	False	False	False	False	_	0	0	0	8	eh:: non lo so a salorno, piuttosto che:,	eh:: non lo so a salorno, piuttosto che:,	eh non lo so a salorno piuttosto che
255	BZ009	972.425	975.365	2.94	True	no	0	0	0	0	0	0	0	0	0	False	False	False	False	False	False	False	_	0	0	0	8	cercare ecco la l'integrazione in questo modo.	cercare ecco la l'integrazione in questo modo.	cercare ecco la l' integrazione in questo modo
256	BZ001	975.68	979.57	3.89	True	no	0	0	0	0	0	1	0	0	0	False	False	False	False	False	True	False	257=0.185	0	0	0	18	in questi contesti quindi la comunicazione com'era? era un po' in una lingua un po' nell'altra?=	in questi contesti quindi la comunicazione com'era? era un po' in una lingua un po' nell'altra?	in questi contesti quindi la comunicazione com' era era un po' in una lingua un po' nell' altra
257	BZ009	979.385	980.085	0.7	True	no	0	0	0	0	0	1	0	0	0	False	False	False	False	False	True	False	256=0.185,258=0.125	0	0	0	1	=mistilingue,	mistilingue,	mistilingue
258	BZ001	979.96	980.56	0.63	True	no	0	0	0	0	0	1	1	0	0	False	False	False	False	False	True	False	257=0.125	0	0	0	2	=misti- okay.	misti- okay.	misti- okay
259	BZ009	980.56	982.26	1.73	True	no	0	0	0	0	0	0	1	0	0	False	False	False	False	False	False	False	_	0	0	0	4	a seconda di come,	a seconda di come,	a seconda di come
260	BZ009	982.65	985.24	2.59	True	no	0	0	0	0	0	0	0	0	0	False	False	False	False	False	False	False	_	0	0	0	7	secondo me bisognerebbe anche in maniera, mh	secondo me bisognerebbe anche in maniera, mh	secondo me bisognerebbe anche in maniera mh
261	BZ009	985.52	986.99	1.47	True	no	0	0	0	0	0	0	0	0	0	False	False	False	False	False	False	False	_	0	0	0	2	intelligente forse,	intelligente forse,	intelligente forse
262	BZ009	987.31	991.47	4.16	True	no	0	0	0	0	0	0	0	0	0	False	False	False	False	False	False	False	_	0	0	0	15	mettere a proprio agio la persona che è meno forte, su una delle due lingue.	mettere a proprio agio la persona che è meno forte, su una delle due lingue.	mettere a proprio agio la persona che è meno forte su una delle due lingue
263	BZ001	991.615	992.0	0.385	True	no	0	0	0	0	0	0	0	1	0	False	False	False	False	False	False	False	_	0	0	0	2	[mh=mh,]	[mh=mh],	mh mh
264	BZ009	991.82	992.595	0.775	True	no	0	0	0	0	0	0	0	0	0	False	False	False	False	False	False	False	_	0	0	0	3	[nel senso] magari,	[nel senso] magari,	nel senso magari
265	BZ009	993.015	997.835	4.82	True	no	0	0	0	0	0	0	0	0	0	False	False	False	False	False	False	False	_	0	0	0	14	se il: bambino fa più fatica in italiano, si può aiutarlo in tedesco, e:	se il: bambino fa più fatica in italiano, si può aiutarlo in tedesco, e:	se il bambino fa più fatica in italiano si può aiutarlo in tedesco e
266	BZ009	998.06	1002.49	4.43	True	no	0	0	0	0	0	0	0	0	0	False	False	False	False	False	False	False	_	0	0	0	11	certo <questo magari non lo aiuterà a crescere> nell'altra lingua,	certo <questo magari non lo aiuterà a crescere> nell'altra lingua,	certo questo magari non lo aiuterà a crescere nell' altra lingua
267	BZ009	1003.19	1008.8	5.61	True	no	0	0	0	0	0	0	0	1	0	False	False	False	False	False	False	False	_	0	0	0	17	<oppure,> cosa che facevamo quando giocavo a calcio era proprio la regola di parlare nell'altra lingua.	<oppure>, cosa che facevamo quando giocavo a calcio era proprio la regola di parlare nell'altra lingua.	oppure cosa che facevamo quando giocavo a calcio era proprio la regola di parlare nell' altra lingua
268	BZ001	1009.0	1009.54	0.54	True	no	0	0	0	0	0	0	0	0	0	False	False	False	False	False	False	False	_	0	0	0	2	ah okay.	ah okay.	ah okay
269	BZ009	1009.555	1011.42	1.865	True	no	0	0	0	0	0	0	0	0	0	False	False	False	False	False	False	False	_	0	0	0	7	quindi i bambini che facevano più fatica,	quindi i bambini che facevano più fatica,	quindi i bambini che facevano più fatica
270	BZ009	1011.73	1014.05	2.32	True	no	0	0	0	0	0	0	0	0	0	False	False	False	False	False	False	False	_	0	0	0	6	in italiano parlavano però in italiano,	in italiano parlavano però in italiano,	in italiano parlavano però in italiano
271	BZ009	1014.395	1015.465	1.07	True	no	0	0	0	0	0	0	0	0	0	False	False	False	False	False	False	False	_	0	0	0	2	e viceversa,	e viceversa,	e viceversa
272	BZ001	1015.837	1016.157	0.32	True	no	0	0	0	0	0	0	0	1	0	False	False	False	False	False	False	False	_	0	0	0	1	[bello,]	[bello],	bello
273	BZ009	1015.922	1018.952	3.03	True	no	0	0	0	0	0	0	0	0	0	False	False	False	False	False	False	False	_	0	0	0	9	[così] l'altro capiva, ma rispondeva nella sua lingua,	[così] l'altro capiva, ma rispondeva nella sua lingua,	così l' altro capiva ma rispondeva nella sua lingua
274	BZ009	1019.222	1022.512	3.29	True	no	0	0	0	0	0	0	0	0	0	False	False	False	False	False	False	False	_	0	0	0	7	nell'altra: nell'altra lingua. questo aiuta:	nell'altra: nell'altra lingua. questo aiuta:	nell' altra nell' altra lingua questo aiuta
275	BZ009	1023.062	1029.857	6.795	True	no	0	0	0	0	0	0	0	0	0	False	False	False	False	False	False	False	_	1	0	0	19	aiuta secondo me a imparare solo che (.) poi subentra la vergogna e: la paura di fare errori: e quindi,	aiuta secondo me a imparare solo che (.) poi subentra la vergogna e: la paura di fare errori: e quindi,	aiuta secondo me a imparare solo che (.) poi subentra la vergogna e la paura di fare errori e quindi
276	BZ009	1030.232	1033.432	3.2	True	no	0	0	0	0	0	0	0	0	0	False	False	False	False	False	False	False	_	0	0	0	11	quello un po' frena. però questo secondo me sarebbe bello che,	quello un po' frena. però questo secondo me sarebbe bello che,	quello un po' frena però questo secondo me sarebbe bello che
277	BZ009	1033.777	1036.47	2.693	True	no	0	0	0	0	0	1	0	0	0	False	False	False	False	False	False	False	_	0	0	0	10	si parlasse il contrario di come è più comodo insomma.=	si parlasse il contrario di come è più comodo insomma.	si parlasse il contrario di come è più comodo insomma
278	BZ001	1036.472	1037.37	0.898	True	no	0	0	0	0	0	1	0	0	0	False	False	False	False	False	False	False	_	0	0	0	3	=mh=mh, certo	mh=mh, certo	mh mh certo
279	BZ001	1037.672	1043.522	5.85	True	no	0	0	0	0	0	0	0	0	0	False	False	False	False	False	False	False	_	0	0	0	21	e il francese al di fuori invece di quel contesto: lavorativo diciamo di cui parlavi l'hai approfondito in qualche modo?	e il francese al di fuori invece di quel contesto: lavorativo diciamo di cui parlavi l'hai approfondito in qualche modo?	e il francese al di fuori invece di quel contesto lavorativo diciamo di cui parlavi l' hai approfondito in qualche modo
280	BZ009	1043.782	1054.622	10.84	True	no	0	0	0	0	0	0	0	2	0	False	False	False	False	False	False	False	_	1	0	0	27	allora il francese, eh: l'ho approfon- [non approfondito,] ma, l'ho, (.) eh: diciamo utilizzato nei viaggi che ho fatto in francia tra parigi le havre [dove,]	allora il francese, eh: l'ho approfon- [non approfondito], ma, l'ho, (.) eh: diciamo utilizzato nei viaggi che ho fatto in francia tra parigi le havre [dove],	allora il francese eh l' ho approfon- non approfondito ma l' ho (.) eh diciamo utilizzato nei viaggi che ho fatto in francia tra parigi le havre dove
281	BZ001	1046.867	1047.957	1.09	True	no	0	0	0	0	0	0	0	0	0	False	False	False	False	False	False	False	_	0	1	0	0	[((ride))]	[((ride))]	((ride))
282	BZ001	1053.907	1054.647	0.74	True	no	0	0	0	0	0	0	0	1	0	False	False	False	False	False	False	False	_	0	0	0	2	[mh=mh,]	[mh=mh],	mh mh
283	BZ009	1054.992	1058.802	3.81	True	no	0	0	0	0	0	0	0	1	0	False	False	False	False	False	False	False	_	0	0	0	8	dove per chiedere informazioni magari mi lanciavo [in:,]	dove per chiedere informazioni magari mi lanciavo [in:],	dove per chiedere informazioni magari mi lanciavo in
284	BZ001	1058.392	1059.122	0.73	True	no	0	0	0	0	0	0	0	1	0	False	False	False	False	False	False	False	_	0	0	0	2	[ah=eh,]	[ah=eh],	ah eh
285	BZ009	1059.572	1068.56	8.988	True	no	0	0	0	0	0	0	0	0	0	False	False	False	False	False	False	False	_	1	0	0	21	tentativi ecco, (.) eh: dovuti a: a: discorsi captati qua e là dal fatto che ripeto il mio direttore parlava, in francese.	tentativi ecco, (.) eh: dovuti a: a: discorsi captati qua e là dal fatto che ripeto il mio direttore parlava, in francese.	tentativi ecco (.) eh dovuti a a discorsi captati qua e là dal fatto che ripeto il mio direttore parlava in francese
286	BZ009	1069.212	1072.202	2.99	True	no	0	0	0	0	0	0	0	0	0	False	False	False	False	False	False	False	_	0	0	0	7	quindi era [un francese] im- imparato: così.	quindi era [un francese] im- imparato: così.	quindi era un francese im- imparato così
287	BZ001	1069.592	1070.592	1.0	True	no	0	0	0	0	0	0	0	0	0	False	False	False	False	False	False	False	_	0	1	0	0	[((ride))]	[((ride))]	((ride))
288	BZ001	1072.467	1075.837	3.37	True	no	0	0	0	0	0	0	0	1	0	False	False	False	False	False	False	False	_	0	0	0	14	quindi tu prima non l'avevi mai sentito [il francese, è iniziato col direttore,]	quindi tu prima non l'avevi mai sentito [il francese, è iniziato col direttore],	quindi tu prima non l' avevi mai sentito il francese è iniziato col direttore
289	BZ009	1073.777	1075.637	1.86	True	no	0	0	0	0	0	0	0	1	0	False	False	False	False	False	False	False	_	0	0	0	6	[mai sentito francese prima di jeanluc.]	[mai sentito francese prima di jeanluc].	mai sentito francese prima di jeanluc
290	BZ009	1075.852	1081.46	5.608	True	no	0	0	0	0	0	0	0	1	0	False	False	False	False	False	False	False	_	0	0	0	21	è iniziato col di[rettore] perché il primo giorno mi ha fatto un discorso, e: c'era la traduttrice che [mi traduceva.]	è iniziato col di[rettore] perché il primo giorno mi ha fatto un discorso, e: c'era la traduttrice che [mi traduceva].	è iniziato col direttore perché il primo giorno mi ha fatto un discorso e c' era la traduttrice che mi traduceva
291	BZ001	1076.91	1077.357	0.447	True	no	0	0	0	0	0	0	0	0	0	False	False	False	False	False	False	False	_	0	1	0	0	[((ride))]	[((ride))]	((ride))
292	BZ001	1081.112	1082.162	1.05	True	no	0	0	0	0	0	0	0	0	0	False	False	False	False	False	False	False	_	0	1	0	3	[ah ((ridendo))] okay okay.	[ah ((ridendo))] okay okay.	ah ((ridendo)) okay okay
293	BZ009	1082.282	1087.292	5.01	True	no	0	0	0	0	0	0	0	0	0	False	False	False	False	False	False	False	_	1	0	0	14	da lì: ho: iniziato un po': ho preso un libro, (.) un dizionario perché volevo,	da lì: ho: iniziato un po': ho preso un libro, (.) un dizionario perché volevo,	da lì ho iniziato un po' ho preso un libro (.) un dizionario perché volevo
294	BZ009	1088.022	1090.252	2.23	True	no	0	0	0	0	0	0	0	1	0	False	False	False	False	False	False	False	_	0	0	0	6	insomma la cultura è sempre [importante,]	insomma la cultura è sempre [importante],	insomma la cultura è sempre importante
295	BZ001	1090.152	1090.562	0.41	True	no	0	0	0	0	0	0	0	1	0	False	False	False	False	False	False	False	_	0	0	0	1	[.h]	[h.]	h
296	BZ009	1090.572	1098.522	7.95	True	no	0	0	0	0	0	0	0	0	0	False	False	False	False	False	False	False	_	0	0	0	31	e quindi ho iniziato un po' a approfondirlo, e poi il direttore mi parlava completamente in francese, e io gli rispondevo in italiano. ecco diciamo che il mio francese è più,	e quindi ho iniziato un po' a approfondirlo, e poi il direttore mi parlava completamente in francese, e io gli rispondevo in italiano. ecco diciamo che il mio francese è più,	e quindi ho iniziato un po' a approfondirlo e poi il direttore mi parlava completamente in francese e io gli rispondevo in italiano ecco diciamo che il mio francese è più
297	BZ009	1098.792	1100.102	1.33	True	no	0	0	0	0	0	1	1	0	0	False	False	False	False	False	False	False	_	0	0	0	4	da ascolto che da,=	da ascolto che da,	da ascolto che da
298	BZ001	1100.102	1100.542	0.46	True	no	0	0	0	0	0	1	1	0	0	False	False	False	False	False	False	False	_	0	0	0	1	=okay.	okay.	okay
299	BZ009	1100.647	1105.357	4.71	True	no	0	0	0	0	0	0	0	0	0	False	False	False	False	False	False	False	_	0	0	0	11	parlato ecco:, ascolto e comprensione posso dire di comprenderlo quasi bene.	parlato ecco:, ascolto e comprensione posso dire di comprenderlo quasi bene.	parlato ecco ascolto e comprensione posso dire di comprenderlo quasi bene
300	BZ009	1106.157	1110.3	4.143	True	no	0	0	0	0	0	1	0	0	0	False	False	False	False	False	True	False	301=0.183	0	0	0	10	eh:: poi a parigi ripeto mi sono lanciato in alcune,=	eh:: poi a parigi ripeto mi sono lanciato in alcune,	eh poi a parigi ripeto mi sono lanciato in alcune
301	BZ001	1110.117	1110.677	0.56	True	no	0	0	0	0	0	1	0	1	0	False	False	False	False	False	True	False	300=0.183	0	0	0	1	=.h	h.	h
302	BZ009	1110.782	1113.262	2.48	True	no	0	0	0	0	0	0	0	0	0	False	False	False	False	False	False	False	_	0	0	0	8	però non è una lingua secondo me, mh:	però non è una lingua secondo me, mh:	però non è una lingua secondo me mh
303	BZ009	1113.527	1114.927	1.4	True	no	0	0	0	0	0	0	0	0	0	False	False	False	False	False	False	False	_	0	0	0	3	eh che mh:,	eh che mh:,	eh che mh
304	BZ009	1115.172	1117.32	2.148	True	no	0	0	0	0	0	0	0	0	0	False	False	False	False	False	False	False	_	0	0	0	6	si ha poi così occasione di,	si ha poi così occasione di,	si ha poi così occasione di
305	BZ009	1117.627	1119.457	1.83	True	no	0	0	0	0	0	0	0	1	0	False	False	False	False	False	False	False	_	0	0	0	6	utilizzare al di fuori della [francia.]	utilizzare al di fuori della [francia].	utilizzare al di fuori della francia
306	BZ001	1119.127	1119.727	0.6	True	no	0	0	0	0	0	0	0	1	0	False	False	False	False	False	False	False	_	0	0	0	2	[mh=mh.]	[mh=mh].	mh mh
307	BZ001	1120.092	1120.67	0.578	True	no	0	0	0	0	0	0	0	0	0	False	False	False	False	False	False	False	_	0	0	0	1	certo.	certo.	certo
308	BZ001	1120.957	1130.66	9.703	True	no	0	0	0	0	0	0	0	0	0	False	False	False	False	False	False	False	_	1	0	0	31	senti allora mi hai detto tedesco, inglese, francese, italiano, (.) ci sono delle lingue che invece non hai mai studiato, o non hai mai avuto contatto, e che ti piacerebbe però imparare?	senti allora mi hai detto tedesco, inglese, francese, italiano, (.) ci sono delle lingue che invece non hai mai studiato, o non hai mai avuto contatto, e che ti piacerebbe però imparare?	senti allora mi hai detto tedesco inglese francese italiano (.) ci sono delle lingue che invece non hai mai studiato o non hai mai avuto contatto e che ti piacerebbe però imparare
309	BZ009	1130.917	1131.797	0.88	True	no	0	0	0	0	0	0	0	0	0	False	False	False	False	False	False	False	_	0	0	0	1	allora,	allora,	allora
310	BZ009	1132.342	1138.77	6.428	True	no	0	0	0	0	0	0	0	0	0	False	False	False	False	False	False	False	_	1	0	0	20	altre lingue, (.) che però non sono diciamo di uso corrente, greco antico e latino che ho studiato a scuola, però,	altre lingue, (.) che però non sono diciamo di uso corrente, greco antico e latino che ho studiato a scuola, però,	altre lingue (.) che però non sono diciamo di uso corrente greco antico e latino che ho studiato a scuola però
311	BZ001	1138.772	1140.292	1.52	True	no	0	0	0	0	0	0	0	1	0	False	False	False	False	False	False	False	_	1	0	0	5	[okay, (.) hai fatto il classico,]	[okay, (.) hai fatto il classico],	okay (.) hai fatto il classico
312	BZ009	1139.167	1144.75	5.583	True	no	0	0	0	0	0	0	0	0	0	False	False	False	False	False	False	False	_	2	0	0	16	[era giusto (.)] era giusto dirlo perché ho fatto il classico, (.) e qualcosa di greco ancora ricordo,	[era giusto (.)] era giusto dirlo perché ho fatto il classico, (.) e qualcosa di greco ancora ricordo,	era giusto (.) era giusto dirlo perché ho fatto il classico (.) e qualcosa di greco ancora ricordo
313	BZ001	1144.767	1145.207	0.44	True	no	0	0	0	0	0	0	0	0	0	False	False	False	False	False	False	False	_	0	0	0	2	mh=mh,	mh=mh,	mh mh
314	BZ009	1145.282	1151.122	5.84	True	no	0	0	0	0	0	0	0	1	0	False	False	False	False	False	False	False	_	0	0	0	17	eh:: lingue che non ho mai invece approcciato e mi piacerebbe approcciare sono >quelle tutte le orientali.<	eh:: lingue che non ho mai invece approcciato e mi piacerebbe approcciare sono >quelle tutte le orientali<.	eh lingue che non ho mai invece approcciato e mi piacerebbe approcciare sono quelle tutte le orientali
315	BZ001	1151.377	1151.9895000000001	0.64	True	no	0	0	0	0	0	1	1	0	0	False	False	False	False	False	False	False	_	0	0	0	2	ah okay.=	ah okay.	ah okay
316	BZ009	1151.9895000000001	1155.392	3.43	True	no	0	0	0	0	0	1	1	0	0	False	False	False	False	False	False	False	_	0	0	0	12	=che non ho proprio mai al di là di avere un tatuaggio,	che non ho proprio mai al di là di avere un tatuaggio,	che non ho proprio mai al di là di avere un tatuaggio
317	BZ009	1155.862	1158.302	2.44	True	no	0	0	0	0	0	0	0	0	0	False	False	False	False	False	False	False	_	0	0	0	7	perché la mia ex fidanzata studiava cinese,	perché la mia ex fidanzata studiava cinese,	perché la mia ex fidanzata studiava cinese
318	BZ001	1158.487	1158.947	0.46	True	no	0	0	0	0	0	0	0	1	0	False	False	False	False	False	False	False	_	0	0	0	1	ok[ay,]	ok[ay],	okay
319	BZ009	1158.812	1163.942	5.13	True	no	0	0	0	0	0	0	0	1	0	False	False	False	False	False	False	False	_	0	0	0	14	[e:]: il mio primo tatuaggio tra l'al[tro, par]liamo ormai di [vent'anni fa,]	[e:]: il mio primo tatuaggio tra l'al[tro, par]liamo ormai di [vent'anni fa],	e il mio primo tatuaggio tra l' altro parliamo ormai di vent' anni fa
320	BZ001	1162.012	1162.602	0.59	True	no	0	0	0	0	0	0	0	1	0	False	False	False	False	False	False	False	_	0	0	0	1	[ah.]	[ah].	ah
321	BZ001	1163.252	1163.872	0.62	True	no	0	0	0	0	0	0	0	0	0	False	False	False	False	False	False	False	_	0	1	0	0	[((ride))]	[((ride))]	((ride))
322	BZ009	1164.297	1168.427	4.13	True	no	0	0	0	0	0	1	0	0	0	False	False	False	False	False	True	False	323=0.220	0	0	0	11	eh:: non ho mai approcciato con lingue con le lingue orientali.=	eh:: non ho mai approcciato con lingue con le lingue orientali.	eh non ho mai approcciato con lingue con le lingue orientali
323	BZ001	1168.207	1170.98	2.773	True	no	0	0	0	0	0	2	0	0	0	False	False	False	False	False	True	False	322=0.220,324=0.018	0	0	0	9	=okay. e sei stato invece in asia? in viaggio?=	okay. e sei stato invece in asia? in viaggio?	okay e sei stato invece in asia in viaggio
324	BZ009	1170.962	1178.502	7.54	True	no	0	0	0	0	0	1	0	1	True	False	False	False	False	False	False	False	_	1	0	0	22	=no. (.) [non sono:] allora la parte <se così si può chiamare più asiatica che ho visto> è la turchia [diciamo e quindi,]	no. (.) [non sono:] allora la parte <se così si può chiamare più asiatica che ho visto> è la turchia [diciamo e quindi],	no (.) non sono allora la parte se così si può chiamare più asiatica che ho visto è la turchia diciamo e quindi
325	BZ001	1171.537	1172.247	0.71	True	no	0	0	0	0	0	0	0	1	0	False	False	False	False	False	False	False	_	0	0	0	1	[okay.]	[okay].	okay
326	BZ001	1177.637	1178.307	0.67	True	no	0	0	0	0	0	0	0	1	0	False	False	False	False	False	False	False	_	0	0	0	1	[okay,]	[okay],	okay
327	BZ009	1178.917	1181.217	2.3	True	no	0	0	0	0	0	0	0	0	0	False	False	False	False	False	False	False	_	1	0	0	5	ma non sono, (.) dovevo andare,	ma non sono, (.) dovevo andare,	ma non sono (.) dovevo andare
328	BZ009	1181.772	1185.13	3.358	True	no	0	0	0	0	0	0	0	0	0	False	False	False	False	False	False	False	_	0	0	0	8	e sarebbe stato il primo viaggio, in indonesia,	e sarebbe stato il primo viaggio, in indonesia,	e sarebbe stato il primo viaggio in indonesia
329	BZ009	1185.342	1188.212	2.87	True	no	0	0	0	0	0	0	0	0	0	False	False	False	False	False	False	False	_	0	0	0	11	ma eh: l'anno era il duemila e venti e quindi:	ma eh: l'anno era il duemila e venti e quindi:	ma eh l' anno era il duemila e venti e quindi
330	BZ001	1188.552	1189.392	0.84	True	no	1	0	0	0	0	1	0	0	0	False	False	False	False	False	True	False	331=0.235	0	1	0	2	e quindi, ((ride))=	e quindi, ((ride))	e quindi ((ride))
331	BZ009	1189.157	1191.417	2.26	True	no	0	0	0	0	0	1	0	0	0	False	False	False	False	False	True	False	330=0.235	0	0	0	6	=e quindi eh: l'indonesia rimane:,	e quindi eh: l'indonesia rimane:,	e quindi eh l' indonesia rimane
332	BZ009	1191.992	1196.152	4.16	True	no	0	0	0	0	0	0	0	0	0	False	False	False	False	False	False	False	_	0	0	0	13	rimarrà nei prossimi anni sperando che [qualcosa insomma] (poi) si ca- cambi ecco.	rimarrà nei prossimi anni sperando che [qualcosa insomma] (poi) si ca- cambi ecco.	rimarrà nei prossimi anni sperando che qualcosa insomma poi si ca- cambi ecco
333	BZ001	1194.017	1194.677	0.66	True	no	0	0	0	0	0	0	0	1	0	False	False	False	False	False	False	False	_	0	0	0	2	[eh sì.]	[eh sì].	eh sì
334	BZ001	1196.322	1203.81	7.488	True	no	0	0	0	0	0	0	0	0	0	False	False	False	False	False	False	False	_	2	0	0	21	e una curiosità se dovessi, (.) impa- decidere di voler imparare una di queste lingue, oggi senza averla mai parlata, (.) come cominceresti?	e una curiosità se dovessi, (.) impa- decidere di voler imparare una di queste lingue, oggi senza averla mai parlata, (.) come cominceresti?	e una curiosità se dovessi (.) impa- decidere di voler imparare una di queste lingue oggi senza averla mai parlata (.) come cominceresti
335	BZ001	1204.387	1207.84	3.453	True	no	0	0	0	0	0	1	0	1	True	False	False	False	False	False	False	False	336=0.098	0	0	0	7	<un corso, un libro, youtube, un viaggio,>=	<un corso, un libro, youtube, un viaggio>,	un corso un libro youtube un viaggio
336	BZ009	1207.742	1211.052	3.31	True	no	0	0	0	0	0	1	0	0	True	False	False	False	False	False	False	False	_	0	0	0	8	=no un corso. [perché penso] che l- ehm:,	no un corso. [perché penso] che l- ehm:,	no un corso perché penso che l- ehm
337	BZ001	1208.842	1209.312	0.47	True	no	0	0	0	0	0	0	0	1	0	False	False	False	False	False	False	False	_	0	0	0	1	[okay.]	[okay].	okay
338	BZ009	1211.442	1216.84	5.398	True	no	0	0	0	0	0	0	0	0	0	False	False	False	False	False	False	False	_	1	0	0	15	diciamo la pro- per quanto youtube, i libri, e tutto, però l'approccio, (.) eh: m-	diciamo la pro- per quanto youtube, i libri, e tutto, però l'approccio, (.) eh: m-	diciamo la pro- per quanto youtube i libri e tutto però l' approccio (.) eh m-
339	BZ009	1217.282	1219.762	2.48	True	no	0	0	0	0	0	1	0	0	0	False	False	False	False	False	True	False	340=0.245	0	0	0	5	persona, faccia a faccia sia=	persona, faccia a faccia sia	persona faccia a faccia sia
340	BZ001	1219.517	1219.987	0.47	True	no	0	0	0	0	0	1	0	0	0	False	False	False	False	False	True	False	339=0.245	0	0	0	2	=mh=mh,	mh=mh,	mh mh
341	BZ009	1219.987	1221.252	1.27	True	no	0	0	0	0	0	0	1	0	0	False	False	False	False	False	False	False	_	0	0	0	2	vincente ancora.	vincente ancora.	vincente ancora
342	BZ001	1221.252	1221.897	0.65	True	no	0	0	0	0	0	0	1	0	0	False	False	False	False	False	False	False	_	0	0	0	1	okay.	okay.	okay
343	BZ001	1222.267	1230.01	7.743	True	no	0	0	0	0	0	1	0	0	0	False	False	False	False	True	False	False	344=0.630,345=0.300,346=0.823	0	0	0	22	c'è qualche aneddoto legato alle lingue anche divertente così qualcosa qualche per esempio qualche fraintendimento [qualche aned]doto che [ti è capi]tato,=	c'è qualche aneddoto legato alle lingue anche divertente così qualcosa qualche per esempio qualche fraintendimento [qualche aned]doto che [ti è capi]tato,	c' è qualche aneddoto legato alle lingue anche divertente così qualcosa qualche per esempio qualche fraintendimento qualche aneddoto che ti è capitato
344	BZ009	1227.822	1228.452	0.63	True	no	0	0	0	0	0	0	0	1	0	False	False	False	False	False	False	False	_	0	0	0	1	[sì,]	[sì],	sì
345	BZ009	1228.662	1228.962	0.3	True	no	0	0	0	0	0	0	0	1	0	False	False	False	False	False	False	False	_	0	0	0	1	[sì,]	[sì],	sì
346	BZ009	1229.187	1231.48	2.293	True	no	0	0	0	0	0	1	0	1	0	False	False	False	False	True	False	False	343=0.823,347=0.728	0	0	0	6	=uno ci stavo pensando proprio [adesso,]	uno ci stavo pensando proprio [adesso],	uno ci stavo pensando proprio adesso
347	BZ001	1230.752	1231.852	1.1	True	no	0	0	0	0	0	0	0	0	True	False	False	False	False	False	False	False	_	0	1	0	0	[((ride))]	[((ride))]	((ride))
348	BZ009	1231.847	1238.737	6.89	True	no	0	0	0	0	0	0	0	0	True	False	False	False	False	False	False	False	347=0.005	1	0	0	12	perché eh: ho fatto un: mh (.) un viaggio, eh: nella in california,	perché eh: ho fatto un: mh (.) un viaggio, eh: nella in california,	perché eh ho fatto un mh (.) un viaggio eh nella in california
349	BZ009	1239.037	1243.29	4.253	True	no	0	0	0	0	0	0	0	0	0	False	False	False	False	False	False	False	_	0	0	0	11	eh: anni fa, in bassa california, e sono andato a tijuana,	eh: anni fa, in bassa california, e sono andato a tijuana,	eh anni fa in bassa california e sono andato a tijuana
350	BZ009	1243.722	1249.472	5.75	True	no	0	0	0	0	0	0	0	1	0	False	False	False	False	False	False	False	_	0	0	0	16	eh l'idea era appunto quella di andare a fotografare il cartello con la scritta [tijuana,]	eh l'idea era appunto quella di andare a fotografare il cartello con la scritta [tijuana],	eh l' idea era appunto quella di andare a fotografare il cartello con la scritta tijuana
351	BZ001	1248.692	1249.492	0.8	True	no	0	0	0	0	0	0	0	0	0	False	False	False	False	False	False	False	_	0	1	0	0	[((ride))]	[((ride))]	((ride))
352	BZ009	1249.707	1250.357	0.65	True	no	0	0	0	0	0	0	0	0	0	False	False	False	False	False	False	False	_	0	0	0	1	e,	e,	e
353	BZ009	1250.727	1259.147	8.42	True	no	0	0	0	0	0	0	0	0	0	False	False	False	False	False	False	False	_	0	0	0	21	varie vicissitudini poi mi son dovuto: mi son trovato a spiegare a un: poliziotto e all'esercito america[no perché fos]si lì,	varie vicissitudini poi mi son dovuto: mi son trovato a spiegare a un: poliziotto e all'esercito america[no perché fos]si lì,	varie vicissitudini poi mi son dovuto mi son trovato a spiegare a un poliziotto e all' esercito americano perché fossi lì
354	BZ001	1257.042	1258.222	1.18	True	no	0	0	0	0	0	0	0	0	0	False	False	False	False	False	False	False	_	0	1	0	0	[((ride))]	[((ride))]	((ride))
355	BZ009	1259.377	1261.937	2.56	True	no	0	0	0	0	0	0	0	1	0	False	False	False	False	False	False	False	_	0	0	0	7	e eh <non mi veniva la parola,>	e eh <non mi veniva la parola>,	e eh non mi veniva la parola
356	BZ009	1262.182	1266.562	4.38	True	no	0	0	0	0	0	0	0	0	0	False	False	False	False	False	False	False	_	0	0	0	15	non mi veniva la parola insegna, e continuavo a dire, i'm just here to,	non mi veniva la parola insegna, e continuavo a dire, i'm just here to,	non mi veniva la parola insegna e continuavo a dire i' m just here to
357	BZ009	1267.087	1269.817	2.73	True	no	0	0	0	0	0	0	0	0	True	False	False	False	False	False	False	False	358=0.030	0	0	0	8	eh: to take a look to the, cartello.	eh: to take a look to the, cartello.	eh to take a look to the cartello
358	BZ001	1269.787	1272.617	2.83	True	no	0	0	0	0	0	0	0	0	True	False	False	False	False	False	False	False	_	0	1	0	0	[((ride))]	[((ride))]	((ride))
359	BZ009	1269.857	1277.317	7.46	True	no	0	0	0	0	0	0	0	0	0	False	False	False	False	False	False	False	_	1	0	0	19	[eh: perché non mi veniva] (.) in mente e continuavo a dire the cartello e facevo il simbolo del cartello,	[eh: perché non mi veniva] (.) in mente e continuavo a dire the cartello e facevo il simbolo del cartello,	eh perché non mi veniva (.) in mente e continuavo a dire the cartello e facevo il simbolo del cartello
360	BZ009	1277.712	1281.482	3.77	True	no	0	0	0	0	0	0	0	0	0	False	False	False	False	False	False	False	_	0	0	0	10	[ma cartello: eh:] non è una parola che in messico,	[ma cartello: eh:] non è una parola che in messico,	ma cartello eh non è una parola che in messico
361	BZ001	1277.722	1279.692	1.97	True	no	0	0	0	0	0	0	0	1	0	False	False	False	False	False	False	False	_	0	0	0	5	[poi in messico non era,]	[poi in messico non era],	poi in messico non era
362	BZ009	1281.682	1288.25	6.568	True	no	0	0	0	0	0	0	0	1	0	False	False	False	False	False	False	False	_	1	0	0	19	prima continuavo <the cartel, the cartel,> >perché non mi veniva in mente< e poi dicevo the cartello, (.) e loro:,	prima continuavo <the cartel, the cartel>, >perché non mi veniva in mente< e poi dicevo the cartello, (.) e loro:,	prima continuavo the cartel the cartel perché non mi veniva in mente e poi dicevo the cartello (.) e loro
363	BZ009	1288.752	1293.072	4.32	True	no	0	0	0	0	0	0	0	1	0	False	False	False	False	False	False	False	_	0	0	0	20	mi hanno un po' guardato, >poi gli ho fatto vedere una foto sul telefonino,< e poi mi hanno detto guardi,	mi hanno un po' guardato, >poi gli ho fatto vedere una foto sul telefonino<, e poi mi hanno detto guardi,	mi hanno un po' guardato poi gli ho fatto vedere una foto sul telefonino e poi mi hanno detto guardi
364	BZ001	1293.187	1295.537	2.35	True	no	0	0	0	0	0	0	0	0	0	False	False	False	False	False	False	False	_	0	0	0	9	ma perché com'è, è cartello anche in: eh::	ma perché com'è, è cartello anche in: eh::	ma perché com' è è cartello anche in eh
365	BZ001	1295.847	1297.34	1.493	True	no	0	0	0	0	0	0	0	0	0	False	False	False	False	False	False	False	_	0	0	0	4	in lingua? [in in-]	in lingua? [in in-]	in lingua in in-
366	BZ009	1296.572	1305.832	9.26	True	no	0	0	0	0	0	0	0	0	0	False	False	False	False	False	False	False	_	1	0	0	24	[eh xx] eh: no ma:, l- (.) no- non lo so, però, eh: questa cosa io più io dicevo cartello più loro mi guardavano in maniera:,	[eh xx] eh: no ma:, l- (.) no- non lo so, però, eh: questa cosa io più io dicevo cartello più loro mi guardavano in maniera:,	eh xx eh no ma l- (.) no- non lo so però eh questa cosa io più io dicevo cartello più loro mi guardavano in maniera
367	BZ009	1306.127	1314.66	8.533	True	no	0	0	0	0	0	0	0	0	0	False	False	False	False	False	False	False	_	1	0	0	25	penso che cartello sia la nostra tras- ma ma sarà: (.) carte- sarà qualcosa che ci [assomiglia perché mi guarda]vano in una maniera:, non convintissimi ecco.	penso che cartello sia la nostra tras- ma ma sarà: (.) carte- sarà qualcosa che ci [assomiglia perché mi guarda]vano in una maniera:, non convintissimi ecco.	penso che cartello sia la nostra tras- ma ma sarà (.) carte- sarà qualcosa che ci assomiglia perché mi guardavano in una maniera non convintissimi ecco
368	BZ001	1310.61	1311.77	1.16	True	no	0	0	0	0	0	0	0	1	0	False	False	False	False	False	False	False	_	0	0	0	6	[eh sì sì non lo so,]	[eh sì sì non lo so],	eh sì sì non lo so
369	BZ001	1314.673	1315.373	0.7	True	no	0	0	0	0	0	0	0	0	0	False	False	False	False	False	False	False	_	0	1	0	0	((ride))	((ride))	((ride))
370	BZ009	1315.378	1316.758	1.38	True	no	0	0	0	0	0	1	0	0	True	False	False	False	False	False	False	False	371=0.038	0	0	0	1	eh::=	eh::	eh
371	BZ001	1316.72	1320.08	3.36	True	no	0	0	0	0	0	1	0	0	True	False	False	False	False	False	False	False	_	0	1	0	10	=be' quindi anche un fraintendimento rischioso eh in qualche modo, [((ride))]	be' quindi anche un fraintendimento rischioso eh in qualche modo, [((ride))]	be' quindi anche un fraintendimento rischioso eh in qualche modo ((ride))
372	BZ009	1319.203	1325.81	6.607	True	no	0	0	0	0	0	0	0	1	0	False	False	False	False	False	False	False	_	1	0	1, t.sk	19	[.tsk sì già eravamo] in una situazione non comodissima: e in più:, (.) quello è stato: quello è stato uno e,	[t.sk sì già eravamo] in una situazione non comodissima: e in più:, (.) quello è stato: quello è stato uno e,	t.sk sì già eravamo in una situazione non comodissima e in più (.) quello è stato quello è stato uno e
373	BZ009	1326.543	1330.1965	3.657	True	no	0	0	0	0	0	0	1	1	0	False	False	False	False	False	False	False	_	0	1	0	12	e poi se no ((ride)) no però il resto >è andato tutto abbastanza,<	e poi se no ((ride)) no però il resto >è andato tutto abbastanza<,	e poi se no ((ride)) no però il resto è andato tutto abbastanza
374	BZ001	1330.1965	1331.16	0.967	True	no	0	0	0	0	0	1	1	0	0	False	False	False	False	False	True	False	375=0.102	0	1	0	2	((ride)) tutto bene,=	((ride)) tutto bene,	((ride)) tutto bene
375	BZ009	1331.058	1331.93	0.872	True	no	0	0	0	0	0	2	0	0	0	False	False	False	False	False	True	False	374=0.102	0	0	0	2	=abbastanza liscio.=	abbastanza liscio.	abbastanza liscio
376	BZ001	1331.938	1334.67	2.732	True	no	0	0	0	0	0	1	0	0	0	False	False	False	False	False	False	False	_	1	0	0	8	=okay. (.) c'è qualcos'altro che vuoi: dire:?	okay. (.) c'è qualcos'altro che vuoi: dire:?	okay (.) c' è qualcos' altro che vuoi dire
377	BZ001	1334.9	1337.793	2.893	True	no	0	0	0	0	0	0	0	0	0	False	False	False	False	False	False	False	_	0	0	0	8	appunto in relazione al tedesco così qualche osservazione?	appunto in relazione al tedesco così qualche osservazione?	appunto in relazione al tedesco così qualche osservazione
378	BZ009	1338.793	1343.43	4.637	True	no	0	0	0	0	0	0	0	0	0	False	False	False	False	False	False	False	_	0	1	0	15	mah: ((sbuffa)) no penso di aver detto la la cosa ri- ripeto importante che per me,	mah: ((sbuffa)) no penso di aver detto la la cosa ri- ripeto importante che per me,	mah ((sbuffa)) no penso di aver detto la la cosa ri- ripeto importante che per me
379	BZ009	1343.733	1346.24	2.507	True	no	0	0	0	0	0	0	0	0	0	False	False	False	False	False	False	False	_	0	0	0	4	questo eh provincia abbiamo,	questo eh provincia abbiamo,	questo eh provincia abbiamo
380	BZ009	1346.618	1355.79	9.172	True	no	0	0	0	0	0	0	0	0	0	False	False	False	False	False	False	False	_	1	0	0	17	la possibilità di: (.) eh: crescere culturalmente, e, ampliare il nostro bagaglio culturale imparando due lingua dalla nascita,	la possibilità di: (.) eh: crescere culturalmente, e, ampliare il nostro bagaglio culturale imparando due lingua dalla nascita,	la possibilità di (.) eh crescere culturalmente e ampliare il nostro bagaglio culturale imparando due lingua dalla nascita
381	BZ009	1356.16	1359.57	3.41	True	no	0	0	0	0	0	0	0	0	0	False	False	False	False	False	False	False	_	0	0	0	9	ma ci creiamo delle complicazioni assurde per le quali,	ma ci creiamo delle complicazioni assurde per le quali,	ma ci creiamo delle complicazioni assurde per le quali
382	BZ009	1359.98	1364.06	4.08	True	no	0	0	0	0	0	0	0	0	0	False	False	False	False	False	False	False	_	0	0	0	10	l'altra lingua diventa proprio l'altra lingua da osteggiare.	l'altra lingua diventa proprio l'altra lingua da osteggiare.	l' altra lingua diventa proprio l' altra lingua da osteggiare
383	BZ009	1365.005	1366.925	1.92	True	no	0	0	0	0	0	0	0	0	0	False	False	False	False	False	False	False	_	0	0	0	4	e: e secondo me:,	e: e secondo me:,	e e secondo me
384	BZ009	1367.33	1369.28	1.95	True	no	0	0	0	0	0	0	0	0	0	False	False	False	False	False	False	False	_	0	0	0	4	perdiamo una grosse occasione,	perdiamo una grosse occasione,	perdiamo una grosse occasione
385	BZ009	1369.895	1372.165	2.27	True	no	0	0	0	0	0	0	0	0	0	False	False	False	False	False	False	False	_	0	0	0	7	e: dovuta anche al fatto dell'obbligo.	e: dovuta anche al fatto dell'obbligo.	e dovuta anche al fatto dell' obbligo
386	BZ009	1372.405	1380.645	8.24	True	no	0	0	0	0	0	0	0	0	0	False	False	False	False	False	False	False	_	0	0	0	21	perché secondo me spesso l'obbligo con il <patentino> con >queste cose qua< può essere d'ostacolo. perché sarebbe molto più,	perché secondo me spesso l'obbligo con il <patentino> con >queste cose qua< può essere d'ostacolo. perché sarebbe molto più,	perché secondo me spesso l' obbligo con il patentino con queste cose qua può essere d' ostacolo perché sarebbe molto più
387	BZ009	1381.12	1384.26	3.14	True	no	0	0	0	0	0	0	0	0	0	False	False	False	False	False	False	False	_	0	0	0	6	facile se ognuno potesse impararla liberamente,	facile se ognuno potesse impararla liberamente,	facile se ognuno potesse impararla liberamente
388	BZ009	1384.945	1386.195	1.25	True	no	0	0	0	0	0	0	0	0	0	False	False	False	False	False	False	False	_	0	0	0	2	eh forse,	eh forse,	eh forse
389	BZ009	1386.515	1388.475	1.96	True	no	0	0	0	0	0	0	0	0	0	False	False	False	False	False	False	False	_	0	0	0	4	potrebbe essere d'aiuto.	potrebbe essere d'aiuto.	potrebbe essere d' aiuto
390	BZ009	1388.89	1393.54	4.65	True	no	0	0	0	0	0	0	0	0	0	False	False	False	False	False	False	False	_	1	0	0	9	e ripeto (.) e sicuramente creare un contesto bilingue perfetto,	e ripeto (.) e sicuramente creare un contesto bilingue perfetto,	e ripeto (.) e sicuramente creare un contesto bilingue perfetto
391	BZ009	1394.29	1395.25	0.96	True	no	0	0	0	0	0	1	0	0	0	False	False	False	False	False	True	False	392=0.455	0	0	0	1	aiuterebbe,=	aiuterebbe,	aiuterebbe
392	BZ001	1394.795	1395.315	0.52	True	no	0	0	0	0	0	1	0	0	0	False	False	False	False	False	True	False	391=0.455	0	0	0	1	=mh,	mh,	mh
393	BZ001	1395.72	1400.38	4.66	True	no	0	0	0	0	0	0	0	0	0	False	False	False	False	False	False	False	_	2	0	0	15	in cui ti trovi (.) a parlare la lingua (.) per comunicare con delle persone no? non,	in cui ti trovi (.) a parlare la lingua (.) per comunicare con delle persone no? non,	in cui ti trovi (.) a parlare la lingua (.) per comunicare con delle persone no non
394	BZ001	1400.58	1404.175	3.595	True	no	0	0	0	0	0	0	0	0	0	False	False	False	False	False	False	False	_	0	0	0	12	cioè perché ti serve veramente la lingua, effettivamente questa cosa un po':,	cioè perché ti serve veramente la lingua, effettivamente questa cosa un po':,	cioè perché ti serve veramente la lingua effettivamente questa cosa un po'
395	BZ001	1404.82	1405.46	0.64	True	no	0	0	0	0	0	0	0	0	0	False	False	False	False	False	False	False	_	0	0	0	1	manca.	manca.	manca
396	BZ009	1405.5	1416.37	10.87	True	no	0	0	0	0	0	0	0	0	0	False	False	False	False	False	False	False	_	2	0	0	30	anche, sì. anche perché questa: certificazione alla fine sì (.) può certificare, io penso alla mia situazione, se io (.) eh: avessi fatto il patentino a a diciannove anni uscito dalla scuola,	anche, sì. anche perché questa: certificazione alla fine sì (.) può certificare, io penso alla mia situazione, se io (.) eh: avessi fatto il patentino a a diciannove anni uscito dalla scuola,	anche sì anche perché questa certificazione alla fine sì (.) può certificare io penso alla mia situazione se io (.) eh avessi fatto il patentino a a diciannove anni uscito dalla scuola
397	BZ009	1416.86	1420.51	3.65	True	no	0	0	0	0	0	0	0	0	0	False	False	False	False	False	False	False	_	1	0	0	9	e poi (.) da diciannove ai trentotto come ho fatto,	e poi (.) da diciannove ai trentotto come ho fatto,	e poi (.) da diciannove ai trentotto come ho fatto
398	BZ009	1420.84	1428.4	7.56	True	no	0	0	0	0	0	0	0	0	0	False	False	False	False	False	False	False	_	1	0	0	16	ehm n- non avessi più parlato in: tedesco, (.) mi sarei ritrovato certificato senza una reale conoscenza.	ehm n- non avessi più parlato in: tedesco, (.) mi sarei ritrovato certificato senza una reale conoscenza.	ehm n- non avessi più parlato in tedesco (.) mi sarei ritrovato certificato senza una reale conoscenza
399	BZ009	1428.677	1428.9920000000002	0.35	True	no	0	0	0	0	0	0	1	0	0	False	False	False	False	False	False	False	_	0	0	0	1	quindi,	quindi,	quindi
400	BZ001	1428.9920000000002	1429.447	0.49	True	no	0	0	0	0	0	0	1	0	0	False	False	False	False	False	False	False	_	0	0	0	1	certo.	certo.	certo
401	BZ009	1429.587	1431.387	1.8	True	no	0	0	0	0	0	0	0	0	0	False	False	False	False	False	False	False	_	0	0	0	5	non è un metodo per,	non è un metodo per,	non è un metodo per
402	BZ009	1431.702	1433.03	1.328	True	no	0	0	0	0	0	0	0	0	0	False	False	False	False	False	False	False	_	0	0	0	3	per discriminare, eh	per discriminare, eh	per discriminare eh
403	BZ009	1433.667	1438.697	5.03	True	no	0	0	0	0	0	0	0	0	0	False	False	False	False	False	False	False	_	0	0	0	14	o per p- p- più che per discriminare per <attestare> la [conoscenza] di qualcosa.	o per p- p- più che per discriminare per <attestare> la [conoscenza] di qualcosa.	o per p- p- più che per discriminare per attestare la conoscenza di qualcosa
404	BZ001	1437.227	1437.707	0.48	True	no	0	0	0	0	0	0	0	1	0	False	False	False	False	False	False	False	_	0	0	0	2	[mh=mh,]	[mh=mh],	mh mh
405	BZ001	1438.852	1439.412	0.56	True	no	0	0	0	0	0	0	0	0	0	False	False	False	False	False	False	False	_	0	0	0	1	certo.	certo.	certo
406	BZ009	1439.417	1446.54	7.123	True	no	0	0	0	0	0	0	0	0	0	False	False	False	False	False	False	False	_	0	0	0	19	eh:: questo metodo qua. o si fanno poi i controlli tra virgolette periodici, tipo la patente di guida, ti[po:]	eh:: questo metodo qua. o si fanno poi i controlli tra virgolette periodici, tipo la patente di guida, ti[po:]	eh questo metodo qua o si fanno poi i controlli tra virgolette periodici tipo la patente di guida tipo
407	BZ001	1445.997	1446.487	0.49	True	no	0	0	0	0	0	0	0	1	0	False	False	False	False	False	False	False	_	0	0	0	2	[mh=mh.]	[mh=mh].	mh mh
408	BZ009	1447.187	1447.997	0.81	True	no	0	0	0	0	0	0	0	0	0	False	False	False	False	False	False	False	_	0	0	0	1	altrimenti,	altrimenti,	altrimenti
409	BZ009	1448.367	1449.557	1.19	True	no	0	0	0	0	0	0	0	0	0	False	False	False	False	False	False	False	_	0	0	0	2	la vedo:,	la vedo:,	la vedo
410	BZ009	1449.767	1454.307	4.54	True	no	0	0	0	0	0	0	0	0	0	False	False	False	False	False	False	False	_	0	0	0	12	la vedo ancora un po' quasi un'imposizione, così strutturata, che non,	la vedo ancora un po' quasi un'imposizione, così strutturata, che non,	la vedo ancora un po' quasi un' imposizione così strutturata che non
411	BZ009	1454.822	1456.592	1.77	True	no	0	0	0	0	0	0	0	0	0	False	False	False	False	False	False	False	_	0	0	0	6	non porta da nessuna parte ecco.	non porta da nessuna parte ecco.	non porta da nessuna parte ecco
412	BZ001	1456.732	1457.452	0.72	True	no	0	0	0	0	0	0	0	0	0	False	False	False	False	False	False	False	_	0	0	0	2	mh=mh.	mh=mh.	mh mh
413	BZ001	1457.697	1459.317	1.62	True	no	0	0	0	0	0	0	0	0	0	False	False	False	False	False	False	False	_	0	0	0	3	okay, grazie mille.	okay, grazie mille.	okay grazie mille
414	BZ009	1459.332	1460.132	0.81	True	no	0	0	0	0	0	0	1	0	0	False	False	False	False	False	False	False	_	0	0	0	3	grazie a voi.	grazie a voi.	grazie a voi
415	BZ001	1460.132	1460.842	0.72	True	no	0	0	0	0	0	0	1	0	0	False	False	False	False	False	False	False	_	0	0	0	1	grazie.	grazie.	grazie
