token_id	speaker	tu_id	id	span	form	lemma	upos	xpos	feats	deprel	type	meta_label	variation	jefferson_feats	align	prolongations	pace	guesses	overlaps
0-0	BX001	0	0	sì	sì	_	_	_	_	_	linguistic	_	none	_	Begin=2.75	_	_	_	_
0-1	BX001	0	1	esatto,	esatto	_	_	_	_	_	linguistic	_	none	Intonation=WeaklyRising	_	_	_	_	_
0-2	BX001	0	2	no	no	_	_	_	_	_	linguistic	_	none	_	_	_	_	_	_
0-3	BX001	0	3	ma	ma	_	_	_	_	_	linguistic	_	none	_	_	_	_	_	_
0-4	BX001	0	4	infatti	infatti	_	_	_	_	_	linguistic	_	none	PauseAfter=Yes	_	_	_	_	_
0-5	BX001	0	5	(.)	(.)	_	_	_	_	_	shortpause	_	none	_	_	_	_	_	_
0-6	BX001	0	6	solo	solo	_	_	_	_	_	linguistic	_	none	_	_	_	_	_	_
0-7	BX001	0	7	per	per	_	_	_	_	_	linguistic	_	none	_	_	_	_	_	_
0-8	BX001	0	8	quello	quello	_	_	_	_	_	linguistic	_	none	_	_	_	_	_	_
0-9	BX001	0	9	eh	eh	_	_	_	_	_	linguistic	_	none	_	End=5.63	_	_	_	_
1-0	BX002	1	0	beh	beh	_	_	_	_	_	linguistic	_	none	_	Begin=7.83	_	_	_	_
1-1	BX002	1	1	ma	ma	_	_	_	_	_	linguistic	_	none	_	_	_	_	_	_
1-2	BX002	1	2	ehm:	ehm	_	_	_	_	_	linguistic	_	none	PauseAfter=Yes	_	2x1	_	_	_
1-3	BX002	1	3	(.)	(.)	_	_	_	_	_	shortpause	_	none	_	_	_	_	_	_
1-4	BX002	1	4	questa	questa	_	_	_	_	_	linguistic	_	none	_	_	_	_	_	_
1-5	BX002	1	5	raga-	raga-	_	_	_	_	_	linguistic	_	none	Interrupted=Yes	_	_	_	_	_
1-6	BX002	1	6	quell'	quell'	_	_	_	_	_	linguistic	_	none	SpaceAfter=No	_	_	_	_	_
1-7	BX002	1	7	altra	altra	_	_	_	_	_	linguistic	_	none	_	_	_	_	_	_
1-8	BX002	1	8	ragazza	ragazza	_	_	_	_	_	linguistic	_	none	_	_	_	_	_	_
1-9	BX002	1	9	che:	che	_	_	_	_	_	linguistic	_	none	_	_	2x1	_	_	_
1-10	BX002	1	10	ha	ha	_	_	_	_	_	linguistic	_	none	_	_	_	_	_	_
1-11	BX002	1	11	fatto	fatto	_	_	_	_	_	linguistic	_	none	_	_	_	_	_	_
1-12	BX002	1	12	la	la	_	_	_	_	_	linguistic	_	none	_	_	_	_	_	_
1-13	BX002	1	13	presentazione	presentazione	_	_	_	_	_	linguistic	_	none	_	_	_	_	_	_
1-14	BX002	1	14	invece,	invece	_	_	_	_	_	linguistic	_	none	Intonation=WeaklyRising	_	_	_	_	_
1-15	BX002	1	15	ha	ha	_	_	_	_	_	linguistic	_	none	_	_	_	_	_	_
1-16	BX002	1	16	portato	portato	_	_	_	_	_	linguistic	_	none	_	_	_	_	_	_
1-17	BX002	1	17	il:	il	_	_	_	_	_	linguistic	_	none	_	_	1x1	_	_	_
1-18	BX002	1	18	i	i	_	_	_	_	_	linguistic	_	none	_	_	_	_	_	_
1-19	BX002	1	19	deutschsprachige	deutschsprachige	_	_	_	_	_	linguistic	_	none	_	_	_	_	_	_
1-20	BX002	1	20	in	in	_	_	_	_	_	linguistic	_	none	PauseAfter=Yes	_	_	_	_	_
1-21	BX002	1	21	(.)	(.)	_	_	_	_	_	shortpause	_	none	_	_	_	_	_	_
1-22	BX002	1	22	bolivien	bolivien	_	_	_	_	_	linguistic	_	none	_	_	_	_	_	_
1-23	BX002	1	23	anche.	anche	_	_	_	_	_	linguistic	_	none	Intonation=Falling	End=17.35	_	_	_	_
2-0	BX002	2	0	bolivia	bolivia	_	_	_	_	_	linguistic	_	none	_	Begin=18.5	_	_	_	_
2-1	BX002	2	1	anche.	anche	_	_	_	_	_	linguistic	_	none	Intonation=Falling	End=19.82	_	_	_	_
3-0	BX001	3	0	no	no	_	_	_	_	_	linguistic	_	none	_	Begin=19.84	_	_	_	_
3-1	BX001	3	1	((ride))	((ride))	_	_	_	_	_	nonverbalbehavior	_	none	_	End=20.41	_	_	_	_
4-0	BX002	4	0	ti	ti	_	_	_	_	_	linguistic	_	none	_	Begin=20.44	_	_	_	_
4-1	BX002	4	1	[giuro].	giuro	_	_	_	_	_	linguistic	_	none	Intonation=Falling	End=21.25	_	_	_	0-5(0)
5-0	BX001	5	0	[(xx)]	xx	_	_	_	_	_	unknown	_	none	Syllables=2	Begin=20.59	_	_	0-2(0)	0-2(?)
5-1	BX001	5	1	((ride))	((ride))	_	_	_	_	_	nonverbalbehavior	_	none	_	End=21.87	_	_	_	_
6-0	BX002	6	0	(xx)	xx	_	_	_	_	_	unknown	_	none	Syllables=2	Begin=21.745	_	_	0-2(0)	_
6-1	BX002	6	1	bolivia	bolivia	_	_	_	_	_	linguistic	_	none	PauseAfter=Yes	_	_	_	_	_
6-2	BX002	6	2	(.)	(.)	_	_	_	_	_	shortpause	_	none	_	_	_	_	_	_
6-3	BX002	6	3	e	e	_	_	_	_	_	linguistic	_	none	_	_	_	_	_	_
6-4	BX002	6	4	io	io	_	_	_	_	_	linguistic	_	none	_	_	_	_	_	_
6-5	BX002	6	5	[(xxx)]	xxx	_	_	_	_	_	unknown	_	none	Syllables=3	End=23.91	_	_	0-3(1)	0-3(?)
7-0	BX001	7	0	[((ride))]	((ride))	_	_	_	_	_	nonverbalbehavior	_	none	_	Begin=23.64|End=25.02	_	_	_	0-4(?)
8-0	BX002	8	0	cioè	cioè	_	_	_	_	_	linguistic	_	none	_	Begin=24.125	_	_	_	_
8-1	BX002	8	1	io	io	_	_	_	_	_	linguistic	_	none	_	_	_	_	_	_
8-2	BX002	8	2	dovevo	dovevo	_	_	_	_	_	linguistic	_	none	PauseAfter=Yes	_	_	_	_	_
8-3	BX002	8	3	(.)	(.)	_	_	_	_	_	shortpause	_	none	_	_	_	_	_	_
8-4	BX002	8	4	a	a	_	_	_	_	_	linguistic	_	none	_	_	_	_	_	_
8-5	BX002	8	5	volte	volte	_	_	_	_	_	linguistic	_	none	_	_	_	_	_	_
8-6	BX002	8	6	spegnere	spegnere	_	_	_	_	_	linguistic	_	none	_	_	_	_	_	_
8-7	BX002	8	7	la	la	_	_	_	_	_	linguistic	_	none	_	_	_	_	_	_
8-8	BX002	8	8	telecamera	telecamera	_	_	_	_	_	linguistic	_	none	_	_	_	_	_	_
8-9	BX002	8	9	perché	perché	_	_	_	_	_	linguistic	_	none	_	_	_	_	_	_
8-10	BX002	8	10	mi	mi	_	_	_	_	_	linguistic	_	none	_	_	_	_	_	_
8-11	BX002	8	11	veniva	veniva	_	_	_	_	_	linguistic	_	none	_	_	_	_	_	_
8-12	BX002	8	12	da	da	_	_	_	_	_	linguistic	_	none	_	_	_	_	_	_
8-13	BX002	8	13	ri[dere,	ridere	_	_	_	_	_	linguistic	_	none	Intonation=WeaklyRising|PauseAfter=Yes	_	_	_	_	2-6(?)
8-14	BX002	8	14	(.)	(.)	_	_	_	_	_	shortpause	_	none	_	_	_	_	_	_
8-15	BX002	8	15	perché]	perché	_	_	_	_	_	linguistic	_	none	_	End=28.46	_	_	_	0-6(?)
9-0	BX003	9	0	[((ride))]	((ride))	_	_	_	_	_	nonverbalbehavior	_	none	_	Begin=27.347|End=28.477	_	_	_	0-4(328)
10-0	BX001	10	0	[((ride))	((ride))	_	_	_	_	_	nonverbalbehavior	_	none	_	Begin=27.685	_	_	_	0-4(328)
10-1	BX001	10	1	eh]	eh	_	_	_	_	_	linguistic	_	none	_	_	_	_	_	0-2(328)
10-2	BX001	10	2	sì,	sì	_	_	_	_	_	linguistic	_	none	Intonation=WeaklyRising	End=28.75	_	_	_	_
11-0	BX002	11	0	sai	sai	_	_	_	_	_	linguistic	_	none	_	Begin=29.017	_	_	_	_
11-1	BX002	11	1	la	la	_	_	_	_	_	linguistic	_	none	_	_	_	_	_	_
11-2	BX002	11	2	storia	storia	_	_	_	_	_	linguistic	_	none	_	_	_	_	_	_
11-3	BX002	11	3	della	della	_	_	_	_	_	linguistic	_	none	_	_	_	_	_	_
11-4	BX002	11	4	bolivia?	bolivia	_	_	_	_	_	linguistic	_	none	Intonation=Rising|PauseAfter=Yes	_	_	_	_	_
11-5	BX002	11	5	(.)	(.)	_	_	_	_	_	shortpause	_	none	_	_	_	_	_	_
11-6	BX002	11	6	che	che	_	_	_	_	_	linguistic	_	none	_	_	_	_	_	_
11-7	BX002	11	7	la	la	_	_	_	_	_	linguistic	_	none	_	_	_	_	_	_
11-8	BX002	11	8	bolivia	bolivia	_	_	_	_	_	linguistic	_	none	_	_	_	_	_	_
11-9	BX002	11	9	è	è	_	_	_	_	_	linguistic	_	none	_	_	_	_	_	_
11-10	BX002	11	10	povera,	povera	_	_	_	_	_	linguistic	_	none	Intonation=WeaklyRising	End=31.96	_	_	_	_
12-0	BX003	12	0	[sì	sì	_	_	_	_	_	linguistic	_	none	_	Begin=31.925	_	_	_	0-2(5)
12-1	BX003	12	1	sì	sì	_	_	_	_	_	linguistic	_	none	_	_	_	_	_	0-2(5)
12-2	BX003	12	2	sì	sì	_	_	_	_	_	linguistic	_	none	_	_	_	_	_	0-2(5)
12-3	BX003	12	3	xxxx]	xxxx	_	_	_	_	_	unknown	_	none	Syllables=4	End=33.435	_	_	_	0-4(5)
13-0	BX001	13	0	[sì:	sì	_	_	_	_	_	linguistic	_	none	_	Begin=32.0	1x1	_	_	0-2(5)
13-1	BX001	13	1	ma	ma	_	_	_	_	_	linguistic	_	none	_	_	_	_	_	0-2(5)
13-2	BX001	13	2	ne	ne	_	_	_	_	_	linguistic	_	none	_	_	_	_	_	0-2(5)
13-3	BX001	13	3	abbiamo	abbiamo	_	_	_	_	_	linguistic	_	none	_	_	_	_	_	0-7(5)
13-4	BX001	13	4	parlato	parlato	_	_	_	_	_	linguistic	_	none	_	_	_	_	_	0-7(5)
13-5	BX001	13	5	l'	l'	_	_	_	_	_	linguistic	_	none	SpaceAfter=No	_	_	_	_	0-2(5)
13-6	BX001	13	6	altra]	altra	_	_	_	_	_	linguistic	_	none	_	_	_	_	_	0-5(5)
13-7	BX001	13	7	[volta,	volta	_	_	_	_	_	linguistic	_	none	Intonation=WeaklyRising|PauseAfter=Yes	_	_	_	_	0-5(6)
13-8	BX001	13	8	(.)	(.)	_	_	_	_	_	shortpause	_	none	_	_	_	_	_	_
13-9	BX001	13	9	abbiamo	abbiamo	_	_	_	_	_	linguistic	_	none	_	_	_	_	_	0-7(6)
13-10	BX001	13	10	visto	visto	_	_	_	_	_	linguistic	_	none	_	_	_	_	_	0-5(6)
13-11	BX001	13	11	la:	la	_	_	_	_	_	linguistic	_	none	PauseAfter=Yes	_	1x1	_	_	0-2(6)
13-12	BX001	13	12	(.)	(.)	_	_	_	_	_	shortpause	_	none	_	_	_	_	_	_
13-13	BX001	13	13	la	la	_	_	_	_	_	linguistic	_	none	_	_	_	_	_	0-2(6)
13-14	BX001	13	14	strada,	strada	_	_	_	_	_	linguistic	_	none	Intonation=WeaklyRising	_	_	_	_	0-6(6)
13-15	BX001	13	15	no]?	no	_	_	_	_	_	linguistic	_	none	Intonation=Rising	End=35.78	_	_	_	0-2(6)
14-0	BX002	14	0	[eh	eh	_	_	_	_	_	linguistic	_	none	_	Begin=33.45	_	_	_	_
14-1	BX002	14	1	esatto].	esatto	_	_	_	_	_	linguistic	_	none	Intonation=Falling|PauseAfter=Yes	_	_	_	_	_
14-2	BX002	14	2	[(.)	(.)	_	_	_	_	_	shortpause	_	none	_	_	_	_	_	_
14-3	BX002	14	3	e	e	_	_	_	_	_	linguistic	_	none	_	_	_	_	_	_
14-4	BX002	14	4	io	io	_	_	_	_	_	linguistic	_	none	_	_	_	_	_	_
14-5	BX002	14	5	da	da	_	_	_	_	_	linguistic	_	none	_	_	_	_	_	_
14-6	BX002	14	6	quella	quella	_	_	_	_	_	linguistic	_	none	_	_	_	_	_	_
14-7	BX002	14	7	volta,	volta	_	_	_	_	_	linguistic	_	none	Intonation=WeaklyRising	End=35.65	_	_	_	_
15-0	BX002	15	0	sì	sì	_	_	_	_	_	linguistic	_	none	_	Begin=35.78	_	_	_	_
15-1	BX002	15	1	[sì	sì	_	_	_	_	_	linguistic	_	none	_	_	_	_	_	0-2(7)
15-2	BX002	15	2	sì]	sì	_	_	_	_	_	linguistic	_	none	_	End=36.35	_	_	_	0-2(7)
16-0	BX001	16	0	[cioè	cioè	_	_	_	_	_	linguistic	_	none	_	Begin=35.93	_	_	_	0-4(7)
16-1	BX001	16	1	la]	la	_	_	_	_	_	linguistic	_	none	_	_	_	_	_	0-2(7)
16-2	BX001	16	2	death	death	_	_	_	_	_	linguistic	_	none	_	_	_	_	_	_
16-3	BX001	16	3	road	road	_	_	_	_	_	linguistic	_	none	_	End=37.11	_	_	_	_
17-0	BX002	17	0	esatto.	esatto	_	_	_	_	_	linguistic	_	none	Intonation=Falling|PauseAfter=Yes	Begin=37.115	_	_	_	_
17-1	BX002	17	1	(.)	(.)	_	_	_	_	_	shortpause	_	none	_	_	_	_	_	_
17-2	BX002	17	2	io	io	_	_	_	_	_	linguistic	_	none	_	_	_	_	_	_
17-3	BX002	17	3	da	da	_	_	_	_	_	linguistic	_	none	_	_	_	_	_	_
17-4	BX002	17	4	quella	quella	_	_	_	_	_	linguistic	_	none	_	_	_	_	_	_
17-5	BX002	17	5	volta	volta	_	_	_	_	_	linguistic	_	none	_	_	_	_	_	_
17-6	BX002	17	6	ogni	ogni	_	_	_	_	_	linguistic	_	none	_	_	_	_	_	_
17-7	BX002	17	7	volta	volta	_	_	_	_	_	linguistic	_	none	_	_	_	_	_	_
17-8	BX002	17	8	che	che	_	_	_	_	_	linguistic	_	none	_	_	_	_	_	_
17-9	BX002	17	9	sento	sento	_	_	_	_	_	linguistic	_	none	_	_	_	_	_	_
17-10	BX002	17	10	la	la	_	_	_	_	_	linguistic	_	none	_	_	_	_	_	_
17-11	BX002	17	11	bolivia	bolivia	_	_	_	_	_	linguistic	_	none	_	_	_	_	_	_
17-12	BX002	17	12	mi	mi	_	_	_	_	_	linguistic	_	none	_	_	_	_	_	_
17-13	BX002	17	13	vien	vien	_	_	_	_	_	linguistic	_	none	_	_	_	_	_	_
17-14	BX002	17	14	da	da	_	_	_	_	_	linguistic	_	none	_	_	_	_	_	_
17-15	BX002	17	15	ridere	ridere	_	_	_	_	_	linguistic	_	none	_	_	_	_	_	_
17-16	BX002	17	16	((ridendo))	((ridendo))	_	_	_	_	_	nonverbalbehavior	_	none	_	End=40.33	_	_	_	_
18-0	BX003	18	0	ma	ma	_	_	_	_	_	linguistic	_	none	_	Begin=40.377	_	_	_	_
18-1	BX003	18	1	perché?	perché	_	_	_	_	_	linguistic	_	none	Intonation=Rising	End=40.861999999999995	_	_	_	_
19-0	BX002	19	0	non	non	_	_	_	_	_	linguistic	_	none	_	Begin=40.861999999999995	_	_	_	_
19-1	BX002	19	1	lo	lo	_	_	_	_	_	linguistic	_	none	_	_	_	_	_	_
19-2	BX002	19	2	so.	so	_	_	_	_	_	linguistic	_	none	Intonation=Falling|PauseAfter=Yes	_	_	_	_	_
19-3	BX002	19	3	(.)	(.)	_	_	_	_	_	shortpause	_	none	_	_	_	_	_	_
19-4	BX002	19	4	non	non	_	_	_	_	_	linguistic	_	none	_	_	_	_	_	_
19-5	BX002	19	5	lo	lo	_	_	_	_	_	linguistic	_	none	_	_	_	_	_	_
19-6	BX002	19	6	so	so	_	_	_	_	_	linguistic	_	none	_	_	_	_	_	_
19-7	BX002	19	7	((ride))	((ride))	_	_	_	_	_	nonverbalbehavior	_	none	_	End=42.482	_	_	_	_
20-0	BX002	20	0	tipo	tipo	_	_	_	_	_	linguistic	_	none	_	Begin=42.49	_	_	_	_
20-1	BX002	20	1	la	la	_	_	_	_	_	linguistic	_	none	_	_	_	_	_	_
20-2	BX002	20	2	[bolivia	bolivia	_	_	_	_	_	linguistic	_	none	_	_	_	_	_	0-7(329)
20-3	BX002	20	3	no:]	no	_	_	_	_	_	linguistic	_	none	_	End=44.03	1x1	_	_	0-2(329)
21-0	BX001	21	0	[poveracci]	poveracci	_	_	_	_	_	linguistic	_	none	_	Begin=43.162|End=44.022	_	_	_	0-9(329)
22-0	BX003	22	0	[ti	ti	_	_	_	_	_	linguistic	_	none	_	Begin=43.197	_	_	_	0-2(329)
22-1	BX003	22	1	immagini]	immagini	_	_	_	_	_	linguistic	_	none	_	_	_	_	_	0-8(329)
22-2	BX003	22	2	i	i	_	_	_	_	_	linguistic	_	none	_	_	_	_	_	_
22-3	BX003	22	3	poveracci	poveracci	_	_	_	_	_	linguistic	_	none	_	_	_	_	_	_
22-4	BX003	22	4	là	là	_	_	_	_	_	linguistic	_	none	_	_	_	_	_	_
22-5	BX003	22	5	in	in	_	_	_	_	_	linguistic	_	none	_	_	_	_	_	_
22-6	BX003	22	6	bolivia	bolivia	_	_	_	_	_	linguistic	_	none	_	_	_	_	_	_
22-7	BX003	22	7	[((ride))]	((ride))	_	_	_	_	_	nonverbalbehavior	_	none	_	End=45.817	_	_	_	0-4(8)
23-0	BX002	23	0	[esatto]	esatto	_	_	_	_	_	linguistic	_	none	_	Begin=45.292	_	_	_	0-6(8)
23-1	BX002	23	1	i	i	_	_	_	_	_	linguistic	_	none	_	_	_	_	_	_
23-2	BX002	23	2	poveracci	poveracci	_	_	_	_	_	linguistic	_	none	_	_	_	_	_	_
23-3	BX002	23	3	[in	in	_	_	_	_	_	linguistic	_	none	_	_	_	_	_	0-2(9)
23-4	BX002	23	4	bolivia]	bolivia	_	_	_	_	_	linguistic	_	none	_	_	_	_	_	0-7(9)
23-5	BX002	23	5	>non	non	_	_	_	_	_	linguistic	_	none	_	_	_	Fast=0-3(0)	_	_
23-6	BX002	23	6	lo	lo	_	_	_	_	_	linguistic	_	none	_	_	_	Fast=0-2(0)	_	_
23-7	BX002	23	7	so<	so	_	_	_	_	_	linguistic	_	none	_	End=47.132	_	Fast=0-2(0)	_	_
24-0	BX003	24	0	[xxx]	xxx	_	_	_	_	_	unknown	_	none	Syllables=3	Begin=46.337|End=46.987	_	_	_	0-3(9)
25-0	BX002	25	0	ehm::	ehm	_	_	_	_	_	linguistic	_	none	_	Begin=47.657|End=48.737	2x2	_	_	_
26-0	BX002	26	0	e	e	_	_	_	_	_	linguistic	_	none	_	Begin=49.647	_	_	_	_
26-1	BX002	26	1	niente,	niente	_	_	_	_	_	linguistic	_	none	Intonation=WeaklyRising	_	_	_	_	_
26-2	BX002	26	2	e-	e-	_	_	_	_	_	linguistic	_	none	Interrupted=Yes	_	_	_	_	_
26-3	BX002	26	3	e-	e-	_	_	_	_	_	linguistic	_	none	Interrupted=Yes	End=50.82	_	_	_	_
27-0	BX003	27	0	(e	e	_	_	_	_	_	linguistic	_	none	_	Begin=50.857	_	_	0-1(0)	_
27-1	BX003	27	1	pur-)	pur-	_	_	_	_	_	linguistic	_	none	Interrupted=Yes	_	_	_	0-4(0)	_
27-2	BX003	27	2	ci	ci	_	_	_	_	_	linguistic	_	none	_	_	_	_	_	_
27-3	BX003	27	3	sono	sono	_	_	_	_	_	linguistic	_	none	_	_	_	_	_	_
27-4	BX003	27	4	[pure	pure	_	_	_	_	_	linguistic	_	none	_	_	_	_	_	0-4(10)
27-5	BX003	27	5	i	i	_	_	_	_	_	linguistic	_	none	_	_	_	_	_	0-1(10)
27-6	BX003	27	6	tedeschi].	tedeschi	_	_	_	_	_	linguistic	_	none	Intonation=Falling	End=52.927	_	_	_	0-8(10)
28-0	BX002	28	0	[e	e	_	_	_	_	_	linguistic	_	none	_	Begin=51.747	_	_	_	0-1(10)
28-1	BX002	28	1	sembra	sembra	_	_	_	_	_	linguistic	_	none	_	_	_	_	_	0-6(10)
28-2	BX002	28	2	che]	che	_	_	_	_	_	linguistic	_	none	_	_	_	_	_	0-3(10)
28-3	BX002	28	3	ci	ci	_	_	_	_	_	linguistic	_	none	_	_	_	_	_	_
28-4	BX002	28	4	siano,	siano	_	_	_	_	_	linguistic	_	none	Intonation=WeaklyRising|PauseAfter=Yes	_	_	_	_	_
28-5	BX002	28	5	(.)	(.)	_	_	_	_	_	shortpause	_	none	_	_	_	_	_	_
28-6	BX002	28	6	di	di	_	_	_	_	_	linguistic	_	none	_	_	_	_	_	_
28-7	BX002	28	7	quei	quei	_	_	_	_	_	linguistic	_	none	_	_	_	_	_	_
28-8	BX002	28	8	piani	piani	_	_	_	_	_	linguistic	_	none	_	_	_	_	_	_
28-9	BX002	28	9	linguistici	linguistici	_	_	_	_	_	linguistic	_	none	_	_	_	_	_	_
28-10	BX002	28	10	per:	per	_	_	_	_	_	linguistic	_	none	PauseAfter=Yes	_	2x1	_	_	_
28-11	BX002	28	11	(.)	(.)	_	_	_	_	_	shortpause	_	none	_	_	_	_	_	_
28-12	BX002	28	12	per-	per-	_	_	_	_	_	linguistic	_	none	Interrupted=Yes	_	_	_	_	_
28-13	BX002	28	13	perché	perché	_	_	_	_	_	linguistic	_	none	_	_	_	_	_	_
28-14	BX002	28	14	c'	c'	_	_	_	_	_	linguistic	_	none	SpaceAfter=No	_	_	_	_	_
28-15	BX002	28	15	è	è	_	_	_	_	_	linguistic	_	none	PauseAfter=Yes	_	_	_	_	_
28-16	BX002	28	16	(.)	(.)	_	_	_	_	_	shortpause	_	none	_	_	_	_	_	_
28-17	BX002	28	17	c'	c'	_	_	_	_	_	linguistic	_	none	SpaceAfter=No	_	_	_	_	_
28-18	BX002	28	18	è	è	_	_	_	_	_	linguistic	_	none	_	_	_	_	_	_
28-19	BX002	28	19	il	il	_	_	_	_	_	linguistic	_	none	_	_	_	_	_	_
28-20	BX002	28	20	guaranì,	guaranì	_	_	_	_	_	linguistic	_	none	Intonation=WeaklyRising|PauseAfter=Yes	_	_	_	_	_
28-21	BX002	28	21	(.)	(.)	_	_	_	_	_	shortpause	_	none	_	_	_	_	_	_
28-22	BX002	28	22	e	e	_	_	_	_	_	linguistic	_	none	_	_	_	_	_	_
28-23	BX002	28	23	c'	c'	_	_	_	_	_	linguistic	_	none	SpaceAfter=No	_	_	_	_	_
28-24	BX002	28	24	è	è	_	_	_	_	_	linguistic	_	none	_	_	_	_	_	_
28-25	BX002	28	25	un'	un'	_	_	_	_	_	linguistic	_	none	SpaceAfter=No	_	_	_	_	_
28-26	BX002	28	26	altra	altra	_	_	_	_	_	linguistic	_	none	_	_	_	_	_	_
28-27	BX002	28	27	lingua	lingua	_	_	_	_	_	linguistic	_	none	_	_	_	_	_	3-6(11)
28-28	BX002	28	28	[anche:]	anche	_	_	_	_	_	linguistic	_	none	_	End=59.32	4x1	_	_	0-3(11)
29-0	BX001	29	0	[°ah	ah	_	_	_	_	_	linguistic	_	none	Volume=low	Begin=58.477	_	_	_	0-2(11)
29-1	BX001	29	1	okay.°]	okay	_	_	_	_	_	linguistic	_	none	Intonation=Falling|Volume=low	End=59.037	_	_	_	0-4(11)
30-0	BX002	30	0	nativa,	nativa	_	_	_	_	_	linguistic	_	none	Intonation=WeaklyRising	Begin=59.363	_	_	_	_
30-1	BX002	30	1	degli	degli	_	_	_	_	_	linguistic	_	none	_	_	_	_	_	_
30-2	BX002	30	2	indige-	indige-	_	_	_	_	_	linguistic	_	none	Interrupted=Yes	_	_	_	_	_
30-3	BX002	30	3	indigeni,	indigeni	_	_	_	_	_	linguistic	_	none	Intonation=WeaklyRising	End=61.27	_	_	_	_
31-0	BX003	31	0	mh	mh	_	_	_	_	_	linguistic	_	none	ProsodicLink=Yes	Begin=61.273	_	_	_	_
31-1	BX003	31	1	mh	mh	_	_	_	_	_	linguistic	_	none	_	End=61.933	_	_	_	_
32-0	BX002	32	0	ehm:	ehm	_	_	_	_	_	linguistic	_	none	PauseAfter=Yes	Begin=62.148	2x1	_	_	_
32-1	BX002	32	1	(.)	(.)	_	_	_	_	_	shortpause	_	none	_	_	_	_	_	_
32-2	BX002	32	2	e	e	_	_	_	_	_	linguistic	_	none	_	_	_	_	_	_
32-3	BX002	32	3	niente,	niente	_	_	_	_	_	linguistic	_	none	Intonation=WeaklyRising	_	_	_	_	_
32-4	BX002	32	4	e	e	_	_	_	_	_	linguistic	_	none	_	_	_	_	_	_
32-5	BX002	32	5	ci	ci	_	_	_	_	_	linguistic	_	none	_	_	_	_	_	_
32-6	BX002	32	6	sono	sono	_	_	_	_	_	linguistic	_	none	_	_	_	_	_	_
32-7	BX002	32	7	un	un	_	_	_	_	_	linguistic	_	none	_	_	_	_	_	_
32-8	BX002	32	8	sacco	sacco	_	_	_	_	_	linguistic	_	none	_	_	_	_	_	_
32-9	BX002	32	9	di	di	_	_	_	_	_	linguistic	_	none	_	_	_	_	_	_
32-10	BX002	32	10	piani	piani	_	_	_	_	_	linguistic	_	none	_	_	_	_	_	_
32-11	BX002	32	11	per	per	_	_	_	_	_	linguistic	_	none	_	_	_	_	_	_
32-12	BX002	32	12	aiutare:	aiutare	_	_	_	_	_	linguistic	_	none	_	_	6x1	_	_	_
32-13	BX002	32	13	sta	sta	_	_	_	_	_	linguistic	_	none	_	_	_	_	_	_
32-14	BX002	32	14	gente,	gente	_	_	_	_	_	linguistic	_	none	Intonation=WeaklyRising	End=67.05	_	_	_	_
33-0	BX002	33	0	e	e	_	_	_	_	_	linguistic	_	none	_	Begin=67.29	_	_	_	_
33-1	BX002	33	1	poi	poi	_	_	_	_	_	linguistic	_	none	_	_	_	_	_	_
33-2	BX002	33	2	a	a	_	_	_	_	_	linguistic	_	none	_	_	_	_	_	_
33-3	BX002	33	3	quanto	quanto	_	_	_	_	_	linguistic	_	none	_	_	_	_	_	_
33-4	BX002	33	4	pare	pare	_	_	_	_	_	linguistic	_	none	_	_	_	_	_	_
33-5	BX002	33	5	anche	anche	_	_	_	_	_	linguistic	_	none	_	_	_	_	_	_
33-6	BX002	33	6	il	il	_	_	_	_	_	linguistic	_	none	_	_	_	_	_	_
33-7	BX002	33	7	presidente	presidente	_	_	_	_	_	linguistic	_	none	_	_	_	_	_	_
33-8	BX002	33	8	è	è	_	_	_	_	_	linguistic	_	none	_	_	_	_	_	_
33-9	BX002	33	9	di	di	_	_	_	_	_	linguistic	_	none	_	_	_	_	_	_
33-10	BX002	33	10	origine	origine	_	_	_	_	_	linguistic	_	none	_	_	_	_	_	_
33-11	BX002	33	11	indigena	indigena	_	_	_	_	_	linguistic	_	none	_	_	_	_	_	_
33-12	BX002	33	12	adesso	adesso	_	_	_	_	_	linguistic	_	none	_	_	_	_	_	_
33-13	BX002	33	13	in	in	_	_	_	_	_	linguistic	_	none	_	_	_	_	_	_
33-14	BX002	33	14	bolivia.	bolivia	_	_	_	_	_	linguistic	_	none	Intonation=Falling	End=72.3	_	_	_	_
34-0	BX001	34	0	ah	ah	_	_	_	_	_	linguistic	_	none	_	Begin=72.84|End=73.08	_	_	_	_
35-0	BX001	35	0	quello	quello	_	_	_	_	_	linguistic	_	none	_	Begin=73.527	_	_	_	_
35-1	BX001	35	1	che	che	_	_	_	_	_	linguistic	_	none	_	_	_	_	_	_
35-2	BX001	35	2	c'	c'	_	_	_	_	_	linguistic	_	none	SpaceAfter=No	_	_	_	_	_
35-3	BX001	35	3	era	era	_	_	_	_	_	linguistic	_	none	_	_	_	_	_	_
35-4	BX001	35	4	e	e	_	_	_	_	_	linguistic	_	none	_	_	_	_	_	_
35-5	BX001	35	5	che:	che	_	_	_	_	_	linguistic	_	none	PauseAfter=Yes	_	2x1	_	_	_
35-6	BX001	35	6	(.)	(.)	_	_	_	_	_	shortpause	_	none	_	_	_	_	_	_
35-7	BX001	35	7	che	che	_	_	_	_	_	linguistic	_	none	_	_	_	_	_	_
35-8	BX001	35	8	hanno	hanno	_	_	_	_	_	linguistic	_	none	_	_	_	_	_	_
35-9	BX001	35	9	cacciato	cacciato	_	_	_	_	_	linguistic	_	none	_	_	_	_	_	_
35-10	BX001	35	10	perché	perché	_	_	_	_	_	linguistic	_	none	_	_	_	_	_	_
35-11	BX001	35	11	era:	era	_	_	_	_	_	linguistic	_	none	_	End=77.507	2x1	_	_	_
36-0	BX002	36	0	ah	ah	_	_	_	_	_	linguistic	_	none	_	Begin=77.507|End=77.702	_	_	_	_
37-0	BX001	37	0	forse	forse	_	_	_	_	_	linguistic	_	none	_	Begin=77.972	_	_	_	_
37-1	BX001	37	1	un	un	_	_	_	_	_	linguistic	_	none	_	_	_	_	_	_
37-2	BX001	37	2	tantino	tantino	_	_	_	_	_	linguistic	_	none	_	_	_	_	_	_
37-3	BX001	37	3	corrotto.	corrotto	_	_	_	_	_	linguistic	_	none	Intonation=Falling|PauseAfter=Yes	_	_	_	_	_
37-4	BX001	37	4	(.)	(.)	_	_	_	_	_	shortpause	_	none	_	_	_	_	_	_
37-5	BX001	37	5	ma	ma	_	_	_	_	_	linguistic	_	none	_	_	_	_	_	_
37-6	BX001	37	6	no	no	_	_	_	_	_	linguistic	_	none	_	_	_	_	_	_
37-7	BX001	37	7	no	no	_	_	_	_	_	linguistic	_	none	_	_	_	_	_	_
37-8	BX001	37	8	ma	ma	_	_	_	_	_	linguistic	_	none	_	_	_	_	_	_
37-9	BX001	37	9	lui	lui	_	_	_	_	_	linguistic	_	none	_	_	_	_	_	_
37-10	BX001	37	10	era	era	_	_	_	_	_	linguistic	_	none	_	_	_	_	_	_
37-11	BX001	37	11	proprio	proprio	_	_	_	_	_	linguistic	_	none	_	_	_	_	_	_
37-12	BX001	37	12	indio	indio	_	_	_	_	_	linguistic	_	none	_	_	_	_	_	_
37-13	BX001	37	13	indio.	indio	_	_	_	_	_	linguistic	_	none	Intonation=Falling	End=81.72	_	_	_	_
38-0	BX002	38	0	ah	ah	_	_	_	_	_	linguistic	_	none	_	Begin=81.721	_	_	_	_
38-1	BX002	38	1	ecco	ecco	_	_	_	_	_	linguistic	_	none	_	_	_	_	_	_
38-2	BX002	38	2	vedi?	vedi	_	_	_	_	_	linguistic	_	none	Intonation=Rising	End=82.701	_	_	_	_
39-0	BX001	39	0	sì	sì	_	_	_	_	_	linguistic	_	none	_	Begin=82.701	_	_	_	_
39-1	BX001	39	1	sì	sì	_	_	_	_	_	linguistic	_	none	_	End=83.04	_	_	_	_
40-0	BX002	40	0	e	e	_	_	_	_	_	linguistic	_	none	_	Begin=83.046	_	_	_	_
40-1	BX002	40	1	allora	allora	_	_	_	_	_	linguistic	_	none	_	_	_	_	_	_
40-2	BX002	40	2	questo	questo	_	_	_	_	_	linguistic	_	none	_	_	_	_	_	_
40-3	BX002	40	3	ragazzo	ragazzo	_	_	_	_	_	linguistic	_	none	_	_	_	_	_	_
40-4	BX002	40	4	diceva	diceva	_	_	_	_	_	linguistic	_	none	_	_	_	_	_	_
40-5	BX002	40	5	che	che	_	_	_	_	_	linguistic	_	none	_	_	_	_	_	_
40-6	BX002	40	6	secondo	secondo	_	_	_	_	_	linguistic	_	none	_	_	_	_	_	_
40-7	BX002	40	7	lui,	lui	_	_	_	_	_	linguistic	_	none	Intonation=WeaklyRising	End=85.52	_	_	_	_
41-0	BX002	41	0	per	per	_	_	_	_	_	linguistic	_	none	_	Begin=85.846	_	_	_	_
41-1	BX002	41	1	il	il	_	_	_	_	_	linguistic	_	none	_	_	_	_	_	_
41-2	BX002	41	2	fatto	fatto	_	_	_	_	_	linguistic	_	none	_	_	_	_	_	_
41-3	BX002	41	3	che:	che	_	_	_	_	_	linguistic	_	none	_	_	2x1	_	_	_
41-4	BX002	41	4	ci	ci	_	_	_	_	_	linguistic	_	none	_	_	_	_	_	_
41-5	BX002	41	5	fosse	fosse	_	_	_	_	_	linguistic	_	none	_	_	_	_	_	_
41-6	BX002	41	6	questo	questo	_	_	_	_	_	linguistic	_	none	_	_	_	_	_	_
41-7	BX002	41	7	presidente:	presidente	_	_	_	_	_	linguistic	_	none	PauseAfter=Yes	_	9x1	_	_	_
41-8	BX002	41	8	(.)	(.)	_	_	_	_	_	shortpause	_	none	_	_	_	_	_	_
41-9	BX002	41	9	nativo	nativo	_	_	_	_	_	linguistic	_	none	_	_	_	_	_	_
41-10	BX002	41	10	indigeno,	indigeno	_	_	_	_	_	linguistic	_	none	Intonation=WeaklyRising|PauseAfter=Yes	_	_	_	_	_
41-11	BX002	41	11	(.)	(.)	_	_	_	_	_	shortpause	_	none	_	_	_	_	_	_
41-12	BX002	41	12	avrebbero	avrebbero	_	_	_	_	_	linguistic	_	none	_	_	_	_	_	_
41-13	BX002	41	13	fatto	fatto	_	_	_	_	_	linguistic	_	none	_	_	_	_	_	_
41-14	BX002	41	14	delle	delle	_	_	_	_	_	linguistic	_	none	_	_	_	_	_	_
41-15	BX002	41	15	cose,	cose	_	_	_	_	_	linguistic	_	none	Intonation=WeaklyRising	_	_	_	_	_
41-16	BX002	41	16	cioè	cioè	_	_	_	_	_	linguistic	_	none	_	_	_	_	_	_
41-17	BX002	41	17	di	di	_	_	_	_	_	linguistic	_	none	_	_	_	_	_	_
41-18	BX002	41	18	sicuro	sicuro	_	_	_	_	_	linguistic	_	none	_	_	_	_	_	_
41-19	BX002	41	19	avranno	avranno	_	_	_	_	_	linguistic	_	none	PauseAfter=Yes	_	_	_	_	_
41-20	BX002	41	20	(.)	(.)	_	_	_	_	_	shortpause	_	none	_	_	_	_	_	_
41-21	BX002	41	21	ampliato	ampliato	_	_	_	_	_	linguistic	_	none	_	_	_	_	_	_
41-22	BX002	41	22	[no?	no	_	_	_	_	_	linguistic	_	none	Intonation=Rising	_	_	_	_	0-2(12)
41-23	BX002	41	23	le	le	_	_	_	_	_	linguistic	_	none	_	_	_	_	_	0-2(12)
41-24	BX002	41	24	misure],	misure	_	_	_	_	_	linguistic	_	none	Intonation=WeaklyRising	End=95.35	_	_	_	0-6(12)
42-0	BX001	42	0	[sì	sì	_	_	_	_	_	linguistic	_	none	_	Begin=93.963	_	_	_	0-2(12)
42-1	BX001	42	1	sì	sì	_	_	_	_	_	linguistic	_	none	_	_	_	_	_	0-2(12)
42-2	BX001	42	2	lui	lui	_	_	_	_	_	linguistic	_	none	_	_	_	_	_	0-3(12)
42-3	BX001	42	3	ha	ha	_	_	_	_	_	linguistic	_	none	_	_	_	_	_	0-2(12)
42-4	BX001	42	4	ha	ha	_	_	_	_	_	linguistic	_	none	_	_	_	_	_	0-2(12)
42-5	BX001	42	5	investito	investito	_	_	_	_	_	linguistic	_	none	_	_	_	_	_	0-9(12)
42-6	BX001	42	6	tanto]	tanto	_	_	_	_	_	linguistic	_	none	_	_	_	_	_	0-5(12)
42-7	BX001	42	7	lui	lui	_	_	_	_	_	linguistic	_	none	_	_	_	_	_	_
42-8	BX001	42	8	cioè	cioè	_	_	_	_	_	linguistic	_	none	_	_	_	_	_	_
42-9	BX001	42	9	lui	lui	_	_	_	_	_	linguistic	_	none	_	_	_	_	_	_
42-10	BX001	42	10	proprio	proprio	_	_	_	_	_	linguistic	_	none	_	_	_	_	_	_
42-11	BX001	42	11	da	da	_	_	_	_	_	linguistic	_	none	_	_	_	_	_	_
42-12	BX001	42	12	un	un	_	_	_	_	_	linguistic	_	none	_	_	_	_	_	_
42-13	BX001	42	13	[leader	leader	_	_	_	_	_	linguistic	_	none	_	_	_	_	_	0-6(13)
42-14	BX001	42	14	di	di	_	_	_	_	_	linguistic	_	none	_	_	_	_	_	0-2(13)
42-15	BX001	42	15	una	una	_	_	_	_	_	linguistic	_	none	_	_	_	_	_	0-3(13)
42-16	BX001	42	16	comunità:]	comunità	_	_	_	_	_	linguistic	_	none	_	End=98.6	7x1	_	_	0-8(13)
43-0	BX002	43	0	[>ma	ma	_	_	_	_	_	linguistic	_	none	_	Begin=97.091	_	Fast=0-2(0)	_	0-2(13)
43-1	BX002	43	1	dove	dove	_	_	_	_	_	linguistic	_	none	_	_	_	Fast=0-4(0)	_	0-4(13)
43-2	BX002	43	2	li	li	_	_	_	_	_	linguistic	_	none	_	_	_	Fast=0-2(0)	_	0-2(13)
43-3	BX002	43	3	trovi	trovi	_	_	_	_	_	linguistic	_	none	_	_	_	Fast=0-5(0)	_	0-5(13)
43-4	BX002	43	4	i	i	_	_	_	_	_	linguistic	_	none	_	_	_	Fast=0-1(0)	_	0-1(13)
43-5	BX002	43	5	soldi<?]	soldi	_	_	_	_	_	linguistic	_	none	Intonation=Rising	End=98.581	_	Fast=0-5(0)	_	0-5(13)
44-0	BX001	44	0	di	di	_	_	_	_	_	linguistic	_	none	_	Begin=98.606	_	_	_	_
44-1	BX001	44	1	una	una	_	_	_	_	_	linguistic	_	none	_	_	_	_	_	_
44-2	BX001	44	2	comunità::	comunità	_	_	_	_	_	linguistic	_	none	_	_	7x2	_	_	_
44-3	BX001	44	3	eh::	eh	_	_	_	_	_	linguistic	_	none	_	_	1x2	_	_	_
44-4	BX001	44	4	cioè	cioè	_	_	_	_	_	linguistic	_	none	_	_	_	_	_	_
44-5	BX001	44	5	che	che	_	_	_	_	_	linguistic	_	none	_	End=101.7	_	_	_	_
45-0	BX001	45	0	proprio	proprio	_	_	_	_	_	linguistic	_	none	_	Begin=102.116	_	_	_	_
45-1	BX001	45	1	ha	ha	_	_	_	_	_	linguistic	_	none	_	_	_	_	_	_
45-2	BX001	45	2	portato	portato	_	_	_	_	_	linguistic	_	none	_	_	_	_	_	_
45-3	BX001	45	3	i	i	_	_	_	_	_	linguistic	_	none	_	_	_	_	_	_
45-4	BX001	45	4	problemi	problemi	_	_	_	_	_	linguistic	_	none	_	_	_	_	_	_
45-5	BX001	45	5	degli	degli	_	_	_	_	_	linguistic	_	none	_	_	_	_	_	_
45-6	BX001	45	6	indigeni	indigeni	_	_	_	_	_	linguistic	_	none	_	_	_	_	_	_
45-7	BX001	45	7	al	al	_	_	_	_	_	linguistic	_	none	_	_	_	_	_	_
45-8	BX001	45	8	parlamento,	parlamento	_	_	_	_	_	linguistic	_	none	Intonation=WeaklyRising	_	_	_	_	_
45-9	BX001	45	9	poi	poi	_	_	_	_	_	linguistic	_	none	_	_	_	_	_	_
45-10	BX001	45	10	è	è	_	_	_	_	_	linguistic	_	none	_	_	_	_	_	_
45-11	BX001	45	11	stato	stato	_	_	_	_	_	linguistic	_	none	_	_	_	_	_	_
45-12	BX001	45	12	eletto	eletto	_	_	_	_	_	linguistic	_	none	_	_	_	_	_	_
45-13	BX001	45	13	presidente.	presidente	_	_	_	_	_	linguistic	_	none	Intonation=Falling	End=106.503	_	_	_	_
46-0	BX002	46	0	mh	mh	_	_	_	_	_	linguistic	_	none	ProsodicLink=Yes	Begin=106.503	_	_	_	_
46-1	BX002	46	1	mh	mh	_	_	_	_	_	linguistic	_	none	_	End=106.886	_	_	_	_
47-0	BX001	47	0	il	il	_	_	_	_	_	linguistic	_	none	_	Begin=107.076	_	_	_	_
47-1	BX001	47	1	problema	problema	_	_	_	_	_	linguistic	_	none	_	_	_	_	_	_
47-2	BX001	47	2	è	è	_	_	_	_	_	linguistic	_	none	_	_	_	_	_	_
47-3	BX001	47	3	che	che	_	_	_	_	_	linguistic	_	none	_	_	_	_	_	_
47-4	BX001	47	4	una	una	_	_	_	_	_	linguistic	_	none	_	_	_	_	_	_
47-5	BX001	47	5	volta	volta	_	_	_	_	_	linguistic	_	none	_	_	_	_	_	_
47-6	BX001	47	6	su,	su	_	_	_	_	_	linguistic	_	none	Intonation=WeaklyRising	_	_	_	_	_
47-7	BX001	47	7	ha	ha	_	_	_	_	_	linguistic	_	none	_	_	_	_	_	_
47-8	BX001	47	8	un	un	_	_	_	_	_	linguistic	_	none	_	_	_	_	_	_
47-9	BX001	47	9	pochino	pochino	_	_	_	_	_	linguistic	_	none	_	_	_	_	_	_
47-10	BX001	47	10	perso	perso	_	_	_	_	_	linguistic	_	none	_	_	_	_	_	_
47-11	BX001	47	11	la	la	_	_	_	_	_	linguistic	_	none	_	_	_	_	_	_
47-12	BX001	47	12	testa	testa	_	_	_	_	_	linguistic	_	none	_	_	_	_	_	_
47-13	BX001	47	13	e:	e	_	_	_	_	_	linguistic	_	none	_	_	0x1	_	_	_
47-14	BX001	47	14	insomma	insomma	_	_	_	_	_	linguistic	_	none	_	_	_	_	_	_
47-15	BX001	47	15	hanno	hanno	_	_	_	_	_	linguistic	_	none	_	_	_	_	_	_
47-16	BX001	47	16	fatto	fatto	_	_	_	_	_	linguistic	_	none	_	_	_	_	_	_
47-17	BX001	47	17	un	un	_	_	_	_	_	linguistic	_	none	_	_	_	_	_	_
47-18	BX001	47	18	bel:	bel	_	_	_	_	_	linguistic	_	none	_	_	2x1	_	_	_
47-19	BX001	47	19	bel	bel	_	_	_	_	_	linguistic	_	none	_	_	_	_	_	_
47-20	BX001	47	20	problema	problema	_	_	_	_	_	linguistic	_	none	_	End=113.12	_	_	_	_
48-0	BX003	48	0	mh	mh	_	_	_	_	_	linguistic	_	none	_	Begin=113.571|End=113.901	_	_	_	_
49-0	BX001	49	0	e::	e	_	_	_	_	_	linguistic	_	none	_	Begin=113.951	0x2	_	_	_
49-1	BX001	49	1	e	e	_	_	_	_	_	linguistic	_	none	_	_	_	_	_	_
49-2	BX001	49	2	ora	ora	_	_	_	_	_	linguistic	_	none	_	_	_	_	_	_
49-3	BX001	49	3	c'	c'	_	_	_	_	_	linguistic	_	none	SpaceAfter=No	_	_	_	_	_
49-4	BX001	49	4	è	è	_	_	_	_	_	linguistic	_	none	_	_	_	_	_	_
49-5	BX001	49	5	una:	una	_	_	_	_	_	linguistic	_	none	PauseAfter=Yes	_	2x1	_	_	_
49-6	BX001	49	6	(.)	(.)	_	_	_	_	_	shortpause	_	none	_	_	_	_	_	_
49-7	BX001	49	7	penso	penso	_	_	_	_	_	linguistic	_	none	_	_	_	_	_	_
49-8	BX001	49	8	ci	ci	_	_	_	_	_	linguistic	_	none	_	_	_	_	_	_
49-9	BX001	49	9	sia	sia	_	_	_	_	_	linguistic	_	none	_	_	_	_	_	_
49-10	BX001	49	10	una	una	_	_	_	_	_	linguistic	_	none	_	_	_	_	_	_
49-11	BX001	49	11	donna	donna	_	_	_	_	_	linguistic	_	none	_	_	_	_	_	_
49-12	BX001	49	12	(ad)	ad	_	_	_	_	_	linguistic	_	none	_	_	_	_	0-2(0)	_
49-13	BX001	49	13	interim,	interim	_	_	_	_	_	linguistic	_	none	Intonation=WeaklyRising	End=118.02	_	_	_	_
50-0	BX001	50	0	[e:::]	e	_	_	_	_	_	linguistic	_	none	_	Begin=118.78|End=119.51	0x3	_	_	0-1(14)
51-0	BX003	51	0	[xxxx]	xxxx	_	_	_	_	_	unknown	_	none	Syllables=4	Begin=118.78|End=119.79	_	_	_	0-4(14)
52-0	BX001	52	0	e	e	_	_	_	_	_	linguistic	_	none	_	Begin=119.78	_	_	_	_
52-1	BX001	52	1	però	però	_	_	_	_	_	linguistic	_	none	_	_	_	_	_	_
52-2	BX001	52	2	lui	lui	_	_	_	_	_	linguistic	_	none	_	_	_	_	_	_
52-3	BX001	52	3	dice	dice	_	_	_	_	_	linguistic	_	none	_	_	_	_	_	_
52-4	BX001	52	4	che	che	_	_	_	_	_	linguistic	_	none	_	_	_	_	_	_
52-5	BX001	52	5	è	è	_	_	_	_	_	linguistic	_	none	_	_	_	_	_	_
52-6	BX001	52	6	stato	stato	_	_	_	_	_	linguistic	_	none	_	_	_	_	_	_
52-7	BX001	52	7	rimosso:	rimosso	_	_	_	_	_	linguistic	_	none	_	_	6x1	_	_	_
52-8	BX001	52	8	in	in	_	_	_	_	_	linguistic	_	none	_	_	_	_	_	_
52-9	BX001	52	9	maniera	maniera	_	_	_	_	_	linguistic	_	none	_	_	_	_	_	_
52-10	BX001	52	10	illega:le,	illegale	_	_	_	_	_	linguistic	_	none	Intonation=WeaklyRising	_	5x1	_	_	_
52-11	BX001	52	11	quindi	quindi	_	_	_	_	_	linguistic	_	none	_	_	_	_	_	_
52-12	BX001	52	12	ci	ci	_	_	_	_	_	linguistic	_	none	_	_	_	_	_	_
52-13	BX001	52	13	sono	sono	_	_	_	_	_	linguistic	_	none	_	_	_	_	_	_
52-14	BX001	52	14	mille	mille	_	_	_	_	_	linguistic	_	none	_	_	_	_	_	_
52-15	BX001	52	15	proce:ssi,	processi	_	_	_	_	_	linguistic	_	none	Intonation=WeaklyRising	_	4x1	_	_	_
52-16	BX001	52	16	e	e	_	_	_	_	_	linguistic	_	none	_	_	_	_	_	_
52-17	BX001	52	17	co:se,	cose	_	_	_	_	_	linguistic	_	none	Intonation=WeaklyRising	_	1x1	_	_	_
52-18	BX001	52	18	però	però	_	_	_	_	_	linguistic	_	none	_	_	_	_	_	_
52-19	BX001	52	19	insomma	insomma	_	_	_	_	_	linguistic	_	none	_	_	_	_	_	_
52-20	BX001	52	20	lui,	lui	_	_	_	_	_	linguistic	_	none	Intonation=WeaklyRising	End=126.54	_	_	_	_
53-0	BX001	53	0	ehm:	ehm	_	_	_	_	_	linguistic	_	none	_	Begin=127.06	2x1	_	_	_
53-1	BX001	53	1	ci	ci	_	_	_	_	_	linguistic	_	none	_	_	_	_	_	_
53-2	BX001	53	2	sono	sono	_	_	_	_	_	linguistic	_	none	_	_	_	_	_	_
53-3	BX001	53	3	svariati	svariati	_	_	_	_	_	linguistic	_	none	_	_	_	_	_	_
53-4	BX001	53	4	video	video	_	_	_	_	_	linguistic	_	none	_	_	_	_	_	_
53-5	BX001	53	5	tipo	tipo	_	_	_	_	_	linguistic	_	none	_	_	_	_	_	_
53-6	BX001	53	6	lui	lui	_	_	_	_	_	linguistic	_	none	_	_	_	_	_	_
53-7	BX001	53	7	alle	alle	_	_	_	_	_	linguistic	_	none	_	_	_	_	_	_
53-8	BX001	53	8	nazioni	nazioni	_	_	_	_	_	linguistic	_	none	_	_	_	_	_	_
53-9	BX001	53	9	unite	unite	_	_	_	_	_	linguistic	_	none	_	_	_	_	_	_
53-10	BX001	53	10	no?	no	_	_	_	_	_	linguistic	_	none	Intonation=Rising|PauseAfter=Yes	_	_	_	_	_
53-11	BX001	53	11	(.)	(.)	_	_	_	_	_	shortpause	_	none	_	_	_	_	_	_
53-12	BX001	53	12	che	che	_	_	_	_	_	linguistic	_	none	_	_	_	_	_	_
53-13	BX001	53	13	ci	ci	_	_	_	_	_	linguistic	_	none	_	_	_	_	_	_
53-14	BX001	53	14	sono	sono	_	_	_	_	_	linguistic	_	none	_	_	_	_	_	_
53-15	BX001	53	15	tutti	tutti	_	_	_	_	_	linguistic	_	none	_	_	_	_	_	_
53-16	BX001	53	16	tirati	tirati	_	_	_	_	_	linguistic	_	none	_	_	_	_	_	_
53-17	BX001	53	17	no?	no	_	_	_	_	_	linguistic	_	none	Intonation=Rising	End=132.6475	_	_	_	_
54-0	BX002	54	0	a:h,	ah	_	_	_	_	_	linguistic	_	none	Intonation=WeaklyRising	Begin=132.6475|End=133.035	0x1	_	_	_
55-0	BX001	55	0	e	e	_	_	_	_	_	linguistic	_	none	_	Begin=133.015	_	_	_	_
55-1	BX001	55	1	lui	lui	_	_	_	_	_	linguistic	_	none	_	_	_	_	_	_
55-2	BX001	55	2	con	con	_	_	_	_	_	linguistic	_	none	_	_	_	_	_	_
55-3	BX001	55	3	le	le	_	_	_	_	_	linguistic	_	none	_	_	_	_	_	_
55-4	BX001	55	4	con	con	_	_	_	_	_	linguistic	_	none	_	_	_	_	_	_
55-5	BX001	55	5	[insomma:]	insomma	_	_	_	_	_	linguistic	_	none	_	_	6x1	_	_	0-7(17)
55-6	BX001	55	6	vestito:	vestito	_	_	_	_	_	linguistic	_	none	_	_	6x1	_	_	_
55-7	BX001	55	7	con	con	_	_	_	_	_	linguistic	_	none	_	_	_	_	_	_
55-8	BX001	55	8	i	i	_	_	_	_	_	linguistic	_	none	_	_	_	_	_	_
55-9	BX001	55	9	suoi	suoi	_	_	_	_	_	linguistic	_	none	_	_	_	_	_	_
55-10	BX001	55	10	vestiti:	vestiti	_	_	_	_	_	linguistic	_	none	_	_	6x1	_	_	_
55-11	BX001	55	11	da:	da	_	_	_	_	_	linguistic	_	none	_	_	1x1	_	_	_
55-12	BX001	55	12	indegno.	indegno	_	_	_	_	_	linguistic	_	none	Intonation=Falling	End=137.95	_	_	_	_
56-0	BX002	56	0	[normale]	normale	_	_	_	_	_	linguistic	_	none	_	Begin=134.375|End=134.895	_	_	_	0-7(17)
57-0	BX002	57	0	ah:	ah	_	_	_	_	_	linguistic	_	none	_	Begin=137.95	1x1	_	_	_
57-1	BX002	57	1	[(xxx)]	xxx	_	_	_	_	_	unknown	_	none	Syllables=3	End=138.86	_	_	0-3(0)	0-3(18)
58-0	BX001	58	0	[e	e	_	_	_	_	_	linguistic	_	none	_	Begin=138.21	_	_	_	0-1(18)
58-1	BX001	58	1	c'	c'	_	_	_	_	_	linguistic	_	none	SpaceAfter=No	_	_	_	_	0-2(18)
58-2	BX001	58	2	è	è	_	_	_	_	_	linguistic	_	none	_	_	_	_	_	0-1(18)
58-3	BX001	58	3	un'	un'	_	_	_	_	_	linguistic	_	none	SpaceAfter=No	_	_	_	_	0-3(18)
58-4	BX001	58	4	altra]	altra	_	_	_	_	_	linguistic	_	none	_	_	_	_	_	0-4(18)
58-5	BX001	58	5	dove	dove	_	_	_	_	_	linguistic	_	none	PauseAfter=Yes	_	_	_	_	_
58-6	BX001	58	6	(.)	(.)	_	_	_	_	_	shortpause	_	none	_	_	_	_	_	_
58-7	BX001	58	7	mh:	mh	_	_	_	_	_	linguistic	_	none	_	_	1x1	_	_	_
58-8	BX001	58	8	si	si	_	_	_	_	_	linguistic	_	none	_	_	_	_	_	_
58-9	BX001	58	9	parlava	parlava	_	_	_	_	_	linguistic	_	none	_	_	_	_	_	_
58-10	BX001	58	10	del	del	_	_	_	_	_	linguistic	_	none	_	_	_	_	_	_
58-11	BX001	58	11	narcotraffico	narcotraffico	_	_	_	_	_	linguistic	_	none	_	_	_	_	_	_
58-12	BX001	58	12	e-	e-	_	_	_	_	_	linguistic	_	none	Interrupted=Yes|PauseAfter=Yes	_	_	_	_	_
58-13	BX001	58	13	(.)	(.)	_	_	_	_	_	shortpause	_	none	_	_	_	_	_	_
58-14	BX001	58	14	>dice<	dice	_	_	_	_	_	linguistic	_	none	_	_	_	Slow=2-4(0)|Fast=0-3(0)	_	_
58-15	BX001	58	15	ah	ah	_	_	_	_	_	linguistic	_	none	_	_	_	Slow=0-2(0)	_	_
58-16	BX001	58	16	eh	eh	_	_	_	_	_	linguistic	_	none	_	_	_	Slow=0-2(0)	_	_
58-17	BX001	58	17	però	però	_	_	_	_	_	linguistic	_	none	_	_	_	Slow=0-4(0)	_	_
58-18	BX001	58	18	la	la	_	_	_	_	_	linguistic	_	none	_	_	_	Slow=0-2(0)	_	_
58-19	BX001	58	19	coca	coca	_	_	_	_	_	linguistic	_	none	_	_	_	Slow=0-4(0)	_	_
58-20	BX001	58	20	fa	fa	_	_	_	_	_	linguistic	_	none	_	_	_	Slow=0-2(0)	_	_
58-21	BX001	58	21	parte	parte	_	_	_	_	_	linguistic	_	none	_	_	_	Slow=0-5(0)	_	_
58-22	BX001	58	22	della	della	_	_	_	_	_	linguistic	_	none	_	_	_	Slow=0-5(0)	_	_
58-23	BX001	58	23	nostra	nostra	_	_	_	_	_	linguistic	_	none	_	_	_	Slow=0-6(0)	_	_
58-24	BX001	58	24	cultura	cultura	_	_	_	_	_	linguistic	_	none	_	_	_	Slow=0-7(0)|Fast=6-7(1)	_	_
58-25	BX001	58	25	>bla	bla	_	_	_	_	_	linguistic	_	none	_	_	_	Fast=0-3(1)	_	_
58-26	BX001	58	26	bla	bla	_	_	_	_	_	linguistic	_	none	_	_	_	Fast=0-3(1)	_	_
58-27	BX001	58	27	bla<,	bla	_	_	_	_	_	linguistic	_	none	Intonation=WeaklyRising	End=145.3	_	Fast=0-2(1)	_	_
59-0	BX001	59	0	e	e	_	_	_	_	_	linguistic	_	none	_	Begin=145.57	_	_	_	_
59-1	BX001	59	1	quindi	quindi	_	_	_	_	_	linguistic	_	none	_	_	_	_	_	_
59-2	BX001	59	2	dice	dice	_	_	_	_	_	linguistic	_	none	_	_	_	_	_	_
59-3	BX001	59	3	e	e	_	_	_	_	_	linguistic	_	none	_	_	_	_	_	_
59-4	BX001	59	4	così	così	_	_	_	_	_	linguistic	_	none	_	_	_	_	_	_
59-5	BX001	59	5	io::	io	_	_	_	_	_	linguistic	_	none	_	_	1x2	_	_	_
59-6	BX001	59	6	faccio	faccio	_	_	_	_	_	linguistic	_	none	_	_	_	_	_	_
59-7	BX001	59	7	uno	uno	_	_	_	_	_	linguistic	_	none	_	_	_	_	_	_
59-8	BX001	59	8	spuntino.	spuntino	_	_	_	_	_	linguistic	_	none	Intonation=Falling|PauseAfter=Yes	_	_	_	_	_
59-9	BX001	59	9	(.)	(.)	_	_	_	_	_	shortpause	_	none	_	_	_	_	_	_
59-10	BX001	59	10	e	e	_	_	_	_	_	linguistic	_	none	_	_	_	_	_	_
59-11	BX001	59	11	si	si	_	_	_	_	_	linguistic	_	none	_	_	_	_	_	_
59-12	BX001	59	12	mangia	mangia	_	_	_	_	_	linguistic	_	none	_	_	_	_	_	_
59-13	BX001	59	13	una	una	_	_	_	_	_	linguistic	_	none	_	_	_	_	_	_
59-14	BX001	59	14	foglia	foglia	_	_	_	_	_	linguistic	_	none	_	_	_	_	_	_
59-15	BX001	59	15	di	di	_	_	_	_	_	linguistic	_	none	_	_	_	_	_	_
59-16	BX001	59	16	[coca].	coca	_	_	_	_	_	linguistic	_	none	Intonation=Falling	End=150.55	_	_	_	0-4(330)
60-0	BX002	60	0	[oh:]	oh	_	_	_	_	_	linguistic	_	none	_	Begin=150.355|End=151.015	1x1	_	_	0-2(330)
61-0	BX003	61	0	[oh:]	oh	_	_	_	_	_	linguistic	_	none	_	Begin=150.355|End=151.015	1x1	_	_	0-2(330)
62-0	BX002	62	0	[((ride))]	((ride))	_	_	_	_	_	nonverbalbehavior	_	none	_	Begin=151.47|End=152.29	_	_	_	0-4(19)
63-0	BX001	63	0	[e	e	_	_	_	_	_	linguistic	_	none	_	Begin=151.55	_	_	_	0-1(19)
63-1	BX001	63	1	quella]	quella	_	_	_	_	_	linguistic	_	none	_	End=152.29	_	_	_	0-6(19)
64-0	BX002	64	0	[((ride))	((ride))	_	_	_	_	_	nonverbalbehavior	_	none	_	Begin=152.31|End=153.26	_	_	_	_
65-0	BX003	65	0	[è	è	_	_	_	_	_	linguistic	_	none	_	Begin=152.46	_	_	_	0-1(20)
65-1	BX003	65	1	pazzesco]	pazzesco	_	_	_	_	_	linguistic	_	none	_	End=153.28	_	_	_	0-8(20)
66-0	BX001	66	0	no	no	_	_	_	_	_	linguistic	_	none	_	Begin=153.29	_	_	_	_
66-1	BX001	66	1	no,	no	_	_	_	_	_	linguistic	_	none	Intonation=WeaklyRising	_	_	_	_	_
66-2	BX001	66	2	eh	eh	_	_	_	_	_	linguistic	_	none	ProsodicLink=Yes	_	_	_	_	_
66-3	BX001	66	3	eh	eh	_	_	_	_	_	linguistic	_	none	_	_	_	_	_	_
66-4	BX001	66	4	[però	però	_	_	_	_	_	linguistic	_	none	_	_	_	_	_	0-4(21)
66-5	BX001	66	5	va	va	_	_	_	_	_	linguistic	_	none	_	_	_	_	_	0-2(21)
66-6	BX001	66	6	be']	be'	_	_	_	_	_	linguistic	_	none	Truncated=Yes	End=155.57	_	_	_	0-3(21)
67-0	BX002	67	0	[a	a	_	_	_	_	_	linguistic	_	none	_	Begin=154.835	_	_	_	0-1(21)
67-1	BX002	67	1	me	me	_	_	_	_	_	linguistic	_	none	_	_	_	_	_	0-2(21)
67-2	BX002	67	2	non	non	_	_	_	_	_	linguistic	_	none	_	_	_	_	_	0-3(21)
67-3	BX002	67	3	sorprende]	sorprende	_	_	_	_	_	linguistic	_	none	_	_	_	_	_	0-9(21)
67-4	BX002	67	4	più	più	_	_	_	_	_	linguistic	_	none	_	_	_	_	_	_
67-5	BX002	67	5	niente	niente	_	_	_	_	_	linguistic	_	none	_	_	_	_	_	_
67-6	BX002	67	6	dopo	dopo	_	_	_	_	_	linguistic	_	none	_	_	_	_	_	_
67-7	BX002	67	7	aver	aver	_	_	_	_	_	linguistic	_	none	_	_	_	_	_	_
67-8	BX002	67	8	[visto	visto	_	_	_	_	_	linguistic	_	none	_	_	_	_	_	0-5(22)
67-9	BX002	67	9	tre	tre	_	_	_	_	_	linguistic	_	none	_	_	_	_	_	0-3(22)
67-10	BX002	67	10	sta]gioni	stagioni	_	_	_	_	_	linguistic	_	none	_	_	_	_	_	0-3(22)
67-11	BX002	67	11	di	di	_	_	_	_	_	linguistic	_	none	_	_	_	_	_	_
67-12	BX002	67	12	[narcos].	narcos	_	_	_	_	_	linguistic	_	none	Intonation=Falling	_	_	_	_	0-6(23)
67-13	BX002	67	13	((ridendo))	((ridendo))	_	_	_	_	_	nonverbalbehavior	_	none	_	End=158.22	_	_	_	_
68-0	BX001	68	0	[no	no	_	_	_	_	_	linguistic	_	none	_	Begin=156.64	_	_	_	0-2(22)
68-1	BX001	68	1	va	va	_	_	_	_	_	linguistic	_	none	_	_	_	_	_	0-2(22)
68-2	BX001	68	2	be']	be'	_	_	_	_	_	linguistic	_	none	Truncated=Yes	End=157.082	_	_	_	0-3(22)
69-0	BX003	69	0	[(xxxxxxxx)]	xxxxxxxx	_	_	_	_	_	unknown	_	none	Syllables=8	Begin=157.555|End=158.825	_	_	0-8(0)	0-8(?)
70-0	BX001	70	0	[no	no	_	_	_	_	_	linguistic	_	none	_	Begin=158.235	_	_	_	0-2(24)
70-1	BX001	70	1	ma	ma	_	_	_	_	_	linguistic	_	none	_	_	_	_	_	0-2(24)
70-2	BX001	70	2	per-	per-	_	_	_	_	_	linguistic	_	none	Interrupted=Yes	_	_	_	_	0-4(24)
70-3	BX001	70	3	però	però	_	_	_	_	_	linguistic	_	none	_	_	_	_	_	0-4(24)
70-4	BX001	70	4	no	no	_	_	_	_	_	linguistic	_	none	_	_	_	_	_	0-2(24)
70-5	BX001	70	5	no]	no	_	_	_	_	_	linguistic	_	none	_	_	_	_	_	0-2(24)
70-6	BX001	70	6	no	no	_	_	_	_	_	linguistic	_	none	_	_	_	_	_	_
70-7	BX001	70	7	però	però	_	_	_	_	_	linguistic	_	none	_	_	_	_	_	_
70-8	BX001	70	8	a	a	_	_	_	_	_	linguistic	_	none	_	_	_	_	_	_
70-9	BX001	70	9	parte	parte	_	_	_	_	_	linguistic	_	none	_	_	_	_	_	_
70-10	BX001	70	10	a	a	_	_	_	_	_	linguistic	_	none	_	_	_	_	_	_
70-11	BX001	70	11	par-	par-	_	_	_	_	_	linguistic	_	none	Interrupted=Yes	_	_	_	_	_
70-12	BX001	70	12	a	a	_	_	_	_	_	linguistic	_	none	_	_	_	_	_	_
70-13	BX001	70	13	parte	parte	_	_	_	_	_	linguistic	_	none	_	_	_	_	_	_
70-14	BX001	70	14	gli	gli	_	_	_	_	_	linguistic	_	none	_	_	_	_	_	_
70-15	BX001	70	15	scherzi	scherzi	_	_	_	_	_	linguistic	_	none	_	_	_	_	_	_
70-16	BX001	70	16	cioè	cioè	_	_	_	_	_	linguistic	_	none	_	_	_	_	_	_
70-17	BX001	70	17	la:	la	_	_	_	_	_	linguistic	_	none	_	_	1x1	_	_	_
70-18	BX001	70	18	la	la	_	_	_	_	_	linguistic	_	none	_	_	_	_	_	_
70-19	BX001	70	19	foglia	foglia	_	_	_	_	_	linguistic	_	none	_	_	_	_	_	_
70-20	BX001	70	20	di	di	_	_	_	_	_	linguistic	_	none	_	_	_	_	_	_
70-21	BX001	70	21	coca	coca	_	_	_	_	_	linguistic	_	none	_	_	_	_	_	_
70-22	BX001	70	22	davvero	davvero	_	_	_	_	_	linguistic	_	none	_	_	_	_	_	_
70-23	BX001	70	23	si	si	_	_	_	_	_	linguistic	_	none	_	_	_	_	_	_
70-24	BX001	70	24	consuma	consuma	_	_	_	_	_	linguistic	_	none	_	_	_	_	_	_
70-25	BX001	70	25	perché	perché	_	_	_	_	_	linguistic	_	none	_	_	_	_	_	_
70-26	BX001	70	26	cioè	cioè	_	_	_	_	_	linguistic	_	none	_	_	_	_	_	_
70-27	BX001	70	27	in:	in	_	_	_	_	_	linguistic	_	none	_	_	1x1	_	_	_
70-28	BX001	70	28	quando,	quando	_	_	_	_	_	linguistic	_	none	Intonation=WeaklyRising	_	_	_	_	_
70-29	BX001	70	29	quando	quando	_	_	_	_	_	linguistic	_	none	_	_	_	_	_	_
70-30	BX001	70	30	si	si	_	_	_	_	_	linguistic	_	none	_	_	_	_	_	_
70-31	BX001	70	31	è	è	_	_	_	_	_	linguistic	_	none	_	_	_	_	_	_
70-32	BX001	70	32	in	in	_	_	_	_	_	linguistic	_	none	_	_	_	_	_	_
70-33	BX001	70	33	[montagna],	montagna	_	_	_	_	_	linguistic	_	none	Intonation=WeaklyRising	End=167.095	_	_	_	0-8(25)
71-0	BX003	71	0	[sì	sì	_	_	_	_	_	linguistic	_	none	PauseAfter=Yes	Begin=166.235	_	_	_	0-2(25)
71-1	BX003	71	1	(.)	(.)	_	_	_	_	_	shortpause	_	none	_	_	_	_	_	_
71-2	BX003	71	2	>sì	sì	_	_	_	_	_	linguistic	_	none	_	_	_	Fast=0-2(0)	_	0-2(25)
71-3	BX003	71	3	sì	sì	_	_	_	_	_	linguistic	_	none	_	_	_	Fast=0-2(0)	_	0-2(25)
71-4	BX003	71	4	sì<]	sì	_	_	_	_	_	linguistic	_	none	_	_	_	Fast=0-2(0)	_	0-2(25)
71-5	BX003	71	5	quello	quello	_	_	_	_	_	linguistic	_	none	_	_	_	_	_	_
71-6	BX003	71	6	[l'	l'	_	_	_	_	_	linguistic	_	none	SpaceAfter=No	_	_	_	_	0-2(26)
71-7	BX003	71	7	ho	ho	_	_	_	_	_	linguistic	_	none	_	_	_	_	_	0-2(26)
71-8	BX003	71	8	letto	letto	_	_	_	_	_	linguistic	_	none	_	_	_	_	_	0-5(26)
71-9	BX003	71	9	io]	io	_	_	_	_	_	linguistic	_	none	_	End=168.0	_	_	_	0-2(26)
72-0	BX001	72	0	[cioè	cioè	_	_	_	_	_	linguistic	_	none	_	Begin=167.537	_	_	_	0-4(26)
72-1	BX001	72	1	ti	ti	_	_	_	_	_	linguistic	_	none	_	_	_	_	_	0-2(26)
72-2	BX001	72	2	ti]	ti	_	_	_	_	_	linguistic	_	none	_	_	_	_	_	0-2(26)
72-3	BX001	72	3	è	è	_	_	_	_	_	linguistic	_	none	_	_	_	_	_	_
72-4	BX001	72	4	l'	l'	_	_	_	_	_	linguistic	_	none	SpaceAfter=No	_	_	_	_	_
72-5	BX001	72	5	unica	unica	_	_	_	_	_	linguistic	_	none	_	_	_	_	_	_
72-6	BX001	72	6	maniera	maniera	_	_	_	_	_	linguistic	_	none	_	_	_	_	_	_
72-7	BX001	72	7	per	per	_	_	_	_	_	linguistic	_	none	_	_	_	_	_	_
72-8	BX001	72	8	poter	poter	_	_	_	_	_	linguistic	_	none	_	End=169.93	_	_	_	_
73-0	BX001	73	0	respira:re	respirare	_	_	_	_	_	linguistic	_	none	_	Begin=170.207	6x1	_	_	_
73-1	BX001	73	1	in	in	_	_	_	_	_	linguistic	_	none	_	_	_	_	_	_
73-2	BX001	73	2	qualche	qualche	_	_	_	_	_	linguistic	_	none	_	_	_	_	_	_
73-3	BX001	73	3	modo	modo	_	_	_	_	_	linguistic	_	none	_	End=171.777	_	_	_	_
74-0	BX001	74	0	cioè	cioè	_	_	_	_	_	linguistic	_	none	_	Begin=172.23	_	_	_	_
74-1	BX001	74	1	poi	poi	_	_	_	_	_	linguistic	_	none	_	_	_	_	_	_
74-2	BX001	74	2	ti	ti	_	_	_	_	_	linguistic	_	none	ProsodicLink=Yes	_	_	_	_	_
74-3	BX001	74	3	ti	ti	_	_	_	_	_	linguistic	_	none	ProsodicLink=Yes	_	_	_	_	_
74-4	BX001	74	4	ti	ti	_	_	_	_	_	linguistic	_	none	_	_	_	_	_	_
74-5	BX001	74	5	ti	ti	_	_	_	_	_	linguistic	_	none	_	_	_	_	_	_
74-6	BX001	74	6	rovina	rovina	_	_	_	_	_	linguistic	_	none	_	_	_	_	_	_
74-7	BX001	74	7	i	i	_	_	_	_	_	linguistic	_	none	_	_	_	_	_	_
74-8	BX001	74	8	de:nti	denti	_	_	_	_	_	linguistic	_	none	_	_	1x1	_	_	_
74-9	BX001	74	9	c'	c'	_	_	_	_	_	linguistic	_	none	SpaceAfter=No	_	_	_	_	_
74-10	BX001	74	10	ha	ha	_	_	_	_	_	linguistic	_	none	_	_	_	_	_	_
74-11	BX001	74	11	un	un	_	_	_	_	_	linguistic	_	none	_	_	_	_	_	_
74-12	BX001	74	12	sacco	sacco	_	_	_	_	_	linguistic	_	none	_	_	_	_	_	_
74-13	BX001	74	13	di:	di	_	_	_	_	_	linguistic	_	none	_	_	1x1	_	_	_
74-14	BX001	74	14	di	di	_	_	_	_	_	linguistic	_	none	PauseAfter=Yes	_	_	_	_	_
74-15	BX001	74	15	(.)	(.)	_	_	_	_	_	shortpause	_	none	_	_	_	_	_	_
74-16	BX001	74	16	altri,	altri	_	_	_	_	_	linguistic	_	none	Intonation=WeaklyRising	_	_	_	_	_
74-17	BX001	74	17	altri	altri	_	_	_	_	_	linguistic	_	none	_	_	_	_	_	_
74-18	BX001	74	18	problemi,	problemi	_	_	_	_	_	linguistic	_	none	Intonation=WeaklyRising|PauseAfter=Yes	_	_	_	_	_
74-19	BX001	74	19	(.)	(.)	_	_	_	_	_	shortpause	_	none	_	_	_	_	_	_
74-20	BX001	74	20	però	però	_	_	_	_	_	linguistic	_	none	_	_	_	_	_	_
74-21	BX001	74	21	insomma	insomma	_	_	_	_	_	linguistic	_	none	_	_	_	_	_	_
74-22	BX001	74	22	dalla	dalla	_	_	_	_	_	linguistic	_	none	_	_	_	_	_	_
74-23	BX001	74	23	foglia	foglia	_	_	_	_	_	linguistic	_	none	_	_	_	_	_	_
74-24	BX001	74	24	di	di	_	_	_	_	_	linguistic	_	none	_	_	_	_	_	_
74-25	BX001	74	25	coca	coca	_	_	_	_	_	linguistic	_	none	_	_	_	_	_	_
74-26	BX001	74	26	alla	alla	_	_	_	_	_	linguistic	_	none	_	_	_	_	_	_
74-27	BX001	74	27	cocaina	cocaina	_	_	_	_	_	linguistic	_	none	_	_	_	_	_	_
74-28	BX001	74	28	c'	c'	_	_	_	_	_	linguistic	_	none	SpaceAfter=No	_	_	_	_	_
74-29	BX001	74	29	è	è	_	_	_	_	_	linguistic	_	none	_	_	_	_	_	0-1(27)
74-30	BX001	74	30	[un	un	_	_	_	_	_	linguistic	_	none	_	_	_	_	_	0-2(27)
74-31	BX001	74	31	miliardo	miliardo	_	_	_	_	_	linguistic	_	none	_	_	_	_	_	0-8(27)
74-32	BX001	74	32	di	di	_	_	_	_	_	linguistic	_	none	_	_	_	_	_	0-2(27)
74-33	BX001	74	33	passaggi	passaggi	_	_	_	_	_	linguistic	_	none	_	_	_	_	_	0-8(27)
74-34	BX001	74	34	insomma].	insomma	_	_	_	_	_	linguistic	_	none	Intonation=Falling	_	_	_	_	0-6(27)
74-35	BX001	74	35	cioè	cioè	_	_	_	_	_	linguistic	_	none	_	_	_	_	_	_
74-36	BX001	74	36	la	la	_	_	_	_	_	linguistic	_	none	_	_	_	_	_	_
74-37	BX001	74	37	foglia	foglia	_	_	_	_	_	linguistic	_	none	_	_	_	_	_	_
74-38	BX001	74	38	di	di	_	_	_	_	_	linguistic	_	none	_	_	_	_	_	_
74-39	BX001	74	39	coca	coca	_	_	_	_	_	linguistic	_	none	_	_	_	_	_	_
74-40	BX001	74	40	di	di	_	_	_	_	_	linguistic	_	none	_	_	_	_	_	_
74-41	BX001	74	41	per	per	_	_	_	_	_	linguistic	_	none	_	_	_	_	_	_
74-42	BX001	74	42	sé	sé	_	_	_	_	_	linguistic	_	none	_	_	_	_	_	_
74-43	BX001	74	43	non	non	_	_	_	_	_	linguistic	_	none	_	_	_	_	_	_
74-44	BX001	74	44	è,	è	_	_	_	_	_	linguistic	_	none	Intonation=WeaklyRising	_	_	_	_	_
74-45	BX001	74	45	non	non	_	_	_	_	_	linguistic	_	none	_	_	_	_	_	_
74-46	BX001	74	46	ha	ha	_	_	_	_	_	linguistic	_	none	_	_	_	_	_	_
74-47	BX001	74	47	niente	niente	_	_	_	_	_	linguistic	_	none	_	_	_	_	_	_
74-48	BX001	74	48	cioè	cioè	_	_	_	_	_	linguistic	_	none	_	_	_	_	_	_
74-49	BX001	74	49	non	non	_	_	_	_	_	linguistic	_	none	_	_	_	_	_	_
74-50	BX001	74	50	è:	è	_	_	_	_	_	linguistic	_	none	_	End=186.59	0x1	_	_	_
75-0	BX002	75	0	[esatto	esatto	_	_	_	_	_	linguistic	_	none	_	Begin=180.99	_	_	_	0-6(27)
75-1	BX002	75	1	c'	c'	_	_	_	_	_	linguistic	_	none	SpaceAfter=No	_	_	_	_	0-2(27)
75-2	BX002	75	2	è	è	_	_	_	_	_	linguistic	_	none	_	_	_	_	_	0-1(27)
75-3	BX002	75	3	un:	un	_	_	_	_	_	linguistic	_	none	PauseAfter=Yes	_	1x1	_	_	0-2(27)
75-4	BX002	75	4	(.)	(.)	_	_	_	_	_	shortpause	_	none	_	_	_	_	_	_
75-5	BX002	75	5	sì	sì	_	_	_	_	_	linguistic	_	none	_	_	_	_	_	0-2(27)
75-6	BX002	75	6	sì]	sì	_	_	_	_	_	linguistic	_	none	_	End=182.99	_	_	_	0-2(27)
76-0	BX002	76	0	>sì<.	sì	_	_	_	_	_	linguistic	_	none	Intonation=Falling	Begin=186.6|End=186.85	_	Fast=0-2(0)	_	_
77-0	BX001	77	0	e	e	_	_	_	_	_	linguistic	_	none	_	Begin=187.45	_	_	_	_
77-1	BX001	77	1	è	è	_	_	_	_	_	linguistic	_	none	_	_	_	_	_	_
77-2	BX001	77	2	acida	acida	_	_	_	_	_	linguistic	_	none	_	_	_	_	_	_
77-3	BX001	77	3	da	da	_	_	_	_	_	linguistic	_	none	_	_	_	_	_	_
77-4	BX001	77	4	morire.	morire	_	_	_	_	_	linguistic	_	none	Intonation=Falling|PauseAfter=Yes	_	_	_	_	_
77-5	BX001	77	5	(.)	(.)	_	_	_	_	_	shortpause	_	none	_	_	_	_	_	_
77-6	BX001	77	6	cioè	cioè	_	_	_	_	_	linguistic	_	none	PauseAfter=Yes	_	_	_	_	_
77-7	BX001	77	7	(.)	(.)	_	_	_	_	_	shortpause	_	none	_	_	_	_	_	_
77-8	BX001	77	8	mh	mh	_	_	_	_	_	linguistic	_	none	PauseAfter=Yes	_	_	_	_	_
77-9	BX001	77	9	(.)	(.)	_	_	_	_	_	shortpause	_	none	_	_	_	_	_	_
77-10	BX001	77	10	da	da	_	_	_	_	_	linguistic	_	none	_	_	_	_	_	_
77-11	BX001	77	11	noi	noi	_	_	_	_	_	linguistic	_	none	_	_	_	_	_	_
77-12	BX001	77	12	si	si	_	_	_	_	_	linguistic	_	none	_	_	_	_	_	_
77-13	BX001	77	13	prende	prende	_	_	_	_	_	linguistic	_	none	_	_	_	_	_	_
77-14	BX001	77	14	il	il	_	_	_	_	_	linguistic	_	none	_	_	_	_	_	_
77-15	BX001	77	15	the	the	_	_	_	_	_	linguistic	_	none	PauseAfter=Yes	_	_	_	_	_
77-16	BX001	77	16	(.)	(.)	_	_	_	_	_	shortpause	_	none	_	_	_	_	_	_
77-17	BX001	77	17	fai	fai	_	_	_	_	_	linguistic	_	none	_	_	_	_	_	_
77-18	BX001	77	18	il	il	_	_	_	_	_	linguistic	_	none	_	_	_	_	_	_
77-19	BX001	77	19	the	the	_	_	_	_	_	linguistic	_	none	_	_	_	_	_	_
77-20	BX001	77	20	con	con	_	_	_	_	_	linguistic	_	none	_	_	_	_	_	_
77-21	BX001	77	21	la	la	_	_	_	_	_	linguistic	_	none	_	_	_	_	_	_
77-22	BX001	77	22	coca.	coca	_	_	_	_	_	linguistic	_	none	Intonation=Falling	End=192.32	_	_	_	_
78-0	BX002	78	0	quello	quello	_	_	_	_	_	linguistic	_	none	_	Begin=192.65	_	_	_	_
78-1	BX002	78	1	lo	lo	_	_	_	_	_	linguistic	_	none	_	_	_	_	_	_
78-2	BX002	78	2	[sapevo	sapevo	_	_	_	_	_	linguistic	_	none	_	_	_	_	_	0-6(28)
78-3	BX002	78	3	perché:]	perché	_	_	_	_	_	linguistic	_	none	PauseAfter=Yes	_	5x1	_	_	0-6(28)
78-4	BX002	78	4	(.)	(.)	_	_	_	_	_	shortpause	_	none	_	_	_	_	_	_
78-5	BX002	78	5	eh:	eh	_	_	_	_	_	linguistic	_	none	_	_	1x1	_	_	_
78-6	BX002	78	6	una	una	_	_	_	_	_	linguistic	_	none	_	_	_	_	_	_
78-7	BX002	78	7	ragazza	ragazza	_	_	_	_	_	linguistic	_	none	_	_	_	_	_	_
78-8	BX002	78	8	a	a	_	_	_	_	_	linguistic	_	none	_	_	_	_	_	_
78-9	BX002	78	9	cui	cui	_	_	_	_	_	linguistic	_	none	_	_	_	_	_	_
78-10	BX002	78	10	facevo	facevo	_	_	_	_	_	linguistic	_	none	_	_	_	_	_	_
78-11	BX002	78	11	le	le	_	_	_	_	_	linguistic	_	none	_	_	_	_	_	_
78-12	BX002	78	12	ripetizioni	ripetizioni	_	_	_	_	_	linguistic	_	none	_	_	_	_	_	_
78-13	BX002	78	13	abbiamo	abbiamo	_	_	_	_	_	linguistic	_	none	_	_	_	_	_	_
78-14	BX002	78	14	fatto	fatto	_	_	_	_	_	linguistic	_	none	_	_	_	_	_	_
78-15	BX002	78	15	insieme	insieme	_	_	_	_	_	linguistic	_	none	_	_	_	_	_	_
78-16	BX002	78	16	un	un	_	_	_	_	_	linguistic	_	none	_	_	_	_	_	_
78-17	BX002	78	17	testo	testo	_	_	_	_	_	linguistic	_	none	_	_	_	_	_	_
78-18	BX002	78	18	di	di	_	_	_	_	_	linguistic	_	none	_	_	_	_	_	_
78-19	BX002	78	19	inglese,	inglese	_	_	_	_	_	linguistic	_	none	Intonation=WeaklyRising	End=199.085	_	_	_	_
79-0	BX001	79	0	[eh::]	eh	_	_	_	_	_	linguistic	_	none	_	Begin=193.08|End=194.0	1x2	_	_	0-2(28)
80-0	BX001	80	0	ah	ah	_	_	_	_	_	linguistic	_	none	ProsodicLink=Yes	Begin=199.215	_	_	_	_
80-1	BX001	80	1	ah,	ah	_	_	_	_	_	linguistic	_	none	Intonation=WeaklyRising	End=199.715	_	_	_	_
81-0	BX002	81	0	e	e	_	_	_	_	_	linguistic	_	none	_	Begin=199.78	_	_	_	_
81-1	BX002	81	1	c'	c'	_	_	_	_	_	linguistic	_	none	SpaceAfter=No	_	_	_	_	_
81-2	BX002	81	2	era	era	_	_	_	_	_	linguistic	_	none	_	_	_	_	_	_
81-3	BX002	81	3	questa	questa	_	_	_	_	_	linguistic	_	none	_	_	_	_	_	_
81-4	BX002	81	4	raga-	raga-	_	_	_	_	_	linguistic	_	none	Interrupted=Yes	_	_	_	_	_
81-5	BX002	81	5	c'	c'	_	_	_	_	_	linguistic	_	none	SpaceAfter=No	_	_	_	_	_
81-6	BX002	81	6	era	era	_	_	_	_	_	linguistic	_	none	_	_	_	_	_	_
81-7	BX002	81	7	questa:	questa	_	_	_	_	_	linguistic	_	none	_	_	5x1	_	_	_
81-8	BX002	81	8	mh:	mh	_	_	_	_	_	linguistic	_	none	_	_	1x1	_	_	_
81-9	BX002	81	9	signora	signora	_	_	_	_	_	linguistic	_	none	_	_	_	_	_	_
81-10	BX002	81	10	inglese,	inglese	_	_	_	_	_	linguistic	_	none	Intonation=WeaklyRising	_	_	_	_	_
81-11	BX002	81	11	che	che	_	_	_	_	_	linguistic	_	none	_	_	_	_	_	_
81-12	BX002	81	12	raccontava	raccontava	_	_	_	_	_	linguistic	_	none	_	_	_	_	_	_
81-13	BX002	81	13	di	di	_	_	_	_	_	linguistic	_	none	_	_	_	_	_	_
81-14	BX002	81	14	un	un	_	_	_	_	_	linguistic	_	none	_	_	_	_	_	_
81-15	BX002	81	15	suo	suo	_	_	_	_	_	linguistic	_	none	_	_	_	_	_	_
81-16	BX002	81	16	viaggio,	viaggio	_	_	_	_	_	linguistic	_	none	Intonation=WeaklyRising|PauseAfter=Yes	_	_	_	_	_
81-17	BX002	81	17	(.)	(.)	_	_	_	_	_	shortpause	_	none	_	_	_	_	_	_
81-18	BX002	81	18	e	e	_	_	_	_	_	linguistic	_	none	_	_	_	_	_	_
81-19	BX002	81	19	che	che	_	_	_	_	_	linguistic	_	none	_	_	_	_	_	_
81-20	BX002	81	20	gli	gli	_	_	_	_	_	linguistic	_	none	_	_	_	_	_	_
81-21	BX002	81	21	davano	davano	_	_	_	_	_	linguistic	_	none	_	_	_	_	_	_
81-22	BX002	81	22	il	il	_	_	_	_	_	linguistic	_	none	_	_	_	_	_	_
81-23	BX002	81	23	the:,	the	_	_	_	_	_	linguistic	_	none	Intonation=WeaklyRising	End=206.86	2x1	_	_	_
82-0	BX002	82	0	e	e	_	_	_	_	_	linguistic	_	none	_	Begin=207.326	_	_	_	_
82-1	BX002	82	1	io	io	_	_	_	_	_	linguistic	_	none	_	_	_	_	_	_
82-2	BX002	82	2	tipo	tipo	_	_	_	_	_	linguistic	_	none	PauseAfter=Yes	_	_	_	_	_
82-3	BX002	82	3	(.)	(.)	_	_	_	_	_	shortpause	_	none	_	_	_	_	_	_
82-4	BX002	82	4	leggevo,	leggevo	_	_	_	_	_	linguistic	_	none	Intonation=WeaklyRising	End=208.716	_	_	_	_
83-0	BX002	83	0	e	e	_	_	_	_	_	linguistic	_	none	_	Begin=209.106	_	_	_	_
83-1	BX002	83	1	non	non	_	_	_	_	_	linguistic	_	none	_	_	_	_	_	_
83-2	BX002	83	2	capivo,	capivo	_	_	_	_	_	linguistic	_	none	Intonation=WeaklyRising	_	_	_	_	_
83-3	BX002	83	3	e	e	_	_	_	_	_	linguistic	_	none	_	_	_	_	_	_
83-4	BX002	83	4	dicevo	dicevo	_	_	_	_	_	linguistic	_	none	_	_	_	_	_	_
83-5	BX002	83	5	[madonna	madonna	_	_	_	_	_	linguistic	_	none	_	_	_	_	_	0-7(331)
83-6	BX002	83	6	ma	ma	_	_	_	_	_	linguistic	_	none	_	_	_	_	_	0-2(331)
83-7	BX002	83	7	devo	devo	_	_	_	_	_	linguistic	_	none	_	_	_	_	_	0-4(331)
83-8	BX002	83	8	stare	stare	_	_	_	_	_	linguistic	_	none	_	_	_	_	_	0-5(331)
83-9	BX002	83	9	(attenta)]	attenta	_	_	_	_	_	linguistic	_	none	_	End=211.416	_	_	0-7(0)	0-7(331)
84-0	BX001	84	0	[ma	ma	_	_	_	_	_	linguistic	_	none	_	Begin=210.526	_	_	_	0-2(331)
84-1	BX001	84	1	no:.	no	_	_	_	_	_	linguistic	_	none	Intonation=Falling	_	1x1	_	_	0-2(331)
84-2	BX001	84	2	ma]	ma	_	_	_	_	_	linguistic	_	none	_	End=211.416	_	_	_	0-2(331)
85-0	BX003	85	0	capire	capire	_	_	_	_	_	linguistic	_	none	_	Begin=211.406	_	_	_	_
85-1	BX003	85	1	[(x	x	_	_	_	_	_	unknown	_	none	Syllables=1	_	_	_	0-1(0)	0-1(332)
85-2	BX003	85	2	leggo	leggo	_	_	_	_	_	linguistic	_	none	_	_	_	_	0-5(0)	0-5(332)
85-3	BX003	85	3	io)]	io	_	_	_	_	_	linguistic	_	none	_	End=213.066	_	_	0-2(0)	0-2(332)
86-0	BX001	86	0	[usa:	usa	_	_	_	_	_	linguistic	_	none	_	Begin=211.956	2x1	_	_	0-3(332)
86-1	BX001	86	1	quello	quello	_	_	_	_	_	linguistic	_	none	_	_	_	_	_	0-6(332)
86-2	BX001	86	2	usa]	usa	_	_	_	_	_	linguistic	_	none	_	_	_	_	_	0-3(332)
86-3	BX001	86	3	parecchio,	parecchio	_	_	_	_	_	linguistic	_	none	Intonation=WeaklyRising	End=213.74	_	_	_	_
87-0	BX002	87	0	[esatto]	esatto	_	_	_	_	_	linguistic	_	none	_	Begin=212.45|End=213.03	_	_	_	0-6(332)
88-0	BX001	88	0	fai	fai	_	_	_	_	_	linguistic	_	none	_	Begin=214.151	_	_	_	_
88-1	BX001	88	1	conto	conto	_	_	_	_	_	linguistic	_	none	_	_	_	_	_	_
88-2	BX001	88	2	è,	è	_	_	_	_	_	linguistic	_	none	Intonation=WeaklyRising|PauseAfter=Yes	_	_	_	_	_
88-3	BX001	88	3	(.)	(.)	_	_	_	_	_	shortpause	_	none	_	_	_	_	_	_
88-4	BX001	88	4	cioè	cioè	_	_	_	_	_	linguistic	_	none	_	_	_	_	_	_
88-5	BX001	88	5	una	una	_	_	_	_	_	linguistic	_	none	_	_	_	_	_	_
88-6	BX001	88	6	persona	persona	_	_	_	_	_	linguistic	_	none	_	_	_	_	_	_
88-7	BX001	88	7	che	che	_	_	_	_	_	linguistic	_	none	_	_	_	_	_	_
88-8	BX001	88	8	non	non	_	_	_	_	_	linguistic	_	none	_	_	_	_	_	_
88-9	BX001	88	9	beve	beve	_	_	_	_	_	linguistic	_	none	_	_	_	_	_	_
88-10	BX001	88	10	mai	mai	_	_	_	_	_	linguistic	_	none	_	_	_	_	_	_
88-11	BX001	88	11	il	il	_	_	_	_	_	linguistic	_	none	_	_	_	_	_	_
88-12	BX001	88	12	caffè	caffè	_	_	_	_	_	linguistic	_	none	_	_	_	_	_	_
88-13	BX001	88	13	e	e	_	_	_	_	_	linguistic	_	none	_	_	_	_	_	_
88-14	BX001	88	14	si	si	_	_	_	_	_	linguistic	_	none	_	_	_	_	_	_
88-15	BX001	88	15	prende	prende	_	_	_	_	_	linguistic	_	none	_	_	_	_	_	_
88-16	BX001	88	16	un	un	_	_	_	_	_	linguistic	_	none	_	_	_	_	_	_
88-17	BX001	88	17	espresso,	espresso	_	_	_	_	_	linguistic	_	none	Intonation=WeaklyRising	_	_	_	_	_
88-18	BX001	88	18	bello	bello	_	_	_	_	_	linguistic	_	none	_	_	_	_	_	_
88-19	BX001	88	19	forte	forte	_	_	_	_	_	linguistic	_	none	_	_	_	_	_	_
88-20	BX001	88	20	e	e	_	_	_	_	_	linguistic	_	none	_	_	_	_	_	_
88-21	BX001	88	21	diventa	diventa	_	_	_	_	_	linguistic	_	none	_	_	_	_	_	_
88-22	BX001	88	22	un	un	_	_	_	_	_	linguistic	_	none	_	_	_	_	_	_
88-23	BX001	88	23	po'	po'	_	_	_	_	_	linguistic	_	none	_	_	_	_	_	_
88-24	BX001	88	24	così,	così	_	_	_	_	_	linguistic	_	none	Intonation=WeaklyRising	_	_	_	_	_
88-25	BX001	88	25	quello	quello	_	_	_	_	_	linguistic	_	none	_	_	_	_	_	_
88-26	BX001	88	26	è	è	_	_	_	_	_	linguistic	_	none	_	_	_	_	_	_
88-27	BX001	88	27	l'	l'	_	_	_	_	_	linguistic	_	none	SpaceAfter=No	_	_	_	_	_
88-28	BX001	88	28	effetto	effetto	_	_	_	_	_	linguistic	_	none	_	_	_	_	_	_
88-29	BX001	88	29	del	del	_	_	_	_	_	linguistic	_	none	_	_	_	_	_	_
88-30	BX001	88	30	the	the	_	_	_	_	_	linguistic	_	none	_	_	_	_	_	_
88-31	BX001	88	31	di	di	_	_	_	_	_	linguistic	_	none	_	_	_	_	_	_
88-32	BX001	88	32	coca.	coca	_	_	_	_	_	linguistic	_	none	Intonation=Falling	End=222.05	_	_	_	_
89-0	BX003	89	0	ah	ah	_	_	_	_	_	linguistic	_	none	_	Begin=222.046	_	_	_	_
89-1	BX003	89	1	[okay]	okay	_	_	_	_	_	linguistic	_	none	_	End=222.87	_	_	_	0-4(30)
90-0	BX001	90	0	[>cioè<]	cioè	_	_	_	_	_	linguistic	_	none	_	Begin=222.343	_	Fast=0-4(0)	_	0-4(30)
90-1	BX001	90	1	il	il	_	_	_	_	_	linguistic	_	none	_	_	_	_	_	_
90-2	BX001	90	2	the	the	_	_	_	_	_	linguistic	_	none	_	_	_	_	_	_
90-3	BX001	90	3	di	di	_	_	_	_	_	linguistic	_	none	_	_	_	_	_	_
90-4	BX001	90	4	coca	coca	_	_	_	_	_	linguistic	_	none	_	_	_	_	_	_
90-5	BX001	90	5	ti	ti	_	_	_	_	_	linguistic	_	none	_	_	_	_	_	_
90-6	BX001	90	6	sveglia	sveglia	_	_	_	_	_	linguistic	_	none	_	_	_	_	_	_
90-7	BX001	90	7	vera[mente].	veramente	_	_	_	_	_	linguistic	_	none	Intonation=Falling	End=224.233	_	_	_	4-9(31)
91-0	BX003	91	0	[mh	mh	_	_	_	_	_	linguistic	_	none	ProsodicLink=Yes	Begin=223.783	_	_	_	0-2(31)
91-1	BX003	91	1	mh]	mh	_	_	_	_	_	linguistic	_	none	_	End=224.243	_	_	_	0-2(31)
92-0	BX002	92	0	[(lei	lei	_	_	_	_	_	linguistic	_	none	_	Begin=224.943	_	_	0-3(0)	0-3(32)
92-1	BX002	92	1	lo	lo	_	_	_	_	_	linguistic	_	none	_	_	_	_	0-2(0)	0-2(32)
92-2	BX002	92	2	ha	ha	_	_	_	_	_	linguistic	_	none	_	_	_	_	0-2(0)	0-2(32)
92-3	BX002	92	3	preso	preso	_	_	_	_	_	linguistic	_	none	_	_	_	_	0-5(0)	0-5(32)
92-4	BX002	92	4	per:)]	per	_	_	_	_	_	linguistic	_	none	_	_	2x1	_	0-3(0)	0-3(32)
92-5	BX002	92	5	il:	il	_	_	_	_	_	linguistic	_	none	_	End=226.87	1x1	_	_	_
93-0	BX001	93	0	[eh:]	eh	_	_	_	_	_	linguistic	_	none	_	Begin=225.018|End=225.478	1x1	_	_	0-2(32)
94-0	BX003	94	0	pe[rò]	però	_	_	_	_	_	linguistic	_	none	_	Begin=226.873|End=227.233	_	_	_	2-4(33)
95-0	BX002	95	0	[high]	high	_	_	_	_	_	linguistic	_	none	_	Begin=227.098	_	_	_	0-4(33)
95-1	BX002	95	1	sicknecs	sicknecs	_	_	_	_	_	linguistic	_	none	PauseAfter=Yes	_	_	_	_	_
95-2	BX002	95	2	(.)	(.)	_	_	_	_	_	shortpause	_	none	_	_	_	_	_	_
95-3	BX002	95	3	high	high	_	_	_	_	_	linguistic	_	none	_	_	_	_	_	_
95-4	BX002	95	4	sick[(ness)]	sickness	_	_	_	_	_	linguistic	_	none	_	End=229.04	_	_	4-8(0)	4-8(34)
96-0	BX001	96	0	[sì].	sì	_	_	_	_	_	linguistic	_	none	Intonation=Falling	Begin=228.884	_	_	_	0-2(34)
96-1	BX001	96	1	sì	sì	_	_	_	_	_	linguistic	_	none	_	_	_	_	_	_
96-2	BX001	96	2	sì.	sì	_	_	_	_	_	linguistic	_	none	Intonation=Falling	End=229.774	_	_	_	_
97-0	BX001	97	0	no	no	_	_	_	_	_	linguistic	_	none	_	Begin=229.814	_	_	_	_
97-1	BX001	97	1	ma:	ma	_	_	_	_	_	linguistic	_	none	_	_	1x1	_	_	_
97-2	BX001	97	2	cioè	cioè	_	_	_	_	_	linguistic	_	none	_	_	_	_	_	_
97-3	BX001	97	3	proprio	proprio	_	_	_	_	_	linguistic	_	none	_	_	_	_	_	_
97-4	BX001	97	4	quello:	quello	_	_	_	_	_	linguistic	_	none	_	_	5x1	_	_	_
97-5	BX001	97	5	succede.	succede	_	_	_	_	_	linguistic	_	none	Intonation=Falling	_	_	_	_	_
97-6	BX001	97	6	cioè	cioè	_	_	_	_	_	linguistic	_	none	_	_	_	_	_	_
97-7	BX001	97	7	ma	ma	_	_	_	_	_	linguistic	_	none	_	_	_	_	_	_
97-8	BX001	97	8	a-	a-	_	_	_	_	_	linguistic	_	none	Interrupted=Yes	_	_	_	_	_
97-9	BX001	97	9	ma	ma	_	_	_	_	_	linguistic	_	none	_	_	_	_	_	_
97-10	BX001	97	10	già	già	_	_	_	_	_	linguistic	_	none	_	_	_	_	_	_
97-11	BX001	97	11	a	a	_	_	_	_	_	linguistic	_	none	_	_	_	_	_	_
97-12	BX001	97	12	bogotà	bogotà	_	_	_	_	_	linguistic	_	none	_	_	_	_	_	_
97-13	BX001	97	13	che	che	_	_	_	_	_	linguistic	_	none	_	_	_	_	_	_
97-14	BX001	97	14	sono	sono	_	_	_	_	_	linguistic	_	none	_	_	_	_	_	_
97-15	BX001	97	15	duemilaseicento	duemilaseicento	_	_	_	_	_	linguistic	_	none	_	_	_	_	_	_
97-16	BX001	97	16	metri	metri	_	_	_	_	_	linguistic	_	none	_	_	_	_	_	_
97-17	BX001	97	17	e	e	_	_	_	_	_	linguistic	_	none	_	_	_	_	_	_
97-18	BX001	97	18	basta,	basta	_	_	_	_	_	linguistic	_	none	Intonation=WeaklyRising	End=236.294	_	_	_	_
98-0	BX002	98	0	mh	mh	_	_	_	_	_	linguistic	_	none	ProsodicLink=Yes	Begin=236.314	_	_	_	_
98-1	BX002	98	1	mh	mh	_	_	_	_	_	linguistic	_	none	_	End=236.774	_	_	_	_
99-0	BX001	99	0	la	la	_	_	_	_	_	linguistic	_	none	_	Begin=236.877	_	_	_	_
99-1	BX001	99	1	base	base	_	_	_	_	_	linguistic	_	none	_	_	_	_	_	_
99-2	BX001	99	2	è	è	_	_	_	_	_	linguistic	_	none	_	_	_	_	_	_
99-3	BX001	99	3	tremilasettecento,	tremilasettecento	_	_	_	_	_	linguistic	_	none	Intonation=WeaklyRising	_	_	_	_	_
99-4	BX001	99	4	no?	no	_	_	_	_	_	linguistic	_	none	Intonation=Rising	_	_	_	_	_
99-5	BX001	99	5	tremilaottocento	tremilaottocento	_	_	_	_	_	linguistic	_	none	_	End=239.99	_	_	_	_
100-0	BX001	100	0	cioè	cioè	_	_	_	_	_	linguistic	_	none	_	Begin=240.872	_	_	_	_
100-1	BX001	100	1	già	già	_	_	_	_	_	linguistic	_	none	_	_	_	_	_	_
100-2	BX001	100	2	a	a	_	_	_	_	_	linguistic	_	none	_	_	_	_	_	_
100-3	BX001	100	3	bogotà,	bogotà	_	_	_	_	_	linguistic	_	none	Intonation=WeaklyRising|PauseAfter=Yes	_	_	_	_	_
100-4	BX001	100	4	(.)	(.)	_	_	_	_	_	shortpause	_	none	_	_	_	_	_	_
100-5	BX001	100	5	quando	quando	_	_	_	_	_	linguistic	_	none	_	_	_	_	_	_
100-6	BX001	100	6	tu	tu	_	_	_	_	_	linguistic	_	none	_	_	_	_	_	_
100-7	BX001	100	7	scendi	scendi	_	_	_	_	_	linguistic	_	none	_	_	_	_	_	_
100-8	BX001	100	8	in	in	_	_	_	_	_	linguistic	_	none	_	_	_	_	_	_
100-9	BX001	100	9	aeroporto,	aeroporto	_	_	_	_	_	linguistic	_	none	Intonation=WeaklyRising	_	_	_	_	_
100-10	BX001	100	10	cioè	cioè	_	_	_	_	_	linguistic	_	none	_	_	_	_	_	_
100-11	BX001	100	11	appena:	appena	_	_	_	_	_	linguistic	_	none	_	_	5x1	_	_	_
100-12	BX001	100	12	appena	appena	_	_	_	_	_	linguistic	_	none	_	_	_	_	_	_
100-13	BX001	100	13	scendi	scendi	_	_	_	_	_	linguistic	_	none	_	_	_	_	_	_
100-14	BX001	100	14	da	da	_	_	_	_	_	linguistic	_	none	_	_	_	_	_	_
100-15	BX001	100	15	dall'	dall'	_	_	_	_	_	linguistic	_	none	SpaceAfter=No	_	_	_	_	_
100-16	BX001	100	16	aereo,	aereo	_	_	_	_	_	linguistic	_	none	Intonation=WeaklyRising|PauseAfter=Yes	_	_	_	_	_
100-17	BX001	100	17	(.)	(.)	_	_	_	_	_	shortpause	_	none	_	_	_	_	_	_
100-18	BX001	100	18	ci	ci	_	_	_	_	_	linguistic	_	none	_	_	_	_	_	_
100-19	BX001	100	19	sono	sono	_	_	_	_	_	linguistic	_	none	_	_	_	_	_	_
100-20	BX001	100	20	le	le	_	_	_	_	_	linguistic	_	none	_	_	_	_	_	_
100-21	BX001	100	21	postazioni	postazioni	_	_	_	_	_	linguistic	_	none	_	_	_	_	_	_
100-22	BX001	100	22	di	di	_	_	_	_	_	linguistic	_	none	_	_	_	_	_	_
100-23	BX001	100	23	ossigeno.	ossigeno	_	_	_	_	_	linguistic	_	none	Intonation=Falling|PauseAfter=Yes	_	_	_	_	_
100-24	BX001	100	24	(.)	(.)	_	_	_	_	_	shortpause	_	none	_	_	_	_	_	_
100-25	BX001	100	25	per	per	_	_	_	_	_	linguistic	_	none	_	_	_	_	_	_
100-26	BX001	100	26	le	le	_	_	_	_	_	linguistic	_	none	_	_	_	_	_	_
100-27	BX001	100	27	persone	persone	_	_	_	_	_	linguistic	_	none	_	_	_	_	_	_
100-28	BX001	100	28	un	un	_	_	_	_	_	linguistic	_	none	_	_	_	_	_	_
100-29	BX001	100	29	po'	po'	_	_	_	_	_	linguistic	_	none	_	_	_	_	_	_
100-30	BX001	100	30	più	più	_	_	_	_	_	linguistic	_	none	_	_	_	_	_	_
100-31	BX001	100	31	grandi,	grandi	_	_	_	_	_	linguistic	_	none	Intonation=WeaklyRising|PauseAfter=Yes	_	_	_	_	_
100-32	BX001	100	32	(.)	(.)	_	_	_	_	_	shortpause	_	none	_	_	_	_	_	_
100-33	BX001	100	33	.	.	_	_	_	_	_	error	_	none	_	_	_	_	_	_
100-34	BX001	100	34	che	che	_	_	_	_	_	linguistic	_	none	_	_	_	_	_	_
100-35	BX001	100	35	si	si	_	_	_	_	_	linguistic	_	none	_	_	_	_	_	_
100-36	BX001	100	36	devono	devono	_	_	_	_	_	linguistic	_	none	_	_	_	_	_	_
100-37	BX001	100	37	mettere	mettere	_	_	_	_	_	linguistic	_	none	_	_	_	_	_	_
100-38	BX001	100	38	a	a	_	_	_	_	_	linguistic	_	none	_	_	_	_	_	_
100-39	BX001	100	39	sedere	sedere	_	_	_	_	_	linguistic	_	none	_	_	_	_	_	_
100-40	BX001	100	40	e	e	_	_	_	_	_	linguistic	_	none	_	_	_	_	_	_
100-41	BX001	100	41	si	si	_	_	_	_	_	linguistic	_	none	_	_	_	_	_	_
100-42	BX001	100	42	mettono	mettono	_	_	_	_	_	linguistic	_	none	_	_	_	_	_	_
100-43	BX001	100	43	l'	l'	_	_	_	_	_	linguistic	_	none	SpaceAfter=No	_	_	_	_	_
100-44	BX001	100	44	ossigeno.	ossigeno	_	_	_	_	_	linguistic	_	none	Intonation=Falling	End=253.54	_	_	_	_
101-0	BX001	101	0	perché:	perché	_	_	_	_	_	linguistic	_	none	_	Begin=253.911	5x1	_	_	_
101-1	BX001	101	1	[(insomma)]	insomma	_	_	_	_	_	linguistic	_	none	_	End=255.521	_	_	0-7(0)	0-7(35)
102-0	BX002	102	0	[per	per	_	_	_	_	_	linguistic	_	none	_	Begin=254.381	_	_	_	0-3(35)
102-1	BX002	102	1	l'	l'	_	_	_	_	_	linguistic	_	none	SpaceAfter=No	_	_	_	_	0-2(35)
102-2	BX002	102	2	altitudine].	altitudine	_	_	_	_	_	linguistic	_	none	Intonation=Falling	End=255.531	_	_	_	0-10(35)
103-0	BX001	103	0	eh::	eh	_	_	_	_	_	linguistic	_	none	_	Begin=255.671	1x2	_	_	_
103-1	BX001	103	1	in	in	_	_	_	_	_	linguistic	_	none	_	_	_	_	_	_
103-2	BX001	103	2	bolivia	bolivia	_	_	_	_	_	linguistic	_	none	_	_	_	_	_	_
103-3	BX001	103	3	eh	eh	_	_	_	_	_	linguistic	_	none	_	_	_	_	_	_
103-4	BX001	103	4	son	son	_	_	_	_	_	linguistic	_	none	_	_	_	_	_	_
103-5	BX001	103	5	milleduecento	milleduecento	_	_	_	_	_	linguistic	_	none	_	_	_	_	_	_
103-6	BX001	103	6	metri	metri	_	_	_	_	_	linguistic	_	none	_	_	_	_	_	_
103-7	BX001	103	7	in	in	_	_	_	_	_	linguistic	_	none	_	_	_	_	_	_
103-8	BX001	103	8	più.	più	_	_	_	_	_	linguistic	_	none	Intonation=Falling	End=258.811	_	_	_	_
104-0	BX001	104	0	quindi	quindi	_	_	_	_	_	linguistic	_	none	_	Begin=259.846	_	_	_	_
104-1	BX001	104	1	insomma.	insomma	_	_	_	_	_	linguistic	_	none	Intonation=Falling	End=260.556	_	_	_	_
105-0	BX001	105	0	(però	però	_	_	_	_	_	linguistic	_	none	_	Begin=262.106	_	_	0-4(0)	_
105-1	BX001	105	1	sì	sì	_	_	_	_	_	linguistic	_	none	_	_	_	_	0-2(0)	_
105-2	BX001	105	2	sì)	sì	_	_	_	_	_	linguistic	_	none	_	End=262.95	_	_	0-2(0)	_
106-0	BX002	106	0	[e	e	_	_	_	_	_	linguistic	_	none	_	Begin=263.716	_	_	_	0-1(36)
106-1	BX002	106	1	diceva],	diceva	_	_	_	_	_	linguistic	_	none	Intonation=WeaklyRising	End=264.61	_	_	_	0-6(36)
107-0	BX003	107	0	[e	e	_	_	_	_	_	linguistic	_	none	_	Begin=263.716	_	_	_	0-1(36)
107-1	BX003	107	1	sarà	sarà	_	_	_	_	_	linguistic	_	none	_	_	_	_	_	0-4(36)
107-2	BX003	107	2	anche]	anche	_	_	_	_	_	linguistic	_	none	_	_	_	_	_	0-5(36)
107-3	BX003	107	3	l'	l'	_	_	_	_	_	linguistic	_	none	SpaceAfter=No	_	_	_	_	_
107-4	BX003	107	4	uso:	uso	_	_	_	_	_	linguistic	_	none	_	End=264.89	2x1	_	_	_
108-0	BX002	108	0	in	in	_	_	_	_	_	linguistic	_	none	_	Begin=265.046	_	_	_	_
108-1	BX002	108	1	sta	sta	_	_	_	_	_	linguistic	_	none	_	_	_	_	_	_
108-2	BX002	108	2	presentazione:	presentazione	_	_	_	_	_	linguistic	_	none	_	_	12x1	_	_	_
108-3	BX002	108	3	ci	ci	_	_	_	_	_	linguistic	_	none	_	_	_	_	_	_
108-4	BX002	108	4	sono	sono	_	_	_	_	_	linguistic	_	none	_	_	_	_	_	_
108-5	BX002	108	5	un	un	_	_	_	_	_	linguistic	_	none	_	_	_	_	_	_
108-6	BX002	108	6	sacco	sacco	_	_	_	_	_	linguistic	_	none	_	_	_	_	_	_
108-7	BX002	108	7	di	di	_	_	_	_	_	linguistic	_	none	_	_	_	_	_	_
108-8	BX002	108	8	progetti	progetti	_	_	_	_	_	linguistic	_	none	_	_	_	_	_	_
108-9	BX002	108	9	per	per	_	_	_	_	_	linguistic	_	none	_	_	_	_	_	_
108-10	BX002	108	10	la	la	_	_	_	_	_	linguistic	_	none	_	_	_	_	_	_
108-11	BX002	108	11	tutela	tutela	_	_	_	_	_	linguistic	_	none	_	_	_	_	_	_
108-12	BX002	108	12	di	di	_	_	_	_	_	linguistic	_	none	_	_	_	_	_	_
108-13	BX002	108	13	ste	ste	_	_	_	_	_	linguistic	_	none	_	_	_	_	_	_
108-14	BX002	108	14	lingue.	lingue	_	_	_	_	_	linguistic	_	none	Intonation=Falling	End=269.83	_	_	_	_
109-0	BX002	109	0	però	però	_	_	_	_	_	linguistic	_	none	_	Begin=270.006	_	_	_	_
109-1	BX002	109	1	una	una	_	_	_	_	_	linguistic	_	none	_	_	_	_	_	_
109-2	BX002	109	2	cosa	cosa	_	_	_	_	_	linguistic	_	none	_	_	_	_	_	_
109-3	BX002	109	3	super	super	_	_	_	_	_	linguistic	_	none	_	_	_	_	_	_
109-4	BX002	109	4	interessante,	interessante	_	_	_	_	_	linguistic	_	none	Intonation=WeaklyRising	End=271.446	_	_	_	_
110-0	BX001	110	0	sì	sì	_	_	_	_	_	linguistic	_	none	_	Begin=271.451	_	_	_	_
110-1	BX001	110	1	però	però	_	_	_	_	_	linguistic	_	none	_	_	_	_	_	_
110-2	BX001	110	2	insomma	insomma	_	_	_	_	_	linguistic	_	none	PauseAfter=Yes	_	_	_	_	_
110-3	BX001	110	3	(.)	(.)	_	_	_	_	_	shortpause	_	none	_	_	_	_	_	_
110-4	BX001	110	4	purtroppo	purtroppo	_	_	_	_	_	linguistic	_	none	_	End=273.2	_	_	_	_
111-0	BX002	111	0	eh	eh	_	_	_	_	_	linguistic	_	none	_	Begin=273.275	_	_	_	_
111-1	BX002	111	1	ma	ma	_	_	_	_	_	linguistic	_	none	_	_	_	_	_	_
111-2	BX002	111	2	[io]	io	_	_	_	_	_	linguistic	_	none	_	End=273.8	_	_	_	0-2(37)
112-0	BX001	112	0	[sulla]	sulla	_	_	_	_	_	linguistic	_	none	_	Begin=273.645	_	_	_	0-5(37)
112-1	BX001	112	1	carta	carta	_	_	_	_	_	linguistic	_	none	_	End=274.485	_	_	_	_
113-0	BX002	113	0	io	io	_	_	_	_	_	linguistic	_	none	_	Begin=274.49	_	_	_	_
113-1	BX002	113	1	in	in	_	_	_	_	_	linguistic	_	none	_	_	_	_	_	_
113-2	BX002	113	2	tutto	tutto	_	_	_	_	_	linguistic	_	none	_	_	_	_	_	_
113-3	BX002	113	3	ciò	ciò	_	_	_	_	_	linguistic	_	none	_	_	_	_	_	_
113-4	BX002	113	4	io	io	_	_	_	_	_	linguistic	_	none	_	_	_	_	_	_
113-5	BX002	113	5	pensavo	pensavo	_	_	_	_	_	linguistic	_	none	_	_	_	_	_	_
113-6	BX002	113	6	sì	sì	_	_	_	_	_	linguistic	_	none	PauseAfter=Yes	_	_	_	_	_
113-7	BX002	113	7	(.)	(.)	_	_	_	_	_	shortpause	_	none	_	_	_	_	_	_
113-8	BX002	113	8	ma	ma	_	_	_	_	_	linguistic	_	none	_	_	_	_	_	_
113-9	BX002	113	9	dove	dove	_	_	_	_	_	linguistic	_	none	_	_	_	_	_	_
113-10	BX002	113	10	cacchio	cacchio	_	_	_	_	_	linguistic	_	none	_	_	_	_	_	_
113-11	BX002	113	11	prendono	prendono	_	_	_	_	_	linguistic	_	none	_	_	_	_	_	_
113-12	BX002	113	12	i	i	_	_	_	_	_	linguistic	_	none	_	_	_	_	_	_
113-13	BX002	113	13	soldi	soldi	_	_	_	_	_	linguistic	_	none	_	_	_	_	_	_
113-14	BX002	113	14	che	che	_	_	_	_	_	linguistic	_	none	_	_	_	_	_	_
113-15	BX002	113	15	[non	non	_	_	_	_	_	linguistic	_	none	_	_	_	_	_	0-3(38)
113-16	BX002	113	16	hanno	hanno	_	_	_	_	_	linguistic	_	none	_	_	_	_	_	0-5(38)
113-17	BX002	113	17	niente]?	niente	_	_	_	_	_	linguistic	_	none	Intonation=Rising	End=279.09	_	_	_	0-6(38)
114-0	BX001	114	0	[no:	no	_	_	_	_	_	linguistic	_	none	_	Begin=278.015	1x1	_	_	0-2(38)
114-1	BX001	114	1	no:]	no	_	_	_	_	_	linguistic	_	none	_	_	1x1	_	_	0-2(38)
114-2	BX001	114	2	purtroppo	purtroppo	_	_	_	_	_	linguistic	_	none	_	_	_	_	_	_
114-3	BX001	114	3	solo	solo	_	_	_	_	_	linguistic	_	none	_	_	_	_	_	_
114-4	BX001	114	4	>sulla	sulla	_	_	_	_	_	linguistic	_	none	_	_	_	Fast=0-5(0)	_	_
114-5	BX001	114	5	carta<	carta	_	_	_	_	_	linguistic	_	none	_	_	_	Fast=0-5(0)	_	_
114-6	BX001	114	6	dove	dove	_	_	_	_	_	linguistic	_	none	_	_	_	_	_	_
114-7	BX001	114	7	davvero	davvero	_	_	_	_	_	linguistic	_	none	_	_	_	_	_	_
114-8	BX001	114	8	fanno	fanno	_	_	_	_	_	linguistic	_	none	_	_	_	_	_	_
114-9	BX001	114	9	le	le	_	_	_	_	_	linguistic	_	none	_	_	_	_	_	_
114-10	BX001	114	10	cose	cose	_	_	_	_	_	linguistic	_	none	_	_	_	_	_	_
114-11	BX001	114	11	è	è	_	_	_	_	_	linguistic	_	none	_	_	_	_	_	_
114-12	BX001	114	12	in	in	_	_	_	_	_	linguistic	_	none	_	_	_	_	_	_
114-13	BX001	114	13	paraguay.	paraguay	_	_	_	_	_	linguistic	_	none	Intonation=Falling	End=283.655	_	_	_	_
115-0	BX002	115	0	ah.	ah	_	_	_	_	_	linguistic	_	none	Intonation=Falling	Begin=283.655|End=283.9	_	_	_	_
116-0	BX001	116	0	perché	perché	_	_	_	_	_	linguistic	_	none	_	Begin=284.01	_	_	_	_
116-1	BX001	116	1	il	il	_	_	_	_	_	linguistic	_	none	_	_	_	_	_	_
116-2	BX001	116	2	paraguay	paraguay	_	_	_	_	_	linguistic	_	none	_	_	_	_	_	_
116-3	BX001	116	3	è	è	_	_	_	_	_	linguistic	_	none	_	_	_	_	_	_
116-4	BX001	116	4	l'	l'	_	_	_	_	_	linguistic	_	none	SpaceAfter=No	_	_	_	_	_
116-5	BX001	116	5	unico	unico	_	_	_	_	_	linguistic	_	none	_	_	_	_	_	_
116-6	BX001	116	6	posto	posto	_	_	_	_	_	linguistic	_	none	_	_	_	_	_	_
116-7	BX001	116	7	dove	dove	_	_	_	_	_	linguistic	_	none	_	_	_	_	_	_
116-8	BX001	116	8	loro	loro	_	_	_	_	_	linguistic	_	none	_	_	_	_	_	_
116-9	BX001	116	9	hanno	hanno	_	_	_	_	_	linguistic	_	none	_	_	_	_	_	_
116-10	BX001	116	10	conservato	conservato	_	_	_	_	_	linguistic	_	none	_	_	_	_	_	_
116-11	BX001	116	11	la	la	_	_	_	_	_	linguistic	_	none	_	_	_	_	_	_
116-12	BX001	116	12	lingua.	lingua	_	_	_	_	_	linguistic	_	none	Intonation=Falling|PauseAfter=Yes	_	_	_	_	_
116-13	BX001	116	13	(.)	(.)	_	_	_	_	_	shortpause	_	none	_	_	_	_	_	_
116-14	BX001	116	14	in	in	_	_	_	_	_	linguistic	_	none	_	_	_	_	_	_
116-15	BX001	116	15	paraguay	paraguay	_	_	_	_	_	linguistic	_	none	_	_	_	_	_	_
116-16	BX001	116	16	lo	lo	_	_	_	_	_	linguistic	_	none	_	_	_	_	_	_
116-17	BX001	116	17	spagnolo	spagnolo	_	_	_	_	_	linguistic	_	none	_	_	_	_	_	_
116-18	BX001	116	18	è	è	_	_	_	_	_	linguistic	_	none	_	_	_	_	_	_
116-19	BX001	116	19	la	la	_	_	_	_	_	linguistic	_	none	_	_	_	_	_	_
116-20	BX001	116	20	seconda	seconda	_	_	_	_	_	linguistic	_	none	_	_	_	_	_	_
116-21	BX001	116	21	lingua.	lingua	_	_	_	_	_	linguistic	_	none	Intonation=Falling|PauseAfter=Yes	_	_	_	_	_
116-22	BX001	116	22	(.)	(.)	_	_	_	_	_	shortpause	_	none	_	_	_	_	_	_
116-23	BX001	116	23	loro	loro	_	_	_	_	_	linguistic	_	none	_	_	_	_	_	_
116-24	BX001	116	24	parlano	parlano	_	_	_	_	_	linguistic	_	none	_	_	_	_	_	_
116-25	BX001	116	25	guaranì.	guaranì	_	_	_	_	_	linguistic	_	none	Intonation=Falling	End=291.4	_	_	_	_
117-0	BX002	117	0	sì	sì	_	_	_	_	_	linguistic	_	none	_	Begin=292.45	_	_	_	_
117-1	BX002	117	1	questo	questo	_	_	_	_	_	linguistic	_	none	_	_	_	_	_	_
117-2	BX002	117	2	ce	ce	_	_	_	_	_	linguistic	_	none	_	_	_	_	_	_
117-3	BX002	117	3	lo	lo	_	_	_	_	_	linguistic	_	none	_	_	_	_	_	_
117-4	BX002	117	4	ha	ha	_	_	_	_	_	linguistic	_	none	_	_	_	_	_	_
117-5	BX002	117	5	detto.	detto	_	_	_	_	_	linguistic	_	none	Intonation=Falling	End=293.82	_	_	_	_
118-0	BX001	118	0	eh:	eh	_	_	_	_	_	linguistic	_	none	_	Begin=293.83	1x1	_	_	_
118-1	BX001	118	1	c'	c'	_	_	_	_	_	linguistic	_	none	SpaceAfter=No	_	_	_	_	_
118-2	BX001	118	2	è	è	_	_	_	_	_	linguistic	_	none	_	_	_	_	_	_
118-3	BX001	118	3	c'	c'	_	_	_	_	_	linguistic	_	none	SpaceAfter=No	_	_	_	_	_
118-4	BX001	118	4	è	è	_	_	_	_	_	linguistic	_	none	_	_	_	_	_	_
118-5	BX001	118	5	proprio	proprio	_	_	_	_	_	linguistic	_	none	_	_	_	_	_	_
118-6	BX001	118	6	mh::	mh	_	_	_	_	_	linguistic	_	none	_	End=296.61	1x2	_	_	_
119-0	BX001	119	0	mh:	mh	_	_	_	_	_	linguistic	_	none	_	Begin=297.4|End=297.9	1x1	_	_	_
120-0	BX002	120	0	mh	mh	_	_	_	_	_	linguistic	_	none	ProsodicLink=Yes	Begin=297.915	_	_	_	_
120-1	BX002	120	1	mh	mh	_	_	_	_	_	linguistic	_	none	_	End=298.27	_	_	_	_
121-0	BX001	121	0	non	non	_	_	_	_	_	linguistic	_	none	_	Begin=298.28	_	_	_	_
121-1	BX001	121	1	so	so	_	_	_	_	_	linguistic	_	none	_	_	_	_	_	_
121-2	BX001	121	2	quando::	quando	_	_	_	_	_	linguistic	_	none	_	End=300.2	5x2	_	_	_
122-0	BX001	122	0	non	non	_	_	_	_	_	linguistic	_	none	_	Begin=301.065	_	_	_	_
122-1	BX001	122	1	so	so	_	_	_	_	_	linguistic	_	none	_	_	_	_	_	_
122-2	BX001	122	2	nelle	nelle	_	_	_	_	_	linguistic	_	none	_	_	_	_	_	_
122-3	BX001	122	3	partite:	partite	_	_	_	_	_	linguistic	_	none	_	_	6x1	_	_	_
122-4	BX001	122	4	di	di	_	_	_	_	_	linguistic	_	none	_	_	_	_	_	_
122-5	BX001	122	5	calcio	calcio	_	_	_	_	_	linguistic	_	none	_	_	_	_	_	_
122-6	BX001	122	6	per	per	_	_	_	_	_	linguistic	_	none	_	_	_	_	_	_
122-7	BX001	122	7	dire,	dire	_	_	_	_	_	linguistic	_	none	Intonation=WeaklyRising	_	_	_	_	_
122-8	BX001	122	8	c'	c'	_	_	_	_	_	linguistic	_	none	SpaceAfter=No	_	_	_	_	_
122-9	BX001	122	9	è	è	_	_	_	_	_	linguistic	_	none	_	_	_	_	_	_
122-10	BX001	122	10	la	la	_	_	_	_	_	linguistic	_	none	_	_	_	_	_	_
122-11	BX001	122	11	la	la	_	_	_	_	_	linguistic	_	none	_	_	_	_	_	_
122-12	BX001	122	12	conferenza	conferenza	_	_	_	_	_	linguistic	_	none	_	_	_	_	_	_
122-13	BX001	122	13	stampa	stampa	_	_	_	_	_	linguistic	_	none	_	_	_	_	_	_
122-14	BX001	122	14	alla	alla	_	_	_	_	_	linguistic	_	none	_	_	_	_	_	_
122-15	BX001	122	15	fine,	fine	_	_	_	_	_	linguistic	_	none	Intonation=WeaklyRising	_	_	_	_	_
122-16	BX001	122	16	fanno	fanno	_	_	_	_	_	linguistic	_	none	_	_	_	_	_	_
122-17	BX001	122	17	prima	prima	_	_	_	_	_	linguistic	_	none	_	_	_	_	_	_
122-18	BX001	122	18	la	la	_	_	_	_	_	linguistic	_	none	_	_	_	_	_	_
122-19	BX001	122	19	conferenza	conferenza	_	_	_	_	_	linguistic	_	none	_	_	_	_	_	_
122-20	BX001	122	20	stampa	stampa	_	_	_	_	_	linguistic	_	none	_	_	_	_	_	_
122-21	BX001	122	21	in	in	_	_	_	_	_	linguistic	_	none	_	_	_	_	_	_
122-22	BX001	122	22	guaranì,	guaranì	_	_	_	_	_	linguistic	_	none	Intonation=WeaklyRising	End=308.47	_	_	_	_
123-0	BX001	123	0	e	e	_	_	_	_	_	linguistic	_	none	_	Begin=309.087	_	_	_	_
123-1	BX001	123	1	poi	poi	_	_	_	_	_	linguistic	_	none	_	_	_	_	_	_
123-2	BX001	123	2	c'	c'	_	_	_	_	_	linguistic	_	none	SpaceAfter=No	_	_	_	_	_
123-3	BX001	123	3	è	è	_	_	_	_	_	linguistic	_	none	_	_	_	_	_	_
123-4	BX001	123	4	il	il	_	_	_	_	_	linguistic	_	none	_	_	_	_	_	_
123-5	BX001	123	5	traduttore	traduttore	_	_	_	_	_	linguistic	_	none	_	_	_	_	_	_
123-6	BX001	123	6	dello	dello	_	_	_	_	_	linguistic	_	none	_	_	_	_	_	_
123-7	BX001	123	7	spagnolo.	spagnolo	_	_	_	_	_	linguistic	_	none	Intonation=Falling	End=311.067	_	_	_	_
124-0	BX003	124	0	(ma	ma	_	_	_	_	_	linguistic	_	none	_	Begin=311.357	_	_	0-2(0)	_
124-1	BX003	124	1	dai)	dai	_	_	_	_	_	linguistic	_	none	_	End=311.637	_	_	0-3(0)	_
125-0	BX002	125	0	sì	sì	_	_	_	_	_	linguistic	_	none	_	Begin=311.732	_	_	_	_
125-1	BX002	125	1	sì	sì	_	_	_	_	_	linguistic	_	none	_	_	_	_	_	_
125-2	BX002	125	2	[sì]	sì	_	_	_	_	_	linguistic	_	none	_	End=312.292	_	_	_	0-2(39)
126-0	BX001	126	0	[tut]ti	tutti	_	_	_	_	_	linguistic	_	none	_	Begin=311.947	_	_	_	0-3(39)
126-1	BX001	126	1	capiscono	capiscono	_	_	_	_	_	linguistic	_	none	_	_	_	_	_	_
126-2	BX001	126	2	lo	lo	_	_	_	_	_	linguistic	_	none	_	_	_	_	_	_
126-3	BX001	126	3	spagnolo	spagnolo	_	_	_	_	_	linguistic	_	none	_	End=313.417	_	_	_	_
127-0	BX002	127	0	mh	mh	_	_	_	_	_	linguistic	_	none	ProsodicLink=Yes	Begin=313.447	_	_	_	_
127-1	BX002	127	1	mh	mh	_	_	_	_	_	linguistic	_	none	_	End=313.757	_	_	_	_
128-0	BX001	128	0	però	però	_	_	_	_	_	linguistic	_	none	_	Begin=313.787	_	_	_	_
128-1	BX001	128	1	il	il	_	_	_	_	_	linguistic	_	none	_	_	_	_	_	_
128-2	BX001	128	2	guaranì	guaranì	_	_	_	_	_	linguistic	_	none	_	_	_	_	_	_
128-3	BX001	128	3	è	è	_	_	_	_	_	linguistic	_	none	_	_	_	_	_	_
128-4	BX001	128	4	la	la	_	_	_	_	_	linguistic	_	none	_	_	_	_	_	_
128-5	BX001	128	5	lingua.	lingua	_	_	_	_	_	linguistic	_	none	Intonation=Falling	End=315.347	_	_	_	_
129-0	BX002	129	0	e	e	_	_	_	_	_	linguistic	_	none	_	Begin=315.941	_	_	_	_
129-1	BX002	129	1	e	e	_	_	_	_	_	linguistic	_	none	_	_	_	_	_	_
129-2	BX002	129	2	loro	loro	_	_	_	_	_	linguistic	_	none	_	_	_	_	_	_
129-3	BX002	129	3	dicevano	dicevano	_	_	_	_	_	linguistic	_	none	_	_	_	_	_	_
129-4	BX002	129	4	che	che	_	_	_	_	_	linguistic	_	none	_	_	_	_	_	_
129-5	BX002	129	5	eh	eh	_	_	_	_	_	linguistic	_	none	_	_	_	_	_	_
129-6	BX002	129	6	la	la	_	_	_	_	_	linguistic	_	none	_	_	_	_	_	_
129-7	BX002	129	7	situazione	situazione	_	_	_	_	_	linguistic	_	none	_	_	_	_	_	_
129-8	BX002	129	8	in	in	_	_	_	_	_	linguistic	_	none	_	_	_	_	_	_
129-9	BX002	129	9	bolivia	bolivia	_	_	_	_	_	linguistic	_	none	_	_	_	_	_	_
129-10	BX002	129	10	è	è	_	_	_	_	_	linguistic	_	none	_	_	_	_	_	_
129-11	BX002	129	11	questa	questa	_	_	_	_	_	linguistic	_	none	_	_	_	_	_	_
129-12	BX002	129	12	che	che	_	_	_	_	_	linguistic	_	none	PauseAfter=Yes	_	_	_	_	_
129-13	BX002	129	13	(.)	(.)	_	_	_	_	_	shortpause	_	none	_	_	_	_	_	_
129-14	BX002	129	14	gli	gli	_	_	_	_	_	linguistic	_	none	_	_	_	_	_	_
129-15	BX002	129	15	anziani,	anziani	_	_	_	_	_	linguistic	_	none	Intonation=WeaklyRising|PauseAfter=Yes	_	_	_	_	_
129-16	BX002	129	16	(.)	(.)	_	_	_	_	_	shortpause	_	none	_	_	_	_	_	_
129-17	BX002	129	17	parlano	parlano	_	_	_	_	_	linguistic	_	none	PauseAfter=Yes	_	_	_	_	_
129-18	BX002	129	18	(.)	(.)	_	_	_	_	_	shortpause	_	none	_	_	_	_	_	_
129-19	BX002	129	19	il	il	_	_	_	_	_	linguistic	_	none	_	_	_	_	_	_
129-20	BX002	129	20	guaranì	guaranì	_	_	_	_	_	linguistic	_	none	_	_	_	_	_	_
129-21	BX002	129	21	per	per	_	_	_	_	_	linguistic	_	none	_	_	_	_	_	_
129-22	BX002	129	22	esempio,	esempio	_	_	_	_	_	linguistic	_	none	Intonation=WeaklyRising	End=323.74	_	_	_	_
130-0	BX002	130	0	e	e	_	_	_	_	_	linguistic	_	none	_	Begin=324.385	_	_	_	_
130-1	BX002	130	1	un'	un'	_	_	_	_	_	linguistic	_	none	SpaceAfter=No	_	_	_	_	_
130-2	BX002	130	2	altra	altra	_	_	_	_	_	linguistic	_	none	_	_	_	_	_	_
130-3	BX002	130	3	cioè	cioè	_	_	_	_	_	linguistic	_	none	_	_	_	_	_	_
130-4	BX002	130	4	in	in	_	_	_	_	_	linguistic	_	none	_	_	_	_	_	_
130-5	BX002	130	5	realtà	realtà	_	_	_	_	_	linguistic	_	none	_	_	_	_	_	_
130-6	BX002	130	6	c'	c'	_	_	_	_	_	linguistic	_	none	SpaceAfter=No	_	_	_	_	_
130-7	BX002	130	7	è	è	_	_	_	_	_	linguistic	_	none	_	_	_	_	_	_
130-8	BX002	130	8	un'	un'	_	_	_	_	_	linguistic	_	none	SpaceAfter=No	_	_	_	_	_
130-9	BX002	130	9	al[tra	altra	_	_	_	_	_	linguistic	_	none	_	_	_	_	_	0-5(40)
130-10	BX002	130	10	lingua:]	lingua	_	_	_	_	_	linguistic	_	none	_	End=326.74	5x1	_	_	0-5(40)
131-0	BX001	131	0	[sì	sì	_	_	_	_	_	linguistic	_	none	_	Begin=325.677	_	_	_	0-2(40)
131-1	BX001	131	1	il	il	_	_	_	_	_	linguistic	_	none	_	_	_	_	_	0-2(40)
131-2	BX001	131	2	guaranì	guaranì	_	_	_	_	_	linguistic	_	none	_	_	_	_	_	0-7(40)
131-3	BX001	131	3	nel]	nel	_	_	_	_	_	linguistic	_	none	_	_	_	_	_	0-3(40)
131-4	BX001	131	4	sud	sud	_	_	_	_	_	linguistic	_	none	PauseAfter=Yes	_	_	_	_	_
131-5	BX001	131	5	(.)	(.)	_	_	_	_	_	shortpause	_	none	_	_	_	_	_	_
131-6	BX001	131	6	della	della	_	_	_	_	_	linguistic	_	none	_	_	_	_	_	_
131-7	BX001	131	7	bolivia.	bolivia	_	_	_	_	_	linguistic	_	none	Intonation=Falling	End=327.93	_	_	_	_
132-0	BX002	132	0	[c'	c'	_	_	_	_	_	linguistic	_	none	SpaceAfter=No	Begin=328.188	_	_	_	0-2(41)
132-1	BX002	132	1	era:]	era	_	_	_	_	_	linguistic	_	none	_	End=328.798	2x1	_	_	0-3(41)
133-0	BX001	133	0	[(nelle	nelle	_	_	_	_	_	linguistic	_	none	_	Begin=328.19	_	_	0-5(0)	0-5(41)
133-1	BX001	133	1	piane)]	piane	_	_	_	_	_	linguistic	_	none	_	_	_	_	0-5(0)	0-5(41)
133-2	BX001	133	2	a	a	_	_	_	_	_	linguistic	_	none	_	_	_	_	_	_
133-3	BX001	133	3	sud	sud	_	_	_	_	_	linguistic	_	none	_	_	_	_	_	_
133-4	BX001	133	4	perché	perché	_	_	_	_	_	linguistic	_	none	_	_	_	_	_	_
133-5	BX001	133	5	in	in	_	_	_	_	_	linguistic	_	none	_	_	_	_	_	_
133-6	BX001	133	6	montagna	montagna	_	_	_	_	_	linguistic	_	none	_	_	_	_	_	_
133-7	BX001	133	7	è	è	_	_	_	_	_	linguistic	_	none	_	_	_	_	_	_
133-8	BX001	133	8	un'	un'	_	_	_	_	_	linguistic	_	none	SpaceAfter=No	_	_	_	_	_
133-9	BX001	133	9	altra	altra	_	_	_	_	_	linguistic	_	none	_	_	_	_	_	_
133-10	BX001	133	10	cosa.	cosa	_	_	_	_	_	linguistic	_	none	Intonation=Falling	End=331.08	_	_	_	_
134-0	BX002	134	0	esatto	esatto	_	_	_	_	_	linguistic	_	none	_	Begin=331.06	_	_	_	_
134-1	BX002	134	1	c'	c'	_	_	_	_	_	linguistic	_	none	SpaceAfter=No	_	_	_	_	_
134-2	BX002	134	2	era	era	_	_	_	_	_	linguistic	_	none	_	_	_	_	_	_
134-3	BX002	134	3	un'	un'	_	_	_	_	_	linguistic	_	none	SpaceAfter=No	_	_	_	_	_
134-4	BX002	134	4	altra	altra	_	_	_	_	_	linguistic	_	none	_	_	_	_	_	_
134-5	BX002	134	5	lingua	lingua	_	_	_	_	_	linguistic	_	none	_	_	_	_	_	_
134-6	BX002	134	6	non	non	_	_	_	_	_	linguistic	_	none	_	_	_	_	_	_
134-7	BX002	134	7	mi	mi	_	_	_	_	_	linguistic	_	none	_	_	_	_	_	_
134-8	BX002	134	8	ricordo	ricordo	_	_	_	_	_	linguistic	_	none	_	_	_	_	_	_
134-9	BX002	134	9	però	però	_	_	_	_	_	linguistic	_	none	_	_	_	_	_	_
134-10	BX002	134	10	eh:	eh	_	_	_	_	_	linguistic	_	none	_	End=333.79	1x1	_	_	_
135-0	BX002	135	0	boh.	boh	_	_	_	_	_	linguistic	_	none	Intonation=Falling|PauseAfter=Yes	Begin=334.0	_	_	_	_
135-1	BX002	135	1	(.)	(.)	_	_	_	_	_	shortpause	_	none	_	_	_	_	_	_
135-2	BX002	135	2	vabbè	vabbè	_	_	_	_	_	linguistic	_	none	_	_	_	_	_	_
135-3	BX002	135	3	non	non	_	_	_	_	_	linguistic	_	none	_	_	_	_	_	_
135-4	BX002	135	4	mi	mi	_	_	_	_	_	linguistic	_	none	_	_	_	_	_	_
135-5	BX002	135	5	ricordo	ricordo	_	_	_	_	_	linguistic	_	none	_	_	_	_	_	_
135-6	BX002	135	6	più.	più	_	_	_	_	_	linguistic	_	none	Intonation=Falling	End=335.48	_	_	_	_
136-0	BX002	136	0	parlano	parlano	_	_	_	_	_	linguistic	_	none	_	Begin=335.92	_	_	_	_
136-1	BX002	136	1	questa	questa	_	_	_	_	_	linguistic	_	none	_	_	_	_	_	_
136-2	BX002	136	2	lingua,	lingua	_	_	_	_	_	linguistic	_	none	Intonation=WeaklyRising	End=337.09	_	_	_	_
137-0	BX002	137	0	che	che	_	_	_	_	_	linguistic	_	none	_	Begin=337.68	_	_	_	_
137-1	BX002	137	1	viene	viene	_	_	_	_	_	linguistic	_	none	PauseAfter=Yes	_	_	_	_	_
137-2	BX002	137	2	(.)	(.)	_	_	_	_	_	shortpause	_	none	_	_	_	_	_	_
137-3	BX002	137	3	però	però	_	_	_	_	_	linguistic	_	none	_	_	_	_	_	_
137-4	BX002	137	4	anche	anche	_	_	_	_	_	linguistic	_	none	_	_	_	_	_	_
137-5	BX002	137	5	insegnata	insegnata	_	_	_	_	_	linguistic	_	none	_	_	_	_	_	_
137-6	BX002	137	6	nelle	nelle	_	_	_	_	_	linguistic	_	none	_	_	_	_	_	_
137-7	BX002	137	7	scuole.	scuole	_	_	_	_	_	linguistic	_	none	Intonation=Falling	End=340.57	_	_	_	_
138-0	BX001	138	0	sì.	sì	_	_	_	_	_	linguistic	_	none	Intonation=Falling|PauseAfter=Yes	Begin=340.57	_	_	_	_
138-1	BX001	138	1	(.)	(.)	_	_	_	_	_	shortpause	_	none	_	_	_	_	_	_
138-2	BX001	138	2	sì	sì	_	_	_	_	_	linguistic	_	none	_	_	_	_	_	_
138-3	BX001	138	3	sì.	sì	_	_	_	_	_	linguistic	_	none	Intonation=Falling	End=341.2675	_	_	_	_
139-0	BX002	139	0	però	però	_	_	_	_	_	linguistic	_	none	_	Begin=341.2675	_	_	_	_
139-1	BX002	139	1	cosa	cosa	_	_	_	_	_	linguistic	_	none	_	_	_	_	_	_
139-2	BX002	139	2	succede?	succede	_	_	_	_	_	linguistic	_	none	Intonation=Rising|PauseAfter=Yes	_	_	_	_	_
139-3	BX002	139	3	(.)	(.)	_	_	_	_	_	shortpause	_	none	_	_	_	_	_	_
139-4	BX002	139	4	che	che	_	_	_	_	_	linguistic	_	none	_	_	_	_	_	_
139-5	BX002	139	5	gli	gli	_	_	_	_	_	linguistic	_	none	_	_	_	_	_	_
139-6	BX002	139	6	adulti,	adulti	_	_	_	_	_	linguistic	_	none	Intonation=WeaklyRising	_	_	_	_	_
139-7	BX002	139	7	cioè	cioè	_	_	_	_	_	linguistic	_	none	_	_	_	_	_	_
139-8	BX002	139	8	gli	gli	_	_	_	_	_	linguistic	_	none	_	_	_	_	_	_
139-9	BX002	139	9	anziani,	anziani	_	_	_	_	_	linguistic	_	none	Intonation=WeaklyRising	_	_	_	_	_
139-10	BX002	139	10	non	non	_	_	_	_	_	linguistic	_	none	_	_	_	_	_	_
139-11	BX002	139	11	parlano	parlano	_	_	_	_	_	linguistic	_	none	_	_	_	_	_	_
139-12	BX002	139	12	coi	coi	_	_	_	_	_	linguistic	_	none	_	_	_	_	_	_
139-13	BX002	139	13	bambini	bambini	_	_	_	_	_	linguistic	_	none	_	_	_	_	_	_
139-14	BX002	139	14	ne-	ne-	_	_	_	_	_	linguistic	_	none	Interrupted=Yes	_	_	_	_	_
139-15	BX002	139	15	in	in	_	_	_	_	_	linguistic	_	none	_	_	_	_	_	_
139-16	BX002	139	16	quella	quella	_	_	_	_	_	linguistic	_	none	_	_	_	_	_	_
139-17	BX002	139	17	lingua	lingua	_	_	_	_	_	linguistic	_	none	_	_	_	_	_	_
139-18	BX002	139	18	lì.	lì	_	_	_	_	_	linguistic	_	none	Intonation=Falling	End=346.355	_	_	_	_
140-0	BX002	140	0	cioè	cioè	_	_	_	_	_	linguistic	_	none	_	Begin=346.917	_	_	_	_
140-1	BX002	140	1	gli	gli	_	_	_	_	_	linguistic	_	none	_	_	_	_	_	_
140-2	BX002	140	2	anziani	anziani	_	_	_	_	_	linguistic	_	none	_	_	_	_	_	_
140-3	BX002	140	3	usano	usano	_	_	_	_	_	linguistic	_	none	_	_	_	_	_	_
140-4	BX002	140	4	lo	lo	_	_	_	_	_	linguistic	_	none	_	_	_	_	_	_
140-5	BX002	140	5	spagnolo	spagnolo	_	_	_	_	_	linguistic	_	none	_	_	_	_	_	_
140-6	BX002	140	6	per	per	_	_	_	_	_	linguistic	_	none	_	_	_	_	_	_
140-7	BX002	140	7	parlare	parlare	_	_	_	_	_	linguistic	_	none	_	_	_	_	_	_
140-8	BX002	140	8	coi	coi	_	_	_	_	_	linguistic	_	none	_	_	_	_	_	_
140-9	BX002	140	9	bambini.	bambini	_	_	_	_	_	linguistic	_	none	Intonation=Falling	_	_	_	_	_
140-10	BX002	140	10	perché	perché	_	_	_	_	_	linguistic	_	none	_	_	_	_	_	_
140-11	BX002	140	11	praticamente	praticamente	_	_	_	_	_	linguistic	_	none	_	_	_	_	_	_
140-12	BX002	140	12	hanno	hanno	_	_	_	_	_	linguistic	_	none	_	_	_	_	_	_
140-13	BX002	140	13	anche	anche	_	_	_	_	_	linguistic	_	none	_	_	_	_	_	_
140-14	BX002	140	14	un	un	_	_	_	_	_	linguistic	_	none	_	_	_	_	_	_
140-15	BX002	140	15	altro	altro	_	_	_	_	_	linguistic	_	none	_	_	_	_	_	_
140-16	BX002	140	16	nome	nome	_	_	_	_	_	linguistic	_	none	_	_	_	_	_	_
140-17	BX002	140	17	per	per	_	_	_	_	_	linguistic	_	none	_	_	_	_	_	_
140-18	BX002	140	18	la	la	_	_	_	_	_	linguistic	_	none	_	_	_	_	_	_
140-19	BX002	140	19	lingua	lingua	_	_	_	_	_	linguistic	_	none	_	_	_	_	_	_
140-20	BX002	140	20	che	che	_	_	_	_	_	linguistic	_	none	_	_	_	_	_	_
140-21	BX002	140	21	viene	viene	_	_	_	_	_	linguistic	_	none	_	_	_	_	_	_
140-22	BX002	140	22	insegnata	insegnata	_	_	_	_	_	linguistic	_	none	_	_	_	_	_	_
140-23	BX002	140	23	a	a	_	_	_	_	_	linguistic	_	none	_	_	_	_	_	_
140-24	BX002	140	24	scuola.	scuola	_	_	_	_	_	linguistic	_	none	Intonation=Falling|PauseAfter=Yes	_	_	_	_	_
140-25	BX002	140	25	(.)	(.)	_	_	_	_	_	shortpause	_	none	_	_	_	_	_	_
140-26	BX002	140	26	quindi,	quindi	_	_	_	_	_	linguistic	_	none	Intonation=WeaklyRising	End=354.557	_	_	_	_
141-0	BX002	141	0	gli	gli	_	_	_	_	_	linguistic	_	none	_	Begin=355.032	_	_	_	_
141-1	BX002	141	1	anziani	anziani	_	_	_	_	_	linguistic	_	none	_	_	_	_	_	_
141-2	BX002	141	2	parlano	parlano	_	_	_	_	_	linguistic	_	none	_	_	_	_	_	_
141-3	BX002	141	3	questa	questa	_	_	_	_	_	linguistic	_	none	_	_	_	_	_	_
141-4	BX002	141	4	lingua,	lingua	_	_	_	_	_	linguistic	_	none	Intonation=WeaklyRising	_	_	_	_	_
141-5	BX002	141	5	i	i	_	_	_	_	_	linguistic	_	none	_	_	_	_	_	_
141-6	BX002	141	6	bambini	bambini	_	_	_	_	_	linguistic	_	none	_	_	_	_	_	_
141-7	BX002	141	7	im-	im-	_	_	_	_	_	linguistic	_	none	Interrupted=Yes	_	_	_	_	_
141-8	BX002	141	8	imparano	imparano	_	_	_	_	_	linguistic	_	none	_	_	_	_	_	_
141-9	BX002	141	9	questa	questa	_	_	_	_	_	linguistic	_	none	_	_	_	_	_	_
141-10	BX002	141	10	lingua	lingua	_	_	_	_	_	linguistic	_	none	_	_	_	_	_	_
141-11	BX002	141	11	a	a	_	_	_	_	_	linguistic	_	none	_	_	_	_	_	_
141-12	BX002	141	12	scuola	scuola	_	_	_	_	_	linguistic	_	none	_	_	_	_	_	_
141-13	BX002	141	13	come	come	_	_	_	_	_	linguistic	_	none	_	_	_	_	_	_
141-14	BX002	141	14	elle	elle	_	_	_	_	_	linguistic	_	none	_	_	_	_	_	_
141-15	BX002	141	15	due,	due	_	_	_	_	_	linguistic	_	none	Intonation=WeaklyRising	End=360.04	_	_	_	_
142-0	BX001	142	0	che	che	_	_	_	_	_	linguistic	_	none	_	Begin=360.051	_	_	_	_
142-1	BX001	142	1	è	è	_	_	_	_	_	linguistic	_	none	_	_	_	_	_	_
142-2	BX001	142	2	un	un	_	_	_	_	_	linguistic	_	none	_	_	_	_	_	_
142-3	BX001	142	3	po':	po'	_	_	_	_	_	linguistic	_	none	_	_	1x1	_	_	_
142-4	BX001	142	4	standardizzata.	standardizzata	_	_	_	_	_	linguistic	_	none	Intonation=Falling	End=361.87	_	_	_	_
143-0	BX002	143	0	eh	eh	_	_	_	_	_	linguistic	_	none	_	Begin=362.061	_	_	_	_
143-1	BX002	143	1	esatto,	esatto	_	_	_	_	_	linguistic	_	none	Intonation=WeaklyRising	End=362.82	_	_	_	_
144-0	BX002	144	0	e	e	_	_	_	_	_	linguistic	_	none	_	Begin=362.856	_	_	_	_
144-1	BX002	144	1	gli	gli	_	_	_	_	_	linguistic	_	none	_	_	_	_	_	_
144-2	BX002	144	2	anziani,	anziani	_	_	_	_	_	linguistic	_	none	Intonation=WeaklyRising|PauseAfter=Yes	_	_	_	_	_
144-3	BX002	144	3	(.)	(.)	_	_	_	_	_	shortpause	_	none	_	_	_	_	_	_
144-4	BX002	144	4	pensano	pensano	_	_	_	_	_	linguistic	_	none	_	_	_	_	_	_
144-5	BX002	144	5	che	che	_	_	_	_	_	linguistic	_	none	_	_	_	_	_	_
144-6	BX002	144	6	sia	sia	_	_	_	_	_	linguistic	_	none	_	_	_	_	_	_
144-7	BX002	144	7	troppo	troppo	_	_	_	_	_	linguistic	_	none	_	_	_	_	_	_
144-8	BX002	144	8	diversa,	diversa	_	_	_	_	_	linguistic	_	none	Intonation=WeaklyRising|PauseAfter=Yes	_	_	_	_	_
144-9	BX002	144	9	(.)	(.)	_	_	_	_	_	shortpause	_	none	_	_	_	_	_	_
144-10	BX002	144	10	o:	o	_	_	_	_	_	linguistic	_	none	_	_	0x1	_	_	_
144-11	BX002	144	11	non	non	_	_	_	_	_	linguistic	_	none	_	_	_	_	_	_
144-12	BX002	144	12	lo	lo	_	_	_	_	_	linguistic	_	none	_	_	_	_	_	_
144-13	BX002	144	13	so,	so	_	_	_	_	_	linguistic	_	none	Intonation=WeaklyRising	_	_	_	_	_
144-14	BX002	144	14	[per	per	_	_	_	_	_	linguistic	_	none	_	_	_	_	_	0-3(43)
144-15	BX002	144	15	quale	quale	_	_	_	_	_	linguistic	_	none	_	_	_	_	_	0-5(43)
144-16	BX002	144	16	motivo,	motivo	_	_	_	_	_	linguistic	_	none	Intonation=WeaklyRising|PauseAfter=Yes	_	_	_	_	0-6(43)
144-17	BX002	144	17	(.)	(.)	_	_	_	_	_	shortpause	_	none	_	_	_	_	_	_
144-18	BX002	144	18	e	e	_	_	_	_	_	linguistic	_	none	_	_	_	_	_	0-1(43)
144-19	BX002	144	19	parlano	parlano	_	_	_	_	_	linguistic	_	none	_	_	_	_	_	0-7(43)
144-20	BX002	144	20	lo]	lo	_	_	_	_	_	linguistic	_	none	_	_	_	_	_	0-2(43)
144-21	BX002	144	21	spagnolo.	spagnolo	_	_	_	_	_	linguistic	_	none	Intonation=Falling	_	_	_	_	_
144-22	BX002	144	22	quindi	quindi	_	_	_	_	_	linguistic	_	none	_	_	_	_	_	_
144-23	BX002	144	23	>praticamente<	praticamente	_	_	_	_	_	linguistic	_	none	_	_	_	Fast=0-12(0)	_	_
144-24	BX002	144	24	i	i	_	_	_	_	_	linguistic	_	none	_	_	_	Slow=0-1(0)	_	_
144-25	BX002	144	25	bambini,	bambini	_	_	_	_	_	linguistic	_	none	Intonation=WeaklyRising|PauseAfter=Yes	_	_	Slow=0-7(0)	_	_
144-26	BX002	144	26	(.)	(.)	_	_	_	_	_	shortpause	_	none	_	_	_	_	_	_
144-27	BX002	144	27	non	non	_	_	_	_	_	linguistic	_	none	_	_	_	Slow=0-3(0)	_	_
144-28	BX002	144	28	parlano	parlano	_	_	_	_	_	linguistic	_	none	_	_	_	Slow=0-7(0)	_	_
144-29	BX002	144	29	mai	mai	_	_	_	_	_	linguistic	_	none	_	_	_	Slow=0-3(0)	_	_
144-30	BX002	144	30	la	la	_	_	_	_	_	linguistic	_	none	_	_	_	Slow=0-2(0)	_	_
144-31	BX002	144	31	lingua	lingua	_	_	_	_	_	linguistic	_	none	PauseAfter=Yes	_	_	Slow=0-6(0)	_	_
144-32	BX002	144	32	(.)	(.)	_	_	_	_	_	shortpause	_	none	_	_	_	_	_	_
144-33	BX002	144	33	che	che	_	_	_	_	_	linguistic	_	none	_	_	_	Slow=0-3(0)	_	_
144-34	BX002	144	34	>dovrebbe	dovrebbe	_	_	_	_	_	linguistic	_	none	_	_	_	Fast=0-8(1)	_	_
144-35	BX002	144	35	essere	essere	_	_	_	_	_	linguistic	_	none	_	_	_	Fast=0-6(1)	_	_
144-36	BX002	144	36	la	la	_	_	_	_	_	linguistic	_	none	_	_	_	Fast=0-2(1)	_	_
144-37	BX002	144	37	loro	loro	_	_	_	_	_	linguistic	_	none	_	_	_	Fast=0-4(1)	_	_
144-38	BX002	144	38	lingua<	lingua	_	_	_	_	_	linguistic	_	none	_	_	_	Fast=0-6(1)	_	_
144-39	BX002	144	39	nativa,	nativa	_	_	_	_	_	linguistic	_	none	Intonation=WeaklyRising	End=374.921	_	_	_	_
145-0	BX001	145	0	[eh:	eh	_	_	_	_	_	linguistic	_	none	_	Begin=366.586	1x1	_	_	0-2(43)
145-1	BX001	145	1	sì	sì	_	_	_	_	_	linguistic	_	none	_	_	_	_	_	0-2(43)
145-2	BX001	145	2	(insomma)	insomma	_	_	_	_	_	linguistic	_	none	_	_	_	_	0-7(0)	0-7(43)
145-3	BX001	145	3	è	è	_	_	_	_	_	linguistic	_	none	_	_	_	_	_	0-1(43)
145-4	BX001	145	4	un	un	_	_	_	_	_	linguistic	_	none	_	_	_	_	_	0-2(43)
145-5	BX001	145	5	po'	po'	_	_	_	_	_	linguistic	_	none	_	_	_	_	_	0-3(43)
145-6	BX001	145	6	un	un	_	_	_	_	_	linguistic	_	none	_	_	_	_	_	0-2(43)
145-7	BX001	145	7	casino]	casino	_	_	_	_	_	linguistic	_	none	_	End=368.686	_	_	_	0-6(43)
146-0	BX002	146	0	che	che	_	_	_	_	_	linguistic	_	none	_	Begin=375.551	_	_	_	_
146-1	BX002	146	1	imparano	imparano	_	_	_	_	_	linguistic	_	none	_	_	_	_	_	_
146-2	BX002	146	2	come	come	_	_	_	_	_	linguistic	_	none	_	_	_	_	_	_
146-3	BX002	146	3	elle	elle	_	_	_	_	_	linguistic	_	none	_	_	_	_	_	_
146-4	BX002	146	4	due,	due	_	_	_	_	_	linguistic	_	none	Intonation=WeaklyRising	End=377.01	_	_	_	_
147-0	BX003	147	0	mh	mh	_	_	_	_	_	linguistic	_	none	ProsodicLink=Yes	Begin=377.362	_	_	_	_
147-1	BX003	147	1	mh	mh	_	_	_	_	_	linguistic	_	none	_	End=377.842	_	_	_	_
148-0	BX002	148	0	che	che	_	_	_	_	_	linguistic	_	none	_	Begin=377.957	_	_	_	_
148-1	BX002	148	1	potrebbero	potrebbero	_	_	_	_	_	linguistic	_	none	_	_	_	_	_	_
148-2	BX002	148	2	parlare	parlare	_	_	_	_	_	linguistic	_	none	_	_	_	_	_	_
148-3	BX002	148	3	coi	coi	_	_	_	_	_	linguistic	_	none	_	_	_	_	_	_
148-4	BX002	148	4	ge-	ge-	_	_	_	_	_	linguistic	_	none	Interrupted=Yes	_	_	_	_	_
148-5	BX002	148	5	con	con	_	_	_	_	_	linguistic	_	none	_	_	_	_	_	_
148-6	BX002	148	6	i	i	_	_	_	_	_	linguistic	_	none	_	_	_	_	_	_
148-7	BX002	148	7	genitori	genitori	_	_	_	_	_	linguistic	_	none	_	_	_	_	_	_
148-8	BX002	148	8	o	o	_	_	_	_	_	linguistic	_	none	_	_	_	_	_	_
148-9	BX002	148	9	i	i	_	_	_	_	_	linguistic	_	none	_	_	_	_	_	_
148-10	BX002	148	10	nonni,	nonni	_	_	_	_	_	linguistic	_	none	Intonation=WeaklyRising	_	_	_	_	_
148-11	BX002	148	11	però	però	_	_	_	_	_	linguistic	_	none	_	_	_	_	_	_
148-12	BX002	148	12	parlano	parlano	_	_	_	_	_	linguistic	_	none	_	_	_	_	_	_
148-13	BX002	148	13	in	in	_	_	_	_	_	linguistic	_	none	_	_	_	_	_	_
148-14	BX002	148	14	spagnolo.	spagnolo	_	_	_	_	_	linguistic	_	none	Intonation=Falling	End=381.8185	_	_	_	_
149-0	BX001	149	0	sì	sì	_	_	_	_	_	linguistic	_	none	_	Begin=381.8185	_	_	_	_
149-1	BX001	149	1	sì:	sì	_	_	_	_	_	linguistic	_	none	PauseAfter=Yes	_	1x1	_	_	_
149-2	BX001	149	2	(.)	(.)	_	_	_	_	_	shortpause	_	none	_	_	_	_	_	_
149-3	BX001	149	3	poi	poi	_	_	_	_	_	linguistic	_	none	_	_	_	_	_	_
149-4	BX001	149	4	comunque	comunque	_	_	_	_	_	linguistic	_	none	_	_	_	_	_	_
149-5	BX001	149	5	è	è	_	_	_	_	_	linguistic	_	none	_	_	_	_	_	_
149-6	BX001	149	6	una	una	_	_	_	_	_	linguistic	_	none	_	_	_	_	_	_
149-7	BX001	149	7	popolazione	popolazione	_	_	_	_	_	linguistic	_	none	_	_	_	_	_	_
149-8	BX001	149	8	anche	anche	_	_	_	_	_	linguistic	_	none	_	_	_	_	_	_
149-9	BX001	149	9	piccola	piccola	_	_	_	_	_	linguistic	_	none	_	_	_	_	_	_
149-10	BX001	149	10	no?	no	_	_	_	_	_	linguistic	_	none	Intonation=Rising	End=384.9785	_	_	_	_
150-0	BX002	150	0	mh	mh	_	_	_	_	_	linguistic	_	none	_	Begin=384.9785|End=385.177	_	_	_	_
151-0	BX001	151	0	cioè:	cioè	_	_	_	_	_	linguistic	_	none	_	Begin=385.162	3x1	_	_	_
151-1	BX001	151	1	è	è	_	_	_	_	_	linguistic	_	none	_	_	_	_	_	_
151-2	BX001	151	2	è	è	_	_	_	_	_	linguistic	_	none	PauseAfter=Yes	_	_	_	_	_
151-3	BX001	151	3	(.)	(.)	_	_	_	_	_	shortpause	_	none	_	_	_	_	_	_
151-4	BX001	151	4	il	il	_	_	_	_	_	linguistic	_	none	_	_	_	_	_	_
151-5	BX001	151	5	paese	paese	_	_	_	_	_	linguistic	_	none	_	_	_	_	_	_
151-6	BX001	151	6	non	non	_	_	_	_	_	linguistic	_	none	_	_	_	_	_	_
151-7	BX001	151	7	è	è	_	_	_	_	_	linguistic	_	none	_	_	_	_	_	_
151-8	BX001	151	8	molto	molto	_	_	_	_	_	linguistic	_	none	_	_	_	_	_	_
151-9	BX001	151	9	picco-	picco-	_	_	_	_	_	linguistic	_	none	Interrupted=Yes	_	_	_	_	_
151-10	BX001	151	10	non	non	_	_	_	_	_	linguistic	_	none	_	_	_	_	_	_
151-11	BX001	151	11	è	è	_	_	_	_	_	linguistic	_	none	_	_	_	_	_	_
151-12	BX001	151	12	picco[lissimo]	piccolissimo	_	_	_	_	_	linguistic	_	none	_	End=389.682	_	_	_	5-12(45)
152-0	BX002	152	0	[eh	eh	_	_	_	_	_	linguistic	_	none	_	Begin=388.977	_	_	_	0-2(45)
152-1	BX002	152	1	esatto]	esatto	_	_	_	_	_	linguistic	_	none	_	_	_	_	_	0-6(45)
152-2	BX002	152	2	il	il	_	_	_	_	_	linguistic	_	none	_	_	_	_	_	_
152-3	BX002	152	3	paese	paese	_	_	_	_	_	linguistic	_	none	_	_	_	_	_	_
152-4	BX002	152	4	[è	è	_	_	_	_	_	linguistic	_	none	_	_	_	_	_	0-1(46)
152-5	BX002	152	5	(anche	anche	_	_	_	_	_	linguistic	_	none	_	_	_	_	0-5(0)	0-5(46)
152-6	BX002	152	6	abba-)]	abba-	_	_	_	_	_	linguistic	_	none	Interrupted=Yes	End=390.676	_	_	0-5(0)	0-5(46)
153-0	BX001	153	0	[però	però	_	_	_	_	_	linguistic	_	none	_	Begin=389.895	_	_	_	0-4(46)
153-1	BX001	153	1	è:]	è	_	_	_	_	_	linguistic	_	none	_	End=390.9	0x1	_	_	0-1(46)
154-0	BX002	154	0	è	è	_	_	_	_	_	linguistic	_	none	_	Begin=391.865	_	_	_	_
154-1	BX002	154	1	poco	poco	_	_	_	_	_	linguistic	_	none	_	_	_	_	_	_
154-2	BX002	154	2	popolato.	popolato	_	_	_	_	_	linguistic	_	none	Intonation=Falling	End=392.635	_	_	_	_
155-0	BX001	155	0	è	è	_	_	_	_	_	linguistic	_	none	_	Begin=392.635	_	_	_	_
155-1	BX001	155	1	poco	poco	_	_	_	_	_	linguistic	_	none	_	_	_	_	_	_
155-2	BX001	155	2	popolato	popolato	_	_	_	_	_	linguistic	_	none	_	End=393.62	_	_	_	_
156-0	BX003	156	0	sì	sì	_	_	_	_	_	linguistic	_	none	_	Begin=393.896	_	_	_	_
156-1	BX003	156	1	però	però	_	_	_	_	_	linguistic	_	none	_	_	_	_	_	_
156-2	BX003	156	2	è	è	_	_	_	_	_	linguistic	_	none	_	_	_	_	_	_
156-3	BX003	156	3	sempre	sempre	_	_	_	_	_	linguistic	_	none	_	_	_	_	_	_
156-4	BX003	156	4	presente	presente	_	_	_	_	_	linguistic	_	none	_	_	_	_	_	_
156-5	BX003	156	5	proprio	proprio	_	_	_	_	_	linguistic	_	none	_	_	_	_	_	_
156-6	BX003	156	6	questo	questo	_	_	_	_	_	linguistic	_	none	_	_	_	_	_	_
156-7	BX003	156	7	stigma	stigma	_	_	_	_	_	linguistic	_	none	_	_	_	_	_	_
156-8	BX003	156	8	che	che	_	_	_	_	_	linguistic	_	none	_	_	_	_	_	_
156-9	BX003	156	9	la-	la-	_	_	_	_	_	linguistic	_	none	Interrupted=Yes	_	_	_	_	_
156-10	BX003	156	10	o	o	_	_	_	_	_	linguistic	_	none	_	_	_	_	_	_
156-11	BX003	156	11	la	la	_	_	_	_	_	linguistic	_	none	_	_	_	_	_	_
156-12	BX003	156	12	lingua	lingua	_	_	_	_	_	linguistic	_	none	_	_	_	_	_	_
156-13	BX003	156	13	è	è	_	_	_	_	_	linguistic	_	none	_	_	_	_	_	_
156-14	BX003	156	14	tipo:	tipo	_	_	_	_	_	linguistic	_	none	PauseAfter=Yes	_	3x1	_	_	_
156-15	BX003	156	15	(.)	(.)	_	_	_	_	_	shortpause	_	none	_	_	_	_	_	_
156-16	BX003	156	16	da:	da	_	_	_	_	_	linguistic	_	none	_	_	1x1	_	_	_
156-17	BX003	156	17	dire	dire	_	_	_	_	_	linguistic	_	none	_	_	_	_	_	_
156-18	BX003	156	18	la	la	_	_	_	_	_	linguistic	_	none	_	_	_	_	_	_
156-19	BX003	156	19	mia	mia	_	_	_	_	_	linguistic	_	none	_	_	_	_	_	_
156-20	BX003	156	20	istituzione,	istituzione	_	_	_	_	_	linguistic	_	none	Intonation=WeaklyRising	_	_	_	_	_
156-21	BX003	156	21	oppure	oppure	_	_	_	_	_	linguistic	_	none	_	_	_	_	_	_
156-22	BX003	156	22	se	se	_	_	_	_	_	linguistic	_	none	_	_	_	_	_	_
156-23	BX003	156	23	la	la	_	_	_	_	_	linguistic	_	none	_	_	_	_	_	_
156-24	BX003	156	24	[parli	parli	_	_	_	_	_	linguistic	_	none	_	_	_	_	_	0-5(47)
156-25	BX003	156	25	in	in	_	_	_	_	_	linguistic	_	none	_	_	_	_	_	0-2(47)
156-26	BX003	156	26	famiglia]	famiglia	_	_	_	_	_	linguistic	_	none	_	End=401.4	_	_	_	0-8(47)
157-0	BX002	157	0	[esatto]	esatto	_	_	_	_	_	linguistic	_	none	_	Begin=400.588|End=401.408	_	_	_	0-6(47)
158-0	BX001	158	0	esatto	esatto	_	_	_	_	_	linguistic	_	none	_	Begin=401.413|End=401.593	_	_	_	_
159-0	BX003	159	0	o	o	_	_	_	_	_	linguistic	_	none	_	Begin=401.578	_	_	_	_
159-1	BX003	159	1	con	con	_	_	_	_	_	linguistic	_	none	_	_	_	_	_	_
159-2	BX003	159	2	gli	gli	_	_	_	_	_	linguistic	_	none	_	_	_	_	_	_
159-3	BX003	159	3	ami[ci]	amici	_	_	_	_	_	linguistic	_	none	_	End=402.668	_	_	_	3-5(49)
160-0	BX001	160	0	[esatto]	esatto	_	_	_	_	_	linguistic	_	none	_	Begin=402.318	_	_	_	0-6(49)
160-1	BX001	160	1	vieni	vieni	_	_	_	_	_	linguistic	_	none	_	_	_	_	_	_
160-2	BX001	160	2	[un	un	_	_	_	_	_	linguistic	_	none	_	_	_	_	_	0-2(50)
160-3	BX001	160	3	po'	po'	_	_	_	_	_	linguistic	_	none	_	_	_	_	_	0-3(50)
160-4	BX001	160	4	stigmatizzata].	stigmatizzata	_	_	_	_	_	linguistic	_	none	Intonation=Falling	_	_	_	_	0-13(50)
160-5	BX001	160	5	[sì	sì	_	_	_	_	_	linguistic	_	none	_	_	_	_	_	0-2(51)
160-6	BX001	160	6	sì	sì	_	_	_	_	_	linguistic	_	none	_	_	_	_	_	0-2(51)
160-7	BX001	160	7	infatti	infatti	_	_	_	_	_	linguistic	_	none	_	_	_	_	_	0-7(51)
160-8	BX001	160	8	questo	questo	_	_	_	_	_	linguistic	_	none	_	_	_	_	_	0-6(51)
160-9	BX001	160	9	è	è	_	_	_	_	_	linguistic	_	none	_	_	_	_	_	0-1(51)
160-10	BX001	160	10	la:]	la	_	_	_	_	_	linguistic	_	none	_	_	1x1	_	_	0-2(51)
160-11	BX001	160	11	il	il	_	_	_	_	_	linguistic	_	none	_	_	_	_	_	_
160-12	BX001	160	12	problema	problema	_	_	_	_	_	linguistic	_	none	_	_	_	_	_	_
160-13	BX001	160	13	grosso	grosso	_	_	_	_	_	linguistic	_	none	_	_	_	_	_	_
160-14	BX001	160	14	eh.	eh	_	_	_	_	_	linguistic	_	none	Intonation=Falling	End=407.35	_	_	_	_
161-0	BX003	161	0	[allora	allora	_	_	_	_	_	linguistic	_	none	_	Begin=402.938	_	_	_	0-6(50)
161-1	BX003	161	1	è::]	è	_	_	_	_	_	linguistic	_	none	_	End=403.938	0x2	_	_	0-1(50)
162-0	BX002	162	0	[esatto.	esatto	_	_	_	_	_	linguistic	_	none	Intonation=Falling|PauseAfter=Yes	Begin=404.293	_	_	_	0-6(51)
162-1	BX002	162	1	(.)	(.)	_	_	_	_	_	shortpause	_	none	_	_	_	_	_	_
162-2	BX002	162	2	infatti:]	infatti	_	_	_	_	_	linguistic	_	none	_	End=405.95	6x1	_	_	0-7(51)
163-0	BX002	163	0	sì.	sì	_	_	_	_	_	linguistic	_	none	Intonation=Falling	Begin=407.396|End=407.6435	_	_	_	_
164-0	BX003	164	0	e	e	_	_	_	_	_	linguistic	_	none	_	Begin=407.6435	_	_	_	_
164-1	BX003	164	1	poi	poi	_	_	_	_	_	linguistic	_	none	_	_	_	_	_	_
164-2	BX003	164	2	dopo	dopo	_	_	_	_	_	linguistic	_	none	_	_	_	_	_	_
164-3	BX003	164	3	però	però	_	_	_	_	_	linguistic	_	none	_	_	_	_	_	_
164-4	BX003	164	4	>cioè<	cioè	_	_	_	_	_	linguistic	_	none	_	_	_	Fast=0-4(0)	_	_
164-5	BX003	164	5	è	è	_	_	_	_	_	linguistic	_	none	_	_	_	_	_	_
164-6	BX003	164	6	chiaro	chiaro	_	_	_	_	_	linguistic	_	none	_	_	_	_	_	_
164-7	BX003	164	7	che	che	_	_	_	_	_	linguistic	_	none	_	_	_	_	_	_
164-8	BX003	164	8	se	se	_	_	_	_	_	linguistic	_	none	_	_	_	_	_	_
164-9	BX003	164	9	devi	devi	_	_	_	_	_	linguistic	_	none	_	_	_	_	_	_
164-10	BX003	164	10	insegnarla,	insegnarla	_	_	_	_	_	linguistic	_	none	Intonation=WeaklyRising|PauseAfter=Yes	_	_	_	_	_
164-11	BX003	164	11	(.)	(.)	_	_	_	_	_	shortpause	_	none	_	_	_	_	_	_
164-12	BX003	164	12	eh:	eh	_	_	_	_	_	linguistic	_	none	_	_	1x1	_	_	_
164-13	BX003	164	13	s-	s-	_	_	_	_	_	linguistic	_	none	Interrupted=Yes	End=411.19	_	_	_	_
165-0	BX003	165	0	se	se	_	_	_	_	_	linguistic	_	none	_	Begin=411.466	_	_	_	_
165-1	BX003	165	1	devi	devi	_	_	_	_	_	linguistic	_	none	_	_	_	_	_	_
165-2	BX003	165	2	recuperare	recuperare	_	_	_	_	_	linguistic	_	none	_	_	_	_	_	_
165-3	BX003	165	3	la	la	_	_	_	_	_	linguistic	_	none	_	_	_	_	_	_
165-4	BX003	165	4	lingua	lingua	_	_	_	_	_	linguistic	_	none	_	_	_	_	_	_
165-5	BX003	165	5	che	che	_	_	_	_	_	linguistic	_	none	_	_	_	_	_	_
165-6	BX003	165	6	stai	stai	_	_	_	_	_	linguistic	_	none	_	_	_	_	_	_
165-7	BX003	165	7	perdendo	perdendo	_	_	_	_	_	linguistic	_	none	_	_	_	_	_	_
165-8	BX003	165	8	e	e	_	_	_	_	_	linguistic	_	none	_	_	_	_	_	_
165-9	BX003	165	9	devi	devi	_	_	_	_	_	linguistic	_	none	_	_	_	_	_	_
165-10	BX003	165	10	insegnarla	insegnarla	_	_	_	_	_	linguistic	_	none	_	_	_	_	_	_
165-11	BX003	165	11	devi	devi	_	_	_	_	_	linguistic	_	none	_	_	_	_	_	_
165-12	BX003	165	12	trovare	trovare	_	_	_	_	_	linguistic	_	none	_	_	_	_	_	_
165-13	BX003	165	13	uno	uno	_	_	_	_	_	linguistic	_	none	_	_	_	_	_	_
165-14	BX003	165	14	standard	standard	_	_	_	_	_	linguistic	_	none	_	_	_	_	_	_
165-15	BX003	165	15	e	e	_	_	_	_	_	linguistic	_	none	_	_	_	_	_	_
165-16	BX003	165	16	comun[que	comunque	_	_	_	_	_	linguistic	_	none	_	_	_	_	_	5-8(52)
165-17	BX003	165	17	ti	ti	_	_	_	_	_	linguistic	_	none	_	_	_	_	_	0-2(52)
165-18	BX003	165	18	crea]	crea	_	_	_	_	_	linguistic	_	none	_	_	_	_	_	0-4(52)
165-19	BX003	165	19	altri	altri	_	_	_	_	_	linguistic	_	none	_	_	_	_	_	_
165-20	BX003	165	20	problemi	problemi	_	_	_	_	_	linguistic	_	none	_	_	_	_	_	_
165-21	BX003	165	21	[perché],	perché	_	_	_	_	_	linguistic	_	none	Intonation=WeaklyRising	End=417.91	_	_	_	0-6(53)
166-0	BX001	166	0	[eh	eh	_	_	_	_	_	linguistic	_	none	_	Begin=416.068	_	_	_	0-2(52)
166-1	BX001	166	1	esatto]	esatto	_	_	_	_	_	linguistic	_	none	_	End=416.928	_	_	_	0-6(52)
167-0	BX002	167	0	[sì]	sì	_	_	_	_	_	linguistic	_	none	_	Begin=417.478|End=417.88	_	_	_	0-2(53)
168-0	BX001	168	0	in	in	_	_	_	_	_	linguistic	_	none	_	Begin=418.11	_	_	_	_
168-1	BX001	168	1	paraguay	paraguay	_	_	_	_	_	linguistic	_	none	_	_	_	_	_	_
168-2	BX001	168	2	invece	invece	_	_	_	_	_	linguistic	_	none	_	_	_	_	_	_
168-3	BX001	168	3	l'	l'	_	_	_	_	_	linguistic	_	none	SpaceAfter=No	_	_	_	_	_
168-4	BX001	168	4	hanno	hanno	_	_	_	_	_	linguistic	_	none	_	_	_	_	_	_
168-5	BX001	168	5	fatta	fatta	_	_	_	_	_	linguistic	_	none	_	_	_	_	_	_
168-6	BX001	168	6	bene	bene	_	_	_	_	_	linguistic	_	none	_	_	_	_	_	_
168-7	BX001	168	7	perché	perché	_	_	_	_	_	linguistic	_	none	_	_	_	_	_	_
168-8	BX001	168	8	proprio	proprio	_	_	_	_	_	linguistic	_	none	_	_	_	_	_	_
168-9	BX001	168	9	c'	c'	_	_	_	_	_	linguistic	_	none	SpaceAfter=No	_	_	_	_	_
168-10	BX001	168	10	è	è	_	_	_	_	_	linguistic	_	none	_	_	_	_	_	_
168-11	BX001	168	11	in-	in-	_	_	_	_	_	linguistic	_	none	Interrupted=Yes	_	_	_	_	_
168-12	BX001	168	12	all'	all'	_	_	_	_	_	linguistic	_	none	SpaceAfter=No	_	_	_	_	_
168-13	BX001	168	13	università	università	_	_	_	_	_	linguistic	_	none	_	_	_	_	_	_
168-14	BX001	168	14	insegnano	insegnano	_	_	_	_	_	linguistic	_	none	_	_	_	_	_	_
168-15	BX001	168	15	in	in	_	_	_	_	_	linguistic	_	none	_	_	_	_	_	_
168-16	BX001	168	16	guaranì.	guaranì	_	_	_	_	_	linguistic	_	none	Intonation=Falling	End=423.8	_	_	_	_
169-0	BX002	169	0	[mh	mh	_	_	_	_	_	linguistic	_	none	ProsodicLink=Yes	Begin=423.832	_	_	_	0-2(54)
169-1	BX002	169	1	mh]	mh	_	_	_	_	_	linguistic	_	none	_	End=424.242	_	_	_	0-2(54)
170-0	BX001	170	0	[cioè	cioè	_	_	_	_	_	linguistic	_	none	_	Begin=423.847	_	_	_	0-4(54)
170-1	BX001	170	1	proprio	proprio	_	_	_	_	_	linguistic	_	none	_	_	_	_	_	0-7(54)
170-2	BX001	170	2	loro],	loro	_	_	_	_	_	linguistic	_	none	Intonation=WeaklyRising	_	_	_	_	0-4(54)
170-3	BX001	170	3	però	però	_	_	_	_	_	linguistic	_	none	_	_	_	_	_	_
170-4	BX001	170	4	è	è	_	_	_	_	_	linguistic	_	none	_	_	_	_	_	_
170-5	BX001	170	5	che	che	_	_	_	_	_	linguistic	_	none	_	_	_	_	_	_
170-6	BX001	170	6	loro	loro	_	_	_	_	_	linguistic	_	none	_	_	_	_	_	_
170-7	BX001	170	7	è	è	_	_	_	_	_	linguistic	_	none	_	_	_	_	_	_
170-8	BX001	170	8	stato	stato	_	_	_	_	_	linguistic	_	none	PauseAfter=Yes	_	_	_	_	_
170-9	BX001	170	9	(.)	(.)	_	_	_	_	_	shortpause	_	none	_	_	_	_	_	_
170-10	BX001	170	10	s-	s-	_	_	_	_	_	linguistic	_	none	Interrupted=Yes|PauseAfter=Yes	_	_	_	_	_
170-11	BX001	170	11	(.)	(.)	_	_	_	_	_	shortpause	_	none	_	_	_	_	_	_
170-12	BX001	170	12	penso	penso	_	_	_	_	_	linguistic	_	none	_	_	_	_	_	_
170-13	BX001	170	13	un	un	_	_	_	_	_	linguistic	_	none	_	_	_	_	_	_
170-14	BX001	170	14	caso,	caso	_	_	_	_	_	linguistic	_	none	Intonation=WeaklyRising	End=428.51	_	_	_	_
171-0	BX002	171	0	mh	mh	_	_	_	_	_	linguistic	_	none	ProsodicLink=Yes	Begin=428.512	_	_	_	_
171-1	BX002	171	1	mh	mh	_	_	_	_	_	linguistic	_	none	_	End=429.0295	_	_	_	_
172-0	BX001	172	0	perché	perché	_	_	_	_	_	linguistic	_	none	_	Begin=429.0295	_	_	_	_
172-1	BX001	172	1	in	in	_	_	_	_	_	linguistic	_	none	_	_	_	_	_	_
172-2	BX001	172	2	paraguay	paraguay	_	_	_	_	_	linguistic	_	none	_	_	_	_	_	_
172-3	BX001	172	3	ci	ci	_	_	_	_	_	linguistic	_	none	_	_	_	_	_	_
172-4	BX001	172	4	sono	sono	_	_	_	_	_	linguistic	_	none	_	_	_	_	_	_
172-5	BX001	172	5	se-	se-	_	_	_	_	_	linguistic	_	none	Interrupted=Yes	_	_	_	_	_
172-6	BX001	172	6	state	state	_	_	_	_	_	linguistic	_	none	_	_	_	_	_	_
172-7	BX001	172	7	sempre	sempre	_	_	_	_	_	linguistic	_	none	_	_	_	_	_	_
172-8	BX001	172	8	dittature	dittature	_	_	_	_	_	linguistic	_	none	_	_	_	_	_	_
172-9	BX001	172	9	militari.	militari	_	_	_	_	_	linguistic	_	none	Intonation=Falling	End=432.17	_	_	_	_
173-0	BX003	173	0	ah	ah	_	_	_	_	_	linguistic	_	none	_	Begin=432.437|End=432.757	_	_	_	_
174-0	BX001	174	0	e	e	_	_	_	_	_	linguistic	_	none	_	Begin=432.982	_	_	_	_
174-1	BX001	174	1	negli	negli	_	_	_	_	_	linguistic	_	none	_	_	_	_	_	_
174-2	BX001	174	2	anni	anni	_	_	_	_	_	linguistic	_	none	_	_	_	_	_	_
174-3	BX001	174	3	cinquanta	cinquanta	_	_	_	_	_	linguistic	_	none	_	_	_	_	_	_
174-4	BX001	174	4	è	è	_	_	_	_	_	linguistic	_	none	_	_	_	_	_	_
174-5	BX001	174	5	salito	salito	_	_	_	_	_	linguistic	_	none	_	_	_	_	_	_
174-6	BX001	174	6	al	al	_	_	_	_	_	linguistic	_	none	_	_	_	_	_	_
174-7	BX001	174	7	potere	potere	_	_	_	_	_	linguistic	_	none	_	_	_	_	_	_
174-8	BX001	174	8	un	un	_	_	_	_	_	linguistic	_	none	PauseAfter=Yes	_	_	_	_	_
174-9	BX001	174	9	(.)	(.)	_	_	_	_	_	shortpause	_	none	_	_	_	_	_	_
174-10	BX001	174	10	mh:	mh	_	_	_	_	_	linguistic	_	none	PauseAfter=Yes	_	1x1	_	_	_
174-11	BX001	174	11	(.)	(.)	_	_	_	_	_	shortpause	_	none	_	_	_	_	_	_
174-12	BX001	174	12	un	un	_	_	_	_	_	linguistic	_	none	_	_	_	_	_	_
174-13	BX001	174	13	militare,	militare	_	_	_	_	_	linguistic	_	none	Intonation=WeaklyRising	_	_	_	_	_
174-14	BX001	174	14	che	che	_	_	_	_	_	linguistic	_	none	_	_	_	_	_	_
174-15	BX001	174	15	però	però	_	_	_	_	_	linguistic	_	none	_	_	_	_	_	_
174-16	BX001	174	16	era	era	_	_	_	_	_	linguistic	_	none	_	_	_	_	_	_
174-17	BX001	174	17	di	di	_	_	_	_	_	linguistic	_	none	_	_	_	_	_	_
174-18	BX001	174	18	origine	origine	_	_	_	_	_	linguistic	_	none	_	_	_	_	_	_
174-19	BX001	174	19	[e	e	_	_	_	_	_	linguistic	_	none	_	_	_	_	_	0-1(55)
174-20	BX001	174	20	ci	ci	_	_	_	_	_	linguistic	_	none	_	_	_	_	_	0-2(55)
174-21	BX001	174	21	sentiva]	sentiva	_	_	_	_	_	linguistic	_	none	_	_	_	_	_	0-7(55)
174-22	BX001	174	22	un	un	_	_	_	_	_	linguistic	_	none	_	_	_	_	_	_
174-23	BX001	174	23	sacco	sacco	_	_	_	_	_	linguistic	_	none	_	_	_	_	_	_
174-24	BX001	174	24	per	per	_	_	_	_	_	linguistic	_	none	_	_	_	_	_	_
174-25	BX001	174	25	questa	questa	_	_	_	_	_	linguistic	_	none	_	_	_	_	_	_
174-26	BX001	174	26	cosa	cosa	_	_	_	_	_	linguistic	_	none	_	_	_	_	_	_
174-27	BX001	174	27	qua,	qua	_	_	_	_	_	linguistic	_	none	Intonation=WeaklyRising	_	_	_	_	_
174-28	BX001	174	28	lui	lui	_	_	_	_	_	linguistic	_	none	_	_	_	_	_	_
174-29	BX001	174	29	è	è	_	_	_	_	_	linguistic	_	none	_	_	_	_	_	_
174-30	BX001	174	30	stato	stato	_	_	_	_	_	linguistic	_	none	_	_	_	_	_	_
174-31	BX001	174	31	al	al	_	_	_	_	_	linguistic	_	none	_	_	_	_	_	_
174-32	BX001	174	32	potere	potere	_	_	_	_	_	linguistic	_	none	_	_	_	_	_	_
174-33	BX001	174	33	>per	per	_	_	_	_	_	linguistic	_	none	_	_	_	Fast=0-3(0)	_	_
174-34	BX001	174	34	quasi	quasi	_	_	_	_	_	linguistic	_	none	_	_	_	Fast=0-5(0)	_	_
174-35	BX001	174	35	quindici	quindici	_	_	_	_	_	linguistic	_	none	_	_	_	Fast=0-8(0)	_	_
174-36	BX001	174	36	anni<	anni	_	_	_	_	_	linguistic	_	none	PauseAfter=Yes	_	_	Fast=0-4(0)	_	_
174-37	BX001	174	37	(.)	(.)	_	_	_	_	_	shortpause	_	none	_	_	_	_	_	_
174-38	BX001	174	38	lui	lui	_	_	_	_	_	linguistic	_	none	_	_	_	_	_	_
174-39	BX001	174	39	ha	ha	_	_	_	_	_	linguistic	_	none	_	_	_	_	_	_
174-40	BX001	174	40	detto,	detto	_	_	_	_	_	linguistic	_	none	Intonation=WeaklyRising	_	_	_	_	_
174-41	BX001	174	41	oh	oh	_	_	_	_	_	linguistic	_	none	_	_	_	_	_	_
174-42	BX001	174	42	ora	ora	_	_	_	_	_	linguistic	_	none	_	_	_	_	_	_
174-43	BX001	174	43	tutti	tutti	_	_	_	_	_	linguistic	_	none	_	_	_	_	_	_
174-44	BX001	174	44	parliamo	parliamo	_	_	_	_	_	linguistic	_	none	_	_	_	_	_	_
174-45	BX001	174	45	guaranì	guaranì	_	_	_	_	_	linguistic	_	none	_	_	_	_	_	_
174-46	BX001	174	46	e:	e	_	_	_	_	_	linguistic	_	none	_	End=447.15	0x1	_	_	_
175-0	BX002	175	0	[guaran-]	guaran-	_	_	_	_	_	linguistic	_	none	Interrupted=Yes	Begin=439.81|End=440.5	_	_	_	0-7(55)
176-0	BX001	176	0	è	è	_	_	_	_	_	linguistic	_	none	_	Begin=447.678	_	_	_	_
176-1	BX001	176	1	rimasta	rimasta	_	_	_	_	_	linguistic	_	none	_	_	_	_	_	_
176-2	BX001	176	2	questa	questa	_	_	_	_	_	linguistic	_	none	_	_	_	_	_	_
176-3	BX001	176	3	cosa.	cosa	_	_	_	_	_	linguistic	_	none	Intonation=Falling	End=449.308	_	_	_	_
177-0	BX001	177	0	però	però	_	_	_	_	_	linguistic	_	none	_	Begin=450.398	_	_	_	_
177-1	BX001	177	1	è	è	_	_	_	_	_	linguistic	_	none	_	_	_	_	_	_
177-2	BX001	177	2	veramente	veramente	_	_	_	_	_	linguistic	_	none	_	_	_	_	_	_
177-3	BX001	177	3	un	un	_	_	_	_	_	linguistic	_	none	_	_	_	_	_	_
177-4	BX001	177	4	caso	caso	_	_	_	_	_	linguistic	_	none	_	_	_	_	_	_
177-5	BX001	177	5	più	più	_	_	_	_	_	linguistic	_	none	_	_	_	_	_	_
177-6	BX001	177	6	unico	unico	_	_	_	_	_	linguistic	_	none	_	_	_	_	_	_
177-7	BX001	177	7	che	che	_	_	_	_	_	linguistic	_	none	_	_	_	_	_	_
177-8	BX001	177	8	raro	raro	_	_	_	_	_	linguistic	_	none	PauseAfter=Yes	_	_	_	_	_
177-9	BX001	177	9	(.)	(.)	_	_	_	_	_	shortpause	_	none	_	_	_	_	_	_
177-10	BX001	177	10	cioè	cioè	_	_	_	_	_	linguistic	_	none	_	_	_	_	_	_
177-11	BX001	177	11	proprio	proprio	_	_	_	_	_	linguistic	_	none	_	_	_	_	_	_
177-12	BX001	177	12	veramente	veramente	_	_	_	_	_	linguistic	_	none	_	_	_	_	_	_
177-13	BX001	177	13	una	una	_	_	_	_	_	linguistic	_	none	_	_	_	_	_	_
177-14	BX001	177	14	cosa:	cosa	_	_	_	_	_	linguistic	_	none	_	_	3x1	_	_	_
177-15	BX001	177	15	particolare.	particolare	_	_	_	_	_	linguistic	_	none	Intonation=Falling	End=456.039	_	_	_	_
178-0	BX003	178	0	mh.	mh	_	_	_	_	_	linguistic	_	none	Intonation=Falling	Begin=456.039|End=456.42	_	_	_	_
179-0	BX002	179	0	eh	eh	_	_	_	_	_	linguistic	_	none	_	Begin=456.593	_	_	_	_
179-1	BX002	179	1	io	io	_	_	_	_	_	linguistic	_	none	_	_	_	_	_	_
179-2	BX002	179	2	tutto	tutto	_	_	_	_	_	linguistic	_	none	_	_	_	_	_	_
179-3	BX002	179	3	il	il	_	_	_	_	_	linguistic	_	none	_	_	_	_	_	_
179-4	BX002	179	4	tempo	tempo	_	_	_	_	_	linguistic	_	none	_	_	_	_	_	_
179-5	BX002	179	5	pensavo	pensavo	_	_	_	_	_	linguistic	_	none	_	_	_	_	_	_
179-6	BX002	179	6	al	al	_	_	_	_	_	linguistic	_	none	_	_	_	_	_	_
179-7	BX002	179	7	parallelo	parallelo	_	_	_	_	_	linguistic	_	none	_	_	_	_	_	_
179-8	BX002	179	8	con	con	_	_	_	_	_	linguistic	_	none	_	_	_	_	_	_
179-9	BX002	179	9	i	i	_	_	_	_	_	linguistic	_	none	_	_	_	_	_	_
179-10	BX002	179	10	dialetti	dialetti	_	_	_	_	_	linguistic	_	none	_	_	_	_	_	_
179-11	BX002	179	11	in	in	_	_	_	_	_	linguistic	_	none	_	_	_	_	_	_
179-12	BX002	179	12	italia	italia	_	_	_	_	_	linguistic	_	none	_	_	_	_	_	_
179-13	BX002	179	13	no?	no	_	_	_	_	_	linguistic	_	none	Intonation=Rising|PauseAfter=Yes	_	_	_	_	_
179-14	BX002	179	14	(.)	(.)	_	_	_	_	_	shortpause	_	none	_	_	_	_	_	_
179-15	BX002	179	15	di	di	_	_	_	_	_	linguistic	_	none	_	_	_	_	_	_
179-16	BX002	179	16	questa	questa	_	_	_	_	_	linguistic	_	none	_	_	_	_	_	_
179-17	BX002	179	17	situazione.	situazione	_	_	_	_	_	linguistic	_	none	Intonation=Falling	_	_	_	_	_
179-18	BX002	179	18	perché	perché	_	_	_	_	_	linguistic	_	none	_	_	_	_	_	_
179-19	BX002	179	19	è	è	_	_	_	_	_	linguistic	_	none	_	_	_	_	_	_
179-20	BX002	179	20	veramente	veramente	_	_	_	_	_	linguistic	_	none	_	_	_	_	_	_
179-21	BX002	179	21	strano.	strano	_	_	_	_	_	linguistic	_	none	Intonation=Falling	_	_	_	_	_
179-22	BX002	179	22	cioè:	cioè	_	_	_	_	_	linguistic	_	none	_	End=462.693	3x1	_	_	_
180-0	BX002	180	0	perché:	perché	_	_	_	_	_	linguistic	_	none	_	Begin=463.509	5x1	_	_	_
180-1	BX002	180	1	i	i	_	_	_	_	_	linguistic	_	none	_	_	_	_	_	_
180-2	BX002	180	2	nonni	nonni	_	_	_	_	_	linguistic	_	none	_	_	_	_	_	_
180-3	BX002	180	3	lo	lo	_	_	_	_	_	linguistic	_	none	_	_	_	_	_	_
180-4	BX002	180	4	sanno,	sanno	_	_	_	_	_	linguistic	_	none	Intonation=WeaklyRising|PauseAfter=Yes	_	_	_	_	_
180-5	BX002	180	5	(.)	(.)	_	_	_	_	_	shortpause	_	none	_	_	_	_	_	_
180-6	BX002	180	6	sanno	sanno	_	_	_	_	_	linguistic	_	none	_	_	_	_	_	_
180-7	BX002	180	7	questa	questa	_	_	_	_	_	linguistic	_	none	_	_	_	_	_	_
180-8	BX002	180	8	lingua,	lingua	_	_	_	_	_	linguistic	_	none	Intonation=WeaklyRising	_	_	_	_	_
180-9	BX002	180	9	e	e	_	_	_	_	_	linguistic	_	none	_	_	_	_	_	_
180-10	BX002	180	10	e	e	_	_	_	_	_	linguistic	_	none	_	_	_	_	_	_
180-11	BX002	180	11	i	i	_	_	_	_	_	linguistic	_	none	_	_	_	_	_	_
180-12	BX002	180	12	nipoti	nipoti	_	_	_	_	_	linguistic	_	none	_	_	_	_	_	_
180-13	BX002	180	13	che	che	_	_	_	_	_	linguistic	_	none	_	_	_	_	_	_
180-14	BX002	180	14	potrebbero	potrebbero	_	_	_	_	_	linguistic	_	none	_	_	_	_	_	_
180-15	BX002	180	15	[parlarla	parlarla	_	_	_	_	_	linguistic	_	none	_	_	_	_	_	0-8(56)
180-16	BX002	180	16	okay	okay	_	_	_	_	_	linguistic	_	none	_	_	_	_	_	0-4(56)
180-17	BX002	180	17	non	non	_	_	_	_	_	linguistic	_	none	_	_	_	_	_	0-3(56)
180-18	BX002	180	18	è	è	_	_	_	_	_	linguistic	_	none	_	_	_	_	_	0-1(56)
180-19	BX002	180	19	standard]	standard	_	_	_	_	_	linguistic	_	none	_	End=469.899	_	_	_	0-8(56)
181-0	BX001	181	0	[però	però	_	_	_	_	_	linguistic	_	none	_	Begin=468.259	_	_	_	0-4(56)
181-1	BX001	181	1	i	i	_	_	_	_	_	linguistic	_	none	ProsodicLink=Yes	_	_	_	_	0-1(56)
181-2	BX001	181	2	i	i	_	_	_	_	_	linguistic	_	none	ProsodicLink=Yes	_	_	_	_	0-1(56)
181-3	BX001	181	3	i	i	_	_	_	_	_	linguistic	_	none	_	_	_	_	_	0-1(56)
181-4	BX001	181	4	i	i	_	_	_	_	_	linguistic	_	none	_	_	_	_	_	0-1(56)
181-5	BX001	181	5	dialetti]	dialetti	_	_	_	_	_	linguistic	_	none	_	_	_	_	_	0-8(56)
181-6	BX001	181	6	comunque	comunque	_	_	_	_	_	linguistic	_	none	_	_	_	_	_	_
181-7	BX001	181	7	hanno	hanno	_	_	_	_	_	linguistic	_	none	_	_	_	_	_	_
181-8	BX001	181	8	un:	un	_	_	_	_	_	linguistic	_	none	_	_	1x1	_	_	_
181-9	BX001	181	9	un	un	_	_	_	_	_	linguistic	_	none	_	_	_	_	_	_
181-10	BX001	181	10	rapporto	rapporto	_	_	_	_	_	linguistic	_	none	_	_	_	_	_	_
181-11	BX001	181	11	molto	molto	_	_	_	_	_	linguistic	_	none	_	End=472.68	_	_	_	_
182-0	BX003	182	0	stret[to]	stretto	_	_	_	_	_	linguistic	_	none	_	Begin=473.284|End=473.854	_	_	_	5-7(57)
183-0	BX001	183	0	[vici]no	vicino	_	_	_	_	_	linguistic	_	none	_	Begin=473.534	_	_	_	0-4(57)
183-1	BX001	183	1	con	con	_	_	_	_	_	linguistic	_	none	_	_	_	_	_	_
183-2	BX001	183	2	la	la	_	_	_	_	_	linguistic	_	none	_	_	_	_	_	_
183-3	BX001	183	3	lingua	lingua	_	_	_	_	_	linguistic	_	none	_	_	_	_	_	_
183-4	BX001	183	4	s-	s-	_	_	_	_	_	linguistic	_	none	Interrupted=Yes	_	_	_	_	_
183-5	BX001	183	5	con	con	_	_	_	_	_	linguistic	_	none	_	_	_	_	_	_
183-6	BX001	183	6	l'	l'	_	_	_	_	_	linguistic	_	none	SpaceAfter=No	_	_	_	_	_
183-7	BX001	183	7	italiano	italiano	_	_	_	_	_	linguistic	_	none	_	_	_	_	_	_
183-8	BX001	183	8	standard,	standard	_	_	_	_	_	linguistic	_	none	Intonation=WeaklyRising	_	_	_	_	_
183-9	BX001	183	9	o	o	_	_	_	_	_	linguistic	_	none	_	_	_	_	_	_
183-10	BX001	183	10	co-	co-	_	_	_	_	_	linguistic	_	none	Interrupted=Yes	_	_	_	_	_
183-11	BX001	183	11	comunque	comunque	_	_	_	_	_	linguistic	_	none	_	_	_	_	_	_
183-12	BX001	183	12	con	con	_	_	_	_	_	linguistic	_	none	_	_	_	_	_	_
183-13	BX001	183	13	il	il	_	_	_	_	_	linguistic	_	none	_	_	_	_	_	_
183-14	BX001	183	14	(fatto)	fatto	_	_	_	_	_	linguistic	_	none	_	End=478.35	_	_	0-5(0)	_
184-0	BX003	184	0	[sì	sì	_	_	_	_	_	linguistic	_	none	_	Begin=479.137	_	_	_	0-2(58)
184-1	BX003	184	1	sì	sì	_	_	_	_	_	linguistic	_	none	_	_	_	_	_	0-2(58)
184-2	BX003	184	2	sì]	sì	_	_	_	_	_	linguistic	_	none	_	End=480.137	_	_	_	0-2(58)
185-0	BX001	185	0	[di	di	_	_	_	_	_	linguistic	_	none	_	Begin=479.157	_	_	_	0-2(58)
185-1	BX001	185	1	lingua	lingua	_	_	_	_	_	linguistic	_	none	_	_	_	_	_	0-6(58)
185-2	BX001	185	2	romanza]	romanza	_	_	_	_	_	linguistic	_	none	_	_	_	_	_	0-7(58)
185-3	BX001	185	3	diciamo,	diciamo	_	_	_	_	_	linguistic	_	none	Intonation=WeaklyRising	End=480.43	_	_	_	_
186-0	BX001	186	0	mentre	mentre	_	_	_	_	_	linguistic	_	none	_	Begin=480.912	_	_	_	_
186-1	BX001	186	1	le	le	_	_	_	_	_	linguistic	_	none	_	_	_	_	_	_
186-2	BX001	186	2	lingue	lingue	_	_	_	_	_	linguistic	_	none	_	_	_	_	_	_
186-3	BX001	186	3	laggiù	laggiù	_	_	_	_	_	linguistic	_	none	_	_	_	_	_	_
186-4	BX001	186	4	cioè	cioè	_	_	_	_	_	linguistic	_	none	_	_	_	_	_	_
186-5	BX001	186	5	proprio	proprio	_	_	_	_	_	linguistic	_	none	_	_	_	_	_	_
186-6	BX001	186	6	zero	zero	_	_	_	_	_	linguistic	_	none	_	_	_	_	_	_
186-7	BX001	186	7	cioè	cioè	_	_	_	_	_	linguistic	_	none	_	_	_	_	_	_
186-8	BX001	186	8	non	non	_	_	_	_	_	linguistic	_	none	_	_	_	_	_	_
186-9	BX001	186	9	c'	c'	_	_	_	_	_	linguistic	_	none	SpaceAfter=No	_	_	_	_	_
186-10	BX001	186	10	è	è	_	_	_	_	_	linguistic	_	none	_	_	_	_	_	_
186-11	BX001	186	11	una	una	_	_	_	_	_	linguistic	_	none	_	_	_	_	_	_
186-12	BX001	186	12	parola	parola	_	_	_	_	_	linguistic	_	none	_	_	_	_	_	_
186-13	BX001	186	13	uguale.	uguale	_	_	_	_	_	linguistic	_	none	Intonation=Falling	End=485.2	_	_	_	_
187-0	BX002	187	0	certo	certo	_	_	_	_	_	linguistic	_	none	_	Begin=485.34	_	_	_	_
187-1	BX002	187	1	sì	sì	_	_	_	_	_	linguistic	_	none	_	_	_	_	_	_
187-2	BX002	187	2	sì.	sì	_	_	_	_	_	linguistic	_	none	Intonation=Falling	End=486.23	_	_	_	_
188-0	BX001	188	0	quindi	quindi	_	_	_	_	_	linguistic	_	none	_	Begin=486.38	_	_	_	_
188-1	BX001	188	1	è:	è	_	_	_	_	_	linguistic	_	none	_	_	0x1	_	_	_
188-2	BX001	188	2	è	è	_	_	_	_	_	linguistic	_	none	_	_	_	_	_	_
188-3	BX001	188	3	un	un	_	_	_	_	_	linguistic	_	none	_	_	_	_	_	_
188-4	BX001	188	4	po'	po'	_	_	_	_	_	linguistic	_	none	_	_	_	_	_	_
188-5	BX001	188	5	[diverso].	diverso	_	_	_	_	_	linguistic	_	none	Intonation=Falling	End=487.83	_	_	_	0-7(59)
189-0	BX002	189	0	[eh	eh	_	_	_	_	_	linguistic	_	none	_	Begin=487.177	_	_	_	0-2(59)
189-1	BX002	189	1	però	però	_	_	_	_	_	linguistic	_	none	_	_	_	_	_	0-4(59)
189-2	BX002	189	2	loro]	loro	_	_	_	_	_	linguistic	_	none	_	_	_	_	_	0-4(59)
189-3	BX002	189	3	preferiscono	preferiscono	_	_	_	_	_	linguistic	_	none	_	_	_	_	_	_
189-4	BX002	189	4	parlare	parlare	_	_	_	_	_	linguistic	_	none	_	_	_	_	_	_
189-5	BX002	189	5	in	in	_	_	_	_	_	linguistic	_	none	_	_	_	_	_	_
189-6	BX002	189	6	spagnolo.	spagnolo	_	_	_	_	_	linguistic	_	none	Intonation=Falling	End=489.36	_	_	_	_
190-0	BX001	190	0	eh	eh	_	_	_	_	_	linguistic	_	none	_	Begin=489.487	_	_	_	_
190-1	BX001	190	1	sì.	sì	_	_	_	_	_	linguistic	_	none	Intonation=Falling	_	_	_	_	_
190-2	BX001	190	2	purtroppo	purtroppo	_	_	_	_	_	linguistic	_	none	_	_	_	_	_	_
190-3	BX001	190	3	sì.	sì	_	_	_	_	_	linguistic	_	none	Intonation=Falling	_	_	_	_	_
190-4	BX001	190	4	eh	eh	_	_	_	_	_	linguistic	_	none	_	_	_	_	_	_
190-5	BX001	190	5	in	in	_	_	_	_	_	linguistic	_	none	_	_	_	_	_	_
190-6	BX001	190	6	bolivia	bolivia	_	_	_	_	_	linguistic	_	none	_	_	_	_	_	_
190-7	BX001	190	7	sì.	sì	_	_	_	_	_	linguistic	_	none	Intonation=Falling	End=491.597	_	_	_	_
191-0	BX001	191	0	°in	in	_	_	_	_	_	linguistic	_	none	Volume=low	Begin=492.12	_	_	_	_
191-1	BX001	191	1	bolivia	bolivia	_	_	_	_	_	linguistic	_	none	Volume=low	_	_	_	_	_
191-2	BX001	191	2	sì.°	sì	_	_	_	_	_	linguistic	_	none	Intonation=Falling|Volume=low	End=492.77	_	_	_	_
192-0	BX001	192	0	[°paraguay	paraguay	_	_	_	_	_	linguistic	_	none	Volume=low	Begin=493.217	_	_	_	0-8(60)
192-1	BX001	192	1	è]	è	_	_	_	_	_	linguistic	_	none	Volume=low	_	_	_	_	0-1(60)
192-2	BX001	192	2	un'	un'	_	_	_	_	_	linguistic	_	none	SpaceAfter=No|Volume=low	_	_	_	_	_
192-3	BX001	192	3	altra	altra	_	_	_	_	_	linguistic	_	none	Volume=low	_	_	_	_	_
192-4	BX001	192	4	cosa.°	cosa	_	_	_	_	_	linguistic	_	none	Intonation=Falling|Volume=low	End=495.157	_	_	_	_
193-0	BX002	193	0	[(è	è	_	_	_	_	_	linguistic	_	none	_	Begin=493.227	_	_	0-1(0)	0-1(60)
193-1	BX002	193	1	troppo	troppo	_	_	_	_	_	linguistic	_	none	_	_	_	_	0-6(0)	0-6(60)
193-2	BX002	193	2	strano)]	strano	_	_	_	_	_	linguistic	_	none	_	End=494.317	_	_	0-6(0)	0-6(60)
194-0	BX002	194	0	(°xxxx	xxxx	_	_	_	_	_	unknown	_	none	Volume=low|Syllables=4	Begin=497.89	_	_	0-4(0)	_
194-1	BX002	194	1	strano	strano	_	_	_	_	_	linguistic	_	none	Volume=low	_	_	_	0-6(0)	_
194-2	BX002	194	2	xx°)	xx	_	_	_	_	_	unknown	_	none	Volume=low|Syllables=2	End=499.896	_	_	0-2(0)	_
195-0	BX003	195	0	no	no	_	_	_	_	_	linguistic	_	none	_	Begin=502.586	_	_	_	_
195-1	BX003	195	1	però	però	_	_	_	_	_	linguistic	_	none	_	_	_	_	_	_
195-2	BX003	195	2	ero	ero	_	_	_	_	_	linguistic	_	none	_	_	_	_	_	_
195-3	BX003	195	3	(anda-)	anda-	_	_	_	_	_	linguistic	_	none	Interrupted=Yes|PauseAfter=Yes	_	_	_	0-5(0)	_
195-4	BX003	195	4	(.)	(.)	_	_	_	_	_	shortpause	_	none	_	_	_	_	_	_
195-5	BX003	195	5	anche:	anche	_	_	_	_	_	linguistic	_	none	_	_	4x1	_	_	_
195-6	BX003	195	6	in	in	_	_	_	_	_	linguistic	_	none	_	_	_	_	_	_
195-7	BX003	195	7	sardegna,	sardegna	_	_	_	_	_	linguistic	_	none	Intonation=WeaklyRising	_	_	_	_	_
195-8	BX003	195	8	hanno	hanno	_	_	_	_	_	linguistic	_	none	_	_	_	_	_	_
195-9	BX003	195	9	lo	lo	_	_	_	_	_	linguistic	_	none	_	_	_	_	_	_
195-10	BX003	195	10	stesso:	stesso	_	_	_	_	_	linguistic	_	none	_	_	5x1	_	_	_
195-11	BX003	195	11	lo	lo	_	_	_	_	_	linguistic	_	none	_	_	_	_	_	_
195-12	BX003	195	12	stesso	stesso	_	_	_	_	_	linguistic	_	none	_	_	_	_	_	_
195-13	BX003	195	13	problema	problema	_	_	_	_	_	linguistic	_	none	_	_	_	_	_	_
195-14	BX003	195	14	perché:	perché	_	_	_	_	_	linguistic	_	none	_	_	5x1	_	_	_
195-15	BX003	195	15	mh:	mh	_	_	_	_	_	linguistic	_	none	_	_	1x1	_	_	_
195-16	BX003	195	16	c'	c'	_	_	_	_	_	linguistic	_	none	SpaceAfter=No	_	_	_	_	_
195-17	BX003	195	17	è	è	_	_	_	_	_	linguistic	_	none	_	_	_	_	_	_
195-18	BX003	195	18	forte	forte	_	_	_	_	_	linguistic	_	none	_	_	_	_	_	_
195-19	BX003	195	19	questo:	questo	_	_	_	_	_	linguistic	_	none	_	_	5x1	_	_	_
195-20	BX003	195	20	sentimen-	sentimen-	_	_	_	_	_	linguistic	_	none	Interrupted=Yes	_	_	_	_	_
195-21	BX003	195	21	cioè	cioè	_	_	_	_	_	linguistic	_	none	_	_	_	_	_	_
195-22	BX003	195	22	questa:	questa	_	_	_	_	_	linguistic	_	none	_	_	5x1	_	_	_
195-23	BX003	195	23	mh	mh	_	_	_	_	_	linguistic	_	none	_	_	_	_	_	_
195-24	BX003	195	24	voglia	voglia	_	_	_	_	_	linguistic	_	none	_	_	_	_	_	_
195-25	BX003	195	25	di	di	_	_	_	_	_	linguistic	_	none	_	_	_	_	_	_
195-26	BX003	195	26	trovare	trovare	_	_	_	_	_	linguistic	_	none	_	_	_	_	_	_
195-27	BX003	195	27	uno	uno	_	_	_	_	_	linguistic	_	none	_	_	_	_	_	_
195-28	BX003	195	28	standard	standard	_	_	_	_	_	linguistic	_	none	_	_	_	_	_	_
195-29	BX003	195	29	per	per	_	_	_	_	_	linguistic	_	none	_	_	_	_	_	_
195-30	BX003	195	30	mantenere	mantenere	_	_	_	_	_	linguistic	_	none	_	_	_	_	_	_
195-31	BX003	195	31	la	la	_	_	_	_	_	linguistic	_	none	_	_	_	_	_	_
195-32	BX003	195	32	eh:	eh	_	_	_	_	_	linguistic	_	none	_	_	1x1	_	_	_
195-33	BX003	195	33	la	la	_	_	_	_	_	linguistic	_	none	_	_	_	_	_	_
195-34	BX003	195	34	lingua	lingua	_	_	_	_	_	linguistic	_	none	_	_	_	_	_	_
195-35	BX003	195	35	e	e	_	_	_	_	_	linguistic	_	none	_	_	_	_	_	_
195-36	BX003	195	36	così	così	_	_	_	_	_	linguistic	_	none	_	_	_	_	_	_
195-37	BX003	195	37	perché	perché	_	_	_	_	_	linguistic	_	none	_	_	_	_	_	_
195-38	BX003	195	38	adesso	adesso	_	_	_	_	_	linguistic	_	none	_	_	_	_	_	_
195-39	BX003	195	39	succede	succede	_	_	_	_	_	linguistic	_	none	_	_	_	_	_	_
195-40	BX003	195	40	la	la	_	_	_	_	_	linguistic	_	none	_	_	_	_	_	_
195-41	BX003	195	41	stessa	stessa	_	_	_	_	_	linguistic	_	none	_	_	_	_	_	_
195-42	BX003	195	42	cosa	cosa	_	_	_	_	_	linguistic	_	none	_	_	_	_	_	_
195-43	BX003	195	43	che	che	_	_	_	_	_	linguistic	_	none	_	_	_	_	_	_
195-44	BX003	195	44	succede	succede	_	_	_	_	_	linguistic	_	none	_	_	_	_	_	_
195-45	BX003	195	45	in	in	_	_	_	_	_	linguistic	_	none	_	_	_	_	_	_
195-46	BX003	195	46	italia	italia	_	_	_	_	_	linguistic	_	none	_	_	_	_	_	_
195-47	BX003	195	47	quindi	quindi	_	_	_	_	_	linguistic	_	none	PauseAfter=Yes	_	_	_	_	_
195-48	BX003	195	48	(.)	(.)	_	_	_	_	_	shortpause	_	none	_	_	_	_	_	_
195-49	BX003	195	49	eh	eh	_	_	_	_	_	linguistic	_	none	_	_	_	_	_	_
195-50	BX003	195	50	che	che	_	_	_	_	_	linguistic	_	none	_	_	_	_	_	_
195-51	BX003	195	51	i:	i	_	_	_	_	_	linguistic	_	none	_	_	0x1	_	_	_
195-52	BX003	195	52	cioè	cioè	_	_	_	_	_	linguistic	_	none	_	_	_	_	_	_
195-53	BX003	195	53	mh:	mh	_	_	_	_	_	linguistic	_	none	_	_	1x1	_	_	_
195-54	BX003	195	54	la	la	_	_	_	_	_	linguistic	_	none	_	_	_	_	_	_
195-55	BX003	195	55	nostra	nostra	_	_	_	_	_	linguistic	_	none	_	_	_	_	_	_
195-56	BX003	195	56	generazione	generazione	_	_	_	_	_	linguistic	_	none	_	_	_	_	_	_
195-57	BX003	195	57	non	non	_	_	_	_	_	linguistic	_	none	_	_	_	_	_	_
195-58	BX003	195	58	lo	lo	_	_	_	_	_	linguistic	_	none	_	_	_	_	_	_
195-59	BX003	195	59	parlano,	parlano	_	_	_	_	_	linguistic	_	none	Intonation=WeaklyRising	_	_	_	_	_
195-60	BX003	195	60	qualcuno	qualcuno	_	_	_	_	_	linguistic	_	none	_	_	_	_	_	_
195-61	BX003	195	61	lo	lo	_	_	_	_	_	linguistic	_	none	_	_	_	_	_	_
195-62	BX003	195	62	capisce	capisce	_	_	_	_	_	linguistic	_	none	PauseAfter=Yes	_	_	_	_	_
195-63	BX003	195	63	(.)	(.)	_	_	_	_	_	shortpause	_	none	_	_	_	_	_	_
195-64	BX003	195	64	qualcuno	qualcuno	_	_	_	_	_	linguistic	_	none	_	_	_	_	_	_
195-65	BX003	195	65	lo	lo	_	_	_	_	_	linguistic	_	none	_	_	_	_	_	_
195-66	BX003	195	66	parla	parla	_	_	_	_	_	linguistic	_	none	_	_	_	_	_	_
195-67	BX003	195	67	ma	ma	_	_	_	_	_	linguistic	_	none	_	_	_	_	_	_
195-68	BX003	195	68	è	è	_	_	_	_	_	linguistic	_	none	_	_	_	_	_	_
195-69	BX003	195	69	un'	un'	_	_	_	_	_	linguistic	_	none	SpaceAfter=No	_	_	_	_	_
195-70	BX003	195	70	eccezione,	eccezione	_	_	_	_	_	linguistic	_	none	Intonation=WeaklyRising	_	_	_	_	_
195-71	BX003	195	71	e	e	_	_	_	_	_	linguistic	_	none	_	_	_	_	_	_
195-72	BX003	195	72	quindi,	quindi	_	_	_	_	_	linguistic	_	none	Intonation=WeaklyRising|PauseAfter=Yes	_	_	_	_	_
195-73	BX003	195	73	(.)	(.)	_	_	_	_	_	shortpause	_	none	_	_	_	_	_	_
195-74	BX003	195	74	ehm:	ehm	_	_	_	_	_	linguistic	_	none	_	End=530.71	2x1	_	_	_
196-0	BX003	196	0	e:	e	_	_	_	_	_	linguistic	_	none	_	Begin=531.139	0x1	_	_	_
196-1	BX003	196	1	st-	st-	_	_	_	_	_	linguistic	_	none	Interrupted=Yes	_	_	_	_	_
196-2	BX003	196	2	il	il	_	_	_	_	_	linguistic	_	none	_	_	_	_	_	_
196-3	BX003	196	3	problema	problema	_	_	_	_	_	linguistic	_	none	_	_	_	_	_	_
196-4	BX003	196	4	è	è	_	_	_	_	_	linguistic	_	none	_	_	_	_	_	_
196-5	BX003	196	5	che	che	_	_	_	_	_	linguistic	_	none	_	_	_	_	_	_
196-6	BX003	196	6	ci	ci	_	_	_	_	_	linguistic	_	none	_	_	_	_	_	_
196-7	BX003	196	7	sono	sono	_	_	_	_	_	linguistic	_	none	_	_	_	_	_	_
196-8	BX003	196	8	tante	tante	_	_	_	_	_	linguistic	_	none	_	_	_	_	_	_
196-9	BX003	196	9	varietà.	varietà	_	_	_	_	_	linguistic	_	none	Intonation=Falling	_	_	_	_	_
196-10	BX003	196	10	cioè	cioè	_	_	_	_	_	linguistic	_	none	_	_	_	_	_	_
196-11	BX003	196	11	a	a	_	_	_	_	_	linguistic	_	none	_	_	_	_	_	_
196-12	BX003	196	12	parte	parte	_	_	_	_	_	linguistic	_	none	_	_	_	_	_	_
196-13	BX003	196	13	tra	tra	_	_	_	_	_	linguistic	_	none	_	_	_	_	_	_
196-14	BX003	196	14	nord	nord	_	_	_	_	_	linguistic	_	none	_	_	_	_	_	_
196-15	BX003	196	15	e	e	_	_	_	_	_	linguistic	_	none	_	_	_	_	_	_
196-16	BX003	196	16	sud	sud	_	_	_	_	_	linguistic	_	none	_	_	_	_	_	_
196-17	BX003	196	17	[eh:]	eh	_	_	_	_	_	linguistic	_	none	_	End=535.289	1x1	_	_	0-2(61)
197-0	BX002	197	0	[sì]	sì	_	_	_	_	_	linguistic	_	none	_	Begin=534.95|End=535.289	_	_	_	0-2(61)
198-0	BX003	198	0	>lugodorese	lugodorese	_	_	_	_	_	linguistic	_	none	_	Begin=535.599	_	Fast=0-10(0)	_	_
198-1	BX003	198	1	campidanese<	campidanese	_	_	_	_	_	linguistic	_	none	_	_	_	Fast=0-11(0)	_	_
198-2	BX003	198	2	ma	ma	_	_	_	_	_	linguistic	_	none	_	_	_	_	_	_
198-3	BX003	198	3	anche	anche	_	_	_	_	_	linguistic	_	none	_	_	_	_	_	_
198-4	BX003	198	4	ehm:	ehm	_	_	_	_	_	linguistic	_	none	PauseAfter=Yes	_	2x1	_	_	_
198-5	BX003	198	5	(.)	(.)	_	_	_	_	_	shortpause	_	none	_	_	_	_	_	_
198-6	BX003	198	6	cioè	cioè	_	_	_	_	_	linguistic	_	none	_	_	_	_	_	_
198-7	BX003	198	7	anc-	anc-	_	_	_	_	_	linguistic	_	none	Interrupted=Yes	_	_	_	_	_
198-8	BX003	198	8	mh	mh	_	_	_	_	_	linguistic	_	none	_	_	_	_	_	_
198-9	BX003	198	9	varietà	varietà	_	_	_	_	_	linguistic	_	none	_	_	_	_	_	_
198-10	BX003	198	10	più	più	_	_	_	_	_	linguistic	_	none	_	_	_	_	_	_
198-11	BX003	198	11	piccole	piccole	_	_	_	_	_	linguistic	_	none	_	_	_	_	_	_
198-12	BX003	198	12	chiaramente,	chiaramente	_	_	_	_	_	linguistic	_	none	Intonation=WeaklyRising	End=540.94	_	_	_	_
199-0	BX002	199	0	certo	certo	_	_	_	_	_	linguistic	_	none	_	Begin=541.004|End=541.514	_	_	_	_
200-0	BX003	200	0	ehm:	ehm	_	_	_	_	_	linguistic	_	none	_	Begin=541.524	2x1	_	_	_
200-1	BX003	200	1	e	e	_	_	_	_	_	linguistic	_	none	_	_	_	_	_	_
200-2	BX003	200	2	non:	non	_	_	_	_	_	linguistic	_	none	_	_	2x1	_	_	_
200-3	BX003	200	3	non	non	_	_	_	_	_	linguistic	_	none	_	_	_	_	_	_
200-4	BX003	200	4	riescono	riescono	_	_	_	_	_	linguistic	_	none	_	_	_	_	_	_
200-5	BX003	200	5	a	a	_	_	_	_	_	linguistic	_	none	_	_	_	_	_	_
200-6	BX003	200	6	mettersi	mettersi	_	_	_	_	_	linguistic	_	none	_	_	_	_	_	_
200-7	BX003	200	7	d'	d'	_	_	_	_	_	linguistic	_	none	SpaceAfter=No	_	_	_	_	_
200-8	BX003	200	8	accordo	accordo	_	_	_	_	_	linguistic	_	none	_	_	_	_	_	_
200-9	BX003	200	9	per	per	_	_	_	_	_	linguistic	_	none	_	_	_	_	_	_
200-10	BX003	200	10	la:	la	_	_	_	_	_	linguistic	_	none	PauseAfter=Yes	_	1x1	_	_	_
200-11	BX003	200	11	(.)	(.)	_	_	_	_	_	shortpause	_	none	_	_	_	_	_	_
200-12	BX003	200	12	per	per	_	_	_	_	_	linguistic	_	none	_	_	_	_	_	_
200-13	BX003	200	13	lo	lo	_	_	_	_	_	linguistic	_	none	_	_	_	_	_	_
200-14	BX003	200	14	standard	standard	_	_	_	_	_	linguistic	_	none	_	End=547.14	_	_	_	_
201-0	BX003	201	0	cioè	cioè	_	_	_	_	_	linguistic	_	none	_	Begin=547.392	_	_	_	_
201-1	BX003	201	1	proprio	proprio	_	_	_	_	_	linguistic	_	none	_	_	_	_	_	_
201-2	BX003	201	2	una:	una	_	_	_	_	_	linguistic	_	none	_	_	2x1	_	_	_
201-3	BX003	201	3	cioè	cioè	_	_	_	_	_	linguistic	_	none	_	_	_	_	_	_
201-4	BX003	201	4	una	una	_	_	_	_	_	linguistic	_	none	PauseAfter=Yes	_	_	_	_	_
201-5	BX003	201	5	(.)	(.)	_	_	_	_	_	shortpause	_	none	_	_	_	_	_	_
201-6	BX003	201	6	una	una	_	_	_	_	_	linguistic	_	none	_	_	_	_	_	_
201-7	BX003	201	7	questione	questione	_	_	_	_	_	linguistic	_	none	_	_	_	_	_	_
201-8	BX003	201	8	della	della	_	_	_	_	_	linguistic	_	none	_	_	_	_	_	_
201-9	BX003	201	9	lingua	lingua	_	_	_	_	_	linguistic	_	none	_	End=550.122	_	_	_	_
202-0	BX002	202	0	mh:	mh	_	_	_	_	_	linguistic	_	none	_	Begin=550.532|End=550.992	1x1	_	_	_
203-0	BX003	203	0	eh:	eh	_	_	_	_	_	linguistic	_	none	_	Begin=551.0|End=551.507	1x1	_	_	_
204-0	BX003	204	0	lingua	lingua	_	_	_	_	_	linguistic	_	none	_	Begin=552.137	_	_	_	_
204-1	BX003	204	1	°xxxx°	xxxx	_	_	_	_	_	unknown	_	none	PauseAfter=Yes|Volume=low|Syllables=4	_	_	_	_	_
204-2	BX003	204	2	(.)	(.)	_	_	_	_	_	shortpause	_	none	_	_	_	_	_	_
204-3	BX003	204	3	°però,°	però	_	_	_	_	_	linguistic	_	none	Intonation=WeaklyRising|Volume=low	End=554.957	_	_	_	_
205-0	BX002	205	0	chi	chi	_	_	_	_	_	linguistic	_	none	_	Begin=559.51	_	_	_	_
205-1	BX002	205	1	è	è	_	_	_	_	_	linguistic	_	none	_	_	_	_	_	_
205-2	BX002	205	2	che	che	_	_	_	_	_	linguistic	_	none	_	_	_	_	_	_
205-3	BX002	205	3	ha	ha	_	_	_	_	_	linguistic	_	none	_	_	_	_	_	_
205-4	BX002	205	4	scelto	scelto	_	_	_	_	_	linguistic	_	none	_	_	_	_	_	_
205-5	BX002	205	5	di	di	_	_	_	_	_	linguistic	_	none	_	_	_	_	_	_
205-6	BX002	205	6	fare	fare	_	_	_	_	_	linguistic	_	none	_	_	_	_	_	_
205-7	BX002	205	7	quel:	quel	_	_	_	_	_	linguistic	_	none	_	End=561.79	3x1	_	_	_
206-0	BX002	206	0	quel	quel	_	_	_	_	_	linguistic	_	none	_	Begin=563.116	_	_	_	_
206-1	BX002	206	1	percorso	percorso	_	_	_	_	_	linguistic	_	none	_	_	_	_	_	_
206-2	BX002	206	2	lì	lì	_	_	_	_	_	linguistic	_	none	_	_	_	_	_	_
206-3	BX002	206	3	dal:	dal	_	_	_	_	_	linguistic	_	none	_	End=564.836	2x1	_	_	_
207-0	BX003	207	0	cosa	cosa	_	_	_	_	_	linguistic	_	none	_	Begin=565.466	_	_	_	_
207-1	BX003	207	1	il	il	_	_	_	_	_	linguistic	_	none	_	End=566.21	_	_	_	_
208-0	BX002	208	0	eh	eh	_	_	_	_	_	linguistic	_	none	_	Begin=566.21	_	_	_	_
208-1	BX002	208	1	il:	il	_	_	_	_	_	linguistic	_	none	_	End=566.598	1x1	_	_	_
209-0	BX002	209	0	tutela	tutela	_	_	_	_	_	linguistic	_	none	_	Begin=567.616	_	_	_	_
209-1	BX002	209	1	delle	delle	_	_	_	_	_	linguistic	_	none	_	_	_	_	_	_
209-2	BX002	209	2	lingue	lingue	_	_	_	_	_	linguistic	_	none	_	_	_	_	_	_
209-3	BX002	209	3	no:	no	_	_	_	_	_	linguistic	_	none	_	_	1x1	_	_	_
209-4	BX002	209	4	>diritto	diritto	_	_	_	_	_	linguistic	_	none	_	_	_	Fast=0-7(0)	_	_
209-5	BX002	209	5	e	e	_	_	_	_	_	linguistic	_	none	_	_	_	Fast=0-1(0)	_	_
209-6	BX002	209	6	tutela	tutela	_	_	_	_	_	linguistic	_	none	_	_	_	Fast=0-6(0)	_	_
209-7	BX002	209	7	delle	delle	_	_	_	_	_	linguistic	_	none	_	_	_	Fast=0-5(0)	_	_
209-8	BX002	209	8	lingue<,	lingue	_	_	_	_	_	linguistic	_	none	Intonation=WeaklyRising	End=570.09	_	Fast=0-6(0)	_	_
210-0	BX002	210	0	perché	perché	_	_	_	_	_	linguistic	_	none	_	Begin=570.323	_	_	_	_
210-1	BX002	210	1	nella	nella	_	_	_	_	_	linguistic	_	none	_	_	_	_	_	_
210-2	BX002	210	2	mia	mia	_	_	_	_	_	linguistic	_	none	_	_	_	_	_	_
210-3	BX002	210	3	testa:	testa	_	_	_	_	_	linguistic	_	none	_	_	4x1	_	_	_
210-4	BX002	210	4	automaticamente	automaticamente	_	_	_	_	_	linguistic	_	none	_	_	_	_	_	_
210-5	BX002	210	5	ho	ho	_	_	_	_	_	linguistic	_	none	_	_	_	_	_	_
210-6	BX002	210	6	pensato,	pensato	_	_	_	_	_	linguistic	_	none	Intonation=WeaklyRising	_	_	_	_	_
210-7	BX002	210	7	madonna	madonna	_	_	_	_	_	linguistic	_	none	_	_	_	_	_	_
210-8	BX002	210	8	che	che	_	_	_	_	_	linguistic	_	none	_	_	_	_	_	_
210-9	BX002	210	9	difficile	difficile	_	_	_	_	_	linguistic	_	none	_	_	_	_	_	_
210-10	BX002	210	10	che	che	_	_	_	_	_	linguistic	_	none	_	_	_	_	_	_
210-11	BX002	210	11	è	è	_	_	_	_	_	linguistic	_	none	_	_	_	_	_	_
210-12	BX002	210	12	trovare:	trovare	_	_	_	_	_	linguistic	_	none	_	End=574.893	6x1	_	_	_
211-0	BX003	211	0	eh	eh	_	_	_	_	_	linguistic	_	none	_	Begin=574.933	_	_	_	_
211-1	BX003	211	1	esa-	esa-	_	_	_	_	_	linguistic	_	none	Interrupted=Yes	_	_	_	_	_
211-2	BX003	211	2	[anche	anche	_	_	_	_	_	linguistic	_	none	_	_	_	_	_	0-5(62)
211-3	BX003	211	3	io	io	_	_	_	_	_	linguistic	_	none	_	_	_	_	_	0-2(62)
211-4	BX003	211	4	ci	ci	_	_	_	_	_	linguistic	_	none	_	_	_	_	_	0-2(62)
211-5	BX003	211	5	avevo	avevo	_	_	_	_	_	linguistic	_	none	_	_	_	_	_	0-5(62)
211-6	BX003	211	6	pensato	pensato	_	_	_	_	_	linguistic	_	none	_	_	_	_	_	0-7(62)
211-7	BX003	211	7	xx	xx	_	_	_	_	_	unknown	_	none	Syllables=2	_	_	_	_	0-2(62)
211-8	BX003	211	8	(pianificazione)]	pianificazione	_	_	_	_	_	linguistic	_	none	_	End=577.91	_	_	0-14(0)	0-14(62)
212-0	BX002	212	0	[le	le	_	_	_	_	_	linguistic	_	none	_	Begin=575.263	_	_	_	0-2(62)
212-1	BX002	212	1	leggi	leggi	_	_	_	_	_	linguistic	_	none	_	_	_	_	_	0-5(62)
212-2	BX002	212	2	xxxxx]	xxxxx	_	_	_	_	_	unknown	_	none	Syllables=5	End=577.283	_	_	_	0-5(62)
213-0	BX003	213	0	che	che	_	_	_	_	_	linguistic	_	none	_	Begin=578.45	_	_	_	_
213-1	BX003	213	1	ho	ho	_	_	_	_	_	linguistic	_	none	_	_	_	_	_	_
213-2	BX003	213	2	detto	detto	_	_	_	_	_	linguistic	_	none	_	_	_	_	_	_
213-3	BX003	213	3	non	non	_	_	_	_	_	linguistic	_	none	_	_	_	_	_	_
213-4	BX003	213	4	dovrebbe	dovrebbe	_	_	_	_	_	linguistic	_	none	_	_	_	_	_	_
213-5	BX003	213	5	pianificarsi	pianificarsi	_	_	_	_	_	linguistic	_	none	_	_	_	_	_	_
213-6	BX003	213	6	la	la	_	_	_	_	_	linguistic	_	none	_	_	_	_	_	_
213-7	BX003	213	7	lingua	lingua	_	_	_	_	_	linguistic	_	none	_	_	_	_	_	_
213-8	BX003	213	8	perché	perché	_	_	_	_	_	linguistic	_	none	_	_	_	_	_	_
213-9	BX003	213	9	dovrebbe	dovrebbe	_	_	_	_	_	linguistic	_	none	_	_	_	_	_	_
213-10	BX003	213	10	essere	essere	_	_	_	_	_	linguistic	_	none	_	_	_	_	_	_
213-11	BX003	213	11	una	una	_	_	_	_	_	linguistic	_	none	_	_	_	_	_	_
213-12	BX003	213	12	cosa	cosa	_	_	_	_	_	linguistic	_	none	_	_	_	_	_	_
213-13	BX003	213	13	spontanea	spontanea	_	_	_	_	_	linguistic	_	none	_	_	_	_	_	_
213-14	BX003	213	14	poi	poi	_	_	_	_	_	linguistic	_	none	_	_	_	_	_	_
213-15	BX003	213	15	ho	ho	_	_	_	_	_	linguistic	_	none	_	_	_	_	_	_
213-16	BX003	213	16	detto,	detto	_	_	_	_	_	linguistic	_	none	Intonation=WeaklyRising	_	_	_	_	_
213-17	BX003	213	17	no	no	_	_	_	_	_	linguistic	_	none	_	_	_	_	_	_
213-18	BX003	213	18	dai	dai	_	_	_	_	_	linguistic	_	none	_	_	_	_	_	_
213-19	BX003	213	19	>pianifichiamo<	pianifichiamo	_	_	_	_	_	linguistic	_	none	_	End=583.26	_	Fast=0-13(0)	_	_
214-0	BX003	214	0	comunque	comunque	_	_	_	_	_	linguistic	_	none	_	Begin=583.575	_	_	_	_
214-1	BX003	214	1	ehm	ehm	_	_	_	_	_	linguistic	_	none	PauseAfter=Yes	_	_	_	_	_
214-2	BX003	214	2	(.)	(.)	_	_	_	_	_	shortpause	_	none	_	_	_	_	_	_
214-3	BX003	214	3	eh	eh	_	_	_	_	_	linguistic	_	none	_	_	_	_	_	_
214-4	BX003	214	4	c'	c'	_	_	_	_	_	linguistic	_	none	SpaceAfter=No	_	_	_	_	_
214-5	BX003	214	5	è	è	_	_	_	_	_	linguistic	_	none	_	_	_	_	_	_
214-6	BX003	214	6	chiara:	chiara	_	_	_	_	_	linguistic	_	none	_	_	5x1	_	_	_
214-7	BX003	214	7	xxx.	xxx	_	_	_	_	_	linguistic	_	none	Intonation=Falling|PauseAfter=Yes	_	_	_	_	_
214-8	BX003	214	8	(.)	(.)	_	_	_	_	_	shortpause	_	none	_	_	_	_	_	_
214-9	BX003	214	9	non	non	_	_	_	_	_	linguistic	_	none	_	_	_	_	_	_
214-10	BX003	214	10	so	so	_	_	_	_	_	linguistic	_	none	_	_	_	_	_	_
214-11	BX003	214	11	se	se	_	_	_	_	_	linguistic	_	none	_	_	_	_	_	_
214-12	BX003	214	12	la	la	_	_	_	_	_	linguistic	_	none	_	_	_	_	_	_
214-13	BX003	214	13	conosci,	conosci	_	_	_	_	_	linguistic	_	none	Intonation=WeaklyRising	End=588.732	_	_	_	_
215-0	BX003	215	0	ehm:	ehm	_	_	_	_	_	linguistic	_	none	_	Begin=589.132	2x1	_	_	_
215-1	BX003	215	1	stefania	stefania	_	_	_	_	_	linguistic	_	none	_	_	_	_	_	_
215-2	BX003	215	2	xxxx	xxxx	_	_	_	_	_	unknown	_	none	Syllables=4	_	_	_	_	_
215-3	BX003	215	3	rossi	rossi	_	_	_	_	_	linguistic	_	none	_	End=591.072	_	_	_	_
216-0	BX003	216	0	eh::	eh	_	_	_	_	_	linguistic	_	none	_	Begin=591.462|End=592.402	1x2	_	_	_
217-0	BX003	217	0	c'	c'	_	_	_	_	_	linguistic	_	none	SpaceAfter=No	Begin=592.637	_	_	_	_
217-1	BX003	217	1	è::	è	_	_	_	_	_	linguistic	_	none	_	End=593.607	0x2	_	_	_
218-0	BX003	218	0	karin	karin	_	_	_	_	_	linguistic	_	none	_	Begin=594.387	_	_	_	_
218-1	BX003	218	1	xxx	xxx	_	_	_	_	_	unknown	_	none	Syllables=3	_	_	_	_	_
218-2	BX003	218	2	bianchi	bianchi	_	_	_	_	_	linguistic	_	none	PauseAfter=Yes	_	_	_	_	_
218-3	BX003	218	3	(.)	(.)	_	_	_	_	_	shortpause	_	none	_	_	_	_	_	_
218-4	BX003	218	4	che	che	_	_	_	_	_	linguistic	_	none	_	_	_	_	_	_
218-5	BX003	218	5	[è	è	_	_	_	_	_	linguistic	_	none	_	_	_	_	_	0-1(63)
218-6	BX003	218	6	la:	la	_	_	_	_	_	linguistic	_	none	PauseAfter=Yes	_	1x1	_	_	0-2(63)
218-7	BX003	218	7	(.)	(.)	_	_	_	_	_	shortpause	_	none	_	_	_	_	_	_
218-8	BX003	218	8	sì]	sì	_	_	_	_	_	linguistic	_	none	_	End=597.267	_	_	_	0-2(63)
219-0	BX002	219	0	[okay	okay	_	_	_	_	_	linguistic	_	none	PauseAfter=Yes	Begin=596.313	_	_	_	0-4(63)
219-1	BX002	219	1	(.)	(.)	_	_	_	_	_	shortpause	_	none	_	_	_	_	_	_
219-2	BX002	219	2	sì],	sì	_	_	_	_	_	linguistic	_	none	Intonation=WeaklyRising	End=597.293	_	_	_	0-2(63)
220-0	BX003	220	0	e	e	_	_	_	_	_	linguistic	_	none	_	Begin=598.912	_	_	_	_
220-1	BX003	220	1	poi	poi	_	_	_	_	_	linguistic	_	none	_	_	_	_	_	_
220-2	BX003	220	2	chi	chi	_	_	_	_	_	linguistic	_	none	_	_	_	_	_	_
220-3	BX003	220	3	c'	c'	_	_	_	_	_	linguistic	_	none	SpaceAfter=No	_	_	_	_	_
220-4	BX003	220	4	è?	è	_	_	_	_	_	linguistic	_	none	Intonation=Rising|PauseAfter=Yes	_	_	_	_	_
220-5	BX003	220	5	(.)	(.)	_	_	_	_	_	shortpause	_	none	_	_	_	_	_	_
220-6	BX003	220	6	ehm:	ehm	_	_	_	_	_	linguistic	_	none	_	_	2x1	_	_	_
220-7	BX003	220	7	marika	marika	_	_	_	_	_	linguistic	_	none	_	_	_	_	_	_
220-8	BX003	220	8	xxx,	xxx	_	_	_	_	_	linguistic	_	none	Intonation=WeaklyRising	End=602.162	_	_	_	_
221-0	BX002	221	0	okay,	okay	_	_	_	_	_	linguistic	_	none	Intonation=WeaklyRising|PauseAfter=Yes	Begin=602.342	_	_	_	_
221-1	BX002	221	1	(.)	(.)	_	_	_	_	_	shortpause	_	none	_	_	_	_	_	_
221-2	BX002	221	2	beh	beh	_	_	_	_	_	linguistic	_	none	_	_	_	_	_	_
221-3	BX002	221	3	insomma	insomma	_	_	_	_	_	linguistic	_	none	_	_	_	_	_	_
221-4	BX002	221	4	abbastanza	abbastanza	_	_	_	_	_	linguistic	_	none	_	_	_	_	_	_
221-5	BX002	221	5	comunque	comunque	_	_	_	_	_	linguistic	_	none	_	_	_	_	_	_
221-6	BX002	221	6	no?	no	_	_	_	_	_	linguistic	_	none	Intonation=Rising	End=604.767	_	_	_	_
222-0	BX003	222	0	gloria,	gloria	_	_	_	_	_	linguistic	_	none	Intonation=WeaklyRising	Begin=604.782	_	_	_	_
222-1	BX003	222	1	sì	sì	_	_	_	_	_	linguistic	_	none	_	_	_	_	_	_
222-2	BX003	222	2	sì	sì	_	_	_	_	_	linguistic	_	none	_	_	_	_	_	_
222-3	BX003	222	3	era	era	_	_	_	_	_	linguistic	_	none	_	_	_	_	_	_
222-4	BX003	222	4	(il	il	_	_	_	_	_	linguistic	_	none	_	_	_	_	0-2(0)	_
222-5	BX003	222	5	gruppo	gruppo	_	_	_	_	_	linguistic	_	none	_	_	_	_	0-6(0)	_
222-6	BX003	222	6	di	di	_	_	_	_	_	linguistic	_	none	_	_	_	_	0-2(0)	_
222-7	BX003	222	7	là)	là	_	_	_	_	_	linguistic	_	none	PauseAfter=Yes	_	_	_	0-2(0)	_
222-8	BX003	222	8	(.)	(.)	_	_	_	_	_	shortpause	_	none	_	_	_	_	_	_
222-9	BX003	222	9	eran	eran	_	_	_	_	_	linguistic	_	none	_	_	_	_	_	_
222-10	BX003	222	10	di	di	_	_	_	_	_	linguistic	_	none	_	_	_	_	_	_
222-11	BX003	222	11	più	più	_	_	_	_	_	linguistic	_	none	_	_	_	_	_	_
222-12	BX003	222	12	(di	di	_	_	_	_	_	linguistic	_	none	_	_	_	_	0-2(1)	_
222-13	BX003	222	13	là	là	_	_	_	_	_	linguistic	_	none	_	_	_	_	0-2(1)	_
222-14	BX003	222	14	sì.)	sì	_	_	_	_	_	linguistic	_	none	Intonation=Falling	End=607.662	_	_	0-2(1)	_
223-0	BX002	223	0	secondo	secondo	_	_	_	_	_	linguistic	_	none	_	Begin=608.545	_	_	_	_
223-1	BX002	223	1	me	me	_	_	_	_	_	linguistic	_	none	_	_	_	_	_	_
223-2	BX002	223	2	(eran)	eran	_	_	_	_	_	linguistic	_	none	_	_	_	_	0-4(0)	_
223-3	BX002	223	3	nove	nove	_	_	_	_	_	linguistic	_	none	_	_	_	_	_	_
223-4	BX002	223	4	o	o	_	_	_	_	_	linguistic	_	none	_	_	_	_	_	_
223-5	BX002	223	5	dieci.	dieci	_	_	_	_	_	linguistic	_	none	Intonation=Falling	End=610.065	_	_	_	_
224-0	BX002	224	0	cioè	cioè	_	_	_	_	_	linguistic	_	none	_	Begin=611.84	_	_	_	_
224-1	BX002	224	1	sì	sì	_	_	_	_	_	linguistic	_	none	_	_	_	_	_	_
224-2	BX002	224	2	semestre	semestre	_	_	_	_	_	linguistic	_	none	_	_	_	_	_	_
224-3	BX002	224	3	(questo	questo	_	_	_	_	_	linguistic	_	none	_	_	_	_	0-6(0)	_
224-4	BX002	224	4	[anno].)	anno	_	_	_	_	_	linguistic	_	none	Intonation=Falling|PauseAfter=Yes	_	_	_	0-4(0)	0-4(64)
224-5	BX002	224	5	(.)	(.)	_	_	_	_	_	shortpause	_	none	_	_	_	_	_	_
224-6	BX002	224	6	cioè	cioè	_	_	_	_	_	linguistic	_	none	_	_	_	_	_	_
224-7	BX002	224	7	il	il	_	_	_	_	_	linguistic	_	none	_	_	_	_	_	_
224-8	BX002	224	8	prossimo	prossimo	_	_	_	_	_	linguistic	_	none	_	_	_	_	_	_
224-9	BX002	224	9	anno	anno	_	_	_	_	_	linguistic	_	none	_	_	_	_	_	_
224-10	BX002	224	10	sarà	sarà	_	_	_	_	_	linguistic	_	none	_	_	_	_	_	_
224-11	BX002	224	11	il	il	_	_	_	_	_	linguistic	_	none	_	_	_	_	_	_
224-12	BX002	224	12	contra[rio].	contrario	_	_	_	_	_	linguistic	_	none	Intonation=Falling	End=615.63	_	_	_	6-9(65)
225-0	BX003	225	0	[sì	sì	_	_	_	_	_	linguistic	_	none	_	Begin=613.307	_	_	_	0-2(64)
225-1	BX003	225	1	sì]	sì	_	_	_	_	_	linguistic	_	none	_	End=613.707	_	_	_	0-2(64)
226-0	BX003	226	0	[sie]te	siete	_	_	_	_	_	linguistic	_	none	_	Begin=615.352	_	_	_	0-3(65)
226-1	BX003	226	1	in	in	_	_	_	_	_	linguistic	_	none	_	_	_	_	_	_
226-2	BX003	226	2	più	più	_	_	_	_	_	linguistic	_	none	_	_	_	_	_	_
226-3	BX003	226	3	per	per	_	_	_	_	_	linguistic	_	none	_	_	_	_	_	_
226-4	BX003	226	4	au[toanalisi]?	autoanalisi	_	_	_	_	_	linguistic	_	none	Intonation=Rising	End=617.042	_	_	_	2-11(66)
227-0	BX002	227	0	[sì].	sì	_	_	_	_	_	linguistic	_	none	Intonation=Falling	Begin=616.502|End=616.982	_	_	_	0-2(66)
228-0	BX002	228	0	perché	perché	_	_	_	_	_	linguistic	_	none	_	Begin=617.057	_	_	_	_
228-1	BX002	228	1	tipo:	tipo	_	_	_	_	_	linguistic	_	none	PauseAfter=Yes	_	3x1	_	_	_
228-2	BX002	228	2	(.)	(.)	_	_	_	_	_	shortpause	_	none	_	_	_	_	_	_
228-3	BX002	228	3	ci	ci	_	_	_	_	_	linguistic	_	none	_	_	_	_	_	_
228-4	BX002	228	4	ha	ha	_	_	_	_	_	linguistic	_	none	_	_	_	_	_	_
228-5	BX002	228	5	chiesto	chiesto	_	_	_	_	_	linguistic	_	none	_	_	_	_	_	_
228-6	BX002	228	6	mh:	mh	_	_	_	_	_	linguistic	_	none	_	_	1x1	_	_	_
228-7	BX002	228	7	mario,	mario	_	_	_	_	_	linguistic	_	none	Intonation=WeaklyRising	_	_	_	_	_
228-8	BX002	228	8	il	il	_	_	_	_	_	linguistic	_	none	_	_	_	_	_	_
228-9	BX002	228	9	professore,	professore	_	_	_	_	_	linguistic	_	none	Intonation=WeaklyRising	End=621.8834999999999	_	_	_	_
229-0	BX003	229	0	mh	mh	_	_	_	_	_	linguistic	_	none	ProsodicLink=Yes	Begin=621.8834999999999	_	_	_	_
229-1	BX003	229	1	mh,	mh	_	_	_	_	_	linguistic	_	none	Intonation=WeaklyRising	End=622.377	_	_	_	_
230-0	BX002	230	0	>c'	c'	_	_	_	_	_	linguistic	_	none	SpaceAfter=No	Begin=622.853	_	Fast=0-2(0)	_	_
230-1	BX002	230	1	ha	ha	_	_	_	_	_	linguistic	_	none	_	_	_	Fast=0-2(0)	_	_
230-2	BX002	230	2	detto	detto	_	_	_	_	_	linguistic	_	none	_	_	_	Fast=0-5(0)	_	_
230-3	BX002	230	3	tipo<	tipo	_	_	_	_	_	linguistic	_	none	_	_	_	Slow=3-4(0)|Fast=0-4(0)	_	_
230-4	BX002	230	4	vabbè	vabbè	_	_	_	_	_	linguistic	_	none	_	_	_	Slow=0-5(0)	_	_
230-5	BX002	230	5	presentatevi	presentatevi	_	_	_	_	_	linguistic	_	none	_	_	_	Slow=0-12(0)	_	_
230-6	BX002	230	6	dite:,	dite	_	_	_	_	_	linguistic	_	none	Intonation=WeaklyRising|PauseAfter=Yes	_	3x1	Slow=0-4(0)	_	_
230-7	BX002	230	7	(.)	(.)	_	_	_	_	_	shortpause	_	none	_	_	_	_	_	_
230-8	BX002	230	8	perché	perché	_	_	_	_	_	linguistic	_	none	_	_	_	Slow=0-6(0)	_	_
230-9	BX002	230	9	avete	avete	_	_	_	_	_	linguistic	_	none	_	_	_	Slow=0-5(0)	_	_
230-10	BX002	230	10	scelto:	scelto	_	_	_	_	_	linguistic	_	none	_	_	5x1	Slow=0-6(0)	_	_
230-11	BX002	230	11	questa	questa	_	_	_	_	_	linguistic	_	none	_	_	_	Slow=0-6(0)	_	_
230-12	BX002	230	12	università,	università	_	_	_	_	_	linguistic	_	none	Intonation=WeaklyRising	_	_	Slow=0-10(0)	_	_
230-13	BX002	230	13	così,	così	_	_	_	_	_	linguistic	_	none	Intonation=WeaklyRising|PauseAfter=Yes	_	_	Slow=0-4(0)	_	_
230-14	BX002	230	14	(.)	(.)	_	_	_	_	_	shortpause	_	none	_	_	_	_	_	_
230-15	BX002	230	15	e	e	_	_	_	_	_	linguistic	_	none	_	_	_	Slow=0-1(0)	_	_
230-16	BX002	230	16	tutti	tutti	_	_	_	_	_	linguistic	_	none	_	_	_	Slow=0-5(0)	_	_
230-17	BX002	230	17	dicevano	dicevano	_	_	_	_	_	linguistic	_	none	_	_	_	Slow=0-8(0)	_	_
230-18	BX002	230	18	eh	eh	_	_	_	_	_	linguistic	_	none	_	_	_	Slow=0-2(0)	_	_
230-19	BX002	230	19	beh	beh	_	_	_	_	_	linguistic	_	none	_	_	_	Slow=0-3(0)	_	_
230-20	BX002	230	20	ho	ho	_	_	_	_	_	linguistic	_	none	_	_	_	Slow=0-2(0)	_	_
230-21	BX002	230	21	>scelto	scelto	_	_	_	_	_	linguistic	_	none	_	_	_	Fast=0-6(1)	_	_
230-22	BX002	230	22	l'	l'	_	_	_	_	_	linguistic	_	none	SpaceAfter=No	_	_	Fast=0-2(1)	_	_
230-23	BX002	230	23	università<	università	_	_	_	_	_	linguistic	_	none	_	_	_	Fast=0-9(1)	_	_
230-24	BX002	230	24	perché	perché	_	_	_	_	_	linguistic	_	none	_	_	_	_	_	_
230-25	BX002	230	25	mi	mi	_	_	_	_	_	linguistic	_	none	_	_	_	_	_	_
230-26	BX002	230	26	dà:	dà	_	_	_	_	_	linguistic	_	none	_	_	1x1	_	_	_
230-27	BX002	230	27	più	più	_	_	_	_	_	linguistic	_	none	_	_	_	_	_	_
230-28	BX002	230	28	applicazioni	applicazioni	_	_	_	_	_	linguistic	_	none	_	_	_	_	_	_
230-29	BX002	230	29	concrete,	concrete	_	_	_	_	_	linguistic	_	none	Intonation=WeaklyRising|PauseAfter=Yes	_	_	_	_	_
230-30	BX002	230	30	(.)	(.)	_	_	_	_	_	shortpause	_	none	_	_	_	_	_	_
230-31	BX002	230	31	e	e	_	_	_	_	_	linguistic	_	none	_	_	_	_	_	_
230-32	BX002	230	32	poi	poi	_	_	_	_	_	linguistic	_	none	_	_	_	_	_	_
230-33	BX002	230	33	soprattutto	soprattutto	_	_	_	_	_	linguistic	_	none	_	_	_	_	_	_
230-34	BX002	230	34	per	per	_	_	_	_	_	linguistic	_	none	_	_	_	_	_	_
230-35	BX002	230	35	la	la	_	_	_	_	_	linguistic	_	none	_	_	_	_	_	_
230-36	BX002	230	36	la	la	_	_	_	_	_	linguistic	_	none	_	_	_	_	_	_
230-37	BX002	230	37	parte:	parte	_	_	_	_	_	linguistic	_	none	_	_	4x1	_	_	_
230-38	BX002	230	38	informatica.	informatica	_	_	_	_	_	linguistic	_	none	Intonation=Falling	End=638.538	_	_	_	_
231-0	BX003	231	0	mh	mh	_	_	_	_	_	linguistic	_	none	ProsodicLink=Yes	Begin=638.538	_	_	_	_
231-1	BX003	231	1	mh.	mh	_	_	_	_	_	linguistic	_	none	Intonation=Falling	End=638.8534999999999	_	_	_	_
232-0	BX002	232	0	perché	perché	_	_	_	_	_	linguistic	_	none	_	Begin=638.8534999999999	_	_	_	_
232-1	BX002	232	1	era	era	_	_	_	_	_	linguistic	_	none	_	_	_	_	_	_
232-2	BX002	232	2	l'	l'	_	_	_	_	_	linguistic	_	none	SpaceAfter=No	_	_	_	_	_
232-3	BX002	232	3	unico	unico	_	_	_	_	_	linguistic	_	none	_	_	_	_	_	_
232-4	BX002	232	4	posto	posto	_	_	_	_	_	linguistic	_	none	_	_	_	_	_	_
232-5	BX002	232	5	che	che	_	_	_	_	_	linguistic	_	none	_	_	_	_	_	_
232-6	BX002	232	6	non	non	_	_	_	_	_	linguistic	_	none	_	_	_	_	_	_
232-7	BX002	232	7	chiedeva:,	chiedeva	_	_	_	_	_	linguistic	_	none	Intonation=WeaklyRising	End=641.421	7x1	_	_	_
233-0	BX003	233	0	prerequisi[ti	prerequisiti	_	_	_	_	_	linguistic	_	none	_	Begin=641.963	_	_	_	10-12(67)
233-1	BX003	233	1	per	per	_	_	_	_	_	linguistic	_	none	_	_	_	_	_	0-3(67)
233-2	BX003	233	2	informatica].	informatica	_	_	_	_	_	linguistic	_	none	Intonation=Falling	End=643.8	_	_	_	0-11(67)
234-0	BX002	234	0	[esatto	esatto	_	_	_	_	_	linguistic	_	none	_	Begin=642.329	_	_	_	0-6(67)
234-1	BX002	234	1	requisiti	requisiti	_	_	_	_	_	linguistic	_	none	_	_	_	_	_	0-9(67)
234-2	BX002	234	2	informa]tici,	informatici	_	_	_	_	_	linguistic	_	none	Intonation=WeaklyRising	_	_	_	_	0-7(67)
234-3	BX002	234	3	e:	e	_	_	_	_	_	linguistic	_	none	PauseAfter=Yes	_	0x1	_	_	_
234-4	BX002	234	4	(.)	(.)	_	_	_	_	_	shortpause	_	none	_	_	_	_	_	_
234-5	BX002	234	5	e	e	_	_	_	_	_	linguistic	_	none	_	_	_	_	_	_
234-6	BX002	234	6	quindi	quindi	_	_	_	_	_	linguistic	_	none	_	_	_	_	_	_
234-7	BX002	234	7	ho	ho	_	_	_	_	_	linguistic	_	none	_	_	_	_	_	_
234-8	BX002	234	8	capito	capito	_	_	_	_	_	linguistic	_	none	_	_	_	_	_	_
234-9	BX002	234	9	che	che	_	_	_	_	_	linguistic	_	none	_	_	_	_	_	_
234-10	BX002	234	10	molti	molti	_	_	_	_	_	linguistic	_	none	_	_	_	_	_	_
234-11	BX002	234	11	di	di	_	_	_	_	_	linguistic	_	none	_	_	_	_	_	_
234-12	BX002	234	12	più,	più	_	_	_	_	_	linguistic	_	none	Intonation=WeaklyRising|PauseAfter=Yes	_	_	_	_	_
234-13	BX002	234	13	(.)	(.)	_	_	_	_	_	shortpause	_	none	_	_	_	_	_	_
234-14	BX002	234	14	oltre	oltre	_	_	_	_	_	linguistic	_	none	_	_	_	_	_	_
234-15	BX002	234	15	a	a	_	_	_	_	_	linguistic	_	none	_	_	_	_	_	_
234-16	BX002	234	16	quelli	quelli	_	_	_	_	_	linguistic	_	none	_	_	_	_	_	_
234-17	BX002	234	17	che	che	_	_	_	_	_	linguistic	_	none	_	_	_	_	_	_
234-18	BX002	234	18	pensavo	pensavo	_	_	_	_	_	linguistic	_	none	_	_	_	_	_	_
234-19	BX002	234	19	io,	io	_	_	_	_	_	linguistic	_	none	Intonation=WeaklyRising	_	_	_	_	_
234-20	BX002	234	20	vogliono:	vogliono	_	_	_	_	_	linguistic	_	none	_	_	7x1	_	_	_
234-21	BX002	234	21	seguire	seguire	_	_	_	_	_	linguistic	_	none	_	_	_	_	_	_
234-22	BX002	234	22	questo	questo	_	_	_	_	_	linguistic	_	none	_	_	_	_	_	_
234-23	BX002	234	23	percorso.	percorso	_	_	_	_	_	linguistic	_	none	Intonation=Falling	End=651.22	_	_	_	_
235-0	BX003	235	0	sì.	sì	_	_	_	_	_	linguistic	_	none	Intonation=Falling	Begin=652.766|End=653.296	_	_	_	_
236-0	BX003	236	0	ma	ma	_	_	_	_	_	linguistic	_	none	_	Begin=653.996	_	_	_	_
236-1	BX003	236	1	mh::,	mh	_	_	_	_	_	linguistic	_	none	Intonation=WeaklyRising	End=655.066	1x2	_	_	_
237-0	BX003	237	0	<cioè	cioè	_	_	_	_	_	linguistic	_	none	_	Begin=656.564	_	Slow=0-4(0)	_	_
237-1	BX003	237	1	anche	anche	_	_	_	_	_	linguistic	_	none	_	_	_	Slow=0-5(0)	_	_
237-2	BX003	237	2	nel	nel	_	_	_	_	_	linguistic	_	none	_	_	_	Slow=0-3(0)	_	_
237-3	BX003	237	3	nostro	nostro	_	_	_	_	_	linguistic	_	none	_	_	_	Slow=0-6(0)	_	_
237-4	BX003	237	4	caso	caso	_	_	_	_	_	linguistic	_	none	_	_	_	Slow=0-4(0)	_	_
237-5	BX003	237	5	già:>	già	_	_	_	_	_	linguistic	_	none	_	_	2x1	Slow=0-3(0)	_	_
237-6	BX003	237	6	cioè	cioè	_	_	_	_	_	linguistic	_	none	_	_	_	_	_	_
237-7	BX003	237	7	inizialmente	inizialmente	_	_	_	_	_	linguistic	_	none	_	_	_	_	_	_
237-8	BX003	237	8	eravamo	eravamo	_	_	_	_	_	linguistic	_	none	_	_	_	_	_	_
237-9	BX003	237	9	tipo	tipo	_	_	_	_	_	linguistic	_	none	_	_	_	_	_	_
237-10	BX003	237	10	in	in	_	_	_	_	_	linguistic	_	none	_	_	_	_	_	_
237-11	BX003	237	11	due.	due	_	_	_	_	_	linguistic	_	none	Intonation=Falling|PauseAfter=Yes	_	_	_	_	_
237-12	BX003	237	12	(.)	(.)	_	_	_	_	_	shortpause	_	none	_	_	_	_	_	_
237-13	BX003	237	13	e	e	_	_	_	_	_	linguistic	_	none	_	_	_	_	_	_
237-14	BX003	237	14	poi	poi	_	_	_	_	_	linguistic	_	none	_	_	_	_	_	_
237-15	BX003	237	15	se	se	_	_	_	_	_	linguistic	_	none	_	_	_	_	_	_
237-16	BX003	237	16	ne	ne	_	_	_	_	_	linguistic	_	none	_	_	_	_	_	_
237-17	BX003	237	17	sono	sono	_	_	_	_	_	linguistic	_	none	_	_	_	_	_	_
237-18	BX003	237	18	aggiunti:	aggiunti	_	_	_	_	_	linguistic	_	none	_	_	7x1	_	_	_
237-19	BX003	237	19	altri	altri	_	_	_	_	_	linguistic	_	none	_	_	_	_	_	_
237-20	BX003	237	20	due.	due	_	_	_	_	_	linguistic	_	none	Intonation=Falling|PauseAfter=Yes	_	_	_	_	_
237-21	BX003	237	21	(.)	(.)	_	_	_	_	_	shortpause	_	none	_	_	_	_	_	_
237-22	BX003	237	22	quindi	quindi	_	_	_	_	_	linguistic	_	none	_	_	_	_	_	_
237-23	BX003	237	23	verena	verena	_	_	_	_	_	linguistic	_	none	_	_	_	_	_	_
237-24	BX003	237	24	e	e	_	_	_	_	_	linguistic	_	none	_	_	_	_	_	_
237-25	BX003	237	25	riccardo	riccardo	_	_	_	_	_	linguistic	_	none	_	_	_	_	_	_
237-26	BX003	237	26	si	si	_	_	_	_	_	linguistic	_	none	_	_	_	_	_	_
237-27	BX003	237	27	sono	sono	_	_	_	_	_	linguistic	_	none	_	_	_	_	_	_
237-28	BX003	237	28	aggiunti	aggiunti	_	_	_	_	_	linguistic	_	none	_	_	_	_	_	_
237-29	BX003	237	29	dopo.	dopo	_	_	_	_	_	linguistic	_	none	Intonation=Falling|PauseAfter=Yes	_	_	_	_	_
237-30	BX003	237	30	(.)	(.)	_	_	_	_	_	shortpause	_	none	_	_	_	_	_	_
237-31	BX003	237	31	>hanno	hanno	_	_	_	_	_	linguistic	_	none	_	_	_	Fast=0-5(0)	_	_
237-32	BX003	237	32	fatto	fatto	_	_	_	_	_	linguistic	_	none	_	_	_	Fast=0-5(0)	_	_
237-33	BX003	237	33	il	il	_	_	_	_	_	linguistic	_	none	_	_	_	Fast=0-2(0)	_	_
237-34	BX003	237	34	cambio<	cambio	_	_	_	_	_	linguistic	_	none	_	_	_	Fast=0-6(0)	_	_
237-35	BX003	237	35	cioè	cioè	_	_	_	_	_	linguistic	_	none	_	_	_	_	_	_
237-36	BX003	237	36	si	si	_	_	_	_	_	linguistic	_	none	_	_	_	_	_	_
237-37	BX003	237	37	sono	sono	_	_	_	_	_	linguistic	_	none	_	_	_	_	_	_
237-38	BX003	237	38	inseriti	inseriti	_	_	_	_	_	linguistic	_	none	_	_	_	_	_	_
237-39	BX003	237	39	per	per	_	_	_	_	_	linguistic	_	none	_	_	_	_	_	_
237-40	BX003	237	40	per	per	_	_	_	_	_	linguistic	_	none	_	_	_	_	_	_
237-41	BX003	237	41	l'	l'	_	_	_	_	_	linguistic	_	none	SpaceAfter=No	_	_	_	_	_
237-42	BX003	237	42	altra	altra	_	_	_	_	_	linguistic	_	none	_	_	_	_	_	_
237-43	BX003	237	43	e	e	_	_	_	_	_	linguistic	_	none	_	_	_	_	_	_
237-44	BX003	237	44	poi	poi	_	_	_	_	_	linguistic	_	none	PauseAfter=Yes	_	_	_	_	_
237-45	BX003	237	45	(.)	(.)	_	_	_	_	_	shortpause	_	none	_	_	_	_	_	_
237-46	BX003	237	46	però	però	_	_	_	_	_	linguistic	_	none	_	_	_	_	_	_
237-47	BX003	237	47	sì	sì	_	_	_	_	_	linguistic	_	none	_	_	_	_	_	_
237-48	BX003	237	48	anche	anche	_	_	_	_	_	linguistic	_	none	_	_	_	_	_	_
237-49	BX003	237	49	perché	perché	_	_	_	_	_	linguistic	_	none	_	_	_	_	_	_
237-50	BX003	237	50	alla	alla	_	_	_	_	_	linguistic	_	none	_	_	_	_	_	_
237-51	BX003	237	51	fine	fine	_	_	_	_	_	linguistic	_	none	_	_	_	_	_	_
237-52	BX003	237	52	secondo	secondo	_	_	_	_	_	linguistic	_	none	_	_	_	_	_	_
237-53	BX003	237	53	me	me	_	_	_	_	_	linguistic	_	none	_	_	_	_	_	_
237-54	BX003	237	54	questo,	questo	_	_	_	_	_	linguistic	_	none	Intonation=WeaklyRising	End=672.984	_	_	_	_
238-0	BX003	238	0	cioè	cioè	_	_	_	_	_	linguistic	_	none	_	Begin=674.209	_	_	_	_
238-1	BX003	238	1	o	o	_	_	_	_	_	linguistic	_	none	_	_	_	_	_	_
238-2	BX003	238	2	che	che	_	_	_	_	_	linguistic	_	none	_	_	_	_	_	_
238-3	BX003	238	3	si	si	_	_	_	_	_	linguistic	_	none	_	_	_	_	_	_
238-4	BX003	238	4	dividono	dividono	_	_	_	_	_	linguistic	_	none	_	_	_	_	_	_
238-5	BX003	238	5	in	in	_	_	_	_	_	linguistic	_	none	_	_	_	_	_	_
238-6	BX003	238	6	due	due	_	_	_	_	_	linguistic	_	none	_	_	_	_	_	_
238-7	BX003	238	7	master,	master	_	_	_	_	_	linguistic	_	none	Intonation=WeaklyRising	End=676.189	_	_	_	_
239-0	BX002	239	0	mh	mh	_	_	_	_	_	linguistic	_	none	ProsodicLink=Yes	Begin=676.399	_	_	_	_
239-1	BX002	239	1	mh.	mh	_	_	_	_	_	linguistic	_	none	Intonation=Falling	End=676.849	_	_	_	_
240-0	BX003	240	0	oppure	oppure	_	_	_	_	_	linguistic	_	none	_	Begin=677.089	_	_	_	_
240-1	BX003	240	1	mh:,	mh	_	_	_	_	_	linguistic	_	none	Intonation=WeaklyRising	End=678.719	1x1	_	_	_
241-0	BX003	241	0	cioè	cioè	_	_	_	_	_	linguistic	_	none	_	Begin=680.859	_	_	_	_
241-1	BX003	241	1	in	in	_	_	_	_	_	linguistic	_	none	_	_	_	_	_	_
241-2	BX003	241	2	realtà,	realtà	_	_	_	_	_	linguistic	_	none	Intonation=WeaklyRising|PauseAfter=Yes	_	_	_	_	_
241-3	BX003	241	3	(.)	(.)	_	_	_	_	_	shortpause	_	none	_	_	_	_	_	_
241-4	BX003	241	4	non	non	_	_	_	_	_	linguistic	_	none	_	_	_	_	_	_
241-5	BX003	241	5	lo	lo	_	_	_	_	_	linguistic	_	none	_	_	_	_	_	_
241-6	BX003	241	6	so	so	_	_	_	_	_	linguistic	_	none	_	_	_	_	_	_
241-7	BX003	241	7	perché	perché	_	_	_	_	_	linguistic	_	none	_	_	_	_	_	_
241-8	BX003	241	8	comunque	comunque	_	_	_	_	_	linguistic	_	none	_	_	_	_	_	_
241-9	BX003	241	9	(è	è	_	_	_	_	_	linguistic	_	none	_	_	_	_	0-1(0)	_
241-10	BX003	241	10	molto	molto	_	_	_	_	_	linguistic	_	none	_	_	_	_	0-5(0)	_
241-11	BX003	241	11	sentito)	sentito	_	_	_	_	_	linguistic	_	none	_	_	_	_	0-7(0)	_
241-12	BX003	241	12	xxxxx	xxxxx	_	_	_	_	_	unknown	_	none	Syllables=5	_	_	_	_	_
241-13	BX003	241	13	(c'	c'	_	_	_	_	_	linguistic	_	none	SpaceAfter=No	_	_	_	0-2(1)	_
241-14	BX003	241	14	era	era	_	_	_	_	_	linguistic	_	none	_	_	_	_	0-3(1)	_
241-15	BX003	241	15	un	un	_	_	_	_	_	linguistic	_	none	_	_	_	_	0-2(1)	_
241-16	BX003	241	16	problema.)	problema	_	_	_	_	_	linguistic	_	none	Intonation=Falling	End=685.9	_	_	0-8(1)	_
242-0	BX003	242	0	però	però	_	_	_	_	_	linguistic	_	none	_	Begin=686.514	_	_	_	_
242-1	BX003	242	1	mh::	mh	_	_	_	_	_	linguistic	_	none	_	_	1x2	_	_	_
242-2	BX003	242	2	c'	c'	_	_	_	_	_	linguistic	_	none	SpaceAfter=No	_	_	_	_	_
242-3	BX003	242	3	è	è	_	_	_	_	_	linguistic	_	none	_	_	_	_	_	_
242-4	BX003	242	4	già	già	_	_	_	_	_	linguistic	_	none	_	_	_	_	_	_
242-5	BX003	242	5	anche:	anche	_	_	_	_	_	linguistic	_	none	PauseAfter=Yes	_	4x1	_	_	_
242-6	BX003	242	6	(.)	(.)	_	_	_	_	_	shortpause	_	none	_	_	_	_	_	_
242-7	BX003	242	7	tipo:	tipo	_	_	_	_	_	linguistic	_	none	_	_	3x1	_	_	_
242-8	BX003	242	8	mh	mh	_	_	_	_	_	linguistic	_	none	_	_	_	_	_	_
242-9	BX003	242	9	questo	questo	_	_	_	_	_	linguistic	_	none	_	_	_	_	_	_
242-10	BX003	242	10	stefania	stefania	_	_	_	_	_	linguistic	_	none	PauseAfter=Yes	_	_	_	_	_
242-11	BX003	242	11	(.)	(.)	_	_	_	_	_	shortpause	_	none	_	_	_	_	_	_
242-12	BX003	242	12	eh:	eh	_	_	_	_	_	linguistic	_	none	_	_	1x1	_	_	_
242-13	BX003	242	13	lei	lei	_	_	_	_	_	linguistic	_	none	_	_	_	_	_	_
242-14	BX003	242	14	sta	sta	_	_	_	_	_	linguistic	_	none	_	_	_	_	_	_
242-15	BX003	242	15	facendo	facendo	_	_	_	_	_	linguistic	_	none	_	_	_	_	_	_
242-16	BX003	242	16	machine	machine	_	_	_	_	_	linguistic	_	none	_	_	_	_	_	_
242-17	BX003	242	17	learning	learning	_	_	_	_	_	linguistic	_	none	_	_	_	_	_	_
242-18	BX003	242	18	con	con	_	_	_	_	_	linguistic	_	none	_	_	_	_	_	_
242-19	BX003	242	19	noi,	noi	_	_	_	_	_	linguistic	_	none	Intonation=WeaklyRising|PauseAfter=Yes	_	_	_	_	_
242-20	BX003	242	20	(.)	(.)	_	_	_	_	_	shortpause	_	none	_	_	_	_	_	_
242-21	BX003	242	21	perché:	perché	_	_	_	_	_	linguistic	_	none	PauseAfter=Yes	_	5x1	_	_	_
242-22	BX003	242	22	(.)	(.)	_	_	_	_	_	shortpause	_	none	_	_	_	_	_	_
242-23	BX003	242	23	cioè	cioè	_	_	_	_	_	linguistic	_	none	_	_	_	_	_	_
242-24	BX003	242	24	perché	perché	_	_	_	_	_	linguistic	_	none	_	_	_	_	_	_
242-25	BX003	242	25	le	le	_	_	_	_	_	linguistic	_	none	_	_	_	_	_	_
242-26	BX003	242	26	interessava	interessava	_	_	_	_	_	linguistic	_	none	_	_	_	_	_	_
242-27	BX003	242	27	>perché	perché	_	_	_	_	_	linguistic	_	none	_	_	_	Fast=0-6(0)	_	_
242-28	BX003	242	28	comunque	comunque	_	_	_	_	_	linguistic	_	none	_	_	_	Fast=0-8(0)	_	_
242-29	BX003	242	29	dice<	dice	_	_	_	_	_	linguistic	_	none	_	_	_	Fast=0-4(0)	_	_
242-30	BX003	242	30	cioè	cioè	_	_	_	_	_	linguistic	_	none	_	_	_	_	_	_
242-31	BX003	242	31	dato	dato	_	_	_	_	_	linguistic	_	none	_	_	_	_	_	_
242-32	BX003	242	32	che	che	_	_	_	_	_	linguistic	_	none	_	_	_	_	_	_
242-33	BX003	242	33	c'	c'	_	_	_	_	_	linguistic	_	none	SpaceAfter=No	_	_	_	_	_
242-34	BX003	242	34	è	è	_	_	_	_	_	linguistic	_	none	_	_	_	_	_	_
242-35	BX003	242	35	la	la	_	_	_	_	_	linguistic	_	none	_	_	_	_	_	_
242-36	BX003	242	36	possibilità	possibilità	_	_	_	_	_	linguistic	_	none	PauseAfter=Yes	_	_	_	_	_
242-37	BX003	242	37	(.)	(.)	_	_	_	_	_	shortpause	_	none	_	_	_	_	_	_
242-38	BX003	242	38	e:	e	_	_	_	_	_	linguistic	_	none	_	_	0x1	_	_	_
242-39	BX003	242	39	e	e	_	_	_	_	_	linguistic	_	none	_	_	_	_	_	_
242-40	BX003	242	40	non	non	_	_	_	_	_	linguistic	_	none	_	_	_	_	_	_
242-41	BX003	242	41	è,	è	_	_	_	_	_	linguistic	_	none	Intonation=WeaklyRising	_	_	_	_	_
242-42	BX003	242	42	non	non	_	_	_	_	_	linguistic	_	none	_	_	_	_	_	_
242-43	BX003	242	43	è	è	_	_	_	_	_	linguistic	_	none	_	_	_	_	_	_
242-44	BX003	242	44	così	così	_	_	_	_	_	linguistic	_	none	_	_	_	_	_	_
242-45	BX003	242	45	comune	comune	_	_	_	_	_	linguistic	_	none	_	_	_	_	_	_
242-46	BX003	242	46	in	in	_	_	_	_	_	linguistic	_	none	_	_	_	_	_	_
242-47	BX003	242	47	italia	italia	_	_	_	_	_	linguistic	_	none	_	_	_	_	_	_
242-48	BX003	242	48	perché	perché	_	_	_	_	_	linguistic	_	none	_	_	_	_	_	_
242-49	BX003	242	49	comunque:	comunque	_	_	_	_	_	linguistic	_	none	_	_	7x1	_	_	_
242-50	BX003	242	50	se-	se-	_	_	_	_	_	linguistic	_	none	Interrupted=Yes	_	_	_	_	_
242-51	BX003	242	51	cioèè	cioèè	_	_	_	_	_	linguistic	_	none	_	_	_	_	_	4-5(68)
242-52	BX003	242	52	[se	se	_	_	_	_	_	linguistic	_	none	_	_	_	_	_	0-2(68)
242-53	BX003	242	53	devi	devi	_	_	_	_	_	linguistic	_	none	_	_	_	_	3-4(0)	0-4(68)
242-54	BX003	242	54	(iscriverti)	iscriverti	_	_	_	_	_	linguistic	_	none	_	_	_	_	0-9(0)	0-10(68)
242-55	BX003	242	55	per	per	_	_	_	_	_	linguistic	_	none	_	_	_	_	_	0-3(68)
242-56	BX003	242	56	quello],	quello	_	_	_	_	_	linguistic	_	none	Intonation=WeaklyRising	End=706.73	_	_	_	0-5(68)
243-0	BX002	243	0	[ma	ma	_	_	_	_	_	linguistic	_	none	_	Begin=705.284	_	_	_	0-2(68)
243-1	BX002	243	1	xxxxxxx]	xxxxxxx	_	_	_	_	_	unknown	_	none	Syllables=7	_	_	_	_	0-7(68)
243-2	BX002	243	2	poi	poi	_	_	_	_	_	linguistic	_	none	_	_	_	_	_	_
243-3	BX002	243	3	è	è	_	_	_	_	_	linguistic	_	none	_	_	_	_	_	_
243-4	BX002	243	4	difficile	difficile	_	_	_	_	_	linguistic	_	none	_	_	_	_	_	_
243-5	BX002	243	5	xxx	xxx	_	_	_	_	_	unknown	_	none	Syllables=3	End=708.2	_	_	_	_
244-0	BX003	244	0	ciao	ciao	_	_	_	_	_	linguistic	_	none	_	Begin=708.244	_	_	_	_
244-1	BX003	244	1	no	no	_	_	_	_	_	linguistic	_	none	_	_	_	_	_	_
244-2	BX003	244	2	ma	ma	_	_	_	_	_	linguistic	_	none	_	_	_	_	_	_
244-3	BX003	244	3	più	più	_	_	_	_	_	linguistic	_	none	_	_	_	_	_	_
244-4	BX003	244	4	che	che	_	_	_	_	_	linguistic	_	none	_	_	_	_	_	_
244-5	BX003	244	5	altro,	altro	_	_	_	_	_	linguistic	_	none	Intonation=WeaklyRising|PauseAfter=Yes	_	_	_	_	_
244-6	BX003	244	6	(.)	(.)	_	_	_	_	_	shortpause	_	none	_	_	_	_	_	_
244-7	BX003	244	7	[cioè	cioè	_	_	_	_	_	linguistic	_	none	_	_	_	_	_	0-4(69)
244-8	BX003	244	8	lo	lo	_	_	_	_	_	linguistic	_	none	_	_	_	_	_	0-2(69)
244-9	BX003	244	9	impareranno,	impareranno	_	_	_	_	_	linguistic	_	none	Intonation=WeaklyRising|PauseAfter=Yes	_	_	_	_	0-11(69)
244-10	BX003	244	10	(.)	(.)	_	_	_	_	_	shortpause	_	none	_	_	_	_	_	_
244-11	BX003	244	11	dovrai	dovrai	_	_	_	_	_	linguistic	_	none	_	_	_	_	_	0-6(69)
244-12	BX003	244	12	insegnarlo	insegnarlo	_	_	_	_	_	linguistic	_	none	_	_	_	_	_	0-10(69)
244-13	BX003	244	13	a	a	_	_	_	_	_	linguistic	_	none	_	_	_	_	_	0-1(69)
244-14	BX003	244	14	tuo	tuo	_	_	_	_	_	linguistic	_	none	_	_	_	_	_	0-3(69)
244-15	BX003	244	15	figlio]	figlio	_	_	_	_	_	linguistic	_	none	_	_	_	_	_	0-6(69)
244-16	BX003	244	16	[cioè	cioè	_	_	_	_	_	linguistic	_	none	_	_	_	_	_	0-4(70)
244-17	BX003	244	17	nel	nel	_	_	_	_	_	linguistic	_	none	_	_	_	_	_	0-3(70)
244-18	BX003	244	18	sen]so	senso	_	_	_	_	_	linguistic	_	none	_	_	_	_	_	0-3(70)
244-19	BX003	244	19	lo	lo	_	_	_	_	_	linguistic	_	none	_	_	_	_	_	_
244-20	BX003	244	20	ins-	ins-	_	_	_	_	_	linguistic	_	none	Interrupted=Yes	_	_	_	_	_
244-21	BX003	244	21	mh:	mh	_	_	_	_	_	linguistic	_	none	_	End=714.28	1x1	_	_	_
245-0	BX002	245	0	[xxxx	xxxx	_	_	_	_	_	unknown	_	none	Syllables=4	Begin=709.544	_	_	_	0-4(69)
245-1	BX002	245	1	studiarsi	studiarsi	_	_	_	_	_	linguistic	_	none	_	_	_	_	_	0-9(69)
245-2	BX002	245	2	le:	le	_	_	_	_	_	linguistic	_	none	_	_	1x1	_	_	0-2(69)
245-3	BX002	245	3	le	le	_	_	_	_	_	linguistic	_	none	_	_	_	_	_	0-2(69)
245-4	BX002	245	4	lingue].	lingue	_	_	_	_	_	linguistic	_	none	Intonation=Falling	End=712.504	_	_	_	0-6(69)
246-0	BX002	246	0	[eh].	eh	_	_	_	_	_	linguistic	_	none	Intonation=Falling	Begin=712.952|End=713.304	_	_	_	0-2(70)
247-0	BX003	247	0	l-	l-	_	_	_	_	_	linguistic	_	none	Interrupted=Yes	Begin=714.705	_	_	_	_
247-1	BX003	247	1	lo	lo	_	_	_	_	_	linguistic	_	none	_	_	_	_	_	_
247-2	BX003	247	2	studieranno	studieranno	_	_	_	_	_	linguistic	_	none	_	_	_	_	_	_
247-3	BX003	247	3	tra	tra	_	_	_	_	_	linguistic	_	none	_	_	_	_	_	_
247-4	BX003	247	4	poco	poco	_	_	_	_	_	linguistic	_	none	_	_	_	_	_	_
247-5	BX003	247	5	alle	alle	_	_	_	_	_	linguistic	_	none	_	_	_	_	_	_
247-6	BX003	247	6	elementari	elementari	_	_	_	_	_	linguistic	_	none	_	_	_	_	_	_
247-7	BX003	247	7	>fin	fin	_	_	_	_	_	linguistic	_	none	_	_	_	Fast=0-3(0)	_	_
247-8	BX003	247	8	dalle	dalle	_	_	_	_	_	linguistic	_	none	_	_	_	Fast=0-5(0)	_	_
247-9	BX003	247	9	elementari<	elementari	_	_	_	_	_	linguistic	_	none	_	_	_	Fast=0-10(0)	_	_
247-10	BX003	247	10	cioè	cioè	_	_	_	_	_	linguistic	_	none	_	_	_	_	_	_
247-11	BX003	247	11	sarà	sarà	_	_	_	_	_	linguistic	_	none	_	_	_	_	_	_
247-12	BX003	247	12	una	una	_	_	_	_	_	linguistic	_	none	_	_	_	_	_	_
247-13	BX003	247	13	competenza	competenza	_	_	_	_	_	linguistic	_	none	_	_	_	_	_	_
247-14	BX003	247	14	di	di	_	_	_	_	_	linguistic	_	none	_	_	_	_	_	_
247-15	BX003	247	15	base	base	_	_	_	_	_	linguistic	_	none	_	_	_	_	_	_
247-16	BX003	247	16	tipo	tipo	_	_	_	_	_	linguistic	_	none	_	_	_	_	_	_
247-17	BX003	247	17	((si_schiarisce_la_voce))	((si_schiarisce_la_voce))	_	_	_	_	_	nonverbalbehavior	_	none	_	_	_	_	_	_
247-18	BX003	247	18	matematica	matematica	_	_	_	_	_	linguistic	_	none	_	_	_	_	_	_
247-19	BX003	247	19	o	o	_	_	_	_	_	linguistic	_	none	_	_	_	_	_	_
247-20	BX003	247	20	così	così	_	_	_	_	_	linguistic	_	none	_	_	_	_	_	_
247-21	BX003	247	21	quindi	quindi	_	_	_	_	_	linguistic	_	none	_	_	_	_	_	_
247-22	BX003	247	22	non:	non	_	_	_	_	_	linguistic	_	none	_	End=722.945	2x1	_	_	_
248-0	BX002	248	0	mh	mh	_	_	_	_	_	linguistic	_	none	ProsodicLink=Yes	Begin=723.12	_	_	_	_
248-1	BX002	248	1	mh.	mh	_	_	_	_	_	linguistic	_	none	Intonation=Falling	End=723.58	_	_	_	_
249-0	BX003	249	0	cioè	cioè	_	_	_	_	_	linguistic	_	none	_	Begin=723.61	_	_	_	_
249-1	BX003	249	1	a	a	_	_	_	_	_	linguistic	_	none	_	_	_	_	_	_
249-2	BX003	249	2	prescindere	prescindere	_	_	_	_	_	linguistic	_	none	_	_	_	_	_	_
249-3	BX003	249	3	da	da	_	_	_	_	_	linguistic	_	none	_	_	_	_	_	_
249-4	BX003	249	4	che	che	_	_	_	_	_	linguistic	_	none	_	_	_	_	_	_
249-5	BX003	249	5	scopo:	scopo	_	_	_	_	_	linguistic	_	none	PauseAfter=Yes	_	4x1	_	_	_
249-6	BX003	249	6	(.)	(.)	_	_	_	_	_	shortpause	_	none	_	_	_	_	_	_
249-7	BX003	249	7	da	da	_	_	_	_	_	linguistic	_	none	_	_	_	_	_	_
249-8	BX003	249	8	che	che	_	_	_	_	_	linguistic	_	none	_	_	_	_	_	_
249-9	BX003	249	9	applicazione	applicazione	_	_	_	_	_	linguistic	_	none	_	_	_	_	_	_
249-10	BX003	249	10	vuoi,	vuoi	_	_	_	_	_	linguistic	_	none	Intonation=WeaklyRising	End=727.16	_	_	_	_
250-0	BX002	250	0	si	si	_	_	_	_	_	linguistic	_	none	_	Begin=727.52	_	_	_	_
250-1	BX002	250	1	è	è	_	_	_	_	_	linguistic	_	none	_	_	_	_	_	_
250-2	BX002	250	2	sempre	sempre	_	_	_	_	_	linguistic	_	none	_	_	_	_	_	_
250-3	BX002	250	3	utile.	utile	_	_	_	_	_	linguistic	_	none	Intonation=Falling	End=728.7	_	_	_	_
251-0	BX003	251	0	mh,	mh	_	_	_	_	_	linguistic	_	none	Intonation=WeaklyRising	Begin=728.72	_	_	_	_
251-1	BX003	251	1	°mh	mh	_	_	_	_	_	linguistic	_	none	ProsodicLink=Yes|Volume=low	_	_	_	_	_
251-2	BX003	251	2	mh.°	mh	_	_	_	_	_	linguistic	_	none	Intonation=Falling|Volume=low	End=729.48	_	_	_	_
252-0	BX002	252	0	parlavamo	parlavamo	_	_	_	_	_	linguistic	_	none	_	Begin=730.431	_	_	_	_
252-1	BX002	252	1	del	del	_	_	_	_	_	linguistic	_	none	_	_	_	_	_	_
252-2	BX002	252	2	fatto	fatto	_	_	_	_	_	linguistic	_	none	_	_	_	_	_	_
252-3	BX002	252	3	che:	che	_	_	_	_	_	linguistic	_	none	_	_	2x1	_	_	_
252-4	BX002	252	4	tanti	tanti	_	_	_	_	_	linguistic	_	none	_	_	_	_	_	_
252-5	BX002	252	5	da	da	_	_	_	_	_	linguistic	_	none	_	_	_	_	_	_
252-6	BX002	252	6	noi	noi	_	_	_	_	_	linguistic	_	none	_	_	_	_	_	_
252-7	BX002	252	7	in	in	_	_	_	_	_	linguistic	_	none	_	_	_	_	_	_
252-8	BX002	252	8	questo	questo	_	_	_	_	_	linguistic	_	none	_	_	_	_	_	_
252-9	BX002	252	9	sem-	sem-	_	_	_	_	_	linguistic	_	none	Interrupted=Yes	_	_	_	_	_
252-10	BX002	252	10	cioè	cioè	_	_	_	_	_	linguistic	_	none	_	_	_	_	_	_
252-11	BX002	252	11	ques-	ques-	_	_	_	_	_	linguistic	_	none	Interrupted=Yes	_	_	_	_	_
252-12	BX002	252	12	di	di	_	_	_	_	_	linguistic	_	none	_	_	_	_	_	_
252-13	BX002	252	13	quest'	quest'	_	_	_	_	_	linguistic	_	none	SpaceAfter=No	_	_	_	_	_
252-14	BX002	252	14	anno	anno	_	_	_	_	_	linguistic	_	none	_	_	_	_	_	_
252-15	BX002	252	15	vogliono:	vogliono	_	_	_	_	_	linguistic	_	none	PauseAfter=Yes	_	7x1	_	_	_
252-16	BX002	252	16	(.)	(.)	_	_	_	_	_	shortpause	_	none	_	_	_	_	_	_
252-17	BX002	252	17	cioè	cioè	_	_	_	_	_	linguistic	_	none	_	_	_	_	_	_
252-18	BX002	252	18	faranno	faranno	_	_	_	_	_	linguistic	_	none	_	_	_	_	_	_
252-19	BX002	252	19	probabilmente	probabilmente	_	_	_	_	_	linguistic	_	none	_	_	_	_	_	_
252-20	BX002	252	20	il	il	_	_	_	_	_	linguistic	_	none	_	_	_	_	_	_
252-21	BX002	252	21	profilo	profilo	_	_	_	_	_	linguistic	_	none	_	_	_	_	_	_
252-22	BX002	252	22	informatico	informatico	_	_	_	_	_	linguistic	_	none	_	_	_	_	_	_
252-23	BX002	252	23	rispetto	rispetto	_	_	_	_	_	linguistic	_	none	_	_	_	_	_	_
252-24	BX002	252	24	a	a	_	_	_	_	_	linguistic	_	none	_	_	_	_	_	_
252-25	BX002	252	25	quello	quello	_	_	_	_	_	linguistic	_	none	_	_	_	_	_	_
252-26	BX002	252	26	del,	del	_	_	_	_	_	linguistic	_	none	Intonation=WeaklyRising	End=740.721	_	_	_	_
253-0	BX002	253	0	[di	di	_	_	_	_	_	linguistic	_	none	_	Begin=740.926	_	_	_	0-2(71)
253-1	BX002	253	1	tute]la	tutela	_	_	_	_	_	linguistic	_	none	_	_	_	_	_	0-4(71)
253-2	BX002	253	2	delle	delle	_	_	_	_	_	linguistic	_	none	_	_	_	_	_	_
253-3	BX002	253	3	lingue	lingue	_	_	_	_	_	linguistic	_	none	_	End=741.83	_	_	_	_
254-0	BX001	254	0	[mh:].	mh	_	_	_	_	_	linguistic	_	none	Intonation=Falling	Begin=740.931|End=741.451	1x1	_	_	0-2(71)
255-0	BX002	255	0	invece	invece	_	_	_	_	_	linguistic	_	none	_	Begin=741.866	_	_	_	_
255-1	BX002	255	1	il	il	_	_	_	_	_	linguistic	_	none	_	_	_	_	_	_
255-2	BX002	255	2	suo	suo	_	_	_	_	_	linguistic	_	none	_	_	_	_	_	_
255-3	BX002	255	3	anno	anno	_	_	_	_	_	linguistic	_	none	_	_	_	_	_	_
255-4	BX002	255	4	hanno	hanno	_	_	_	_	_	linguistic	_	none	_	_	_	_	_	_
255-5	BX002	255	5	scelto	scelto	_	_	_	_	_	linguistic	_	none	_	_	_	_	_	_
255-6	BX002	255	6	tanti	tanti	_	_	_	_	_	linguistic	_	none	_	_	_	_	_	_
255-7	BX002	255	7	[quello	quello	_	_	_	_	_	linguistic	_	none	_	_	_	_	_	0-6(72)
255-8	BX002	255	8	in	in	_	_	_	_	_	linguistic	_	none	_	_	_	_	_	0-2(72)
255-9	BX002	255	9	tutela	tutela	_	_	_	_	_	linguistic	_	none	_	_	_	_	_	0-6(72)
255-10	BX002	255	10	delle	delle	_	_	_	_	_	linguistic	_	none	_	_	_	_	_	0-5(72)
255-11	BX002	255	11	lin]gue.	lingue	_	_	_	_	_	linguistic	_	none	Intonation=Falling	End=745.156	_	_	_	0-3(72)
256-0	BX001	256	0	[ah].	ah	_	_	_	_	_	linguistic	_	none	Intonation=Falling	Begin=744.126|End=745.046	_	_	_	0-2(72)
257-0	BX001	257	0	almeno	almeno	_	_	_	_	_	linguistic	_	none	_	Begin=745.476	_	_	_	_
257-1	BX001	257	1	tutti	tutti	_	_	_	_	_	linguistic	_	none	_	_	_	_	_	_
257-2	BX001	257	2	e	e	_	_	_	_	_	linguistic	_	none	_	_	_	_	_	_
257-3	BX001	257	3	due:	due	_	_	_	_	_	linguistic	_	none	_	_	2x1	_	_	_
257-4	BX001	257	4	gli	gli	_	_	_	_	_	linguistic	_	none	_	_	_	_	_	_
257-5	BX001	257	5	indirizzi	indirizzi	_	_	_	_	_	linguistic	_	none	_	_	_	_	_	_
257-6	BX001	257	6	prendono	prendono	_	_	_	_	_	linguistic	_	none	_	_	_	_	_	_
257-7	BX001	257	7	forza	forza	_	_	_	_	_	linguistic	_	none	_	_	_	_	_	_
257-8	BX001	257	8	così	così	_	_	_	_	_	linguistic	_	none	_	_	_	_	_	_
257-9	BX001	257	9	no?	no	_	_	_	_	_	linguistic	_	none	Intonation=Rising	End=749.49	_	_	_	_
258-0	BX002	258	0	mh	mh	_	_	_	_	_	linguistic	_	none	ProsodicLink=Yes	Begin=749.516	_	_	_	_
258-1	BX002	258	1	mh.	mh	_	_	_	_	_	linguistic	_	none	Intonation=Falling	End=749.986	_	_	_	_
259-0	BX001	259	0	°bene	bene	_	_	_	_	_	linguistic	_	none	Volume=low	Begin=754.476	_	_	_	_
259-1	BX001	259	1	bene.°	bene	_	_	_	_	_	linguistic	_	none	Intonation=Falling|Volume=low	End=755.576	_	_	_	_
260-0	BX001	260	0	ma	ma	_	_	_	_	_	linguistic	_	none	_	Begin=757.421	_	_	_	_
260-1	BX001	260	1	mi	mi	_	_	_	_	_	linguistic	_	none	_	_	_	_	_	_
260-2	BX001	260	2	ha	ha	_	_	_	_	_	linguistic	_	none	_	_	_	_	_	_
260-3	BX001	260	3	scritto	scritto	_	_	_	_	_	linguistic	_	none	_	_	_	_	_	_
260-4	BX001	260	4	la,	la	_	_	_	_	_	linguistic	_	none	Intonation=WeaklyRising	_	_	_	_	_
260-5	BX001	260	5	la	la	_	_	_	_	_	linguistic	_	none	_	_	_	_	_	_
260-6	BX001	260	6	corinna,	corinna	_	_	_	_	_	linguistic	_	none	Intonation=WeaklyRising|PauseAfter=Yes	_	_	_	_	_
260-7	BX001	260	7	(.)	(.)	_	_	_	_	_	shortpause	_	none	_	_	_	_	_	_
260-8	BX001	260	8	che	che	_	_	_	_	_	linguistic	_	none	_	_	_	_	_	_
260-9	BX001	260	9	ques-	ques-	_	_	_	_	_	linguistic	_	none	Interrupted=Yes	_	_	_	_	_
260-10	BX001	260	10	questo	questo	_	_	_	_	_	linguistic	_	none	_	_	_	_	_	_
260-11	BX001	260	11	qua	qua	_	_	_	_	_	linguistic	_	none	_	_	_	_	_	_
260-12	BX001	260	12	ha	ha	_	_	_	_	_	linguistic	_	none	PauseAfter=Yes	_	_	_	_	_
260-13	BX001	260	13	(.)	(.)	_	_	_	_	_	shortpause	_	none	_	_	_	_	_	_
260-14	BX001	260	14	ha	ha	_	_	_	_	_	linguistic	_	none	_	_	_	_	_	_
260-15	BX001	260	15	sforato	sforato	_	_	_	_	_	linguistic	_	none	_	_	_	_	_	_
260-16	BX001	260	16	di	di	_	_	_	_	_	linguistic	_	none	_	_	_	_	_	_
260-17	BX001	260	17	quarantacinque	quarantacinque	_	_	_	_	_	linguistic	_	none	_	_	_	_	_	_
260-18	BX001	260	18	minuti.	minuti	_	_	_	_	_	linguistic	_	none	Intonation=Falling	End=765.111	_	_	_	_
261-0	BX002	261	0	ah	ah	_	_	_	_	_	linguistic	_	none	_	Begin=766.121	_	_	_	_
261-1	BX002	261	1	[perché	perché	_	_	_	_	_	linguistic	_	none	_	_	_	_	_	0-6(73)
261-2	BX002	261	2	tu	tu	_	_	_	_	_	linguistic	_	none	_	_	_	_	_	0-2(73)
261-3	BX002	261	3	non	non	_	_	_	_	_	linguistic	_	none	_	_	_	_	_	0-3(73)
261-4	BX002	261	4	hai	hai	_	_	_	_	_	linguistic	_	none	_	_	_	_	_	0-3(73)
261-5	BX002	261	5	fatto	fatto	_	_	_	_	_	linguistic	_	none	_	_	_	_	_	0-5(73)
261-6	BX002	261	6	tutta	tutta	_	_	_	_	_	linguistic	_	none	_	_	_	_	_	0-5(73)
261-7	BX002	261	7	la	la	_	_	_	_	_	linguistic	_	none	_	_	_	_	_	0-2(73)
261-8	BX002	261	8	lezione]?	lezione	_	_	_	_	_	linguistic	_	none	Intonation=Rising	End=767.811	_	_	_	0-7(73)
262-0	BX001	262	0	[perché	perché	_	_	_	_	_	linguistic	_	none	_	Begin=766.471	_	_	_	0-6(73)
262-1	BX001	262	1	lei	lei	_	_	_	_	_	linguistic	_	none	_	_	_	_	_	0-3(73)
262-2	BX001	262	2	st-	st-	_	_	_	_	_	linguistic	_	none	Interrupted=Yes|PauseAfter=Yes	_	_	_	_	0-3(73)
262-3	BX001	262	3	(.)	(.)	_	_	_	_	_	shortpause	_	none	_	_	_	_	_	_
262-4	BX001	262	4	no	no	_	_	_	_	_	linguistic	_	none	_	_	_	_	_	0-2(73)
262-5	BX001	262	5	perché]	perché	_	_	_	_	_	linguistic	_	none	_	_	_	_	_	0-6(73)
262-6	BX001	262	6	io	io	_	_	_	_	_	linguistic	_	none	_	_	_	_	_	_
262-7	BX001	262	7	avevo	avevo	_	_	_	_	_	linguistic	_	none	_	_	_	_	_	_
262-8	BX001	262	8	uno	uno	_	_	_	_	_	linguistic	_	none	_	_	_	_	_	_
262-9	BX001	262	9	studente	studente	_	_	_	_	_	linguistic	_	none	_	_	_	_	_	_
262-10	BX001	262	10	alle	alle	_	_	_	_	_	linguistic	_	none	_	_	_	_	_	_
262-11	BX001	262	11	[alle	alle	_	_	_	_	_	linguistic	_	none	_	_	_	_	_	0-4(75)
262-12	BX001	262	12	sedici],	sedici	_	_	_	_	_	linguistic	_	none	Intonation=WeaklyRising|PauseAfter=Yes	_	_	_	_	0-6(75)
262-13	BX001	262	13	(.)	(.)	_	_	_	_	_	shortpause	_	none	_	_	_	_	_	_
262-14	BX001	262	14	cioè	cioè	_	_	_	_	_	linguistic	_	none	_	_	_	_	_	_
262-15	BX001	262	15	la	la	_	_	_	_	_	linguistic	_	none	_	_	_	_	_	_
262-16	BX001	262	16	lezione	lezione	_	_	_	_	_	linguistic	_	none	_	_	_	_	_	_
262-17	BX001	262	17	era	era	_	_	_	_	_	linguistic	_	none	_	_	_	_	_	_
262-18	BX001	262	18	fino	fino	_	_	_	_	_	linguistic	_	none	_	_	_	_	_	_
262-19	BX001	262	19	alle	alle	_	_	_	_	_	linguistic	_	none	_	_	_	_	_	_
262-20	BX001	262	20	sedici	sedici	_	_	_	_	_	linguistic	_	none	_	_	_	_	_	_
262-21	BX001	262	21	io	io	_	_	_	_	_	linguistic	_	none	_	_	_	_	_	_
262-22	BX001	262	22	alle	alle	_	_	_	_	_	linguistic	_	none	_	_	_	_	_	_
262-23	BX001	262	23	sedici	sedici	_	_	_	_	_	linguistic	_	none	_	_	_	_	_	_
262-24	BX001	262	24	[ho	ho	_	_	_	_	_	linguistic	_	none	_	_	_	_	_	0-2(74)
262-25	BX001	262	25	det-]	det-	_	_	_	_	_	linguistic	_	none	Interrupted=Yes	End=772.95	_	_	_	0-4(74)
263-0	BX002	263	0	[ah::]	ah	_	_	_	_	_	linguistic	_	none	_	Begin=769.255|End=770.295	1x2	_	_	0-2(75)
264-0	BX002	264	0	[ha	ha	_	_	_	_	_	linguistic	_	none	_	Begin=772.61	_	_	_	0-2(74)
264-1	BX002	264	1	sfo]rato	sforato	_	_	_	_	_	linguistic	_	none	_	_	_	_	_	0-3(74)
264-2	BX002	264	2	di	di	_	_	_	_	_	linguistic	_	none	_	_	_	_	_	_
264-3	BX002	264	3	quarantcinque	quarantcinque	_	_	_	_	_	linguistic	_	none	_	_	_	_	_	_
264-4	BX002	264	4	minu[ti]?	minuti	_	_	_	_	_	linguistic	_	none	Intonation=Rising	End=774.67	_	_	_	4-6(76)
265-0	BX001	265	0	[eh	eh	_	_	_	_	_	linguistic	_	none	_	Begin=774.395	_	_	_	0-2(76)
265-1	BX001	265	1	però]	però	_	_	_	_	_	linguistic	_	none	_	_	_	_	_	0-4(76)
265-2	BX001	265	2	lui	lui	_	_	_	_	_	linguistic	_	none	_	_	_	_	_	_
265-3	BX001	265	3	è	è	_	_	_	_	_	linguistic	_	none	_	_	_	_	_	_
265-4	BX001	265	4	partito	partito	_	_	_	_	_	linguistic	_	none	_	_	_	_	_	_
265-5	BX001	265	5	mezz'	mezz'	_	_	_	_	_	linguistic	_	none	SpaceAfter=No	_	_	_	_	_
265-6	BX001	265	6	ora	ora	_	_	_	_	_	linguistic	_	none	_	_	_	_	_	_
265-7	BX001	265	7	in	in	_	_	_	_	_	linguistic	_	none	_	_	_	_	_	_
265-8	BX001	265	8	ritardo	ritardo	_	_	_	_	_	linguistic	_	none	_	_	_	_	_	_
265-9	BX001	265	9	quindi,	quindi	_	_	_	_	_	linguistic	_	none	Intonation=WeaklyRising	End=776.71	_	_	_	_
266-0	BX001	266	0	nella	nella	_	_	_	_	_	linguistic	_	none	_	Begin=777.03	_	_	_	_
266-1	BX001	266	1	[sua	sua	_	_	_	_	_	linguistic	_	none	_	_	_	_	_	0-3(77)
266-2	BX001	266	2	testa	testa	_	_	_	_	_	linguistic	_	none	_	_	_	_	_	0-5(77)
266-3	BX001	266	3	ha	ha	_	_	_	_	_	linguistic	_	none	_	_	_	_	_	0-2(77)
266-4	BX001	266	4	sfo]rato	sforato	_	_	_	_	_	linguistic	_	none	_	_	_	_	_	0-3(77)
266-5	BX001	266	5	solo	solo	_	_	_	_	_	linguistic	_	none	_	_	_	_	_	_
266-6	BX001	266	6	di	di	_	_	_	_	_	linguistic	_	none	_	_	_	_	_	_
266-7	BX001	266	7	°mezz'	mezz'	_	_	_	_	_	linguistic	_	none	SpaceAfter=No|Volume=low	_	_	_	_	_
266-8	BX001	266	8	ora.°	ora	_	_	_	_	_	linguistic	_	none	Intonation=Falling|Volume=low	End=780.34	_	_	_	_
267-0	BX002	267	0	[(avrà	avrà	_	_	_	_	_	linguistic	_	none	_	Begin=777.39	_	_	0-4(0)	0-4(77)
267-1	BX002	267	1	fatto	fatto	_	_	_	_	_	linguistic	_	none	_	_	_	_	0-5(0)	0-5(77)
267-2	BX002	267	2	un	un	_	_	_	_	_	linguistic	_	none	_	_	_	_	0-2(0)	0-2(77)
267-3	BX002	267	3	quarto	quarto	_	_	_	_	_	linguistic	_	none	_	_	_	_	0-6(0)	0-6(77)
267-4	BX002	267	4	d'	d'	_	_	_	_	_	linguistic	_	none	SpaceAfter=No	_	_	_	0-2(0)	0-2(77)
267-5	BX002	267	5	ora	ora	_	_	_	_	_	linguistic	_	none	_	_	_	_	0-3(0)	0-3(77)
267-6	BX002	267	6	così)]	così	_	_	_	_	_	linguistic	_	none	_	End=778.82	_	_	0-4(0)	0-4(77)
268-0	BX001	268	0	>ci	ci	_	_	_	_	_	linguistic	_	none	_	Begin=781.215	_	Fast=0-2(0)	_	_
268-1	BX001	268	1	credo	credo	_	_	_	_	_	linguistic	_	none	_	_	_	Fast=0-5(0)	_	_
268-2	BX001	268	2	che	che	_	_	_	_	_	linguistic	_	none	_	_	_	Fast=0-3(0)	_	_
268-3	BX001	268	3	m'	m'	_	_	_	_	_	linguistic	_	none	SpaceAfter=No	_	_	Fast=0-2(0)	_	_
268-4	BX001	268	4	ha	ha	_	_	_	_	_	linguistic	_	none	_	_	_	Fast=0-2(0)	_	_
268-5	BX001	268	5	detto<	detto	_	_	_	_	_	linguistic	_	none	_	_	_	Fast=0-5(0)	_	_
268-6	BX001	268	6	no:	no	_	_	_	_	_	linguistic	_	none	_	_	1x1	_	_	_
268-7	BX001	268	7	guarda	guarda	_	_	_	_	_	linguistic	_	none	_	_	_	_	_	_
268-8	BX001	268	8	non:	non	_	_	_	_	_	linguistic	_	none	_	_	2x1	_	_	_
268-9	BX001	268	9	cioè	cioè	_	_	_	_	_	linguistic	_	none	_	_	_	_	_	_
268-10	BX001	268	10	non	non	_	_	_	_	_	linguistic	_	none	_	_	_	_	_	_
268-11	BX001	268	11	ne	ne	_	_	_	_	_	linguistic	_	none	_	_	_	_	_	_
268-12	BX001	268	12	potevamo	potevamo	_	_	_	_	_	linguistic	_	none	_	_	_	_	_	_
268-13	BX001	268	13	più	più	_	_	_	_	_	linguistic	_	none	_	_	_	_	_	_
268-14	BX001	268	14	[e:]	e	_	_	_	_	_	linguistic	_	none	_	End=786.03	0x1	_	_	0-1(78)
269-0	BX002	269	0	[eh	eh	_	_	_	_	_	linguistic	_	none	_	Begin=785.185	_	_	_	0-2(78)
269-1	BX002	269	1	ci	ci	_	_	_	_	_	linguistic	_	none	_	_	_	_	_	0-2(78)
269-2	BX002	269	2	credo],	credo	_	_	_	_	_	linguistic	_	none	Intonation=WeaklyRising	End=786.035	_	_	_	0-5(78)
270-0	BX002	270	0	a	a	_	_	_	_	_	linguistic	_	none	_	Begin=786.587	_	_	_	_
270-1	BX002	270	1	che	che	_	_	_	_	_	linguistic	_	none	_	_	_	_	_	_
270-2	BX002	270	2	ora	ora	_	_	_	_	_	linguistic	_	none	_	_	_	_	_	_
270-3	BX002	270	3	hanno	hanno	_	_	_	_	_	linguistic	_	none	_	_	_	_	_	_
270-4	BX002	270	4	fi[nito]?	finito	_	_	_	_	_	linguistic	_	none	Intonation=Rising	End=787.607	_	_	_	2-6(79)
271-0	BX001	271	0	[e	e	_	_	_	_	_	linguistic	_	none	_	Begin=787.242	_	_	_	0-1(79)
271-1	BX001	271	1	infat]ti	infatti	_	_	_	_	_	linguistic	_	none	_	_	_	_	_	0-5(79)
271-2	BX001	271	2	a:	a	_	_	_	_	_	linguistic	_	none	_	_	0x1	_	_	_
271-3	BX001	271	3	sedici	sedici	_	_	_	_	_	linguistic	_	none	_	_	_	_	_	_
271-4	BX001	271	4	e	e	_	_	_	_	_	linguistic	_	none	_	_	_	_	_	_
271-5	BX001	271	5	quarantacinque.	quarantacinque	_	_	_	_	_	linguistic	_	none	Intonation=Falling	_	_	_	_	_
271-6	BX001	271	6	m'	m'	_	_	_	_	_	linguistic	_	none	SpaceAfter=No	_	_	_	_	_
271-7	BX001	271	7	ha	ha	_	_	_	_	_	linguistic	_	none	_	_	_	_	_	_
271-8	BX001	271	8	detto	detto	_	_	_	_	_	linguistic	_	none	_	_	_	_	_	_
271-9	BX001	271	9	quando:	quando	_	_	_	_	_	linguistic	_	none	PauseAfter=Yes	_	5x1	_	_	_
271-10	BX001	271	10	(.)	(.)	_	_	_	_	_	shortpause	_	none	_	_	_	_	_	_
271-11	BX001	271	11	quando,	quando	_	_	_	_	_	linguistic	_	none	Intonation=WeaklyRising	_	_	_	_	_
271-12	BX001	271	12	io	io	_	_	_	_	_	linguistic	_	none	_	_	_	_	_	_
271-13	BX001	271	13	gli	gli	_	_	_	_	_	linguistic	_	none	_	_	_	_	_	_
271-14	BX001	271	14	ho	ho	_	_	_	_	_	linguistic	_	none	_	_	_	_	_	_
271-15	BX001	271	15	detto	detto	_	_	_	_	_	linguistic	_	none	_	_	_	_	_	_
271-16	BX001	271	16	mah	mah	_	_	_	_	_	linguistic	_	none	_	_	_	_	_	_
271-17	BX001	271	17	guardi	guardi	_	_	_	_	_	linguistic	_	none	_	_	_	_	_	_
271-18	BX001	271	18	professore	professore	_	_	_	_	_	linguistic	_	none	_	_	_	_	_	_
271-19	BX001	271	19	io	io	_	_	_	_	_	linguistic	_	none	_	_	_	_	_	_
271-20	BX001	271	20	devo	devo	_	_	_	_	_	linguistic	_	none	_	_	_	_	_	_
271-21	BX001	271	21	andare	andare	_	_	_	_	_	linguistic	_	none	_	_	_	_	_	_
271-22	BX001	271	22	via,	via	_	_	_	_	_	linguistic	_	none	Intonation=WeaklyRising	_	_	_	_	_
271-23	BX001	271	23	ho	ho	_	_	_	_	_	linguistic	_	none	_	_	_	_	_	_
271-24	BX001	271	24	un	un	_	_	_	_	_	linguistic	_	none	_	_	_	_	_	_
271-25	BX001	271	25	appuntamento	appuntamento	_	_	_	_	_	linguistic	_	none	_	_	_	_	_	_
271-26	BX001	271	26	e	e	_	_	_	_	_	linguistic	_	none	_	_	_	_	_	_
271-27	BX001	271	27	lui	lui	_	_	_	_	_	linguistic	_	none	_	_	_	_	_	_
271-28	BX001	271	28	mi	mi	_	_	_	_	_	linguistic	_	none	_	_	_	_	_	_
271-29	BX001	271	29	fa	fa	_	_	_	_	_	linguistic	_	none	_	_	_	_	_	_
271-30	BX001	271	30	ah	ah	_	_	_	_	_	linguistic	_	none	_	_	_	_	_	_
271-31	BX001	271	31	va	va	_	_	_	_	_	linguistic	_	none	_	_	_	_	_	_
271-32	BX001	271	32	là	là	_	_	_	_	_	linguistic	_	none	_	_	_	_	_	_
271-33	BX001	271	33	schade	schade	_	_	_	_	_	linguistic	_	none	_	_	_	_	_	_
271-34	BX001	271	34	eh	eh	_	_	_	_	_	linguistic	_	none	_	_	_	_	_	_
271-35	BX001	271	35	[eh	eh	_	_	_	_	_	linguistic	_	none	_	_	_	_	_	0-2(80)
271-36	BX001	271	36	sì	sì	_	_	_	_	_	linguistic	_	none	_	_	_	_	_	0-2(80)
271-37	BX001	271	37	eh	eh	_	_	_	_	_	linguistic	_	none	_	_	_	_	_	0-2(80)
271-38	BX001	271	38	eh	eh	_	_	_	_	_	linguistic	_	none	_	_	_	_	_	0-2(80)
271-39	BX001	271	39	sì	sì	_	_	_	_	_	linguistic	_	none	PauseAfter=Yes	_	_	_	_	0-2(80)
271-40	BX001	271	40	(.)	(.)	_	_	_	_	_	shortpause	_	none	_	_	_	_	_	_
271-41	BX001	271	41	eh	eh	_	_	_	_	_	linguistic	_	none	ProsodicLink=Yes	_	_	_	_	0-2(80)
271-42	BX001	271	42	eh	eh	_	_	_	_	_	linguistic	_	none	_	_	_	_	_	0-2(80)
271-43	BX001	271	43	sì	sì	_	_	_	_	_	linguistic	_	none	_	_	_	_	_	0-2(80)
271-44	BX001	271	44	((ridendo))	((ridendo))	_	_	_	_	_	nonverbalbehavior	_	none	PauseAfter=Yes	_	_	_	_	0-7(80)
271-45	BX001	271	45	(.)	(.)	_	_	_	_	_	shortpause	_	none	_	_	_	_	_	_
271-46	BX001	271	46	che	che	_	_	_	_	_	linguistic	_	none	_	_	_	_	_	0-3(80)
271-47	BX001	271	47	peccato.	peccato	_	_	_	_	_	linguistic	_	none	Intonation=Falling	_	_	_	_	0-7(80)
271-48	BX001	271	48	((ridendo))]	((ridendo))	_	_	_	_	_	nonverbalbehavior	_	none	_	End=802.96	_	_	_	0-7(80)
272-0	BX002	272	0	[((ride))]	((ride))	_	_	_	_	_	nonverbalbehavior	_	none	_	Begin=797.597|End=803.51	_	_	_	0-4(80)
273-0	BX001	273	0	no	no	_	_	_	_	_	linguistic	_	none	_	Begin=804.043	_	_	_	_
273-1	BX001	273	1	va	va	_	_	_	_	_	linguistic	_	none	_	_	_	_	_	_
273-2	BX001	273	2	bene	bene	_	_	_	_	_	linguistic	_	none	_	_	_	_	_	_
273-3	BX001	273	3	cioè	cioè	_	_	_	_	_	linguistic	_	none	_	_	_	_	_	_
273-4	BX001	273	4	mh:	mh	_	_	_	_	_	linguistic	_	none	_	_	1x1	_	_	_
273-5	BX001	273	5	nel	nel	_	_	_	_	_	linguistic	_	none	_	_	_	_	_	_
273-6	BX001	273	6	senso,	senso	_	_	_	_	_	linguistic	_	none	Intonation=WeaklyRising|PauseAfter=Yes	_	_	_	_	_
273-7	BX001	273	7	(.)	(.)	_	_	_	_	_	shortpause	_	none	_	_	_	_	_	_
273-8	BX001	273	8	è	è	_	_	_	_	_	linguistic	_	none	_	_	_	_	_	_
273-9	BX001	273	9	anche	anche	_	_	_	_	_	linguistic	_	none	_	_	_	_	_	_
273-10	BX001	273	10	interessante	interessante	_	_	_	_	_	linguistic	_	none	_	_	_	_	_	_
273-11	BX001	273	11	però	però	_	_	_	_	_	linguistic	_	none	_	_	_	_	_	_
273-12	BX001	273	12	dai	dai	_	_	_	_	_	linguistic	_	none	_	_	_	_	_	_
273-13	BX001	273	13	mh:	mh	_	_	_	_	_	linguistic	_	none	PauseAfter=Yes	_	1x1	_	_	_
273-14	BX001	273	14	(.)	(.)	_	_	_	_	_	shortpause	_	none	_	_	_	_	_	_
273-15	BX001	273	15	a	a	_	_	_	_	_	linguistic	_	none	_	_	_	_	_	_
273-16	BX001	273	16	piccole	piccole	_	_	_	_	_	linguistic	_	none	_	_	_	_	_	_
273-17	BX001	273	17	dosi,	dosi	_	_	_	_	_	linguistic	_	none	Intonation=WeaklyRising	_	_	_	_	_
273-18	BX001	273	18	poi	poi	_	_	_	_	_	linguistic	_	none	_	_	_	_	_	_
273-19	BX001	273	19	erano	erano	_	_	_	_	_	linguistic	_	none	_	_	_	_	_	_
273-20	BX001	273	20	solo	solo	_	_	_	_	_	linguistic	_	none	_	_	_	_	_	_
273-21	BX001	273	21	due	due	_	_	_	_	_	linguistic	_	none	_	_	_	_	_	_
273-22	BX001	273	22	ore	ore	_	_	_	_	_	linguistic	_	none	_	_	_	_	_	_
273-23	BX001	273	23	eh,	eh	_	_	_	_	_	linguistic	_	none	Intonation=WeaklyRising	End=812.15	_	_	_	_
274-0	BX001	274	0	abbiamo	abbiamo	_	_	_	_	_	linguistic	_	none	_	Begin=813.21	_	_	_	_
274-1	BX001	274	1	dei	dei	_	_	_	_	_	linguistic	_	none	_	_	_	_	_	_
274-2	BX001	274	2	laboratori	laboratori	_	_	_	_	_	linguistic	_	none	_	_	_	_	_	_
274-3	BX001	274	3	da	da	_	_	_	_	_	linguistic	_	none	_	_	_	_	_	_
274-4	BX001	274	4	quattro	quattro	_	_	_	_	_	linguistic	_	none	_	_	_	_	_	_
274-5	BX001	274	5	ore.	ore	_	_	_	_	_	linguistic	_	none	Intonation=Falling	End=815.343	_	_	_	_
275-0	BX002	275	0	no:	no	_	_	_	_	_	linguistic	_	none	_	Begin=815.863	1x1	_	_	_
275-1	BX002	275	1	una	una	_	_	_	_	_	linguistic	_	none	_	_	_	_	_	_
275-2	BX002	275	2	roba	roba	_	_	_	_	_	linguistic	_	none	_	_	_	_	_	_
275-3	BX002	275	3	così	così	_	_	_	_	_	linguistic	_	none	_	_	_	_	_	_
275-4	BX002	275	4	quattro	quattro	_	_	_	_	_	linguistic	_	none	_	_	_	_	_	_
275-5	BX002	275	5	ore	ore	_	_	_	_	_	linguistic	_	none	_	_	_	_	_	_
275-6	BX002	275	6	è	è	_	_	_	_	_	linguistic	_	none	_	_	_	_	_	_
275-7	BX002	275	7	im[possibile].	impossibile	_	_	_	_	_	linguistic	_	none	Intonation=Falling	End=818.303	_	_	_	2-11(81)
276-0	BX001	276	0	[no]	no	_	_	_	_	_	linguistic	_	none	_	Begin=818.028	_	_	_	0-2(81)
276-1	BX001	276	1	ma	ma	_	_	_	_	_	linguistic	_	none	_	_	_	_	_	_
276-2	BX001	276	2	penso	penso	_	_	_	_	_	linguistic	_	none	_	_	_	_	_	_
276-3	BX001	276	3	anche	anche	_	_	_	_	_	linguistic	_	none	_	_	_	_	_	_
276-4	BX001	276	4	lui	lui	_	_	_	_	_	linguistic	_	none	_	_	_	_	_	_
276-5	BX001	276	5	eh:	eh	_	_	_	_	_	linguistic	_	none	_	End=819.91	1x1	_	_	_
277-0	BX001	277	0	[cioè	cioè	_	_	_	_	_	linguistic	_	none	_	Begin=819.968	_	_	_	0-4(82)
277-1	BX001	277	1	se	se	_	_	_	_	_	linguistic	_	none	_	_	_	_	_	0-2(82)
277-2	BX001	277	2	ne	ne	_	_	_	_	_	linguistic	_	none	_	_	_	_	_	0-2(82)
277-3	BX001	277	3	rende	rende	_	_	_	_	_	linguistic	_	none	_	_	_	_	_	0-5(82)
277-4	BX001	277	4	conto].	conto	_	_	_	_	_	linguistic	_	none	Intonation=Falling	End=821.338	_	_	_	0-5(82)
278-0	BX002	278	0	[no	no	_	_	_	_	_	linguistic	_	none	_	Begin=819.978	_	_	_	0-2(82)
278-1	BX002	278	1	anche	anche	_	_	_	_	_	linguistic	_	none	_	_	_	_	_	0-5(82)
278-2	BX002	278	2	lui	lui	_	_	_	_	_	linguistic	_	none	_	_	_	_	_	0-3(82)
278-3	BX002	278	3	non	non	_	_	_	_	_	linguistic	_	none	_	_	_	_	_	0-3(82)
278-4	BX002	278	4	ce	ce	_	_	_	_	_	linguistic	_	none	_	_	_	_	_	0-2(82)
278-5	BX002	278	5	la]	la	_	_	_	_	_	linguistic	_	none	_	_	_	_	_	0-2(82)
278-6	BX002	278	6	farà,	farà	_	_	_	_	_	linguistic	_	none	Intonation=WeaklyRising	End=822.048	_	_	_	_
279-0	BX002	279	0	[va	va	_	_	_	_	_	linguistic	_	none	_	Begin=822.128	_	_	_	0-2(83)
279-1	BX002	279	1	be'	be'	_	_	_	_	_	linguistic	_	none	Truncated=Yes	_	_	_	_	0-3(83)
279-2	BX002	279	2	che	che	_	_	_	_	_	linguistic	_	none	_	_	_	_	_	0-3(83)
279-3	BX002	279	3	oggi	oggi	_	_	_	_	_	linguistic	_	none	_	_	_	_	_	0-4(83)
279-4	BX002	279	4	ne	ne	_	_	_	_	_	linguistic	_	none	_	_	_	_	_	0-2(83)
279-5	BX002	279	5	ha	ha	_	_	_	_	_	linguistic	_	none	_	_	_	_	_	0-2(83)
279-6	BX002	279	6	fatte	fatte	_	_	_	_	_	linguistic	_	none	_	_	_	_	_	0-5(83)
279-7	BX002	279	7	(xx)]	xx	_	_	_	_	_	unknown	_	none	Syllables=2	End=823.548	_	_	0-2(0)	0-2(83)
280-0	BX001	280	0	[perché	perché	_	_	_	_	_	linguistic	_	none	_	Begin=822.138	_	_	_	0-6(83)
280-1	BX001	280	1	poi	poi	_	_	_	_	_	linguistic	_	none	_	_	_	_	_	0-3(83)
280-2	BX001	280	2	inizia:]	inizia	_	_	_	_	_	linguistic	_	none	_	_	5x1	_	_	0-6(83)
280-3	BX001	280	3	inizia	inizia	_	_	_	_	_	linguistic	_	none	_	_	_	_	_	_
280-4	BX001	280	4	a	a	_	_	_	_	_	linguistic	_	none	_	_	_	_	_	_
280-5	BX001	280	5	divagare	divagare	_	_	_	_	_	linguistic	_	none	_	_	_	_	_	_
280-6	BX001	280	6	su	su	_	_	_	_	_	linguistic	_	none	_	_	_	_	_	_
280-7	BX001	280	7	altre	altre	_	_	_	_	_	linguistic	_	none	_	_	_	_	_	_
280-8	BX001	280	8	cose,	cose	_	_	_	_	_	linguistic	_	none	Intonation=WeaklyRising	End=825.87	_	_	_	_
281-0	BX003	281	0	che	che	_	_	_	_	_	linguistic	_	none	_	Begin=825.8	_	_	_	_
281-1	BX003	281	1	cosa?	cosa	_	_	_	_	_	linguistic	_	none	Intonation=Rising	End=826.278	_	_	_	_
282-0	BX002	282	0	[ancora	ancora	_	_	_	_	_	linguistic	_	none	_	Begin=827.278	_	_	_	0-6(85)
282-1	BX002	282	1	quello	quello	_	_	_	_	_	linguistic	_	none	_	_	_	_	_	0-6(85)
282-2	BX002	282	2	dei:	dei	_	_	_	_	_	linguistic	_	none	_	_	2x1	_	_	0-3(85)
282-3	BX002	282	3	berne]	berne	_	_	_	_	_	linguistic	_	none	_	End=828.55	_	_	_	0-5(85)
283-0	BX001	283	0	[sempre	sempre	_	_	_	_	_	linguistic	_	none	_	Begin=827.278	_	_	_	0-6(85)
283-1	BX001	283	1	su	su	_	_	_	_	_	linguistic	_	none	_	_	_	_	_	0-2(85)
283-2	BX001	283	2	ber]ne.	berne	_	_	_	_	_	linguistic	_	none	Intonation=Falling	End=828.84	_	_	_	0-3(85)
284-0	BX003	284	0	ah	ah	_	_	_	_	_	linguistic	_	none	_	Begin=829.284	_	_	_	_
284-1	BX003	284	1	((ridendo))	((ridendo))	_	_	_	_	_	nonverbalbehavior	_	none	_	End=830.02	_	_	_	_
285-0	BX001	285	0	perché	perché	_	_	_	_	_	linguistic	_	none	_	Begin=830.114	_	_	_	_
285-1	BX001	285	1	è	è	_	_	_	_	_	linguistic	_	none	_	_	_	_	_	_
285-2	BX001	285	2	partito	partito	_	_	_	_	_	linguistic	_	none	_	_	_	_	_	_
285-3	BX001	285	3	mezz'	mezz'	_	_	_	_	_	linguistic	_	none	SpaceAfter=No	_	_	_	_	_
285-4	BX001	285	4	ora	ora	_	_	_	_	_	linguistic	_	none	_	_	_	_	_	_
285-5	BX001	285	5	in	in	_	_	_	_	_	linguistic	_	none	_	_	_	_	_	_
285-6	BX001	285	6	ritardo	ritardo	_	_	_	_	_	linguistic	_	none	_	_	_	_	_	_
285-7	BX001	285	7	cioè	cioè	_	_	_	_	_	linguistic	_	none	_	_	_	_	_	_
285-8	BX001	285	8	venti	venti	_	_	_	_	_	linguistic	_	none	_	_	_	_	_	_
285-9	BX001	285	9	minuti	minuti	_	_	_	_	_	linguistic	_	none	_	_	_	_	_	_
285-10	BX001	285	10	in	in	_	_	_	_	_	linguistic	_	none	_	_	_	_	_	_
285-11	BX001	285	11	ritardo,	ritardo	_	_	_	_	_	linguistic	_	none	Intonation=WeaklyRising	End=833.654	_	_	_	_
286-0	BX003	286	0	mh.	mh	_	_	_	_	_	linguistic	_	none	Intonation=Falling	Begin=833.664|End=833.941	_	_	_	_
287-0	BX001	287	0	e	e	_	_	_	_	_	linguistic	_	none	_	Begin=834.164	_	_	_	_
287-1	BX001	287	1	poi	poi	_	_	_	_	_	linguistic	_	none	_	_	_	_	_	_
287-2	BX001	287	2	ha	ha	_	_	_	_	_	linguistic	_	none	_	_	_	_	_	_
287-3	BX001	287	3	sforato	sforato	_	_	_	_	_	linguistic	_	none	_	_	_	_	_	_
287-4	BX001	287	4	di	di	_	_	_	_	_	linguistic	_	none	_	_	_	_	_	_
287-5	BX001	287	5	quarantacinque	quarantacinque	_	_	_	_	_	linguistic	_	none	_	_	_	_	_	_
287-6	BX001	287	6	minuti.	minuti	_	_	_	_	_	linguistic	_	none	Intonation=Falling	End=836.264	_	_	_	_
288-0	BX003	288	0	((ride))	((ride))	_	_	_	_	_	nonverbalbehavior	_	none	_	Begin=836.564|End=838.8195000000001	_	_	_	_
289-0	BX001	289	0	((ride))	((ride))	_	_	_	_	_	nonverbalbehavior	_	none	_	Begin=837.799|End=838.309	_	_	_	_
290-0	BX001	290	0	cioè	cioè	_	_	_	_	_	linguistic	_	none	_	Begin=838.8195000000001	_	_	_	_
290-1	BX001	290	1	questo	questo	_	_	_	_	_	linguistic	_	none	_	_	_	_	_	_
290-2	BX001	290	2	ti	ti	_	_	_	_	_	linguistic	_	none	_	_	_	_	_	_
290-3	BX001	290	3	dice	dice	_	_	_	_	_	linguistic	_	none	_	_	_	_	_	_
290-4	BX001	290	4	il	il	_	_	_	_	_	linguistic	_	none	_	_	_	_	_	_
290-5	BX001	290	5	personaggio.	personaggio	_	_	_	_	_	linguistic	_	none	Intonation=Falling	End=840.669	_	_	_	_
291-0	BX001	291	0	[però	però	_	_	_	_	_	linguistic	_	none	_	Begin=841.749	_	_	_	0-4(87)
291-1	BX001	291	1	io	io	_	_	_	_	_	linguistic	_	none	_	_	_	_	_	0-2(87)
291-2	BX001	291	2	avevo]	avevo	_	_	_	_	_	linguistic	_	none	_	End=842.769	_	_	_	0-5(87)
292-0	BX003	292	0	([non	non	_	_	_	_	_	linguistic	_	none	_	Begin=841.754	_	_	0-3(0)	0-3(87)
292-1	BX003	292	1	ha	ha	_	_	_	_	_	linguistic	_	none	_	_	_	_	0-2(0)	0-2(87)
292-2	BX003	292	2	tanti	tanti	_	_	_	_	_	linguistic	_	none	_	_	_	_	0-5(0)	0-5(87)
292-3	BX003	292	3	paren]	paren	_	_	_	_	_	linguistic	_	none	_	_	_	_	0-5(0)	0-5(87)
292-4	BX003	292	4	ti	ti	_	_	_	_	_	linguistic	_	none	_	_	_	_	0-2(0)	_
292-5	BX003	292	5	lui)	lui	_	_	_	_	_	linguistic	_	none	_	End=843.19	_	_	0-3(0)	_
293-0	BX001	293	0	io	io	_	_	_	_	_	linguistic	_	none	_	Begin=843.163	_	_	_	_
293-1	BX001	293	1	avevo:	avevo	_	_	_	_	_	linguistic	_	none	_	_	4x1	_	_	_
293-2	BX001	293	2	u-	u-	_	_	_	_	_	linguistic	_	none	Interrupted=Yes	_	_	_	_	_
293-3	BX001	293	3	uno	uno	_	_	_	_	_	linguistic	_	none	_	_	_	_	_	_
293-4	BX001	293	4	studente	studente	_	_	_	_	_	linguistic	_	none	_	_	_	_	_	_
293-5	BX001	293	5	a-	a-	_	_	_	_	_	linguistic	_	none	Interrupted=Yes	_	_	_	_	_
293-6	BX001	293	6	alle	alle	_	_	_	_	_	linguistic	_	none	_	_	_	_	_	_
293-7	BX001	293	7	sedici,	sedici	_	_	_	_	_	linguistic	_	none	Intonation=WeaklyRising	_	_	_	_	_
293-8	BX001	293	8	e	e	_	_	_	_	_	linguistic	_	none	_	_	_	_	_	_
293-9	BX001	293	9	quindi	quindi	_	_	_	_	_	linguistic	_	none	_	_	_	_	_	_
293-10	BX001	293	10	io	io	_	_	_	_	_	linguistic	_	none	_	_	_	_	_	_
293-11	BX001	293	11	alle	alle	_	_	_	_	_	linguistic	_	none	_	_	_	_	_	_
293-12	BX001	293	12	sedici:	sedici	_	_	_	_	_	linguistic	_	none	_	_	5x1	_	_	_
293-13	BX001	293	13	ho	ho	_	_	_	_	_	linguistic	_	none	_	_	_	_	_	_
293-14	BX001	293	14	detto	detto	_	_	_	_	_	linguistic	_	none	_	_	_	_	_	_
293-15	BX001	293	15	no	no	_	_	_	_	_	linguistic	_	none	_	_	_	_	_	_
293-16	BX001	293	16	vado	vado	_	_	_	_	_	linguistic	_	none	_	_	_	_	_	_
293-17	BX001	293	17	(non:)	non	_	_	_	_	_	linguistic	_	none	_	_	2x1	_	0-3(0)	_
293-18	BX001	293	18	mi	mi	_	_	_	_	_	linguistic	_	none	_	_	_	_	_	_
293-19	BX001	293	19	dispiace	dispiace	_	_	_	_	_	linguistic	_	none	_	_	_	_	_	_
293-20	BX001	293	20	un	un	_	_	_	_	_	linguistic	_	none	_	_	_	_	_	_
293-21	BX001	293	21	sacco	sacco	_	_	_	_	_	linguistic	_	none	_	_	_	_	_	_
293-22	BX001	293	22	ma	ma	_	_	_	_	_	linguistic	_	none	_	_	_	_	_	_
293-23	BX001	293	23	((ride))	((ride))	_	_	_	_	_	nonverbalbehavior	_	none	_	_	_	_	_	_
293-24	BX001	293	24	ma	ma	_	_	_	_	_	linguistic	_	none	_	_	_	_	_	_
293-25	BX001	293	25	devo	devo	_	_	_	_	_	linguistic	_	none	_	_	_	_	_	_
293-26	BX001	293	26	andare.	andare	_	_	_	_	_	linguistic	_	none	Intonation=Falling	End=853.833	_	_	_	_
294-0	BX001	294	0	°però	però	_	_	_	_	_	linguistic	_	none	Volume=low	Begin=857.14	_	_	_	_
294-1	BX001	294	1	va	va	_	_	_	_	_	linguistic	_	none	Volume=low	_	_	_	_	_
294-2	BX001	294	2	be'°	be'	_	_	_	_	_	linguistic	_	none	Truncated=Yes|PauseAfter=Yes|Volume=low	_	_	_	_	_
294-3	BX001	294	3	(.)	(.)	_	_	_	_	_	shortpause	_	none	_	_	_	_	_	_
294-4	BX001	294	4	va	va	_	_	_	_	_	linguistic	_	none	_	_	_	_	_	_
294-5	BX001	294	5	be'.	be'	_	_	_	_	_	linguistic	_	none	Intonation=Falling|Truncated=Yes	End=858.69	_	_	_	_
295-0	BX001	295	0	era	era	_	_	_	_	_	linguistic	_	none	_	Begin=859.69	_	_	_	_
295-1	BX001	295	1	un	un	_	_	_	_	_	linguistic	_	none	_	_	_	_	_	_
295-2	BX001	295	2	po'	po'	_	_	_	_	_	linguistic	_	none	_	_	_	_	_	_
295-3	BX001	295	3	provata	provata	_	_	_	_	_	linguistic	_	none	_	_	_	_	_	_
295-4	BX001	295	4	questa	questa	_	_	_	_	_	linguistic	_	none	_	_	_	_	_	_
295-5	BX001	295	5	ragazza	ragazza	_	_	_	_	_	linguistic	_	none	_	_	_	_	_	_
295-6	BX001	295	6	perché	perché	_	_	_	_	_	linguistic	_	none	_	_	_	_	_	_
295-7	BX001	295	7	poi	poi	_	_	_	_	_	linguistic	_	none	_	_	_	_	_	_
295-8	BX001	295	8	son	son	_	_	_	_	_	linguistic	_	none	_	_	_	_	_	_
295-9	BX001	295	9	rimasti	rimasti	_	_	_	_	_	linguistic	_	none	_	_	_	_	_	_
295-10	BX001	295	10	solo	solo	_	_	_	_	_	linguistic	_	none	_	_	_	_	_	_
295-11	BX001	295	11	in	in	_	_	_	_	_	linguistic	_	none	_	_	_	_	_	_
295-12	BX001	295	12	due,	due	_	_	_	_	_	linguistic	_	none	Intonation=WeaklyRising|PauseAfter=Yes	_	_	_	_	_
295-13	BX001	295	13	(.)	(.)	_	_	_	_	_	shortpause	_	none	_	_	_	_	_	_
295-14	BX001	295	14	a	a	_	_	_	_	_	linguistic	_	none	_	_	_	_	_	_
295-15	BX001	295	15	fare	fare	_	_	_	_	_	linguistic	_	none	_	_	_	_	_	_
295-16	BX001	295	16	lezione.	lezione	_	_	_	_	_	linguistic	_	none	Intonation=Falling	End=864.2	_	_	_	_
296-0	BX001	296	0	cioè	cioè	_	_	_	_	_	linguistic	_	none	_	Begin=865.46	_	_	_	_
296-1	BX001	296	1	il	il	_	_	_	_	_	linguistic	_	none	_	_	_	_	_	_
296-2	BX001	296	2	gru-	gru-	_	_	_	_	_	linguistic	_	none	Interrupted=Yes	_	_	_	_	_
296-3	BX001	296	3	il	il	_	_	_	_	_	linguistic	_	none	_	_	_	_	_	_
296-4	BX001	296	4	gruppettino	gruppettino	_	_	_	_	_	linguistic	_	none	_	_	_	_	_	_
296-5	BX001	296	5	di	di	_	_	_	_	_	linguistic	_	none	_	_	_	_	_	_
296-6	BX001	296	6	tre:	tre	_	_	_	_	_	linguistic	_	none	_	_	2x1	_	_	_
296-7	BX001	296	7	[e	e	_	_	_	_	_	linguistic	_	none	_	_	_	_	_	0-1(?)
296-8	BX001	296	8	questo	questo	_	_	_	_	_	linguistic	_	none	_	_	_	_	_	0-6(?)
296-9	BX001	296	9	che	che	_	_	_	_	_	linguistic	_	none	_	_	_	_	_	0-3(?)
296-10	BX001	296	10	parlava:	parlava	_	_	_	_	_	linguistic	_	none	_	_	6x1	_	_	0-7(?)
296-11	BX001	296	11	eh].	eh	_	_	_	_	_	linguistic	_	none	Intonation=Falling	End=868.97	_	_	_	0-2(?)
297-0	BX003	297	0	[di	di	_	_	_	_	_	linguistic	_	none	_	Begin=867.215	_	_	_	0-2(89)
297-1	BX003	297	1	quanti]?	quanti	_	_	_	_	_	linguistic	_	none	Intonation=Rising	End=867.865	_	_	_	0-6(89)
298-0	BX002	298	0	[((ride))]	((ride))	_	_	_	_	_	nonverbalbehavior	_	none	_	Begin=868.535|End=869.065	_	_	_	0-4(90)
299-0	BX001	299	0	due	due	_	_	_	_	_	linguistic	_	none	_	Begin=869.485	_	_	_	_
299-1	BX001	299	1	studenti	studenti	_	_	_	_	_	linguistic	_	none	_	_	_	_	_	_
299-2	BX001	299	2	e	e	_	_	_	_	_	linguistic	_	none	_	_	_	_	_	_
299-3	BX001	299	3	lui	lui	_	_	_	_	_	linguistic	_	none	PauseAfter=Yes	_	_	_	_	_
299-4	BX001	299	4	(.)	(.)	_	_	_	_	_	shortpause	_	none	_	_	_	_	_	_
299-5	BX001	299	5	e:	e	_	_	_	_	_	linguistic	_	none	_	_	0x1	_	_	_
299-6	BX001	299	6	lui	lui	_	_	_	_	_	linguistic	_	none	_	_	_	_	_	_
299-7	BX001	299	7	che	che	_	_	_	_	_	linguistic	_	none	_	End=872.415	_	_	_	_
300-0	BX001	300	0	filosofeggiava	filosofeggiava	_	_	_	_	_	linguistic	_	none	_	Begin=874.48	_	_	_	_
300-1	BX001	300	1	proprio::	proprio	_	_	_	_	_	linguistic	_	none	_	_	6x2	_	_	_
300-2	BX001	300	2	alla	alla	_	_	_	_	_	linguistic	_	none	_	_	_	_	_	_
300-3	BX001	300	3	grande	grande	_	_	_	_	_	linguistic	_	none	_	_	_	_	_	_
300-4	BX001	300	4	eh:	eh	_	_	_	_	_	linguistic	_	none	_	End=878.931	1x1	_	_	_
301-0	BX001	301	0	>insomma<	insomma	_	_	_	_	_	linguistic	_	none	_	Begin=880.491	_	Fast=0-7(0)	_	_
301-1	BX001	301	1	ci	ci	_	_	_	_	_	linguistic	_	none	_	_	_	_	_	_
301-2	BX001	301	2	sente	sente	_	_	_	_	_	linguistic	_	none	_	_	_	_	_	_
301-3	BX001	301	3	un	un	_	_	_	_	_	linguistic	_	none	_	_	_	_	_	_
301-4	BX001	301	4	sacco	sacco	_	_	_	_	_	linguistic	_	none	_	_	_	_	_	_
301-5	BX001	301	5	insomma	insomma	_	_	_	_	_	linguistic	_	none	_	_	_	_	_	_
301-6	BX001	301	6	°ecco	ecco	_	_	_	_	_	linguistic	_	none	Volume=low	_	_	_	_	_
301-7	BX001	301	7	eh°	eh	_	_	_	_	_	linguistic	_	none	PauseAfter=Yes|Volume=low	_	_	_	_	_
301-8	BX001	301	8	(.)	(.)	_	_	_	_	_	shortpause	_	none	_	_	_	_	_	_
301-9	BX001	301	9	però	però	_	_	_	_	_	linguistic	_	none	_	_	_	_	_	_
301-10	BX001	301	10	insomma	insomma	_	_	_	_	_	linguistic	_	none	_	_	_	_	_	_
301-11	BX001	301	11	va	va	_	_	_	_	_	linguistic	_	none	_	_	_	_	_	_
301-12	BX001	301	12	bene	bene	_	_	_	_	_	linguistic	_	none	_	_	_	_	_	_
301-13	BX001	301	13	anche	anche	_	_	_	_	_	linguistic	_	none	_	_	_	_	_	_
301-14	BX001	301	14	(non)	non	_	_	_	_	_	linguistic	_	none	_	End=885.36	_	_	0-3(0)	_
302-0	BX003	302	0	poi	poi	_	_	_	_	_	linguistic	_	none	_	Begin=886.11	_	_	_	_
302-1	BX003	302	1	se	se	_	_	_	_	_	linguistic	_	none	_	_	_	_	_	_
302-2	BX003	302	2	vuoi	vuoi	_	_	_	_	_	linguistic	_	none	_	_	_	_	_	_
302-3	BX003	302	3	per	per	_	_	_	_	_	linguistic	_	none	_	_	_	_	_	_
302-4	BX003	302	4	i	i	_	_	_	_	_	linguistic	_	none	_	_	_	_	_	_
302-5	BX003	302	5	giardini	giardini	_	_	_	_	_	linguistic	_	none	_	_	_	_	_	_
302-6	BX003	302	6	puoi	puoi	_	_	_	_	_	linguistic	_	none	_	End=887.621	_	_	_	_
303-0	BX004	303	0	xxxxx	xxxxx	_	_	_	_	_	unknown	_	none	Syllables=5	Begin=887.671	_	_	_	_
303-1	BX004	303	1	una	una	_	_	_	_	_	linguistic	_	none	_	_	_	_	_	_
303-2	BX004	303	2	certa	certa	_	_	_	_	_	linguistic	_	none	_	_	_	_	_	_
303-3	BX004	303	3	ora	ora	_	_	_	_	_	linguistic	_	none	_	_	_	_	_	_
303-4	BX004	303	4	per	per	_	_	_	_	_	linguistic	_	none	_	_	_	_	_	_
303-5	BX004	303	5	filosofeggiare?	filosofeggiare	_	_	_	_	_	linguistic	_	none	Intonation=Rising	End=890.65	_	_	_	_
304-0	BX001	304	0	sì:[sì	sìsì	_	_	_	_	_	linguistic	_	none	_	Begin=891.396	1x1	_	_	2-4(91)
304-1	BX001	304	1	no	no	_	_	_	_	_	linguistic	_	none	_	_	_	_	_	0-2(91)
304-2	BX001	304	2	ma]	ma	_	_	_	_	_	linguistic	_	none	_	_	_	_	_	0-2(91)
304-3	BX001	304	3	poi:	poi	_	_	_	_	_	linguistic	_	none	_	_	2x1	_	_	_
304-4	BX001	304	4	cioè	cioè	_	_	_	_	_	linguistic	_	none	_	_	_	_	_	_
304-5	BX001	304	5	venerdì	venerdì	_	_	_	_	_	linguistic	_	none	_	_	_	_	_	_
304-6	BX001	304	6	pomerig[gio].	pomeriggio	_	_	_	_	_	linguistic	_	none	Intonation=Falling	End=894.735	_	_	_	7-10(92)
305-0	BX004	305	0	[((ride.))]	((ride.))	_	_	_	_	_	nonverbalbehavior	_	none	_	Begin=891.876|End=892.235	_	_	_	0-4(91)
306-0	BX004	306	0	[appunto].	appunto	_	_	_	_	_	linguistic	_	none	Intonation=Falling	Begin=894.093|End=894.734	_	_	_	0-7(92)
307-0	BX001	307	0	no:	no	_	_	_	_	_	linguistic	_	none	_	Begin=897.421	1x1	_	_	_
307-1	BX001	307	1	che	che	_	_	_	_	_	linguistic	_	none	_	_	_	_	_	_
307-2	BX001	307	2	tipo	tipo	_	_	_	_	_	linguistic	_	none	_	_	_	_	_	_
307-3	BX001	307	3	che	che	_	_	_	_	_	linguistic	_	none	_	_	_	_	_	_
307-4	BX001	307	4	tipo.	tipo	_	_	_	_	_	linguistic	_	none	Intonation=Falling	End=899.5	_	_	_	_
308-0	BX001	308	0	no	no	_	_	_	_	_	linguistic	_	none	_	Begin=901.126	_	_	_	_
308-1	BX001	308	1	a	a	_	_	_	_	_	linguistic	_	none	_	_	_	_	_	_
308-2	BX001	308	2	me	me	_	_	_	_	_	linguistic	_	none	_	_	_	_	_	_
308-3	BX001	308	3	non	non	_	_	_	_	_	linguistic	_	none	PauseAfter=Yes	_	_	_	_	_
308-4	BX001	308	4	(.)	(.)	_	_	_	_	_	shortpause	_	none	_	_	_	_	_	_
308-5	BX001	308	5	cioè	cioè	_	_	_	_	_	linguistic	_	none	_	_	_	_	_	_
308-6	BX001	308	6	a	a	_	_	_	_	_	linguistic	_	none	_	_	_	_	_	_
308-7	BX001	308	7	me:,	me	_	_	_	_	_	linguistic	_	none	Intonation=WeaklyRising	End=902.88	1x1	_	_	_
309-0	BX001	309	0	piacciono	piacciono	_	_	_	_	_	linguistic	_	none	_	Begin=904.171	_	_	_	_
309-1	BX001	309	1	ste	ste	_	_	_	_	_	linguistic	_	none	_	_	_	_	_	_
309-2	BX001	309	2	cose	cose	_	_	_	_	_	linguistic	_	none	_	_	_	_	_	_
309-3	BX001	309	3	perché	perché	_	_	_	_	_	linguistic	_	none	_	_	_	_	_	_
309-4	BX001	309	4	non	non	_	_	_	_	_	linguistic	_	none	PauseAfter=Yes	_	_	_	_	_
309-5	BX001	309	5	(.)	(.)	_	_	_	_	_	shortpause	_	none	_	_	_	_	_	_
309-6	BX001	309	6	insomma	insomma	_	_	_	_	_	linguistic	_	none	_	_	_	_	_	_
309-7	BX001	309	7	posso,	posso	_	_	_	_	_	linguistic	_	none	Intonation=WeaklyRising	End=907.161	_	_	_	_
310-0	BX001	310	0	vediamo.	vediamo	_	_	_	_	_	linguistic	_	none	Intonation=Falling	Begin=908.771|End=909.591	_	_	_	_
311-0	BX001	311	0	no	no	_	_	_	_	_	linguistic	_	none	_	Begin=910.356	_	_	_	_
311-1	BX001	311	1	la	la	_	_	_	_	_	linguistic	_	none	ProsodicLink=Yes	_	_	_	_	_
311-2	BX001	311	2	la	la	_	_	_	_	_	linguistic	_	none	_	_	_	_	_	_
311-3	BX001	311	3	la	la	_	_	_	_	_	linguistic	_	none	_	_	_	_	_	_
311-4	BX001	311	4	storia	storia	_	_	_	_	_	linguistic	_	none	_	_	_	_	_	_
311-5	BX001	311	5	dei	dei	_	_	_	_	_	linguistic	_	none	_	_	_	_	_	_
311-6	BX001	311	6	giardini	giardini	_	_	_	_	_	linguistic	_	none	_	_	_	_	_	_
311-7	BX001	311	7	è	è	_	_	_	_	_	linguistic	_	none	_	_	_	_	_	_
311-8	BX001	311	8	per	per	_	_	_	_	_	linguistic	_	none	_	_	_	_	_	_
311-9	BX001	311	9	venerdì	venerdì	_	_	_	_	_	linguistic	_	none	_	_	_	_	_	_
311-10	BX001	311	10	prossimo.	prossimo	_	_	_	_	_	linguistic	_	none	Intonation=Falling	End=913.326	_	_	_	_
312-0	BX003	312	0	(eh	eh	_	_	_	_	_	linguistic	_	none	_	Begin=915.07	_	_	0-2(0)	_
312-1	BX003	312	1	no	no	_	_	_	_	_	linguistic	_	none	_	_	_	_	0-2(0)	_
312-2	BX003	312	2	ho	ho	_	_	_	_	_	linguistic	_	none	_	_	_	_	0-2(0)	_
312-3	BX003	312	3	detto	detto	_	_	_	_	_	linguistic	_	none	_	_	_	_	0-5(0)	_
312-4	BX003	312	4	che)	che	_	_	_	_	_	linguistic	_	none	_	_	_	_	0-3(0)	_
312-5	BX003	312	5	mi	mi	_	_	_	_	_	linguistic	_	none	_	_	_	_	_	_
312-6	BX003	312	6	è	è	_	_	_	_	_	linguistic	_	none	_	_	_	_	_	_
312-7	BX003	312	7	venuto	venuto	_	_	_	_	_	linguistic	_	none	_	_	_	_	_	_
312-8	BX003	312	8	in	in	_	_	_	_	_	linguistic	_	none	_	_	_	_	_	_
312-9	BX003	312	9	mente	mente	_	_	_	_	_	linguistic	_	none	_	_	_	_	_	_
312-10	BX003	312	10	che	che	_	_	_	_	_	linguistic	_	none	PauseAfter=Yes	_	_	_	_	_
312-11	BX003	312	11	(.)	(.)	_	_	_	_	_	shortpause	_	none	_	_	_	_	_	_
312-12	BX003	312	12	ehm	ehm	_	_	_	_	_	linguistic	_	none	_	_	_	_	_	_
312-13	BX003	312	13	ero	ero	_	_	_	_	_	linguistic	_	none	_	_	_	_	_	_
312-14	BX003	312	14	>con	con	_	_	_	_	_	linguistic	_	none	_	_	_	Fast=0-3(0)	_	_
312-15	BX003	312	15	una	una	_	_	_	_	_	linguistic	_	none	_	_	_	Fast=0-3(0)	_	_
312-16	BX003	312	16	mia	mia	_	_	_	_	_	linguistic	_	none	_	_	_	Fast=0-3(0)	_	_
312-17	BX003	312	17	compagna	compagna	_	_	_	_	_	linguistic	_	none	_	_	_	Fast=0-8(0)	_	_
312-18	BX003	312	18	di	di	_	_	_	_	_	linguistic	_	none	_	_	_	Fast=0-2(0)	_	_
312-19	BX003	312	19	classe<	classe	_	_	_	_	_	linguistic	_	none	_	_	_	Fast=0-6(0)	_	_
312-20	BX003	312	20	l'	l'	_	_	_	_	_	linguistic	_	none	SpaceAfter=No	_	_	Slow=0-2(0)	_	_
312-21	BX003	312	21	altro	altro	_	_	_	_	_	linguistic	_	none	_	_	_	Slow=0-5(0)	_	_
312-22	BX003	312	22	giorno	giorno	_	_	_	_	_	linguistic	_	none	_	_	_	Slow=0-6(0)	_	_
312-23	BX003	312	23	nel	nel	_	_	_	_	_	linguistic	_	none	_	_	_	Slow=0-3(0)	_	_
312-24	BX003	312	24	giardino	giardino	_	_	_	_	_	linguistic	_	none	_	_	_	Slow=0-8(0)	_	_
312-25	BX003	312	25	quello	quello	_	_	_	_	_	linguistic	_	none	_	_	_	Slow=0-6(0)	_	_
312-26	BX003	312	26	che	che	_	_	_	_	_	linguistic	_	none	_	_	_	Slow=0-3(0)	_	_
312-27	BX003	312	27	c'	c'	_	_	_	_	_	linguistic	_	none	SpaceAfter=No	_	_	Slow=0-2(0)	_	_
312-28	BX003	312	28	è	è	_	_	_	_	_	linguistic	_	none	_	_	_	Slow=0-1(0)	_	_
312-29	BX003	312	29	lì	lì	_	_	_	_	_	linguistic	_	none	_	_	_	Slow=0-2(0)	_	_
312-30	BX003	312	30	mh:	mh	_	_	_	_	_	linguistic	_	none	PauseAfter=Yes	_	1x1	Slow=0-2(0)	_	_
312-31	BX003	312	31	(.)	(.)	_	_	_	_	_	shortpause	_	none	_	_	_	_	_	_
312-32	BX003	312	32	vicino	vicino	_	_	_	_	_	linguistic	_	none	_	_	_	Slow=0-6(0)	_	_
312-33	BX003	312	33	a	a	_	_	_	_	_	linguistic	_	none	_	_	_	Slow=0-1(0)	_	_
312-34	BX003	312	34	mh:	mh	_	_	_	_	_	linguistic	_	none	PauseAfter=Yes	_	1x1	Slow=0-2(0)	_	_
312-35	BX003	312	35	(.)	(.)	_	_	_	_	_	shortpause	_	none	_	_	_	_	_	_
312-36	BX003	312	36	c'	c'	_	_	_	_	_	linguistic	_	none	SpaceAfter=No	_	_	Slow=0-2(0)	_	_
312-37	BX003	312	37	è	è	_	_	_	_	_	linguistic	_	none	_	_	_	Slow=0-1(0)	_	_
312-38	BX003	312	38	di	di	_	_	_	_	_	linguistic	_	none	_	_	_	Slow=0-2(0)	_	_
312-39	BX003	312	39	fronte	fronte	_	_	_	_	_	linguistic	_	none	_	_	_	Slow=0-6(0)	_	_
312-40	BX003	312	40	all'	all'	_	_	_	_	_	linguistic	_	none	SpaceAfter=No	_	_	Slow=0-4(0)	_	_
312-41	BX003	312	41	uni	uni	_	_	_	_	_	linguistic	_	none	_	_	_	Slow=0-1(0)|Fast=0-3(1)	_	_
312-42	BX003	312	42	>praticamente<	praticamente	_	_	_	_	_	linguistic	_	none	_	_	_	Fast=0-9(1)	_	_
312-43	BX003	312	43	c'	c'	_	_	_	_	_	linguistic	_	none	SpaceAfter=No	_	_	_	_	_
312-44	BX003	312	44	è	è	_	_	_	_	_	linguistic	_	none	_	_	_	_	_	_
312-45	BX003	312	45	l'	l'	_	_	_	_	_	linguistic	_	none	SpaceAfter=No	_	_	_	_	_
312-46	BX003	312	46	entrata.	entrata	_	_	_	_	_	linguistic	_	none	Intonation=Falling	End=925.85	_	_	_	_
313-0	BX003	313	0	ehm:	ehm	_	_	_	_	_	linguistic	_	none	_	Begin=927.262	2x1	_	_	_
313-1	BX003	313	1	è	è	_	_	_	_	_	linguistic	_	none	_	_	_	_	_	_
313-2	BX003	313	2	praticamente	praticamente	_	_	_	_	_	linguistic	_	none	_	_	_	_	_	_
313-3	BX003	313	3	dentro:	dentro	_	_	_	_	_	linguistic	_	none	PauseAfter=Yes	_	5x1	_	_	_
313-4	BX003	313	4	(.)	(.)	_	_	_	_	_	shortpause	_	none	_	_	_	_	_	_
313-5	BX003	313	5	per	per	_	_	_	_	_	linguistic	_	none	_	_	_	_	_	_
313-6	BX003	313	6	andar	andar	_	_	_	_	_	linguistic	_	none	_	_	_	_	_	_
313-7	BX003	313	7	dal	dal	_	_	_	_	_	linguistic	_	none	_	_	_	_	_	_
313-8	BX003	313	8	fioraio	fioraio	_	_	_	_	_	linguistic	_	none	_	_	_	_	_	_
313-9	BX003	313	9	che	che	_	_	_	_	_	linguistic	_	none	_	_	_	_	_	_
313-10	BX003	313	10	c'	c'	_	_	_	_	_	linguistic	_	none	SpaceAfter=No	_	_	_	_	_
313-11	BX003	313	11	è,	è	_	_	_	_	_	linguistic	_	none	Intonation=WeaklyRising	End=931.893	_	_	_	_
314-0	BX001	314	0	mh.	mh	_	_	_	_	_	linguistic	_	none	Intonation=Falling	Begin=932.117|End=932.577	_	_	_	_
315-0	BX003	315	0	cioè	cioè	_	_	_	_	_	linguistic	_	none	_	Begin=933.262	_	_	_	_
315-1	BX003	315	1	di	di	_	_	_	_	_	linguistic	_	none	_	_	_	_	_	_
315-2	BX003	315	2	fronte	fronte	_	_	_	_	_	linguistic	_	none	_	_	_	_	_	_
315-3	BX003	315	3	all'	all'	_	_	_	_	_	linguistic	_	none	SpaceAfter=No	_	_	_	_	_
315-4	BX003	315	4	uni	uni	_	_	_	_	_	linguistic	_	none	_	_	_	_	_	_
315-5	BX003	315	5	sulla	sulla	_	_	_	_	_	linguistic	_	none	_	_	_	_	_	_
315-6	BX003	315	6	s-	s-	_	_	_	_	_	linguistic	_	none	Interrupted=Yes	_	_	_	_	_
315-7	BX003	315	7	sulla	sulla	_	_	_	_	_	linguistic	_	none	_	_	_	_	_	_
315-8	BX003	315	8	destra,	destra	_	_	_	_	_	linguistic	_	none	Intonation=WeaklyRising	End=935.512	_	_	_	_
316-0	BX003	316	0	[c'	c'	_	_	_	_	_	linguistic	_	none	SpaceAfter=No	Begin=935.762	_	_	_	0-2(93)
316-1	BX003	316	1	è	è	_	_	_	_	_	linguistic	_	none	_	_	_	_	_	0-1(93)
316-2	BX003	316	2	tipo	tipo	_	_	_	_	_	linguistic	_	none	_	_	_	_	_	0-4(93)
316-3	BX003	316	3	un	un	_	_	_	_	_	linguistic	_	none	_	_	_	_	_	0-2(93)
316-4	BX003	316	4	fiora]io	fioraio	_	_	_	_	_	linguistic	_	none	_	_	_	_	_	0-5(93)
316-5	BX003	316	5	con	con	_	_	_	_	_	linguistic	_	none	_	_	_	_	_	_
316-6	BX003	316	6	tutte	tutte	_	_	_	_	_	linguistic	_	none	_	_	_	_	_	_
316-7	BX003	316	7	le::	le	_	_	_	_	_	linguistic	_	none	_	End=937.802	1x2	_	_	_
317-0	BX001	317	0	[mh	mh	_	_	_	_	_	linguistic	_	none	ProsodicLink=Yes	Begin=935.777	_	_	_	0-2(93)
317-1	BX001	317	1	mh],	mh	_	_	_	_	_	linguistic	_	none	Intonation=WeaklyRising	End=936.487	_	_	_	0-2(93)
318-0	BX001	318	0	ah	ah	_	_	_	_	_	linguistic	_	none	_	Begin=937.827	_	_	_	_
318-1	BX001	318	1	okay	okay	_	_	_	_	_	linguistic	_	none	_	_	_	_	_	_
318-2	BX001	318	2	[ho	ho	_	_	_	_	_	linguistic	_	none	_	_	_	_	_	0-2(94)
318-3	BX001	318	3	capito].	capito	_	_	_	_	_	linguistic	_	none	Intonation=Falling	End=938.857	_	_	_	0-6(94)
319-0	BX003	319	0	[le	le	_	_	_	_	_	linguistic	_	none	_	Begin=938.387	_	_	_	0-2(94)
319-1	BX003	319	1	cose]	cose	_	_	_	_	_	linguistic	_	none	_	_	_	_	_	0-4(94)
319-2	BX003	319	2	esposte	esposte	_	_	_	_	_	linguistic	_	none	_	_	_	_	_	_
319-3	BX003	319	3	se	se	_	_	_	_	_	linguistic	_	none	_	_	_	_	_	_
319-4	BX003	319	4	entri	entri	_	_	_	_	_	linguistic	_	none	_	_	_	_	_	_
319-5	BX003	319	5	lì	lì	_	_	_	_	_	linguistic	_	none	_	_	_	_	_	_
319-6	BX003	319	6	dentro	dentro	_	_	_	_	_	linguistic	_	none	_	_	_	_	_	_
319-7	BX003	319	7	c'	c'	_	_	_	_	_	linguistic	_	none	SpaceAfter=No	_	_	_	_	_
319-8	BX003	319	8	è	è	_	_	_	_	_	linguistic	_	none	_	_	_	_	_	_
319-9	BX003	319	9	un	un	_	_	_	_	_	linguistic	_	none	_	_	_	_	_	_
319-10	BX003	319	10	giardinetto	giardinetto	_	_	_	_	_	linguistic	_	none	_	_	_	_	_	_
319-11	BX003	319	11	tipo:	tipo	_	_	_	_	_	linguistic	_	none	_	End=941.446	3x1	_	_	_
320-0	BX001	320	0	ah	ah	_	_	_	_	_	linguistic	_	none	_	Begin=941.443	_	_	_	_
320-1	BX001	320	1	o[kay	okay	_	_	_	_	_	linguistic	_	none	_	_	_	_	_	1-4(96)
320-2	BX001	320	2	non	non	_	_	_	_	_	linguistic	_	none	_	_	_	_	_	0-3(96)
320-3	BX001	320	3	ci	ci	_	_	_	_	_	linguistic	_	none	_	_	_	_	_	0-2(96)
320-4	BX001	320	4	sono	sono	_	_	_	_	_	linguistic	_	none	_	_	_	_	_	0-4(96)
320-5	BX001	320	5	mai	mai	_	_	_	_	_	linguistic	_	none	_	_	_	_	_	0-3(96)
320-6	BX001	320	6	anda-	anda-	_	_	_	_	_	linguistic	_	none	Interrupted=Yes	_	_	_	_	0-5(96)
320-7	BX001	320	7	ah	ah	_	_	_	_	_	linguistic	_	none	_	_	_	_	_	0-2(96)
320-8	BX001	320	8	okay].	okay	_	_	_	_	_	linguistic	_	none	Intonation=Falling	End=943.543	_	_	_	0-4(96)
321-0	BX003	321	0	[ci	ci	_	_	_	_	_	linguistic	_	none	_	Begin=941.788	_	_	_	0-2(96)
321-1	BX003	321	1	ci	ci	_	_	_	_	_	linguistic	_	none	_	_	_	_	_	0-2(96)
321-2	BX003	321	2	stavano:	stavano	_	_	_	_	_	linguistic	_	none	PauseAfter=Yes	_	6x1	_	_	0-7(96)
321-3	BX003	321	3	(.)]	(.)	_	_	_	_	_	shortpause	_	none	_	_	_	_	_	_
321-4	BX003	321	4	ragazzini	ragazzini	_	_	_	_	_	linguistic	_	none	_	_	_	_	_	_
321-5	BX003	321	5	così	così	_	_	_	_	_	linguistic	_	none	_	_	_	_	_	_
321-6	BX003	321	6	c'	c'	_	_	_	_	_	linguistic	_	none	SpaceAfter=No	_	_	_	_	_
321-7	BX003	321	7	eravamo	eravamo	_	_	_	_	_	linguistic	_	none	_	_	_	_	_	_
321-8	BX003	321	8	messe	messe	_	_	_	_	_	linguistic	_	none	_	_	_	_	_	_
321-9	BX003	321	9	lì	lì	_	_	_	_	_	linguistic	_	none	_	_	_	_	_	_
321-10	BX003	321	10	perché	perché	_	_	_	_	_	linguistic	_	none	_	_	_	_	_	_
321-11	BX003	321	11	dovevamo	dovevamo	_	_	_	_	_	linguistic	_	none	_	_	_	_	_	_
321-12	BX003	321	12	cioè	cioè	_	_	_	_	_	linguistic	_	none	_	_	_	_	_	_
321-13	BX003	321	13	stavamo	stavamo	_	_	_	_	_	linguistic	_	none	_	_	_	_	_	_
321-14	BX003	321	14	mangiando	mangiando	_	_	_	_	_	linguistic	_	none	_	_	_	_	_	_
321-15	BX003	321	15	qualcosa	qualcosa	_	_	_	_	_	linguistic	_	none	_	_	_	_	_	_
321-16	BX003	321	16	e	e	_	_	_	_	_	linguistic	_	none	_	_	_	_	_	_
321-17	BX003	321	17	ci	ci	_	_	_	_	_	linguistic	_	none	_	_	_	_	_	_
321-18	BX003	321	18	siam	siam	_	_	_	_	_	linguistic	_	none	_	_	_	_	_	_
321-19	BX003	321	19	tolte	tolte	_	_	_	_	_	linguistic	_	none	_	_	_	_	_	_
321-20	BX003	321	20	la	la	_	_	_	_	_	linguistic	_	none	_	_	_	_	_	_
321-21	BX003	321	21	mascherina,	mascherina	_	_	_	_	_	linguistic	_	none	Intonation=WeaklyRising	End=948.758	_	_	_	_
322-0	BX003	322	0	e	e	_	_	_	_	_	linguistic	_	none	_	Begin=949.296	_	_	_	_
322-1	BX003	322	1	a	a	_	_	_	_	_	linguistic	_	none	_	_	_	_	_	_
322-2	BX003	322	2	un	un	_	_	_	_	_	linguistic	_	none	_	_	_	_	_	_
322-3	BX003	322	3	certo	certo	_	_	_	_	_	linguistic	_	none	_	_	_	_	_	_
322-4	BX003	322	4	punto,	punto	_	_	_	_	_	linguistic	_	none	Intonation=WeaklyRising	_	_	_	_	_
322-5	BX003	322	5	alle,	alle	_	_	_	_	_	linguistic	_	none	Intonation=WeaklyRising	End=950.956	_	_	_	_
323-0	BX003	323	0	alle::	alle	_	_	_	_	_	linguistic	_	none	_	Begin=951.941	3x2	_	_	_
323-1	BX003	323	1	tipo	tipo	_	_	_	_	_	linguistic	_	none	_	_	_	_	_	_
323-2	BX003	323	2	un	un	_	_	_	_	_	linguistic	_	none	_	_	_	_	_	_
323-3	BX003	323	3	quarto	quarto	_	_	_	_	_	linguistic	_	none	_	_	_	_	_	_
323-4	BX003	323	4	alle:	alle	_	_	_	_	_	linguistic	_	none	_	_	3x1	_	_	_
323-5	BX003	323	5	sei?	sei	_	_	_	_	_	linguistic	_	none	Intonation=Rising	End=955.191	_	_	_	_
324-0	BX003	324	0	forse	forse	_	_	_	_	_	linguistic	_	none	_	Begin=955.971	_	_	_	_
324-1	BX003	324	1	un	un	_	_	_	_	_	linguistic	_	none	_	_	_	_	_	_
324-2	BX003	324	2	quarto	quarto	_	_	_	_	_	linguistic	_	none	_	_	_	_	_	_
324-3	BX003	324	3	alle	alle	_	_	_	_	_	linguistic	_	none	_	_	_	_	_	_
324-4	BX003	324	4	sette.	sette	_	_	_	_	_	linguistic	_	none	Intonation=Falling	End=957.121	_	_	_	_
325-0	BX003	325	0	è	è	_	_	_	_	_	linguistic	_	none	_	Begin=957.861	_	_	_	_
325-1	BX003	325	1	è	è	_	_	_	_	_	linguistic	_	none	_	_	_	_	_	_
325-2	BX003	325	2	arrivato	arrivato	_	_	_	_	_	linguistic	_	none	_	_	_	_	_	_
325-3	BX003	325	3	uno,	uno	_	_	_	_	_	linguistic	_	none	Intonation=WeaklyRising	_	_	_	_	_
325-4	BX003	325	4	il	il	_	_	_	_	_	linguistic	_	none	_	_	_	_	_	_
325-5	BX003	325	5	custode,	custode	_	_	_	_	_	linguistic	_	none	Intonation=WeaklyRising	_	_	_	_	_
325-6	BX003	325	6	in	in	_	_	_	_	_	linguistic	_	none	_	_	_	_	_	_
325-7	BX003	325	7	bicicletta,	bicicletta	_	_	_	_	_	linguistic	_	none	Intonation=WeaklyRising	_	_	_	_	_
325-8	BX003	325	8	e	e	_	_	_	_	_	linguistic	_	none	_	_	_	_	_	_
325-9	BX003	325	9	ha	ha	_	_	_	_	_	linguistic	_	none	_	_	_	_	_	_
325-10	BX003	325	10	detto	detto	_	_	_	_	_	linguistic	_	none	_	_	_	_	_	_
325-11	BX003	325	11	chiude	chiude	_	_	_	_	_	linguistic	_	none	_	_	_	_	_	_
325-12	BX003	325	12	adesso,	adesso	_	_	_	_	_	linguistic	_	none	Intonation=WeaklyRising	End=962.771	_	_	_	_
326-0	BX003	326	0	chiude,	chiude	_	_	_	_	_	linguistic	_	none	Intonation=WeaklyRising	Begin=963.114	_	_	_	_
326-1	BX003	326	1	chiudo	chiudo	_	_	_	_	_	linguistic	_	none	_	_	_	_	_	_
326-2	BX003	326	2	tutto,	tutto	_	_	_	_	_	linguistic	_	none	Intonation=WeaklyRising	_	_	_	_	_
326-3	BX003	326	3	e	e	_	_	_	_	_	linguistic	_	none	_	_	_	_	_	_
326-4	BX003	326	4	quindi	quindi	_	_	_	_	_	linguistic	_	none	_	_	_	_	_	_
326-5	BX003	326	5	ha	ha	_	_	_	_	_	linguistic	_	none	_	_	_	_	_	_
326-6	BX003	326	6	chiuso	chiuso	_	_	_	_	_	linguistic	_	none	_	_	_	_	_	_
326-7	BX003	326	7	le	le	_	_	_	_	_	linguistic	_	none	_	_	_	_	_	_
326-8	BX003	326	8	due	due	_	_	_	_	_	linguistic	_	none	_	_	_	_	_	_
326-9	BX003	326	9	uscite	uscite	_	_	_	_	_	linguistic	_	none	_	_	_	_	_	_
326-10	BX003	326	10	e	e	_	_	_	_	_	linguistic	_	none	_	_	_	_	_	_
326-11	BX003	326	11	noi	noi	_	_	_	_	_	linguistic	_	none	_	_	_	_	_	_
326-12	BX003	326	12	siamo	siamo	_	_	_	_	_	linguistic	_	none	_	_	_	_	_	_
326-13	BX003	326	13	dovuti	dovuti	_	_	_	_	_	linguistic	_	none	_	_	_	_	_	_
326-14	BX003	326	14	passare	passare	_	_	_	_	_	linguistic	_	none	_	_	_	_	_	_
326-15	BX003	326	15	per	per	_	_	_	_	_	linguistic	_	none	_	_	_	_	_	_
326-16	BX003	326	16	il	il	_	_	_	_	_	linguistic	_	none	_	_	_	_	_	_
326-17	BX003	326	17	negozio	negozio	_	_	_	_	_	linguistic	_	none	_	_	_	_	_	_
326-18	BX003	326	18	per	per	_	_	_	_	_	linguistic	_	none	_	_	_	_	_	_
326-19	BX003	326	19	uscire.	uscire	_	_	_	_	_	linguistic	_	none	Intonation=Falling	End=967.914	_	_	_	_
327-0	BX001	327	0	[ah,	ah	_	_	_	_	_	linguistic	_	none	Intonation=WeaklyRising|PauseAfter=Yes	Begin=967.964	_	_	_	0-2(97)
327-1	BX001	327	1	(.)	(.)	_	_	_	_	_	shortpause	_	none	_	_	_	_	_	_
327-2	BX001	327	2	ah	ah	_	_	_	_	_	linguistic	_	none	_	_	_	_	_	0-2(97)
327-3	BX001	327	3	però.	però	_	_	_	_	_	linguistic	_	none	Intonation=Falling	_	_	_	_	0-4(97)
327-4	BX001	327	4	proprio:]	proprio	_	_	_	_	_	linguistic	_	none	_	End=969.904	6x1	_	_	0-7(97)
328-0	BX003	328	0	[((ride))	((ride))	_	_	_	_	_	nonverbalbehavior	_	none	_	Begin=967.964	_	_	_	0-4(97)
328-1	BX003	328	1	sì].	sì	_	_	_	_	_	linguistic	_	none	Intonation=Falling	End=969.904	_	_	_	0-2(97)
329-0	BX003	329	0	e	e	_	_	_	_	_	linguistic	_	none	_	Begin=969.914	_	_	_	_
329-1	BX003	329	1	così.	così	_	_	_	_	_	linguistic	_	none	Intonation=Falling	End=970.504	_	_	_	_
330-0	BX001	330	0	no	no	_	_	_	_	_	linguistic	_	none	_	Begin=971.224	_	_	_	_
330-1	BX001	330	1	ma	ma	_	_	_	_	_	linguistic	_	none	_	_	_	_	_	_
330-2	BX001	330	2	guarda	guarda	_	_	_	_	_	linguistic	_	none	_	_	_	_	_	_
330-3	BX001	330	3	c'	c'	_	_	_	_	_	linguistic	_	none	SpaceAfter=No	_	_	_	_	_
330-4	BX001	330	4	è	è	_	_	_	_	_	linguistic	_	none	_	_	_	_	_	_
330-5	BX001	330	5	eh::	eh	_	_	_	_	_	linguistic	_	none	_	_	1x2	_	_	_
330-6	BX001	330	6	eh	eh	_	_	_	_	_	linguistic	_	none	_	_	_	_	_	_
330-7	BX001	330	7	la	la	_	_	_	_	_	linguistic	_	none	_	_	_	_	_	_
330-8	BX001	330	8	mia	mia	_	_	_	_	_	linguistic	_	none	_	_	_	_	_	_
330-9	BX001	330	9	amica,	amica	_	_	_	_	_	linguistic	_	none	Intonation=WeaklyRising	_	_	_	_	_
330-10	BX001	330	10	quella	quella	_	_	_	_	_	linguistic	_	none	_	_	_	_	_	_
330-11	BX001	330	11	che	che	_	_	_	_	_	linguistic	_	none	_	_	_	_	_	_
330-12	BX001	330	12	m'	m'	_	_	_	_	_	linguistic	_	none	SpaceAfter=No	_	_	_	_	_
330-13	BX001	330	13	ha	ha	_	_	_	_	_	linguistic	_	none	_	_	_	_	_	_
330-14	BX001	330	14	consigliato	consigliato	_	_	_	_	_	linguistic	_	none	_	_	_	_	_	_
330-15	BX001	330	15	il	il	_	_	_	_	_	linguistic	_	none	_	_	_	_	_	_
330-16	BX001	330	16	vino,	vino	_	_	_	_	_	linguistic	_	none	Intonation=WeaklyRising	End=975.68	_	_	_	_
331-0	BX003	331	0	mh.	mh	_	_	_	_	_	linguistic	_	none	Intonation=Falling	Begin=975.687|End=976.057	_	_	_	_
332-0	BX001	332	0	qualche	qualche	_	_	_	_	_	linguistic	_	none	_	Begin=976.467	_	_	_	_
332-1	BX001	332	1	giorno	giorno	_	_	_	_	_	linguistic	_	none	_	_	_	_	_	_
332-2	BX001	332	2	fa	fa	_	_	_	_	_	linguistic	_	none	_	_	_	_	_	_
332-3	BX001	332	3	m'	m'	_	_	_	_	_	linguistic	_	none	SpaceAfter=No	_	_	_	_	_
332-4	BX001	332	4	ha	ha	_	_	_	_	_	linguistic	_	none	_	_	_	_	_	_
332-5	BX001	332	5	mandato	mandato	_	_	_	_	_	linguistic	_	none	_	_	_	_	_	_
332-6	BX001	332	6	una	una	_	_	_	_	_	linguistic	_	none	_	_	_	_	_	_
332-7	BX001	332	7	foto,	foto	_	_	_	_	_	linguistic	_	none	Intonation=WeaklyRising|PauseAfter=Yes	_	_	_	_	_
332-8	BX001	332	8	(.)	(.)	_	_	_	_	_	shortpause	_	none	_	_	_	_	_	_
332-9	BX001	332	9	che	che	_	_	_	_	_	linguistic	_	none	PauseAfter=Yes	_	_	_	_	_
332-10	BX001	332	10	(.)	(.)	_	_	_	_	_	shortpause	_	none	_	_	_	_	_	_
332-11	BX001	332	11	era	era	_	_	_	_	_	linguistic	_	none	_	_	_	_	_	_
332-12	BX001	332	12	stata	stata	_	_	_	_	_	linguistic	_	none	_	_	_	_	_	_
332-13	BX001	332	13	mandata	mandata	_	_	_	_	_	linguistic	_	none	_	_	_	_	_	_
332-14	BX001	332	14	su	su	_	_	_	_	_	linguistic	_	none	_	_	_	_	_	_
332-15	BX001	332	15	un	un	_	_	_	_	_	linguistic	_	none	_	_	_	_	_	_
332-16	BX001	332	16	gruppo:	gruppo	_	_	_	_	_	linguistic	_	none	_	_	5x1	_	_	_
332-17	BX001	332	17	eh,	eh	_	_	_	_	_	linguistic	_	none	Intonation=WeaklyRising	End=982.407	_	_	_	_
333-0	BX001	333	0	eh:::	eh	_	_	_	_	_	linguistic	_	none	_	Begin=982.942	1x3	_	_	_
333-1	BX001	333	1	di	di	_	_	_	_	_	linguistic	_	none	_	_	_	_	_	_
333-2	BX001	333	2	una	una	_	_	_	_	_	linguistic	_	none	_	_	_	_	_	_
333-3	BX001	333	3	multa,	multa	_	_	_	_	_	linguistic	_	none	Intonation=WeaklyRising	End=985.172	_	_	_	_
334-0	BX001	334	0	fatta	fatta	_	_	_	_	_	linguistic	_	none	_	Begin=985.608	_	_	_	_
334-1	BX001	334	1	a	a	_	_	_	_	_	linguistic	_	none	_	_	_	_	_	_
334-2	BX001	334	2	una	una	_	_	_	_	_	linguistic	_	none	_	_	_	_	_	_
334-3	BX001	334	3	ragazza,	ragazza	_	_	_	_	_	linguistic	_	none	Intonation=WeaklyRising	_	_	_	_	_
334-4	BX001	334	4	del	del	_	_	_	_	_	linguistic	_	none	_	_	_	_	_	_
334-5	BX001	334	5	verbale,	verbale	_	_	_	_	_	linguistic	_	none	Intonation=WeaklyRising	End=987.788	_	_	_	_
335-0	BX003	335	0	mh.	mh	_	_	_	_	_	linguistic	_	none	Intonation=Falling	Begin=987.873|End=988.263	_	_	_	_
336-0	BX001	336	0	di	di	_	_	_	_	_	linguistic	_	none	_	Begin=988.286	_	_	_	_
336-1	BX001	336	1	quattrocentosedici	quattrocentosedici	_	_	_	_	_	linguistic	_	none	_	_	_	_	_	_
336-2	BX001	336	2	euro,	euro	_	_	_	_	_	linguistic	_	none	Intonation=WeaklyRising	_	_	_	_	_
336-3	BX001	336	3	perché	perché	_	_	_	_	_	linguistic	_	none	_	_	_	_	_	_
336-4	BX001	336	4	stava:	stava	_	_	_	_	_	linguistic	_	none	_	_	4x1	_	_	_
336-5	BX001	336	5	eh:	eh	_	_	_	_	_	linguistic	_	none	PauseAfter=Yes	_	1x1	_	_	_
336-6	BX001	336	6	(.)	(.)	_	_	_	_	_	shortpause	_	none	_	_	_	_	_	_
336-7	BX001	336	7	ehm::	ehm	_	_	_	_	_	linguistic	_	none	_	_	2x2	_	_	_
336-8	BX001	336	8	tipo	tipo	_	_	_	_	_	linguistic	_	none	_	_	_	_	_	_
336-9	BX001	336	9	mh	mh	_	_	_	_	_	linguistic	_	none	_	_	_	_	_	_
336-10	BX001	336	10	p-	p-	_	_	_	_	_	linguistic	_	none	Interrupted=Yes	_	_	_	_	_
336-11	BX001	336	11	aveva	aveva	_	_	_	_	_	linguistic	_	none	_	_	_	_	_	_
336-12	BX001	336	12	preso	preso	_	_	_	_	_	linguistic	_	none	_	_	_	_	_	_
336-13	BX001	336	13	un	un	_	_	_	_	_	linguistic	_	none	_	_	_	_	_	_
336-14	BX001	336	14	caffè	caffè	_	_	_	_	_	linguistic	_	none	_	_	_	_	_	_
336-15	BX001	336	15	da	da	_	_	_	_	_	linguistic	_	none	_	_	_	_	_	_
336-16	BX001	336	16	asporto,	asporto	_	_	_	_	_	linguistic	_	none	Intonation=WeaklyRising	_	_	_	_	_
336-17	BX001	336	17	lo	lo	_	_	_	_	_	linguistic	_	none	_	_	_	_	_	_
336-18	BX001	336	18	stava	stava	_	_	_	_	_	linguistic	_	none	_	_	_	_	_	_
336-19	BX001	336	19	bevendo	bevendo	_	_	_	_	_	linguistic	_	none	PauseAfter=Yes	_	_	_	_	_
336-20	BX001	336	20	(.)	(.)	_	_	_	_	_	shortpause	_	none	_	_	_	_	_	_
336-21	BX001	336	21	s-	s-	_	_	_	_	_	linguistic	_	none	Interrupted=Yes	_	_	_	_	_
336-22	BX001	336	22	in:	in	_	_	_	_	_	linguistic	_	none	_	_	1x1	_	_	_
336-23	BX001	336	23	in	in	_	_	_	_	_	linguistic	_	none	_	_	_	_	_	_
336-24	BX001	336	24	piazza	piazza	_	_	_	_	_	linguistic	_	none	_	_	_	_	_	_
336-25	BX001	336	25	del	del	_	_	_	_	_	linguistic	_	none	_	_	_	_	_	_
336-26	BX001	336	26	grano,	grano	_	_	_	_	_	linguistic	_	none	Intonation=WeaklyRising|PauseAfter=Yes	_	_	_	_	_
336-27	BX001	336	27	(.)	(.)	_	_	_	_	_	shortpause	_	none	_	_	_	_	_	_
336-28	BX001	336	28	a	a	_	_	_	_	_	linguistic	_	none	_	_	_	_	_	_
336-29	BX001	336	29	bolzano,	bolzano	_	_	_	_	_	linguistic	_	none	Intonation=WeaklyRising|PauseAfter=Yes	_	_	_	_	_
336-30	BX001	336	30	(.)	(.)	_	_	_	_	_	shortpause	_	none	_	_	_	_	_	_
336-31	BX001	336	31	e	e	_	_	_	_	_	linguistic	_	none	_	_	_	_	_	_
336-32	BX001	336	32	a:	a	_	_	_	_	_	linguistic	_	none	_	_	0x1	_	_	_
336-33	BX001	336	33	a	a	_	_	_	_	_	linguistic	_	none	_	_	_	_	_	_
336-34	BX001	336	34	mh:	mh	_	_	_	_	_	linguistic	_	none	_	_	1x1	_	_	_
336-35	BX001	336	35	c'	c'	_	_	_	_	_	linguistic	_	none	SpaceAfter=No	_	_	_	_	_
336-36	BX001	336	36	era	era	_	_	_	_	_	linguistic	_	none	_	_	_	_	_	_
336-37	BX001	336	37	una	una	_	_	_	_	_	linguistic	_	none	_	_	_	_	_	_
336-38	BX001	336	38	persona	persona	_	_	_	_	_	linguistic	_	none	_	_	_	_	_	_
336-39	BX001	336	39	non	non	_	_	_	_	_	linguistic	_	none	_	_	_	_	_	_
336-40	BX001	336	40	convivente	convivente	_	_	_	_	_	linguistic	_	none	_	_	_	_	_	_
336-41	BX001	336	41	accanto	accanto	_	_	_	_	_	linguistic	_	none	_	_	_	_	_	_
336-42	BX001	336	42	a	a	_	_	_	_	_	linguistic	_	none	_	_	_	_	_	_
336-43	BX001	336	43	lei.	lei	_	_	_	_	_	linguistic	_	none	Intonation=Falling	End=1007.93	_	_	_	_
337-0	BX001	337	0	e	e	_	_	_	_	_	linguistic	_	none	_	Begin=1008.856	_	_	_	_
337-1	BX001	337	1	quindi:	quindi	_	_	_	_	_	linguistic	_	none	_	_	5x1	_	_	_
337-2	BX001	337	2	per	per	_	_	_	_	_	linguistic	_	none	_	_	_	_	_	_
337-3	BX001	337	3	dire::	dire	_	_	_	_	_	linguistic	_	none	PauseAfter=Yes	_	3x2	_	_	_
337-4	BX001	337	4	(.)	(.)	_	_	_	_	_	shortpause	_	none	_	_	_	_	_	_
337-5	BX001	337	5	cioè	cioè	_	_	_	_	_	linguistic	_	none	_	_	_	_	_	_
337-6	BX001	337	6	in	in	_	_	_	_	_	linguistic	_	none	_	_	_	_	_	_
337-7	BX001	337	7	teoria	teoria	_	_	_	_	_	linguistic	_	none	_	_	_	_	_	_
337-8	BX001	337	8	ti	ti	_	_	_	_	_	linguistic	_	none	_	_	_	_	_	_
337-9	BX001	337	9	potevano	potevano	_	_	_	_	_	linguistic	_	none	_	_	_	_	_	_
337-10	BX001	337	10	far	far	_	_	_	_	_	linguistic	_	none	_	_	_	_	_	_
337-11	BX001	337	11	la	la	_	_	_	_	_	linguistic	_	none	_	_	_	_	_	_
337-12	BX001	337	12	multa.	multa	_	_	_	_	_	linguistic	_	none	Intonation=Falling	_	_	_	_	_
337-13	BX001	337	13	ecco	ecco	_	_	_	_	_	linguistic	_	none	_	_	_	_	_	_
337-14	BX001	337	14	questo	questo	_	_	_	_	_	linguistic	_	none	_	_	_	_	_	_
337-15	BX001	337	15	volevo	volevo	_	_	_	_	_	linguistic	_	none	_	_	_	_	_	_
337-16	BX001	337	16	dire.	dire	_	_	_	_	_	linguistic	_	none	Intonation=Falling	End=1014.386	_	_	_	_
338-0	BX001	338	0	m-	m-	_	_	_	_	_	linguistic	_	none	Interrupted=Yes	Begin=1015.466	_	_	_	_
338-1	BX001	338	1	m'	m'	_	_	_	_	_	linguistic	_	none	SpaceAfter=No	_	_	_	_	_
338-2	BX001	338	2	ha	ha	_	_	_	_	_	linguistic	_	none	_	_	_	_	_	_
338-3	BX001	338	3	fatto	fatto	_	_	_	_	_	linguistic	_	none	_	_	_	_	_	_
338-4	BX001	338	4	proprio	proprio	_	_	_	_	_	linguistic	_	none	_	_	_	_	_	_
338-5	BX001	338	5	vedere	vedere	_	_	_	_	_	linguistic	_	none	_	_	_	_	_	_
338-6	BX001	338	6	la	la	_	_	_	_	_	linguistic	_	none	_	_	_	_	_	_
338-7	BX001	338	7	foto	foto	_	_	_	_	_	linguistic	_	none	_	_	_	_	_	_
338-8	BX001	338	8	della	della	_	_	_	_	_	linguistic	_	none	_	_	_	_	_	_
338-9	BX001	338	9	multa	multa	_	_	_	_	_	linguistic	_	none	_	_	_	_	_	_
338-10	BX001	338	10	eh,	eh	_	_	_	_	_	linguistic	_	none	Intonation=WeaklyRising|PauseAfter=Yes	_	_	_	_	_
338-11	BX001	338	11	(.)	(.)	_	_	_	_	_	shortpause	_	none	_	_	_	_	_	_
338-12	BX001	338	12	quattrocentosedici	quattrocentosedici	_	_	_	_	_	linguistic	_	none	_	_	_	_	_	_
338-13	BX001	338	13	euro.	euro	_	_	_	_	_	linguistic	_	none	Intonation=Falling	End=1019.426	_	_	_	_
339-0	BX003	339	0	okay	okay	_	_	_	_	_	linguistic	_	none	_	Begin=1021.476	_	_	_	_
339-1	BX003	339	1	eh	eh	_	_	_	_	_	linguistic	_	none	_	End=1022.326	_	_	_	_
340-0	BX001	340	0	di	di	_	_	_	_	_	linguistic	_	none	_	Begin=1022.476	_	_	_	_
340-1	BX001	340	1	febbraio.	febbraio	_	_	_	_	_	linguistic	_	none	Intonation=Falling|PauseAfter=Yes	_	_	_	_	_
340-2	BX001	340	2	(.)	(.)	_	_	_	_	_	shortpause	_	none	_	_	_	_	_	_
340-3	BX001	340	3	l'	l'	_	_	_	_	_	linguistic	_	none	SpaceAfter=No	_	_	_	_	_
340-4	BX001	340	4	hanno	hanno	_	_	_	_	_	linguistic	_	none	_	_	_	_	_	_
340-5	BX001	340	5	fatta	fatta	_	_	_	_	_	linguistic	_	none	_	_	_	_	_	_
340-6	BX001	340	6	tipo	tipo	_	_	_	_	_	linguistic	_	none	_	_	_	_	_	_
340-7	BX001	340	7	il	il	_	_	_	_	_	linguistic	_	none	_	_	_	_	_	_
340-8	BX001	340	8	ventitre	ventitre	_	_	_	_	_	linguistic	_	none	_	_	_	_	_	_
340-9	BX001	340	9	febbraio	febbraio	_	_	_	_	_	linguistic	_	none	_	_	_	_	_	_
340-10	BX001	340	10	quindi	quindi	_	_	_	_	_	linguistic	_	none	_	_	_	_	_	_
340-11	BX001	340	11	insomma	insomma	_	_	_	_	_	linguistic	_	none	_	_	_	_	_	_
340-12	BX001	340	12	ora	ora	_	_	_	_	_	linguistic	_	none	_	_	_	_	_	_
340-13	BX001	340	13	[durante	durante	_	_	_	_	_	linguistic	_	none	_	_	_	_	_	0-7(98)
340-14	BX001	340	14	questo:]	questo	_	_	_	_	_	linguistic	_	none	_	_	5x1	_	_	0-6(98)
340-15	BX001	340	15	lockdown.	lockdown	_	_	_	_	_	linguistic	_	none	Intonation=Falling	End=1027.79	_	_	_	_
341-0	BX003	341	0	[mh	mh	_	_	_	_	_	linguistic	_	none	ProsodicLink=Yes	Begin=1026.296	_	_	_	0-2(98)
341-1	BX003	341	1	mh].	mh	_	_	_	_	_	linguistic	_	none	Intonation=Falling	End=1026.946	_	_	_	0-2(98)
342-0	BX003	342	0	sì	sì	_	_	_	_	_	linguistic	_	none	_	Begin=1027.8	_	_	_	_
342-1	BX003	342	1	sì.	sì	_	_	_	_	_	linguistic	_	none	Intonation=Falling	End=1028.586	_	_	_	_
343-0	BX003	343	0	be'	be'	_	_	_	_	_	linguistic	_	none	Truncated=Yes	Begin=1029.886	_	_	_	_
343-1	BX003	343	1	allora	allora	_	_	_	_	_	linguistic	_	none	_	_	_	_	_	_
343-2	BX003	343	2	è	è	_	_	_	_	_	linguistic	_	none	_	_	_	_	_	_
343-3	BX003	343	3	già	già	_	_	_	_	_	linguistic	_	none	_	_	_	_	_	_
343-4	BX003	343	4	tanto	tanto	_	_	_	_	_	linguistic	_	none	_	_	_	_	_	_
343-5	BX003	343	5	[cioè	cioè	_	_	_	_	_	linguistic	_	none	_	_	_	_	_	0-4(99)
343-6	BX003	343	6	bene	bene	_	_	_	_	_	linguistic	_	none	_	_	_	_	_	0-4(99)
343-7	BX003	343	7	che	che	_	_	_	_	_	linguistic	_	none	_	_	_	_	_	0-3(99)
343-8	BX003	343	8	mi	mi	_	_	_	_	_	linguistic	_	none	_	_	_	_	_	0-2(99)
343-9	BX003	343	9	abbiano	abbiano	_	_	_	_	_	linguistic	_	none	_	_	_	_	_	0-7(99)
343-10	BX003	343	10	solo	solo	_	_	_	_	_	linguistic	_	none	_	_	_	_	_	0-4(99)
343-11	BX003	343	11	(cazziato)]	cazziato	_	_	_	_	_	linguistic	_	none	_	End=1032.8	_	_	0-8(0)	0-8(99)
344-0	BX001	344	0	[((ride))	((ride))	_	_	_	_	_	nonverbalbehavior	_	none	_	Begin=1030.988	_	_	_	0-4(99)
344-1	BX001	344	1	(sche-)]	sche-	_	_	_	_	_	linguistic	_	none	Interrupted=Yes	_	_	_	0-5(0)	0-5(99)
344-2	BX001	344	2	so-	so-	_	_	_	_	_	linguistic	_	none	Interrupted=Yes	_	_	_	_	_
344-3	BX001	344	3	solo	solo	_	_	_	_	_	linguistic	_	none	_	_	_	_	_	_
344-4	BX001	344	4	chiusa	chiusa	_	_	_	_	_	linguistic	_	none	_	_	_	_	_	_
344-5	BX001	344	5	dentro	dentro	_	_	_	_	_	linguistic	_	none	_	_	_	_	_	_
344-6	BX001	344	6	insomma.	insomma	_	_	_	_	_	linguistic	_	none	Intonation=Falling	End=1035.16	_	_	_	_
345-0	BX001	345	0	be'	be'	_	_	_	_	_	linguistic	_	none	Truncated=Yes	Begin=1038.699	_	_	_	_
345-1	BX001	345	1	insomma	insomma	_	_	_	_	_	linguistic	_	none	_	_	_	_	_	_
345-2	BX001	345	2	va	va	_	_	_	_	_	linguistic	_	none	_	_	_	_	_	_
345-3	BX001	345	3	va	va	_	_	_	_	_	linguistic	_	none	_	_	_	_	_	_
345-4	BX001	345	4	bene	bene	_	_	_	_	_	linguistic	_	none	_	_	_	_	_	_
345-5	BX001	345	5	anche	anche	_	_	_	_	_	linguistic	_	none	_	_	_	_	_	_
345-6	BX001	345	6	meno	meno	_	_	_	_	_	linguistic	_	none	_	_	_	_	_	_
345-7	BX001	345	7	insomma.	insomma	_	_	_	_	_	linguistic	_	none	Intonation=Falling	End=1041.419	_	_	_	_
346-0	BX001	346	0	un	un	_	_	_	_	_	linguistic	_	none	_	Begin=1045.699	_	_	_	_
346-1	BX001	346	1	po'	po'	_	_	_	_	_	linguistic	_	none	_	_	_	_	_	_
346-2	BX001	346	2	esagerato.	esagerato	_	_	_	_	_	linguistic	_	none	Intonation=Falling	End=1047.059	_	_	_	_
347-0	BX001	347	0	oh	oh	_	_	_	_	_	linguistic	_	none	_	Begin=1055.02	_	_	_	_
347-1	BX001	347	1	comunque	comunque	_	_	_	_	_	linguistic	_	none	_	_	_	_	_	_
347-2	BX001	347	2	non	non	_	_	_	_	_	linguistic	_	none	_	_	_	_	_	_
347-3	BX001	347	3	c'	c'	_	_	_	_	_	linguistic	_	none	SpaceAfter=No	_	_	_	_	_
347-4	BX001	347	4	è	è	_	_	_	_	_	linguistic	_	none	_	_	_	_	_	_
347-5	BX001	347	5	neanche	neanche	_	_	_	_	_	linguistic	_	none	_	_	_	_	_	_
347-6	BX001	347	6	una	una	_	_	_	_	_	linguistic	_	none	_	_	_	_	_	_
347-7	BX001	347	7	nuvola	nuvola	_	_	_	_	_	linguistic	_	none	_	_	_	_	_	_
347-8	BX001	347	8	eh?	eh	_	_	_	_	_	linguistic	_	none	Intonation=Rising	_	_	_	_	_
347-9	BX001	347	9	cioè	cioè	_	_	_	_	_	linguistic	_	none	_	_	_	_	_	_
347-10	BX001	347	10	tutte,	tutte	_	_	_	_	_	linguistic	_	none	Intonation=WeaklyRising	End=1058.18	_	_	_	_
348-0	BX001	348	0	[forse	forse	_	_	_	_	_	linguistic	_	none	_	Begin=1058.882	_	_	_	0-5(100)
348-1	BX001	348	1	(e)]	e	_	_	_	_	_	linguistic	_	none	_	End=1059.792	_	_	0-1(0)	0-1(100)
349-0	BX003	349	0	[(ho	ho	_	_	_	_	_	linguistic	_	none	_	Begin=1058.882	_	_	0-2(0)	0-2(100)
349-1	BX003	349	1	visto.)]	visto	_	_	_	_	_	linguistic	_	none	Intonation=Falling	End=1059.792	_	_	0-5(0)	0-5(100)
350-0	BX003	350	0	io	io	_	_	_	_	_	linguistic	_	none	_	Begin=1061.762	_	_	_	_
350-1	BX003	350	1	pensavo	pensavo	_	_	_	_	_	linguistic	_	none	_	_	_	_	_	_
350-2	BX003	350	2	mi	mi	_	_	_	_	_	linguistic	_	none	_	_	_	_	_	_
350-3	BX003	350	3	avessi	avessi	_	_	_	_	_	linguistic	_	none	_	_	_	_	_	_
350-4	BX003	350	4	abbandonata	abbandonata	_	_	_	_	_	linguistic	_	none	_	_	_	_	_	_
350-5	BX003	350	5	stasera	stasera	_	_	_	_	_	linguistic	_	none	_	_	_	_	_	_
350-6	BX003	350	6	non	non	_	_	_	_	_	linguistic	_	none	_	_	_	_	_	_
350-7	BX003	350	7	arrivavi	arrivavi	_	_	_	_	_	linguistic	_	none	_	_	_	_	_	_
350-8	BX003	350	8	quindi	quindi	_	_	_	_	_	linguistic	_	none	_	_	_	_	_	_
350-9	BX003	350	9	ho	ho	_	_	_	_	_	linguistic	_	none	_	_	_	_	_	_
350-10	BX003	350	10	detto	detto	_	_	_	_	_	linguistic	_	none	_	_	_	_	_	_
350-11	BX003	350	11	è	è	_	_	_	_	_	linguistic	_	none	_	_	_	_	_	_
350-12	BX003	350	12	tornato	tornato	_	_	_	_	_	linguistic	_	none	_	_	_	_	_	_
350-13	BX003	350	13	a	a	_	_	_	_	_	linguistic	_	none	_	_	_	_	_	_
350-14	BX003	350	14	ca[sa.	casa	_	_	_	_	_	linguistic	_	none	Intonation=Falling	_	_	_	_	2-4(101)
350-15	BX003	350	15	((ride))]	((ride))	_	_	_	_	_	nonverbalbehavior	_	none	_	End=1066.19	_	_	_	0-4(101)
351-0	BX004	351	0	[no	no	_	_	_	_	_	linguistic	_	none	PauseAfter=Yes	Begin=1065.081	_	_	_	0-2(101)
351-1	BX004	351	1	(.)	(.)	_	_	_	_	_	shortpause	_	none	_	_	_	_	_	_
351-2	BX004	351	2	no	no	_	_	_	_	_	linguistic	_	none	_	_	_	_	_	0-2(101)
351-3	BX004	351	3	eh	eh	_	_	_	_	_	linguistic	_	none	PauseAfter=Yes	_	_	_	_	0-2(101)
351-4	BX004	351	4	(.)]	(.)	_	_	_	_	_	shortpause	_	none	_	_	_	_	_	_
351-5	BX004	351	5	no	no	_	_	_	_	_	linguistic	_	none	_	_	_	_	_	_
351-6	BX004	351	6	ma	ma	_	_	_	_	_	linguistic	_	none	_	_	_	_	_	_
351-7	BX004	351	7	infa-	infa-	_	_	_	_	_	linguistic	_	none	Interrupted=Yes	_	_	_	_	_
351-8	BX004	351	8	no	no	_	_	_	_	_	linguistic	_	none	_	_	_	_	_	_
351-9	BX004	351	9	ma	ma	_	_	_	_	_	linguistic	_	none	_	_	_	_	_	_
351-10	BX004	351	10	infatti	infatti	_	_	_	_	_	linguistic	_	none	_	_	_	_	_	_
351-11	BX004	351	11	(incomprensibile)	incomprensibile	_	_	_	_	_	linguistic	_	none	_	_	_	_	0-15(0)	_
351-12	BX004	351	12	anticipiamo	anticipiamo	_	_	_	_	_	linguistic	_	none	_	_	_	_	_	_
351-13	BX004	351	13	il	il	_	_	_	_	_	linguistic	_	none	_	_	_	_	_	_
351-14	BX004	351	14	giro	giro	_	_	_	_	_	linguistic	_	none	_	_	_	_	_	_
351-15	BX004	351	15	poi	poi	_	_	_	_	_	linguistic	_	none	_	_	_	_	_	_
351-16	BX004	351	16	il	il	_	_	_	_	_	linguistic	_	none	_	_	_	_	_	_
351-17	BX004	351	17	pomeriggio	pomeriggio	_	_	_	_	_	linguistic	_	none	_	_	_	_	_	_
351-18	BX004	351	18	alle	alle	_	_	_	_	_	linguistic	_	none	_	_	_	_	_	_
351-19	BX004	351	19	due	due	_	_	_	_	_	linguistic	_	none	_	_	_	_	_	_
351-20	BX004	351	20	e	e	_	_	_	_	_	linguistic	_	none	_	_	_	_	_	_
351-21	BX004	351	21	mezza	mezza	_	_	_	_	_	linguistic	_	none	_	_	_	_	_	_
351-22	BX004	351	22	così	così	_	_	_	_	_	linguistic	_	none	_	_	_	_	_	_
351-23	BX004	351	23	(vedrai)	vedrai	_	_	_	_	_	linguistic	_	none	_	_	_	_	0-6(1)	_
351-24	BX004	351	24	alle	alle	_	_	_	_	_	linguistic	_	none	_	_	_	_	_	_
351-25	BX004	351	25	tre	tre	_	_	_	_	_	linguistic	_	none	_	_	_	_	_	_
351-26	BX004	351	26	abbiam	abbiam	_	_	_	_	_	linguistic	_	none	_	_	_	_	_	_
351-27	BX004	351	27	finito,	finito	_	_	_	_	_	linguistic	_	none	Intonation=WeaklyRising|PauseAfter=Yes	_	_	_	_	_
351-28	BX004	351	28	(.)	(.)	_	_	_	_	_	shortpause	_	none	_	_	_	_	_	_
351-29	BX004	351	29	xxxx	xxxx	_	_	_	_	_	unknown	_	none	Syllables=4	_	_	_	_	_
351-30	BX004	351	30	alle	alle	_	_	_	_	_	linguistic	_	none	_	_	_	_	_	_
351-31	BX004	351	31	tre	tre	_	_	_	_	_	linguistic	_	none	_	_	_	_	_	_
351-32	BX004	351	32	abbiamo	abbiamo	_	_	_	_	_	linguistic	_	none	_	_	_	_	_	_
351-33	BX004	351	33	finito,	finito	_	_	_	_	_	linguistic	_	none	Intonation=WeaklyRising	End=1075.686	_	_	_	_
352-0	BX004	352	0	c'	c'	_	_	_	_	_	linguistic	_	none	SpaceAfter=No	Begin=1076.666	_	_	_	_
352-1	BX004	352	1	è	è	_	_	_	_	_	linguistic	_	none	_	_	_	_	_	_
352-2	BX004	352	2	più	più	_	_	_	_	_	linguistic	_	none	_	_	_	_	_	_
352-3	BX004	352	3	da	da	_	_	_	_	_	linguistic	_	none	_	_	_	_	_	_
352-4	BX004	352	4	fare	fare	_	_	_	_	_	linguistic	_	none	_	_	_	_	_	_
352-5	BX004	352	5	oh.	oh	_	_	_	_	_	linguistic	_	none	Intonation=Falling	End=1077.65	_	_	_	_
353-0	BX004	353	0	arriva,	arriva	_	_	_	_	_	linguistic	_	none	Intonation=WeaklyRising	Begin=1078.326|End=1078.926	_	_	_	_
354-0	BX004	354	0	xxx	xxx	_	_	_	_	_	unknown	_	none	Syllables=3	Begin=1079.761	_	_	_	_
354-1	BX004	354	1	e	e	_	_	_	_	_	linguistic	_	none	_	_	_	_	_	_
354-2	BX004	354	2	fa	fa	_	_	_	_	_	linguistic	_	none	_	_	_	_	_	_
354-3	BX004	354	3	ascolta	ascolta	_	_	_	_	_	linguistic	_	none	_	_	_	_	_	_
354-4	BX004	354	4	t-	t-	_	_	_	_	_	linguistic	_	none	Interrupted=Yes	_	_	_	_	_
354-5	BX004	354	5	hai	hai	_	_	_	_	_	linguistic	_	none	_	_	_	_	_	_
354-6	BX004	354	6	hai	hai	_	_	_	_	_	linguistic	_	none	_	_	_	_	_	_
354-7	BX004	354	7	tempo	tempo	_	_	_	_	_	linguistic	_	none	_	_	_	_	_	_
354-8	BX004	354	8	di	di	_	_	_	_	_	linguistic	_	none	_	_	_	_	_	_
354-9	BX004	354	9	fermarti	fermarti	_	_	_	_	_	linguistic	_	none	_	_	_	_	_	_
354-10	BX004	354	10	ancora	ancora	_	_	_	_	_	linguistic	_	none	_	_	_	_	_	_
354-11	BX004	354	11	un	un	_	_	_	_	_	linguistic	_	none	_	_	_	_	_	_
354-12	BX004	354	12	attimo,	attimo	_	_	_	_	_	linguistic	_	none	Intonation=WeaklyRising	_	_	_	_	_
354-13	BX004	354	13	che	che	_	_	_	_	_	linguistic	_	none	_	_	_	_	_	_
354-14	BX004	354	14	c'	c'	_	_	_	_	_	linguistic	_	none	SpaceAfter=No	_	_	_	_	_
354-15	BX004	354	15	è	è	_	_	_	_	_	linguistic	_	none	_	_	_	_	_	_
354-16	BX004	354	16	che	che	_	_	_	_	_	linguistic	_	none	_	_	_	_	_	_
354-17	BX004	354	17	devo	devo	_	_	_	_	_	linguistic	_	none	_	_	_	_	_	_
354-18	BX004	354	18	portare	portare	_	_	_	_	_	linguistic	_	none	_	_	_	_	_	_
354-19	BX004	354	19	un'	un'	_	_	_	_	_	linguistic	_	none	SpaceAfter=No	_	_	_	_	_
354-20	BX004	354	20	a-	a-	_	_	_	_	_	linguistic	_	none	Interrupted=Yes	_	_	_	_	_
354-21	BX004	354	21	devo	devo	_	_	_	_	_	linguistic	_	none	_	_	_	_	_	_
354-22	BX004	354	22	portare	portare	_	_	_	_	_	linguistic	_	none	_	_	_	_	_	_
354-23	BX004	354	23	un'	un'	_	_	_	_	_	linguistic	_	none	SpaceAfter=No	_	_	_	_	_
354-24	BX004	354	24	a-	a-	_	_	_	_	_	linguistic	_	none	Interrupted=Yes	_	_	_	_	_
354-25	BX004	354	25	un'	un'	_	_	_	_	_	linguistic	_	none	SpaceAfter=No	_	_	_	_	_
354-26	BX004	354	26	appendici-	appendici-	_	_	_	_	_	linguistic	_	none	Interrupted=Yes	_	_	_	_	_
354-27	BX004	354	27	un	un	_	_	_	_	_	linguistic	_	none	_	_	_	_	_	_
354-28	BX004	354	28	ragazzo	ragazzo	_	_	_	_	_	linguistic	_	none	_	_	_	_	_	_
354-29	BX004	354	29	con	con	_	_	_	_	_	linguistic	_	none	_	_	_	_	_	_
354-30	BX004	354	30	un'	un'	_	_	_	_	_	linguistic	_	none	SpaceAfter=No	_	_	_	_	_
354-31	BX004	354	31	appendicite	appendicite	_	_	_	_	_	linguistic	_	none	_	_	_	_	_	_
354-32	BX004	354	32	acuta	acuta	_	_	_	_	_	linguistic	_	none	_	_	_	_	_	_
354-33	BX004	354	33	in	in	_	_	_	_	_	linguistic	_	none	_	_	_	_	_	_
354-34	BX004	354	34	sala	sala	_	_	_	_	_	linguistic	_	none	_	_	_	_	_	_
354-35	BX004	354	35	operatoria,	operatoria	_	_	_	_	_	linguistic	_	none	Intonation=WeaklyRising	_	_	_	_	_
354-36	BX004	354	36	xxxxx	xxxxx	_	_	_	_	_	unknown	_	none	Syllables=5	_	_	_	_	_
354-37	BX004	354	37	una	una	_	_	_	_	_	linguistic	_	none	_	_	_	_	_	_
354-38	BX004	354	38	mano,	mano	_	_	_	_	_	linguistic	_	none	Intonation=WeaklyRising	End=1090.781	_	_	_	_
355-0	BX001	355	0	mh.	mh	_	_	_	_	_	linguistic	_	none	Intonation=Falling|PauseAfter=Yes	Begin=1090.976	_	_	_	_
355-1	BX001	355	1	(.)	(.)	_	_	_	_	_	shortpause	_	none	_	_	_	_	_	_
355-2	BX001	355	2	ha.	ha	_	_	_	_	_	linguistic	_	none	Intonation=Falling	End=1092.14	_	_	_	_
356-0	BX004	356	0	sì	sì	_	_	_	_	_	linguistic	_	none	_	Begin=1092.166	_	_	_	_
356-1	BX004	356	1	un	un	_	_	_	_	_	linguistic	_	none	_	_	_	_	_	_
356-2	BX004	356	2	a-	a-	_	_	_	_	_	linguistic	_	none	Interrupted=Yes	_	_	_	_	_
356-3	BX004	356	3	un	un	_	_	_	_	_	linguistic	_	none	_	_	_	_	_	_
356-4	BX004	356	4	a-	a-	_	_	_	_	_	linguistic	_	none	Interrupted=Yes	_	_	_	_	_
356-5	BX004	356	5	l'	l'	_	_	_	_	_	linguistic	_	none	SpaceAfter=No	_	_	_	_	_
356-6	BX004	356	6	attimo	attimo	_	_	_	_	_	linguistic	_	none	_	_	_	_	_	_
356-7	BX004	356	7	son	son	_	_	_	_	_	linguistic	_	none	_	_	_	_	_	_
356-8	BX004	356	8	state	state	_	_	_	_	_	linguistic	_	none	_	_	_	_	_	_
356-9	BX004	356	9	due	due	_	_	_	_	_	linguistic	_	none	_	_	_	_	_	_
356-10	BX004	356	10	ore,	ore	_	_	_	_	_	linguistic	_	none	Intonation=WeaklyRising	End=1094.546	_	_	_	_
357-0	BX004	357	0	vabbè	vabbè	_	_	_	_	_	linguistic	_	none	_	Begin=1095.081	_	_	_	_
357-1	BX004	357	1	dai	dai	_	_	_	_	_	linguistic	_	none	_	_	_	_	_	_
357-2	BX004	357	2	partia-	partia-	_	_	_	_	_	linguistic	_	none	Interrupted=Yes	_	_	_	_	_
357-3	BX004	357	3	cominciamo	cominciamo	_	_	_	_	_	linguistic	_	none	_	_	_	_	_	_
357-4	BX004	357	4	alle	alle	_	_	_	_	_	linguistic	_	none	_	_	_	_	_	_
357-5	BX004	357	5	cinque,	cinque	_	_	_	_	_	linguistic	_	none	Intonation=WeaklyRising|PauseAfter=Yes	_	_	_	_	_
357-6	BX004	357	6	(.)	(.)	_	_	_	_	_	shortpause	_	none	_	_	_	_	_	_
357-7	BX004	357	7	xxxx	xxxx	_	_	_	_	_	unknown	_	none	Syllables=4	_	_	_	_	_
357-8	BX004	357	8	a	a	_	_	_	_	_	linguistic	_	none	_	_	_	_	_	_
357-9	BX004	357	9	passo	passo	_	_	_	_	_	linguistic	_	none	_	_	_	_	_	_
357-10	BX004	357	10	io	io	_	_	_	_	_	linguistic	_	none	_	_	_	_	_	_
357-11	BX004	357	11	ci	ci	_	_	_	_	_	linguistic	_	none	_	_	_	_	_	_
357-12	BX004	357	12	metto	metto	_	_	_	_	_	linguistic	_	none	_	_	_	_	_	_
357-13	BX004	357	13	un'	un'	_	_	_	_	_	linguistic	_	none	SpaceAfter=No	_	_	_	_	_
357-14	BX004	357	14	ora	ora	_	_	_	_	_	linguistic	_	none	_	_	_	_	_	_
357-15	BX004	357	15	e	e	_	_	_	_	_	linguistic	_	none	_	_	_	_	_	_
357-16	BX004	357	16	mezza.	mezza	_	_	_	_	_	linguistic	_	none	Intonation=Falling	End=1099.0	_	_	_	_
358-0	BX004	358	0	(dicevo	dicevo	_	_	_	_	_	linguistic	_	none	_	Begin=1099.465	_	_	0-6(0)	_
358-1	BX004	358	1	ora	ora	_	_	_	_	_	linguistic	_	none	_	_	_	_	0-3(0)	_
358-2	BX004	358	2	di	di	_	_	_	_	_	linguistic	_	none	_	_	_	_	0-2(0)	_
358-3	BX004	358	3	finire)	finire	_	_	_	_	_	linguistic	_	none	_	_	_	_	0-6(0)	_
358-4	BX004	358	4	son	son	_	_	_	_	_	linguistic	_	none	_	_	_	_	_	_
358-5	BX004	358	5	le	le	_	_	_	_	_	linguistic	_	none	_	_	_	_	_	_
358-6	BX004	358	6	sei	sei	_	_	_	_	_	linguistic	_	none	_	_	_	_	_	_
358-7	BX004	358	7	e	e	_	_	_	_	_	linguistic	_	none	_	_	_	_	_	_
358-8	BX004	358	8	mezza,	mezza	_	_	_	_	_	linguistic	_	none	Intonation=WeaklyRising	End=1101.125	_	_	_	_
359-0	BX004	359	0	poi	poi	_	_	_	_	_	linguistic	_	none	_	Begin=1101.305	_	_	_	_
359-1	BX004	359	1	mi	mi	_	_	_	_	_	linguistic	_	none	_	_	_	_	_	_
359-2	BX004	359	2	fa	fa	_	_	_	_	_	linguistic	_	none	PauseAfter=Yes	_	_	_	_	_
359-3	BX004	359	3	(.)	(.)	_	_	_	_	_	shortpause	_	none	_	_	_	_	_	_
359-4	BX004	359	4	ah	ah	_	_	_	_	_	linguistic	_	none	_	_	_	_	_	_
359-5	BX004	359	5	ascolta,	ascolta	_	_	_	_	_	linguistic	_	none	Intonation=WeaklyRising|PauseAfter=Yes	_	_	_	_	_
359-6	BX004	359	6	(.)	(.)	_	_	_	_	_	shortpause	_	none	_	_	_	_	_	_
359-7	BX004	359	7	>poi	poi	_	_	_	_	_	linguistic	_	none	_	_	_	Fast=0-3(0)	_	_
359-8	BX004	359	8	dopo	dopo	_	_	_	_	_	linguistic	_	none	_	_	_	Fast=0-4(0)	_	_
359-9	BX004	359	9	ne,	ne	_	_	_	_	_	linguistic	_	none	Intonation=WeaklyRising	_	_	Fast=0-2(0)	_	_
359-10	BX004	359	10	poi	poi	_	_	_	_	_	linguistic	_	none	_	_	_	Fast=0-3(0)	_	_
359-11	BX004	359	11	dopo	dopo	_	_	_	_	_	linguistic	_	none	_	_	_	Fast=0-4(0)	_	_
359-12	BX004	359	12	poi	poi	_	_	_	_	_	linguistic	_	none	_	_	_	Fast=0-3(0)	_	_
359-13	BX004	359	13	dopo	dopo	_	_	_	_	_	linguistic	_	none	_	_	_	Fast=0-4(0)	_	_
359-14	BX004	359	14	sai	sai	_	_	_	_	_	linguistic	_	none	_	_	_	Fast=0-3(0)	_	_
359-15	BX004	359	15	ne	ne	_	_	_	_	_	linguistic	_	none	_	_	_	Fast=0-2(0)	_	_
359-16	BX004	359	16	abbiamo	abbiamo	_	_	_	_	_	linguistic	_	none	_	_	_	Fast=0-7(0)	_	_
359-17	BX004	359	17	anche	anche	_	_	_	_	_	linguistic	_	none	_	_	_	Fast=0-5(0)	_	_
359-18	BX004	359	18	un	un	_	_	_	_	_	linguistic	_	none	_	_	_	Fast=0-2(0)	_	_
359-19	BX004	359	19	altro<.	altro	_	_	_	_	_	linguistic	_	none	Intonation=Falling	End=1105.65	_	Fast=0-5(0)	_	_
360-0	BX003	360	0	[oh	oh	_	_	_	_	_	linguistic	_	none	_	Begin=1106.615	_	_	_	0-2(102)
360-1	BX003	360	1	madonna]	madonna	_	_	_	_	_	linguistic	_	none	_	End=1107.522	_	_	_	0-7(102)
361-0	BX004	361	0	[ho	ho	_	_	_	_	_	linguistic	_	none	_	Begin=1106.616	_	_	_	0-2(102)
361-1	BX004	361	1	detto	detto	_	_	_	_	_	linguistic	_	none	_	_	_	_	_	0-5(102)
361-2	BX004	361	2	un	un	_	_	_	_	_	linguistic	_	none	_	_	_	_	_	0-2(102)
361-3	BX004	361	3	altro	altro	_	_	_	_	_	linguistic	_	none	_	_	_	_	_	0-5(102)
361-4	BX004	361	4	chi	chi	_	_	_	_	_	linguistic	_	none	_	_	_	_	_	0-3(102)
361-5	BX004	361	5	un	un	_	_	_	_	_	linguistic	_	none	_	_	_	_	_	0-2(102)
361-6	BX004	361	6	a-]	a-	_	_	_	_	_	linguistic	_	none	Interrupted=Yes	_	_	_	_	0-2(102)
361-7	BX004	361	7	un	un	_	_	_	_	_	linguistic	_	none	_	_	_	_	_	_
361-8	BX004	361	8	altro	altro	_	_	_	_	_	linguistic	_	none	_	_	_	_	_	_
361-9	BX004	361	9	l'	l'	_	_	_	_	_	linguistic	_	none	SpaceAfter=No	_	_	_	_	_
361-10	BX004	361	10	altro	altro	_	_	_	_	_	linguistic	_	none	_	_	_	_	_	_
361-11	BX004	361	11	chi?	chi	_	_	_	_	_	linguistic	_	none	Intonation=Rising	End=1108.196	_	_	_	_
362-0	BX001	362	0	mh.	mh	_	_	_	_	_	linguistic	_	none	Intonation=Falling	Begin=1108.256|End=1108.53	_	_	_	_
363-0	BX004	363	0	<ma	ma	_	_	_	_	_	linguistic	_	none	_	Begin=1108.546	_	Slow=0-2(0)	_	_
363-1	BX004	363	1	sì	sì	_	_	_	_	_	linguistic	_	none	_	_	_	Slow=0-2(0)	_	_
363-2	BX004	363	2	uno	uno	_	_	_	_	_	linguistic	_	none	_	_	_	Slow=0-3(0)	_	_
363-3	BX004	363	3	che	che	_	_	_	_	_	linguistic	_	none	_	_	_	Slow=0-3(0)	_	_
363-4	BX004	363	4	uno	uno	_	_	_	_	_	linguistic	_	none	_	_	_	Slow=0-3(0)	_	_
363-5	BX004	363	5	che	che	_	_	_	_	_	linguistic	_	none	_	_	_	Slow=0-3(0)	_	_
363-6	BX004	363	6	è	è	_	_	_	_	_	linguistic	_	none	_	_	_	Slow=0-1(0)	_	_
363-7	BX004	363	7	stato	stato	_	_	_	_	_	linguistic	_	none	_	_	_	Slow=0-5(0)	_	_
363-8	BX004	363	8	operato	operato	_	_	_	_	_	linguistic	_	none	_	_	_	Slow=0-7(0)	_	_
363-9	BX004	363	9	eh	eh	_	_	_	_	_	linguistic	_	none	_	_	_	Slow=0-2(0)	_	_
363-10	BX004	363	10	ha	ha	_	_	_	_	_	linguistic	_	none	_	_	_	Slow=0-2(0)	_	_
363-11	BX004	363	11	avuto	avuto	_	_	_	_	_	linguistic	_	none	_	_	_	Slow=0-5(0)	_	_
363-12	BX004	363	12	un	un	_	_	_	_	_	linguistic	_	none	_	_	_	Slow=0-2(0)	_	_
363-13	BX004	363	13	problema>	problema	_	_	_	_	_	linguistic	_	none	_	_	_	Slow=0-8(0)	_	_
363-14	BX004	363	14	allora	allora	_	_	_	_	_	linguistic	_	none	_	_	_	_	_	_
363-15	BX004	363	15	l'	l'	_	_	_	_	_	linguistic	_	none	SpaceAfter=No	_	_	_	_	_
363-16	BX004	363	16	abbiam	abbiam	_	_	_	_	_	linguistic	_	none	_	_	_	_	_	_
363-17	BX004	363	17	riportato	riportato	_	_	_	_	_	linguistic	_	none	_	_	_	_	_	_
363-18	BX004	363	18	[no::]	no	_	_	_	_	_	linguistic	_	none	_	End=1113.766	1x2	_	_	0-2(103)
364-0	BX001	364	0	[due]	due	_	_	_	_	_	linguistic	_	none	_	Begin=1113.446	_	_	_	0-3(103)
364-1	BX001	364	1	al	al	_	_	_	_	_	linguistic	_	none	_	_	_	_	_	_
364-2	BX001	364	2	prezzo	prezzo	_	_	_	_	_	linguistic	_	none	_	_	_	_	_	_
364-3	BX001	364	3	di	di	_	_	_	_	_	linguistic	_	none	_	_	_	_	_	_
364-4	BX001	364	4	uno.	uno	_	_	_	_	_	linguistic	_	none	Intonation=Falling	End=1114.906	_	_	_	_
365-0	BX004	365	0	no::.	no	_	_	_	_	_	linguistic	_	none	Intonation=Falling	Begin=1115.24|End=1116.356	1x2	_	_	_
366-0	BX004	366	0	ho	ho	_	_	_	_	_	linguistic	_	none	_	Begin=1116.361	_	_	_	_
366-1	BX004	366	1	detto	detto	_	_	_	_	_	linguistic	_	none	_	_	_	_	_	_
366-2	BX004	366	2	vabbè	vabbè	_	_	_	_	_	linguistic	_	none	_	_	_	_	_	_
366-3	BX004	366	3	dai.	dai	_	_	_	_	_	linguistic	_	none	Intonation=Falling	_	_	_	_	_
366-4	BX004	366	4	[tanto]	tanto	_	_	_	_	_	linguistic	_	none	_	_	_	_	_	0-5(104)
366-5	BX004	366	5	ormai	ormai	_	_	_	_	_	linguistic	_	none	_	_	_	_	_	_
366-6	BX004	366	6	son	son	_	_	_	_	_	linguistic	_	none	_	_	_	_	_	_
366-7	BX004	366	7	qua.	qua	_	_	_	_	_	linguistic	_	none	Intonation=Falling	End=1118.111	_	_	_	_
367-0	BX003	367	0	[come]	come	_	_	_	_	_	linguistic	_	none	_	Begin=1117.121|End=1117.391	_	_	_	0-4(104)
368-0	BX003	368	0	ah	ah	_	_	_	_	_	linguistic	_	none	_	Begin=1118.231	_	_	_	_
368-1	BX003	368	1	funziona	funziona	_	_	_	_	_	linguistic	_	none	_	_	_	_	_	_
368-2	BX003	368	2	così	così	_	_	_	_	_	linguistic	_	none	_	_	_	_	_	_
368-3	BX003	368	3	anche	anche	_	_	_	_	_	linguistic	_	none	_	_	_	_	_	_
368-4	BX003	368	4	per	per	_	_	_	_	_	linguistic	_	none	_	_	_	_	_	_
368-5	BX003	368	5	voi	voi	_	_	_	_	_	linguistic	_	none	_	_	_	_	_	_
368-6	BX003	368	6	nel	nel	_	_	_	_	_	linguistic	_	none	_	_	_	_	_	_
368-7	BX003	368	7	senso	senso	_	_	_	_	_	linguistic	_	none	_	_	_	_	_	_
368-8	BX003	368	8	c'	c'	_	_	_	_	_	linguistic	_	none	SpaceAfter=No	_	_	_	_	_
368-9	BX003	368	9	è	è	_	_	_	_	_	linguistic	_	none	_	_	_	_	_	_
368-10	BX003	368	10	un	un	_	_	_	_	_	linguistic	_	none	_	_	_	_	_	_
368-11	BX003	368	11	altro.	altro	_	_	_	_	_	linguistic	_	none	Intonation=Falling|PauseAfter=Yes	_	_	_	_	_
368-12	BX003	368	12	(.)	(.)	_	_	_	_	_	shortpause	_	none	_	_	_	_	_	_
368-13	BX003	368	13	okay	okay	_	_	_	_	_	linguistic	_	none	_	_	_	_	_	_
368-14	BX003	368	14	((ride))	((ride))	_	_	_	_	_	nonverbalbehavior	_	none	_	End=1121.671	_	_	_	_
369-0	BX001	369	0	un	un	_	_	_	_	_	linguistic	_	none	_	Begin=1121.691	_	_	_	_
369-1	BX001	369	1	altro	altro	_	_	_	_	_	linguistic	_	none	_	_	_	_	_	_
369-2	BX001	369	2	in	in	_	_	_	_	_	linguistic	_	none	_	_	_	_	_	_
369-3	BX001	369	3	coda.	coda	_	_	_	_	_	linguistic	_	none	Intonation=Falling	End=1122.621	_	_	_	_
370-0	BX004	370	0	eh:	eh	_	_	_	_	_	linguistic	_	none	_	Begin=1122.651	1x1	_	_	_
370-1	BX004	370	1	((sbuffando))	((sbuffando))	_	_	_	_	_	nonverbalbehavior	_	none	_	End=1123.641	_	_	_	_
371-0	BX001	371	0	ah	ah	_	_	_	_	_	linguistic	_	none	_	Begin=1123.701	_	_	_	_
371-1	BX001	371	1	be'	be'	_	_	_	_	_	linguistic	_	none	Truncated=Yes	_	_	_	_	_
371-2	BX001	371	2	che	che	_	_	_	_	_	linguistic	_	none	_	_	_	_	_	_
371-3	BX001	371	3	[poi	poi	_	_	_	_	_	linguistic	_	none	_	_	_	_	_	0-3(105)
371-4	BX001	371	4	cosa]	cosa	_	_	_	_	_	linguistic	_	none	_	_	_	_	_	0-4(105)
371-5	BX001	371	5	fai	fai	_	_	_	_	_	linguistic	_	none	_	_	_	_	_	_
371-6	BX001	371	6	vabbè	vabbè	_	_	_	_	_	linguistic	_	none	_	_	_	_	_	_
371-7	BX001	371	7	torna	torna	_	_	_	_	_	linguistic	_	none	_	_	_	_	_	_
371-8	BX001	371	8	domani.	domani	_	_	_	_	_	linguistic	_	none	Intonation=Falling	End=1125.991	_	_	_	_
372-0	BX003	372	0	[strano].	strano	_	_	_	_	_	linguistic	_	none	Intonation=Falling	Begin=1124.121|End=1124.691	_	_	_	0-6(105)
373-0	BX001	373	0	no	no	_	_	_	_	_	linguistic	_	none	_	Begin=1126.261	_	_	_	_
373-1	BX001	373	1	mi	mi	_	_	_	_	_	linguistic	_	none	_	_	_	_	_	_
373-2	BX001	373	2	sa	sa	_	_	_	_	_	linguistic	_	none	_	_	_	_	_	_
373-3	BX001	373	3	di	di	_	_	_	_	_	linguistic	_	none	_	_	_	_	_	_
373-4	BX001	373	4	no.	no	_	_	_	_	_	linguistic	_	none	Intonation=Falling	_	_	_	_	_
373-5	BX001	373	5	<con	con	_	_	_	_	_	linguistic	_	none	_	_	_	Slow=0-3(0)	_	_
373-6	BX001	373	6	l'	l'	_	_	_	_	_	linguistic	_	none	SpaceAfter=No	_	_	Slow=0-2(0)	_	_
373-7	BX001	373	7	appendicite	appendicite	_	_	_	_	_	linguistic	_	none	_	_	_	Slow=0-11(0)	_	_
373-8	BX001	373	8	forse	forse	_	_	_	_	_	linguistic	_	none	_	_	_	Slow=0-5(0)	_	_
373-9	BX001	373	9	è	è	_	_	_	_	_	linguistic	_	none	_	_	_	Slow=0-1(0)	_	_
373-10	BX001	373	10	meglio	meglio	_	_	_	_	_	linguistic	_	none	_	_	_	Slow=0-6(0)	_	_
373-11	BX001	373	11	di	di	_	_	_	_	_	linguistic	_	none	_	_	_	Slow=0-2(0)	_	_
373-12	BX001	373	12	no>.	no	_	_	_	_	_	linguistic	_	none	Intonation=Falling	_	_	Slow=0-2(0)	_	_
373-13	BX001	373	13	((ridendo))	((ridendo))	_	_	_	_	_	nonverbalbehavior	_	none	_	End=1130.331	_	_	_	_
374-0	BX004	374	0	no	no	_	_	_	_	_	linguistic	_	none	_	Begin=1130.934	_	_	_	_
374-1	BX004	374	1	ecco	ecco	_	_	_	_	_	linguistic	_	none	_	_	_	_	_	_
374-2	BX004	374	2	quando	quando	_	_	_	_	_	linguistic	_	none	_	_	_	_	_	_
374-3	BX004	374	3	quando	quando	_	_	_	_	_	linguistic	_	none	_	_	_	_	_	_
374-4	BX004	374	4	ce	ce	_	_	_	_	_	linguistic	_	none	_	_	_	_	_	_
374-5	BX004	374	5	l'	l'	_	_	_	_	_	linguistic	_	none	SpaceAfter=No	_	_	_	_	_
374-6	BX004	374	6	hai	hai	_	_	_	_	_	linguistic	_	none	_	_	_	_	_	_
374-7	BX004	374	7	ce	ce	_	_	_	_	_	linguistic	_	none	_	_	_	_	_	_
374-8	BX004	374	8	l'	l'	_	_	_	_	_	linguistic	_	none	SpaceAfter=No	_	_	_	_	_
374-9	BX004	374	9	hai.	hai	_	_	_	_	_	linguistic	_	none	Intonation=Falling	End=1132.834	_	_	_	_
375-0	BX004	375	0	[ci	ci	_	_	_	_	_	linguistic	_	none	_	Begin=1133.549	_	_	_	0-2(106)
375-1	BX004	375	1	son-	son-	_	_	_	_	_	linguistic	_	none	Interrupted=Yes|PauseAfter=Yes	_	_	_	_	0-4(106)
375-2	BX004	375	2	(.)	(.)	_	_	_	_	_	shortpause	_	none	_	_	_	_	_	_
375-3	BX004	375	3	ci	ci	_	_	_	_	_	linguistic	_	none	_	_	_	_	_	0-2(106)
375-4	BX004	375	4	son]	son	_	_	_	_	_	linguistic	_	none	_	_	_	_	_	0-3(106)
375-5	BX004	375	5	diciamo	diciamo	_	_	_	_	_	linguistic	_	none	_	_	_	_	_	_
375-6	BX004	375	6	ci	ci	_	_	_	_	_	linguistic	_	none	_	_	_	_	_	_
375-7	BX004	375	7	son	son	_	_	_	_	_	linguistic	_	none	_	_	_	_	_	_
375-8	BX004	375	8	gli	gli	_	_	_	_	_	linguistic	_	none	_	_	_	_	_	_
375-9	BX004	375	9	americani	americani	_	_	_	_	_	linguistic	_	none	_	_	_	_	_	_
375-10	BX004	375	10	che	che	_	_	_	_	_	linguistic	_	none	_	_	_	_	_	_
375-11	BX004	375	11	hanno	hanno	_	_	_	_	_	linguistic	_	none	_	End=1136.369	_	_	_	_
376-0	BX001	376	0	[eh	eh	_	_	_	_	_	linguistic	_	none	_	Begin=1133.569	_	_	_	0-2(106)
376-1	BX001	376	1	sì	sì	_	_	_	_	_	linguistic	_	none	_	_	_	_	_	0-2(106)
376-2	BX001	376	2	e	e	_	_	_	_	_	linguistic	_	none	_	_	_	_	_	0-1(106)
376-3	BX001	376	3	e]	e	_	_	_	_	_	linguistic	_	none	_	End=1134.65	_	_	_	0-1(106)
377-0	BX001	377	0	((ride))	((ride))	_	_	_	_	_	nonverbalbehavior	_	none	_	Begin=1136.924	_	_	_	_
377-1	BX001	377	1	[xxx]	xxx	_	_	_	_	_	unknown	_	none	Syllables=3	End=1138.684	_	_	_	0-3(107)
378-0	BX004	378	0	[xxxx]	xxxx	_	_	_	_	_	unknown	_	none	Syllables=4	Begin=1137.644	_	_	_	0-4(107)
378-1	BX004	378	1	sull'	sull'	_	_	_	_	_	linguistic	_	none	SpaceAfter=No	_	_	_	_	_
378-2	BX004	378	2	approccio	approccio	_	_	_	_	_	linguistic	_	none	_	_	_	_	_	_
378-3	BX004	378	3	sulla	sulla	_	_	_	_	_	linguistic	_	none	_	_	_	_	_	_
378-4	BX004	378	4	terapia	terapia	_	_	_	_	_	linguistic	_	none	_	_	_	_	_	_
378-5	BX004	378	5	antibiotica:	antibiotica	_	_	_	_	_	linguistic	_	none	_	_	10x1	_	_	_
378-6	BX004	378	6	(a)	a	_	_	_	_	_	linguistic	_	none	_	_	_	_	0-1(0)	_
378-7	BX004	378	7	manetta:	manetta	_	_	_	_	_	linguistic	_	none	_	_	6x1	_	_	_
378-8	BX004	378	8	[e	e	_	_	_	_	_	linguistic	_	none	_	_	_	_	_	0-1(108)
378-9	BX004	378	9	xxx]	xxx	_	_	_	_	_	unknown	_	none	Syllables=3	End=1143.05	_	_	_	0-3(108)
379-0	BX001	379	0	[e	e	_	_	_	_	_	linguistic	_	none	_	Begin=1142.682	_	_	_	0-1(108)
379-1	BX001	379	1	lo	lo	_	_	_	_	_	linguistic	_	none	_	_	_	_	_	0-2(108)
379-2	BX001	379	2	la]sciano	lasciano	_	_	_	_	_	linguistic	_	none	_	_	_	_	_	0-2(108)
379-3	BX001	379	3	lì	lì	_	_	_	_	_	linguistic	_	none	_	_	_	_	_	_
379-4	BX001	379	4	un	un	_	_	_	_	_	linguistic	_	none	_	_	_	_	_	_
379-5	BX001	379	5	po'	po'	_	_	_	_	_	linguistic	_	none	PauseAfter=Yes	_	_	_	_	_
379-6	BX001	379	6	(.)	(.)	_	_	_	_	_	shortpause	_	none	_	_	_	_	_	_
379-7	BX001	379	7	magari	magari	_	_	_	_	_	linguistic	_	none	_	_	_	_	_	_
379-8	BX001	379	8	mi[gliora	migliora	_	_	_	_	_	linguistic	_	none	PauseAfter=Yes	_	_	_	_	2-8(109)
379-9	BX001	379	9	(.)	(.)	_	_	_	_	_	shortpause	_	none	_	_	_	_	_	_
379-10	BX001	379	10	magari	magari	_	_	_	_	_	linguistic	_	none	_	_	_	_	_	0-6(109)
379-11	BX001	379	11	muore].	muore	_	_	_	_	_	linguistic	_	none	Intonation=Falling	End=1147.102	_	_	_	0-5(109)
380-0	BX004	380	0	[(incomprensibile)]	incomprensibile	_	_	_	_	_	linguistic	_	none	_	Begin=1145.082|End=1147.89	_	_	0-15(0)	0-15(109)
381-0	BX001	381	0	(cioè	cioè	_	_	_	_	_	linguistic	_	none	_	Begin=1147.892	_	_	0-4(0)	_
381-1	BX001	381	1	cioè)	cioè	_	_	_	_	_	linguistic	_	none	_	_	_	_	0-4(0)	_
381-2	BX001	381	2	((ridendo))	((ridendo))	_	_	_	_	_	nonverbalbehavior	_	none	_	End=1148.922	_	_	_	_
382-0	BX004	382	0	[xxxx]	xxxx	_	_	_	_	_	unknown	_	none	Syllables=4	Begin=1148.932	_	_	_	0-4(110)
382-1	BX004	382	1	in	in	_	_	_	_	_	linguistic	_	none	_	_	_	_	_	_
382-2	BX004	382	2	realtà	realtà	_	_	_	_	_	linguistic	_	none	_	_	_	_	_	_
382-3	BX004	382	3	ci	ci	_	_	_	_	_	linguistic	_	none	_	_	_	_	_	_
382-4	BX004	382	4	son	son	_	_	_	_	_	linguistic	_	none	_	_	_	_	_	_
382-5	BX004	382	5	dei	dei	_	_	_	_	_	linguistic	_	none	_	_	_	_	_	_
382-6	BX004	382	6	casi	casi	_	_	_	_	_	linguistic	_	none	_	_	_	_	_	_
382-7	BX004	382	7	diciamo	diciamo	_	_	_	_	_	linguistic	_	none	_	_	_	_	_	_
382-8	BX004	382	8	(i	i	_	_	_	_	_	linguistic	_	none	_	_	_	_	0-1(0)	_
382-9	BX004	382	9	lo-	lo-	_	_	_	_	_	linguistic	_	none	Interrupted=Yes	_	_	_	0-3(0)	_
382-10	BX004	382	10	i	i	_	_	_	_	_	linguistic	_	none	_	_	_	_	0-1(0)	_
382-11	BX004	382	11	i	i	_	_	_	_	_	linguistic	_	none	_	_	_	_	0-1(0)	_
382-12	BX004	382	12	loro	loro	_	_	_	_	_	linguistic	_	none	_	_	_	_	0-4(0)	_
382-13	BX004	382	13	numeri)	numeri	_	_	_	_	_	linguistic	_	none	_	_	_	_	0-6(0)	_
382-14	BX004	382	14	son	son	_	_	_	_	_	linguistic	_	none	_	_	_	_	_	_
382-15	BX004	382	15	buoni	buoni	_	_	_	_	_	linguistic	_	none	_	_	_	_	_	_
382-16	BX004	382	16	perché	perché	_	_	_	_	_	linguistic	_	none	_	_	_	_	_	_
382-17	BX004	382	17	effettivamente	effettivamente	_	_	_	_	_	linguistic	_	none	_	_	_	_	_	_
382-18	BX004	382	18	xxx	xxx	_	_	_	_	_	unknown	_	none	Syllables=3	_	_	_	_	_
382-19	BX004	382	19	migliorano	migliorano	_	_	_	_	_	linguistic	_	none	_	End=1153.912	_	_	_	_
383-0	BX003	383	0	[((ride))	((ride))	_	_	_	_	_	nonverbalbehavior	_	none	_	Begin=1148.947	_	_	_	0-4(110)
383-1	BX003	383	1	(magari	magari	_	_	_	_	_	linguistic	_	none	_	_	_	_	0-6(0)	0-6(110)
383-2	BX003	383	2	migliora)	migliora	_	_	_	_	_	linguistic	_	none	_	_	_	_	0-8(0)	0-8(110)
383-3	BX003	383	3	((ridendo))]	((ridendo))	_	_	_	_	_	nonverbalbehavior	_	none	_	End=1150.407	_	_	_	0-7(110)
384-0	BX004	384	0	<però	però	_	_	_	_	_	linguistic	_	none	_	Begin=1154.767	_	Slow=0-4(0)	_	_
384-1	BX004	384	1	insomma	insomma	_	_	_	_	_	linguistic	_	none	_	_	_	Slow=0-7(0)	_	_
384-2	BX004	384	2	diciamo	diciamo	_	_	_	_	_	linguistic	_	none	_	_	_	Slow=0-7(0)	_	_
384-3	BX004	384	3	che>	che	_	_	_	_	_	linguistic	_	none	PauseAfter=Yes	_	_	Slow=0-3(0)	_	_
384-4	BX004	384	4	(.)	(.)	_	_	_	_	_	shortpause	_	none	_	_	_	_	_	_
384-5	BX004	384	5	devi	devi	_	_	_	_	_	linguistic	_	none	_	_	_	_	_	_
384-6	BX004	384	6	>diciamo<	diciamo	_	_	_	_	_	linguistic	_	none	_	_	_	Fast=0-7(0)	_	_
384-7	BX004	384	7	devi	devi	_	_	_	_	_	linguistic	_	none	_	_	_	_	_	_
384-8	BX004	384	8	un	un	_	_	_	_	_	linguistic	_	none	_	_	_	_	_	_
384-9	BX004	384	9	attimo	attimo	_	_	_	_	_	linguistic	_	none	_	_	_	_	_	_
384-10	BX004	384	10	[xxx	xxx	_	_	_	_	_	unknown	_	none	Syllables=3	_	_	_	_	0-3(111)
384-11	BX004	384	11	no].	no	_	_	_	_	_	linguistic	_	none	Intonation=Falling	_	_	_	_	0-2(111)
384-12	BX004	384	12	no	no	_	_	_	_	_	linguistic	_	none	_	_	_	_	_	_
384-13	BX004	384	13	dev-	dev-	_	_	_	_	_	linguistic	_	none	Interrupted=Yes	_	_	_	_	_
384-14	BX004	384	14	devi	devi	_	_	_	_	_	linguistic	_	none	_	_	_	_	_	_
384-15	BX004	384	15	un	un	_	_	_	_	_	linguistic	_	none	_	_	_	_	_	_
384-16	BX004	384	16	attimo	attimo	_	_	_	_	_	linguistic	_	none	_	_	_	_	_	_
384-17	BX004	384	17	devi	devi	_	_	_	_	_	linguistic	_	none	_	_	_	_	_	_
384-18	BX004	384	18	un	un	_	_	_	_	_	linguistic	_	none	_	_	_	_	_	_
384-19	BX004	384	19	attimo	attimo	_	_	_	_	_	linguistic	_	none	_	_	_	_	_	_
384-20	BX004	384	20	(sop-)	sop-	_	_	_	_	_	linguistic	_	none	Interrupted=Yes	_	_	_	0-4(0)	_
384-21	BX004	384	21	perché	perché	_	_	_	_	_	linguistic	_	none	_	_	_	_	_	_
384-22	BX004	384	22	non	non	_	_	_	_	_	linguistic	_	none	_	_	_	_	_	_
384-23	BX004	384	23	puoi	puoi	_	_	_	_	_	linguistic	_	none	_	_	_	_	_	_
384-24	BX004	384	24	usare	usare	_	_	_	_	_	linguistic	_	none	_	_	_	_	_	_
384-25	BX004	384	25	il	il	_	_	_	_	_	linguistic	_	none	_	_	_	_	_	_
384-26	BX004	384	26	metodo	metodo	_	_	_	_	_	linguistic	_	none	_	_	_	_	_	_
384-27	BX004	384	27	(con	con	_	_	_	_	_	linguistic	_	none	_	_	_	_	0-3(1)	_
384-28	BX004	384	28	tutti.)	tutti	_	_	_	_	_	linguistic	_	none	Intonation=Falling	End=1162.748	_	_	0-5(1)	_
385-0	BX001	385	0	[sono	sono	_	_	_	_	_	linguistic	_	none	_	Begin=1158.208	_	_	_	0-4(111)
385-1	BX001	385	1	un	un	_	_	_	_	_	linguistic	_	none	_	_	_	_	_	0-2(111)
385-2	BX001	385	2	po'	po'	_	_	_	_	_	linguistic	_	none	_	_	_	_	_	0-3(111)
385-3	BX001	385	3	un	un	_	_	_	_	_	linguistic	_	none	_	_	_	_	_	0-2(111)
385-4	BX001	385	4	rischio].	rischio	_	_	_	_	_	linguistic	_	none	Intonation=Falling	End=1159.298	_	_	_	0-7(111)
386-0	BX001	386	0	ah	ah	_	_	_	_	_	linguistic	_	none	_	Begin=1162.768	_	_	_	_
386-1	BX001	386	1	be'	be'	_	_	_	_	_	linguistic	_	none	Truncated=Yes	_	_	_	_	_
386-2	BX001	386	2	cer[to]	certo	_	_	_	_	_	linguistic	_	none	_	End=1163.728	_	_	_	3-5(112)
387-0	BX004	387	0	[devi]	devi	_	_	_	_	_	linguistic	_	none	_	Begin=1163.553	_	_	_	0-4(112)
387-1	BX004	387	1	un	un	_	_	_	_	_	linguistic	_	none	_	_	_	_	_	_
387-2	BX004	387	2	attimo	attimo	_	_	_	_	_	linguistic	_	none	_	_	_	_	_	_
387-3	BX004	387	3	valutare	valutare	_	_	_	_	_	linguistic	_	none	_	_	_	_	_	_
387-4	BX004	387	4	chi	chi	_	_	_	_	_	linguistic	_	none	PauseAfter=Yes	_	_	_	_	_
387-5	BX004	387	5	(.)	(.)	_	_	_	_	_	shortpause	_	none	_	_	_	_	_	_
387-6	BX004	387	6	(incomprensibile)	incomprensibile	_	_	_	_	_	linguistic	_	none	_	End=1166.943	_	_	0-15(0)	_
388-0	BX004	388	0	sì	sì	_	_	_	_	_	linguistic	_	none	_	Begin=1168.668	_	_	_	_
388-1	BX004	388	1	infatti	infatti	_	_	_	_	_	linguistic	_	none	_	_	_	_	_	_
388-2	BX004	388	2	spera-	spera-	_	_	_	_	_	linguistic	_	none	Interrupted=Yes	_	_	_	_	_
388-3	BX004	388	3	infa-	infa-	_	_	_	_	_	linguistic	_	none	Interrupted=Yes	_	_	_	_	_
388-4	BX004	388	4	infatti	infatti	_	_	_	_	_	linguistic	_	none	_	_	_	_	_	_
388-5	BX004	388	5	dicevo	dicevo	_	_	_	_	_	linguistic	_	none	_	_	_	_	_	_
388-6	BX004	388	6	dai	dai	_	_	_	_	_	linguistic	_	none	_	_	_	_	_	_
388-7	BX004	388	7	xxxx	xxxx	_	_	_	_	_	unknown	_	none	Syllables=4	_	_	_	_	_
388-8	BX004	388	8	perfetto	perfetto	_	_	_	_	_	linguistic	_	none	_	_	_	_	_	_
388-9	BX004	388	9	vado	vado	_	_	_	_	_	linguistic	_	none	_	_	_	_	_	_
388-10	BX004	388	10	qua	qua	_	_	_	_	_	linguistic	_	none	_	_	_	_	_	_
388-11	BX004	388	11	in	in	_	_	_	_	_	linguistic	_	none	_	_	_	_	_	_
388-12	BX004	388	12	pan-	pan-	_	_	_	_	_	linguistic	_	none	Interrupted=Yes	_	_	_	_	_
388-13	BX004	388	13	che	che	_	_	_	_	_	linguistic	_	none	_	_	_	_	_	_
388-14	BX004	388	14	fa	fa	_	_	_	_	_	linguistic	_	none	_	_	_	_	_	_
388-15	BX004	388	15	i	i	_	_	_	_	_	linguistic	_	none	_	_	_	_	_	_
388-16	BX004	388	16	pa-	pa-	_	_	_	_	_	linguistic	_	none	Interrupted=Yes	_	_	_	_	_
388-17	BX004	388	17	i	i	_	_	_	_	_	linguistic	_	none	_	_	_	_	_	_
388-18	BX004	388	18	panini,	panini	_	_	_	_	_	linguistic	_	none	Intonation=WeaklyRising|PauseAfter=Yes	_	_	_	_	_
388-19	BX004	388	19	(.)	(.)	_	_	_	_	_	shortpause	_	none	_	_	_	_	_	_
388-20	BX004	388	20	xxxx	xxxx	_	_	_	_	_	unknown	_	none	Syllables=4	_	_	_	_	_
388-21	BX004	388	21	(trovato)	trovato	_	_	_	_	_	linguistic	_	none	_	_	_	_	0-7(0)	_
388-22	BX004	388	22	tutto	tutto	_	_	_	_	_	linguistic	_	none	_	_	_	_	_	_
388-23	BX004	388	23	chiuso.	chiuso	_	_	_	_	_	linguistic	_	none	Intonation=Falling	End=1176.02	_	_	_	_
389-0	BX004	389	0	°va	va	_	_	_	_	_	linguistic	_	none	Volume=low	Begin=1178.348	_	_	_	_
389-1	BX004	389	1	be'°	be'	_	_	_	_	_	linguistic	_	none	Truncated=Yes|Volume=low	End=1178.638	_	_	_	_
390-0	BX001	390	0	eh	eh	_	_	_	_	_	linguistic	_	none	_	Begin=1182.558	_	_	_	_
390-1	BX001	390	1	vabbè	vabbè	_	_	_	_	_	linguistic	_	none	_	_	_	_	_	_
390-2	BX001	390	2	il	il	_	_	_	_	_	linguistic	_	none	_	_	_	_	_	_
390-3	BX001	390	3	dovere	dovere	_	_	_	_	_	linguistic	_	none	_	_	_	_	_	_
390-4	BX001	390	4	il	il	_	_	_	_	_	linguistic	_	none	_	_	_	_	_	_
390-5	BX001	390	5	dove[re].	dovere	_	_	_	_	_	linguistic	_	none	Intonation=Falling	End=1184.22	_	_	_	4-6(113)
391-0	BX004	391	0	[buo]na.	buona	_	_	_	_	_	linguistic	_	none	Intonation=Falling	Begin=1184.028|End=1184.468	_	_	_	0-3(113)
392-0	BX001	392	0	[sì	sì	_	_	_	_	_	linguistic	_	none	_	Begin=1185.813	_	_	_	0-2(333)
392-1	BX001	392	1	dai	dai	_	_	_	_	_	linguistic	_	none	_	_	_	_	_	0-3(333)
392-2	BX001	392	2	si	si	_	_	_	_	_	linguistic	_	none	_	_	_	_	_	0-2(333)
392-3	BX001	392	3	di-	di-	_	_	_	_	_	linguistic	_	none	Interrupted=Yes	_	_	_	_	0-3(333)
392-4	BX001	392	4	si	si	_	_	_	_	_	linguistic	_	none	_	_	_	_	_	0-2(333)
392-5	BX001	392	5	si	si	_	_	_	_	_	linguistic	_	none	_	_	_	_	_	0-2(333)
392-6	BX001	392	6	(difende)	difende	_	_	_	_	_	linguistic	_	none	_	_	_	_	0-7(0)	0-7(333)
392-7	BX001	392	7	xx	xx	_	_	_	_	_	unknown	_	none	Syllables=2	_	_	_	_	0-2(333)
392-8	BX001	392	8	molto	molto	_	_	_	_	_	linguistic	_	none	_	_	_	_	_	0-5(333)
392-9	BX001	392	9	buona],	buona	_	_	_	_	_	linguistic	_	none	Intonation=WeaklyRising	End=1188.423	_	_	_	0-5(333)
393-0	BX004	393	0	[(incomprensibile)	incomprensibile	_	_	_	_	_	linguistic	_	none	PauseAfter=Yes	Begin=1185.813	_	_	0-15(0)	0-15(333)
393-1	BX004	393	1	(.)]	(.)	_	_	_	_	_	shortpause	_	none	_	_	_	_	_	_
393-2	BX004	393	2	molto	molto	_	_	_	_	_	linguistic	_	none	_	_	_	_	_	_
393-3	BX004	393	3	buona.	buona	_	_	_	_	_	linguistic	_	none	Intonation=Falling	End=1188.89	_	_	_	_
394-0	BX003	394	0	[piace	piace	_	_	_	_	_	linguistic	_	none	_	Begin=1187.363	_	_	_	0-5(333)
394-1	BX003	394	1	anche	anche	_	_	_	_	_	linguistic	_	none	_	_	_	_	_	0-5(333)
394-2	BX003	394	2	a	a	_	_	_	_	_	linguistic	_	none	_	_	_	_	_	0-1(333)
394-3	BX003	394	3	me]	me	_	_	_	_	_	linguistic	_	none	_	End=1188.133	_	_	_	0-2(333)
395-0	BX001	395	0	no	no	_	_	_	_	_	linguistic	_	none	_	Begin=1189.861	_	_	_	_
395-1	BX001	395	1	ma	ma	_	_	_	_	_	linguistic	_	none	_	_	_	_	_	_
395-2	BX001	395	2	mh	mh	_	_	_	_	_	linguistic	_	none	_	_	_	_	_	_
395-3	BX001	395	3	gua-	gua-	_	_	_	_	_	linguistic	_	none	Interrupted=Yes	_	_	_	_	_
395-4	BX001	395	4	me	me	_	_	_	_	_	linguistic	_	none	_	_	_	_	_	_
395-5	BX001	395	5	l'	l'	_	_	_	_	_	linguistic	_	none	SpaceAfter=No	_	_	_	_	_
395-6	BX001	395	6	ha	ha	_	_	_	_	_	linguistic	_	none	_	_	_	_	_	_
395-7	BX001	395	7	consigliata	consigliata	_	_	_	_	_	linguistic	_	none	_	_	_	_	_	_
395-8	BX001	395	8	una	una	_	_	_	_	_	linguistic	_	none	_	_	_	_	_	_
395-9	BX001	395	9	ragazza	ragazza	_	_	_	_	_	linguistic	_	none	_	_	_	_	_	_
395-10	BX001	395	10	[di:]	di	_	_	_	_	_	linguistic	_	none	_	End=1193.21	1x1	_	_	0-2(114)
396-0	BX004	396	0	[di]	di	_	_	_	_	_	linguistic	_	none	_	Begin=1192.476	_	_	_	0-2(114)
396-1	BX004	396	1	bolzano	bolzano	_	_	_	_	_	linguistic	_	none	_	End=1193.256	_	_	_	_
397-0	BX001	397	0	eh	eh	_	_	_	_	_	linguistic	_	none	_	Begin=1193.3	_	_	_	_
397-1	BX001	397	1	sopra	sopra	_	_	_	_	_	linguistic	_	none	_	_	_	_	_	_
397-2	BX001	397	2	merano	merano	_	_	_	_	_	linguistic	_	none	_	_	_	_	_	_
397-3	BX001	397	3	insomma,	insomma	_	_	_	_	_	linguistic	_	none	Intonation=WeaklyRising	End=1194.83	_	_	_	_
398-0	BX004	398	0	<veramente	veramente	_	_	_	_	_	linguistic	_	none	_	Begin=1194.94	_	Slow=0-9(0)	_	_
398-1	BX004	398	1	buona>.	buona	_	_	_	_	_	linguistic	_	none	Intonation=Falling	End=1196.14	_	Slow=0-5(0)	_	_
399-0	BX001	399	0	no	no	_	_	_	_	_	linguistic	_	none	_	Begin=1198.975	_	_	_	_
399-1	BX001	399	1	no,	no	_	_	_	_	_	linguistic	_	none	Intonation=WeaklyRising	_	_	_	_	_
399-2	BX001	399	2	m'	m'	_	_	_	_	_	linguistic	_	none	SpaceAfter=No	_	_	_	_	_
399-3	BX001	399	3	ha	ha	_	_	_	_	_	linguistic	_	none	_	_	_	_	_	_
399-4	BX001	399	4	detto,	detto	_	_	_	_	_	linguistic	_	none	Intonation=WeaklyRising	_	_	_	_	_
399-5	BX001	399	5	no	no	_	_	_	_	_	linguistic	_	none	_	_	_	_	_	_
399-6	BX001	399	6	ma	ma	_	_	_	_	_	linguistic	_	none	_	_	_	_	_	_
399-7	BX001	399	7	devi	devi	_	_	_	_	_	linguistic	_	none	_	_	_	_	_	_
399-8	BX001	399	8	prendere	prendere	_	_	_	_	_	linguistic	_	none	_	_	_	_	_	_
399-9	BX001	399	9	proprio	proprio	_	_	_	_	_	linguistic	_	none	_	_	_	_	_	_
399-10	BX001	399	10	quello	quello	_	_	_	_	_	linguistic	_	none	_	_	_	_	_	_
399-11	BX001	399	11	lì.	lì	_	_	_	_	_	linguistic	_	none	Intonation=Falling	End=1201.225	_	_	_	_
400-0	BX001	400	0	°va	va	_	_	_	_	_	linguistic	_	none	Volume=low	Begin=1201.865	_	_	_	_
400-1	BX001	400	1	be'	be'	_	_	_	_	_	linguistic	_	none	Truncated=Yes|PauseAfter=Yes|Volume=low	_	_	_	_	_
400-2	BX001	400	2	(.)	(.)	_	_	_	_	_	shortpause	_	none	_	_	_	_	_	_
400-3	BX001	400	3	prenderò	prenderò	_	_	_	_	_	linguistic	_	none	Volume=low	_	_	_	_	_
400-4	BX001	400	4	quello	quello	_	_	_	_	_	linguistic	_	none	Volume=low	_	_	_	_	_
400-5	BX001	400	5	lì.°	lì	_	_	_	_	_	linguistic	_	none	Intonation=Falling|Volume=low	End=1203.425	_	_	_	_
401-0	BX001	401	0	glielo	glielo	_	_	_	_	_	linguistic	_	none	_	Begin=1205.747	_	_	_	_
401-1	BX001	401	1	dirò.	dirò	_	_	_	_	_	linguistic	_	none	Intonation=Falling|PauseAfter=Yes	_	_	_	_	_
401-2	BX001	401	2	(.)	(.)	_	_	_	_	_	shortpause	_	none	_	_	_	_	_	_
401-3	BX001	401	3	riferirò.	riferirò	_	_	_	_	_	linguistic	_	none	Intonation=Falling	End=1207.187	_	_	_	_
402-0	BX001	402	0	andava	andava	_	_	_	_	_	linguistic	_	none	_	Begin=1214.591	_	_	_	_
402-1	BX001	402	1	lasciato	lasciato	_	_	_	_	_	linguistic	_	none	_	_	_	_	_	_
402-2	BX001	402	2	fuori	fuori	_	_	_	_	_	linguistic	_	none	_	_	_	_	_	_
402-3	BX001	402	3	un	un	_	_	_	_	_	linguistic	_	none	_	_	_	_	_	_
402-4	BX001	402	4	pochino.	pochino	_	_	_	_	_	linguistic	_	none	Intonation=Falling|PauseAfter=Yes	_	_	_	_	_
402-5	BX001	402	5	(.)	(.)	_	_	_	_	_	shortpause	_	none	_	_	_	_	_	_
402-6	BX001	402	6	un	un	_	_	_	_	_	linguistic	_	none	_	_	_	_	_	_
402-7	BX001	402	7	pelino	pelino	_	_	_	_	_	linguistic	_	none	_	_	_	_	_	_
402-8	BX001	402	8	più	più	_	_	_	_	_	linguistic	_	none	_	_	_	_	_	_
402-9	BX001	402	9	[fresco	fresco	_	_	_	_	_	linguistic	_	none	_	_	_	_	_	0-6(115)
402-10	BX001	402	10	era],	era	_	_	_	_	_	linguistic	_	none	Intonation=WeaklyRising	End=1218.421	_	_	_	0-3(115)
403-0	BX004	403	0	[mh.	mh	_	_	_	_	_	linguistic	_	none	Intonation=Falling	Begin=1217.341	_	_	_	0-2(115)
403-1	BX004	403	1	(sì	sì	_	_	_	_	_	linguistic	_	none	_	_	_	_	0-2(0)	0-2(115)
403-2	BX004	403	2	esatto)]	esatto	_	_	_	_	_	linguistic	_	none	_	_	_	_	0-6(0)	0-6(115)
403-3	BX004	403	3	un	un	_	_	_	_	_	linguistic	_	none	_	_	_	_	_	_
403-4	BX004	403	4	po'	po'	_	_	_	_	_	linguistic	_	none	_	_	_	_	_	_
403-5	BX004	403	5	di	di	_	_	_	_	_	linguistic	_	none	_	_	_	_	_	_
403-6	BX004	403	6	gradi	gradi	_	_	_	_	_	linguistic	_	none	_	_	_	_	_	_
403-7	BX004	403	7	in	in	_	_	_	_	_	linguistic	_	none	_	_	_	_	_	_
403-8	BX004	403	8	meno,	meno	_	_	_	_	_	linguistic	_	none	Intonation=WeaklyRising	_	_	_	_	_
403-9	BX004	403	9	però	però	_	_	_	_	_	linguistic	_	none	_	_	_	_	_	_
403-10	BX004	403	10	°insomma.°	insomma	_	_	_	_	_	linguistic	_	none	Intonation=Falling|Volume=low	End=1219.601	_	_	_	_
404-0	BX001	404	0	era	era	_	_	_	_	_	linguistic	_	none	_	Begin=1220.351	_	_	_	_
404-1	BX001	404	1	top.	top	_	_	_	_	_	linguistic	_	none	Intonation=Falling	End=1221.381	_	_	_	_
405-0	BX001	405	0	però	però	_	_	_	_	_	linguistic	_	none	_	Begin=1224.591	_	_	_	_
405-1	BX001	405	1	così	così	_	_	_	_	_	linguistic	_	none	_	_	_	_	_	_
405-2	BX001	405	2	ci:	ci	_	_	_	_	_	linguistic	_	none	PauseAfter=Yes	_	1x1	_	_	_
405-3	BX001	405	3	(.)	(.)	_	_	_	_	_	shortpause	_	none	_	_	_	_	_	_
405-4	BX001	405	4	ci	ci	_	_	_	_	_	linguistic	_	none	_	_	_	_	_	_
405-5	BX001	405	5	piace.	piace	_	_	_	_	_	linguistic	_	none	Intonation=Falling	End=1226.801	_	_	_	_
406-0	BX002	406	0	mamma	mamma	_	_	_	_	_	linguistic	_	none	_	Begin=1228.931	_	_	_	_
406-1	BX002	406	1	che	che	_	_	_	_	_	linguistic	_	none	_	_	_	_	_	_
406-2	BX002	406	2	abbiocco	abbiocco	_	_	_	_	_	linguistic	_	none	_	_	_	_	_	_
406-3	BX002	406	3	che	che	_	_	_	_	_	linguistic	_	none	_	_	_	_	_	_
406-4	BX002	406	4	ho,	ho	_	_	_	_	_	linguistic	_	none	Intonation=WeaklyRising	_	_	_	_	_
406-5	BX002	406	5	ho	ho	_	_	_	_	_	linguistic	_	none	_	_	_	_	_	_
406-6	BX002	406	6	un	un	_	_	_	_	_	linguistic	_	none	_	_	_	_	_	_
406-7	BX002	406	7	sonno,	sonno	_	_	_	_	_	linguistic	_	none	Intonation=WeaklyRising	End=1231.161	_	_	_	_
407-0	BX001	407	0	((ride))	((ride))	_	_	_	_	_	nonverbalbehavior	_	none	_	Begin=1231.261|End=1231.811	_	_	_	_
408-0	BX001	408	0	vabbè	vabbè	_	_	_	_	_	linguistic	_	none	_	Begin=1233.171	_	_	_	_
408-1	BX001	408	1	dai	dai	_	_	_	_	_	linguistic	_	none	_	_	_	_	_	_
408-2	BX001	408	2	per	per	_	_	_	_	_	linguistic	_	none	_	_	_	_	_	_
408-3	BX001	408	3	oggi	oggi	_	_	_	_	_	linguistic	_	none	_	_	_	_	_	_
408-4	BX001	408	4	non	non	_	_	_	_	_	linguistic	_	none	_	_	_	_	_	_
408-5	BX001	408	5	hai	hai	_	_	_	_	_	linguistic	_	none	_	_	_	_	_	_
408-6	BX001	408	6	da	da	_	_	_	_	_	linguistic	_	none	_	_	_	_	_	_
408-7	BX001	408	7	guardare	guardare	_	_	_	_	_	linguistic	_	none	_	_	_	_	_	_
408-8	BX001	408	8	netflix.	netflix	_	_	_	_	_	linguistic	_	none	Intonation=Falling	End=1235.931	_	_	_	_
409-0	BX002	409	0	°no,°	no	_	_	_	_	_	linguistic	_	none	Intonation=WeaklyRising|Volume=low	Begin=1236.351|End=1237.051	_	_	_	_
410-0	BX001	410	0	((ride))	((ride))	_	_	_	_	_	nonverbalbehavior	_	none	_	Begin=1237.076	_	_	_	_
410-1	BX001	410	1	hai	hai	_	_	_	_	_	linguistic	_	none	_	_	_	_	_	_
410-2	BX001	410	2	già	già	_	_	_	_	_	linguistic	_	none	_	_	_	_	_	_
410-3	BX001	410	3	finito	finito	_	_	_	_	_	linguistic	_	none	_	_	_	_	_	_
410-4	BX001	410	4	((ridendo))	((ridendo))	_	_	_	_	_	nonverbalbehavior	_	none	_	_	_	_	_	_
410-5	BX001	410	5	.	.	_	_	_	_	_	error	_	none	_	_	_	_	_	_
410-6	BX001	410	6	ah	ah	_	_	_	_	_	linguistic	_	none	_	_	_	_	_	_
410-7	BX001	410	7	no	no	_	_	_	_	_	linguistic	_	none	_	_	_	_	_	_
410-8	BX001	410	8	ma	ma	_	_	_	_	_	linguistic	_	none	_	_	_	_	_	_
410-9	BX001	410	9	c'	c'	_	_	_	_	_	linguistic	_	none	SpaceAfter=No	_	_	_	_	_
410-10	BX001	410	10	è	è	_	_	_	_	_	linguistic	_	none	_	_	_	_	_	_
410-11	BX001	410	11	la:	la	_	_	_	_	_	linguistic	_	none	_	_	1x1	_	_	_
410-12	BX001	410	12	la	la	_	_	_	_	_	linguistic	_	none	_	_	_	_	_	_
410-13	BX001	410	13	stagione	stagione	_	_	_	_	_	linguistic	_	none	_	_	_	_	_	_
410-14	BX001	410	14	quella	quella	_	_	_	_	_	linguistic	_	none	_	_	_	_	_	_
410-15	BX001	410	15	[dopo].	dopo	_	_	_	_	_	linguistic	_	none	Intonation=Falling	End=1241.31	_	_	_	0-4(116)
411-0	BX002	411	0	[di	di	_	_	_	_	_	linguistic	_	none	_	Begin=1240.858	_	_	_	0-2(116)
411-1	BX002	411	1	mes]sico.	messico	_	_	_	_	_	linguistic	_	none	Intonation=Falling	End=1241.778	_	_	_	0-3(116)
412-0	BX001	412	0	((ride))	((ride))	_	_	_	_	_	nonverbalbehavior	_	none	_	Begin=1241.808|End=1242.898	_	_	_	_
413-0	BX002	413	0	non	non	_	_	_	_	_	linguistic	_	none	_	Begin=1243.928	_	_	_	_
413-1	BX002	413	1	lo	lo	_	_	_	_	_	linguistic	_	none	_	_	_	_	_	_
413-2	BX002	413	2	so	so	_	_	_	_	_	linguistic	_	none	_	_	_	_	_	_
413-3	BX002	413	3	volevo	volevo	_	_	_	_	_	linguistic	_	none	_	_	_	_	_	_
413-4	BX002	413	4	guardare	guardare	_	_	_	_	_	linguistic	_	none	_	_	_	_	_	_
413-5	BX002	413	5	qualcosa:,	qualcosa	_	_	_	_	_	linguistic	_	none	Intonation=WeaklyRising|PauseAfter=Yes	_	7x1	_	_	_
413-6	BX002	413	6	(.)	(.)	_	_	_	_	_	shortpause	_	none	_	_	_	_	_	_
413-7	BX002	413	7	perché	perché	_	_	_	_	_	linguistic	_	none	_	_	_	_	_	_
413-8	BX002	413	8	avevo	avevo	_	_	_	_	_	linguistic	_	none	_	_	_	_	_	_
413-9	BX002	413	9	visto	visto	_	_	_	_	_	linguistic	_	none	_	_	_	_	_	_
413-10	BX002	413	10	una	una	_	_	_	_	_	linguistic	_	none	_	_	_	_	_	_
413-11	BX002	413	11	serie	serie	_	_	_	_	_	linguistic	_	none	_	_	_	_	_	_
413-12	BX002	413	12	in	in	_	_	_	_	_	linguistic	_	none	_	_	_	_	_	_
413-13	BX002	413	13	norvegese,	norvegese	_	_	_	_	_	linguistic	_	none	Intonation=WeaklyRising	End=1248.36	_	_	_	_
414-0	BX002	414	0	e	e	_	_	_	_	_	linguistic	_	none	_	Begin=1249.098	_	_	_	_
414-1	BX002	414	1	[volevo	volevo	_	_	_	_	_	linguistic	_	none	_	_	_	_	_	0-6(?)
414-2	BX002	414	2	guardare]	guardare	_	_	_	_	_	linguistic	_	none	_	_	_	_	_	0-8(?)
414-3	BX002	414	3	qualcos'	qualcos'	_	_	_	_	_	linguistic	_	none	SpaceAfter=No	_	_	_	_	_
414-4	BX002	414	4	altro,	altro	_	_	_	_	_	linguistic	_	none	Intonation=WeaklyRising	End=1250.878	_	_	_	_
415-0	BX001	415	0	[eccola].	eccola	_	_	_	_	_	linguistic	_	none	Intonation=Falling	Begin=1249.238|End=1249.968	_	_	_	0-6(118)
416-0	BX001	416	0	[xxx]	xxx	_	_	_	_	_	unknown	_	none	Syllables=3	Begin=1250.648	_	_	_	0-3(?)
416-1	BX001	416	1	((ridendo))	((ridendo))	_	_	_	_	_	nonverbalbehavior	_	none	_	End=1252.1	_	_	_	_
417-0	BX003	417	0	[skam].	skam	_	_	_	_	_	linguistic	_	none	Intonation=Falling	Begin=1251.338|End=1252.098	_	_	_	0-4(119)
418-0	BX002	418	0	no.	no	_	_	_	_	_	linguistic	_	none	Intonation=Falling|PauseAfter=Yes	Begin=1252.419	_	_	_	_
418-1	BX002	418	1	(.)	(.)	_	_	_	_	_	shortpause	_	none	_	_	_	_	_	_
418-2	BX002	418	2	no	no	_	_	_	_	_	linguistic	_	none	_	_	_	_	_	_
418-3	BX002	418	3	no	no	_	_	_	_	_	linguistic	_	none	_	_	_	_	_	_
418-4	BX002	418	4	no	no	_	_	_	_	_	linguistic	_	none	_	_	_	_	_	_
418-5	BX002	418	5	si	si	_	_	_	_	_	linguistic	_	none	_	_	_	_	_	_
418-6	BX002	418	6	chiama:	chiama	_	_	_	_	_	linguistic	_	none	_	_	5x1	_	_	_
418-7	BX002	418	7	ragnarok.	ragnarok	_	_	_	_	_	linguistic	_	none	Intonation=Falling	End=1254.979	_	_	_	_
419-0	BX003	419	0	°ah.°	ah	_	_	_	_	_	linguistic	_	none	Intonation=Falling|Volume=low	Begin=1255.009|End=1255.289	_	_	_	_
420-0	BX002	420	0	ragnarok.	ragnarok	_	_	_	_	_	linguistic	_	none	Intonation=Falling	Begin=1255.494	_	_	_	_
420-1	BX002	420	1	((pronunciandolo_con_pronuncia_norvegese))	((pronunciandolo_con_pronuncia_norvegese))	_	_	_	_	_	nonverbalbehavior	_	none	_	End=1256.504	_	_	_	_
421-0	BX001	421	0	ah	ah	_	_	_	_	_	linguistic	_	none	ProsodicLink=Yes	Begin=1256.634	_	_	_	_
421-1	BX001	421	1	ah.	ah	_	_	_	_	_	linguistic	_	none	Intonation=Falling	End=1257.204	_	_	_	_
422-0	BX002	422	0	e	e	_	_	_	_	_	linguistic	_	none	_	Begin=1257.824	_	_	_	_
422-1	BX002	422	1	niente	niente	_	_	_	_	_	linguistic	_	none	_	_	_	_	_	_
422-2	BX002	422	2	volevo	volevo	_	_	_	_	_	linguistic	_	none	_	_	_	_	_	_
422-3	BX002	422	3	guardare	guardare	_	_	_	_	_	linguistic	_	none	_	_	_	_	_	_
422-4	BX002	422	4	qualcosa	qualcosa	_	_	_	_	_	linguistic	_	none	_	_	_	_	_	_
422-5	BX002	422	5	in	in	_	_	_	_	_	linguistic	_	none	_	_	_	_	_	_
422-6	BX002	422	6	una	una	_	_	_	_	_	linguistic	_	none	_	_	_	_	_	_
422-7	BX002	422	7	lingua	lingua	_	_	_	_	_	linguistic	_	none	_	_	_	_	_	_
422-8	BX002	422	8	strana,	strana	_	_	_	_	_	linguistic	_	none	Intonation=WeaklyRising	End=1261.044	_	_	_	_
423-0	BX003	423	0	cerca	cerca	_	_	_	_	_	linguistic	_	none	_	Begin=1261.214	_	_	_	_
423-1	BX003	423	1	qualcosa	qualcosa	_	_	_	_	_	linguistic	_	none	_	_	_	_	_	_
423-2	BX003	423	2	in	in	_	_	_	_	_	linguistic	_	none	_	_	_	_	_	_
423-3	BX003	423	3	cimbro.	cimbro	_	_	_	_	_	linguistic	_	none	Intonation=Falling	End=1262.394	_	_	_	_
424-0	BX002	424	0	[((ride))	((ride))	_	_	_	_	_	nonverbalbehavior	_	none	_	Begin=1263.409	_	_	_	0-4(120)
424-1	BX002	424	1	(e	e	_	_	_	_	_	linguistic	_	none	_	_	_	_	0-1(0)	0-1(120)
424-2	BX002	424	2	magari)]	magari	_	_	_	_	_	linguistic	_	none	_	End=1264.45	_	_	0-6(0)	0-6(120)
425-0	BX001	425	0	[((ride))	((ride))	_	_	_	_	_	nonverbalbehavior	_	none	_	Begin=1263.409	_	_	_	0-4(120)
425-1	BX001	425	1	(a	a	_	_	_	_	_	linguistic	_	none	_	_	_	_	0-1(0)	0-1(120)
425-2	BX001	425	2	te	te	_	_	_	_	_	linguistic	_	none	_	_	_	_	0-2(0)	0-2(120)
425-3	BX001	425	3	pi]ace	piace	_	_	_	_	_	linguistic	_	none	_	_	_	_	0-5(0)	0-2(120)
425-4	BX001	425	4	il	il	_	_	_	_	_	linguistic	_	none	_	_	_	_	0-2(0)	_
425-5	BX001	425	5	cimbro)	cimbro	_	_	_	_	_	linguistic	_	none	_	End=1265.369	_	_	0-6(0)	_
426-0	BX002	426	0	magari.	magari	_	_	_	_	_	linguistic	_	none	Intonation=Falling	Begin=1265.364|End=1266.094	_	_	_	_
427-0	BX003	427	0	uscita	uscita	_	_	_	_	_	linguistic	_	none	_	Begin=1266.784	_	_	_	_
427-1	BX003	427	1	nel	nel	_	_	_	_	_	linguistic	_	none	_	_	_	_	_	_
427-2	BX003	427	2	duemilaventi	duemilaventi	_	_	_	_	_	linguistic	_	none	PauseAfter=Yes	_	_	_	_	_
427-3	BX003	427	3	(.)	(.)	_	_	_	_	_	shortpause	_	none	_	_	_	_	_	_
427-4	BX003	427	4	telefilm	telefilm	_	_	_	_	_	linguistic	_	none	_	_	_	_	_	_
427-5	BX003	427	5	eh:	eh	_	_	_	_	_	linguistic	_	none	_	End=1269.374	1x1	_	_	_
428-0	BX002	428	0	((ride))	((ride))	_	_	_	_	_	nonverbalbehavior	_	none	_	Begin=1269.384|End=1269.964	_	_	_	_
429-0	BX003	429	0	serie	serie	_	_	_	_	_	linguistic	_	none	_	Begin=1269.989	_	_	_	_
429-1	BX003	429	1	tv	tv	_	_	_	_	_	linguistic	_	none	_	_	_	_	_	_
429-2	BX003	429	2	in	in	_	_	_	_	_	linguistic	_	none	_	_	_	_	_	_
429-3	BX003	429	3	cimbro.	cimbro	_	_	_	_	_	linguistic	_	none	Intonation=Falling	End=1271.41	_	_	_	_
430-0	BX002	430	0	boh:	boh	_	_	_	_	_	linguistic	_	none	_	Begin=1272.564	2x1	_	_	_
430-1	BX002	430	1	cioè	cioè	_	_	_	_	_	linguistic	_	none	_	_	_	_	_	_
430-2	BX002	430	2	mh:	mh	_	_	_	_	_	linguistic	_	none	_	End=1274.354	1x1	_	_	_
431-0	BX002	431	0	volevo	volevo	_	_	_	_	_	linguistic	_	none	_	Begin=1274.744	_	_	_	_
431-1	BX002	431	1	guardare	guardare	_	_	_	_	_	linguistic	_	none	_	_	_	_	_	_
431-2	BX002	431	2	viching-	viching-	_	_	_	_	_	linguistic	_	none	Interrupted=Yes	_	_	_	_	_
431-3	BX002	431	3	vikings	vikings	_	_	_	_	_	linguistic	_	none	_	_	_	_	_	_
431-4	BX002	431	4	lì	lì	_	_	_	_	_	linguistic	_	none	_	_	_	_	_	_
431-5	BX002	431	5	[però	però	_	_	_	_	_	linguistic	_	none	_	_	_	_	_	0-4(122)
431-6	BX002	431	6	è]	è	_	_	_	_	_	linguistic	_	none	_	_	_	_	_	0-1(122)
431-7	BX002	431	7	in	in	_	_	_	_	_	linguistic	_	none	_	_	_	_	_	_
431-8	BX002	431	8	inglese	inglese	_	_	_	_	_	linguistic	_	none	_	_	_	_	_	_
431-9	BX002	431	9	>ho	ho	_	_	_	_	_	linguistic	_	none	_	_	_	Fast=0-2(0)	_	_
431-10	BX002	431	10	detto<	detto	_	_	_	_	_	linguistic	_	none	_	_	_	Fast=0-5(0)	_	_
431-11	BX002	431	11	eh,	eh	_	_	_	_	_	linguistic	_	none	Intonation=WeaklyRising	End=1279.09	_	_	_	_
432-0	BX003	432	0	[ah]	ah	_	_	_	_	_	linguistic	_	none	_	Begin=1277.194|End=1277.674	_	_	_	0-2(122)
433-0	BX002	433	0	non	non	_	_	_	_	_	linguistic	_	none	_	Begin=1280.074	_	_	_	_
433-1	BX002	433	1	è	è	_	_	_	_	_	linguistic	_	none	_	_	_	_	_	_
433-2	BX002	433	2	per	per	_	_	_	_	_	linguistic	_	none	_	_	_	_	_	_
433-3	BX002	433	3	niente	niente	_	_	_	_	_	linguistic	_	none	_	_	_	_	_	_
433-4	BX002	433	4	credibile	credibile	_	_	_	_	_	linguistic	_	none	_	_	_	_	_	_
433-5	BX002	433	5	in	in	_	_	_	_	_	linguistic	_	none	_	_	_	_	_	_
433-6	BX002	433	6	inglese	inglese	_	_	_	_	_	linguistic	_	none	PauseAfter=Yes	_	_	_	_	_
433-7	BX002	433	7	(.)	(.)	_	_	_	_	_	shortpause	_	none	_	_	_	_	_	_
433-8	BX002	433	8	dovevano	dovevano	_	_	_	_	_	linguistic	_	none	_	_	_	_	_	_
433-9	BX002	433	9	farlo	farlo	_	_	_	_	_	linguistic	_	none	_	_	_	_	_	_
433-10	BX002	433	10	tipo	tipo	_	_	_	_	_	linguistic	_	none	_	_	_	_	_	_
433-11	BX002	433	11	in	in	_	_	_	_	_	linguistic	_	none	_	_	_	_	_	_
433-12	BX002	433	12	islande[se],	islandese	_	_	_	_	_	linguistic	_	none	Intonation=WeaklyRising	End=1284.354	_	_	_	7-9(123)
434-0	BX001	434	0	[sì]	sì	_	_	_	_	_	linguistic	_	none	_	Begin=1284.169	_	_	_	0-2(123)
434-1	BX001	434	1	ma	ma	_	_	_	_	_	linguistic	_	none	_	_	_	_	_	_
434-2	BX001	434	2	poi	poi	_	_	_	_	_	linguistic	_	none	_	_	_	_	_	_
434-3	BX001	434	3	alla	alla	_	_	_	_	_	linguistic	_	none	_	_	_	_	_	_
434-4	BX001	434	4	fine	fine	_	_	_	_	_	linguistic	_	none	_	_	_	_	_	_
434-5	BX001	434	5	se	se	_	_	_	_	_	linguistic	_	none	_	_	_	_	_	_
434-6	BX001	434	6	entri	entri	_	_	_	_	_	linguistic	_	none	_	_	_	_	_	_
434-7	BX001	434	7	è	è	_	_	_	_	_	linguistic	_	none	_	_	_	_	_	_
434-8	BX001	434	8	come:	come	_	_	_	_	_	linguistic	_	none	_	_	3x1	_	_	_
434-9	BX001	434	9	come	come	_	_	_	_	_	linguistic	_	none	_	_	_	_	_	_
434-10	BX001	434	10	chernobyl	chernobyl	_	_	_	_	_	linguistic	_	none	_	_	_	_	_	_
434-11	BX001	434	11	no?	no	_	_	_	_	_	linguistic	_	none	Intonation=Rising	End=1287.829	_	_	_	_
435-0	BX001	435	0	che	che	_	_	_	_	_	linguistic	_	none	_	Begin=1288.849	_	_	_	_
435-1	BX001	435	1	dopo	dopo	_	_	_	_	_	linguistic	_	none	_	_	_	_	_	_
435-2	BX001	435	2	un	un	_	_	_	_	_	linguistic	_	none	_	_	_	_	_	_
435-3	BX001	435	3	po'::	po'	_	_	_	_	_	linguistic	_	none	_	_	1x2	_	_	_
435-4	BX001	435	4	dici	dici	_	_	_	_	_	linguistic	_	none	_	_	_	_	_	_
435-5	BX001	435	5	va	va	_	_	_	_	_	linguistic	_	none	_	_	_	_	_	_
435-6	BX001	435	6	be':	be':	_	_	_	_	_	error	_	none	_	_	_	_	_	_
435-7	BX001	435	7	okay	okay	_	_	_	_	_	linguistic	_	none	_	_	_	_	_	_
435-8	BX001	435	8	e:	e	_	_	_	_	_	linguistic	_	none	_	_	0x1	_	_	_
435-9	BX001	435	9	però	però	_	_	_	_	_	linguistic	_	none	_	_	_	_	_	_
435-10	BX001	435	10	comunqe	comunqe	_	_	_	_	_	linguistic	_	none	_	_	_	_	_	_
435-11	BX001	435	11	è	è	_	_	_	_	_	linguistic	_	none	_	_	_	_	_	_
435-12	BX001	435	12	molto:	molto	_	_	_	_	_	linguistic	_	none	_	End=1293.899	4x1	_	_	_
436-0	BX001	436	0	è	è	_	_	_	_	_	linguistic	_	none	_	Begin=1294.859	_	_	_	_
436-1	BX001	436	1	fatta	fatta	_	_	_	_	_	linguistic	_	none	_	_	_	_	_	_
436-2	BX001	436	2	bene	bene	_	_	_	_	_	linguistic	_	none	_	_	_	_	_	_
436-3	BX001	436	3	insomma	insomma	_	_	_	_	_	linguistic	_	none	_	_	_	_	_	_
436-4	BX001	436	4	[hanno	hanno	_	_	_	_	_	linguistic	_	none	_	_	_	_	_	0-5(124)
436-5	BX001	436	5	fatto]	fatto	_	_	_	_	_	linguistic	_	none	_	_	_	_	_	0-5(124)
436-6	BX001	436	6	questa	questa	_	_	_	_	_	linguistic	_	none	_	_	_	_	_	_
436-7	BX001	436	7	scelta	scelta	_	_	_	_	_	linguistic	_	none	_	_	_	_	_	_
436-8	BX001	436	8	hanno	hanno	_	_	_	_	_	linguistic	_	none	_	_	_	_	_	_
436-9	BX001	436	9	preso	preso	_	_	_	_	_	linguistic	_	none	_	_	_	_	_	_
436-10	BX001	436	10	questa	questa	_	_	_	_	_	linguistic	_	none	_	_	_	_	_	_
436-11	BX001	436	11	[linea	linea	_	_	_	_	_	linguistic	_	none	_	_	_	_	_	0-5(125)
436-12	BX001	436	12	qu-]	qu-	_	_	_	_	_	linguistic	_	none	Interrupted=Yes	End=1298.33	_	_	_	0-3(125)
437-0	BX002	437	0	[sì	sì	_	_	_	_	_	linguistic	_	none	_	Begin=1295.989	_	_	_	0-2(124)
437-1	BX002	437	1	sì].	sì	_	_	_	_	_	linguistic	_	none	Intonation=Falling	End=1296.649	_	_	_	0-2(124)
438-0	BX002	438	0	[sì]	sì	_	_	_	_	_	linguistic	_	none	_	Begin=1297.899	_	_	_	0-2(125)
438-1	BX002	438	1	però	però	_	_	_	_	_	linguistic	_	none	_	_	_	_	_	_
438-2	BX002	438	2	non	non	_	_	_	_	_	linguistic	_	none	_	_	_	_	_	_
438-3	BX002	438	3	è	è	_	_	_	_	_	linguistic	_	none	_	_	_	_	_	_
438-4	BX002	438	4	che	che	_	_	_	_	_	linguistic	_	none	_	_	_	_	_	_
438-5	BX002	438	5	ho	ho	_	_	_	_	_	linguistic	_	none	_	_	_	_	_	_
438-6	BX002	438	6	tantissimo	tantissimo	_	_	_	_	_	linguistic	_	none	_	_	_	_	_	_
438-7	BX002	438	7	tempo	tempo	_	_	_	_	_	linguistic	_	none	_	_	_	_	_	_
438-8	BX002	438	8	per	per	_	_	_	_	_	linguistic	_	none	PauseAfter=Yes	_	_	_	_	_
438-9	BX002	438	9	(.)	(.)	_	_	_	_	_	shortpause	_	none	_	_	_	_	_	_
438-10	BX002	438	10	cioè	cioè	_	_	_	_	_	linguistic	_	none	_	End=1300.33	_	_	_	_
439-0	BX002	439	0	cioè	cioè	_	_	_	_	_	linguistic	_	none	_	Begin=1300.989	_	_	_	_
439-1	BX002	439	1	tipo	tipo	_	_	_	_	_	linguistic	_	none	_	_	_	_	_	_
439-2	BX002	439	2	ieri	ieri	_	_	_	_	_	linguistic	_	none	_	_	_	_	_	_
439-3	BX002	439	3	sera	sera	_	_	_	_	_	linguistic	_	none	_	_	_	_	_	_
439-4	BX002	439	4	ho	ho	_	_	_	_	_	linguistic	_	none	_	_	_	_	_	_
439-5	BX002	439	5	letto,	letto	_	_	_	_	_	linguistic	_	none	Intonation=WeaklyRising	End=1302.899	_	_	_	_
440-0	BX001	440	0	mh	mh	_	_	_	_	_	linguistic	_	none	ProsodicLink=Yes	Begin=1303.109	_	_	_	_
440-1	BX001	440	1	[mh]	mh	_	_	_	_	_	linguistic	_	none	_	End=1303.689	_	_	_	0-2(126)
441-0	BX002	441	0	[la:]	la	_	_	_	_	_	linguistic	_	none	_	Begin=1303.434	1x1	_	_	0-2(126)
441-1	BX002	441	1	dispensa	dispensa	_	_	_	_	_	linguistic	_	none	_	_	_	_	_	_
441-2	BX002	441	2	questa:	questa	_	_	_	_	_	linguistic	_	none	_	_	5x1	_	_	_
441-3	BX002	441	3	del	del	_	_	_	_	_	linguistic	_	none	_	_	_	_	_	_
441-4	BX002	441	4	(pollution)	pollution	_	_	_	_	_	linguistic	_	none	_	_	_	_	0-9(0)	_
441-5	BX002	441	5	eccetera	eccetera	_	_	_	_	_	linguistic	_	none	_	_	_	_	_	_
441-6	BX002	441	6	eccetera	eccetera	_	_	_	_	_	linguistic	_	none	_	End=1307.044	_	_	_	_
442-0	BX001	442	0	ah	ah	_	_	_	_	_	linguistic	_	none	_	Begin=1307.154	_	_	_	_
442-1	BX001	442	1	già	già	_	_	_	_	_	linguistic	_	none	_	_	_	_	_	_
442-2	BX001	442	2	della	della	_	_	_	_	_	linguistic	_	none	_	_	_	_	_	_
442-3	BX001	442	3	verdi	verdi	_	_	_	_	_	linguistic	_	none	_	End=1308.384	_	_	_	_
443-0	BX002	443	0	e::	e	_	_	_	_	_	linguistic	_	none	_	Begin=1308.944|End=1310.054	0x2	_	_	_
444-0	BX002	444	0	non	non	_	_	_	_	_	linguistic	_	none	_	Begin=1311.824	_	_	_	_
444-1	BX002	444	1	è	è	_	_	_	_	_	linguistic	_	none	_	_	_	_	_	_
444-2	BX002	444	2	che	che	_	_	_	_	_	linguistic	_	none	_	_	_	_	_	_
444-3	BX002	444	3	ho	ho	_	_	_	_	_	linguistic	_	none	_	_	_	_	_	_
444-4	BX002	444	4	proprio	proprio	_	_	_	_	_	linguistic	_	none	_	_	_	_	_	_
444-5	BX002	444	5	>(tantissimo)	tantissimo	_	_	_	_	_	linguistic	_	none	_	_	_	Fast=0-10(0)	0-10(0)	_
444-6	BX002	444	6	tempo<	tempo	_	_	_	_	_	linguistic	_	none	_	_	_	Fast=0-5(0)	_	_
444-7	BX002	444	7	quindi	quindi	_	_	_	_	_	linguistic	_	none	_	_	_	_	_	_
444-8	BX002	444	8	voglio	voglio	_	_	_	_	_	linguistic	_	none	_	_	_	_	_	_
444-9	BX002	444	9	guardare	guardare	_	_	_	_	_	linguistic	_	none	_	_	_	_	_	_
444-10	BX002	444	10	qualcosa	qualcosa	_	_	_	_	_	linguistic	_	none	_	_	_	_	_	_
444-11	BX002	444	11	che	che	_	_	_	_	_	linguistic	_	none	_	_	_	_	_	_
444-12	BX002	444	12	veramen[te	veramente	_	_	_	_	_	linguistic	_	none	_	_	_	_	_	7-9(127)
444-13	BX002	444	13	mi	mi	_	_	_	_	_	linguistic	_	none	_	_	_	_	_	0-2(127)
444-14	BX002	444	14	piaccia].	piaccia	_	_	_	_	_	linguistic	_	none	Intonation=Falling	End=1316.094	_	_	_	0-7(127)
445-0	BX001	445	0	[che	che	_	_	_	_	_	linguistic	_	none	_	Begin=1315.124	_	_	_	0-3(127)
445-1	BX001	445	1	ti	ti	_	_	_	_	_	linguistic	_	none	_	_	_	_	_	0-2(127)
445-2	BX001	445	2	piaccia].	piaccia	_	_	_	_	_	linguistic	_	none	Intonation=Falling	End=1316.084	_	_	_	0-7(127)
446-0	BX002	446	0	bo'.	bo'	_	_	_	_	_	linguistic	_	none	Intonation=Falling|Truncated=Yes	Begin=1319.139|End=1319.549	_	_	_	_
447-0	BX003	447	0	mh:	mh	_	_	_	_	_	linguistic	_	none	_	Begin=1321.399|End=1322.039	1x1	_	_	_
448-0	BX002	448	0	tipo	tipo	_	_	_	_	_	linguistic	_	none	_	Begin=1322.704	_	_	_	_
448-1	BX002	448	1	alessia	alessia	_	_	_	_	_	linguistic	_	none	_	_	_	_	_	_
448-2	BX002	448	2	mi	mi	_	_	_	_	_	linguistic	_	none	_	_	_	_	_	_
448-3	BX002	448	3	ha	ha	_	_	_	_	_	linguistic	_	none	_	_	_	_	_	_
448-4	BX002	448	4	consigliato	consigliato	_	_	_	_	_	linguistic	_	none	_	_	_	_	_	_
448-5	BX002	448	5	una	una	_	_	_	_	_	linguistic	_	none	_	_	_	_	_	_
448-6	BX002	448	6	serie	serie	_	_	_	_	_	linguistic	_	none	_	_	_	_	_	_
448-7	BX002	448	7	in:	in	_	_	_	_	_	linguistic	_	none	PauseAfter=Yes	_	1x1	_	_	_
448-8	BX002	448	8	(.)	(.)	_	_	_	_	_	shortpause	_	none	_	_	_	_	_	_
448-9	BX002	448	9	ebraico,	ebraico	_	_	_	_	_	linguistic	_	none	Intonation=WeaklyRising	End=1326.604	_	_	_	_
449-0	BX001	449	0	ma	ma	_	_	_	_	_	linguistic	_	none	_	Begin=1327.189	_	_	_	_
449-1	BX001	449	1	dai.	dai	_	_	_	_	_	linguistic	_	none	Intonation=Falling	End=1327.749	_	_	_	_
450-0	BX002	450	0	sciscia:	sciscia	_	_	_	_	_	linguistic	_	none	_	Begin=1329.424	6x1	_	_	_
450-1	BX002	450	1	scia-	scia-	_	_	_	_	_	linguistic	_	none	Interrupted=Yes	_	_	_	_	_
450-2	BX002	450	2	qualcosa.	qualcosa	_	_	_	_	_	linguistic	_	none	Intonation=Falling	End=1331.574	_	_	_	_
451-0	BX003	451	0	eh	eh	_	_	_	_	_	linguistic	_	none	_	Begin=1332.144	_	_	_	_
451-1	BX003	451	1	ma	ma	_	_	_	_	_	linguistic	_	none	_	_	_	_	_	_
451-2	BX003	451	2	cosa	cosa	_	_	_	_	_	linguistic	_	none	_	_	_	_	_	_
451-3	BX003	451	3	fai	fai	_	_	_	_	_	linguistic	_	none	_	_	_	_	_	_
451-4	BX003	451	4	la	la	_	_	_	_	_	linguistic	_	none	_	_	_	_	_	_
451-5	BX003	451	5	guardi	guardi	_	_	_	_	_	linguistic	_	none	_	_	_	_	_	_
451-6	BX003	451	6	e	e	_	_	_	_	_	linguistic	_	none	_	_	_	_	_	_
451-7	BX003	451	7	poi	poi	_	_	_	_	_	linguistic	_	none	_	_	_	_	_	_
451-8	BX003	451	8	metti	metti	_	_	_	_	_	linguistic	_	none	_	_	_	_	_	_
451-9	BX003	451	9	i	i	_	_	_	_	_	linguistic	_	none	_	_	_	_	_	_
451-10	BX003	451	10	sottotitoli?	sottotitoli	_	_	_	_	_	linguistic	_	none	Intonation=Rising	End=1334.599	_	_	_	_
452-0	BX002	452	0	eh	eh	_	_	_	_	_	linguistic	_	none	_	Begin=1334.944	_	_	_	_
452-1	BX002	452	1	sì	sì	_	_	_	_	_	linguistic	_	none	_	_	_	_	_	_
452-2	BX002	452	2	[(guardo)	guardo	_	_	_	_	_	linguistic	_	none	_	_	_	_	0-6(0)	0-6(128)
452-3	BX002	452	3	sottotitoli].	sottotitoli	_	_	_	_	_	linguistic	_	none	Intonation=Falling	End=1336.49	_	_	_	0-11(128)
453-0	BX003	453	0	[poi	poi	_	_	_	_	_	linguistic	_	none	_	Begin=1335.299	_	_	_	0-3(128)
453-1	BX003	453	1	per	per	_	_	_	_	_	linguistic	_	none	_	_	_	_	_	0-3(128)
453-2	BX003	453	2	sentire]?	sentire	_	_	_	_	_	linguistic	_	none	Intonation=Rising	End=1336.489	_	_	_	0-7(128)
454-0	BX002	454	0	sì	sì	_	_	_	_	_	linguistic	_	none	_	Begin=1336.969	_	_	_	_
454-1	BX002	454	1	[anch-	anch-	_	_	_	_	_	linguistic	_	none	Interrupted=Yes	_	_	_	_	0-5(129)
454-2	BX002	454	2	eh	eh	_	_	_	_	_	linguistic	_	none	_	_	_	_	_	0-2(129)
454-3	BX002	454	3	quella]	quella	_	_	_	_	_	linguistic	_	none	_	_	_	_	_	0-6(129)
454-4	BX002	454	4	in	in	_	_	_	_	_	linguistic	_	none	_	_	_	_	_	_
454-5	BX002	454	5	norvegese	norvegese	_	_	_	_	_	linguistic	_	none	_	_	_	_	_	_
454-6	BX002	454	6	l'	l'	_	_	_	_	_	linguistic	_	none	SpaceAfter=No	_	_	_	_	_
454-7	BX002	454	7	ho	ho	_	_	_	_	_	linguistic	_	none	_	_	_	_	_	_
454-8	BX002	454	8	guardata	guardata	_	_	_	_	_	linguistic	_	none	_	_	_	_	_	_
454-9	BX002	454	9	coi	coi	_	_	_	_	_	linguistic	_	none	_	_	_	_	_	_
454-10	BX002	454	10	sottotitoli.	sottotitoli	_	_	_	_	_	linguistic	_	none	Intonation=Falling|PauseAfter=Yes	_	_	_	_	_
454-11	BX002	454	11	(.)	(.)	_	_	_	_	_	shortpause	_	none	_	_	_	_	_	_
454-12	BX002	454	12	in	in	_	_	_	_	_	linguistic	_	none	_	_	_	_	_	_
454-13	BX002	454	13	tedesco,	tedesco	_	_	_	_	_	linguistic	_	none	Intonation=WeaklyRising|PauseAfter=Yes	_	_	_	_	_
454-14	BX002	454	14	(.)	(.)	_	_	_	_	_	shortpause	_	none	_	_	_	_	_	_
454-15	BX002	454	15	però.	però	_	_	_	_	_	linguistic	_	none	Intonation=Falling	End=1341.509	_	_	_	_
455-0	BX003	455	0	[alleni	alleni	_	_	_	_	_	linguistic	_	none	_	Begin=1337.049	_	_	_	0-6(129)
455-1	BX003	455	1	l'	l'	_	_	_	_	_	linguistic	_	none	SpaceAfter=No	_	_	_	_	0-2(129)
455-2	BX003	455	2	orecchio].	orecchio	_	_	_	_	_	linguistic	_	none	Intonation=Falling	End=1337.979	_	_	_	0-8(129)
456-0	BX002	456	0	sì	sì	_	_	_	_	_	linguistic	_	none	_	Begin=1344.134	_	_	_	_
456-1	BX002	456	1	così	così	_	_	_	_	_	linguistic	_	none	_	_	_	_	_	_
456-2	BX002	456	2	per	per	_	_	_	_	_	linguistic	_	none	_	_	_	_	_	_
456-3	BX002	456	3	sentira	sentira	_	_	_	_	_	linguistic	_	none	_	_	_	_	_	_
456-4	BX002	456	4	una:	una	_	_	_	_	_	linguistic	_	none	_	_	2x1	_	_	_
456-5	BX002	456	5	cosa	cosa	_	_	_	_	_	linguistic	_	none	_	_	_	_	_	_
456-6	BX002	456	6	diversa,	diversa	_	_	_	_	_	linguistic	_	none	Intonation=WeaklyRising|PauseAfter=Yes	_	_	_	_	_
456-7	BX002	456	7	(.)	(.)	_	_	_	_	_	shortpause	_	none	_	_	_	_	_	_
456-8	BX002	456	8	a	a	_	_	_	_	_	linguistic	_	none	_	_	_	_	_	_
456-9	BX002	456	9	me	me	_	_	_	_	_	linguistic	_	none	_	_	_	_	_	_
456-10	BX002	456	10	piace	piace	_	_	_	_	_	linguistic	_	none	_	_	_	_	_	_
456-11	BX002	456	11	la	la	_	_	_	_	_	linguistic	_	none	_	_	_	_	_	_
456-12	BX002	456	12	cantilena	cantilena	_	_	_	_	_	linguistic	_	none	_	_	_	_	_	_
456-13	BX002	456	13	del	del	_	_	_	_	_	linguistic	_	none	_	_	_	_	_	_
456-14	BX002	456	14	norvegese.	norvegese	_	_	_	_	_	linguistic	_	none	Intonation=Falling	End=1349.01	_	_	_	_
457-0	BX002	457	0	[(incomprensibile)]	incomprensibile	_	_	_	_	_	linguistic	_	none	_	Begin=1349.489	_	_	0-15(0)	0-15(334)
457-1	BX002	457	1	sono	sono	_	_	_	_	_	linguistic	_	none	_	_	_	_	_	_
457-2	BX002	457	2	carine.	carine	_	_	_	_	_	linguistic	_	none	Intonation=Falling	End=1351.864	_	_	_	_
458-0	BX003	458	0	[(svedese,	svedese	_	_	_	_	_	linguistic	_	none	Intonation=WeaklyRising	Begin=1349.489	_	_	0-7(0)	0-7(334)
458-1	BX003	458	1	xxghese,	xxghese	_	_	_	_	_	linguistic	_	none	Intonation=WeaklyRising	_	_	_	0-7(0)	0-7(334)
458-2	BX003	458	2	sì)]	sì	_	_	_	_	_	linguistic	_	none	_	End=1351.09	_	_	0-2(0)	0-2(334)
459-0	BX001	459	0	[mh,	mh	_	_	_	_	_	linguistic	_	none	Intonation=WeaklyRising|PauseAfter=Yes	Begin=1350.029	_	_	_	0-2(334)
459-1	BX001	459	1	(.)	(.)	_	_	_	_	_	shortpause	_	none	_	_	_	_	_	_
459-2	BX001	459	2	mh].	mh	_	_	_	_	_	linguistic	_	none	Intonation=Falling	End=1350.989	_	_	_	0-2(334)
460-0	BX003	460	0	mh	mh	_	_	_	_	_	linguistic	_	none	ProsodicLink=Yes	Begin=1353.759	_	_	_	_
460-1	BX003	460	1	mh.	mh	_	_	_	_	_	linguistic	_	none	Intonation=Falling	End=1354.259	_	_	_	_
461-0	BX002	461	0	cavolo	cavolo	_	_	_	_	_	linguistic	_	none	_	Begin=1356.387	_	_	_	_
461-1	BX002	461	1	[tu	tu	_	_	_	_	_	linguistic	_	none	_	_	_	_	_	0-2(130)
461-2	BX002	461	2	avresti	avresti	_	_	_	_	_	linguistic	_	none	_	_	_	_	_	0-7(130)
461-3	BX002	461	3	potuto	potuto	_	_	_	_	_	linguistic	_	none	_	_	_	_	_	0-6(130)
461-4	BX002	461	4	fare]	fare	_	_	_	_	_	linguistic	_	none	_	_	_	_	_	0-4(130)
461-5	BX002	461	5	quella	quella	_	_	_	_	_	linguistic	_	none	_	_	_	_	_	_
461-6	BX002	461	6	cosa	cosa	_	_	_	_	_	linguistic	_	none	_	_	_	_	_	_
461-7	BX002	461	7	lì	lì	_	_	_	_	_	linguistic	_	none	_	_	_	_	_	_
461-8	BX002	461	8	quel:	quel	_	_	_	_	_	linguistic	_	none	_	End=1359.347	3x1	_	_	_
462-0	BX003	462	0	[eh	eh	_	_	_	_	_	linguistic	_	none	_	Begin=1356.737	_	_	_	0-2(130)
462-1	BX003	462	1	svedese],	svedese	_	_	_	_	_	linguistic	_	none	Intonation=WeaklyRising	End=1357.807	_	_	_	0-7(130)
463-0	BX002	463	0	quel	quel	_	_	_	_	_	linguistic	_	none	_	Begin=1360.032	_	_	_	_
463-1	BX002	463	1	pro[getto	progetto	_	_	_	_	_	linguistic	_	none	_	_	_	_	_	3-8(131)
463-2	BX002	463	2	lì]	lì	_	_	_	_	_	linguistic	_	none	_	_	_	_	_	0-2(131)
463-3	BX002	463	3	per:	per	_	_	_	_	_	linguistic	_	none	_	End=1361.832	2x1	_	_	_
464-0	BX003	464	0	[eh].	eh	_	_	_	_	_	linguistic	_	none	Intonation=Falling	Begin=1360.297|End=1360.747	_	_	_	0-2(131)
465-0	BX003	465	0	multicultural	multicultural	_	_	_	_	_	linguistic	_	none	_	Begin=1361.987|End=1363.177	_	_	_	_
466-0	BX002	466	0	mehrsprachigkeit	mehrsprachigkeit	_	_	_	_	_	linguistic	_	none	_	Begin=1363.927	_	_	_	_
466-1	BX002	466	1	soziolinguistics.	soziolinguistics	_	_	_	_	_	linguistic	_	none	Intonation=Falling	End=1365.997	_	_	_	_
467-0	BX002	467	0	che	che	_	_	_	_	_	linguistic	_	none	ProsodicLink=Yes	Begin=1366.147	_	_	_	_
467-1	BX002	467	1	che	che	_	_	_	_	_	linguistic	_	none	_	_	_	_	_	_
467-2	BX002	467	2	poi	poi	_	_	_	_	_	linguistic	_	none	_	_	_	_	_	_
467-3	BX002	467	3	nel	nel	_	_	_	_	_	linguistic	_	none	_	_	_	_	_	_
467-4	BX002	467	4	piano	piano	_	_	_	_	_	linguistic	_	none	_	_	_	_	_	_
467-5	BX002	467	5	tipo	tipo	_	_	_	_	_	linguistic	_	none	PauseAfter=Yes	_	_	_	_	_
467-6	BX002	467	6	(.)	(.)	_	_	_	_	_	shortpause	_	none	_	_	_	_	_	_
467-7	BX002	467	7	c'	c'	_	_	_	_	_	linguistic	_	none	SpaceAfter=No	_	_	_	_	_
467-8	BX002	467	8	è	è	_	_	_	_	_	linguistic	_	none	_	_	_	_	_	_
467-9	BX002	467	9	scritto	scritto	_	_	_	_	_	linguistic	_	none	_	_	_	_	_	_
467-10	BX002	467	10	soc-	soc-	_	_	_	_	_	linguistic	_	none	Interrupted=Yes	_	_	_	_	_
467-11	BX002	467	11	sociol-	sociol-	_	_	_	_	_	linguistic	_	none	Interrupted=Yes	_	_	_	_	_
467-12	BX002	467	12	c'	c'	_	_	_	_	_	linguistic	_	none	SpaceAfter=No	_	_	_	_	_
467-13	BX002	467	13	è	è	_	_	_	_	_	linguistic	_	none	_	_	_	_	_	_
467-14	BX002	467	14	è	è	_	_	_	_	_	linguistic	_	none	_	_	_	_	_	_
467-15	BX002	467	15	tutto	tutto	_	_	_	_	_	linguistic	_	none	_	_	_	_	_	_
467-16	BX002	467	16	in	in	_	_	_	_	_	linguistic	_	none	_	_	_	_	_	_
467-17	BX002	467	17	inglese.	inglese	_	_	_	_	_	linguistic	_	none	Intonation=Falling	End=1370.74	_	_	_	_
468-0	BX003	468	0	mh	mh	_	_	_	_	_	linguistic	_	none	ProsodicLink=Yes	Begin=1370.862	_	_	_	_
468-1	BX003	468	1	mh.	mh	_	_	_	_	_	linguistic	_	none	Intonation=Falling	End=1371.372	_	_	_	_
469-0	BX002	469	0	<sociolinguistic	sociolinguistic	_	_	_	_	_	linguistic	_	none	_	Begin=1371.395	_	Slow=0-15(0)	_	_
469-1	BX002	469	1	and	and	_	_	_	_	_	linguistic	_	none	_	_	_	Slow=0-3(0)	_	_
469-2	BX002	469	2	multi:lingualism	multilingualism	_	_	_	_	_	linguistic	_	none	_	_	4x1	Slow=0-15(0)	_	_
469-3	BX002	469	3	no>?	no	_	_	_	_	_	linguistic	_	none	Intonation=Rising|PauseAfter=Yes	_	_	Slow=0-2(0)	_	_
469-4	BX002	469	4	(.)	(.)	_	_	_	_	_	shortpause	_	none	_	_	_	_	_	_
469-5	BX002	469	5	invece,	invece	_	_	_	_	_	linguistic	_	none	Intonation=WeaklyRising|PauseAfter=Yes	_	_	_	_	_
469-6	BX002	469	6	(.)	(.)	_	_	_	_	_	shortpause	_	none	_	_	_	_	_	_
469-7	BX002	469	7	è	è	_	_	_	_	_	linguistic	_	none	_	_	_	_	_	_
469-8	BX002	469	8	in	in	_	_	_	_	_	linguistic	_	none	_	_	_	_	_	_
469-9	BX002	469	9	tedesco	tedesco	_	_	_	_	_	linguistic	_	none	_	_	_	_	_	_
469-10	BX002	469	10	il	il	_	_	_	_	_	linguistic	_	none	_	_	_	_	_	_
469-11	BX002	469	11	corso.	corso	_	_	_	_	_	linguistic	_	none	Intonation=Falling	_	_	_	_	_
469-12	BX002	469	12	quindi	quindi	_	_	_	_	_	linguistic	_	none	_	_	_	_	_	_
469-13	BX002	469	13	è	è	_	_	_	_	_	linguistic	_	none	PauseAfter=Yes	_	_	_	_	_
469-14	BX002	469	14	(.)	(.)	_	_	_	_	_	shortpause	_	none	_	_	_	_	_	_
469-15	BX002	469	15	soziolinguistik	soziolinguistik	_	_	_	_	_	linguistic	_	none	_	_	_	_	_	_
469-16	BX002	469	16	und	und	_	_	_	_	_	linguistic	_	none	_	_	_	_	_	_
469-17	BX002	469	17	mehsprachigkeit	mehsprachigkeit	_	_	_	_	_	linguistic	_	none	_	_	_	_	_	_
469-18	BX002	469	18	però.	però	_	_	_	_	_	linguistic	_	none	Intonation=Falling	End=1381.19	_	_	_	_
470-0	BX003	470	0	eh	eh	_	_	_	_	_	linguistic	_	none	_	Begin=1382.197	_	_	_	_
470-1	BX003	470	1	perché	perché	_	_	_	_	_	linguistic	_	none	_	_	_	_	_	_
470-2	BX003	470	2	sì.	sì	_	_	_	_	_	linguistic	_	none	Intonation=Falling|PauseAfter=Yes	_	_	_	_	_
470-3	BX003	470	3	(.)	(.)	_	_	_	_	_	shortpause	_	none	_	_	_	_	_	_
470-4	BX003	470	4	non	non	_	_	_	_	_	linguistic	_	none	_	_	_	_	_	_
470-5	BX003	470	5	so	so	_	_	_	_	_	linguistic	_	none	_	_	_	_	_	_
470-6	BX003	470	6	perché	perché	_	_	_	_	_	linguistic	_	none	_	_	_	_	_	_
470-7	BX003	470	7	lo	lo	_	_	_	_	_	linguistic	_	none	_	_	_	_	_	_
470-8	BX003	470	8	mettono	mettono	_	_	_	_	_	linguistic	_	none	_	_	_	_	_	_
470-9	BX003	470	9	in	in	_	_	_	_	_	linguistic	_	none	_	_	_	_	_	_
470-10	BX003	470	10	ingle[se	inglese	_	_	_	_	_	linguistic	_	none	_	_	_	_	_	5-7(132)
470-11	BX003	470	11	però	però	_	_	_	_	_	linguistic	_	none	_	_	_	_	_	0-4(132)
470-12	BX003	470	12	eh:]	eh	_	_	_	_	_	linguistic	_	none	_	_	1x1	_	_	0-2(132)
470-13	BX003	470	13	verdi	verdi	_	_	_	_	_	linguistic	_	none	_	_	_	_	_	_
470-14	BX003	470	14	è:	è	_	_	_	_	_	linguistic	_	none	_	End=1387.187	0x1	_	_	_
471-0	BX002	471	0	[il	il	_	_	_	_	_	linguistic	_	none	_	Begin=1384.747	_	_	_	0-2(132)
471-1	BX002	471	1	sillabo	sillabo	_	_	_	_	_	linguistic	_	none	_	_	_	_	_	0-7(132)
471-2	BX002	471	2	è	è	_	_	_	_	_	linguistic	_	none	_	_	_	_	_	0-1(132)
471-3	BX002	471	3	tutto	tutto	_	_	_	_	_	linguistic	_	none	_	_	_	_	_	0-5(132)
471-4	BX002	471	4	in	in	_	_	_	_	_	linguistic	_	none	_	_	_	_	_	0-2(132)
471-5	BX002	471	5	inglese],	inglese	_	_	_	_	_	linguistic	_	none	Intonation=WeaklyRising	End=1386.087	_	_	_	0-7(132)
472-0	BX003	472	0	[è	è	_	_	_	_	_	linguistic	_	none	_	Begin=1387.852	_	_	_	0-1(133)
472-1	BX003	472	1	in	in	_	_	_	_	_	linguistic	_	none	_	_	_	_	_	0-2(133)
472-2	BX003	472	2	inglese	inglese	_	_	_	_	_	linguistic	_	none	_	_	_	_	_	0-7(133)
472-3	BX003	472	3	credo]	credo	_	_	_	_	_	linguistic	_	none	_	End=1389.02	_	_	_	0-5(133)
473-0	BX002	473	0	[sì	sì	_	_	_	_	_	linguistic	_	none	_	Begin=1387.962	_	_	_	0-2(133)
473-1	BX002	473	1	è	è	_	_	_	_	_	linguistic	_	none	_	_	_	_	_	0-1(133)
473-2	BX002	473	2	in	in	_	_	_	_	_	linguistic	_	none	_	_	_	_	_	0-2(133)
473-3	BX002	473	3	inglese]	inglese	_	_	_	_	_	linguistic	_	none	_	_	_	_	_	0-7(133)
473-4	BX002	473	4	sì	sì	_	_	_	_	_	linguistic	_	none	_	_	_	_	_	_
473-5	BX002	473	5	sì	sì	_	_	_	_	_	linguistic	_	none	_	_	_	_	_	_
473-6	BX002	473	6	sì.	sì	_	_	_	_	_	linguistic	_	none	Intonation=Falling	End=1389.342	_	_	_	_
474-0	BX003	474	0	forse	forse	_	_	_	_	_	linguistic	_	none	_	Begin=1391.427	_	_	_	_
474-1	BX003	474	1	inizialmente	inizialmente	_	_	_	_	_	linguistic	_	none	_	_	_	_	_	_
474-2	BX003	474	2	volevano	volevano	_	_	_	_	_	linguistic	_	none	_	_	_	_	_	_
474-3	BX003	474	3	mettere	mettere	_	_	_	_	_	linguistic	_	none	_	_	_	_	_	_
474-4	BX003	474	4	in	in	_	_	_	_	_	linguistic	_	none	_	_	_	_	_	_
474-5	BX003	474	5	inglese	inglese	_	_	_	_	_	linguistic	_	none	_	_	_	_	_	_
474-6	BX003	474	6	quello.	quello	_	_	_	_	_	linguistic	_	none	Intonation=Falling|PauseAfter=Yes	_	_	_	_	_
474-7	BX003	474	7	(.)	(.)	_	_	_	_	_	shortpause	_	none	_	_	_	_	_	_
474-8	BX003	474	8	anche	anche	_	_	_	_	_	linguistic	_	none	_	_	_	_	_	_
474-9	BX003	474	9	tutto.	tutto	_	_	_	_	_	linguistic	_	none	Intonation=Falling	End=1394.677	_	_	_	_
475-0	BX003	475	0	bo'.	bo'	_	_	_	_	_	linguistic	_	none	Intonation=Falling|Truncated=Yes	Begin=1394.947|End=1395.617	_	_	_	_
476-0	BX002	476	0	no	no	_	_	_	_	_	linguistic	_	none	_	Begin=1395.647	_	_	_	_
476-1	BX002	476	1	per	per	_	_	_	_	_	linguistic	_	none	_	_	_	_	_	_
476-2	BX002	476	2	fortu[na].	fortuna	_	_	_	_	_	linguistic	_	none	Intonation=Falling	End=1396.857	_	_	_	5-7(134)
477-0	BX003	477	0	[però]	però	_	_	_	_	_	linguistic	_	none	_	Begin=1396.417	_	_	_	0-4(134)
477-1	BX003	477	1	la,	la	_	_	_	_	_	linguistic	_	none	Intonation=WeaklyRising|PauseAfter=Yes	_	_	_	_	_
477-2	BX003	477	2	(.)	(.)	_	_	_	_	_	shortpause	_	none	_	_	_	_	_	_
477-3	BX003	477	3	no	no	_	_	_	_	_	linguistic	_	none	_	_	_	_	_	_
477-4	BX003	477	4	sì.	sì	_	_	_	_	_	linguistic	_	none	Intonation=Falling	End=1397.717	_	_	_	_
478-0	BX003	478	0	no:	no	_	_	_	_	_	linguistic	_	none	_	Begin=1397.842	1x1	_	_	_
478-1	BX003	478	1	troppo	troppo	_	_	_	_	_	linguistic	_	none	_	_	_	_	_	_
478-2	BX003	478	2	in	in	_	_	_	_	_	linguistic	_	none	_	_	_	_	_	_
478-3	BX003	478	3	inglese.	inglese	_	_	_	_	_	linguistic	_	none	Intonation=Falling	End=1399.142	_	_	_	_
479-0	BX002	479	0	io	io	_	_	_	_	_	linguistic	_	none	_	Begin=1399.177	_	_	_	_
479-1	BX002	479	1	proprio	proprio	_	_	_	_	_	linguistic	_	none	_	_	_	_	_	_
479-2	BX002	479	2	il	il	_	_	_	_	_	linguistic	_	none	_	_	_	_	_	_
479-3	BX002	479	3	giovedì	giovedì	_	_	_	_	_	linguistic	_	none	_	_	_	_	_	_
479-4	BX002	479	4	faccio	faccio	_	_	_	_	_	linguistic	_	none	_	_	_	_	_	_
479-5	BX002	479	5	fatica.	fatica	_	_	_	_	_	linguistic	_	none	Intonation=Falling|PauseAfter=Yes	_	_	_	_	_
479-6	BX002	479	6	(.)	(.)	_	_	_	_	_	shortpause	_	none	_	_	_	_	_	_
479-7	BX002	479	7	cioè	cioè	_	_	_	_	_	linguistic	_	none	_	_	_	_	_	_
479-8	BX002	479	8	il	il	_	_	_	_	_	linguistic	_	none	_	_	_	_	_	_
479-9	BX002	479	9	giovedì	giovedì	_	_	_	_	_	linguistic	_	none	_	_	_	_	_	_
479-10	BX002	479	10	sono	sono	_	_	_	_	_	linguistic	_	none	_	_	_	_	_	_
479-11	BX002	479	11	stanca,	stanca	_	_	_	_	_	linguistic	_	none	Intonation=WeaklyRising	End=1402.677	_	_	_	_
480-0	BX002	480	0	no	no	_	_	_	_	_	linguistic	_	none	_	Begin=1403.437	_	_	_	_
480-1	BX002	480	1	il	il	_	_	_	_	_	linguistic	_	none	_	_	_	_	_	_
480-2	BX002	480	2	giovedì.	giovedì	_	_	_	_	_	linguistic	_	none	Intonation=Falling	End=1404.277	_	_	_	_
481-0	BX002	481	0	ma	ma	_	_	_	_	_	linguistic	_	none	_	Begin=1404.922	_	_	_	_
481-1	BX002	481	1	il	il	_	_	_	_	_	linguistic	_	none	_	_	_	_	_	_
481-2	BX002	481	2	mercoledì	mercoledì	_	_	_	_	_	linguistic	_	none	_	_	_	_	_	_
481-3	BX002	481	3	io	io	_	_	_	_	_	linguistic	_	none	_	_	_	_	_	_
481-4	BX002	481	4	sono	sono	_	_	_	_	_	linguistic	_	none	_	_	_	_	_	_
481-5	BX002	481	5	stanca,	stanca	_	_	_	_	_	linguistic	_	none	Intonation=WeaklyRising	_	_	_	_	_
481-6	BX002	481	6	perché	perché	_	_	_	_	_	linguistic	_	none	_	_	_	_	_	_
481-7	BX002	481	7	è	è	_	_	_	_	_	linguistic	_	none	_	_	_	_	_	_
481-8	BX002	481	8	in	in	_	_	_	_	_	linguistic	_	none	_	_	_	_	_	_
481-9	BX002	481	9	inglese.	inglese	_	_	_	_	_	linguistic	_	none	Intonation=Falling	End=1407.882	_	_	_	_
482-0	BX001	482	0	come	come	_	_	_	_	_	linguistic	_	none	_	Begin=1408.517	_	_	_	_
482-1	BX001	482	1	dice	dice	_	_	_	_	_	linguistic	_	none	_	_	_	_	_	_
482-2	BX001	482	2	un	un	_	_	_	_	_	linguistic	_	none	_	_	_	_	_	_
482-3	BX001	482	3	mio	mio	_	_	_	_	_	linguistic	_	none	_	_	_	_	_	_
482-4	BX001	482	4	amico,	amico	_	_	_	_	_	linguistic	_	none	Intonation=WeaklyRising	_	_	_	_	_
482-5	BX001	482	5	tutti	tutti	_	_	_	_	_	linguistic	_	none	_	_	_	_	_	_
482-6	BX001	482	6	i	i	_	_	_	_	_	linguistic	_	none	_	_	_	_	_	_
482-7	BX001	482	7	giorni	giorni	_	_	_	_	_	linguistic	_	none	_	_	_	_	_	_
482-8	BX001	482	8	che	che	_	_	_	_	_	linguistic	_	none	_	_	_	_	_	_
482-9	BX001	482	9	finiscono	finiscono	_	_	_	_	_	linguistic	_	none	_	_	_	_	_	_
482-10	BX001	482	10	in	in	_	_	_	_	_	linguistic	_	none	_	_	_	_	_	_
482-11	BX001	482	11	i,	i	_	_	_	_	_	linguistic	_	none	Intonation=WeaklyRising|PauseAfter=Yes	_	_	_	_	_
482-12	BX001	482	12	(.)	(.)	_	_	_	_	_	shortpause	_	none	_	_	_	_	_	_
482-13	BX001	482	13	sono	sono	_	_	_	_	_	linguistic	_	none	_	_	_	_	_	_
482-14	BX001	482	14	stanco.	stanco	_	_	_	_	_	linguistic	_	none	Intonation=Falling	End=1412.36	_	_	_	_
483-0	BX002	483	0	((ride))	((ride))	_	_	_	_	_	nonverbalbehavior	_	none	_	Begin=1412.997	_	_	_	_
483-1	BX002	483	1	sempre.	sempre	_	_	_	_	_	linguistic	_	none	Intonation=Falling	End=1414.297	_	_	_	_
484-0	BX001	484	0	più	più	_	_	_	_	_	linguistic	_	none	_	Begin=1416.182	_	_	_	_
484-1	BX001	484	1	il	il	_	_	_	_	_	linguistic	_	none	_	_	_	_	_	_
484-2	BX001	484	2	sabato	sabato	_	_	_	_	_	linguistic	_	none	_	_	_	_	_	_
484-3	BX001	484	3	e	e	_	_	_	_	_	linguistic	_	none	_	_	_	_	_	_
484-4	BX001	484	4	la	la	_	_	_	_	_	linguistic	_	none	_	_	_	_	_	_
484-5	BX001	484	5	domenica.	domenica	_	_	_	_	_	linguistic	_	none	Intonation=Falling	End=1417.802	_	_	_	_
485-0	BX001	485	0	ma	ma	_	_	_	_	_	linguistic	_	none	_	Begin=1420.347	_	_	_	_
485-1	BX001	485	1	hai	hai	_	_	_	_	_	linguistic	_	none	_	_	_	_	_	_
485-2	BX001	485	2	visto	visto	_	_	_	_	_	linguistic	_	none	_	_	_	_	_	_
485-3	BX001	485	3	il	il	_	_	_	_	_	linguistic	_	none	_	_	_	_	_	_
485-4	BX001	485	4	video:	video	_	_	_	_	_	linguistic	_	none	_	_	4x1	_	_	_
485-5	BX001	485	5	di	di	_	_	_	_	_	linguistic	_	none	_	_	_	_	_	_
485-6	BX001	485	6	trump?	trump	_	_	_	_	_	linguistic	_	none	Intonation=Rising	End=1422.837	_	_	_	_
486-0	BX002	486	0	sì	sì	_	_	_	_	_	linguistic	_	none	_	Begin=1422.967	_	_	_	_
486-1	BX002	486	1	sì	sì	_	_	_	_	_	linguistic	_	none	_	_	_	_	_	_
486-2	BX002	486	2	sì	sì	_	_	_	_	_	linguistic	_	none	_	_	_	_	_	_
486-3	BX002	486	3	però	però	_	_	_	_	_	linguistic	_	none	_	_	_	_	_	_
486-4	BX002	486	4	in	in	_	_	_	_	_	linguistic	_	none	_	_	_	_	_	_
486-5	BX002	486	5	realtà	realtà	_	_	_	_	_	linguistic	_	none	_	_	_	_	_	_
486-6	BX002	486	6	quello	quello	_	_	_	_	_	linguistic	_	none	_	_	_	_	_	_
486-7	BX002	486	7	lì	lì	_	_	_	_	_	linguistic	_	none	_	_	_	_	_	_
486-8	BX002	486	8	è	è	_	_	_	_	_	linguistic	_	none	_	_	_	_	_	_
486-9	BX002	486	9	(incomprensibile)	incomprensibile	_	_	_	_	_	linguistic	_	none	_	End=1427.667	_	_	0-15(0)	_
487-0	BX001	487	0	ah	ah	_	_	_	_	_	linguistic	_	none	_	Begin=1428.032	_	_	_	_
487-1	BX001	487	1	sì	sì	_	_	_	_	_	linguistic	_	none	_	_	_	_	_	_
487-2	BX001	487	2	ce	ce	_	_	_	_	_	linguistic	_	none	_	_	_	_	_	_
487-3	BX001	487	3	[n'	n'	_	_	_	_	_	linguistic	_	none	SpaceAfter=No	_	_	_	_	0-2(135)
487-4	BX001	487	4	è:	è	_	_	_	_	_	linguistic	_	none	_	_	0x1	_	_	0-1(135)
487-5	BX001	487	5	ce	ce	_	_	_	_	_	linguistic	_	none	_	_	_	_	_	0-2(135)
487-6	BX001	487	6	n'	n'	_	_	_	_	_	linguistic	_	none	SpaceAfter=No	_	_	_	_	0-2(135)
487-7	BX001	487	7	è	è	_	_	_	_	_	linguistic	_	none	_	_	_	_	_	0-1(135)
487-8	BX001	487	8	vabbè	vabbè	_	_	_	_	_	linguistic	_	none	PauseAfter=Yes	_	_	_	_	0-5(135)
487-9	BX001	487	9	(.)	(.)	_	_	_	_	_	shortpause	_	none	_	_	_	_	_	_
487-10	BX001	487	10	ma	ma	_	_	_	_	_	linguistic	_	none	_	_	_	_	_	0-2(135)
487-11	BX001	487	11	perché:]	perché	_	_	_	_	_	linguistic	_	none	_	End=1431.1	5x1	_	_	0-6(135)
488-0	BX002	488	0	[c'	c'	_	_	_	_	_	linguistic	_	none	SpaceAfter=No	Begin=1428.922	_	_	_	0-2(135)
488-1	BX002	488	1	è	è	_	_	_	_	_	linguistic	_	none	_	_	_	_	_	0-1(135)
488-2	BX002	488	2	c'	c'	_	_	_	_	_	linguistic	_	none	SpaceAfter=No	_	_	_	_	0-2(135)
488-3	BX002	488	3	è	è	_	_	_	_	_	linguistic	_	none	_	_	_	_	_	0-1(135)
488-4	BX002	488	4	cardi	cardi	_	_	_	_	_	linguistic	_	none	_	_	_	_	_	0-5(135)
488-5	BX002	488	5	b	b	_	_	_	_	_	linguistic	_	none	_	_	_	_	_	0-1(135)
488-6	BX002	488	6	ovunque,	ovunque	_	_	_	_	_	linguistic	_	none	Intonation=WeaklyRising	_	_	_	_	0-7(135)
488-7	BX002	488	7	((ride))]	((ride))	_	_	_	_	_	nonverbalbehavior	_	none	_	End=1430.992	_	_	_	0-4(135)
489-0	BX003	489	0	c'	c'	_	_	_	_	_	linguistic	_	none	SpaceAfter=No	Begin=1431.082	_	_	_	_
489-1	BX003	489	1	è	è	_	_	_	_	_	linguistic	_	none	_	_	_	_	_	_
489-2	BX003	489	2	quel,	quel	_	_	_	_	_	linguistic	_	none	Intonation=WeaklyRising	_	_	_	_	_
489-3	BX003	489	3	quel	quel	_	_	_	_	_	linguistic	_	none	_	_	_	_	_	_
489-4	BX003	489	4	l'	l'	_	_	_	_	_	linguistic	_	none	SpaceAfter=No	_	_	_	_	_
489-5	BX003	489	5	ho	ho	_	_	_	_	_	linguistic	_	none	_	_	_	_	_	_
489-6	BX003	489	6	visto	visto	_	_	_	_	_	linguistic	_	none	_	_	_	_	_	_
489-7	BX003	489	7	anch'	anch'	_	_	_	_	_	linguistic	_	none	SpaceAfter=No	_	_	_	_	_
489-8	BX003	489	8	io	io	_	_	_	_	_	linguistic	_	none	_	_	_	Fast=0-2(0)	_	_
489-9	BX003	489	9	>non	non	_	_	_	_	_	linguistic	_	none	_	_	_	Fast=0-3(0)	_	_
489-10	BX003	489	10	l'	l'	_	_	_	_	_	linguistic	_	none	SpaceAfter=No	_	_	Fast=0-2(0)	_	_
489-11	BX003	489	11	ho	ho	_	_	_	_	_	linguistic	_	none	_	_	_	Fast=0-2(0)	_	_
489-12	BX003	489	12	visto	visto	_	_	_	_	_	linguistic	_	none	_	_	_	Fast=0-5(0)	_	_
489-13	BX003	489	13	tutto<	tutto	_	_	_	_	_	linguistic	_	none	_	_	_	Fast=0-2(0)	_	_
489-14	BX003	489	14	però:	però	_	_	_	_	_	linguistic	_	none	_	End=1434.192	3x1	_	_	_
490-0	BX002	490	0	c'	c'	_	_	_	_	_	linguistic	_	none	SpaceAfter=No	Begin=1434.412	_	_	_	_
490-1	BX002	490	1	è	è	_	_	_	_	_	linguistic	_	none	_	_	_	_	_	_
490-2	BX002	490	2	cardi	cardi	_	_	_	_	_	linguistic	_	none	_	_	_	_	_	_
490-3	BX002	490	3	b	b	_	_	_	_	_	linguistic	_	none	_	_	_	_	_	_
490-4	BX002	490	4	ovunque.	ovunque	_	_	_	_	_	linguistic	_	none	Intonation=Falling	End=1435.792	_	_	_	_
491-0	BX001	491	0	sì	sì	_	_	_	_	_	linguistic	_	none	_	Begin=1436.267	_	_	_	_
491-1	BX001	491	1	sì	sì	_	_	_	_	_	linguistic	_	none	_	_	_	_	_	_
491-2	BX001	491	2	no	no	_	_	_	_	_	linguistic	_	none	_	_	_	_	_	_
491-3	BX001	491	3	ma,	ma	_	_	_	_	_	linguistic	_	none	Intonation=WeaklyRising	End=1437.467	_	_	_	_
492-0	BX001	492	0	è	è	_	_	_	_	_	linguistic	_	none	_	Begin=1438.192	_	_	_	_
492-1	BX001	492	1	pazzesco.	pazzesco	_	_	_	_	_	linguistic	_	none	Intonation=Falling|PauseAfter=Yes	_	_	_	_	_
492-2	BX001	492	2	(.)	(.)	_	_	_	_	_	shortpause	_	none	_	_	_	_	_	_
492-3	BX001	492	3	cioè	cioè	_	_	_	_	_	linguistic	_	none	_	_	_	_	_	_
492-4	BX001	492	4	il	il	_	_	_	_	_	linguistic	_	none	_	_	_	_	_	_
492-5	BX001	492	5	lavoro	lavoro	_	_	_	_	_	linguistic	_	none	_	_	_	_	_	_
492-6	BX001	492	6	[che	che	_	_	_	_	_	linguistic	_	none	_	_	_	_	_	0-3(137)
492-7	BX001	492	7	c'	c'	_	_	_	_	_	linguistic	_	none	SpaceAfter=No	_	_	_	_	0-2(137)
492-8	BX001	492	8	è	è	_	_	_	_	_	linguistic	_	none	_	_	_	_	_	0-1(137)
492-9	BX001	492	9	dietro],	dietro	_	_	_	_	_	linguistic	_	none	Intonation=WeaklyRising	End=1440.702	_	_	_	0-6(137)
493-0	BX002	493	0	[adesso	adesso	_	_	_	_	_	linguistic	_	none	_	Begin=1439.562	_	_	_	0-6(137)
493-1	BX002	493	1	ho	ho	_	_	_	_	_	linguistic	_	none	_	_	_	_	_	0-2(137)
493-2	BX002	493	2	capito	capito	_	_	_	_	_	linguistic	_	none	_	_	_	_	_	0-6(137)
493-3	BX002	493	3	cosa	cosa	_	_	_	_	_	linguistic	_	none	_	_	_	_	_	0-4(137)
493-4	BX002	493	4	vuol	vuol	_	_	_	_	_	linguistic	_	none	_	_	_	_	_	0-4(137)
493-5	BX002	493	5	di-]	di-	_	_	_	_	_	linguistic	_	none	Interrupted=Yes	_	_	_	_	0-3(137)
493-6	BX002	493	6	cosa	cosa	_	_	_	_	_	linguistic	_	none	_	_	_	_	_	_
493-7	BX002	493	7	hai	hai	_	_	_	_	_	linguistic	_	none	_	_	_	_	_	_
493-8	BX002	493	8	voluto	voluto	_	_	_	_	_	linguistic	_	none	_	_	_	_	_	_
493-9	BX002	493	9	cosa	cosa	_	_	_	_	_	linguistic	_	none	_	_	_	_	_	_
493-10	BX002	493	10	volevi	volevi	_	_	_	_	_	linguistic	_	none	_	_	_	_	_	_
493-11	BX002	493	11	dire	dire	_	_	_	_	_	linguistic	_	none	_	_	_	_	_	_
493-12	BX002	493	12	con	con	_	_	_	_	_	linguistic	_	none	_	_	_	_	_	_
493-13	BX002	493	13	[anche	anche	_	_	_	_	_	linguistic	_	none	_	_	_	_	_	0-5(138)
493-14	BX002	493	14	lui	lui	_	_	_	_	_	linguistic	_	none	_	_	_	_	_	0-3(138)
493-15	BX002	493	15	è	è	_	_	_	_	_	linguistic	_	none	_	_	_	_	_	0-1(138)
493-16	BX002	493	16	un:]	un	_	_	_	_	_	linguistic	_	none	_	End=1443.932	1x1	_	_	0-2(138)
494-0	BX003	494	0	[eh	eh	_	_	_	_	_	linguistic	_	none	_	Begin=1442.572	_	_	_	0-2(138)
494-1	BX003	494	1	anch'	anch'	_	_	_	_	_	linguistic	_	none	SpaceAfter=No	_	_	_	_	0-5(138)
494-2	BX003	494	2	io].	io	_	_	_	_	_	linguistic	_	none	Intonation=Falling	_	_	_	_	0-2(138)
494-3	BX003	494	3	non	non	_	_	_	_	_	linguistic	_	none	_	_	_	_	_	_
494-4	BX003	494	4	non	non	_	_	_	_	_	linguistic	_	none	_	_	_	_	_	_
494-5	BX003	494	5	pensavo	pensavo	_	_	_	_	_	linguistic	_	none	_	_	_	_	_	_
494-6	BX003	494	6	che	che	_	_	_	_	_	linguistic	_	none	_	_	_	_	_	_
494-7	BX003	494	7	lo	lo	_	_	_	_	_	linguistic	_	none	_	_	_	_	_	_
494-8	BX003	494	8	facesse	facesse	_	_	_	_	_	linguistic	_	none	_	_	_	_	_	_
494-9	BX003	494	9	in	in	_	_	_	_	_	linguistic	_	none	_	_	_	_	_	_
494-10	BX003	494	10	diretta.	diretta	_	_	_	_	_	linguistic	_	none	Intonation=Falling	End=1446.297	_	_	_	_
495-0	BX002	495	0	°sì.°	sì	_	_	_	_	_	linguistic	_	none	Intonation=Falling|Volume=low	Begin=1446.387|End=1446.867	_	_	_	_
496-0	BX001	496	0	è	è	_	_	_	_	_	linguistic	_	none	_	Begin=1447.242	_	_	_	_
496-1	BX001	496	1	pazzesco.	pazzesco	_	_	_	_	_	linguistic	_	none	Intonation=Falling	End=1447.942	_	_	_	_
497-0	BX003	497	0	wow.	wow	_	_	_	_	_	linguistic	_	none	Intonation=Falling	Begin=1448.337|End=1448.927	_	_	_	_
498-0	BX001	498	0	cioè	cioè	_	_	_	_	_	linguistic	_	none	_	Begin=1449.18	_	_	_	_
498-1	BX001	498	1	[troppo]	troppo	_	_	_	_	_	linguistic	_	none	_	End=1450.247	_	_	_	0-6(139)
499-0	BX002	499	0	[cioè	cioè	_	_	_	_	_	linguistic	_	none	_	Begin=1449.657	_	_	_	0-4(139)
499-1	BX002	499	1	lui]	lui	_	_	_	_	_	linguistic	_	none	_	_	_	_	_	0-3(139)
499-2	BX002	499	2	aveva	aveva	_	_	_	_	_	linguistic	_	none	_	_	_	_	_	_
499-3	BX002	499	3	un	un	_	_	_	_	_	linguistic	_	none	_	_	_	_	_	_
499-4	BX002	499	4	monitor	monitor	_	_	_	_	_	linguistic	_	none	_	_	_	_	_	_
499-5	BX002	499	5	lì	lì	_	_	_	_	_	linguistic	_	none	_	_	_	_	_	_
499-6	BX002	499	6	con:	con	_	_	_	_	_	linguistic	_	none	PauseAfter=Yes	_	2x1	_	_	_
499-7	BX002	499	7	(.)	(.)	_	_	_	_	_	shortpause	_	none	_	_	_	_	_	_
499-8	BX002	499	8	i	i	_	_	_	_	_	linguistic	_	none	_	_	_	_	_	_
499-9	BX002	499	9	suoi	suoi	_	_	_	_	_	linguistic	_	none	_	_	_	_	_	_
499-10	BX002	499	10	video,	video	_	_	_	_	_	linguistic	_	none	Intonation=WeaklyRising	_	_	_	_	_
499-11	BX002	499	11	la	la	_	_	_	_	_	linguistic	_	none	_	_	_	_	_	_
499-12	BX002	499	12	raccolta	raccolta	_	_	_	_	_	linguistic	_	none	_	_	_	_	_	_
499-13	BX002	499	13	dei	dei	_	_	_	_	_	linguistic	_	none	_	_	_	_	_	_
499-14	BX002	499	14	suoi	suoi	_	_	_	_	_	linguistic	_	none	_	_	_	_	_	_
499-15	BX002	499	15	video,	video	_	_	_	_	_	linguistic	_	none	Intonation=WeaklyRising	_	_	_	_	_
499-16	BX002	499	16	e	e	_	_	_	_	_	linguistic	_	none	_	_	_	_	_	_
499-17	BX002	499	17	lui	lui	_	_	_	_	_	linguistic	_	none	_	_	_	_	_	_
499-18	BX002	499	18	si	si	_	_	_	_	_	linguistic	_	none	_	_	_	_	_	_
499-19	BX002	499	19	metteva	metteva	_	_	_	_	_	linguistic	_	none	_	End=1455.146	_	_	_	_
500-0	BX001	500	0	l'	l'	_	_	_	_	_	linguistic	_	none	SpaceAfter=No	Begin=1455.137	_	_	_	_
500-1	BX001	500	1	ha	ha	_	_	_	_	_	linguistic	_	none	_	_	_	_	_	_
500-2	BX001	500	2	fatto	fatto	_	_	_	_	_	linguistic	_	none	_	_	_	_	_	_
500-3	BX001	500	3	altre	altre	_	_	_	_	_	linguistic	_	none	_	_	_	_	_	_
500-4	BX001	500	4	venti	venti	_	_	_	_	_	linguistic	_	none	_	_	_	_	_	_
500-5	BX001	500	5	volte	volte	_	_	_	_	_	linguistic	_	none	_	_	_	_	_	_
500-6	BX001	500	6	eh.	eh	_	_	_	_	_	linguistic	_	none	Intonation=Falling	End=1456.797	_	_	_	_
501-0	BX002	501	0	dici?	dici	_	_	_	_	_	linguistic	_	none	Intonation=Rising	Begin=1456.802|End=1457.372	_	_	_	_
502-0	BX001	502	0	prima	prima	_	_	_	_	_	linguistic	_	none	_	Begin=1457.112	_	_	_	_
502-1	BX001	502	1	che	che	_	_	_	_	_	linguistic	_	none	_	_	_	_	_	_
502-2	BX001	502	2	venisse	venisse	_	_	_	_	_	linguistic	_	none	_	_	_	_	_	_
502-3	BX001	502	3	bene.	bene	_	_	_	_	_	linguistic	_	none	Intonation=Falling	End=1458.312	_	_	_	_
503-0	BX002	503	0	ah	ah	_	_	_	_	_	linguistic	_	none	_	Begin=1458.437	_	_	_	_
503-1	BX002	503	1	be'.	be'	_	_	_	_	_	linguistic	_	none	Intonation=Falling|Truncated=Yes	End=1458.927	_	_	_	_
504-0	BX001	504	0	sì	sì	_	_	_	_	_	linguistic	_	none	_	Begin=1458.937	_	_	_	_
504-1	BX001	504	1	sì	sì	_	_	_	_	_	linguistic	_	none	_	_	_	_	_	_
504-2	BX001	504	2	sì.	sì	_	_	_	_	_	linguistic	_	none	Intonation=Falling	End=1459.747	_	_	_	_
505-0	BX002	505	0	ma	ma	_	_	_	_	_	linguistic	_	none	_	Begin=1460.457	_	_	_	_
505-1	BX002	505	1	è	è	_	_	_	_	_	linguistic	_	none	_	_	_	_	_	_
505-2	BX002	505	2	simpa[tico]	simpatico	_	_	_	_	_	linguistic	_	none	_	End=1461.249	_	_	_	5-9(142)
506-0	BX001	506	0	[ma]	ma	_	_	_	_	_	linguistic	_	none	_	Begin=1461.077	_	_	_	0-2(142)
506-1	BX001	506	1	quello,	quello	_	_	_	_	_	linguistic	_	none	Intonation=WeaklyRising	_	_	_	_	_
506-2	BX001	506	2	quello	quello	_	_	_	_	_	linguistic	_	none	_	_	_	_	_	_
506-3	BX001	506	3	di	di	_	_	_	_	_	linguistic	_	none	_	_	_	_	_	_
506-4	BX001	506	4	trump	trump	_	_	_	_	_	linguistic	_	none	_	_	_	_	_	_
506-5	BX001	506	5	ah	ah	_	_	_	_	_	linguistic	_	none	_	_	_	_	_	_
506-6	BX001	506	6	non	non	_	_	_	_	_	linguistic	_	none	_	_	_	_	_	_
506-7	BX001	506	7	te	te	_	_	_	_	_	linguistic	_	none	_	_	_	_	_	_
506-8	BX001	506	8	l'	l'	_	_	_	_	_	linguistic	_	none	SpaceAfter=No	_	_	_	_	_
506-9	BX001	506	9	ho	ho	_	_	_	_	_	linguistic	_	none	_	_	_	_	_	_
506-10	BX001	506	10	mandato.	mandato	_	_	_	_	_	linguistic	_	none	Intonation=Falling	_	_	_	_	_
506-11	BX001	506	11	perché	perché	_	_	_	_	_	linguistic	_	none	_	_	_	_	_	_
506-12	BX001	506	12	c'	c'	_	_	_	_	_	linguistic	_	none	SpaceAfter=No	_	_	_	_	_
506-13	BX001	506	13	è	è	_	_	_	_	_	linguistic	_	none	_	_	_	_	_	_
506-14	BX001	506	14	uno	uno	_	_	_	_	_	linguistic	_	none	_	_	_	_	_	_
506-15	BX001	506	15	di	di	_	_	_	_	_	linguistic	_	none	_	_	_	_	_	_
506-16	BX001	506	16	trump,	trump	_	_	_	_	_	linguistic	_	none	Intonation=WeaklyRising	End=1464.457	_	_	_	_
507-0	BX003	507	0	mh.	mh	_	_	_	_	_	linguistic	_	none	Intonation=Falling	Begin=1464.652|End=1464.912	_	_	_	_
508-0	BX001	508	0	che	che	_	_	_	_	_	linguistic	_	none	_	Begin=1464.917	_	_	_	_
508-1	BX001	508	1	parla,	parla	_	_	_	_	_	linguistic	_	none	Intonation=WeaklyRising|PauseAfter=Yes	_	_	_	_	_
508-2	BX001	508	2	(.)	(.)	_	_	_	_	_	shortpause	_	none	_	_	_	_	_	_
508-3	BX001	508	3	e	e	_	_	_	_	_	linguistic	_	none	_	_	_	_	_	_
508-4	BX001	508	4	c'	c'	_	_	_	_	_	linguistic	_	none	SpaceAfter=No	_	_	_	_	_
508-5	BX001	508	5	è	è	_	_	_	_	_	linguistic	_	none	_	_	_	_	_	_
508-6	BX001	508	6	uno	uno	_	_	_	_	_	linguistic	_	none	_	_	_	_	_	_
508-7	BX001	508	7	che	che	_	_	_	_	_	linguistic	_	none	_	_	_	_	_	_
508-8	BX001	508	8	suona	suona	_	_	_	_	_	linguistic	_	none	_	_	_	_	_	_
508-9	BX001	508	9	il	il	_	_	_	_	_	linguistic	_	none	_	_	_	_	_	_
508-10	BX001	508	10	sax.	sax	_	_	_	_	_	linguistic	_	none	Intonation=Falling	End=1468.557	_	_	_	_
509-0	BX003	509	0	ah	ah	_	_	_	_	_	linguistic	_	none	_	Begin=1468.547	_	_	_	_
509-1	BX003	509	1	[sì	sì	_	_	_	_	_	linguistic	_	none	_	_	_	_	_	0-2(144)
509-2	BX003	509	2	sì	sì	_	_	_	_	_	linguistic	_	none	_	_	_	_	_	0-2(144)
509-3	BX003	509	3	sì]	sì	_	_	_	_	_	linguistic	_	none	_	End=1469.647	_	_	_	0-2(144)
510-0	BX001	510	0	[e	e	_	_	_	_	_	linguistic	_	none	_	Begin=1468.717	_	_	_	0-1(144)
510-1	BX001	510	1	col	col	_	_	_	_	_	linguistic	_	none	_	_	_	_	_	0-3(144)
510-2	BX001	510	2	sax]	sax	_	_	_	_	_	linguistic	_	none	_	_	_	_	_	0-3(144)
510-3	BX001	510	3	fa:	fa	_	_	_	_	_	linguistic	_	none	_	_	1x1	_	_	_
510-4	BX001	510	4	la	la	_	_	_	_	_	linguistic	_	none	_	_	_	_	_	_
510-5	BX001	510	5	voce	voce	_	_	_	_	_	linguistic	_	none	_	_	_	_	_	_
510-6	BX001	510	6	[di	di	_	_	_	_	_	linguistic	_	none	_	_	_	_	_	0-2(145)
510-7	BX001	510	7	trump].	trump	_	_	_	_	_	linguistic	_	none	Intonation=Falling	End=1471.627	_	_	_	0-5(145)
511-0	BX002	511	0	[è	è	_	_	_	_	_	linguistic	_	none	_	Begin=1470.807	_	_	_	0-1(145)
511-1	BX002	511	1	uguale].	uguale	_	_	_	_	_	linguistic	_	none	Intonation=Falling	End=1471.627	_	_	_	0-6(145)
512-0	BX002	512	0	ugualissimo.	ugualissimo	_	_	_	_	_	linguistic	_	none	Intonation=Falling	Begin=1471.797|End=1472.597	_	_	_	_
513-0	BX001	513	0	pazzesco	pazzesco	_	_	_	_	_	linguistic	_	none	_	Begin=1472.652|End=1473.49	_	_	_	_
514-0	BX001	514	0	pazzesco.	pazzesco	_	_	_	_	_	linguistic	_	none	Intonation=Falling|PauseAfter=Yes	Begin=1474.547	_	_	_	_
514-1	BX001	514	1	(.)	(.)	_	_	_	_	_	shortpause	_	none	_	_	_	_	_	_
514-2	BX001	514	2	anche	anche	_	_	_	_	_	linguistic	_	none	_	_	_	_	_	_
514-3	BX001	514	3	perché	perché	_	_	_	_	_	linguistic	_	none	_	_	_	_	_	_
514-4	BX001	514	4	c'	c'	_	_	_	_	_	linguistic	_	none	SpaceAfter=No	_	_	_	_	_
514-5	BX001	514	5	è	è	_	_	_	_	_	linguistic	_	none	_	_	_	_	_	_
514-6	BX001	514	6	un	un	_	_	_	_	_	linguistic	_	none	_	_	_	_	_	_
514-7	BX001	514	7	pianoforte	pianoforte	_	_	_	_	_	linguistic	_	none	_	_	_	_	_	_
514-8	BX001	514	8	sotto.	sotto	_	_	_	_	_	linguistic	_	none	Intonation=Falling|PauseAfter=Yes	_	_	_	_	_
514-9	BX001	514	9	(.)	(.)	_	_	_	_	_	shortpause	_	none	_	_	_	_	_	_
514-10	BX001	514	10	e	e	_	_	_	_	_	linguistic	_	none	_	_	_	_	_	_
514-11	BX001	514	11	quindi	quindi	_	_	_	_	_	linguistic	_	none	_	_	_	_	_	_
514-12	BX001	514	12	viene	viene	_	_	_	_	_	linguistic	_	none	_	_	_	_	_	_
514-13	BX001	514	13	proprio	proprio	_	_	_	_	_	linguistic	_	none	_	_	_	_	_	_
514-14	BX001	514	14	un	un	_	_	_	_	_	linguistic	_	none	_	_	_	_	_	_
514-15	BX001	514	15	pezzo.	pezzo	_	_	_	_	_	linguistic	_	none	Intonation=Falling	End=1478.497	_	_	_	_
515-0	BX002	515	0	sembra	sembra	_	_	_	_	_	linguistic	_	none	_	Begin=1479.158	_	_	_	_
515-1	BX002	515	1	veramente	veramente	_	_	_	_	_	linguistic	_	none	_	_	_	_	_	_
515-2	BX002	515	2	musica	musica	_	_	_	_	_	linguistic	_	none	_	_	_	_	_	_
515-3	BX002	515	3	cioè:	cioè	_	_	_	_	_	linguistic	_	none	_	End=1481.248	3x1	_	_	_
516-0	BX001	516	0	è	è	_	_	_	_	_	linguistic	_	none	_	Begin=1481.258	_	_	_	_
516-1	BX001	516	1	geniale.	geniale	_	_	_	_	_	linguistic	_	none	Intonation=Falling|PauseAfter=Yes	_	_	_	_	_
516-2	BX001	516	2	(.)	(.)	_	_	_	_	_	shortpause	_	none	_	_	_	_	_	_
516-3	BX001	516	3	eh.	eh	_	_	_	_	_	linguistic	_	none	Intonation=Falling	End=1482.13	_	_	_	_
517-0	BX001	517	0	mh:	mh	_	_	_	_	_	linguistic	_	none	_	Begin=1482.678	1x1	_	_	_
517-1	BX001	517	1	geniale	geniale	_	_	_	_	_	linguistic	_	none	_	_	_	_	_	_
517-2	BX001	517	2	[geniale].	geniale	_	_	_	_	_	linguistic	_	none	Intonation=Falling	End=1484.272	_	_	_	0-7(146)
518-0	BX002	518	0	[soprattutto]	soprattutto	_	_	_	_	_	linguistic	_	none	_	Begin=1483.963	_	_	_	0-11(146)
518-1	BX002	518	1	cardi	cardi	_	_	_	_	_	linguistic	_	none	_	_	_	_	_	_
518-2	BX002	518	2	b.	b	_	_	_	_	_	linguistic	_	none	Intonation=Falling|PauseAfter=Yes	_	_	_	_	_
518-3	BX002	518	3	(.)	(.)	_	_	_	_	_	shortpause	_	none	_	_	_	_	_	_
518-4	BX002	518	4	cioè	cioè	_	_	_	_	_	linguistic	_	none	_	_	_	_	_	_
518-5	BX002	518	5	no	no	_	_	_	_	_	linguistic	_	none	_	_	_	_	_	_
518-6	BX002	518	6	veramente	veramente	_	_	_	_	_	linguistic	_	none	_	_	_	_	_	_
518-7	BX002	518	7	>però<,	però	_	_	_	_	_	linguistic	_	none	Intonation=WeaklyRising	_	_	Fast=0-4(0)	_	_
518-8	BX002	518	8	allora	allora	_	_	_	_	_	linguistic	_	none	_	_	_	_	_	_
518-9	BX002	518	9	lei	lei	_	_	_	_	_	linguistic	_	none	_	_	_	_	_	_
518-10	BX002	518	10	dice	dice	_	_	_	_	_	linguistic	_	none	_	_	_	_	_	_
518-11	BX002	518	11	delle	delle	_	_	_	_	_	linguistic	_	none	_	_	_	_	_	_
518-12	BX002	518	12	stronzate::	stronzate	_	_	_	_	_	linguistic	_	none	_	_	8x2	_	_	_
518-13	BX002	518	13	[veramente:],	veramente	_	_	_	_	_	linguistic	_	none	Intonation=WeaklyRising	End=1488.933	8x1	_	_	0-9(147)
519-0	BX001	519	0	[(pazzesco)]	pazzesco	_	_	_	_	_	linguistic	_	none	_	Begin=1488.323|End=1488.933	_	_	0-8(0)	0-8(147)
520-0	BX002	520	0	però:	però	_	_	_	_	_	linguistic	_	none	_	Begin=1489.343	3x1	_	_	_
520-1	BX002	520	1	mh:,	mh	_	_	_	_	_	linguistic	_	none	Intonation=WeaklyRising	End=1490.56	1x1	_	_	_
521-0	BX002	521	0	sembra	sembra	_	_	_	_	_	linguistic	_	none	_	Begin=1492.153	_	_	_	_
521-1	BX002	521	1	un	un	_	_	_	_	_	linguistic	_	none	_	_	_	_	_	_
521-2	BX002	521	2	testo	testo	_	_	_	_	_	linguistic	_	none	_	_	_	_	_	_
521-3	BX002	521	3	rap,	rap	_	_	_	_	_	linguistic	_	none	Intonation=WeaklyRising	_	_	_	_	_
521-4	BX002	521	4	tra	tra	_	_	_	_	_	linguistic	_	none	_	_	_	_	_	_
521-5	BX002	521	5	l'	l'	_	_	_	_	_	linguistic	_	none	SpaceAfter=No	_	_	_	_	_
521-6	BX002	521	6	altro	altro	_	_	_	_	_	linguistic	_	none	_	_	_	_	_	_
521-7	BX002	521	7	lei	lei	_	_	_	_	_	linguistic	_	none	_	_	_	_	_	_
521-8	BX002	521	8	fa:	fa	_	_	_	_	_	linguistic	_	none	_	End=1494.623	1x1	_	_	_
522-0	BX002	522	0	fa	fa	_	_	_	_	_	linguistic	_	none	_	Begin=1495.231	_	_	_	_
522-1	BX002	522	1	rap	rap	_	_	_	_	_	linguistic	_	none	_	_	_	_	_	_
522-2	BX002	522	2	quindi:,	quindi	_	_	_	_	_	linguistic	_	none	Intonation=WeaklyRising	End=1496.631	5x1	_	_	_
523-0	BX001	523	0	sì	sì	_	_	_	_	_	linguistic	_	none	_	Begin=1496.706	_	_	_	_
523-1	BX001	523	1	sì	sì	_	_	_	_	_	linguistic	_	none	_	_	_	_	_	_
523-2	BX001	523	2	no	no	_	_	_	_	_	linguistic	_	none	_	_	_	_	_	_
523-3	BX001	523	3	ma	ma	_	_	_	_	_	linguistic	_	none	_	_	_	_	_	_
523-4	BX001	523	4	è	è	_	_	_	_	_	linguistic	_	none	_	_	_	_	_	_
523-5	BX001	523	5	incredibile.	incredibile	_	_	_	_	_	linguistic	_	none	Intonation=Falling	End=1498.06	_	_	_	_
524-0	BX002	524	0	(siamo	siamo	_	_	_	_	_	linguistic	_	none	_	Begin=1498.101	_	_	0-5(0)	_
524-1	BX002	524	1	cioè)	cioè	_	_	_	_	_	linguistic	_	none	_	_	_	_	0-4(0)	_
524-2	BX002	524	2	comunque	comunque	_	_	_	_	_	linguistic	_	none	_	_	_	_	_	_
524-3	BX002	524	3	abituati	abituati	_	_	_	_	_	linguistic	_	none	_	_	_	_	_	_
524-4	BX002	524	4	[a:]	a	_	_	_	_	_	linguistic	_	none	_	End=1499.941	0x1	_	_	0-1(148)
525-0	BX001	525	0	[cioè]	cioè	_	_	_	_	_	linguistic	_	none	_	Begin=1499.636	_	_	_	0-4(148)
525-1	BX001	525	1	poi	poi	_	_	_	_	_	linguistic	_	none	_	_	_	_	_	_
525-2	BX001	525	2	è	è	_	_	_	_	_	linguistic	_	none	_	_	_	_	_	_
525-3	BX001	525	3	veramente	veramente	_	_	_	_	_	linguistic	_	none	_	_	_	_	_	_
525-4	BX001	525	4	geniale.	geniale	_	_	_	_	_	linguistic	_	none	Intonation=Falling	End=1501.446	_	_	_	_
526-0	BX002	526	0	sì.	sì	_	_	_	_	_	linguistic	_	none	Intonation=Falling	Begin=1501.606|End=1502.016	_	_	_	_
527-0	BX001	527	0	geniale.	geniale	_	_	_	_	_	linguistic	_	none	Intonation=Falling	Begin=1503.456	_	_	_	_
527-1	BX001	527	1	quelli,	quelli	_	_	_	_	_	linguistic	_	none	Intonation=WeaklyRising	_	_	_	_	_
527-2	BX001	527	2	quegli	quegli	_	_	_	_	_	linguistic	_	none	_	_	_	_	_	_
527-3	BX001	527	3	altri	altri	_	_	_	_	_	linguistic	_	none	_	_	_	_	_	_
527-4	BX001	527	4	infatti	infatti	_	_	_	_	_	linguistic	_	none	_	_	_	_	_	_
527-5	BX001	527	5	non	non	_	_	_	_	_	linguistic	_	none	_	_	_	_	_	_
527-6	BX001	527	6	non	non	_	_	_	_	_	linguistic	_	none	_	_	_	_	_	_
527-7	BX001	527	7	si	si	_	_	_	_	_	linguistic	_	none	_	_	_	_	_	_
527-8	BX001	527	8	trovano	trovano	_	_	_	_	_	linguistic	_	none	_	_	_	_	_	_
527-9	BX001	527	9	più.	più	_	_	_	_	_	linguistic	_	none	Intonation=Falling|PauseAfter=Yes	_	_	_	_	_
527-10	BX001	527	10	(.)	(.)	_	_	_	_	_	shortpause	_	none	_	_	_	_	_	_
527-11	BX001	527	11	quelli	quelli	_	_	_	_	_	linguistic	_	none	_	_	_	_	_	_
527-12	BX001	527	12	che	che	_	_	_	_	_	linguistic	_	none	_	_	_	_	_	_
527-13	BX001	527	13	avevo	avevo	_	_	_	_	_	linguistic	_	none	_	_	_	_	_	_
527-14	BX001	527	14	visto	visto	_	_	_	_	_	linguistic	_	none	_	_	_	_	_	_
527-15	BX001	527	15	tempo	tempo	_	_	_	_	_	linguistic	_	none	_	_	_	_	_	_
527-16	BX001	527	16	[fa],	fa	_	_	_	_	_	linguistic	_	none	Intonation=WeaklyRising	End=1508.676	_	_	_	0-2(149)
528-0	BX002	528	0	[ah].	ah	_	_	_	_	_	linguistic	_	none	Intonation=Falling	Begin=1508.506|End=1509.196	_	_	_	0-2(149)
529-0	BX001	529	0	e	e	_	_	_	_	_	linguistic	_	none	_	Begin=1509.746	_	_	_	_
529-1	BX001	529	1	li	li	_	_	_	_	_	linguistic	_	none	_	_	_	_	_	_
529-2	BX001	529	2	hanno::	hanno	_	_	_	_	_	linguistic	_	none	_	_	4x2	_	_	_
529-3	BX001	529	3	[cancellati:],	cancellati	_	_	_	_	_	linguistic	_	none	Intonation=WeaklyRising	End=1512.246	9x1	_	_	0-10(150)
530-0	BX002	530	0	[cancellati].	cancellati	_	_	_	_	_	linguistic	_	none	Intonation=Falling	Begin=1511.206|End=1512.226	_	_	_	0-10(150)
531-0	BX001	531	0	magari	magari	_	_	_	_	_	linguistic	_	none	_	Begin=1512.371	_	_	_	_
531-1	BX001	531	1	da	da	_	_	_	_	_	linguistic	_	none	_	_	_	_	_	_
531-2	BX001	531	2	qualche	qualche	_	_	_	_	_	linguistic	_	none	_	_	_	_	_	_
531-3	BX001	531	3	parte	parte	_	_	_	_	_	linguistic	_	none	_	_	_	_	_	_
531-4	BX001	531	4	si	si	_	_	_	_	_	linguistic	_	none	_	_	_	_	_	_
531-5	BX001	531	5	trovano	trovano	_	_	_	_	_	linguistic	_	none	_	_	_	_	_	_
531-6	BX001	531	6	però	però	_	_	_	_	_	linguistic	_	none	_	_	_	_	_	_
531-7	BX001	531	7	sul	sul	_	_	_	_	_	linguistic	_	none	_	_	_	_	_	_
531-8	BX001	531	8	suo	suo	_	_	_	_	_	linguistic	_	none	_	_	_	_	_	_
531-9	BX001	531	9	canale	canale	_	_	_	_	_	linguistic	_	none	_	_	_	_	_	_
531-10	BX001	531	10	non	non	_	_	_	_	_	linguistic	_	none	_	_	_	_	_	_
531-11	BX001	531	11	ci	ci	_	_	_	_	_	linguistic	_	none	_	_	_	_	_	_
531-12	BX001	531	12	sono	sono	_	_	_	_	_	linguistic	_	none	_	_	_	_	_	_
531-13	BX001	531	13	[più].	più	_	_	_	_	_	linguistic	_	none	Intonation=Falling	End=1515.781	_	_	_	0-3(151)
532-0	BX002	532	0	[((ride))]	((ride))	_	_	_	_	_	nonverbalbehavior	_	none	_	Begin=1515.431	_	_	_	0-4(151)
532-1	BX002	532	1	siti	siti	_	_	_	_	_	linguistic	_	none	_	_	_	_	_	_
532-2	BX002	532	2	russi.	russi	_	_	_	_	_	linguistic	_	none	Intonation=Falling|PauseAfter=Yes	_	_	_	_	_
532-3	BX002	532	3	(.)	(.)	_	_	_	_	_	shortpause	_	none	_	_	_	_	_	_
532-4	BX002	532	4	no	no	_	_	_	_	_	linguistic	_	none	_	_	_	_	_	_
532-5	BX002	532	5	forse	forse	_	_	_	_	_	linguistic	_	none	_	_	_	_	_	_
532-6	BX002	532	6	[no].	no	_	_	_	_	_	linguistic	_	none	Intonation=Falling	End=1517.45	_	_	_	0-2(152)
533-0	BX001	533	0	[sì]	sì	_	_	_	_	_	linguistic	_	none	_	Begin=1517.315	_	_	_	0-2(152)
533-1	BX001	533	1	boh	boh	_	_	_	_	_	linguistic	_	none	_	_	_	_	_	_
533-2	BX001	533	2	chissà	chissà	_	_	_	_	_	linguistic	_	none	PauseAfter=Yes	_	_	_	_	_
533-3	BX001	533	3	(.)	(.)	_	_	_	_	_	shortpause	_	none	_	_	_	_	_	_
533-4	BX001	533	4	chissà.	chissà	_	_	_	_	_	linguistic	_	none	Intonation=Falling	End=1519.565	_	_	_	_
534-0	BX002	534	0	[>domani	domani	_	_	_	_	_	linguistic	_	none	_	Begin=1520.465	_	Fast=0-6(0)	_	0-6(335)
534-1	BX002	534	1	ho	ho	_	_	_	_	_	linguistic	_	none	_	_	_	Fast=0-2(0)	_	0-2(335)
534-2	BX002	534	2	russo<.	russo	_	_	_	_	_	linguistic	_	none	Intonation=Falling	_	_	Fast=0-5(0)	_	0-5(335)
534-3	BX002	534	3	xxx]	xxx	_	_	_	_	_	unknown	_	none	Syllables=3	End=1522.445	_	_	_	0-3(335)
535-0	BX001	535	0	[però	però	_	_	_	_	_	linguistic	_	none	_	Begin=1520.465	_	_	_	0-4(335)
535-1	BX001	535	1	sì	sì	_	_	_	_	_	linguistic	_	none	_	_	_	_	_	0-2(335)
535-2	BX001	535	2	c'	c'	_	_	_	_	_	linguistic	_	none	SpaceAfter=No	_	_	_	_	0-2(335)
535-3	BX001	535	3	ha	ha	_	_	_	_	_	linguistic	_	none	_	_	_	_	_	0-2(335)
535-4	BX001	535	4	un	un	_	_	_	_	_	linguistic	_	none	_	_	_	_	_	0-2(335)
535-5	BX001	535	5	talento:],	talento	_	_	_	_	_	linguistic	_	none	Intonation=WeaklyRising	End=1522.765	6x1	_	_	0-7(335)
536-0	BX003	536	0	[((ride))	((ride))	_	_	_	_	_	nonverbalbehavior	_	none	_	Begin=1522.02	_	_	_	0-4(335)
536-1	BX003	536	1	tutte	tutte	_	_	_	_	_	linguistic	_	none	_	_	_	_	_	0-5(335)
536-2	BX003	536	2	le]	le	_	_	_	_	_	linguistic	_	none	_	_	_	_	_	0-2(335)
536-3	BX003	536	3	volte	volte	_	_	_	_	_	linguistic	_	none	_	_	_	_	_	_
536-4	BX003	536	4	ti	ti	_	_	_	_	_	linguistic	_	none	_	_	_	_	_	_
536-5	BX003	536	5	dimentichi.	dimentichi	_	_	_	_	_	linguistic	_	none	Intonation=Falling	_	_	_	_	_
536-6	BX003	536	6	((ridendo))	((ridendo))	_	_	_	_	_	nonverbalbehavior	_	none	_	End=1524.44	_	_	_	_
537-0	BX002	537	0	me	me	_	_	_	_	_	linguistic	_	none	_	Begin=1524.73	_	_	_	_
537-1	BX002	537	1	lo	lo	_	_	_	_	_	linguistic	_	none	_	_	_	_	_	_
537-2	BX002	537	2	dimentico.	dimentico	_	_	_	_	_	linguistic	_	none	Intonation=Falling	End=1525.77	_	_	_	_
538-0	BX002	538	0	però	però	_	_	_	_	_	linguistic	_	none	_	Begin=1526.765	_	_	_	_
538-1	BX002	538	1	ho	ho	_	_	_	_	_	linguistic	_	none	_	_	_	_	_	_
538-2	BX002	538	2	fatto	fatto	_	_	_	_	_	linguistic	_	none	_	_	_	_	_	_
538-3	BX002	538	3	gli	gli	_	_	_	_	_	linguistic	_	none	_	_	_	_	_	_
538-4	BX002	538	4	esercizi	esercizi	_	_	_	_	_	linguistic	_	none	_	_	_	_	_	_
538-5	BX002	538	5	oggi	oggi	_	_	_	_	_	linguistic	_	none	_	_	_	_	_	_
538-6	BX002	538	6	pomeriggio.	pomeriggio	_	_	_	_	_	linguistic	_	none	Intonation=Falling	End=1528.895	_	_	_	_
539-0	BX002	539	0	è	è	_	_	_	_	_	linguistic	_	none	_	Begin=1529.639	_	_	_	_
539-1	BX002	539	1	stato	stato	_	_	_	_	_	linguistic	_	none	_	_	_	_	_	_
539-2	BX002	539	2	divertente.	divertente	_	_	_	_	_	linguistic	_	none	Intonation=Falling	End=1530.939	_	_	_	_
540-0	BX001	540	0	eh	eh	_	_	_	_	_	linguistic	_	none	_	Begin=1531.504	_	_	_	_
540-1	BX001	540	1	domani,	domani	_	_	_	_	_	linguistic	_	none	Intonation=WeaklyRising	End=1532.564	_	_	_	_
541-0	BX003	541	0	domani	domani	_	_	_	_	_	linguistic	_	none	_	Begin=1533.114	_	_	_	_
541-1	BX003	541	1	sarà	sarà	_	_	_	_	_	linguistic	_	none	_	_	_	_	_	_
541-2	BX003	541	2	divertente?	divertente	_	_	_	_	_	linguistic	_	none	Intonation=Rising	_	_	_	_	_
541-3	BX003	541	3	va	va	_	_	_	_	_	linguistic	_	none	_	_	_	_	_	_
541-4	BX003	541	4	be'.	be'	_	_	_	_	_	linguistic	_	none	Intonation=Falling|Truncated=Yes	End=1534.764	_	_	_	_
542-0	BX003	542	0	[°xxxx°]	xxxx	_	_	_	_	_	unknown	_	none	Volume=low|Syllables=4	Begin=1535.249|End=1536.019	_	_	_	0-4(153)
543-0	BX002	543	0	[no	no	_	_	_	_	_	linguistic	_	none	_	Begin=1535.264	_	_	_	0-2(153)
543-1	BX002	543	1	ma]	ma	_	_	_	_	_	linguistic	_	none	_	_	_	_	_	0-2(153)
543-2	BX002	543	2	guarda	guarda	_	_	_	_	_	linguistic	_	none	_	_	_	_	_	_
543-3	BX002	543	3	ho	ho	_	_	_	_	_	linguistic	_	none	_	_	_	_	_	_
543-4	BX002	543	4	voglia	voglia	_	_	_	_	_	linguistic	_	none	_	_	_	_	_	_
543-5	BX002	543	5	proprio:	proprio	_	_	_	_	_	linguistic	_	none	_	_	6x1	_	_	_
543-6	BX002	543	6	domani	domani	_	_	_	_	_	linguistic	_	none	_	_	_	_	_	_
543-7	BX002	543	7	di	di	_	_	_	_	_	linguistic	_	none	_	_	_	_	_	_
543-8	BX002	543	8	fare	fare	_	_	_	_	_	linguistic	_	none	_	_	_	_	_	_
543-9	BX002	543	9	russo.	russo	_	_	_	_	_	linguistic	_	none	Intonation=Falling	End=1538.884	_	_	_	_
544-0	BX001	544	0	ah	ah	_	_	_	_	_	linguistic	_	none	_	Begin=1538.889	_	_	_	_
544-1	BX001	544	1	bene	bene	_	_	_	_	_	linguistic	_	none	_	_	_	_	_	_
544-2	BX001	544	2	dai.	dai	_	_	_	_	_	linguistic	_	none	Intonation=Falling	_	_	_	_	_
544-3	BX001	544	3	[quello:	quello	_	_	_	_	_	linguistic	_	none	_	_	5x1	_	_	0-6(154)
544-4	BX001	544	4	quello	quello	_	_	_	_	_	linguistic	_	none	_	_	_	_	_	0-6(154)
544-5	BX001	544	5	è	è	_	_	_	_	_	linguistic	_	none	_	_	_	_	_	0-1(154)
544-6	BX001	544	6	lo	lo	_	_	_	_	_	linguistic	_	none	_	_	_	_	_	0-2(154)
544-7	BX001	544	7	spirito].	spirito	_	_	_	_	_	linguistic	_	none	Intonation=Falling	_	_	_	_	0-7(154)
544-8	BX001	544	8	((ridendo))	((ridendo))	_	_	_	_	_	nonverbalbehavior	_	none	_	End=1541.49	_	_	_	_
545-0	BX002	545	0	[perché	perché	_	_	_	_	_	linguistic	_	none	_	Begin=1540.049	_	_	_	0-6(154)
545-1	BX002	545	1	ieri	ieri	_	_	_	_	_	linguistic	_	none	_	_	_	_	_	0-4(154)
545-2	BX002	545	2	non	non	_	_	_	_	_	linguistic	_	none	_	_	_	_	_	0-3(154)
545-3	BX002	545	3	so],	so	_	_	_	_	_	linguistic	_	none	Intonation=WeaklyRising	End=1541.489	_	_	_	0-2(154)
546-0	BX002	546	0	[forse	forse	_	_	_	_	_	linguistic	_	none	_	Begin=1541.554	_	_	_	0-5(155)
546-1	BX002	546	1	parlandone	parlandone	_	_	_	_	_	linguistic	_	none	_	_	_	_	_	0-10(155)
546-2	BX002	546	2	un	un	_	_	_	_	_	linguistic	_	none	_	_	_	_	_	0-2(155)
546-3	BX002	546	3	po'	po'	_	_	_	_	_	linguistic	_	none	_	_	_	_	_	0-3(155)
546-4	BX002	546	4	c'	c'	_	_	_	_	_	linguistic	_	none	SpaceAfter=No	_	_	_	_	0-2(155)
546-5	BX002	546	5	è	è	_	_	_	_	_	linguistic	_	none	_	_	_	_	_	0-1(155)
546-6	BX002	546	6	parlando	parlando	_	_	_	_	_	linguistic	_	none	_	_	_	_	_	0-8(155)
546-7	BX002	546	7	con	con	_	_	_	_	_	linguistic	_	none	_	_	_	_	_	0-3(155)
546-8	BX002	546	8	perché	perché	_	_	_	_	_	linguistic	_	none	_	_	_	_	_	0-6(155)
546-9	BX002	546	9	tipo]	tipo	_	_	_	_	_	linguistic	_	none	_	_	_	_	_	0-4(155)
546-10	BX002	546	10	ieri	ieri	_	_	_	_	_	linguistic	_	none	_	_	_	_	_	_
546-11	BX002	546	11	mi	mi	_	_	_	_	_	linguistic	_	none	_	_	_	_	_	_
546-12	BX002	546	12	ha	ha	_	_	_	_	_	linguistic	_	none	_	_	_	_	_	_
546-13	BX002	546	13	scritto	scritto	_	_	_	_	_	linguistic	_	none	_	_	_	_	_	_
546-14	BX002	546	14	l'	l'	_	_	_	_	_	linguistic	_	none	SpaceAfter=No	_	_	_	_	_
546-15	BX002	546	15	ilaria	ilaria	_	_	_	_	_	linguistic	_	none	_	_	_	_	_	_
546-16	BX002	546	16	in	in	_	_	_	_	_	linguistic	_	none	_	_	_	_	_	_
546-17	BX002	546	17	russo,	russo	_	_	_	_	_	linguistic	_	none	Intonation=WeaklyRising	End=1545.984	_	_	_	_
547-0	BX003	547	0	[((ride))]	((ride))	_	_	_	_	_	nonverbalbehavior	_	none	_	Begin=1541.554|End=1544.004	_	_	_	0-4(155)
548-0	BX002	548	0	e	e	_	_	_	_	_	linguistic	_	none	_	Begin=1546.264	_	_	_	_
548-1	BX002	548	1	abbiamo	abbiamo	_	_	_	_	_	linguistic	_	none	_	_	_	_	_	_
548-2	BX002	548	2	[(fatto)	fatto	_	_	_	_	_	linguistic	_	none	_	_	_	_	0-5(0)	0-5(156)
548-3	BX002	548	3	ci	ci	_	_	_	_	_	linguistic	_	none	_	_	_	_	_	0-2(156)
548-4	BX002	548	4	siam	siam	_	_	_	_	_	linguistic	_	none	_	_	_	_	_	0-4(156)
548-5	BX002	548	5	scam]biate	scambiate	_	_	_	_	_	linguistic	_	none	_	_	_	_	_	0-4(156)
548-6	BX002	548	6	un	un	_	_	_	_	_	linguistic	_	none	_	_	_	_	_	_
548-7	BX002	548	7	po'	po'	_	_	_	_	_	linguistic	_	none	_	_	_	_	_	_
548-8	BX002	548	8	di	di	_	_	_	_	_	linguistic	_	none	_	_	_	_	_	_
548-9	BX002	548	9	messaggi	messaggi	_	_	_	_	_	linguistic	_	none	_	_	_	_	_	_
548-10	BX002	548	10	in	in	_	_	_	_	_	linguistic	_	none	_	_	_	_	_	_
548-11	BX002	548	11	russo,	russo	_	_	_	_	_	linguistic	_	none	Intonation=WeaklyRising	End=1548.884	_	_	_	_
549-0	BX003	549	0	[xxxx]	xxxx	_	_	_	_	_	unknown	_	none	Syllables=4	Begin=1546.559|End=1547.529	_	_	_	0-4(156)
550-0	BX002	550	0	e	e	_	_	_	_	_	linguistic	_	none	_	Begin=1549.469	_	_	_	_
550-1	BX002	550	1	ho	ho	_	_	_	_	_	linguistic	_	none	_	_	_	_	_	_
550-2	BX002	550	2	detto	detto	_	_	_	_	_	linguistic	_	none	_	_	_	_	_	_
550-3	BX002	550	3	be'	be'	_	_	_	_	_	linguistic	_	none	Truncated=Yes	_	_	_	_	_
550-4	BX002	550	4	dai	dai	_	_	_	_	_	linguistic	_	none	_	_	_	_	_	_
550-5	BX002	550	5	che	che	_	_	_	_	_	linguistic	_	none	_	_	_	_	_	_
550-6	BX002	550	6	cari-	cari-	_	_	_	_	_	linguistic	_	none	Interrupted=Yes	_	_	_	_	_
550-7	BX002	550	7	cioè	cioè	_	_	_	_	_	linguistic	_	none	_	_	_	_	_	_
550-8	BX002	550	8	mi	mi	_	_	_	_	_	linguistic	_	none	_	_	_	_	_	_
550-9	BX002	550	9	diverto:	diverto	_	_	_	_	_	linguistic	_	none	_	End=1551.7835	6x1	_	_	_
551-0	BX003	551	0	ma	ma	_	_	_	_	_	linguistic	_	none	_	Begin=1551.7835	_	_	_	_
551-1	BX003	551	1	anche	anche	_	_	_	_	_	linguistic	_	none	_	_	_	_	_	_
551-2	BX003	551	2	lei	lei	_	_	_	_	_	linguistic	_	none	_	_	_	_	_	_
551-3	BX003	551	3	lo	lo	_	_	_	_	_	linguistic	_	none	_	_	_	_	_	_
551-4	BX003	551	4	segue	segue	_	_	_	_	_	linguistic	_	none	_	_	_	_	_	_
551-5	BX003	551	5	o	o	_	_	_	_	_	linguistic	_	none	_	_	_	_	_	_
551-6	BX003	551	6	lo	lo	_	_	_	_	_	linguistic	_	none	_	_	_	_	_	_
551-7	BX003	551	7	sa	sa	_	_	_	_	_	linguistic	_	none	_	_	_	_	_	_
551-8	BX003	551	8	per	per	_	_	_	_	_	linguistic	_	none	_	_	_	_	_	_
551-9	BX003	551	9	conto	conto	_	_	_	_	_	linguistic	_	none	_	_	_	_	_	_
551-10	BX003	551	10	suo?	suo	_	_	_	_	_	linguistic	_	none	Intonation=Rising	End=1553.5435	_	_	_	_
552-0	BX002	552	0	no	no	_	_	_	_	_	linguistic	_	none	_	Begin=1553.5435	_	_	_	_
552-1	BX002	552	1	l'	l'	_	_	_	_	_	linguistic	_	none	SpaceAfter=No	_	_	_	_	_
552-2	BX002	552	2	ha	ha	_	_	_	_	_	linguistic	_	none	_	_	_	_	_	_
552-3	BX002	552	3	fatto	fatto	_	_	_	_	_	linguistic	_	none	_	_	_	_	_	_
552-4	BX002	552	4	con	con	_	_	_	_	_	linguistic	_	none	_	_	_	_	_	_
552-5	BX002	552	5	me	me	_	_	_	_	_	linguistic	_	none	_	_	_	_	_	_
552-6	BX002	552	6	il	il	_	_	_	_	_	linguistic	_	none	_	_	_	_	_	_
552-7	BX002	552	7	primo	primo	_	_	_	_	_	linguistic	_	none	_	_	_	_	_	_
552-8	BX002	552	8	semestre,	semestre	_	_	_	_	_	linguistic	_	none	Intonation=WeaklyRising	End=1555.6395	_	_	_	_
553-0	BX003	553	0	ah.	ah	_	_	_	_	_	linguistic	_	none	Intonation=Falling	Begin=1555.6395|End=1555.899	_	_	_	_
554-0	BX002	554	0	però	però	_	_	_	_	_	linguistic	_	none	_	Begin=1556.244	_	_	_	_
554-1	BX002	554	1	adesso	adesso	_	_	_	_	_	linguistic	_	none	_	_	_	_	_	_
554-2	BX002	554	2	dice	dice	_	_	_	_	_	linguistic	_	none	_	_	_	_	_	_
554-3	BX002	554	3	che	che	_	_	_	_	_	linguistic	_	none	_	_	_	_	_	_
554-4	BX002	554	4	abbiamo	abbiamo	_	_	_	_	_	linguistic	_	none	_	_	_	_	_	_
554-5	BX002	554	5	troppe	troppe	_	_	_	_	_	linguistic	_	none	_	_	_	_	_	_
554-6	BX002	554	6	cose	cose	_	_	_	_	_	linguistic	_	none	PauseAfter=Yes	_	_	_	_	_
554-7	BX002	554	7	(.)	(.)	_	_	_	_	_	shortpause	_	none	_	_	_	_	_	_
554-8	BX002	554	8	ma	ma	_	_	_	_	_	linguistic	_	none	_	_	_	_	_	_
554-9	BX002	554	9	perché	perché	_	_	_	_	_	linguistic	_	none	_	_	_	_	_	_
554-10	BX002	554	10	lei	lei	_	_	_	_	_	linguistic	_	none	_	_	_	_	_	_
554-11	BX002	554	11	ha	ha	_	_	_	_	_	linguistic	_	none	_	_	_	_	_	_
554-12	BX002	554	12	anche	anche	_	_	_	_	_	linguistic	_	none	_	_	_	_	_	_
554-13	BX002	554	13	il	il	_	_	_	_	_	linguistic	_	none	_	_	_	_	_	_
554-14	BX002	554	14	corso	corso	_	_	_	_	_	linguistic	_	none	_	_	_	_	_	_
554-15	BX002	554	15	di	di	_	_	_	_	_	linguistic	_	none	_	_	_	_	_	_
554-16	BX002	554	16	italiano.	italiano	_	_	_	_	_	linguistic	_	none	Intonation=Falling	End=1560.284	_	_	_	_
555-0	BX002	555	0	cioè	cioè	_	_	_	_	_	linguistic	_	none	_	Begin=1561.689	_	_	_	_
555-1	BX002	555	1	lei	lei	_	_	_	_	_	linguistic	_	none	_	_	_	_	_	_
555-2	BX002	555	2	deve	deve	_	_	_	_	_	linguistic	_	none	_	_	_	_	_	_
555-3	BX002	555	3	fare	fare	_	_	_	_	_	linguistic	_	none	_	_	_	_	_	_
555-4	BX002	555	4	anche	anche	_	_	_	_	_	linguistic	_	none	_	_	_	_	_	_
555-5	BX002	555	5	il	il	_	_	_	_	_	linguistic	_	none	_	_	_	_	_	_
555-6	BX002	555	6	corso	corso	_	_	_	_	_	linguistic	_	none	_	_	_	_	_	_
555-7	BX002	555	7	di	di	_	_	_	_	_	linguistic	_	none	_	_	_	_	_	_
555-8	BX002	555	8	italiano:	italiano	_	_	_	_	_	linguistic	_	none	_	End=1563.719	7x1	_	_	_
556-0	BX001	556	0	ah	ah	_	_	_	_	_	linguistic	_	none	_	Begin=1563.729	_	_	_	_
556-1	BX001	556	1	be'	be'	_	_	_	_	_	linguistic	_	none	Truncated=Yes	_	_	_	_	_
556-2	BX001	556	2	[(direi	direi	_	_	_	_	_	linguistic	_	none	_	_	_	_	0-5(0)	0-5(157)
556-3	BX001	556	3	che)]	che	_	_	_	_	_	linguistic	_	none	_	End=1564.669	_	_	0-3(0)	0-3(157)
557-0	BX002	557	0	[sta	sta	_	_	_	_	_	linguistic	_	none	_	Begin=1564.074	_	_	_	0-3(157)
557-1	BX002	557	1	leggendo]	leggendo	_	_	_	_	_	linguistic	_	none	_	_	_	_	_	0-8(157)
557-2	BX002	557	2	manzoni	manzoni	_	_	_	_	_	linguistic	_	none	_	_	_	_	_	_
557-3	BX002	557	3	adesso.	adesso	_	_	_	_	_	linguistic	_	none	Intonation=Falling	End=1565.514	_	_	_	_
558-0	BX001	558	0	ah.	ah	_	_	_	_	_	linguistic	_	none	Intonation=Falling	Begin=1565.774|End=1566.234	_	_	_	_
559-0	BX002	559	0	beh	beh	_	_	_	_	_	linguistic	_	none	_	Begin=1566.439	_	_	_	_
559-1	BX002	559	1	fai	fai	_	_	_	_	_	linguistic	_	none	_	_	_	_	_	_
559-2	BX002	559	2	tipo	tipo	_	_	_	_	_	linguistic	_	none	_	_	_	_	_	_
559-3	BX002	559	3	fa	fa	_	_	_	_	_	linguistic	_	none	_	_	_	_	_	_
559-4	BX002	559	4	il	il	_	_	_	_	_	linguistic	_	none	_	_	_	_	_	_
559-5	BX002	559	5	ci	ci	_	_	_	_	_	linguistic	_	none	_	_	_	_	_	_
559-6	BX002	559	6	uno	uno	_	_	_	_	_	linguistic	_	none	_	_	_	_	_	_
559-7	BX002	559	7	adesso	adesso	_	_	_	_	_	linguistic	_	none	_	_	_	_	_	_
559-8	BX002	559	8	lei.	lei	_	_	_	_	_	linguistic	_	none	Intonation=Falling	End=1568.619	_	_	_	_
560-0	BX002	560	0	ma	ma	_	_	_	_	_	linguistic	_	none	_	Begin=1568.829	_	_	_	_
560-1	BX002	560	1	lo	lo	_	_	_	_	_	linguistic	_	none	_	_	_	_	_	_
560-2	BX002	560	2	sa	sa	_	_	_	_	_	linguistic	_	none	_	_	_	_	_	_
560-3	BX002	560	3	benissimo.	benissimo	_	_	_	_	_	linguistic	_	none	Intonation=Falling	_	_	_	_	_
560-4	BX002	560	4	parla,	parla	_	_	_	_	_	linguistic	_	none	Intonation=WeaklyRising	End=1570.129	_	_	_	_
561-0	BX002	561	0	parla	parla	_	_	_	_	_	linguistic	_	none	_	Begin=1570.469	_	_	_	_
561-1	BX002	561	1	sempre	sempre	_	_	_	_	_	linguistic	_	none	_	_	_	_	_	_
561-2	BX002	561	2	in	in	_	_	_	_	_	linguistic	_	none	_	_	_	_	_	_
561-3	BX002	561	3	italiano	italiano	_	_	_	_	_	linguistic	_	none	_	_	_	_	_	_
561-4	BX002	561	4	con	con	_	_	_	_	_	linguistic	_	none	_	_	_	_	_	_
561-5	BX002	561	5	il	il	_	_	_	_	_	linguistic	_	none	_	_	_	_	_	_
561-6	BX002	561	6	suo	suo	_	_	_	_	_	linguistic	_	none	_	_	_	_	_	_
561-7	BX002	561	7	ragazzo	ragazzo	_	_	_	_	_	linguistic	_	none	_	_	_	_	_	_
561-8	BX002	561	8	[lui	lui	_	_	_	_	_	linguistic	_	none	_	_	_	_	_	0-3(158)
561-9	BX002	561	9	non	non	_	_	_	_	_	linguistic	_	none	_	_	_	_	_	0-3(158)
561-10	BX002	561	10	sa	sa	_	_	_	_	_	linguistic	_	none	_	_	_	_	_	0-2(158)
561-11	BX002	561	11	il	il	_	_	_	_	_	linguistic	_	none	_	_	_	_	_	0-2(158)
561-12	BX002	561	12	tedesco].	tedesco	_	_	_	_	_	linguistic	_	none	Intonation=Falling	End=1573.15	_	_	_	0-7(158)
562-0	BX001	562	0	[mh	mh	_	_	_	_	_	linguistic	_	none	ProsodicLink=Yes	Begin=1572.299	_	_	_	0-2(158)
562-1	BX001	562	1	mh].	mh	_	_	_	_	_	linguistic	_	none	Intonation=Falling	End=1573.169	_	_	_	0-2(158)
563-0	BX001	563	0	ah	ah	_	_	_	_	_	linguistic	_	none	_	Begin=1573.249	_	_	_	_
563-1	BX001	563	1	be'	be'	_	_	_	_	_	linguistic	_	none	Truncated=Yes	_	_	_	_	_
563-2	BX001	563	2	allora.	allora	_	_	_	_	_	linguistic	_	none	Intonation=Falling	End=1574.24	_	_	_	_
564-0	BX001	564	0	ah	ah	_	_	_	_	_	linguistic	_	none	_	Begin=1574.604	_	_	_	_
564-1	BX001	564	1	però	però	_	_	_	_	_	linguistic	_	none	_	_	_	_	_	_
564-2	BX001	564	2	c'	c'	_	_	_	_	_	linguistic	_	none	SpaceAfter=No	_	_	_	_	_
564-3	BX001	564	3	è	è	_	_	_	_	_	linguistic	_	none	_	_	_	_	_	_
564-4	BX001	564	4	che	che	_	_	_	_	_	linguistic	_	none	_	_	_	_	_	_
564-5	BX001	564	5	il	il	_	_	_	_	_	linguistic	_	none	_	_	_	_	_	_
564-6	BX001	564	6	ci	ci	_	_	_	_	_	linguistic	_	none	_	_	_	_	_	_
564-7	BX001	564	7	uno	uno	_	_	_	_	_	linguistic	_	none	_	_	_	_	_	_
564-8	BX001	564	8	devi	devi	_	_	_	_	_	linguistic	_	none	_	_	_	_	_	_
564-9	BX001	564	9	scrivere	scrivere	_	_	_	_	_	linguistic	_	none	_	_	_	_	_	_
564-10	BX001	564	10	>scrivere	scrivere	_	_	_	_	_	linguistic	_	none	_	_	_	Fast=0-8(0)	_	_
564-11	BX001	564	11	scrivere	scrivere	_	_	_	_	_	linguistic	_	none	_	_	_	Fast=0-8(0)	_	_
564-12	BX001	564	12	[scrive]re:<	scrivere	_	_	_	_	_	linguistic	_	none	_	_	7x1	Fast=0-8(0)	_	0-6(159)
564-13	BX001	564	13	è	è	_	_	_	_	_	linguistic	_	none	_	_	_	_	_	_
564-14	BX001	564	14	una	una	_	_	_	_	_	linguistic	_	none	_	_	_	_	_	_
564-15	BX001	564	15	faticaccia.	faticaccia	_	_	_	_	_	linguistic	_	none	Intonation=Falling	End=1579.334	_	_	_	_
565-0	BX002	565	0	[sì].	sì	_	_	_	_	_	linguistic	_	none	Intonation=Falling	Begin=1577.344|End=1577.844	_	_	_	0-2(159)
566-0	BX002	566	0	sì	sì	_	_	_	_	_	linguistic	_	none	_	Begin=1579.339	_	_	_	_
566-1	BX002	566	1	ha	ha	_	_	_	_	_	linguistic	_	none	_	_	_	_	_	_
566-2	BX002	566	2	detto	detto	_	_	_	_	_	linguistic	_	none	_	_	_	_	_	_
566-3	BX002	566	3	che	che	_	_	_	_	_	linguistic	_	none	_	_	_	_	_	_
566-4	BX002	566	4	è	è	_	_	_	_	_	linguistic	_	none	_	_	_	_	_	_
566-5	BX002	566	5	pesante	pesante	_	_	_	_	_	linguistic	_	none	_	_	_	_	_	_
566-6	BX002	566	6	[e	e	_	_	_	_	_	linguistic	_	none	_	_	_	_	_	0-1(160)
566-7	BX002	566	7	allora]	allora	_	_	_	_	_	linguistic	_	none	_	End=1581.439	_	_	_	0-6(160)
567-0	BX001	567	0	[eh	eh	_	_	_	_	_	linguistic	_	none	_	Begin=1580.754	_	_	_	0-2(160)
567-1	BX001	567	1	è	è	_	_	_	_	_	linguistic	_	none	_	_	_	_	_	0-1(160)
567-2	BX001	567	2	du]ra	dura	_	_	_	_	_	linguistic	_	none	_	_	_	_	_	0-2(160)
567-3	BX001	567	3	eh.	eh	_	_	_	_	_	linguistic	_	none	Intonation=Falling|PauseAfter=Yes	_	_	_	_	_
567-4	BX001	567	4	(.)	(.)	_	_	_	_	_	shortpause	_	none	_	_	_	_	_	_
567-5	BX001	567	5	sì	sì	_	_	_	_	_	linguistic	_	none	_	_	_	_	_	_
567-6	BX001	567	6	sì	sì	_	_	_	_	_	linguistic	_	none	PauseAfter=Yes	_	_	_	_	_
567-7	BX001	567	7	(.)	(.)	_	_	_	_	_	shortpause	_	none	_	_	_	_	_	_
567-8	BX001	567	8	è	è	_	_	_	_	_	linguistic	_	none	_	_	_	_	_	_
567-9	BX001	567	9	molto	molto	_	_	_	_	_	linguistic	_	none	_	_	_	_	_	_
567-10	BX001	567	10	pesante.	pesante	_	_	_	_	_	linguistic	_	none	Intonation=Falling	End=1583.854	_	_	_	_
568-0	BX002	568	0	però	però	_	_	_	_	_	linguistic	_	none	_	Begin=1583.984	_	_	_	_
568-1	BX002	568	1	lei	lei	_	_	_	_	_	linguistic	_	none	_	_	_	_	_	_
568-2	BX002	568	2	veramente	veramente	_	_	_	_	_	linguistic	_	none	_	_	_	_	_	_
568-3	BX002	568	3	ha	ha	_	_	_	_	_	linguistic	_	none	_	_	_	_	_	_
568-4	BX002	568	4	un:	un	_	_	_	_	_	linguistic	_	none	PauseAfter=Yes	_	1x1	_	_	_
568-5	BX002	568	5	(.)	(.)	_	_	_	_	_	shortpause	_	none	_	_	_	_	_	_
568-6	BX002	568	6	è	è	_	_	_	_	_	linguistic	_	none	_	_	_	_	_	_
568-7	BX002	568	7	molto	molto	_	_	_	_	_	linguistic	_	none	_	_	_	_	_	_
568-8	BX002	568	8	molto	molto	_	_	_	_	_	linguistic	_	none	_	_	_	_	_	_
568-9	BX002	568	9	brava.	brava	_	_	_	_	_	linguistic	_	none	Intonation=Falling	End=1586.974	_	_	_	_
569-0	BX002	569	0	a	a	_	_	_	_	_	linguistic	_	none	_	Begin=1589.104	_	_	_	_
569-1	BX002	569	1	parte	parte	_	_	_	_	_	linguistic	_	none	_	_	_	_	_	_
569-2	BX002	569	2	che	che	_	_	_	_	_	linguistic	_	none	_	_	_	_	_	_
569-3	BX002	569	3	lei	lei	_	_	_	_	_	linguistic	_	none	_	_	_	_	_	_
569-4	BX002	569	4	proprio	proprio	_	_	_	_	_	linguistic	_	none	_	_	_	_	_	_
569-5	BX002	569	5	in	in	_	_	_	_	_	linguistic	_	none	_	_	_	_	_	_
569-6	BX002	569	6	linguistica	linguistica	_	_	_	_	_	linguistic	_	none	_	_	_	_	_	_
569-7	BX002	569	7	è:	è	_	_	_	_	_	linguistic	_	none	_	End=1591.304	0x1	_	_	_
570-0	BX003	570	0	sì.	sì	_	_	_	_	_	linguistic	_	none	Intonation=Falling	Begin=1591.549|End=1591.979	_	_	_	_
571-0	BX002	571	0	be'	be'	_	_	_	_	_	linguistic	_	none	Truncated=Yes	Begin=1592.169	_	_	_	_
571-1	BX002	571	1	lei	lei	_	_	_	_	_	linguistic	_	none	_	_	_	_	_	_
571-2	BX002	571	2	ha	ha	_	_	_	_	_	linguistic	_	none	_	_	_	_	_	_
571-3	BX002	571	3	[studiato	studiato	_	_	_	_	_	linguistic	_	none	_	_	_	_	_	0-8(161)
571-4	BX002	571	4	linguistica	linguistica	_	_	_	_	_	linguistic	_	none	_	_	_	_	_	0-11(161)
571-5	BX002	571	5	a	a	_	_	_	_	_	linguistic	_	none	_	_	_	_	_	0-1(161)
571-6	BX002	571	6	bologna].	bologna	_	_	_	_	_	linguistic	_	none	Intonation=Falling	_	_	_	_	0-7(161)
571-7	BX002	571	7	eh	eh	_	_	_	_	_	linguistic	_	none	_	_	_	_	_	_
571-8	BX002	571	8	linguistica.	linguistica	_	_	_	_	_	linguistic	_	none	Intonation=Falling	End=1594.764	_	_	_	_
572-0	BX003	572	0	[cos'	cos'	_	_	_	_	_	linguistic	_	none	SpaceAfter=No	Begin=1592.574	_	_	_	0-4(161)
572-1	BX003	572	1	è	è	_	_	_	_	_	linguistic	_	none	_	_	_	_	_	0-1(161)
572-2	BX003	572	2	che	che	_	_	_	_	_	linguistic	_	none	_	_	_	_	_	0-3(161)
572-3	BX003	572	3	ha	ha	_	_	_	_	_	linguistic	_	none	_	_	_	_	_	0-2(161)
572-4	BX003	572	4	fatto	fatto	_	_	_	_	_	linguistic	_	none	_	_	_	_	_	0-5(161)
572-5	BX003	572	5	lei]?	lei	_	_	_	_	_	linguistic	_	none	Intonation=Rising	End=1593.904	_	_	_	0-3(161)
573-0	BX002	573	0	cioè	cioè	_	_	_	_	_	linguistic	_	none	_	Begin=1595.714	_	_	_	_
573-1	BX002	573	1	lei	lei	_	_	_	_	_	linguistic	_	none	_	_	_	_	_	_
573-2	BX002	573	2	sa	sa	_	_	_	_	_	linguistic	_	none	_	_	_	_	_	_
573-3	BX002	573	3	s-	s-	_	_	_	_	_	linguistic	_	none	Interrupted=Yes	_	_	_	_	_
573-4	BX002	573	4	tantissime	tantissime	_	_	_	_	_	linguistic	_	none	_	_	_	_	_	_
573-5	BX002	573	5	cose.	cose	_	_	_	_	_	linguistic	_	none	Intonation=Falling|PauseAfter=Yes	_	_	_	_	_
573-6	BX002	573	6	(.)	(.)	_	_	_	_	_	shortpause	_	none	_	_	_	_	_	_
573-7	BX002	573	7	a	a	_	_	_	_	_	linguistic	_	none	_	_	_	_	_	_
573-8	BX002	573	8	volte	volte	_	_	_	_	_	linguistic	_	none	_	_	_	_	_	_
573-9	BX002	573	9	fa	fa	_	_	_	_	_	linguistic	_	none	_	_	_	_	_	_
573-10	BX002	573	10	delle	delle	_	_	_	_	_	linguistic	_	none	_	_	_	_	_	_
573-11	BX002	573	11	domande	domande	_	_	_	_	_	linguistic	_	none	_	_	_	_	_	_
573-12	BX002	573	12	e	e	_	_	_	_	_	linguistic	_	none	_	_	_	_	_	_
573-13	BX002	573	13	io,	io	_	_	_	_	_	linguistic	_	none	Intonation=WeaklyRising	End=1599.454	_	_	_	_
574-0	BX002	574	0	cioè	cioè	_	_	_	_	_	linguistic	_	none	_	Begin=1599.771	_	_	_	_
574-1	BX002	574	1	rimango	rimango	_	_	_	_	_	linguistic	_	none	_	_	_	_	_	_
574-2	BX002	574	2	tipo:	tipo	_	_	_	_	_	linguistic	_	none	PauseAfter=Yes	_	3x1	_	_	_
574-3	BX002	574	3	(.)	(.)	_	_	_	_	_	shortpause	_	none	_	_	_	_	_	_
574-4	BX002	574	4	cos'	cos'	_	_	_	_	_	linguistic	_	none	SpaceAfter=No	_	_	_	_	_
574-5	BX002	574	5	è	è	_	_	_	_	_	linguistic	_	none	_	_	_	_	_	_
574-6	BX002	574	6	sta	sta	_	_	_	_	_	linguistic	_	none	_	_	_	_	_	_
574-7	BX002	574	7	roba	roba	_	_	_	_	_	linguistic	_	none	_	_	_	_	_	_
574-8	BX002	574	8	che	che	_	_	_	_	_	linguistic	_	none	_	_	_	_	_	_
574-9	BX002	574	9	ha	ha	_	_	_	_	_	linguistic	_	none	_	_	_	_	_	_
574-10	BX002	574	10	chiesto?	chiesto	_	_	_	_	_	linguistic	_	none	Intonation=Rising	End=1602.9	_	_	_	_
575-0	BX001	575	0	mh.	mh	_	_	_	_	_	linguistic	_	none	Intonation=Falling	Begin=1603.061|End=1603.351	_	_	_	_
576-0	BX002	576	0	perché:	perché	_	_	_	_	_	linguistic	_	none	_	Begin=1603.58|End=1604.481	5x1	_	_	_
577-0	BX003	577	0	eh	eh	_	_	_	_	_	linguistic	_	none	_	Begin=1604.586	_	_	_	_
577-1	BX003	577	1	perché	perché	_	_	_	_	_	linguistic	_	none	_	_	_	_	_	_
577-2	BX003	577	2	era	era	_	_	_	_	_	linguistic	_	none	_	_	_	_	_	_
577-3	BX003	577	3	cioè	cioè	_	_	_	_	_	linguistic	_	none	_	_	_	_	_	_
577-4	BX003	577	4	era	era	_	_	_	_	_	linguistic	_	none	_	_	_	_	_	_
577-5	BX003	577	5	proprio	proprio	_	_	_	_	_	linguistic	_	none	_	_	_	_	_	_
577-6	BX003	577	6	un	un	_	_	_	_	_	linguistic	_	none	_	_	_	_	_	_
577-7	BX003	577	7	programma	programma	_	_	_	_	_	linguistic	_	none	_	_	_	_	_	_
577-8	BX003	577	8	in	in	_	_	_	_	_	linguistic	_	none	_	_	_	_	_	_
577-9	BX003	577	9	linguis[tica].	linguistica	_	_	_	_	_	linguistic	_	none	Intonation=Falling	End=1607.316	_	_	_	7-11(162)
578-0	BX002	578	0	[(eh	eh	_	_	_	_	_	linguistic	_	none	_	Begin=1606.646	_	_	0-2(0)	0-2(162)
578-1	BX002	578	1	sì)]	sì	_	_	_	_	_	linguistic	_	none	_	End=1607.326	_	_	0-2(0)	0-2(162)
579-0	BX002	579	0	sa	sa	_	_	_	_	_	linguistic	_	none	_	Begin=1607.801	_	_	_	_
579-1	BX002	579	1	delle	delle	_	_	_	_	_	linguistic	_	none	_	_	_	_	_	_
579-2	BX002	579	2	cose	cose	_	_	_	_	_	linguistic	_	none	_	_	_	_	_	_
579-3	BX002	579	3	che	che	_	_	_	_	_	linguistic	_	none	_	_	_	_	_	_
579-4	BX002	579	4	(ho	ho	_	_	_	_	_	linguistic	_	none	_	_	_	_	0-2(0)	_
579-5	BX002	579	5	visto)	visto	_	_	_	_	_	linguistic	_	none	_	_	_	_	0-5(0)	_
579-6	BX002	579	6	che:	che	_	_	_	_	_	linguistic	_	none	_	End=1609.741	2x1	_	_	_
580-0	BX002	580	0	ma	ma	_	_	_	_	_	linguistic	_	none	_	Begin=1612.041	_	_	_	_
580-1	BX002	580	1	poi	poi	_	_	_	_	_	linguistic	_	none	_	_	_	_	_	_
580-2	BX002	580	2	lei	lei	_	_	_	_	_	linguistic	_	none	_	_	_	_	_	_
580-3	BX002	580	3	è	è	_	_	_	_	_	linguistic	_	none	_	_	_	_	_	_
580-4	BX002	580	4	intelligentissima.	intelligentissima	_	_	_	_	_	linguistic	_	none	Intonation=Falling	End=1613.881	_	_	_	_
581-0	BX002	581	0	e	e	_	_	_	_	_	linguistic	_	none	_	Begin=1614.556	_	_	_	_
581-1	BX002	581	1	lei	lei	_	_	_	_	_	linguistic	_	none	_	_	_	_	_	_
581-2	BX002	581	2	ama	ama	_	_	_	_	_	linguistic	_	none	_	_	_	_	_	_
581-3	BX002	581	3	fare	fare	_	_	_	_	_	linguistic	_	none	_	_	_	_	_	_
581-4	BX002	581	4	a	a	_	_	_	_	_	linguistic	_	none	_	_	_	_	_	_
581-5	BX002	581	5	maglia.	maglia	_	_	_	_	_	linguistic	_	none	Intonation=Falling|PauseAfter=Yes	_	_	_	_	_
581-6	BX002	581	6	(.)	(.)	_	_	_	_	_	shortpause	_	none	_	_	_	_	_	_
581-7	BX002	581	7	cioè	cioè	_	_	_	_	_	linguistic	_	none	_	_	_	_	_	_
581-8	BX002	581	8	lei	lei	_	_	_	_	_	linguistic	_	none	_	_	_	_	_	_
581-9	BX002	581	9	ama	ama	_	_	_	_	_	linguistic	_	none	_	_	_	_	_	_
581-10	BX002	581	10	cucire.	cucire	_	_	_	_	_	linguistic	_	none	Intonation=Falling	End=1617.526	_	_	_	_
582-0	BX002	582	0	lei	lei	_	_	_	_	_	linguistic	_	none	_	Begin=1617.836	_	_	_	_
582-1	BX002	582	1	si	si	_	_	_	_	_	linguistic	_	none	_	_	_	_	_	_
582-2	BX002	582	2	fa	fa	_	_	_	_	_	linguistic	_	none	_	_	_	_	_	_
582-3	BX002	582	3	tutti	tutti	_	_	_	_	_	linguistic	_	none	_	_	_	_	_	_
582-4	BX002	582	4	[i	i	_	_	_	_	_	linguistic	_	none	_	_	_	_	_	0-1(163)
582-5	BX002	582	5	vestiti],	vestiti	_	_	_	_	_	linguistic	_	none	Intonation=WeaklyRising	End=1619.326	_	_	_	0-7(163)
583-0	BX001	583	0	[((ride))]	((ride))	_	_	_	_	_	nonverbalbehavior	_	none	_	Begin=1618.876|End=1619.326	_	_	_	0-4(163)
584-0	BX001	584	0	[((ride))]	((ride))	_	_	_	_	_	nonverbalbehavior	_	none	_	Begin=1619.466|End=1621.43	_	_	_	0-4(164)
585-0	BX003	585	0	[ma	ma	_	_	_	_	_	linguistic	_	none	_	Begin=1619.466	_	_	_	0-2(164)
585-1	BX003	585	1	che	che	_	_	_	_	_	linguistic	_	none	_	_	_	_	_	0-3(164)
585-2	BX003	585	2	figata:]	figata	_	_	_	_	_	linguistic	_	none	_	End=1620.916	5x1	_	_	0-6(164)
586-0	BX002	586	0	lei	lei	_	_	_	_	_	linguistic	_	none	_	Begin=1621.446	_	_	_	_
586-1	BX002	586	1	si	si	_	_	_	_	_	linguistic	_	none	_	_	_	_	_	_
586-2	BX002	586	2	cuce	cuce	_	_	_	_	_	linguistic	_	none	_	_	_	_	_	_
586-3	BX002	586	3	tutti	tutti	_	_	_	_	_	linguistic	_	none	_	_	_	_	_	_
586-4	BX002	586	4	i	i	_	_	_	_	_	linguistic	_	none	_	_	_	_	_	_
586-5	BX002	586	5	vestiti,	vestiti	_	_	_	_	_	linguistic	_	none	Intonation=WeaklyRising	End=1623.566	_	_	_	_
587-0	BX002	587	0	poi	poi	_	_	_	_	_	linguistic	_	none	_	Begin=1624.171	_	_	_	_
587-1	BX002	587	1	ricama	ricama	_	_	_	_	_	linguistic	_	none	_	_	_	_	_	_
587-2	BX002	587	2	anche,	anche	_	_	_	_	_	linguistic	_	none	Intonation=WeaklyRising	_	_	_	_	_
587-3	BX002	587	3	proprio.	proprio	_	_	_	_	_	linguistic	_	none	Intonation=Falling	End=1625.611	_	_	_	_
588-0	BX002	588	0	fa	fa	_	_	_	_	_	linguistic	_	none	_	Begin=1625.976	_	_	_	_
588-1	BX002	588	1	punto	punto	_	_	_	_	_	linguistic	_	none	_	_	_	_	_	_
588-2	BX002	588	2	croce.	croce	_	_	_	_	_	linguistic	_	none	Intonation=Falling	End=1626.958	_	_	_	_
589-0	BX001	589	0	eh	eh	_	_	_	_	_	linguistic	_	none	_	Begin=1627.096	_	_	_	_
589-1	BX001	589	1	caspi[ta.	caspita	_	_	_	_	_	linguistic	_	none	Intonation=Falling|PauseAfter=Yes	_	_	_	_	5-7(165)
589-2	BX001	589	2	(.)]	(.)	_	_	_	_	_	shortpause	_	none	_	_	_	_	_	_
589-3	BX001	589	3	un	un	_	_	_	_	_	linguistic	_	none	_	_	_	_	_	_
589-4	BX001	589	4	lavorone.	lavorone	_	_	_	_	_	linguistic	_	none	Intonation=Falling	End=1628.8	_	_	_	_
590-0	BX003	590	0	[wow]	wow	_	_	_	_	_	linguistic	_	none	_	Begin=1627.536|End=1627.956	_	_	_	0-3(165)
591-0	BX002	591	0	>mia	mia	_	_	_	_	_	linguistic	_	none	_	Begin=1629.468	_	Fast=0-3(0)	_	_
591-1	BX002	591	1	nonna	nonna	_	_	_	_	_	linguistic	_	none	_	_	_	Fast=0-5(0)	_	_
591-2	BX002	591	2	mi	mi	_	_	_	_	_	linguistic	_	none	_	_	_	Fast=0-2(0)	_	_
591-3	BX002	591	3	aveva	aveva	_	_	_	_	_	linguistic	_	none	_	_	_	Fast=0-5(0)	_	_
591-4	BX002	591	4	insegnato	insegnato	_	_	_	_	_	linguistic	_	none	_	_	_	Fast=0-9(0)	_	_
591-5	BX002	591	5	quand'	quand'	_	_	_	_	_	linguistic	_	none	SpaceAfter=No	_	_	Fast=0-6(0)	_	_
591-6	BX002	591	6	ero	ero	_	_	_	_	_	linguistic	_	none	_	_	_	Fast=0-3(0)	_	_
591-7	BX002	591	7	piccolina	piccolina	_	_	_	_	_	linguistic	_	none	_	_	_	Fast=0-9(0)	_	_
591-8	BX002	591	8	però:<	però	_	_	_	_	_	linguistic	_	none	_	End=1631.908	3x1	Fast=0-4(0)	_	_
592-0	BX002	592	0	>perché	perché	_	_	_	_	_	linguistic	_	none	_	Begin=1632.073	_	Fast=0-6(0)	_	_
592-1	BX002	592	1	le-	le-	_	_	_	_	_	linguistic	_	none	Interrupted=Yes	_	_	Fast=0-3(0)	_	_
592-2	BX002	592	2	mia	mia	_	_	_	_	_	linguistic	_	none	_	_	_	Fast=0-3(0)	_	_
592-3	BX002	592	3	nonna	nonna	_	_	_	_	_	linguistic	_	none	_	_	_	Fast=0-5(0)	_	_
592-4	BX002	592	4	faceva	faceva	_	_	_	_	_	linguistic	_	none	_	_	_	Fast=0-6(0)	_	_
592-5	BX002	592	5	la	la	_	_	_	_	_	linguistic	_	none	_	_	_	Fast=0-2(0)	_	_
592-6	BX002	592	6	sarta<	sarta	_	_	_	_	_	linguistic	_	none	PauseAfter=Yes	_	_	Fast=0-5(0)	_	_
592-7	BX002	592	7	(.)	(.)	_	_	_	_	_	shortpause	_	none	_	_	_	_	_	_
592-8	BX002	592	8	diciamo.	diciamo	_	_	_	_	_	linguistic	_	none	Intonation=Falling	End=1634.173	_	_	_	_
593-0	BX001	593	0	mh:	mh	_	_	_	_	_	linguistic	_	none	_	Begin=1634.193|End=1634.673	1x1	_	_	_
594-0	BX002	594	0	cioè	cioè	_	_	_	_	_	linguistic	_	none	PauseAfter=Yes	Begin=1634.698	_	_	_	_
594-1	BX002	594	1	(.)	(.)	_	_	_	_	_	shortpause	_	none	_	_	_	_	_	_
594-2	BX002	594	2	faceva	faceva	_	_	_	_	_	linguistic	_	none	_	_	_	_	_	_
594-3	BX002	594	3	in	in	_	_	_	_	_	linguistic	_	none	_	_	_	_	_	_
594-4	BX002	594	4	casa	casa	_	_	_	_	_	linguistic	_	none	_	_	_	_	_	_
594-5	BX002	594	5	per	per	_	_	_	_	_	linguistic	_	none	_	_	_	_	_	_
594-6	BX002	594	6	ami[che	amiche	_	_	_	_	_	linguistic	_	none	_	_	_	_	_	3-6(336)
594-7	BX002	594	7	nipoti]	nipoti	_	_	_	_	_	linguistic	_	none	_	End=1638.06	_	_	_	0-6(336)
595-0	BX001	595	0	[per	per	_	_	_	_	_	linguistic	_	none	_	Begin=1637.203	_	_	_	0-3(336)
595-1	BX001	595	1	altri	altri	_	_	_	_	_	linguistic	_	none	PauseAfter=Yes	_	_	_	_	0-5(336)
595-2	BX001	595	2	(.)	(.)	_	_	_	_	_	shortpause	_	none	_	_	_	_	_	_
595-3	BX001	595	3	sì	sì	_	_	_	_	_	linguistic	_	none	_	_	_	_	_	0-2(336)
595-4	BX001	595	4	sì].	sì	_	_	_	_	_	linguistic	_	none	Intonation=Falling	End=1638.51	_	_	_	0-2(336)
596-0	BX003	596	0	[come	come	_	_	_	_	_	linguistic	_	none	_	Begin=1638.053	_	_	_	0-4(336)
596-1	BX003	596	1	tutte]	tutte	_	_	_	_	_	linguistic	_	none	_	_	_	_	_	0-5(336)
596-2	BX003	596	2	le	le	_	_	_	_	_	linguistic	_	none	_	_	_	_	_	_
596-3	BX003	596	3	non[ne]	nonne	_	_	_	_	_	linguistic	_	none	_	End=1639.263	_	_	_	3-5(166)
597-0	BX001	597	0	[va	va	_	_	_	_	_	linguistic	_	none	_	Begin=1639.023	_	_	_	0-2(166)
597-1	BX001	597	1	be']	be'	_	_	_	_	_	linguistic	_	none	Truncated=Yes	_	_	_	_	0-3(166)
597-2	BX001	597	2	certo	certo	_	_	_	_	_	linguistic	_	none	_	_	_	_	_	_
597-3	BX001	597	3	sì	sì	_	_	_	_	_	linguistic	_	none	_	_	_	_	_	_
597-4	BX001	597	4	sì.	sì	_	_	_	_	_	linguistic	_	none	Intonation=Falling|PauseAfter=Yes	_	_	_	_	_
597-5	BX001	597	5	(.)	(.)	_	_	_	_	_	shortpause	_	none	_	_	_	_	_	_
597-6	BX001	597	6	per	per	_	_	_	_	_	linguistic	_	none	_	_	_	_	_	_
597-7	BX001	597	7	forza	forza	_	_	_	_	_	linguistic	_	none	_	_	_	_	_	_
597-8	BX001	597	8	di	di	_	_	_	_	_	linguistic	_	none	_	_	_	_	_	_
597-9	BX001	597	9	cose,	cose	_	_	_	_	_	linguistic	_	none	Intonation=WeaklyRising	End=1641.633	_	_	_	_
598-0	BX002	598	0	era	era	_	_	_	_	_	linguistic	_	none	_	Begin=1643.673	_	_	_	_
598-1	BX002	598	1	veramente	veramente	_	_	_	_	_	linguistic	_	none	_	_	_	_	_	_
598-2	BX002	598	2	brava.	brava	_	_	_	_	_	linguistic	_	none	Intonation=Falling|PauseAfter=Yes	_	_	_	_	_
598-3	BX002	598	3	(.)	(.)	_	_	_	_	_	shortpause	_	none	_	_	_	_	_	_
598-4	BX002	598	4	io	io	_	_	_	_	_	linguistic	_	none	_	_	_	_	_	_
598-5	BX002	598	5	ho	ho	_	_	_	_	_	linguistic	_	none	_	_	_	_	_	_
598-6	BX002	598	6	un	un	_	_	_	_	_	linguistic	_	none	_	_	_	_	_	_
598-7	BX002	598	7	sacco	sacco	_	_	_	_	_	linguistic	_	none	_	_	_	_	_	_
598-8	BX002	598	8	di	di	_	_	_	_	_	linguistic	_	none	_	_	_	_	_	_
598-9	BX002	598	9	vestiti	vestiti	_	_	_	_	_	linguistic	_	none	_	_	_	_	_	_
598-10	BX002	598	10	ancora	ancora	_	_	_	_	_	linguistic	_	none	_	_	_	_	_	_
598-11	BX002	598	11	adesso	adesso	_	_	_	_	_	linguistic	_	none	_	_	_	_	_	_
598-12	BX002	598	12	fatti	fatti	_	_	_	_	_	linguistic	_	none	_	_	_	_	_	_
598-13	BX002	598	13	da	da	_	_	_	_	_	linguistic	_	none	_	_	_	_	_	_
598-14	BX002	598	14	mia	mia	_	_	_	_	_	linguistic	_	none	_	_	_	_	_	_
598-15	BX002	598	15	nonna.	nonna	_	_	_	_	_	linguistic	_	none	Intonation=Falling	End=1647.273	_	_	_	_
599-0	BX001	599	0	ah	ah	_	_	_	_	_	linguistic	_	none	_	Begin=1647.548	_	_	_	_
599-1	BX001	599	1	ma	ma	_	_	_	_	_	linguistic	_	none	_	_	_	_	_	_
599-2	BX001	599	2	dai.	dai	_	_	_	_	_	linguistic	_	none	Intonation=Falling	End=1648.198	_	_	_	_
600-0	BX002	600	0	vestiti	vestiti	_	_	_	_	_	linguistic	_	none	_	Begin=1648.328	_	_	_	_
600-1	BX002	600	1	di	di	_	_	_	_	_	linguistic	_	none	_	_	_	_	_	_
600-2	BX002	600	2	compleanno.	compleanno	_	_	_	_	_	linguistic	_	none	Intonation=Falling	End=1649.868	_	_	_	_
601-0	BX002	601	0	sì	sì	_	_	_	_	_	linguistic	_	none	_	Begin=1650.313	_	_	_	_
601-1	BX002	601	1	sì	sì	_	_	_	_	_	linguistic	_	none	_	_	_	_	_	_
601-2	BX002	601	2	mi	mi	_	_	_	_	_	linguistic	_	none	_	_	_	_	_	_
601-3	BX002	601	3	ha	ha	_	_	_	_	_	linguistic	_	none	_	_	_	_	_	_
601-4	BX002	601	4	fatto	fatto	_	_	_	_	_	linguistic	_	none	_	_	_	_	_	_
601-5	BX002	601	5	un	un	_	_	_	_	_	linguistic	_	none	_	_	_	_	_	_
601-6	BX002	601	6	tubino	tubino	_	_	_	_	_	linguistic	_	none	_	_	_	_	_	_
601-7	BX002	601	7	nero	nero	_	_	_	_	_	linguistic	_	none	_	_	_	_	_	_
601-8	BX002	601	8	una	una	_	_	_	_	_	linguistic	_	none	_	_	_	_	_	_
601-9	BX002	601	9	volta,	volta	_	_	_	_	_	linguistic	_	none	Intonation=WeaklyRising	End=1652.563	_	_	_	_
602-0	BX002	602	0	no	no	_	_	_	_	_	linguistic	_	none	_	Begin=1652.838	_	_	_	_
602-1	BX002	602	1	no	no	_	_	_	_	_	linguistic	_	none	_	_	_	_	_	_
602-2	BX002	602	2	era	era	_	_	_	_	_	linguistic	_	none	_	_	_	_	_	_
602-3	BX002	602	3	veramente	veramente	_	_	_	_	_	linguistic	_	none	_	_	_	_	_	_
602-4	BX002	602	4	brava.	brava	_	_	_	_	_	linguistic	_	none	Intonation=Falling	_	_	_	_	_
602-5	BX002	602	5	mie	mie	_	_	_	_	_	linguistic	_	none	_	_	_	_	_	_
602-6	BX002	602	6	m-	m-	_	_	_	_	_	linguistic	_	none	Interrupted=Yes	_	_	_	_	_
602-7	BX002	602	7	mie	mie	_	_	_	_	_	linguistic	_	none	_	_	_	_	_	_
602-8	BX002	602	8	zie,	zie	_	_	_	_	_	linguistic	_	none	Intonation=WeaklyRising|PauseAfter=Yes	_	_	_	_	_
602-9	BX002	602	9	(.)	(.)	_	_	_	_	_	shortpause	_	none	_	_	_	_	_	_
602-10	BX002	602	10	non	non	_	_	_	_	_	linguistic	_	none	_	_	_	_	_	_
602-11	BX002	602	11	hanno	hanno	_	_	_	_	_	linguistic	_	none	_	_	_	_	_	_
602-12	BX002	602	12	mai	mai	_	_	_	_	_	linguistic	_	none	_	_	_	_	_	_
602-13	BX002	602	13	comprato	comprato	_	_	_	_	_	linguistic	_	none	_	_	_	_	_	_
602-14	BX002	602	14	vestiti	vestiti	_	_	_	_	_	linguistic	_	none	_	_	_	_	_	_
602-15	BX002	602	15	mi	mi	_	_	_	_	_	linguistic	_	none	_	_	_	_	_	_
602-16	BX002	602	16	sa,	sa	_	_	_	_	_	linguistic	_	none	Intonation=WeaklyRising	_	_	_	_	_
602-17	BX002	602	17	cioè	cioè	_	_	_	_	_	linguistic	_	none	_	_	_	_	_	_
602-18	BX002	602	18	pochissime	pochissime	_	_	_	_	_	linguistic	_	none	_	_	_	_	_	_
602-19	BX002	602	19	volte	volte	_	_	_	_	_	linguistic	_	none	PauseAfter=Yes	_	_	_	_	_
602-20	BX002	602	20	(.)	(.)	_	_	_	_	_	shortpause	_	none	_	_	_	_	_	_
602-21	BX002	602	21	(quando)	quando	_	_	_	_	_	linguistic	_	none	_	_	_	_	0-6(0)	_
602-22	BX002	602	22	da	da	_	_	_	_	_	linguistic	_	none	_	_	_	_	_	_
602-23	BX002	602	23	adulte	adulte	_	_	_	_	_	linguistic	_	none	_	_	_	_	_	_
602-24	BX002	602	24	ma	ma	_	_	_	_	_	linguistic	_	none	_	_	_	_	_	_
602-25	BX002	602	25	poi	poi	_	_	_	_	_	linguistic	_	none	_	_	_	_	_	_
602-26	BX002	602	26	[d-	d-	_	_	_	_	_	linguistic	_	none	Interrupted=Yes	_	_	_	_	0-2(167)
602-27	BX002	602	27	da	da	_	_	_	_	_	linguistic	_	none	_	_	_	_	_	0-2(167)
602-28	BX002	602	28	piccole]	piccole	_	_	_	_	_	linguistic	_	none	_	End=1661.118	_	_	_	0-7(167)
603-0	BX001	603	0	[ah	ah	_	_	_	_	_	linguistic	_	none	_	Begin=1659.853	_	_	_	0-2(167)
603-1	BX001	603	1	sì	sì	_	_	_	_	_	linguistic	_	none	_	_	_	_	_	0-2(167)
603-2	BX001	603	2	sì].	sì	_	_	_	_	_	linguistic	_	none	Intonation=Falling	End=1661.113	_	_	_	0-2(167)
604-0	BX002	604	0	e:	e	_	_	_	_	_	linguistic	_	none	_	Begin=1663.398	0x1	_	_	_
604-1	BX002	604	1	sì	sì	_	_	_	_	_	linguistic	_	none	_	_	_	_	_	_
604-2	BX002	604	2	sì.	sì	_	_	_	_	_	linguistic	_	none	Intonation=Falling	End=1664.29	_	_	_	_
605-0	BX002	605	0	era	era	_	_	_	_	_	linguistic	_	none	_	Begin=1664.788	_	_	_	_
605-1	BX002	605	1	molto	molto	_	_	_	_	_	linguistic	_	none	_	_	_	_	_	_
605-2	BX002	605	2	giovanile	giovanile	_	_	_	_	_	linguistic	_	none	_	_	_	_	_	_
605-3	BX002	605	3	tra	tra	_	_	_	_	_	linguistic	_	none	_	_	_	_	_	_
605-4	BX002	605	4	l'	l'	_	_	_	_	_	linguistic	_	none	SpaceAfter=No	_	_	_	_	_
605-5	BX002	605	5	altro.	altro	_	_	_	_	_	linguistic	_	none	Intonation=Falling	_	_	_	_	_
605-6	BX002	605	6	quindi:	quindi	_	_	_	_	_	linguistic	_	none	PauseAfter=Yes	_	5x1	_	_	_
605-7	BX002	605	7	(.)	(.)	_	_	_	_	_	shortpause	_	none	_	_	_	_	_	_
605-8	BX002	605	8	mi	mi	_	_	_	_	_	linguistic	_	none	_	_	_	_	_	_
605-9	BX002	605	9	faceva	faceva	_	_	_	_	_	linguistic	_	none	_	_	_	_	_	_
605-10	BX002	605	10	delle	delle	_	_	_	_	_	linguistic	_	none	_	_	_	_	_	_
605-11	BX002	605	11	cose	cose	_	_	_	_	_	linguistic	_	none	_	_	_	_	_	_
605-12	BX002	605	12	proprio	proprio	_	_	_	_	_	linguistic	_	none	_	_	_	_	_	_
605-13	BX002	605	13	carine.	carine	_	_	_	_	_	linguistic	_	none	Intonation=Falling	End=1668.758	_	_	_	_
606-0	BX002	606	0	e	e	_	_	_	_	_	linguistic	_	none	_	Begin=1669.398	_	_	_	_
606-1	BX002	606	1	e	e	_	_	_	_	_	linguistic	_	none	_	_	_	_	_	_
606-2	BX002	606	2	anche	anche	_	_	_	_	_	linguistic	_	none	_	_	_	_	_	_
606-3	BX002	606	3	irene	irene	_	_	_	_	_	linguistic	_	none	_	End=1670.578	_	_	_	_
607-0	BX002	607	0	quindi	quindi	_	_	_	_	_	linguistic	_	none	_	Begin=1671.05	_	_	_	_
607-1	BX002	607	1	le	le	_	_	_	_	_	linguistic	_	none	_	_	_	_	_	_
607-2	BX002	607	2	ho	ho	_	_	_	_	_	linguistic	_	none	_	_	_	_	_	_
607-3	BX002	607	3	detto	detto	_	_	_	_	_	linguistic	_	none	_	_	_	_	_	_
607-4	BX002	607	4	siccome	siccome	_	_	_	_	_	linguistic	_	none	_	_	_	_	_	_
607-5	BX002	607	5	ho	ho	_	_	_	_	_	linguistic	_	none	_	_	_	_	_	_
607-6	BX002	607	6	la	la	_	_	_	_	_	linguistic	_	none	_	_	_	_	_	_
607-7	BX002	607	7	macchina	macchina	_	_	_	_	_	linguistic	_	none	_	_	_	_	_	_
607-8	BX002	607	8	da	da	_	_	_	_	_	linguistic	_	none	_	_	_	_	_	_
607-9	BX002	607	9	cucire,	cucire	_	_	_	_	_	linguistic	_	none	Intonation=WeaklyRising	_	_	_	_	_
607-10	BX002	607	10	a	a	_	_	_	_	_	linguistic	_	none	_	_	_	_	_	_
607-11	BX002	607	11	casa,	casa	_	_	_	_	_	linguistic	_	none	Intonation=WeaklyRising|PauseAfter=Yes	_	_	_	_	_
607-12	BX002	607	12	(.)	(.)	_	_	_	_	_	shortpause	_	none	_	_	_	_	_	_
607-13	BX002	607	13	pensavo	pensavo	_	_	_	_	_	linguistic	_	none	PauseAfter=Yes	_	_	_	_	_
607-14	BX002	607	14	(.)	(.)	_	_	_	_	_	shortpause	_	none	_	_	_	_	_	_
607-15	BX002	607	15	(irene	irene	_	_	_	_	_	linguistic	_	none	_	_	_	_	0-5(0)	_
607-16	BX002	607	16	dato)	dato	_	_	_	_	_	linguistic	_	none	_	_	_	_	0-4(0)	_
607-17	BX002	607	17	che	che	_	_	_	_	_	linguistic	_	none	_	_	_	_	_	_
607-18	BX002	607	18	sei	sei	_	_	_	_	_	linguistic	_	none	_	_	_	_	_	_
607-19	BX002	607	19	qua,	qua	_	_	_	_	_	linguistic	_	none	Intonation=WeaklyRising|PauseAfter=Yes	_	_	_	_	_
607-20	BX002	607	20	(.)	(.)	_	_	_	_	_	shortpause	_	none	_	_	_	_	_	_
607-21	BX002	607	21	insegno	insegno	_	_	_	_	_	linguistic	_	none	_	_	_	_	_	_
607-22	BX002	607	22	a	a	_	_	_	_	_	linguistic	_	none	_	_	_	_	_	_
607-23	BX002	607	23	usarla	usarla	_	_	_	_	_	linguistic	_	none	_	_	_	_	_	_
607-24	BX002	607	24	bene	bene	_	_	_	_	_	linguistic	_	none	_	_	_	_	_	_
607-25	BX002	607	25	così:	così	_	_	_	_	_	linguistic	_	none	_	End=1679.37	3x1	_	_	_
608-0	BX002	608	0	però:	però	_	_	_	_	_	linguistic	_	none	PauseAfter=Yes	Begin=1680.425	3x1	_	_	_
608-1	BX002	608	1	(.)	(.)	_	_	_	_	_	shortpause	_	none	_	_	_	_	_	_
608-2	BX002	608	2	no	no	_	_	_	_	_	linguistic	_	none	PauseAfter=Yes	_	_	_	_	_
608-3	BX002	608	3	(.)	(.)	_	_	_	_	_	shortpause	_	none	_	_	_	_	_	_
608-4	BX002	608	4	[(ah:	ah	_	_	_	_	_	linguistic	_	none	_	_	1x1	_	0-2(0)	0-2(168)
608-5	BX002	608	5	covid)]	covid	_	_	_	_	_	linguistic	_	none	_	End=1682.525	_	_	0-5(0)	0-5(168)
609-0	BX003	609	0	[che	che	_	_	_	_	_	linguistic	_	none	_	Begin=1682.15	_	_	_	0-3(168)
609-1	BX003	609	1	mac]china:,	macchina	_	_	_	_	_	linguistic	_	none	Intonation=WeaklyRising	_	7x1	_	_	0-3(168)
609-2	BX003	609	2	che	che	_	_	_	_	_	linguistic	_	none	_	_	_	_	_	_
609-3	BX003	609	3	macchina	macchina	_	_	_	_	_	linguistic	_	none	_	_	_	_	_	_
609-4	BX003	609	4	hai?	hai	_	_	_	_	_	linguistic	_	none	Intonation=Rising	End=1683.79	_	_	_	_
610-0	BX002	610	0	eh	eh	_	_	_	_	_	linguistic	_	none	_	Begin=1684.1	_	_	_	_
610-1	BX002	610	1	[xx]	xx	_	_	_	_	_	unknown	_	none	Syllables=2	End=1684.78	_	_	_	0-2(169)
611-0	BX003	611	0	[una	una	_	_	_	_	_	linguistic	_	none	_	Begin=1684.22	_	_	_	0-3(169)
611-1	BX003	611	1	ab]bastanza:	abbastanza	_	_	_	_	_	linguistic	_	none	PauseAfter=Yes	_	9x1	_	_	0-2(169)
611-2	BX003	611	2	(.)	(.)	_	_	_	_	_	shortpause	_	none	_	_	_	_	_	_
611-3	BX003	611	3	cioè	cioè	_	_	_	_	_	linguistic	_	none	_	_	_	_	_	_
611-4	BX003	611	4	recente?	recente	_	_	_	_	_	linguistic	_	none	Intonation=Rising	End=1686.02	_	_	_	_
612-0	BX002	612	0	no:	no	_	_	_	_	_	linguistic	_	none	_	Begin=1686.24|End=1686.88	1x1	_	_	_
613-0	BX002	613	0	quella	quella	_	_	_	_	_	linguistic	_	none	_	Begin=1687.38	_	_	_	_
613-1	BX002	613	1	là	là	_	_	_	_	_	linguistic	_	none	_	_	_	_	_	_
613-2	BX002	613	2	avrà,	avrà	_	_	_	_	_	linguistic	_	none	Intonation=WeaklyRising	End=1688.435	_	_	_	_
614-0	BX002	614	0	quarant'	quarant'	_	_	_	_	_	linguistic	_	none	SpaceAfter=No	Begin=1689.128	_	_	_	_
614-1	BX002	614	1	anni.	anni	_	_	_	_	_	linguistic	_	none	Intonation=Falling	End=1689.881	_	_	_	_
615-0	BX002	615	0	cinquant'	cinquant'	_	_	_	_	_	linguistic	_	none	SpaceAfter=No	Begin=1690.46	_	_	_	_
615-1	BX002	615	1	anni.	anni	_	_	_	_	_	linguistic	_	none	Intonation=Falling	End=1691.26	_	_	_	_
616-0	BX002	616	0	la	la	_	_	_	_	_	linguistic	_	none	_	Begin=1691.44	_	_	_	_
616-1	BX002	616	1	macchina	macchina	_	_	_	_	_	linguistic	_	none	_	_	_	_	_	_
616-2	BX002	616	2	proprio	proprio	_	_	_	_	_	linguistic	_	none	_	_	_	_	_	_
616-3	BX002	616	3	de:-	de-	_	_	_	_	_	linguistic	_	none	Interrupted=Yes|PauseAfter=Yes	_	1x1	_	_	_
616-4	BX002	616	4	(.)	(.)	_	_	_	_	_	shortpause	_	none	_	_	_	_	_	_
616-5	BX002	616	5	macchina	macchina	_	_	_	_	_	linguistic	_	none	_	_	_	_	_	_
616-6	BX002	616	6	da	da	_	_	_	_	_	linguistic	_	none	_	_	_	_	_	_
616-7	BX002	616	7	cucire	cucire	_	_	_	_	_	linguistic	_	none	_	_	_	_	_	_
616-8	BX002	616	8	dei	dei	_	_	_	_	_	linguistic	_	none	_	_	_	_	_	_
616-9	BX002	616	9	(quei)	quei	_	_	_	_	_	linguistic	_	none	_	_	_	_	0-4(0)	_
616-10	BX002	616	10	tempi	tempi	_	_	_	_	_	linguistic	_	none	_	_	_	_	_	_
616-11	BX002	616	11	di	di	_	_	_	_	_	linguistic	_	none	_	_	_	_	_	_
616-12	BX002	616	12	mia	mia	_	_	_	_	_	linguistic	_	none	_	_	_	_	_	_
616-13	BX002	616	13	nonna,	nonna	_	_	_	_	_	linguistic	_	none	Intonation=WeaklyRising	_	_	_	_	_
616-14	BX002	616	14	proprio	proprio	_	_	_	_	_	linguistic	_	none	_	End=1696.56	_	_	_	_
617-0	BX003	617	0	perché	perché	_	_	_	_	_	linguistic	_	none	_	Begin=1696.643	_	_	_	_
617-1	BX003	617	1	mia	mia	_	_	_	_	_	linguistic	_	none	_	_	_	_	_	_
617-2	BX003	617	2	nonna	nonna	_	_	_	_	_	linguistic	_	none	_	_	_	_	_	_
617-3	BX003	617	3	aveva	aveva	_	_	_	_	_	linguistic	_	none	_	_	_	_	_	_
617-4	BX003	617	4	quella:	quella	_	_	_	_	_	linguistic	_	none	_	_	5x1	_	_	_
617-5	BX003	617	5	col	col	_	_	_	_	_	linguistic	_	none	_	_	_	_	_	_
617-6	BX003	617	6	[pedale]	pedale	_	_	_	_	_	linguistic	_	none	_	End=1698.26	_	_	_	0-6(170)
618-0	BX002	618	0	[col	col	_	_	_	_	_	linguistic	_	none	_	Begin=1697.953	_	_	_	0-3(?)
618-1	BX002	618	1	pie-,	pie-	_	_	_	_	_	linguistic	_	none	Intonation=WeaklyRising|Interrupted=Yes	_	_	_	_	0-4(?)
618-2	BX002	618	2	sì.	sì	_	_	_	_	_	linguistic	_	none	Intonation=Falling	_	_	_	_	0-2(?)
618-3	BX002	618	3	col	col	_	_	_	_	_	linguistic	_	none	_	_	_	_	_	0-3(?)
618-4	BX002	618	4	pedale].	pedale	_	_	_	_	_	linguistic	_	none	Intonation=Falling	End=1699.333	_	_	_	0-6(?)
619-0	BX001	619	0	[col	col	_	_	_	_	_	linguistic	_	none	_	Begin=1698.486	_	_	_	0-3(171)
619-1	BX001	619	1	pedale].	pedale	_	_	_	_	_	linguistic	_	none	Intonation=Falling	End=1699.336	_	_	_	0-6(171)
620-0	BX003	620	0	mamma.	mamma	_	_	_	_	_	linguistic	_	none	Intonation=Falling	Begin=1699.336|End=1699.876	_	_	_	_
621-0	BX002	621	0	sì	sì	_	_	_	_	_	linguistic	_	none	_	Begin=1699.861	_	_	_	_
621-1	BX002	621	1	sì	sì	_	_	_	_	_	linguistic	_	none	_	_	_	_	_	_
621-2	BX002	621	2	[col	col	_	_	_	_	_	linguistic	_	none	_	_	_	_	_	0-3(337)
621-3	BX002	621	3	pedale]	pedale	_	_	_	_	_	linguistic	_	none	_	End=1700.87	_	_	_	0-6(337)
622-0	BX001	622	0	[xxxxx]	xxxxx	_	_	_	_	_	unknown	_	none	Syllables=5	Begin=1700.391|End=1701.291	_	_	_	0-5(337)
623-0	BX003	623	0	[non	non	_	_	_	_	_	linguistic	_	none	_	Begin=1700.581	_	_	_	0-3(337)
623-1	BX003	623	1	è]	è	_	_	_	_	_	linguistic	_	none	_	_	_	_	_	0-1(337)
623-2	BX003	623	2	facile	facile	_	_	_	_	_	linguistic	_	none	_	_	_	_	_	_
623-3	BX003	623	3	eh,	eh	_	_	_	_	_	linguistic	_	none	Intonation=WeaklyRising	End=1701.711	_	_	_	_
624-0	BX001	624	0	un	un	_	_	_	_	_	linguistic	_	none	_	Begin=1701.716	_	_	_	_
624-1	BX001	624	1	reper[to].	reperto	_	_	_	_	_	linguistic	_	none	Intonation=Falling	End=1702.566	_	_	_	5-7(173)
625-0	BX002	625	0	[so]no	sono	_	_	_	_	_	linguistic	_	none	_	Begin=1702.346	_	_	_	0-2(173)
625-1	BX002	625	1	l-	l-	_	_	_	_	_	linguistic	_	none	Interrupted=Yes	_	_	_	_	_
625-2	BX002	625	2	d-	d-	_	_	_	_	_	linguistic	_	none	Interrupted=Yes	_	_	_	_	_
625-3	BX002	625	3	riesco	riesco	_	_	_	_	_	linguistic	_	none	_	_	_	_	_	_
625-4	BX002	625	4	a	a	_	_	_	_	_	linguistic	_	none	_	_	_	_	_	_
625-5	BX002	625	5	fa-	fa-	_	_	_	_	_	linguistic	_	none	Interrupted=Yes	_	_	_	_	_
625-6	BX002	625	6	<riesco	riesco	_	_	_	_	_	linguistic	_	none	_	_	_	Slow=0-6(0)	_	_
625-7	BX002	625	7	a	a	_	_	_	_	_	linguistic	_	none	_	_	_	Slow=0-1(0)	_	_
625-8	BX002	625	8	fare,	fare	_	_	_	_	_	linguistic	_	none	Intonation=WeaklyRising|PauseAfter=Yes	_	_	Slow=0-4(0)	_	_
625-9	BX002	625	9	(.)	(.)	_	_	_	_	_	shortpause	_	none	_	_	_	_	_	_
625-10	BX002	625	10	a	a	_	_	_	_	_	linguistic	_	none	_	_	_	Slow=0-1(0)	_	_
625-11	BX002	625	11	cucire	cucire	_	_	_	_	_	linguistic	_	none	_	_	_	Slow=0-6(0)	_	_
625-12	BX002	625	12	a	a	_	_	_	_	_	linguistic	_	none	_	_	_	Slow=0-1(0)	_	_
625-13	BX002	625	13	imbastire>.	imbastire	_	_	_	_	_	linguistic	_	none	Intonation=Falling	End=1706.99	_	Slow=0-9(0)	_	_
626-0	BX003	626	0	mh	mh	_	_	_	_	_	linguistic	_	none	ProsodicLink=Yes	Begin=1707.146	_	_	_	_
626-1	BX003	626	1	mh,	mh	_	_	_	_	_	linguistic	_	none	Intonation=WeaklyRising	End=1707.836	_	_	_	_
627-0	BX002	627	0	però	però	_	_	_	_	_	linguistic	_	none	_	Begin=1708.126	_	_	_	_
627-1	BX002	627	1	non	non	_	_	_	_	_	linguistic	_	none	_	_	_	_	_	_
627-2	BX002	627	2	a	a	_	_	_	_	_	linguistic	_	none	_	_	_	_	_	_
627-3	BX002	627	3	fare	fare	_	_	_	_	_	linguistic	_	none	_	_	_	_	_	_
627-4	BX002	627	4	tipo	tipo	_	_	_	_	_	linguistic	_	none	_	_	_	_	_	_
627-5	BX002	627	5	il	il	_	_	_	_	_	linguistic	_	none	_	_	_	_	_	_
627-6	BX002	627	6	tratto:	tratto	_	_	_	_	_	linguistic	_	none	_	End=1711.206	5x1	_	_	_
628-0	BX002	628	0	più	più	_	_	_	_	_	linguistic	_	none	_	Begin=1711.941	_	_	_	_
628-1	BX002	628	1	vicino	vicino	_	_	_	_	_	linguistic	_	none	_	_	_	_	_	_
628-2	BX002	628	2	>eccetera<	eccetera	_	_	_	_	_	linguistic	_	none	_	_	_	Fast=0-8(0)	_	_
628-3	BX002	628	3	e	e	_	_	_	_	_	linguistic	_	none	_	_	_	Slow=0-1(0)	_	_
628-4	BX002	628	4	poi	poi	_	_	_	_	_	linguistic	_	none	_	_	_	Slow=0-3(0)	_	_
628-5	BX002	628	5	è	è	_	_	_	_	_	linguistic	_	none	_	_	_	Slow=0-1(0)	_	_
628-6	BX002	628	6	ovvio	ovvio	_	_	_	_	_	linguistic	_	none	_	_	_	Slow=0-5(0)	_	_
628-7	BX002	628	7	(>che	che	_	_	_	_	_	linguistic	_	none	_	_	_	Fast=0-3(1)	0-3(0)	_
628-8	BX002	628	8	comunque<)	comunque	_	_	_	_	_	linguistic	_	none	_	_	_	Fast=0-8(1)	0-8(0)	_
628-9	BX002	628	9	ha	ha	_	_	_	_	_	linguistic	_	none	_	_	_	_	_	_
628-10	BX002	628	10	dei	dei	_	_	_	_	_	linguistic	_	none	_	_	_	_	_	_
628-11	BX002	628	11	problemini	problemini	_	_	_	_	_	linguistic	_	none	_	_	_	_	_	_
628-12	BX002	628	12	nel	nel	_	_	_	_	_	linguistic	_	none	_	_	_	_	_	_
628-13	BX002	628	13	piedino.	piedino	_	_	_	_	_	linguistic	_	none	Intonation=Falling	End=1715.251	_	_	_	_
629-0	BX003	629	0	eh:	eh	_	_	_	_	_	linguistic	_	none	_	Begin=1715.401|End=1715.871	1x1	_	_	_
630-0	BX002	630	0	perché	perché	_	_	_	_	_	linguistic	_	none	_	Begin=1715.671	_	_	_	_
630-1	BX002	630	1	[c'	c'	_	_	_	_	_	linguistic	_	none	SpaceAfter=No	_	_	_	_	0-2(?)
630-2	BX002	630	2	è:]	è	_	_	_	_	_	linguistic	_	none	_	End=1716.971	0x1	_	_	0-1(?)
631-0	BX001	631	0	[eh	eh	_	_	_	_	_	linguistic	_	none	_	Begin=1716.13	_	_	_	0-2(175)
631-1	BX001	631	1	va	va	_	_	_	_	_	linguistic	_	none	_	_	_	_	_	0-2(175)
631-2	BX001	631	2	be':]	be':	_	_	_	_	_	error	_	none	_	End=1717.001	_	_	_	0-3(175)
632-0	BX003	632	0	un	un	_	_	_	_	_	linguistic	_	none	_	Begin=1716.99	_	_	_	_
632-1	BX003	632	1	classico	classico	_	_	_	_	_	linguistic	_	none	_	_	_	_	_	_
632-2	BX003	632	2	[(dei	dei	_	_	_	_	_	linguistic	_	none	_	_	_	_	0-3(0)	0-3(177)
632-3	BX003	632	3	lavori	lavori	_	_	_	_	_	linguistic	_	none	_	_	_	_	0-6(0)	0-6(177)
632-4	BX003	632	4	a	a	_	_	_	_	_	linguistic	_	none	_	_	_	_	0-1(0)	0-1(177)
632-5	BX003	632	5	macchina)]	macchina	_	_	_	_	_	linguistic	_	none	_	End=1718.62	_	_	0-8(0)	0-8(177)
633-0	BX001	633	0	[eh	eh	_	_	_	_	_	linguistic	_	none	_	Begin=1717.63	_	_	_	0-2(177)
633-1	BX001	633	1	no	no	_	_	_	_	_	linguistic	_	none	_	_	_	_	_	0-2(177)
633-2	BX001	633	2	>però<	però	_	_	_	_	_	linguistic	_	none	_	_	_	Fast=0-4(0)	_	0-4(177)
633-3	BX001	633	3	lì	lì	_	_	_	_	_	linguistic	_	none	_	_	_	_	_	0-2(177)
633-4	BX001	633	4	lì	lì	_	_	_	_	_	linguistic	_	none	_	_	_	_	_	0-2(177)
633-5	BX001	633	5	ci]	ci	_	_	_	_	_	linguistic	_	none	_	_	_	_	_	0-2(177)
633-6	BX001	633	6	vuole	vuole	_	_	_	_	_	linguistic	_	none	_	_	_	_	_	_
633-7	BX001	633	7	<manualità:>	manualità	_	_	_	_	_	linguistic	_	none	_	_	8x1	Slow=0-9(0)	_	_
633-8	BX001	633	8	insomma.	insomma	_	_	_	_	_	linguistic	_	none	Intonation=Falling	End=1720.858	_	_	_	_
634-0	BX002	634	0	no	no	_	_	_	_	_	linguistic	_	none	_	Begin=1720.85	_	_	_	_
634-1	BX002	634	1	ma	ma	_	_	_	_	_	linguistic	_	none	_	_	_	_	_	_
634-2	BX002	634	2	si	si	_	_	_	_	_	linguistic	_	none	_	_	_	_	_	_
634-3	BX002	634	3	stacca	stacca	_	_	_	_	_	linguistic	_	none	_	_	_	_	_	_
634-4	BX002	634	4	il	il	_	_	_	_	_	linguistic	_	none	_	_	_	_	_	_
634-5	BX002	634	5	piedi[no].	piedino	_	_	_	_	_	linguistic	_	none	Intonation=Falling	End=1722.052	_	_	_	5-7(179)
635-0	BX001	635	0	[forse]	forse	_	_	_	_	_	linguistic	_	none	_	Begin=1721.852	_	_	_	0-5(179)
635-1	BX001	635	1	quelle	quelle	_	_	_	_	_	linguistic	_	none	_	_	_	_	_	_
635-2	BX001	635	2	moderne	moderne	_	_	_	_	_	linguistic	_	none	_	_	_	_	_	_
635-3	BX001	635	3	ti	ti	_	_	_	_	_	linguistic	_	none	_	_	_	_	_	_
635-4	BX001	635	4	aiutano	aiutano	_	_	_	_	_	linguistic	_	none	_	_	_	_	_	_
635-5	BX001	635	5	più	più	_	_	_	_	_	linguistic	_	none	_	_	_	_	_	_
635-6	BX001	635	6	[(è	è	_	_	_	_	_	linguistic	_	none	_	_	_	_	0-1(0)	0-1(180)
635-7	BX001	635	7	un	un	_	_	_	_	_	linguistic	_	none	_	_	_	_	0-2(0)	0-2(180)
635-8	BX001	635	8	po'	po'	_	_	_	_	_	linguistic	_	none	_	_	_	_	0-3(0)	0-3(180)
635-9	BX001	635	9	più])	più	_	_	_	_	_	linguistic	_	none	_	_	_	_	0-3(0)	0-3(180)
635-10	BX001	635	10	più	più	_	_	_	_	_	linguistic	_	none	_	_	_	_	_	_
635-11	BX001	635	11	facile	facile	_	_	_	_	_	linguistic	_	none	_	_	_	_	_	_
635-12	BX001	635	12	no?	no	_	_	_	_	_	linguistic	_	none	Intonation=Rising	End=1726.799	_	_	_	_
636-0	BX002	636	0	[sì	sì	_	_	_	_	_	linguistic	_	none	_	Begin=1724.59	_	_	_	0-2(180)
636-1	BX002	636	1	sì].	sì	_	_	_	_	_	linguistic	_	none	Intonation=Falling	End=1725.09	_	_	_	0-2(180)
637-0	BX002	637	0	si	si	_	_	_	_	_	linguistic	_	none	_	Begin=1726.795	_	_	_	_
637-1	BX002	637	1	stacca	stacca	_	_	_	_	_	linguistic	_	none	_	_	_	_	_	_
637-2	BX002	637	2	il	il	_	_	_	_	_	linguistic	_	none	_	_	_	_	_	_
637-3	BX002	637	3	piedino	piedino	_	_	_	_	_	linguistic	_	none	_	_	_	_	_	_
637-4	BX002	637	4	sotto,	sotto	_	_	_	_	_	linguistic	_	none	Intonation=WeaklyRising	_	_	_	_	_
637-5	BX002	637	5	infatti	infatti	_	_	_	_	_	linguistic	_	none	_	_	_	_	_	_
637-6	BX002	637	6	bisogna	bisogna	_	_	_	_	_	linguistic	_	none	_	_	_	_	_	_
637-7	BX002	637	7	portarla	portarla	_	_	_	_	_	linguistic	_	none	_	_	_	_	_	_
637-8	BX002	637	8	a	a	_	_	_	_	_	linguistic	_	none	_	_	_	_	_	_
637-9	BX002	637	9	riparare	riparare	_	_	_	_	_	linguistic	_	none	_	_	_	_	_	_
637-10	BX002	637	10	prima	prima	_	_	_	_	_	linguistic	_	none	_	_	_	_	_	_
637-11	BX002	637	11	di	di	_	_	_	_	_	linguistic	_	none	_	_	_	_	_	_
637-12	BX002	637	12	usarla	usarla	_	_	_	_	_	linguistic	_	none	_	_	_	_	_	_
637-13	BX002	637	13	bene.	bene	_	_	_	_	_	linguistic	_	none	Intonation=Falling	End=1730.525	_	_	_	_
638-0	BX003	638	0	eh	eh	_	_	_	_	_	linguistic	_	none	_	Begin=1730.505	_	_	_	_
638-1	BX003	638	1	il	il	_	_	_	_	_	linguistic	_	none	_	_	_	_	_	_
638-2	BX003	638	2	problema	problema	_	_	_	_	_	linguistic	_	none	_	_	_	_	_	_
638-3	BX003	638	3	con	con	_	_	_	_	_	linguistic	_	none	_	_	_	_	_	_
638-4	BX003	638	4	quelle	quelle	_	_	_	_	_	linguistic	_	none	_	_	_	_	_	_
638-5	BX003	638	5	è	è	_	_	_	_	_	linguistic	_	none	_	_	_	_	_	_
638-6	BX003	638	6	che	che	_	_	_	_	_	linguistic	_	none	_	_	_	_	_	_
638-7	BX003	638	7	sono,	sono	_	_	_	_	_	linguistic	_	none	Intonation=WeaklyRising	_	_	_	_	_
638-8	BX003	638	8	se	se	_	_	_	_	_	linguistic	_	none	_	_	_	_	_	_
638-9	BX003	638	9	sono	sono	_	_	_	_	_	linguistic	_	none	_	_	_	_	_	_
638-10	BX003	638	10	troppo	troppo	_	_	_	_	_	linguistic	_	none	_	_	_	_	_	_
638-11	BX003	638	11	vecchie	vecchie	_	_	_	_	_	linguistic	_	none	_	_	_	_	_	_
638-12	BX003	638	12	non	non	_	_	_	_	_	linguistic	_	none	_	_	_	_	_	_
638-13	BX003	638	13	ci	ci	_	_	_	_	_	linguistic	_	none	_	_	_	_	_	_
638-14	BX003	638	14	sono	sono	_	_	_	_	_	linguistic	_	none	_	_	_	_	_	_
638-15	BX003	638	15	neanche	neanche	_	_	_	_	_	linguistic	_	none	_	_	_	_	_	_
638-16	BX003	638	16	i	i	_	_	_	_	_	linguistic	_	none	_	_	_	_	_	_
638-17	BX003	638	17	pezzi	pezzi	_	_	_	_	_	linguistic	_	none	_	_	_	_	_	_
638-18	BX003	638	18	di	di	_	_	_	_	_	linguistic	_	none	_	_	_	_	_	_
638-19	BX003	638	19	ri[cambio]	ricambio	_	_	_	_	_	linguistic	_	none	_	End=1734.675	_	_	_	2-8(183)
639-0	BX001	639	0	[di	di	_	_	_	_	_	linguistic	_	none	_	Begin=1734.365	_	_	_	0-2(183)
639-1	BX001	639	1	ri]cambio	ricambio	_	_	_	_	_	linguistic	_	none	_	_	_	_	_	0-2(183)
639-2	BX001	639	2	[sì].	sì	_	_	_	_	_	linguistic	_	none	Intonation=Falling	End=1735.595	_	_	_	0-2(184)
640-0	BX003	640	0	[io	io	_	_	_	_	_	linguistic	_	none	_	Begin=1735.178	_	_	_	0-2(184)
640-1	BX003	640	1	avevo]	avevo	_	_	_	_	_	linguistic	_	none	_	_	_	_	_	0-5(184)
640-2	BX003	640	2	ho	ho	_	_	_	_	_	linguistic	_	none	_	_	_	_	_	_
640-3	BX003	640	3	mh:	mh	_	_	_	_	_	linguistic	_	none	PauseAfter=Yes	_	1x1	_	_	_
640-4	BX003	640	4	(.)	(.)	_	_	_	_	_	shortpause	_	none	_	_	_	_	_	_
640-5	BX003	640	5	ho	ho	_	_	_	_	_	linguistic	_	none	_	_	_	_	_	_
640-6	BX003	640	6	fatto	fatto	_	_	_	_	_	linguistic	_	none	_	_	_	_	_	_
640-7	BX003	640	7	qualcosa	qualcosa	_	_	_	_	_	linguistic	_	none	_	_	_	_	_	_
640-8	BX003	640	8	quest'	quest'	_	_	_	_	_	linguistic	_	none	SpaceAfter=No	_	_	_	_	_
640-9	BX003	640	9	estate	estate	_	_	_	_	_	linguistic	_	none	_	_	_	_	_	_
640-10	BX003	640	10	e:	e	_	_	_	_	_	linguistic	_	none	_	_	0x1	_	_	_
640-11	BX003	640	11	>anche	anche	_	_	_	_	_	linguistic	_	none	_	_	_	Fast=0-5(0)	_	_
640-12	BX003	640	12	mia	mia	_	_	_	_	_	linguistic	_	none	_	_	_	Fast=0-3(0)	_	_
640-13	BX003	640	13	nonna	nonna	_	_	_	_	_	linguistic	_	none	_	_	_	Fast=0-5(0)	_	_
640-14	BX003	640	14	aveva	aveva	_	_	_	_	_	linguistic	_	none	_	_	_	Fast=0-5(0)	_	_
640-15	BX003	640	15	questa	questa	_	_	_	_	_	linguistic	_	none	_	_	_	Fast=0-6(0)	_	_
640-16	BX003	640	16	qua<	qua	_	_	_	_	_	linguistic	_	none	_	_	_	Fast=0-3(0)	_	_
640-17	BX003	640	17	era	era	_	_	_	_	_	linguistic	_	none	_	_	_	_	_	_
640-18	BX003	640	18	una	una	_	_	_	_	_	linguistic	_	none	_	_	_	_	_	_
640-19	BX003	640	19	singer	singer	_	_	_	_	_	linguistic	_	none	_	_	_	_	_	_
640-20	BX003	640	20	vecchia	vecchia	_	_	_	_	_	linguistic	_	none	_	_	_	_	_	_
640-21	BX003	640	21	ti[po:]	tipo	_	_	_	_	_	linguistic	_	none	_	End=1742.358	3x1	_	_	1-4(185)
641-0	BX001	641	0	[eh	eh	_	_	_	_	_	linguistic	_	none	_	Begin=1741.673	_	_	_	0-2(185)
641-1	BX001	641	1	sì].	sì	_	_	_	_	_	linguistic	_	none	Intonation=Falling	End=1742.493	_	_	_	0-2(185)
642-0	BX001	642	0	[ah	ah	_	_	_	_	_	linguistic	_	none	_	Begin=1743.218	_	_	_	0-2(186)
642-1	BX001	642	1	ah	ah	_	_	_	_	_	linguistic	_	none	_	_	_	_	_	0-2(186)
642-2	BX001	642	2	sì	sì	_	_	_	_	_	linguistic	_	none	_	_	_	_	_	0-2(186)
642-3	BX001	642	3	((ridendo))]	((ridendo))	_	_	_	_	_	nonverbalbehavior	_	none	_	End=1744.438	_	_	_	0-7(186)
643-0	BX003	643	0	[eh::].	eh	_	_	_	_	_	linguistic	_	none	Intonation=Falling	Begin=1743.313|End=1744.823	1x2	_	_	0-2(186)
644-0	BX003	644	0	sì	sì	_	_	_	_	_	linguistic	_	none	_	Begin=1745.217	_	_	_	_
644-1	BX003	644	1	che.	che	_	_	_	_	_	linguistic	_	none	Intonation=Falling	_	_	_	_	_
644-2	BX003	644	2	(di-)	di-	_	_	_	_	_	linguistic	_	none	Interrupted=Yes|PauseAfter=Yes	_	_	_	0-3(0)	_
644-3	BX003	644	3	(.)	(.)	_	_	_	_	_	shortpause	_	none	_	_	_	_	_	_
644-4	BX003	644	4	tutte	tutte	_	_	_	_	_	linguistic	_	none	_	_	_	_	_	_
644-5	BX003	644	5	le	le	_	_	_	_	_	linguistic	_	none	_	_	_	_	_	_
644-6	BX003	644	6	volte	volte	_	_	_	_	_	linguistic	_	none	_	_	_	_	_	_
644-7	BX003	644	7	che	che	_	_	_	_	_	linguistic	_	none	_	_	_	_	_	_
644-8	BX003	644	8	diceva	diceva	_	_	_	_	_	linguistic	_	none	_	_	_	_	_	_
644-9	BX003	644	9	°>me	me	_	_	_	_	_	linguistic	_	none	Volume=low	_	_	Fast=0-2(0)	_	_
644-10	BX003	644	10	l'	l'	_	_	_	_	_	linguistic	_	none	SpaceAfter=No|Volume=low	_	_	Fast=0-2(0)	_	_
644-11	BX003	644	11	ha	ha	_	_	_	_	_	linguistic	_	none	Volume=low	_	_	Fast=0-2(0)	_	_
644-12	BX003	644	12	regalata	regalata	_	_	_	_	_	linguistic	_	none	Volume=low	_	_	Fast=0-8(0)	_	_
644-13	BX003	644	13	mio	mio	_	_	_	_	_	linguistic	_	none	Volume=low	_	_	Fast=0-3(0)	_	_
644-14	BX003	644	14	papà	papà	_	_	_	_	_	linguistic	_	none	Volume=low	_	_	Fast=0-4(0)	_	_
644-15	BX003	644	15	questa	questa	_	_	_	_	_	linguistic	_	none	Volume=low	_	_	Fast=0-6(0)	_	_
644-16	BX003	644	16	qua<°,	qua	_	_	_	_	_	linguistic	_	none	Intonation=WeaklyRising|Volume=low	_	_	Fast=0-3(0)	_	_
644-17	BX003	644	17	è	è	_	_	_	_	_	linguistic	_	none	_	_	_	_	_	_
644-18	BX003	644	18	di,	di	_	_	_	_	_	linguistic	_	none	Intonation=WeaklyRising	_	_	_	_	_
644-19	BX003	644	19	non	non	_	_	_	_	_	linguistic	_	none	_	_	_	_	_	_
644-20	BX003	644	20	[so	so	_	_	_	_	_	linguistic	_	none	_	_	_	_	_	0-2(187)
644-21	BX003	644	21	di	di	_	_	_	_	_	linguistic	_	none	_	_	_	_	_	0-2(187)
644-22	BX003	644	22	che	che	_	_	_	_	_	linguistic	_	none	_	_	_	_	_	0-3(187)
644-23	BX003	644	23	annata	annata	_	_	_	_	_	linguistic	_	none	_	_	_	_	_	0-6(187)
644-24	BX003	644	24	fosse]	fosse	_	_	_	_	_	linguistic	_	none	_	_	_	_	_	0-5(187)
644-25	BX003	644	25	però	però	_	_	_	_	_	linguistic	_	none	_	_	_	_	_	_
644-26	BX003	644	26	anche	anche	_	_	_	_	_	linguistic	_	none	_	_	_	_	_	_
644-27	BX003	644	27	lì:	lì	_	_	_	_	_	linguistic	_	none	_	End=1751.637	1x1	_	_	_
645-0	BX002	645	0	[ah	ah	_	_	_	_	_	linguistic	_	none	ProsodicLink=Yes	Begin=1749.567	_	_	_	0-2(187)
645-1	BX002	645	1	ah]	ah	_	_	_	_	_	linguistic	_	none	_	End=1750.447	_	_	_	0-2(187)
646-0	BX003	646	0	cioè	cioè	_	_	_	_	_	linguistic	_	none	_	Begin=1751.732	_	_	_	_
646-1	BX003	646	1	a	a	_	_	_	_	_	linguistic	_	none	_	_	_	_	_	_
646-2	BX003	646	2	parte	parte	_	_	_	_	_	linguistic	_	none	_	_	_	_	_	_
646-3	BX003	646	3	che	che	_	_	_	_	_	linguistic	_	none	_	_	_	_	_	_
646-4	BX003	646	4	andava	andava	_	_	_	_	_	linguistic	_	none	_	_	_	_	_	_
646-5	BX003	646	5	col	col	_	_	_	_	_	linguistic	_	none	_	_	_	_	_	_
646-6	BX003	646	6	pedale,	pedale	_	_	_	_	_	linguistic	_	none	Intonation=WeaklyRising	_	_	_	_	_
646-7	BX003	646	7	poi	poi	_	_	_	_	_	linguistic	_	none	PauseAfter=Yes	_	_	_	_	_
646-8	BX003	646	8	(.)	(.)	_	_	_	_	_	shortpause	_	none	_	_	_	_	_	_
646-9	BX003	646	9	ehm	ehm	_	_	_	_	_	linguistic	_	none	_	_	_	_	_	_
646-10	BX003	646	10	il	il	_	_	_	_	_	linguistic	_	none	_	_	_	_	_	_
646-11	BX003	646	11	piedino	piedino	_	_	_	_	_	linguistic	_	none	_	_	_	_	_	_
646-12	BX003	646	12	non	non	_	_	_	_	_	linguistic	_	none	_	_	_	_	_	_
646-13	BX003	646	13	stava	stava	_	_	_	_	_	linguistic	_	none	_	_	_	_	_	_
646-14	BX003	646	14	attaccato	attaccato	_	_	_	_	_	linguistic	_	none	_	_	_	_	_	_
646-15	BX003	646	15	bene,	bene	_	_	_	_	_	linguistic	_	none	Intonation=WeaklyRising|PauseAfter=Yes	_	_	_	_	_
646-16	BX003	646	16	(.)	(.)	_	_	_	_	_	shortpause	_	none	_	_	_	_	_	_
646-17	BX003	646	17	[anche	anche	_	_	_	_	_	linguistic	_	none	_	_	_	_	_	0-5(188)
646-18	BX003	646	18	in]	in	_	_	_	_	_	linguistic	_	none	_	_	_	_	_	0-2(188)
646-19	BX003	646	19	anche	anche	_	_	_	_	_	linguistic	_	none	_	_	_	_	_	_
646-20	BX003	646	20	in	in	_	_	_	_	_	linguistic	_	none	_	_	_	_	_	_
646-21	BX003	646	21	quel	quel	_	_	_	_	_	linguistic	_	none	_	_	_	_	_	_
646-22	BX003	646	22	caso	caso	_	_	_	_	_	linguistic	_	none	_	_	_	_	_	_
646-23	BX003	646	23	lì,	lì	_	_	_	_	_	linguistic	_	none	Intonation=WeaklyRising	End=1757.9	_	_	_	_
647-0	BX002	647	0	[ah].	ah	_	_	_	_	_	linguistic	_	none	Intonation=Falling	Begin=1756.165|End=1756.755	_	_	_	0-2(188)
648-0	BX003	648	0	e	e	_	_	_	_	_	linguistic	_	none	_	Begin=1757.975	_	_	_	_
648-1	BX003	648	1	poi	poi	_	_	_	_	_	linguistic	_	none	_	_	_	_	_	_
648-2	BX003	648	2	la	la	_	_	_	_	_	linguistic	_	none	_	_	_	_	_	_
648-3	BX003	648	3	cinghia	cinghia	_	_	_	_	_	linguistic	_	none	_	_	_	_	_	_
648-4	BX003	648	4	era	era	_	_	_	_	_	linguistic	_	none	_	_	_	_	_	_
648-5	BX003	648	5	rotta	rotta	_	_	_	_	_	linguistic	_	none	_	_	_	_	_	_
648-6	BX003	648	6	>era	era	_	_	_	_	_	linguistic	_	none	_	_	_	Fast=0-3(0)	_	_
648-7	BX003	648	7	stata	stata	_	_	_	_	_	linguistic	_	none	_	_	_	Fast=0-5(0)	_	_
648-8	BX003	648	8	ri[parata	riparata	_	_	_	_	_	linguistic	_	none	_	_	_	Fast=0-8(0)	_	2-8(189)
648-9	BX003	648	9	almeno]	almeno	_	_	_	_	_	linguistic	_	none	_	_	_	Fast=0-6(0)	_	0-6(189)
648-10	BX003	648	10	tre	tre	_	_	_	_	_	linguistic	_	none	_	_	_	Fast=0-3(0)	_	_
648-11	BX003	648	11	volte<	volte	_	_	_	_	_	linguistic	_	none	_	_	_	Fast=0-5(0)	_	_
648-12	BX003	648	12	con	con	_	_	_	_	_	linguistic	_	none	_	_	_	_	_	_
648-13	BX003	648	13	con	con	_	_	_	_	_	linguistic	_	none	_	_	_	_	_	_
648-14	BX003	648	14	dei	dei	_	_	_	_	_	linguistic	_	none	_	_	_	_	_	_
648-15	BX003	648	15	ganci.	ganci	_	_	_	_	_	linguistic	_	none	Intonation=Falling	End=1762.545	_	_	_	_
649-0	BX002	649	0	[okay]	okay	_	_	_	_	_	linguistic	_	none	_	Begin=1760.235|End=1760.705	_	_	_	0-4(189)
650-0	BX003	650	0	>quindi	quindi	_	_	_	_	_	linguistic	_	none	_	Begin=1762.635	_	Fast=0-6(0)	_	_
650-1	BX003	650	1	tutte	tutte	_	_	_	_	_	linguistic	_	none	_	_	_	Fast=0-5(0)	_	_
650-2	BX003	650	2	le	le	_	_	_	_	_	linguistic	_	none	_	_	_	Fast=0-2(0)	_	_
650-3	BX003	650	3	volte<	volte	_	_	_	_	_	linguistic	_	none	_	_	_	Fast=0-5(0)	_	_
650-4	BX003	650	4	dovevi:	dovevi	_	_	_	_	_	linguistic	_	none	PauseAfter=Yes	_	5x1	_	_	_
650-5	BX003	650	5	(.)	(.)	_	_	_	_	_	shortpause	_	none	_	_	_	_	_	_
650-6	BX003	650	6	mh	mh	_	_	_	_	_	linguistic	_	none	_	_	_	_	_	_
650-7	BX003	650	7	[dovevi:	dovevi	_	_	_	_	_	linguistic	_	none	PauseAfter=Yes	_	5x1	_	_	0-6(338)
650-8	BX003	650	8	(.)	(.)	_	_	_	_	_	shortpause	_	none	_	_	_	_	_	_
650-9	BX003	650	9	a-	a-	_	_	_	_	_	linguistic	_	none	Interrupted=Yes	_	_	_	_	0-2(338)
650-10	BX003	650	10	a-	a-	_	_	_	_	_	linguistic	_	none	Interrupted=Yes	_	_	_	_	0-2(338)
650-11	BX003	650	11	a:	a	_	_	_	_	_	linguistic	_	none	PauseAfter=Yes	_	0x1	_	_	0-1(338)
650-12	BX003	650	12	(.)	(.)	_	_	_	_	_	shortpause	_	none	_	_	_	_	_	_
650-13	BX003	650	13	aiutarla],	aiutarla	_	_	_	_	_	linguistic	_	none	Intonation=WeaklyRising	End=1767.59	_	_	_	0-8(338)
651-0	BX002	651	0	[ah:	ah	_	_	_	_	_	linguistic	_	none	_	Begin=1764.685	1x1	_	_	0-2(338)
651-1	BX002	651	1	(okay)].	okay	_	_	_	_	_	linguistic	_	none	Intonation=Falling	End=1765.535	_	_	0-4(0)	0-4(338)
652-0	BX001	652	0	[era	era	_	_	_	_	_	linguistic	_	none	_	Begin=1765.005	_	_	_	0-3(338)
652-1	BX001	652	1	larga	larga	_	_	_	_	_	linguistic	_	none	_	_	_	_	_	0-5(338)
652-2	BX001	652	2	si	si	_	_	_	_	_	linguistic	_	none	_	_	_	_	_	0-2(338)
652-3	BX001	652	3	si	si	_	_	_	_	_	linguistic	_	none	_	_	_	_	_	0-2(338)
652-4	BX001	652	4	si	si	_	_	_	_	_	linguistic	_	none	_	_	_	_	_	0-2(338)
652-5	BX001	652	5	sfilava].	sfilava	_	_	_	_	_	linguistic	_	none	Intonation=Falling	End=1767.595	_	_	_	0-7(338)
653-0	BX003	653	0	mh::	mh	_	_	_	_	_	linguistic	_	none	_	Begin=1768.277	1x2	_	_	_
653-1	BX003	653	1	no	no	_	_	_	_	_	linguistic	_	none	_	_	_	_	_	_
653-2	BX003	653	2	era,	era	_	_	_	_	_	linguistic	_	none	Intonation=WeaklyRising	_	_	_	_	_
653-3	BX003	653	3	cioè	cioè	_	_	_	_	_	linguistic	_	none	_	_	_	_	_	_
653-4	BX003	653	4	perché	perché	_	_	_	_	_	linguistic	_	none	_	_	_	_	_	_
653-5	BX003	653	5	era	era	_	_	_	_	_	linguistic	_	none	_	_	_	_	_	_
653-6	BX003	653	6	tipo	tipo	_	_	_	_	_	linguistic	_	none	_	_	_	_	_	_
653-7	BX003	653	7	mh:	mh	_	_	_	_	_	linguistic	_	none	_	_	1x1	_	_	_
653-8	BX003	653	8	cuoio	cuoio	_	_	_	_	_	linguistic	_	none	_	_	_	_	_	_
653-9	BX003	653	9	no?	no	_	_	_	_	_	linguistic	_	none	Intonation=Rising	End=1773.237	_	_	_	_
654-0	BX001	654	0	mh,	mh	_	_	_	_	_	linguistic	_	none	Intonation=WeaklyRising	Begin=1773.282|End=1773.65	_	_	_	_
655-0	BX003	655	0	e	e	_	_	_	_	_	linguistic	_	none	_	Begin=1773.647	_	_	_	_
655-1	BX003	655	1	si	si	_	_	_	_	_	linguistic	_	none	_	_	_	_	_	_
655-2	BX003	655	2	era	era	_	_	_	_	_	linguistic	_	none	_	_	_	_	_	_
655-3	BX003	655	3	spezzata,	spezzata	_	_	_	_	_	linguistic	_	none	Intonation=WeaklyRising	_	_	_	_	_
655-4	BX003	655	4	[si	si	_	_	_	_	_	linguistic	_	none	_	_	_	_	_	0-2(191)
655-5	BX003	655	5	era]	era	_	_	_	_	_	linguistic	_	none	_	_	_	_	_	0-3(191)
655-6	BX003	655	6	rotta,	rotta	_	_	_	_	_	linguistic	_	none	Intonation=WeaklyRising	End=1775.477	_	_	_	_
656-0	BX001	656	0	[mh	mh	_	_	_	_	_	linguistic	_	none	ProsodicLink=Yes	Begin=1774.707	_	_	_	0-2(191)
656-1	BX001	656	1	mh],	mh	_	_	_	_	_	linguistic	_	none	Intonation=WeaklyRising	End=1775.097	_	_	_	0-2(191)
657-0	BX001	657	0	[ah	ah	_	_	_	_	_	linguistic	_	none	_	Begin=1775.75	_	_	_	0-2(192)
657-1	BX001	657	1	quindi	quindi	_	_	_	_	_	linguistic	_	none	_	_	_	_	_	0-6(192)
657-2	BX001	657	2	era	era	_	_	_	_	_	linguistic	_	none	_	_	_	_	_	0-3(192)
657-3	BX001	657	3	stata:	stata	_	_	_	_	_	linguistic	_	none	_	_	4x1	_	_	0-5(192)
657-4	BX001	657	4	rattoppata].	rattoppata	_	_	_	_	_	linguistic	_	none	Intonation=Falling	End=1777.57	_	_	_	0-10(192)
658-0	BX003	658	0	[e	e	_	_	_	_	_	linguistic	_	none	_	Begin=1775.75	_	_	_	0-1(192)
658-1	BX003	658	1	poi	poi	_	_	_	_	_	linguistic	_	none	_	_	_	_	_	0-3(192)
658-2	BX003	658	2	l'	l'	_	_	_	_	_	linguistic	_	none	SpaceAfter=No	_	_	_	_	0-2(192)
658-3	BX003	658	3	avevano	avevano	_	_	_	_	_	linguistic	_	none	_	_	_	_	_	0-7(192)
658-4	BX003	658	4	riparata	riparata	_	_	_	_	_	linguistic	_	none	_	_	_	_	_	0-8(192)
658-5	BX003	658	5	con],	con	_	_	_	_	_	linguistic	_	none	Intonation=WeaklyRising	End=1777.44	_	_	_	0-3(192)
659-0	BX003	659	0	sì.	sì	_	_	_	_	_	linguistic	_	none	Intonation=Falling	Begin=1777.655	_	_	_	_
659-1	BX003	659	1	con::,	con	_	_	_	_	_	linguistic	_	none	Intonation=WeaklyRising	_	2x2	_	_	_
659-2	BX003	659	2	tipo	tipo	_	_	_	_	_	linguistic	_	none	_	_	_	_	_	_
659-3	BX003	659	3	un	un	_	_	_	_	_	linguistic	_	none	_	_	_	_	_	_
659-4	BX003	659	4	gancio	gancio	_	_	_	_	_	linguistic	_	none	_	_	_	_	_	_
659-5	BX003	659	5	in	in	_	_	_	_	_	linguistic	_	none	_	_	_	_	_	_
659-6	BX003	659	6	fer[ro].	ferro	_	_	_	_	_	linguistic	_	none	Intonation=Falling	End=1780.177	_	_	_	3-5(?)
660-0	BX001	660	0	[di]	di	_	_	_	_	_	linguistic	_	none	_	Begin=1780.177	_	_	_	0-2(?)
660-1	BX001	660	1	metallo,	metallo	_	_	_	_	_	linguistic	_	none	Intonation=WeaklyRising	_	_	_	_	_
660-2	BX001	660	2	[(eh	eh	_	_	_	_	_	linguistic	_	none	_	_	_	_	0-2(0)	0-2(?)
660-3	BX001	660	3	sì.)]	sì	_	_	_	_	_	linguistic	_	none	Intonation=Falling	End=1781.517	_	_	0-2(0)	0-2(?)
661-0	BX003	661	0	[sì].	sì	_	_	_	_	_	linguistic	_	none	Intonation=Falling	Begin=1780.877|End=1781.307	_	_	_	0-2(193)
662-0	BX003	662	0	e	e	_	_	_	_	_	linguistic	_	none	_	Begin=1781.537	_	_	_	_
662-1	BX003	662	1	quindi:,	quindi	_	_	_	_	_	linguistic	_	none	Intonation=WeaklyRising	_	5x1	_	_	_
662-2	BX003	662	2	e	e	_	_	_	_	_	linguistic	_	none	_	_	_	_	_	_
662-3	BX003	662	3	quindi	quindi	_	_	_	_	_	linguistic	_	none	_	_	_	_	_	_
662-4	BX003	662	4	tutte	tutte	_	_	_	_	_	linguistic	_	none	_	_	_	_	_	_
662-5	BX003	662	5	le	le	_	_	_	_	_	linguistic	_	none	_	_	_	_	_	_
662-6	BX003	662	6	volte	volte	_	_	_	_	_	linguistic	_	none	_	_	_	_	_	_
662-7	BX003	662	7	quello	quello	_	_	_	_	_	linguistic	_	none	_	_	_	_	_	_
662-8	BX003	662	8	lì	lì	_	_	_	_	_	linguistic	_	none	_	_	_	_	_	_
662-9	BX003	662	9	si	si	_	_	_	_	_	linguistic	_	none	_	_	_	_	_	_
662-10	BX003	662	10	incastrava,	incastrava	_	_	_	_	_	linguistic	_	none	Intonation=WeaklyRising	_	_	_	_	_
662-11	BX003	662	11	e	e	_	_	_	_	_	linguistic	_	none	_	_	_	_	_	_
662-12	BX003	662	12	[dovevi	dovevi	_	_	_	_	_	linguistic	_	none	_	_	_	_	_	0-6(194)
662-13	BX003	662	13	c'	c'	_	_	_	_	_	linguistic	_	none	SpaceAfter=No	_	_	_	_	0-2(194)
662-14	BX003	662	14	è	è	_	_	_	_	_	linguistic	_	none	_	_	_	_	_	0-1(194)
662-15	BX003	662	15	eh]	eh	_	_	_	_	_	linguistic	_	none	_	End=1785.7	_	_	_	0-2(194)
663-0	BX001	663	0	[eh	eh	_	_	_	_	_	linguistic	_	none	_	Begin=1784.517	_	_	_	0-2(194)
663-1	BX001	663	1	certo].	certo	_	_	_	_	_	linguistic	_	none	Intonation=Falling	End=1785.537	_	_	_	0-5(194)
664-0	BX001	664	0	eh	eh	_	_	_	_	_	linguistic	_	none	_	Begin=1786.292	_	_	_	_
664-1	BX001	664	1	sì	sì	_	_	_	_	_	linguistic	_	none	_	_	_	_	_	_
664-2	BX001	664	2	sì.	sì	_	_	_	_	_	linguistic	_	none	Intonation=Falling	_	_	_	_	_
664-3	BX001	664	3	ma	ma	_	_	_	_	_	linguistic	_	none	_	_	_	_	_	_
664-4	BX001	664	4	[quelle:],	quelle	_	_	_	_	_	linguistic	_	none	Intonation=WeaklyRising	End=1787.702	5x1	_	_	0-6(195)
665-0	BX003	665	0	[mh	mh	_	_	_	_	_	linguistic	_	none	ProsodicLink=Yes	Begin=1786.962	_	_	_	0-2(195)
665-1	BX003	665	1	mh]	mh	_	_	_	_	_	linguistic	_	none	_	End=1787.532	_	_	_	0-2(195)
666-0	BX001	666	0	cioè	cioè	_	_	_	_	_	linguistic	_	none	_	Begin=1788.022	_	_	_	_
666-1	BX001	666	1	anche	anche	_	_	_	_	_	linguistic	_	none	_	_	_	_	_	_
666-2	BX001	666	2	da	da	_	_	_	_	_	linguistic	_	none	ProsodicLink=Yes	_	_	_	_	_
666-3	BX001	666	3	da	da	_	_	_	_	_	linguistic	_	none	_	_	_	_	_	_
666-4	BX001	666	4	da	da	_	_	_	_	_	linguistic	_	none	_	_	_	_	_	_
666-5	BX001	666	5	mia	mia	_	_	_	_	_	linguistic	_	none	_	_	_	_	_	_
666-6	BX001	666	6	mamma	mamma	_	_	_	_	_	linguistic	_	none	_	_	_	_	_	_
666-7	BX001	666	7	c'	c'	_	_	_	_	_	linguistic	_	none	SpaceAfter=No	_	_	_	_	_
666-8	BX001	666	8	è	è	_	_	_	_	_	linguistic	_	none	_	_	_	_	_	_
666-9	BX001	666	9	una	una	_	_	_	_	_	linguistic	_	none	_	_	_	_	_	_
666-10	BX001	666	10	singer.	singer	_	_	_	_	_	linguistic	_	none	Intonation=Falling|PauseAfter=Yes	_	_	_	_	_
666-11	BX001	666	11	(.)	(.)	_	_	_	_	_	shortpause	_	none	_	_	_	_	_	_
666-12	BX001	666	12	[anche	anche	_	_	_	_	_	linguistic	_	none	_	_	_	_	_	0-5(?)
666-13	BX001	666	13	quel]la::,	quella	_	_	_	_	_	linguistic	_	none	Intonation=WeaklyRising	End=1792.182	5x2	_	_	0-4(?)
667-0	BX001	667	0	mah	mah	_	_	_	_	_	linguistic	_	none	_	Begin=1792.747	_	_	_	_
667-1	BX001	667	1	sarà	sarà	_	_	_	_	_	linguistic	_	none	_	_	_	_	_	_
667-2	BX001	667	2	anni	anni	_	_	_	_	_	linguistic	_	none	_	_	_	_	_	_
667-3	BX001	667	3	cinquanta,	cinquanta	_	_	_	_	_	linguistic	_	none	Intonation=WeaklyRising	End=1794.317	_	_	_	_
668-0	BX002	668	0	[io	io	_	_	_	_	_	linguistic	_	none	_	Begin=1794.652	_	_	_	0-2(?)
668-1	BX002	668	1	non	non	_	_	_	_	_	linguistic	_	none	_	_	_	_	_	0-3(?)
668-2	BX002	668	2	lo	lo	_	_	_	_	_	linguistic	_	none	_	_	_	_	_	0-2(?)
668-3	BX002	668	3	so	so	_	_	_	_	_	linguistic	_	none	_	_	_	_	_	0-2(?)
668-4	BX002	668	4	ma	ma	_	_	_	_	_	linguistic	_	none	_	_	_	_	_	0-2(?)
668-5	BX002	668	5	(xx)]	xx	_	_	_	_	_	unknown	_	none	Syllables=2	End=1796.192	_	_	0-2(0)	0-2(?)
669-0	BX001	669	0	[più	più	_	_	_	_	_	linguistic	_	none	_	Begin=1794.697	_	_	_	0-3(196)
669-1	BX001	669	1	o	o	_	_	_	_	_	linguistic	_	none	_	_	_	_	_	0-1(196)
669-2	BX001	669	2	meno].	meno	_	_	_	_	_	linguistic	_	none	Intonation=Falling	End=1795.497	_	_	_	0-4(196)
670-0	BX003	670	0	[eh]	eh	_	_	_	_	_	linguistic	_	none	_	Begin=1795.817	_	_	_	0-2(197)
670-1	BX003	670	1	siamo	siamo	_	_	_	_	_	linguistic	_	none	_	_	_	_	_	_
670-2	BX003	670	2	riusciti	riusciti	_	_	_	_	_	linguistic	_	none	_	_	_	_	_	_
670-3	BX003	670	3	per	per	_	_	_	_	_	linguistic	_	none	_	_	_	_	_	_
670-4	BX003	670	4	caso	caso	_	_	_	_	_	linguistic	_	none	_	_	_	_	_	_
670-5	BX003	670	5	a	a	_	_	_	_	_	linguistic	_	none	_	_	_	_	_	_
670-6	BX003	670	6	trovare	trovare	_	_	_	_	_	linguistic	_	none	_	_	_	_	_	_
670-7	BX003	670	7	tipo	tipo	_	_	_	_	_	linguistic	_	none	_	_	_	_	_	_
670-8	BX003	670	8	un	un	_	_	_	_	_	linguistic	_	none	_	_	_	_	_	_
670-9	BX003	670	9	manuale	manuale	_	_	_	_	_	linguistic	_	none	_	_	_	_	_	_
670-10	BX003	670	10	in	in	_	_	_	_	_	linguistic	_	none	_	_	_	_	_	_
670-11	BX003	670	11	pdf	pdf	_	_	_	_	_	linguistic	_	none	_	_	_	_	_	_
670-12	BX003	670	12	su:	su	_	_	_	_	_	linguistic	_	none	_	_	1x1	_	_	_
670-13	BX003	670	13	[su	su	_	_	_	_	_	linguistic	_	none	_	_	_	_	_	0-2(198)
670-14	BX003	670	14	internet	internet	_	_	_	_	_	linguistic	_	none	_	_	_	_	_	0-8(198)
670-15	BX003	670	15	per]	per	_	_	_	_	_	linguistic	_	none	_	_	_	_	_	0-3(198)
670-16	BX003	670	16	vedere	vedere	_	_	_	_	_	linguistic	_	none	_	_	_	_	_	_
670-17	BX003	670	17	come:,	come	_	_	_	_	_	linguistic	_	none	Intonation=WeaklyRising	End=1801.44	3x1	_	_	_
671-0	BX002	671	0	[(ma	ma	_	_	_	_	_	linguistic	_	none	_	Begin=1799.702	_	_	0-2(0)	0-2(198)
671-1	BX002	671	1	va:,)]	va	_	_	_	_	_	linguistic	_	none	Intonation=WeaklyRising	End=1800.452	1x1	_	0-2(0)	0-2(198)
672-0	BX001	672	0	((ride))	((ride))	_	_	_	_	_	nonverbalbehavior	_	none	_	Begin=1801.453|End=1801.713	_	_	_	_
673-0	BX003	673	0	eh:	eh	_	_	_	_	_	linguistic	_	none	_	Begin=1801.738	1x1	_	_	_
673-1	BX003	673	1	c'	c'	_	_	_	_	_	linguistic	_	none	SpaceAfter=No	_	_	_	_	_
673-2	BX003	673	2	è	è	_	_	_	_	_	linguistic	_	none	_	_	_	_	_	_
673-3	BX003	673	3	intanto	intanto	_	_	_	_	_	linguistic	_	none	_	_	_	_	_	_
673-4	BX003	673	4	se	se	_	_	_	_	_	linguistic	_	none	_	_	_	_	_	_
673-5	BX003	673	5	c'	c'	_	_	_	_	_	linguistic	_	none	SpaceAfter=No	_	_	_	_	_
673-6	BX003	673	6	erano	erano	_	_	_	_	_	linguistic	_	none	_	_	_	_	_	_
673-7	BX003	673	7	le	le	_	_	_	_	_	linguistic	_	none	_	_	_	_	_	_
673-8	BX003	673	8	cinghie	cinghie	_	_	_	_	_	linguistic	_	none	_	_	_	_	_	_
673-9	BX003	673	9	da	da	_	_	_	_	_	linguistic	_	none	_	_	_	_	_	_
673-10	BX003	673	10	cambiare,	cambiare	_	_	_	_	_	linguistic	_	none	Intonation=WeaklyRising	End=1804.4865	_	_	_	_
674-0	BX002	674	0	okay.	okay	_	_	_	_	_	linguistic	_	none	Intonation=Falling	Begin=1804.4865|End=1805.003	_	_	_	_
675-0	BX003	675	0	da	da	_	_	_	_	_	linguistic	_	none	_	Begin=1805.063	_	_	_	_
675-1	BX003	675	1	chi	chi	_	_	_	_	_	linguistic	_	none	_	_	_	_	_	_
675-2	BX003	675	2	andare	andare	_	_	_	_	_	linguistic	_	none	_	_	_	_	_	_
675-3	BX003	675	3	per	per	_	_	_	_	_	linguistic	_	none	_	_	_	_	_	_
675-4	BX003	675	4	cambiarle.	cambiarle	_	_	_	_	_	linguistic	_	none	Intonation=Falling	_	_	_	_	_
675-5	BX003	675	5	però	però	_	_	_	_	_	linguistic	_	none	_	_	_	_	_	_
675-6	BX003	675	6	alla	alla	_	_	_	_	_	linguistic	_	none	_	_	_	_	_	_
675-7	BX003	675	7	fine,	fine	_	_	_	_	_	linguistic	_	none	Intonation=WeaklyRising	_	_	_	_	_
675-8	BX003	675	8	tipo,	tipo	_	_	_	_	_	linguistic	_	none	Intonation=WeaklyRising	End=1807.323	_	_	_	_
676-0	BX003	676	0	eh:	eh	_	_	_	_	_	linguistic	_	none	_	Begin=1807.658	1x1	_	_	_
676-1	BX003	676	1	mia	mia	_	_	_	_	_	linguistic	_	none	_	_	_	_	_	_
676-2	BX003	676	2	sorella	sorella	_	_	_	_	_	linguistic	_	none	_	_	_	_	_	_
676-3	BX003	676	3	l-	l-	_	_	_	_	_	linguistic	_	none	Interrupted=Yes	_	_	_	_	_
676-4	BX003	676	4	gli	gli	_	_	_	_	_	linguistic	_	none	_	_	_	_	_	_
676-5	BX003	676	5	ha	ha	_	_	_	_	_	linguistic	_	none	_	_	_	_	_	_
676-6	BX003	676	6	messo	messo	_	_	_	_	_	linguistic	_	none	_	_	_	_	_	_
676-7	BX003	676	7	un	un	_	_	_	_	_	linguistic	_	none	_	_	_	_	_	_
676-8	BX003	676	8	altro,	altro	_	_	_	_	_	linguistic	_	none	Intonation=WeaklyRising	_	_	_	_	_
676-9	BX003	676	9	un	un	_	_	_	_	_	linguistic	_	none	_	_	_	_	_	_
676-10	BX003	676	10	altro	altro	_	_	_	_	_	linguistic	_	none	_	_	_	_	_	_
676-11	BX003	676	11	gancio	gancio	_	_	_	_	_	linguistic	_	none	_	_	_	_	_	_
676-12	BX003	676	12	quindi	quindi	_	_	_	_	_	linguistic	_	none	_	_	_	_	_	_
676-13	BX003	676	13	adesso	adesso	_	_	_	_	_	linguistic	_	none	_	_	_	_	_	_
676-14	BX003	676	14	sta	sta	_	_	_	_	_	linguistic	_	none	_	_	_	_	_	_
676-15	BX003	676	15	andando	andando	_	_	_	_	_	linguistic	_	none	_	_	_	_	_	_
676-16	BX003	676	16	così	così	_	_	_	_	_	linguistic	_	none	_	_	_	_	_	_
676-17	BX003	676	17	però	però	_	_	_	_	_	linguistic	_	none	_	_	_	_	_	_
676-18	BX003	676	18	poi,	poi	_	_	_	_	_	linguistic	_	none	Intonation=WeaklyRising	End=1812.45	_	_	_	_
677-0	BX003	677	0	ehm::	ehm	_	_	_	_	_	linguistic	_	none	_	Begin=1812.913|End=1813.923	2x2	_	_	_
678-0	BX003	678	0	ne	ne	_	_	_	_	_	linguistic	_	none	_	Begin=1814.293	_	_	_	_
678-1	BX003	678	1	abbiamo:	abbiamo	_	_	_	_	_	linguistic	_	none	_	_	6x1	_	_	_
678-2	BX003	678	2	cioè	cioè	_	_	_	_	_	linguistic	_	none	_	_	_	_	_	_
678-3	BX003	678	3	l'	l'	_	_	_	_	_	linguistic	_	none	SpaceAfter=No	_	_	_	_	_
678-4	BX003	678	4	altra	altra	_	_	_	_	_	linguistic	_	none	_	_	_	_	_	_
678-5	BX003	678	5	nonna,	nonna	_	_	_	_	_	linguistic	_	none	Intonation=WeaklyRising	_	_	_	_	_
678-6	BX003	678	6	ce	ce	_	_	_	_	_	linguistic	_	none	_	_	_	_	_	_
678-7	BX003	678	7	ne	ne	_	_	_	_	_	linguistic	_	none	_	_	_	_	_	_
678-8	BX003	678	8	ha	ha	_	_	_	_	_	linguistic	_	none	_	_	_	_	_	_
678-9	BX003	678	9	data	data	_	_	_	_	_	linguistic	_	none	_	_	_	_	_	_
678-10	BX003	678	10	un'	un'	_	_	_	_	_	linguistic	_	none	SpaceAfter=No	_	_	_	_	_
678-11	BX003	678	11	altra	altra	_	_	_	_	_	linguistic	_	none	_	_	_	_	_	_
678-12	BX003	678	12	che	che	_	_	_	_	_	linguistic	_	none	_	_	_	_	_	_
678-13	BX003	678	13	lei	lei	_	_	_	_	_	linguistic	_	none	_	_	_	_	_	_
678-14	BX003	678	14	ne	ne	_	_	_	_	_	linguistic	_	none	_	_	_	_	_	_
678-15	BX003	678	15	ha	ha	_	_	_	_	_	linguistic	_	none	_	_	_	_	_	_
678-16	BX003	678	16	tipo	tipo	_	_	_	_	_	linguistic	_	none	_	End=1818.603	_	_	_	_
679-0	BX003	679	0	quindici.	quindici	_	_	_	_	_	linguistic	_	none	Intonation=Falling	Begin=1819.054	_	_	_	_
679-1	BX003	679	1	((ride))	((ride))	_	_	_	_	_	nonverbalbehavior	_	none	_	_	_	_	_	_
679-2	BX003	679	2	no	no	_	_	_	_	_	linguistic	_	none	_	_	_	_	_	_
679-3	BX003	679	3	però	però	_	_	_	_	_	linguistic	_	none	_	_	_	_	_	_
679-4	BX003	679	4	ne	ne	_	_	_	_	_	linguistic	_	none	_	_	_	_	_	_
679-5	BX003	679	5	ha	ha	_	_	_	_	_	linguistic	_	none	_	_	_	_	_	_
679-6	BX003	679	6	tantissime	tantissime	_	_	_	_	_	linguistic	_	none	_	_	_	_	_	_
679-7	BX003	679	7	>che	che	_	_	_	_	_	linguistic	_	none	_	_	_	Fast=0-3(0)	_	_
679-8	BX003	679	8	è	è	_	_	_	_	_	linguistic	_	none	_	_	_	Fast=0-1(0)	_	_
679-9	BX003	679	9	molto	molto	_	_	_	_	_	linguistic	_	none	_	_	_	Fast=0-5(0)	_	_
679-10	BX003	679	10	più	più	_	_	_	_	_	linguistic	_	none	_	_	_	Fast=0-3(0)	_	_
679-11	BX003	679	11	recente<	recente	_	_	_	_	_	linguistic	_	none	_	_	_	Fast=0-7(0)	_	_
679-12	BX003	679	12	con	con	_	_	_	_	_	linguistic	_	none	_	_	_	_	_	_
679-13	BX003	679	13	quella	quella	_	_	_	_	_	linguistic	_	none	_	_	_	_	_	_
679-14	BX003	679	14	infatti	infatti	_	_	_	_	_	linguistic	_	none	_	_	_	_	_	_
679-15	BX003	679	15	sì	sì	_	_	_	_	_	linguistic	_	none	_	_	_	_	_	_
679-16	BX003	679	16	cioè	cioè	_	_	_	_	_	linguistic	_	none	_	_	_	_	_	_
679-17	BX003	679	17	son	son	_	_	_	_	_	linguistic	_	none	_	_	_	_	_	_
679-18	BX003	679	18	riuscita	riuscita	_	_	_	_	_	linguistic	_	none	_	_	_	_	_	_
679-19	BX003	679	19	a	a	_	_	_	_	_	linguistic	_	none	_	_	_	_	_	_
679-20	BX003	679	20	fare	fare	_	_	_	_	_	linguistic	_	none	PauseAfter=Yes	_	_	_	_	_
679-21	BX003	679	21	(.)	(.)	_	_	_	_	_	shortpause	_	none	_	_	_	_	_	_
679-22	BX003	679	22	delle	delle	_	_	_	_	_	linguistic	_	none	_	_	_	_	_	_
679-23	BX003	679	23	cose.	cose	_	_	_	_	_	linguistic	_	none	Intonation=Falling	End=1825.03	_	_	_	_
680-0	BX002	680	0	sì	sì	_	_	_	_	_	linguistic	_	none	_	Begin=1825.127	_	_	_	_
680-1	BX002	680	1	sì.	sì	_	_	_	_	_	linguistic	_	none	Intonation=Falling	End=1825.777	_	_	_	_
681-0	BX001	681	0	[da	da	_	_	_	_	_	linguistic	_	none	_	Begin=1825.907	_	_	_	0-2(199)
681-1	BX001	681	1	n-	n-	_	_	_	_	_	linguistic	_	none	Interrupted=Yes	_	_	_	_	0-2(199)
681-2	BX001	681	2	da	da	_	_	_	_	_	linguistic	_	none	_	_	_	_	_	0-2(199)
681-3	BX001	681	3	noi]	noi	_	_	_	_	_	linguistic	_	none	_	_	_	_	_	0-3(199)
681-4	BX001	681	4	le	le	_	_	_	_	_	linguistic	_	none	_	_	_	_	_	_
681-5	BX001	681	5	aggiustano.	aggiustano	_	_	_	_	_	linguistic	_	none	Intonation=Falling	End=1827.46	_	_	_	_
682-0	BX002	682	0	[(che	che	_	_	_	_	_	linguistic	_	none	_	Begin=1825.917	_	_	0-3(0)	0-3(199)
682-1	BX002	682	1	bello.)]	bello	_	_	_	_	_	linguistic	_	none	Intonation=Falling	End=1826.727	_	_	0-5(0)	0-5(199)
683-0	BX002	683	0	ah.	ah	_	_	_	_	_	linguistic	_	none	Intonation=Falling	Begin=1827.868|End=1828.138	_	_	_	_
684-0	BX001	684	0	[perché:	perché	_	_	_	_	_	linguistic	_	none	_	Begin=1828.106	5x1	_	_	0-6(339)
684-1	BX001	684	1	fan]no	fanno	_	_	_	_	_	linguistic	_	none	_	_	_	_	_	0-3(339)
684-2	BX001	684	2	proprio	proprio	_	_	_	_	_	linguistic	_	none	_	_	_	_	_	_
684-3	BX001	684	3	i	i	_	_	_	_	_	linguistic	_	none	_	_	_	_	_	_
684-4	BX001	684	4	pezzi	pezzi	_	_	_	_	_	linguistic	_	none	_	_	_	_	_	_
684-5	BX001	684	5	per	per	_	_	_	_	_	linguistic	_	none	_	_	_	_	_	_
684-6	BX001	684	6	ste	ste	_	_	_	_	_	linguistic	_	none	_	_	_	_	_	_
684-7	BX001	684	7	cose	cose	_	_	_	_	_	linguistic	_	none	_	_	_	_	_	_
684-8	BX001	684	8	qua,	qua	_	_	_	_	_	linguistic	_	none	Intonation=WeaklyRising	_	_	_	_	_
684-9	BX001	684	9	perché:	perché	_	_	_	_	_	linguistic	_	none	_	End=1831.536	5x1	_	_	_
685-0	BX003	685	0	[che	che	_	_	_	_	_	linguistic	_	none	_	Begin=1828.128	_	_	_	0-3(339)
685-1	BX003	685	1	bello].	bello	_	_	_	_	_	linguistic	_	none	Intonation=Falling	End=1828.938	_	_	_	0-5(339)
686-0	BX001	686	0	ora	ora	_	_	_	_	_	linguistic	_	none	_	Begin=1831.736	_	_	_	_
686-1	BX001	686	1	c'	c'	_	_	_	_	_	linguistic	_	none	SpaceAfter=No	_	_	_	_	_
686-2	BX001	686	2	è	è	_	_	_	_	_	linguistic	_	none	_	_	_	_	_	_
686-3	BX001	686	3	un	un	_	_	_	_	_	linguistic	_	none	_	_	_	_	_	_
686-4	BX001	686	4	po'	po'	_	_	_	_	_	linguistic	_	none	_	_	_	_	_	_
686-5	BX001	686	5	anche	anche	_	_	_	_	_	linguistic	_	none	_	_	_	_	_	_
686-6	BX001	686	6	il	il	_	_	_	_	_	linguistic	_	none	_	_	_	_	_	_
686-7	BX001	686	7	boom	boom	_	_	_	_	_	linguistic	_	none	_	_	_	_	_	_
686-8	BX001	686	8	di	di	_	_	_	_	_	linguistic	_	none	_	_	_	_	_	_
686-9	BX001	686	9	questa	questa	_	_	_	_	_	linguistic	_	none	_	_	_	_	_	_
686-10	BX001	686	10	cosa:	cosa	_	_	_	_	_	linguistic	_	none	_	_	3x1	_	_	_
686-11	BX001	686	11	retro	retro	_	_	_	_	_	linguistic	_	none	_	_	_	_	_	_
686-12	BX001	686	12	no?	no	_	_	_	_	_	linguistic	_	none	Intonation=Rising	_	_	_	_	_
686-13	BX001	686	13	[di	di	_	_	_	_	_	linguistic	_	none	_	_	_	_	_	0-2(?)
686-14	BX001	686	14	di:]	di	_	_	_	_	_	linguistic	_	none	_	End=1836.196	1x1	_	_	0-2(?)
687-0	BX002	687	0	[ah]	ah	_	_	_	_	_	linguistic	_	none	_	Begin=1835.351|End=1835.691	_	_	_	0-2(201)
688-0	BX003	688	0	[mh].	mh	_	_	_	_	_	linguistic	_	none	Intonation=Falling	Begin=1835.696|End=1836.196	_	_	_	0-2(200)
689-0	BX001	689	0	e	e	_	_	_	_	_	linguistic	_	none	_	Begin=1836.281	_	_	_	_
689-1	BX001	689	1	quindi	quindi	_	_	_	_	_	linguistic	_	none	_	_	_	_	_	_
689-2	BX001	689	2	cioè	cioè	_	_	_	_	_	linguistic	_	none	_	_	_	_	_	_
689-3	BX001	689	3	è	è	_	_	_	_	_	linguistic	_	none	_	_	_	_	_	_
689-4	BX001	689	4	anche	anche	_	_	_	_	_	linguistic	_	none	_	_	_	_	_	_
689-5	BX001	689	5	un	un	_	_	_	_	_	linguistic	_	none	_	_	_	_	_	_
689-6	BX001	689	6	business,	business	_	_	_	_	_	linguistic	_	none	Intonation=WeaklyRising	End=1838.261	_	_	_	_
690-0	BX003	690	0	eh	eh	_	_	_	_	_	linguistic	_	none	_	Begin=1838.28	_	_	_	_
690-1	BX003	690	1	[sì].	sì	_	_	_	_	_	linguistic	_	none	Intonation=Falling	End=1838.856	_	_	_	0-2(202)
691-0	BX001	691	0	[>quindi<]	quindi	_	_	_	_	_	linguistic	_	none	_	Begin=1838.681	_	Fast=0-6(0)	_	0-6(202)
691-1	BX001	691	1	non	non	_	_	_	_	_	linguistic	_	none	_	_	_	_	_	_
691-2	BX001	691	2	costa	costa	_	_	_	_	_	linguistic	_	none	_	_	_	_	_	_
691-3	BX001	691	3	poco,	poco	_	_	_	_	_	linguistic	_	none	Intonation=WeaklyRising	_	_	_	_	_
691-4	BX001	691	4	però	però	_	_	_	_	_	linguistic	_	none	_	_	_	_	_	_
691-5	BX001	691	5	si	si	_	_	_	_	_	linguistic	_	none	_	_	_	_	_	_
691-6	BX001	691	6	può	può	_	_	_	_	_	linguistic	_	none	_	_	_	_	_	_
691-7	BX001	691	7	cioè	cioè	_	_	_	_	_	linguistic	_	none	_	_	_	_	_	_
691-8	BX001	691	8	c'	c'	_	_	_	_	_	linguistic	_	none	SpaceAfter=No	_	_	_	_	_
691-9	BX001	691	9	è	è	_	_	_	_	_	linguistic	_	none	_	_	_	_	_	_
691-10	BX001	691	10	chi	chi	_	_	_	_	_	linguistic	_	none	_	_	_	_	_	_
691-11	BX001	691	11	[xx	xx	_	_	_	_	_	unknown	_	none	Syllables=2	_	_	_	_	0-2(203)
691-12	BX001	691	12	i	i	_	_	_	_	_	linguistic	_	none	_	_	_	_	_	0-1(203)
691-13	BX001	691	13	pezzi]	pezzi	_	_	_	_	_	linguistic	_	none	_	End=1841.811	_	_	_	0-5(203)
692-0	BX002	692	0	[si	si	_	_	_	_	_	linguistic	_	none	_	Begin=1840.961	_	_	_	0-2(203)
692-1	BX002	692	1	può	può	_	_	_	_	_	linguistic	_	none	_	_	_	_	_	0-3(203)
692-2	BX002	692	2	riparare].	riparare	_	_	_	_	_	linguistic	_	none	Intonation=Falling	End=1841.811	_	_	_	0-8(203)
693-0	BX003	693	0	mh	mh	_	_	_	_	_	linguistic	_	none	ProsodicLink=Yes	Begin=1841.961	_	_	_	_
693-1	BX003	693	1	[mh,	mh	_	_	_	_	_	linguistic	_	none	Intonation=WeaklyRising	_	_	_	_	0-2(340)
693-2	BX003	693	2	(xxxxx)]	xxxxx	_	_	_	_	_	unknown	_	none	Syllables=5	End=1843.4	_	_	0-5(0)	0-5(340)
694-0	BX001	694	0	[eh:]	eh	_	_	_	_	_	linguistic	_	none	_	Begin=1841.965|End=1842.325	1x1	_	_	0-2(340)
695-0	BX002	695	0	[no	no	_	_	_	_	_	linguistic	_	none	_	Begin=1842.211	_	_	_	0-2(340)
695-1	BX002	695	1	ma	ma	_	_	_	_	_	linguistic	_	none	_	_	_	_	_	0-2(340)
695-2	BX002	695	2	io	io	_	_	_	_	_	linguistic	_	none	_	_	_	_	_	0-2(340)
695-3	BX002	695	3	veramente]	veramente	_	_	_	_	_	linguistic	_	none	_	_	_	_	_	0-9(340)
695-4	BX002	695	4	li	li	_	_	_	_	_	linguistic	_	none	_	_	_	_	_	_
695-5	BX002	695	5	spenderei,	spenderei	_	_	_	_	_	linguistic	_	none	Intonation=WeaklyRising	_	_	_	_	_
695-6	BX002	695	6	però	però	_	_	_	_	_	linguistic	_	none	_	_	_	_	_	_
695-7	BX002	695	7	la	la	_	_	_	_	_	linguistic	_	none	_	_	_	_	_	_
695-8	BX002	695	8	ripa-	ripa-	_	_	_	_	_	linguistic	_	none	Interrupted=Yes	_	_	_	_	_
695-9	BX002	695	9	cioè	cioè	_	_	_	_	_	linguistic	_	none	_	_	_	_	_	_
695-10	BX002	695	10	una	una	_	_	_	_	_	linguistic	_	none	_	_	_	_	_	_
695-11	BX002	695	11	cosa	cosa	_	_	_	_	_	linguistic	_	none	_	_	_	_	_	_
695-12	BX002	695	12	xx	xx	_	_	_	_	_	unknown	_	none	Syllables=2	End=1845.661	_	_	_	_
696-0	BX001	696	0	ah	ah	_	_	_	_	_	linguistic	_	none	_	Begin=1845.79	_	_	_	_
696-1	BX001	696	1	(eh	eh	_	_	_	_	_	linguistic	_	none	_	_	_	_	0-2(0)	_
696-2	BX001	696	2	be'),	be'	_	_	_	_	_	linguistic	_	none	Intonation=WeaklyRising|Truncated=Yes	_	_	_	0-3(0)	_
696-3	BX001	696	3	[s-	s-	_	_	_	_	_	linguistic	_	none	Interrupted=Yes	_	_	_	_	0-2(204)
696-4	BX001	696	4	son	son	_	_	_	_	_	linguistic	_	none	_	_	_	_	_	0-3(204)
696-5	BX001	696	5	proprio	proprio	_	_	_	_	_	linguistic	_	none	_	_	_	_	_	0-7(204)
696-6	BX001	696	6	belle	belle	_	_	_	_	_	linguistic	_	none	_	_	_	_	_	0-5(204)
696-7	BX001	696	7	poi].	poi	_	_	_	_	_	linguistic	_	none	Intonation=Falling	End=1847.73	_	_	_	0-3(204)
697-0	BX003	697	0	[no	no	_	_	_	_	_	linguistic	_	none	_	Begin=1846.355	_	_	_	0-2(204)
697-1	BX003	697	1	no	no	_	_	_	_	_	linguistic	_	none	_	_	_	_	_	0-2(204)
697-2	BX003	697	2	ma	ma	_	_	_	_	_	linguistic	_	none	_	_	_	_	_	0-2(204)
697-3	BX003	697	3	è	è	_	_	_	_	_	linguistic	_	none	_	_	_	_	_	0-1(204)
697-4	BX003	697	4	bellissima].	bellissima	_	_	_	_	_	linguistic	_	none	Intonation=Falling	End=1847.755	_	_	_	0-10(204)
698-0	BX002	698	0	[mh	mh	_	_	_	_	_	linguistic	_	none	ProsodicLink=Yes	Begin=1847.955	_	_	_	0-2(341)
698-1	BX002	698	1	mh].	mh	_	_	_	_	_	linguistic	_	none	Intonation=Falling	End=1848.405	_	_	_	0-2(341)
699-0	BX001	699	0	[cioè	cioè	_	_	_	_	_	linguistic	_	none	_	Begin=1847.965	_	_	_	0-4(341)
699-1	BX001	699	1	sono	sono	_	_	_	_	_	linguistic	_	none	_	_	_	_	_	0-4(341)
699-2	BX001	699	2	un	un	_	_	_	_	_	linguistic	_	none	_	_	_	_	_	0-2(341)
699-3	BX001	699	3	og]getto::	oggetto	_	_	_	_	_	linguistic	_	none	_	_	6x2	_	_	0-2(341)
699-4	BX001	699	4	veramente	veramente	_	_	_	_	_	linguistic	_	none	_	_	_	_	_	_
699-5	BX001	699	5	molto	molto	_	_	_	_	_	linguistic	_	none	_	_	_	_	_	_
699-6	BX001	699	6	cari[no].	carino	_	_	_	_	_	linguistic	_	none	Intonation=Falling	End=1851.875	_	_	_	4-6(205)
700-0	BX003	700	0	[sì	sì	_	_	_	_	_	linguistic	_	none	_	Begin=1848.085	_	_	_	0-2(341)
700-1	BX003	700	1	sono	sono	_	_	_	_	_	linguistic	_	none	_	_	_	_	_	0-4(341)
700-2	BX003	700	2	belle].	belle	_	_	_	_	_	linguistic	_	none	Intonation=Falling	End=1849.005	_	_	_	0-5(341)
701-0	BX003	701	0	[no]	no	_	_	_	_	_	linguistic	_	none	_	Begin=1851.58	_	_	_	0-2(205)
701-1	BX003	701	1	no	no	_	_	_	_	_	linguistic	_	none	_	_	_	_	_	_
701-2	BX003	701	2	infatti	infatti	_	_	_	_	_	linguistic	_	none	_	_	_	_	_	_
701-3	BX003	701	3	se	se	_	_	_	_	_	linguistic	_	none	_	_	_	_	_	_
701-4	BX003	701	4	riesci	riesci	_	_	_	_	_	linguistic	_	none	_	_	_	_	_	_
701-5	BX003	701	5	a	a	_	_	_	_	_	linguistic	_	none	_	_	_	_	_	_
701-6	BX003	701	6	ripararla	ripararla	_	_	_	_	_	linguistic	_	none	_	_	_	_	_	_
701-7	BX003	701	7	cioè	cioè	_	_	_	_	_	linguistic	_	none	_	_	_	_	_	_
701-8	BX003	701	8	comunque	comunque	_	_	_	_	_	linguistic	_	none	_	_	_	_	_	_
701-9	BX003	701	9	è	è	_	_	_	_	_	linguistic	_	none	_	_	_	_	_	_
701-10	BX003	701	10	funzionante	funzionante	_	_	_	_	_	linguistic	_	none	_	_	_	_	_	_
701-11	BX003	701	11	perché	perché	_	_	_	_	_	linguistic	_	none	_	_	_	_	_	_
701-12	BX003	701	12	l-	l-	_	_	_	_	_	linguistic	_	none	Interrupted=Yes	_	_	_	_	_
701-13	BX003	701	13	cioè:	cioè	_	_	_	_	_	linguistic	_	none	_	End=1855.29	3x1	_	_	_
702-0	BX002	702	0	perché	perché	_	_	_	_	_	linguistic	_	none	_	Begin=1855.354	_	_	_	_
702-1	BX002	702	1	io	io	_	_	_	_	_	linguistic	_	none	_	_	_	_	_	_
702-2	BX002	702	2	imitando	imitando	_	_	_	_	_	linguistic	_	none	_	_	_	_	_	_
702-3	BX002	702	3	mia	mia	_	_	_	_	_	linguistic	_	none	_	_	_	_	_	_
702-4	BX002	702	4	nonna	nonna	_	_	_	_	_	linguistic	_	none	_	_	_	_	_	_
702-5	BX002	702	5	da	da	_	_	_	_	_	linguistic	_	none	_	_	_	_	_	_
702-6	BX002	702	6	piccolina,	piccolina	_	_	_	_	_	linguistic	_	none	Intonation=WeaklyRising	_	_	_	_	_
702-7	BX002	702	7	mi	mi	_	_	_	_	_	linguistic	_	none	_	_	_	_	_	_
702-8	BX002	702	8	piaceva	piaceva	_	_	_	_	_	linguistic	_	none	_	_	_	_	_	_
702-9	BX002	702	9	fare	fare	_	_	_	_	_	linguistic	_	none	_	_	_	_	_	_
702-10	BX002	702	10	i	i	_	_	_	_	_	linguistic	_	none	_	_	_	_	_	_
702-11	BX002	702	11	vestiti	vestiti	_	_	_	_	_	linguistic	_	none	_	_	_	_	_	_
702-12	BX002	702	12	alle	alle	_	_	_	_	_	linguistic	_	none	_	_	_	_	_	_
702-13	BX002	702	13	barbie.	barbie	_	_	_	_	_	linguistic	_	none	Intonation=Falling	End=1858.794	_	_	_	_
703-0	BX003	703	0	vabbè	vabbè	_	_	_	_	_	linguistic	_	none	_	Begin=1858.854	_	_	_	_
703-1	BX003	703	1	come	come	_	_	_	_	_	linguistic	_	none	_	_	_	_	_	_
703-2	BX003	703	2	tut[te	tutte	_	_	_	_	_	linguistic	_	none	_	_	_	_	_	3-5(206)
703-3	BX003	703	3	le	le	_	_	_	_	_	linguistic	_	none	_	_	_	_	_	0-2(206)
703-4	BX003	703	4	bambine].	bambine	_	_	_	_	_	linguistic	_	none	Intonation=Falling	End=1860.344	_	_	_	0-7(206)
704-0	BX001	704	0	[((ride))]	((ride))	_	_	_	_	_	nonverbalbehavior	_	none	_	Begin=1859.524|End=1860.324	_	_	_	0-4(206)
705-0	BX002	705	0	e	e	_	_	_	_	_	linguistic	_	none	_	Begin=1860.389	_	_	_	_
705-1	BX002	705	1	mia	mia	_	_	_	_	_	linguistic	_	none	_	_	_	_	_	_
705-2	BX002	705	2	mamma	mamma	_	_	_	_	_	linguistic	_	none	_	_	_	_	_	_
705-3	BX002	705	3	mi	mi	_	_	_	_	_	linguistic	_	none	_	_	_	_	_	_
705-4	BX002	705	4	comprò	comprò	_	_	_	_	_	linguistic	_	none	_	_	_	_	_	_
705-5	BX002	705	5	una::	una	_	_	_	_	_	linguistic	_	none	_	End=1862.249	2x2	_	_	_
706-0	BX002	706	0	una	una	_	_	_	_	_	linguistic	_	none	_	Begin=1863.014	_	_	_	_
706-1	BX002	706	1	macchina	macchina	_	_	_	_	_	linguistic	_	none	_	_	_	_	_	_
706-2	BX002	706	2	da	da	_	_	_	_	_	linguistic	_	none	_	_	_	_	_	_
706-3	BX002	706	3	cucire:	cucire	_	_	_	_	_	linguistic	_	none	_	_	5x1	_	_	_
706-4	BX002	706	4	per	per	_	_	_	_	_	linguistic	_	none	_	_	_	_	_	_
706-5	BX002	706	5	bambini,	bambini	_	_	_	_	_	linguistic	_	none	Intonation=WeaklyRising	_	_	_	_	_
706-6	BX002	706	6	[no]?	no	_	_	_	_	_	linguistic	_	none	Intonation=Rising	_	_	_	_	0-2(207)
706-7	BX002	706	7	però	però	_	_	_	_	_	linguistic	_	none	_	_	_	_	_	_
706-8	BX002	706	8	insomma:,	insomma	_	_	_	_	_	linguistic	_	none	Intonation=WeaklyRising	_	6x1	_	_	_
706-9	BX002	706	9	si	si	_	_	_	_	_	linguistic	_	none	_	_	_	_	_	_
706-10	BX002	706	10	riusciva	riusciva	_	_	_	_	_	linguistic	_	none	_	_	_	_	_	_
706-11	BX002	706	11	a	a	_	_	_	_	_	linguistic	_	none	_	_	_	_	_	_
706-12	BX002	706	12	fare,	fare	_	_	_	_	_	linguistic	_	none	Intonation=WeaklyRising	_	_	_	_	_
706-13	BX002	706	13	c'	c'	_	_	_	_	_	linguistic	_	none	SpaceAfter=No	_	_	_	_	_
706-14	BX002	706	14	era	era	_	_	_	_	_	linguistic	_	none	_	_	_	_	_	_
706-15	BX002	706	15	anche:	anche	_	_	_	_	_	linguistic	_	none	_	_	4x1	_	_	_
706-16	BX002	706	16	[la	la	_	_	_	_	_	linguistic	_	none	_	_	_	_	_	0-2(208)
706-17	BX002	706	17	macchinetta	macchinetta	_	_	_	_	_	linguistic	_	none	_	_	_	_	_	0-11(208)
706-18	BX002	706	18	per	per	_	_	_	_	_	linguistic	_	none	_	_	_	_	_	0-3(208)
706-19	BX002	706	19	fare	fare	_	_	_	_	_	linguistic	_	none	_	_	_	_	_	0-4(208)
706-20	BX002	706	20	i	i	_	_	_	_	_	linguistic	_	none	_	_	_	_	_	0-1(208)
706-21	BX002	706	21	bottoni].	bottoni	_	_	_	_	_	linguistic	_	none	Intonation=Falling	_	_	_	_	0-7(208)
706-22	BX002	706	22	sì	sì	_	_	_	_	_	linguistic	_	none	_	_	_	_	_	_
706-23	BX002	706	23	sì	sì	_	_	_	_	_	linguistic	_	none	_	_	_	_	_	_
706-24	BX002	706	24	funzionava	funzionava	_	_	_	_	_	linguistic	_	none	_	_	_	_	_	_
706-25	BX002	706	25	ce	ce	_	_	_	_	_	linguistic	_	none	_	_	_	_	_	_
706-26	BX002	706	26	l'	l'	_	_	_	_	_	linguistic	_	none	SpaceAfter=No	_	_	_	_	_
706-27	BX002	706	27	ho	ho	_	_	_	_	_	linguistic	_	none	_	_	_	_	_	_
706-28	BX002	706	28	ancora	ancora	_	_	_	_	_	linguistic	_	none	_	_	_	_	_	_
706-29	BX002	706	29	su	su	_	_	_	_	_	linguistic	_	none	_	_	_	_	_	_
706-30	BX002	706	30	in	in	_	_	_	_	_	linguistic	_	none	_	End=1871.605	_	_	_	_
707-0	BX001	707	0	[ah	ah	_	_	_	_	_	linguistic	_	none	ProsodicLink=Yes	Begin=1865.034	_	_	_	0-2(207)
707-1	BX001	707	1	ah,	ah	_	_	_	_	_	linguistic	_	none	Intonation=WeaklyRising	_	_	_	_	0-2(207)
707-2	BX001	707	2	ah	ah	_	_	_	_	_	linguistic	_	none	ProsodicLink=Yes	_	_	_	_	0-2(207)
707-3	BX001	707	3	ah].	ah	_	_	_	_	_	linguistic	_	none	Intonation=Falling	End=1865.674	_	_	_	0-2(207)
708-0	BX001	708	0	[certo	certo	_	_	_	_	_	linguistic	_	none	_	Begin=1868.384	_	_	_	0-5(208)
708-1	BX001	708	1	funzionante	funzionante	_	_	_	_	_	linguistic	_	none	_	_	_	_	_	0-11(208)
708-2	BX001	708	2	eh].	eh	_	_	_	_	_	linguistic	_	none	Intonation=Falling	End=1869.684	_	_	_	0-2(208)
709-0	BX002	709	0	ehm::	ehm	_	_	_	_	_	linguistic	_	none	_	Begin=1872.49|End=1873.355	2x2	_	_	_
710-0	BX002	710	0	nella:,	nella	_	_	_	_	_	linguistic	_	none	Intonation=WeaklyRising	Begin=1873.831|End=1874.719	4x1	_	_	_
711-0	BX002	711	0	(°>adesso	adesso	_	_	_	_	_	linguistic	_	none	Volume=low	Begin=1876.154	_	Fast=0-6(0)	0-6(0)	_
711-1	BX002	711	1	mi	mi	_	_	_	_	_	linguistic	_	none	Volume=low	_	_	Fast=0-2(0)	0-2(0)	_
711-2	BX002	711	2	viene	viene	_	_	_	_	_	linguistic	_	none	Volume=low	_	_	Fast=0-5(0)	0-5(0)	_
711-3	BX002	711	3	in	in	_	_	_	_	_	linguistic	_	none	Volume=low	_	_	Fast=0-2(0)	0-2(0)	_
711-4	BX002	711	4	mente<°)	mente	_	_	_	_	_	linguistic	_	none	Volume=low	End=1877.104	_	Fast=0-5(0)	0-5(0)	_
712-0	BX002	712	0	come	come	_	_	_	_	_	linguistic	_	none	_	Begin=1877.844	_	_	_	_
712-1	BX002	712	1	si	si	_	_	_	_	_	linguistic	_	none	_	_	_	_	_	_
712-2	BX002	712	2	dice?	dice	_	_	_	_	_	linguistic	_	none	Intonation=Rising	End=1878.272	_	_	_	_
713-0	BX001	713	0	(non	non	_	_	_	_	_	linguistic	_	none	_	Begin=1878.226	_	_	0-3(0)	_
713-1	BX001	713	1	so,)	so	_	_	_	_	_	linguistic	_	none	Intonation=WeaklyRising	_	_	_	0-2(0)	_
713-2	BX001	713	2	la	la	_	_	_	_	_	linguistic	_	none	_	_	_	_	_	_
713-3	BX001	713	3	sof[fit-]	soffit-	_	_	_	_	_	linguistic	_	none	Interrupted=Yes	End=1879.29	_	_	_	3-7(210)
714-0	BX002	714	0	[sì]	sì	_	_	_	_	_	linguistic	_	none	_	Begin=1879.064	_	_	_	0-2(210)
714-1	BX002	714	1	il	il	_	_	_	_	_	linguistic	_	none	_	_	_	_	_	_
714-2	BX002	714	2	sola-	sola-	_	_	_	_	_	linguistic	_	none	Interrupted=Yes	_	_	_	_	_
714-3	BX002	714	3	sì	sì	_	_	_	_	_	linguistic	_	none	_	_	_	_	_	_
714-4	BX002	714	4	la	la	_	_	_	_	_	linguistic	_	none	_	_	_	_	_	_
714-5	BX002	714	5	soffitta.	soffitta	_	_	_	_	_	linguistic	_	none	Intonation=Falling	End=1881.114	_	_	_	_
715-0	BX002	715	0	ehm::	ehm	_	_	_	_	_	linguistic	_	none	_	Begin=1881.454|End=1882.484	2x2	_	_	_
716-0	BX002	716	0	e	e	_	_	_	_	_	linguistic	_	none	_	Begin=1882.774	_	_	_	_
716-1	BX002	716	1	quindi	quindi	_	_	_	_	_	linguistic	_	none	_	_	_	_	_	_
716-2	BX002	716	2	cioè	cioè	_	_	_	_	_	linguistic	_	none	_	_	_	_	_	_
716-3	BX002	716	3	mia	mia	_	_	_	_	_	linguistic	_	none	_	_	_	_	_	_
716-4	BX002	716	4	nonna	nonna	_	_	_	_	_	linguistic	_	none	_	_	_	_	_	_
716-5	BX002	716	5	mi	mi	_	_	_	_	_	linguistic	_	none	_	_	_	_	_	_
716-6	BX002	716	6	ha	ha	_	_	_	_	_	linguistic	_	none	_	_	_	_	_	_
716-7	BX002	716	7	sempre	sempre	_	_	_	_	_	linguistic	_	none	_	_	_	_	_	_
716-8	BX002	716	8	detto:	detto	_	_	_	_	_	linguistic	_	none	_	_	4x1	_	_	_
716-9	BX002	716	9	cioè	cioè	_	_	_	_	_	linguistic	_	none	_	_	_	_	_	_
716-10	BX002	716	10	tipo	tipo	_	_	_	_	_	linguistic	_	none	_	_	_	_	_	_
716-11	BX002	716	11	se	se	_	_	_	_	_	linguistic	_	none	_	_	_	_	_	_
716-12	BX002	716	12	io	io	_	_	_	_	_	linguistic	_	none	_	_	_	_	_	_
716-13	BX002	716	13	avevo	avevo	_	_	_	_	_	linguistic	_	none	_	_	_	_	_	_
716-14	BX002	716	14	qualcosa	qualcosa	_	_	_	_	_	linguistic	_	none	_	_	_	_	_	_
716-15	BX002	716	15	da	da	_	_	_	_	_	linguistic	_	none	_	_	_	_	_	_
716-16	BX002	716	16	ri-	ri-	_	_	_	_	_	linguistic	_	none	Interrupted=Yes	_	_	_	_	_
716-17	BX002	716	17	da	da	_	_	_	_	_	linguistic	_	none	_	_	_	_	_	_
716-18	BX002	716	18	sistemare	sistemare	_	_	_	_	_	linguistic	_	none	_	_	_	_	_	_
716-19	BX002	716	19	così,	così	_	_	_	_	_	linguistic	_	none	Intonation=WeaklyRising|PauseAfter=Yes	_	_	_	_	_
716-20	BX002	716	20	(.)	(.)	_	_	_	_	_	shortpause	_	none	_	_	_	_	_	_
716-21	BX002	716	21	>me	me	_	_	_	_	_	linguistic	_	none	_	_	_	Fast=0-2(0)	_	_
716-22	BX002	716	22	lo	lo	_	_	_	_	_	linguistic	_	none	_	_	_	Fast=0-2(0)	_	_
716-23	BX002	716	23	faceva	faceva	_	_	_	_	_	linguistic	_	none	_	_	_	Fast=0-6(0)	_	_
716-24	BX002	716	24	fare	fare	_	_	_	_	_	linguistic	_	none	_	_	_	Fast=0-4(0)	_	_
716-25	BX002	716	25	a	a	_	_	_	_	_	linguistic	_	none	_	_	_	Fast=0-1(0)	_	_
716-26	BX002	716	26	me<	me	_	_	_	_	_	linguistic	_	none	_	_	_	Fast=0-2(0)	_	_
716-27	BX002	716	27	così:	così	_	_	_	_	_	linguistic	_	none	_	_	3x1	_	_	_
716-28	BX002	716	28	[imparavo	imparavo	_	_	_	_	_	linguistic	_	none	_	_	_	_	_	0-8(211)
716-29	BX002	716	29	no]?	no	_	_	_	_	_	linguistic	_	none	Intonation=Rising	End=1890.864	_	_	_	0-2(211)
717-0	BX001	717	0	[mh	mh	_	_	_	_	_	linguistic	_	none	ProsodicLink=Yes	Begin=1889.814	_	_	_	0-2(211)
717-1	BX001	717	1	mh,	mh	_	_	_	_	_	linguistic	_	none	Intonation=WeaklyRising	_	_	_	_	0-2(211)
717-2	BX001	717	2	mh	mh	_	_	_	_	_	linguistic	_	none	ProsodicLink=Yes	_	_	_	_	0-2(211)
717-3	BX001	717	3	mh].	mh	_	_	_	_	_	linguistic	_	none	Intonation=Falling	End=1890.834	_	_	_	0-2(211)
718-0	BX002	718	0	quindi	quindi	_	_	_	_	_	linguistic	_	none	_	Begin=1891.349	_	_	_	_
718-1	BX002	718	1	un	un	_	_	_	_	_	linguistic	_	none	_	_	_	_	_	_
718-2	BX002	718	2	po'	po'	_	_	_	_	_	linguistic	_	none	_	_	_	_	_	_
718-3	BX002	718	3	so	so	_	_	_	_	_	linguistic	_	none	_	_	_	_	_	_
718-4	BX002	718	4	fare,	fare	_	_	_	_	_	linguistic	_	none	Intonation=WeaklyRising	End=1892.511	_	_	_	_
719-0	BX002	719	0	però,	però	_	_	_	_	_	linguistic	_	none	Intonation=WeaklyRising	Begin=1892.937|End=1893.379	_	_	_	_
720-0	BX003	720	0	sì	sì	_	_	_	_	_	linguistic	_	none	_	Begin=1894.319	_	_	_	_
720-1	BX003	720	1	da	da	_	_	_	_	_	linguistic	_	none	_	_	_	_	_	_
720-2	BX003	720	2	lì	lì	_	_	_	_	_	linguistic	_	none	_	_	_	_	_	_
720-3	BX003	720	3	a	a	_	_	_	_	_	linguistic	_	none	_	_	_	_	_	_
720-4	BX003	720	4	fare	fare	_	_	_	_	_	linguistic	_	none	_	_	_	_	_	_
720-5	BX003	720	5	dei	dei	_	_	_	_	_	linguistic	_	none	_	_	_	_	_	_
720-6	BX003	720	6	vestiti	vestiti	_	_	_	_	_	linguistic	_	none	_	_	_	_	_	_
720-7	BX003	720	7	[no	no	_	_	_	_	_	linguistic	_	none	_	_	_	_	_	0-2(212)
720-8	BX003	720	8	no]	no	_	_	_	_	_	linguistic	_	none	_	_	_	_	_	0-2(212)
720-9	BX003	720	9	[(infatti.)]	infatti	_	_	_	_	_	linguistic	_	none	Intonation=Falling	End=1896.57	_	_	0-7(0)	0-7(213)
721-0	BX002	721	0	[eh].	eh	_	_	_	_	_	linguistic	_	none	Intonation=Falling	Begin=1895.389|End=1895.889	_	_	_	0-2(212)
722-0	BX001	722	0	[sì	sì	_	_	_	_	_	linguistic	_	none	_	Begin=1895.964	_	_	_	0-2(213)
722-1	BX001	722	1	sì	sì	_	_	_	_	_	linguistic	_	none	_	_	_	_	_	0-2(213)
722-2	BX001	722	2	certo]	certo	_	_	_	_	_	linguistic	_	none	_	_	_	_	_	0-5(213)
722-3	BX001	722	3	no?	no	_	_	_	_	_	linguistic	_	none	Intonation=Rising	End=1897.11	_	_	_	_
723-0	BX002	723	0	ho	ho	_	_	_	_	_	linguistic	_	none	_	Begin=1897.102	_	_	_	_
723-1	BX002	723	1	fatto	fatto	_	_	_	_	_	linguistic	_	none	_	_	_	_	_	_
723-2	BX002	723	2	un	un	_	_	_	_	_	linguistic	_	none	_	_	_	_	_	_
723-3	BX002	723	3	vestitino	vestitino	_	_	_	_	_	linguistic	_	none	_	_	_	_	_	_
723-4	BX002	723	4	quest'	quest'	_	_	_	_	_	linguistic	_	none	SpaceAfter=No	_	_	_	_	_
723-5	BX002	723	5	estate	estate	_	_	_	_	_	linguistic	_	none	_	_	_	_	_	_
723-6	BX002	723	6	però,	però	_	_	_	_	_	linguistic	_	none	Intonation=WeaklyRising	End=1899.172	_	_	_	_
724-0	BX002	724	0	è	è	_	_	_	_	_	linguistic	_	none	_	Begin=1899.952	_	_	_	_
724-1	BX002	724	1	stato	stato	_	_	_	_	_	linguistic	_	none	PauseAfter=Yes	_	_	_	_	_
724-2	BX002	724	2	(.)	(.)	_	_	_	_	_	shortpause	_	none	_	_	_	_	_	_
724-3	BX002	724	3	cioè	cioè	_	_	_	_	_	linguistic	_	none	_	_	_	_	_	_
724-4	BX002	724	4	tipo	tipo	_	_	_	_	_	linguistic	_	none	_	_	_	_	_	_
724-5	BX002	724	5	l'	l'	_	_	_	_	_	linguistic	_	none	SpaceAfter=No	_	_	_	_	_
724-6	BX002	724	6	ho	ho	_	_	_	_	_	linguistic	_	none	_	_	_	_	_	_
724-7	BX002	724	7	dovuto	dovuto	_	_	_	_	_	linguistic	_	none	_	_	_	_	_	_
724-8	BX002	724	8	rifare	rifare	_	_	_	_	_	linguistic	_	none	_	_	_	_	_	_
724-9	BX002	724	9	due	due	_	_	_	_	_	linguistic	_	none	_	_	_	_	_	_
724-10	BX002	724	10	volte,	volte	_	_	_	_	_	linguistic	_	none	Intonation=WeaklyRising	_	_	_	_	_
724-11	BX002	724	11	[perché	perché	_	_	_	_	_	linguistic	_	none	_	_	_	_	_	0-6(215)
724-12	BX002	724	12	continuavo	continuavo	_	_	_	_	_	linguistic	_	none	_	_	_	_	_	0-10(215)
724-13	BX002	724	13	a	a	_	_	_	_	_	linguistic	_	none	_	_	_	_	_	0-1(215)
724-14	BX002	724	14	sbagliare	sbagliare	_	_	_	_	_	linguistic	_	none	_	_	_	_	_	0-9(215)
724-15	BX002	724	15	il	il	_	_	_	_	_	linguistic	_	none	_	_	_	_	_	0-2(215)
724-16	BX002	724	16	lato	lato	_	_	_	_	_	linguistic	_	none	_	_	_	_	_	0-4(215)
724-17	BX002	724	17	deh::]	deh	_	_	_	_	_	linguistic	_	none	_	End=1905.09	2x2	_	_	0-3(215)
725-0	BX001	725	0	[((ride))	((ride))	_	_	_	_	_	nonverbalbehavior	_	none	_	Begin=1903.046	_	_	_	0-4(215)
725-1	BX001	725	1	vabbè	vabbè	_	_	_	_	_	linguistic	_	none	_	_	_	_	_	0-5(215)
725-2	BX001	725	2	oh].	oh	_	_	_	_	_	linguistic	_	none	Intonation=Falling|PauseAfter=Yes	_	_	_	_	0-2(215)
725-3	BX001	725	3	(.)	(.)	_	_	_	_	_	shortpause	_	none	_	_	_	_	_	_
725-4	BX001	725	4	così	così	_	_	_	_	_	linguistic	_	none	_	_	_	_	_	_
725-5	BX001	725	5	è	è	_	_	_	_	_	linguistic	_	none	_	_	_	_	_	_
725-6	BX001	725	6	che	che	_	_	_	_	_	linguistic	_	none	_	_	_	_	_	_
725-7	BX001	725	7	[si	si	_	_	_	_	_	linguistic	_	none	_	_	_	_	_	0-2(216)
725-8	BX001	725	8	impara],	impara	_	_	_	_	_	linguistic	_	none	Intonation=WeaklyRising	End=1906.746	_	_	_	0-6(216)
726-0	BX003	726	0	[no	no	_	_	_	_	_	linguistic	_	none	_	Begin=1906.061	_	_	_	0-2(?)
726-1	BX003	726	1	no	no	_	_	_	_	_	linguistic	_	none	_	_	_	_	_	0-2(?)
726-2	BX003	726	2	be']	be'	_	_	_	_	_	linguistic	_	none	Truncated=Yes	_	_	_	_	0-3(?)
726-3	BX003	726	3	sembra	sembra	_	_	_	_	_	linguistic	_	none	_	_	_	_	_	_
726-4	BX003	726	4	dav-	dav-	_	_	_	_	_	linguistic	_	none	Interrupted=Yes	_	_	_	_	_
726-5	BX003	726	5	sembra	sembra	_	_	_	_	_	linguistic	_	none	_	_	_	_	_	_
726-6	BX003	726	6	semplice,	semplice	_	_	_	_	_	linguistic	_	none	Intonation=WeaklyRising	_	_	_	_	_
726-7	BX003	726	7	ma	ma	_	_	_	_	_	linguistic	_	none	_	_	_	_	_	_
726-8	BX003	726	8	n-	n-	_	_	_	_	_	linguistic	_	none	Interrupted=Yes|PauseAfter=Yes	_	_	_	_	_
726-9	BX003	726	9	(.)	(.)	_	_	_	_	_	shortpause	_	none	_	_	_	_	_	_
726-10	BX003	726	10	[non	non	_	_	_	_	_	linguistic	_	none	_	_	_	_	_	0-3(?)
726-11	BX003	726	11	lo	lo	_	_	_	_	_	linguistic	_	none	_	_	_	_	_	0-2(?)
726-12	BX003	726	12	è.	è	_	_	_	_	_	linguistic	_	none	Intonation=Falling	_	_	_	_	0-1(?)
726-13	BX003	726	13	cioè	cioè	_	_	_	_	_	linguistic	_	none	_	_	_	_	_	0-4(?)
726-14	BX003	726	14	tu	tu	_	_	_	_	_	linguistic	_	none	_	_	_	_	_	0-2(?)
726-15	BX003	726	15	dici	dici	_	_	_	_	_	linguistic	_	none	_	_	_	_	_	0-4(?)
726-16	BX003	726	16	faccio	faccio	_	_	_	_	_	linguistic	_	none	_	_	_	_	_	0-6(?)
726-17	BX003	726	17	una	una	_	_	_	_	_	linguistic	_	none	_	_	_	_	_	0-3(?)
726-18	BX003	726	18	cosa	cosa	_	_	_	_	_	linguistic	_	none	_	_	_	_	_	0-4(?)
726-19	BX003	726	19	bruttissima	bruttissima	_	_	_	_	_	linguistic	_	none	_	_	_	_	_	0-11(?)
726-20	BX003	726	20	(co-)]	co-	_	_	_	_	_	linguistic	_	none	Interrupted=Yes	End=1912.021	_	_	0-3(0)	0-3(?)
727-0	BX002	727	0	[no:	no	_	_	_	_	_	linguistic	_	none	_	Begin=1908.792	1x1	_	_	0-2(218)
727-1	BX002	727	1	eh,	eh	_	_	_	_	_	linguistic	_	none	Intonation=WeaklyRising	_	_	_	_	0-2(218)
727-2	BX002	727	2	xxx]	xxx	_	_	_	_	_	unknown	_	none	Syllables=3	End=1910.01	_	_	_	0-3(218)
728-0	BX001	728	0	[no	no	_	_	_	_	_	linguistic	_	none	_	Begin=1910.067	_	_	_	0-2(217)
728-1	BX001	728	1	be'	be'	_	_	_	_	_	linguistic	_	none	Truncated=Yes	_	_	_	_	0-3(217)
728-2	BX001	728	2	caspita	caspita	_	_	_	_	_	linguistic	_	none	_	_	_	_	_	0-7(217)
728-3	BX001	728	3	è	è	_	_	_	_	_	linguistic	_	none	_	_	_	_	_	0-1(217)
728-4	BX001	728	4	è	è	_	_	_	_	_	linguistic	_	none	_	_	_	_	_	0-1(217)
728-5	BX001	728	5	un'	un'	_	_	_	_	_	linguistic	_	none	SpaceAfter=No	_	_	_	_	0-3(217)
728-6	BX001	728	6	arte],	arte	_	_	_	_	_	linguistic	_	none	Intonation=WeaklyRising	_	_	_	_	0-4(217)
728-7	BX001	728	7	eh	eh	_	_	_	_	_	linguistic	_	none	_	End=1912.697	_	_	_	_
729-0	BX003	729	0	sì.	sì	_	_	_	_	_	linguistic	_	none	Intonation=Falling	Begin=1913.107|End=1913.667	_	_	_	_
730-0	BX003	730	0	anche	anche	_	_	_	_	_	linguistic	_	none	_	Begin=1913.862	_	_	_	_
730-1	BX003	730	1	le	le	_	_	_	_	_	linguistic	_	none	_	_	_	_	_	_
730-2	BX003	730	2	co[se:	cose	_	_	_	_	_	linguistic	_	none	_	_	3x1	_	_	2-4(219)
730-3	BX003	730	3	(più)]	più	_	_	_	_	_	linguistic	_	none	_	End=1915.592	_	_	0-3(0)	0-3(219)
731-0	BX002	731	0	[cioè	cioè	_	_	_	_	_	linguistic	_	none	_	Begin=1914.662	_	_	_	0-4(219)
731-1	BX002	731	1	un	un	_	_	_	_	_	linguistic	_	none	_	_	_	_	_	0-2(219)
731-2	BX002	731	2	conto]	conto	_	_	_	_	_	linguistic	_	none	_	_	_	_	_	0-5(219)
731-3	BX002	731	3	è	è	_	_	_	_	_	linguistic	_	none	_	_	_	_	_	_
731-4	BX002	731	4	se	se	_	_	_	_	_	linguistic	_	none	_	_	_	_	_	_
731-5	BX002	731	5	devi	devi	_	_	_	_	_	linguistic	_	none	_	_	_	_	_	_
731-6	BX002	731	6	riparare	riparare	_	_	_	_	_	linguistic	_	none	_	_	_	_	_	_
731-7	BX002	731	7	una	una	_	_	_	_	_	linguistic	_	none	_	_	_	_	_	_
731-8	BX002	731	8	cosa.	cosa	_	_	_	_	_	linguistic	_	none	Intonation=Falling	_	_	_	_	_
731-9	BX002	731	9	perché	perché	_	_	_	_	_	linguistic	_	none	_	_	_	_	_	_
731-10	BX002	731	10	per	per	_	_	_	_	_	linguistic	_	none	_	_	_	_	_	_
731-11	BX002	731	11	tipo	tipo	_	_	_	_	_	linguistic	_	none	_	_	_	_	_	_
731-12	BX002	731	12	[per	per	_	_	_	_	_	linguistic	_	none	_	_	_	_	_	0-3(220)
731-13	BX002	731	13	stringermi	stringermi	_	_	_	_	_	linguistic	_	none	_	_	_	_	_	0-10(220)
731-14	BX002	731	14	un	un	_	_	_	_	_	linguistic	_	none	_	_	_	_	_	0-2(220)
731-15	BX002	731	15	po'	po'	_	_	_	_	_	linguistic	_	none	_	_	_	_	_	0-3(220)
731-16	BX002	731	16	le]	le	_	_	_	_	_	linguistic	_	none	_	_	_	_	_	0-2(220)
731-17	BX002	731	17	cose,	cose	_	_	_	_	_	linguistic	_	none	Intonation=WeaklyRising	_	_	_	_	_
731-18	BX002	731	18	riesco	riesco	_	_	_	_	_	linguistic	_	none	_	_	_	_	_	_
731-19	BX002	731	19	a	a	_	_	_	_	_	linguistic	_	none	_	_	_	_	_	_
731-20	BX002	731	20	farlo.	farlo	_	_	_	_	_	linguistic	_	none	Intonation=Falling	End=1919.712	_	_	_	_
732-0	BX003	732	0	[sì	sì	_	_	_	_	_	linguistic	_	none	_	Begin=1917.322	_	_	_	0-2(220)
732-1	BX003	732	1	esatto].	esatto	_	_	_	_	_	linguistic	_	none	Intonation=Falling	End=1918.192	_	_	_	0-6(220)
733-0	BX002	733	0	per	per	_	_	_	_	_	linguistic	_	none	_	Begin=1920.107	_	_	_	_
733-1	BX002	733	1	riparare	riparare	_	_	_	_	_	linguistic	_	none	_	_	_	_	_	_
733-2	BX002	733	2	una	una	_	_	_	_	_	linguistic	_	none	_	_	_	_	_	_
733-3	BX002	733	3	cosa	cosa	_	_	_	_	_	linguistic	_	none	_	_	_	_	_	_
733-4	BX002	733	4	[la	la	_	_	_	_	_	linguistic	_	none	_	_	_	_	_	0-2(221)
733-5	BX002	733	5	ripa]ro,	riparo	_	_	_	_	_	linguistic	_	none	Intonation=WeaklyRising	_	_	_	_	0-4(221)
733-6	BX002	733	6	però	però	_	_	_	_	_	linguistic	_	none	_	_	_	_	_	_
733-7	BX002	733	7	se	se	_	_	_	_	_	linguistic	_	none	_	_	_	_	_	_
733-8	BX002	733	8	tu	tu	_	_	_	_	_	linguistic	_	none	_	_	_	_	_	_
733-9	BX002	733	9	devi	devi	_	_	_	_	_	linguistic	_	none	_	_	_	_	_	_
733-10	BX002	733	10	par-	par-	_	_	_	_	_	linguistic	_	none	Interrupted=Yes	_	_	_	_	_
733-11	BX002	733	11	[cioè	cioè	_	_	_	_	_	linguistic	_	none	_	_	_	_	_	0-4(222)
733-12	BX002	733	12	xxxx]	xxxx	_	_	_	_	_	unknown	_	none	Syllables=4	End=1923.797	_	_	_	0-4(222)
734-0	BX001	734	0	[mh].	mh	_	_	_	_	_	linguistic	_	none	Intonation=Falling	Begin=1921.087|End=1921.497	_	_	_	0-2(221)
735-0	BX001	735	0	[da	da	_	_	_	_	_	linguistic	_	none	_	Begin=1923.007	_	_	_	0-2(222)
735-1	BX001	735	1	zero].	zero	_	_	_	_	_	linguistic	_	none	Intonation=Falling	End=1923.787	_	_	_	0-4(222)
736-0	BX002	736	0	da	da	_	_	_	_	_	linguistic	_	none	_	Begin=1923.932	_	_	_	_
736-1	BX002	736	1	zero	zero	_	_	_	_	_	linguistic	_	none	_	_	_	_	_	_
736-2	BX002	736	2	è	è	_	_	_	_	_	linguistic	_	none	_	_	_	_	_	_
736-3	BX002	736	3	difficilissi[mo]	difficilissimo	_	_	_	_	_	linguistic	_	none	_	End=1925.512	_	_	_	12-14(223)
737-0	BX001	737	0	[no	no	_	_	_	_	_	linguistic	_	none	_	Begin=1925.022	_	_	_	0-2(223)
737-1	BX001	737	1	no]	no	_	_	_	_	_	linguistic	_	none	_	_	_	_	_	0-2(223)
737-2	BX001	737	2	ma	ma	_	_	_	_	_	linguistic	_	none	_	_	_	_	_	_
737-3	BX001	737	3	infatti.	infatti	_	_	_	_	_	linguistic	_	none	Intonation=Falling	End=1925.962	_	_	_	_
738-0	BX002	738	0	poi	poi	_	_	_	_	_	linguistic	_	none	_	Begin=1926.137	_	_	_	_
738-1	BX002	738	1	ci	ci	_	_	_	_	_	linguistic	_	none	_	_	_	_	_	_
738-2	BX002	738	2	son	son	_	_	_	_	_	linguistic	_	none	_	_	_	_	_	_
738-3	BX002	738	3	tutte	tutte	_	_	_	_	_	linguistic	_	none	_	_	_	_	_	_
738-4	BX002	738	4	le	le	_	_	_	_	_	linguistic	_	none	_	_	_	_	_	_
738-5	BX002	738	5	misure,	misure	_	_	_	_	_	linguistic	_	none	Intonation=WeaklyRising	_	_	_	_	_
738-6	BX002	738	6	io	io	_	_	_	_	_	linguistic	_	none	_	_	_	_	_	_
738-7	BX002	738	7	non	non	_	_	_	_	_	linguistic	_	none	_	_	_	_	_	_
738-8	BX002	738	8	capisco	capisco	_	_	_	_	_	linguistic	_	none	_	_	_	_	_	_
738-9	BX002	738	9	niente.	niente	_	_	_	_	_	linguistic	_	none	Intonation=Falling	End=1928.557	_	_	_	_
739-0	BX001	739	0	eh	eh	_	_	_	_	_	linguistic	_	none	_	Begin=1928.562	_	_	_	_
739-1	BX001	739	1	in[fatti]	infatti	_	_	_	_	_	linguistic	_	none	_	End=1929.522	_	_	_	2-7(224)
740-0	BX003	740	0	[tutti]	tutti	_	_	_	_	_	linguistic	_	none	_	Begin=1929.067	_	_	_	0-5(224)
740-1	BX003	740	1	gli	gli	_	_	_	_	_	linguistic	_	none	_	_	_	_	_	_
740-2	BX003	740	2	orli	orli	_	_	_	_	_	linguistic	_	none	_	_	_	_	_	_
740-3	BX003	740	3	che	che	_	_	_	_	_	linguistic	_	none	_	_	_	_	_	_
740-4	BX003	740	4	devi	devi	_	_	_	_	_	linguistic	_	none	_	_	_	_	_	_
740-5	BX003	740	5	tenere,	tenere	_	_	_	_	_	linguistic	_	none	Intonation=WeaklyRising|PauseAfter=Yes	_	_	_	_	_
740-6	BX003	740	6	(.)	(.)	_	_	_	_	_	shortpause	_	none	_	_	_	_	_	_
740-7	BX003	740	7	mh.	mh	_	_	_	_	_	linguistic	_	none	Intonation=Falling	End=1930.877	_	_	_	_
741-0	BX003	741	0	mh	mh	_	_	_	_	_	linguistic	_	none	ProsodicLink=Yes	Begin=1932.587	_	_	_	_
741-1	BX003	741	1	mh.	mh	_	_	_	_	_	linguistic	_	none	Intonation=Falling	End=1932.867	_	_	_	_
742-0	BX001	742	0	eh	eh	_	_	_	_	_	linguistic	_	none	_	Begin=1932.872	_	_	_	_
742-1	BX001	742	1	(°inf-°)	inf-	_	_	_	_	_	linguistic	_	none	Interrupted=Yes|Volume=low	End=1933.372	_	_	0-4(0)	_
743-0	BX001	743	0	mio	mio	_	_	_	_	_	linguistic	_	none	_	Begin=1934.437	_	_	_	_
743-1	BX001	743	1	nonno	nonno	_	_	_	_	_	linguistic	_	none	_	_	_	_	_	_
743-2	BX001	743	2	da	da	_	_	_	_	_	linguistic	_	none	_	_	_	_	_	_
743-3	BX001	743	3	parte	parte	_	_	_	_	_	linguistic	_	none	_	_	_	_	_	_
743-4	BX001	743	4	di:	di	_	_	_	_	_	linguistic	_	none	_	_	1x1	_	_	_
743-5	BX001	743	5	di:	di	_	_	_	_	_	linguistic	_	none	_	_	1x1	_	_	_
743-6	BX001	743	6	di	di	_	_	_	_	_	linguistic	_	none	_	_	_	_	_	_
743-7	BX001	743	7	mio	mio	_	_	_	_	_	linguistic	_	none	_	_	_	_	_	_
743-8	BX001	743	8	padre	padre	_	_	_	_	_	linguistic	_	none	_	_	_	_	_	_
743-9	BX001	743	9	era,	era	_	_	_	_	_	linguistic	_	none	Intonation=WeaklyRising	_	_	_	_	_
743-10	BX001	743	10	sarto.	sarto	_	_	_	_	_	linguistic	_	none	Intonation=Falling	End=1938.337	_	_	_	_
744-0	BX002	744	0	[ah]	ah	_	_	_	_	_	linguistic	_	none	_	Begin=1938.497|End=1939.107	_	_	_	0-2(225)
745-0	BX003	745	0	[ah].	ah	_	_	_	_	_	linguistic	_	none	Intonation=Falling	Begin=1938.497|End=1939.107	_	_	_	0-2(225)
746-0	BX001	746	0	da	da	_	_	_	_	_	linguistic	_	none	_	Begin=1939.257	_	_	_	_
746-1	BX001	746	1	uomo.	uomo	_	_	_	_	_	linguistic	_	none	Intonation=Falling	_	_	_	_	_
746-2	BX001	746	2	e	e	_	_	_	_	_	linguistic	_	none	_	_	_	_	_	_
746-3	BX001	746	3	faceva	faceva	_	_	_	_	_	linguistic	_	none	_	_	_	_	_	_
746-4	BX001	746	4	solo	solo	_	_	_	_	_	linguistic	_	none	_	_	_	_	_	_
746-5	BX001	746	5	i	i	_	_	_	_	_	linguistic	_	none	_	_	_	_	_	_
746-6	BX001	746	6	i	i	_	_	_	_	_	linguistic	_	none	_	_	_	_	_	_
746-7	BX001	746	7	completi	completi	_	_	_	_	_	linguistic	_	none	_	_	_	_	_	_
746-8	BX001	746	8	no?	no	_	_	_	_	_	linguistic	_	none	Intonation=Rising	_	_	_	_	_
746-9	BX001	746	9	che	che	_	_	_	_	_	linguistic	_	none	_	_	_	_	_	_
746-10	BX001	746	10	all'	all'	_	_	_	_	_	linguistic	_	none	SpaceAfter=No	_	_	_	_	_
746-11	BX001	746	11	epoca	epoca	_	_	_	_	_	linguistic	_	none	_	_	_	_	_	_
746-12	BX001	746	12	insomma,	insomma	_	_	_	_	_	linguistic	_	none	Intonation=WeaklyRising	_	_	_	_	_
746-13	BX001	746	13	[cioè	cioè	_	_	_	_	_	linguistic	_	none	_	_	_	_	_	0-4(?)
746-14	BX001	746	14	(xx	xx	_	_	_	_	_	unknown	_	none	Syllables=2	_	_	_	0-2(0)	0-2(?)
746-15	BX001	746	15	tutti)]	tutti	_	_	_	_	_	linguistic	_	none	_	End=1945.41	_	_	0-5(0)	0-5(?)
747-0	BX002	747	0	[wow]	wow	_	_	_	_	_	linguistic	_	none	_	Begin=1943.657|End=1944.087	_	_	_	0-3(226)
748-0	BX003	748	0	[eh	eh	_	_	_	_	_	linguistic	_	none	_	Begin=1944.097	_	_	_	0-2(227)
748-1	BX003	748	1	sì].	sì	_	_	_	_	_	linguistic	_	none	Intonation=Falling	End=1944.717	_	_	_	0-2(227)
749-0	BX001	749	0	eh:::	eh	_	_	_	_	_	linguistic	_	none	_	Begin=1946.037|End=1946.837	1x3	_	_	_
750-0	BX001	750	0	e	e	_	_	_	_	_	linguistic	_	none	_	Begin=1948.012	_	_	_	_
750-1	BX001	750	1	infatti	infatti	_	_	_	_	_	linguistic	_	none	_	_	_	_	_	_
750-2	BX001	750	2	quella	quella	_	_	_	_	_	linguistic	_	none	_	_	_	_	_	_
750-3	BX001	750	3	macchina	macchina	_	_	_	_	_	linguistic	_	none	_	_	_	_	_	_
750-4	BX001	750	4	era	era	_	_	_	_	_	linguistic	_	none	_	_	_	_	_	_
750-5	BX001	750	5	sua.	sua	_	_	_	_	_	linguistic	_	none	Intonation=Falling	End=1950.302	_	_	_	_
751-0	BX001	751	0	eh	eh	_	_	_	_	_	linguistic	_	none	_	Begin=1952.162	_	_	_	_
751-1	BX001	751	1	però	però	_	_	_	_	_	linguistic	_	none	_	_	_	_	_	_
751-2	BX001	751	2	era,	era	_	_	_	_	_	linguistic	_	none	Intonation=WeaklyRising|PauseAfter=Yes	_	_	_	_	_
751-3	BX001	751	3	(.)	(.)	_	_	_	_	_	shortpause	_	none	_	_	_	_	_	_
751-4	BX001	751	4	(un	un	_	_	_	_	_	linguistic	_	none	_	_	_	_	0-2(0)	_
751-5	BX001	751	5	po')	po'	_	_	_	_	_	linguistic	_	none	_	_	_	_	0-3(0)	_
751-6	BX001	751	6	infatti	infatti	_	_	_	_	_	linguistic	_	none	_	_	_	_	_	_
751-7	BX001	751	7	mio	mio	_	_	_	_	_	linguistic	_	none	_	_	_	_	_	_
751-8	BX001	751	8	padre	padre	_	_	_	_	_	linguistic	_	none	_	_	_	_	_	_
751-9	BX001	751	9	un	un	_	_	_	_	_	linguistic	_	none	_	_	_	_	_	_
751-10	BX001	751	10	po'	po'	_	_	_	_	_	linguistic	_	none	_	_	_	_	_	_
751-11	BX001	751	11	ci,	ci	_	_	_	_	_	linguistic	_	none	Intonation=WeaklyRising	End=1955.402	_	_	_	_
752-0	BX001	752	0	sapeva	sapeva	_	_	_	_	_	linguistic	_	none	_	Begin=1955.879	_	_	_	_
752-1	BX001	752	1	un	un	_	_	_	_	_	linguistic	_	none	_	_	_	_	_	_
752-2	BX001	752	2	po'	po'	_	_	_	_	_	linguistic	_	none	_	_	_	_	_	_
752-3	BX001	752	3	armeggiare	armeggiare	_	_	_	_	_	linguistic	_	none	_	_	_	_	_	_
752-4	BX001	752	4	perché	perché	_	_	_	_	_	linguistic	_	none	_	_	_	_	_	_
752-5	BX001	752	5	chiaramente	chiaramente	_	_	_	_	_	linguistic	_	none	_	_	_	_	_	_
752-6	BX001	752	6	era,	era	_	_	_	_	_	linguistic	_	none	Intonation=WeaklyRising	_	_	_	_	_
752-7	BX001	752	7	era	era	_	_	_	_	_	linguistic	_	none	_	_	_	_	_	_
752-8	BX001	752	8	il	il	_	_	_	_	_	linguistic	_	none	_	_	_	_	_	_
752-9	BX001	752	9	garzone	garzone	_	_	_	_	_	linguistic	_	none	_	_	_	_	_	_
752-10	BX001	752	10	della	della	_	_	_	_	_	linguistic	_	none	_	_	_	_	_	_
752-11	BX001	752	11	bottega	bottega	_	_	_	_	_	linguistic	_	none	_	_	_	_	_	_
752-12	BX001	752	12	[no?	no	_	_	_	_	_	linguistic	_	none	Intonation=Rising	_	_	_	_	0-2(342)
752-13	BX001	752	13	che	che	_	_	_	_	_	linguistic	_	none	_	_	_	_	_	0-3(342)
752-14	BX001	752	14	porta]va	portava	_	_	_	_	_	linguistic	_	none	_	_	_	_	_	0-5(342)
752-15	BX001	752	15	le	le	_	_	_	_	_	linguistic	_	none	_	_	_	_	_	_
752-16	BX001	752	16	cose	cose	_	_	_	_	_	linguistic	_	none	_	_	_	_	_	_
752-17	BX001	752	17	avanti	avanti	_	_	_	_	_	linguistic	_	none	_	_	_	_	_	_
752-18	BX001	752	18	e	e	_	_	_	_	_	linguistic	_	none	_	_	_	_	_	_
752-19	BX001	752	19	indietro.	indietro	_	_	_	_	_	linguistic	_	none	Intonation=Falling	End=1962.9	_	_	_	_
753-0	BX003	753	0	[mh],	mh	_	_	_	_	_	linguistic	_	none	Intonation=WeaklyRising	Begin=1960.214|End=1960.614	_	_	_	0-2(342)
754-0	BX002	754	0	[mh].	mh	_	_	_	_	_	linguistic	_	none	Intonation=Falling	Begin=1960.599|End=1961.109	_	_	_	0-2(342)
755-0	BX001	755	0	e	e	_	_	_	_	_	linguistic	_	none	_	Begin=1964.554	_	_	_	_
755-1	BX001	755	1	però	però	_	_	_	_	_	linguistic	_	none	_	_	_	_	_	_
755-2	BX001	755	2	poi	poi	_	_	_	_	_	linguistic	_	none	_	_	_	_	_	_
755-3	BX001	755	3	insomma	insomma	_	_	_	_	_	linguistic	_	none	_	End=1965.824	_	_	_	_
756-0	BX001	756	0	lui	lui	_	_	_	_	_	linguistic	_	none	_	Begin=1966.66	_	_	_	_
756-1	BX001	756	1	ha	ha	_	_	_	_	_	linguistic	_	none	_	_	_	_	_	_
756-2	BX001	756	2	fatto	fatto	_	_	_	_	_	linguistic	_	none	_	_	_	_	_	_
756-3	BX001	756	3	tutt'	tutt'	_	_	_	_	_	linguistic	_	none	SpaceAfter=No	_	_	_	_	_
756-4	BX001	756	4	altro	altro	_	_	_	_	_	linguistic	_	none	_	_	_	_	_	_
756-5	BX001	756	5	ecco.	ecco	_	_	_	_	_	linguistic	_	none	Intonation=Falling	_	_	_	_	_
756-6	BX001	756	6	[però	però	_	_	_	_	_	linguistic	_	none	_	_	_	_	_	0-4(228)
756-7	BX001	756	7	comun]que	comunque	_	_	_	_	_	linguistic	_	none	_	_	_	_	_	0-5(228)
756-8	BX001	756	8	aveva	aveva	_	_	_	_	_	linguistic	_	none	_	_	_	_	_	_
756-9	BX001	756	9	questi	questi	_	_	_	_	_	linguistic	_	none	_	_	_	_	_	_
756-10	BX001	756	10	ricordi	ricordi	_	_	_	_	_	linguistic	_	none	_	_	_	_	_	_
756-11	BX001	756	11	no?	no	_	_	_	_	_	linguistic	_	none	Intonation=Rising	_	_	_	_	_
756-12	BX001	756	12	di,	di	_	_	_	_	_	linguistic	_	none	Intonation=WeaklyRising	End=1971.734	_	_	_	_
757-0	BX003	757	0	[eh	eh	_	_	_	_	_	linguistic	_	none	_	Begin=1968.572	_	_	_	0-2(228)
757-1	BX003	757	1	sì].	sì	_	_	_	_	_	linguistic	_	none	Intonation=Falling	End=1969.282	_	_	_	0-2(228)
758-0	BX001	758	0	di	di	_	_	_	_	_	linguistic	_	none	_	Begin=1972.494	_	_	_	_
758-1	BX001	758	1	infanzia.	infanzia	_	_	_	_	_	linguistic	_	none	Intonation=Falling|PauseAfter=Yes	_	_	_	_	_
758-2	BX001	758	2	(.)	(.)	_	_	_	_	_	shortpause	_	none	_	_	_	_	_	_
758-3	BX001	758	3	e	e	_	_	_	_	_	linguistic	_	none	_	_	_	_	_	_
758-4	BX001	758	4	c'	c'	_	_	_	_	_	linguistic	_	none	SpaceAfter=No	_	_	_	_	_
758-5	BX001	758	5	erano::	erano	_	_	_	_	_	linguistic	_	none	_	_	4x2	_	_	_
758-6	BX001	758	6	ancora	ancora	_	_	_	_	_	linguistic	_	none	_	_	_	_	_	_
758-7	BX001	758	7	a	a	_	_	_	_	_	linguistic	_	none	_	_	_	_	_	_
758-8	BX001	758	8	casa	casa	_	_	_	_	_	linguistic	_	none	_	_	_	_	_	_
758-9	BX001	758	9	di	di	_	_	_	_	_	linguistic	_	none	_	_	_	_	_	_
758-10	BX001	758	10	mia	mia	_	_	_	_	_	linguistic	_	none	_	_	_	_	_	_
758-11	BX001	758	11	nonna	nonna	_	_	_	_	_	linguistic	_	none	_	_	_	_	_	_
758-12	BX001	758	12	ci	ci	_	_	_	_	_	linguistic	_	none	_	_	_	_	_	_
758-13	BX001	758	13	son	son	_	_	_	_	_	linguistic	_	none	_	_	_	_	_	_
758-14	BX001	758	14	tipo	tipo	_	_	_	_	_	linguistic	_	none	_	_	_	_	_	_
758-15	BX001	758	15	le	le	_	_	_	_	_	linguistic	_	none	_	_	_	_	_	_
758-16	BX001	758	16	forbici,	forbici	_	_	_	_	_	linguistic	_	none	Intonation=WeaklyRising|PauseAfter=Yes	_	_	_	_	_
758-17	BX001	758	17	(.)	(.)	_	_	_	_	_	shortpause	_	none	_	_	_	_	_	_
758-18	BX001	758	18	cioè	cioè	_	_	_	_	_	linguistic	_	none	_	_	_	_	_	_
758-19	BX001	758	19	alcuni	alcuni	_	_	_	_	_	linguistic	_	none	_	_	_	_	_	_
758-20	BX001	758	20	arnesi	arnesi	_	_	_	_	_	linguistic	_	none	_	_	_	_	_	_
758-21	BX001	758	21	[eh,	eh	_	_	_	_	_	linguistic	_	none	Intonation=WeaklyRising|PauseAfter=Yes	_	_	_	_	0-2(229)
758-22	BX001	758	22	(.)	(.)	_	_	_	_	_	shortpause	_	none	_	_	_	_	_	_
758-23	BX001	758	23	quelle	quelle	_	_	_	_	_	linguistic	_	none	_	_	_	_	_	0-6(229)
758-24	BX001	758	24	cose	cose	_	_	_	_	_	linguistic	_	none	_	_	_	_	_	0-4(229)
758-25	BX001	758	25	lì	lì	_	_	_	_	_	linguistic	_	none	_	_	_	_	_	0-2(229)
758-26	BX001	758	26	sono],	sono	_	_	_	_	_	linguistic	_	none	Intonation=WeaklyRising	End=1981.594	_	_	_	0-4(229)
759-0	BX002	759	0	[(sì	sì	_	_	_	_	_	linguistic	_	none	_	Begin=1979.534	_	_	0-2(0)	0-2(229)
759-1	BX002	759	1	anche	anche	_	_	_	_	_	linguistic	_	none	_	_	_	_	0-5(0)	0-5(229)
759-2	BX002	759	2	noi	noi	_	_	_	_	_	linguistic	_	none	_	_	_	_	0-3(0)	0-3(229)
759-3	BX002	759	3	xx)]	xx	_	_	_	_	_	unknown	_	none	Syllables=2	End=1981.594	_	_	0-2(0)	0-2(229)
760-0	BX001	760	0	eh::	eh	_	_	_	_	_	linguistic	_	none	_	Begin=1981.854|End=1982.52	1x2	_	_	_
761-0	BX002	761	0	le	le	_	_	_	_	_	linguistic	_	none	_	Begin=1982.474	_	_	_	_
761-1	BX002	761	1	forbici	forbici	_	_	_	_	_	linguistic	_	none	_	_	_	_	_	_
761-2	BX002	761	2	pe[santi].	pesanti	_	_	_	_	_	linguistic	_	none	Intonation=Falling	End=1984.214	_	_	_	2-7(343)
762-0	BX003	762	0	[sì	sì	_	_	_	_	_	linguistic	_	none	_	Begin=1983.474	_	_	_	0-2(?)
762-1	BX003	762	1	sì	sì	_	_	_	_	_	linguistic	_	none	_	_	_	_	_	0-2(?)
762-2	BX003	762	2	sì	sì	_	_	_	_	_	linguistic	_	none	_	_	_	_	_	0-2(?)
762-3	BX003	762	3	enormi	enormi	_	_	_	_	_	linguistic	_	none	_	_	_	_	_	0-6(?)
762-4	BX003	762	4	e	e	_	_	_	_	_	linguistic	_	none	_	_	_	_	_	0-1(?)
762-5	BX003	762	5	pensatissime	pensatissime	_	_	_	_	_	linguistic	_	none	_	_	_	_	_	0-12(?)
762-6	BX003	762	6	che	che	_	_	_	_	_	linguistic	_	none	_	_	_	_	_	0-3(?)
762-7	BX003	762	7	quando	quando	_	_	_	_	_	linguistic	_	none	_	_	_	_	_	0-6(?)
762-8	BX003	762	8	tagli:],	tagli	_	_	_	_	_	linguistic	_	none	Intonation=WeaklyRising	End=1986.63	4x1	_	_	0-5(?)
763-0	BX001	763	0	[(e	e	_	_	_	_	_	linguistic	_	none	_	Begin=1983.814	_	_	0-1(0)	0-1(?)
763-1	BX001	763	1	gro-	gro-	_	_	_	_	_	linguistic	_	none	Interrupted=Yes	_	_	_	0-4(0)	0-4(?)
763-2	BX001	763	2	e	e	_	_	_	_	_	linguistic	_	none	_	_	_	_	0-1(0)	0-1(?)
763-3	BX001	763	3	grossissime)	grossissime	_	_	_	_	_	linguistic	_	none	_	_	_	_	0-11(0)	0-11(?)
763-4	BX001	763	4	((ride))]	((ride))	_	_	_	_	_	nonverbalbehavior	_	none	_	End=1985.354	_	_	_	0-4(?)
764-0	BX002	764	0	[ma	ma	_	_	_	_	_	linguistic	_	none	_	Begin=1984.549	_	_	_	0-2(344)
764-1	BX002	764	1	che	che	_	_	_	_	_	linguistic	_	none	_	_	_	_	_	0-3(344)
764-2	BX002	764	2	(cazzo)	cazzo	_	_	_	_	_	linguistic	_	none	_	_	_	_	0-5(0)	0-5(344)
764-3	BX002	764	3	cioè],	cioè	_	_	_	_	_	linguistic	_	none	Intonation=WeaklyRising	End=1985.949	_	_	_	0-4(344)
765-0	BX001	765	0	sì	sì	_	_	_	_	_	linguistic	_	none	_	Begin=1986.624	_	_	_	_
765-1	BX001	765	1	però,	però	_	_	_	_	_	linguistic	_	none	Intonation=WeaklyRising	_	_	_	_	_
765-2	BX001	765	2	cioè	cioè	_	_	_	_	_	linguistic	_	none	_	_	_	_	_	_
765-3	BX001	765	3	però	però	_	_	_	_	_	linguistic	_	none	_	_	_	_	_	_
765-4	BX001	765	4	ti	ti	_	_	_	_	_	linguistic	_	none	_	_	_	_	_	_
765-5	BX001	765	5	ti	ti	_	_	_	_	_	linguistic	_	none	_	_	_	_	_	_
765-6	BX001	765	6	mozzi	mozzi	_	_	_	_	_	linguistic	_	none	_	_	_	_	_	_
765-7	BX001	765	7	un	un	_	_	_	_	_	linguistic	_	none	_	_	_	_	_	_
765-8	BX001	765	8	dito	dito	_	_	_	_	_	linguistic	_	none	_	_	_	_	_	_
765-9	BX001	765	9	eh.	eh	_	_	_	_	_	linguistic	_	none	Intonation=Falling|PauseAfter=Yes	_	_	_	_	_
765-10	BX001	765	10	(.)	(.)	_	_	_	_	_	shortpause	_	none	_	_	_	_	_	_
765-11	BX001	765	11	[cioè	cioè	_	_	_	_	_	linguistic	_	none	_	_	_	_	_	0-4(232)
765-12	BX001	765	12	ta]gliano::	tagliano	_	_	_	_	_	linguistic	_	none	PauseAfter=Yes	_	7x2	_	_	0-2(232)
765-13	BX001	765	13	(.)	(.)	_	_	_	_	_	shortpause	_	none	_	_	_	_	_	_
765-14	BX001	765	14	cioè	cioè	_	_	_	_	_	linguistic	_	none	_	_	_	_	_	_
765-15	BX001	765	15	pazzesco.	pazzesco	_	_	_	_	_	linguistic	_	none	Intonation=Falling	End=1991.73	_	_	_	_
766-0	BX002	766	0	[sì	sì	_	_	_	_	_	linguistic	_	none	_	Begin=1988.847	_	_	_	0-2(232)
766-1	BX002	766	1	sì	sì	_	_	_	_	_	linguistic	_	none	_	_	_	_	_	0-2(232)
766-2	BX002	766	2	sì]	sì	_	_	_	_	_	linguistic	_	none	_	End=1989.637	_	_	_	0-2(232)
767-0	BX004	767	0	ah	ah	_	_	_	_	_	linguistic	_	none	_	Begin=1991.727	_	_	_	_
767-1	BX004	767	1	però.	però	_	_	_	_	_	linguistic	_	none	Intonation=Falling	End=1992.227	_	_	_	_
768-0	BX001	768	0	cioè	cioè	_	_	_	_	_	linguistic	_	none	_	Begin=1992.572	_	_	_	_
768-1	BX001	768	1	[eh::]	eh	_	_	_	_	_	linguistic	_	none	_	End=1993.362	1x2	_	_	0-2(234)
769-0	BX002	769	0	[la	la	_	_	_	_	_	linguistic	_	none	_	Begin=1992.882	_	_	_	0-2(234)
769-1	BX002	769	1	ceso]ia	cesoia	_	_	_	_	_	linguistic	_	none	_	_	_	_	_	0-4(234)
769-2	BX002	769	2	cioè,	cioè	_	_	_	_	_	linguistic	_	none	Intonation=WeaklyRising	_	_	_	_	_
769-3	BX002	769	3	((ride))	((ride))	_	_	_	_	_	nonverbalbehavior	_	none	_	End=1994.13	_	_	_	_
770-0	BX001	770	0	esatto.	esatto	_	_	_	_	_	linguistic	_	none	Intonation=Falling	Begin=1994.112	_	_	_	_
770-1	BX001	770	1	cioè:	cioè	_	_	_	_	_	linguistic	_	none	_	_	3x1	_	_	_
770-2	BX001	770	2	roba	roba	_	_	_	_	_	linguistic	_	none	_	_	_	_	_	_
770-3	BX001	770	3	che	che	_	_	_	_	_	linguistic	_	none	_	_	_	_	_	_
770-4	BX001	770	4	che	che	_	_	_	_	_	linguistic	_	none	_	_	_	_	_	_
770-5	BX001	770	5	[>(funziona)	funziona	_	_	_	_	_	linguistic	_	none	_	_	_	Fast=0-8(0)	0-8(0)	0-8(345)
770-6	BX001	770	6	proprio	proprio	_	_	_	_	_	linguistic	_	none	_	_	_	Fast=0-7(0)	_	0-7(345)
770-7	BX001	770	7	bene<.]	bene	_	_	_	_	_	linguistic	_	none	Intonation=Falling|PauseAfter=Yes	_	_	Fast=0-4(0)	_	0-4(345)
770-8	BX001	770	8	(.)	(.)	_	_	_	_	_	shortpause	_	none	_	_	_	_	_	_
770-9	BX001	770	9	xx,	xx	_	_	_	_	_	linguistic	_	none	Intonation=WeaklyRising	End=1997.672	_	_	_	_
771-0	BX002	771	0	[(si	si	_	_	_	_	_	linguistic	_	none	_	Begin=1995.492	_	_	_	0-2(345)
771-1	BX002	771	1	è	è	_	_	_	_	_	linguistic	_	none	_	_	_	_	_	0-1(345)
771-2	BX002	771	2	per	per	_	_	_	_	_	linguistic	_	none	_	_	_	_	_	0-3(345)
771-3	BX002	771	3	tagliare	tagliare	_	_	_	_	_	linguistic	_	none	_	_	_	_	_	0-8(345)
771-4	BX002	771	4	(i)	i	_	_	_	_	_	linguistic	_	none	_	_	_	_	_	0-1(345)
771-5	BX002	771	5	xxxx	xxxx	_	_	_	_	_	unknown	_	none	Syllables=4	_	_	_	_	0-4(345)
771-6	BX002	771	6	((ride))]	((ride))	_	_	_	_	_	nonverbalbehavior	_	none	_	End=1997.672	_	_	_	0-4(345)
772-0	BX003	772	0	[((ride))]	((ride))	_	_	_	_	_	nonverbalbehavior	_	none	_	Begin=1996.912|End=1997.682	_	_	_	0-4(345)
773-0	BX001	773	0	sì	sì	_	_	_	_	_	linguistic	_	none	_	Begin=1998.182	_	_	_	_
773-1	BX001	773	1	sì.	sì	_	_	_	_	_	linguistic	_	none	Intonation=Falling	End=1998.532	_	_	_	_
774-0	BX002	774	0	(da)	da	_	_	_	_	_	linguistic	_	none	_	Begin=1998.812	_	_	0-2(0)	_
774-1	BX002	774	1	giardinaggio.	giardinaggio	_	_	_	_	_	linguistic	_	none	Intonation=Falling	End=2000.092	_	_	_	_
775-0	BX001	775	0	sì	sì	_	_	_	_	_	linguistic	_	none	_	Begin=2000.302	_	_	_	_
775-1	BX001	775	1	eh	eh	_	_	_	_	_	linguistic	_	none	_	_	_	_	_	_
775-2	BX001	775	2	lì	lì	_	_	_	_	_	linguistic	_	none	_	_	_	_	_	_
775-3	BX001	775	3	sono::,	sono	_	_	_	_	_	linguistic	_	none	Intonation=WeaklyRising	End=2001.932	3x2	_	_	_
776-0	BX001	776	0	un	un	_	_	_	_	_	linguistic	_	none	_	Begin=2002.482	_	_	_	_
776-1	BX001	776	1	po'	po'	_	_	_	_	_	linguistic	_	none	_	_	_	_	_	_
776-2	BX001	776	2	[di	di	_	_	_	_	_	linguistic	_	none	_	_	_	_	_	0-2(236)
776-3	BX001	776	3	di]	di	_	_	_	_	_	linguistic	_	none	_	_	_	_	_	0-2(236)
776-4	BX001	776	4	di	di	_	_	_	_	_	linguistic	_	none	_	_	_	_	_	_
776-5	BX001	776	5	reperti	reperti	_	_	_	_	_	linguistic	_	none	_	_	_	_	_	_
776-6	BX001	776	6	d'	d'	_	_	_	_	_	linguistic	_	none	SpaceAfter=No	_	_	_	_	_
776-7	BX001	776	7	epoca	epoca	_	_	_	_	_	linguistic	_	none	_	_	_	_	_	_
776-8	BX001	776	8	ci	ci	_	_	_	_	_	linguistic	_	none	_	_	_	_	_	_
776-9	BX001	776	9	sono,	sono	_	_	_	_	_	linguistic	_	none	Intonation=WeaklyRising	End=2004.82	_	_	_	_
777-0	BX003	777	0	[xxxx]	xxxx	_	_	_	_	_	unknown	_	none	Syllables=4	Begin=2002.626|End=2003.186	_	_	_	0-4(236)
778-0	BX002	778	0	no	no	_	_	_	_	_	linguistic	_	none	_	Begin=2005.846	_	_	_	_
778-1	BX002	778	1	ma	ma	_	_	_	_	_	linguistic	_	none	_	_	_	_	_	_
778-2	BX002	778	2	io	io	_	_	_	_	_	linguistic	_	none	_	_	_	_	_	_
778-3	BX002	778	3	ho	ho	_	_	_	_	_	linguistic	_	none	_	_	_	_	_	_
778-4	BX002	778	4	la	la	_	_	_	_	_	linguistic	_	none	_	_	_	_	_	_
778-5	BX002	778	5	soffitta	soffitta	_	_	_	_	_	linguistic	_	none	_	_	_	_	_	_
778-6	BX002	778	6	piena	piena	_	_	_	_	_	linguistic	_	none	_	_	_	_	_	_
778-7	BX002	778	7	adesso,	adesso	_	_	_	_	_	linguistic	_	none	Intonation=WeaklyRising	_	_	_	_	_
778-8	BX002	778	8	di	di	_	_	_	_	_	linguistic	_	none	_	_	_	_	_	_
778-9	BX002	778	9	tutti	tutti	_	_	_	_	_	linguistic	_	none	_	_	_	_	_	_
778-10	BX002	778	10	i	i	_	_	_	_	_	linguistic	_	none	_	_	_	_	_	_
778-11	BX002	778	11	vestiti,	vestiti	_	_	_	_	_	linguistic	_	none	Intonation=WeaklyRising|PauseAfter=Yes	_	_	_	_	_
778-12	BX002	778	12	(.)	(.)	_	_	_	_	_	shortpause	_	none	_	_	_	_	_	_
778-13	BX002	778	13	cioè	cioè	_	_	_	_	_	linguistic	_	none	_	_	_	_	_	_
778-14	BX002	778	14	tipo	tipo	_	_	_	_	_	linguistic	_	none	_	_	_	_	_	_
778-15	BX002	778	15	mh:	mh	_	_	_	_	_	linguistic	_	none	_	_	1x1	_	_	_
778-16	BX002	778	16	tessuti	tessuti	_	_	_	_	_	linguistic	_	none	_	_	_	_	_	_
778-17	BX002	778	17	che	che	_	_	_	_	_	linguistic	_	none	_	_	_	_	_	_
778-18	BX002	778	18	aveva	aveva	_	_	_	_	_	linguistic	_	none	_	_	_	_	_	_
778-19	BX002	778	19	mia	mia	_	_	_	_	_	linguistic	_	none	_	_	_	_	_	_
778-20	BX002	778	20	nonna,	nonna	_	_	_	_	_	linguistic	_	none	Intonation=WeaklyRising	End=2011.696	_	_	_	_
779-0	BX003	779	0	che	che	_	_	_	_	_	linguistic	_	none	_	Begin=2011.706	_	_	_	_
779-1	BX003	779	1	[be:llo]	bello	_	_	_	_	_	linguistic	_	none	_	End=2012.47	1x1	_	_	0-5(237)
780-0	BX002	780	0	[pel]licce	pellicce	_	_	_	_	_	linguistic	_	none	_	Begin=2012.046	_	_	_	0-3(237)
780-1	BX002	780	1	che	che	_	_	_	_	_	linguistic	_	none	_	_	_	_	_	_
780-2	BX002	780	2	aveva	aveva	_	_	_	_	_	linguistic	_	none	_	_	_	_	_	_
780-3	BX002	780	3	mia	mia	_	_	_	_	_	linguistic	_	none	_	_	_	_	_	_
780-4	BX002	780	4	nonna,	nonna	_	_	_	_	_	linguistic	_	none	Intonation=WeaklyRising	_	_	_	_	_
780-5	BX002	780	5	quelle	quelle	_	_	_	_	_	linguistic	_	none	_	_	_	_	_	_
780-6	BX002	780	6	meno	meno	_	_	_	_	_	linguistic	_	none	_	_	_	_	_	_
780-7	BX002	780	7	bello.	bello	_	_	_	_	_	linguistic	_	none	Intonation=Falling	End=2014.366	_	_	_	_
781-0	BX003	781	0	eh	eh	_	_	_	_	_	linguistic	_	none	_	Begin=2014.511	_	_	_	_
781-1	BX003	781	1	no	no	_	_	_	_	_	linguistic	_	none	_	_	_	_	_	_
781-2	BX003	781	2	le	le	_	_	_	_	_	linguistic	_	none	_	_	_	_	_	_
781-3	BX003	781	3	pellice	pellice	_	_	_	_	_	linguistic	_	none	_	_	_	_	_	_
781-4	BX003	781	4	[no]	no	_	_	_	_	_	linguistic	_	none	PauseAfter=Yes	_	_	_	_	0-2(238)
781-5	BX003	781	5	(.)	(.)	_	_	_	_	_	shortpause	_	none	_	_	_	_	_	_
781-6	BX003	781	6	>quello	quello	_	_	_	_	_	linguistic	_	none	_	_	_	Fast=0-6(0)	_	_
781-7	BX003	781	7	meno	meno	_	_	_	_	_	linguistic	_	none	_	_	_	Fast=0-4(0)	_	_
781-8	BX003	781	8	bello<	bello	_	_	_	_	_	linguistic	_	none	_	End=2016.34	_	Fast=0-5(0)	_	_
782-0	BX001	782	0	[mh].	mh	_	_	_	_	_	linguistic	_	none	Intonation=Falling	Begin=2015.246|End=2015.586	_	_	_	0-2(238)
783-0	BX002	783	0	però	però	_	_	_	_	_	linguistic	_	none	_	Begin=2016.346	_	_	_	_
783-1	BX002	783	1	tessuti	tessuti	_	_	_	_	_	linguistic	_	none	_	_	_	_	_	_
783-2	BX002	783	2	tantissimi	tantissimi	_	_	_	_	_	linguistic	_	none	_	_	_	_	_	_
783-3	BX002	783	3	e:,	e	_	_	_	_	_	linguistic	_	none	Intonation=WeaklyRising	End=2018.516	0x1	_	_	_
784-0	BX002	784	0	e	e	_	_	_	_	_	linguistic	_	none	_	Begin=2018.776	_	_	_	_
784-1	BX002	784	1	tutte	tutte	_	_	_	_	_	linguistic	_	none	_	_	_	_	_	_
784-2	BX002	784	2	ste	ste	_	_	_	_	_	linguistic	_	none	_	_	_	_	_	_
784-3	BX002	784	3	forbici	forbici	_	_	_	_	_	linguistic	_	none	_	_	_	_	_	_
784-4	BX002	784	4	sti	sti	_	_	_	_	_	linguistic	_	none	_	_	_	_	_	_
784-5	BX002	784	5	arnesi,	arnesi	_	_	_	_	_	linguistic	_	none	Intonation=WeaklyRising	End=2020.796	_	_	_	_
785-0	BX002	785	0	matasse,	matasse	_	_	_	_	_	linguistic	_	none	Intonation=WeaklyRising	Begin=2021.331	_	_	_	_
785-1	BX002	785	1	cose,	cose	_	_	_	_	_	linguistic	_	none	Intonation=WeaklyRising	_	_	_	_	_
785-2	BX002	785	2	lana:,	lana	_	_	_	_	_	linguistic	_	none	Intonation=WeaklyRising	End=2023.391	3x1	_	_	_
786-0	BX002	786	0	e	e	_	_	_	_	_	linguistic	_	none	_	Begin=2023.856	_	_	_	_
786-1	BX002	786	1	mio	mio	_	_	_	_	_	linguistic	_	none	_	_	_	_	_	_
786-2	BX002	786	2	padre,	padre	_	_	_	_	_	linguistic	_	none	Intonation=WeaklyRising	_	_	_	_	_
786-3	BX002	786	3	ha	ha	_	_	_	_	_	linguistic	_	none	_	_	_	_	_	_
786-4	BX002	786	4	buttato	buttato	_	_	_	_	_	linguistic	_	none	_	_	_	_	_	_
786-5	BX002	786	5	via,	via	_	_	_	_	_	linguistic	_	none	Intonation=WeaklyRising	_	_	_	_	_
786-6	BX002	786	6	cioè	cioè	_	_	_	_	_	linguistic	_	none	_	_	_	_	_	_
786-7	BX002	786	7	io	io	_	_	_	_	_	linguistic	_	none	_	_	_	_	_	_
786-8	BX002	786	8	durante	durante	_	_	_	_	_	linguistic	_	none	_	_	_	_	_	_
786-9	BX002	786	9	la	la	_	_	_	_	_	linguistic	_	none	_	_	_	_	_	_
786-10	BX002	786	10	quarantena	quarantena	_	_	_	_	_	linguistic	_	none	_	_	_	_	_	_
786-11	BX002	786	11	volevo,	volevo	_	_	_	_	_	linguistic	_	none	Intonation=WeaklyRising	_	_	_	_	_
786-12	BX002	786	12	eh	eh	_	_	_	_	_	linguistic	_	none	_	_	_	_	_	_
786-13	BX002	786	13	esatto.	esatto	_	_	_	_	_	linguistic	_	none	Intonation=Falling	_	_	_	_	_
786-14	BX002	786	14	io	io	_	_	_	_	_	linguistic	_	none	_	_	_	_	_	_
786-15	BX002	786	15	[durante	durante	_	_	_	_	_	linguistic	_	none	_	_	_	_	_	0-7(239)
786-16	BX002	786	16	la	la	_	_	_	_	_	linguistic	_	none	_	_	_	_	_	0-2(239)
786-17	BX002	786	17	quarantena]	quarantena	_	_	_	_	_	linguistic	_	none	_	_	_	_	_	0-10(239)
786-18	BX002	786	18	volevo	volevo	_	_	_	_	_	linguistic	_	none	_	_	_	_	_	_
786-19	BX002	786	19	imparare	imparare	_	_	_	_	_	linguistic	_	none	_	_	_	_	_	_
786-20	BX002	786	20	a	a	_	_	_	_	_	linguistic	_	none	_	_	_	_	_	_
786-21	BX002	786	21	fare:	fare	_	_	_	_	_	linguistic	_	none	_	End=2030.729	3x1	_	_	_
787-0	BX001	787	0	[((ride))]	((ride))	_	_	_	_	_	nonverbalbehavior	_	none	_	Begin=2028.246|End=2028.886	_	_	_	0-4(239)
788-0	BX002	788	0	a	a	_	_	_	_	_	linguistic	_	none	_	Begin=2031.008	_	_	_	_
788-1	BX002	788	1	maglia,	maglia	_	_	_	_	_	linguistic	_	none	Intonation=WeaklyRising	End=2031.603	_	_	_	_
789-0	BX002	789	0	ha	ha	_	_	_	_	_	linguistic	_	none	_	Begin=2031.816	_	_	_	_
789-1	BX002	789	1	butta[to	buttato	_	_	_	_	_	linguistic	_	none	_	_	_	_	_	5-7(240)
789-2	BX002	789	2	via]	via	_	_	_	_	_	linguistic	_	none	_	_	_	_	_	0-3(240)
789-3	BX002	789	3	tutti,	tutti	_	_	_	_	_	linguistic	_	none	Intonation=WeaklyRising|PauseAfter=Yes	_	_	_	_	_
789-4	BX002	789	4	(.)	(.)	_	_	_	_	_	shortpause	_	none	_	_	_	_	_	_
789-5	BX002	789	5	tutti,	tutti	_	_	_	_	_	linguistic	_	none	Intonation=WeaklyRising|PauseAfter=Yes	_	_	_	_	_
789-6	BX002	789	6	(.)	(.)	_	_	_	_	_	shortpause	_	none	_	_	_	_	_	_
789-7	BX002	789	7	tutti	tutti	_	_	_	_	_	linguistic	_	none	PauseAfter=Yes	_	_	_	_	_
789-8	BX002	789	8	(.)	(.)	_	_	_	_	_	shortpause	_	none	_	_	_	_	_	_
789-9	BX002	789	9	i	i	_	_	_	_	_	linguistic	_	none	_	_	_	_	_	_
789-10	BX002	789	10	ferri.	ferri	_	_	_	_	_	linguistic	_	none	Intonation=Falling	End=2035.9	_	_	_	_
790-0	BX001	790	0	[(xx)]	xx	_	_	_	_	_	unknown	_	none	Syllables=2	Begin=2032.266|End=2032.696	_	_	0-2(0)	0-2(240)
791-0	BX002	791	0	[tutti	tutti	_	_	_	_	_	linguistic	_	none	_	Begin=2036.643	_	_	_	0-5(241)
791-1	BX002	791	1	i	i	_	_	_	_	_	linguistic	_	none	_	_	_	_	_	0-1(241)
791-2	BX002	791	2	ferri].	ferri	_	_	_	_	_	linguistic	_	none	Intonation=Falling	_	_	_	_	0-5(241)
791-3	BX002	791	3	adesso	adesso	_	_	_	_	_	linguistic	_	none	_	_	_	_	_	_
791-4	BX002	791	4	mi	mi	_	_	_	_	_	linguistic	_	none	_	_	_	_	_	_
791-5	BX002	791	5	tocca	tocca	_	_	_	_	_	linguistic	_	none	_	_	_	_	_	_
791-6	BX002	791	6	comprarli	comprarli	_	_	_	_	_	linguistic	_	none	_	_	_	_	_	_
791-7	BX002	791	7	se	se	_	_	_	_	_	linguistic	_	none	_	_	_	_	_	_
791-8	BX002	791	8	voglio	voglio	_	_	_	_	_	linguistic	_	none	_	_	_	_	_	_
791-9	BX002	791	9	imparare.	imparare	_	_	_	_	_	linguistic	_	none	Intonation=Falling	End=2039.693	_	_	_	_
792-0	BX001	792	0	[no::]	no	_	_	_	_	_	linguistic	_	none	_	Begin=2036.643|End=2037.693	1x2	_	_	0-2(241)
793-0	BX002	793	0	[con	con	_	_	_	_	_	linguistic	_	none	_	Begin=2041.063	_	_	_	0-3(242)
793-1	BX002	793	1	tutti	tutti	_	_	_	_	_	linguistic	_	none	_	_	_	_	_	0-5(242)
793-2	BX002	793	2	quelli	quelli	_	_	_	_	_	linguistic	_	none	_	_	_	_	_	0-6(242)
793-3	BX002	793	3	che	che	_	_	_	_	_	linguistic	_	none	_	_	_	_	_	0-3(242)
793-4	BX002	793	4	c'	c'	_	_	_	_	_	linguistic	_	none	SpaceAfter=No	_	_	_	_	0-2(242)
793-5	BX002	793	5	erano].	erano	_	_	_	_	_	linguistic	_	none	Intonation=Falling|PauseAfter=Yes	_	_	_	_	0-5(242)
793-6	BX002	793	6	(.)	(.)	_	_	_	_	_	shortpause	_	none	_	_	_	_	_	_
793-7	BX002	793	7	ci	ci	_	_	_	_	_	linguistic	_	none	_	_	_	_	_	_
793-8	BX002	793	8	saran	saran	_	_	_	_	_	linguistic	_	none	_	_	_	_	_	_
793-9	BX002	793	9	stati	stati	_	_	_	_	_	linguistic	_	none	_	_	_	_	_	_
793-10	BX002	793	10	venti	venti	_	_	_	_	_	linguistic	_	none	_	_	_	_	_	_
793-11	BX002	793	11	ferri.	ferri	_	_	_	_	_	linguistic	_	none	Intonation=Falling	End=2044.323	_	_	_	_
794-0	BX001	794	0	[no::	no	_	_	_	_	_	linguistic	_	none	_	Begin=2041.078	1x2	_	_	0-2(242)
794-1	BX001	794	1	xx]	xx	_	_	_	_	_	unknown	_	none	Syllables=2	End=2042.268	_	_	_	0-2(242)
795-0	BX002	795	0	cioè	cioè	_	_	_	_	_	linguistic	_	none	_	Begin=2045.048	_	_	_	_
795-1	BX002	795	1	dieci	dieci	_	_	_	_	_	linguistic	_	none	_	_	_	_	_	_
795-2	BX002	795	2	paia	paia	_	_	_	_	_	linguistic	_	none	_	_	_	_	_	_
795-3	BX002	795	3	di	di	_	_	_	_	_	linguistic	_	none	_	_	_	_	_	_
795-4	BX002	795	4	ferri.	ferri	_	_	_	_	_	linguistic	_	none	Intonation=Falling|PauseAfter=Yes	_	_	_	_	_
795-5	BX002	795	5	(.)	(.)	_	_	_	_	_	shortpause	_	none	_	_	_	_	_	_
795-6	BX002	795	6	di	di	_	_	_	_	_	linguistic	_	none	_	_	_	_	_	_
795-7	BX002	795	7	sicuro	sicuro	_	_	_	_	_	linguistic	_	none	_	_	_	_	_	_
795-8	BX002	795	8	dieci	dieci	_	_	_	_	_	linguistic	_	none	_	_	_	_	_	_
795-9	BX002	795	9	paia	paia	_	_	_	_	_	linguistic	_	none	_	_	_	_	_	_
795-10	BX002	795	10	[di	di	_	_	_	_	_	linguistic	_	none	_	_	_	_	_	0-2(243)
795-11	BX002	795	11	sicuro].	sicuro	_	_	_	_	_	linguistic	_	none	Intonation=Falling	End=2047.808	_	_	_	0-6(243)
796-0	BX001	796	0	[(madòma	madòma	_	_	_	_	_	linguistic	_	none	_	Begin=2047.498	_	_	0-6(0)	0-6(243)
796-1	BX001	796	1	dai)]	dai	_	_	_	_	_	linguistic	_	none	_	End=2047.988	_	_	0-3(0)	0-3(243)
797-0	BX002	797	0	e	e	_	_	_	_	_	linguistic	_	none	_	Begin=2048.038	_	_	_	_
797-1	BX002	797	1	tutti	tutti	_	_	_	_	_	linguistic	_	none	_	_	_	_	_	_
797-2	BX002	797	2	belli	belli	_	_	_	_	_	linguistic	_	none	_	_	_	_	_	_
797-3	BX002	797	3	di	di	_	_	_	_	_	linguistic	_	none	_	_	_	_	_	_
797-4	BX002	797	4	ottone,	ottone	_	_	_	_	_	linguistic	_	none	Intonation=WeaklyRising|PauseAfter=Yes	_	_	_	_	_
797-5	BX002	797	5	(.)	(.)	_	_	_	_	_	shortpause	_	none	_	_	_	_	_	_
797-6	BX002	797	6	colo[rati],	colorati	_	_	_	_	_	linguistic	_	none	Intonation=WeaklyRising	End=2050.678	_	_	_	4-8(244)
798-0	BX001	798	0	[eh	eh	_	_	_	_	_	linguistic	_	none	_	Begin=2050.093	_	_	_	0-2(244)
798-1	BX001	798	1	sì	sì	_	_	_	_	_	linguistic	_	none	_	_	_	_	_	0-2(244)
798-2	BX001	798	2	be']	be'	_	_	_	_	_	linguistic	_	none	Truncated=Yes	_	_	_	_	0-3(244)
798-3	BX001	798	3	era:	era	_	_	_	_	_	linguistic	_	none	_	_	2x1	_	_	_
798-4	BX001	798	4	un	un	_	_	_	_	_	linguistic	_	none	_	_	_	_	_	_
798-5	BX001	798	5	alt-	alt-	_	_	_	_	_	linguistic	_	none	Interrupted=Yes	_	_	_	_	_
798-6	BX001	798	6	cioè	cioè	_	_	_	_	_	linguistic	_	none	PauseAfter=Yes	_	_	_	_	_
798-7	BX001	798	7	(.)	(.)	_	_	_	_	_	shortpause	_	none	_	_	_	_	_	_
798-8	BX001	798	8	però:	però	_	_	_	_	_	linguistic	_	none	_	End=2053.273	3x1	_	_	_
799-0	BX002	799	0	tutti	tutti	_	_	_	_	_	linguistic	_	none	_	Begin=2053.608	_	_	_	_
799-1	BX002	799	1	li	li	_	_	_	_	_	linguistic	_	none	_	_	_	_	_	_
799-2	BX002	799	2	ha	ha	_	_	_	_	_	linguistic	_	none	_	_	_	_	_	_
799-3	BX002	799	3	buttati	buttati	_	_	_	_	_	linguistic	_	none	_	_	_	_	_	_
799-4	BX002	799	4	via.	via	_	_	_	_	_	linguistic	_	none	Intonation=Falling	End=2054.758	_	_	_	_
800-0	BX001	800	0	ma	ma	_	_	_	_	_	linguistic	_	none	_	Begin=2055.128	_	_	_	_
800-1	BX001	800	1	dai.	dai	_	_	_	_	_	linguistic	_	none	Intonation=Falling	End=2055.7805	_	_	_	_
801-0	BX002	801	0	mi	mi	_	_	_	_	_	linguistic	_	none	_	Begin=2055.7805	_	_	_	_
801-1	BX002	801	1	sono	sono	_	_	_	_	_	linguistic	_	none	_	_	_	_	_	_
801-2	BX002	801	2	incazzata	incazzata	_	_	_	_	_	linguistic	_	none	_	_	_	_	_	_
801-3	BX002	801	3	tantissimo.	tantissimo	_	_	_	_	_	linguistic	_	none	Intonation=Falling	End=2057.243	_	_	_	_
802-0	BX003	802	0	((ride))	((ride))	_	_	_	_	_	nonverbalbehavior	_	none	_	Begin=2058.713	_	_	_	_
802-1	BX003	802	1	poi	poi	_	_	_	_	_	linguistic	_	none	_	_	_	_	_	_
802-2	BX003	802	2	perché?	perché	_	_	_	_	_	linguistic	_	none	Intonation=Rising|PauseAfter=Yes	_	_	_	_	_
802-3	BX003	802	3	(.)	(.)	_	_	_	_	_	shortpause	_	none	_	_	_	_	_	_
802-4	BX003	802	4	cioè	cioè	_	_	_	_	_	linguistic	_	none	_	_	_	_	_	_
802-5	BX003	802	5	se	se	_	_	_	_	_	linguistic	_	none	_	_	_	_	_	_
802-6	BX003	802	6	rimanevano	rimanevano	_	_	_	_	_	linguistic	_	none	_	_	_	_	_	_
802-7	BX003	802	7	lì	lì	_	_	_	_	_	linguistic	_	none	_	_	_	_	_	_
802-8	BX003	802	8	cioè	cioè	_	_	_	_	_	linguistic	_	none	_	_	_	_	_	_
802-9	BX003	802	9	doveva	doveva	_	_	_	_	_	linguistic	_	none	_	_	_	_	_	_
802-10	BX003	802	10	[fare	fare	_	_	_	_	_	linguistic	_	none	_	_	_	_	_	0-4(245)
802-11	BX003	802	11	un	un	_	_	_	_	_	linguistic	_	none	_	_	_	_	_	0-2(245)
802-12	BX003	802	12	po'	po'	_	_	_	_	_	linguistic	_	none	_	_	_	_	_	0-3(245)
802-13	BX003	802	13	di],	di	_	_	_	_	_	linguistic	_	none	Intonation=WeaklyRising	End=2063.25	_	_	_	0-2(245)
803-0	BX002	803	0	[(ma	ma	_	_	_	_	_	linguistic	_	none	_	Begin=2062.393	_	_	0-2(0)	0-2(245)
803-1	BX002	803	1	che	che	_	_	_	_	_	linguistic	_	none	_	_	_	_	0-3(0)	0-3(245)
803-2	BX002	803	2	cazzo]	cazzo	_	_	_	_	_	linguistic	_	none	_	_	_	_	0-5(0)	0-5(245)
803-3	BX002	803	3	ne	ne	_	_	_	_	_	linguistic	_	none	_	_	_	_	0-2(0)	_
803-4	BX002	803	4	so)	so	_	_	_	_	_	linguistic	_	none	_	End=2063.66	_	_	0-2(0)	_
804-0	BX001	804	0	[((ride))	((ride))	_	_	_	_	_	nonverbalbehavior	_	none	_	Begin=2063.641	_	_	_	0-4(346)
804-1	BX001	804	1	sì	sì	_	_	_	_	_	linguistic	_	none	_	_	_	_	_	0-2(346)
804-2	BX001	804	2	gli	gli	_	_	_	_	_	linguistic	_	none	_	_	_	_	_	0-3(346)
804-3	BX001	804	3	è	è	_	_	_	_	_	linguistic	_	none	_	_	_	_	_	0-1(346)
804-4	BX001	804	4	presa,	presa	_	_	_	_	_	linguistic	_	none	Intonation=WeaklyRising|PauseAfter=Yes	_	_	_	_	0-5(346)
804-5	BX001	804	5	(.)	(.)	_	_	_	_	_	shortpause	_	none	_	_	_	_	_	_
804-6	BX001	804	6	bum	bum	_	_	_	_	_	linguistic	_	none	PauseAfter=Yes	_	_	_	_	0-3(346)
804-7	BX001	804	7	(.)]	(.)	_	_	_	_	_	shortpause	_	none	_	_	_	_	_	_
804-8	BX001	804	8	[via].	via	_	_	_	_	_	linguistic	_	none	Intonation=Falling	End=2067.081	_	_	_	0-3(347)
805-0	BX003	805	0	[((ride))]	((ride))	_	_	_	_	_	nonverbalbehavior	_	none	_	Begin=2063.641|End=2067.081	_	_	_	0-4(347)
806-0	BX002	806	0	[sì	sì	_	_	_	_	_	linguistic	_	none	_	Begin=2066.446	_	_	_	0-2(347)
806-1	BX002	806	1	sì]	sì	_	_	_	_	_	linguistic	_	none	_	End=2067.116	_	_	_	0-2(347)
807-0	BX001	807	0	alè	alè	_	_	_	_	_	linguistic	_	none	_	Begin=2067.696|End=2068.196	_	_	_	_
808-0	BX003	808	0	sono	sono	_	_	_	_	_	linguistic	_	none	_	Begin=2068.041	_	_	_	_
808-1	BX003	808	1	anche	anche	_	_	_	_	_	linguistic	_	none	_	_	_	_	_	_
808-2	BX003	808	2	riutilizzabili	riutilizzabili	_	_	_	_	_	linguistic	_	none	_	_	_	_	_	_
808-3	BX003	808	3	se	se	_	_	_	_	_	linguistic	_	none	_	_	_	_	_	_
808-4	BX003	808	4	[vuoi	vuoi	_	_	_	_	_	linguistic	_	none	_	_	_	_	_	0-4(?)
808-5	BX003	808	5	li	li	_	_	_	_	_	linguistic	_	none	_	_	_	_	_	0-2(?)
808-6	BX003	808	6	usi	usi	_	_	_	_	_	linguistic	_	none	_	_	_	_	_	0-3(?)
808-7	BX003	808	7	per	per	_	_	_	_	_	linguistic	_	none	_	_	_	_	_	0-3(?)
808-8	BX003	808	8	dare	dare	_	_	_	_	_	linguistic	_	none	_	_	_	_	_	0-4(?)
808-9	BX003	808	9	acqua	acqua	_	_	_	_	_	linguistic	_	none	_	_	_	_	_	0-5(?)
808-10	BX003	808	10	alle	alle	_	_	_	_	_	linguistic	_	none	_	_	_	_	_	0-4(?)
808-11	BX003	808	11	piante]	piante	_	_	_	_	_	linguistic	_	none	_	_	_	_	_	0-6(?)
808-12	BX003	808	12	per,	per	_	_	_	_	_	linguistic	_	none	Intonation=WeaklyRising|PauseAfter=Yes	_	_	_	_	_
808-13	BX003	808	13	(.)	(.)	_	_	_	_	_	shortpause	_	none	_	_	_	_	_	_
808-14	BX003	808	14	bo'	bo'	_	_	_	_	_	linguistic	_	none	Truncated=Yes	End=2072.18	_	_	_	_
809-0	BX002	809	0	[sì,	sì	_	_	_	_	_	linguistic	_	none	Intonation=WeaklyRising|PauseAfter=Yes	Begin=2069.505	_	_	_	0-2(247)
809-1	BX002	809	1	(.)	(.)	_	_	_	_	_	shortpause	_	none	_	_	_	_	_	_
809-2	BX002	809	2	no	no	_	_	_	_	_	linguistic	_	none	_	_	_	_	_	0-2(247)
809-3	BX002	809	3	no	no	_	_	_	_	_	linguistic	_	none	_	_	_	_	_	0-2(247)
809-4	BX002	809	4	ma	ma	_	_	_	_	_	linguistic	_	none	_	_	_	_	_	0-2(247)
809-5	BX002	809	5	non	non	_	_	_	_	_	linguistic	_	none	_	_	_	_	_	0-3(247)
809-6	BX002	809	6	è	è	_	_	_	_	_	linguistic	_	none	_	_	_	_	_	0-1(247)
809-7	BX002	809	7	normale].	normale	_	_	_	_	_	linguistic	_	none	Intonation=Falling	End=2071.4	_	_	_	0-7(247)
810-0	BX003	810	0	(come	come	_	_	_	_	_	linguistic	_	none	_	Begin=2073.555	_	_	0-4(0)	_
810-1	BX003	810	1	stuz[zicadenti])	stuzzicadenti	_	_	_	_	_	linguistic	_	none	_	End=2074.745	_	_	0-13(0)	4-13(248)
811-0	BX001	811	0	[no	no	_	_	_	_	_	linguistic	_	none	_	Begin=2074.03	_	_	_	0-2(248)
811-1	BX001	811	1	ma	ma	_	_	_	_	_	linguistic	_	none	_	_	_	_	_	0-2(248)
811-2	BX001	811	2	poi	poi	_	_	_	_	_	linguistic	_	none	_	_	_	_	_	0-3(248)
811-3	BX001	811	3	son]	son	_	_	_	_	_	linguistic	_	none	_	_	_	_	_	0-3(248)
811-4	BX001	811	4	material-	material-	_	_	_	_	_	linguistic	_	none	Interrupted=Yes	_	_	_	_	_
811-5	BX001	811	5	cioè	cioè	_	_	_	_	_	linguistic	_	none	_	_	_	_	_	_
811-6	BX001	811	6	non	non	_	_	_	_	_	linguistic	_	none	_	_	_	_	_	_
811-7	BX001	811	7	è	è	_	_	_	_	_	linguistic	_	none	_	_	_	_	_	_
811-8	BX001	811	8	che	che	_	_	_	_	_	linguistic	_	none	_	_	_	_	_	_
811-9	BX001	811	9	sono	sono	_	_	_	_	_	linguistic	_	none	_	_	_	_	_	_
811-10	BX001	811	10	di:	di	_	_	_	_	_	linguistic	_	none	_	_	1x1	_	_	_
811-11	BX001	811	11	cioè	cioè	_	_	_	_	_	linguistic	_	none	_	_	_	_	_	_
811-12	BX001	811	12	[davvero	davvero	_	_	_	_	_	linguistic	_	none	_	_	_	_	_	0-7(348)
811-13	BX001	811	13	erano:]	erano	_	_	_	_	_	linguistic	_	none	_	End=2078.465	4x1	_	_	0-5(348)
812-0	BX002	812	0	[no	no	_	_	_	_	_	linguistic	_	none	_	Begin=2077.245	_	_	_	0-2(348)
812-1	BX002	812	1	be'	be'	_	_	_	_	_	linguistic	_	none	Truncated=Yes	_	_	_	_	0-3(348)
812-2	BX002	812	2	figurati	figurati	_	_	_	_	_	linguistic	_	none	_	_	_	_	_	0-8(348)
812-3	BX002	812	3	in	in	_	_	_	_	_	linguistic	_	none	_	_	_	_	_	0-2(348)
812-4	BX002	812	4	discarica]	discarica	_	_	_	_	_	linguistic	_	none	_	_	_	_	_	0-9(348)
812-5	BX002	812	5	li	li	_	_	_	_	_	linguistic	_	none	_	_	_	_	_	_
812-6	BX002	812	6	avrà	avrà	_	_	_	_	_	linguistic	_	none	_	_	_	_	_	_
812-7	BX002	812	7	portati.	portati	_	_	_	_	_	linguistic	_	none	Intonation=Falling	End=2079.635	_	_	_	_
813-0	BX003	813	0	[eh].	eh	_	_	_	_	_	linguistic	_	none	Intonation=Falling	Begin=2078.455|End=2078.805	_	_	_	0-2(348)
814-0	BX003	814	0	[((ride))	((ride))	_	_	_	_	_	nonverbalbehavior	_	none	_	Begin=2079.72	_	_	_	0-4(249)
814-1	BX003	814	1	(>proprio<)]	proprio	_	_	_	_	_	linguistic	_	none	_	End=2080.93	_	Fast=0-7(0)	0-7(0)	0-7(249)
815-0	BX001	815	0	[((ride))	((ride))	_	_	_	_	_	nonverbalbehavior	_	none	_	Begin=2079.725	_	_	_	0-4(249)
815-1	BX001	815	1	cioè	cioè	_	_	_	_	_	linguistic	_	none	_	_	_	_	_	0-4(249)
815-2	BX001	815	2	cioè	cioè	_	_	_	_	_	linguistic	_	none	_	_	_	_	_	0-4(249)
815-3	BX001	815	3	oh]	oh	_	_	_	_	_	linguistic	_	none	_	_	_	_	_	0-2(249)
815-4	BX001	815	4	ha	ha	_	_	_	_	_	linguistic	_	none	_	_	_	_	_	_
815-5	BX001	815	5	proprio	proprio	_	_	_	_	_	linguistic	_	none	_	_	_	_	_	_
815-6	BX001	815	6	fatto	fatto	_	_	_	_	_	linguistic	_	none	_	End=2081.91	_	_	_	_
816-0	BX003	816	0	a-	a-	_	_	_	_	_	linguistic	_	none	Interrupted=Yes	Begin=2081.92	_	_	_	_
816-1	BX003	816	1	appos[ta]	apposta	_	_	_	_	_	linguistic	_	none	_	End=2083.14	_	_	_	5-7(250)
817-0	BX001	817	0	[cioè	cioè	_	_	_	_	_	linguistic	_	none	_	Begin=2082.785	_	_	_	0-4(250)
817-1	BX001	817	1	cioè]	cioè	_	_	_	_	_	linguistic	_	none	_	_	_	_	_	0-4(250)
817-2	BX001	817	2	cioè	cioè	_	_	_	_	_	linguistic	_	none	_	_	_	_	_	_
817-3	BX001	817	3	non	non	_	_	_	_	_	linguistic	_	none	_	End=2083.67	_	_	_	_
818-0	BX002	818	0	no	no	_	_	_	_	_	linguistic	_	none	_	Begin=2083.872	_	_	_	_
818-1	BX002	818	1	no	no	_	_	_	_	_	linguistic	_	none	_	_	_	_	_	_
818-2	BX002	818	2	[l'	l'	_	_	_	_	_	linguistic	_	none	SpaceAfter=No	_	_	_	_	0-2(251)
818-3	BX002	818	3	ha	ha	_	_	_	_	_	linguistic	_	none	_	_	_	_	_	0-2(251)
818-4	BX002	818	4	fatto	fatto	_	_	_	_	_	linguistic	_	none	_	_	_	_	_	0-5(251)
818-5	BX002	818	5	appos-,	appos-	_	_	_	_	_	linguistic	_	none	Intonation=WeaklyRising|Interrupted=Yes|PauseAfter=Yes	_	_	_	_	0-6(251)
818-6	BX002	818	6	(.)	(.)	_	_	_	_	_	shortpause	_	none	_	_	_	_	_	_
818-7	BX002	818	7	sì	sì	_	_	_	_	_	linguistic	_	none	_	_	_	_	_	0-2(251)
818-8	BX002	818	8	sì	sì	_	_	_	_	_	linguistic	_	none	_	_	_	_	_	0-2(251)
818-9	BX002	818	9	l'	l'	_	_	_	_	_	linguistic	_	none	SpaceAfter=No	_	_	_	_	0-2(251)
818-10	BX002	818	10	ha]	ha	_	_	_	_	_	linguistic	_	none	_	_	_	_	_	0-1(251)
818-11	BX002	818	11	fatto	fatto	_	_	_	_	_	linguistic	_	none	_	_	_	_	_	_
818-12	BX002	818	12	apposta	apposta	_	_	_	_	_	linguistic	_	none	_	_	_	_	_	_
818-13	BX002	818	13	sì.	sì	_	_	_	_	_	linguistic	_	none	Intonation=Falling	End=2086.74	_	_	_	_
819-0	BX001	819	0	[sì	sì	_	_	_	_	_	linguistic	_	none	_	Begin=2084.332	_	_	_	0-2(251)
819-1	BX001	819	1	è	è	_	_	_	_	_	linguistic	_	none	_	_	_	_	_	0-1(251)
819-2	BX001	819	2	impegnato	impegnato	_	_	_	_	_	linguistic	_	none	_	_	_	_	_	0-9(251)
819-3	BX001	819	3	insomma].	insomma	_	_	_	_	_	linguistic	_	none	Intonation=Falling	End=2085.632	_	_	_	0-7(251)
820-0	BX002	820	0	ma	ma	_	_	_	_	_	linguistic	_	none	_	Begin=2086.967	_	_	_	_
820-1	BX002	820	1	eh	eh	_	_	_	_	_	linguistic	_	none	_	_	_	_	_	_
820-2	BX002	820	2	un	un	_	_	_	_	_	linguistic	_	none	_	_	_	_	_	_
820-3	BX002	820	3	sacco	sacco	_	_	_	_	_	linguistic	_	none	_	_	_	_	_	_
820-4	BX002	820	4	di	di	_	_	_	_	_	linguistic	_	none	_	_	_	_	_	_
820-5	BX002	820	5	cose	cose	_	_	_	_	_	linguistic	_	none	_	_	_	_	_	_
820-6	BX002	820	6	che	che	_	_	_	_	_	linguistic	_	none	_	_	_	_	_	_
820-7	BX002	820	7	[non	non	_	_	_	_	_	linguistic	_	none	_	_	_	_	_	0-3(252)
820-8	BX002	820	8	erano],	erano	_	_	_	_	_	linguistic	_	none	Intonation=WeaklyRising	End=2088.857	_	_	_	0-5(252)
821-0	BX003	821	0	[ciao]	ciao	_	_	_	_	_	linguistic	_	none	_	Begin=2088.267|End=2088.887	_	_	_	0-4(252)
822-0	BX001	822	0	ciao	ciao	_	_	_	_	_	linguistic	_	none	_	Begin=2089.012|End=2089.822	_	_	_	_
823-0	BX001	823	0	ah	ah	_	_	_	_	_	linguistic	_	none	_	Begin=2091.872	_	_	_	_
823-1	BX001	823	1	dai.	dai	_	_	_	_	_	linguistic	_	none	Intonation=Falling	End=2092.832	_	_	_	_
824-0	BX001	824	0	che	che	_	_	_	_	_	linguistic	_	none	_	Begin=2094.947	_	_	_	_
824-1	BX001	824	1	vita.	vita	_	_	_	_	_	linguistic	_	none	Intonation=Falling	End=2095.837	_	_	_	_
825-0	BX001	825	0	no	no	_	_	_	_	_	linguistic	_	none	_	Begin=2097.507	_	_	_	_
825-1	BX001	825	1	da	da	_	_	_	_	_	linguistic	_	none	_	_	_	_	_	_
825-2	BX001	825	2	me:	me	_	_	_	_	_	linguistic	_	none	_	_	1x1	_	_	_
825-3	BX001	825	3	invece::,	invece	_	_	_	_	_	linguistic	_	none	Intonation=WeaklyRising	_	5x2	_	_	_
825-4	BX001	825	4	si	si	_	_	_	_	_	linguistic	_	none	_	_	_	_	_	_
825-5	BX001	825	5	butta	butta	_	_	_	_	_	linguistic	_	none	_	_	_	_	_	_
825-6	BX001	825	6	via	via	_	_	_	_	_	linguistic	_	none	_	_	_	_	_	_
825-7	BX001	825	7	poco	poco	_	_	_	_	_	linguistic	_	none	_	_	_	_	_	_
825-8	BX001	825	8	e	e	_	_	_	_	_	linguistic	_	none	_	_	_	_	_	_
825-9	BX001	825	9	niente.	niente	_	_	_	_	_	linguistic	_	none	Intonation=Falling	End=2101.717	_	_	_	_
826-0	BX001	826	0	no	no	_	_	_	_	_	linguistic	_	none	_	Begin=2102.65	_	_	_	_
826-1	BX001	826	1	è	è	_	_	_	_	_	linguistic	_	none	_	_	_	_	_	_
826-2	BX001	826	2	una	una	_	_	_	_	_	linguistic	_	none	_	_	_	_	_	_
826-3	BX001	826	3	questione	questione	_	_	_	_	_	linguistic	_	none	_	_	_	_	_	_
826-4	BX001	826	4	culturale,	culturale	_	_	_	_	_	linguistic	_	none	Intonation=WeaklyRising	_	_	_	_	_
826-5	BX001	826	5	perché	perché	_	_	_	_	_	linguistic	_	none	_	_	_	_	_	_
826-6	BX001	826	6	non	non	_	_	_	_	_	linguistic	_	none	_	_	_	_	_	_
826-7	BX001	826	7	c'	c'	_	_	_	_	_	linguistic	_	none	SpaceAfter=No	_	_	_	_	_
826-8	BX001	826	8	è	è	_	_	_	_	_	linguistic	_	none	_	_	_	_	_	_
826-9	BX001	826	9	molto	molto	_	_	_	_	_	linguistic	_	none	_	_	_	_	_	_
826-10	BX001	826	10	e	e	_	_	_	_	_	linguistic	_	none	_	_	_	_	_	_
826-11	BX001	826	11	quindi	quindi	_	_	_	_	_	linguistic	_	none	_	_	_	_	_	_
826-12	BX001	826	12	insomma.	insomma	_	_	_	_	_	linguistic	_	none	Intonation=Falling|PauseAfter=Yes	_	_	_	_	_
826-13	BX001	826	13	(.)	(.)	_	_	_	_	_	shortpause	_	none	_	_	_	_	_	_
826-14	BX001	826	14	tutto:	tutto	_	_	_	_	_	linguistic	_	none	_	End=2107.04	4x1	_	_	_
827-0	BX002	827	0	mh	mh	_	_	_	_	_	linguistic	_	none	ProsodicLink=Yes	Begin=2107.57	_	_	_	_
827-1	BX002	827	1	mh.	mh	_	_	_	_	_	linguistic	_	none	Intonation=Falling	End=2108.19	_	_	_	_
828-0	BX002	828	0	no	no	_	_	_	_	_	linguistic	_	none	_	Begin=2108.65	_	_	_	_
828-1	BX002	828	1	mia	mia	_	_	_	_	_	linguistic	_	none	_	_	_	_	_	_
828-2	BX002	828	2	nonna	nonna	_	_	_	_	_	linguistic	_	none	_	_	_	_	_	_
828-3	BX002	828	3	non	non	_	_	_	_	_	linguistic	_	none	_	_	_	_	_	_
828-4	BX002	828	4	butta[va	buttava	_	_	_	_	_	linguistic	_	none	_	_	_	_	_	5-7(253)
828-5	BX002	828	5	via	via	_	_	_	_	_	linguistic	_	none	_	_	_	_	_	0-3(253)
828-6	BX002	828	6	niente	niente	_	_	_	_	_	linguistic	_	none	_	_	_	_	_	0-6(253)
828-7	BX002	828	7	xx]	xx	_	_	_	_	_	unknown	_	none	Syllables=2	End=2110.87	_	_	_	0-2(253)
829-0	BX001	829	0	[le	le	_	_	_	_	_	linguistic	_	none	_	Begin=2109.425	_	_	_	0-2(253)
829-1	BX001	829	1	case	case	_	_	_	_	_	linguistic	_	none	_	_	_	_	_	0-4(253)
829-2	BX001	829	2	son	son	_	_	_	_	_	linguistic	_	none	_	_	_	_	_	0-3(253)
829-3	BX001	829	3	grandi	grandi	_	_	_	_	_	linguistic	_	none	_	_	_	_	_	0-6(253)
829-4	BX001	829	4	poi]	poi	_	_	_	_	_	linguistic	_	none	_	_	_	_	_	0-3(253)
829-5	BX001	829	5	c-	c-	_	_	_	_	_	linguistic	_	none	Interrupted=Yes	_	_	_	_	_
829-6	BX001	829	6	c'	c'	_	_	_	_	_	linguistic	_	none	SpaceAfter=No	_	_	_	_	_
829-7	BX001	829	7	è	è	_	_	_	_	_	linguistic	_	none	_	_	_	_	_	_
829-8	BX001	829	8	molto	molto	_	_	_	_	_	linguistic	_	none	_	_	_	_	_	_
829-9	BX001	829	9	po:sto:	posto	_	_	_	_	_	linguistic	_	none	_	_	1x1,4x1	_	_	_
829-10	BX001	829	10	e	e	_	_	_	_	_	linguistic	_	none	_	_	_	_	_	_
829-11	BX001	829	11	quindi:	quindi	_	_	_	_	_	linguistic	_	none	_	_	5x1	_	_	_
829-12	BX001	829	12	dai.	dai	_	_	_	_	_	linguistic	_	none	Intonation=Falling	End=2114.105	_	_	_	_
830-0	BX001	830	0	eh:	eh	_	_	_	_	_	linguistic	_	none	_	Begin=2114.81	1x1	_	_	_
830-1	BX001	830	1	magari	magari	_	_	_	_	_	linguistic	_	none	_	_	_	_	_	_
830-2	BX001	830	2	può	può	_	_	_	_	_	linguistic	_	none	_	_	_	_	_	_
830-3	BX001	830	3	servire,	servire	_	_	_	_	_	linguistic	_	none	Intonation=WeaklyRising|PauseAfter=Yes	_	_	_	_	_
830-4	BX001	830	4	(.)	(.)	_	_	_	_	_	shortpause	_	none	_	_	_	_	_	_
830-5	BX001	830	5	[se].	se	_	_	_	_	_	linguistic	_	none	Intonation=Falling	End=2117.15	_	_	_	0-2(254)
831-0	BX002	831	0	[ma	ma	_	_	_	_	_	linguistic	_	none	_	Begin=2116.485	_	_	_	0-2(254)
831-1	BX002	831	1	noi	noi	_	_	_	_	_	linguistic	_	none	_	_	_	_	_	0-3(254)
831-2	BX002	831	2	abbiamo	abbiamo	_	_	_	_	_	linguistic	_	none	_	_	_	_	_	0-7(254)
831-3	BX002	831	3	i	i	_	_	_	_	_	linguistic	_	none	_	_	_	_	_	0-1(254)
831-4	BX002	831	4	ca]pannoni,	capannoni	_	_	_	_	_	linguistic	_	none	Intonation=WeaklyRising	End=2117.895	_	_	_	0-2(254)
832-0	BX002	832	0	cioè.	cioè	_	_	_	_	_	linguistic	_	none	Intonation=Falling|PauseAfter=Yes	Begin=2118.575	_	_	_	_
832-1	BX002	832	1	(.)	(.)	_	_	_	_	_	shortpause	_	none	_	_	_	_	_	_
832-2	BX002	832	2	c'	c'	_	_	_	_	_	linguistic	_	none	SpaceAfter=No	_	_	_	_	_
832-3	BX002	832	3	è	è	_	_	_	_	_	linguistic	_	none	_	_	_	_	_	_
832-4	BX002	832	4	pieno	pieno	_	_	_	_	_	linguistic	_	none	_	_	_	_	_	_
832-5	BX002	832	5	di	di	_	_	_	_	_	linguistic	_	none	_	_	_	_	_	_
832-6	BX002	832	6	roba,	roba	_	_	_	_	_	linguistic	_	none	Intonation=WeaklyRising	_	_	_	_	_
832-7	BX002	832	7	non	non	_	_	_	_	_	linguistic	_	none	_	_	_	_	_	_
832-8	BX002	832	8	so	so	_	_	_	_	_	linguistic	_	none	_	_	_	_	_	_
832-9	BX002	832	9	perché	perché	_	_	_	_	_	linguistic	_	none	_	_	_	_	_	_
832-10	BX002	832	10	mio	mio	_	_	_	_	_	linguistic	_	none	_	_	_	_	_	_
832-11	BX002	832	11	papà	papà	_	_	_	_	_	linguistic	_	none	_	_	_	_	_	_
832-12	BX002	832	12	[deve	deve	_	_	_	_	_	linguistic	_	none	_	_	_	_	_	0-4(349)
832-13	BX002	832	13	buttare	buttare	_	_	_	_	_	linguistic	_	none	_	_	_	_	_	0-7(349)
832-14	BX002	832	14	via	via	_	_	_	_	_	linguistic	_	none	_	_	_	_	_	0-3(349)
832-15	BX002	832	15	le	le	_	_	_	_	_	linguistic	_	none	_	_	_	_	_	0-2(349)
832-16	BX002	832	16	cose]	cose	_	_	_	_	_	linguistic	_	none	_	End=2122.44	_	_	_	0-4(349)
833-0	BX001	833	0	[((ride))]	((ride))	_	_	_	_	_	nonverbalbehavior	_	none	_	Begin=2120.81|End=2122.43	_	_	_	0-4(349)
834-0	BX003	834	0	[((ride))]	((ride))	_	_	_	_	_	nonverbalbehavior	_	none	_	Begin=2120.81|End=2122.43	_	_	_	0-4(349)
835-0	BX002	835	0	abbiamo	abbiamo	_	_	_	_	_	linguistic	_	none	_	Begin=2122.725	_	_	_	_
835-1	BX002	835	1	[i	i	_	_	_	_	_	linguistic	_	none	_	_	_	_	_	0-1(350)
835-2	BX002	835	2	carri],	carri	_	_	_	_	_	linguistic	_	none	Intonation=WeaklyRising	End=2123.695	_	_	_	0-5(350)
836-0	BX003	836	0	[proprio	proprio	_	_	_	_	_	linguistic	_	none	_	Begin=2123.145	_	_	_	0-7(?)
836-1	BX003	836	1	quelli.	quelli	_	_	_	_	_	linguistic	_	none	Intonation=Falling	_	_	_	_	0-6(?)
836-2	BX003	836	2	((ridendo))	((ridendo))	_	_	_	_	_	nonverbalbehavior	_	none	_	_	_	_	_	0-7(?)
836-3	BX003	836	3	((ride))]	((ride))	_	_	_	_	_	nonverbalbehavior	_	none	_	End=2124.44	_	_	_	0-4(?)
837-0	BX001	837	0	[((ride))]	((ride))	_	_	_	_	_	nonverbalbehavior	_	none	_	Begin=2123.16|End=2124.43	_	_	_	0-4(?)
838-0	BX002	838	0	[abbiamo	abbiamo	_	_	_	_	_	linguistic	_	none	_	Begin=2124.12	_	_	_	0-7(351)
838-1	BX002	838	1	i]	i	_	_	_	_	_	linguistic	_	none	_	_	_	_	_	0-1(351)
838-2	BX002	838	2	carretti,	carretti	_	_	_	_	_	linguistic	_	none	Intonation=WeaklyRising|PauseAfter=Yes	_	_	_	_	_
838-3	BX002	838	3	(.)	(.)	_	_	_	_	_	shortpause	_	none	_	_	_	_	_	_
838-4	BX002	838	4	per	per	_	_	_	_	_	linguistic	_	none	_	_	_	_	_	_
838-5	BX002	838	5	i	i	_	_	_	_	_	linguistic	_	none	_	_	_	_	_	_
838-6	BX002	838	6	cavalli,	cavalli	_	_	_	_	_	linguistic	_	none	Intonation=WeaklyRising	End=2126.48	_	_	_	_
839-0	BX002	839	0	cioè	cioè	_	_	_	_	_	linguistic	_	none	_	Begin=2126.625	_	_	_	_
839-1	BX002	839	1	c'	c'	_	_	_	_	_	linguistic	_	none	SpaceAfter=No	_	_	_	_	_
839-2	BX002	839	2	è	è	_	_	_	_	_	linguistic	_	none	_	_	_	_	_	_
839-3	BX002	839	3	di	di	_	_	_	_	_	linguistic	_	none	_	_	_	_	_	_
839-4	BX002	839	4	[tutto	tutto	_	_	_	_	_	linguistic	_	none	_	_	_	_	_	0-5(255)
839-5	BX002	839	5	nel	nel	_	_	_	_	_	linguistic	_	none	_	_	_	_	_	0-3(255)
839-6	BX002	839	6	capannone	capannone	_	_	_	_	_	linguistic	_	none	_	_	_	_	_	0-9(255)
839-7	BX002	839	7	di	di	_	_	_	_	_	linguistic	_	none	_	_	_	_	_	0-2(255)
839-8	BX002	839	8	mia	mia	_	_	_	_	_	linguistic	_	none	_	_	_	_	_	0-3(255)
839-9	BX002	839	9	nonna].	nonna	_	_	_	_	_	linguistic	_	none	Intonation=Falling	End=2128.765	_	_	_	0-5(255)
840-0	BX001	840	0	[((ride))	((ride))	_	_	_	_	_	nonverbalbehavior	_	none	_	Begin=2127.195	_	_	_	0-4(255)
840-1	BX001	840	1	(il	il	_	_	_	_	_	linguistic	_	none	_	_	_	_	0-2(0)	0-2(255)
840-2	BX001	840	2	carre-)	carre-	_	_	_	_	_	linguistic	_	none	Interrupted=Yes	_	_	_	0-6(0)	0-6(255)
840-3	BX001	840	3	((ridendo))]	((ridendo))	_	_	_	_	_	nonverbalbehavior	_	none	_	End=2129.215	_	_	_	0-7(255)
841-0	BX001	841	0	poi	poi	_	_	_	_	_	linguistic	_	none	_	Begin=2129.915	_	_	_	_
841-1	BX001	841	1	inso-	inso-	_	_	_	_	_	linguistic	_	none	Interrupted=Yes	_	_	_	_	_
841-2	BX001	841	2	ingombrano	ingombrano	_	_	_	_	_	linguistic	_	none	_	_	_	_	_	_
841-3	BX001	841	3	un	un	_	_	_	_	_	linguistic	_	none	_	_	_	_	_	_
841-4	BX001	841	4	po'	po'	_	_	_	_	_	linguistic	_	none	_	_	_	_	_	_
841-5	BX001	841	5	di	di	_	_	_	_	_	linguistic	_	none	_	_	_	_	_	_
841-6	BX001	841	6	più	più	_	_	_	_	_	linguistic	_	none	_	_	_	_	_	_
841-7	BX001	841	7	[del]	del	_	_	_	_	_	linguistic	_	none	_	End=2131.825	_	_	_	0-3(256)
842-0	BX002	842	0	[eh]	eh	_	_	_	_	_	linguistic	_	none	PauseAfter=Yes	Begin=2131.465	_	_	_	0-2(?)
842-1	BX002	842	1	(.)	(.)	_	_	_	_	_	shortpause	_	none	_	_	_	_	_	_
842-2	BX002	842	2	direi.	direi	_	_	_	_	_	linguistic	_	none	Intonation=Falling	End=2132.655	_	_	_	_
843-0	BX001	843	0	[((incomrensibile	incomrensibile	_	_	_	_	_	linguistic	_	none	_	Begin=2132.325	_	_	_	0-14(?)
843-1	BX001	843	1	((ridendo))	((ridendo))	_	_	_	_	_	nonverbalbehavior	_	none	_	_	_	_	_	0-7(?)
843-2	BX001	843	2	((ride))]	((ride))	_	_	_	_	_	nonverbalbehavior	_	none	_	End=2134.465	_	_	_	0-4(?)
844-0	BX002	844	0	[beh	beh	_	_	_	_	_	linguistic	_	none	_	Begin=2133.2	_	_	_	0-3(258)
844-1	BX002	844	1	ma	ma	_	_	_	_	_	linguistic	_	none	_	_	_	_	_	0-2(258)
844-2	BX002	844	2	noi	noi	_	_	_	_	_	linguistic	_	none	_	_	_	_	_	0-3(258)
844-3	BX002	844	3	ci	ci	_	_	_	_	_	linguistic	_	none	_	_	_	_	_	0-2(258)
844-4	BX002	844	4	giocavamo]	giocavamo	_	_	_	_	_	linguistic	_	none	_	_	_	_	_	0-9(258)
844-5	BX002	844	5	sempre	sempre	_	_	_	_	_	linguistic	_	none	_	_	_	_	_	_
844-6	BX002	844	6	da	da	_	_	_	_	_	linguistic	_	none	_	_	_	_	_	_
844-7	BX002	844	7	piccoli	piccoli	_	_	_	_	_	linguistic	_	none	_	_	_	_	_	_
844-8	BX002	844	8	coi	coi	_	_	_	_	_	linguistic	_	none	_	_	_	_	_	_
844-9	BX002	844	9	carretti	carretti	_	_	_	_	_	linguistic	_	none	_	_	_	_	_	_
844-10	BX002	844	10	[da	da	_	_	_	_	_	linguistic	_	none	_	_	_	_	_	0-2(259)
844-11	BX002	844	11	cavallo].	cavallo	_	_	_	_	_	linguistic	_	none	Intonation=Falling	End=2136.61	_	_	_	0-7(259)
845-0	BX003	845	0	[che	che	_	_	_	_	_	linguistic	_	none	_	Begin=2135.84	_	_	_	0-3(259)
845-1	BX003	845	1	figata].	figata	_	_	_	_	_	linguistic	_	none	Intonation=Falling	End=2136.61	_	_	_	0-6(259)
846-0	BX002	846	0	io	io	_	_	_	_	_	linguistic	_	none	_	Begin=2136.8	_	_	_	_
846-1	BX002	846	1	portavo,	portavo	_	_	_	_	_	linguistic	_	none	Intonation=WeaklyRising|PauseAfter=Yes	_	_	_	_	_
846-2	BX002	846	2	(.)	(.)	_	_	_	_	_	shortpause	_	none	_	_	_	_	_	_
846-3	BX002	846	3	[e	e	_	_	_	_	_	linguistic	_	none	_	_	_	_	_	0-1(260)
846-4	BX002	846	4	i	i	_	_	_	_	_	linguistic	_	none	_	_	_	_	_	0-1(260)
846-5	BX002	846	5	miei	miei	_	_	_	_	_	linguistic	_	none	_	_	_	_	_	0-4(260)
846-6	BX002	846	6	cugini	cugini	_	_	_	_	_	linguistic	_	none	_	_	_	_	_	0-6(260)
846-7	BX002	846	7	sopra	sopra	_	_	_	_	_	linguistic	_	none	_	_	_	_	_	0-5(260)
846-8	BX002	846	8	il	il	_	_	_	_	_	linguistic	_	none	_	_	_	_	_	0-2(260)
846-9	BX002	846	9	carretto],	carretto	_	_	_	_	_	linguistic	_	none	Intonation=WeaklyRising	_	_	_	_	0-8(260)
846-10	BX002	846	10	e	e	_	_	_	_	_	linguistic	_	none	_	_	_	_	_	_
846-11	BX002	846	11	io	io	_	_	_	_	_	linguistic	_	none	_	_	_	_	_	_
846-12	BX002	846	12	correvo.	correvo	_	_	_	_	_	linguistic	_	none	Intonation=Falling	End=2140.41	_	_	_	_
847-0	BX001	847	0	[((ride))]	((ride))	_	_	_	_	_	nonverbalbehavior	_	none	_	Begin=2137.86|End=2139.05	_	_	_	0-4(260)
848-0	BX002	848	0	infatti	infatti	_	_	_	_	_	linguistic	_	none	_	Begin=2140.62	_	_	_	_
848-1	BX002	848	1	dopo	dopo	_	_	_	_	_	linguistic	_	none	_	_	_	_	_	_
848-2	BX002	848	2	mi	mi	_	_	_	_	_	linguistic	_	none	_	_	_	_	_	_
848-3	BX002	848	3	hanno	hanno	_	_	_	_	_	linguistic	_	none	_	_	_	_	_	_
848-4	BX002	848	4	detto	detto	_	_	_	_	_	linguistic	_	none	_	_	_	_	_	_
848-5	BX002	848	5	guarda	guarda	_	_	_	_	_	linguistic	_	none	_	_	_	_	_	_
848-6	BX002	848	6	che	che	_	_	_	_	_	linguistic	_	none	_	_	_	_	_	_
848-7	BX002	848	7	le	le	_	_	_	_	_	linguistic	_	none	_	_	_	_	_	_
848-8	BX002	848	8	ginocchia	ginocchia	_	_	_	_	_	linguistic	_	none	_	_	_	_	_	_
848-9	BX002	848	9	che:	che	_	_	_	_	_	linguistic	_	none	_	_	2x1	_	_	_
848-10	BX002	848	10	eh:.	eh	_	_	_	_	_	linguistic	_	none	Intonation=Falling	End=2143.85	1x1	_	_	_
849-0	BX003	849	0	((ride))	((ride))	_	_	_	_	_	nonverbalbehavior	_	none	_	Begin=2143.85|End=2144.6625000000004	_	_	_	_
850-0	BX001	850	0	((ride))	((ride))	_	_	_	_	_	nonverbalbehavior	_	none	_	Begin=2144.6625000000004|End=2145.65	_	_	_	_
851-0	BX002	851	0	sì	sì	_	_	_	_	_	linguistic	_	none	_	Begin=2145.65	_	_	_	_
851-1	BX002	851	1	sì.	sì	_	_	_	_	_	linguistic	_	none	Intonation=Falling	End=2146.56	_	_	_	_
852-0	BX002	852	0	trattori	trattori	_	_	_	_	_	linguistic	_	none	_	Begin=2147.2	_	_	_	_
852-1	BX002	852	1	trattorini,	trattorini	_	_	_	_	_	linguistic	_	none	Intonation=WeaklyRising	End=2148.8	_	_	_	_
853-0	BX001	853	0	no	no	_	_	_	_	_	linguistic	_	none	_	Begin=2148.805	_	_	_	_
853-1	BX001	853	1	bellissimo.	bellissimo	_	_	_	_	_	linguistic	_	none	Intonation=Falling|PauseAfter=Yes	_	_	_	_	_
853-2	BX001	853	2	(.)	(.)	_	_	_	_	_	shortpause	_	none	_	_	_	_	_	_
853-3	BX001	853	3	no.	no	_	_	_	_	_	linguistic	_	none	Intonation=Falling	End=2150.725	_	_	_	_
854-0	BX002	854	0	è	è	_	_	_	_	_	linguistic	_	none	_	Begin=2150.7	_	_	_	_
854-1	BX002	854	1	un	un	_	_	_	_	_	linguistic	_	none	_	_	_	_	_	_
854-2	BX002	854	2	parco	parco	_	_	_	_	_	linguistic	_	none	_	_	_	_	_	_
854-3	BX002	854	3	gio[chi::	giochi	_	_	_	_	_	linguistic	_	none	_	_	5x2	_	_	3-6(262)
854-4	BX002	854	4	(il	il	_	_	_	_	_	linguistic	_	none	_	_	_	_	0-2(0)	0-2(262)
854-5	BX002	854	5	capannone	capannone	_	_	_	_	_	linguistic	_	none	_	_	_	_	0-9(0)	0-9(262)
854-6	BX002	854	6	della	della	_	_	_	_	_	linguistic	_	none	_	_	_	_	0-5(0)	0-5(262)
854-7	BX002	854	7	nonna)]	nonna	_	_	_	_	_	linguistic	_	none	_	End=2153.38	_	_	0-5(0)	0-5(262)
855-0	BX001	855	0	[no	no	_	_	_	_	_	linguistic	_	none	_	Begin=2151.77	_	_	_	0-2(262)
855-1	BX001	855	1	i	i	_	_	_	_	_	linguistic	_	none	_	_	_	_	_	0-1(262)
855-2	BX001	855	2	trattori	trattori	_	_	_	_	_	linguistic	_	none	_	_	_	_	_	0-8(262)
855-3	BX001	855	3	no]	no	_	_	_	_	_	linguistic	_	none	_	_	_	_	_	0-2(262)
855-4	BX001	855	4	quello	quello	_	_	_	_	_	linguistic	_	none	_	_	_	_	_	_
855-5	BX001	855	5	fantastico.	fantastico	_	_	_	_	_	linguistic	_	none	Intonation=Falling	End=2154.55	_	_	_	_
856-0	BX002	856	0	reti	reti	_	_	_	_	_	linguistic	_	none	_	Begin=2154.51	_	_	_	_
856-1	BX002	856	1	da	da	_	_	_	_	_	linguistic	_	none	_	_	_	_	_	_
856-2	BX002	856	2	pesca.	pesca	_	_	_	_	_	linguistic	_	none	Intonation=Falling|PauseAfter=Yes	_	_	_	_	_
856-3	BX002	856	3	(.)	(.)	_	_	_	_	_	shortpause	_	none	_	_	_	_	_	_
856-4	BX002	856	4	reti	reti	_	_	_	_	_	linguistic	_	none	_	_	_	_	_	_
856-5	BX002	856	5	da	da	_	_	_	_	_	linguistic	_	none	_	_	_	_	_	_
856-6	BX002	856	6	pesca	pesca	_	_	_	_	_	linguistic	_	none	_	_	_	_	_	_
856-7	BX002	856	7	[proprio	proprio	_	_	_	_	_	linguistic	_	none	PauseAfter=Yes	_	_	_	_	0-7(264)
856-8	BX002	856	8	(.)]	(.)	_	_	_	_	_	shortpause	_	none	_	_	_	_	_	_
856-9	BX002	856	9	di	di	_	_	_	_	_	linguistic	_	none	_	_	_	_	_	_
856-10	BX002	856	10	pareti	pareti	_	_	_	_	_	linguistic	_	none	_	_	_	_	_	_
856-11	BX002	856	11	non	non	_	_	_	_	_	linguistic	_	none	_	_	_	_	_	_
856-12	BX002	856	12	lo	lo	_	_	_	_	_	linguistic	_	none	_	_	_	_	_	_
856-13	BX002	856	13	so	so	_	_	_	_	_	linguistic	_	none	_	_	_	_	_	_
856-14	BX002	856	14	se	se	_	_	_	_	_	linguistic	_	none	PauseAfter=Yes	_	_	_	_	_
856-15	BX002	856	15	(.)	(.)	_	_	_	_	_	shortpause	_	none	_	_	_	_	_	_
856-16	BX002	856	16	cosa	cosa	_	_	_	_	_	linguistic	_	none	_	_	_	_	_	_
856-17	BX002	856	17	pescavano	pescavano	_	_	_	_	_	linguistic	_	none	_	_	_	_	_	_
856-18	BX002	856	18	le	le	_	_	_	_	_	linguistic	_	none	ProsodicLink=Yes	_	_	_	_	_
856-19	BX002	856	19	le	le	_	_	_	_	_	linguistic	_	none	ProsodicLink=Yes	_	_	_	_	_
856-20	BX002	856	20	le	le	_	_	_	_	_	linguistic	_	none	_	_	_	_	_	_
856-21	BX002	856	21	balene	balene	_	_	_	_	_	linguistic	_	none	_	_	_	_	_	_
856-22	BX002	856	22	cioè.	cioè	_	_	_	_	_	linguistic	_	none	Intonation=Falling	End=2162.09	_	_	_	_
857-0	BX003	857	0	[xxxx]	xxxx	_	_	_	_	_	unknown	_	none	Syllables=4	Begin=2156.88|End=2157.69	_	_	_	0-4(264)
858-0	BX001	858	0	[((ride))	((ride))	_	_	_	_	_	nonverbalbehavior	_	none	_	Begin=2162.29	_	_	_	0-4(352)
858-1	BX001	858	1	(le	le	_	_	_	_	_	linguistic	_	none	_	_	_	_	0-2(0)	0-2(352)
858-2	BX001	858	2	bale-)]	bale-	_	_	_	_	_	linguistic	_	none	Interrupted=Yes	End=2164.01	_	_	0-5(0)	0-5(352)
859-0	BX003	859	0	[((ride))]	((ride))	_	_	_	_	_	nonverbalbehavior	_	none	_	Begin=2162.29|End=2164.01	_	_	_	0-4(352)
860-0	BX002	860	0	[non	non	_	_	_	_	_	linguistic	_	none	_	Begin=2163.544	_	_	_	0-3(352)
860-1	BX002	860	1	lo	lo	_	_	_	_	_	linguistic	_	none	_	_	_	_	_	0-2(352)
860-2	BX002	860	2	so],	so	_	_	_	_	_	linguistic	_	none	Intonation=WeaklyRising	_	_	_	_	0-2(352)
860-3	BX002	860	3	c'	c'	_	_	_	_	_	linguistic	_	none	SpaceAfter=No	_	_	_	_	_
860-4	BX002	860	4	è	è	_	_	_	_	_	linguistic	_	none	_	_	_	_	_	_
860-5	BX002	860	5	una	una	_	_	_	_	_	linguistic	_	none	_	_	_	_	_	_
860-6	BX002	860	6	c'	c'	_	_	_	_	_	linguistic	_	none	SpaceAfter=No	_	_	_	_	_
860-7	BX002	860	7	è	è	_	_	_	_	_	linguistic	_	none	_	_	_	_	_	_
860-8	BX002	860	8	una	una	_	_	_	_	_	linguistic	_	none	_	_	_	_	_	_
860-9	BX002	860	9	rete	rete	_	_	_	_	_	linguistic	_	none	_	_	_	_	_	_
860-10	BX002	860	10	da	da	_	_	_	_	_	linguistic	_	none	_	_	_	_	_	_
860-11	BX002	860	11	mia	mia	_	_	_	_	_	linguistic	_	none	_	_	_	_	_	_
860-12	BX002	860	12	nonna	nonna	_	_	_	_	_	linguistic	_	none	_	_	_	_	_	_
860-13	BX002	860	13	che	che	_	_	_	_	_	linguistic	_	none	PauseAfter=Yes	_	_	_	_	_
860-14	BX002	860	14	(.)	(.)	_	_	_	_	_	shortpause	_	none	_	_	_	_	_	_
860-15	BX002	860	15	sarà	sarà	_	_	_	_	_	linguistic	_	none	_	_	_	_	_	_
860-16	BX002	860	16	tutta	tutta	_	_	_	_	_	linguistic	_	none	_	_	_	_	_	_
860-17	BX002	860	17	un	un	_	_	_	_	_	linguistic	_	none	_	_	_	_	_	_
860-18	BX002	860	18	muro.	muro	_	_	_	_	_	linguistic	_	none	Intonation=Falling	_	_	_	_	_
860-19	BX002	860	19	((ridendo))	((ridendo))	_	_	_	_	_	nonverbalbehavior	_	none	_	End=2167.454	_	_	_	_
861-0	BX002	861	0	che	che	_	_	_	_	_	linguistic	_	none	_	Begin=2168.694	_	_	_	_
861-1	BX002	861	1	non	non	_	_	_	_	_	linguistic	_	none	_	_	_	_	_	_
861-2	BX002	861	2	so	so	_	_	_	_	_	linguistic	_	none	_	_	_	_	_	_
861-3	BX002	861	3	cosa	cosa	_	_	_	_	_	linguistic	_	none	_	_	_	_	_	_
861-4	BX002	861	4	ci	ci	_	_	_	_	_	linguistic	_	none	_	_	_	_	_	_
861-5	BX002	861	5	facessero.	facessero	_	_	_	_	_	linguistic	_	none	Intonation=Falling	End=2170.164	_	_	_	_
862-0	BX001	862	0	le	le	_	_	_	_	_	linguistic	_	none	_	Begin=2170.684	_	_	_	_
862-1	BX001	862	1	balene	balene	_	_	_	_	_	linguistic	_	none	_	_	_	_	_	_
862-2	BX001	862	2	nell'	nell'	_	_	_	_	_	linguistic	_	none	SpaceAfter=No	_	_	_	_	_
862-3	BX001	862	3	adige.	adige	_	_	_	_	_	linguistic	_	none	Intonation=Falling|PauseAfter=Yes	_	_	_	_	_
862-4	BX001	862	4	(.)	(.)	_	_	_	_	_	shortpause	_	none	_	_	_	_	_	_
862-5	BX001	862	5	[eh?	eh	_	_	_	_	_	linguistic	_	none	Intonation=Rising	_	_	_	_	0-2(353)
862-6	BX001	862	6	((ride))]	((ride))	_	_	_	_	_	nonverbalbehavior	_	none	_	End=2176.311	_	_	_	0-4(353)
863-0	BX002	863	0	[e	e	_	_	_	_	_	linguistic	_	none	_	Begin=2172.414	_	_	_	_
863-1	BX002	863	1	ti-	ti-	_	_	_	_	_	linguistic	_	none	Interrupted=Yes	_	_	_	_	_
863-2	BX002	863	2	e	e	_	_	_	_	_	linguistic	_	none	_	_	_	_	_	_
863-3	BX002	863	3	tipo	tipo	_	_	_	_	_	linguistic	_	none	_	_	_	_	_	_
863-4	BX002	863	4	ce-	ce-	_	_	_	_	_	linguistic	_	none	Interrupted=Yes	_	_	_	_	_
863-5	BX002	863	5	((ride))	((ride))	_	_	_	_	_	nonverbalbehavior	_	none	_	_	_	_	_	_
863-6	BX002	863	6	sì	sì	_	_	_	_	_	linguistic	_	none	_	_	_	_	_	_
863-7	BX002	863	7	sì	sì	_	_	_	_	_	linguistic	_	none	_	End=2175.382	_	_	_	_
864-0	BX003	864	0	[((ride))]	((ride))	_	_	_	_	_	nonverbalbehavior	_	none	_	Begin=2173.764|End=2176.311	_	_	_	0-4(353)
865-0	BX002	865	0	e	e	_	_	_	_	_	linguistic	_	none	_	Begin=2176.314	_	_	_	_
865-1	BX002	865	1	[tipo	tipo	_	_	_	_	_	linguistic	_	none	_	_	_	_	_	0-4(265)
865-2	BX002	865	2	ti-]	ti-	_	_	_	_	_	linguistic	_	none	Interrupted=Yes	End=2177.054	_	_	_	0-3(265)
866-0	BX001	866	0	[ma	ma	_	_	_	_	_	linguistic	_	none	_	Begin=2176.469	_	_	_	0-2(265)
866-1	BX001	866	1	poi	poi	_	_	_	_	_	linguistic	_	none	_	_	_	_	_	0-3(265)
866-2	BX001	866	2	pas]sano	passano	_	_	_	_	_	linguistic	_	none	_	_	_	_	_	0-3(265)
866-3	BX001	866	3	xxx	xxx	_	_	_	_	_	unknown	_	none	PauseAfter=Yes|Syllables=3	_	_	_	_	_
866-4	BX001	866	4	[(.)	(.)	_	_	_	_	_	shortpause	_	none	_	_	_	_	_	_
866-5	BX001	866	5	xxxx]	xxxx	_	_	_	_	_	unknown	_	none	Syllables=4	End=2179.27	_	_	_	0-4(354)
867-0	BX002	867	0	[((ride))]	((ride))	_	_	_	_	_	nonverbalbehavior	_	none	_	Begin=2177.379|End=2179.279	_	_	_	0-4(354)
868-0	BX003	868	0	[((ride))]	((ride))	_	_	_	_	_	nonverbalbehavior	_	none	_	Begin=2177.379|End=2179.279	_	_	_	0-4(354)
869-0	BX002	869	0	ci	ci	_	_	_	_	_	linguistic	_	none	_	Begin=2179.824	_	_	_	_
869-1	BX002	869	1	sono	sono	_	_	_	_	_	linguistic	_	none	_	_	_	_	_	_
869-2	BX002	869	2	dei	dei	_	_	_	_	_	linguistic	_	none	_	_	_	_	_	_
869-3	BX002	869	3	cosi	cosi	_	_	_	_	_	linguistic	_	none	_	_	_	_	_	_
869-4	BX002	869	4	da	da	_	_	_	_	_	linguistic	_	none	_	_	_	_	_	_
869-5	BX002	869	5	pesca	pesca	_	_	_	_	_	linguistic	_	none	_	_	_	_	_	_
869-6	BX002	869	6	che	che	_	_	_	_	_	linguistic	_	none	_	_	_	_	_	_
869-7	BX002	869	7	sono	sono	_	_	_	_	_	linguistic	_	none	_	_	_	_	_	_
869-8	BX002	869	8	tipo	tipo	_	_	_	_	_	linguistic	_	none	_	_	_	_	_	_
869-9	BX002	869	9	dei:	dei	_	_	_	_	_	linguistic	_	none	PauseAfter=Yes	_	2x1	_	_	_
869-10	BX002	869	10	(.)	(.)	_	_	_	_	_	shortpause	_	none	_	_	_	_	_	_
869-11	BX002	869	11	cilindri,	cilindri	_	_	_	_	_	linguistic	_	none	Intonation=WeaklyRising	End=2183.454	_	_	_	_
870-0	BX002	870	0	che	che	_	_	_	_	_	linguistic	_	none	_	Begin=2183.854	_	_	_	_
870-1	BX002	870	1	sono	sono	_	_	_	_	_	linguistic	_	none	_	_	_	_	_	_
870-2	BX002	870	2	uno	uno	_	_	_	_	_	linguistic	_	none	_	_	_	_	_	_
870-3	BX002	870	3	dentro	dentro	_	_	_	_	_	linguistic	_	none	_	_	_	_	_	_
870-4	BX002	870	4	[l'	l'	_	_	_	_	_	linguistic	_	none	SpaceAfter=No	_	_	_	_	0-2(266)
870-5	BX002	870	5	altro],	altro	_	_	_	_	_	linguistic	_	none	Intonation=WeaklyRising	End=2185.334	_	_	_	0-5(266)
871-0	BX003	871	0	[sì	sì	_	_	_	_	_	linguistic	_	none	_	Begin=2184.754	_	_	_	0-2(266)
871-1	BX003	871	1	i	i	_	_	_	_	_	linguistic	_	none	_	_	_	_	_	0-1(266)
871-2	BX003	871	2	batta]vei.	battavei	_	_	_	_	_	linguistic	_	none	Intonation=Falling	End=2185.844	_	_	_	0-5(266)
872-0	BX002	872	0	cosa	cosa	_	_	_	_	_	linguistic	_	none	_	Begin=2186.114	_	_	_	_
872-1	BX002	872	1	sono?	sono	_	_	_	_	_	linguistic	_	none	Intonation=Rising	End=2186.754	_	_	_	_
873-0	BX003	873	0	sono	sono	_	_	_	_	_	linguistic	_	none	_	Begin=2186.769	_	_	_	_
873-1	BX003	873	1	i	i	_	_	_	_	_	linguistic	_	none	_	_	_	_	_	_
873-2	BX003	873	2	battavei,	battavei	_	_	_	_	_	linguistic	_	none	Intonation=WeaklyRising	_	_	_	_	_
873-3	BX003	873	3	sono	sono	_	_	_	_	_	linguistic	_	none	_	_	_	_	_	_
873-4	BX003	873	4	delle:	delle	_	_	_	_	_	linguistic	_	none	_	_	4x1	_	_	_
873-5	BX003	873	5	[(delle	delle	_	_	_	_	_	linguistic	_	none	_	_	_	_	_	0-5(355)
873-6	BX003	873	6	xxx	xxx	_	_	_	_	_	unknown	_	none	Syllables=3	_	_	_	_	0-3(355)
873-7	BX003	873	7	dialetto,	dialetto	_	_	_	_	_	linguistic	_	none	Intonation=WeaklyRising	_	_	_	_	0-8(355)
873-8	BX003	873	8	((ride))	((ride))	_	_	_	_	_	nonverbalbehavior	_	none	_	_	_	_	_	0-4(355)
873-9	BX003	873	9	sì:]	sì	_	_	_	_	_	linguistic	_	none	_	End=2193.124	1x1	_	_	0-2(355)
874-0	BX001	874	0	[((ride))]	((ride))	_	_	_	_	_	nonverbalbehavior	_	none	_	Begin=2188.569|End=2192.259	_	_	_	0-4(355)
875-0	BX002	875	0	[battavei,	battavei	_	_	_	_	_	linguistic	_	none	Intonation=WeaklyRising	Begin=2191.359	_	_	_	0-8(355)
875-1	BX002	875	1	xx]	xx	_	_	_	_	_	unknown	_	none	Syllables=2	End=2193.3	_	_	_	0-2(355)
876-0	BX003	876	0	sono	sono	_	_	_	_	_	linguistic	_	none	_	Begin=2193.609	_	_	_	_
876-1	BX003	876	1	cioè	cioè	_	_	_	_	_	linguistic	_	none	_	_	_	_	_	_
876-2	BX003	876	2	tipo	tipo	_	_	_	_	_	linguistic	_	none	_	_	_	_	_	_
876-3	BX003	876	3	[sono	sono	_	_	_	_	_	linguistic	_	none	_	_	_	_	_	0-4(267)
876-4	BX003	876	4	delle	delle	_	_	_	_	_	linguistic	_	none	_	_	_	_	_	0-5(267)
876-5	BX003	876	5	reti]	reti	_	_	_	_	_	linguistic	_	none	_	_	_	_	_	0-4(267)
876-6	BX003	876	6	a	a	_	_	_	_	_	linguistic	_	none	_	_	_	_	_	_
876-7	BX003	876	7	sorta	sorta	_	_	_	_	_	linguistic	_	none	_	_	_	_	_	_
876-8	BX003	876	8	di:	di	_	_	_	_	_	linguistic	_	none	_	_	1x1	_	_	_
876-9	BX003	876	9	cilindriche	cilindriche	_	_	_	_	_	linguistic	_	none	_	_	_	_	_	_
876-10	BX003	876	10	che	che	_	_	_	_	_	linguistic	_	none	_	_	_	_	_	_
876-11	BX003	876	11	[hanno]	hanno	_	_	_	_	_	linguistic	_	none	_	_	_	_	_	0-5(268)
876-12	BX003	876	12	dentro,	dentro	_	_	_	_	_	linguistic	_	none	Intonation=WeaklyRising	_	_	_	_	_
876-13	BX003	876	13	una	una	_	_	_	_	_	linguistic	_	none	_	_	_	_	_	_
876-14	BX003	876	14	un:	un	_	_	_	_	_	linguistic	_	none	PauseAfter=Yes	_	1x1	_	_	_
876-15	BX003	876	15	(.)	(.)	_	_	_	_	_	shortpause	_	none	_	_	_	_	_	_
876-16	BX003	876	16	cioè	cioè	_	_	_	_	_	linguistic	_	none	_	_	_	_	_	_
876-17	BX003	876	17	una	una	_	_	_	_	_	linguistic	_	none	_	_	_	_	_	_
876-18	BX003	876	18	cosa,	cosa	_	_	_	_	_	linguistic	_	none	Intonation=WeaklyRising|PauseAfter=Yes	_	_	_	_	_
876-19	BX003	876	19	(.)	(.)	_	_	_	_	_	shortpause	_	none	_	_	_	_	_	_
876-20	BX003	876	20	mh:	mh	_	_	_	_	_	linguistic	_	none	_	End=2201.059	1x1	_	_	_
877-0	BX001	877	0	[((ride))]	((ride))	_	_	_	_	_	nonverbalbehavior	_	none	_	Begin=2194.853|End=2195.736	_	_	_	0-4(267)
878-0	BX002	878	0	[ah].	ah	_	_	_	_	_	linguistic	_	none	Intonation=Falling	Begin=2197.559|End=2197.849	_	_	_	0-2(268)
879-0	BX003	879	0	triangolare	triangolare	_	_	_	_	_	linguistic	_	none	_	Begin=2201.829	_	_	_	_
879-1	BX003	879	1	tipo,	tipo	_	_	_	_	_	linguistic	_	none	Intonation=WeaklyRising	End=2202.919	_	_	_	_
880-0	BX002	880	0	ah	ah	_	_	_	_	_	linguistic	_	none	ProsodicLink=Yes	Begin=2202.979	_	_	_	_
880-1	BX002	880	1	ah,	ah	_	_	_	_	_	linguistic	_	none	Intonation=WeaklyRising	End=2203.409	_	_	_	_
881-0	BX003	881	0	e	e	_	_	_	_	_	linguistic	_	none	_	Begin=2203.439	_	_	_	_
881-1	BX003	881	1	così	così	_	_	_	_	_	linguistic	_	none	_	_	_	_	_	_
881-2	BX003	881	2	decentra,	decentra	_	_	_	_	_	linguistic	_	none	Intonation=WeaklyRising|PauseAfter=Yes	_	_	_	_	_
881-3	BX003	881	3	(.)	(.)	_	_	_	_	_	shortpause	_	none	_	_	_	_	_	_
881-4	BX003	881	4	e	e	_	_	_	_	_	linguistic	_	none	_	_	_	_	_	_
881-5	BX003	881	5	eh	eh	_	_	_	_	_	linguistic	_	none	_	_	_	_	_	_
881-6	BX003	881	6	incontra	incontra	_	_	_	_	_	linguistic	_	none	_	_	_	_	_	_
881-7	BX003	881	7	sempre	sempre	_	_	_	_	_	linguistic	_	none	_	_	_	_	_	_
881-8	BX003	881	8	un	un	_	_	_	_	_	linguistic	_	none	_	_	_	_	_	_
881-9	BX003	881	9	un	un	_	_	_	_	_	linguistic	_	none	_	_	_	_	_	_
881-10	BX003	881	10	coso	coso	_	_	_	_	_	linguistic	_	none	_	_	_	_	_	_
881-11	BX003	881	11	più	più	_	_	_	_	_	linguistic	_	none	_	_	_	_	_	_
881-12	BX003	881	12	stretto,	stretto	_	_	_	_	_	linguistic	_	none	Intonation=WeaklyRising	_	_	_	_	_
881-13	BX003	881	13	e	e	_	_	_	_	_	linguistic	_	none	_	_	_	_	_	_
881-14	BX003	881	14	non	non	_	_	_	_	_	linguistic	_	none	_	_	_	_	_	_
881-15	BX003	881	15	puoi	puoi	_	_	_	_	_	linguistic	_	none	_	_	_	_	_	_
881-16	BX003	881	16	più	più	_	_	_	_	_	linguistic	_	none	_	_	_	_	_	_
881-17	BX003	881	17	riuscire.	riuscire	_	_	_	_	_	linguistic	_	none	Intonation=Falling	End=2208.24	_	_	_	_
882-0	BX002	882	0	ah	ah	_	_	_	_	_	linguistic	_	none	_	Begin=2208.279	_	_	_	_
882-1	BX002	882	1	poveretti.	poveretti	_	_	_	_	_	linguistic	_	none	Intonation=Falling	End=2209.259	_	_	_	_
883-0	BX003	883	0	purtroppo	purtroppo	_	_	_	_	_	linguistic	_	none	_	Begin=2209.264	_	_	_	_
883-1	BX003	883	1	sì	sì	_	_	_	_	_	linguistic	_	none	_	_	_	_	_	_
883-2	BX003	883	2	però,	però	_	_	_	_	_	linguistic	_	none	Intonation=WeaklyRising	End=2210.46	_	_	_	_
884-0	BX001	884	0	vabbè	vabbè	_	_	_	_	_	linguistic	_	none	_	Begin=2211.667	_	_	_	_
884-1	BX001	884	1	anche	anche	_	_	_	_	_	linguistic	_	none	_	_	_	_	_	_
884-2	BX001	884	2	quello	quello	_	_	_	_	_	linguistic	_	none	_	_	_	_	_	_
884-3	BX001	884	3	è	è	_	_	_	_	_	linguistic	_	none	_	_	_	_	_	_
884-4	BX001	884	4	un	un	_	_	_	_	_	linguistic	_	none	_	_	_	_	_	_
884-5	BX001	884	5	un'	un'	_	_	_	_	_	linguistic	_	none	SpaceAfter=No	_	_	_	_	_
884-6	BX001	884	6	arte	arte	_	_	_	_	_	linguistic	_	none	_	_	_	_	_	_
884-7	BX001	884	7	cioè	cioè	_	_	_	_	_	linguistic	_	none	_	_	_	_	_	_
884-8	BX001	884	8	alle	alle	_	_	_	_	_	linguistic	_	none	_	_	_	_	_	_
884-9	BX001	884	9	fine:	fine	_	_	_	_	_	linguistic	_	none	_	_	3x1	_	_	_
884-10	BX001	884	10	eh:	eh	_	_	_	_	_	linguistic	_	none	_	End=2215.476	1x1	_	_	_
885-0	BX002	885	0	guarda	guarda	_	_	_	_	_	linguistic	_	none	_	Begin=2215.833	_	_	_	_
885-1	BX002	885	1	mio	mio	_	_	_	_	_	linguistic	_	none	_	_	_	_	_	_
885-2	BX002	885	2	nonno	nonno	_	_	_	_	_	linguistic	_	none	_	_	_	_	_	_
885-3	BX002	885	3	[(incomprensibile)]	incomprensibile	_	_	_	_	_	linguistic	_	none	_	End=2218.513	_	_	0-15(0)	0-15(356)
886-0	BX001	886	0	[xxxxx]	xxxxx	_	_	_	_	_	unknown	_	none	Syllables=5	Begin=2216.483|End=2217.723	_	_	_	0-5(356)
887-0	BX003	887	0	[no	no	_	_	_	_	_	linguistic	_	none	_	Begin=2217.443	_	_	_	0-2(356)
887-1	BX003	887	1	però	però	_	_	_	_	_	linguistic	_	none	_	_	_	_	_	0-4(356)
887-2	BX003	887	2	c'	c'	_	_	_	_	_	linguistic	_	none	SpaceAfter=No	_	_	_	_	0-2(356)
887-3	BX003	887	3	è	è	_	_	_	_	_	linguistic	_	none	_	_	_	_	_	0-1(356)
887-4	BX003	887	4	mi	mi	_	_	_	_	_	linguistic	_	none	_	_	_	_	_	0-2(356)
887-5	BX003	887	5	pi-]	pi-	_	_	_	_	_	linguistic	_	none	Interrupted=Yes	_	_	_	_	0-3(356)
887-6	BX003	887	6	mi:	mi	_	_	_	_	_	linguistic	_	none	_	_	1x1	_	_	_
887-7	BX003	887	7	piacerebbe	piacerebbe	_	_	_	_	_	linguistic	_	none	_	_	_	_	_	_
887-8	BX003	887	8	sapere	sapere	_	_	_	_	_	linguistic	_	none	_	_	_	_	_	_
887-9	BX003	887	9	come	come	_	_	_	_	_	linguistic	_	none	_	_	_	_	_	_
887-10	BX003	887	10	le	le	_	_	_	_	_	linguistic	_	none	_	_	_	_	_	_
887-11	BX003	887	11	chiamate	chiamate	_	_	_	_	_	linguistic	_	none	_	_	_	_	_	_
887-12	BX003	887	12	voi,	voi	_	_	_	_	_	linguistic	_	none	Intonation=WeaklyRising	End=2220.703	_	_	_	_
888-0	BX002	888	0	credo	credo	_	_	_	_	_	linguistic	_	none	_	Begin=2221.993	_	_	_	_
888-1	BX002	888	1	che	che	_	_	_	_	_	linguistic	_	none	_	_	_	_	_	_
888-2	BX002	888	2	sia	sia	_	_	_	_	_	linguistic	_	none	_	_	_	_	_	_
888-3	BX002	888	3	uguale	uguale	_	_	_	_	_	linguistic	_	none	_	_	_	_	_	_
888-4	BX002	888	4	sai?	sai	_	_	_	_	_	linguistic	_	none	Intonation=Rising	End=2223.333	_	_	_	_
889-0	BX002	889	0	vabbè	vabbè	_	_	_	_	_	linguistic	_	none	_	Begin=2223.728	_	_	_	_
889-1	BX002	889	1	dai	dai	_	_	_	_	_	linguistic	_	none	_	_	_	_	_	_
889-2	BX002	889	2	chiamo	chiamo	_	_	_	_	_	linguistic	_	none	_	_	_	_	_	_
889-3	BX002	889	3	mia	mia	_	_	_	_	_	linguistic	_	none	_	_	_	_	_	_
889-4	BX002	889	4	nonna	nonna	_	_	_	_	_	linguistic	_	none	_	_	_	_	_	_
889-5	BX002	889	5	glielo	glielo	_	_	_	_	_	linguistic	_	none	_	_	_	_	_	_
889-6	BX002	889	6	chiedo.	chiedo	_	_	_	_	_	linguistic	_	none	Intonation=Falling	End=2225.288	_	_	_	_
890-0	BX003	890	0	no,	no	_	_	_	_	_	linguistic	_	none	Intonation=WeaklyRising	Begin=2225.443	_	_	_	_
890-1	BX003	890	1	[((ride))]	((ride))	_	_	_	_	_	nonverbalbehavior	_	none	_	_	_	_	_	0-4(269)
890-2	BX003	890	2	scolta	scolta	_	_	_	_	_	linguistic	_	none	_	_	_	_	_	_
890-3	BX003	890	3	nonna	nonna	_	_	_	_	_	linguistic	_	none	_	_	_	_	_	_
890-4	BX003	890	4	ma,	ma	_	_	_	_	_	linguistic	_	none	Intonation=WeaklyRising	_	_	_	_	_
890-5	BX003	890	5	((ridendo))	((ridendo))	_	_	_	_	_	nonverbalbehavior	_	none	_	_	_	_	_	_
890-6	BX003	890	6	((ride))	((ride))	_	_	_	_	_	nonverbalbehavior	_	none	_	End=2228.623	_	_	_	_
891-0	BX001	891	0	[((ride))	((ride))	_	_	_	_	_	nonverbalbehavior	_	none	_	Begin=2225.813	_	_	_	0-4(269)
891-1	BX001	891	1	se],	se	_	_	_	_	_	linguistic	_	none	Intonation=WeaklyRising	End=2226.94	_	_	_	0-2(269)
892-0	BX002	892	0	bartavei.	bartavei	_	_	_	_	_	linguistic	_	none	Intonation=Falling	Begin=2230.703|End=2231.503	_	_	_	_
893-0	BX002	893	0	°anche	anche	_	_	_	_	_	linguistic	_	none	Volume=low	Begin=2232.438	_	_	_	_
893-1	BX002	893	1	a	a	_	_	_	_	_	linguistic	_	none	Volume=low	_	_	_	_	_
893-2	BX002	893	2	mia	mia	_	_	_	_	_	linguistic	_	none	Volume=low	_	_	_	_	_
893-3	BX002	893	3	zia	zia	_	_	_	_	_	linguistic	_	none	Volume=low	_	_	_	_	_
893-4	BX002	893	4	posso	posso	_	_	_	_	_	linguistic	_	none	Volume=low	_	_	_	_	_
893-5	BX002	893	5	chiedere.°	chiedere	_	_	_	_	_	linguistic	_	none	Intonation=Falling|Volume=low	End=2233.838	_	_	_	_
894-0	BX002	894	0	(°parla	parla	_	_	_	_	_	linguistic	_	none	Volume=low	Begin=2234.263	_	_	0-5(0)	_
894-1	BX002	894	1	solo	solo	_	_	_	_	_	linguistic	_	none	Volume=low	_	_	_	0-4(0)	_
894-2	BX002	894	2	in	in	_	_	_	_	_	linguistic	_	none	Volume=low	_	_	_	0-2(0)	_
894-3	BX002	894	3	dialetto,°)	dialetto	_	_	_	_	_	linguistic	_	none	Intonation=WeaklyRising|Volume=low	End=2235.143	_	_	0-8(0)	_
895-0	BX001	895	0	((ride))	((ride))	_	_	_	_	_	nonverbalbehavior	_	none	_	Begin=2236.158|End=2236.808	_	_	_	_
896-0	BX001	896	0	sì	sì	_	_	_	_	_	linguistic	_	none	_	Begin=2238.528	_	_	_	_
896-1	BX001	896	1	tante	tante	_	_	_	_	_	linguistic	_	none	_	_	_	_	_	_
896-2	BX001	896	2	di	di	_	_	_	_	_	linguistic	_	none	_	_	_	_	_	_
896-3	BX001	896	3	quelle	quelle	_	_	_	_	_	linguistic	_	none	_	_	_	_	_	_
896-4	BX001	896	4	cose,	cose	_	_	_	_	_	linguistic	_	none	Intonation=WeaklyRising	_	_	_	_	_
896-5	BX001	896	5	proprio	proprio	_	_	_	_	_	linguistic	_	none	_	_	_	_	_	_
896-6	BX001	896	6	di	di	_	_	_	_	_	linguistic	_	none	_	_	_	_	_	_
896-7	BX001	896	7	mh	mh	_	_	_	_	_	linguistic	_	none	PauseAfter=Yes	_	_	_	_	_
896-8	BX001	896	8	(.)	(.)	_	_	_	_	_	shortpause	_	none	_	_	_	_	_	_
896-9	BX001	896	9	altri	altri	_	_	_	_	_	linguistic	_	none	_	_	_	_	_	_
896-10	BX001	896	10	(veneti)	veneti	_	_	_	_	_	linguistic	_	none	_	_	_	_	0-6(0)	_
896-11	BX001	896	11	proprio	proprio	_	_	_	_	_	linguistic	_	none	_	_	_	_	_	_
896-12	BX001	896	12	no?	no	_	_	_	_	_	linguistic	_	none	Intonation=Rising	End=2242.618	_	_	_	_
897-0	BX002	897	0	no	no	_	_	_	_	_	linguistic	_	none	_	Begin=2243.59	_	_	_	_
897-1	BX002	897	1	ma	ma	_	_	_	_	_	linguistic	_	none	_	_	_	_	_	_
897-2	BX002	897	2	dai	dai	_	_	_	_	_	linguistic	_	none	_	_	_	_	_	_
897-3	BX002	897	3	miei	miei	_	_	_	_	_	linguistic	_	none	_	_	_	_	_	_
897-4	BX002	897	4	nonni,	nonni	_	_	_	_	_	linguistic	_	none	Intonation=WeaklyRising	_	_	_	_	_
897-5	BX002	897	5	quelli	quelli	_	_	_	_	_	linguistic	_	none	_	_	_	_	_	_
897-6	BX002	897	6	veneti,	veneti	_	_	_	_	_	linguistic	_	none	Intonation=WeaklyRising	End=2245.58	_	_	_	_
898-0	BX002	898	0	c'	c'	_	_	_	_	_	linguistic	_	none	SpaceAfter=No	Begin=2246.25	_	_	_	_
898-1	BX002	898	1	è::	è	_	_	_	_	_	linguistic	_	none	_	End=2247.42	0x2	_	_	_
899-0	BX002	899	0	capannoni	capannoni	_	_	_	_	_	linguistic	_	none	_	Begin=2248.36	_	_	_	_
899-1	BX002	899	1	campi,	campi	_	_	_	_	_	linguistic	_	none	Intonation=WeaklyRising	End=2249.84	_	_	_	_
900-0	BX001	900	0	mh	mh	_	_	_	_	_	linguistic	_	none	ProsodicLink=Yes	Begin=2250.115	_	_	_	_
900-1	BX001	900	1	mh	mh	_	_	_	_	_	linguistic	_	none	ProsodicLink=Yes	_	_	_	_	_
900-2	BX001	900	2	mh.	mh	_	_	_	_	_	linguistic	_	none	Intonation=Falling	End=2250.775	_	_	_	_
901-0	BX002	901	0	si	si	_	_	_	_	_	linguistic	_	none	_	Begin=2251.465	_	_	_	_
901-1	BX002	901	1	giocava	giocava	_	_	_	_	_	linguistic	_	none	_	_	_	_	_	_
901-2	BX002	901	2	tantissimo,	tantissimo	_	_	_	_	_	linguistic	_	none	Intonation=WeaklyRising	End=2252.845	_	_	_	_
902-0	BX001	902	0	sì	sì	_	_	_	_	_	linguistic	_	none	_	Begin=2253.125	_	_	_	_
902-1	BX001	902	1	certo.	certo	_	_	_	_	_	linguistic	_	none	Intonation=Falling	End=2253.835	_	_	_	_
903-0	BX001	903	0	sì	sì	_	_	_	_	_	linguistic	_	none	_	Begin=2254.415	_	_	_	_
903-1	BX001	903	1	cioè	cioè	_	_	_	_	_	linguistic	_	none	_	_	_	_	_	_
903-2	BX001	903	2	proprio:,	proprio	_	_	_	_	_	linguistic	_	none	Intonation=WeaklyRising	End=2255.865	6x1	_	_	_
904-0	BX001	904	0	bisogna	bisogna	_	_	_	_	_	linguistic	_	none	_	Begin=2256.455	_	_	_	_
904-1	BX001	904	1	conservare	conservare	_	_	_	_	_	linguistic	_	none	_	_	_	_	_	_
904-2	BX001	904	2	le	le	_	_	_	_	_	linguistic	_	none	_	_	_	_	_	_
904-3	BX001	904	3	cose	cose	_	_	_	_	_	linguistic	_	none	_	_	_	_	_	_
904-4	BX001	904	4	perché	perché	_	_	_	_	_	linguistic	_	none	_	_	_	_	_	_
904-5	BX001	904	5	hanno	hanno	_	_	_	_	_	linguistic	_	none	_	_	_	_	_	_
904-6	BX001	904	6	un	un	_	_	_	_	_	linguistic	_	none	_	_	_	_	_	_
904-7	BX001	904	7	valore,	valore	_	_	_	_	_	linguistic	_	none	Intonation=WeaklyRising	_	_	_	_	_
904-8	BX001	904	8	cioè	cioè	_	_	_	_	_	linguistic	_	none	_	_	_	_	_	_
904-9	BX001	904	9	nel	nel	_	_	_	_	_	linguistic	_	none	_	_	_	_	_	_
904-10	BX001	904	10	senso	senso	_	_	_	_	_	linguistic	_	none	_	_	_	_	_	_
904-11	BX001	904	11	ci	ci	_	_	_	_	_	linguistic	_	none	_	_	_	_	_	_
904-12	BX001	904	12	ho	ho	_	_	_	_	_	linguistic	_	none	_	_	_	_	_	_
904-13	BX001	904	13	lavorato	lavorato	_	_	_	_	_	linguistic	_	none	_	_	_	_	_	_
904-14	BX001	904	14	tanto	tanto	_	_	_	_	_	linguistic	_	none	_	_	_	_	_	_
904-15	BX001	904	15	per,	per	_	_	_	_	_	linguistic	_	none	Intonation=WeaklyRising	_	_	_	_	_
904-16	BX001	904	16	per	per	_	_	_	_	_	linguistic	_	none	_	_	_	_	_	_
904-17	BX001	904	17	averlo,	averlo	_	_	_	_	_	linguistic	_	none	Intonation=WeaklyRising	_	_	_	_	_
904-18	BX001	904	18	cioè	cioè	_	_	_	_	_	linguistic	_	none	_	_	_	_	_	_
904-19	BX001	904	19	[mica	mica	_	_	_	_	_	linguistic	_	none	_	_	_	_	_	0-4(270)
904-20	BX001	904	20	lo	lo	_	_	_	_	_	linguistic	_	none	_	_	_	_	_	0-2(270)
904-21	BX001	904	21	butto	butto	_	_	_	_	_	linguistic	_	none	_	_	_	_	_	0-5(270)
904-22	BX001	904	22	via].	via	_	_	_	_	_	linguistic	_	none	Intonation=Falling	End=2263.315	_	_	_	0-3(270)
905-0	BX002	905	0	[(noi	noi	_	_	_	_	_	linguistic	_	none	_	Begin=2262.355	_	_	0-3(0)	0-3(270)
905-1	BX002	905	1	li	li	_	_	_	_	_	linguistic	_	none	_	_	_	_	0-2(0)	0-2(270)
905-2	BX002	905	2	distruggevamo)]	distruggevamo	_	_	_	_	_	linguistic	_	none	_	End=2263.415	_	_	0-13(0)	0-13(270)
906-0	BX002	906	0	[((ride))]	((ride))	_	_	_	_	_	nonverbalbehavior	_	none	_	Begin=2264.35	_	_	_	0-4(357)
906-1	BX002	906	1	infatti	infatti	_	_	_	_	_	linguistic	_	none	_	_	_	_	_	_
906-2	BX002	906	2	mio	mio	_	_	_	_	_	linguistic	_	none	_	_	_	_	_	_
906-3	BX002	906	3	papà	papà	_	_	_	_	_	linguistic	_	none	_	_	_	_	_	_
906-4	BX002	906	4	ogni	ogni	_	_	_	_	_	linguistic	_	none	_	_	_	_	_	_
906-5	BX002	906	5	tanto	tanto	_	_	_	_	_	linguistic	_	none	_	_	_	_	_	_
906-6	BX002	906	6	arrivava	arrivava	_	_	_	_	_	linguistic	_	none	_	_	_	_	_	_
906-7	BX002	906	7	(o)	o	_	_	_	_	_	linguistic	_	none	_	_	_	_	0-1(0)	_
906-8	BX002	906	8	con	con	_	_	_	_	_	linguistic	_	none	_	_	_	_	_	_
906-9	BX002	906	9	la	la	_	_	_	_	_	linguistic	_	none	_	_	_	_	_	_
906-10	BX002	906	10	spazzaora,	spazzaora	_	_	_	_	_	linguistic	_	none	Intonation=WeaklyRising	_	_	_	_	_
906-11	BX002	906	11	con	con	_	_	_	_	_	linguistic	_	none	_	_	_	_	_	_
906-12	BX002	906	12	la	la	_	_	_	_	_	linguistic	_	none	_	_	_	_	_	_
906-13	BX002	906	13	scopa.	scopa	_	_	_	_	_	linguistic	_	none	Intonation=Falling	End=2270.145	_	_	_	_
907-0	BX001	907	0	[((ride))]	((ride))	_	_	_	_	_	nonverbalbehavior	_	none	_	Begin=2264.35|End=2266.41	_	_	_	0-4(357)
908-0	BX003	908	0	[((ride))]	((ride))	_	_	_	_	_	nonverbalbehavior	_	none	_	Begin=2264.35|End=2266.41	_	_	_	0-4(357)
909-0	BX001	909	0	(cos'	cos'	_	_	_	_	_	linguistic	_	none	SpaceAfter=No	Begin=2270.925	_	_	0-4(0)	_
909-1	BX001	909	1	è?)	è	_	_	_	_	_	linguistic	_	none	Intonation=Rising	End=2271.275	_	_	0-1(0)	_
910-0	BX002	910	0	>perché	perché	_	_	_	_	_	linguistic	_	none	_	Begin=2271.295	_	Fast=0-6(0)	_	_
910-1	BX002	910	1	mio	mio	_	_	_	_	_	linguistic	_	none	_	_	_	Fast=0-3(0)	_	_
910-2	BX002	910	2	papà<,	papà	_	_	_	_	_	linguistic	_	none	Intonation=WeaklyRising	End=2272.0705	_	Fast=0-4(0)	_	_
911-0	BX001	911	0	>cos'	cos'	_	_	_	_	_	linguistic	_	none	SpaceAfter=No	Begin=2272.0705	_	Fast=0-4(0)	_	_
911-1	BX001	911	1	è<?	è	_	_	_	_	_	linguistic	_	none	Intonation=Rising	End=2272.2535	_	Fast=0-1(0)	_	_
912-0	BX002	912	0	la	la	_	_	_	_	_	linguistic	_	none	_	Begin=2272.2535	_	_	_	_
912-1	BX002	912	1	spazzaora	spazzaora	_	_	_	_	_	linguistic	_	none	_	_	_	_	_	_
912-2	BX002	912	2	è	è	_	_	_	_	_	linguistic	_	none	_	_	_	_	_	_
912-3	BX002	912	3	la	la	_	_	_	_	_	linguistic	_	none	_	_	_	_	_	_
912-4	BX002	912	4	scopa.	scopa	_	_	_	_	_	linguistic	_	none	Intonation=Falling	End=2274.085	_	_	_	_
913-0	BX003	913	0	perché?	perché	_	_	_	_	_	linguistic	_	none	Intonation=Rising	Begin=2274.435|End=2275.115	_	_	_	_
914-0	BX002	914	0	per	per	_	_	_	_	_	linguistic	_	none	_	Begin=2275.775	_	_	_	_
914-1	BX002	914	1	darci.	darci	_	_	_	_	_	linguistic	_	none	Intonation=Falling	_	_	_	_	_
914-2	BX002	914	2	[perché	perché	_	_	_	_	_	linguistic	_	none	_	_	_	_	_	0-6(358)
914-3	BX002	914	3	mh	mh	_	_	_	_	_	linguistic	_	none	_	_	_	_	_	0-2(358)
914-4	BX002	914	4	distruggevamo	distruggevamo	_	_	_	_	_	linguistic	_	none	_	_	_	_	_	0-13(358)
914-5	BX002	914	5	le	le	_	_	_	_	_	linguistic	_	none	_	_	_	_	_	0-2(358)
914-6	BX002	914	6	cose,	cose	_	_	_	_	_	linguistic	_	none	Intonation=WeaklyRising	_	_	_	_	0-4(358)
914-7	BX002	914	7	((ride))	((ride))	_	_	_	_	_	nonverbalbehavior	_	none	_	_	_	_	_	0-4(358)
914-8	BX002	914	8	e	e	_	_	_	_	_	linguistic	_	none	_	_	_	_	_	0-1(358)
914-9	BX002	914	9	mio	mio	_	_	_	_	_	linguistic	_	none	_	_	_	_	_	0-3(358)
914-10	BX002	914	10	papà	papà	_	_	_	_	_	linguistic	_	none	_	_	_	_	_	0-4(358)
914-11	BX002	914	11	lavora-]	lavora-	_	_	_	_	_	linguistic	_	none	Interrupted=Yes	End=2283.84	_	_	_	0-7(358)
915-0	BX001	915	0	[((ride))	((ride))	_	_	_	_	_	nonverbalbehavior	_	none	PauseAfter=Yes	Begin=2276.725	_	_	_	0-4(358)
915-1	BX001	915	1	(.)	(.)	_	_	_	_	_	shortpause	_	none	_	_	_	_	_	_
915-2	BX001	915	2	((ride))	((ride))	_	_	_	_	_	nonverbalbehavior	_	none	_	_	_	_	_	0-4(358)
915-3	BX001	915	3	quella	quella	_	_	_	_	_	linguistic	_	none	_	_	_	_	_	0-6(358)
915-4	BX001	915	4	parte	parte	_	_	_	_	_	linguistic	_	none	_	_	_	_	_	0-5(358)
915-5	BX001	915	5	era	era	_	_	_	_	_	linguistic	_	none	_	_	_	_	_	0-3(358)
915-6	BX001	915	6	chiara,	chiara	_	_	_	_	_	linguistic	_	none	Intonation=WeaklyRising|PauseAfter=Yes	_	_	_	_	0-6(358)
915-7	BX001	915	7	(.)	(.)	_	_	_	_	_	shortpause	_	none	_	_	_	_	_	_
915-8	BX001	915	8	era	era	_	_	_	_	_	linguistic	_	none	_	_	_	_	_	0-3(358)
915-9	BX001	915	9	la	la	_	_	_	_	_	linguistic	_	none	_	_	_	_	_	0-2(358)
915-10	BX001	915	10	la	la	_	_	_	_	_	linguistic	_	none	_	_	_	_	_	0-2(358)
915-11	BX001	915	11	parte	parte	_	_	_	_	_	linguistic	_	none	_	_	_	_	_	0-5(358)
915-12	BX001	915	12	(della,)	della	_	_	_	_	_	linguistic	_	none	Intonation=WeaklyRising	_	_	_	0-5(0)	0-5(358)
915-13	BX001	915	13	com'	com'	_	_	_	_	_	linguistic	_	none	SpaceAfter=No	_	_	_	_	0-4(358)
915-14	BX001	915	14	è?	è	_	_	_	_	_	linguistic	_	none	Intonation=Rising	_	_	_	_	0-1(358)
915-15	BX001	915	15	spazzarola]?	spazzarola	_	_	_	_	_	linguistic	_	none	Intonation=Rising	End=2284.62	_	_	_	0-10(358)
916-0	BX003	916	0	[no	no	_	_	_	_	_	linguistic	_	none	_	Begin=2277.07	_	_	_	0-2(358)
916-1	BX003	916	1	no	no	_	_	_	_	_	linguistic	_	none	_	_	_	_	_	0-2(358)
916-2	BX003	916	2	okay	okay	_	_	_	_	_	linguistic	_	none	_	_	_	_	_	0-4(358)
916-3	BX003	916	3	no	no	_	_	_	_	_	linguistic	_	none	_	_	_	_	_	0-2(358)
916-4	BX003	916	4	(ma	ma	_	_	_	_	_	linguistic	_	none	_	_	_	_	0-2(0)	0-2(358)
916-5	BX003	916	5	è	è	_	_	_	_	_	linguistic	_	none	_	_	_	_	0-1(0)	0-1(358)
916-6	BX003	916	6	che)	che	_	_	_	_	_	linguistic	_	none	_	_	_	_	0-3(0)	0-3(358)
916-7	BX003	916	7	((ride))	((ride))	_	_	_	_	_	nonverbalbehavior	_	none	_	_	_	_	_	0-4(358)
916-8	BX003	916	8	sì	sì	_	_	_	_	_	linguistic	_	none	_	_	_	_	_	0-2(358)
916-9	BX003	916	9	è	è	_	_	_	_	_	linguistic	_	none	_	_	_	_	_	0-1(358)
916-10	BX003	916	10	vero].	vero	_	_	_	_	_	linguistic	_	none	Intonation=Falling	End=2283.29	_	_	_	0-4(358)
917-0	BX002	917	0	spazzaora.	spazzaora	_	_	_	_	_	linguistic	_	none	Intonation=Falling	Begin=2284.615|End=2285.665	_	_	_	_
918-0	BX003	918	0	spaz[zaora]?	spazzaora	_	_	_	_	_	linguistic	_	none	Intonation=Rising	Begin=2285.7|End=2286.465	_	_	_	4-9(272)
919-0	BX002	919	0	[spazza]ora.	spazzaora	_	_	_	_	_	linguistic	_	none	Intonation=Falling	Begin=2286.155|End=2287.185	_	_	_	0-6(272)
920-0	BX002	920	0	[sì:]	sì	_	_	_	_	_	linguistic	_	none	_	Begin=2287.297|End=2287.877	1x1	_	_	0-2(359)
921-0	BX001	921	0	[ah].	ah	_	_	_	_	_	linguistic	_	none	Intonation=Falling	Begin=2287.297|End=2287.877	_	_	_	0-2(359)
922-0	BX003	922	0	[adesso]?	adesso	_	_	_	_	_	linguistic	_	none	Intonation=Rising	Begin=2287.297|End=2287.877	_	_	_	0-6(359)
923-0	BX002	923	0	[spazzaora	spazzaora	_	_	_	_	_	linguistic	_	none	_	Begin=2288.652	_	_	_	0-9(273)
923-1	BX002	923	1	si	si	_	_	_	_	_	linguistic	_	none	_	_	_	_	_	0-2(273)
923-2	BX002	923	2	dice.	dice	_	_	_	_	_	linguistic	_	none	Intonation=Falling	_	_	_	_	0-4(273)
923-3	BX002	923	3	no	no	_	_	_	_	_	linguistic	_	none	_	_	_	_	_	0-2(273)
923-4	BX002	923	4	non	non	_	_	_	_	_	linguistic	_	none	_	_	_	_	_	0-3(273)
923-5	BX002	923	5	so	so	_	_	_	_	_	linguistic	_	none	_	_	_	_	_	0-2(273)
923-6	BX002	923	6	si	si	_	_	_	_	_	linguistic	_	none	_	_	_	_	_	0-2(273)
923-7	BX002	923	7	chiama,	chiama	_	_	_	_	_	linguistic	_	none	Intonation=WeaklyRising|PauseAfter=Yes	_	_	_	_	0-6(273)
923-8	BX002	923	8	(.)	(.)	_	_	_	_	_	shortpause	_	none	_	_	_	_	_	_
923-9	BX002	923	9	xxx	xxx	_	_	_	_	_	unknown	_	none	Syllables=3	_	_	_	_	0-3(273)
923-10	BX002	923	10	sì].	sì	_	_	_	_	_	linguistic	_	none	Intonation=Falling	End=2292.11	_	_	_	0-2(273)
924-0	BX003	924	0	[((ride))	((ride))	_	_	_	_	_	nonverbalbehavior	_	none	_	Begin=2288.657	_	_	_	0-4(273)
924-1	BX003	924	1	ma	ma	_	_	_	_	_	linguistic	_	none	_	_	_	_	_	0-2(273)
924-2	BX003	924	2	è	è	_	_	_	_	_	linguistic	_	none	_	_	_	_	_	0-1(273)
924-3	BX003	924	3	dialetto	dialetto	_	_	_	_	_	linguistic	_	none	_	_	_	_	_	0-8(273)
924-4	BX003	924	4	o?	o	_	_	_	_	_	linguistic	_	none	Intonation=Rising	_	_	_	_	0-1(273)
924-5	BX003	924	5	no	no	_	_	_	_	_	linguistic	_	none	_	_	_	_	_	0-2(273)
924-6	BX003	924	6	è::]	è	_	_	_	_	_	linguistic	_	none	_	End=2292.08	0x2	_	_	0-1(273)
925-0	BX002	925	0	cioè	cioè	_	_	_	_	_	linguistic	_	none	PauseAfter=Yes	Begin=2293.256	_	_	_	_
925-1	BX002	925	1	(.)	(.)	_	_	_	_	_	shortpause	_	none	_	_	_	_	_	_
925-2	BX002	925	2	non	non	_	_	_	_	_	linguistic	_	none	_	_	_	_	_	_
925-3	BX002	925	3	lo	lo	_	_	_	_	_	linguistic	_	none	_	_	_	_	_	_
925-4	BX002	925	4	so,	so	_	_	_	_	_	linguistic	_	none	Intonation=WeaklyRising	End=2294.306	_	_	_	_
926-0	BX002	926	0	<no:n	non	_	_	_	_	_	linguistic	_	none	_	Begin=2294.526	1x1	Slow=0-3(0)	_	_
926-1	BX002	926	1	non	non	_	_	_	_	_	linguistic	_	none	_	_	_	Slow=0-3(0)	_	_
926-2	BX002	926	2	dic-	dic-	_	_	_	_	_	linguistic	_	none	Interrupted=Yes	_	_	Slow=0-4(0)	_	_
926-3	BX002	926	3	non	non	_	_	_	_	_	linguistic	_	none	_	_	_	Slow=0-3(0)	_	_
926-4	BX002	926	4	ho	ho	_	_	_	_	_	linguistic	_	none	PauseAfter=Yes	_	_	Slow=0-2(0)	_	_
926-5	BX002	926	5	(.)	(.)	_	_	_	_	_	shortpause	_	none	_	_	_	_	_	_
926-6	BX002	926	6	avrò	avrò	_	_	_	_	_	linguistic	_	none	_	_	_	Slow=0-4(0)	_	_
926-7	BX002	926	7	detto	detto	_	_	_	_	_	linguistic	_	none	_	_	_	Slow=0-5(0)	_	_
926-8	BX002	926	8	scopa	scopa	_	_	_	_	_	linguistic	_	none	_	_	_	Slow=0-5(0)	_	_
926-9	BX002	926	9	solo	solo	_	_	_	_	_	linguistic	_	none	PauseAfter=Yes	_	_	Slow=0-4(0)	_	_
926-10	BX002	926	10	(.)	(.)	_	_	_	_	_	shortpause	_	none	_	_	_	_	_	_
926-11	BX002	926	11	quando	quando	_	_	_	_	_	linguistic	_	none	_	_	_	Slow=0-6(0)	_	_
926-12	BX002	926	12	ci	ci	_	_	_	_	_	linguistic	_	none	_	_	_	Slow=0-2(0)	_	_
926-13	BX002	926	13	sono:	sono	_	_	_	_	_	linguistic	_	none	_	_	3x1	Slow=0-4(0)	_	_
926-14	BX002	926	14	foreigners>,	foreigners	_	_	_	_	_	linguistic	_	none	Intonation=WeaklyRising|PauseAfter=Yes	_	_	Slow=0-10(0)	_	_
926-15	BX002	926	15	(.)	(.)	_	_	_	_	_	shortpause	_	none	_	_	_	_	_	_
926-16	BX002	926	16	[pe:r	per	_	_	_	_	_	linguistic	_	none	_	_	1x1	_	_	0-3(360)
926-17	BX002	926	17	tradurre].	tradurre	_	_	_	_	_	linguistic	_	none	Intonation=Falling	End=2301.446	_	_	_	0-8(360)
927-0	BX001	927	0	[((ride))]	((ride))	_	_	_	_	_	nonverbalbehavior	_	none	_	Begin=2299.686|End=2302.39	_	_	_	0-4(360)
928-0	BX003	928	0	[((ride))]	((ride))	_	_	_	_	_	nonverbalbehavior	_	none	_	Begin=2299.686|End=2304.17	_	_	_	0-4(360)
929-0	BX001	929	0	per	per	_	_	_	_	_	linguistic	_	none	_	Begin=2304.191	_	_	_	_
929-1	BX001	929	1	stu[pirci].	stupirci	_	_	_	_	_	linguistic	_	none	Intonation=Falling	End=2305.311	_	_	_	3-8(274)
930-0	BX002	930	0	[sì	sì	_	_	_	_	_	linguistic	_	none	_	Begin=2304.296	_	_	_	0-2(274)
930-1	BX002	930	1	perché],	perché	_	_	_	_	_	linguistic	_	none	Intonation=WeaklyRising|PauseAfter=Yes	_	_	_	_	0-6(274)
930-2	BX002	930	2	(.)	(.)	_	_	_	_	_	shortpause	_	none	_	_	_	_	_	_
930-3	BX002	930	3	lui	lui	_	_	_	_	_	linguistic	_	none	_	_	_	_	_	_
930-4	BX002	930	4	face-	face-	_	_	_	_	_	linguistic	_	none	Interrupted=Yes	_	_	_	_	_
930-5	BX002	930	5	fa	fa	_	_	_	_	_	linguistic	_	none	_	_	_	_	_	_
930-6	BX002	930	6	i	i	_	_	_	_	_	linguistic	_	none	_	_	_	_	_	_
930-7	BX002	930	7	mobili,	mobili	_	_	_	_	_	linguistic	_	none	Intonation=WeaklyRising	End=2306.926	_	_	_	_
931-0	BX002	931	0	(lì	lì	_	_	_	_	_	linguistic	_	none	_	Begin=2307.266	_	_	0-2(0)	_
931-1	BX002	931	1	do-)	do-	_	_	_	_	_	linguistic	_	none	Interrupted=Yes	_	_	_	0-3(0)	_
931-2	BX002	931	2	dove	dove	_	_	_	_	_	linguistic	_	none	_	_	_	_	_	_
931-3	BX002	931	3	abitano	abitano	_	_	_	_	_	linguistic	_	none	_	_	_	_	_	_
931-4	BX002	931	4	i	i	_	_	_	_	_	linguistic	_	none	_	_	_	_	_	_
931-5	BX002	931	5	miei	miei	_	_	_	_	_	linguistic	_	none	_	_	_	_	_	_
931-6	BX002	931	6	nonni,	nonni	_	_	_	_	_	linguistic	_	none	Intonation=WeaklyRising	_	_	_	_	_
931-7	BX002	931	7	quindi	quindi	_	_	_	_	_	linguistic	_	none	_	_	_	_	_	_
931-8	BX002	931	8	ci	ci	_	_	_	_	_	linguistic	_	none	_	_	_	_	_	_
931-9	BX002	931	9	sono	sono	_	_	_	_	_	linguistic	_	none	_	_	_	_	_	_
931-10	BX002	931	10	i	i	_	_	_	_	_	linguistic	_	none	_	_	_	_	_	_
931-11	BX002	931	11	capannoni,	capannoni	_	_	_	_	_	linguistic	_	none	Intonation=WeaklyRising	End=2310.196	_	_	_	_
932-0	BX002	932	0	e	e	_	_	_	_	_	linguistic	_	none	_	Begin=2310.446	_	_	_	_
932-1	BX002	932	1	lui	lui	_	_	_	_	_	linguistic	_	none	_	_	_	_	_	_
932-2	BX002	932	2	era	era	_	_	_	_	_	linguistic	_	none	_	_	_	_	_	_
932-3	BX002	932	3	lì	lì	_	_	_	_	_	linguistic	_	none	_	_	_	_	_	_
932-4	BX002	932	4	con	con	_	_	_	_	_	linguistic	_	none	_	_	_	_	_	_
932-5	BX002	932	5	lo	lo	_	_	_	_	_	linguistic	_	none	_	_	_	_	_	_
932-6	BX002	932	6	studio,	studio	_	_	_	_	_	linguistic	_	none	Intonation=WeaklyRising	_	_	_	_	_
932-7	BX002	932	7	cioè	cioè	_	_	_	_	_	linguistic	_	none	_	_	_	_	_	_
932-8	BX002	932	8	con	con	_	_	_	_	_	linguistic	_	none	_	_	_	_	_	_
932-9	BX002	932	9	il	il	_	_	_	_	_	linguistic	_	none	_	_	_	_	_	_
932-10	BX002	932	10	suo:	suo	_	_	_	_	_	linguistic	_	none	_	_	2x1	_	_	_
932-11	BX002	932	11	[laboratorio],	laboratorio	_	_	_	_	_	linguistic	_	none	Intonation=WeaklyRising	End=2313.676	_	_	_	0-11(275)
933-0	BX001	933	0	[mh.	mh	_	_	_	_	_	linguistic	_	none	Intonation=Falling	Begin=2312.986	_	_	_	0-2(275)
933-1	BX001	933	1	e	e	_	_	_	_	_	linguistic	_	none	_	_	_	_	_	0-1(275)
933-2	BX001	933	2	quindi]	quindi	_	_	_	_	_	linguistic	_	none	_	_	_	_	_	0-6(275)
933-3	BX001	933	3	sentiva	sentiva	_	_	_	_	_	linguistic	_	none	_	_	_	_	_	_
933-4	BX001	933	4	il	il	_	_	_	_	_	linguistic	_	none	_	_	_	_	_	_
933-5	BX001	933	5	casino	casino	_	_	_	_	_	linguistic	_	none	_	_	_	_	_	_
933-6	BX001	933	6	[xxxx	xxxx	_	_	_	_	_	unknown	_	none	Syllables=4	_	_	_	_	0-4(276)
933-7	BX001	933	7	((ride))]	((ride))	_	_	_	_	_	nonverbalbehavior	_	none	_	End=2318.526	_	_	_	0-4(276)
934-0	BX002	934	0	[cosa?	cosa	_	_	_	_	_	linguistic	_	none	Intonation=Rising	Begin=2314.876	_	_	_	0-4(276)
934-1	BX002	934	1	sentiva?	sentiva	_	_	_	_	_	linguistic	_	none	Intonation=Rising	_	_	_	_	0-7(276)
934-2	BX002	934	2	vedeva.	vedeva	_	_	_	_	_	linguistic	_	none	Intonation=Falling	_	_	_	_	0-6(276)
934-3	BX002	934	3	aveva	aveva	_	_	_	_	_	linguistic	_	none	_	_	_	_	_	0-5(276)
934-4	BX002	934	4	le	le	_	_	_	_	_	linguistic	_	none	_	_	_	_	_	0-2(276)
934-5	BX002	934	5	finestre	finestre	_	_	_	_	_	linguistic	_	none	_	_	_	_	_	0-8(276)
934-6	BX002	934	6	su	su	_	_	_	_	_	linguistic	_	none	PauseAfter=Yes	_	_	_	_	0-2(276)
934-7	BX002	934	7	(.)	(.)	_	_	_	_	_	shortpause	_	none	_	_	_	_	_	_
934-8	BX002	934	8	su:l	sul	_	_	_	_	_	linguistic	_	none	_	_	1x1	_	_	0-3(276)
934-9	BX002	934	9	sui]	sui	_	_	_	_	_	linguistic	_	none	_	_	_	_	_	0-3(276)
934-10	BX002	934	10	campi,	campi	_	_	_	_	_	linguistic	_	none	Intonation=WeaklyRising|PauseAfter=Yes	_	_	_	_	_
934-11	BX002	934	11	(.)	(.)	_	_	_	_	_	shortpause	_	none	_	_	_	_	_	_
934-12	BX002	934	12	vedeva	vedeva	_	_	_	_	_	linguistic	_	none	_	_	_	_	_	_
934-13	BX002	934	13	noi	noi	_	_	_	_	_	linguistic	_	none	_	_	_	_	_	_
934-14	BX002	934	14	che,	che	_	_	_	_	_	linguistic	_	none	Intonation=WeaklyRising|PauseAfter=Yes	_	_	_	_	_
934-15	BX002	934	15	(.)	(.)	_	_	_	_	_	shortpause	_	none	_	_	_	_	_	_
934-16	BX002	934	16	che	che	_	_	_	_	_	linguistic	_	none	_	_	_	_	_	_
934-17	BX002	934	17	corravamo	corravamo	_	_	_	_	_	linguistic	_	none	_	_	_	_	_	_
934-18	BX002	934	18	con:	con	_	_	_	_	_	linguistic	_	none	_	_	2x1	_	_	_
934-19	BX002	934	19	le	le	_	_	_	_	_	linguistic	_	none	_	_	_	_	_	_
934-20	BX002	934	20	cose,	cose	_	_	_	_	_	linguistic	_	none	Intonation=WeaklyRising	End=2323.25	_	_	_	_
935-0	BX002	935	0	cioè	cioè	_	_	_	_	_	linguistic	_	none	_	Begin=2323.818	_	_	_	_
935-1	BX002	935	1	vecchie	vecchie	_	_	_	_	_	linguistic	_	none	_	_	_	_	_	_
935-2	BX002	935	2	così	così	_	_	_	_	_	linguistic	_	none	_	_	_	_	_	_
935-3	BX002	935	3	e:,	e	_	_	_	_	_	linguistic	_	none	Intonation=WeaklyRising	End=2325.92	0x1	_	_	_
936-0	BX002	936	0	e	e	_	_	_	_	_	linguistic	_	none	_	Begin=2327.043	_	_	_	_
936-1	BX002	936	1	poi	poi	_	_	_	_	_	linguistic	_	none	_	_	_	_	_	_
936-2	BX002	936	2	le	le	_	_	_	_	_	linguistic	_	none	_	_	_	_	_	_
936-3	BX002	936	3	prendevo	prendevo	_	_	_	_	_	linguistic	_	none	_	_	_	_	_	_
936-4	BX002	936	4	solo	solo	_	_	_	_	_	linguistic	_	none	_	_	_	_	_	_
936-5	BX002	936	5	io	io	_	_	_	_	_	linguistic	_	none	_	_	_	_	_	_
936-6	BX002	936	6	perché	perché	_	_	_	_	_	linguistic	_	none	_	_	_	_	_	_
936-7	BX002	936	7	i	i	_	_	_	_	_	linguistic	_	none	_	_	_	_	_	_
936-8	BX002	936	8	miei	miei	_	_	_	_	_	linguistic	_	none	_	_	_	_	_	_
936-9	BX002	936	9	cugini,	cugini	_	_	_	_	_	linguistic	_	none	Intonation=WeaklyRising	End=2329.133	_	_	_	_
937-0	BX002	937	0	non	non	_	_	_	_	_	linguistic	_	none	_	Begin=2329.933	_	_	_	_
937-1	BX002	937	1	erano	erano	_	_	_	_	_	linguistic	_	none	_	_	_	_	_	_
937-2	BX002	937	2	suoi	suoi	_	_	_	_	_	linguistic	_	none	_	_	_	_	_	_
937-3	BX002	937	3	figli	figli	_	_	_	_	_	linguistic	_	none	_	_	_	_	_	_
937-4	BX002	937	4	capito	capito	_	_	_	_	_	linguistic	_	none	_	_	_	_	_	_
937-5	BX002	937	5	quindi,	quindi	_	_	_	_	_	linguistic	_	none	Intonation=WeaklyRising	End=2331.823	_	_	_	_
938-0	BX001	938	0	graziati.	graziati	_	_	_	_	_	linguistic	_	none	Intonation=Falling	Begin=2332.653|End=2333.453	_	_	_	_
939-0	BX001	939	0	((ride))	((ride))	_	_	_	_	_	nonverbalbehavior	_	none	_	Begin=2334.228|End=2335.368	_	_	_	_
940-0	BX001	940	0	°eh	eh	_	_	_	_	_	linguistic	_	none	Volume=low	Begin=2340.343	_	_	_	_
940-1	BX001	940	1	va	va	_	_	_	_	_	linguistic	_	none	Volume=low	_	_	_	_	_
940-2	BX001	940	2	be'°	be'	_	_	_	_	_	linguistic	_	none	Truncated=Yes|Volume=low	End=2341.223	_	_	_	_
941-0	BX002	941	0	no	no	_	_	_	_	_	linguistic	_	none	_	Begin=2342.958	_	_	_	_
941-1	BX002	941	1	mi	mi	_	_	_	_	_	linguistic	_	none	_	_	_	_	_	_
941-2	BX002	941	2	divertivo	divertivo	_	_	_	_	_	linguistic	_	none	_	_	_	_	_	_
941-3	BX002	941	3	coi	coi	_	_	_	_	_	linguistic	_	none	_	_	_	_	_	_
941-4	BX002	941	4	cani,	cani	_	_	_	_	_	linguistic	_	none	Intonation=WeaklyRising|PauseAfter=Yes	_	_	_	_	_
941-5	BX002	941	5	(.)	(.)	_	_	_	_	_	shortpause	_	none	_	_	_	_	_	_
941-6	BX002	941	6	sempre	sempre	_	_	_	_	_	linguistic	_	none	_	_	_	_	_	_
941-7	BX002	941	7	tre	tre	_	_	_	_	_	linguistic	_	none	_	_	_	_	_	_
941-8	BX002	941	8	quattro	quattro	_	_	_	_	_	linguistic	_	none	_	_	_	_	_	_
941-9	BX002	941	9	cani	cani	_	_	_	_	_	linguistic	_	none	_	_	_	_	_	_
941-10	BX002	941	10	i	i	_	_	_	_	_	linguistic	_	none	_	_	_	_	_	_
941-11	BX002	941	11	miei	miei	_	_	_	_	_	linguistic	_	none	_	_	_	_	_	_
941-12	BX002	941	12	nonni.	nonni	_	_	_	_	_	linguistic	_	none	Intonation=Falling	_	_	_	_	_
941-13	BX002	941	13	i	i	_	_	_	_	_	linguistic	_	none	_	_	_	_	_	_
941-14	BX002	941	14	gatti	gatti	_	_	_	_	_	linguistic	_	none	_	_	_	_	_	_
941-15	BX002	941	15	dappertutto.	dappertutto	_	_	_	_	_	linguistic	_	none	Intonation=Falling	End=2348.34	_	_	_	_
942-0	BX002	942	0	ma	ma	_	_	_	_	_	linguistic	_	none	_	Begin=2351.246	_	_	_	_
942-1	BX002	942	1	scusa	scusa	_	_	_	_	_	linguistic	_	none	_	_	_	_	_	_
942-2	BX002	942	2	ma	ma	_	_	_	_	_	linguistic	_	none	_	_	_	_	_	_
942-3	BX002	942	3	il	il	_	_	_	_	_	linguistic	_	none	_	_	_	_	_	_
942-4	BX002	942	4	nostro	nostro	_	_	_	_	_	linguistic	_	none	_	_	_	_	_	_
942-5	BX002	942	5	dialetto	dialetto	_	_	_	_	_	linguistic	_	none	_	_	_	_	_	_
942-6	BX002	942	6	è	è	_	_	_	_	_	linguistic	_	none	PauseAfter=Yes	_	_	_	_	_
942-7	BX002	942	7	(.)	(.)	_	_	_	_	_	shortpause	_	none	_	_	_	_	_	_
942-8	BX002	942	8	io	io	_	_	_	_	_	linguistic	_	none	_	_	_	_	_	_
942-9	BX002	942	9	penso	penso	_	_	_	_	_	linguistic	_	none	_	_	_	_	_	_
942-10	BX002	942	10	che	che	_	_	_	_	_	linguistic	_	none	_	_	_	_	_	_
942-11	BX002	942	11	sia	sia	_	_	_	_	_	linguistic	_	none	_	_	_	_	_	_
942-12	BX002	942	12	molto	molto	_	_	_	_	_	linguistic	_	none	_	_	_	_	_	_
942-13	BX002	942	13	simile,	simile	_	_	_	_	_	linguistic	_	none	Intonation=WeaklyRising|PauseAfter=Yes	_	_	_	_	_
942-14	BX002	942	14	(.)	(.)	_	_	_	_	_	shortpause	_	none	_	_	_	_	_	_
942-15	BX002	942	15	non	non	_	_	_	_	_	linguistic	_	none	_	_	_	_	_	_
942-16	BX002	942	16	dite	dite	_	_	_	_	_	linguistic	_	none	_	_	_	_	_	_
942-17	BX002	942	17	spazza[ora]?	spazzaora	_	_	_	_	_	linguistic	_	none	Intonation=Rising	End=2356.04	_	_	_	6-9(277)
943-0	BX003	943	0	[no].	no	_	_	_	_	_	linguistic	_	none	Intonation=Falling	Begin=2355.898|End=2356.278	_	_	_	0-2(277)
944-0	BX003	944	0	massa[rina].	massarina	_	_	_	_	_	linguistic	_	none	Intonation=Falling	Begin=2356.483|End=2357.173	_	_	_	5-9(278)
945-0	BX002	945	0	[come]?	come	_	_	_	_	_	linguistic	_	none	Intonation=Rising|PauseAfter=Yes	Begin=2356.913	_	_	_	0-4(278)
945-1	BX002	945	1	(.)	(.)	_	_	_	_	_	shortpause	_	none	_	_	_	_	_	_
945-2	BX002	945	2	come?	come	_	_	_	_	_	linguistic	_	none	Intonation=Rising	End=2357.973	_	_	_	_
946-0	BX003	946	0	mansarina.	mansarina	_	_	_	_	_	linguistic	_	none	Intonation=Falling	Begin=2358.198|End=2358.928	_	_	_	_
947-0	BX002	947	0	massarina,	massarina	_	_	_	_	_	linguistic	_	none	Intonation=WeaklyRising	Begin=2359.178|End=2360.188	_	_	_	_
948-0	BX003	948	0	ma-	ma-	_	_	_	_	_	linguistic	_	none	Interrupted=Yes	Begin=2360.188	_	_	_	_
948-1	BX003	948	1	mh:	mh	_	_	_	_	_	linguistic	_	none	_	_	1x1	_	_	_
948-2	BX003	948	2	allora	allora	_	_	_	_	_	linguistic	_	none	_	_	_	_	_	_
948-3	BX003	948	3	qualcuno	qualcuno	_	_	_	_	_	linguistic	_	none	_	_	_	_	_	_
948-4	BX003	948	4	mette	mette	_	_	_	_	_	linguistic	_	none	_	_	_	_	_	_
948-5	BX003	948	5	la	la	_	_	_	_	_	linguistic	_	none	_	_	_	_	_	_
948-6	BX003	948	6	enne	enne	_	_	_	_	_	linguistic	_	none	_	_	_	_	_	_
948-7	BX003	948	7	qualcuno	qualcuno	_	_	_	_	_	linguistic	_	none	_	_	_	_	_	_
948-8	BX003	948	8	non	non	_	_	_	_	_	linguistic	_	none	_	_	_	_	_	_
948-9	BX003	948	9	la	la	_	_	_	_	_	linguistic	_	none	_	_	_	_	_	_
948-10	BX003	948	10	mette,	mette	_	_	_	_	_	linguistic	_	none	Intonation=WeaklyRising	End=2364.0	_	_	_	_
949-0	BX003	949	0	però	però	_	_	_	_	_	linguistic	_	none	_	Begin=2364.848	_	_	_	_
949-1	BX003	949	1	sì.	sì	_	_	_	_	_	linguistic	_	none	Intonation=Falling	End=2365.538	_	_	_	_
950-0	BX002	950	0	ah:.	ah	_	_	_	_	_	linguistic	_	none	Intonation=Falling	Begin=2366.308|End=2366.818	1x1	_	_	_
951-0	BX003	951	0	>a	a	_	_	_	_	_	linguistic	_	none	_	Begin=2366.818	_	Fast=0-1(0)	_	_
951-1	BX003	951	1	seconda	seconda	_	_	_	_	_	linguistic	_	none	_	_	_	Fast=0-7(0)	_	_
951-2	BX003	951	2	secondo	secondo	_	_	_	_	_	linguistic	_	none	_	_	_	Fast=0-7(0)	_	_
951-3	BX003	951	3	me	me	_	_	_	_	_	linguistic	_	none	_	_	_	Fast=0-2(0)	_	_
951-4	BX003	951	4	di	di	_	_	_	_	_	linguistic	_	none	_	_	_	Fast=0-2(0)	_	_
951-5	BX003	951	5	quanta:<	quanta	_	_	_	_	_	linguistic	_	none	_	_	5x1	Fast=0-6(0)	_	_
951-6	BX003	951	6	di	di	_	_	_	_	_	linguistic	_	none	_	_	_	_	_	_
951-7	BX003	951	7	quanta	quanta	_	_	_	_	_	linguistic	_	none	_	_	_	_	_	_
951-8	BX003	951	8	italianizzazione	italianizzazione	_	_	_	_	_	linguistic	_	none	_	_	_	_	_	_
951-9	BX003	951	9	ha	ha	_	_	_	_	_	linguistic	_	none	_	_	_	_	_	_
951-10	BX003	951	10	subito.	subito	_	_	_	_	_	linguistic	_	none	Intonation=Falling	End=2370.928	_	_	_	_
952-0	BX001	952	0	mazz-	mazz-	_	_	_	_	_	linguistic	_	none	Interrupted=Yes	Begin=2370.928	_	_	_	_
952-1	BX001	952	1	mazzarina?	mazzarina	_	_	_	_	_	linguistic	_	none	Intonation=Rising	End=2372.508	_	_	_	_
953-0	BX003	953	0	mansarina.	mansarina	_	_	_	_	_	linguistic	_	none	Intonation=Falling	Begin=2372.528|End=2373.2765	_	_	_	_
954-0	BX001	954	0	mansarina.	mansarina	_	_	_	_	_	linguistic	_	none	Intonation=Falling	Begin=2373.2765|End=2374.1855	_	_	_	_
955-0	BX003	955	0	mh	mh	_	_	_	_	_	linguistic	_	none	ProsodicLink=Yes	Begin=2374.1855	_	_	_	_
955-1	BX003	955	1	mh.	mh	_	_	_	_	_	linguistic	_	none	Intonation=Falling	End=2374.648	_	_	_	_
956-0	BX002	956	0	°mansarina.°	mansarina	_	_	_	_	_	linguistic	_	none	Intonation=Falling|Volume=low	Begin=2376.548|End=2377.668	_	_	_	_
957-0	BX001	957	0	paramazza,	paramazza	_	_	_	_	_	linguistic	_	none	Intonation=WeaklyRising	Begin=2378.193|End=2378.993	_	_	_	_
958-0	BX003	958	0	mazza?	mazza	_	_	_	_	_	linguistic	_	none	Intonation=Rising	Begin=2380.218|End=2380.788	_	_	_	_
959-0	BX001	959	0	ramazza.	ramazza	_	_	_	_	_	linguistic	_	none	Intonation=Falling|PauseAfter=Yes	Begin=2380.968	_	_	_	_
959-1	BX001	959	1	(.)	(.)	_	_	_	_	_	shortpause	_	none	_	_	_	_	_	_
959-2	BX001	959	2	in	in	_	_	_	_	_	linguistic	_	none	_	_	_	_	_	_
959-3	BX001	959	3	toscano	toscano	_	_	_	_	_	linguistic	_	none	_	_	_	_	_	_
959-4	BX001	959	4	è	è	_	_	_	_	_	linguistic	_	none	_	_	_	_	_	_
959-5	BX001	959	5	ramaz[za].	ramazza	_	_	_	_	_	linguistic	_	none	Intonation=Falling	End=2383.008	_	_	_	5-7(279)
960-0	BX003	960	0	[ramazza].	ramazza	_	_	_	_	_	linguistic	_	none	Intonation=Falling	Begin=2382.688|End=2383.378	_	_	_	0-7(?)
961-0	BX002	961	0	[ah].	ah	_	_	_	_	_	linguistic	_	none	Intonation=Falling	Begin=2383.178|End=2383.398	_	_	_	0-2(280)
962-0	BX001	962	0	la	la	_	_	_	_	_	linguistic	_	none	_	Begin=2383.403	_	_	_	_
962-1	BX001	962	1	scopa.	scopa	_	_	_	_	_	linguistic	_	none	Intonation=Falling	End=2384.073	_	_	_	_
963-0	BX002	963	0	da	da	_	_	_	_	_	linguistic	_	none	_	Begin=2386.203	_	_	_	_
963-1	BX002	963	1	te	te	_	_	_	_	_	linguistic	_	none	_	_	_	_	_	_
963-2	BX002	963	2	come	come	_	_	_	_	_	linguistic	_	none	_	_	_	_	_	_
963-3	BX002	963	3	si	si	_	_	_	_	_	linguistic	_	none	_	_	_	_	_	_
963-4	BX002	963	4	dice?	dice	_	_	_	_	_	linguistic	_	none	Intonation=Rising	End=2387.303	_	_	_	_
964-0	BX004	964	0	no	no	_	_	_	_	_	linguistic	_	none	_	Begin=2387.459	_	_	_	_
964-1	BX004	964	1	eh	eh	_	_	_	_	_	linguistic	_	none	_	_	_	_	_	_
964-2	BX004	964	2	da	da	_	_	_	_	_	linguistic	_	none	_	_	_	_	_	_
964-3	BX004	964	3	noi	noi	_	_	_	_	_	linguistic	_	none	_	_	_	_	_	_
964-4	BX004	964	4	è	è	_	_	_	_	_	linguistic	_	none	_	_	_	_	_	_
964-5	BX004	964	5	la:	la	_	_	_	_	_	linguistic	_	none	_	_	1x1	_	_	_
964-6	BX004	964	6	la	la	_	_	_	_	_	linguistic	_	none	_	_	_	_	_	_
964-7	BX004	964	7	ramassa,	ramassa	_	_	_	_	_	linguistic	_	none	Intonation=WeaklyRising	_	_	_	_	_
964-8	BX004	964	8	[(incomprensibile)]	incomprensibile	_	_	_	_	_	linguistic	_	none	_	End=2393.939	_	_	0-15(0)	0-15(?)
965-0	BX003	965	0	[ah].	ah	_	_	_	_	_	linguistic	_	none	Intonation=Falling	Begin=2390.074|End=2390.294	_	_	_	0-2(362)
966-0	BX001	966	0	[ah.	ah	_	_	_	_	_	linguistic	_	none	Intonation=Falling	Begin=2390.289	_	_	_	0-2(?)
966-1	BX001	966	1	((ride))	((ride))	_	_	_	_	_	nonverbalbehavior	_	none	PauseAfter=Yes	_	_	_	_	0-4(?)
966-2	BX001	966	2	(.)	(.)	_	_	_	_	_	shortpause	_	none	_	_	_	_	_	_
966-3	BX001	966	3	(eccoci)]	eccoci	_	_	_	_	_	linguistic	_	none	_	End=2393.239	_	_	0-6(0)	0-6(?)
967-0	BX002	967	0	[ah].	ah	_	_	_	_	_	linguistic	_	none	Intonation=Falling	Begin=2390.814|End=2391.094	_	_	_	0-2(363)
968-0	BX003	968	0	[ah:]	ah	_	_	_	_	_	linguistic	_	none	_	Begin=2391.249|End=2391.679	1x1	_	_	0-2(361)
969-0	BX001	969	0	((ride))	((ride))	_	_	_	_	_	nonverbalbehavior	_	none	_	Begin=2394.889|End=2395.879	_	_	_	_
970-0	BX002	970	0	che	che	_	_	_	_	_	linguistic	_	none	_	Begin=2395.889	_	_	_	_
970-1	BX002	970	1	strano	strano	_	_	_	_	_	linguistic	_	none	_	_	_	_	_	_
970-2	BX002	970	2	che	che	_	_	_	_	_	linguistic	_	none	_	_	_	_	_	_
970-3	BX002	970	3	[sia	sia	_	_	_	_	_	linguistic	_	none	_	_	_	_	_	0-3(281)
970-4	BX002	970	4	uguale],	uguale	_	_	_	_	_	linguistic	_	none	Intonation=WeaklyRising	End=2397.689	_	_	_	0-6(281)
971-0	BX001	971	0	[((ride))]	((ride))	_	_	_	_	_	nonverbalbehavior	_	none	_	Begin=2396.744|End=2397.674	_	_	_	0-4(281)
972-0	BX003	972	0	aspetta	aspetta	_	_	_	_	_	linguistic	_	none	_	Begin=2398.524	_	_	_	_
972-1	BX003	972	1	di[ciamo	diciamo	_	_	_	_	_	linguistic	_	none	_	_	_	_	_	2-7(364)
972-2	BX003	972	2	che:	che	_	_	_	_	_	linguistic	_	none	_	_	2x1	_	_	0-3(364)
972-3	BX003	972	3	(in	in	_	_	_	_	_	linguistic	_	none	_	_	_	_	0-2(0)	0-2(364)
972-4	BX003	972	4	bresciano)]	bresciano	_	_	_	_	_	linguistic	_	none	_	End=2401.184	_	_	0-9(0)	0-9(364)
973-0	BX002	973	0	[eh:	eh	_	_	_	_	_	linguistic	_	none	_	Begin=2399.224	1x1	_	_	0-2(364)
973-1	BX002	973	1	basta.	basta	_	_	_	_	_	linguistic	_	none	Intonation=Falling	_	_	_	_	0-5(364)
973-2	BX002	973	2	progetto	progetto	_	_	_	_	_	linguistic	_	none	_	_	_	_	_	0-8(364)
973-3	BX002	973	3	per	per	_	_	_	_	_	linguistic	_	none	PauseAfter=Yes	_	_	_	_	0-3(364)
973-4	BX002	973	4	(.)	(.)	_	_	_	_	_	shortpause	_	none	_	_	_	_	_	_
973-5	BX002	973	5	sociolinguistico]	sociolinguistico	_	_	_	_	_	linguistic	_	none	_	_	_	_	_	0-16(364)
973-6	BX002	973	6	multi-	multi-	_	_	_	_	_	linguistic	_	none	Interrupted=Yes	_	_	_	_	_
973-7	BX002	973	7	uh	uh	_	_	_	_	_	linguistic	_	none	_	_	_	_	_	_
973-8	BX002	973	8	multiculturalismo	multiculturalismo	_	_	_	_	_	linguistic	_	none	_	_	_	_	_	_
973-9	BX002	973	9	altro	altro	_	_	_	_	_	linguistic	_	none	_	_	_	_	_	_
973-10	BX002	973	10	[che	che	_	_	_	_	_	linguistic	_	none	_	_	_	_	_	0-3(282)
973-11	BX002	973	11	nor]vegese	norvegese	_	_	_	_	_	linguistic	_	none	_	_	_	_	_	0-3(282)
973-12	BX002	973	12	faccio,	faccio	_	_	_	_	_	linguistic	_	none	Intonation=WeaklyRising	End=2406.51	_	_	_	_
974-0	BX001	974	0	[((ride))]	((ride))	_	_	_	_	_	nonverbalbehavior	_	none	_	Begin=2401.072|End=2403.112	_	_	_	0-4(364)
975-0	BX003	975	0	[però],	però	_	_	_	_	_	linguistic	_	none	Intonation=WeaklyRising	Begin=2404.867|End=2405.207	_	_	_	0-4(282)
976-0	BX003	976	0	eh::	eh	_	_	_	_	_	linguistic	_	none	_	Begin=2407.735	1x2	_	_	_
976-1	BX003	976	1	in:	in	_	_	_	_	_	linguistic	_	none	_	_	1x1	_	_	_
976-2	BX003	976	2	in	in	_	_	_	_	_	linguistic	_	none	_	_	_	_	_	_
976-3	BX003	976	3	dialetto	dialetto	_	_	_	_	_	linguistic	_	none	_	_	_	_	_	_
976-4	BX003	976	4	bresciano	bresciano	_	_	_	_	_	linguistic	_	none	_	_	_	_	_	_
976-5	BX003	976	5	penso	penso	_	_	_	_	_	linguistic	_	none	_	_	_	_	_	_
976-6	BX003	976	6	che	che	_	_	_	_	_	linguistic	_	none	_	_	_	_	_	_
976-7	BX003	976	7	s-	s-	_	_	_	_	_	linguistic	_	none	Interrupted=Yes	_	_	_	_	_
976-8	BX003	976	8	si	si	_	_	_	_	_	linguistic	_	none	_	_	_	_	_	_
976-9	BX003	976	9	dica	dica	_	_	_	_	_	linguistic	_	none	_	_	_	_	_	_
976-10	BX003	976	10	qualcosa	qualcosa	_	_	_	_	_	linguistic	_	none	_	_	_	_	_	_
976-11	BX003	976	11	di	di	_	_	_	_	_	linguistic	_	none	_	_	_	_	_	_
976-12	BX003	976	12	ancora	ancora	_	_	_	_	_	linguistic	_	none	_	_	_	_	_	_
976-13	BX003	976	13	più	più	_	_	_	_	_	linguistic	_	none	_	_	_	_	_	_
976-14	BX003	976	14	strano.	strano	_	_	_	_	_	linguistic	_	none	Intonation=Falling	End=2412.35	_	_	_	_
977-0	BX002	977	0	ah	ah	_	_	_	_	_	linguistic	_	none	_	Begin=2412.35	_	_	_	_
977-1	BX002	977	1	posso	posso	_	_	_	_	_	linguistic	_	none	_	_	_	_	_	_
977-2	BX002	977	2	chie-	chie-	_	_	_	_	_	linguistic	_	none	Interrupted=Yes	_	_	_	_	_
977-3	BX002	977	3	la,	la	_	_	_	_	_	linguistic	_	none	Intonation=WeaklyRising	End=2413.415	_	_	_	_
978-0	BX003	978	0	dov'	dov'	_	_	_	_	_	linguistic	_	none	SpaceAfter=No	Begin=2413.505	_	_	_	_
978-1	BX003	978	1	è	è	_	_	_	_	_	linguistic	_	none	_	_	_	_	_	_
978-2	BX003	978	2	la:	la	_	_	_	_	_	linguistic	_	none	_	_	1x1	_	_	_
978-3	BX003	978	3	carega.	carega	_	_	_	_	_	linguistic	_	none	Intonation=Falling	End=2414.515	_	_	_	_
979-0	BX003	979	0	quella	quella	_	_	_	_	_	linguistic	_	none	_	Begin=2414.94	_	_	_	_
979-1	BX003	979	1	cosa	cosa	_	_	_	_	_	linguistic	_	none	_	_	_	_	_	_
979-2	BX003	979	2	del[la	della	_	_	_	_	_	linguistic	_	none	_	_	_	_	_	3-5(283)
979-3	BX003	979	3	carega]	carega	_	_	_	_	_	linguistic	_	none	_	End=2415.98	_	_	_	0-6(283)
980-0	BX002	980	0	[la	la	_	_	_	_	_	linguistic	_	none	_	Begin=2415.32	_	_	_	0-2(283)
980-1	BX002	980	1	carega]	carega	_	_	_	_	_	linguistic	_	none	_	_	_	_	_	0-6(283)
980-2	BX002	980	2	è	è	_	_	_	_	_	linguistic	_	none	_	_	_	_	_	_
980-3	BX002	980	3	questa.	questa	_	_	_	_	_	linguistic	_	none	Intonation=Falling	End=2416.59	_	_	_	_
981-0	BX003	981	0	eh	eh	_	_	_	_	_	linguistic	_	none	_	Begin=2417.49	_	_	_	_
981-1	BX003	981	1	ma,	ma	_	_	_	_	_	linguistic	_	none	Intonation=WeaklyRising	End=2417.99	_	_	_	_
982-0	BX002	982	0	la	la	_	_	_	_	_	linguistic	_	none	_	Begin=2418.385	_	_	_	_
982-1	BX002	982	1	carega	carega	_	_	_	_	_	linguistic	_	none	_	_	_	_	_	_
982-2	BX002	982	2	è	è	_	_	_	_	_	linguistic	_	none	_	_	_	_	_	_
982-3	BX002	982	3	la	la	_	_	_	_	_	linguistic	_	none	_	_	_	_	_	_
982-4	BX002	982	4	sedia.	sedia	_	_	_	_	_	linguistic	_	none	Intonation=Falling	End=2419.665	_	_	_	_
983-0	BX003	983	0	ma	ma	_	_	_	_	_	linguistic	_	none	_	Begin=2419.72	_	_	_	_
983-1	BX003	983	1	in	in	_	_	_	_	_	linguistic	_	none	_	_	_	_	_	_
983-2	BX003	983	2	che	che	_	_	_	_	_	linguistic	_	none	_	_	_	_	_	_
983-3	BX003	983	3	dialetto?	dialetto	_	_	_	_	_	linguistic	_	none	Intonation=Rising	End=2420.73	_	_	_	_
984-0	BX002	984	0	veneto.	veneto	_	_	_	_	_	linguistic	_	none	Intonation=Falling	Begin=2420.89|End=2421.49	_	_	_	_
985-0	BX004	985	0	veneto.	veneto	_	_	_	_	_	linguistic	_	none	Intonation=Falling	Begin=2421.615	_	_	_	_
985-1	BX004	985	1	(incomprensibile)	incomprensibile	_	_	_	_	_	linguistic	_	none	_	_	_	_	0-15(0)	_
985-2	BX004	985	2	cadrega,	cadrega	_	_	_	_	_	linguistic	_	none	Intonation=WeaklyRising	End=2424.175	_	_	_	_
986-0	BX001	986	0	cadrega:[::,	cadrega	_	_	_	_	_	linguistic	_	none	Intonation=WeaklyRising|PauseAfter=Yes	Begin=2424.37	6x3	_	_	_
986-1	BX001	986	1	(.)	(.)	_	_	_	_	_	shortpause	_	none	_	_	_	_	_	_
986-2	BX001	986	2	lombardia],	lombardia	_	_	_	_	_	linguistic	_	none	Intonation=WeaklyRising	End=2426.89	_	_	_	0-9(284)
987-0	BX002	987	0	[cadrega	cadrega	_	_	_	_	_	linguistic	_	none	_	Begin=2425.015	_	_	_	0-7(284)
987-1	BX002	987	1	no.	no	_	_	_	_	_	linguistic	_	none	Intonation=Falling|PauseAfter=Yes	_	_	_	_	0-2(284)
987-2	BX002	987	2	(.)	(.)	_	_	_	_	_	shortpause	_	none	_	_	_	_	_	_
987-3	BX002	987	3	è::	è	_	_	_	_	_	linguistic	_	none	_	_	0x2	_	_	0-1(284)
987-4	BX002	987	4	xxx]	xxx	_	_	_	_	_	unknown	_	none	Syllables=3	_	_	_	_	0-3(284)
987-5	BX002	987	5	eh	eh	_	_	_	_	_	linguistic	_	none	_	_	_	_	_	_
987-6	BX002	987	6	sì	sì	_	_	_	_	_	linguistic	_	none	_	_	_	_	_	_
987-7	BX002	987	7	lombardo.	lombardo	_	_	_	_	_	linguistic	_	none	Intonation=Falling	End=2428.3	_	_	_	_
988-0	BX002	988	0	è	è	_	_	_	_	_	linguistic	_	none	_	Begin=2428.495	_	_	_	_
988-1	BX002	988	1	tuo.	tuo	_	_	_	_	_	linguistic	_	none	Intonation=Falling	_	_	_	_	_
988-2	BX002	988	2	cadrega.	cadrega	_	_	_	_	_	linguistic	_	none	Intonation=Falling	End=2429.625	_	_	_	_
989-0	BX003	989	0	[scragna],	scragna	_	_	_	_	_	linguistic	_	none	Intonation=WeaklyRising	Begin=2430.04|End=2430.73	_	_	_	0-7(285)
990-0	BX004	990	0	[sì	sì	_	_	_	_	_	linguistic	_	none	_	Begin=2430.065	_	_	_	0-2(285)
990-1	BX004	990	1	è	è	_	_	_	_	_	linguistic	_	none	_	_	_	_	_	0-1(285)
990-2	BX004	990	2	molto]	molto	_	_	_	_	_	linguistic	_	none	_	_	_	_	_	0-5(285)
990-3	BX004	990	3	comune.	comune	_	_	_	_	_	linguistic	_	none	Intonation=Falling	End=2431.065	_	_	_	_
991-0	BX002	991	0	scragna?	scragna	_	_	_	_	_	linguistic	_	none	Intonation=Rising|PauseAfter=Yes	Begin=2431.24	_	_	_	_
991-1	BX002	991	1	(.)	(.)	_	_	_	_	_	shortpause	_	none	_	_	_	_	_	_
991-2	BX002	991	2	[ma	ma	_	_	_	_	_	linguistic	_	none	_	_	_	_	_	0-2(286)
991-3	BX002	991	3	il]	il	_	_	_	_	_	linguistic	_	none	_	_	_	_	_	0-2(286)
991-4	BX002	991	4	mantovano	mantovano	_	_	_	_	_	linguistic	_	none	_	_	_	_	_	_
991-5	BX002	991	5	ah	ah	_	_	_	_	_	linguistic	_	none	_	_	_	_	_	_
991-6	BX002	991	6	è	è	_	_	_	_	_	linguistic	_	none	_	_	_	_	_	_
991-7	BX002	991	7	[una	una	_	_	_	_	_	linguistic	_	none	_	_	_	_	_	0-3(287)
991-8	BX002	991	8	roba	roba	_	_	_	_	_	linguistic	_	none	_	_	_	_	_	0-4(287)
991-9	BX002	991	9	strana],	strana	_	_	_	_	_	linguistic	_	none	Intonation=WeaklyRising	End=2434.51	_	_	_	0-6(287)
992-0	BX001	992	0	[eh].	eh	_	_	_	_	_	linguistic	_	none	Intonation=Falling	Begin=2432.45|End=2432.71	_	_	_	0-2(286)
993-0	BX001	993	0	[xx]	xx	_	_	_	_	_	unknown	_	none	Syllables=2	Begin=2433.695|End=2434.275	_	_	_	0-2(287)
994-0	BX002	994	0	[infatti],	infatti	_	_	_	_	_	linguistic	_	none	Intonation=WeaklyRising	Begin=2434.88|End=2435.47	_	_	_	0-7(288)
995-0	BX001	995	0	[in	in	_	_	_	_	_	linguistic	_	none	_	Begin=2434.89	_	_	_	0-2(288)
995-1	BX001	995	1	toscana]	toscana	_	_	_	_	_	linguistic	_	none	_	_	_	_	_	0-7(288)
995-2	BX001	995	2	invece	invece	_	_	_	_	_	linguistic	_	none	_	_	_	_	_	_
995-3	BX001	995	3	seggiola,	seggiola	_	_	_	_	_	linguistic	_	none	Intonation=WeaklyRising	End=2436.54	_	_	_	_
996-0	BX002	996	0	ah.	ah	_	_	_	_	_	linguistic	_	none	Intonation=Falling	Begin=2437.3|End=2437.56	_	_	_	_
997-0	BX003	997	0	ah.	ah	_	_	_	_	_	linguistic	_	none	Intonation=Falling	Begin=2437.585|End=2437.815	_	_	_	_
998-0	BX001	998	0	cioè	cioè	_	_	_	_	_	linguistic	_	none	_	Begin=2439.405	_	_	_	_
998-1	BX001	998	1	sedia	sedia	_	_	_	_	_	linguistic	_	none	_	_	_	_	_	_
998-2	BX001	998	2	non	non	_	_	_	_	_	linguistic	_	none	_	_	_	_	_	_
998-3	BX001	998	3	dice	dice	_	_	_	_	_	linguistic	_	none	_	_	_	_	_	_
998-4	BX001	998	4	nessuno	nessuno	_	_	_	_	_	linguistic	_	none	_	_	_	_	_	_
998-5	BX001	998	5	c'	c'	_	_	_	_	_	linguistic	_	none	SpaceAfter=No	_	_	_	_	_
998-6	BX001	998	6	è	è	_	_	_	_	_	linguistic	_	none	_	_	_	_	_	_
998-7	BX001	998	7	la	la	_	_	_	_	_	linguistic	_	none	_	_	_	_	_	_
998-8	BX001	998	8	seggiola.	seggiola	_	_	_	_	_	linguistic	_	none	Intonation=Falling	End=2441.915	_	_	_	_
999-0	BX002	999	0	sì	sì	_	_	_	_	_	linguistic	_	none	_	Begin=2441.975	_	_	_	_
999-1	BX002	999	1	sì	sì	_	_	_	_	_	linguistic	_	none	_	_	_	_	_	_
999-2	BX002	999	2	sì.	sì	_	_	_	_	_	linguistic	_	none	Intonation=Falling	End=2442.555	_	_	_	_
1000-0	BX002	1000	0	(la	la	_	_	_	_	_	linguistic	_	none	_	Begin=2444.93	_	_	0-2(0)	_
1000-1	BX002	1000	1	carega,)	carega	_	_	_	_	_	linguistic	_	none	Intonation=WeaklyRising	End=2445.88	_	_	0-6(0)	_
1001-0	BX003	1001	0	no	no	_	_	_	_	_	linguistic	_	none	_	Begin=2446.31	_	_	_	_
1001-1	BX003	1001	1	allora	allora	_	_	_	_	_	linguistic	_	none	_	_	_	_	_	_
1001-2	BX003	1001	2	>xx	xx	_	_	_	_	_	unknown	_	none	Syllables=2	_	_	Fast=0-2(0)	_	_
1001-3	BX003	1001	3	si	si	_	_	_	_	_	linguistic	_	none	_	_	_	Fast=0-2(0)	_	_
1001-4	BX003	1001	4	dice	dice	_	_	_	_	_	linguistic	_	none	_	_	_	Fast=0-4(0)	_	_
1001-5	BX003	1001	5	in	in	_	_	_	_	_	linguistic	_	none	_	_	_	Fast=0-2(0)	_	_
1001-6	BX003	1001	6	un	un	_	_	_	_	_	linguistic	_	none	_	_	_	Fast=0-2(0)	_	_
1001-7	BX003	1001	7	altro	altro	_	_	_	_	_	linguistic	_	none	_	_	_	Fast=0-5(0)	_	_
1001-8	BX003	1001	8	modo<	modo	_	_	_	_	_	linguistic	_	none	_	_	_	Fast=0-4(0)	_	_
1001-9	BX003	1001	9	ma	ma	_	_	_	_	_	linguistic	_	none	_	_	_	_	_	_
1001-10	BX003	1001	10	non	non	_	_	_	_	_	linguistic	_	none	_	_	_	_	_	_
1001-11	BX003	1001	11	so	so	_	_	_	_	_	linguistic	_	none	_	_	_	_	_	_
1001-12	BX003	1001	12	come.	come	_	_	_	_	_	linguistic	_	none	Intonation=Falling	End=2448.89	_	_	_	_
1002-0	BX002	1002	0	comunque	comunque	_	_	_	_	_	linguistic	_	none	_	Begin=2453.818	_	_	_	_
1002-1	BX002	1002	1	da	da	_	_	_	_	_	linguistic	_	none	_	_	_	_	_	_
1002-2	BX002	1002	2	noi,	noi	_	_	_	_	_	linguistic	_	none	Intonation=WeaklyRising	_	_	_	_	_
1002-3	BX002	1002	3	c'	c'	_	_	_	_	_	linguistic	_	none	SpaceAfter=No	_	_	_	_	_
1002-4	BX002	1002	4	è	è	_	_	_	_	_	linguistic	_	none	PauseAfter=Yes	_	_	_	_	_
1002-5	BX002	1002	5	(.)	(.)	_	_	_	_	_	shortpause	_	none	_	_	_	_	_	_
1002-6	BX002	1002	6	più	più	_	_	_	_	_	linguistic	_	none	_	_	_	_	_	_
1002-7	BX002	1002	7	vai	vai	_	_	_	_	_	linguistic	_	none	_	_	_	_	_	_
1002-8	BX002	1002	8	verso	verso	_	_	_	_	_	linguistic	_	none	_	_	_	_	_	_
1002-9	BX002	1002	9	mantova,	mantova	_	_	_	_	_	linguistic	_	none	Intonation=WeaklyRising|PauseAfter=Yes	_	_	_	_	_
1002-10	BX002	1002	10	(.)	(.)	_	_	_	_	_	shortpause	_	none	_	_	_	_	_	_
1002-11	BX002	1002	11	più	più	_	_	_	_	_	linguistic	_	none	_	_	_	_	_	_
1002-12	BX002	1002	12	cambia	cambia	_	_	_	_	_	linguistic	_	none	_	_	_	_	_	_
1002-13	BX002	1002	13	il	il	_	_	_	_	_	linguistic	_	none	_	_	_	_	_	_
1002-14	BX002	1002	14	dialetto,	dialetto	_	_	_	_	_	linguistic	_	none	Intonation=WeaklyRising	End=2458.238	_	_	_	_
1003-0	BX002	1003	0	e	e	_	_	_	_	_	linguistic	_	none	_	Begin=2458.783	_	_	_	_
1003-1	BX002	1003	1	infatti	infatti	_	_	_	_	_	linguistic	_	none	_	_	_	_	_	_
1003-2	BX002	1003	2	quelli	quelli	_	_	_	_	_	linguistic	_	none	_	_	_	_	_	_
1003-3	BX002	1003	3	tipo	tipo	_	_	_	_	_	linguistic	_	none	_	_	_	_	_	_
1003-4	BX002	1003	4	di	di	_	_	_	_	_	linguistic	_	none	_	_	_	_	_	_
1003-5	BX002	1003	5	nogara	nogara	_	_	_	_	_	linguistic	_	none	_	_	_	_	_	_
1003-6	BX002	1003	6	così,	così	_	_	_	_	_	linguistic	_	none	Intonation=WeaklyRising	_	_	_	_	_
1003-7	BX002	1003	7	noi	noi	_	_	_	_	_	linguistic	_	none	_	_	_	_	_	_
1003-8	BX002	1003	8	diciamo	diciamo	_	_	_	_	_	linguistic	_	none	_	_	_	_	_	_
1003-9	BX002	1003	9	che	che	_	_	_	_	_	linguistic	_	none	_	_	_	_	_	_
1003-10	BX002	1003	10	parlano	parlano	_	_	_	_	_	linguistic	_	none	_	_	_	_	_	_
1003-11	BX002	1003	11	in	in	_	_	_	_	_	linguistic	_	none	_	_	_	_	_	_
1003-12	BX002	1003	12	mantovan.	mantovan	_	_	_	_	_	linguistic	_	none	Intonation=Falling	End=2462.683	_	_	_	_
1004-0	BX003	1004	0	((ride))	((ride))	_	_	_	_	_	nonverbalbehavior	_	none	_	Begin=2463.138	_	_	_	_
1004-1	BX003	1004	1	[è	è	_	_	_	_	_	linguistic	_	none	_	_	_	_	_	0-1(?)
1004-2	BX003	1004	2	proprio	proprio	_	_	_	_	_	linguistic	_	none	PauseAfter=Yes	_	_	_	_	0-7(?)
1004-3	BX003	1004	3	(.)	(.)	_	_	_	_	_	shortpause	_	none	_	_	_	_	_	_
1004-4	BX003	1004	4	è	è	_	_	_	_	_	linguistic	_	none	PauseAfter=Yes	_	_	_	_	0-1(?)
1004-5	BX003	1004	5	(.)	(.)	_	_	_	_	_	shortpause	_	none	_	_	_	_	_	_
1004-6	BX003	1004	6	è	è	_	_	_	_	_	linguistic	_	none	_	_	_	_	_	0-1(?)
1004-7	BX003	1004	7	proprio	proprio	_	_	_	_	_	linguistic	_	none	_	_	_	_	_	0-7(?)
1004-8	BX003	1004	8	((ridendo))	((ridendo))	_	_	_	_	_	nonverbalbehavior	_	none	_	_	_	_	_	0-7(?)
1004-9	BX003	1004	9	(loro	loro	_	_	_	_	_	linguistic	_	none	_	_	_	_	0-4(0)	0-4(?)
1004-10	BX003	1004	10	sono	sono	_	_	_	_	_	linguistic	_	none	_	_	_	_	0-4(0)	0-4(?)
1004-11	BX003	1004	11	della)	della	_	_	_	_	_	linguistic	_	none	_	_	_	_	0-5(0)	0-5(?)
1004-12	BX003	1004	12	xx]	xx	_	_	_	_	_	unknown	_	none	Syllables=2	_	_	_	_	0-2(?)
1004-13	BX003	1004	13	mantovana	mantovana	_	_	_	_	_	linguistic	_	none	_	End=2468.81	_	_	_	_
1005-0	BX001	1005	0	[c'	c'	_	_	_	_	_	linguistic	_	none	SpaceAfter=No	Begin=2463.828	_	_	_	0-2(?)
1005-1	BX001	1005	1	è	è	_	_	_	_	_	linguistic	_	none	_	_	_	_	_	0-1(?)
1005-2	BX001	1005	2	proprio	proprio	_	_	_	_	_	linguistic	_	none	PauseAfter=Yes	_	_	_	_	0-7(?)
1005-3	BX001	1005	3	(.)	(.)	_	_	_	_	_	shortpause	_	none	_	_	_	_	_	_
1005-4	BX001	1005	4	quella	quella	_	_	_	_	_	linguistic	_	none	_	_	_	_	_	0-6(?)
1005-5	BX001	1005	5	gentaglia	gentaglia	_	_	_	_	_	linguistic	_	none	_	_	_	_	_	0-9(?)
1005-6	BX001	1005	6	((ridendo))	((ridendo))	_	_	_	_	_	nonverbalbehavior	_	none	_	_	_	_	_	0-7(?)
1005-7	BX001	1005	7	((ride))]	((ride))	_	_	_	_	_	nonverbalbehavior	_	none	_	End=2467.878	_	_	_	0-4(?)
1006-0	BX002	1006	0	[sì].	sì	_	_	_	_	_	linguistic	_	none	Intonation=Falling	Begin=2465.969|End=2466.589	_	_	_	0-2(365)
1007-0	BX002	1007	0	[no	no	_	_	_	_	_	linguistic	_	none	_	Begin=2467.024	_	_	_	0-2(366)
1007-1	BX002	1007	1	è	è	_	_	_	_	_	linguistic	_	none	_	_	_	_	_	0-1(366)
1007-2	BX002	1007	2	che],	che	_	_	_	_	_	linguistic	_	none	Intonation=WeaklyRising	End=2467.874	_	_	_	0-3(366)
1008-0	BX002	1008	0	no	no	_	_	_	_	_	linguistic	_	none	_	Begin=2468.794	_	_	_	_
1008-1	BX002	1008	1	è	è	_	_	_	_	_	linguistic	_	none	_	_	_	_	_	_
1008-2	BX002	1008	2	che	che	_	_	_	_	_	linguistic	_	none	_	_	_	_	_	_
1008-3	BX002	1008	3	non	non	_	_	_	_	_	linguistic	_	none	_	_	_	_	_	_
1008-4	BX002	1008	4	parlano	parlano	_	_	_	_	_	linguistic	_	none	_	_	_	_	_	_
1008-5	BX002	1008	5	più	più	_	_	_	_	_	linguistic	_	none	_	_	_	_	_	_
1008-6	BX002	1008	6	[xx]	xx	_	_	_	_	_	unknown	_	none	Syllables=2	End=2471.394	_	_	_	0-2(290)
1009-0	BX001	1009	0	[sono	sono	_	_	_	_	_	linguistic	_	none	_	Begin=2470.544	_	_	_	0-4(290)
1009-1	BX001	1009	1	già:]	già	_	_	_	_	_	linguistic	_	none	PauseAfter=Yes	_	2x1	_	_	0-3(290)
1009-2	BX001	1009	2	(.)	(.)	_	_	_	_	_	shortpause	_	none	_	_	_	_	_	_
1009-3	BX001	1009	3	sono	sono	_	_	_	_	_	linguistic	_	none	_	_	_	_	_	_
1009-4	BX001	1009	4	considerati	considerati	_	_	_	_	_	linguistic	_	none	_	_	_	_	_	_
1009-5	BX001	1009	5	terro[ni	terroni	_	_	_	_	_	linguistic	_	none	_	_	_	_	_	5-7(367)
1009-6	BX001	1009	6	ormai?	ormai	_	_	_	_	_	linguistic	_	none	Intonation=Rising	_	_	_	_	0-5(367)
1009-7	BX001	1009	7	c'	c'	_	_	_	_	_	linguistic	_	none	SpaceAfter=No	_	_	_	_	0-2(367)
1009-8	BX001	1009	8	è	è	_	_	_	_	_	linguistic	_	none	_	_	_	_	_	0-1(367)
1009-9	BX001	1009	9	non	non	_	_	_	_	_	linguistic	_	none	_	_	_	_	_	0-3(367)
1009-10	BX001	1009	10	ho	ho	_	_	_	_	_	linguistic	_	none	_	_	_	_	_	0-2(367)
1009-11	BX001	1009	11	capito].	capito	_	_	_	_	_	linguistic	_	none	Intonation=Falling	End=2474.68	_	_	_	0-6(367)
1010-0	BX003	1010	0	[((ride))]	((ride))	_	_	_	_	_	nonverbalbehavior	_	none	_	Begin=2472.974|End=2474.684	_	_	_	0-4(367)
1011-0	BX002	1011	0	[no	no	_	_	_	_	_	linguistic	_	none	_	Begin=2473.947	_	_	_	0-2(367)
1011-1	BX002	1011	1	no],	no	_	_	_	_	_	linguistic	_	none	Intonation=WeaklyRising	End=2474.687	_	_	_	0-2(367)
1012-0	BX002	1012	0	quelli	quelli	_	_	_	_	_	linguistic	_	none	_	Begin=2474.692	_	_	_	_
1012-1	BX002	1012	1	sono	sono	_	_	_	_	_	linguistic	_	none	_	_	_	_	_	_
1012-2	BX002	1012	2	i	i	_	_	_	_	_	linguistic	_	none	_	_	_	_	_	_
1012-3	BX002	1012	3	rovi[gotti.	rovigotti	_	_	_	_	_	linguistic	_	none	Intonation=Falling|PauseAfter=Yes	_	_	_	_	4-9(368)
1012-4	BX002	1012	4	(.)	(.)	_	_	_	_	_	shortpause	_	none	_	_	_	_	_	_
1012-5	BX002	1012	5	quelli	quelli	_	_	_	_	_	linguistic	_	none	_	_	_	_	_	0-6(368)
1012-6	BX002	1012	6	sono	sono	_	_	_	_	_	linguistic	_	none	_	_	_	_	_	0-4(368)
1012-7	BX002	1012	7	i	i	_	_	_	_	_	linguistic	_	none	_	_	_	_	_	0-1(368)
1012-8	BX002	1012	8	rovigotti].	rovigotti	_	_	_	_	_	linguistic	_	none	Intonation=Falling	End=2477.31	_	_	_	0-9(368)
1013-0	BX003	1013	0	[quelli,	quelli	_	_	_	_	_	linguistic	_	none	Intonation=WeaklyRising	Begin=2475.687	_	_	_	0-6(368)
1013-1	BX003	1013	1	quelli	quelli	_	_	_	_	_	linguistic	_	none	_	_	_	_	_	0-6(368)
1013-2	BX003	1013	2	(giù	giù	_	_	_	_	_	linguistic	_	none	_	_	_	_	0-3(0)	0-3(368)
1013-3	BX003	1013	3	dal	dal	_	_	_	_	_	linguistic	_	none	_	_	_	_	0-3(0)	0-3(368)
1013-4	BX003	1013	4	po)]	po	_	_	_	_	_	linguistic	_	none	_	End=2477.587	_	_	0-2(0)	0-2(368)
1014-0	BX001	1014	0	[oi	oi	_	_	_	_	_	linguistic	_	none	_	Begin=2476.457	_	_	_	0-2(368)
1014-1	BX001	1014	1	oi]	oi	_	_	_	_	_	linguistic	_	none	_	End=2477.187	_	_	_	0-2(368)
1015-0	BX002	1015	0	quelli	quelli	_	_	_	_	_	linguistic	_	none	_	Begin=2478.197	_	_	_	_
1015-1	BX002	1015	1	sono	sono	_	_	_	_	_	linguistic	_	none	_	_	_	_	_	_
1015-2	BX002	1015	2	i	i	_	_	_	_	_	linguistic	_	none	_	_	_	_	_	_
1015-3	BX002	1015	3	[rovigotti.	rovigotti	_	_	_	_	_	linguistic	_	none	Intonation=Falling	_	_	_	_	0-9(291)
1015-4	BX002	1015	4	no	no	_	_	_	_	_	linguistic	_	none	_	_	_	_	_	0-2(291)
1015-5	BX002	1015	5	no]	no	_	_	_	_	_	linguistic	_	none	_	End=2479.707	_	_	_	0-2(291)
1016-0	BX003	1016	0	[quelli	quelli	_	_	_	_	_	linguistic	_	none	_	Begin=2478.537	_	_	_	0-6(291)
1016-1	BX003	1016	1	sotto	sotto	_	_	_	_	_	linguistic	_	none	_	_	_	_	_	0-5(291)
1016-2	BX003	1016	2	il	il	_	_	_	_	_	linguistic	_	none	_	_	_	_	_	0-2(291)
1016-3	BX003	1016	3	po	po	_	_	_	_	_	linguistic	_	none	_	_	_	_	_	0-2(291)
1016-4	BX003	1016	4	sì]	sì	_	_	_	_	_	linguistic	_	none	_	_	_	_	_	0-2(291)
1016-5	BX003	1016	5	però,	però	_	_	_	_	_	linguistic	_	none	Intonation=WeaklyRising	_	_	_	_	_
1016-6	BX003	1016	6	((ride))	((ride))	_	_	_	_	_	nonverbalbehavior	_	none	_	End=2480.93	_	_	_	_
1017-0	BX001	1017	0	bene.	bene	_	_	_	_	_	linguistic	_	none	Intonation=Falling	Begin=2480.937|End=2481.337	_	_	_	_
1018-0	BX003	1018	0	noi	noi	_	_	_	_	_	linguistic	_	none	_	Begin=2481.362	_	_	_	_
1018-1	BX003	1018	1	ancora	ancora	_	_	_	_	_	linguistic	_	none	_	_	_	_	_	_
1018-2	BX003	1018	2	non	non	_	_	_	_	_	linguistic	_	none	_	_	_	_	_	_
1018-3	BX003	1018	3	penso,	penso	_	_	_	_	_	linguistic	_	none	Intonation=WeaklyRising	_	_	_	_	_
1018-4	BX003	1018	4	siamo	siamo	_	_	_	_	_	linguistic	_	none	_	_	_	_	_	_
1018-5	BX003	1018	5	sud.	sud	_	_	_	_	_	linguistic	_	none	Intonation=Falling	End=2483.532	_	_	_	_
1019-0	BX002	1019	0	[<no	no	_	_	_	_	_	linguistic	_	none	_	Begin=2483.542	_	Slow=0-2(0)	_	0-2(292)
1019-1	BX002	1019	1	no>]	no	_	_	_	_	_	linguistic	_	none	_	End=2484.75	_	Slow=0-2(0)	_	0-2(292)
1020-0	BX001	1020	0	[((ride))]	((ride))	_	_	_	_	_	nonverbalbehavior	_	none	_	Begin=2483.542|End=2484.57	_	_	_	0-4(292)
1021-0	BX002	1021	0	e:hm	ehm	_	_	_	_	_	linguistic	_	none	_	Begin=2485.342|End=2486.152	0x1	_	_	_
1022-0	BX002	1022	0	però	però	_	_	_	_	_	linguistic	_	none	_	Begin=2486.432	_	_	_	_
1022-1	BX002	1022	1	si	si	_	_	_	_	_	linguistic	_	none	_	_	_	_	_	_
1022-2	BX002	1022	2	sente	sente	_	_	_	_	_	linguistic	_	none	_	_	_	_	_	_
1022-3	BX002	1022	3	tanto	tanto	_	_	_	_	_	linguistic	_	none	_	_	_	_	_	_
1022-4	BX002	1022	4	l'	l'	_	_	_	_	_	linguistic	_	none	SpaceAfter=No	_	_	_	_	_
1022-5	BX002	1022	5	influsso	influsso	_	_	_	_	_	linguistic	_	none	_	_	_	_	_	_
1022-6	BX002	1022	6	del	del	_	_	_	_	_	linguistic	_	none	_	_	_	_	_	_
1022-7	BX002	1022	7	mantovano:	mantovano	_	_	_	_	_	linguistic	_	none	_	_	8x1	_	_	_
1022-8	BX002	1022	8	nelle	nelle	_	_	_	_	_	linguistic	_	none	_	_	_	_	_	_
1022-9	BX002	1022	9	zone	zone	_	_	_	_	_	linguistic	_	none	_	_	_	_	_	_
1022-10	BX002	1022	10	di	di	_	_	_	_	_	linguistic	_	none	_	_	_	_	_	_
1022-11	BX002	1022	11	confine	confine	_	_	_	_	_	linguistic	_	none	_	_	_	_	_	_
1022-12	BX002	1022	12	diciamo.	diciamo	_	_	_	_	_	linguistic	_	none	Intonation=Falling	End=2490.56	_	_	_	_
1023-0	BX001	1023	0	ah	ah	_	_	_	_	_	linguistic	_	none	_	Begin=2490.557	_	_	_	_
1023-1	BX001	1023	1	beh	beh	_	_	_	_	_	linguistic	_	none	_	_	_	_	_	_
1023-2	BX001	1023	2	certo.	certo	_	_	_	_	_	linguistic	_	none	Intonation=Falling	_	_	_	_	_
1023-3	BX001	1023	3	[mh	mh	_	_	_	_	_	linguistic	_	none	_	_	_	_	_	0-2(294)
1023-4	BX001	1023	4	sem]pre	sempre	_	_	_	_	_	linguistic	_	none	_	_	_	_	_	0-3(294)
1023-5	BX001	1023	5	questo	questo	_	_	_	_	_	linguistic	_	none	_	_	_	_	_	_
1023-6	BX001	1023	6	ibrido	ibrido	_	_	_	_	_	linguistic	_	none	_	_	_	_	_	_
1023-7	BX001	1023	7	no?	no	_	_	_	_	_	linguistic	_	none	Intonation=Rising	_	_	_	_	_
1023-8	BX001	1023	8	nel[le	nelle	_	_	_	_	_	linguistic	_	none	_	_	_	_	_	3-5(295)
1023-9	BX001	1023	9	zone]	zone	_	_	_	_	_	linguistic	_	none	_	_	_	_	_	0-4(295)
1023-10	BX001	1023	10	di	di	_	_	_	_	_	linguistic	_	none	_	_	_	_	_	_
1023-11	BX001	1023	11	confine.	confine	_	_	_	_	_	linguistic	_	none	Intonation=Falling	End=2495.027	_	_	_	_
1024-0	BX002	1024	0	[sì].	sì	_	_	_	_	_	linguistic	_	none	Intonation=Falling	Begin=2491.427|End=2491.857	_	_	_	0-2(294)
1025-0	BX002	1025	0	[mh	mh	_	_	_	_	_	linguistic	_	none	_	Begin=2493.427	_	_	_	0-2(295)
1025-1	BX002	1025	1	mh].	mh	_	_	_	_	_	linguistic	_	none	Intonation=Falling	End=2493.837	_	_	_	0-2(295)
1026-0	BX002	1026	0	sì	sì	_	_	_	_	_	linguistic	_	none	_	Begin=2495.227	_	_	_	_
1026-1	BX002	1026	1	((sussurrato))	((sussurrato))	_	_	_	_	_	nonverbalbehavior	_	none	_	End=2495.557	_	_	_	_
1027-0	BX001	1027	0	sì	sì	_	_	_	_	_	linguistic	_	none	_	Begin=2496.137	_	_	_	_
1027-1	BX001	1027	1	sì	sì	_	_	_	_	_	linguistic	_	none	_	_	_	_	_	_
1027-2	BX001	1027	2	c'	c'	_	_	_	_	_	linguistic	_	none	SpaceAfter=No	_	_	_	_	_
1027-3	BX001	1027	3	è	è	_	_	_	_	_	linguistic	_	none	_	_	_	_	_	_
1027-4	BX001	1027	4	c'	c'	_	_	_	_	_	linguistic	_	none	SpaceAfter=No	_	_	_	_	_
1027-5	BX001	1027	5	è	è	_	_	_	_	_	linguistic	_	none	_	_	_	_	_	_
1027-6	BX001	1027	6	ehm	ehm	_	_	_	_	_	linguistic	_	none	PauseAfter=Yes	_	_	_	_	_
1027-7	BX001	1027	7	(.)	(.)	_	_	_	_	_	shortpause	_	none	_	_	_	_	_	_
1027-8	BX001	1027	8	c'	c'	_	_	_	_	_	linguistic	_	none	SpaceAfter=No	_	_	_	_	_
1027-9	BX001	1027	9	è	è	_	_	_	_	_	linguistic	_	none	_	_	_	_	_	_
1027-10	BX001	1027	10	nel	nel	_	_	_	_	_	linguistic	_	none	_	_	_	_	_	_
1027-11	BX001	1027	11	nel	nel	_	_	_	_	_	linguistic	_	none	_	_	_	_	_	_
1027-12	BX001	1027	12	nel:	nel	_	_	_	_	_	linguistic	_	none	_	_	2x1	_	_	_
1027-13	BX001	1027	13	nell'	nell'	_	_	_	_	_	linguistic	_	none	SpaceAfter=No	_	_	_	_	_
1027-14	BX001	1027	14	appennino	appennino	_	_	_	_	_	linguistic	_	none	_	_	_	_	_	_
1027-15	BX001	1027	15	toscano,	toscano	_	_	_	_	_	linguistic	_	none	Intonation=WeaklyRising	End=2501.807	_	_	_	_
1028-0	BX001	1028	0	c'	c'	_	_	_	_	_	linguistic	_	none	SpaceAfter=No	Begin=2502.235	_	_	_	_
1028-1	BX001	1028	1	è	è	_	_	_	_	_	linguistic	_	none	_	_	_	_	_	_
1028-2	BX001	1028	2	una	una	_	_	_	_	_	linguistic	_	none	_	_	_	_	_	_
1028-3	BX001	1028	3	zona	zona	_	_	_	_	_	linguistic	_	none	_	_	_	_	_	_
1028-4	BX001	1028	4	che	che	_	_	_	_	_	linguistic	_	none	_	_	_	_	_	_
1028-5	BX001	1028	5	è	è	_	_	_	_	_	linguistic	_	none	_	_	_	_	_	_
1028-6	BX001	1028	6	ancora	ancora	_	_	_	_	_	linguistic	_	none	_	_	_	_	_	_
1028-7	BX001	1028	7	piena	piena	_	_	_	_	_	linguistic	_	none	_	_	_	_	_	_
1028-8	BX001	1028	8	toscana	toscana	_	_	_	_	_	linguistic	_	none	_	_	_	_	_	_
1028-9	BX001	1028	9	e	e	_	_	_	_	_	linguistic	_	none	_	_	_	_	_	_
1028-10	BX001	1028	10	però	però	_	_	_	_	_	linguistic	_	none	_	_	_	_	_	_
1028-11	BX001	1028	11	eh::	eh	_	_	_	_	_	linguistic	_	none	_	_	1x2	_	_	_
1028-12	BX001	1028	12	ormai	ormai	_	_	_	_	_	linguistic	_	none	_	_	_	_	_	_
1028-13	BX001	1028	13	tu	tu	_	_	_	_	_	linguistic	_	none	_	_	_	_	_	_
1028-14	BX001	1028	14	senti	senti	_	_	_	_	_	linguistic	_	none	_	_	_	_	_	_
1028-15	BX001	1028	15	bolognese.	bolognese	_	_	_	_	_	linguistic	_	none	Intonation=Falling	End=2508.235	_	_	_	_
1029-0	BX001	1029	0	e	e	_	_	_	_	_	linguistic	_	none	_	Begin=2508.595	_	_	_	_
1029-1	BX001	1029	1	questa	questa	_	_	_	_	_	linguistic	_	none	_	_	_	_	_	_
1029-2	BX001	1029	2	cosa	cosa	_	_	_	_	_	linguistic	_	none	_	_	_	_	_	_
1029-3	BX001	1029	3	spiazza	spiazza	_	_	_	_	_	linguistic	_	none	_	_	_	_	_	_
1029-4	BX001	1029	4	tantissimo.	tantissimo	_	_	_	_	_	linguistic	_	none	Intonation=Falling	End=2510.635	_	_	_	_
1030-0	BX002	1030	0	ma:	ma	_	_	_	_	_	linguistic	_	none	_	Begin=2510.64|End=2511.32	1x1	_	_	_
1031-0	BX001	1031	0	perché	perché	_	_	_	_	_	linguistic	_	none	_	Begin=2511.395	_	_	_	_
1031-1	BX001	1031	1	per[ché]	perché	_	_	_	_	_	linguistic	_	none	_	End=2512.785	_	_	_	3-6(296)
1032-0	BX002	1032	0	[(vai	vai	_	_	_	_	_	linguistic	_	none	_	Begin=2512.245	_	_	0-3(0)	0-3(296)
1032-1	BX002	1032	1	vai)]	vai	_	_	_	_	_	linguistic	_	none	_	End=2512.805	_	_	0-3(0)	0-3(296)
1033-0	BX001	1033	0	con	con	_	_	_	_	_	linguistic	_	none	_	Begin=2513.01	_	_	_	_
1033-1	BX001	1033	1	accento	accento	_	_	_	_	_	linguistic	_	none	_	_	_	_	_	_
1033-2	BX001	1033	2	bolognese	bolognese	_	_	_	_	_	linguistic	_	none	_	_	_	_	_	_
1033-3	BX001	1033	3	dicono	dicono	_	_	_	_	_	linguistic	_	none	_	_	_	_	_	_
1033-4	BX001	1033	4	seggiola.	seggiola	_	_	_	_	_	linguistic	_	none	Intonation=Falling|PauseAfter=Yes	_	_	_	_	_
1033-5	BX001	1033	5	(.)	(.)	_	_	_	_	_	shortpause	_	none	_	_	_	_	_	_
1033-6	BX001	1033	6	cioè	cioè	_	_	_	_	_	linguistic	_	none	_	_	_	_	_	_
1033-7	BX001	1033	7	dicono	dicono	_	_	_	_	_	linguistic	_	none	_	_	_	_	_	_
1033-8	BX001	1033	8	parole	parole	_	_	_	_	_	linguistic	_	none	_	_	_	_	_	_
1033-9	BX001	1033	9	toscane.	toscane	_	_	_	_	_	linguistic	_	none	Intonation=Falling	End=2517.4300000000003	_	_	_	_
1034-0	BX002	1034	0	seggiola,	seggiola	_	_	_	_	_	linguistic	_	none	Intonation=WeaklyRising	Begin=2517.4300000000003|End=2518.2575	_	_	_	_
1035-0	BX001	1035	0	e	e	_	_	_	_	_	linguistic	_	none	_	Begin=2518.2575	_	_	_	_
1035-1	BX001	1035	1	quindi,	quindi	_	_	_	_	_	linguistic	_	none	Intonation=WeaklyRising	End=2518.975	_	_	_	_
1036-0	BX001	1036	0	[((ride))	((ride))	_	_	_	_	_	nonverbalbehavior	_	none	_	Begin=2519.02	_	_	_	0-4(297)
1036-1	BX001	1036	1	quindi]	quindi	_	_	_	_	_	linguistic	_	none	_	End=2520.34	_	_	_	0-6(297)
1037-0	BX003	1037	0	[((ride))]	((ride))	_	_	_	_	_	nonverbalbehavior	_	none	_	Begin=2519.02|End=2520.34	_	_	_	0-4(297)
1038-0	BX001	1038	0	ci	ci	_	_	_	_	_	linguistic	_	none	_	Begin=2521.935	_	_	_	_
1038-1	BX001	1038	1	si	si	_	_	_	_	_	linguistic	_	none	_	_	_	_	_	_
1038-2	BX001	1038	2	rimane	rimane	_	_	_	_	_	linguistic	_	none	_	_	_	_	_	_
1038-3	BX001	1038	3	veramente	veramente	_	_	_	_	_	linguistic	_	none	_	_	_	_	_	_
1038-4	BX001	1038	4	ma	ma	_	_	_	_	_	linguistic	_	none	_	_	_	_	_	_
1038-5	BX001	1038	5	cosa	cosa	_	_	_	_	_	linguistic	_	none	_	_	_	_	_	_
1038-6	BX001	1038	6	cacchio?	cacchio	_	_	_	_	_	linguistic	_	none	Intonation=Rising	_	_	_	_	_
1038-7	BX001	1038	7	ehm::	ehm	_	_	_	_	_	linguistic	_	none	_	End=2525.675	2x2	_	_	_
1039-0	BX002	1039	0	no	no	_	_	_	_	_	linguistic	_	none	_	Begin=2526.397	_	_	_	_
1039-1	BX002	1039	1	non	non	_	_	_	_	_	linguistic	_	none	_	_	_	_	_	_
1039-2	BX002	1039	2	basta	basta	_	_	_	_	_	linguistic	_	none	_	_	_	_	_	_
1039-3	BX002	1039	3	una	una	_	_	_	_	_	linguistic	_	none	_	_	_	_	_	_
1039-4	BX002	1039	4	vita	vita	_	_	_	_	_	linguistic	_	none	_	_	_	_	_	_
1039-5	BX002	1039	5	per:	per	_	_	_	_	_	linguistic	_	none	_	End=2528.347	2x1	_	_	_
1040-0	BX003	1040	0	no	no	_	_	_	_	_	linguistic	_	none	_	Begin=2528.357	_	_	_	_
1040-1	BX003	1040	1	infatti	infatti	_	_	_	_	_	linguistic	_	none	_	_	_	_	_	_
1040-2	BX003	1040	2	[(incomprensibile)]	incomprensibile	_	_	_	_	_	linguistic	_	none	_	End=2530.437	_	_	0-15(0)	0-15(298)
1041-0	BX002	1041	0	[per	per	_	_	_	_	_	linguistic	_	none	_	Begin=2528.802	_	_	_	0-3(298)
1041-1	BX002	1041	1	scoprire	scoprire	_	_	_	_	_	linguistic	_	none	_	_	_	_	_	0-8(298)
1041-2	BX002	1041	2	(tutte	tutte	_	_	_	_	_	linguistic	_	none	_	_	_	_	0-5(0)	0-5(298)
1041-3	BX002	1041	3	ste	ste	_	_	_	_	_	linguistic	_	none	_	_	_	_	0-3(0)	0-3(298)
1041-4	BX002	1041	4	cose)]	cose	_	_	_	_	_	linguistic	_	none	_	End=2530.432	_	_	0-4(0)	0-4(298)
1042-0	BX003	1042	0	mh.	mh	_	_	_	_	_	linguistic	_	none	Intonation=Falling	Begin=2533.652|End=2533.8495000000003	_	_	_	_
1043-0	BX001	1043	0	eh	eh	_	_	_	_	_	linguistic	_	none	_	Begin=2533.8495000000003	_	_	_	_
1043-1	BX001	1043	1	sì	sì	_	_	_	_	_	linguistic	_	none	_	_	_	_	_	_
1043-2	BX001	1043	2	sì	sì	_	_	_	_	_	linguistic	_	none	_	_	_	_	_	_
1043-3	BX001	1043	3	davvero.	davvero	_	_	_	_	_	linguistic	_	none	Intonation=Falling	End=2535.197	_	_	_	_
1044-0	BX001	1044	0	tutto	tutto	_	_	_	_	_	linguistic	_	none	_	Begin=2536.957	_	_	_	_
1044-1	BX001	1044	1	un	un	_	_	_	_	_	linguistic	_	none	_	_	_	_	_	_
1044-2	BX001	1044	2	m-,	m-	_	_	_	_	_	linguistic	_	none	Intonation=WeaklyRising|Interrupted=Yes	_	_	_	_	_
1044-3	BX001	1044	3	un	un	_	_	_	_	_	linguistic	_	none	_	_	_	_	_	_
1044-4	BX001	1044	4	mondo.	mondo	_	_	_	_	_	linguistic	_	none	Intonation=Falling	End=2538.417	_	_	_	_
1045-0	BX002	1045	0	che	che	_	_	_	_	_	linguistic	_	none	_	Begin=2538.972	_	_	_	_
1045-1	BX002	1045	1	ora	ora	_	_	_	_	_	linguistic	_	none	_	_	_	_	_	_
1045-2	BX002	1045	2	è?	è	_	_	_	_	_	linguistic	_	none	Intonation=Rising	End=2539.582	_	_	_	_
1046-0	BX001	1046	0	nove	nove	_	_	_	_	_	linguistic	_	none	_	Begin=2540.662	_	_	_	_
1046-1	BX001	1046	1	e	e	_	_	_	_	_	linguistic	_	none	_	_	_	_	_	_
1046-2	BX001	1046	2	mezz-	mezz-	_	_	_	_	_	linguistic	_	none	Interrupted=Yes	End=2541.352	_	_	_	_
1047-0	BX003	1047	0	(le	le	_	_	_	_	_	linguistic	_	none	_	Begin=2541.352	_	_	0-2(0)	_
1047-1	BX003	1047	1	mez[za)]	mezza	_	_	_	_	_	linguistic	_	none	_	End=2542.04	_	_	0-5(0)	3-5(299)
1048-0	BX002	1048	0	[co]sa?	cosa	_	_	_	_	_	linguistic	_	none	Intonation=Rising	Begin=2541.772|End=2542.312	_	_	_	0-2(299)
1049-0	BX002	1049	0	ora	ora	_	_	_	_	_	linguistic	_	none	_	Begin=2544.177	_	_	_	_
1049-1	BX002	1049	1	di	di	_	_	_	_	_	linguistic	_	none	_	_	_	_	_	_
1049-2	BX002	1049	2	andare	andare	_	_	_	_	_	linguistic	_	none	_	_	_	_	_	_
1049-3	BX002	1049	3	a	a	_	_	_	_	_	linguistic	_	none	_	_	_	_	_	_
1049-4	BX002	1049	4	nanna	nanna	_	_	_	_	_	linguistic	_	none	_	_	_	_	_	_
1049-5	BX002	1049	5	raga.	raga	_	_	_	_	_	linguistic	_	none	Intonation=Falling	End=2545.447	_	_	_	_
1050-0	BX001	1050	0	dai,	dai	_	_	_	_	_	linguistic	_	none	Intonation=WeaklyRising	Begin=2547.427	_	_	_	_
1050-1	BX001	1050	1	basta	basta	_	_	_	_	_	linguistic	_	none	_	_	_	_	_	_
1050-2	BX001	1050	2	esercizi	esercizi	_	_	_	_	_	linguistic	_	none	_	_	_	_	_	_
1050-3	BX001	1050	3	di	di	_	_	_	_	_	linguistic	_	none	_	_	_	_	_	_
1050-4	BX001	1050	4	russo.	russo	_	_	_	_	_	linguistic	_	none	Intonation=Falling	_	_	_	_	_
1050-5	BX001	1050	5	dormi	dormi	_	_	_	_	_	linguistic	_	none	_	_	_	_	_	_
1050-6	BX001	1050	6	però.	però	_	_	_	_	_	linguistic	_	none	Intonation=Falling	End=2550.137	_	_	_	_
1051-0	BX002	1051	0	no	no	_	_	_	_	_	linguistic	_	none	_	Begin=2550.437	_	_	_	_
1051-1	BX002	1051	1	li	li	_	_	_	_	_	linguistic	_	none	_	_	_	_	_	_
1051-2	BX002	1051	2	ho	ho	_	_	_	_	_	linguistic	_	none	_	_	_	_	_	_
1051-3	BX002	1051	3	fatti	fatti	_	_	_	_	_	linguistic	_	none	_	_	_	_	_	_
1051-4	BX002	1051	4	tutti	tutti	_	_	_	_	_	linguistic	_	none	_	_	_	_	_	_
1051-5	BX002	1051	5	[basta	basta	_	_	_	_	_	linguistic	_	none	_	_	_	_	_	0-5(300)
1051-6	BX002	1051	6	non	non	_	_	_	_	_	linguistic	_	none	_	_	_	_	_	0-3(300)
1051-7	BX002	1051	7	devo	devo	_	_	_	_	_	linguistic	_	none	_	_	_	_	_	0-4(300)
1051-8	BX002	1051	8	(più	più	_	_	_	_	_	linguistic	_	none	_	_	_	_	0-3(0)	0-3(300)
1051-9	BX002	1051	9	fare	fare	_	_	_	_	_	linguistic	_	none	_	_	_	_	0-4(0)	0-4(300)
1051-10	BX002	1051	10	nulla)]	nulla	_	_	_	_	_	linguistic	_	none	_	End=2552.537	_	_	0-5(0)	0-5(300)
1052-0	BX001	1052	0	[((ride))]	((ride))	_	_	_	_	_	nonverbalbehavior	_	none	_	Begin=2551.242	_	_	_	0-4(300)
1052-1	BX001	1052	1	non	non	_	_	_	_	_	linguistic	_	none	_	_	_	_	_	_
1052-2	BX001	1052	2	avevo	avevo	_	_	_	_	_	linguistic	_	none	_	_	_	_	_	_
1052-3	BX001	1052	3	dubbi.	dubbi	_	_	_	_	_	linguistic	_	none	Intonation=Falling	End=2553.522	_	_	_	_
1053-0	BX002	1053	0	no	no	_	_	_	_	_	linguistic	_	none	_	Begin=2553.732	_	_	_	_
1053-1	BX002	1053	1	[no],	no	_	_	_	_	_	linguistic	_	none	Intonation=WeaklyRising	End=2554.272	_	_	_	0-2(301)
1054-0	BX003	1054	0	[((ride))]	((ride))	_	_	_	_	_	nonverbalbehavior	_	none	_	Begin=2554.007|End=2556.0	_	_	_	0-4(301)
1055-0	BX001	1055	0	[((ride))	((ride))	_	_	_	_	_	nonverbalbehavior	_	none	_	Begin=2554.377	_	_	_	0-4(369)
1055-1	BX001	1055	1	(pazzesco)	pazzesco	_	_	_	_	_	linguistic	_	none	_	_	_	_	0-8(0)	0-8(369)
1055-2	BX001	1055	2	((ride))]	((ride))	_	_	_	_	_	nonverbalbehavior	_	none	_	End=2556.01	_	_	_	0-4(369)
1056-0	BX002	1056	0	mi	mi	_	_	_	_	_	linguistic	_	none	_	Begin=2555.997	_	_	_	_
1056-1	BX002	1056	1	guardo	guardo	_	_	_	_	_	linguistic	_	none	_	_	_	_	_	_
1056-2	BX002	1056	2	qualcosa,	qualcosa	_	_	_	_	_	linguistic	_	none	Intonation=WeaklyRising	End=2557.127	_	_	_	_
1057-0	BX002	1057	0	che	che	_	_	_	_	_	linguistic	_	none	_	Begin=2557.717	_	_	_	_
1057-1	BX002	1057	1	poi	poi	_	_	_	_	_	linguistic	_	none	_	_	_	_	_	_
1057-2	BX002	1057	2	non	non	_	_	_	_	_	linguistic	_	none	_	_	_	_	_	_
1057-3	BX002	1057	3	so,	so	_	_	_	_	_	linguistic	_	none	Intonation=WeaklyRising	_	_	_	_	_
1057-4	BX002	1057	4	perché	perché	_	_	_	_	_	linguistic	_	none	_	_	_	_	_	_
1057-5	BX002	1057	5	lei	lei	_	_	_	_	_	linguistic	_	none	_	_	_	_	_	_
1057-6	BX002	1057	6	ci	ci	_	_	_	_	_	linguistic	_	none	_	_	_	_	_	_
1057-7	BX002	1057	7	ha	ha	_	_	_	_	_	linguistic	_	none	_	_	_	_	_	_
1057-8	BX002	1057	8	dato	dato	_	_	_	_	_	linguistic	_	none	_	_	_	_	_	_
1057-9	BX002	1057	9	una	una	_	_	_	_	_	linguistic	_	none	_	_	_	_	_	_
1057-10	BX002	1057	10	pagina	pagina	_	_	_	_	_	linguistic	_	none	_	_	_	_	_	_
1057-11	BX002	1057	11	però	però	_	_	_	_	_	linguistic	_	none	_	_	_	_	_	_
1057-12	BX002	1057	12	un	un	_	_	_	_	_	linguistic	_	none	_	_	_	_	_	_
1057-13	BX002	1057	13	esercizio	esercizio	_	_	_	_	_	linguistic	_	none	_	_	_	_	_	_
1057-14	BX002	1057	14	finiva	finiva	_	_	_	_	_	linguistic	_	none	_	_	_	_	_	_
1057-15	BX002	1057	15	nell'	nell'	_	_	_	_	_	linguistic	_	none	SpaceAfter=No	_	_	_	_	_
1057-16	BX002	1057	16	altra.	altra	_	_	_	_	_	linguistic	_	none	Intonation=Falling	End=2561.487	_	_	_	_
1058-0	BX002	1058	0	allora	allora	_	_	_	_	_	linguistic	_	none	_	Begin=2562.187	_	_	_	_
1058-1	BX002	1058	1	il	il	_	_	_	_	_	linguistic	_	none	_	_	_	_	_	_
1058-2	BX002	1058	2	mio	mio	_	_	_	_	_	linguistic	_	none	_	_	_	_	_	_
1058-3	BX002	1058	3	dubbio	dubbio	_	_	_	_	_	linguistic	_	none	_	_	_	_	_	_
1058-4	BX002	1058	4	è	è	_	_	_	_	_	linguistic	_	none	_	_	_	_	_	_
1058-5	BX002	1058	5	[erano	erano	_	_	_	_	_	linguistic	_	none	_	_	_	_	_	0-5(302)
1058-6	BX002	1058	6	tutte	tutte	_	_	_	_	_	linguistic	_	none	_	_	_	_	_	0-5(302)
1058-7	BX002	1058	7	e	e	_	_	_	_	_	linguistic	_	none	_	_	_	_	_	0-1(302)
1058-8	BX002	1058	8	due	due	_	_	_	_	_	linguistic	_	none	_	_	_	_	_	0-3(302)
1058-9	BX002	1058	9	da	da	_	_	_	_	_	linguistic	_	none	_	_	_	_	_	0-2(302)
1058-10	BX002	1058	10	fare]?	fare	_	_	_	_	_	linguistic	_	none	Intonation=Rising	End=2564.477	_	_	_	0-4(302)
1059-0	BX001	1059	0	[e	e	_	_	_	_	_	linguistic	_	none	_	Begin=2562.937	_	_	_	0-1(302)
1059-1	BX001	1059	1	quindi	quindi	_	_	_	_	_	linguistic	_	none	_	_	_	_	_	0-6(302)
1059-2	BX001	1059	2	nel	nel	_	_	_	_	_	linguistic	_	none	_	_	_	_	_	0-3(302)
1059-3	BX001	1059	3	dubbio],	dubbio	_	_	_	_	_	linguistic	_	none	Intonation=WeaklyRising|PauseAfter=Yes	_	_	_	_	0-6(302)
1059-4	BX001	1059	4	(.)	(.)	_	_	_	_	_	shortpause	_	none	_	_	_	_	_	_
1059-5	BX001	1059	5	hai	hai	_	_	_	_	_	linguistic	_	none	_	_	_	_	_	_
1059-6	BX001	1059	6	hai	hai	_	_	_	_	_	linguistic	_	none	_	_	_	_	_	_
1059-7	BX001	1059	7	fatto	fatto	_	_	_	_	_	linguistic	_	none	_	_	_	_	_	_
1059-8	BX001	1059	8	anche	anche	_	_	_	_	_	linguistic	_	none	_	_	_	_	_	_
1059-9	BX001	1059	9	quella	quella	_	_	_	_	_	linguistic	_	none	_	_	_	_	_	_
1059-10	BX001	1059	10	dop[pia],	doppia	_	_	_	_	_	linguistic	_	none	Intonation=WeaklyRising	End=2566.097	_	_	_	3-6(303)
1060-0	BX002	1060	0	[no]	no	_	_	_	_	_	linguistic	_	none	_	Begin=2565.842	_	_	_	0-2(303)
1060-1	BX002	1060	1	ho	ho	_	_	_	_	_	linguistic	_	none	_	_	_	_	_	_
1060-2	BX002	1060	2	fatto	fatto	_	_	_	_	_	linguistic	_	none	_	_	_	_	_	_
1060-3	BX002	1060	3	solo:	solo	_	_	_	_	_	linguistic	_	none	PauseAfter=Yes	_	3x1	_	_	_
1060-4	BX002	1060	4	[(.)	(.)	_	_	_	_	_	shortpause	_	none	_	_	_	_	_	_
1060-5	BX002	1060	5	(ho	ho	_	_	_	_	_	linguistic	_	none	_	_	_	_	0-2(0)	0-2(304)
1060-6	BX002	1060	6	finito	finito	_	_	_	_	_	linguistic	_	none	_	_	_	_	0-6(0)	0-6(304)
1060-7	BX002	1060	7	l'	l'	_	_	_	_	_	linguistic	_	none	SpaceAfter=No	_	_	_	0-2(0)	0-2(304)
1060-8	BX002	1060	8	esercizio)]	esercizio	_	_	_	_	_	linguistic	_	none	_	End=2568.25	_	_	0-9(0)	0-9(304)
1061-0	BX003	1061	0	[hai	hai	_	_	_	_	_	linguistic	_	none	_	Begin=2566.902	_	_	_	0-3(304)
1061-1	BX003	1061	1	finito	finito	_	_	_	_	_	linguistic	_	none	_	_	_	_	_	0-6(304)
1061-2	BX003	1061	2	il	il	_	_	_	_	_	linguistic	_	none	_	_	_	_	_	0-2(304)
1061-3	BX003	1061	3	libro],	libro	_	_	_	_	_	linguistic	_	none	Intonation=WeaklyRising	End=2568.062	_	_	_	0-5(304)
1062-0	BX002	1062	0	[no,	no	_	_	_	_	_	linguistic	_	none	Intonation=WeaklyRising	Begin=2568.587	_	_	_	0-2(305)
1062-1	BX002	1062	1	((ride))]	((ride))	_	_	_	_	_	nonverbalbehavior	_	none	_	End=2570.13	_	_	_	0-4(305)
1063-0	BX001	1063	0	[((ride))]	((ride))	_	_	_	_	_	nonverbalbehavior	_	none	_	Begin=2568.587|End=2569.527	_	_	_	0-4(305)
1064-0	BX002	1064	0	no	no	_	_	_	_	_	linguistic	_	none	_	Begin=2570.132	_	_	_	_
1064-1	BX002	1064	1	vabbè	vabbè	_	_	_	_	_	linguistic	_	none	_	_	_	_	_	_
1064-2	BX002	1064	2	dai	dai	_	_	_	_	_	linguistic	_	none	_	_	_	_	_	_
1064-3	BX002	1064	3	((ride))	((ride))	_	_	_	_	_	nonverbalbehavior	_	none	_	End=2571.462	_	_	_	_
1065-0	BX002	1065	0	okay	okay	_	_	_	_	_	linguistic	_	none	_	Begin=2572.142	_	_	_	_
1065-1	BX002	1065	1	che::	che	_	_	_	_	_	linguistic	_	none	_	_	2x2	_	_	_
1065-2	BX002	1065	2	è	è	_	_	_	_	_	linguistic	_	none	_	_	_	_	_	_
1065-3	BX002	1065	3	carino	carino	_	_	_	_	_	linguistic	_	none	_	_	_	_	_	_
1065-4	BX002	1065	4	però	però	_	_	_	_	_	linguistic	_	none	_	_	_	_	_	_
1065-5	BX002	1065	5	non	non	_	_	_	_	_	linguistic	_	none	_	_	_	_	_	_
1065-6	BX002	1065	6	co[sì	così	_	_	_	_	_	linguistic	_	none	_	_	_	_	_	2-4(306)
1065-7	BX002	1065	7	ca]rino.	carino	_	_	_	_	_	linguistic	_	none	Intonation=Falling	End=2574.672	_	_	_	0-2(306)
1066-0	BX001	1066	0	[ah].	ah	_	_	_	_	_	linguistic	_	none	Intonation=Falling	Begin=2573.962|End=2574.212	_	_	_	0-2(306)
1067-0	BX003	1067	0	[((ride))]	((ride))	_	_	_	_	_	nonverbalbehavior	_	none	_	Begin=2575.142|End=2576.072	_	_	_	0-4(370)
1068-0	BX002	1068	0	[cioè]	cioè	_	_	_	_	_	linguistic	_	none	_	Begin=2575.442|End=2575.852	_	_	_	0-4(370)
1069-0	BX001	1069	0	[no	no	_	_	_	_	_	linguistic	_	none	_	Begin=2575.52	_	_	_	0-2(370)
1069-1	BX001	1069	1	no	no	_	_	_	_	_	linguistic	_	none	_	_	_	_	_	0-2(370)
1069-2	BX001	1069	2	non]	non	_	_	_	_	_	linguistic	_	none	_	_	_	_	_	0-3(370)
1069-3	BX001	1069	3	c'	c'	_	_	_	_	_	linguistic	_	none	SpaceAfter=No	_	_	_	_	_
1069-4	BX001	1069	4	è	è	_	_	_	_	_	linguistic	_	none	_	_	_	_	_	_
1069-5	BX001	1069	5	tempo,	tempo	_	_	_	_	_	linguistic	_	none	Intonation=WeaklyRising|PauseAfter=Yes	_	_	_	_	_
1069-6	BX001	1069	6	(.)	(.)	_	_	_	_	_	shortpause	_	none	_	_	_	_	_	_
1069-7	BX001	1069	7	ci	ci	_	_	_	_	_	linguistic	_	none	_	_	_	_	_	_
1069-8	BX001	1069	8	fosse	fosse	_	_	_	_	_	linguistic	_	none	_	_	_	_	_	_
1069-9	BX001	1069	9	del	del	_	_	_	_	_	linguistic	_	none	_	_	_	_	_	_
1069-10	BX001	1069	10	tempo,	tempo	_	_	_	_	_	linguistic	_	none	Intonation=WeaklyRising	End=2578.452	_	_	_	_
1070-0	BX001	1070	0	magari.	magari	_	_	_	_	_	linguistic	_	none	Intonation=Falling	Begin=2578.812|End=2579.332	_	_	_	_
1071-0	BX002	1071	0	ma	ma	_	_	_	_	_	linguistic	_	none	_	Begin=2579.887	_	_	_	_
1071-1	BX002	1071	1	eh:	eh	_	_	_	_	_	linguistic	_	none	_	_	1x1	_	_	_
1071-2	BX002	1071	2	quando	quando	_	_	_	_	_	linguistic	_	none	_	_	_	_	_	_
1071-3	BX002	1071	3	non	non	_	_	_	_	_	linguistic	_	none	_	_	_	_	_	_
1071-4	BX002	1071	4	avevo	avevo	_	_	_	_	_	linguistic	_	none	_	_	_	_	_	_
1071-5	BX002	1071	5	gli	gli	_	_	_	_	_	linguistic	_	none	_	_	_	_	_	_
1071-6	BX002	1071	6	esami,	esami	_	_	_	_	_	linguistic	_	none	Intonation=WeaklyRising	_	_	_	_	_
1071-7	BX002	1071	7	che	che	_	_	_	_	_	linguistic	_	none	_	_	_	_	_	_
1071-8	BX002	1071	8	non	non	_	_	_	_	_	linguistic	_	none	_	_	_	_	_	_
1071-9	BX002	1071	9	avevo	avevo	_	_	_	_	_	linguistic	_	none	_	_	_	_	_	_
1071-10	BX002	1071	10	niente	niente	_	_	_	_	_	linguistic	_	none	_	_	_	_	_	_
1071-11	BX002	1071	11	da	da	_	_	_	_	_	linguistic	_	none	_	_	_	_	_	_
1071-12	BX002	1071	12	fare,	fare	_	_	_	_	_	linguistic	_	none	Intonation=WeaklyRising	_	_	_	_	_
1071-13	BX002	1071	13	ho	ho	_	_	_	_	_	linguistic	_	none	_	_	_	_	_	_
1071-14	BX002	1071	14	letto	letto	_	_	_	_	_	linguistic	_	none	_	_	_	_	_	_
1071-15	BX002	1071	15	solo	solo	_	_	_	_	_	linguistic	_	none	_	_	_	_	_	_
1071-16	BX002	1071	16	un	un	_	_	_	_	_	linguistic	_	none	_	_	_	_	_	_
1071-17	BX002	1071	17	paio	paio	_	_	_	_	_	linguistic	_	none	_	_	_	_	_	_
1071-18	BX002	1071	18	di	di	_	_	_	_	_	linguistic	_	none	_	_	_	_	_	_
1071-19	BX002	1071	19	testi,	testi	_	_	_	_	_	linguistic	_	none	Intonation=WeaklyRising	_	_	_	_	_
1071-20	BX002	1071	20	non	non	_	_	_	_	_	linguistic	_	none	_	_	_	_	_	_
1071-21	BX002	1071	21	ho	ho	_	_	_	_	_	linguistic	_	none	_	_	_	_	_	_
1071-22	BX002	1071	22	fatto	fatto	_	_	_	_	_	linguistic	_	none	_	_	_	_	_	_
1071-23	BX002	1071	23	niente	niente	_	_	_	_	_	linguistic	_	none	_	_	_	_	_	_
1071-24	BX002	1071	24	di	di	_	_	_	_	_	linguistic	_	none	_	_	_	_	_	_
1071-25	BX002	1071	25	grammatica.	grammatica	_	_	_	_	_	linguistic	_	none	Intonation=Falling	End=2587.387	_	_	_	_
1072-0	BX002	1072	0	è	è	_	_	_	_	_	linguistic	_	none	_	Begin=2590.762	_	_	_	_
1072-1	BX002	1072	1	che	che	_	_	_	_	_	linguistic	_	none	_	_	_	_	_	_
1072-2	BX002	1072	2	non,	non	_	_	_	_	_	linguistic	_	none	Intonation=WeaklyRising	_	_	_	_	_
1072-3	BX002	1072	3	non	non	_	_	_	_	_	linguistic	_	none	_	_	_	_	_	_
1072-4	BX002	1072	4	so	so	_	_	_	_	_	linguistic	_	none	_	_	_	_	_	_
1072-5	BX002	1072	5	non	non	_	_	_	_	_	linguistic	_	none	_	_	_	_	_	_
1072-6	BX002	1072	6	ero	ero	_	_	_	_	_	linguistic	_	none	_	_	_	_	_	_
1072-7	BX002	1072	7	ispirata,	ispirata	_	_	_	_	_	linguistic	_	none	Intonation=WeaklyRising	End=2593.042	_	_	_	_
1073-0	BX001	1073	0	no	no	_	_	_	_	_	linguistic	_	none	_	Begin=2594.437	_	_	_	_
1073-1	BX001	1073	1	vabbè	vabbè	_	_	_	_	_	linguistic	_	none	_	_	_	_	_	_
1073-2	BX001	1073	2	ci	ci	_	_	_	_	_	linguistic	_	none	_	_	_	_	_	_
1073-3	BX001	1073	3	voleva	voleva	_	_	_	_	_	linguistic	_	none	_	_	_	_	_	_
1073-4	BX001	1073	4	un	un	_	_	_	_	_	linguistic	_	none	_	_	_	_	_	_
1073-5	BX001	1073	5	po'	po'	_	_	_	_	_	linguistic	_	none	_	_	_	_	_	_
1073-6	BX001	1073	6	di	di	_	_	_	_	_	linguistic	_	none	_	_	_	_	_	_
1073-7	BX001	1073	7	respiro	respiro	_	_	_	_	_	linguistic	_	none	_	_	_	_	_	_
1073-8	BX001	1073	8	dai	dai	_	_	_	_	_	linguistic	_	none	_	End=2596.637	_	_	_	_
1074-0	BX002	1074	0	sì	sì	_	_	_	_	_	linguistic	_	none	_	Begin=2596.732	_	_	_	_
1074-1	BX002	1074	1	no	no	_	_	_	_	_	linguistic	_	none	_	_	_	_	_	_
1074-2	BX002	1074	2	ho	ho	_	_	_	_	_	linguistic	_	none	_	_	_	_	_	_
1074-3	BX002	1074	3	fatto	fatto	_	_	_	_	_	linguistic	_	none	_	_	_	_	_	_
1074-4	BX002	1074	4	bene.	bene	_	_	_	_	_	linguistic	_	none	Intonation=Falling	End=2598.022	_	_	_	_
1075-0	BX001	1075	0	c'	c'	_	_	_	_	_	linguistic	_	none	SpaceAfter=No	Begin=2598.722	_	_	_	_
1075-1	BX001	1075	1	è	è	_	_	_	_	_	linguistic	_	none	_	_	_	_	_	_
1075-2	BX001	1075	2	è	è	_	_	_	_	_	linguistic	_	none	_	_	_	_	_	_
1075-3	BX001	1075	3	stato	stato	_	_	_	_	_	linguistic	_	none	_	_	_	_	_	_
1075-4	BX001	1075	4	già	già	_	_	_	_	_	linguistic	_	none	_	_	_	_	_	_
1075-5	BX001	1075	5	abbastanza	abbastanza	_	_	_	_	_	linguistic	_	none	_	_	_	_	_	_
1075-6	BX001	1075	6	intenso.	intenso	_	_	_	_	_	linguistic	_	none	Intonation=Falling	End=2600.962	_	_	_	_
1076-0	BX002	1076	0	mh	mh	_	_	_	_	_	linguistic	_	none	_	Begin=2601.567	_	_	_	_
1076-1	BX002	1076	1	mh.	mh	_	_	_	_	_	linguistic	_	none	Intonation=Falling	End=2601.947	_	_	_	_
1077-0	BX001	1077	0	poi	poi	_	_	_	_	_	linguistic	_	none	_	Begin=2603.822	_	_	_	_
1077-1	BX001	1077	1	la	la	_	_	_	_	_	linguistic	_	none	_	_	_	_	_	_
1077-2	BX001	1077	2	sessione	sessione	_	_	_	_	_	linguistic	_	none	_	_	_	_	_	_
1077-3	BX001	1077	3	è	è	_	_	_	_	_	linguistic	_	none	_	_	_	_	_	_
1077-4	BX001	1077	4	stata	stata	_	_	_	_	_	linguistic	_	none	_	_	_	_	_	_
1077-5	BX001	1077	5	anche	anche	_	_	_	_	_	linguistic	_	none	_	_	_	_	_	_
1077-6	BX001	1077	6	>insomma<	insomma	_	_	_	_	_	linguistic	_	none	_	_	_	Fast=0-7(0)	_	_
1077-7	BX001	1077	7	comunque,	comunque	_	_	_	_	_	linguistic	_	none	Intonation=WeaklyRising	_	_	_	_	_
1077-8	BX001	1077	8	impegnativa,	impegnativa	_	_	_	_	_	linguistic	_	none	Intonation=WeaklyRising	End=2608.362	_	_	_	_
1078-0	BX002	1078	0	ma	ma	_	_	_	_	_	linguistic	_	none	_	Begin=2608.607	_	_	_	_
1078-1	BX002	1078	1	adesso	adesso	_	_	_	_	_	linguistic	_	none	_	_	_	_	_	_
1078-2	BX002	1078	2	è	è	_	_	_	_	_	linguistic	_	none	_	_	_	_	_	_
1078-3	BX002	1078	3	come	come	_	_	_	_	_	linguistic	_	none	_	_	_	_	_	_
1078-4	BX002	1078	4	il	il	_	_	_	_	_	linguistic	_	none	_	_	_	_	_	_
1078-5	BX002	1078	5	xx	xx	_	_	_	_	_	unknown	_	none	Syllables=2	_	_	_	_	_
1078-6	BX002	1078	6	per	per	_	_	_	_	_	linguistic	_	none	_	_	_	_	_	_
1078-7	BX002	1078	7	me:	me	_	_	_	_	_	linguistic	_	none	_	_	1x1	_	_	_
1078-8	BX002	1078	8	[xxxx]	xxxx	_	_	_	_	_	unknown	_	none	Syllables=4	End=2611.517	_	_	_	0-4(307)
1079-0	BX003	1079	0	[xxxx]	xxxx	_	_	_	_	_	unknown	_	none	Syllables=4	Begin=2610.627|End=2611.527	_	_	_	0-4(307)
1080-0	BX003	1080	0	sì	sì	_	_	_	_	_	linguistic	_	none	_	Begin=2612.372	_	_	_	_
1080-1	BX003	1080	1	sì	sì	_	_	_	_	_	linguistic	_	none	_	_	_	_	_	_
1080-2	BX003	1080	2	[anche],	anche	_	_	_	_	_	linguistic	_	none	Intonation=WeaklyRising|PauseAfter=Yes	_	_	_	_	0-5(308)
1080-3	BX003	1080	3	(.)	(.)	_	_	_	_	_	shortpause	_	none	_	_	_	_	_	_
1080-4	BX003	1080	4	i	i	_	_	_	_	_	linguistic	_	none	_	_	_	_	_	_
1080-5	BX003	1080	5	mie-	mie-	_	_	_	_	_	linguistic	_	none	Interrupted=Yes	_	_	_	_	_
1080-6	BX003	1080	6	io	io	_	_	_	_	_	linguistic	_	none	_	_	_	_	_	_
1080-7	BX003	1080	7	ero	ero	_	_	_	_	_	linguistic	_	none	_	_	_	_	_	_
1080-8	BX003	1080	8	in	in	_	_	_	_	_	linguistic	_	none	_	_	_	_	_	_
1080-9	BX003	1080	9	quarantena	quarantena	_	_	_	_	_	linguistic	_	none	_	_	_	_	_	_
1080-10	BX003	1080	10	durante	durante	_	_	_	_	_	linguistic	_	none	_	_	_	_	_	_
1080-11	BX003	1080	11	quel	quel	_	_	_	_	_	linguistic	_	none	_	_	_	_	_	_
1080-12	BX003	1080	12	eh	eh	_	_	_	_	_	linguistic	_	none	_	_	_	_	_	_
1080-13	BX003	1080	13	quel	quel	_	_	_	_	_	linguistic	_	none	_	_	_	_	_	_
1080-14	BX003	1080	14	semestre	semestre	_	_	_	_	_	linguistic	_	none	_	_	_	_	_	_
1080-15	BX003	1080	15	lì	lì	_	_	_	_	_	linguistic	_	none	_	_	_	_	_	_
1080-16	BX003	1080	16	a	a	_	_	_	_	_	linguistic	_	none	_	_	_	_	_	_
1080-17	BX003	1080	17	casa,	casa	_	_	_	_	_	linguistic	_	none	Intonation=WeaklyRising	End=2616.722	_	_	_	_
1081-0	BX001	1081	0	[sì]?	sì	_	_	_	_	_	linguistic	_	none	Intonation=Rising	Begin=2612.732|End=2613.252	_	_	_	0-2(308)
1082-0	BX003	1082	0	e::	e	_	_	_	_	_	linguistic	_	none	_	Begin=2617.376	0x2	_	_	_
1082-1	BX003	1082	1	e	e	_	_	_	_	_	linguistic	_	none	_	_	_	_	_	_
1082-2	BX003	1082	2	i	i	_	_	_	_	_	linguistic	_	none	_	_	_	_	_	_
1082-3	BX003	1082	3	miei	miei	_	_	_	_	_	linguistic	_	none	_	_	_	_	_	_
1082-4	BX003	1082	4	>mi	mi	_	_	_	_	_	linguistic	_	none	_	_	_	Fast=0-2(0)	_	_
1082-5	BX003	1082	5	hanno	hanno	_	_	_	_	_	linguistic	_	none	_	_	_	Fast=0-5(0)	_	_
1082-6	BX003	1082	6	chiesto	chiesto	_	_	_	_	_	linguistic	_	none	_	_	_	Fast=0-7(0)	_	_
1082-7	BX003	1082	7	più	più	_	_	_	_	_	linguistic	_	none	_	_	_	Fast=0-3(0)	_	_
1082-8	BX003	1082	8	di	di	_	_	_	_	_	linguistic	_	none	_	_	_	Fast=0-2(0)	_	_
1082-9	BX003	1082	9	una	una	_	_	_	_	_	linguistic	_	none	_	_	_	Fast=0-3(0)	_	_
1082-10	BX003	1082	10	volta<	volta	_	_	_	_	_	linguistic	_	none	_	_	_	Fast=0-5(0)	_	_
1082-11	BX003	1082	11	ma	ma	_	_	_	_	_	linguistic	_	none	PauseAfter=Yes	_	_	_	_	_
1082-12	BX003	1082	12	(.)	(.)	_	_	_	_	_	shortpause	_	none	_	_	_	_	_	_
1082-13	BX003	1082	13	sei	sei	_	_	_	_	_	linguistic	_	none	_	_	_	_	_	_
1082-14	BX003	1082	14	in	in	_	_	_	_	_	linguistic	_	none	_	_	_	_	_	_
1082-15	BX003	1082	15	sessione?	sessione	_	_	_	_	_	linguistic	_	none	Intonation=Rising	_	_	_	_	_
1082-16	BX003	1082	16	cioè	cioè	_	_	_	_	_	linguistic	_	none	_	_	_	_	_	_
1082-17	BX003	1082	17	hai	hai	_	_	_	_	_	linguistic	_	none	_	_	_	_	_	_
1082-18	BX003	1082	18	degli	degli	_	_	_	_	_	linguistic	_	none	_	_	_	_	_	_
1082-19	BX003	1082	19	esami?	esami	_	_	_	_	_	linguistic	_	none	Intonation=Rising|PauseAfter=Yes	_	_	_	_	_
1082-20	BX003	1082	20	(.)	(.)	_	_	_	_	_	shortpause	_	none	_	_	_	_	_	_
1082-21	BX003	1082	21	no	no	_	_	_	_	_	linguistic	_	none	_	_	_	_	_	_
1082-22	BX003	1082	22	no	no	_	_	_	_	_	linguistic	_	none	_	_	_	_	_	_
1082-23	BX003	1082	23	eh	eh	_	_	_	_	_	linguistic	_	none	_	_	_	_	_	_
1082-24	BX003	1082	24	eh	eh	_	_	_	_	_	linguistic	_	none	_	_	_	_	_	_
1082-25	BX003	1082	25	[solo	solo	_	_	_	_	_	linguistic	_	none	_	_	_	_	_	0-4(309)
1082-26	BX003	1082	26	così]	così	_	_	_	_	_	linguistic	_	none	PauseAfter=Yes	_	_	_	_	0-4(309)
1082-27	BX003	1082	27	(.)	(.)	_	_	_	_	_	shortpause	_	none	_	_	_	_	_	_
1082-28	BX003	1082	28	(sai	sai	_	_	_	_	_	linguistic	_	none	_	_	_	_	0-3(0)	_
1082-29	BX003	1082	29	proprio)	proprio	_	_	_	_	_	linguistic	_	none	_	End=2624.056	_	_	0-7(0)	_
1083-0	BX001	1083	0	[((ride))]	((ride))	_	_	_	_	_	nonverbalbehavior	_	none	_	Begin=2622.061|End=2622.901	_	_	_	0-4(309)
1084-0	BX002	1084	0	è	è	_	_	_	_	_	linguistic	_	none	_	Begin=2624.501	_	_	_	_
1084-1	BX002	1084	1	la	la	_	_	_	_	_	linguistic	_	none	_	_	_	_	_	_
1084-2	BX002	1084	2	è	è	_	_	_	_	_	linguistic	_	none	_	_	_	_	_	_
1084-3	BX002	1084	3	[la	la	_	_	_	_	_	linguistic	_	none	_	_	_	_	_	0-2(310)
1084-4	BX002	1084	4	stessa	stessa	_	_	_	_	_	linguistic	_	none	_	_	_	_	_	0-6(310)
1084-5	BX002	1084	5	cosa],	cosa	_	_	_	_	_	linguistic	_	none	Intonation=WeaklyRising	_	_	_	_	0-4(310)
1084-6	BX002	1084	6	non	non	_	_	_	_	_	linguistic	_	none	_	_	_	_	_	_
1084-7	BX002	1084	7	ho:	ho	_	_	_	_	_	linguistic	_	none	_	End=2626.731	1x1	_	_	_
1085-0	BX003	1085	0	[però	però	_	_	_	_	_	linguistic	_	none	_	Begin=2625.021	_	_	_	0-4(310)
1085-1	BX003	1085	1	sì]	sì	_	_	_	_	_	linguistic	_	none	_	End=2625.731	_	_	_	0-2(310)
1086-0	BX001	1086	0	[sì	sì	_	_	_	_	_	linguistic	_	none	_	Begin=2627.391	_	_	_	0-2(313)
1086-1	BX001	1086	1	però	però	_	_	_	_	_	linguistic	_	none	_	_	_	_	_	0-4(313)
1086-2	BX001	1086	2	va	va	_	_	_	_	_	linguistic	_	none	_	_	_	_	_	0-2(313)
1086-3	BX001	1086	3	bene	bene	_	_	_	_	_	linguistic	_	none	PauseAfter=Yes	_	_	_	_	0-4(313)
1086-4	BX001	1086	4	(.)	(.)	_	_	_	_	_	shortpause	_	none	_	_	_	_	_	_
1086-5	BX001	1086	5	magari	magari	_	_	_	_	_	linguistic	_	none	_	_	_	_	_	0-6(313)
1086-6	BX001	1086	6	ne	ne	_	_	_	_	_	linguistic	_	none	_	_	_	_	_	0-2(313)
1086-7	BX001	1086	7	ne	ne	_	_	_	_	_	linguistic	_	none	_	_	_	_	_	0-2(313)
1086-8	BX001	1086	8	guadagneremo]	guadagneremo	_	_	_	_	_	linguistic	_	none	_	_	_	_	_	0-12(313)
1086-9	BX001	1086	9	a	a	_	_	_	_	_	linguistic	_	none	_	_	_	_	_	_
1086-10	BX001	1086	10	maggio,	maggio	_	_	_	_	_	linguistic	_	none	Intonation=WeaklyRising	_	_	_	_	_
1086-11	BX001	1086	11	[secondo	secondo	_	_	_	_	_	linguistic	_	none	_	_	_	_	_	0-7(311)
1086-12	BX001	1086	12	me	me	_	_	_	_	_	linguistic	_	none	_	_	_	_	_	0-2(311)
1086-13	BX001	1086	13	maggio]	maggio	_	_	_	_	_	linguistic	_	none	_	_	_	_	_	0-6(311)
1086-14	BX001	1086	14	sarà	sarà	_	_	_	_	_	linguistic	_	none	_	_	_	_	_	_
1086-15	BX001	1086	15	un	un	_	_	_	_	_	linguistic	_	none	_	_	_	_	_	_
1086-16	BX001	1086	16	po'	po'	_	_	_	_	_	linguistic	_	none	_	_	_	_	_	_
1086-17	BX001	1086	17	più	più	_	_	_	_	_	linguistic	_	none	_	_	_	_	_	_
1086-18	BX001	1086	18	tranquillo	tranquillo	_	_	_	_	_	linguistic	_	none	_	_	_	_	_	_
1086-19	BX001	1086	19	di	di	_	_	_	_	_	linguistic	_	none	_	_	_	_	_	_
1086-20	BX001	1086	20	di:	di	_	_	_	_	_	linguistic	_	none	_	_	1x1	_	_	_
1086-21	BX001	1086	21	[xxxxx]	xxxxx	_	_	_	_	_	unknown	_	none	Syllables=5	End=2635.945	_	_	_	0-5(312)
1087-0	BX003	1087	0	[no	no	_	_	_	_	_	linguistic	_	none	_	Begin=2627.391	_	_	_	0-2(313)
1087-1	BX003	1087	1	ma	ma	_	_	_	_	_	linguistic	_	none	_	_	_	_	_	0-2(313)
1087-2	BX003	1087	2	lo	lo	_	_	_	_	_	linguistic	_	none	_	_	_	_	_	0-2(313)
1087-3	BX003	1087	3	sanno	sanno	_	_	_	_	_	linguistic	_	none	_	_	_	_	_	0-5(313)
1087-4	BX003	1087	4	anche	anche	_	_	_	_	_	linguistic	_	none	_	_	_	_	_	0-5(313)
1087-5	BX003	1087	5	i	i	_	_	_	_	_	linguistic	_	none	_	_	_	_	_	0-1(313)
1087-6	BX003	1087	6	professori	professori	_	_	_	_	_	linguistic	_	none	_	_	_	_	_	0-10(313)
1087-7	BX003	1087	7	(l'	l'	_	_	_	_	_	linguistic	_	none	SpaceAfter=No	_	_	_	0-2(0)	0-2(313)
1087-8	BX003	1087	8	hanno	hanno	_	_	_	_	_	linguistic	_	none	_	_	_	_	0-5(0)	0-5(313)
1087-9	BX003	1087	9	detto	detto	_	_	_	_	_	linguistic	_	none	_	_	_	_	0-5(0)	0-5(313)
1087-10	BX003	1087	10	anche	anche	_	_	_	_	_	linguistic	_	none	_	_	_	_	0-5(0)	0-5(313)
1087-11	BX003	1087	11	ieri)	ieri	_	_	_	_	_	linguistic	_	none	_	_	_	_	0-4(0)	0-4(313)
1087-12	BX003	1087	12	però].	però	_	_	_	_	_	linguistic	_	none	Intonation=Falling	End=2630.361	_	_	_	0-4(313)
1088-0	BX003	1088	0	[(incomprensibile)]	incomprensibile	_	_	_	_	_	linguistic	_	none	_	Begin=2631.505|End=2632.405	_	_	0-15(0)	0-15(311)
1089-0	BX002	1089	0	[eh	eh	_	_	_	_	_	linguistic	_	none	_	Begin=2634.74	_	_	_	0-2(312)
1089-1	BX002	1089	1	non	non	_	_	_	_	_	linguistic	_	none	_	_	_	_	_	0-3(312)
1089-2	BX002	1089	2	lo	lo	_	_	_	_	_	linguistic	_	none	_	_	_	_	_	0-2(312)
1089-3	BX002	1089	3	so	so	_	_	_	_	_	linguistic	_	none	_	_	_	_	_	0-2(312)
1089-4	BX002	1089	4	chiediamo	chiediamo	_	_	_	_	_	linguistic	_	none	_	_	_	_	_	0-9(312)
1089-5	BX002	1089	5	a	a	_	_	_	_	_	linguistic	_	none	_	_	_	_	_	0-1(312)
1089-6	BX002	1089	6	chi]	chi	_	_	_	_	_	linguistic	_	none	_	_	_	_	_	0-3(312)
1089-7	BX002	1089	7	l'	l'	_	_	_	_	_	linguistic	_	none	SpaceAfter=No	_	_	_	_	_
1089-8	BX002	1089	8	ha	ha	_	_	_	_	_	linguistic	_	none	_	_	_	_	_	_
1089-9	BX002	1089	9	già	già	_	_	_	_	_	linguistic	_	none	_	_	_	_	_	_
1089-10	BX002	1089	10	passato.	passato	_	_	_	_	_	linguistic	_	none	Intonation=Falling	End=2637.17	_	_	_	_
1090-0	BX003	1090	0	[eh	eh	_	_	_	_	_	linguistic	_	none	_	Begin=2637.304	_	_	_	0-2(314)
1090-1	BX003	1090	1	eh:]	eh	_	_	_	_	_	linguistic	_	none	_	End=2638.634	1x1	_	_	0-2(314)
1091-0	BX001	1091	0	[c-	c-	_	_	_	_	_	linguistic	_	none	Interrupted=Yes	Begin=2637.309	_	_	_	0-2(314)
1091-1	BX001	1091	1	no	no	_	_	_	_	_	linguistic	_	none	_	_	_	_	_	0-2(314)
1091-2	BX001	1091	2	vabbè	vabbè	_	_	_	_	_	linguistic	_	none	_	_	_	_	_	0-5(314)
1091-3	BX001	1091	3	m-	m-	_	_	_	_	_	linguistic	_	none	Interrupted=Yes	_	_	_	_	0-2(314)
1091-4	BX001	1091	4	però	però	_	_	_	_	_	linguistic	_	none	_	_	_	_	_	0-4(314)
1091-5	BX001	1091	5	già	già	_	_	_	_	_	linguistic	_	none	_	_	_	_	_	0-3(314)
1091-6	BX001	1091	6	ora],	ora	_	_	_	_	_	linguistic	_	none	Intonation=WeaklyRising	_	_	_	_	0-3(314)
1091-7	BX001	1091	7	si	si	_	_	_	_	_	linguistic	_	none	_	_	_	_	_	_
1091-8	BX001	1091	8	sono	sono	_	_	_	_	_	linguistic	_	none	_	_	_	_	_	_
1091-9	BX001	1091	9	adattati	adattati	_	_	_	_	_	linguistic	_	none	_	_	_	_	_	_
1091-10	BX001	1091	10	c'	c'	_	_	_	_	_	linguistic	_	none	SpaceAfter=No	_	_	_	_	_
1091-11	BX001	1091	11	è	è	_	_	_	_	_	linguistic	_	none	_	_	_	_	_	_
1091-12	BX001	1091	12	ora	ora	_	_	_	_	_	linguistic	_	none	_	_	_	_	_	_
1091-13	BX001	1091	13	hanno	hanno	_	_	_	_	_	linguistic	_	none	_	_	_	_	_	_
1091-14	BX001	1091	14	corretto	corretto	_	_	_	_	_	linguistic	_	none	_	_	_	_	_	_
1091-15	BX001	1091	15	un	un	_	_	_	_	_	linguistic	_	none	_	_	_	_	_	_
1091-16	BX001	1091	16	po'	po'	_	_	_	_	_	linguistic	_	none	_	_	_	_	_	_
1091-17	BX001	1091	17	il	il	_	_	_	_	_	linguistic	_	none	_	_	_	_	_	_
1091-18	BX001	1091	18	tiro.	tiro	_	_	_	_	_	linguistic	_	none	Intonation=Falling	End=2642.109	_	_	_	_
1092-0	BX001	1092	0	cioè	cioè	_	_	_	_	_	linguistic	_	none	_	Begin=2642.699	_	_	_	_
1092-1	BX001	1092	1	al	al	_	_	_	_	_	linguistic	_	none	_	_	_	_	_	_
1092-2	BX001	1092	2	un	un	_	_	_	_	_	linguistic	_	none	_	_	_	_	_	_
1092-3	BX001	1092	3	anno	anno	_	_	_	_	_	linguistic	_	none	_	_	_	_	_	_
1092-4	BX001	1092	4	fa	fa	_	_	_	_	_	linguistic	_	none	_	_	_	_	_	_
1092-5	BX001	1092	5	erano	erano	_	_	_	_	_	linguistic	_	none	_	_	_	_	_	_
1092-6	BX001	1092	6	ancora	ancora	_	_	_	_	_	linguistic	_	none	_	_	_	_	_	_
1092-7	BX001	1092	7	[tutti	tutti	_	_	_	_	_	linguistic	_	none	_	_	_	_	_	0-5(315)
1092-8	BX001	1092	8	un	un	_	_	_	_	_	linguistic	_	none	_	_	_	_	_	0-2(315)
1092-9	BX001	1092	9	po']	po'	_	_	_	_	_	linguistic	_	none	_	_	_	_	_	0-3(315)
1092-10	BX001	1092	10	oddio	oddio	_	_	_	_	_	linguistic	_	none	_	_	_	_	_	_
1092-11	BX001	1092	11	che	che	_	_	_	_	_	linguistic	_	none	_	_	_	_	_	_
1092-12	BX001	1092	12	facciamo,	facciamo	_	_	_	_	_	linguistic	_	none	Intonation=WeaklyRising	_	_	_	_	_
1092-13	BX001	1092	13	cioè	cioè	_	_	_	_	_	linguistic	_	none	_	_	_	_	_	_
1092-14	BX001	1092	14	ci	ci	_	_	_	_	_	linguistic	_	none	_	_	_	_	_	_
1092-15	BX001	1092	15	ha	ha	_	_	_	_	_	linguistic	_	none	_	_	_	_	_	_
1092-16	BX001	1092	16	preso	preso	_	_	_	_	_	linguistic	_	none	_	_	_	_	_	_
1092-17	BX001	1092	17	tutti	tutti	_	_	_	_	_	linguistic	_	none	_	_	_	_	_	_
1092-18	BX001	1092	18	un	un	_	_	_	_	_	linguistic	_	none	_	_	_	_	_	_
1092-19	BX001	1092	19	po'	po'	_	_	_	_	_	linguistic	_	none	_	_	_	_	_	_
1092-20	BX001	1092	20	(come	come	_	_	_	_	_	linguistic	_	none	_	_	_	_	0-4(0)	_
1092-21	BX001	1092	21	capitava,)	capitava	_	_	_	_	_	linguistic	_	none	Intonation=WeaklyRising	End=2649.269	_	_	0-8(0)	_
1093-0	BX003	1093	0	[mh].	mh	_	_	_	_	_	linguistic	_	none	Intonation=Falling	Begin=2644.799|End=2645.239	_	_	_	0-2(315)
1094-0	BX001	1094	0	cioè	cioè	_	_	_	_	_	linguistic	_	none	_	Begin=2650.139	_	_	_	_
1094-1	BX001	1094	1	nel	nel	_	_	_	_	_	linguistic	_	none	_	_	_	_	_	_
1094-2	BX001	1094	2	senso	senso	_	_	_	_	_	linguistic	_	none	_	_	_	_	_	_
1094-3	BX001	1094	3	che	che	_	_	_	_	_	linguistic	_	none	_	_	_	_	_	_
1094-4	BX001	1094	4	[(incomprensibile)]	incomprensibile	_	_	_	_	_	linguistic	_	none	_	End=2652.669	_	_	0-15(0)	0-15(316)
1095-0	BX003	1095	0	[mh.	mh	_	_	_	_	_	linguistic	_	none	Intonation=Falling	Begin=2650.839	_	_	_	0-2(316)
1095-1	BX003	1095	1	((ride))]	((ride))	_	_	_	_	_	nonverbalbehavior	_	none	_	End=2651.949	_	_	_	0-4(316)
1096-0	BX002	1096	0	ma	ma	_	_	_	_	_	linguistic	_	none	_	Begin=2656.069	_	_	_	_
1096-1	BX002	1096	1	mantova	mantova	_	_	_	_	_	linguistic	_	none	_	_	_	_	_	_
1096-2	BX002	1096	2	è	è	_	_	_	_	_	linguistic	_	none	_	_	_	_	_	_
1096-3	BX002	1096	3	(meno	meno	_	_	_	_	_	linguistic	_	none	_	_	_	_	0-4(0)	_
1096-4	BX002	1096	4	ancora?)	ancora	_	_	_	_	_	linguistic	_	none	Intonation=Rising	End=2657.879	_	_	0-6(0)	_
1097-0	BX003	1097	0	[(oddio)	oddio	_	_	_	_	_	linguistic	_	none	_	Begin=2660.419	_	_	0-5(0)	0-5(371)
1097-1	BX003	1097	1	veramente],	veramente	_	_	_	_	_	linguistic	_	none	Intonation=WeaklyRising	End=2661.43	_	_	_	0-9(371)
1098-0	BX001	1098	0	[((ride))]	((ride))	_	_	_	_	_	nonverbalbehavior	_	none	_	Begin=2660.644|End=2662.534	_	_	_	0-4(?)
1099-0	BX002	1099	0	come	come	_	_	_	_	_	linguistic	_	none	_	Begin=2661.324	_	_	_	_
1099-1	BX002	1099	1	no:	no	_	_	_	_	_	linguistic	_	none	_	_	1x1	_	_	_
1099-2	BX002	1099	2	[xxx]	xxx	_	_	_	_	_	unknown	_	none	Syllables=3	End=2662.774	_	_	_	0-3(?)
1100-0	BX003	1100	0	[no	no	_	_	_	_	_	linguistic	_	none	_	Begin=2662.289	_	_	_	0-2(372)
1100-1	BX003	1100	1	cioè]	cioè	_	_	_	_	_	linguistic	_	none	_	_	_	_	_	0-4(372)
1100-2	BX003	1100	2	non	non	_	_	_	_	_	linguistic	_	none	_	_	_	_	_	_
1100-3	BX003	1100	3	lo	lo	_	_	_	_	_	linguistic	_	none	_	_	_	_	_	_
1100-4	BX003	1100	4	so	so	_	_	_	_	_	linguistic	_	none	_	_	_	_	_	_
1100-5	BX003	1100	5	io	io	_	_	_	_	_	linguistic	_	none	_	_	_	_	_	_
1100-6	BX003	1100	6	mh:::	mh	_	_	_	_	_	linguistic	_	none	_	_	1x3	_	_	_
1100-7	BX003	1100	7	maggio	maggio	_	_	_	_	_	linguistic	_	none	_	_	_	_	_	_
1100-8	BX003	1100	8	direi	direi	_	_	_	_	_	linguistic	_	none	_	_	_	_	_	_
1100-9	BX003	1100	9	di	di	_	_	_	_	_	linguistic	_	none	_	_	_	_	_	_
1100-10	BX003	1100	10	no.	no	_	_	_	_	_	linguistic	_	none	Intonation=Falling	_	_	_	_	_
1100-11	BX003	1100	11	cioè	cioè	_	_	_	_	_	linguistic	_	none	_	_	_	_	_	_
1100-12	BX003	1100	12	io	io	_	_	_	_	_	linguistic	_	none	_	_	_	_	_	_
1100-13	BX003	1100	13	fino	fino	_	_	_	_	_	linguistic	_	none	_	_	_	_	_	_
1100-14	BX003	1100	14	al:	al	_	_	_	_	_	linguistic	_	none	_	_	1x1	_	_	_
1100-15	BX003	1100	15	sei	sei	_	_	_	_	_	linguistic	_	none	_	_	_	_	_	_
1100-16	BX003	1100	16	di	di	_	_	_	_	_	linguistic	_	none	_	_	_	_	_	_
1100-17	BX003	1100	17	luglio	luglio	_	_	_	_	_	linguistic	_	none	_	_	_	_	_	_
1100-18	BX003	1100	18	almeno,	almeno	_	_	_	_	_	linguistic	_	none	Intonation=WeaklyRising	End=2668.839	_	_	_	_
1101-0	BX001	1101	0	xxx	xxx	_	_	_	_	_	unknown	_	none	Syllables=3	Begin=2670.039	_	_	_	_
1101-1	BX001	1101	1	[((ride))]	((ride))	_	_	_	_	_	nonverbalbehavior	_	none	_	End=2672.41	_	_	_	0-4(317)
1102-0	BX003	1102	0	[eh.	eh	_	_	_	_	_	linguistic	_	none	Intonation=Falling|PauseAfter=Yes	Begin=2670.707	_	_	_	0-2(317)
1102-1	BX003	1102	1	(.)	(.)	_	_	_	_	_	shortpause	_	none	_	_	_	_	_	_
1102-2	BX003	1102	2	ma	ma	_	_	_	_	_	linguistic	_	none	_	_	_	_	_	0-2(317)
1102-3	BX003	1102	3	scusami	scusami	_	_	_	_	_	linguistic	_	none	_	_	_	_	_	0-7(317)
1102-4	BX003	1102	4	come	come	_	_	_	_	_	linguistic	_	none	_	_	_	_	_	0-4(317)
1102-5	BX003	1102	5	fai	fai	_	_	_	_	_	linguistic	_	none	_	_	_	_	_	0-3(317)
1102-6	BX003	1102	6	il:	il	_	_	_	_	_	linguistic	_	none	_	_	1x1	_	_	0-2(317)
1102-7	BX003	1102	7	biglie-]	biglie-	_	_	_	_	_	linguistic	_	none	Interrupted=Yes	_	_	_	_	0-7(317)
1102-8	BX003	1102	8	cioè	cioè	_	_	_	_	_	linguistic	_	none	_	_	_	_	_	_
1102-9	BX003	1102	9	>sai	sai	_	_	_	_	_	linguistic	_	none	_	_	_	Fast=0-3(0)	_	_
1102-10	BX003	1102	10	le	le	_	_	_	_	_	linguistic	_	none	_	_	_	Fast=0-2(0)	_	_
1102-11	BX003	1102	11	date	date	_	_	_	_	_	linguistic	_	none	_	_	_	Fast=0-4(0)	_	_
1102-12	BX003	1102	12	degli	degli	_	_	_	_	_	linguistic	_	none	_	_	_	Fast=0-5(0)	_	_
1102-13	BX003	1102	13	esami<?	esami	_	_	_	_	_	linguistic	_	none	Intonation=Rising	End=2673.917	_	Fast=0-5(0)	_	_
1103-0	BX002	1103	0	(oddio)	oddio	_	_	_	_	_	linguistic	_	none	_	Begin=2674.189	_	_	0-5(0)	_
1103-1	BX002	1103	1	eh:	eh	_	_	_	_	_	linguistic	_	none	PauseAfter=Yes	_	1x1	_	_	_
1103-2	BX002	1103	2	(.)	(.)	_	_	_	_	_	shortpause	_	none	_	_	_	_	_	_
1103-3	BX002	1103	3	i	i	_	_	_	_	_	linguistic	_	none	_	_	_	_	_	_
1103-4	BX002	1103	4	progetti,	progetti	_	_	_	_	_	linguistic	_	none	Intonation=WeaklyRising	_	_	_	_	_
1103-5	BX002	1103	5	non	non	_	_	_	_	_	linguistic	_	none	_	_	_	_	_	_
1103-6	BX002	1103	6	abbiamo	abbiamo	_	_	_	_	_	linguistic	_	none	_	_	_	_	_	_
1103-7	BX002	1103	7	esami	esami	_	_	_	_	_	linguistic	_	none	_	_	_	_	_	_
1103-8	BX002	1103	8	[xxx],	xxx	_	_	_	_	_	linguistic	_	none	Intonation=WeaklyRising	End=2677.72	_	_	_	0-3(318)
1104-0	BX001	1104	0	[eh	eh	_	_	_	_	_	linguistic	_	none	_	Begin=2677.349	_	_	_	0-2(318)
1104-1	BX001	1104	1	ce-]	ce-	_	_	_	_	_	linguistic	_	none	Interrupted=Yes	_	_	_	_	0-3(318)
1104-2	BX001	1104	2	ora	ora	_	_	_	_	_	linguistic	_	none	_	_	_	_	_	_
1104-3	BX001	1104	3	non	non	_	_	_	_	_	linguistic	_	none	_	_	_	_	_	_
1104-4	BX001	1104	4	fa	fa	_	_	_	_	_	linguistic	_	none	_	_	_	_	_	_
1104-5	BX001	1104	5	testo,	testo	_	_	_	_	_	linguistic	_	none	Intonation=WeaklyRising	_	_	_	_	_
1104-6	BX001	1104	6	perché	perché	_	_	_	_	_	linguistic	_	none	_	_	_	_	_	_
1104-7	BX001	1104	7	ora	ora	_	_	_	_	_	linguistic	_	none	_	_	_	_	_	_
1104-8	BX001	1104	8	sarà	sarà	_	_	_	_	_	linguistic	_	none	_	_	_	_	_	_
1104-9	BX001	1104	9	tutto	tutto	_	_	_	_	_	linguistic	_	none	_	_	_	_	_	_
1104-10	BX001	1104	10	diverso	diverso	_	_	_	_	_	linguistic	_	none	_	_	_	_	_	_
1104-11	BX001	1104	11	perché	perché	_	_	_	_	_	linguistic	_	none	_	_	_	_	_	_
1104-12	BX001	1104	12	si	si	_	_	_	_	_	linguistic	_	none	_	_	_	_	_	_
1104-13	BX001	1104	13	sta	sta	_	_	_	_	_	linguistic	_	none	_	_	_	_	_	_
1104-14	BX001	1104	14	facendo	facendo	_	_	_	_	_	linguistic	_	none	_	_	_	_	_	_
1104-15	BX001	1104	15	tutto	tutto	_	_	_	_	_	linguistic	_	none	_	_	_	_	_	_
1104-16	BX001	1104	16	più	più	_	_	_	_	_	linguistic	_	none	_	_	_	_	_	_
1104-17	BX001	1104	17	spalmato.	spalmato	_	_	_	_	_	linguistic	_	none	Intonation=Falling	_	_	_	_	_
1104-18	BX001	1104	18	no	no	_	_	_	_	_	linguistic	_	none	_	_	_	_	_	_
1104-19	BX001	1104	19	no	no	_	_	_	_	_	linguistic	_	none	_	_	_	_	_	_
1104-20	BX001	1104	20	ma	ma	_	_	_	_	_	linguistic	_	none	_	_	_	_	_	_
1104-21	BX001	1104	21	guarda	guarda	_	_	_	_	_	linguistic	_	none	_	_	_	_	_	_
1104-22	BX001	1104	22	son	son	_	_	_	_	_	linguistic	_	none	_	_	_	_	_	_
1104-23	BX001	1104	23	serio	serio	_	_	_	_	_	linguistic	_	none	_	_	_	_	_	_
1104-24	BX001	1104	24	[eh.	eh	_	_	_	_	_	linguistic	_	none	Intonation=Falling|PauseAfter=Yes	_	_	_	_	0-2(319)
1104-25	BX001	1104	25	(.)	(.)	_	_	_	_	_	shortpause	_	none	_	_	_	_	_	_
1104-26	BX001	1104	26	cioè	cioè	_	_	_	_	_	linguistic	_	none	_	_	_	_	_	0-4(319)
1104-27	BX001	1104	27	non	non	_	_	_	_	_	linguistic	_	none	_	_	_	_	_	0-3(319)
1104-28	BX001	1104	28	è	è	_	_	_	_	_	linguistic	_	none	_	_	_	_	_	0-1(319)
1104-29	BX001	1104	29	per	per	_	_	_	_	_	linguistic	_	none	_	_	_	_	_	0-3(319)
1104-30	BX001	1104	30	confortarti],	confortarti	_	_	_	_	_	linguistic	_	none	Intonation=WeaklyRising	End=2686.339	_	_	_	0-11(319)
1105-0	BX003	1105	0	[((ride))]	((ride))	_	_	_	_	_	nonverbalbehavior	_	none	_	Begin=2684.169|End=2686.34	_	_	_	0-4(319)
1106-0	BX001	1106	0	[cioè	cioè	_	_	_	_	_	linguistic	_	none	_	Begin=2686.574	_	_	_	0-4(320)
1106-1	BX001	1106	1	son	son	_	_	_	_	_	linguistic	_	none	_	_	_	_	_	0-3(320)
1106-2	BX001	1106	2	serio].	serio	_	_	_	_	_	linguistic	_	none	Intonation=Falling	End=2687.874	_	_	_	0-5(320)
1107-0	BX003	1107	0	[no	no	_	_	_	_	_	linguistic	_	none	_	Begin=2686.574	_	_	_	0-2(320)
1107-1	BX003	1107	1	no	no	_	_	_	_	_	linguistic	_	none	_	_	_	_	_	0-2(320)
1107-2	BX003	1107	2	può	può	_	_	_	_	_	linguistic	_	none	_	_	_	_	_	0-3(320)
1107-3	BX003	1107	3	essere].	essere	_	_	_	_	_	linguistic	_	none	Intonation=Falling	End=2687.874	_	_	_	0-6(320)
1108-0	BX003	1108	0	[cioè	cioè	_	_	_	_	_	linguistic	_	none	_	Begin=2689.059	_	_	_	0-4(373)
1108-1	BX003	1108	1	nel	nel	_	_	_	_	_	linguistic	_	none	_	_	_	_	_	0-3(373)
1108-2	BX003	1108	2	senso	senso	_	_	_	_	_	linguistic	_	none	_	_	_	_	_	0-5(373)
1108-3	BX003	1108	3	(guarda	guarda	_	_	_	_	_	linguistic	_	none	_	_	_	_	0-6(0)	0-6(373)
1108-4	BX003	1108	4	gli	gli	_	_	_	_	_	linguistic	_	none	_	_	_	_	0-3(0)	0-3(373)
1108-5	BX003	1108	5	esiti)	esiti	_	_	_	_	_	linguistic	_	none	_	_	_	_	0-5(0)	0-5(373)
1108-6	BX003	1108	6	degli	degli	_	_	_	_	_	linguistic	_	none	_	_	_	_	_	0-5(373)
1108-7	BX003	1108	7	esami	esami	_	_	_	_	_	linguistic	_	none	_	_	_	_	_	0-5(373)
1108-8	BX003	1108	8	nel	nel	_	_	_	_	_	linguistic	_	none	_	_	_	_	_	0-3(373)
1108-9	BX003	1108	9	senso]	senso	_	_	_	_	_	linguistic	_	none	_	End=2691.06	_	_	_	0-5(373)
1109-0	BX002	1109	0	[cioè	cioè	_	_	_	_	_	linguistic	_	none	_	Begin=2689.379	_	_	_	0-4(373)
1109-1	BX002	1109	1	xx	xx	_	_	_	_	_	unknown	_	none	Syllables=2	_	_	_	_	0-2(373)
1109-2	BX002	1109	2	adesso]	adesso	_	_	_	_	_	linguistic	_	none	_	End=2690.219	_	_	_	0-6(373)
1110-0	BX001	1110	0	[l'	l'	_	_	_	_	_	linguistic	_	none	SpaceAfter=No	Begin=2690.199	_	_	_	0-2(373)
1110-1	BX001	1110	1	hanno	hanno	_	_	_	_	_	linguistic	_	none	_	_	_	_	_	0-5(373)
1110-2	BX001	1110	2	impostato]	impostato	_	_	_	_	_	linguistic	_	none	_	_	_	_	_	0-9(373)
1110-3	BX001	1110	3	diverso	diverso	_	_	_	_	_	linguistic	_	none	_	_	_	_	_	_
1110-4	BX001	1110	4	questo	questo	_	_	_	_	_	linguistic	_	none	_	_	_	_	_	_
1110-5	BX001	1110	5	semestre	semestre	_	_	_	_	_	linguistic	_	none	_	_	_	_	_	_
1110-6	BX001	1110	6	eh	eh	_	_	_	_	_	linguistic	_	none	_	End=2692.819	_	_	_	_
1111-0	BX001	1111	0	con	con	_	_	_	_	_	linguistic	_	none	_	Begin=2693.399	_	_	_	_
1111-1	BX001	1111	1	tutti	tutti	_	_	_	_	_	linguistic	_	none	_	_	_	_	_	_
1111-2	BX001	1111	2	questi	questi	_	_	_	_	_	linguistic	_	none	_	_	_	_	_	_
1111-3	BX001	1111	3	progetti	progetti	_	_	_	_	_	linguistic	_	none	_	_	_	_	_	_
1111-4	BX001	1111	4	e	e	_	_	_	_	_	linguistic	_	none	_	_	_	_	_	_
1111-5	BX001	1111	5	in	in	_	_	_	_	_	linguistic	_	none	_	_	_	_	_	_
1111-6	BX001	1111	6	realtà,	realtà	_	_	_	_	_	linguistic	_	none	Intonation=WeaklyRising	End=2695.469	_	_	_	_
1112-0	BX001	1112	0	cioè	cioè	_	_	_	_	_	linguistic	_	none	_	Begin=2696.159	_	_	_	_
1112-1	BX001	1112	1	esami	esami	_	_	_	_	_	linguistic	_	none	_	_	_	_	_	_
1112-2	BX001	1112	2	[non	non	_	_	_	_	_	linguistic	_	none	_	_	_	_	_	0-3(321)
1112-3	BX001	1112	3	saranno	saranno	_	_	_	_	_	linguistic	_	none	_	_	_	_	_	0-7(321)
1112-4	BX001	1112	4	esami].	esami	_	_	_	_	_	linguistic	_	none	Intonation=Falling	End=2698.389	_	_	_	0-5(321)
1113-0	BX003	1113	0	[no	no	_	_	_	_	_	linguistic	_	none	_	Begin=2697.57	_	_	_	0-2(321)
1113-1	BX003	1113	1	non	non	_	_	_	_	_	linguistic	_	none	_	_	_	_	_	0-3(321)
1113-2	BX003	1113	2	è	è	_	_	_	_	_	linguistic	_	none	_	_	_	_	_	0-1(321)
1113-3	BX003	1113	3	che	che	_	_	_	_	_	linguistic	_	none	_	_	_	_	_	0-3(321)
1113-4	BX003	1113	4	non]	non	_	_	_	_	_	linguistic	_	none	_	_	_	_	_	0-3(321)
1113-5	BX003	1113	5	capisco	capisco	_	_	_	_	_	linguistic	_	none	_	_	_	_	_	_
1113-6	BX003	1113	6	((ride))	((ride))	_	_	_	_	_	nonverbalbehavior	_	none	_	_	_	_	_	_
1113-7	BX003	1113	7	c'	c'	_	_	_	_	_	linguistic	_	none	SpaceAfter=No	_	_	_	_	_
1113-8	BX003	1113	8	è	è	_	_	_	_	_	linguistic	_	none	_	_	_	_	_	_
1113-9	BX003	1113	9	((ridendo))	((ridendo))	_	_	_	_	_	nonverbalbehavior	_	none	_	End=2700.13	_	_	_	_
1114-0	BX001	1114	0	no	no	_	_	_	_	_	linguistic	_	none	_	Begin=2700.134	_	_	_	_
1114-1	BX001	1114	1	no	no	_	_	_	_	_	linguistic	_	none	_	_	_	_	_	_
1114-2	BX001	1114	2	cioè	cioè	_	_	_	_	_	linguistic	_	none	_	_	_	_	_	_
1114-3	BX001	1114	3	allo[ra].	allora	_	_	_	_	_	linguistic	_	none	Intonation=Falling	End=2701.544	_	_	_	4-6(322)
1115-0	BX003	1115	0	[no]	no	_	_	_	_	_	linguistic	_	none	_	Begin=2701.054	_	_	_	0-2(322)
1115-1	BX003	1115	1	eh	eh	_	_	_	_	_	linguistic	_	none	_	_	_	_	_	_
1115-2	BX003	1115	2	secondo	secondo	_	_	_	_	_	linguistic	_	none	_	_	_	_	_	_
1115-3	BX003	1115	3	me,	me	_	_	_	_	_	linguistic	_	none	Intonation=WeaklyRising	_	_	_	_	_
1115-4	BX003	1115	4	allora	allora	_	_	_	_	_	linguistic	_	none	_	_	_	_	_	_
1115-5	BX003	1115	5	se	se	_	_	_	_	_	linguistic	_	none	_	_	_	_	_	_
1115-6	BX003	1115	6	tu	tu	_	_	_	_	_	linguistic	_	none	_	_	_	_	_	_
1115-7	BX003	1115	7	hai	hai	_	_	_	_	_	linguistic	_	none	_	_	_	_	_	_
1115-8	BX003	1115	8	eh	eh	_	_	_	_	_	linguistic	_	none	_	_	_	_	_	_
1115-9	BX003	1115	9	cioè	cioè	_	_	_	_	_	linguistic	_	none	_	_	_	_	_	_
1115-10	BX003	1115	10	guarda	guarda	_	_	_	_	_	linguistic	_	none	_	_	_	_	_	_
1115-11	BX003	1115	11	le	le	_	_	_	_	_	linguistic	_	none	_	_	_	_	_	_
1115-12	BX003	1115	12	date	date	_	_	_	_	_	linguistic	_	none	_	_	_	_	_	_
1115-13	BX003	1115	13	degli	degli	_	_	_	_	_	linguistic	_	none	_	_	_	_	_	_
1115-14	BX003	1115	14	esami,	esami	_	_	_	_	_	linguistic	_	none	Intonation=WeaklyRising	End=2705.024	_	_	_	_
1116-0	BX002	1116	0	sì.	sì	_	_	_	_	_	linguistic	_	none	Intonation=Falling	Begin=2705.034|End=2705.284	_	_	_	_
1117-0	BX003	1117	0	tieni	tieni	_	_	_	_	_	linguistic	_	none	_	Begin=2705.304	_	_	_	_
1117-1	BX003	1117	1	conto	conto	_	_	_	_	_	linguistic	_	none	_	_	_	_	_	_
1117-2	BX003	1117	2	del-	del-	_	_	_	_	_	linguistic	_	none	Interrupted=Yes	_	_	_	_	_
1117-3	BX003	1117	3	>cioè	cioè	_	_	_	_	_	linguistic	_	none	_	_	_	Fast=0-4(0)	_	_
1117-4	BX003	1117	4	della	della	_	_	_	_	_	linguistic	_	none	_	_	_	Fast=0-5(0)	_	_
1117-5	BX003	1117	5	data	data	_	_	_	_	_	linguistic	_	none	_	_	_	Fast=0-4(0)	_	_
1117-6	BX003	1117	6	dell'	dell'	_	_	_	_	_	linguistic	_	none	SpaceAfter=No	_	_	Fast=0-5(0)	_	_
1117-7	BX003	1117	7	esame<	esame	_	_	_	_	_	linguistic	_	none	_	_	_	Fast=0-5(0)	_	_
1117-8	BX003	1117	8	due	due	_	_	_	_	_	linguistic	_	none	_	_	_	_	_	_
1117-9	BX003	1117	9	settimane	settimane	_	_	_	_	_	linguistic	_	none	_	_	_	_	_	_
1117-10	BX003	1117	10	prima	prima	_	_	_	_	_	linguistic	_	none	_	_	_	_	_	_
1117-11	BX003	1117	11	o	o	_	_	_	_	_	linguistic	_	none	_	_	_	_	_	_
1117-12	BX003	1117	12	una	una	_	_	_	_	_	linguistic	_	none	_	_	_	_	_	_
1117-13	BX003	1117	13	settimana	settimana	_	_	_	_	_	linguistic	_	none	_	_	_	_	_	_
1117-14	BX003	1117	14	prima,	prima	_	_	_	_	_	linguistic	_	none	Intonation=WeaklyRising	_	_	_	_	_
1117-15	BX003	1117	15	devi	devi	_	_	_	_	_	linguistic	_	none	_	_	_	_	_	_
1117-16	BX003	1117	16	consegnare	consegnare	_	_	_	_	_	linguistic	_	none	_	_	_	_	_	_
1117-17	BX003	1117	17	il	il	_	_	_	_	_	linguistic	_	none	_	_	_	_	_	_
1117-18	BX003	1117	18	progetto.	progetto	_	_	_	_	_	linguistic	_	none	Intonation=Falling	End=2710.624	_	_	_	_
1118-0	BX002	1118	0	sì.	sì	_	_	_	_	_	linguistic	_	none	Intonation=Falling	Begin=2711.259|End=2711.589	_	_	_	_
1119-0	BX003	1119	0	e	e	_	_	_	_	_	linguistic	_	none	_	Begin=2711.579	_	_	_	_
1119-1	BX003	1119	1	c'	c'	_	_	_	_	_	linguistic	_	none	SpaceAfter=No	_	_	_	_	_
1119-2	BX003	1119	2	è	è	_	_	_	_	_	linguistic	_	none	_	_	_	_	_	_
1119-3	BX003	1119	3	sono	sono	_	_	_	_	_	linguistic	_	none	_	_	_	_	_	_
1119-4	BX003	1119	4	paper	paper	_	_	_	_	_	linguistic	_	none	_	_	_	_	_	_
1119-5	BX003	1119	5	da	da	_	_	_	_	_	linguistic	_	none	_	_	_	_	_	_
1119-6	BX003	1119	6	scrivere,	scrivere	_	_	_	_	_	linguistic	_	none	Intonation=WeaklyRising	_	_	_	_	_
1119-7	BX003	1119	7	[quel-	quel-	_	_	_	_	_	linguistic	_	none	Interrupted=Yes	_	_	_	_	0-5(?)
1119-8	BX003	1119	8	l'	l'	_	_	_	_	_	linguistic	_	none	SpaceAfter=No	_	_	_	_	0-2(?)
1119-9	BX003	1119	9	unico	unico	_	_	_	_	_	linguistic	_	none	_	_	_	_	_	0-5(?)
1119-10	BX003	1119	10	che	che	_	_	_	_	_	linguistic	_	none	_	_	_	_	_	0-3(?)
1119-11	BX003	1119	11	non	non	_	_	_	_	_	linguistic	_	none	_	_	_	_	_	0-3(?)
1119-12	BX003	1119	12	hai	hai	_	_	_	_	_	linguistic	_	none	_	_	_	_	_	0-3(?)
1119-13	BX003	1119	13	da	da	_	_	_	_	_	linguistic	_	none	_	_	_	_	_	0-2(?)
1119-14	BX003	1119	14	scrivere],	scrivere	_	_	_	_	_	linguistic	_	none	Intonation=WeaklyRising	End=2714.389	_	_	_	0-7(?)
1120-0	BX001	1120	0	[eh]	eh	_	_	_	_	_	linguistic	_	none	_	Begin=2713.01|End=2713.389	_	_	_	0-2(324)
1121-0	BX002	1121	0	[xx]	xx	_	_	_	_	_	unknown	_	none	Syllables=2	Begin=2713.569|End=2714.399	_	_	_	0-2(325)
1122-0	BX003	1122	0	c'	c'	_	_	_	_	_	linguistic	_	none	SpaceAfter=No	Begin=2714.789	_	_	_	_
1122-1	BX003	1122	1	è	è	_	_	_	_	_	linguistic	_	none	_	_	_	_	_	_
1122-2	BX003	1122	2	s-	s-	_	_	_	_	_	linguistic	_	none	Interrupted=Yes	_	_	_	_	_
1122-3	BX003	1122	3	l'	l'	_	_	_	_	_	linguistic	_	none	SpaceAfter=No	_	_	_	_	_
1122-4	BX003	1122	4	unico	unico	_	_	_	_	_	linguistic	_	none	_	_	_	_	_	_
1122-5	BX003	1122	5	che	che	_	_	_	_	_	linguistic	_	none	_	_	_	_	_	_
1122-6	BX003	1122	6	non	non	_	_	_	_	_	linguistic	_	none	_	_	_	_	_	_
1122-7	BX003	1122	7	hai	hai	_	_	_	_	_	linguistic	_	none	_	_	_	_	_	_
1122-8	BX003	1122	8	da	da	_	_	_	_	_	linguistic	_	none	_	_	_	_	_	_
1122-9	BX003	1122	9	scrivere	scrivere	_	_	_	_	_	linguistic	_	none	_	_	_	_	_	_
1122-10	BX003	1122	10	è	è	_	_	_	_	_	linguistic	_	none	_	_	_	_	_	_
1122-11	BX003	1122	11	la::	la	_	_	_	_	_	linguistic	_	none	_	_	1x2	_	_	_
1122-12	BX003	1122	12	x-	x-	_	_	_	_	_	linguistic	_	none	Interrupted=Yes	_	_	_	_	_
1122-13	BX003	1122	13	gialli	gialli	_	_	_	_	_	linguistic	_	none	_	_	_	_	_	_
1122-14	BX003	1122	14	la	la	_	_	_	_	_	linguistic	_	none	_	_	_	_	_	_
1122-15	BX003	1122	15	gialli	gialli	_	_	_	_	_	linguistic	_	none	_	End=2718.674	_	_	_	_
1123-0	BX002	1123	0	esatto.	esatto	_	_	_	_	_	linguistic	_	none	Intonation=Falling	Begin=2718.674|End=2719.259	_	_	_	_
1124-0	BX002	1124	0	no	no	_	_	_	_	_	linguistic	_	none	_	Begin=2720.429	_	_	_	_
1124-1	BX002	1124	1	è	è	_	_	_	_	_	linguistic	_	none	_	_	_	_	_	_
1124-2	BX002	1124	2	vero	vero	_	_	_	_	_	linguistic	_	none	_	_	_	_	_	_
1124-3	BX002	1124	3	[devo	devo	_	_	_	_	_	linguistic	_	none	_	_	_	_	_	0-4(326)
1124-4	BX002	1124	4	scrivere	scrivere	_	_	_	_	_	linguistic	_	none	_	_	_	_	_	0-8(326)
1124-5	BX002	1124	5	tutti]	tutti	_	_	_	_	_	linguistic	_	none	_	_	_	_	_	0-5(326)
1124-6	BX002	1124	6	devo	devo	_	_	_	_	_	linguistic	_	none	_	_	_	_	_	_
1124-7	BX002	1124	7	scrivere	scrivere	_	_	_	_	_	linguistic	_	none	_	_	_	_	_	_
1124-8	BX002	1124	8	tutti	tutti	_	_	_	_	_	linguistic	_	none	_	_	_	_	_	_
1124-9	BX002	1124	9	i	i	_	_	_	_	_	linguistic	_	none	_	_	_	_	_	_
1124-10	BX002	1124	10	paper.	paper	_	_	_	_	_	linguistic	_	none	Intonation=Falling	End=2723.259	_	_	_	_
1125-0	BX003	1125	0	[o	o	_	_	_	_	_	linguistic	_	none	_	Begin=2720.629	_	_	_	0-1(326)
1125-1	BX003	1125	1	ne	ne	_	_	_	_	_	linguistic	_	none	_	_	_	_	_	0-2(326)
1125-2	BX003	1125	2	hai	hai	_	_	_	_	_	linguistic	_	none	_	_	_	_	_	0-3(326)
1125-3	BX003	1125	3	degli	degli	_	_	_	_	_	linguistic	_	none	_	_	_	_	_	0-5(326)
1125-4	BX003	1125	4	altri]?	altri	_	_	_	_	_	linguistic	_	none	Intonation=Rising	End=2721.769	_	_	_	0-5(326)
1126-0	BX002	1126	0	[(sì	sì	_	_	_	_	_	linguistic	_	none	_	Begin=2723.279	_	_	0-2(0)	0-2(374)
1126-1	BX002	1126	1	ma	ma	_	_	_	_	_	linguistic	_	none	_	_	_	_	0-2(0)	0-2(374)
1126-2	BX002	1126	2	non	non	_	_	_	_	_	linguistic	_	none	_	_	_	_	0-3(0)	0-3(374)
1126-3	BX002	1126	3	è)	è	_	_	_	_	_	linguistic	_	none	_	_	_	_	0-1(0)	0-1(374)
1126-4	BX002	1126	4	solo	solo	_	_	_	_	_	linguistic	_	none	_	_	_	_	_	0-4(374)
1126-5	BX002	1126	5	il	il	_	_	_	_	_	linguistic	_	none	_	_	_	_	_	0-2(374)
1126-6	BX002	1126	6	progetto	progetto	_	_	_	_	_	linguistic	_	none	_	_	_	_	_	0-8(374)
1126-7	BX002	1126	7	xxx	xxx	_	_	_	_	_	unknown	_	none	Syllables=3	_	_	_	_	0-3(374)
1126-8	BX002	1126	8	il	il	_	_	_	_	_	linguistic	_	none	_	_	_	_	_	0-2(374)
1126-9	BX002	1126	9	paper].	paper	_	_	_	_	_	linguistic	_	none	Intonation=Falling	End=2725.599	_	_	_	0-5(374)
1127-0	BX003	1127	0	[però	però	_	_	_	_	_	linguistic	_	none	_	Begin=2723.284	_	_	_	0-4(374)
1127-1	BX003	1127	1	spero	spero	_	_	_	_	_	linguistic	_	none	_	_	_	_	_	0-5(374)
1127-2	BX003	1127	2	che:]	che	_	_	_	_	_	linguistic	_	none	_	End=2725.164	2x1	_	_	0-3(374)
1128-0	BX001	1128	0	[però	però	_	_	_	_	_	linguistic	_	none	_	Begin=2724.344	_	_	_	0-4(374)
1128-1	BX001	1128	1	eh	eh	_	_	_	_	_	linguistic	_	none	_	_	_	_	_	0-2(374)
1128-2	BX001	1128	2	insomma]	insomma	_	_	_	_	_	linguistic	_	none	_	_	_	_	_	0-7(374)
1128-3	BX001	1128	3	ti	ti	_	_	_	_	_	linguistic	_	none	_	_	_	_	_	_
1128-4	BX001	1128	4	puoi	puoi	_	_	_	_	_	linguistic	_	none	_	_	_	_	_	_
1128-5	BX001	1128	5	portare	portare	_	_	_	_	_	linguistic	_	none	_	_	_	_	_	_
1128-6	BX001	1128	6	avanti:	avanti	_	_	_	_	_	linguistic	_	none	_	_	5x1	_	_	_
1128-7	BX001	1128	7	[puoi	puoi	_	_	_	_	_	linguistic	_	none	_	_	_	_	_	0-4(375)
1128-8	BX001	1128	8	iniziare,	iniziare	_	_	_	_	_	linguistic	_	none	Intonation=WeaklyRising|PauseAfter=Yes	_	_	_	_	0-8(375)
1128-9	BX001	1128	9	(.)	(.)	_	_	_	_	_	shortpause	_	none	_	_	_	_	_	_
1128-10	BX001	1128	10	delineare],	delineare	_	_	_	_	_	linguistic	_	none	Intonation=WeaklyRising|PauseAfter=Yes	_	_	_	_	0-9(375)
1128-11	BX001	1128	11	(.)	(.)	_	_	_	_	_	shortpause	_	none	_	_	_	_	_	_
1128-12	BX001	1128	12	insomma	insomma	_	_	_	_	_	linguistic	_	none	_	End=2730.52	_	_	_	_
1129-0	BX003	1129	0	[sì	sì	_	_	_	_	_	linguistic	_	none	_	Begin=2726.549	_	_	_	0-2(375)
1129-1	BX003	1129	1	quello	quello	_	_	_	_	_	linguistic	_	none	_	_	_	_	_	0-6(375)
1129-2	BX003	1129	2	sì].	sì	_	_	_	_	_	linguistic	_	none	Intonation=Falling	End=2727.259	_	_	_	0-2(375)
1130-0	BX002	1130	0	[no	no	_	_	_	_	_	linguistic	_	none	_	Begin=2726.929	_	_	_	0-2(375)
1130-1	BX002	1130	1	infatti	infatti	_	_	_	_	_	linguistic	_	none	_	_	_	_	_	0-7(375)
1130-2	BX002	1130	2	per	per	_	_	_	_	_	linguistic	_	none	_	_	_	_	_	0-3(375)
1130-3	BX002	1130	3	quello	quello	_	_	_	_	_	linguistic	_	none	_	_	_	_	_	0-6(375)
1130-4	BX002	1130	4	che	che	_	_	_	_	_	linguistic	_	none	_	_	_	_	_	0-3(375)
1130-5	BX002	1130	5	volevo	volevo	_	_	_	_	_	linguistic	_	none	_	_	_	_	_	0-6(375)
1130-6	BX002	1130	6	già	già	_	_	_	_	_	linguistic	_	none	_	_	_	_	_	0-3(375)
1130-7	BX002	1130	7	fare	fare	_	_	_	_	_	linguistic	_	none	_	_	_	_	_	0-4(375)
1130-8	BX002	1130	8	quello	quello	_	_	_	_	_	linguistic	_	none	_	_	_	_	_	0-6(375)
1130-9	BX002	1130	9	di:]	di	_	_	_	_	_	linguistic	_	none	_	End=2729.85	1x1	_	_	0-2(375)
1131-0	BX001	1131	0	cioè	cioè	_	_	_	_	_	linguistic	_	none	_	Begin=2732.856	_	_	_	_
1131-1	BX001	1131	1	quello	quello	_	_	_	_	_	linguistic	_	none	_	_	_	_	_	_
1131-2	BX001	1131	2	che	che	_	_	_	_	_	linguistic	_	none	_	_	_	_	_	_
1131-3	BX001	1131	3	intendo	intendo	_	_	_	_	_	linguistic	_	none	_	_	_	_	_	_
1131-4	BX001	1131	4	è	è	_	_	_	_	_	linguistic	_	none	_	_	_	_	_	_
1131-5	BX001	1131	5	che	che	_	_	_	_	_	linguistic	_	none	_	_	_	_	_	_
1131-6	BX001	1131	6	cioè	cioè	_	_	_	_	_	linguistic	_	none	_	_	_	_	_	_
1131-7	BX001	1131	7	non	non	_	_	_	_	_	linguistic	_	none	_	_	_	_	_	_
1131-8	BX001	1131	8	è	è	_	_	_	_	_	linguistic	_	none	_	_	_	_	_	_
1131-9	BX001	1131	9	che	che	_	_	_	_	_	linguistic	_	none	_	_	_	_	_	_
1131-10	BX001	1131	10	c'	c'	_	_	_	_	_	linguistic	_	none	SpaceAfter=No	_	_	_	_	_
1131-11	BX001	1131	11	è	è	_	_	_	_	_	linguistic	_	none	_	_	_	_	_	_
1131-12	BX001	1131	12	da	da	_	_	_	_	_	linguistic	_	none	_	_	_	_	_	_
1131-13	BX001	1131	13	studiarsi	studiarsi	_	_	_	_	_	linguistic	_	none	_	_	_	_	_	_
1131-14	BX001	1131	14	un	un	_	_	_	_	_	linguistic	_	none	_	_	_	_	_	_
1131-15	BX001	1131	15	manuale	manuale	_	_	_	_	_	linguistic	_	none	_	_	_	_	_	_
1131-16	BX001	1131	16	di:	di	_	_	_	_	_	linguistic	_	none	_	_	1x1	_	_	_
1131-17	BX001	1131	17	[eh	eh	_	_	_	_	_	linguistic	_	none	_	_	_	_	_	0-2(327)
1131-18	BX001	1131	18	svariate	svariate	_	_	_	_	_	linguistic	_	none	_	_	_	_	_	0-8(327)
1131-19	BX001	1131	19	pagine]	pagine	_	_	_	_	_	linguistic	_	none	_	End=2739.316	_	_	_	0-6(327)
1132-0	BX003	1132	0	[(lo	lo	_	_	_	_	_	linguistic	_	none	_	Begin=2737.251	_	_	_	0-2(327)
1132-1	BX003	1132	1	so	so	_	_	_	_	_	linguistic	_	none	_	_	_	_	_	0-2(327)
1132-2	BX003	1132	2	però	però	_	_	_	_	_	linguistic	_	none	PauseAfter=Yes	_	_	_	_	0-4(327)
1132-3	BX003	1132	3	(.)	(.)	_	_	_	_	_	shortpause	_	none	_	_	_	_	_	_
1132-4	BX003	1132	4	non	non	_	_	_	_	_	linguistic	_	none	_	_	_	_	_	0-3(327)
1132-5	BX003	1132	5	ho	ho	_	_	_	_	_	linguistic	_	none	_	_	_	_	_	0-2(327)
1132-6	BX003	1132	6	capito	capito	_	_	_	_	_	linguistic	_	none	_	_	_	_	_	0-6(327)
1132-7	BX003	1132	7	se	se	_	_	_	_	_	linguistic	_	none	_	_	_	_	_	0-2(327)
1132-8	BX003	1132	8	non	non	_	_	_	_	_	linguistic	_	none	_	_	_	_	_	0-3(327)
1132-9	BX003	1132	9	sanno],	sanno	_	_	_	_	_	linguistic	_	none	Intonation=WeaklyRising	End=2739.321	_	_	_	0-5(327)
1133-0	BX001	1133	0	eh.	eh	_	_	_	_	_	linguistic	_	none	Intonation=Falling	Begin=2740.144|End=2740.519	_	_	_	_
1134-0	BX002	1134	0	scappiamo	scappiamo	_	_	_	_	_	linguistic	_	none	_	Begin=2742.011	_	_	_	_
1134-1	BX002	1134	1	perché:	perché	_	_	_	_	_	linguistic	_	none	_	_	5x1	_	_	_
1134-2	BX002	1134	2	mi	mi	_	_	_	_	_	linguistic	_	none	_	_	_	_	_	_
1134-3	BX002	1134	3	sto	sto	_	_	_	_	_	linguistic	_	none	_	_	_	_	_	_
1134-4	BX002	1134	4	intossicando,	intossicando	_	_	_	_	_	linguistic	_	none	Intonation=WeaklyRising	End=2744.621	_	_	_	_
1135-0	BX001	1135	0	eh	eh	_	_	_	_	_	linguistic	_	none	_	Begin=2745.021	_	_	_	_
1135-1	BX001	1135	1	xxxxxxx	xxxxxxx	_	_	_	_	_	unknown	_	none	Syllables=7	End=2746.681	_	_	_	_
