token_id	speaker	tu_id	id	span	form	lemma	upos	xpos	feats	deprel	type	meta_label	code-variation	jefferson_feats	align	prolongations	pace	guesses	overlaps
0-0	BZ001	0	0	allora	allora	_	_	_	_	_	linguistic	_	ContainsVariation=No	_	Begin=1.81	_	_	_	_
0-1	BZ001	0	1	lino	lino	_	_	_	_	_	linguistic	_	ContainsVariation=No	_	_	_	_	_	_
0-2	BZ001	0	2	io	io	_	_	_	_	_	linguistic	_	ContainsVariation=No	_	_	_	_	_	_
0-3	BZ001	0	3	ti	ti	_	_	_	_	_	linguistic	_	ContainsVariation=No	_	_	_	_	_	_
0-4	BZ001	0	4	chiederei	chiederei	_	_	_	_	_	linguistic	_	ContainsVariation=No	_	_	_	_	_	_
0-5	BZ001	0	5	di	di	_	_	_	_	_	linguistic	_	ContainsVariation=No	_	_	_	_	_	_
0-6	BZ001	0	6	raccontarmi	raccontarmi	_	_	_	_	_	linguistic	_	ContainsVariation=No	_	_	_	_	_	_
0-7	BZ001	0	7	un	un	_	_	_	_	_	linguistic	_	ContainsVariation=No	_	_	_	_	_	_
0-8	BZ001	0	8	po'	po'	_	_	_	_	_	linguistic	_	ContainsVariation=No	_	_	_	_	_	_
0-9	BZ001	0	9	la	la	_	_	_	_	_	linguistic	_	ContainsVariation=No	_	_	_	_	_	_
0-10	BZ001	0	10	tua	tua	_	_	_	_	_	linguistic	_	ContainsVariation=No	_	_	_	_	_	_
0-11	BZ001	0	11	vita,	vita	_	_	_	_	_	linguistic	_	ContainsVariation=No	Intonation=WeaklyRising	_	_	_	_	_
0-12	BZ001	0	12	quello	quello	_	_	_	_	_	linguistic	_	ContainsVariation=No	_	_	_	_	_	_
0-13	BZ001	0	13	che	che	_	_	_	_	_	linguistic	_	ContainsVariation=No	_	_	_	_	_	_
0-14	BZ001	0	14	ti	ti	_	_	_	_	_	linguistic	_	ContainsVariation=No	_	_	_	_	_	_
0-15	BZ001	0	15	va	va	_	_	_	_	_	linguistic	_	ContainsVariation=No	_	_	_	_	_	_
0-16	BZ001	0	16	della	della	_	_	_	_	_	linguistic	_	ContainsVariation=No	_	_	_	_	_	_
0-17	BZ001	0	17	tua	tua	_	_	_	_	_	linguistic	_	ContainsVariation=No	_	_	_	_	_	_
0-18	BZ001	0	18	vita,	vita	_	_	_	_	_	linguistic	_	ContainsVariation=No	Intonation=WeaklyRising|PauseAfter=Yes	_	_	_	_	_
0-19	BZ001	0	19	(.)	(.)	_	_	_	_	_	shortpause	_	ContainsVariation=No	_	_	_	_	_	_
0-20	BZ001	0	20	partendo	partendo	_	_	_	_	_	linguistic	_	ContainsVariation=No	_	_	_	_	_	_
0-21	BZ001	0	21	dalle	dalle	_	_	_	_	_	linguistic	_	ContainsVariation=No	_	_	_	_	_	_
0-22	BZ001	0	22	lingue	lingue	_	_	_	_	_	linguistic	_	ContainsVariation=No	_	_	_	_	_	_
0-23	BZ001	0	23	che	che	_	_	_	_	_	linguistic	_	ContainsVariation=No	_	_	_	_	_	_
0-24	BZ001	0	24	parli,	parli	_	_	_	_	_	linguistic	_	ContainsVariation=No	Intonation=WeaklyRising	_	_	_	_	_
0-25	BZ001	0	25	che	che	_	_	_	_	_	linguistic	_	ContainsVariation=No	_	_	_	_	_	_
0-26	BZ001	0	26	hai	hai	_	_	_	_	_	linguistic	_	ContainsVariation=No	_	_	_	_	_	_
0-27	BZ001	0	27	studiato,	studiato	_	_	_	_	_	linguistic	_	ContainsVariation=No	Intonation=WeaklyRising	_	_	_	_	_
0-28	BZ001	0	28	che	che	_	_	_	_	_	linguistic	_	ContainsVariation=No	_	_	_	_	_	_
0-29	BZ001	0	29	hai	hai	_	_	_	_	_	linguistic	_	ContainsVariation=No	_	_	_	_	_	_
0-30	BZ001	0	30	avuto	avuto	_	_	_	_	_	linguistic	_	ContainsVariation=No	_	_	_	_	_	_
0-31	BZ001	0	31	modo	modo	_	_	_	_	_	linguistic	_	ContainsVariation=No	_	_	_	_	_	_
0-32	BZ001	0	32	in	in	_	_	_	_	_	linguistic	_	ContainsVariation=No	_	_	_	_	_	_
0-33	BZ001	0	33	qualche	qualche	_	_	_	_	_	linguistic	_	ContainsVariation=No	_	_	_	_	_	_
0-34	BZ001	0	34	modo	modo	_	_	_	_	_	linguistic	_	ContainsVariation=No	_	_	_	_	_	_
0-35	BZ001	0	35	di	di	_	_	_	_	_	linguistic	_	ContainsVariation=No	_	_	_	_	_	_
0-36	BZ001	0	36	di	di	_	_	_	_	_	linguistic	_	ContainsVariation=No	_	_	_	_	_	_
0-37	BZ001	0	37	approcciare	approcciare	_	_	_	_	_	linguistic	_	ContainsVariation=No	_	_	_	_	_	_
0-38	BZ001	0	38	insomma.	insomma	_	_	_	_	_	linguistic	_	ContainsVariation=No	Intonation=Falling	End=12.28	_	_	_	_
1-0	BZ006	1	0	okay.	okay	_	_	_	_	_	linguistic	_	ContainsVariation=No	Intonation=Falling	Begin=13.17|End=13.58	_	_	_	_
2-0	BZ006	2	0	allora,	allora	_	_	_	_	_	linguistic	_	ContainsVariation=No	Intonation=WeaklyRising	Begin=14.8|End=15.29	_	_	_	_
3-0	BZ006	3	0	io	io	_	_	_	_	_	linguistic	_	ContainsVariation=No	_	Begin=16.22	_	_	_	_
3-1	BZ006	3	1	vengo	vengo	_	_	_	_	_	linguistic	_	ContainsVariation=No	_	_	_	_	_	_
3-2	BZ006	3	2	da	da	_	_	_	_	_	linguistic	_	ContainsVariation=No	_	_	_	_	_	_
3-3	BZ006	3	3	bolzano,	bolzano	_	_	_	_	_	linguistic	_	ContainsVariation=No	Intonation=WeaklyRising|PauseAfter=Yes	_	_	_	_	_
3-4	BZ006	3	4	(.)	(.)	_	_	_	_	_	shortpause	_	ContainsVariation=No	_	_	_	_	_	_
3-5	BZ006	3	5	e	e	_	_	_	_	_	linguistic	_	ContainsVariation=No	_	_	_	_	_	_
3-6	BZ006	3	6	son	son	_	_	_	_	_	linguistic	_	ContainsVariation=No	_	_	_	_	_	_
3-7	BZ006	3	7	nato	nato	_	_	_	_	_	linguistic	_	ContainsVariation=No	_	_	_	_	_	_
3-8	BZ006	3	8	a	a	_	_	_	_	_	linguistic	_	ContainsVariation=No	_	_	_	_	_	_
3-9	BZ006	3	9	bolzano.	bolzano	_	_	_	_	_	linguistic	_	ContainsVariation=No	Intonation=Falling	End=18.82	_	_	_	_
4-0	BZ006	4	0	che	che	_	_	_	_	_	linguistic	_	ContainsVariation=No	_	Begin=19.545	_	_	_	_
4-1	BZ006	4	1	già,	già	_	_	_	_	_	linguistic	_	ContainsVariation=No	Intonation=WeaklyRising	End=20.115	_	_	_	_
5-0	BZ006	5	0	linguisticamente	linguisticamente	_	_	_	_	_	linguistic	_	ContainsVariation=No	_	Begin=20.845	_	_	_	_
5-1	BZ006	5	1	è	è	_	_	_	_	_	linguistic	_	ContainsVariation=No	_	_	_	_	_	_
5-2	BZ006	5	2	una	una	_	_	_	_	_	linguistic	_	ContainsVariation=No	_	_	_	_	_	_
5-3	BZ006	5	3	zona:	zona	_	_	_	_	_	linguistic	_	ContainsVariation=No	_	_	3x1	_	_	_
5-4	BZ006	5	4	d'	d'	_	_	_	_	_	linguistic	_	ContainsVariation=No	SpaceAfter=No	_	_	_	_	_
5-5	BZ006	5	5	italia	italia	_	_	_	_	_	linguistic	_	ContainsVariation=No	_	_	_	_	_	_
5-6	BZ006	5	6	particolare	particolare	_	_	_	_	_	linguistic	_	ContainsVariation=No	_	_	_	_	_	_
5-7	BZ006	5	7	perché	perché	_	_	_	_	_	linguistic	_	ContainsVariation=No	_	_	_	_	_	_
5-8	BZ006	5	8	ha	ha	_	_	_	_	_	linguistic	_	ContainsVariation=No	_	_	_	_	_	_
5-9	BZ006	5	9	due	due	_	_	_	_	_	linguistic	_	ContainsVariation=No	_	_	_	_	_	_
5-10	BZ006	5	10	lingue.	lingue	_	_	_	_	_	linguistic	_	ContainsVariation=No	Intonation=Falling	End=25.285	_	_	_	_
6-0	BZ006	6	0	sono	sono	_	_	_	_	_	linguistic	_	ContainsVariation=No	_	Begin=25.94	_	_	_	_
6-1	BZ006	6	1	nato	nato	_	_	_	_	_	linguistic	_	ContainsVariation=No	_	_	_	_	_	_
6-2	BZ006	6	2	però	però	_	_	_	_	_	linguistic	_	ContainsVariation=No	_	_	_	_	_	_
6-3	BZ006	6	3	nel,	nel	_	_	_	_	_	linguistic	_	ContainsVariation=No	Intonation=WeaklyRising	End=27.18	_	_	_	_
7-0	BZ006	7	0	((schiocca_la_lingua))	((schiocca_la_lingua))	_	_	_	_	_	nonverbalbehavior	_	ContainsVariation=No	_	Begin=28.415	_	_	_	_
7-1	BZ006	7	1	da	da	_	_	_	_	_	linguistic	_	ContainsVariation=No	_	_	_	_	_	_
7-2	BZ006	7	2	una	una	_	_	_	_	_	linguistic	_	ContainsVariation=No	_	_	_	_	_	_
7-3	BZ006	7	3	famiglia	famiglia	_	_	_	_	_	linguistic	_	ContainsVariation=No	_	_	_	_	_	_
7-4	BZ006	7	4	completamente	completamente	_	_	_	_	_	linguistic	_	ContainsVariation=No	_	_	_	_	_	_
7-5	BZ006	7	5	italiana,	italiana	_	_	_	_	_	linguistic	_	ContainsVariation=No	Intonation=WeaklyRising	End=30.425	_	_	_	_
8-0	BZ006	8	0	eh	eh	_	_	_	_	_	linguistic	_	ContainsVariation=No	_	Begin=31.155	_	_	_	_
8-1	BZ006	8	1	mio	mio	_	_	_	_	_	linguistic	_	ContainsVariation=No	_	_	_	_	_	_
8-2	BZ006	8	2	papà	papà	_	_	_	_	_	linguistic	_	ContainsVariation=No	_	_	_	_	_	_
8-3	BZ006	8	3	viene	viene	_	_	_	_	_	linguistic	_	ContainsVariation=No	_	_	_	_	_	_
8-4	BZ006	8	4	dal	dal	_	_	_	_	_	linguistic	_	ContainsVariation=No	_	_	_	_	_	_
8-5	BZ006	8	5	veneto,	veneto	_	_	_	_	_	linguistic	_	ContainsVariation=No	Intonation=WeaklyRising	End=32.945	_	_	_	_
9-0	BZ006	9	0	non	non	_	_	_	_	_	linguistic	_	ContainsVariation=No	_	Begin=33.215	_	_	_	_
9-1	BZ006	9	1	parla	parla	_	_	_	_	_	linguistic	_	ContainsVariation=No	_	_	_	_	_	_
9-2	BZ006	9	2	però	però	_	_	_	_	_	linguistic	_	ContainsVariation=No	_	_	_	_	_	_
9-3	BZ006	9	3	dialetto	dialetto	_	_	_	_	_	linguistic	_	ContainsVariation=No	_	_	_	_	_	_
9-4	BZ006	9	4	veneto,	veneto	_	_	_	_	_	linguistic	_	ContainsVariation=No	Intonation=WeaklyRising	_	_	_	_	_
9-5	BZ006	9	5	parla	parla	_	_	_	_	_	linguistic	_	ContainsVariation=No	_	_	_	_	_	_
9-6	BZ006	9	6	>insomma<	insomma	_	_	_	_	_	linguistic	_	ContainsVariation=No	_	End=35.735	_	Fast=0-7(0)	_	_
10-0	BZ006	10	0	l'	l'	_	_	_	_	_	linguistic	_	ContainsVariation=No	SpaceAfter=No	Begin=36.83	_	_	_	_
10-1	BZ006	10	1	italiano	italiano	_	_	_	_	_	linguistic	_	ContainsVariation=No	_	_	_	_	_	_
10-2	BZ006	10	2	che	che	_	_	_	_	_	linguistic	_	ContainsVariation=No	_	_	_	_	_	_
10-3	BZ006	10	3	parla	parla	_	_	_	_	_	linguistic	_	ContainsVariation=No	_	_	_	_	_	_
10-4	BZ006	10	4	lui	lui	_	_	_	_	_	linguistic	_	ContainsVariation=No	_	_	_	_	_	_
10-5	BZ006	10	5	[ma	ma	_	_	_	_	_	linguistic	_	ContainsVariation=No	_	_	_	_	_	0-2(1)
10-6	BZ006	10	6	non	non	_	_	_	_	_	linguistic	_	ContainsVariation=No	_	_	_	_	_	0-3(1)
10-7	BZ006	10	7	è],	è	_	_	_	_	_	linguistic	_	ContainsVariation=No	Intonation=WeaklyRising	_	_	_	_	0-1(1)
10-8	BZ006	10	8	non	non	_	_	_	_	_	linguistic	_	ContainsVariation=No	_	_	_	_	_	_
10-9	BZ006	10	9	ha	ha	_	_	_	_	_	linguistic	_	ContainsVariation=No	_	_	_	_	_	_
10-10	BZ006	10	10	forti	forti	_	_	_	_	_	linguistic	_	ContainsVariation=No	_	_	_	_	_	_
10-11	BZ006	10	11	connotati	connotati	_	_	_	_	_	linguistic	_	ContainsVariation=No	_	_	_	_	_	_
10-12	BZ006	10	12	veneti,	veneti	_	_	_	_	_	linguistic	_	ContainsVariation=No	Intonation=WeaklyRising	End=39.9	_	_	_	_
11-0	BZ001	11	0	[mh].	mh	_	_	_	_	_	linguistic	_	ContainsVariation=No	Intonation=Falling	Begin=37.86|End=38.27	_	_	_	0-2(1)
12-0	BZ006	12	0	e	e	_	_	_	_	_	linguistic	_	ContainsVariation=No	_	Begin=40.77	_	_	_	_
12-1	BZ006	12	1	lo	lo	_	_	_	_	_	linguistic	_	ContainsVariation=No	_	_	_	_	_	_
12-2	BZ006	12	2	stesso	stesso	_	_	_	_	_	linguistic	_	ContainsVariation=No	_	_	_	_	_	_
12-3	BZ006	12	3	vale	vale	_	_	_	_	_	linguistic	_	ContainsVariation=No	_	_	_	_	_	_
12-4	BZ006	12	4	per	per	_	_	_	_	_	linguistic	_	ContainsVariation=No	_	_	_	_	_	_
12-5	BZ006	12	5	mia	mia	_	_	_	_	_	linguistic	_	ContainsVariation=No	_	_	_	_	_	_
12-6	BZ006	12	6	madre	madre	_	_	_	_	_	linguistic	_	ContainsVariation=No	_	_	_	_	_	_
12-7	BZ006	12	7	che	che	_	_	_	_	_	linguistic	_	ContainsVariation=No	_	_	_	_	_	_
12-8	BZ006	12	8	però	però	_	_	_	_	_	linguistic	_	ContainsVariation=No	_	_	_	_	_	_
12-9	BZ006	12	9	non	non	_	_	_	_	_	linguistic	_	ContainsVariation=No	_	_	_	_	_	_
12-10	BZ006	12	10	è	è	_	_	_	_	_	linguistic	_	ContainsVariation=No	_	_	_	_	_	_
12-11	BZ006	12	11	veneta	veneta	_	_	_	_	_	linguistic	_	ContainsVariation=No	_	_	_	_	_	_
12-12	BZ006	12	12	è	è	_	_	_	_	_	linguistic	_	ContainsVariation=No	_	_	_	_	_	_
12-13	BZ006	12	13	calabrese,	calabrese	_	_	_	_	_	linguistic	_	ContainsVariation=No	Intonation=WeaklyRising	End=43.84	_	_	_	_
13-0	BZ006	13	0	e	e	_	_	_	_	_	linguistic	_	ContainsVariation=No	_	Begin=44.24	_	_	_	_
13-1	BZ006	13	1	anche	anche	_	_	_	_	_	linguistic	_	ContainsVariation=No	_	_	_	_	_	_
13-2	BZ006	13	2	lei	lei	_	_	_	_	_	linguistic	_	ContainsVariation=No	_	_	_	_	_	_
13-3	BZ006	13	3	non	non	_	_	_	_	_	linguistic	_	ContainsVariation=No	_	_	_	_	_	_
13-4	BZ006	13	4	ha	ha	_	_	_	_	_	linguistic	_	ContainsVariation=No	_	_	_	_	_	_
13-5	BZ006	13	5	preso	preso	_	_	_	_	_	linguistic	_	ContainsVariation=No	_	_	_	_	_	_
13-6	BZ006	13	6	alcun	alcun	_	_	_	_	_	linguistic	_	ContainsVariation=No	_	_	_	_	_	_
13-7	BZ006	13	7	connotato.	connotato	_	_	_	_	_	linguistic	_	ContainsVariation=No	Intonation=Falling	End=46.31	_	_	_	_
14-0	BZ006	14	0	però	però	_	_	_	_	_	linguistic	_	ContainsVariation=No	_	Begin=47.35	_	_	_	_
14-1	BZ006	14	1	se,	se	_	_	_	_	_	linguistic	_	ContainsVariation=No	Intonation=WeaklyRising	End=48.37	_	_	_	_
15-0	BZ006	15	0	se	se	_	_	_	_	_	linguistic	_	ContainsVariation=No	_	Begin=49.765	_	_	_	_
15-1	BZ006	15	1	risalgo	risalgo	_	_	_	_	_	linguistic	_	ContainsVariation=No	_	_	_	_	_	_
15-2	BZ006	15	2	ai	ai	_	_	_	_	_	linguistic	_	ContainsVariation=No	_	_	_	_	_	_
15-3	BZ006	15	3	parenti	parenti	_	_	_	_	_	linguistic	_	ContainsVariation=No	_	_	_	_	_	_
15-4	BZ006	15	4	poi	poi	_	_	_	_	_	linguistic	_	ContainsVariation=No	_	_	_	_	_	_
15-5	BZ006	15	5	che:	che	_	_	_	_	_	linguistic	_	ContainsVariation=No	_	_	2x1	_	_	_
15-6	BZ006	15	6	stanno	stanno	_	_	_	_	_	linguistic	_	ContainsVariation=No	_	_	_	_	_	_
15-7	BZ006	15	7	in	in	_	_	_	_	_	linguistic	_	ContainsVariation=No	_	_	_	_	_	_
15-8	BZ006	15	8	queste	queste	_	_	_	_	_	linguistic	_	ContainsVariation=No	_	_	_	_	_	_
15-9	BZ006	15	9	due	due	_	_	_	_	_	linguistic	_	ContainsVariation=No	_	_	_	_	_	_
15-10	BZ006	15	10	zone	zone	_	_	_	_	_	linguistic	_	ContainsVariation=No	_	_	_	_	_	_
15-11	BZ006	15	11	d'	d'	_	_	_	_	_	linguistic	_	ContainsVariation=No	SpaceAfter=No	_	_	_	_	_
15-12	BZ006	15	12	italia,	italia	_	_	_	_	_	linguistic	_	ContainsVariation=No	Intonation=WeaklyRising	End=54.195	_	_	_	_
16-0	BZ006	16	0	eh	eh	_	_	_	_	_	linguistic	_	ContainsVariation=No	_	Begin=54.645	_	_	_	_
16-1	BZ006	16	1	lì	lì	_	_	_	_	_	linguistic	_	ContainsVariation=No	_	_	_	_	_	_
16-2	BZ006	16	2	sì	sì	_	_	_	_	_	linguistic	_	ContainsVariation=No	PauseAfter=Yes	_	_	_	_	_
16-3	BZ006	16	3	(.)	(.)	_	_	_	_	_	shortpause	_	ContainsVariation=No	_	_	_	_	_	_
16-4	BZ006	16	4	eh:	eh	_	_	_	_	_	linguistic	_	ContainsVariation=No	_	_	1x1	_	_	_
16-5	BZ006	16	5	la	la	_	_	_	_	_	linguistic	_	ContainsVariation=No	_	_	_	_	_	_
16-6	BZ006	16	6	lingua	lingua	_	_	_	_	_	linguistic	_	ContainsVariation=No	_	_	_	_	_	_
16-7	BZ006	16	7	cambia,	cambia	_	_	_	_	_	linguistic	_	ContainsVariation=No	Intonation=WeaklyRising	_	_	_	_	_
16-8	BZ006	16	8	vengono	vengono	_	_	_	_	_	linguistic	_	ContainsVariation=No	_	_	_	_	_	_
16-9	BZ006	16	9	>cioè	cioè	_	_	_	_	_	linguistic	_	ContainsVariation=No	_	_	_	Fast=0-4(0)	_	_
16-10	BZ006	16	10	insomma<	insomma	_	_	_	_	_	linguistic	_	ContainsVariation=No	_	End=58.345	_	Fast=0-7(0)	_	_
17-0	BZ006	17	0	ho	ho	_	_	_	_	_	linguistic	_	ContainsVariation=No	_	Begin=58.87	_	_	_	_
17-1	BZ006	17	1	alle	alle	_	_	_	_	_	linguistic	_	ContainsVariation=No	_	_	_	_	_	_
17-2	BZ006	17	2	spalle	spalle	_	_	_	_	_	linguistic	_	ContainsVariation=No	_	_	_	_	_	_
17-3	BZ006	17	3	una	una	_	_	_	_	_	linguistic	_	ContainsVariation=No	_	_	_	_	_	_
17-4	BZ006	17	4	famiglia:	famiglia	_	_	_	_	_	linguistic	_	ContainsVariation=No	_	_	7x1	_	_	_
17-5	BZ006	17	5	fortemente	fortemente	_	_	_	_	_	linguistic	_	ContainsVariation=No	_	_	_	_	_	_
17-6	BZ006	17	6	dialettale,	dialettale	_	_	_	_	_	linguistic	_	ContainsVariation=No	Intonation=WeaklyRising	_	_	_	_	_
17-7	BZ006	17	7	((sorridendo))	((sorridendo))	_	_	_	_	_	nonverbalbehavior	_	ContainsVariation=No	_	_	_	_	_	_
17-8	BZ006	17	8	soprattutto	soprattutto	_	_	_	_	_	linguistic	_	ContainsVariation=No	_	_	_	_	_	_
17-9	BZ006	17	9	quella	quella	_	_	_	_	_	linguistic	_	ContainsVariation=No	_	_	_	_	_	_
17-10	BZ006	17	10	calabrese,	calabrese	_	_	_	_	_	linguistic	_	ContainsVariation=No	Intonation=WeaklyRising	_	_	_	_	_
17-11	BZ006	17	11	tant'	tant'	_	_	_	_	_	linguistic	_	ContainsVariation=No	SpaceAfter=No	_	_	_	_	_
17-12	BZ006	17	12	è	è	_	_	_	_	_	linguistic	_	ContainsVariation=No	_	_	_	_	_	_
17-13	BZ006	17	13	che	che	_	_	_	_	_	linguistic	_	ContainsVariation=No	_	_	_	_	_	_
17-14	BZ006	17	14	spesso	spesso	_	_	_	_	_	linguistic	_	ContainsVariation=No	_	_	_	_	_	_
17-15	BZ006	17	15	anch'	anch'	_	_	_	_	_	linguistic	_	ContainsVariation=No	SpaceAfter=No	_	_	_	_	_
17-16	BZ006	17	16	io,	io	_	_	_	_	_	linguistic	_	ContainsVariation=No	Intonation=WeaklyRising	_	_	_	_	_
17-17	BZ006	17	17	io	io	_	_	_	_	_	linguistic	_	ContainsVariation=No	_	_	_	_	_	_
17-18	BZ006	17	18	stesso	stesso	_	_	_	_	_	linguistic	_	ContainsVariation=No	_	_	_	_	_	5-6(3)
17-19	BZ006	17	19	[faccio	faccio	_	_	_	_	_	linguistic	_	ContainsVariation=No	_	_	_	_	_	0-6(3)
17-20	BZ006	17	20	fatica],	fatica	_	_	_	_	_	linguistic	_	ContainsVariation=No	Intonation=WeaklyRising	End=66.17	_	_	_	0-5(3)
18-0	BZ001	18	0	[((ride))]	((ride))	_	_	_	_	_	nonverbalbehavior	_	ContainsVariation=No	_	Begin=65.455|End=66.175	_	_	_	X(3)
19-0	BZ006	19	0	quando	quando	_	_	_	_	_	linguistic	_	ContainsVariation=No	_	Begin=66.515	_	_	_	_
19-1	BZ006	19	1	li	li	_	_	_	_	_	linguistic	_	ContainsVariation=No	_	_	_	_	_	_
19-2	BZ006	19	2	incontro,	incontro	_	_	_	_	_	linguistic	_	ContainsVariation=No	Intonation=WeaklyRising	_	_	_	_	_
19-3	BZ006	19	3	li	li	_	_	_	_	_	linguistic	_	ContainsVariation=No	_	_	_	_	_	_
19-4	BZ006	19	4	vado	vado	_	_	_	_	_	linguistic	_	ContainsVariation=No	_	_	_	_	_	_
19-5	BZ006	19	5	a	a	_	_	_	_	_	linguistic	_	ContainsVariation=No	_	_	_	_	_	_
19-6	BZ006	19	6	trovare,	trovare	_	_	_	_	_	linguistic	_	ContainsVariation=No	Intonation=WeaklyRising	_	_	_	_	_
19-7	BZ006	19	7	a	a	_	_	_	_	_	linguistic	_	ContainsVariation=No	_	_	_	_	_	_
19-8	BZ006	19	8	capirli.	capirli	_	_	_	_	_	linguistic	_	ContainsVariation=No	Intonation=Falling	_	_	_	_	_
19-9	BZ006	19	9	soprattutto	soprattutto	_	_	_	_	_	linguistic	_	ContainsVariation=No	_	_	_	_	_	_
19-10	BZ006	19	10	quando	quando	_	_	_	_	_	linguistic	_	ContainsVariation=No	_	_	_	_	_	_
19-11	BZ006	19	11	parlano	parlano	_	_	_	_	_	linguistic	_	ContainsVariation=No	_	_	_	_	_	_
19-12	BZ006	19	12	dialetto	dialetto	_	_	_	_	_	linguistic	_	ContainsVariation=No	_	_	_	_	_	_
19-13	BZ006	19	13	stretto.	stretto	_	_	_	_	_	linguistic	_	ContainsVariation=No	Intonation=Falling	End=70.955	_	_	_	_
20-0	BZ006	20	0	quindi	quindi	_	_	_	_	_	linguistic	_	ContainsVariation=No	_	Begin=71.67	_	_	_	_
20-1	BZ006	20	1	devo	devo	_	_	_	_	_	linguistic	_	ContainsVariation=No	_	_	_	_	_	_
20-2	BZ006	20	2	dire	dire	_	_	_	_	_	linguistic	_	ContainsVariation=No	_	_	_	_	_	_
20-3	BZ006	20	3	che:	che	_	_	_	_	_	linguistic	_	ContainsVariation=No	_	_	2x1	_	_	_
20-4	BZ006	20	4	il	il	_	_	_	_	_	linguistic	_	ContainsVariation=No	_	_	_	_	_	_
20-5	BZ006	20	5	fatto	fatto	_	_	_	_	_	linguistic	_	ContainsVariation=No	_	_	_	_	_	_
20-6	BZ006	20	6	di	di	_	_	_	_	_	linguistic	_	ContainsVariation=No	_	_	_	_	_	_
20-7	BZ006	20	7	esser	esser	_	_	_	_	_	linguistic	_	ContainsVariation=No	_	_	_	_	_	_
20-8	BZ006	20	8	nato	nato	_	_	_	_	_	linguistic	_	ContainsVariation=No	_	_	_	_	_	_
20-9	BZ006	20	9	in	in	_	_	_	_	_	linguistic	_	ContainsVariation=No	_	_	_	_	_	_
20-10	BZ006	20	10	una	una	_	_	_	_	_	linguistic	_	ContainsVariation=No	_	_	_	_	_	_
20-11	BZ006	20	11	zona	zona	_	_	_	_	_	linguistic	_	ContainsVariation=No	_	_	_	_	_	_
20-12	BZ006	20	12	di	di	_	_	_	_	_	linguistic	_	ContainsVariation=No	_	_	_	_	_	_
20-13	BZ006	20	13	confine,	confine	_	_	_	_	_	linguistic	_	ContainsVariation=No	Intonation=WeaklyRising	End=75.36	_	_	_	_
21-0	BZ006	21	0	in	in	_	_	_	_	_	linguistic	_	ContainsVariation=No	_	Begin=75.63	_	_	_	_
21-1	BZ006	21	1	cui	cui	_	_	_	_	_	linguistic	_	ContainsVariation=No	_	_	_	_	_	_
21-2	BZ006	21	2	tra	tra	_	_	_	_	_	linguistic	_	ContainsVariation=No	_	_	_	_	_	_
21-3	BZ006	21	3	l'	l'	_	_	_	_	_	linguistic	_	ContainsVariation=No	SpaceAfter=No	_	_	_	_	_
21-4	BZ006	21	4	altro	altro	_	_	_	_	_	linguistic	_	ContainsVariation=No	_	_	_	_	_	_
21-5	BZ006	21	5	convivono	convivono	_	_	_	_	_	linguistic	_	ContainsVariation=No	_	_	_	_	_	_
21-6	BZ006	21	6	due	due	_	_	_	_	_	linguistic	_	ContainsVariation=No	_	_	_	_	_	_
21-7	BZ006	21	7	lingue,	lingue	_	_	_	_	_	linguistic	_	ContainsVariation=No	Intonation=WeaklyRising	End=77.74	_	_	_	_
22-0	BZ006	22	0	e	e	_	_	_	_	_	linguistic	_	ContainsVariation=No	_	Begin=78.29	_	_	_	_
22-1	BZ006	22	1	il	il	_	_	_	_	_	linguistic	_	ContainsVariation=No	_	_	_	_	_	_
22-2	BZ006	22	2	fatto	fatto	_	_	_	_	_	linguistic	_	ContainsVariation=No	_	_	_	_	_	_
22-3	BZ006	22	3	di	di	_	_	_	_	_	linguistic	_	ContainsVariation=No	_	_	_	_	_	_
22-4	BZ006	22	4	sentire	sentire	_	_	_	_	_	linguistic	_	ContainsVariation=No	_	_	_	_	_	_
22-5	BZ006	22	5	alle	alle	_	_	_	_	_	linguistic	_	ContainsVariation=No	_	_	_	_	_	_
22-6	BZ006	22	6	mie	mie	_	_	_	_	_	linguistic	_	ContainsVariation=No	_	_	_	_	_	_
22-7	BZ006	22	7	spalle	spalle	_	_	_	_	_	linguistic	_	ContainsVariation=No	_	_	_	_	_	_
22-8	BZ006	22	8	una:	una	_	_	_	_	_	linguistic	_	ContainsVariation=No	_	_	2x1	_	_	_
22-9	BZ006	22	9	famiglia	famiglia	_	_	_	_	_	linguistic	_	ContainsVariation=No	_	_	_	_	_	_
22-10	BZ006	22	10	anche	anche	_	_	_	_	_	linguistic	_	ContainsVariation=No	_	_	_	_	_	_
22-11	BZ006	22	11	linguistica	linguistica	_	_	_	_	_	linguistic	_	ContainsVariation=No	_	_	_	_	_	_
22-12	BZ006	22	12	forte,	forte	_	_	_	_	_	linguistic	_	ContainsVariation=No	Intonation=WeaklyRising	_	_	_	_	_
22-13	BZ006	22	13	non	non	_	_	_	_	_	linguistic	_	ContainsVariation=No	_	_	_	_	_	_
22-14	BZ006	22	14	nel	nel	_	_	_	_	_	linguistic	_	ContainsVariation=No	_	_	_	_	_	_
22-15	BZ006	22	15	senso	senso	_	_	_	_	_	linguistic	_	ContainsVariation=No	_	_	_	_	_	_
22-16	BZ006	22	16	di,	di	_	_	_	_	_	linguistic	_	ContainsVariation=No	Intonation=WeaklyRising|PauseAfter=Yes	_	_	_	_	_
22-17	BZ006	22	17	(.)	(.)	_	_	_	_	_	shortpause	_	ContainsVariation=No	_	_	_	_	_	_
22-18	BZ006	22	18	tante	tante	_	_	_	_	_	linguistic	_	ContainsVariation=No	_	_	_	_	_	_
22-19	BZ006	22	19	lingue	lingue	_	_	_	_	_	linguistic	_	ContainsVariation=No	_	_	_	_	_	_
22-20	BZ006	22	20	conosciute	conosciute	_	_	_	_	_	linguistic	_	ContainsVariation=No	_	_	_	_	_	_
22-21	BZ006	22	21	ma	ma	_	_	_	_	_	linguistic	_	ContainsVariation=No	_	_	_	_	_	_
22-22	BZ006	22	22	nel	nel	_	_	_	_	_	linguistic	_	ContainsVariation=No	_	_	_	_	_	_
22-23	BZ006	22	23	senso	senso	_	_	_	_	_	linguistic	_	ContainsVariation=No	_	_	_	_	_	_
22-24	BZ006	22	24	di,	di	_	_	_	_	_	linguistic	_	ContainsVariation=No	Intonation=WeaklyRising|PauseAfter=Yes	_	_	_	_	_
22-25	BZ006	22	25	(.)	(.)	_	_	_	_	_	shortpause	_	ContainsVariation=No	_	_	_	_	_	_
22-26	BZ006	22	26	tanti	tanti	_	_	_	_	_	linguistic	_	ContainsVariation=No	_	_	_	_	_	_
22-27	BZ006	22	27	modi	modi	_	_	_	_	_	linguistic	_	ContainsVariation=No	_	_	_	_	_	_
22-28	BZ006	22	28	di	di	_	_	_	_	_	linguistic	_	ContainsVariation=No	_	_	_	_	_	_
22-29	BZ006	22	29	usare,	usare	_	_	_	_	_	linguistic	_	ContainsVariation=No	Intonation=WeaklyRising	End=90.285	_	_	_	_
23-0	BZ006	23	0	la	la	_	_	_	_	_	linguistic	_	ContainsVariation=No	_	Begin=90.87	_	_	_	_
23-1	BZ006	23	1	propria	propria	_	_	_	_	_	linguistic	_	ContainsVariation=No	_	_	_	_	_	_
23-2	BZ006	23	2	>il	il	_	_	_	_	_	linguistic	_	ContainsVariation=No	_	_	_	Fast=0-2(0)	_	_
23-3	BZ006	23	3	proprio<	proprio	_	_	_	_	_	linguistic	_	ContainsVariation=No	_	_	_	Fast=0-7(0)	_	_
23-4	BZ006	23	4	linguaggio	linguaggio	_	_	_	_	_	linguistic	_	ContainsVariation=No	_	_	_	_	_	_
23-5	BZ006	23	5	[quindi]	quindi	_	_	_	_	_	linguistic	_	ContainsVariation=No	_	_	_	_	_	0-6(5)
23-6	BZ006	23	6	ma-	ma-	_	_	_	_	_	linguistic	_	ContainsVariation=No	Interrupted=Yes	_	_	_	_	_
23-7	BZ006	23	7	l'	l'	_	_	_	_	_	linguistic	_	ContainsVariation=No	SpaceAfter=No	_	_	_	_	_
23-8	BZ006	23	8	italiano	italiano	_	_	_	_	_	linguistic	_	ContainsVariation=No	_	_	_	_	_	_
23-9	BZ006	23	9	è	è	_	_	_	_	_	linguistic	_	ContainsVariation=No	_	_	_	_	_	_
23-10	BZ006	23	10	quello	quello	_	_	_	_	_	linguistic	_	ContainsVariation=No	_	_	_	_	_	_
23-11	BZ006	23	11	però	però	_	_	_	_	_	linguistic	_	ContainsVariation=No	_	_	_	_	_	_
23-12	BZ006	23	12	le	le	_	_	_	_	_	linguistic	_	ContainsVariation=No	_	_	_	_	_	_
23-13	BZ006	23	13	forme	forme	_	_	_	_	_	linguistic	_	ContainsVariation=No	_	_	_	_	_	_
23-14	BZ006	23	14	poi	poi	_	_	_	_	_	linguistic	_	ContainsVariation=No	_	_	_	_	_	_
23-15	BZ006	23	15	linguistiche	linguistiche	_	_	_	_	_	linguistic	_	ContainsVariation=No	_	_	_	_	_	_
23-16	BZ006	23	16	che	che	_	_	_	_	_	linguistic	_	ContainsVariation=No	_	_	_	_	_	_
23-17	BZ006	23	17	prende	prende	_	_	_	_	_	linguistic	_	ContainsVariation=No	_	_	_	_	_	_
23-18	BZ006	23	18	quindi	quindi	_	_	_	_	_	linguistic	_	ContainsVariation=No	_	_	_	_	_	_
23-19	BZ006	23	19	i	i	_	_	_	_	_	linguistic	_	ContainsVariation=No	_	_	_	_	_	_
23-20	BZ006	23	20	dialetti	dialetti	_	_	_	_	_	linguistic	_	ContainsVariation=No	_	_	_	_	_	_
23-21	BZ006	23	21	sono	sono	_	_	_	_	_	linguistic	_	ContainsVariation=No	_	_	_	_	_	_
23-22	BZ006	23	22	diversi	diversi	_	_	_	_	_	linguistic	_	ContainsVariation=No	_	_	_	_	_	_
23-23	BZ006	23	23	e,	e	_	_	_	_	_	linguistic	_	ContainsVariation=No	Intonation=WeaklyRising	End=97.59	_	_	_	_
24-0	BZ001	24	0	[mh	mh	_	_	_	_	_	linguistic	_	ContainsVariation=No	ProsodicLink=Yes	Begin=92.165	_	_	_	0-2(5)
24-1	BZ001	24	1	mh],	mh	_	_	_	_	_	linguistic	_	ContainsVariation=No	Intonation=WeaklyRising	End=92.565	_	_	_	0-2(5)
25-0	BZ001	25	0	certo.	certo	_	_	_	_	_	linguistic	_	ContainsVariation=No	Intonation=Falling	Begin=97.945|End=98.28999999999999	_	_	_	_
26-0	BZ006	26	0	come	come	_	_	_	_	_	linguistic	_	ContainsVariation=No	_	Begin=98.28999999999999	_	_	_	_
26-1	BZ006	26	1	parla:	parla	_	_	_	_	_	linguistic	_	ContainsVariation=No	_	_	4x1	_	_	_
26-2	BZ006	26	2	il	il	_	_	_	_	_	linguistic	_	ContainsVariation=No	_	_	_	_	_	_
26-3	BZ006	26	3	mio	mio	_	_	_	_	_	linguistic	_	ContainsVariation=No	_	_	_	_	_	_
26-4	BZ006	26	4	zio	zio	_	_	_	_	_	linguistic	_	ContainsVariation=No	_	_	_	_	_	_
26-5	BZ006	26	5	dalla	dalla	_	_	_	_	_	linguistic	_	ContainsVariation=No	_	_	_	_	_	_
26-6	BZ006	26	6	calabria	calabria	_	_	_	_	_	linguistic	_	ContainsVariation=No	_	_	_	_	_	_
26-7	BZ006	26	7	sicuramente	sicuramente	_	_	_	_	_	linguistic	_	ContainsVariation=No	_	_	_	_	_	_
26-8	BZ006	26	8	non	non	_	_	_	_	_	linguistic	_	ContainsVariation=No	_	_	_	_	_	_
26-9	BZ006	26	9	parla	parla	_	_	_	_	_	linguistic	_	ContainsVariation=No	_	_	_	_	_	_
26-10	BZ006	26	10	mia	mia	_	_	_	_	_	linguistic	_	ContainsVariation=No	_	_	_	_	_	_
26-11	BZ006	26	11	nonna	nonna	_	_	_	_	_	linguistic	_	ContainsVariation=No	_	_	_	_	_	_
26-12	BZ006	26	12	dal	dal	_	_	_	_	_	linguistic	_	ContainsVariation=No	_	_	_	_	_	_
26-13	BZ006	26	13	veneto.	veneto	_	_	_	_	_	linguistic	_	ContainsVariation=No	Intonation=Falling	End=103.145	_	_	_	_
27-0	BZ006	27	0	eh:m,	ehm	_	_	_	_	_	linguistic	_	ContainsVariation=No	Intonation=WeaklyRising	Begin=104.12|End=104.93	1x1	_	_	_
28-0	BZ006	28	0	mi	mi	_	_	_	_	_	linguistic	_	ContainsVariation=No	_	Begin=105.55	_	_	_	_
28-1	BZ006	28	1	hanno	hanno	_	_	_	_	_	linguistic	_	ContainsVariation=No	_	_	_	_	_	_
28-2	BZ006	28	2	sempre	sempre	_	_	_	_	_	linguistic	_	ContainsVariation=No	_	_	_	_	_	_
28-3	BZ006	28	3	dato	dato	_	_	_	_	_	linguistic	_	ContainsVariation=No	_	_	_	_	_	_
28-4	BZ006	28	4	un:	un	_	_	_	_	_	linguistic	_	ContainsVariation=No	_	_	1x1	_	_	_
28-5	BZ006	28	5	una	una	_	_	_	_	_	linguistic	_	ContainsVariation=No	_	_	_	_	_	_
28-6	BZ006	28	6	minima	minima	_	_	_	_	_	linguistic	_	ContainsVariation=No	_	_	_	_	_	_
28-7	BZ006	28	7	sensibilità	sensibilità	_	_	_	_	_	linguistic	_	ContainsVariation=No	_	_	_	_	_	_
28-8	BZ006	28	8	da	da	_	_	_	_	_	linguistic	_	ContainsVariation=No	_	_	_	_	_	_
28-9	BZ006	28	9	questo	questo	_	_	_	_	_	linguistic	_	ContainsVariation=No	_	_	_	_	_	_
28-10	BZ006	28	10	punto	punto	_	_	_	_	_	linguistic	_	ContainsVariation=No	_	_	_	_	_	_
28-11	BZ006	28	11	di	di	_	_	_	_	_	linguistic	_	ContainsVariation=No	_	_	_	_	_	_
28-12	BZ006	28	12	vista.	vista	_	_	_	_	_	linguistic	_	ContainsVariation=No	Intonation=Falling|PauseAfter=Yes	_	_	_	_	_
28-13	BZ006	28	13	(.)	(.)	_	_	_	_	_	shortpause	_	ContainsVariation=No	_	_	_	_	_	_
28-14	BZ006	28	14	sensibilità	sensibilità	_	_	_	_	_	linguistic	_	ContainsVariation=No	_	_	_	_	_	_
28-15	BZ006	28	15	che	che	_	_	_	_	_	linguistic	_	ContainsVariation=No	_	_	_	_	_	_
28-16	BZ006	28	16	poi	poi	_	_	_	_	_	linguistic	_	ContainsVariation=No	_	_	_	_	_	_
28-17	BZ006	28	17	è	è	_	_	_	_	_	linguistic	_	ContainsVariation=No	_	_	_	_	_	_
28-18	BZ006	28	18	venuta	venuta	_	_	_	_	_	linguistic	_	ContainsVariation=No	_	_	_	_	_	_
28-19	BZ006	28	19	fuori	fuori	_	_	_	_	_	linguistic	_	ContainsVariation=No	_	_	_	_	_	_
28-20	BZ006	28	20	di	di	_	_	_	_	_	linguistic	_	ContainsVariation=No	_	_	_	_	_	_
28-21	BZ006	28	21	più	più	_	_	_	_	_	linguistic	_	ContainsVariation=No	_	_	_	_	_	_
28-22	BZ006	28	22	dopo,	dopo	_	_	_	_	_	linguistic	_	ContainsVariation=No	Intonation=WeaklyRising	End=113.0	_	_	_	_
29-0	BZ006	29	0	quando	quando	_	_	_	_	_	linguistic	_	ContainsVariation=No	_	Begin=113.495	_	_	_	_
29-1	BZ006	29	1	ho:,	ho	_	_	_	_	_	linguistic	_	ContainsVariation=No	Intonation=WeaklyRising	End=114.715	1x1	_	_	_
30-0	BZ006	30	0	autonomamente,	autonomamente	_	_	_	_	_	linguistic	_	ContainsVariation=No	Intonation=WeaklyRising	Begin=115.06	_	_	_	_
30-1	BZ006	30	1	abbastanza	abbastanza	_	_	_	_	_	linguistic	_	ContainsVariation=No	_	_	_	_	_	_
30-2	BZ006	30	2	autonomamente	autonomamente	_	_	_	_	_	linguistic	_	ContainsVariation=No	_	_	_	_	_	_
30-3	BZ006	30	3	scelto	scelto	_	_	_	_	_	linguistic	_	ContainsVariation=No	_	_	_	_	_	_
30-4	BZ006	30	4	di	di	_	_	_	_	_	linguistic	_	ContainsVariation=No	_	_	_	_	_	_
30-5	BZ006	30	5	fare:	fare	_	_	_	_	_	linguistic	_	ContainsVariation=No	_	_	3x1	_	_	_
30-6	BZ006	30	6	il	il	_	_	_	_	_	linguistic	_	ContainsVariation=No	_	_	_	_	_	_
30-7	BZ006	30	7	liceo	liceo	_	_	_	_	_	linguistic	_	ContainsVariation=No	_	_	_	_	_	_
30-8	BZ006	30	8	linguistico	linguistico	_	_	_	_	_	linguistic	_	ContainsVariation=No	_	_	_	_	_	_
30-9	BZ006	30	9	[quindi	quindi	_	_	_	_	_	linguistic	_	ContainsVariation=No	_	_	_	_	_	0-6(7)
30-10	BZ006	30	10	di	di	_	_	_	_	_	linguistic	_	ContainsVariation=No	_	_	_	_	_	0-2(7)
30-11	BZ006	30	11	foca]lizzarmi	focalizzarmi	_	_	_	_	_	linguistic	_	ContainsVariation=No	_	_	_	_	_	0-4(7)
30-12	BZ006	30	12	sulle	sulle	_	_	_	_	_	linguistic	_	ContainsVariation=No	_	_	_	_	_	_
30-13	BZ006	30	13	lingue,	lingue	_	_	_	_	_	linguistic	_	ContainsVariation=No	Intonation=WeaklyRising	End=121.79	_	_	_	_
31-0	BZ001	31	0	[mh	mh	_	_	_	_	_	linguistic	_	ContainsVariation=No	ProsodicLink=Yes	Begin=119.96	_	_	_	0-2(7)
31-1	BZ001	31	1	mh].	mh	_	_	_	_	_	linguistic	_	ContainsVariation=No	Intonation=Falling	End=120.42	_	_	_	0-2(7)
32-0	BZ006	32	0	eh	eh	_	_	_	_	_	linguistic	_	ContainsVariation=No	_	Begin=122.74	_	_	_	_
32-1	BZ006	32	1	l'	l'	_	_	_	_	_	linguistic	_	ContainsVariation=No	SpaceAfter=No	_	_	_	_	_
32-2	BZ006	32	2	avevo	avevo	_	_	_	_	_	linguistic	_	ContainsVariation=No	_	_	_	_	_	_
32-3	BZ006	32	3	scelto	scelto	_	_	_	_	_	linguistic	_	ContainsVariation=No	_	_	_	_	_	_
32-4	BZ006	32	4	perché:,	perché	_	_	_	_	_	linguistic	_	ContainsVariation=No	Intonation=WeaklyRising	End=124.99	5x1	_	_	_
33-0	BZ006	33	0	tra	tra	_	_	_	_	_	linguistic	_	ContainsVariation=No	_	Begin=126.05	_	_	_	_
33-1	BZ006	33	1	i	i	_	_	_	_	_	linguistic	_	ContainsVariation=No	_	_	_	_	_	_
33-2	BZ006	33	2	licei	licei	_	_	_	_	_	linguistic	_	ContainsVariation=No	_	_	_	_	_	_
33-3	BZ006	33	3	mi	mi	_	_	_	_	_	linguistic	_	ContainsVariation=No	_	_	_	_	_	_
33-4	BZ006	33	4	sembrava	sembrava	_	_	_	_	_	linguistic	_	ContainsVariation=No	_	_	_	_	_	_
33-5	BZ006	33	5	il	il	_	_	_	_	_	linguistic	_	ContainsVariation=No	_	_	_	_	_	_
33-6	BZ006	33	6	più	più	_	_	_	_	_	linguistic	_	ContainsVariation=No	_	_	_	_	_	_
33-7	BZ006	33	7	interessante,	interessante	_	_	_	_	_	linguistic	_	ContainsVariation=No	Intonation=WeaklyRising	End=127.91	_	_	_	_
34-0	BZ006	34	0	e	e	_	_	_	_	_	linguistic	_	ContainsVariation=No	_	Begin=128.415	_	_	_	_
34-1	BZ006	34	1	poi:	poi	_	_	_	_	_	linguistic	_	ContainsVariation=No	_	_	2x1	_	_	_
34-2	BZ006	34	2	mi	mi	_	_	_	_	_	linguistic	_	ContainsVariation=No	_	_	_	_	_	_
34-3	BZ006	34	3	piaceva	piaceva	_	_	_	_	_	linguistic	_	ContainsVariation=No	_	_	_	_	_	_
34-4	BZ006	34	4	l'	l'	_	_	_	_	_	linguistic	_	ContainsVariation=No	SpaceAfter=No	_	_	_	_	_
34-5	BZ006	34	5	idea	idea	_	_	_	_	_	linguistic	_	ContainsVariation=No	_	_	_	_	_	_
34-6	BZ006	34	6	di,	di	_	_	_	_	_	linguistic	_	ContainsVariation=No	Intonation=WeaklyRising	End=130.935	_	_	_	_
35-0	BZ006	35	0	proseguire	proseguire	_	_	_	_	_	linguistic	_	ContainsVariation=No	_	Begin=131.45	_	_	_	_
35-1	BZ006	35	1	il	il	_	_	_	_	_	linguistic	_	ContainsVariation=No	_	_	_	_	_	_
35-2	BZ006	35	2	mio::	mio	_	_	_	_	_	linguistic	_	ContainsVariation=No	_	_	2x2	_	_	_
35-3	BZ006	35	3	mh:,	mh	_	_	_	_	_	linguistic	_	ContainsVariation=No	Intonation=WeaklyRising	End=134.09	1x1	_	_	_
36-0	BZ006	36	0	i	i	_	_	_	_	_	linguistic	_	ContainsVariation=No	_	Begin=134.595	_	_	_	_
36-1	BZ006	36	1	miei	miei	_	_	_	_	_	linguistic	_	ContainsVariation=No	_	_	_	_	_	_
36-2	BZ006	36	2	studi	studi	_	_	_	_	_	linguistic	_	ContainsVariation=No	_	_	_	_	_	_
36-3	BZ006	36	3	sulle	sulle	_	_	_	_	_	linguistic	_	ContainsVariation=No	_	_	_	_	_	_
36-4	BZ006	36	4	lin[gue.	lingue	_	_	_	_	_	linguistic	_	ContainsVariation=No	Intonation=Falling	_	_	_	_	3-6(9)
36-5	BZ006	36	5	mi	mi	_	_	_	_	_	linguistic	_	ContainsVariation=No	ProsodicLink=Yes	_	_	_	_	0-2(9)
36-6	BZ006	36	6	]		_	_	_	_	_	error	_	ContainsVariation=No	_	_	_	_	_	_
36-7	BZ006	36	7	mi	mi	_	_	_	_	_	linguistic	_	ContainsVariation=No	_	_	_	_	_	_
36-8	BZ006	36	8	piaceva,	piaceva	_	_	_	_	_	linguistic	_	ContainsVariation=No	Intonation=WeaklyRising	End=136.93	_	_	_	_
37-0	BZ001	37	0	[mh	mh	_	_	_	_	_	linguistic	_	ContainsVariation=No	ProsodicLink=Yes	Begin=135.625	_	_	_	0-2(9)
37-1	BZ001	37	1	mh],	mh	_	_	_	_	_	linguistic	_	ContainsVariation=No	Intonation=WeaklyRising	End=136.045	_	_	_	0-2(9)
38-0	BZ006	38	0	eh::	eh	_	_	_	_	_	linguistic	_	ContainsVariation=No	_	Begin=137.317	1x2	_	_	_
38-1	BZ006	38	1	io	io	_	_	_	_	_	linguistic	_	ContainsVariation=No	_	_	_	_	_	_
38-2	BZ006	38	2	studiavo	studiavo	_	_	_	_	_	linguistic	_	ContainsVariation=No	_	_	_	_	_	_
38-3	BZ006	38	3	allora,	allora	_	_	_	_	_	linguistic	_	ContainsVariation=No	Intonation=WeaklyRising	_	_	_	_	_
38-4	BZ006	38	4	ho	ho	_	_	_	_	_	linguistic	_	ContainsVariation=No	_	_	_	_	_	_
38-5	BZ006	38	5	fatto	fatto	_	_	_	_	_	linguistic	_	ContainsVariation=No	_	_	_	_	_	_
38-6	BZ006	38	6	>insomma	insomma	_	_	_	_	_	linguistic	_	ContainsVariation=No	PauseAfter=Yes	_	_	Fast=0-7(0)	_	_
38-7	BZ006	38	7	(.)	(.)	_	_	_	_	_	shortpause	_	ContainsVariation=No	_	_	_	_	_	_
38-8	BZ006	38	8	<		_	_	_	_	_	error	_	ContainsVariation=No	_	_	_	_	_	_
38-9	BZ006	38	9	dalle	dalle	_	_	_	_	_	linguistic	_	ContainsVariation=No	_	_	_	_	_	_
38-10	BZ006	38	10	elementari	elementari	_	_	_	_	_	linguistic	_	ContainsVariation=No	_	_	_	_	_	_
38-11	BZ006	38	11	il	il	_	_	_	_	_	linguistic	_	ContainsVariation=No	_	_	_	_	_	_
38-12	BZ006	38	12	tedesco	tedesco	_	_	_	_	_	linguistic	_	ContainsVariation=No	_	_	_	_	_	_
38-13	BZ006	38	13	ovviamente,	ovviamente	_	_	_	_	_	linguistic	_	ContainsVariation=No	Intonation=WeaklyRising	_	_	_	_	_
38-14	BZ006	38	14	anzi	anzi	_	_	_	_	_	linguistic	_	ContainsVariation=No	_	_	_	_	_	_
38-15	BZ006	38	15	dall'	dall'	_	_	_	_	_	linguistic	_	ContainsVariation=No	SpaceAfter=No	_	_	_	_	_
38-16	BZ006	38	16	asilo,	asilo	_	_	_	_	_	linguistic	_	ContainsVariation=No	Intonation=WeaklyRising	_	_	_	_	_
38-17	BZ006	38	17	eh:	eh	_	_	_	_	_	linguistic	_	ContainsVariation=No	_	_	1x1	_	_	_
38-18	BZ006	38	18	l'	l'	_	_	_	_	_	linguistic	_	ContainsVariation=No	SpaceAfter=No	_	_	_	_	_
38-19	BZ006	38	19	inglese	inglese	_	_	_	_	_	linguistic	_	ContainsVariation=No	_	_	_	_	_	_
38-20	BZ006	38	20	allora,	allora	_	_	_	_	_	linguistic	_	ContainsVariation=No	Intonation=WeaklyRising|PauseAfter=Yes	_	_	_	_	_
38-21	BZ006	38	21	(.)	(.)	_	_	_	_	_	shortpause	_	ContainsVariation=No	_	_	_	_	_	_
38-22	BZ006	38	22	iniziava,	iniziava	_	_	_	_	_	linguistic	_	ContainsVariation=No	Intonation=WeaklyRising	End=145.427	_	_	_	_
39-0	BZ006	39	0	in,	in	_	_	_	_	_	linguistic	_	ContainsVariation=No	Intonation=WeaklyRising|PauseAfter=Yes	Begin=145.792	_	_	_	_
39-1	BZ006	39	1	(.)	(.)	_	_	_	_	_	shortpause	_	ContainsVariation=No	_	_	_	_	_	_
39-2	BZ006	39	2	quarta	quarta	_	_	_	_	_	linguistic	_	ContainsVariation=No	_	_	_	_	_	_
39-3	BZ006	39	3	elementare	elementare	_	_	_	_	_	linguistic	_	ContainsVariation=No	_	_	_	_	_	_
39-4	BZ006	39	4	[se	se	_	_	_	_	_	linguistic	_	ContainsVariation=No	_	_	_	_	_	0-2(11)
39-5	BZ006	39	5	non	non	_	_	_	_	_	linguistic	_	ContainsVariation=No	_	_	_	_	_	0-3(11)
39-6	BZ006	39	6	sbaglio]	sbaglio	_	_	_	_	_	linguistic	_	ContainsVariation=No	_	End=147.99	_	_	_	0-7(11)
40-0	BZ001	40	0	[okay],	okay	_	_	_	_	_	linguistic	_	ContainsVariation=No	Intonation=WeaklyRising	Begin=147.477|End=148.007	_	_	_	0-4(11)
41-0	BZ006	41	0	quindi	quindi	_	_	_	_	_	linguistic	_	ContainsVariation=No	_	Begin=148.037	_	_	_	_
41-1	BZ006	41	1	un	un	_	_	_	_	_	linguistic	_	ContainsVariation=No	_	_	_	_	_	_
41-2	BZ006	41	2	po'	po'	_	_	_	_	_	linguistic	_	ContainsVariation=No	_	_	_	_	_	_
41-3	BZ006	41	3	[dopo	dopo	_	_	_	_	_	linguistic	_	ContainsVariation=No	_	_	_	_	_	0-4(12)
41-4	BZ006	41	4	infatti	infatti	_	_	_	_	_	linguistic	_	ContainsVariation=No	_	_	_	_	_	0-7(12)
41-5	BZ006	41	5	l'	l'	_	_	_	_	_	linguistic	_	ContainsVariation=No	SpaceAfter=No	_	_	_	_	0-2(12)
41-6	BZ006	41	6	inglese]	inglese	_	_	_	_	_	linguistic	_	ContainsVariation=No	_	_	_	_	_	0-7(12)
41-7	BZ006	41	7	mi	mi	_	_	_	_	_	linguistic	_	ContainsVariation=No	_	_	_	_	_	_
41-8	BZ006	41	8	è	è	_	_	_	_	_	linguistic	_	ContainsVariation=No	_	_	_	_	_	_
41-9	BZ006	41	9	rimasto	rimasto	_	_	_	_	_	linguistic	_	ContainsVariation=No	_	_	_	_	_	_
41-10	BZ006	41	10	sempre	sempre	_	_	_	_	_	linguistic	_	ContainsVariation=No	_	_	_	_	_	_
41-11	BZ006	41	11	un	un	_	_	_	_	_	linguistic	_	ContainsVariation=No	_	_	_	_	_	_
41-12	BZ006	41	12	po'	po'	_	_	_	_	_	linguistic	_	ContainsVariation=No	_	_	_	_	_	_
41-13	BZ006	41	13	più	più	_	_	_	_	_	linguistic	_	ContainsVariation=No	_	_	_	_	_	_
41-14	BZ006	41	14	indietro,	indietro	_	_	_	_	_	linguistic	_	ContainsVariation=No	Intonation=WeaklyRising	End=151.537	_	_	_	_
42-0	BZ001	42	0	[sì	sì	_	_	_	_	_	linguistic	_	ContainsVariation=No	_	Begin=148.512	_	_	_	0-2(12)
42-1	BZ001	42	1	anch'	anch'	_	_	_	_	_	linguistic	_	ContainsVariation=No	SpaceAfter=No	_	_	_	_	0-5(12)
42-2	BZ001	42	2	io	io	_	_	_	_	_	linguistic	_	ContainsVariation=No	_	_	_	_	_	0-2(12)
42-3	BZ001	42	3	xx]	xx	_	_	_	_	_	unknown	_	ContainsVariation=No	Syllables=2	End=149.472	_	_	_	0-2(12)
43-0	BZ006	43	0	eh:::m	ehm	_	_	_	_	_	linguistic	_	ContainsVariation=No	PauseAfter=Yes	Begin=152.122	1x3	_	_	_
43-1	BZ006	43	1	(.)	(.)	_	_	_	_	_	shortpause	_	ContainsVariation=No	_	_	_	_	_	_
43-2	BZ006	43	2	e	e	_	_	_	_	_	linguistic	_	ContainsVariation=No	_	_	_	_	_	_
43-3	BZ006	43	3	sono	sono	_	_	_	_	_	linguistic	_	ContainsVariation=No	_	_	_	_	_	_
43-4	BZ006	43	4	arrivato	arrivato	_	_	_	_	_	linguistic	_	ContainsVariation=No	_	_	_	_	_	_
43-5	BZ006	43	5	in	in	_	_	_	_	_	linguistic	_	ContainsVariation=No	_	_	_	_	_	_
43-6	BZ006	43	6	terza	terza	_	_	_	_	_	linguistic	_	ContainsVariation=No	_	_	_	_	_	_
43-7	BZ006	43	7	media	media	_	_	_	_	_	linguistic	_	ContainsVariation=No	_	_	_	_	_	_
43-8	BZ006	43	8	che	che	_	_	_	_	_	linguistic	_	ContainsVariation=No	_	_	_	_	_	_
43-9	BZ006	43	9	ho	ho	_	_	_	_	_	linguistic	_	ContainsVariation=No	_	_	_	_	_	_
43-10	BZ006	43	10	deciso	deciso	_	_	_	_	_	linguistic	_	ContainsVariation=No	_	_	_	_	_	_
43-11	BZ006	43	11	di	di	_	_	_	_	_	linguistic	_	ContainsVariation=No	_	_	_	_	_	_
43-12	BZ006	43	12	mh,	mh	_	_	_	_	_	linguistic	_	ContainsVariation=No	Intonation=WeaklyRising	End=156.222	_	_	_	_
44-0	BZ006	44	0	di	di	_	_	_	_	_	linguistic	_	ContainsVariation=No	ProsodicLink=Yes	Begin=156.867	_	_	_	_
44-1	BZ006	44	1	di	di	_	_	_	_	_	linguistic	_	ContainsVariation=No	_	_	_	_	_	_
44-2	BZ006	44	2	fare	fare	_	_	_	_	_	linguistic	_	ContainsVariation=No	_	_	_	_	_	_
44-3	BZ006	44	3	appunto	appunto	_	_	_	_	_	linguistic	_	ContainsVariation=No	_	_	_	_	_	_
44-4	BZ006	44	4	il	il	_	_	_	_	_	linguistic	_	ContainsVariation=No	_	_	_	_	_	_
44-5	BZ006	44	5	linguistico.	linguistico	_	_	_	_	_	linguistic	_	ContainsVariation=No	Intonation=Falling	End=159.217	_	_	_	_
45-0	BZ006	45	0	e	e	_	_	_	_	_	linguistic	_	ContainsVariation=No	_	Begin=159.727	_	_	_	_
45-1	BZ006	45	1	lì	lì	_	_	_	_	_	linguistic	_	ContainsVariation=No	_	_	_	_	_	_
45-2	BZ006	45	2	ho	ho	_	_	_	_	_	linguistic	_	ContainsVariation=No	_	_	_	_	_	_
45-3	BZ006	45	3	studiato	studiato	_	_	_	_	_	linguistic	_	ContainsVariation=No	_	_	_	_	_	_
45-4	BZ006	45	4	anche	anche	_	_	_	_	_	linguistic	_	ContainsVariation=No	_	_	_	_	_	_
45-5	BZ006	45	5	il,	il	_	_	_	_	_	linguistic	_	ContainsVariation=No	Intonation=WeaklyRising	_	_	_	_	_
45-6	BZ006	45	6	francese.	francese	_	_	_	_	_	linguistic	_	ContainsVariation=No	Intonation=Falling	End=162.537	_	_	_	_
46-0	BZ006	46	0	diciamo	diciamo	_	_	_	_	_	linguistic	_	ContainsVariation=No	_	Begin=162.827	_	_	_	_
46-1	BZ006	46	1	che,	che	_	_	_	_	_	linguistic	_	ContainsVariation=No	Intonation=WeaklyRising	End=163.727	_	_	_	_
47-0	BZ006	47	0	mh,	mh	_	_	_	_	_	linguistic	_	ContainsVariation=No	Intonation=WeaklyRising	Begin=164.872|End=165.322	_	_	_	_
48-0	BZ006	48	0	fino	fino	_	_	_	_	_	linguistic	_	ContainsVariation=No	_	Begin=166.362	_	_	_	_
48-1	BZ006	48	1	ad	ad	_	_	_	_	_	linguistic	_	ContainsVariation=No	_	_	_	_	_	_
48-2	BZ006	48	2	allora	allora	_	_	_	_	_	linguistic	_	ContainsVariation=No	_	_	_	_	_	_
48-3	BZ006	48	3	nessuna	nessuna	_	_	_	_	_	linguistic	_	ContainsVariation=No	_	_	_	_	_	_
48-4	BZ006	48	4	di	di	_	_	_	_	_	linguistic	_	ContainsVariation=No	_	_	_	_	_	_
48-5	BZ006	48	5	queste	queste	_	_	_	_	_	linguistic	_	ContainsVariation=No	_	_	_	_	_	_
48-6	BZ006	48	6	lingue	lingue	_	_	_	_	_	linguistic	_	ContainsVariation=No	_	_	_	_	_	_
48-7	BZ006	48	7	mi	mi	_	_	_	_	_	linguistic	_	ContainsVariation=No	_	_	_	_	_	_
48-8	BZ006	48	8	aveva	aveva	_	_	_	_	_	linguistic	_	ContainsVariation=No	_	_	_	_	_	_
48-9	BZ006	48	9	preso	preso	_	_	_	_	_	linguistic	_	ContainsVariation=No	_	_	_	_	_	_
48-10	BZ006	48	10	come	come	_	_	_	_	_	linguistic	_	ContainsVariation=No	_	_	_	_	_	_
48-11	BZ006	48	11	l'	l'	_	_	_	_	_	linguistic	_	ContainsVariation=No	SpaceAfter=No	_	_	_	_	_
48-12	BZ006	48	12	italiano	italiano	_	_	_	_	_	linguistic	_	ContainsVariation=No	_	_	_	_	_	_
48-13	BZ006	48	13	nel	nel	_	_	_	_	_	linguistic	_	ContainsVariation=No	_	_	_	_	_	_
48-14	BZ006	48	14	senso	senso	_	_	_	_	_	linguistic	_	ContainsVariation=No	_	_	_	_	_	_
48-15	BZ006	48	15	che	che	_	_	_	_	_	linguistic	_	ContainsVariation=No	_	_	_	_	_	_
48-16	BZ006	48	16	io	io	_	_	_	_	_	linguistic	_	ContainsVariation=No	_	_	_	_	_	_
48-17	BZ006	48	17	s-	s-	_	_	_	_	_	linguistic	_	ContainsVariation=No	Interrupted=Yes	_	_	_	_	_
48-18	BZ006	48	18	a	a	_	_	_	_	_	linguistic	_	ContainsVariation=No	_	_	_	_	_	_
48-19	BZ006	48	19	part(e)	parte	_	_	_	_	_	linguistic	_	ContainsVariation=No	_	_	_	_	3-5(0)	_
48-20	BZ006	48	20	che	che	_	_	_	_	_	linguistic	_	ContainsVariation=No	_	_	_	_	_	_
48-21	BZ006	48	21	sono	sono	_	_	_	_	_	linguistic	_	ContainsVariation=No	_	_	_	_	_	_
48-22	BZ006	48	22	sono	sono	_	_	_	_	_	linguistic	_	ContainsVariation=No	_	_	_	_	_	_
48-23	BZ006	48	23	sempre	sempre	_	_	_	_	_	linguistic	_	ContainsVariation=No	_	_	_	_	_	_
48-24	BZ006	48	24	stato	stato	_	_	_	_	_	linguistic	_	ContainsVariation=No	_	_	_	_	_	_
48-25	BZ006	48	25	anche	anche	_	_	_	_	_	linguistic	_	ContainsVariation=No	_	_	_	_	_	_
48-26	BZ006	48	26	innamorato	innamorato	_	_	_	_	_	linguistic	_	ContainsVariation=No	_	_	_	_	_	_
48-27	BZ006	48	27	della	della	_	_	_	_	_	linguistic	_	ContainsVariation=No	_	_	_	_	_	_
48-28	BZ006	48	28	lingua	lingua	_	_	_	_	_	linguistic	_	ContainsVariation=No	_	_	_	_	_	_
48-29	BZ006	48	29	italiana,	italiana	_	_	_	_	_	linguistic	_	ContainsVariation=No	Intonation=WeaklyRising	End=173.858	_	_	_	_
49-0	BZ001	49	0	mh	mh	_	_	_	_	_	linguistic	_	ContainsVariation=No	ProsodicLink=Yes	Begin=173.858	_	_	_	_
49-1	BZ001	49	1	mh,	mh	_	_	_	_	_	linguistic	_	ContainsVariation=No	Intonation=WeaklyRising	End=174.176	_	_	_	_
50-0	BZ006	50	0	eh	eh	_	_	_	_	_	linguistic	_	ContainsVariation=No	_	Begin=174.331	_	_	_	_
50-1	BZ006	50	1	per	per	_	_	_	_	_	linguistic	_	ContainsVariation=No	_	_	_	_	_	_
50-2	BZ006	50	2	cui	cui	_	_	_	_	_	linguistic	_	ContainsVariation=No	_	_	_	_	_	_
50-3	BZ006	50	3	mi	mi	_	_	_	_	_	linguistic	_	ContainsVariation=No	_	_	_	_	_	_
50-4	BZ006	50	4	piace	piace	_	_	_	_	_	linguistic	_	ContainsVariation=No	_	_	_	_	_	_
50-5	BZ006	50	5	scrivere,	scrivere	_	_	_	_	_	linguistic	_	ContainsVariation=No	Intonation=WeaklyRising	_	_	_	_	_
50-6	BZ006	50	6	mi	mi	_	_	_	_	_	linguistic	_	ContainsVariation=No	_	_	_	_	_	_
50-7	BZ006	50	7	piace	piace	_	_	_	_	_	linguistic	_	ContainsVariation=No	_	_	_	_	_	_
50-8	BZ006	50	8	leggere,	leggere	_	_	_	_	_	linguistic	_	ContainsVariation=No	Intonation=WeaklyRising	_	_	_	_	_
50-9	BZ006	50	9	mi	mi	_	_	_	_	_	linguistic	_	ContainsVariation=No	_	_	_	_	_	_
50-10	BZ006	50	10	piace	piace	_	_	_	_	_	linguistic	_	ContainsVariation=No	_	_	_	_	_	_
50-11	BZ006	50	11	usar	usar	_	_	_	_	_	linguistic	_	ContainsVariation=No	_	_	_	_	_	_
50-12	BZ006	50	12	le	le	_	_	_	_	_	linguistic	_	ContainsVariation=No	_	_	_	_	_	_
50-13	BZ006	50	13	parole	parole	_	_	_	_	_	linguistic	_	ContainsVariation=No	_	_	_	_	_	_
50-14	BZ006	50	14	indagarle	indagarle	_	_	_	_	_	linguistic	_	ContainsVariation=No	_	_	_	_	_	_
50-15	BZ006	50	15	così	così	_	_	_	_	_	linguistic	_	ContainsVariation=No	_	_	_	_	_	_
50-16	BZ006	50	16	via,	via	_	_	_	_	_	linguistic	_	ContainsVariation=No	Intonation=WeaklyRising	End=178.911	_	_	_	_
51-0	BZ006	51	0	eh:	eh	_	_	_	_	_	linguistic	_	ContainsVariation=No	PauseAfter=Yes	Begin=179.606	1x1	_	_	_
51-1	BZ006	51	1	(.)	(.)	_	_	_	_	_	shortpause	_	ContainsVariation=No	_	_	_	_	_	_
51-2	BZ006	51	2	fino	fino	_	_	_	_	_	linguistic	_	ContainsVariation=No	_	_	_	_	_	_
51-3	BZ006	51	3	ad	ad	_	_	_	_	_	linguistic	_	ContainsVariation=No	_	_	_	_	_	_
51-4	BZ006	51	4	allora	allora	_	_	_	_	_	linguistic	_	ContainsVariation=No	_	_	_	_	_	_
51-5	BZ006	51	5	le	le	_	_	_	_	_	linguistic	_	ContainsVariation=No	_	_	_	_	_	_
51-6	BZ006	51	6	altre	altre	_	_	_	_	_	linguistic	_	ContainsVariation=No	_	_	_	_	_	_
51-7	BZ006	51	7	lingue	lingue	_	_	_	_	_	linguistic	_	ContainsVariation=No	_	_	_	_	_	_
51-8	BZ006	51	8	eran	eran	_	_	_	_	_	linguistic	_	ContainsVariation=No	_	_	_	_	_	_
51-9	BZ006	51	9	state	state	_	_	_	_	_	linguistic	_	ContainsVariation=No	_	_	_	_	_	_
51-10	BZ006	51	10	sì	sì	_	_	_	_	_	linguistic	_	ContainsVariation=No	_	_	_	_	_	_
51-11	BZ006	51	11	uno	uno	_	_	_	_	_	linguistic	_	ContainsVariation=No	_	_	_	_	_	_
51-12	BZ006	51	12	stimolo	stimolo	_	_	_	_	_	linguistic	_	ContainsVariation=No	_	_	_	_	_	_
51-13	BZ006	51	13	uno	uno	_	_	_	_	_	linguistic	_	ContainsVariation=No	_	_	_	_	_	_
51-14	BZ006	51	14	studio	studio	_	_	_	_	_	linguistic	_	ContainsVariation=No	_	_	_	_	_	_
51-15	BZ006	51	15	qualcosa	qualcosa	_	_	_	_	_	linguistic	_	ContainsVariation=No	_	_	_	_	_	_
51-16	BZ006	51	16	che	che	_	_	_	_	_	linguistic	_	ContainsVariation=No	_	_	_	_	_	_
51-17	BZ006	51	17	ti	ti	_	_	_	_	_	linguistic	_	ContainsVariation=No	_	_	_	_	_	_
51-18	BZ006	51	18	piace	piace	_	_	_	_	_	linguistic	_	ContainsVariation=No	_	_	_	_	_	_
51-19	BZ006	51	19	ma,	ma	_	_	_	_	_	linguistic	_	ContainsVariation=No	Intonation=WeaklyRising	End=185.746	_	_	_	_
52-0	BZ006	52	0	non	non	_	_	_	_	_	linguistic	_	ContainsVariation=No	_	Begin=186.181	_	_	_	_
52-1	BZ006	52	1	ehm:,	ehm	_	_	_	_	_	linguistic	_	ContainsVariation=No	Intonation=WeaklyRising	End=187.951	2x1	_	_	_
53-0	BZ006	53	0	<la>	la	_	_	_	_	_	linguistic	_	ContainsVariation=No	_	Begin=188.301	_	Slow=0-2(0)	_	_
53-1	BZ006	53	1	lingua.	lingua	_	_	_	_	_	linguistic	_	ContainsVariation=No	Intonation=Falling	End=189.401	_	_	_	_
54-0	BZ006	54	0	in	in	_	_	_	_	_	linguistic	_	ContainsVariation=No	_	Begin=189.946	_	_	_	_
54-1	BZ006	54	1	cui	cui	_	_	_	_	_	linguistic	_	ContainsVariation=No	_	_	_	_	_	_
54-2	BZ006	54	2	mi	mi	_	_	_	_	_	linguistic	_	ContainsVariation=No	_	_	_	_	_	_
54-3	BZ006	54	3	sentivo	sentivo	_	_	_	_	_	linguistic	_	ContainsVariation=No	_	_	_	_	_	_
54-4	BZ006	54	4	[magari]	magari	_	_	_	_	_	linguistic	_	ContainsVariation=No	_	_	_	_	_	0-6(15)
54-5	BZ006	54	5	di	di	_	_	_	_	_	linguistic	_	ContainsVariation=No	_	_	_	_	_	_
54-6	BZ006	54	6	appartenere	appartenere	_	_	_	_	_	linguistic	_	ContainsVariation=No	_	_	_	_	_	_
54-7	BZ006	54	7	>nemmeno	nemmeno	_	_	_	_	_	linguistic	_	ContainsVariation=No	_	_	_	Fast=0-7(0)	_	_
54-8	BZ006	54	8	quella	quella	_	_	_	_	_	linguistic	_	ContainsVariation=No	_	_	_	Fast=0-6(0)	_	_
54-9	BZ006	54	9	tedesca<	tedesca	_	_	_	_	_	linguistic	_	ContainsVariation=No	_	_	_	Fast=0-7(0)	_	_
54-10	BZ006	54	10	che,	che	_	_	_	_	_	linguistic	_	ContainsVariation=No	Intonation=WeaklyRising	End=193.626	_	_	_	_
55-0	BZ001	55	0	[mh	mh	_	_	_	_	_	linguistic	_	ContainsVariation=No	ProsodicLink=Yes	Begin=191.161	_	_	_	0-2(15)
55-1	BZ001	55	1	mh].	mh	_	_	_	_	_	linguistic	_	ContainsVariation=No	Intonation=Falling	End=191.641	_	_	_	0-2(15)
56-0	BZ006	56	0	potevo	potevo	_	_	_	_	_	linguistic	_	ContainsVariation=No	_	Begin=194.006	_	_	_	_
56-1	BZ006	56	1	abbastanza	abbastanza	_	_	_	_	_	linguistic	_	ContainsVariation=No	_	_	_	_	_	_
56-2	BZ006	56	2	facilmente	facilmente	_	_	_	_	_	linguistic	_	ContainsVariation=No	_	_	_	_	_	_
56-3	BZ006	56	3	entrando	entrando	_	_	_	_	_	linguistic	_	ContainsVariation=No	_	_	_	_	_	_
56-4	BZ006	56	4	in	in	_	_	_	_	_	linguistic	_	ContainsVariation=No	_	_	_	_	_	_
56-5	BZ006	56	5	panetteria	panetteria	_	_	_	_	_	linguistic	_	ContainsVariation=No	_	_	_	_	_	_
56-6	BZ006	56	6	sentirla	sentirla	_	_	_	_	_	linguistic	_	ContainsVariation=No	_	_	_	_	_	_
56-7	BZ006	56	7	anche	anche	_	_	_	_	_	linguistic	_	ContainsVariation=No	_	_	_	_	_	_
56-8	BZ006	56	8	fuori	fuori	_	_	_	_	_	linguistic	_	ContainsVariation=No	_	_	_	_	_	_
56-9	BZ006	56	9	da	da	_	_	_	_	_	linguistic	_	ContainsVariation=No	_	_	_	_	_	_
56-10	BZ006	56	10	casa.	casa	_	_	_	_	_	linguistic	_	ContainsVariation=No	Intonation=Falling	End=197.556	_	_	_	_
57-0	BZ006	57	0	eh::	eh	_	_	_	_	_	linguistic	_	ContainsVariation=No	_	Begin=198.316	1x2	_	_	_
57-1	BZ006	57	1	al	al	_	_	_	_	_	linguistic	_	ContainsVariation=No	_	_	_	_	_	_
57-2	BZ006	57	2	liceo	liceo	_	_	_	_	_	linguistic	_	ContainsVariation=No	_	_	_	_	_	_
57-3	BZ006	57	3	linguistico	linguistico	_	_	_	_	_	linguistic	_	ContainsVariation=No	_	_	_	_	_	_
57-4	BZ006	57	4	ci	ci	_	_	_	_	_	linguistic	_	ContainsVariation=No	_	_	_	_	_	_
57-5	BZ006	57	5	son	son	_	_	_	_	_	linguistic	_	ContainsVariation=No	_	_	_	_	_	_
57-6	BZ006	57	6	state	state	_	_	_	_	_	linguistic	_	ContainsVariation=No	_	_	_	_	_	_
57-7	BZ006	57	7	due	due	_	_	_	_	_	linguistic	_	ContainsVariation=No	_	_	_	_	_	_
57-8	BZ006	57	8	esperienze	esperienze	_	_	_	_	_	linguistic	_	ContainsVariation=No	_	_	_	_	_	_
57-9	BZ006	57	9	che	che	_	_	_	_	_	linguistic	_	ContainsVariation=No	_	_	_	_	_	_
57-10	BZ006	57	10	hanno	hanno	_	_	_	_	_	linguistic	_	ContainsVariation=No	_	_	_	_	_	_
57-11	BZ006	57	11	un	un	_	_	_	_	_	linguistic	_	ContainsVariation=No	_	_	_	_	_	_
57-12	BZ006	57	12	po'	po'	_	_	_	_	_	linguistic	_	ContainsVariation=No	_	_	_	_	_	_
57-13	BZ006	57	13	cambiato	cambiato	_	_	_	_	_	linguistic	_	ContainsVariation=No	_	_	_	_	_	_
57-14	BZ006	57	14	questo	questo	_	_	_	_	_	linguistic	_	ContainsVariation=No	_	_	_	_	_	_
57-15	BZ006	57	15	approccio	approccio	_	_	_	_	_	linguistic	_	ContainsVariation=No	_	_	_	_	_	_
57-16	BZ006	57	16	verso	verso	_	_	_	_	_	linguistic	_	ContainsVariation=No	_	_	_	_	_	_
57-17	BZ006	57	17	le	le	_	_	_	_	_	linguistic	_	ContainsVariation=No	_	_	_	_	_	_
57-18	BZ006	57	18	lingue,	lingue	_	_	_	_	_	linguistic	_	ContainsVariation=No	Intonation=WeaklyRising	End=204.956	_	_	_	_
58-0	BZ006	58	0	la	la	_	_	_	_	_	linguistic	_	ContainsVariation=No	_	Begin=205.471	_	_	_	_
58-1	BZ006	58	1	prima	prima	_	_	_	_	_	linguistic	_	ContainsVariation=No	_	_	_	_	_	_
58-2	BZ006	58	2	è	è	_	_	_	_	_	linguistic	_	ContainsVariation=No	_	_	_	_	_	_
58-3	BZ006	58	3	stata	stata	_	_	_	_	_	linguistic	_	ContainsVariation=No	_	_	_	_	_	_
58-4	BZ006	58	4	un	un	_	_	_	_	_	linguistic	_	ContainsVariation=No	_	_	_	_	_	_
58-5	BZ006	58	5	viaggio	viaggio	_	_	_	_	_	linguistic	_	ContainsVariation=No	_	_	_	_	_	_
58-6	BZ006	58	6	in	in	_	_	_	_	_	linguistic	_	ContainsVariation=No	_	_	_	_	_	_
58-7	BZ006	58	7	francia	francia	_	_	_	_	_	linguistic	_	ContainsVariation=No	_	_	_	_	_	_
58-8	BZ006	58	8	[di	di	_	_	_	_	_	linguistic	_	ContainsVariation=No	_	_	_	_	_	0-2(17)
58-9	BZ006	58	9	una:]	una	_	_	_	_	_	linguistic	_	ContainsVariation=No	PauseAfter=Yes	_	2x1	_	_	0-3(17)
58-10	BZ006	58	10	(.)	(.)	_	_	_	_	_	shortpause	_	ContainsVariation=No	_	_	_	_	_	_
58-11	BZ006	58	11	non	non	_	_	_	_	_	linguistic	_	ContainsVariation=No	_	_	_	_	_	_
58-12	BZ006	58	12	mi	mi	_	_	_	_	_	linguistic	_	ContainsVariation=No	_	_	_	_	_	_
58-13	BZ006	58	13	ricordo	ricordo	_	_	_	_	_	linguistic	_	ContainsVariation=No	_	_	_	_	_	_
58-14	BZ006	58	14	se	se	_	_	_	_	_	linguistic	_	ContainsVariation=No	_	_	_	_	_	_
58-15	BZ006	58	15	dieci	dieci	_	_	_	_	_	linguistic	_	ContainsVariation=No	_	_	_	_	_	_
58-16	BZ006	58	16	giorni	giorni	_	_	_	_	_	linguistic	_	ContainsVariation=No	_	_	_	_	_	_
58-17	BZ006	58	17	due	due	_	_	_	_	_	linguistic	_	ContainsVariation=No	_	_	_	_	_	_
58-18	BZ006	58	18	settimane	settimane	_	_	_	_	_	linguistic	_	ContainsVariation=No	_	_	_	_	_	_
58-19	BZ006	58	19	comunque,	comunque	_	_	_	_	_	linguistic	_	ContainsVariation=No	Intonation=WeaklyRising	End=212.451	_	_	_	_
59-0	BZ001	59	0	[mh],	mh	_	_	_	_	_	linguistic	_	ContainsVariation=No	Intonation=WeaklyRising	Begin=208.726|End=209.136	_	_	_	0-2(17)
60-0	BZ006	60	0	un	un	_	_	_	_	_	linguistic	_	ContainsVariation=No	_	Begin=212.756	_	_	_	_
60-1	BZ006	60	1	po'	po'	_	_	_	_	_	linguistic	_	ContainsVariation=No	_	_	_	_	_	_
60-2	BZ006	60	2	più	più	_	_	_	_	_	linguistic	_	ContainsVariation=No	_	_	_	_	_	_
60-3	BZ006	60	3	di	di	_	_	_	_	_	linguistic	_	ContainsVariation=No	_	_	_	_	_	_
60-4	BZ006	60	4	una	una	_	_	_	_	_	linguistic	_	ContainsVariation=No	_	_	_	_	_	_
60-5	BZ006	60	5	settimana	settimana	_	_	_	_	_	linguistic	_	ContainsVariation=No	_	_	_	_	_	_
60-6	BZ006	60	6	del	del	_	_	_	_	_	linguistic	_	ContainsVariation=No	_	_	_	_	_	_
60-7	BZ006	60	7	classico,	classico	_	_	_	_	_	linguistic	_	ContainsVariation=No	Intonation=WeaklyRising	_	_	_	_	_
60-8	BZ006	60	8	>perché	perché	_	_	_	_	_	linguistic	_	ContainsVariation=No	_	_	_	Fast=0-6(0)	_	_
60-9	BZ006	60	9	era	era	_	_	_	_	_	linguistic	_	ContainsVariation=No	_	_	_	Fast=0-3(0)	_	_
60-10	BZ006	60	10	un	un	_	_	_	_	_	linguistic	_	ContainsVariation=No	_	_	_	Fast=0-2(0)	_	_
60-11	BZ006	60	11	soggiorno	soggiorno	_	_	_	_	_	linguistic	_	ContainsVariation=No	_	_	_	Fast=0-9(0)	_	_
60-12	BZ006	60	12	studio<	studio	_	_	_	_	_	linguistic	_	ContainsVariation=No	_	_	_	Fast=0-6(0)	_	_
60-13	BZ006	60	13	proprio,	proprio	_	_	_	_	_	linguistic	_	ContainsVariation=No	Intonation=WeaklyRising	End=216.096	_	_	_	_
61-0	BZ006	61	0	in	in	_	_	_	_	_	linguistic	_	ContainsVariation=No	_	Begin=217.191	_	_	_	_
61-1	BZ006	61	1	cui	cui	_	_	_	_	_	linguistic	_	ContainsVariation=No	_	_	_	_	_	_
61-2	BZ006	61	2	sono	sono	_	_	_	_	_	linguistic	_	ContainsVariation=No	_	_	_	_	_	_
61-3	BZ006	61	3	stato	stato	_	_	_	_	_	linguistic	_	ContainsVariation=No	_	_	_	_	_	_
61-4	BZ006	61	4	in	in	_	_	_	_	_	linguistic	_	ContainsVariation=No	_	_	_	_	_	_
61-5	BZ006	61	5	questa	questa	_	_	_	_	_	linguistic	_	ContainsVariation=No	_	_	_	_	_	_
61-6	BZ006	61	6	famiglia	famiglia	_	_	_	_	_	linguistic	_	ContainsVariation=No	_	_	_	_	_	_
61-7	BZ006	61	7	francese	francese	_	_	_	_	_	linguistic	_	ContainsVariation=No	_	_	_	_	_	_
61-8	BZ006	61	8	di	di	_	_	_	_	_	linguistic	_	ContainsVariation=No	_	_	_	_	_	_
61-9	BZ006	61	9	@nomeluogo	@nomeluogo	_	_	_	_	_	anonymized	_	ContainsVariation=No	Anonymized=Yes	End=221.331	_	_	_	_
62-0	BZ006	62	0	eh	eh	_	_	_	_	_	linguistic	_	ContainsVariation=No	_	Begin=222.186	_	_	_	_
62-1	BZ006	62	1	vicino	vicino	_	_	_	_	_	linguistic	_	ContainsVariation=No	_	_	_	_	_	_
62-2	BZ006	62	2	a	a	_	_	_	_	_	linguistic	_	ContainsVariation=No	_	_	_	_	_	_
62-3	BZ006	62	3	lione,	lione	_	_	_	_	_	linguistic	_	ContainsVariation=No	Intonation=WeaklyRising	End=223.226	_	_	_	_
63-0	BZ006	63	0	eh::m	ehm	_	_	_	_	_	linguistic	_	ContainsVariation=No	PauseAfter=Yes	Begin=224.321	1x2	_	_	_
63-1	BZ006	63	1	(.)	(.)	_	_	_	_	_	shortpause	_	ContainsVariation=No	_	_	_	_	_	_
63-2	BZ006	63	2	e	e	_	_	_	_	_	linguistic	_	ContainsVariation=No	_	_	_	_	_	_
63-3	BZ006	63	3	ho	ho	_	_	_	_	_	linguistic	_	ContainsVariation=No	_	_	_	_	_	_
63-4	BZ006	63	4	frequentato	frequentato	_	_	_	_	_	linguistic	_	ContainsVariation=No	_	_	_	_	_	_
63-5	BZ006	63	5	la	la	_	_	_	_	_	linguistic	_	ContainsVariation=No	_	_	_	_	_	_
63-6	BZ006	63	6	scuola	scuola	_	_	_	_	_	linguistic	_	ContainsVariation=No	_	_	_	_	_	_
63-7	BZ006	63	7	lì	lì	_	_	_	_	_	linguistic	_	ContainsVariation=No	_	_	_	_	_	_
63-8	BZ006	63	8	per	per	_	_	_	_	_	linguistic	_	ContainsVariation=No	_	_	_	_	_	_
63-9	BZ006	63	9	questi,	questi	_	_	_	_	_	linguistic	_	ContainsVariation=No	Intonation=WeaklyRising	_	_	_	_	_
63-10	BZ006	63	10	insomma	insomma	_	_	_	_	_	linguistic	_	ContainsVariation=No	_	_	_	_	_	_
63-11	BZ006	63	11	questa	questa	_	_	_	_	_	linguistic	_	ContainsVariation=No	_	_	_	_	_	_
63-12	BZ006	63	12	decina	decina	_	_	_	_	_	linguistic	_	ContainsVariation=No	_	_	_	_	_	_
63-13	BZ006	63	13	di	di	_	_	_	_	_	linguistic	_	ContainsVariation=No	_	_	_	_	_	_
63-14	BZ006	63	14	giorni,	giorni	_	_	_	_	_	linguistic	_	ContainsVariation=No	Intonation=WeaklyRising	End=228.811	_	_	_	_
64-0	BZ006	64	0	e	e	_	_	_	_	_	linguistic	_	ContainsVariation=No	_	Begin=229.391	_	_	_	_
64-1	BZ006	64	1	il	il	_	_	_	_	_	linguistic	_	ContainsVariation=No	_	_	_	_	_	_
64-2	BZ006	64	2	francese	francese	_	_	_	_	_	linguistic	_	ContainsVariation=No	_	_	_	_	_	_
64-3	BZ006	64	3	è	è	_	_	_	_	_	linguistic	_	ContainsVariation=No	_	_	_	_	_	_
64-4	BZ006	64	4	una-	una-	_	_	_	_	_	linguistic	_	ContainsVariation=No	Interrupted=Yes	_	_	_	_	_
64-5	BZ006	64	5	era	era	_	_	_	_	_	linguistic	_	ContainsVariation=No	_	_	_	_	_	_
64-6	BZ006	64	6	una	una	_	_	_	_	_	linguistic	_	ContainsVariation=No	_	_	_	_	_	_
64-7	BZ006	64	7	lingua	lingua	_	_	_	_	_	linguistic	_	ContainsVariation=No	_	_	_	_	_	_
64-8	BZ006	64	8	che,	che	_	_	_	_	_	linguistic	_	ContainsVariation=No	Intonation=WeaklyRising	End=231.261	_	_	_	_
65-0	BZ006	65	0	obiettivamente	obiettivamente	_	_	_	_	_	linguistic	_	ContainsVariation=No	_	Begin=231.741	_	_	_	_
65-1	BZ006	65	1	mi	mi	_	_	_	_	_	linguistic	_	ContainsVariation=No	_	_	_	_	_	_
65-2	BZ006	65	2	dava	dava	_	_	_	_	_	linguistic	_	ContainsVariation=No	_	_	_	_	_	_
65-3	BZ006	65	3	tante	tante	_	_	_	_	_	linguistic	_	ContainsVariation=No	_	_	_	_	_	_
65-4	BZ006	65	4	difficoltà	difficoltà	_	_	_	_	_	linguistic	_	ContainsVariation=No	_	_	_	_	_	_
65-5	BZ006	65	5	perché	perché	_	_	_	_	_	linguistic	_	ContainsVariation=No	_	_	_	_	_	_
65-6	BZ006	65	6	la	la	_	_	_	_	_	linguistic	_	ContainsVariation=No	_	_	_	_	_	_
65-7	BZ006	65	7	mia	mia	_	_	_	_	_	linguistic	_	ContainsVariation=No	_	_	_	_	_	_
65-8	BZ006	65	8	prof	prof	_	_	_	_	_	linguistic	_	ContainsVariation=No	_	_	_	_	_	_
65-9	BZ006	65	9	mi:	mi	_	_	_	_	_	linguistic	_	ContainsVariation=No	_	_	1x1	_	_	_
65-10	BZ006	65	10	ci	ci	_	_	_	_	_	linguistic	_	ContainsVariation=No	_	_	_	_	_	_
65-11	BZ006	65	11	scherzava	scherzava	_	_	_	_	_	linguistic	_	ContainsVariation=No	_	_	_	_	_	_
65-12	BZ006	65	12	sempre	sempre	_	_	_	_	_	linguistic	_	ContainsVariation=No	_	_	_	_	_	_
65-13	BZ006	65	13	sopra	sopra	_	_	_	_	_	linguistic	_	ContainsVariation=No	_	_	_	_	_	_
65-14	BZ006	65	14	perché	perché	_	_	_	_	_	linguistic	_	ContainsVariation=No	_	_	_	_	_	_
65-15	BZ006	65	15	diceva	diceva	_	_	_	_	_	linguistic	_	ContainsVariation=No	_	_	_	_	_	_
65-16	BZ006	65	16	che	che	_	_	_	_	_	linguistic	_	ContainsVariation=No	_	_	_	_	_	_
65-17	BZ006	65	17	sembravo	sembravo	_	_	_	_	_	linguistic	_	ContainsVariation=No	_	_	_	_	_	_
65-18	BZ006	65	18	quando	quando	_	_	_	_	_	linguistic	_	ContainsVariation=No	_	_	_	_	_	_
65-19	BZ006	65	19	parlavo	parlavo	_	_	_	_	_	linguistic	_	ContainsVariation=No	_	_	_	_	_	_
65-20	BZ006	65	20	francese	francese	_	_	_	_	_	linguistic	_	ContainsVariation=No	_	_	_	_	_	_
65-21	BZ006	65	21	un	un	_	_	_	_	_	linguistic	_	ContainsVariation=No	_	_	_	_	_	_
65-22	BZ006	65	22	italiano	italiano	_	_	_	_	_	linguistic	_	ContainsVariation=No	_	_	_	_	_	_
65-23	BZ006	65	23	in	in	_	_	_	_	_	linguistic	_	ContainsVariation=No	_	_	_	_	_	_
65-24	BZ006	65	24	vacanza	vacanza	_	_	_	_	_	linguistic	_	ContainsVariation=No	_	_	_	_	_	_
65-25	BZ006	65	25	[a	a	_	_	_	_	_	linguistic	_	ContainsVariation=No	_	_	_	_	_	0-1(20)
65-26	BZ006	65	26	parigi],	parigi	_	_	_	_	_	linguistic	_	ContainsVariation=No	Intonation=WeaklyRising	End=240.351	_	_	_	0-6(20)
66-0	BZ001	66	0	[((ride))]	((ride))	_	_	_	_	_	nonverbalbehavior	_	ContainsVariation=No	_	Begin=239.781|End=240.571	_	_	_	X(20)
67-0	BZ006	67	0	[quindi	quindi	_	_	_	_	_	linguistic	_	ContainsVariation=No	_	Begin=240.681	_	_	_	0-6(21)
67-1	BZ006	67	1	ero]	ero	_	_	_	_	_	linguistic	_	ContainsVariation=No	_	_	_	_	_	0-3(21)
67-2	BZ006	67	2	abbastanza,	abbastanza	_	_	_	_	_	linguistic	_	ContainsVariation=No	Intonation=WeaklyRising	_	_	_	_	_
67-3	BZ006	67	3	insomma	insomma	_	_	_	_	_	linguistic	_	ContainsVariation=No	_	_	_	_	_	_
67-4	BZ006	67	4	mh,	mh	_	_	_	_	_	linguistic	_	ContainsVariation=No	Intonation=WeaklyRising	End=242.781	_	_	_	_
68-0	BZ001	68	0	[okay].	okay	_	_	_	_	_	linguistic	_	ContainsVariation=No	Intonation=Falling	Begin=240.691|End=241.061	_	_	_	0-4(21)
69-0	BZ006	69	0	((ride))	((ride))	_	_	_	_	_	nonverbalbehavior	_	ContainsVariation=No	_	Begin=243.216	_	_	_	_
69-1	BZ006	69	1	un	un	_	_	_	_	_	linguistic	_	ContainsVariation=No	_	_	_	_	_	_
69-2	BZ006	69	2	approccio	approccio	_	_	_	_	_	linguistic	_	ContainsVariation=No	_	_	_	_	_	_
69-3	BZ006	69	3	linguist-	linguist-	_	_	_	_	_	linguistic	_	ContainsVariation=No	Interrupted=Yes	_	_	_	_	_
69-4	BZ006	69	4	cioè	cioè	_	_	_	_	_	linguistic	_	ContainsVariation=No	_	_	_	_	_	_
69-5	BZ006	69	5	mh	mh	_	_	_	_	_	linguistic	_	ContainsVariation=No	_	_	_	_	_	_
69-6	BZ006	69	6	anche	anche	_	_	_	_	_	linguistic	_	ContainsVariation=No	_	_	_	_	_	_
69-7	BZ006	69	7	l'	l'	_	_	_	_	_	linguistic	_	ContainsVariation=No	SpaceAfter=No	_	_	_	_	_
69-8	BZ006	69	8	a-	a-	_	_	_	_	_	linguistic	_	ContainsVariation=No	Interrupted=Yes	_	_	_	_	_
69-9	BZ006	69	9	l'	l'	_	_	_	_	_	linguistic	_	ContainsVariation=No	SpaceAfter=No	_	_	_	_	_
69-10	BZ006	69	10	ausprache	ausprache	_	_	_	_	_	linguistic	_	ContainsVariation=No	_	_	_	_	_	_
69-11	BZ006	69	11	molto,	molto	_	_	_	_	_	linguistic	_	ContainsVariation=No	Intonation=WeaklyRising	End=247.106	_	_	_	_
70-0	BZ006	70	0	andata	andata	_	_	_	_	_	linguistic	_	ContainsVariation=No	_	Begin=247.546	_	_	_	_
70-1	BZ006	70	1	proprio	proprio	_	_	_	_	_	linguistic	_	ContainsVariation=No	_	_	_	_	_	_
70-2	BZ006	70	2	non	non	_	_	_	_	_	linguistic	_	ContainsVariation=No	_	_	_	_	_	_
70-3	BZ006	70	3	[non	non	_	_	_	_	_	linguistic	_	ContainsVariation=No	_	_	_	_	_	0-3(23)
70-4	BZ006	70	4	ci	ci	_	_	_	_	_	linguistic	_	ContainsVariation=No	_	_	_	_	_	0-2(23)
70-5	BZ006	70	5	s-	s-	_	_	_	_	_	linguistic	_	ContainsVariation=No	Interrupted=Yes	_	_	_	_	0-2(23)
70-6	BZ006	70	6	non	non	_	_	_	_	_	linguistic	_	ContainsVariation=No	_	_	_	_	_	0-3(23)
70-7	BZ006	70	7	funzionava	funzionava	_	_	_	_	_	linguistic	_	ContainsVariation=No	_	_	_	_	_	0-10(23)
70-8	BZ006	70	8	nulla].	nulla	_	_	_	_	_	linguistic	_	ContainsVariation=No	Intonation=Falling	End=249.696	_	_	_	0-5(23)
71-0	BZ001	71	0	[((ride))]	((ride))	_	_	_	_	_	nonverbalbehavior	_	ContainsVariation=No	_	Begin=248.466|End=249.706	_	_	_	X(23)
72-0	BZ006	72	0	eh::m	ehm	_	_	_	_	_	linguistic	_	ContainsVariation=No	_	Begin=250.181	1x2	_	_	_
72-1	BZ006	72	1	però	però	_	_	_	_	_	linguistic	_	ContainsVariation=No	_	_	_	_	_	_
72-2	BZ006	72	2	lì	lì	_	_	_	_	_	linguistic	_	ContainsVariation=No	_	_	_	_	_	_
72-3	BZ006	72	3	in	in	_	_	_	_	_	linguistic	_	ContainsVariation=No	_	_	_	_	_	_
72-4	BZ006	72	4	francia	francia	_	_	_	_	_	linguistic	_	ContainsVariation=No	_	_	_	_	_	_
72-5	BZ006	72	5	mi	mi	_	_	_	_	_	linguistic	_	ContainsVariation=No	_	_	_	_	_	_
72-6	BZ006	72	6	è	è	_	_	_	_	_	linguistic	_	ContainsVariation=No	_	_	_	_	_	_
72-7	BZ006	72	7	piaciuto	piaciuto	_	_	_	_	_	linguistic	_	ContainsVariation=No	_	_	_	_	_	_
72-8	BZ006	72	8	tanto.	tanto	_	_	_	_	_	linguistic	_	ContainsVariation=No	Intonation=Falling	_	_	_	_	_
72-9	BZ006	72	9	a	a	_	_	_	_	_	linguistic	_	ContainsVariation=No	_	_	_	_	_	_
72-10	BZ006	72	10	parte	parte	_	_	_	_	_	linguistic	_	ContainsVariation=No	_	_	_	_	_	_
72-11	BZ006	72	11	che	che	_	_	_	_	_	linguistic	_	ContainsVariation=No	_	_	_	_	_	_
72-12	BZ006	72	12	son	son	_	_	_	_	_	linguistic	_	ContainsVariation=No	_	_	_	_	_	_
72-13	BZ006	72	13	tornato	tornato	_	_	_	_	_	linguistic	_	ContainsVariation=No	_	_	_	_	_	_
72-14	BZ006	72	14	che	che	_	_	_	_	_	linguistic	_	ContainsVariation=No	_	_	_	_	_	_
72-15	BZ006	72	15	non	non	_	_	_	_	_	linguistic	_	ContainsVariation=No	_	_	_	_	_	_
72-16	BZ006	72	16	mi	mi	_	_	_	_	_	linguistic	_	ContainsVariation=No	_	_	_	_	_	_
72-17	BZ006	72	17	ha	ha	_	_	_	_	_	linguistic	_	ContainsVariation=No	_	_	_	_	_	_
72-18	BZ006	72	18	più	più	_	_	_	_	_	linguistic	_	ContainsVariation=No	_	_	_	_	_	_
72-19	BZ006	72	19	detto	detto	_	_	_	_	_	linguistic	_	ContainsVariation=No	_	_	_	_	_	_
72-20	BZ006	72	20	questa	questa	_	_	_	_	_	linguistic	_	ContainsVariation=No	_	_	_	_	_	_
72-21	BZ006	72	21	cosa	cosa	_	_	_	_	_	linguistic	_	ContainsVariation=No	_	_	_	_	_	_
72-22	BZ006	72	22	dell'	dell'	_	_	_	_	_	linguistic	_	ContainsVariation=No	SpaceAfter=No	_	_	_	_	_
72-23	BZ006	72	23	accento	accento	_	_	_	_	_	linguistic	_	ContainsVariation=No	_	_	_	_	_	_
72-24	BZ006	72	24	[quindi	quindi	_	_	_	_	_	linguistic	_	ContainsVariation=No	_	_	_	_	_	0-6(24)
72-25	BZ006	72	25	in]	in	_	_	_	_	_	linguistic	_	ContainsVariation=No	_	_	_	_	_	0-2(24)
72-26	BZ006	72	26	dieci	dieci	_	_	_	_	_	linguistic	_	ContainsVariation=No	_	_	_	_	_	_
72-27	BZ006	72	27	giorni	giorni	_	_	_	_	_	linguistic	_	ContainsVariation=No	_	_	_	_	_	_
72-28	BZ006	72	28	bene	bene	_	_	_	_	_	linguistic	_	ContainsVariation=No	_	_	_	_	_	_
72-29	BZ006	72	29	o	o	_	_	_	_	_	linguistic	_	ContainsVariation=No	_	_	_	_	_	_
72-30	BZ006	72	30	male	male	_	_	_	_	_	linguistic	_	ContainsVariation=No	_	_	_	_	_	_
72-31	BZ006	72	31	l'	l'	_	_	_	_	_	linguistic	_	ContainsVariation=No	SpaceAfter=No	_	_	_	_	_
72-32	BZ006	72	32	accen[to	accento	_	_	_	_	_	linguistic	_	ContainsVariation=No	_	_	_	_	_	3-7(25)
72-33	BZ006	72	33	è	è	_	_	_	_	_	linguistic	_	ContainsVariation=No	_	_	_	_	_	0-1(25)
72-34	BZ006	72	34	en]trato	entrato	_	_	_	_	_	linguistic	_	ContainsVariation=No	_	_	_	_	_	0-1(25)
72-35	BZ006	72	35	o	o	_	_	_	_	_	linguistic	_	ContainsVariation=No	_	_	_	_	_	_
72-36	BZ006	72	36	comunque	comunque	_	_	_	_	_	linguistic	_	ContainsVariation=No	_	_	_	_	_	_
72-37	BZ006	72	37	il	il	_	_	_	_	_	linguistic	_	ContainsVariation=No	_	_	_	_	_	_
72-38	BZ006	72	38	migliorabile	migliorabile	_	_	_	_	_	linguistic	_	ContainsVariation=No	_	_	_	_	_	_
72-39	BZ006	72	39	s'	s'	_	_	_	_	_	linguistic	_	ContainsVariation=No	SpaceAfter=No	_	_	_	_	_
72-40	BZ006	72	40	è	è	_	_	_	_	_	linguistic	_	ContainsVariation=No	_	_	_	_	_	_
72-41	BZ006	72	41	migliorato.	migliorato	_	_	_	_	_	linguistic	_	ContainsVariation=No	Intonation=Falling	End=261.551	_	_	_	_
73-0	BZ001	73	0	[ah].	ah	_	_	_	_	_	linguistic	_	ContainsVariation=No	Intonation=Falling	Begin=256.191|End=256.501	_	_	_	0-2(24)
74-0	BZ001	74	0	[((ride))]	((ride))	_	_	_	_	_	nonverbalbehavior	_	ContainsVariation=No	_	Begin=258.481|End=259.231	_	_	_	X(25)
75-0	BZ006	75	0	eh	eh	_	_	_	_	_	linguistic	_	ContainsVariation=No	PauseAfter=Yes	Begin=262.151	_	_	_	_
75-1	BZ006	75	1	(.)	(.)	_	_	_	_	_	shortpause	_	ContainsVariation=No	_	_	_	_	_	_
75-2	BZ006	75	2	però	però	_	_	_	_	_	linguistic	_	ContainsVariation=No	_	_	_	_	_	_
75-3	BZ006	75	3	mi	mi	_	_	_	_	_	linguistic	_	ContainsVariation=No	_	_	_	_	_	_
75-4	BZ006	75	4	son	son	_	_	_	_	_	linguistic	_	ContainsVariation=No	_	_	_	_	_	_
75-5	BZ006	75	5	reso	reso	_	_	_	_	_	linguistic	_	ContainsVariation=No	_	_	_	_	_	_
75-6	BZ006	75	6	conto	conto	_	_	_	_	_	linguistic	_	ContainsVariation=No	_	_	_	_	_	_
75-7	BZ006	75	7	che	che	_	_	_	_	_	linguistic	_	ContainsVariation=No	_	_	_	_	_	_
75-8	BZ006	75	8	eh:m,	ehm	_	_	_	_	_	linguistic	_	ContainsVariation=No	Intonation=WeaklyRising	End=265.721	1x1	_	_	_
76-0	BZ006	76	0	eh:	eh	_	_	_	_	_	linguistic	_	ContainsVariation=No	_	Begin=266.561|End=267.18	1x1	_	_	_
77-0	BZ006	77	0	la	la	_	_	_	_	_	linguistic	_	ContainsVariation=No	_	Begin=267.591	_	_	_	_
77-1	BZ006	77	1	lingua	lingua	_	_	_	_	_	linguistic	_	ContainsVariation=No	_	_	_	_	_	_
77-2	BZ006	77	2	è	è	_	_	_	_	_	linguistic	_	ContainsVariation=No	_	_	_	_	_	_
77-3	BZ006	77	3	bella	bella	_	_	_	_	_	linguistic	_	ContainsVariation=No	_	_	_	_	_	_
77-4	BZ006	77	4	se,	se	_	_	_	_	_	linguistic	_	ContainsVariation=No	Intonation=WeaklyRising	End=269.571	_	_	_	_
78-0	BZ006	78	0	e	e	_	_	_	_	_	linguistic	_	ContainsVariation=No	_	Begin=269.996	_	_	_	_
78-1	BZ006	78	1	quando	quando	_	_	_	_	_	linguistic	_	ContainsVariation=No	_	_	_	_	_	_
78-2	BZ006	78	2	tu	tu	_	_	_	_	_	linguistic	_	ContainsVariation=No	_	_	_	_	_	_
78-3	BZ006	78	3	hai	hai	_	_	_	_	_	linguistic	_	ContainsVariation=No	_	_	_	_	_	_
78-4	BZ006	78	4	a	a	_	_	_	_	_	linguistic	_	ContainsVariation=No	_	_	_	_	_	_
78-5	BZ006	78	5	che	che	_	_	_	_	_	linguistic	_	ContainsVariation=No	_	_	_	_	_	_
78-6	BZ006	78	6	fare	fare	_	_	_	_	_	linguistic	_	ContainsVariation=No	_	_	_	_	_	_
78-7	BZ006	78	7	conosci,	conosci	_	_	_	_	_	linguistic	_	ContainsVariation=No	Intonation=WeaklyRising	_	_	_	_	_
78-8	BZ006	78	8	frequenti	frequenti	_	_	_	_	_	linguistic	_	ContainsVariation=No	_	_	_	_	_	_
78-9	BZ006	78	9	qualcuno	qualcuno	_	_	_	_	_	linguistic	_	ContainsVariation=No	_	_	_	_	_	_
78-10	BZ006	78	10	che	che	_	_	_	_	_	linguistic	_	ContainsVariation=No	_	_	_	_	_	_
78-11	BZ006	78	11	la	la	_	_	_	_	_	linguistic	_	ContainsVariation=No	_	_	_	_	_	_
78-12	BZ006	78	12	vive.	vive	_	_	_	_	_	linguistic	_	ContainsVariation=No	Intonation=Falling	End=274.846	_	_	_	_
79-0	BZ001	79	0	mh	mh	_	_	_	_	_	linguistic	_	ContainsVariation=No	ProsodicLink=Yes	Begin=274.886	_	_	_	_
79-1	BZ001	79	1	mh.	mh	_	_	_	_	_	linguistic	_	ContainsVariation=No	Intonation=Falling	End=275.466	_	_	_	_
80-0	BZ006	80	0	e	e	_	_	_	_	_	linguistic	_	ContainsVariation=No	_	Begin=275.521	_	_	_	_
80-1	BZ006	80	1	lì	lì	_	_	_	_	_	linguistic	_	ContainsVariation=No	_	_	_	_	_	_
80-2	BZ006	80	2	avevo	avevo	_	_	_	_	_	linguistic	_	ContainsVariation=No	_	_	_	_	_	_
80-3	BZ006	80	3	conosciuto	conosciuto	_	_	_	_	_	linguistic	_	ContainsVariation=No	_	_	_	_	_	_
80-4	BZ006	80	4	questo	questo	_	_	_	_	_	linguistic	_	ContainsVariation=No	_	_	_	_	_	_
80-5	BZ006	80	5	ragazzo	ragazzo	_	_	_	_	_	linguistic	_	ContainsVariation=No	_	_	_	_	_	_
80-6	BZ006	80	6	che	che	_	_	_	_	_	linguistic	_	ContainsVariation=No	_	_	_	_	_	_
80-7	BZ006	80	7	aveva,	aveva	_	_	_	_	_	linguistic	_	ContainsVariation=No	Intonation=WeaklyRising|PauseAfter=Yes	_	_	_	_	_
80-8	BZ006	80	8	(.)	(.)	_	_	_	_	_	shortpause	_	ContainsVariation=No	_	_	_	_	_	_
80-9	BZ006	80	9	tra	tra	_	_	_	_	_	linguistic	_	ContainsVariation=No	_	_	_	_	_	_
80-10	BZ006	80	10	l'	l'	_	_	_	_	_	linguistic	_	ContainsVariation=No	SpaceAfter=No	_	_	_	_	_
80-11	BZ006	80	11	altro	altro	_	_	_	_	_	linguistic	_	ContainsVariation=No	_	_	_	_	_	_
80-12	BZ006	80	12	è	è	_	_	_	_	_	linguistic	_	ContainsVariation=No	_	_	_	_	_	_
80-13	BZ006	80	13	stato	stato	_	_	_	_	_	linguistic	_	ContainsVariation=No	_	_	_	_	_	_
80-14	BZ006	80	14	molto,	molto	_	_	_	_	_	linguistic	_	ContainsVariation=No	Intonation=WeaklyRising	_	_	_	_	_
80-15	BZ006	80	15	molto	molto	_	_	_	_	_	linguistic	_	ContainsVariation=No	_	_	_	_	_	_
80-16	BZ006	80	16	interessante,	interessante	_	_	_	_	_	linguistic	_	ContainsVariation=No	Intonation=WeaklyRising	_	_	_	_	_
80-17	BZ006	80	17	perché	perché	_	_	_	_	_	linguistic	_	ContainsVariation=No	_	_	_	_	_	_
80-18	BZ006	80	18	era	era	_	_	_	_	_	linguistic	_	ContainsVariation=No	_	_	_	_	_	_
80-19	BZ006	80	19	uno	uno	_	_	_	_	_	linguistic	_	ContainsVariation=No	_	_	_	_	_	_
80-20	BZ006	80	20	che	che	_	_	_	_	_	linguistic	_	ContainsVariation=No	_	_	_	_	_	_
80-21	BZ006	80	21	mi	mi	_	_	_	_	_	linguistic	_	ContainsVariation=No	_	_	_	_	_	_
80-22	BZ006	80	22	assomigliava	assomigliava	_	_	_	_	_	linguistic	_	ContainsVariation=No	_	_	_	_	_	_
80-23	BZ006	80	23	un	un	_	_	_	_	_	linguistic	_	ContainsVariation=No	_	_	_	_	_	_
80-24	BZ006	80	24	po'	po'	_	_	_	_	_	linguistic	_	ContainsVariation=No	_	_	_	_	_	_
80-25	BZ006	80	25	anche	anche	_	_	_	_	_	linguistic	_	ContainsVariation=No	_	_	_	_	_	_
80-26	BZ006	80	26	[come:],	come	_	_	_	_	_	linguistic	_	ContainsVariation=No	Intonation=WeaklyRising	End=282.721	3x1	_	_	0-4(28)
81-0	BZ001	81	0	[okay],	okay	_	_	_	_	_	linguistic	_	ContainsVariation=No	Intonation=WeaklyRising	Begin=282.236|End=282.736	_	_	_	0-4(28)
82-0	BZ006	82	0	capello	capello	_	_	_	_	_	linguistic	_	ContainsVariation=No	_	Begin=283.041	_	_	_	_
82-1	BZ006	82	1	lungo	lungo	_	_	_	_	_	linguistic	_	ContainsVariation=No	_	_	_	_	_	_
82-2	BZ006	82	2	un	un	_	_	_	_	_	linguistic	_	ContainsVariation=No	_	_	_	_	_	_
82-3	BZ006	82	3	po':,	po'	_	_	_	_	_	linguistic	_	ContainsVariation=No	Intonation=WeaklyRising	End=284.741	1x1	_	_	_
83-0	BZ006	83	0	eh	eh	_	_	_	_	_	linguistic	_	ContainsVariation=No	_	Begin=285.321	_	_	_	_
83-1	BZ006	83	1	si	si	_	_	_	_	_	linguistic	_	ContainsVariation=No	_	_	_	_	_	_
83-2	BZ006	83	2	chiamava	chiamava	_	_	_	_	_	linguistic	_	ContainsVariation=No	_	_	_	_	_	_
83-3	BZ006	83	3	luca,	luca	_	_	_	_	_	linguistic	_	ContainsVariation=No	Intonation=WeaklyRising	_	_	_	_	_
83-4	BZ006	83	4	lucà	lucà	_	_	_	_	_	linguistic	_	ContainsVariation=No	_	_	_	_	_	_
83-5	BZ006	83	5	((pronuncia_francese))	((pronuncia_francese))	_	_	_	_	_	nonverbalbehavior	_	ContainsVariation=No	_	_	_	_	_	_
83-6	BZ006	83	6	ovviamente	ovviamente	_	_	_	_	_	linguistic	_	ContainsVariation=No	_	_	_	_	_	_
83-7	BZ006	83	7	in	in	_	_	_	_	_	linguistic	_	ContainsVariation=No	_	_	_	_	_	_
83-8	BZ006	83	8	francese,	francese	_	_	_	_	_	linguistic	_	ContainsVariation=No	Intonation=WeaklyRising	_	_	_	_	_
83-9	BZ006	83	9	e::	e	_	_	_	_	_	linguistic	_	ContainsVariation=No	_	_	0x2	_	_	_
83-10	BZ006	83	10	mh	mh	_	_	_	_	_	linguistic	_	ContainsVariation=No	_	_	_	_	_	_
83-11	BZ006	83	11	e	e	_	_	_	_	_	linguistic	_	ContainsVariation=No	_	_	_	_	_	_
83-12	BZ006	83	12	amava	amava	_	_	_	_	_	linguistic	_	ContainsVariation=No	_	_	_	_	_	_
83-13	BZ006	83	13	scrivere	scrivere	_	_	_	_	_	linguistic	_	ContainsVariation=No	_	_	_	_	_	_
83-14	BZ006	83	14	leggere	leggere	_	_	_	_	_	linguistic	_	ContainsVariation=No	_	_	_	_	_	_
83-15	BZ006	83	15	l'	l'	_	_	_	_	_	linguistic	_	ContainsVariation=No	SpaceAfter=No	_	_	_	_	_
83-16	BZ006	83	16	arte	arte	_	_	_	_	_	linguistic	_	ContainsVariation=No	_	_	_	_	_	_
83-17	BZ006	83	17	la	la	_	_	_	_	_	linguistic	_	ContainsVariation=No	_	_	_	_	_	_
83-18	BZ006	83	18	musica,	musica	_	_	_	_	_	linguistic	_	ContainsVariation=No	Intonation=WeaklyRising	_	_	_	_	_
83-19	BZ006	83	19	mh	mh	_	_	_	_	_	linguistic	_	ContainsVariation=No	_	_	_	_	_	_
83-20	BZ006	83	20	un	un	_	_	_	_	_	linguistic	_	ContainsVariation=No	_	_	_	_	_	_
83-21	BZ006	83	21	po'	po'	_	_	_	_	_	linguistic	_	ContainsVariation=No	_	_	_	_	_	_
83-22	BZ006	83	22	più	più	_	_	_	_	_	linguistic	_	ContainsVariation=No	_	_	_	_	_	_
83-23	BZ006	83	23	hippie	hippie	_	_	_	_	_	linguistic	_	ContainsVariation=No	_	_	_	_	_	_
83-24	BZ006	83	24	una	una	_	_	_	_	_	linguistic	_	ContainsVariation=No	_	_	_	_	_	_
83-25	BZ006	83	25	versione	versione	_	_	_	_	_	linguistic	_	ContainsVariation=No	_	_	_	_	_	_
83-26	BZ006	83	26	più	più	_	_	_	_	_	linguistic	_	ContainsVariation=No	_	_	_	_	_	_
83-27	BZ006	83	27	hippie	hippie	_	_	_	_	_	linguistic	_	ContainsVariation=No	_	_	_	_	_	_
83-28	BZ006	83	28	di	di	_	_	_	_	_	linguistic	_	ContainsVariation=No	_	_	_	_	_	_
83-29	BZ006	83	29	me	me	_	_	_	_	_	linguistic	_	ContainsVariation=No	_	_	_	_	_	_
83-30	BZ006	83	30	[che	che	_	_	_	_	_	linguistic	_	ContainsVariation=No	_	_	_	_	_	0-3(30)
83-31	BZ006	83	31	sono],	sono	_	_	_	_	_	linguistic	_	ContainsVariation=No	Intonation=WeaklyRising	End=295.861	_	_	_	0-4(30)
84-0	BZ001	84	0	[okay],	okay	_	_	_	_	_	linguistic	_	ContainsVariation=No	Intonation=WeaklyRising	Begin=295.356|End=295.886	_	_	_	0-4(30)
85-0	BZ001	85	0	((ride))	((ride))	_	_	_	_	_	nonverbalbehavior	_	ContainsVariation=No	_	Begin=295.996	_	_	_	_
85-1	BZ001	85	1	[((ride))]	((ride))	_	_	_	_	_	nonverbalbehavior	_	ContainsVariation=No	_	End=297.126	_	_	_	X(31)
86-0	BZ006	86	0	[io	io	_	_	_	_	_	linguistic	_	ContainsVariation=No	_	Begin=296.556	_	_	_	0-2(31)
86-1	BZ006	86	1	sono	sono	_	_	_	_	_	linguistic	_	ContainsVariation=No	_	_	_	_	_	0-4(31)
86-2	BZ006	86	2	un	un	_	_	_	_	_	linguistic	_	ContainsVariation=No	_	_	_	_	_	0-2(31)
86-3	BZ006	86	3	po'	po'	_	_	_	_	_	linguistic	_	ContainsVariation=No	_	_	_	_	_	0-3(31)
86-4	BZ006	86	4	più]	più	_	_	_	_	_	linguistic	_	ContainsVariation=No	_	_	_	_	_	0-3(31)
86-5	BZ006	86	5	a-	a-	_	_	_	_	_	linguistic	_	ContainsVariation=No	Interrupted=Yes	_	_	_	_	_
86-6	BZ006	86	6	impostato	impostato	_	_	_	_	_	linguistic	_	ContainsVariation=No	_	_	_	_	_	_
86-7	BZ006	86	7	lui	lui	_	_	_	_	_	linguistic	_	ContainsVariation=No	_	_	_	_	_	_
86-8	BZ006	86	8	era	era	_	_	_	_	_	linguistic	_	ContainsVariation=No	_	_	_	_	_	_
86-9	BZ006	86	9	molto,	molto	_	_	_	_	_	linguistic	_	ContainsVariation=No	Intonation=WeaklyRising	End=299.126	_	_	_	_
87-0	BZ006	87	0	e::	e	_	_	_	_	_	linguistic	_	ContainsVariation=No	_	Begin=299.906	0x2	_	_	_
87-1	BZ006	87	1	mh	mh	_	_	_	_	_	linguistic	_	ContainsVariation=No	_	_	_	_	_	_
87-2	BZ006	87	2	lui	lui	_	_	_	_	_	linguistic	_	ContainsVariation=No	_	_	_	_	_	_
87-3	BZ006	87	3	mi	mi	_	_	_	_	_	linguistic	_	ContainsVariation=No	_	_	_	_	_	_
87-4	BZ006	87	4	mi	mi	_	_	_	_	_	linguistic	_	ContainsVariation=No	_	_	_	_	_	_
87-5	BZ006	87	5	aveva	aveva	_	_	_	_	_	linguistic	_	ContainsVariation=No	_	_	_	_	_	_
87-6	BZ006	87	6	detto	detto	_	_	_	_	_	linguistic	_	ContainsVariation=No	_	_	_	_	_	_
87-7	BZ006	87	7	questa	questa	_	_	_	_	_	linguistic	_	ContainsVariation=No	_	_	_	_	_	_
87-8	BZ006	87	8	cosa,	cosa	_	_	_	_	_	linguistic	_	ContainsVariation=No	Intonation=WeaklyRising|PauseAfter=Yes	_	_	_	_	_
87-9	BZ006	87	9	(.)	(.)	_	_	_	_	_	shortpause	_	ContainsVariation=No	_	_	_	_	_	_
87-10	BZ006	87	10	eh::,	eh	_	_	_	_	_	linguistic	_	ContainsVariation=No	Intonation=WeaklyRising	End=303.936	1x2	_	_	_
88-0	BZ006	88	0	quando	quando	_	_	_	_	_	linguistic	_	ContainsVariation=No	_	Begin=304.486	_	_	_	_
88-1	BZ006	88	1	>ci	ci	_	_	_	_	_	linguistic	_	ContainsVariation=No	_	_	_	Fast=0-2(0)	_	_
88-2	BZ006	88	2	siamo	siamo	_	_	_	_	_	linguistic	_	ContainsVariation=No	_	_	_	Fast=0-5(0)	_	_
88-3	BZ006	88	3	un	un	_	_	_	_	_	linguistic	_	ContainsVariation=No	_	_	_	Fast=0-2(0)	_	_
88-4	BZ006	88	4	po'	po'	_	_	_	_	_	linguistic	_	ContainsVariation=No	_	_	_	Fast=0-3(0)	_	_
88-5	BZ006	88	5	confrontati	confrontati	_	_	_	_	_	linguistic	_	ContainsVariation=No	_	_	_	Fast=0-11(0)	_	_
88-6	BZ006	88	6	sulla	sulla	_	_	_	_	_	linguistic	_	ContainsVariation=No	_	_	_	Fast=0-5(0)	_	_
88-7	BZ006	88	7	musica	musica	_	_	_	_	_	linguistic	_	ContainsVariation=No	_	_	_	Fast=0-6(0)	_	_
88-8	BZ006	88	8	no?	no	_	_	_	_	_	linguistic	_	ContainsVariation=No	Intonation=Rising	_	_	Fast=0-2(0)	_	_
88-9	BZ006	88	9	lui	lui	_	_	_	_	_	linguistic	_	ContainsVariation=No	_	_	_	Fast=0-3(0)	_	_
88-10	BZ006	88	10	mi	mi	_	_	_	_	_	linguistic	_	ContainsVariation=No	_	_	_	Fast=0-2(0)	_	_
88-11	BZ006	88	11	faceva	faceva	_	_	_	_	_	linguistic	_	ContainsVariation=No	_	_	_	Fast=0-6(0)	_	_
88-12	BZ006	88	12	ascoltare	ascoltare	_	_	_	_	_	linguistic	_	ContainsVariation=No	_	_	_	Fast=0-9(0)	_	_
88-13	BZ006	88	13	qualcosa	qualcosa	_	_	_	_	_	linguistic	_	ContainsVariation=No	_	_	_	Fast=0-8(0)	_	_
88-14	BZ006	88	14	di	di	_	_	_	_	_	linguistic	_	ContainsVariation=No	_	_	_	Fast=0-2(0)	_	_
88-15	BZ006	88	15	francese,	francese	_	_	_	_	_	linguistic	_	ContainsVariation=No	Intonation=WeaklyRising	_	_	Fast=0-8(0)	_	_
88-16	BZ006	88	16	io	io	_	_	_	_	_	linguistic	_	ContainsVariation=No	_	_	_	Fast=0-2(0)	_	_
88-17	BZ006	88	17	gli	gli	_	_	_	_	_	linguistic	_	ContainsVariation=No	_	_	_	Fast=0-3(0)	_	_
88-18	BZ006	88	18	facevo	facevo	_	_	_	_	_	linguistic	_	ContainsVariation=No	_	_	_	Fast=0-6(0)	_	_
88-19	BZ006	88	19	ascoltare	ascoltare	_	_	_	_	_	linguistic	_	ContainsVariation=No	_	_	_	Fast=0-9(0)	_	_
88-20	BZ006	88	20	qualcosa	qualcosa	_	_	_	_	_	linguistic	_	ContainsVariation=No	_	_	_	Fast=0-8(0)	_	_
88-21	BZ006	88	21	di	di	_	_	_	_	_	linguistic	_	ContainsVariation=No	_	_	_	Fast=0-2(0)	_	_
88-22	BZ006	88	22	italiano<,	italiano	_	_	_	_	_	linguistic	_	ContainsVariation=No	Intonation=WeaklyRising	End=309.586	_	Fast=0-8(0)	_	_
89-0	BZ006	89	0	e	e	_	_	_	_	_	linguistic	_	ContainsVariation=No	_	Begin=310.261	_	_	_	_
89-1	BZ006	89	1	mi	mi	_	_	_	_	_	linguistic	_	ContainsVariation=No	_	_	_	_	_	_
89-2	BZ006	89	2	fa	fa	_	_	_	_	_	linguistic	_	ContainsVariation=No	_	_	_	_	_	_
89-3	BZ006	89	3	io	io	_	_	_	_	_	linguistic	_	ContainsVariation=No	_	_	_	_	_	_
89-4	BZ006	89	4	conosco	conosco	_	_	_	_	_	linguistic	_	ContainsVariation=No	_	_	_	_	_	_
89-5	BZ006	89	5	soltanto	soltanto	_	_	_	_	_	linguistic	_	ContainsVariation=No	_	_	_	_	_	_
89-6	BZ006	89	6	una	una	_	_	_	_	_	linguistic	_	ContainsVariation=No	_	_	_	_	_	_
89-7	BZ006	89	7	canzone	canzone	_	_	_	_	_	linguistic	_	ContainsVariation=No	_	_	_	_	_	_
89-8	BZ006	89	8	italiana	italiana	_	_	_	_	_	linguistic	_	ContainsVariation=No	_	_	_	_	_	_
89-9	BZ006	89	9	ed	ed	_	_	_	_	_	linguistic	_	ContainsVariation=No	_	_	_	_	_	_
89-10	BZ006	89	10	è	è	_	_	_	_	_	linguistic	_	ContainsVariation=No	_	_	_	_	_	_
89-11	BZ006	89	11	penso	penso	_	_	_	_	_	linguistic	_	ContainsVariation=No	_	_	_	_	_	_
89-12	BZ006	89	12	la	la	_	_	_	_	_	linguistic	_	ContainsVariation=No	_	_	_	_	_	_
89-13	BZ006	89	13	più	più	_	_	_	_	_	linguistic	_	ContainsVariation=No	_	_	_	_	_	_
89-14	BZ006	89	14	bella	bella	_	_	_	_	_	linguistic	_	ContainsVariation=No	_	_	_	_	_	_
89-15	BZ006	89	15	che	che	_	_	_	_	_	linguistic	_	ContainsVariation=No	_	_	_	_	_	_
89-16	BZ006	89	16	conosco	conosco	_	_	_	_	_	linguistic	_	ContainsVariation=No	_	_	_	_	_	_
89-17	BZ006	89	17	>anche	anche	_	_	_	_	_	linguistic	_	ContainsVariation=No	_	_	_	Fast=0-5(0)	_	_
89-18	BZ006	89	18	perché	perché	_	_	_	_	_	linguistic	_	ContainsVariation=No	_	_	_	Fast=0-6(0)	_	_
89-19	BZ006	89	19	probabilmente	probabilmente	_	_	_	_	_	linguistic	_	ContainsVariation=No	_	_	_	Fast=0-13(0)	_	_
89-20	BZ006	89	20	era	era	_	_	_	_	_	linguistic	_	ContainsVariation=No	_	_	_	Fast=0-3(0)	_	_
89-21	BZ006	89	21	l'	l'	_	_	_	_	_	linguistic	_	ContainsVariation=No	SpaceAfter=No	_	_	Fast=0-2(0)	_	_
89-22	BZ006	89	22	unica<,	unica	_	_	_	_	_	linguistic	_	ContainsVariation=No	Intonation=WeaklyRising|PauseAfter=Yes	_	_	Fast=0-5(0)	_	_
89-23	BZ006	89	23	(.)	(.)	_	_	_	_	_	shortpause	_	ContainsVariation=No	_	_	_	_	_	_
89-24	BZ006	89	24	ed	ed	_	_	_	_	_	linguistic	_	ContainsVariation=No	_	_	_	_	_	_
89-25	BZ006	89	25	era,	era	_	_	_	_	_	linguistic	_	ContainsVariation=No	Intonation=WeaklyRising	_	_	_	_	_
89-26	BZ006	89	26	ti	ti	_	_	_	_	_	linguistic	_	ContainsVariation=No	_	_	_	_	_	_
89-27	BZ006	89	27	amo	amo	_	_	_	_	_	linguistic	_	ContainsVariation=No	_	_	_	_	_	_
89-28	BZ006	89	28	di	di	_	_	_	_	_	linguistic	_	ContainsVariation=No	_	_	_	_	_	_
89-29	BZ006	89	29	umberto	umberto	_	_	_	_	_	linguistic	_	ContainsVariation=No	_	_	_	_	_	_
89-30	BZ006	89	30	[tozzi	tozzi	_	_	_	_	_	linguistic	_	ContainsVariation=No	_	_	_	_	_	0-5(33)
89-31	BZ006	89	31	no]?	no	_	_	_	_	_	linguistic	_	ContainsVariation=No	Intonation=Rising	End=319.691	_	_	_	0-2(33)
90-0	BZ001	90	0	[ah	ah	_	_	_	_	_	linguistic	_	ContainsVariation=No	_	Begin=319.091	_	_	_	0-2(33)
90-1	BZ001	90	1	okay].	okay	_	_	_	_	_	linguistic	_	ContainsVariation=No	Intonation=Falling	End=319.711	_	_	_	0-4(33)
91-0	BZ001	91	0	eh	eh	_	_	_	_	_	linguistic	_	ContainsVariation=No	_	Begin=320.016	_	_	_	_
91-1	BZ001	91	1	((ridendo))	((ridendo))	_	_	_	_	_	nonverbalbehavior	_	ContainsVariation=No	_	End=320.226	_	_	_	_
92-0	BZ006	92	0	e	e	_	_	_	_	_	linguistic	_	ContainsVariation=No	_	Begin=320.416	_	_	_	_
92-1	BZ006	92	1	faccio	faccio	_	_	_	_	_	linguistic	_	ContainsVariation=No	_	_	_	_	_	_
92-2	BZ006	92	2	((sbuffa))	((sbuffa))	_	_	_	_	_	nonverbalbehavior	_	ContainsVariation=No	_	End=321.5185	_	_	_	_
93-0	BZ001	93	0	storica	storica	_	_	_	_	_	linguistic	_	ContainsVariation=No	_	Begin=321.5185|End=322.211	_	_	_	_
94-0	BZ006	94	0	onesta[mente	onestamente	_	_	_	_	_	linguistic	_	ContainsVariation=No	_	Begin=322.191	_	_	_	6-11(35)
94-1	BZ006	94	1	boh]	boh	_	_	_	_	_	linguistic	_	ContainsVariation=No	_	_	_	_	_	0-3(35)
94-2	BZ006	94	2	mh,	mh	_	_	_	_	_	linguistic	_	ContainsVariation=No	Intonation=WeaklyRising	End=323.561	_	_	_	_
95-0	BZ001	95	0	[he	he	_	_	_	_	_	linguistic	_	ContainsVariation=No	_	Begin=322.741	_	_	_	0-2(35)
95-1	BZ001	95	1	((ridendo))]	((ridendo))	_	_	_	_	_	nonverbalbehavior	_	ContainsVariation=No	_	End=323.251	_	_	_	X(35)
96-0	BZ006	96	0	c'	c'	_	_	_	_	_	linguistic	_	ContainsVariation=No	SpaceAfter=No	Begin=324.221	_	_	_	_
96-1	BZ006	96	1	è	è	_	_	_	_	_	linguistic	_	ContainsVariation=No	_	_	_	_	_	_
96-2	BZ006	96	2	vasco	vasco	_	_	_	_	_	linguistic	_	ContainsVariation=No	_	_	_	_	_	_
96-3	BZ006	96	3	rossi	rossi	_	_	_	_	_	linguistic	_	ContainsVariation=No	_	_	_	_	_	_
96-4	BZ006	96	4	c'	c'	_	_	_	_	_	linguistic	_	ContainsVariation=No	SpaceAfter=No	_	_	_	_	_
96-5	BZ006	96	5	è	è	_	_	_	_	_	linguistic	_	ContainsVariation=No	_	_	_	_	_	_
96-6	BZ006	96	6	un	un	_	_	_	_	_	linguistic	_	ContainsVariation=No	_	_	_	_	_	_
96-7	BZ006	96	7	sacco	sacco	_	_	_	_	_	linguistic	_	ContainsVariation=No	_	_	_	_	_	_
96-8	BZ006	96	8	di	di	_	_	_	_	_	linguistic	_	ContainsVariation=No	_	_	_	_	_	_
96-9	BZ006	96	9	roba	roba	_	_	_	_	_	linguistic	_	ContainsVariation=No	_	_	_	_	_	_
96-10	BZ006	96	10	figa	figa	_	_	_	_	_	linguistic	_	ContainsVariation=No	_	_	_	_	_	_
96-11	BZ006	96	11	in	in	_	_	_	_	_	linguistic	_	ContainsVariation=No	_	_	_	_	_	_
96-12	BZ006	96	12	italia	italia	_	_	_	_	_	linguistic	_	ContainsVariation=No	_	_	_	_	_	_
96-13	BZ006	96	13	se	se	_	_	_	_	_	linguistic	_	ContainsVariation=No	_	_	_	_	_	_
96-14	BZ006	96	14	devi	devi	_	_	_	_	_	linguistic	_	ContainsVariation=No	_	_	_	_	_	_
96-15	BZ006	96	15	prendermi	prendermi	_	_	_	_	_	linguistic	_	ContainsVariation=No	_	_	_	_	_	_
96-16	BZ006	96	16	umberto	umberto	_	_	_	_	_	linguistic	_	ContainsVariation=No	_	_	_	_	_	_
96-17	BZ006	96	17	tozzi	tozzi	_	_	_	_	_	linguistic	_	ContainsVariation=No	_	_	_	_	_	_
96-18	BZ006	96	18	dalla	dalla	_	_	_	_	_	linguistic	_	ContainsVariation=No	_	_	_	_	_	_
96-19	BZ006	96	19	francia	francia	_	_	_	_	_	linguistic	_	ContainsVariation=No	_	_	_	_	_	_
96-20	BZ006	96	20	dico	dico	_	_	_	_	_	linguistic	_	ContainsVariation=No	_	_	_	_	_	_
96-21	BZ006	96	21	vabbè	vabbè	_	_	_	_	_	linguistic	_	ContainsVariation=No	_	_	_	_	_	_
96-22	BZ006	96	22	non	non	_	_	_	_	_	linguistic	_	ContainsVariation=No	_	_	_	_	_	_
96-23	BZ006	96	23	hai	hai	_	_	_	_	_	linguistic	_	ContainsVariation=No	_	_	_	_	_	_
96-24	BZ006	96	24	conoscenza	conoscenza	_	_	_	_	_	linguistic	_	ContainsVariation=No	_	_	_	_	_	_
96-25	BZ006	96	25	della	della	_	_	_	_	_	linguistic	_	ContainsVariation=No	_	_	_	_	_	_
96-26	BZ006	96	26	lingua	lingua	_	_	_	_	_	linguistic	_	ContainsVariation=No	_	_	_	_	_	_
96-27	BZ006	96	27	italiana,	italiana	_	_	_	_	_	linguistic	_	ContainsVariation=No	Intonation=WeaklyRising	_	_	_	_	_
96-28	BZ006	96	28	((ridendo))	((ridendo))	_	_	_	_	_	nonverbalbehavior	_	ContainsVariation=No	_	End=331.581	_	_	_	_
97-0	BZ006	97	0	e	e	_	_	_	_	_	linguistic	_	ContainsVariation=No	_	Begin=332.326	_	_	_	_
97-1	BZ006	97	1	in	in	_	_	_	_	_	linguistic	_	ContainsVariation=No	_	_	_	_	_	_
97-2	BZ006	97	2	realtà	realtà	_	_	_	_	_	linguistic	_	ContainsVariation=No	_	_	_	_	_	_
97-3	BZ006	97	3	mi	mi	_	_	_	_	_	linguistic	_	ContainsVariation=No	_	_	_	_	_	_
97-4	BZ006	97	4	fa,	fa	_	_	_	_	_	linguistic	_	ContainsVariation=No	Intonation=WeaklyRising	_	_	_	_	_
97-5	BZ006	97	5	in	in	_	_	_	_	_	linguistic	_	ContainsVariation=No	_	_	_	_	_	_
97-6	BZ006	97	6	realtà	realtà	_	_	_	_	_	linguistic	_	ContainsVariation=No	_	_	_	_	_	_
97-7	BZ006	97	7	me	me	_	_	_	_	_	linguistic	_	ContainsVariation=No	_	_	_	_	_	_
97-8	BZ006	97	8	l'	l'	_	_	_	_	_	linguistic	_	ContainsVariation=No	SpaceAfter=No	_	_	_	_	_
97-9	BZ006	97	9	ha:	ha	_	_	_	_	_	linguistic	_	ContainsVariation=No	PauseAfter=Yes	_	1x1	_	_	_
97-10	BZ006	97	10	(.)	(.)	_	_	_	_	_	shortpause	_	ContainsVariation=No	_	_	_	_	_	_
97-11	BZ006	97	11	mi	mi	_	_	_	_	_	linguistic	_	ContainsVariation=No	_	_	_	_	_	_
97-12	BZ006	97	12	ha	ha	_	_	_	_	_	linguistic	_	ContainsVariation=No	_	_	_	_	_	_
97-13	BZ006	97	13	giustificato	giustificato	_	_	_	_	_	linguistic	_	ContainsVariation=No	_	_	_	_	_	_
97-14	BZ006	97	14	questa	questa	_	_	_	_	_	linguistic	_	ContainsVariation=No	_	_	_	_	_	_
97-15	BZ006	97	15	cosa,	cosa	_	_	_	_	_	linguistic	_	ContainsVariation=No	Intonation=WeaklyRising	_	_	_	_	_
97-16	BZ006	97	16	mi	mi	_	_	_	_	_	linguistic	_	ContainsVariation=No	_	_	_	_	_	_
97-17	BZ006	97	17	fa	fa	_	_	_	_	_	linguistic	_	ContainsVariation=No	_	_	_	_	_	_
97-18	BZ006	97	18	sai	sai	_	_	_	_	_	linguistic	_	ContainsVariation=No	_	_	_	_	_	_
97-19	BZ006	97	19	perché	perché	_	_	_	_	_	linguistic	_	ContainsVariation=No	_	_	_	_	_	_
97-20	BZ006	97	20	mi	mi	_	_	_	_	_	linguistic	_	ContainsVariation=No	_	_	_	_	_	_
97-21	BZ006	97	21	piace,	piace	_	_	_	_	_	linguistic	_	ContainsVariation=No	Intonation=WeaklyRising	_	_	_	_	_
97-22	BZ006	97	22	perché	perché	_	_	_	_	_	linguistic	_	ContainsVariation=No	_	_	_	_	_	_
97-23	BZ006	97	23	l'	l'	_	_	_	_	_	linguistic	_	ContainsVariation=No	SpaceAfter=No	_	_	_	_	_
97-24	BZ006	97	24	italiano,	italiano	_	_	_	_	_	linguistic	_	ContainsVariation=No	Intonation=WeaklyRising	End=338.546	_	_	_	_
98-0	BZ006	98	0	eh::	eh	_	_	_	_	_	linguistic	_	ContainsVariation=No	_	Begin=339.321	1x2	_	_	_
98-1	BZ006	98	1	insieme	insieme	_	_	_	_	_	linguistic	_	ContainsVariation=No	_	_	_	_	_	_
98-2	BZ006	98	2	allo	allo	_	_	_	_	_	linguistic	_	ContainsVariation=No	_	_	_	_	_	_
98-3	BZ006	98	3	spagnolo	spagnolo	_	_	_	_	_	linguistic	_	ContainsVariation=No	_	_	_	_	_	_
98-4	BZ006	98	4	ma	ma	_	_	_	_	_	linguistic	_	ContainsVariation=No	_	_	_	_	_	_
98-5	BZ006	98	5	questo	questo	_	_	_	_	_	linguistic	_	ContainsVariation=No	_	_	_	_	_	_
98-6	BZ006	98	6	è	è	_	_	_	_	_	linguistic	_	ContainsVariation=No	_	_	_	_	_	_
98-7	BZ006	98	7	un	un	_	_	_	_	_	linguistic	_	ContainsVariation=No	_	_	_	_	_	_
98-8	BZ006	98	8	inciso	inciso	_	_	_	_	_	linguistic	_	ContainsVariation=No	_	_	_	_	_	_
98-9	BZ006	98	9	mio,	mio	_	_	_	_	_	linguistic	_	ContainsVariation=No	Intonation=WeaklyRising	End=341.651	_	_	_	_
99-0	BZ006	99	0	eh,	eh	_	_	_	_	_	linguistic	_	ContainsVariation=No	Intonation=WeaklyRising	Begin=342.391|End=342.851	_	_	_	_
100-0	BZ006	100	0	è	è	_	_	_	_	_	linguistic	_	ContainsVariation=No	_	Begin=343.096	_	_	_	_
100-1	BZ006	100	1	l'	l'	_	_	_	_	_	linguistic	_	ContainsVariation=No	SpaceAfter=No	_	_	_	_	_
100-2	BZ006	100	2	unica	unica	_	_	_	_	_	linguistic	_	ContainsVariation=No	_	_	_	_	_	_
100-3	BZ006	100	3	lingua,	lingua	_	_	_	_	_	linguistic	_	ContainsVariation=No	Intonation=WeaklyRising	End=344.346	_	_	_	_
101-0	BZ006	101	0	che,	che	_	_	_	_	_	linguistic	_	ContainsVariation=No	Intonation=WeaklyRising|PauseAfter=Yes	Begin=344.836	_	_	_	_
101-1	BZ006	101	1	(.)	(.)	_	_	_	_	_	shortpause	_	ContainsVariation=No	_	_	_	_	_	_
101-2	BZ006	101	2	eh	eh	_	_	_	_	_	linguistic	_	ContainsVariation=No	_	_	_	_	_	_
101-3	BZ006	101	3	quando	quando	_	_	_	_	_	linguistic	_	ContainsVariation=No	_	_	_	_	_	_
101-4	BZ006	101	4	dici	dici	_	_	_	_	_	linguistic	_	ContainsVariation=No	_	_	_	_	_	_
101-5	BZ006	101	5	ti	ti	_	_	_	_	_	linguistic	_	ContainsVariation=No	_	_	_	_	_	_
101-6	BZ006	101	6	amo	amo	_	_	_	_	_	linguistic	_	ContainsVariation=No	_	_	_	_	_	_
101-7	BZ006	101	7	mette	mette	_	_	_	_	_	linguistic	_	ContainsVariation=No	_	_	_	_	_	_
101-8	BZ006	101	8	davanti	davanti	_	_	_	_	_	linguistic	_	ContainsVariation=No	_	_	_	_	_	_
101-9	BZ006	101	9	la	la	_	_	_	_	_	linguistic	_	ContainsVariation=No	_	_	_	_	_	_
101-10	BZ006	101	10	persona,	persona	_	_	_	_	_	linguistic	_	ContainsVariation=No	Intonation=WeaklyRising	End=347.946	_	_	_	_
102-0	BZ006	102	0	a	a	_	_	_	_	_	linguistic	_	ContainsVariation=No	_	Begin=348.866	_	_	_	_
102-1	BZ006	102	1	cui	cui	_	_	_	_	_	linguistic	_	ContainsVariation=No	_	_	_	_	_	_
102-2	BZ006	102	2	è	è	_	_	_	_	_	linguistic	_	ContainsVariation=No	_	_	_	_	_	_
102-3	BZ006	102	3	rivolta	rivolta	_	_	_	_	_	linguistic	_	ContainsVariation=No	_	_	_	_	_	_
102-4	BZ006	102	4	[questa	questa	_	_	_	_	_	linguistic	_	ContainsVariation=No	_	_	_	_	_	0-6(38)
102-5	BZ006	102	5	azio]ne,	azione	_	_	_	_	_	linguistic	_	ContainsVariation=No	Intonation=WeaklyRising	_	_	_	_	0-4(38)
102-6	BZ006	102	6	cioè	cioè	_	_	_	_	_	linguistic	_	ContainsVariation=No	_	_	_	_	_	_
102-7	BZ006	102	7	l'	l'	_	_	_	_	_	linguistic	_	ContainsVariation=No	SpaceAfter=No	_	_	_	_	_
102-8	BZ006	102	8	oggetto	oggetto	_	_	_	_	_	linguistic	_	ContainsVariation=No	_	End=350.856	_	_	_	_
103-0	BZ001	103	0	[ah],	ah	_	_	_	_	_	linguistic	_	ContainsVariation=No	Intonation=WeaklyRising	Begin=349.536|End=350.056	_	_	_	0-2(38)
104-0	BZ001	104	0	[mh	mh	_	_	_	_	_	linguistic	_	ContainsVariation=No	ProsodicLink=Yes	Begin=350.951	_	_	_	0-2(39)
104-1	BZ001	104	1	mh].	mh	_	_	_	_	_	linguistic	_	ContainsVariation=No	Intonation=Falling	End=351.591	_	_	_	0-2(39)
105-0	BZ006	105	0	[<ti	ti	_	_	_	_	_	linguistic	_	ContainsVariation=No	_	Begin=350.951	_	Slow=0-2(0)	_	0-2(39)
105-1	BZ006	105	1	amo>.]	amo	_	_	_	_	_	linguistic	_	ContainsVariation=No	Intonation=Falling	End=351.591	_	Slow=0-3(0)	_	0-3(39)
106-0	BZ006	106	0	in	in	_	_	_	_	_	linguistic	_	ContainsVariation=No	_	Begin=352.116	_	_	_	_
106-1	BZ006	106	1	francese	francese	_	_	_	_	_	linguistic	_	ContainsVariation=No	_	_	_	_	_	_
106-2	BZ006	106	2	<i>	i	_	_	_	_	_	linguistic	_	ContainsVariation=No	_	_	_	Slow=0-1(0)	_	_
106-3	BZ006	106	3	love	love	_	_	_	_	_	linguistic	_	ContainsVariation=No	_	_	_	_	_	_
106-4	BZ006	106	4	you.	you	_	_	_	_	_	linguistic	_	ContainsVariation=No	Intonation=Falling|PauseAfter=Yes	_	_	_	_	_
106-5	BZ006	106	5	(.)	(.)	_	_	_	_	_	shortpause	_	ContainsVariation=No	_	_	_	_	_	_
106-6	BZ006	106	6	[in	in	_	_	_	_	_	linguistic	_	ContainsVariation=No	_	_	_	_	_	0-2(40)
106-7	BZ006	106	7	tedes]co	tedesco	_	_	_	_	_	linguistic	_	ContainsVariation=No	_	_	_	_	_	0-5(40)
106-8	BZ006	106	8	ich	ich	_	_	_	_	_	linguistic	_	ContainsVariation=No	_	_	_	_	_	_
106-9	BZ006	106	9	liebe	liebe	_	_	_	_	_	linguistic	_	ContainsVariation=No	_	_	_	_	_	_
106-10	BZ006	106	10	dich.	dich	_	_	_	_	_	linguistic	_	ContainsVariation=No	Intonation=Falling	End=355.586	_	_	_	_
107-0	BZ001	107	0	[mh	mh	_	_	_	_	_	linguistic	_	ContainsVariation=No	ProsodicLink=Yes	Begin=353.926	_	_	_	0-2(40)
107-1	BZ001	107	1	mh].	mh	_	_	_	_	_	linguistic	_	ContainsVariation=No	Intonation=Falling	End=354.226	_	_	_	0-2(40)
108-0	BZ006	108	0	quindi	quindi	_	_	_	_	_	linguistic	_	ContainsVariation=No	_	Begin=355.996	_	_	_	_
108-1	BZ006	108	1	è	è	_	_	_	_	_	linguistic	_	ContainsVariation=No	_	_	_	_	_	_
108-2	BZ006	108	2	l'	l'	_	_	_	_	_	linguistic	_	ContainsVariation=No	SpaceAfter=No	_	_	_	_	_
108-3	BZ006	108	3	unica	unica	_	_	_	_	_	linguistic	_	ContainsVariation=No	_	_	_	_	_	_
108-4	BZ006	108	4	lingua	lingua	_	_	_	_	_	linguistic	_	ContainsVariation=No	_	_	_	_	_	_
108-5	BZ006	108	5	in	in	_	_	_	_	_	linguistic	_	ContainsVariation=No	_	_	_	_	_	_
108-6	BZ006	108	6	cui	cui	_	_	_	_	_	linguistic	_	ContainsVariation=No	_	_	_	_	_	_
108-7	BZ006	108	7	tu	tu	_	_	_	_	_	linguistic	_	ContainsVariation=No	_	_	_	_	_	_
108-8	BZ006	108	8	metti	metti	_	_	_	_	_	linguistic	_	ContainsVariation=No	_	_	_	_	_	_
108-9	BZ006	108	9	davanti,	davanti	_	_	_	_	_	linguistic	_	ContainsVariation=No	Intonation=WeaklyRising	_	_	_	_	_
108-10	BZ006	108	10	quando	quando	_	_	_	_	_	linguistic	_	ContainsVariation=No	_	_	_	_	_	_
108-11	BZ006	108	11	dici	dici	_	_	_	_	_	linguistic	_	ContainsVariation=No	_	_	_	_	_	_
108-12	BZ006	108	12	ti	ti	_	_	_	_	_	linguistic	_	ContainsVariation=No	_	_	_	_	_	_
108-13	BZ006	108	13	amo,	amo	_	_	_	_	_	linguistic	_	ContainsVariation=No	Intonation=WeaklyRising	_	_	_	_	_
108-14	BZ006	108	14	la	la	_	_	_	_	_	linguistic	_	ContainsVariation=No	_	_	_	_	_	_
108-15	BZ006	108	15	persona	persona	_	_	_	_	_	linguistic	_	ContainsVariation=No	_	_	_	_	_	_
108-16	BZ006	108	16	che	che	_	_	_	_	_	linguistic	_	ContainsVariation=No	_	_	_	_	_	_
108-17	BZ006	108	17	hai	hai	_	_	_	_	_	linguistic	_	ContainsVariation=No	_	_	_	_	_	_
108-18	BZ006	108	18	di	di	_	_	_	_	_	linguistic	_	ContainsVariation=No	_	_	_	_	_	_
108-19	BZ006	108	19	fronte.	fronte	_	_	_	_	_	linguistic	_	ContainsVariation=No	Intonation=Falling	_	_	_	_	_
108-20	BZ006	108	20	e,	e	_	_	_	_	_	linguistic	_	ContainsVariation=No	Intonation=WeaklyRising	End=360.996	_	_	_	_
109-0	BZ006	109	0	metti	metti	_	_	_	_	_	linguistic	_	ContainsVariation=No	_	Begin=361.671	_	_	_	_
109-1	BZ006	109	1	te	te	_	_	_	_	_	linguistic	_	ContainsVariation=No	_	_	_	_	_	_
109-2	BZ006	109	2	stesso	stesso	_	_	_	_	_	linguistic	_	ContainsVariation=No	_	_	_	_	_	_
109-3	BZ006	109	3	invece	invece	_	_	_	_	_	linguistic	_	ContainsVariation=No	_	_	_	_	_	_
109-4	BZ006	109	4	come,	come	_	_	_	_	_	linguistic	_	ContainsVariation=No	Intonation=WeaklyRising	_	_	_	_	_
109-5	BZ006	109	5	sottinteso	sottinteso	_	_	_	_	_	linguistic	_	ContainsVariation=No	_	_	_	_	_	_
109-6	BZ006	109	6	come	come	_	_	_	_	_	linguistic	_	ContainsVariation=No	_	_	_	_	_	_
109-7	BZ006	109	7	soggetto	soggetto	_	_	_	_	_	linguistic	_	ContainsVariation=No	_	_	_	_	_	_
109-8	BZ006	109	8	sottinteso	sottinteso	_	_	_	_	_	linguistic	_	ContainsVariation=No	_	_	_	_	_	_
109-9	BZ006	109	9	io	io	_	_	_	_	_	linguistic	_	ContainsVariation=No	_	_	_	_	_	_
109-10	BZ006	109	10	ti	ti	_	_	_	_	_	linguistic	_	ContainsVariation=No	_	_	_	_	_	_
109-11	BZ006	109	11	amo.	amo	_	_	_	_	_	linguistic	_	ContainsVariation=No	Intonation=Falling	End=366.231	_	_	_	_
110-0	BZ006	110	0	e:	e	_	_	_	_	_	linguistic	_	ContainsVariation=No	_	Begin=367.116|End=367.806	0x1	_	_	_
111-0	BZ006	111	0	questa	questa	_	_	_	_	_	linguistic	_	ContainsVariation=No	_	Begin=368.026	_	_	_	_
111-1	BZ006	111	1	cosa	cosa	_	_	_	_	_	linguistic	_	ContainsVariation=No	_	_	_	_	_	_
111-2	BZ006	111	2	qui	qui	_	_	_	_	_	linguistic	_	ContainsVariation=No	_	_	_	_	_	_
111-3	BZ006	111	3	eh	eh	_	_	_	_	_	linguistic	_	ContainsVariation=No	_	_	_	_	_	_
111-4	BZ006	111	4	è	è	_	_	_	_	_	linguistic	_	ContainsVariation=No	_	_	_	_	_	_
111-5	BZ006	111	5	una	una	_	_	_	_	_	linguistic	_	ContainsVariation=No	_	_	_	_	_	_
111-6	BZ006	111	6	cosa	cosa	_	_	_	_	_	linguistic	_	ContainsVariation=No	_	_	_	_	_	_
111-7	BZ006	111	7	che	che	_	_	_	_	_	linguistic	_	ContainsVariation=No	_	_	_	_	_	_
111-8	BZ006	111	8	mi	mi	_	_	_	_	_	linguistic	_	ContainsVariation=No	_	_	_	_	_	_
111-9	BZ006	111	9	è	è	_	_	_	_	_	linguistic	_	ContainsVariation=No	_	_	_	_	_	_
111-10	BZ006	111	10	rimasta	rimasta	_	_	_	_	_	linguistic	_	ContainsVariation=No	_	_	_	_	_	_
111-11	BZ006	111	11	impressa	impressa	_	_	_	_	_	linguistic	_	ContainsVariation=No	_	_	_	_	_	_
111-12	BZ006	111	12	da	da	_	_	_	_	_	linguistic	_	ContainsVariation=No	_	_	_	_	_	_
111-13	BZ006	111	13	allora,	allora	_	_	_	_	_	linguistic	_	ContainsVariation=No	Intonation=WeaklyRising	_	_	_	_	_
111-14	BZ006	111	14	son	son	_	_	_	_	_	linguistic	_	ContainsVariation=No	_	_	_	_	_	_
111-15	BZ006	111	15	passati	passati	_	_	_	_	_	linguistic	_	ContainsVariation=No	_	_	_	_	_	_
111-16	BZ006	111	16	tanti	tanti	_	_	_	_	_	linguistic	_	ContainsVariation=No	_	_	_	_	_	_
111-17	BZ006	111	17	anni	anni	_	_	_	_	_	linguistic	_	ContainsVariation=No	_	_	_	_	_	_
111-18	BZ006	111	18	ormai,	ormai	_	_	_	_	_	linguistic	_	ContainsVariation=No	Intonation=WeaklyRising	End=373.316	_	_	_	_
112-0	BZ006	112	0	e	e	_	_	_	_	_	linguistic	_	ContainsVariation=No	_	Begin=373.706	_	_	_	_
112-1	BZ006	112	1	che	che	_	_	_	_	_	linguistic	_	ContainsVariation=No	_	_	_	_	_	_
112-2	BZ006	112	2	penso	penso	_	_	_	_	_	linguistic	_	ContainsVariation=No	_	_	_	_	_	_
112-3	BZ006	112	3	abbia	abbia	_	_	_	_	_	linguistic	_	ContainsVariation=No	_	_	_	_	_	_
112-4	BZ006	112	4	forse	forse	_	_	_	_	_	linguistic	_	ContainsVariation=No	_	_	_	_	_	_
112-5	BZ006	112	5	anche	anche	_	_	_	_	_	linguistic	_	ContainsVariation=No	_	_	_	_	_	_
112-6	BZ006	112	6	influenzato	influenzato	_	_	_	_	_	linguistic	_	ContainsVariation=No	_	_	_	_	_	_
112-7	BZ006	112	7	più	più	_	_	_	_	_	linguistic	_	ContainsVariation=No	_	_	_	_	_	_
112-8	BZ006	112	8	di	di	_	_	_	_	_	linguistic	_	ContainsVariation=No	_	_	_	_	_	_
112-9	BZ006	112	9	quanto	quanto	_	_	_	_	_	linguistic	_	ContainsVariation=No	_	_	_	_	_	_
112-10	BZ006	112	10	io	io	_	_	_	_	_	linguistic	_	ContainsVariation=No	_	_	_	_	_	_
112-11	BZ006	112	11	stesso	stesso	_	_	_	_	_	linguistic	_	ContainsVariation=No	_	_	_	_	_	_
112-12	BZ006	112	12	creda	creda	_	_	_	_	_	linguistic	_	ContainsVariation=No	_	_	_	_	_	_
112-13	BZ006	112	13	anche	anche	_	_	_	_	_	linguistic	_	ContainsVariation=No	_	_	_	_	_	_
112-14	BZ006	112	14	il	il	_	_	_	_	_	linguistic	_	ContainsVariation=No	_	_	_	_	_	_
112-15	BZ006	112	15	mio	mio	_	_	_	_	_	linguistic	_	ContainsVariation=No	_	_	_	_	_	_
112-16	BZ006	112	16	rapporto	rapporto	_	_	_	_	_	linguistic	_	ContainsVariation=No	_	_	_	_	_	_
112-17	BZ006	112	17	con	con	_	_	_	_	_	linguistic	_	ContainsVariation=No	_	_	_	_	_	_
112-18	BZ006	112	18	le	le	_	_	_	_	_	linguistic	_	ContainsVariation=No	_	_	_	_	_	_
112-19	BZ006	112	19	lingue.	lingue	_	_	_	_	_	linguistic	_	ContainsVariation=No	Intonation=Falling	End=378.966	_	_	_	_
113-0	BZ006	113	0	perchémi	perchémi	_	_	_	_	_	linguistic	_	ContainsVariation=No	_	Begin=379.521	_	_	_	_
113-1	BZ006	113	1	ha	ha	_	_	_	_	_	linguistic	_	ContainsVariation=No	_	_	_	_	_	_
113-2	BZ006	113	2	fatto	fatto	_	_	_	_	_	linguistic	_	ContainsVariation=No	_	_	_	_	_	_
113-3	BZ006	113	3	capire	capire	_	_	_	_	_	linguistic	_	ContainsVariation=No	_	_	_	_	_	_
113-4	BZ006	113	4	che	che	_	_	_	_	_	linguistic	_	ContainsVariation=No	_	_	_	_	_	_
113-5	BZ006	113	5	eh	eh	_	_	_	_	_	linguistic	_	ContainsVariation=No	_	_	_	_	_	_
113-6	BZ006	113	6	le	le	_	_	_	_	_	linguistic	_	ContainsVariation=No	_	_	_	_	_	_
113-7	BZ006	113	7	lingue,	lingue	_	_	_	_	_	linguistic	_	ContainsVariation=No	Intonation=WeaklyRising	End=382.531	_	_	_	_
114-0	BZ006	114	0	mh::	mh	_	_	_	_	_	linguistic	_	ContainsVariation=No	PauseAfter=Yes	Begin=382.801	1x2	_	_	_
114-1	BZ006	114	1	(.)	(.)	_	_	_	_	_	shortpause	_	ContainsVariation=No	_	_	_	_	_	_
114-2	BZ006	114	2	parlano	parlano	_	_	_	_	_	linguistic	_	ContainsVariation=No	_	_	_	_	_	_
114-3	BZ006	114	3	anche	anche	_	_	_	_	_	linguistic	_	ContainsVariation=No	_	_	_	_	_	_
114-4	BZ006	114	4	del	del	_	_	_	_	_	linguistic	_	ContainsVariation=No	_	_	_	_	_	_
114-5	BZ006	114	5	nostro,	nostro	_	_	_	_	_	linguistic	_	ContainsVariation=No	Intonation=WeaklyRising	End=385.781	_	_	_	_
115-0	BZ006	115	0	modo	modo	_	_	_	_	_	linguistic	_	ContainsVariation=No	_	Begin=386.476	_	_	_	_
115-1	BZ006	115	1	di	di	_	_	_	_	_	linguistic	_	ContainsVariation=No	_	_	_	_	_	_
115-2	BZ006	115	2	essere.	essere	_	_	_	_	_	linguistic	_	ContainsVariation=No	Intonation=Falling	_	_	_	_	_
115-3	BZ006	115	3	non	non	_	_	_	_	_	linguistic	_	ContainsVariation=No	_	_	_	_	_	_
115-4	BZ006	115	4	nel	nel	_	_	_	_	_	linguistic	_	ContainsVariation=No	_	_	_	_	_	_
115-5	BZ006	115	5	senso,	senso	_	_	_	_	_	linguistic	_	ContainsVariation=No	Intonation=WeaklyRising	_	_	_	_	_
115-6	BZ006	115	6	non	non	_	_	_	_	_	linguistic	_	ContainsVariation=No	_	_	_	_	_	_
115-7	BZ006	115	7	intendo	intendo	_	_	_	_	_	linguistic	_	ContainsVariation=No	_	_	_	_	_	_
115-8	BZ006	115	8	dire	dire	_	_	_	_	_	linguistic	_	ContainsVariation=No	_	_	_	_	_	_
115-9	BZ006	115	9	con	con	_	_	_	_	_	linguistic	_	ContainsVariation=No	_	_	_	_	_	_
115-10	BZ006	115	10	questo	questo	_	_	_	_	_	linguistic	_	ContainsVariation=No	_	_	_	_	_	_
115-11	BZ006	115	11	che,	che	_	_	_	_	_	linguistic	_	ContainsVariation=No	Intonation=WeaklyRising	End=389.416	_	_	_	_
116-0	BZ006	116	0	eh	eh	_	_	_	_	_	linguistic	_	ContainsVariation=No	_	Begin=389.821	_	_	_	_
116-1	BZ006	116	1	se	se	_	_	_	_	_	linguistic	_	ContainsVariation=No	_	_	_	_	_	_
116-2	BZ006	116	2	una	una	_	_	_	_	_	linguistic	_	ContainsVariation=No	_	_	_	_	_	_
116-3	BZ006	116	3	lingua	lingua	_	_	_	_	_	linguistic	_	ContainsVariation=No	_	_	_	_	_	_
116-4	BZ006	116	4	dice	dice	_	_	_	_	_	linguistic	_	ContainsVariation=No	_	_	_	_	_	_
116-5	BZ006	116	5	ti	ti	_	_	_	_	_	linguistic	_	ContainsVariation=No	_	_	_	_	_	_
116-6	BZ006	116	6	amo	amo	_	_	_	_	_	linguistic	_	ContainsVariation=No	_	_	_	_	_	_
116-7	BZ006	116	7	e	e	_	_	_	_	_	linguistic	_	ContainsVariation=No	_	_	_	_	_	_
116-8	BZ006	116	8	non	non	_	_	_	_	_	linguistic	_	ContainsVariation=No	_	_	_	_	_	_
116-9	BZ006	116	9	io	io	_	_	_	_	_	linguistic	_	ContainsVariation=No	_	_	_	_	_	_
116-10	BZ006	116	10	ti	ti	_	_	_	_	_	linguistic	_	ContainsVariation=No	_	_	_	_	_	_
116-11	BZ006	116	11	amo	amo	_	_	_	_	_	linguistic	_	ContainsVariation=No	_	_	_	_	_	_
116-12	BZ006	116	12	allora	allora	_	_	_	_	_	linguistic	_	ContainsVariation=No	_	_	_	_	_	_
116-13	BZ006	116	13	è	è	_	_	_	_	_	linguistic	_	ContainsVariation=No	_	_	_	_	_	_
116-14	BZ006	116	14	meno	meno	_	_	_	_	_	linguistic	_	ContainsVariation=No	_	_	_	_	_	_
116-15	BZ006	116	15	individualista	individualista	_	_	_	_	_	linguistic	_	ContainsVariation=No	_	_	_	_	_	_
116-16	BZ006	116	16	[meno],	meno	_	_	_	_	_	linguistic	_	ContainsVariation=No	Intonation=WeaklyRising	End=394.121	_	_	_	0-4(43)
117-0	BZ001	117	0	[mh	mh	_	_	_	_	_	linguistic	_	ContainsVariation=No	ProsodicLink=Yes	Begin=393.676	_	_	_	0-2(43)
117-1	BZ001	117	1	mh].	mh	_	_	_	_	_	linguistic	_	ContainsVariation=No	Intonation=Falling	End=394.136	_	_	_	0-2(43)
118-0	BZ006	118	0	però	però	_	_	_	_	_	linguistic	_	ContainsVariation=No	_	Begin=394.321	_	_	_	_
118-1	BZ006	118	1	è	è	_	_	_	_	_	linguistic	_	ContainsVariation=No	_	_	_	_	_	_
118-2	BZ006	118	2	vero	vero	_	_	_	_	_	linguistic	_	ContainsVariation=No	_	_	_	_	_	_
118-3	BZ006	118	3	che	che	_	_	_	_	_	linguistic	_	ContainsVariation=No	_	_	_	_	_	_
118-4	BZ006	118	4	crea	crea	_	_	_	_	_	linguistic	_	ContainsVariation=No	_	_	_	_	_	_
118-5	BZ006	118	5	probabilmente	probabilmente	_	_	_	_	_	linguistic	_	ContainsVariation=No	_	_	_	_	_	_
118-6	BZ006	118	6	dei,	dei	_	_	_	_	_	linguistic	_	ContainsVariation=No	Intonation=WeaklyRising	End=396.811	_	_	_	_
119-0	BZ006	119	0	degli	degli	_	_	_	_	_	linguistic	_	ContainsVariation=No	_	Begin=397.191	_	_	_	_
119-1	BZ006	119	1	immaginari,	immaginari	_	_	_	_	_	linguistic	_	ContainsVariation=No	Intonation=WeaklyRising	_	_	_	_	_
119-2	BZ006	119	2	delle	delle	_	_	_	_	_	linguistic	_	ContainsVariation=No	_	_	_	_	_	_
119-3	BZ006	119	3	dinamiche:,	dinamiche	_	_	_	_	_	linguistic	_	ContainsVariation=No	Intonation=WeaklyRising	_	8x1	_	_	_
119-4	BZ006	119	4	diverse.	diverse	_	_	_	_	_	linguistic	_	ContainsVariation=No	Intonation=Falling	End=400.291	_	_	_	_
120-0	BZ006	120	0	eh::	eh	_	_	_	_	_	linguistic	_	ContainsVariation=No	_	Begin=400.946	1x2	_	_	_
120-1	BZ006	120	1	non	non	_	_	_	_	_	linguistic	_	ContainsVariation=No	_	_	_	_	_	_
120-2	BZ006	120	2	per	per	_	_	_	_	_	linguistic	_	ContainsVariation=No	_	_	_	_	_	_
120-3	BZ006	120	3	niente	niente	_	_	_	_	_	linguistic	_	ContainsVariation=No	_	_	_	_	_	_
120-4	BZ006	120	4	la,	la	_	_	_	_	_	linguistic	_	ContainsVariation=No	Intonation=WeaklyRising	End=403.286	_	_	_	_
121-0	BZ006	121	0	canzone	canzone	_	_	_	_	_	linguistic	_	ContainsVariation=No	_	Begin=403.566	_	_	_	_
121-1	BZ006	121	1	melodica	melodica	_	_	_	_	_	linguistic	_	ContainsVariation=No	_	_	_	_	_	_
121-2	BZ006	121	2	italiana	italiana	_	_	_	_	_	linguistic	_	ContainsVariation=No	_	_	_	_	_	_
121-3	BZ006	121	3	romantica,	romantica	_	_	_	_	_	linguistic	_	ContainsVariation=No	Intonation=WeaklyRising	End=405.576	_	_	_	_
122-0	BZ001	122	0	mh	mh	_	_	_	_	_	linguistic	_	ContainsVariation=No	ProsodicLink=Yes	Begin=406.266	_	_	_	_
122-1	BZ001	122	1	mh,	mh	_	_	_	_	_	linguistic	_	ContainsVariation=No	Intonation=WeaklyRising	End=406.656	_	_	_	_
123-0	BZ006	123	0	adesso	adesso	_	_	_	_	_	linguistic	_	ContainsVariation=No	_	Begin=406.61	_	_	_	_
123-1	BZ006	123	1	non	non	_	_	_	_	_	linguistic	_	ContainsVariation=No	_	_	_	_	_	_
123-2	BZ006	123	2	so	so	_	_	_	_	_	linguistic	_	ContainsVariation=No	_	_	_	_	_	_
123-3	BZ006	123	3	fare	fare	_	_	_	_	_	linguistic	_	ContainsVariation=No	_	_	_	_	_	_
123-4	BZ006	123	4	un	un	_	_	_	_	_	linguistic	_	ContainsVariation=No	_	_	_	_	_	_
123-5	BZ006	123	5	confronto,	confronto	_	_	_	_	_	linguistic	_	ContainsVariation=No	Intonation=WeaklyRising|PauseAfter=Yes	_	_	_	_	_
123-6	BZ006	123	6	(.)	(.)	_	_	_	_	_	shortpause	_	ContainsVariation=No	_	_	_	_	_	_
123-7	BZ006	123	7	potrebbe	potrebbe	_	_	_	_	_	linguistic	_	ContainsVariation=No	_	_	_	_	_	_
123-8	BZ006	123	8	[essere	essere	_	_	_	_	_	linguistic	_	ContainsVariation=No	_	_	_	_	_	0-6(45)
123-9	BZ006	123	9	anche	anche	_	_	_	_	_	linguistic	_	ContainsVariation=No	_	_	_	_	_	0-5(45)
123-10	BZ006	123	10	interessante]	interessante	_	_	_	_	_	linguistic	_	ContainsVariation=No	_	_	_	_	_	0-12(45)
123-11	BZ006	123	11	con,	con	_	_	_	_	_	linguistic	_	ContainsVariation=No	Intonation=WeaklyRising	End=410.426	_	_	_	_
124-0	BZ001	124	0	[((ride))]	((ride))	_	_	_	_	_	nonverbalbehavior	_	ContainsVariation=No	_	Begin=408.661|End=409.581	_	_	_	X(45)
125-0	BZ006	125	0	quella	quella	_	_	_	_	_	linguistic	_	ContainsVariation=No	_	Begin=410.776	_	_	_	_
125-1	BZ006	125	1	europea	europea	_	_	_	_	_	linguistic	_	ContainsVariation=No	_	_	_	_	_	_
125-2	BZ006	125	2	però	però	_	_	_	_	_	linguistic	_	ContainsVariation=No	_	_	_	_	_	_
125-3	BZ006	125	3	insomma,	insomma	_	_	_	_	_	linguistic	_	ContainsVariation=No	Intonation=WeaklyRising|PauseAfter=Yes	_	_	_	_	_
125-4	BZ006	125	4	(.)	(.)	_	_	_	_	_	shortpause	_	ContainsVariation=No	_	_	_	_	_	_
125-5	BZ006	125	5	eh:	eh	_	_	_	_	_	linguistic	_	ContainsVariation=No	PauseAfter=Yes	_	1x1	_	_	_
125-6	BZ006	125	6	(.)	(.)	_	_	_	_	_	shortpause	_	ContainsVariation=No	_	_	_	_	_	_
125-7	BZ006	125	7	è	è	_	_	_	_	_	linguistic	_	ContainsVariation=No	_	_	_	_	_	_
125-8	BZ006	125	8	abbastanza	abbastanza	_	_	_	_	_	linguistic	_	ContainsVariation=No	_	_	_	_	_	_
125-9	BZ006	125	9	marcata	marcata	_	_	_	_	_	linguistic	_	ContainsVariation=No	_	_	_	_	_	_
125-10	BZ006	125	10	>nel	nel	_	_	_	_	_	linguistic	_	ContainsVariation=No	_	_	_	Fast=0-3(0)	_	_
125-11	BZ006	125	11	senso<	senso	_	_	_	_	_	linguistic	_	ContainsVariation=No	_	_	_	Fast=0-5(0)	_	_
125-12	BZ006	125	12	ma	ma	_	_	_	_	_	linguistic	_	ContainsVariation=No	_	_	_	_	_	_
125-13	BZ006	125	13	la	la	_	_	_	_	_	linguistic	_	ContainsVariation=No	_	_	_	_	_	_
125-14	BZ006	125	14	musica	musica	_	_	_	_	_	linguistic	_	ContainsVariation=No	_	_	_	_	_	_
125-15	BZ006	125	15	italiana	italiana	_	_	_	_	_	linguistic	_	ContainsVariation=No	_	_	_	_	_	_
125-16	BZ006	125	16	[è	è	_	_	_	_	_	linguistic	_	ContainsVariation=No	_	_	_	_	_	0-1(46)
125-17	BZ006	125	17	molto:]	molto	_	_	_	_	_	linguistic	_	ContainsVariation=No	_	_	4x1	_	_	0-5(46)
125-18	BZ006	125	18	romanti(ca	romantica	_	_	_	_	_	linguistic	_	ContainsVariation=No	_	_	_	_	7-9(0)	_
125-19	BZ006	125	19	e)	e	_	_	_	_	_	linguistic	_	ContainsVariation=No	_	_	_	_	0-1(0)	_
125-20	BZ006	125	20	così	così	_	_	_	_	_	linguistic	_	ContainsVariation=No	_	_	_	_	_	_
125-21	BZ006	125	21	via.	via	_	_	_	_	_	linguistic	_	ContainsVariation=No	Intonation=Falling	End=417.156	_	_	_	_
126-0	BZ001	126	0	[mh	mh	_	_	_	_	_	linguistic	_	ContainsVariation=No	ProsodicLink=Yes	Begin=415.691	_	_	_	0-2(46)
126-1	BZ001	126	1	mh].	mh	_	_	_	_	_	linguistic	_	ContainsVariation=No	Intonation=Falling	End=416.231	_	_	_	0-2(46)
127-0	BZ006	127	0	la	la	_	_	_	_	_	linguistic	_	ContainsVariation=No	_	Begin=418.326	_	_	_	_
127-1	BZ006	127	1	s-	s-	_	_	_	_	_	linguistic	_	ContainsVariation=No	Interrupted=Yes	_	_	_	_	_
127-2	BZ006	127	2	il	il	_	_	_	_	_	linguistic	_	ContainsVariation=No	_	_	_	_	_	_
127-3	BZ006	127	3	seconda	seconda	_	_	_	_	_	linguistic	_	ContainsVariation=No	_	_	_	_	_	_
127-4	BZ006	127	4	esperienza	esperienza	_	_	_	_	_	linguistic	_	ContainsVariation=No	_	_	_	_	_	_
127-5	BZ006	127	5	che	che	_	_	_	_	_	linguistic	_	ContainsVariation=No	_	_	_	_	_	_
127-6	BZ006	127	6	mi	mi	_	_	_	_	_	linguistic	_	ContainsVariation=No	_	_	_	_	_	_
127-7	BZ006	127	7	è	è	_	_	_	_	_	linguistic	_	ContainsVariation=No	_	_	_	_	_	_
127-8	BZ006	127	8	rimasta:,	rimasta	_	_	_	_	_	linguistic	_	ContainsVariation=No	Intonation=WeaklyRising	End=421.156	6x1	_	_	_
128-0	BZ006	128	0	impressa	impressa	_	_	_	_	_	linguistic	_	ContainsVariation=No	_	Begin=421.516	_	_	_	_
128-1	BZ006	128	1	com-	com-	_	_	_	_	_	linguistic	_	ContainsVariation=No	Interrupted=Yes	_	_	_	_	_
128-2	BZ006	128	2	comunque,	comunque	_	_	_	_	_	linguistic	_	ContainsVariation=No	Intonation=WeaklyRising	End=423.126	_	_	_	_
129-0	BZ006	129	0	dal	dal	_	_	_	_	_	linguistic	_	ContainsVariation=No	_	Begin=423.476	_	_	_	_
129-1	BZ006	129	1	punto	punto	_	_	_	_	_	linguistic	_	ContainsVariation=No	_	_	_	_	_	_
129-2	BZ006	129	2	di	di	_	_	_	_	_	linguistic	_	ContainsVariation=No	_	_	_	_	_	_
129-3	BZ006	129	3	vista	vista	_	_	_	_	_	linguistic	_	ContainsVariation=No	_	_	_	_	_	_
129-4	BZ006	129	4	linguistico	linguistico	_	_	_	_	_	linguistic	_	ContainsVariation=No	_	_	_	_	_	_
129-5	BZ006	129	5	importante	importante	_	_	_	_	_	linguistic	_	ContainsVariation=No	_	_	_	_	_	_
129-6	BZ006	129	6	è	è	_	_	_	_	_	linguistic	_	ContainsVariation=No	_	_	_	_	_	_
129-7	BZ006	129	7	stato	stato	_	_	_	_	_	linguistic	_	ContainsVariation=No	_	_	_	_	_	_
129-8	BZ006	129	8	il	il	_	_	_	_	_	linguistic	_	ContainsVariation=No	_	_	_	_	_	_
129-9	BZ006	129	9	viaggio	viaggio	_	_	_	_	_	linguistic	_	ContainsVariation=No	_	_	_	_	_	_
129-10	BZ006	129	10	invece	invece	_	_	_	_	_	linguistic	_	ContainsVariation=No	_	_	_	_	_	_
129-11	BZ006	129	11	in	in	_	_	_	_	_	linguistic	_	ContainsVariation=No	_	_	_	_	_	_
129-12	BZ006	129	12	germania,	germania	_	_	_	_	_	linguistic	_	ContainsVariation=No	Intonation=WeaklyRising|PauseAfter=Yes	_	_	_	_	_
129-13	BZ006	129	13	(.)	(.)	_	_	_	_	_	shortpause	_	ContainsVariation=No	_	_	_	_	_	_
129-14	BZ006	129	14	a	a	_	_	_	_	_	linguistic	_	ContainsVariation=No	_	_	_	_	_	_
129-15	BZ006	129	15	rosenheim,	rosenheim	_	_	_	_	_	linguistic	_	ContainsVariation=No	Intonation=WeaklyRising	End=428.186	_	_	_	_
130-0	BZ006	130	0	in	in	_	_	_	_	_	linguistic	_	ContainsVariation=No	_	Begin=428.606	_	_	_	_
130-1	BZ006	130	1	baviera,	baviera	_	_	_	_	_	linguistic	_	ContainsVariation=No	Intonation=WeaklyRising	End=429.246	_	_	_	_
131-0	BZ001	131	0	[sempre	sempre	_	_	_	_	_	linguistic	_	ContainsVariation=No	_	Begin=429.481	_	_	_	0-6(47)
131-1	BZ001	131	1	al	al	_	_	_	_	_	linguistic	_	ContainsVariation=No	_	_	_	_	_	0-2(47)
131-2	BZ001	131	2	liceo]?	liceo	_	_	_	_	_	linguistic	_	ContainsVariation=No	Intonation=Rising	End=430.351	_	_	_	0-5(47)
132-0	BZ006	132	0	[sotto	sotto	_	_	_	_	_	linguistic	_	ContainsVariation=No	_	Begin=429.481	_	_	_	0-5(47)
132-1	BZ006	132	1	monaco],	monaco	_	_	_	_	_	linguistic	_	ContainsVariation=No	Intonation=WeaklyRising	End=430.351	_	_	_	0-6(47)
133-0	BZ006	133	0	sempre	sempre	_	_	_	_	_	linguistic	_	ContainsVariation=No	_	Begin=430.851	_	_	_	_
133-1	BZ006	133	1	liceo	liceo	_	_	_	_	_	linguistic	_	ContainsVariation=No	_	_	_	_	_	_
133-2	BZ006	133	2	li	li	_	_	_	_	_	linguistic	_	ContainsVariation=No	_	_	_	_	_	_
133-3	BZ006	133	3	ho	ho	_	_	_	_	_	linguistic	_	ContainsVariation=No	_	_	_	_	_	_
133-4	BZ006	133	4	fatto	fatto	_	_	_	_	_	linguistic	_	ContainsVariation=No	_	_	_	_	_	_
133-5	BZ006	133	5	proprio	proprio	_	_	_	_	_	linguistic	_	ContainsVariation=No	_	_	_	_	_	_
133-6	BZ006	133	6	soggiorno	soggiorno	_	_	_	_	_	linguistic	_	ContainsVariation=No	_	_	_	_	_	_
133-7	BZ006	133	7	studio:	studio	_	_	_	_	_	linguistic	_	ContainsVariation=No	_	_	5x1	_	_	_
133-8	BZ006	133	8	di	di	_	_	_	_	_	linguistic	_	ContainsVariation=No	_	_	_	_	_	_
133-9	BZ006	133	9	qualche	qualche	_	_	_	_	_	linguistic	_	ContainsVariation=No	_	_	_	_	_	_
133-10	BZ006	133	10	mese,	mese	_	_	_	_	_	linguistic	_	ContainsVariation=No	Intonation=WeaklyRising	End=434.171	_	_	_	_
134-0	BZ001	134	0	mh	mh	_	_	_	_	_	linguistic	_	ContainsVariation=No	ProsodicLink=Yes	Begin=434.296	_	_	_	_
134-1	BZ001	134	1	mh,	mh	_	_	_	_	_	linguistic	_	ContainsVariation=No	Intonation=WeaklyRising	End=434.676	_	_	_	_
135-0	BZ006	135	0	e::	e	_	_	_	_	_	linguistic	_	ContainsVariation=No	PauseAfter=Yes	Begin=435.781	0x2	_	_	_
135-1	BZ006	135	1	(.)	(.)	_	_	_	_	_	shortpause	_	ContainsVariation=No	_	_	_	_	_	_
135-2	BZ006	135	2	che	che	_	_	_	_	_	linguistic	_	ContainsVariation=No	_	_	_	_	_	_
135-3	BZ006	135	3	ho	ho	_	_	_	_	_	linguistic	_	ContainsVariation=No	_	_	_	_	_	_
135-4	BZ006	135	4	fatto	fatto	_	_	_	_	_	linguistic	_	ContainsVariation=No	_	_	_	_	_	_
135-5	BZ006	135	5	lì	lì	_	_	_	_	_	linguistic	_	ContainsVariation=No	_	_	_	_	_	_
135-6	BZ006	135	6	io,	io	_	_	_	_	_	linguistic	_	ContainsVariation=No	Intonation=WeaklyRising	_	_	_	_	_
135-7	BZ006	135	7	onestamente	onestamente	_	_	_	_	_	linguistic	_	ContainsVariation=No	_	_	_	_	_	_
135-8	BZ006	135	8	devo	devo	_	_	_	_	_	linguistic	_	ContainsVariation=No	_	_	_	_	_	_
135-9	BZ006	135	9	essere	essere	_	_	_	_	_	linguistic	_	ContainsVariation=No	_	_	_	_	_	_
135-10	BZ006	135	10	onesto	onesto	_	_	_	_	_	linguistic	_	ContainsVariation=No	_	_	_	_	_	_
135-11	BZ006	135	11	non	non	_	_	_	_	_	linguistic	_	ContainsVariation=No	_	_	_	_	_	_
135-12	BZ006	135	12	me	me	_	_	_	_	_	linguistic	_	ContainsVariation=No	_	_	_	_	_	_
135-13	BZ006	135	13	ne	ne	_	_	_	_	_	linguistic	_	ContainsVariation=No	_	_	_	_	_	_
135-14	BZ006	135	14	fregava	fregava	_	_	_	_	_	linguistic	_	ContainsVariation=No	_	_	_	_	_	_
135-15	BZ006	135	15	niente	niente	_	_	_	_	_	linguistic	_	ContainsVariation=No	_	_	_	_	_	_
135-16	BZ006	135	16	[del	del	_	_	_	_	_	linguistic	_	ContainsVariation=No	_	_	_	_	_	0-3(48)
135-17	BZ006	135	17	tedesco],	tedesco	_	_	_	_	_	linguistic	_	ContainsVariation=No	Intonation=WeaklyRising	_	_	_	_	0-7(48)
135-18	BZ006	135	18	è	è	_	_	_	_	_	linguistic	_	ContainsVariation=No	_	_	_	_	_	_
135-19	BZ006	135	19	che,	che	_	_	_	_	_	linguistic	_	ContainsVariation=No	Intonation=WeaklyRising	End=442.121	_	_	_	_
136-0	BZ001	136	0	[((ride))]	((ride))	_	_	_	_	_	nonverbalbehavior	_	ContainsVariation=No	_	Begin=440.226|End=441.126	_	_	_	X(48)
137-0	BZ006	137	0	né	né	_	_	_	_	_	linguistic	_	ContainsVariation=No	_	Begin=442.401	_	_	_	_
137-1	BZ006	137	1	tanto	tanto	_	_	_	_	_	linguistic	_	ContainsVariation=No	_	_	_	_	_	_
137-2	BZ006	137	2	di	di	_	_	_	_	_	linguistic	_	ContainsVariation=No	_	_	_	_	_	_
137-3	BZ006	137	3	questo	questo	_	_	_	_	_	linguistic	_	ContainsVariation=No	_	_	_	_	_	_
137-4	BZ006	137	4	soggiorno	soggiorno	_	_	_	_	_	linguistic	_	ContainsVariation=No	_	_	_	_	_	_
137-5	BZ006	137	5	studio	studio	_	_	_	_	_	linguistic	_	ContainsVariation=No	_	_	_	_	_	_
137-6	BZ006	137	6	non	non	_	_	_	_	_	linguistic	_	ContainsVariation=No	_	_	_	_	_	_
137-7	BZ006	137	7	sono	sono	_	_	_	_	_	linguistic	_	ContainsVariation=No	_	_	_	_	_	_
137-8	BZ006	137	8	mai	mai	_	_	_	_	_	linguistic	_	ContainsVariation=No	_	_	_	_	_	_
137-9	BZ006	137	9	stato	stato	_	_	_	_	_	linguistic	_	ContainsVariation=No	_	_	_	_	_	_
137-10	BZ006	137	10	uno	uno	_	_	_	_	_	linguistic	_	ContainsVariation=No	_	_	_	_	_	_
137-11	BZ006	137	11	che	che	_	_	_	_	_	linguistic	_	ContainsVariation=No	_	_	_	_	_	_
137-12	BZ006	137	12	ha	ha	_	_	_	_	_	linguistic	_	ContainsVariation=No	_	_	_	_	_	_
137-13	BZ006	137	13	detto,	detto	_	_	_	_	_	linguistic	_	ContainsVariation=No	Intonation=WeaklyRising|PauseAfter=Yes	_	_	_	_	_
137-14	BZ006	137	14	(.)	(.)	_	_	_	_	_	shortpause	_	ContainsVariation=No	_	_	_	_	_	_
137-15	BZ006	137	15	boh,	boh	_	_	_	_	_	linguistic	_	ContainsVariation=No	Intonation=WeaklyRising	End=445.941	_	_	_	_
138-0	BZ006	138	0	ho	ho	_	_	_	_	_	linguistic	_	ContainsVariation=No	_	Begin=446.326	_	_	_	_
138-1	BZ006	138	1	voglia	voglia	_	_	_	_	_	linguistic	_	ContainsVariation=No	_	_	_	_	_	_
138-2	BZ006	138	2	di	di	_	_	_	_	_	linguistic	_	ContainsVariation=No	_	_	_	_	_	_
138-3	BZ006	138	3	andarmene	andarmene	_	_	_	_	_	linguistic	_	ContainsVariation=No	_	_	_	_	_	_
138-4	BZ006	138	4	di	di	_	_	_	_	_	linguistic	_	ContainsVariation=No	_	_	_	_	_	_
138-5	BZ006	138	5	partire	partire	_	_	_	_	_	linguistic	_	ContainsVariation=No	_	_	_	_	_	_
138-6	BZ006	138	6	fare.	fare	_	_	_	_	_	linguistic	_	ContainsVariation=No	Intonation=Falling	End=448.226	_	_	_	_
139-0	BZ006	139	0	e:	e	_	_	_	_	_	linguistic	_	ContainsVariation=No	_	Begin=448.921	0x1	_	_	_
139-1	BZ006	139	1	però:	però	_	_	_	_	_	linguistic	_	ContainsVariation=No	_	_	3x1	_	_	_
139-2	BZ006	139	2	mio	mio	_	_	_	_	_	linguistic	_	ContainsVariation=No	_	_	_	_	_	_
139-3	BZ006	139	3	padre	padre	_	_	_	_	_	linguistic	_	ContainsVariation=No	_	_	_	_	_	_
139-4	BZ006	139	4	mi	mi	_	_	_	_	_	linguistic	_	ContainsVariation=No	_	_	_	_	_	_
139-5	BZ006	139	5	ha:	ha	_	_	_	_	_	linguistic	_	ContainsVariation=No	_	_	1x1	_	_	_
139-6	BZ006	139	6	mi	mi	_	_	_	_	_	linguistic	_	ContainsVariation=No	_	_	_	_	_	_
139-7	BZ006	139	7	aveva	aveva	_	_	_	_	_	linguistic	_	ContainsVariation=No	_	_	_	_	_	_
139-8	BZ006	139	8	invitato	invitato	_	_	_	_	_	linguistic	_	ContainsVariation=No	_	_	_	_	_	_
139-9	BZ006	139	9	a	a	_	_	_	_	_	linguistic	_	ContainsVariation=No	_	_	_	_	_	_
139-10	BZ006	139	10	farlo	farlo	_	_	_	_	_	linguistic	_	ContainsVariation=No	_	_	_	_	_	_
139-11	BZ006	139	11	(me	me	_	_	_	_	_	linguistic	_	ContainsVariation=No	_	_	_	_	0-2(0)	_
139-12	BZ006	139	12	l'	l'	_	_	_	_	_	linguistic	_	ContainsVariation=No	SpaceAfter=No	_	_	_	0-2(0)	_
139-13	BZ006	139	13	)aveva	aveva	_	_	_	_	_	linguistic	_	ContainsVariation=No	_	_	_	_	_	_
139-14	BZ006	139	14	un	un	_	_	_	_	_	linguistic	_	ContainsVariation=No	_	_	_	_	_	_
139-15	BZ006	139	15	po'	po'	_	_	_	_	_	linguistic	_	ContainsVariation=No	_	_	_	_	_	_
139-16	BZ006	139	16	insistito	insistito	_	_	_	_	_	linguistic	_	ContainsVariation=No	_	_	_	_	_	_
139-17	BZ006	139	17	perché	perché	_	_	_	_	_	linguistic	_	ContainsVariation=No	_	_	_	_	_	_
139-18	BZ006	139	18	sapeva	sapeva	_	_	_	_	_	linguistic	_	ContainsVariation=No	_	_	_	_	_	_
139-19	BZ006	139	19	insomma,	insomma	_	_	_	_	_	linguistic	_	ContainsVariation=No	Intonation=WeaklyRising	End=455.741	_	_	_	_
140-0	BZ006	140	0	e:	e	_	_	_	_	_	linguistic	_	ContainsVariation=No	_	Begin=456.056	0x1	_	_	_
140-1	BZ006	140	1	e	e	_	_	_	_	_	linguistic	_	ContainsVariation=No	_	_	_	_	_	_
140-2	BZ006	140	2	ci	ci	_	_	_	_	_	linguistic	_	ContainsVariation=No	_	_	_	_	_	_
140-3	BZ006	140	3	aveva	aveva	_	_	_	_	_	linguistic	_	ContainsVariation=No	_	_	_	_	_	_
140-4	BZ006	140	4	visto	visto	_	_	_	_	_	linguistic	_	ContainsVariation=No	_	_	_	_	_	_
140-5	BZ006	140	5	lungo	lungo	_	_	_	_	_	linguistic	_	ContainsVariation=No	_	_	_	_	_	_
140-6	BZ006	140	6	devo	devo	_	_	_	_	_	linguistic	_	ContainsVariation=No	_	_	_	_	_	_
140-7	BZ006	140	7	dire,	dire	_	_	_	_	_	linguistic	_	ContainsVariation=No	Intonation=WeaklyRising	End=457.806	_	_	_	_
141-0	BZ006	141	0	che	che	_	_	_	_	_	linguistic	_	ContainsVariation=No	_	Begin=458.176	_	_	_	_
141-1	BZ006	141	1	la	la	_	_	_	_	_	linguistic	_	ContainsVariation=No	_	_	_	_	_	_
141-2	BZ006	141	2	lingua	lingua	_	_	_	_	_	linguistic	_	ContainsVariation=No	_	_	_	_	_	_
141-3	BZ006	141	3	tedesca	tedesca	_	_	_	_	_	linguistic	_	ContainsVariation=No	_	_	_	_	_	_
141-4	BZ006	141	4	qui,	qui	_	_	_	_	_	linguistic	_	ContainsVariation=No	Intonation=WeaklyRising	End=459.516	_	_	_	_
142-0	BZ006	142	0	se	se	_	_	_	_	_	linguistic	_	ContainsVariation=No	_	Begin=460.021	_	_	_	_
142-1	BZ006	142	1	ce	ce	_	_	_	_	_	linguistic	_	ContainsVariation=No	_	_	_	_	_	_
142-2	BZ006	142	2	l'	l'	_	_	_	_	_	linguistic	_	ContainsVariation=No	SpaceAfter=No	_	_	_	_	_
142-3	BZ006	142	3	hai	hai	_	_	_	_	_	linguistic	_	ContainsVariation=No	_	_	_	_	_	_
142-4	BZ006	142	4	ti	ti	_	_	_	_	_	linguistic	_	ContainsVariation=No	_	_	_	_	_	_
142-5	BZ006	142	5	dà	dà	_	_	_	_	_	linguistic	_	ContainsVariation=No	_	_	_	_	_	_
142-6	BZ006	142	6	un	un	_	_	_	_	_	linguistic	_	ContainsVariation=No	_	_	_	_	_	_
142-7	BZ006	142	7	sacco	sacco	_	_	_	_	_	linguistic	_	ContainsVariation=No	_	_	_	_	_	_
142-8	BZ006	142	8	di	di	_	_	_	_	_	linguistic	_	ContainsVariation=No	_	_	_	_	_	_
142-9	BZ006	142	9	opportunità	opportunità	_	_	_	_	_	linguistic	_	ContainsVariation=No	_	_	_	_	_	_
142-10	BZ006	142	10	in	in	_	_	_	_	_	linguistic	_	ContainsVariation=No	_	_	_	_	_	_
142-11	BZ006	142	11	più.	più	_	_	_	_	_	linguistic	_	ContainsVariation=No	Intonation=Falling	End=462.811	_	_	_	_
143-0	BZ006	143	0	allora	allora	_	_	_	_	_	linguistic	_	ContainsVariation=No	_	Begin=463.561	_	_	_	_
143-1	BZ006	143	1	son	son	_	_	_	_	_	linguistic	_	ContainsVariation=No	_	_	_	_	_	_
143-2	BZ006	143	2	stato	stato	_	_	_	_	_	linguistic	_	ContainsVariation=No	_	_	_	_	_	_
143-3	BZ006	143	3	lì	lì	_	_	_	_	_	linguistic	_	ContainsVariation=No	_	_	_	_	_	_
143-4	BZ006	143	4	tre	tre	_	_	_	_	_	linguistic	_	ContainsVariation=No	_	_	_	_	_	_
143-5	BZ006	143	5	mesi,	mesi	_	_	_	_	_	linguistic	_	ContainsVariation=No	Intonation=WeaklyRising|PauseAfter=Yes	_	_	_	_	_
143-6	BZ006	143	6	(.)	(.)	_	_	_	_	_	shortpause	_	ContainsVariation=No	_	_	_	_	_	_
143-7	BZ006	143	7	ho	ho	_	_	_	_	_	linguistic	_	ContainsVariation=No	_	_	_	_	_	_
143-8	BZ006	143	8	fatto	fatto	_	_	_	_	_	linguistic	_	ContainsVariation=No	_	_	_	_	_	_
143-9	BZ006	143	9	la	la	_	_	_	_	_	linguistic	_	ContainsVariation=No	_	_	_	_	_	_
143-10	BZ006	143	10	mia	mia	_	_	_	_	_	linguistic	_	ContainsVariation=No	_	_	_	_	_	_
143-11	BZ006	143	11	esperienza,	esperienza	_	_	_	_	_	linguistic	_	ContainsVariation=No	Intonation=WeaklyRising	_	_	_	_	_
143-12	BZ006	143	12	esperienza	esperienza	_	_	_	_	_	linguistic	_	ContainsVariation=No	_	_	_	_	_	_
143-13	BZ006	143	13	tra	tra	_	_	_	_	_	linguistic	_	ContainsVariation=No	_	_	_	_	_	_
143-14	BZ006	143	14	l'	l'	_	_	_	_	_	linguistic	_	ContainsVariation=No	SpaceAfter=No	_	_	_	_	_
143-15	BZ006	143	15	altro	altro	_	_	_	_	_	linguistic	_	ContainsVariation=No	_	_	_	_	_	_
143-16	BZ006	143	16	non:	non	_	_	_	_	_	linguistic	_	ContainsVariation=No	_	_	2x1	_	_	_
143-17	BZ006	143	17	non	non	_	_	_	_	_	linguistic	_	ContainsVariation=No	_	_	_	_	_	_
143-18	BZ006	143	18	semplice,	semplice	_	_	_	_	_	linguistic	_	ContainsVariation=No	Intonation=WeaklyRising|PauseAfter=Yes	_	_	_	_	_
143-19	BZ006	143	19	(.)	(.)	_	_	_	_	_	shortpause	_	ContainsVariation=No	_	_	_	_	_	_
143-20	BZ006	143	20	perché::	perché	_	_	_	_	_	linguistic	_	ContainsVariation=No	_	_	5x2	_	_	_
143-21	BZ006	143	21	non	non	_	_	_	_	_	linguistic	_	ContainsVariation=No	_	_	_	_	_	_
143-22	BZ006	143	22	ho	ho	_	_	_	_	_	linguistic	_	ContainsVariation=No	_	_	_	_	_	_
143-23	BZ006	143	23	legato	legato	_	_	_	_	_	linguistic	_	ContainsVariation=No	_	_	_	_	_	_
143-24	BZ006	143	24	molto	molto	_	_	_	_	_	linguistic	_	ContainsVariation=No	_	_	_	_	_	_
143-25	BZ006	143	25	non	non	_	_	_	_	_	linguistic	_	ContainsVariation=No	_	_	_	_	_	_
143-26	BZ006	143	26	c'	c'	_	_	_	_	_	linguistic	_	ContainsVariation=No	SpaceAfter=No	_	_	_	_	_
143-27	BZ006	143	27	è	è	_	_	_	_	_	linguistic	_	ContainsVariation=No	_	_	_	_	_	_
143-28	BZ006	143	28	stata	stata	_	_	_	_	_	linguistic	_	ContainsVariation=No	_	_	_	_	_	_
143-29	BZ006	143	29	la	la	_	_	_	_	_	linguistic	_	ContainsVariation=No	_	_	_	_	_	_
143-30	BZ006	143	30	chimica	chimica	_	_	_	_	_	linguistic	_	ContainsVariation=No	_	_	_	_	_	_
143-31	BZ006	143	31	con	con	_	_	_	_	_	linguistic	_	ContainsVariation=No	_	_	_	_	_	2-3(49)
143-32	BZ006	143	32	[la	la	_	_	_	_	_	linguistic	_	ContainsVariation=No	_	_	_	_	_	0-2(49)
143-33	BZ006	143	33	famiglia]	famiglia	_	_	_	_	_	linguistic	_	ContainsVariation=No	_	End=473.755	_	_	_	0-7(49)
144-0	BZ001	144	0	[mh].	mh	_	_	_	_	_	linguistic	_	ContainsVariation=No	Intonation=Falling	Begin=473.445|End=473.775	_	_	_	0-2(49)
145-0	BZ006	145	0	la	la	_	_	_	_	_	linguistic	_	ContainsVariation=No	_	Begin=473.755	_	_	_	_
145-1	BZ006	145	1	prima	prima	_	_	_	_	_	linguistic	_	ContainsVariation=No	_	_	_	_	_	_
145-2	BZ006	145	2	famigla	famigla	_	_	_	_	_	linguistic	_	ContainsVariation=No	_	_	_	_	_	_
145-3	BZ006	145	3	con	con	_	_	_	_	_	linguistic	_	ContainsVariation=No	_	_	_	_	_	_
145-4	BZ006	145	4	cui	cui	_	_	_	_	_	linguistic	_	ContainsVariation=No	_	_	_	_	_	_
145-5	BZ006	145	5	son	son	_	_	_	_	_	linguistic	_	ContainsVariation=No	_	_	_	_	_	_
145-6	BZ006	145	6	stato,	stato	_	_	_	_	_	linguistic	_	ContainsVariation=No	Intonation=WeaklyRising	End=475.485	_	_	_	_
146-0	BZ006	146	0	poi	poi	_	_	_	_	_	linguistic	_	ContainsVariation=No	_	Begin=475.985	_	_	_	_
146-1	BZ006	146	1	l'	l'	_	_	_	_	_	linguistic	_	ContainsVariation=No	SpaceAfter=No	_	_	_	_	_
146-2	BZ006	146	2	ho	ho	_	_	_	_	_	linguistic	_	ContainsVariation=No	_	_	_	_	_	_
146-3	BZ006	146	3	cambiata	cambiata	_	_	_	_	_	linguistic	_	ContainsVariation=No	_	_	_	_	_	_
146-4	BZ006	146	4	e	e	_	_	_	_	_	linguistic	_	ContainsVariation=No	_	_	_	_	_	_
146-5	BZ006	146	5	son	son	_	_	_	_	_	linguistic	_	ContainsVariation=No	_	_	_	_	_	_
146-6	BZ006	146	6	stato	stato	_	_	_	_	_	linguistic	_	ContainsVariation=No	_	_	_	_	_	_
146-7	BZ006	146	7	con	con	_	_	_	_	_	linguistic	_	ContainsVariation=No	_	_	_	_	_	_
146-8	BZ006	146	8	un'	un'	_	_	_	_	_	linguistic	_	ContainsVariation=No	SpaceAfter=No	_	_	_	_	_
146-9	BZ006	146	9	altra	altra	_	_	_	_	_	linguistic	_	ContainsVariation=No	_	_	_	_	_	_
146-10	BZ006	146	10	famiglia,	famiglia	_	_	_	_	_	linguistic	_	ContainsVariation=No	Intonation=WeaklyRising	End=478.195	_	_	_	_
147-0	BZ006	147	0	però	però	_	_	_	_	_	linguistic	_	ContainsVariation=No	_	Begin=478.635	_	_	_	_
147-1	BZ006	147	1	dal	dal	_	_	_	_	_	linguistic	_	ContainsVariation=No	_	_	_	_	_	_
147-2	BZ006	147	2	punto	punto	_	_	_	_	_	linguistic	_	ContainsVariation=No	_	_	_	_	_	_
147-3	BZ006	147	3	di	di	_	_	_	_	_	linguistic	_	ContainsVariation=No	_	_	_	_	_	_
147-4	BZ006	147	4	vista	vista	_	_	_	_	_	linguistic	_	ContainsVariation=No	_	_	_	_	_	_
147-5	BZ006	147	5	linguistico	linguistico	_	_	_	_	_	linguistic	_	ContainsVariation=No	_	_	_	_	_	_
147-6	BZ006	147	6	il	il	_	_	_	_	_	linguistic	_	ContainsVariation=No	_	_	_	_	_	_
147-7	BZ006	147	7	mio	mio	_	_	_	_	_	linguistic	_	ContainsVariation=No	_	_	_	_	_	_
147-8	BZ006	147	8	tedesco	tedesco	_	_	_	_	_	linguistic	_	ContainsVariation=No	_	_	_	_	_	_
147-9	BZ006	147	9	ovviamente	ovviamente	_	_	_	_	_	linguistic	_	ContainsVariation=No	_	_	_	_	_	_
147-10	BZ006	147	10	è	è	_	_	_	_	_	linguistic	_	ContainsVariation=No	_	_	_	_	_	_
147-11	BZ006	147	11	aumentato	aumentato	_	_	_	_	_	linguistic	_	ContainsVariation=No	_	_	_	_	_	_
147-12	BZ006	147	12	tant'	tant'	_	_	_	_	_	linguistic	_	ContainsVariation=No	SpaceAfter=No	_	_	_	_	_
147-13	BZ006	147	13	è	è	_	_	_	_	_	linguistic	_	ContainsVariation=No	_	_	_	_	_	_
147-14	BZ006	147	14	che	che	_	_	_	_	_	linguistic	_	ContainsVariation=No	_	_	_	_	_	_
147-15	BZ006	147	15	[tornato	tornato	_	_	_	_	_	linguistic	_	ContainsVariation=No	_	_	_	_	_	0-7(51)
147-16	BZ006	147	16	da-]	da-	_	_	_	_	_	linguistic	_	ContainsVariation=No	Interrupted=Yes	_	_	_	_	0-3(51)
147-17	BZ006	147	17	dalla	dalla	_	_	_	_	_	linguistic	_	ContainsVariation=No	_	_	_	_	_	_
147-18	BZ006	147	18	germania,	germania	_	_	_	_	_	linguistic	_	ContainsVariation=No	Intonation=WeaklyRising	End=484.525	_	_	_	_
148-0	BZ001	148	0	[mh	mh	_	_	_	_	_	linguistic	_	ContainsVariation=No	ProsodicLink=Yes	Begin=482.995	_	_	_	0-2(51)
148-1	BZ001	148	1	mh].	mh	_	_	_	_	_	linguistic	_	ContainsVariation=No	Intonation=Falling	End=483.595	_	_	_	0-2(51)
149-0	BZ006	149	0	son	son	_	_	_	_	_	linguistic	_	ContainsVariation=No	_	Begin=485.245	_	_	_	_
149-1	BZ006	149	1	riuscito	riuscito	_	_	_	_	_	linguistic	_	ContainsVariation=No	_	_	_	_	_	_
149-2	BZ006	149	2	a	a	_	_	_	_	_	linguistic	_	ContainsVariation=No	_	_	_	_	_	_
149-3	BZ006	149	3	prendere	prendere	_	_	_	_	_	linguistic	_	ContainsVariation=No	_	_	_	_	_	_
149-4	BZ006	149	4	il	il	_	_	_	_	_	linguistic	_	ContainsVariation=No	_	_	_	_	_	_
149-5	BZ006	149	5	il	il	_	_	_	_	_	linguistic	_	ContainsVariation=No	_	_	_	_	_	_
149-6	BZ006	149	6	ci	ci	_	_	_	_	_	linguistic	_	ContainsVariation=No	_	_	_	_	_	_
149-7	BZ006	149	7	uno	uno	_	_	_	_	_	linguistic	_	ContainsVariation=No	_	_	_	_	_	_
149-8	BZ006	149	8	cioè	cioè	_	_	_	_	_	linguistic	_	ContainsVariation=No	_	_	_	_	_	_
149-9	BZ006	149	9	il	il	_	_	_	_	_	linguistic	_	ContainsVariation=No	_	_	_	_	_	_
149-10	BZ006	149	10	[patentino]	patentino	_	_	_	_	_	linguistic	_	ContainsVariation=No	_	_	_	_	_	0-9(52)
149-11	BZ006	149	11	a	a	_	_	_	_	_	linguistic	_	ContainsVariation=No	_	_	_	_	_	_
149-12	BZ006	149	12	quindi	quindi	_	_	_	_	_	linguistic	_	ContainsVariation=No	_	_	_	_	_	_
149-13	BZ006	149	13	il	il	_	_	_	_	_	linguistic	_	ContainsVariation=No	_	_	_	_	_	_
149-14	BZ006	149	14	livello,	livello	_	_	_	_	_	linguistic	_	ContainsVariation=No	Intonation=WeaklyRising	End=489.355	_	_	_	_
150-0	BZ001	150	0	[ah].	ah	_	_	_	_	_	linguistic	_	ContainsVariation=No	Intonation=Falling	Begin=487.745|End=487.995	_	_	_	0-2(52)
151-0	BZ006	151	0	qui	qui	_	_	_	_	_	linguistic	_	ContainsVariation=No	_	Begin=490.135	_	_	_	_
151-1	BZ006	151	1	in	in	_	_	_	_	_	linguistic	_	ContainsVariation=No	_	_	_	_	_	_
151-2	BZ006	151	2	alto	alto	_	_	_	_	_	linguistic	_	ContainsVariation=No	_	_	_	_	_	_
151-3	BZ006	151	3	adige	adige	_	_	_	_	_	linguistic	_	ContainsVariation=No	_	_	_	_	_	_
151-4	BZ006	151	4	massimo	massimo	_	_	_	_	_	linguistic	_	ContainsVariation=No	_	_	_	_	_	_
151-5	BZ006	151	5	richiesto.	richiesto	_	_	_	_	_	linguistic	_	ContainsVariation=No	Intonation=Falling	End=492.235	_	_	_	_
152-0	BZ006	152	0	e	e	_	_	_	_	_	linguistic	_	ContainsVariation=No	_	Begin=492.85	_	_	_	_
152-1	BZ006	152	1	lì,	lì	_	_	_	_	_	linguistic	_	ContainsVariation=No	Intonation=WeaklyRising	_	_	_	_	_
152-2	BZ006	152	2	insomma,	insomma	_	_	_	_	_	linguistic	_	ContainsVariation=No	Intonation=WeaklyRising	_	_	_	_	_
152-3	BZ006	152	3	ho	ho	_	_	_	_	_	linguistic	_	ContainsVariation=No	_	_	_	_	_	_
152-4	BZ006	152	4	fatto	fatto	_	_	_	_	_	linguistic	_	ContainsVariation=No	_	_	_	_	_	_
152-5	BZ006	152	5	la	la	_	_	_	_	_	linguistic	_	ContainsVariation=No	_	_	_	_	_	_
152-6	BZ006	152	6	mia	mia	_	_	_	_	_	linguistic	_	ContainsVariation=No	_	_	_	_	_	_
152-7	BZ006	152	7	esperienza,	esperienza	_	_	_	_	_	linguistic	_	ContainsVariation=No	Intonation=WeaklyRising	_	_	_	_	_
152-8	BZ006	152	8	e	e	_	_	_	_	_	linguistic	_	ContainsVariation=No	_	_	_	_	_	_
152-9	BZ006	152	9	l'	l'	_	_	_	_	_	linguistic	_	ContainsVariation=No	SpaceAfter=No	_	_	_	_	_
152-10	BZ006	152	10	ho	ho	_	_	_	_	_	linguistic	_	ContainsVariation=No	_	_	_	_	_	_
152-11	BZ006	152	11	fatta	fatta	_	_	_	_	_	linguistic	_	ContainsVariation=No	_	_	_	_	_	_
152-12	BZ006	152	12	per	per	_	_	_	_	_	linguistic	_	ContainsVariation=No	_	_	_	_	_	_
152-13	BZ006	152	13	la	la	_	_	_	_	_	linguistic	_	ContainsVariation=No	_	_	_	_	_	_
152-14	BZ006	152	14	prima	prima	_	_	_	_	_	linguistic	_	ContainsVariation=No	_	_	_	_	_	_
152-15	BZ006	152	15	volta	volta	_	_	_	_	_	linguistic	_	ContainsVariation=No	_	_	_	_	_	_
152-16	BZ006	152	16	arrangiandomi	arrangiandomi	_	_	_	_	_	linguistic	_	ContainsVariation=No	_	_	_	_	_	_
152-17	BZ006	152	17	con	con	_	_	_	_	_	linguistic	_	ContainsVariation=No	_	_	_	_	_	_
152-18	BZ006	152	18	la	la	_	_	_	_	_	linguistic	_	ContainsVariation=No	_	_	_	_	_	_
152-19	BZ006	152	19	lingua,	lingua	_	_	_	_	_	linguistic	_	ContainsVariation=No	Intonation=WeaklyRising	_	_	_	_	_
152-20	BZ006	152	20	perché	perché	_	_	_	_	_	linguistic	_	ContainsVariation=No	_	_	_	_	_	_
152-21	BZ006	152	21	se	se	_	_	_	_	_	linguistic	_	ContainsVariation=No	_	_	_	_	_	_
152-22	BZ006	152	22	in	in	_	_	_	_	_	linguistic	_	ContainsVariation=No	_	_	_	_	_	_
152-23	BZ006	152	23	francia	francia	_	_	_	_	_	linguistic	_	ContainsVariation=No	_	_	_	_	_	_
152-24	BZ006	152	24	bene	bene	_	_	_	_	_	linguistic	_	ContainsVariation=No	_	_	_	_	_	_
152-25	BZ006	152	25	o	o	_	_	_	_	_	linguistic	_	ContainsVariation=No	_	_	_	_	_	_
152-26	BZ006	152	26	male	male	_	_	_	_	_	linguistic	_	ContainsVariation=No	_	_	_	_	_	_
152-27	BZ006	152	27	sei	sei	_	_	_	_	_	linguistic	_	ContainsVariation=No	_	_	_	_	_	_
152-28	BZ006	152	28	in	in	_	_	_	_	_	linguistic	_	ContainsVariation=No	_	_	_	_	_	_
152-29	BZ006	152	29	un	un	_	_	_	_	_	linguistic	_	ContainsVariation=No	_	_	_	_	_	_
152-30	BZ006	152	30	luogo	luogo	_	_	_	_	_	linguistic	_	ContainsVariation=No	_	_	_	_	_	_
152-31	BZ006	152	31	in	in	_	_	_	_	_	linguistic	_	ContainsVariation=No	_	_	_	_	_	_
152-32	BZ006	152	32	cui,	cui	_	_	_	_	_	linguistic	_	ContainsVariation=No	Intonation=WeaklyRising	End=501.1	_	_	_	_
153-0	BZ006	153	0	eh::	eh	_	_	_	_	_	linguistic	_	ContainsVariation=No	_	Begin=501.62	1x2	_	_	_
153-1	BZ006	153	1	forse	forse	_	_	_	_	_	linguistic	_	ContainsVariation=No	_	_	_	_	_	_
153-2	BZ006	153	2	ancora	ancora	_	_	_	_	_	linguistic	_	ContainsVariation=No	_	_	_	_	_	_
153-3	BZ006	153	3	c'	c'	_	_	_	_	_	linguistic	_	ContainsVariation=No	SpaceAfter=No	_	_	_	_	_
153-4	BZ006	153	4	hai	hai	_	_	_	_	_	linguistic	_	ContainsVariation=No	_	_	_	_	_	_
153-5	BZ006	153	5	quel	quel	_	_	_	_	_	linguistic	_	ContainsVariation=No	_	_	_	_	_	_
153-6	BZ006	153	6	limite,	limite	_	_	_	_	_	linguistic	_	ContainsVariation=No	Intonation=WeaklyRising	End=504.32	_	_	_	_
154-0	BZ006	154	0	per	per	_	_	_	_	_	linguistic	_	ContainsVariation=No	_	Begin=504.725	_	_	_	_
154-1	BZ006	154	1	cui	cui	_	_	_	_	_	linguistic	_	ContainsVariation=No	_	_	_	_	_	_
154-2	BZ006	154	2	se	se	_	_	_	_	_	linguistic	_	ContainsVariation=No	_	_	_	_	_	_
154-3	BZ006	154	3	tu	tu	_	_	_	_	_	linguistic	_	ContainsVariation=No	_	_	_	_	_	_
154-4	BZ006	154	4	parli	parli	_	_	_	_	_	linguistic	_	ContainsVariation=No	_	_	_	_	_	_
154-5	BZ006	154	5	italiano	italiano	_	_	_	_	_	linguistic	_	ContainsVariation=No	_	_	_	_	_	_
154-6	BZ006	154	6	la	la	_	_	_	_	_	linguistic	_	ContainsVariation=No	_	_	_	_	_	_
154-7	BZ006	154	7	persona	persona	_	_	_	_	_	linguistic	_	ContainsVariation=No	_	_	_	_	_	_
154-8	BZ006	154	8	che	che	_	_	_	_	_	linguistic	_	ContainsVariation=No	_	_	_	_	_	_
154-9	BZ006	154	9	hai	hai	_	_	_	_	_	linguistic	_	ContainsVariation=No	_	_	_	_	_	_
154-10	BZ006	154	10	davanti	davanti	_	_	_	_	_	linguistic	_	ContainsVariation=No	_	_	_	_	_	_
154-11	BZ006	154	11	ti	ti	_	_	_	_	_	linguistic	_	ContainsVariation=No	_	_	_	_	_	_
154-12	BZ006	154	12	può	può	_	_	_	_	_	linguistic	_	ContainsVariation=No	_	_	_	_	_	_
154-13	BZ006	154	13	ancora	ancora	_	_	_	_	_	linguistic	_	ContainsVariation=No	_	_	_	_	_	_
154-14	BZ006	154	14	capire,	capire	_	_	_	_	_	linguistic	_	ContainsVariation=No	Intonation=WeaklyRising	End=507.925	_	_	_	_
155-0	BZ001	155	0	mh	mh	_	_	_	_	_	linguistic	_	ContainsVariation=No	ProsodicLink=Yes	Begin=507.94	_	_	_	_
155-1	BZ001	155	1	mh.	mh	_	_	_	_	_	linguistic	_	ContainsVariation=No	Intonation=Falling	End=508.39	_	_	_	_
156-0	BZ006	156	0	c-	c-	_	_	_	_	_	linguistic	_	ContainsVariation=No	Interrupted=Yes	Begin=508.75	_	_	_	_
156-1	BZ006	156	1	cofo-	cofo-	_	_	_	_	_	linguistic	_	ContainsVariation=No	Interrupted=Yes	_	_	_	_	_
156-2	BZ006	156	2	questo	questo	_	_	_	_	_	linguistic	_	ContainsVariation=No	_	_	_	_	_	_
156-3	BZ006	156	3	confronto	confronto	_	_	_	_	_	linguistic	_	ContainsVariation=No	_	_	_	_	_	_
156-4	BZ006	156	4	con	con	_	_	_	_	_	linguistic	_	ContainsVariation=No	_	_	_	_	_	_
156-5	BZ006	156	5	la	la	_	_	_	_	_	linguistic	_	ContainsVariation=No	_	_	_	_	_	_
156-6	BZ006	156	6	lingua	lingua	_	_	_	_	_	linguistic	_	ContainsVariation=No	_	_	_	_	_	_
156-7	BZ006	156	7	tedesca	tedesca	_	_	_	_	_	linguistic	_	ContainsVariation=No	_	_	_	_	_	_
156-8	BZ006	156	8	è	è	_	_	_	_	_	linguistic	_	ContainsVariation=No	_	_	_	_	_	_
156-9	BZ006	156	9	un	un	_	_	_	_	_	linguistic	_	ContainsVariation=No	_	_	_	_	_	_
156-10	BZ006	156	10	po'	po'	_	_	_	_	_	linguistic	_	ContainsVariation=No	_	_	_	_	_	_
156-11	BZ006	156	11	più	più	_	_	_	_	_	linguistic	_	ContainsVariation=No	_	_	_	_	_	_
156-12	BZ006	156	12	difficile	difficile	_	_	_	_	_	linguistic	_	ContainsVariation=No	_	_	_	_	_	_
156-13	BZ006	156	13	perché	perché	_	_	_	_	_	linguistic	_	ContainsVariation=No	_	_	_	_	_	_
156-14	BZ006	156	14	la	la	_	_	_	_	_	linguistic	_	ContainsVariation=No	_	_	_	_	_	_
156-15	BZ006	156	15	lingua	lingua	_	_	_	_	_	linguistic	_	ContainsVariation=No	_	_	_	_	_	_
156-16	BZ006	156	16	tedesca	tedesca	_	_	_	_	_	linguistic	_	ContainsVariation=No	_	_	_	_	_	_
156-17	BZ006	156	17	è	è	_	_	_	_	_	linguistic	_	ContainsVariation=No	_	_	_	_	_	_
156-18	BZ006	156	18	più	più	_	_	_	_	_	linguistic	_	ContainsVariation=No	_	_	_	_	_	_
156-19	BZ006	156	19	vicina	vicina	_	_	_	_	_	linguistic	_	ContainsVariation=No	_	_	_	_	_	_
156-20	BZ006	156	20	a	a	_	_	_	_	_	linguistic	_	ContainsVariation=No	_	_	_	_	_	_
156-21	BZ006	156	21	una	una	_	_	_	_	_	linguistic	_	ContainsVariation=No	_	_	_	_	_	_
156-22	BZ006	156	22	lingua	lingua	_	_	_	_	_	linguistic	_	ContainsVariation=No	_	_	_	_	_	_
156-23	BZ006	156	23	come	come	_	_	_	_	_	linguistic	_	ContainsVariation=No	_	_	_	_	_	_
156-24	BZ006	156	24	l'	l'	_	_	_	_	_	linguistic	_	ContainsVariation=No	SpaceAfter=No	_	_	_	_	_
156-25	BZ006	156	25	inglese	inglese	_	_	_	_	_	linguistic	_	ContainsVariation=No	_	_	_	_	_	_
156-26	BZ006	156	26	[rispetto	rispetto	_	_	_	_	_	linguistic	_	ContainsVariation=No	_	_	_	_	_	0-8(53)
156-27	BZ006	156	27	a],	a	_	_	_	_	_	linguistic	_	ContainsVariation=No	Intonation=WeaklyRising	End=515.32	_	_	_	0-1(53)
157-0	BZ001	157	0	[mh	mh	_	_	_	_	_	linguistic	_	ContainsVariation=No	ProsodicLink=Yes	Begin=514.74	_	_	_	0-2(53)
157-1	BZ001	157	1	mh].	mh	_	_	_	_	_	linguistic	_	ContainsVariation=No	Intonation=Falling	End=515.34	_	_	_	0-2(53)
158-0	BZ001	158	0	certo.	certo	_	_	_	_	_	linguistic	_	ContainsVariation=No	Intonation=Falling	Begin=515.925|End=516.335	_	_	_	_
159-0	BZ006	159	0	a	a	_	_	_	_	_	linguistic	_	ContainsVariation=No	_	Begin=516.335	_	_	_	_
159-1	BZ006	159	1	quella:	quella	_	_	_	_	_	linguistic	_	ContainsVariation=No	_	_	5x1	_	_	_
159-2	BZ006	159	2	a	a	_	_	_	_	_	linguistic	_	ContainsVariation=No	_	_	_	_	_	_
159-3	BZ006	159	3	quella	quella	_	_	_	_	_	linguistic	_	ContainsVariation=No	_	_	_	_	_	_
159-4	BZ006	159	4	francese.	francese	_	_	_	_	_	linguistic	_	ContainsVariation=No	Intonation=Falling	End=517.855	_	_	_	_
160-0	BZ006	160	0	e::	e	_	_	_	_	_	linguistic	_	ContainsVariation=No	_	Begin=518.485	0x2	_	_	_
160-1	BZ006	160	1	mh::	mh	_	_	_	_	_	linguistic	_	ContainsVariation=No	_	End=520.415	1x2	_	_	_
161-0	BZ006	161	0	e	e	_	_	_	_	_	linguistic	_	ContainsVariation=No	_	Begin=520.805	_	_	_	_
161-1	BZ006	161	1	quindi	quindi	_	_	_	_	_	linguistic	_	ContainsVariation=No	_	_	_	_	_	_
161-2	BZ006	161	2	ho	ho	_	_	_	_	_	linguistic	_	ContainsVariation=No	_	_	_	_	_	_
161-3	BZ006	161	3	vissuto	vissuto	_	_	_	_	_	linguistic	_	ContainsVariation=No	_	_	_	_	_	_
161-4	BZ006	161	4	questa	questa	_	_	_	_	_	linguistic	_	ContainsVariation=No	_	_	_	_	_	_
161-5	BZ006	161	5	cosa	cosa	_	_	_	_	_	linguistic	_	ContainsVariation=No	_	_	_	_	_	_
161-6	BZ006	161	6	tra	tra	_	_	_	_	_	linguistic	_	ContainsVariation=No	_	_	_	_	_	_
161-7	BZ006	161	7	l'	l'	_	_	_	_	_	linguistic	_	ContainsVariation=No	SpaceAfter=No	_	_	_	_	_
161-8	BZ006	161	8	altro,	altro	_	_	_	_	_	linguistic	_	ContainsVariation=No	Intonation=WeaklyRising|PauseAfter=Yes	_	_	_	_	_
161-9	BZ006	161	9	(.)	(.)	_	_	_	_	_	shortpause	_	ContainsVariation=No	_	_	_	_	_	_
161-10	BZ006	161	10	per	per	_	_	_	_	_	linguistic	_	ContainsVariation=No	_	_	_	_	_	_
161-11	BZ006	161	11	un	un	_	_	_	_	_	linguistic	_	ContainsVariation=No	_	_	_	_	_	_
161-12	BZ006	161	12	periodo	periodo	_	_	_	_	_	linguistic	_	ContainsVariation=No	_	_	_	_	_	_
161-13	BZ006	161	13	di	di	_	_	_	_	_	linguistic	_	ContainsVariation=No	_	_	_	_	_	_
161-14	BZ006	161	14	tempo	tempo	_	_	_	_	_	linguistic	_	ContainsVariation=No	_	_	_	_	_	_
161-15	BZ006	161	15	più	più	_	_	_	_	_	linguistic	_	ContainsVariation=No	_	_	_	_	_	_
161-16	BZ006	161	16	disteso,	disteso	_	_	_	_	_	linguistic	_	ContainsVariation=No	Intonation=WeaklyRising	_	_	_	_	_
161-17	BZ006	161	17	di	di	_	_	_	_	_	linguistic	_	ContainsVariation=No	_	_	_	_	_	_
161-18	BZ006	161	18	arrangiarmi	arrangiarmi	_	_	_	_	_	linguistic	_	ContainsVariation=No	_	_	_	_	_	_
161-19	BZ006	161	19	con	con	_	_	_	_	_	linguistic	_	ContainsVariation=No	_	_	_	_	_	_
161-20	BZ006	161	20	quella	quella	_	_	_	_	_	linguistic	_	ContainsVariation=No	_	_	_	_	_	_
161-21	BZ006	161	21	lingua	lingua	_	_	_	_	_	linguistic	_	ContainsVariation=No	_	_	_	_	_	_
161-22	BZ006	161	22	e	e	_	_	_	_	_	linguistic	_	ContainsVariation=No	_	_	_	_	_	_
161-23	BZ006	161	23	quindi	quindi	_	_	_	_	_	linguistic	_	ContainsVariation=No	_	_	_	_	_	_
161-24	BZ006	161	24	di	di	_	_	_	_	_	linguistic	_	ContainsVariation=No	_	_	_	_	_	_
161-25	BZ006	161	25	dovere	dovere	_	_	_	_	_	linguistic	_	ContainsVariation=No	_	_	_	_	_	_
161-26	BZ006	161	26	a	a	_	_	_	_	_	linguistic	_	ContainsVariation=No	_	_	_	_	_	_
161-27	BZ006	161	27	un	un	_	_	_	_	_	linguistic	_	ContainsVariation=No	_	_	_	_	_	_
161-28	BZ006	161	28	certo	certo	_	_	_	_	_	linguistic	_	ContainsVariation=No	_	_	_	_	_	_
161-29	BZ006	161	29	punto	punto	_	_	_	_	_	linguistic	_	ContainsVariation=No	_	_	_	_	_	_
161-30	BZ006	161	30	tirarla	tirarla	_	_	_	_	_	linguistic	_	ContainsVariation=No	_	_	_	_	_	_
161-31	BZ006	161	31	fuori.	fuori	_	_	_	_	_	linguistic	_	ContainsVariation=No	Intonation=Falling|PauseAfter=Yes	_	_	_	_	_
161-32	BZ006	161	32	(.)	(.)	_	_	_	_	_	shortpause	_	ContainsVariation=No	_	_	_	_	_	_
161-33	BZ006	161	33	e	e	_	_	_	_	_	linguistic	_	ContainsVariation=No	_	_	_	_	_	_
161-34	BZ006	161	34	quindi	quindi	_	_	_	_	_	linguistic	_	ContainsVariation=No	_	_	_	_	_	_
161-35	BZ006	161	35	parlare	parlare	_	_	_	_	_	linguistic	_	ContainsVariation=No	_	_	_	_	_	_
161-36	BZ006	161	36	parlare	parlare	_	_	_	_	_	linguistic	_	ContainsVariation=No	_	_	_	_	_	_
161-37	BZ006	161	37	parlare.	parlare	_	_	_	_	_	linguistic	_	ContainsVariation=No	Intonation=Falling	End=530.45	_	_	_	_
162-0	BZ006	162	0	e::	e	_	_	_	_	_	linguistic	_	ContainsVariation=No	_	Begin=531.487	0x2	_	_	_
162-1	BZ006	162	1	mh	mh	_	_	_	_	_	linguistic	_	ContainsVariation=No	_	_	_	_	_	_
162-2	BZ006	162	2	e	e	_	_	_	_	_	linguistic	_	ContainsVariation=No	_	_	_	_	_	_
162-3	BZ006	162	3	lì	lì	_	_	_	_	_	linguistic	_	ContainsVariation=No	_	_	_	_	_	_
162-4	BZ006	162	4	il	il	_	_	_	_	_	linguistic	_	ContainsVariation=No	_	_	_	_	_	_
162-5	BZ006	162	5	risultato	risultato	_	_	_	_	_	linguistic	_	ContainsVariation=No	_	_	_	_	_	_
162-6	BZ006	162	6	è	è	_	_	_	_	_	linguistic	_	ContainsVariation=No	_	_	_	_	_	_
162-7	BZ006	162	7	stato	stato	_	_	_	_	_	linguistic	_	ContainsVariation=No	_	_	_	_	_	_
162-8	BZ006	162	8	proprio	proprio	_	_	_	_	_	linguistic	_	ContainsVariation=No	_	_	_	_	_	_
162-9	BZ006	162	9	che	che	_	_	_	_	_	linguistic	_	ContainsVariation=No	_	_	_	_	_	_
162-10	BZ006	162	10	anche	anche	_	_	_	_	_	linguistic	_	ContainsVariation=No	_	_	_	_	_	_
162-11	BZ006	162	11	lì	lì	_	_	_	_	_	linguistic	_	ContainsVariation=No	_	_	_	_	_	_
162-12	BZ006	162	12	mi	mi	_	_	_	_	_	linguistic	_	ContainsVariation=No	_	_	_	_	_	_
162-13	BZ006	162	13	sono,	sono	_	_	_	_	_	linguistic	_	ContainsVariation=No	Intonation=WeaklyRising	End=536.247	_	_	_	_
163-0	BZ006	163	0	un	un	_	_	_	_	_	linguistic	_	ContainsVariation=No	_	Begin=536.552	_	_	_	_
163-1	BZ006	163	1	po'	po'	_	_	_	_	_	linguistic	_	ContainsVariation=No	_	_	_	_	_	_
163-2	BZ006	163	2	innamorato	innamorato	_	_	_	_	_	linguistic	_	ContainsVariation=No	_	_	_	_	_	_
163-3	BZ006	163	3	del	del	_	_	_	_	_	linguistic	_	ContainsVariation=No	_	_	_	_	_	_
163-4	BZ006	163	4	del	del	_	_	_	_	_	linguistic	_	ContainsVariation=No	_	_	_	_	_	_
163-5	BZ006	163	5	suono	suono	_	_	_	_	_	linguistic	_	ContainsVariation=No	_	_	_	_	_	_
163-6	BZ006	163	6	che	che	_	_	_	_	_	linguistic	_	ContainsVariation=No	_	_	_	_	_	_
163-7	BZ006	163	7	fa	fa	_	_	_	_	_	linguistic	_	ContainsVariation=No	_	_	_	_	_	_
163-8	BZ006	163	8	[questa	questa	_	_	_	_	_	linguistic	_	ContainsVariation=No	_	_	_	_	_	0-6(54)
163-9	BZ006	163	9	lingua]	lingua	_	_	_	_	_	linguistic	_	ContainsVariation=No	_	_	_	_	_	0-6(54)
163-10	BZ006	163	10	il	il	_	_	_	_	_	linguistic	_	ContainsVariation=No	_	_	_	_	_	_
163-11	BZ006	163	11	suono	suono	_	_	_	_	_	linguistic	_	ContainsVariation=No	_	_	_	_	_	_
163-12	BZ006	163	12	della	della	_	_	_	_	_	linguistic	_	ContainsVariation=No	_	_	_	_	_	_
163-13	BZ006	163	13	lingua	lingua	_	_	_	_	_	linguistic	_	ContainsVariation=No	_	_	_	_	_	_
163-14	BZ006	163	14	tedesca,	tedesca	_	_	_	_	_	linguistic	_	ContainsVariation=No	Intonation=WeaklyRising	_	_	_	_	_
163-15	BZ006	163	15	forse	forse	_	_	_	_	_	linguistic	_	ContainsVariation=No	_	_	_	_	_	_
163-16	BZ006	163	16	credo	credo	_	_	_	_	_	linguistic	_	ContainsVariation=No	_	_	_	_	_	_
163-17	BZ006	163	17	il:	il	_	_	_	_	_	linguistic	_	ContainsVariation=No	_	End=541.642	1x1	_	_	_
164-0	BZ001	164	0	[mh	mh	_	_	_	_	_	linguistic	_	ContainsVariation=No	ProsodicLink=Yes	Begin=538.762	_	_	_	0-2(54)
164-1	BZ001	164	1	mh],	mh	_	_	_	_	_	linguistic	_	ContainsVariation=No	Intonation=WeaklyRising	End=539.292	_	_	_	0-2(54)
165-0	BZ006	165	0	la	la	_	_	_	_	_	linguistic	_	ContainsVariation=No	_	Begin=542.142	_	_	_	_
165-1	BZ006	165	1	lingua	lingua	_	_	_	_	_	linguistic	_	ContainsVariation=No	_	_	_	_	_	_
165-2	BZ006	165	2	che	che	_	_	_	_	_	linguistic	_	ContainsVariation=No	_	_	_	_	_	_
165-3	BZ006	165	3	musicalmente	musicalmente	_	_	_	_	_	linguistic	_	ContainsVariation=No	_	_	_	_	_	_
165-4	BZ006	165	4	mi	mi	_	_	_	_	_	linguistic	_	ContainsVariation=No	_	_	_	_	_	_
165-5	BZ006	165	5	piace	piace	_	_	_	_	_	linguistic	_	ContainsVariation=No	_	_	_	_	_	_
165-6	BZ006	165	6	di	di	_	_	_	_	_	linguistic	_	ContainsVariation=No	_	_	_	_	_	_
165-7	BZ006	165	7	più.	più	_	_	_	_	_	linguistic	_	ContainsVariation=No	Intonation=Falling	End=543.802	_	_	_	_
166-0	BZ006	166	0	che	che	_	_	_	_	_	linguistic	_	ContainsVariation=No	_	Begin=544.177	_	_	_	_
166-1	BZ006	166	1	di	di	_	_	_	_	_	linguistic	_	ContainsVariation=No	_	_	_	_	_	_
166-2	BZ006	166	2	solito	solito	_	_	_	_	_	linguistic	_	ContainsVariation=No	_	_	_	_	_	_
166-3	BZ006	166	3	è	è	_	_	_	_	_	linguistic	_	ContainsVariation=No	_	_	_	_	_	_
166-4	BZ006	166	4	il	il	_	_	_	_	_	linguistic	_	ContainsVariation=No	_	_	_	_	_	_
166-5	BZ006	166	5	contrar[io.	contrario	_	_	_	_	_	linguistic	_	ContainsVariation=No	Intonation=Falling	_	_	_	_	7-9(55)
166-6	BZ006	166	6	di	di	_	_	_	_	_	linguistic	_	ContainsVariation=No	_	_	_	_	_	0-2(55)
166-7	BZ006	166	7	solito],	solito	_	_	_	_	_	linguistic	_	ContainsVariation=No	Intonation=WeaklyRising	End=546.078	_	_	_	0-6(55)
167-0	BZ001	167	0	[eh	eh	_	_	_	_	_	linguistic	_	ContainsVariation=No	_	Begin=545.403	_	_	_	0-2(55)
167-1	BZ001	167	1	sì].	sì	_	_	_	_	_	linguistic	_	ContainsVariation=No	Intonation=Falling	End=546.083	_	_	_	0-2(55)
168-0	BZ006	168	0	la	la	_	_	_	_	_	linguistic	_	ContainsVariation=No	_	Begin=546.078	_	_	_	_
168-1	BZ006	168	1	vulgata	vulgata	_	_	_	_	_	linguistic	_	ContainsVariation=No	_	_	_	_	_	_
168-2	BZ006	168	2	vuole	vuole	_	_	_	_	_	linguistic	_	ContainsVariation=No	_	_	_	_	_	_
168-3	BZ006	168	3	che	che	_	_	_	_	_	linguistic	_	ContainsVariation=No	_	_	_	_	_	_
168-4	BZ006	168	4	[il	il	_	_	_	_	_	linguistic	_	ContainsVariation=No	_	_	_	_	_	0-2(57)
168-5	BZ006	168	5	tedesco	tedesco	_	_	_	_	_	linguistic	_	ContainsVariation=No	_	_	_	_	_	0-7(57)
168-6	BZ006	168	6	sia]	sia	_	_	_	_	_	linguistic	_	ContainsVariation=No	_	_	_	_	_	0-3(57)
168-7	BZ006	168	7	una	una	_	_	_	_	_	linguistic	_	ContainsVariation=No	_	_	_	_	_	_
168-8	BZ006	168	8	lingua,	lingua	_	_	_	_	_	linguistic	_	ContainsVariation=No	Intonation=WeaklyRising	End=548.708	_	_	_	_
169-0	BZ001	169	0	[((ride))]	((ride))	_	_	_	_	_	nonverbalbehavior	_	ContainsVariation=No	_	Begin=547.178|End=547.828	_	_	_	X(57)
170-0	BZ006	170	0	totalmente,	totalmente	_	_	_	_	_	linguistic	_	ContainsVariation=No	Intonation=WeaklyRising	Begin=549.068|End=550.228	_	_	_	_
171-0	BZ006	171	0	stonata	stonata	_	_	_	_	_	linguistic	_	ContainsVariation=No	_	Begin=550.643	_	_	_	_
171-1	BZ006	171	1	[e:]	e	_	_	_	_	_	linguistic	_	ContainsVariation=No	_	_	0x1	_	_	0-1(58)
171-2	BZ006	171	2	scordata,	scordata	_	_	_	_	_	linguistic	_	ContainsVariation=No	Intonation=WeaklyRising	End=553.413	_	_	_	_
172-0	BZ001	172	0	[((ride))]	((ride))	_	_	_	_	_	nonverbalbehavior	_	ContainsVariation=No	_	Begin=551.673|End=552.303	_	_	_	X(58)
173-0	BZ006	173	0	mentre	mentre	_	_	_	_	_	linguistic	_	ContainsVariation=No	_	Begin=553.753	_	_	_	_
173-1	BZ006	173	1	per	per	_	_	_	_	_	linguistic	_	ContainsVariation=No	_	_	_	_	_	_
173-2	BZ006	173	2	esempio	esempio	_	_	_	_	_	linguistic	_	ContainsVariation=No	_	_	_	_	_	_
173-3	BZ006	173	3	anche	anche	_	_	_	_	_	linguistic	_	ContainsVariation=No	_	_	_	_	_	_
173-4	BZ006	173	4	la	la	_	_	_	_	_	linguistic	_	ContainsVariation=No	_	_	_	_	_	_
173-5	BZ006	173	5	musica	musica	_	_	_	_	_	linguistic	_	ContainsVariation=No	_	_	_	_	_	_
173-6	BZ006	173	6	tedesca	tedesca	_	_	_	_	_	linguistic	_	ContainsVariation=No	_	_	_	_	_	_
173-7	BZ006	173	7	è	è	_	_	_	_	_	linguistic	_	ContainsVariation=No	_	_	_	_	_	_
173-8	BZ006	173	8	una	una	_	_	_	_	_	linguistic	_	ContainsVariation=No	_	_	_	_	_	_
173-9	BZ006	173	9	musica	musica	_	_	_	_	_	linguistic	_	ContainsVariation=No	_	_	_	_	_	_
173-10	BZ006	173	10	che	che	_	_	_	_	_	linguistic	_	ContainsVariation=No	_	_	_	_	_	_
173-11	BZ006	173	11	mi	mi	_	_	_	_	_	linguistic	_	ContainsVariation=No	_	_	_	_	_	_
173-12	BZ006	173	12	piace	piace	_	_	_	_	_	linguistic	_	ContainsVariation=No	_	_	_	_	_	_
173-13	BZ006	173	13	ascoltare:,	ascoltare	_	_	_	_	_	linguistic	_	ContainsVariation=No	Intonation=WeaklyRising	End=557.443	8x1	_	_	_
174-0	BZ006	174	0	quella	quella	_	_	_	_	_	linguistic	_	ContainsVariation=No	_	Begin=557.673	_	_	_	_
174-1	BZ006	174	1	proprio	proprio	_	_	_	_	_	linguistic	_	ContainsVariation=No	_	_	_	_	_	_
174-2	BZ006	174	2	che	che	_	_	_	_	_	linguistic	_	ContainsVariation=No	_	_	_	_	_	_
174-3	BZ006	174	3	esce	esce	_	_	_	_	_	linguistic	_	ContainsVariation=No	_	_	_	_	_	_
174-4	BZ006	174	4	nelle	nelle	_	_	_	_	_	linguistic	_	ContainsVariation=No	_	_	_	_	_	_
174-5	BZ006	174	5	radio:	radio	_	_	_	_	_	linguistic	_	ContainsVariation=No	_	_	4x1	_	_	_
174-6	BZ006	174	6	in	in	_	_	_	_	_	linguistic	_	ContainsVariation=No	_	_	_	_	_	_
174-7	BZ006	174	7	questo	questo	_	_	_	_	_	linguistic	_	ContainsVariation=No	_	_	_	_	_	_
174-8	BZ006	174	8	momento	momento	_	_	_	_	_	linguistic	_	ContainsVariation=No	_	_	_	_	_	_
174-9	BZ006	174	9	in	in	_	_	_	_	_	linguistic	_	ContainsVariation=No	_	_	_	_	_	_
174-10	BZ006	174	10	germania	germania	_	_	_	_	_	linguistic	_	ContainsVariation=No	_	_	_	_	_	_
174-11	BZ006	174	11	o	o	_	_	_	_	_	linguistic	_	ContainsVariation=No	_	_	_	_	_	_
174-12	BZ006	174	12	in	in	_	_	_	_	_	linguistic	_	ContainsVariation=No	_	_	_	_	_	_
174-13	BZ006	174	13	austria	austria	_	_	_	_	_	linguistic	_	ContainsVariation=No	_	_	_	_	_	_
174-14	BZ006	174	14	o	o	_	_	_	_	_	linguistic	_	ContainsVariation=No	_	_	_	_	_	_
174-15	BZ006	174	15	anche	anche	_	_	_	_	_	linguistic	_	ContainsVariation=No	_	_	_	_	_	_
174-16	BZ006	174	16	qua.	qua	_	_	_	_	_	linguistic	_	ContainsVariation=No	Intonation=Falling	End=561.383	_	_	_	_
175-0	BZ006	175	0	eh::	eh	_	_	_	_	_	linguistic	_	ContainsVariation=No	_	Begin=561.973	1x2	_	_	_
175-1	BZ006	175	1	mh:	mh	_	_	_	_	_	linguistic	_	ContainsVariation=No	PauseAfter=Yes	_	1x1	_	_	_
175-2	BZ006	175	2	(.)	(.)	_	_	_	_	_	shortpause	_	ContainsVariation=No	_	_	_	_	_	_
175-3	BZ006	175	3	è	è	_	_	_	_	_	linguistic	_	ContainsVariation=No	_	_	_	_	_	_
175-4	BZ006	175	4	una	una	_	_	_	_	_	linguistic	_	ContainsVariation=No	_	_	_	_	_	_
175-5	BZ006	175	5	musica	musica	_	_	_	_	_	linguistic	_	ContainsVariation=No	_	_	_	_	_	_
175-6	BZ006	175	6	che	che	_	_	_	_	_	linguistic	_	ContainsVariation=No	_	_	_	_	_	_
175-7	BZ006	175	7	mi	mi	_	_	_	_	_	linguistic	_	ContainsVariation=No	_	_	_	_	_	_
175-8	BZ006	175	8	piace	piace	_	_	_	_	_	linguistic	_	ContainsVariation=No	_	_	_	_	_	_
175-9	BZ006	175	9	sentire,	sentire	_	_	_	_	_	linguistic	_	ContainsVariation=No	Intonation=WeaklyRising	_	_	_	_	_
175-10	BZ006	175	10	orecchiabile,	orecchiabile	_	_	_	_	_	linguistic	_	ContainsVariation=No	Intonation=WeaklyRising	End=565.303	_	_	_	_
176-0	BZ001	176	0	mh	mh	_	_	_	_	_	linguistic	_	ContainsVariation=No	ProsodicLink=Yes	Begin=565.403	_	_	_	_
176-1	BZ001	176	1	[mh],	mh	_	_	_	_	_	linguistic	_	ContainsVariation=No	Intonation=WeaklyRising	End=565.703	_	_	_	0-2(59)
177-0	BZ006	177	0	[proprio]	proprio	_	_	_	_	_	linguistic	_	ContainsVariation=No	_	Begin=565.488	_	_	_	0-7(59)
177-1	BZ006	177	1	una,	una	_	_	_	_	_	linguistic	_	ContainsVariation=No	Intonation=WeaklyRising	_	_	_	_	_
177-2	BZ006	177	2	una	una	_	_	_	_	_	linguistic	_	ContainsVariation=No	_	_	_	_	_	_
177-3	BZ006	177	3	lingua	lingua	_	_	_	_	_	linguistic	_	ContainsVariation=No	_	_	_	_	_	_
177-4	BZ006	177	4	orecchiabile.	orecchiabile	_	_	_	_	_	linguistic	_	ContainsVariation=No	Intonation=Falling	End=567.038	_	_	_	_
178-0	BZ006	178	0	eh::m	ehm	_	_	_	_	_	linguistic	_	ContainsVariation=No	_	Begin=567.838	1x2	_	_	_
178-1	BZ006	178	1	per	per	_	_	_	_	_	linguistic	_	ContainsVariation=No	_	_	_	_	_	_
178-2	BZ006	178	2	cui	cui	_	_	_	_	_	linguistic	_	ContainsVariation=No	_	_	_	_	_	_
178-3	BZ006	178	3	mi	mi	_	_	_	_	_	linguistic	_	ContainsVariation=No	_	_	_	_	_	_
178-4	BZ006	178	4	sono	sono	_	_	_	_	_	linguistic	_	ContainsVariation=No	_	_	_	_	_	_
178-5	BZ006	178	5	innamorato	innamorato	_	_	_	_	_	linguistic	_	ContainsVariation=No	_	_	_	_	_	_
178-6	BZ006	178	6	di	di	_	_	_	_	_	linguistic	_	ContainsVariation=No	_	_	_	_	_	_
178-7	BZ006	178	7	questo	questo	_	_	_	_	_	linguistic	_	ContainsVariation=No	_	_	_	_	_	_
178-8	BZ006	178	8	suono	suono	_	_	_	_	_	linguistic	_	ContainsVariation=No	_	_	_	_	_	_
178-9	BZ006	178	9	qui.	qui	_	_	_	_	_	linguistic	_	ContainsVariation=No	Intonation=Falling	End=570.728	_	_	_	_
179-0	BZ006	179	0	cioè	cioè	_	_	_	_	_	linguistic	_	ContainsVariation=No	_	Begin=571.178	_	_	_	_
179-1	BZ006	179	1	il	il	_	_	_	_	_	linguistic	_	ContainsVariation=No	_	_	_	_	_	_
179-2	BZ006	179	2	proprio:	proprio	_	_	_	_	_	linguistic	_	ContainsVariation=No	_	_	6x1	_	_	_
179-3	BZ006	179	3	che	che	_	_	_	_	_	linguistic	_	ContainsVariation=No	_	_	_	_	_	_
179-4	BZ006	179	4	ne	ne	_	_	_	_	_	linguistic	_	ContainsVariation=No	_	_	_	_	_	_
179-5	BZ006	179	5	so	so	_	_	_	_	_	linguistic	_	ContainsVariation=No	_	_	_	_	_	_
179-6	BZ006	179	6	magari	magari	_	_	_	_	_	linguistic	_	ContainsVariation=No	_	_	_	_	_	_
179-7	BZ006	179	7	un	un	_	_	_	_	_	linguistic	_	ContainsVariation=No	_	_	_	_	_	_
179-8	BZ006	179	8	microfono	microfono	_	_	_	_	_	linguistic	_	ContainsVariation=No	_	_	_	_	_	_
179-9	BZ006	179	9	come	come	_	_	_	_	_	linguistic	_	ContainsVariation=No	_	_	_	_	_	_
179-10	BZ006	179	10	questo	questo	_	_	_	_	_	linguistic	_	ContainsVariation=No	_	_	_	_	_	_
179-11	BZ006	179	11	la	la	_	_	_	_	_	linguistic	_	ContainsVariation=No	_	_	_	_	_	_
179-12	BZ006	179	12	voce	voce	_	_	_	_	_	linguistic	_	ContainsVariation=No	_	_	_	_	_	_
179-13	BZ006	179	13	di	di	_	_	_	_	_	linguistic	_	ContainsVariation=No	_	_	_	_	_	_
179-14	BZ006	179	14	un	un	_	_	_	_	_	linguistic	_	ContainsVariation=No	_	_	_	_	_	_
179-15	BZ006	179	15	tedesco	tedesco	_	_	_	_	_	linguistic	_	ContainsVariation=No	_	_	_	_	_	_
179-16	BZ006	179	16	doc	doc	_	_	_	_	_	linguistic	_	ContainsVariation=No	_	_	_	_	_	_
179-17	BZ006	179	17	di	di	_	_	_	_	_	linguistic	_	ContainsVariation=No	_	_	_	_	_	_
179-18	BZ006	179	18	germania,	germania	_	_	_	_	_	linguistic	_	ContainsVariation=No	Intonation=WeaklyRising	End=576.288	_	_	_	_
180-0	BZ006	180	0	mi	mi	_	_	_	_	_	linguistic	_	ContainsVariation=No	_	Begin=576.688	_	_	_	_
180-1	BZ006	180	1	fa	fa	_	_	_	_	_	linguistic	_	ContainsVariation=No	_	_	_	_	_	_
180-2	BZ006	180	2	un	un	_	_	_	_	_	linguistic	_	ContainsVariation=No	_	_	_	_	_	_
180-3	BZ006	180	3	effetto	effetto	_	_	_	_	_	linguistic	_	ContainsVariation=No	_	_	_	_	_	_
180-4	BZ006	180	4	proprio	proprio	_	_	_	_	_	linguistic	_	ContainsVariation=No	_	_	_	_	_	_
180-5	BZ006	180	5	piacevole	piacevole	_	_	_	_	_	linguistic	_	ContainsVariation=No	_	_	_	_	_	_
180-6	BZ006	180	6	sul	sul	_	_	_	_	_	linguistic	_	ContainsVariation=No	_	_	_	_	_	_
180-7	BZ006	180	7	corpo	corpo	_	_	_	_	_	linguistic	_	ContainsVariation=No	_	End=578.918	_	_	_	_
181-0	BZ001	181	0	ah	ah	_	_	_	_	_	linguistic	_	ContainsVariation=No	_	Begin=578.918	_	_	_	_
181-1	BZ001	181	1	sì?	sì	_	_	_	_	_	linguistic	_	ContainsVariation=No	Intonation=Rising	End=579.398	_	_	_	_
182-0	BZ006	182	0	mi	mi	_	_	_	_	_	linguistic	_	ContainsVariation=No	_	Begin=579.193	_	_	_	_
182-1	BZ006	182	1	piace	piace	_	_	_	_	_	linguistic	_	ContainsVariation=No	_	_	_	_	_	_
182-2	BZ006	182	2	proprio	proprio	_	_	_	_	_	linguistic	_	ContainsVariation=No	_	_	_	_	_	_
182-3	BZ006	182	3	sentirla	sentirla	_	_	_	_	_	linguistic	_	ContainsVariation=No	_	_	_	_	_	_
182-4	BZ006	182	4	sì.	sì	_	_	_	_	_	linguistic	_	ContainsVariation=No	Intonation=Falling	End=580.4905000000001	_	_	_	_
183-0	BZ001	183	0	ah.	ah	_	_	_	_	_	linguistic	_	ContainsVariation=No	Intonation=Falling	Begin=580.4905000000001|End=580.678	_	_	_	_
184-0	BZ006	184	0	eh::m	ehm	_	_	_	_	_	linguistic	_	ContainsVariation=No	_	Begin=581.423	1x2	_	_	_
184-1	BZ006	184	1	per	per	_	_	_	_	_	linguistic	_	ContainsVariation=No	_	_	_	_	_	_
184-2	BZ006	184	2	cui	cui	_	_	_	_	_	linguistic	_	ContainsVariation=No	_	_	_	_	_	_
184-3	BZ006	184	3	mi	mi	_	_	_	_	_	linguistic	_	ContainsVariation=No	_	_	_	_	_	_
184-4	BZ006	184	4	sono	sono	_	_	_	_	_	linguistic	_	ContainsVariation=No	_	_	_	_	_	_
184-5	BZ006	184	5	anche	anche	_	_	_	_	_	linguistic	_	ContainsVariation=No	_	_	_	_	_	_
184-6	BZ006	184	6	un-	un-	_	_	_	_	_	linguistic	_	ContainsVariation=No	Interrupted=Yes	_	_	_	_	_
184-7	BZ006	184	7	innamorato	innamorato	_	_	_	_	_	linguistic	_	ContainsVariation=No	_	_	_	_	_	_
184-8	BZ006	184	8	di	di	_	_	_	_	_	linguistic	_	ContainsVariation=No	_	_	_	_	_	_
184-9	BZ006	184	9	questa	questa	_	_	_	_	_	linguistic	_	ContainsVariation=No	_	_	_	_	_	_
184-10	BZ006	184	10	lingua.	lingua	_	_	_	_	_	linguistic	_	ContainsVariation=No	Intonation=Falling	End=585.083	_	_	_	_
185-0	BZ006	185	0	e	e	_	_	_	_	_	linguistic	_	ContainsVariation=No	_	Begin=586.108	_	_	_	_
185-1	BZ006	185	1	queste	queste	_	_	_	_	_	linguistic	_	ContainsVariation=No	_	_	_	_	_	_
185-2	BZ006	185	2	sono	sono	_	_	_	_	_	linguistic	_	ContainsVariation=No	_	_	_	_	_	_
185-3	BZ006	185	3	state	state	_	_	_	_	_	linguistic	_	ContainsVariation=No	_	_	_	_	_	_
185-4	BZ006	185	4	le	le	_	_	_	_	_	linguistic	_	ContainsVariation=No	_	_	_	_	_	_
185-5	BZ006	185	5	esperienze	esperienze	_	_	_	_	_	linguistic	_	ContainsVariation=No	_	_	_	_	_	_
185-6	BZ006	185	6	bene	bene	_	_	_	_	_	linguistic	_	ContainsVariation=No	_	_	_	_	_	_
185-7	BZ006	185	7	o	o	_	_	_	_	_	linguistic	_	ContainsVariation=No	_	_	_	_	_	_
185-8	BZ006	185	8	male	male	_	_	_	_	_	linguistic	_	ContainsVariation=No	_	_	_	_	_	_
185-9	BZ006	185	9	che	che	_	_	_	_	_	linguistic	_	ContainsVariation=No	_	_	_	_	_	_
185-10	BZ006	185	10	ho	ho	_	_	_	_	_	linguistic	_	ContainsVariation=No	_	_	_	_	_	_
185-11	BZ006	185	11	fatto	fatto	_	_	_	_	_	linguistic	_	ContainsVariation=No	_	_	_	_	_	_
185-12	BZ006	185	12	alle	alle	_	_	_	_	_	linguistic	_	ContainsVariation=No	_	_	_	_	_	_
185-13	BZ006	185	13	superiori	superiori	_	_	_	_	_	linguistic	_	ContainsVariation=No	_	_	_	_	_	_
185-14	BZ006	185	14	lasciando	lasciando	_	_	_	_	_	linguistic	_	ContainsVariation=No	_	_	_	_	_	_
185-15	BZ006	185	15	indietro	indietro	_	_	_	_	_	linguistic	_	ContainsVariation=No	_	_	_	_	_	_
185-16	BZ006	185	16	quindi	quindi	_	_	_	_	_	linguistic	_	ContainsVariation=No	_	_	_	_	_	_
185-17	BZ006	185	17	la	la	_	_	_	_	_	linguistic	_	ContainsVariation=No	_	_	_	_	_	_
185-18	BZ006	185	18	lingua	lingua	_	_	_	_	_	linguistic	_	ContainsVariation=No	_	_	_	_	_	_
185-19	BZ006	185	19	inglese	inglese	_	_	_	_	_	linguistic	_	ContainsVariation=No	_	_	_	_	_	_
185-20	BZ006	185	20	che	che	_	_	_	_	_	linguistic	_	ContainsVariation=No	_	_	_	_	_	_
185-21	BZ006	185	21	in	in	_	_	_	_	_	linguistic	_	ContainsVariation=No	_	_	_	_	_	_
185-22	BZ006	185	22	effetti	effetti	_	_	_	_	_	linguistic	_	ContainsVariation=No	_	_	_	_	_	_
185-23	BZ006	185	23	lo	lo	_	_	_	_	_	linguistic	_	ContainsVariation=No	_	_	_	_	_	_
185-24	BZ006	185	24	è	è	_	_	_	_	_	linguistic	_	ContainsVariation=No	_	_	_	_	_	_
185-25	BZ006	185	25	tutt'	tutt'	_	_	_	_	_	linguistic	_	ContainsVariation=No	SpaceAfter=No	_	_	_	_	_
185-26	BZ006	185	26	ora,	ora	_	_	_	_	_	linguistic	_	ContainsVariation=No	Intonation=WeaklyRising	_	_	_	_	_
185-27	BZ006	185	27	la	la	_	_	_	_	_	linguistic	_	ContainsVariation=No	_	_	_	_	_	_
185-28	BZ006	185	28	lingua,	lingua	_	_	_	_	_	linguistic	_	ContainsVariation=No	Intonation=WeaklyRising	End=593.508	_	_	_	_
186-0	BZ006	186	0	più	più	_	_	_	_	_	linguistic	_	ContainsVariation=No	_	Begin=593.913	_	_	_	_
186-1	BZ006	186	1	debole	debole	_	_	_	_	_	linguistic	_	ContainsVariation=No	_	_	_	_	_	_
186-2	BZ006	186	2	che	che	_	_	_	_	_	linguistic	_	ContainsVariation=No	_	_	_	_	_	_
186-3	BZ006	186	3	ho,	ho	_	_	_	_	_	linguistic	_	ContainsVariation=No	Intonation=WeaklyRising	End=594.963	_	_	_	_
187-0	BZ006	187	0	sarà	sarà	_	_	_	_	_	linguistic	_	ContainsVariation=No	_	Begin=595.413	_	_	_	_
187-1	BZ006	187	1	perché	perché	_	_	_	_	_	linguistic	_	ContainsVariation=No	_	_	_	_	_	_
187-2	BZ006	187	2	probabilmente	probabilmente	_	_	_	_	_	linguistic	_	ContainsVariation=No	_	_	_	_	_	_
187-3	BZ006	187	3	è	è	_	_	_	_	_	linguistic	_	ContainsVariation=No	_	_	_	_	_	_
187-4	BZ006	187	4	anche	anche	_	_	_	_	_	linguistic	_	ContainsVariation=No	_	_	_	_	_	_
187-5	BZ006	187	5	molto	molto	_	_	_	_	_	linguistic	_	ContainsVariation=No	_	_	_	_	_	_
187-6	BZ006	187	6	mistrattata	mistrattata	_	_	_	_	_	linguistic	_	ContainsVariation=No	_	_	_	_	_	_
187-7	BZ006	187	7	quindi	quindi	_	_	_	_	_	linguistic	_	ContainsVariation=No	_	_	_	_	_	_
187-8	BZ006	187	8	uno	uno	_	_	_	_	_	linguistic	_	ContainsVariation=No	_	_	_	_	_	_
187-9	BZ006	187	9	la	la	_	_	_	_	_	linguistic	_	ContainsVariation=No	_	_	_	_	_	_
187-10	BZ006	187	10	dà	dà	_	_	_	_	_	linguistic	_	ContainsVariation=No	_	_	_	_	_	_
187-11	BZ006	187	11	per	per	_	_	_	_	_	linguistic	_	ContainsVariation=No	_	_	_	_	_	_
187-12	BZ006	187	12	scontata,	scontata	_	_	_	_	_	linguistic	_	ContainsVariation=No	Intonation=WeaklyRising	End=599.623	_	_	_	_
188-0	BZ006	188	0	pensando	pensando	_	_	_	_	_	linguistic	_	ContainsVariation=No	_	Begin=599.873	_	_	_	_
188-1	BZ006	188	1	di	di	_	_	_	_	_	linguistic	_	ContainsVariation=No	_	_	_	_	_	_
188-2	BZ006	188	2	saperla	saperla	_	_	_	_	_	linguistic	_	ContainsVariation=No	_	_	_	_	_	_
188-3	BZ006	188	3	quando	quando	_	_	_	_	_	linguistic	_	ContainsVariation=No	_	_	_	_	_	_
188-4	BZ006	188	4	in	in	_	_	_	_	_	linguistic	_	ContainsVariation=No	_	_	_	_	_	_
188-5	BZ006	188	5	realtà	realtà	_	_	_	_	_	linguistic	_	ContainsVariation=No	_	_	_	_	_	_
188-6	BZ006	188	6	mh	mh	_	_	_	_	_	linguistic	_	ContainsVariation=No	_	_	_	_	_	_
188-7	BZ006	188	7	cioè	cioè	_	_	_	_	_	linguistic	_	ContainsVariation=No	_	_	_	_	_	_
188-8	BZ006	188	8	>probabilmente<	probabilmente	_	_	_	_	_	linguistic	_	ContainsVariation=No	_	_	_	Fast=0-13(0)	_	_
188-9	BZ006	188	9	dovessi	dovessi	_	_	_	_	_	linguistic	_	ContainsVariation=No	_	_	_	_	_	_
188-10	BZ006	188	10	parlarla	parlarla	_	_	_	_	_	linguistic	_	ContainsVariation=No	_	_	_	_	_	_
188-11	BZ006	188	11	sbaglierei	sbaglierei	_	_	_	_	_	linguistic	_	ContainsVariation=No	_	_	_	_	_	_
188-12	BZ006	188	12	accenti	accenti	_	_	_	_	_	linguistic	_	ContainsVariation=No	_	_	_	_	_	_
188-13	BZ006	188	13	che	che	_	_	_	_	_	linguistic	_	ContainsVariation=No	_	_	_	_	_	_
188-14	BZ006	188	14	sono	sono	_	_	_	_	_	linguistic	_	ContainsVariation=No	_	_	_	_	_	_
188-15	BZ006	188	15	h	h	_	_	_	_	_	linguistic	_	ContainsVariation=No	_	_	_	_	_	_
188-16	BZ006	188	16	banalissimi	banalissimi	_	_	_	_	_	linguistic	_	ContainsVariation=No	_	_	_	_	_	_
188-17	BZ006	188	17	[o:]	o	_	_	_	_	_	linguistic	_	ContainsVariation=No	_	End=606.873	0x1	_	_	0-1(61)
189-0	BZ001	189	0	[okay].	okay	_	_	_	_	_	linguistic	_	ContainsVariation=No	Intonation=Falling	Begin=605.938|End=606.718	_	_	_	0-4(61)
190-0	BZ006	190	0	eh	eh	_	_	_	_	_	linguistic	_	ContainsVariation=No	_	Begin=607.333	_	_	_	_
190-1	BZ006	190	1	però	però	_	_	_	_	_	linguistic	_	ContainsVariation=No	_	_	_	_	_	_
190-2	BZ006	190	2	l'	l'	_	_	_	_	_	linguistic	_	ContainsVariation=No	SpaceAfter=No	_	_	_	_	_
190-3	BZ006	190	3	ho	ho	_	_	_	_	_	linguistic	_	ContainsVariation=No	_	_	_	_	_	_
190-4	BZ006	190	4	lasciata	lasciata	_	_	_	_	_	linguistic	_	ContainsVariation=No	_	_	_	_	_	_
190-5	BZ006	190	5	molto	molto	_	_	_	_	_	linguistic	_	ContainsVariation=No	_	_	_	_	_	_
190-6	BZ006	190	6	indietro	indietro	_	_	_	_	_	linguistic	_	ContainsVariation=No	_	_	_	_	_	_
190-7	BZ006	190	7	non	non	_	_	_	_	_	linguistic	_	ContainsVariation=No	_	_	_	_	_	_
190-8	BZ006	190	8	mi	mi	_	_	_	_	_	linguistic	_	ContainsVariation=No	_	_	_	_	_	_
190-9	BZ006	190	9	sono	sono	_	_	_	_	_	linguistic	_	ContainsVariation=No	_	_	_	_	_	_
190-10	BZ006	190	10	mai	mai	_	_	_	_	_	linguistic	_	ContainsVariation=No	_	_	_	_	_	_
190-11	BZ006	190	11	interessato	interessato	_	_	_	_	_	linguistic	_	ContainsVariation=No	_	_	_	_	_	_
190-12	BZ006	190	12	così	così	_	_	_	_	_	linguistic	_	ContainsVariation=No	_	_	_	_	_	_
190-13	BZ006	190	13	tanto	tanto	_	_	_	_	_	linguistic	_	ContainsVariation=No	_	_	_	_	_	_
190-14	BZ006	190	14	a	a	_	_	_	_	_	linguistic	_	ContainsVariation=No	_	_	_	_	_	_
190-15	BZ006	190	15	questa	questa	_	_	_	_	_	linguistic	_	ContainsVariation=No	_	_	_	_	_	_
190-16	BZ006	190	16	lingua.	lingua	_	_	_	_	_	linguistic	_	ContainsVariation=No	Intonation=Falling	End=611.433	_	_	_	_
191-0	BZ006	191	0	eh:	eh	_	_	_	_	_	linguistic	_	ContainsVariation=No	_	Begin=612.178	1x1	_	_	_
191-1	BZ006	191	1	però	però	_	_	_	_	_	linguistic	_	ContainsVariation=No	_	_	_	_	_	_
191-2	BZ006	191	2	insomma	insomma	_	_	_	_	_	linguistic	_	ContainsVariation=No	_	_	_	_	_	_
191-3	BZ006	191	3	ecco	ecco	_	_	_	_	_	linguistic	_	ContainsVariation=No	_	_	_	_	_	_
191-4	BZ006	191	4	eh	eh	_	_	_	_	_	linguistic	_	ContainsVariation=No	_	_	_	_	_	_
191-5	BZ006	191	5	le	le	_	_	_	_	_	linguistic	_	ContainsVariation=No	_	_	_	_	_	_
191-6	BZ006	191	6	superiori	superiori	_	_	_	_	_	linguistic	_	ContainsVariation=No	_	_	_	_	_	_
191-7	BZ006	191	7	per	per	_	_	_	_	_	linguistic	_	ContainsVariation=No	_	_	_	_	_	_
191-8	BZ006	191	8	me	me	_	_	_	_	_	linguistic	_	ContainsVariation=No	_	_	_	_	_	_
191-9	BZ006	191	9	sono	sono	_	_	_	_	_	linguistic	_	ContainsVariation=No	_	_	_	_	_	_
191-10	BZ006	191	10	state	state	_	_	_	_	_	linguistic	_	ContainsVariation=No	_	_	_	_	_	_
191-11	BZ006	191	11	un	un	_	_	_	_	_	linguistic	_	ContainsVariation=No	_	_	_	_	_	_
191-12	BZ006	191	12	periodo	periodo	_	_	_	_	_	linguistic	_	ContainsVariation=No	_	_	_	_	_	_
191-13	BZ006	191	13	di:,	di	_	_	_	_	_	linguistic	_	ContainsVariation=No	Intonation=WeaklyRising	End=616.218	1x1	_	_	_
192-0	BZ006	192	0	me	me	_	_	_	_	_	linguistic	_	ContainsVariation=No	_	Begin=616.443	_	_	_	_
192-1	BZ006	192	1	ne	ne	_	_	_	_	_	linguistic	_	ContainsVariation=No	_	_	_	_	_	_
192-2	BZ006	192	2	accorgo	accorgo	_	_	_	_	_	linguistic	_	ContainsVariation=No	_	_	_	_	_	_
192-3	BZ006	192	3	ora	ora	_	_	_	_	_	linguistic	_	ContainsVariation=No	_	End=617.443	_	_	_	_
193-0	BZ006	193	0	eh::m	ehm	_	_	_	_	_	linguistic	_	ContainsVariation=No	_	Begin=617.848	1x2	_	_	_
193-1	BZ006	193	1	approfondimento	approfondimento	_	_	_	_	_	linguistic	_	ContainsVariation=No	_	_	_	_	_	_
193-2	BZ006	193	2	linguistico	linguistico	_	_	_	_	_	linguistic	_	ContainsVariation=No	_	_	_	_	_	_
193-3	BZ006	193	3	molto	molto	_	_	_	_	_	linguistic	_	ContainsVariation=No	_	_	_	_	_	_
193-4	BZ006	193	4	forte,	forte	_	_	_	_	_	linguistic	_	ContainsVariation=No	Intonation=WeaklyRising	End=621.448	_	_	_	_
194-0	BZ006	194	0	mh::::	mh	_	_	_	_	_	linguistic	_	ContainsVariation=No	_	Begin=622.213	1x4	_	_	_
194-1	BZ006	194	1	c'	c'	_	_	_	_	_	linguistic	_	ContainsVariation=No	SpaceAfter=No	_	_	_	_	_
194-2	BZ006	194	2	è	è	_	_	_	_	_	linguistic	_	ContainsVariation=No	_	_	_	_	_	_
194-3	BZ006	194	3	stato	stato	_	_	_	_	_	linguistic	_	ContainsVariation=No	_	_	_	_	_	_
194-4	BZ006	194	4	di	di	_	_	_	_	_	linguistic	_	ContainsVariation=No	_	_	_	_	_	_
194-5	BZ006	194	5	mezzo	mezzo	_	_	_	_	_	linguistic	_	ContainsVariation=No	_	_	_	_	_	_
194-6	BZ006	194	6	anche	anche	_	_	_	_	_	linguistic	_	ContainsVariation=No	_	_	_	_	_	_
194-7	BZ006	194	7	comunque	comunque	_	_	_	_	_	linguistic	_	ContainsVariation=No	_	_	_	_	_	_
194-8	BZ006	194	8	io	io	_	_	_	_	_	linguistic	_	ContainsVariation=No	_	_	_	_	_	_
194-9	BZ006	194	9	gli	gli	_	_	_	_	_	linguistic	_	ContainsVariation=No	_	_	_	_	_	_
194-10	BZ006	194	10	do	do	_	_	_	_	_	linguistic	_	ContainsVariation=No	PauseAfter=Yes	_	_	_	_	_
194-11	BZ006	194	11	(.)	(.)	_	_	_	_	_	shortpause	_	ContainsVariation=No	_	_	_	_	_	_
194-12	BZ006	194	12	valore	valore	_	_	_	_	_	linguistic	_	ContainsVariation=No	_	_	_	_	_	_
194-13	BZ006	194	13	di	di	_	_	_	_	_	linguistic	_	ContainsVariation=No	_	_	_	_	_	_
194-14	BZ006	194	14	lingua	lingua	_	_	_	_	_	linguistic	_	ContainsVariation=No	_	_	_	_	_	_
194-15	BZ006	194	15	anche	anche	_	_	_	_	_	linguistic	_	ContainsVariation=No	_	_	_	_	_	_
194-16	BZ006	194	16	se	se	_	_	_	_	_	linguistic	_	ContainsVariation=No	_	_	_	_	_	_
194-17	BZ006	194	17	si	si	_	_	_	_	_	linguistic	_	ContainsVariation=No	_	_	_	_	_	_
194-18	BZ006	194	18	usa	usa	_	_	_	_	_	linguistic	_	ContainsVariation=No	_	_	_	_	_	_
194-19	BZ006	194	19	niente	niente	_	_	_	_	_	linguistic	_	ContainsVariation=No	_	_	_	_	_	_
194-20	BZ006	194	20	però	però	_	_	_	_	_	linguistic	_	ContainsVariation=No	_	_	_	_	_	_
194-21	BZ006	194	21	il	il	_	_	_	_	_	linguistic	_	ContainsVariation=No	_	_	_	_	_	_
194-22	BZ006	194	22	latino,	latino	_	_	_	_	_	linguistic	_	ContainsVariation=No	Intonation=WeaklyRising	End=629.163	_	_	_	_
195-0	BZ001	195	0	[ah	ah	_	_	_	_	_	linguistic	_	ContainsVariation=No	_	Begin=629.453	_	_	_	0-2(62)
195-1	BZ001	195	1	be'	be'	_	_	_	_	_	linguistic	_	ContainsVariation=No	Truncated=Yes	_	_	_	_	0-3(62)
195-2	BZ001	195	2	sì],	sì	_	_	_	_	_	linguistic	_	ContainsVariation=No	Intonation=WeaklyRising	End=630.283	_	_	_	0-2(62)
196-0	BZ006	196	0	[che	che	_	_	_	_	_	linguistic	_	ContainsVariation=No	_	Begin=629.463	_	_	_	0-3(62)
196-1	BZ006	196	1	comunque	comunque	_	_	_	_	_	linguistic	_	ContainsVariation=No	_	_	_	_	_	0-8(62)
196-2	BZ006	196	2	è	è	_	_	_	_	_	linguistic	_	ContainsVariation=No	_	_	_	_	_	0-1(62)
196-3	BZ006	196	3	una]	una	_	_	_	_	_	linguistic	_	ContainsVariation=No	_	_	_	_	_	0-3(62)
196-4	BZ006	196	4	lingua	lingua	_	_	_	_	_	linguistic	_	ContainsVariation=No	_	_	_	_	_	_
196-5	BZ006	196	5	e,	e	_	_	_	_	_	linguistic	_	ContainsVariation=No	Intonation=WeaklyRising	End=631.403	_	_	_	_
197-0	BZ006	197	0	e	e	_	_	_	_	_	linguistic	_	ContainsVariation=No	PauseAfter=Yes	Begin=631.898	_	_	_	_
197-1	BZ006	197	1	(.)	(.)	_	_	_	_	_	shortpause	_	ContainsVariation=No	_	_	_	_	_	_
197-2	BZ006	197	2	mi	mi	_	_	_	_	_	linguistic	_	ContainsVariation=No	_	_	_	_	_	_
197-3	BZ006	197	3	piacerebbe	piacerebbe	_	_	_	_	_	linguistic	_	ContainsVariation=No	_	_	_	_	_	_
197-4	BZ006	197	4	un	un	_	_	_	_	_	linguistic	_	ContainsVariation=No	_	_	_	_	_	_
197-5	BZ006	197	5	giorno	giorno	_	_	_	_	_	linguistic	_	ContainsVariation=No	_	_	_	_	_	_
197-6	BZ006	197	6	imparare	imparare	_	_	_	_	_	linguistic	_	ContainsVariation=No	_	_	_	_	_	_
197-7	BZ006	197	7	un	un	_	_	_	_	_	linguistic	_	ContainsVariation=No	_	_	_	_	_	_
197-8	BZ006	197	8	g-	g-	_	_	_	_	_	linguistic	_	ContainsVariation=No	Interrupted=Yes	_	_	_	_	_
197-9	BZ006	197	9	un	un	_	_	_	_	_	linguistic	_	ContainsVariation=No	_	_	_	_	_	_
197-10	BZ006	197	10	giorno	giorno	_	_	_	_	_	linguistic	_	ContainsVariation=No	_	_	_	_	_	_
197-11	BZ006	197	11	sto	sto	_	_	_	_	_	linguistic	_	ContainsVariation=No	_	_	_	_	_	_
197-12	BZ006	197	12	la	la	_	_	_	_	_	linguistic	_	ContainsVariation=No	_	_	_	_	_	_
197-13	BZ006	197	13	sto	sto	_	_	_	_	_	linguistic	_	ContainsVariation=No	_	_	_	_	_	_
197-14	BZ006	197	14	studiando	studiando	_	_	_	_	_	linguistic	_	ContainsVariation=No	_	_	_	_	_	_
197-15	BZ006	197	15	adesso	adesso	_	_	_	_	_	linguistic	_	ContainsVariation=No	_	_	_	_	_	_
197-16	BZ006	197	16	quindi	quindi	_	_	_	_	_	linguistic	_	ContainsVariation=No	_	_	_	_	_	_
197-17	BZ006	197	17	mi	mi	_	_	_	_	_	linguistic	_	ContainsVariation=No	_	_	_	_	_	_
197-18	BZ006	197	18	piacerebbe	piacerebbe	_	_	_	_	_	linguistic	_	ContainsVariation=No	_	_	_	_	_	_
197-19	BZ006	197	19	riuscire	riuscire	_	_	_	_	_	linguistic	_	ContainsVariation=No	_	End=637.278	_	_	_	_
198-0	BZ001	198	0	((ride))	((ride))	_	_	_	_	_	nonverbalbehavior	_	ContainsVariation=No	_	Begin=637.573|End=638.123	_	_	_	_
199-0	BZ006	199	0	eh::	eh	_	_	_	_	_	linguistic	_	ContainsVariation=No	_	Begin=638.173	1x2	_	_	_
199-1	BZ006	199	1	in	in	_	_	_	_	_	linguistic	_	ContainsVariation=No	_	_	_	_	_	_
199-2	BZ006	199	2	un	un	_	_	_	_	_	linguistic	_	ContainsVariation=No	_	_	_	_	_	_
199-3	BZ006	199	3	futuro	futuro	_	_	_	_	_	linguistic	_	ContainsVariation=No	_	_	_	_	_	_
199-4	BZ006	199	4	non	non	_	_	_	_	_	linguistic	_	ContainsVariation=No	_	_	_	_	_	_
199-5	BZ006	199	5	troppo	troppo	_	_	_	_	_	linguistic	_	ContainsVariation=No	_	_	_	_	_	_
199-6	BZ006	199	6	lontano	lontano	_	_	_	_	_	linguistic	_	ContainsVariation=No	_	_	_	_	_	_
199-7	BZ006	199	7	anche	anche	_	_	_	_	_	linguistic	_	ContainsVariation=No	_	_	_	_	_	_
199-8	BZ006	199	8	riuscire	riuscire	_	_	_	_	_	linguistic	_	ContainsVariation=No	_	_	_	_	_	_
199-9	BZ006	199	9	a	a	_	_	_	_	_	linguistic	_	ContainsVariation=No	_	_	_	_	_	_
199-10	BZ006	199	10	parlarla	parlarla	_	_	_	_	_	linguistic	_	ContainsVariation=No	_	_	_	_	_	_
199-11	BZ006	199	11	la,	la	_	_	_	_	_	linguistic	_	ContainsVariation=No	Intonation=WeaklyRising	End=641.763	_	_	_	_
200-0	BZ001	200	0	addirittura	addirittura	_	_	_	_	_	linguistic	_	ContainsVariation=No	_	Begin=641.973|End=642.4780000000001	_	_	_	_
201-0	BZ006	201	0	sì	sì	_	_	_	_	_	linguistic	_	ContainsVariation=No	_	Begin=642.4780000000001	_	_	_	_
201-1	BZ006	201	1	mi	mi	_	_	_	_	_	linguistic	_	ContainsVariation=No	_	_	_	_	_	_
201-2	BZ006	201	2	piacerebbe	piacerebbe	_	_	_	_	_	linguistic	_	ContainsVariation=No	_	_	_	_	_	_
201-3	BZ006	201	3	tanto.	tanto	_	_	_	_	_	linguistic	_	ContainsVariation=No	Intonation=Falling	_	_	_	_	_
201-4	BZ006	201	4	mi	mi	_	_	_	_	_	linguistic	_	ContainsVariation=No	_	_	_	_	_	_
201-5	BZ006	201	5	piacerebbe	piacerebbe	_	_	_	_	_	linguistic	_	ContainsVariation=No	_	_	_	_	_	_
201-6	BZ006	201	6	veramente	veramente	_	_	_	_	_	linguistic	_	ContainsVariation=No	_	_	_	_	_	_
201-7	BZ006	201	7	tanto	tanto	_	_	_	_	_	linguistic	_	ContainsVariation=No	_	_	_	_	_	_
201-8	BZ006	201	8	riuscire	riuscire	_	_	_	_	_	linguistic	_	ContainsVariation=No	_	_	_	_	_	_
201-9	BZ006	201	9	a,	a	_	_	_	_	_	linguistic	_	ContainsVariation=No	Intonation=WeaklyRising	_	_	_	_	_
201-10	BZ006	201	10	poi	poi	_	_	_	_	_	linguistic	_	ContainsVariation=No	_	_	_	_	_	_
201-11	BZ006	201	11	ovviamente	ovviamente	_	_	_	_	_	linguistic	_	ContainsVariation=No	_	_	_	_	_	_
201-12	BZ006	201	12	parli	parli	_	_	_	_	_	linguistic	_	ContainsVariation=No	_	_	_	_	_	_
201-13	BZ006	201	13	con	con	_	_	_	_	_	linguistic	_	ContainsVariation=No	_	_	_	_	_	_
201-14	BZ006	201	14	due	due	_	_	_	_	_	linguistic	_	ContainsVariation=No	_	_	_	_	_	_
201-15	BZ006	201	15	gatti	gatti	_	_	_	_	_	linguistic	_	ContainsVariation=No	_	_	_	_	_	_
201-16	BZ006	201	16	perché,	perché	_	_	_	_	_	linguistic	_	ContainsVariation=No	Intonation=WeaklyRising	End=647.063	_	_	_	_
202-0	BZ001	202	0	((ride))	((ride))	_	_	_	_	_	nonverbalbehavior	_	ContainsVariation=No	_	Begin=647.163	_	_	_	_
202-1	BZ001	202	1	è	è	_	_	_	_	_	linguistic	_	ContainsVariation=No	_	_	_	_	_	_
202-2	BZ001	202	2	abbastanza	abbastanza	_	_	_	_	_	linguistic	_	ContainsVariation=No	_	_	_	_	_	_
202-3	BZ001	202	3	[rara	rara	_	_	_	_	_	linguistic	_	ContainsVariation=No	_	_	_	_	_	0-4(63)
202-4	BZ001	202	4	come	come	_	_	_	_	_	linguistic	_	ContainsVariation=No	_	_	_	_	_	0-4(63)
202-5	BZ001	202	5	cosa	cosa	_	_	_	_	_	linguistic	_	ContainsVariation=No	_	_	_	_	_	0-4(63)
202-6	BZ001	202	6	((ridendo))]	((ridendo))	_	_	_	_	_	nonverbalbehavior	_	ContainsVariation=No	_	End=649.413	_	_	_	X(63)
203-0	BZ006	203	0	[chi	chi	_	_	_	_	_	linguistic	_	ContainsVariation=No	_	Begin=647.733	_	_	_	0-3(63)
203-1	BZ006	203	1	ti	ti	_	_	_	_	_	linguistic	_	ContainsVariation=No	_	_	_	_	_	0-2(63)
203-2	BZ006	203	2	risponde	risponde	_	_	_	_	_	linguistic	_	ContainsVariation=No	_	_	_	_	_	0-8(63)
203-3	BZ006	203	3	in	in	_	_	_	_	_	linguistic	_	ContainsVariation=No	_	_	_	_	_	0-2(63)
203-4	BZ006	203	4	latino	latino	_	_	_	_	_	linguistic	_	ContainsVariation=No	_	_	_	_	_	0-6(63)
203-5	BZ006	203	5	esat]to.	esatto	_	_	_	_	_	linguistic	_	ContainsVariation=No	Intonation=Falling|PauseAfter=Yes	_	_	_	_	0-4(63)
203-6	BZ006	203	6	(.)	(.)	_	_	_	_	_	shortpause	_	ContainsVariation=No	_	_	_	_	_	_
203-7	BZ006	203	7	però,	però	_	_	_	_	_	linguistic	_	ContainsVariation=No	Intonation=WeaklyRising|PauseAfter=Yes	_	_	_	_	_
203-8	BZ006	203	8	(.)	(.)	_	_	_	_	_	shortpause	_	ContainsVariation=No	_	_	_	_	_	_
203-9	BZ006	203	9	il	il	_	_	_	_	_	linguistic	_	ContainsVariation=No	_	_	_	_	_	_
203-10	BZ006	203	10	fatto	fatto	_	_	_	_	_	linguistic	_	ContainsVariation=No	_	_	_	_	_	_
203-11	BZ006	203	11	di	di	_	_	_	_	_	linguistic	_	ContainsVariation=No	_	_	_	_	_	_
203-12	BZ006	203	12	riuscire	riuscire	_	_	_	_	_	linguistic	_	ContainsVariation=No	_	_	_	_	_	_
203-13	BZ006	203	13	ragionando	ragionando	_	_	_	_	_	linguistic	_	ContainsVariation=No	_	_	_	_	_	_
203-14	BZ006	203	14	a	a	_	_	_	_	_	linguistic	_	ContainsVariation=No	_	_	_	_	_	_
203-15	BZ006	203	15	parlare	parlare	_	_	_	_	_	linguistic	_	ContainsVariation=No	_	_	_	_	_	_
203-16	BZ006	203	16	latino	latino	_	_	_	_	_	linguistic	_	ContainsVariation=No	_	_	_	_	_	_
203-17	BZ006	203	17	con	con	_	_	_	_	_	linguistic	_	ContainsVariation=No	_	_	_	_	_	_
203-18	BZ006	203	18	una	una	_	_	_	_	_	linguistic	_	ContainsVariation=No	_	_	_	_	_	_
203-19	BZ006	203	19	persona	persona	_	_	_	_	_	linguistic	_	ContainsVariation=No	_	_	_	_	_	_
203-20	BZ006	203	20	secondo	secondo	_	_	_	_	_	linguistic	_	ContainsVariation=No	_	_	_	_	_	_
203-21	BZ006	203	21	me	me	_	_	_	_	_	linguistic	_	ContainsVariation=No	_	_	_	_	_	_
203-22	BZ006	203	22	è	è	_	_	_	_	_	linguistic	_	ContainsVariation=No	_	_	_	_	_	_
203-23	BZ006	203	23	una	una	_	_	_	_	_	linguistic	_	ContainsVariation=No	_	_	_	_	_	_
203-24	BZ006	203	24	roba	roba	_	_	_	_	_	linguistic	_	ContainsVariation=No	_	_	_	_	_	_
203-25	BZ006	203	25	affascinante	affascinante	_	_	_	_	_	linguistic	_	ContainsVariation=No	_	_	_	_	_	_
203-26	BZ006	203	26	poi,	poi	_	_	_	_	_	linguistic	_	ContainsVariation=No	Intonation=WeaklyRising	End=655.153	_	_	_	_
204-0	BZ006	204	0	totalmente	totalmente	_	_	_	_	_	linguistic	_	ContainsVariation=No	_	Begin=655.348	_	_	_	_
204-1	BZ006	204	1	inutile	inutile	_	_	_	_	_	linguistic	_	ContainsVariation=No	_	_	_	_	_	_
204-2	BZ006	204	2	probabilmente	probabilmente	_	_	_	_	_	linguistic	_	ContainsVariation=No	_	_	_	_	_	_
204-3	BZ006	204	3	però	però	_	_	_	_	_	linguistic	_	ContainsVariation=No	_	_	_	_	_	_
204-4	BZ006	204	4	((ridendo))	((ridendo))	_	_	_	_	_	nonverbalbehavior	_	ContainsVariation=No	_	_	_	_	_	_
204-5	BZ006	204	5	[anche	anche	_	_	_	_	_	linguistic	_	ContainsVariation=No	_	_	_	_	_	0-5(64)
204-6	BZ006	204	6	molto	molto	_	_	_	_	_	linguistic	_	ContainsVariation=No	_	_	_	_	_	0-5(64)
204-7	BZ006	204	7	affascinan]te.	affascinante	_	_	_	_	_	linguistic	_	ContainsVariation=No	Intonation=Falling	_	_	_	_	0-10(64)
204-8	BZ006	204	8	((ridendo))	((ridendo))	_	_	_	_	_	nonverbalbehavior	_	ContainsVariation=No	_	End=658.678	_	_	_	_
205-0	BZ001	205	0	[eh	eh	_	_	_	_	_	linguistic	_	ContainsVariation=No	_	Begin=657.314	_	_	_	0-2(64)
205-1	BZ001	205	1	vabbè	vabbè	_	_	_	_	_	linguistic	_	ContainsVariation=No	_	_	_	_	_	0-5(64)
205-2	BZ001	205	2	però],	però	_	_	_	_	_	linguistic	_	ContainsVariation=No	Intonation=WeaklyRising	End=658.504	_	_	_	0-4(64)
206-0	BZ006	206	0	e	e	_	_	_	_	_	linguistic	_	ContainsVariation=No	_	Begin=659.708	_	_	_	_
206-1	BZ006	206	1	be'	be'	_	_	_	_	_	linguistic	_	ContainsVariation=No	Truncated=Yes	_	_	_	_	_
206-2	BZ006	206	2	questo	questo	_	_	_	_	_	linguistic	_	ContainsVariation=No	_	_	_	_	_	_
206-3	BZ006	206	3	qui	qui	_	_	_	_	_	linguistic	_	ContainsVariation=No	_	_	_	_	_	_
206-4	BZ006	206	4	quindi	quindi	_	_	_	_	_	linguistic	_	ContainsVariation=No	_	_	_	_	_	_
206-5	BZ006	206	5	è	è	_	_	_	_	_	linguistic	_	ContainsVariation=No	_	_	_	_	_	_
206-6	BZ006	206	6	stato	stato	_	_	_	_	_	linguistic	_	ContainsVariation=No	_	_	_	_	_	_
206-7	BZ006	206	7	il	il	_	_	_	_	_	linguistic	_	ContainsVariation=No	_	_	_	_	_	_
206-8	BZ006	206	8	rapporto	rapporto	_	_	_	_	_	linguistic	_	ContainsVariation=No	_	_	_	_	_	_
206-9	BZ006	206	9	con	con	_	_	_	_	_	linguistic	_	ContainsVariation=No	_	_	_	_	_	_
206-10	BZ006	206	10	le	le	_	_	_	_	_	linguistic	_	ContainsVariation=No	_	_	_	_	_	_
206-11	BZ006	206	11	lingue	lingue	_	_	_	_	_	linguistic	_	ContainsVariation=No	_	_	_	_	_	_
206-12	BZ006	206	12	che	che	_	_	_	_	_	linguistic	_	ContainsVariation=No	_	_	_	_	_	_
206-13	BZ006	206	13	ho	ho	_	_	_	_	_	linguistic	_	ContainsVariation=No	_	_	_	_	_	_
206-14	BZ006	206	14	avuto	avuto	_	_	_	_	_	linguistic	_	ContainsVariation=No	_	_	_	_	_	_
206-15	BZ006	206	15	alle	alle	_	_	_	_	_	linguistic	_	ContainsVariation=No	_	_	_	_	_	_
206-16	BZ006	206	16	superiori,	superiori	_	_	_	_	_	linguistic	_	ContainsVariation=No	Intonation=WeaklyRising	End=663.498	_	_	_	_
207-0	BZ006	207	0	questo	questo	_	_	_	_	_	linguistic	_	ContainsVariation=No	_	Begin=664.508	_	_	_	_
207-1	BZ006	207	1	rapporto	rapporto	_	_	_	_	_	linguistic	_	ContainsVariation=No	_	_	_	_	_	_
207-2	BZ006	207	2	si	si	_	_	_	_	_	linguistic	_	ContainsVariation=No	_	_	_	_	_	_
207-3	BZ006	207	3	è	è	_	_	_	_	_	linguistic	_	ContainsVariation=No	_	_	_	_	_	_
207-4	BZ006	207	4	anche	anche	_	_	_	_	_	linguistic	_	ContainsVariation=No	_	_	_	_	_	_
207-5	BZ006	207	5	evoluto	evoluto	_	_	_	_	_	linguistic	_	ContainsVariation=No	_	_	_	_	_	_
207-6	BZ006	207	6	nel	nel	_	_	_	_	_	linguistic	_	ContainsVariation=No	_	_	_	_	_	_
207-7	BZ006	207	7	senso	senso	_	_	_	_	_	linguistic	_	ContainsVariation=No	_	_	_	_	_	_
207-8	BZ006	207	8	che	che	_	_	_	_	_	linguistic	_	ContainsVariation=No	_	_	_	_	_	_
207-9	BZ006	207	9	non	non	_	_	_	_	_	linguistic	_	ContainsVariation=No	_	_	_	_	_	_
207-10	BZ006	207	10	si	si	_	_	_	_	_	linguistic	_	ContainsVariation=No	_	_	_	_	_	_
207-11	BZ006	207	11	è	è	_	_	_	_	_	linguistic	_	ContainsVariation=No	_	_	_	_	_	_
207-12	BZ006	207	12	fermato	fermato	_	_	_	_	_	linguistic	_	ContainsVariation=No	_	_	_	_	_	_
207-13	BZ006	207	13	lì.	lì	_	_	_	_	_	linguistic	_	ContainsVariation=No	Intonation=Falling	End=667.448	_	_	_	_
208-0	BZ001	208	0	[mh	mh	_	_	_	_	_	linguistic	_	ContainsVariation=No	ProsodicLink=Yes	Begin=667.593	_	_	_	0-2(65)
208-1	BZ001	208	1	mh],	mh	_	_	_	_	_	linguistic	_	ContainsVariation=No	Intonation=WeaklyRising	End=668.243	_	_	_	0-2(65)
209-0	BZ006	209	0	[mh::]	mh	_	_	_	_	_	linguistic	_	ContainsVariation=No	_	Begin=667.593|End=668.81	1x2	_	_	0-2(65)
210-0	BZ006	210	0	effettivamente	effettivamente	_	_	_	_	_	linguistic	_	ContainsVariation=No	_	Begin=669.513	_	_	_	_
210-1	BZ006	210	1	mi	mi	_	_	_	_	_	linguistic	_	ContainsVariation=No	_	_	_	_	_	_
210-2	BZ006	210	2	rendo	rendo	_	_	_	_	_	linguistic	_	ContainsVariation=No	_	_	_	_	_	_
210-3	BZ006	210	3	conto,	conto	_	_	_	_	_	linguistic	_	ContainsVariation=No	Intonation=WeaklyRising	End=671.373	_	_	_	_
211-0	BZ006	211	0	ora,	ora	_	_	_	_	_	linguistic	_	ContainsVariation=No	Intonation=WeaklyRising	Begin=672.128|End=672.638	_	_	_	_
212-0	BZ006	212	0	che	che	_	_	_	_	_	linguistic	_	ContainsVariation=No	_	Begin=673.208	_	_	_	_
212-1	BZ006	212	1	eh	eh	_	_	_	_	_	linguistic	_	ContainsVariation=No	_	_	_	_	_	_
212-2	BZ006	212	2	io	io	_	_	_	_	_	linguistic	_	ContainsVariation=No	_	_	_	_	_	_
212-3	BZ006	212	3	ho	ho	_	_	_	_	_	linguistic	_	ContainsVariation=No	_	_	_	_	_	_
212-4	BZ006	212	4	sce-	sce-	_	_	_	_	_	linguistic	_	ContainsVariation=No	Interrupted=Yes	_	_	_	_	_
212-5	BZ006	212	5	>cioè<,	cioè	_	_	_	_	_	linguistic	_	ContainsVariation=No	Intonation=WeaklyRising	End=674.848	_	Fast=0-4(0)	_	_
213-0	BZ006	213	0	per	per	_	_	_	_	_	linguistic	_	ContainsVariation=No	_	Begin=675.323	_	_	_	_
213-1	BZ006	213	1	lo	lo	_	_	_	_	_	linguistic	_	ContainsVariation=No	_	_	_	_	_	_
213-2	BZ006	213	2	s-	s-	_	_	_	_	_	linguistic	_	ContainsVariation=No	Interrupted=Yes	_	_	_	_	_
213-3	BZ006	213	3	per	per	_	_	_	_	_	linguistic	_	ContainsVariation=No	_	_	_	_	_	_
213-4	BZ006	213	4	lo	lo	_	_	_	_	_	linguistic	_	ContainsVariation=No	_	_	_	_	_	_
213-5	BZ006	213	5	studio	studio	_	_	_	_	_	linguistic	_	ContainsVariation=No	_	_	_	_	_	_
213-6	BZ006	213	6	che	che	_	_	_	_	_	linguistic	_	ContainsVariation=No	_	_	_	_	_	_
213-7	BZ006	213	7	sto	sto	_	_	_	_	_	linguistic	_	ContainsVariation=No	_	_	_	_	_	_
213-8	BZ006	213	8	facendo	facendo	_	_	_	_	_	linguistic	_	ContainsVariation=No	_	_	_	_	_	_
213-9	BZ006	213	9	adesso	adesso	_	_	_	_	_	linguistic	_	ContainsVariation=No	_	_	_	_	_	_
213-10	BZ006	213	10	>gli	gli	_	_	_	_	_	linguistic	_	ContainsVariation=No	_	_	_	Fast=0-3(0)	_	_
213-11	BZ006	213	11	studi	studi	_	_	_	_	_	linguistic	_	ContainsVariation=No	_	_	_	Fast=0-5(0)	_	_
213-12	BZ006	213	12	che	che	_	_	_	_	_	linguistic	_	ContainsVariation=No	_	_	_	Fast=0-3(0)	_	_
213-13	BZ006	213	13	sto	sto	_	_	_	_	_	linguistic	_	ContainsVariation=No	_	_	_	Fast=0-3(0)	_	_
213-14	BZ006	213	14	facendo	facendo	_	_	_	_	_	linguistic	_	ContainsVariation=No	_	_	_	Fast=0-7(0)	_	_
213-15	BZ006	213	15	adesso<	adesso	_	_	_	_	_	linguistic	_	ContainsVariation=No	_	_	_	Fast=0-6(0)	_	_
213-16	BZ006	213	16	che	che	_	_	_	_	_	linguistic	_	ContainsVariation=No	_	_	_	_	_	_
213-17	BZ006	213	17	sono,	sono	_	_	_	_	_	linguistic	_	ContainsVariation=No	Intonation=WeaklyRising	End=678.673	_	_	_	_
214-0	BZ006	214	0	sto	sto	_	_	_	_	_	linguistic	_	ContainsVariation=No	_	Begin=679.113	_	_	_	_
214-1	BZ006	214	1	studiando	studiando	_	_	_	_	_	linguistic	_	ContainsVariation=No	_	_	_	_	_	_
214-2	BZ006	214	2	la	la	_	_	_	_	_	linguistic	_	ContainsVariation=No	_	_	_	_	_	_
214-3	BZ006	214	3	letteratura,	letteratura	_	_	_	_	_	linguistic	_	ContainsVariation=No	Intonation=WeaklyRising	_	_	_	_	_
214-4	BZ006	214	4	la	la	_	_	_	_	_	linguistic	_	ContainsVariation=No	_	_	_	_	_	_
214-5	BZ006	214	5	critica	critica	_	_	_	_	_	linguistic	_	ContainsVariation=No	_	_	_	_	_	_
214-6	BZ006	214	6	letteraria,	letteraria	_	_	_	_	_	linguistic	_	ContainsVariation=No	Intonation=WeaklyRising	_	_	_	_	_
214-7	BZ006	214	7	la	la	_	_	_	_	_	linguistic	_	ContainsVariation=No	_	_	_	_	_	_
214-8	BZ006	214	8	filologia,	filologia	_	_	_	_	_	linguistic	_	ContainsVariation=No	Intonation=WeaklyRising	_	_	_	_	_
214-9	BZ006	214	9	quindi	quindi	_	_	_	_	_	linguistic	_	ContainsVariation=No	_	_	_	_	_	_
214-10	BZ006	214	10	molto	molto	_	_	_	_	_	linguistic	_	ContainsVariation=No	_	_	_	_	_	_
214-11	BZ006	214	11	incentrato	incentrato	_	_	_	_	_	linguistic	_	ContainsVariation=No	_	_	_	_	_	_
214-12	BZ006	214	12	sulla	sulla	_	_	_	_	_	linguistic	_	ContainsVariation=No	_	_	_	_	_	_
214-13	BZ006	214	13	lingua	lingua	_	_	_	_	_	linguistic	_	ContainsVariation=No	_	_	_	_	_	_
214-14	BZ006	214	14	italiana,	italiana	_	_	_	_	_	linguistic	_	ContainsVariation=No	Intonation=WeaklyRising	End=684.283	_	_	_	_
215-0	BZ006	215	0	mi	mi	_	_	_	_	_	linguistic	_	ContainsVariation=No	_	Begin=684.733	_	_	_	_
215-1	BZ006	215	1	rendo	rendo	_	_	_	_	_	linguistic	_	ContainsVariation=No	_	_	_	_	_	_
215-2	BZ006	215	2	conto	conto	_	_	_	_	_	linguistic	_	ContainsVariation=No	_	_	_	_	_	_
215-3	BZ006	215	3	in	in	_	_	_	_	_	linguistic	_	ContainsVariation=No	_	_	_	_	_	_
215-4	BZ006	215	4	realtà	realtà	_	_	_	_	_	linguistic	_	ContainsVariation=No	_	_	_	_	_	_
215-5	BZ006	215	5	che	che	_	_	_	_	_	linguistic	_	ContainsVariation=No	_	_	_	_	_	_
215-6	BZ006	215	6	ehm:,	ehm	_	_	_	_	_	linguistic	_	ContainsVariation=No	Intonation=WeaklyRising	End=687.403	2x1	_	_	_
216-0	BZ006	216	0	sto	sto	_	_	_	_	_	linguistic	_	ContainsVariation=No	_	Begin=687.683	_	_	_	_
216-1	BZ006	216	1	s-	s-	_	_	_	_	_	linguistic	_	ContainsVariation=No	Interrupted=Yes	_	_	_	_	_
216-2	BZ006	216	2	proseguendo	proseguendo	_	_	_	_	_	linguistic	_	ContainsVariation=No	_	_	_	_	_	_
216-3	BZ006	216	3	comunque,	comunque	_	_	_	_	_	linguistic	_	ContainsVariation=No	Intonation=WeaklyRising	End=689.853	_	_	_	_
217-0	BZ006	217	0	un	un	_	_	_	_	_	linguistic	_	ContainsVariation=No	_	Begin=690.133	_	_	_	_
217-1	BZ006	217	1	percorso	percorso	_	_	_	_	_	linguistic	_	ContainsVariation=No	_	_	_	_	_	_
217-2	BZ006	217	2	molto	molto	_	_	_	_	_	linguistic	_	ContainsVariation=No	_	_	_	_	_	_
217-3	BZ006	217	3	centrato	centrato	_	_	_	_	_	linguistic	_	ContainsVariation=No	_	_	_	_	_	_
217-4	BZ006	217	4	sulle	sulle	_	_	_	_	_	linguistic	_	ContainsVariation=No	_	_	_	_	_	_
217-5	BZ006	217	5	lingue,	lingue	_	_	_	_	_	linguistic	_	ContainsVariation=No	Intonation=WeaklyRising	End=692.693	_	_	_	_
218-0	BZ006	218	0	non	non	_	_	_	_	_	linguistic	_	ContainsVariation=No	_	Begin=693.178	_	_	_	_
218-1	BZ006	218	1	le	le	_	_	_	_	_	linguistic	_	ContainsVariation=No	_	_	_	_	_	_
218-2	BZ006	218	2	sto	sto	_	_	_	_	_	linguistic	_	ContainsVariation=No	_	_	_	_	_	_
218-3	BZ006	218	3	studiando	studiando	_	_	_	_	_	linguistic	_	ContainsVariation=No	_	_	_	_	_	_
218-4	BZ006	218	4	più,	più	_	_	_	_	_	linguistic	_	ContainsVariation=No	Intonation=WeaklyRising	End=694.718	_	_	_	_
219-0	BZ001	219	0	mh	mh	_	_	_	_	_	linguistic	_	ContainsVariation=No	ProsodicLink=Yes	Begin=694.733	_	_	_	_
219-1	BZ001	219	1	mh,	mh	_	_	_	_	_	linguistic	_	ContainsVariation=No	Intonation=WeaklyRising	End=695.053	_	_	_	_
220-0	BZ006	220	0	però	però	_	_	_	_	_	linguistic	_	ContainsVariation=No	_	Begin=695.053	_	_	_	_
220-1	BZ006	220	1	forse	forse	_	_	_	_	_	linguistic	_	ContainsVariation=No	_	_	_	_	_	_
220-2	BZ006	220	2	sarei	sarei	_	_	_	_	_	linguistic	_	ContainsVariation=No	_	_	_	_	_	_
220-3	BZ006	220	3	stato	stato	_	_	_	_	_	linguistic	_	ContainsVariation=No	_	_	_	_	_	_
220-4	BZ006	220	4	anche	anche	_	_	_	_	_	linguistic	_	ContainsVariation=No	_	_	_	_	_	_
220-5	BZ006	220	5	più:	più	_	_	_	_	_	linguistic	_	ContainsVariation=No	_	_	2x1	_	_	_
220-6	BZ006	220	6	in	in	_	_	_	_	_	linguistic	_	ContainsVariation=No	_	_	_	_	_	_
220-7	BZ006	220	7	un	un	_	_	_	_	_	linguistic	_	ContainsVariation=No	_	_	_	_	_	_
220-8	BZ006	220	8	ambiente	ambiente	_	_	_	_	_	linguistic	_	ContainsVariation=No	_	_	_	_	_	_
220-9	BZ006	220	9	mio	mio	_	_	_	_	_	linguistic	_	ContainsVariation=No	_	_	_	_	_	_
220-10	BZ006	220	10	all'	all'	_	_	_	_	_	linguistic	_	ContainsVariation=No	SpaceAfter=No	_	_	_	_	_
220-11	BZ006	220	11	interno	interno	_	_	_	_	_	linguistic	_	ContainsVariation=No	_	_	_	_	_	_
220-12	BZ006	220	12	delle	delle	_	_	_	_	_	linguistic	_	ContainsVariation=No	_	_	_	_	_	_
220-13	BZ006	220	13	lingue,	lingue	_	_	_	_	_	linguistic	_	ContainsVariation=No	Intonation=WeaklyRising	_	_	_	_	_
220-14	BZ006	220	14	forse	forse	_	_	_	_	_	linguistic	_	ContainsVariation=No	_	_	_	_	_	_
220-15	BZ006	220	15	mi	mi	_	_	_	_	_	linguistic	_	ContainsVariation=No	_	_	_	_	_	_
220-16	BZ006	220	16	si	si	_	_	_	_	_	linguistic	_	ContainsVariation=No	_	_	_	_	_	_
220-17	BZ006	220	17	addicono	addicono	_	_	_	_	_	linguistic	_	ContainsVariation=No	_	_	_	_	_	_
220-18	BZ006	220	18	anche	anche	_	_	_	_	_	linguistic	_	ContainsVariation=No	_	_	_	_	_	_
220-19	BZ006	220	19	di	di	_	_	_	_	_	linguistic	_	ContainsVariation=No	_	_	_	_	_	_
220-20	BZ006	220	20	più.	più	_	_	_	_	_	linguistic	_	ContainsVariation=No	Intonation=Falling	End=700.66	_	_	_	_
221-0	BZ006	221	0	ehm::	ehm	_	_	_	_	_	linguistic	_	ContainsVariation=No	_	Begin=701.283|End=702.233	2x2	_	_	_
222-0	BZ001	222	0	di	di	_	_	_	_	_	linguistic	_	ContainsVariation=No	_	Begin=702.163	_	_	_	_
222-1	BZ001	222	1	più	più	_	_	_	_	_	linguistic	_	ContainsVariation=No	_	_	_	_	_	_
222-2	BZ001	222	2	rispetto	rispetto	_	_	_	_	_	linguistic	_	ContainsVariation=No	_	_	_	_	_	_
222-3	BZ001	222	3	al[la	alla	_	_	_	_	_	linguistic	_	ContainsVariation=No	_	_	_	_	_	2-4(67)
222-4	BZ001	222	4	letteratura]?	letteratura	_	_	_	_	_	linguistic	_	ContainsVariation=No	Intonation=Rising	End=703.683	_	_	_	0-11(67)
223-0	BZ006	223	0	[di	di	_	_	_	_	_	linguistic	_	ContainsVariation=No	_	Begin=703.048	_	_	_	0-2(67)
223-1	BZ006	223	1	più	più	_	_	_	_	_	linguistic	_	ContainsVariation=No	_	_	_	_	_	0-3(67)
223-2	BZ006	223	2	rispetto],	rispetto	_	_	_	_	_	linguistic	_	ContainsVariation=No	Intonation=WeaklyRising	_	_	_	_	0-8(67)
223-3	BZ006	223	3	alla:	alla	_	_	_	_	_	linguistic	_	ContainsVariation=No	_	_	3x1	_	_	_
223-4	BZ006	223	4	filologia	filologia	_	_	_	_	_	linguistic	_	ContainsVariation=No	_	_	_	_	_	_
223-5	BZ006	223	5	alla	alla	_	_	_	_	_	linguistic	_	ContainsVariation=No	_	_	_	_	_	_
223-6	BZ006	223	6	[critica	critica	_	_	_	_	_	linguistic	_	ContainsVariation=No	_	_	_	_	_	0-7(68)
223-7	BZ006	223	7	lette]raria	letteraria	_	_	_	_	_	linguistic	_	ContainsVariation=No	_	_	_	_	_	0-5(68)
223-8	BZ006	223	8	al,	al	_	_	_	_	_	linguistic	_	ContainsVariation=No	Intonation=WeaklyRising	End=707.658	_	_	_	_
224-0	BZ001	224	0	[ah	ah	_	_	_	_	_	linguistic	_	ContainsVariation=No	_	Begin=705.758	_	_	_	0-2(68)
224-1	BZ001	224	1	okay].	okay	_	_	_	_	_	linguistic	_	ContainsVariation=No	Intonation=Falling	End=706.238	_	_	_	0-4(68)
225-0	BZ006	225	0	all'	all'	_	_	_	_	_	linguistic	_	ContainsVariation=No	SpaceAfter=No	Begin=707.868	_	_	_	_
225-1	BZ006	225	1	atteggiamento	atteggiamento	_	_	_	_	_	linguistic	_	ContainsVariation=No	_	_	_	_	_	_
225-2	BZ006	225	2	accademico	accademico	_	_	_	_	_	linguistic	_	ContainsVariation=No	_	_	_	_	_	_
225-3	BZ006	225	3	verso	verso	_	_	_	_	_	linguistic	_	ContainsVariation=No	_	_	_	_	_	_
225-4	BZ006	225	4	la	la	_	_	_	_	_	linguistic	_	ContainsVariation=No	_	_	_	_	_	_
225-5	BZ006	225	5	letteratura	letteratura	_	_	_	_	_	linguistic	_	ContainsVariation=No	_	_	_	_	_	_
225-6	BZ006	225	6	mentre	mentre	_	_	_	_	_	linguistic	_	ContainsVariation=No	_	_	_	_	_	_
225-7	BZ006	225	7	la	la	_	_	_	_	_	linguistic	_	ContainsVariation=No	_	_	_	_	_	_
225-8	BZ006	225	8	letteratura.	letteratura	_	_	_	_	_	linguistic	_	ContainsVariation=No	Intonation=Falling	_	_	_	_	_
225-9	BZ006	225	9	è	è	_	_	_	_	_	linguistic	_	ContainsVariation=No	_	_	_	_	_	_
225-10	BZ006	225	10	sempre	sempre	_	_	_	_	_	linguistic	_	ContainsVariation=No	_	_	_	_	_	_
225-11	BZ006	225	11	stata	stata	_	_	_	_	_	linguistic	_	ContainsVariation=No	_	_	_	_	_	_
225-12	BZ006	225	12	una	una	_	_	_	_	_	linguistic	_	ContainsVariation=No	_	_	_	_	_	_
225-13	BZ006	225	13	passione,	passione	_	_	_	_	_	linguistic	_	ContainsVariation=No	Intonation=WeaklyRising	End=711.884	_	_	_	_
226-0	BZ001	226	0	mh	mh	_	_	_	_	_	linguistic	_	ContainsVariation=No	ProsodicLink=Yes	Begin=711.884	_	_	_	_
226-1	BZ001	226	1	mh.	mh	_	_	_	_	_	linguistic	_	ContainsVariation=No	Intonation=Falling	End=712.248	_	_	_	_
227-0	BZ006	227	0	eh	eh	_	_	_	_	_	linguistic	_	ContainsVariation=No	_	Begin=712.408	_	_	_	_
227-1	BZ006	227	1	le	le	_	_	_	_	_	linguistic	_	ContainsVariation=No	_	_	_	_	_	_
227-2	BZ006	227	2	lingue	lingue	_	_	_	_	_	linguistic	_	ContainsVariation=No	_	_	_	_	_	_
227-3	BZ006	227	3	forse,	forse	_	_	_	_	_	linguistic	_	ContainsVariation=No	Intonation=WeaklyRising|PauseAfter=Yes	_	_	_	_	_
227-4	BZ006	227	4	(.)	(.)	_	_	_	_	_	shortpause	_	ContainsVariation=No	_	_	_	_	_	_
227-5	BZ006	227	5	erano	erano	_	_	_	_	_	linguistic	_	ContainsVariation=No	_	_	_	_	_	_
227-6	BZ006	227	6	anche	anche	_	_	_	_	_	linguistic	_	ContainsVariation=No	_	_	_	_	_	_
227-7	BZ006	227	7	a	a	_	_	_	_	_	linguistic	_	ContainsVariation=No	_	_	_	_	_	_
227-8	BZ006	227	8	livello	livello	_	_	_	_	_	linguistic	_	ContainsVariation=No	_	_	_	_	_	_
227-9	BZ006	227	9	di	di	_	_	_	_	_	linguistic	_	ContainsVariation=No	_	_	_	_	_	_
227-10	BZ006	227	10	studio	studio	_	_	_	_	_	linguistic	_	ContainsVariation=No	_	_	_	_	_	_
227-11	BZ006	227	11	più	più	_	_	_	_	_	linguistic	_	ContainsVariation=No	_	_	_	_	_	_
227-12	BZ006	227	12	interes[santi	interessanti	_	_	_	_	_	linguistic	_	ContainsVariation=No	_	_	_	_	_	7-12(69)
227-13	BZ006	227	13	per	per	_	_	_	_	_	linguistic	_	ContainsVariation=No	_	_	_	_	_	0-3(69)
227-14	BZ006	227	14	me]	me	_	_	_	_	_	linguistic	_	ContainsVariation=No	_	End=717.138	_	_	_	0-2(69)
228-0	BZ001	228	0	[okay].	okay	_	_	_	_	_	linguistic	_	ContainsVariation=No	Intonation=Falling	Begin=716.388|End=716.988	_	_	_	0-4(69)
229-0	BZ006	229	0	o	o	_	_	_	_	_	linguistic	_	ContainsVariation=No	_	Begin=717.443	_	_	_	_
229-1	BZ006	229	1	comunque	comunque	_	_	_	_	_	linguistic	_	ContainsVariation=No	_	_	_	_	_	_
229-2	BZ006	229	2	avevano	avevano	_	_	_	_	_	linguistic	_	ContainsVariation=No	_	_	_	_	_	_
229-3	BZ006	229	3	un	un	_	_	_	_	_	linguistic	_	ContainsVariation=No	_	_	_	_	_	_
229-4	BZ006	229	4	loro	loro	_	_	_	_	_	linguistic	_	ContainsVariation=No	PauseAfter=Yes	_	_	_	_	_
229-5	BZ006	229	5	(.)	(.)	_	_	_	_	_	shortpause	_	ContainsVariation=No	_	_	_	_	_	_
229-6	BZ006	229	6	una	una	_	_	_	_	_	linguistic	_	ContainsVariation=No	_	_	_	_	_	_
229-7	BZ006	229	7	loro	loro	_	_	_	_	_	linguistic	_	ContainsVariation=No	_	_	_	_	_	_
229-8	BZ006	229	8	valenza	valenza	_	_	_	_	_	linguistic	_	ContainsVariation=No	_	_	_	_	_	_
229-9	BZ006	229	9	interessante.	interessante	_	_	_	_	_	linguistic	_	ContainsVariation=No	Intonation=Falling	End=720.083	_	_	_	_
230-0	BZ006	230	0	tant'	tant'	_	_	_	_	_	linguistic	_	ContainsVariation=No	SpaceAfter=No	Begin=720.468	_	_	_	_
230-1	BZ006	230	1	è	è	_	_	_	_	_	linguistic	_	ContainsVariation=No	_	_	_	_	_	_
230-2	BZ006	230	2	che	che	_	_	_	_	_	linguistic	_	ContainsVariation=No	_	_	_	_	_	_
230-3	BZ006	230	3	però	però	_	_	_	_	_	linguistic	_	ContainsVariation=No	_	_	_	_	_	_
230-4	BZ006	230	4	è	è	_	_	_	_	_	linguistic	_	ContainsVariation=No	_	_	_	_	_	_
230-5	BZ006	230	5	successo	successo	_	_	_	_	_	linguistic	_	ContainsVariation=No	_	_	_	_	_	_
230-6	BZ006	230	6	il	il	_	_	_	_	_	linguistic	_	ContainsVariation=No	_	_	_	_	_	_
230-7	BZ006	230	7	contrario,	contrario	_	_	_	_	_	linguistic	_	ContainsVariation=No	Intonation=WeaklyRising	_	_	_	_	_
230-8	BZ006	230	8	e	e	_	_	_	_	_	linguistic	_	ContainsVariation=No	_	_	_	_	_	_
230-9	BZ006	230	9	quindi	quindi	_	_	_	_	_	linguistic	_	ContainsVariation=No	_	_	_	_	_	_
230-10	BZ006	230	10	le	le	_	_	_	_	_	linguistic	_	ContainsVariation=No	_	_	_	_	_	_
230-11	BZ006	230	11	lingue	lingue	_	_	_	_	_	linguistic	_	ContainsVariation=No	_	_	_	_	_	_
230-12	BZ006	230	12	in	in	_	_	_	_	_	linguistic	_	ContainsVariation=No	_	_	_	_	_	_
230-13	BZ006	230	13	realtà	realtà	_	_	_	_	_	linguistic	_	ContainsVariation=No	_	_	_	_	_	_
230-14	BZ006	230	14	non	non	_	_	_	_	_	linguistic	_	ContainsVariation=No	_	_	_	_	_	_
230-15	BZ006	230	15	le	le	_	_	_	_	_	linguistic	_	ContainsVariation=No	_	_	_	_	_	_
230-16	BZ006	230	16	ho	ho	_	_	_	_	_	linguistic	_	ContainsVariation=No	_	_	_	_	_	_
230-17	BZ006	230	17	abbandonate,	abbandonate	_	_	_	_	_	linguistic	_	ContainsVariation=No	Intonation=WeaklyRising	_	_	_	_	_
230-18	BZ006	230	18	le	le	_	_	_	_	_	linguistic	_	ContainsVariation=No	_	_	_	_	_	_
230-19	BZ006	230	19	ho	ho	_	_	_	_	_	linguistic	_	ContainsVariation=No	_	_	_	_	_	_
230-20	BZ006	230	20	continuate	continuate	_	_	_	_	_	linguistic	_	ContainsVariation=No	_	_	_	_	_	_
230-21	BZ006	230	21	a	a	_	_	_	_	_	linguistic	_	ContainsVariation=No	_	_	_	_	_	_
230-22	BZ006	230	22	conoscere,	conoscere	_	_	_	_	_	linguistic	_	ContainsVariation=No	Intonation=WeaklyRising	_	_	_	_	_
230-23	BZ006	230	23	in	in	_	_	_	_	_	linguistic	_	ContainsVariation=No	_	_	_	_	_	_
230-24	BZ006	230	24	una	una	_	_	_	_	_	linguistic	_	ContainsVariation=No	_	_	_	_	_	_
230-25	BZ006	230	25	maniera	maniera	_	_	_	_	_	linguistic	_	ContainsVariation=No	_	_	_	_	_	_
230-26	BZ006	230	26	molto	molto	_	_	_	_	_	linguistic	_	ContainsVariation=No	_	_	_	_	_	_
230-27	BZ006	230	27	più,	più	_	_	_	_	_	linguistic	_	ContainsVariation=No	Intonation=WeaklyRising	_	_	_	_	_
230-28	BZ006	230	28	amatoriale.	amatoriale	_	_	_	_	_	linguistic	_	ContainsVariation=No	Intonation=Falling	_	_	_	_	_
230-29	BZ006	230	29	io	io	_	_	_	_	_	linguistic	_	ContainsVariation=No	_	_	_	_	_	_
230-30	BZ006	230	30	mi	mi	_	_	_	_	_	linguistic	_	ContainsVariation=No	_	_	_	_	_	_
230-31	BZ006	230	31	definisco	definisco	_	_	_	_	_	linguistic	_	ContainsVariation=No	_	_	_	_	_	_
230-32	BZ006	230	32	amatoriale	amatoriale	_	_	_	_	_	linguistic	_	ContainsVariation=No	_	_	_	_	_	_
230-33	BZ006	230	33	nelle	nelle	_	_	_	_	_	linguistic	_	ContainsVariation=No	_	_	_	_	_	_
230-34	BZ006	230	34	lingue.	lingue	_	_	_	_	_	linguistic	_	ContainsVariation=No	Intonation=Falling	_	_	_	_	_
230-35	BZ006	230	35	non	non	_	_	_	_	_	linguistic	_	ContainsVariation=No	_	_	_	_	_	_
230-36	BZ006	230	36	sono,	sono	_	_	_	_	_	linguistic	_	ContainsVariation=No	Intonation=WeaklyRising|PauseAfter=Yes	_	_	_	_	_
230-37	BZ006	230	37	(.)	(.)	_	_	_	_	_	shortpause	_	ContainsVariation=No	_	_	_	_	_	_
230-38	BZ006	230	38	non	non	_	_	_	_	_	linguistic	_	ContainsVariation=No	_	_	_	_	_	_
230-39	BZ006	230	39	c'	c'	_	_	_	_	_	linguistic	_	ContainsVariation=No	SpaceAfter=No	_	_	_	_	_
230-40	BZ006	230	40	è	è	_	_	_	_	_	linguistic	_	ContainsVariation=No	_	_	_	_	_	_
230-41	BZ006	230	41	una	una	_	_	_	_	_	linguistic	_	ContainsVariation=No	_	_	_	_	_	_
230-42	BZ006	230	42	lingua	lingua	_	_	_	_	_	linguistic	_	ContainsVariation=No	_	_	_	_	_	_
230-43	BZ006	230	43	che	che	_	_	_	_	_	linguistic	_	ContainsVariation=No	_	_	_	_	_	_
230-44	BZ006	230	44	io	io	_	_	_	_	_	linguistic	_	ContainsVariation=No	_	_	_	_	_	_
230-45	BZ006	230	45	conosca	conosca	_	_	_	_	_	linguistic	_	ContainsVariation=No	_	_	_	_	_	_
230-46	BZ006	230	46	come	come	_	_	_	_	_	linguistic	_	ContainsVariation=No	_	_	_	_	_	_
230-47	BZ006	230	47	l'	l'	_	_	_	_	_	linguistic	_	ContainsVariation=No	SpaceAfter=No	_	_	_	_	_
230-48	BZ006	230	48	italiano,	italiano	_	_	_	_	_	linguistic	_	ContainsVariation=No	Intonation=WeaklyRising	End=732.348	_	_	_	_
231-0	BZ006	231	0	penso	penso	_	_	_	_	_	linguistic	_	ContainsVariation=No	_	Begin=732.843	_	_	_	_
231-1	BZ006	231	1	sia	sia	_	_	_	_	_	linguistic	_	ContainsVariation=No	_	_	_	_	_	_
231-2	BZ006	231	2	anche	anche	_	_	_	_	_	linguistic	_	ContainsVariation=No	_	_	_	_	_	_
231-3	BZ006	231	3	im-	im-	_	_	_	_	_	linguistic	_	ContainsVariation=No	Interrupted=Yes	End=733.733	_	_	_	_
232-0	BZ006	232	0	quasi	quasi	_	_	_	_	_	linguistic	_	ContainsVariation=No	_	Begin=734.483	_	_	_	_
232-1	BZ006	232	1	impos[sibile	impossibile	_	_	_	_	_	linguistic	_	ContainsVariation=No	_	_	_	_	_	5-11(70)
232-2	BZ006	232	2	rag]giungere	raggiungere	_	_	_	_	_	linguistic	_	ContainsVariation=No	_	_	_	_	_	0-3(70)
232-3	BZ006	232	3	un	un	_	_	_	_	_	linguistic	_	ContainsVariation=No	_	_	_	_	_	_
232-4	BZ006	232	4	livello	livello	_	_	_	_	_	linguistic	_	ContainsVariation=No	_	_	_	_	_	_
232-5	BZ006	232	5	del	del	_	_	_	_	_	linguistic	_	ContainsVariation=No	_	_	_	_	_	_
232-6	BZ006	232	6	genere,	genere	_	_	_	_	_	linguistic	_	ContainsVariation=No	Intonation=WeaklyRising	End=736.723	_	_	_	_
233-0	BZ001	233	0	[mh].	mh	_	_	_	_	_	linguistic	_	ContainsVariation=No	Intonation=Falling	Begin=735.058|End=735.448	_	_	_	0-2(70)
234-0	BZ006	234	0	senza	senza	_	_	_	_	_	linguistic	_	ContainsVariation=No	_	Begin=737.028	_	_	_	_
234-1	BZ006	234	1	essere	essere	_	_	_	_	_	linguistic	_	ContainsVariation=No	_	_	_	_	_	_
234-2	BZ006	234	2	bilingui	bilingui	_	_	_	_	_	linguistic	_	ContainsVariation=No	_	_	_	_	_	_
234-3	BZ006	234	3	o	o	_	_	_	_	_	linguistic	_	ContainsVariation=No	PauseAfter=Yes	_	_	_	_	_
234-4	BZ006	234	4	(.)	(.)	_	_	_	_	_	shortpause	_	ContainsVariation=No	_	_	_	_	_	_
234-5	BZ006	234	5	passare	passare	_	_	_	_	_	linguistic	_	ContainsVariation=No	PauseAfter=Yes	_	_	_	_	_
234-6	BZ006	234	6	(.)	(.)	_	_	_	_	_	shortpause	_	ContainsVariation=No	_	_	_	_	_	_
234-7	BZ006	234	7	tutta	tutta	_	_	_	_	_	linguistic	_	ContainsVariation=No	_	_	_	_	_	_
234-8	BZ006	234	8	una	una	_	_	_	_	_	linguistic	_	ContainsVariation=No	_	_	_	_	_	_
234-9	BZ006	234	9	vita,	vita	_	_	_	_	_	linguistic	_	ContainsVariation=No	Intonation=WeaklyRising	End=740.92	_	_	_	_
235-0	BZ006	235	0	in	in	_	_	_	_	_	linguistic	_	ContainsVariation=No	_	Begin=742.083	_	_	_	_
235-1	BZ006	235	1	un	un	_	_	_	_	_	linguistic	_	ContainsVariation=No	_	_	_	_	_	_
235-2	BZ006	235	2	luogo	luogo	_	_	_	_	_	linguistic	_	ContainsVariation=No	_	_	_	_	_	_
235-3	BZ006	235	3	diverso	diverso	_	_	_	_	_	linguistic	_	ContainsVariation=No	_	_	_	_	_	_
235-4	BZ006	235	4	dal	dal	_	_	_	_	_	linguistic	_	ContainsVariation=No	_	_	_	_	_	_
235-5	BZ006	235	5	proprio	proprio	_	_	_	_	_	linguistic	_	ContainsVariation=No	_	_	_	_	_	_
235-6	BZ006	235	6	paese,	paese	_	_	_	_	_	linguistic	_	ContainsVariation=No	Intonation=WeaklyRising	_	_	_	_	_
235-7	BZ006	235	7	eh	eh	_	_	_	_	_	linguistic	_	ContainsVariation=No	_	_	_	_	_	_
235-8	BZ006	235	8	però	però	_	_	_	_	_	linguistic	_	ContainsVariation=No	_	_	_	_	_	_
235-9	BZ006	235	9	insomma	insomma	_	_	_	_	_	linguistic	_	ContainsVariation=No	_	_	_	_	_	_
235-10	BZ006	235	10	il	il	_	_	_	_	_	linguistic	_	ContainsVariation=No	_	_	_	_	_	_
235-11	BZ006	235	11	rapporto	rapporto	_	_	_	_	_	linguistic	_	ContainsVariation=No	_	_	_	_	_	_
235-12	BZ006	235	12	è	è	_	_	_	_	_	linguistic	_	ContainsVariation=No	_	_	_	_	_	_
235-13	BZ006	235	13	rimasto	rimasto	_	_	_	_	_	linguistic	_	ContainsVariation=No	_	_	_	_	_	_
235-14	BZ006	235	14	ed	ed	_	_	_	_	_	linguistic	_	ContainsVariation=No	_	_	_	_	_	_
235-15	BZ006	235	15	è	è	_	_	_	_	_	linguistic	_	ContainsVariation=No	_	_	_	_	_	_
235-16	BZ006	235	16	rimasto,	rimasto	_	_	_	_	_	linguistic	_	ContainsVariation=No	Intonation=WeaklyRising	End=747.843	_	_	_	_
236-0	BZ006	236	0	attraverso	attraverso	_	_	_	_	_	linguistic	_	ContainsVariation=No	_	Begin=748.728	_	_	_	_
236-1	BZ006	236	1	due	due	_	_	_	_	_	linguistic	_	ContainsVariation=No	_	_	_	_	_	_
236-2	BZ006	236	2	altre	altre	_	_	_	_	_	linguistic	_	ContainsVariation=No	_	_	_	_	_	_
236-3	BZ006	236	3	esperienze,	esperienze	_	_	_	_	_	linguistic	_	ContainsVariation=No	Intonation=WeaklyRising	End=750.608	_	_	_	_
237-0	BZ006	237	0	la	la	_	_	_	_	_	linguistic	_	ContainsVariation=No	_	Begin=751.043	_	_	_	_
237-1	BZ006	237	1	prima,	prima	_	_	_	_	_	linguistic	_	ContainsVariation=No	Intonation=WeaklyRising|PauseAfter=Yes	_	_	_	_	_
237-2	BZ006	237	2	(.)	(.)	_	_	_	_	_	shortpause	_	ContainsVariation=No	_	_	_	_	_	_
237-3	BZ006	237	3	è	è	_	_	_	_	_	linguistic	_	ContainsVariation=No	_	_	_	_	_	_
237-4	BZ006	237	4	stata	stata	_	_	_	_	_	linguistic	_	ContainsVariation=No	_	_	_	_	_	_
237-5	BZ006	237	5	un::	un	_	_	_	_	_	linguistic	_	ContainsVariation=No	_	End=754.313	1x2	_	_	_
238-0	BZ006	238	0	due	due	_	_	_	_	_	linguistic	_	ContainsVariation=No	_	Begin=755.523	_	_	_	_
238-1	BZ006	238	1	o	o	_	_	_	_	_	linguistic	_	ContainsVariation=No	_	_	_	_	_	_
238-2	BZ006	238	2	tre	tre	_	_	_	_	_	linguistic	_	ContainsVariation=No	_	_	_	_	_	_
238-3	BZ006	238	3	esperienze	esperienze	_	_	_	_	_	linguistic	_	ContainsVariation=No	_	_	_	_	_	_
238-4	BZ006	238	4	perché	perché	_	_	_	_	_	linguistic	_	ContainsVariation=No	_	_	_	_	_	_
238-5	BZ006	238	5	la	la	_	_	_	_	_	linguistic	_	ContainsVariation=No	_	_	_	_	_	_
238-6	BZ006	238	6	prima	prima	_	_	_	_	_	linguistic	_	ContainsVariation=No	_	_	_	_	_	_
238-7	BZ006	238	7	è	è	_	_	_	_	_	linguistic	_	ContainsVariation=No	_	_	_	_	_	_
238-8	BZ006	238	8	stata	stata	_	_	_	_	_	linguistic	_	ContainsVariation=No	_	_	_	_	_	_
238-9	BZ006	238	9	il	il	_	_	_	_	_	linguistic	_	ContainsVariation=No	_	_	_	_	_	_
238-10	BZ006	238	10	lavoro	lavoro	_	_	_	_	_	linguistic	_	ContainsVariation=No	_	_	_	_	_	_
238-11	BZ006	238	11	che	che	_	_	_	_	_	linguistic	_	ContainsVariation=No	_	_	_	_	_	_
238-12	BZ006	238	12	ho	ho	_	_	_	_	_	linguistic	_	ContainsVariation=No	_	_	_	_	_	_
238-13	BZ006	238	13	fatto,	fatto	_	_	_	_	_	linguistic	_	ContainsVariation=No	Intonation=WeaklyRising	_	_	_	_	_
238-14	BZ006	238	14	eh:	eh	_	_	_	_	_	linguistic	_	ContainsVariation=No	_	_	1x1	_	_	_
238-15	BZ006	238	15	subito	subito	_	_	_	_	_	linguistic	_	ContainsVariation=No	_	_	_	_	_	_
238-16	BZ006	238	16	dopo	dopo	_	_	_	_	_	linguistic	_	ContainsVariation=No	_	_	_	_	_	_
238-17	BZ006	238	17	la	la	_	_	_	_	_	linguistic	_	ContainsVariation=No	_	_	_	_	_	_
238-18	BZ006	238	18	scuola,	scuola	_	_	_	_	_	linguistic	_	ContainsVariation=No	Intonation=WeaklyRising	End=760.843	_	_	_	_
239-0	BZ006	239	0	eh::	eh	_	_	_	_	_	linguistic	_	ContainsVariation=No	_	Begin=761.528	1x2	_	_	_
239-1	BZ006	239	1	la-	la-	_	_	_	_	_	linguistic	_	ContainsVariation=No	Interrupted=Yes	_	_	_	_	_
239-2	BZ006	239	2	ho	ho	_	_	_	_	_	linguistic	_	ContainsVariation=No	_	_	_	_	_	_
239-3	BZ006	239	3	lavorato	lavorato	_	_	_	_	_	linguistic	_	ContainsVariation=No	_	_	_	_	_	_
239-4	BZ006	239	4	nel	nel	_	_	_	_	_	linguistic	_	ContainsVariation=No	_	_	_	_	_	_
239-5	BZ006	239	5	sociale	sociale	_	_	_	_	_	linguistic	_	ContainsVariation=No	_	_	_	_	_	_
239-6	BZ006	239	6	come:	come	_	_	_	_	_	linguistic	_	ContainsVariation=No	_	_	3x1	_	_	_
239-7	BZ006	239	7	operatore	operatore	_	_	_	_	_	linguistic	_	ContainsVariation=No	_	_	_	_	_	_
239-8	BZ006	239	8	sociale	sociale	_	_	_	_	_	linguistic	_	ContainsVariation=No	_	_	_	_	_	_
239-9	BZ006	239	9	e	e	_	_	_	_	_	linguistic	_	ContainsVariation=No	_	_	_	_	_	_
239-10	BZ006	239	10	nella	nella	_	_	_	_	_	linguistic	_	ContainsVariation=No	_	_	_	_	_	_
239-11	BZ006	239	11	comunicazione	comunicazione	_	_	_	_	_	linguistic	_	ContainsVariation=No	_	_	_	_	_	_
239-12	BZ006	239	12	di	di	_	_	_	_	_	linguistic	_	ContainsVariation=No	_	_	_	_	_	_
239-13	BZ006	239	13	[di	di	_	_	_	_	_	linguistic	_	ContainsVariation=No	_	_	_	_	_	0-2(71)
239-14	BZ006	239	14	una]	una	_	_	_	_	_	linguistic	_	ContainsVariation=No	_	_	_	_	_	0-3(71)
239-15	BZ006	239	15	delle	delle	_	_	_	_	_	linguistic	_	ContainsVariation=No	_	_	_	_	_	_
239-16	BZ006	239	16	principali	principali	_	_	_	_	_	linguistic	_	ContainsVariation=No	_	_	_	_	_	_
239-17	BZ006	239	17	associazioni	associazioni	_	_	_	_	_	linguistic	_	ContainsVariation=No	_	_	_	_	_	_
239-18	BZ006	239	18	della	della	_	_	_	_	_	linguistic	_	ContainsVariation=No	_	_	_	_	_	_
239-19	BZ006	239	19	città	città	_	_	_	_	_	linguistic	_	ContainsVariation=No	_	_	_	_	_	_
239-20	BZ006	239	20	e	e	_	_	_	_	_	linguistic	_	ContainsVariation=No	_	_	_	_	_	_
239-21	BZ006	239	21	della	della	_	_	_	_	_	linguistic	_	ContainsVariation=No	_	_	_	_	_	_
239-22	BZ006	239	22	provincia,	provincia	_	_	_	_	_	linguistic	_	ContainsVariation=No	Intonation=WeaklyRising	_	_	_	_	_
239-23	BZ006	239	23	@nomeassociazione	@nomeassociazione	_	_	_	_	_	anonymized	_	ContainsVariation=No	Anonymized=Yes	End=772.858	_	_	_	_
240-0	BZ001	240	0	[mh	mh	_	_	_	_	_	linguistic	_	ContainsVariation=No	ProsodicLink=Yes	Begin=767.858	_	_	_	0-2(71)
240-1	BZ001	240	1	mh].	mh	_	_	_	_	_	linguistic	_	ContainsVariation=No	Intonation=Falling	End=768.178	_	_	_	0-2(71)
241-0	BZ006	241	0	e::	e	_	_	_	_	_	linguistic	_	ContainsVariation=No	_	Begin=773.653	0x2	_	_	_
241-1	BZ006	241	1	e	e	_	_	_	_	_	linguistic	_	ContainsVariation=No	_	_	_	_	_	_
241-2	BZ006	241	2	lì,	lì	_	_	_	_	_	linguistic	_	ContainsVariation=No	Intonation=WeaklyRising|PauseAfter=Yes	_	_	_	_	_
241-3	BZ006	241	3	(.)	(.)	_	_	_	_	_	shortpause	_	ContainsVariation=No	_	_	_	_	_	_
241-4	BZ006	241	4	ho	ho	_	_	_	_	_	linguistic	_	ContainsVariation=No	_	_	_	_	_	_
241-5	BZ006	241	5	avuto	avuto	_	_	_	_	_	linguistic	_	ContainsVariation=No	_	_	_	_	_	_
241-6	BZ006	241	6	modo	modo	_	_	_	_	_	linguistic	_	ContainsVariation=No	_	_	_	_	_	_
241-7	BZ006	241	7	comunque	comunque	_	_	_	_	_	linguistic	_	ContainsVariation=No	_	_	_	_	_	_
241-8	BZ006	241	8	di	di	_	_	_	_	_	linguistic	_	ContainsVariation=No	_	_	_	_	_	_
241-9	BZ006	241	9	parlar	parlar	_	_	_	_	_	linguistic	_	ContainsVariation=No	_	_	_	_	_	_
241-10	BZ006	241	10	tante	tante	_	_	_	_	_	linguistic	_	ContainsVariation=No	_	_	_	_	_	_
241-11	BZ006	241	11	lingue,	lingue	_	_	_	_	_	linguistic	_	ContainsVariation=No	Intonation=WeaklyRising	_	_	_	_	_
241-12	BZ006	241	12	questo	questo	_	_	_	_	_	linguistic	_	ContainsVariation=No	_	_	_	_	_	_
241-13	BZ006	241	13	me	me	_	_	_	_	_	linguistic	_	ContainsVariation=No	_	_	_	_	_	_
241-14	BZ006	241	14	ne	ne	_	_	_	_	_	linguistic	_	ContainsVariation=No	_	_	_	_	_	_
241-15	BZ006	241	15	sto	sto	_	_	_	_	_	linguistic	_	ContainsVariation=No	_	_	_	_	_	_
241-16	BZ006	241	16	rendendo	rendendo	_	_	_	_	_	linguistic	_	ContainsVariation=No	_	_	_	_	_	_
241-17	BZ006	241	17	conto	conto	_	_	_	_	_	linguistic	_	ContainsVariation=No	_	_	_	_	_	_
241-18	BZ006	241	18	adesso	adesso	_	_	_	_	_	linguistic	_	ContainsVariation=No	_	_	_	_	_	_
241-19	BZ006	241	19	in	in	_	_	_	_	_	linguistic	_	ContainsVariation=No	_	_	_	_	_	_
241-20	BZ006	241	20	realtà	realtà	_	_	_	_	_	linguistic	_	ContainsVariation=No	_	_	_	_	_	_
241-21	BZ006	241	21	perché	perché	_	_	_	_	_	linguistic	_	ContainsVariation=No	_	_	_	_	_	_
241-22	BZ006	241	22	non	non	_	_	_	_	_	linguistic	_	ContainsVariation=No	_	_	_	_	_	_
241-23	BZ006	241	23	lo	lo	_	_	_	_	_	linguistic	_	ContainsVariation=No	_	_	_	_	_	_
241-24	BZ006	241	24	avevo	avevo	_	_	_	_	_	linguistic	_	ContainsVariation=No	_	_	_	_	_	_
241-25	BZ006	241	25	contato	contato	_	_	_	_	_	linguistic	_	ContainsVariation=No	_	_	_	_	_	_
241-26	BZ006	241	26	tra	tra	_	_	_	_	_	linguistic	_	ContainsVariation=No	_	_	_	_	_	_
241-27	BZ006	241	27	le,	le	_	_	_	_	_	linguistic	_	ContainsVariation=No	Intonation=WeaklyRising	End=781.113	_	_	_	_
242-0	BZ006	242	0	e::	e	_	_	_	_	_	linguistic	_	ContainsVariation=No	_	Begin=781.928	0x2	_	_	_
242-1	BZ006	242	1	mh:	mh	_	_	_	_	_	linguistic	_	ContainsVariation=No	_	_	1x1	_	_	_
242-2	BZ006	242	2	soprattutto	soprattutto	_	_	_	_	_	linguistic	_	ContainsVariation=No	_	_	_	_	_	_
242-3	BZ006	242	3	con	con	_	_	_	_	_	linguistic	_	ContainsVariation=No	_	_	_	_	_	_
242-4	BZ006	242	4	i	i	_	_	_	_	_	linguistic	_	ContainsVariation=No	_	_	_	_	_	_
242-5	BZ006	242	5	ragazzi	ragazzi	_	_	_	_	_	linguistic	_	ContainsVariation=No	_	_	_	_	_	_
242-6	BZ006	242	6	migranti	migranti	_	_	_	_	_	linguistic	_	ContainsVariation=No	_	_	_	_	_	_
242-7	BZ006	242	7	che	che	_	_	_	_	_	linguistic	_	ContainsVariation=No	_	_	_	_	_	_
242-8	BZ006	242	8	passavano	passavano	_	_	_	_	_	linguistic	_	ContainsVariation=No	_	_	_	_	_	_
242-9	BZ006	242	9	soprattutto	soprattutto	_	_	_	_	_	linguistic	_	ContainsVariation=No	_	_	_	_	_	_
242-10	BZ006	242	10	in	in	_	_	_	_	_	linguistic	_	ContainsVariation=No	_	_	_	_	_	_
242-11	BZ006	242	11	quegli	quegli	_	_	_	_	_	linguistic	_	ContainsVariation=No	_	_	_	_	_	_
242-12	BZ006	242	12	anni,	anni	_	_	_	_	_	linguistic	_	ContainsVariation=No	Intonation=WeaklyRising	_	_	_	_	_
242-13	BZ006	242	13	perché	perché	_	_	_	_	_	linguistic	_	ContainsVariation=No	_	_	_	_	_	_
242-14	BZ006	242	14	ci	ci	_	_	_	_	_	linguistic	_	ContainsVariation=No	_	_	_	_	_	_
242-15	BZ006	242	15	son	son	_	_	_	_	_	linguistic	_	ContainsVariation=No	_	_	_	_	_	_
242-16	BZ006	242	16	state	state	_	_	_	_	_	linguistic	_	ContainsVariation=No	_	_	_	_	_	_
242-17	BZ006	242	17	diverse	diverse	_	_	_	_	_	linguistic	_	ContainsVariation=No	_	_	_	_	_	_
242-18	BZ006	242	18	emergenze	emergenze	_	_	_	_	_	linguistic	_	ContainsVariation=No	_	_	_	_	_	_
242-19	BZ006	242	19	anche	anche	_	_	_	_	_	linguistic	_	ContainsVariation=No	_	_	_	_	_	_
242-20	BZ006	242	20	bolzano	bolzano	_	_	_	_	_	linguistic	_	ContainsVariation=No	_	_	_	_	_	_
242-21	BZ006	242	21	brennero,	brennero	_	_	_	_	_	linguistic	_	ContainsVariation=No	Intonation=WeaklyRising	_	_	_	_	_
242-22	BZ006	242	22	emigranti	emigranti	_	_	_	_	_	linguistic	_	ContainsVariation=No	_	_	_	_	_	_
242-23	BZ006	242	23	in	in	_	_	_	_	_	linguistic	_	ContainsVariation=No	_	_	_	_	_	_
242-24	BZ006	242	24	transito	transito	_	_	_	_	_	linguistic	_	ContainsVariation=No	_	_	_	_	_	_
242-25	BZ006	242	25	eccetera,	eccetera	_	_	_	_	_	linguistic	_	ContainsVariation=No	Intonation=WeaklyRising	_	_	_	_	_
242-26	BZ006	242	26	le	le	_	_	_	_	_	linguistic	_	ContainsVariation=No	_	_	_	_	_	_
242-27	BZ006	242	27	lingue	lingue	_	_	_	_	_	linguistic	_	ContainsVariation=No	_	_	_	_	_	_
242-28	BZ006	242	28	che	che	_	_	_	_	_	linguistic	_	ContainsVariation=No	_	_	_	_	_	_
242-29	BZ006	242	29	sentivamo	sentivamo	_	_	_	_	_	linguistic	_	ContainsVariation=No	_	_	_	_	_	_
242-30	BZ006	242	30	erano	erano	_	_	_	_	_	linguistic	_	ContainsVariation=No	_	_	_	_	_	_
242-31	BZ006	242	31	bene	bene	_	_	_	_	_	linguistic	_	ContainsVariation=No	_	_	_	_	_	_
242-32	BZ006	242	32	o	o	_	_	_	_	_	linguistic	_	ContainsVariation=No	_	_	_	_	_	_
242-33	BZ006	242	33	male	male	_	_	_	_	_	linguistic	_	ContainsVariation=No	_	_	_	_	_	_
242-34	BZ006	242	34	francese	francese	_	_	_	_	_	linguistic	_	ContainsVariation=No	_	_	_	_	_	_
242-35	BZ006	242	35	e	e	_	_	_	_	_	linguistic	_	ContainsVariation=No	_	_	_	_	_	_
242-36	BZ006	242	36	inglese.	inglese	_	_	_	_	_	linguistic	_	ContainsVariation=No	Intonation=Falling	End=794.64	_	_	_	_
243-0	BZ001	243	0	mh	mh	_	_	_	_	_	linguistic	_	ContainsVariation=No	ProsodicLink=Yes	Begin=794.693	_	_	_	_
243-1	BZ001	243	1	mh.	mh	_	_	_	_	_	linguistic	_	ContainsVariation=No	Intonation=Falling	End=794.933	_	_	_	_
244-0	BZ006	244	0	e	e	_	_	_	_	_	linguistic	_	ContainsVariation=No	_	Begin=795.429	_	_	_	_
244-1	BZ006	244	1	lì	lì	_	_	_	_	_	linguistic	_	ContainsVariation=No	_	_	_	_	_	_
244-2	BZ006	244	2	queste	queste	_	_	_	_	_	linguistic	_	ContainsVariation=No	_	_	_	_	_	_
244-3	BZ006	244	3	competenze	competenze	_	_	_	_	_	linguistic	_	ContainsVariation=No	_	_	_	_	_	_
244-4	BZ006	244	4	son	son	_	_	_	_	_	linguistic	_	ContainsVariation=No	_	_	_	_	_	_
244-5	BZ006	244	5	tornate	tornate	_	_	_	_	_	linguistic	_	ContainsVariation=No	_	_	_	_	_	_
244-6	BZ006	244	6	anche	anche	_	_	_	_	_	linguistic	_	ContainsVariation=No	_	_	_	_	_	_
244-7	BZ006	244	7	utili.	utili	_	_	_	_	_	linguistic	_	ContainsVariation=No	Intonation=Falling	End=798.239	_	_	_	_
245-0	BZ006	245	0	eh::m::	ehm	_	_	_	_	_	linguistic	_	ContainsVariation=No	_	Begin=799.049|End=800.939	1x2,2x2	_	_	_
246-0	BZ006	246	0	anche	anche	_	_	_	_	_	linguistic	_	ContainsVariation=No	_	Begin=801.379	_	_	_	_
246-1	BZ006	246	1	se	se	_	_	_	_	_	linguistic	_	ContainsVariation=No	_	_	_	_	_	_
246-2	BZ006	246	2	parlando	parlando	_	_	_	_	_	linguistic	_	ContainsVariation=No	_	_	_	_	_	_
246-3	BZ006	246	3	con	con	_	_	_	_	_	linguistic	_	ContainsVariation=No	_	_	_	_	_	_
246-4	BZ006	246	4	queste	queste	_	_	_	_	_	linguistic	_	ContainsVariation=No	_	_	_	_	_	_
246-5	BZ006	246	5	persone	persone	_	_	_	_	_	linguistic	_	ContainsVariation=No	_	_	_	_	_	_
246-6	BZ006	246	6	ti	ti	_	_	_	_	_	linguistic	_	ContainsVariation=No	_	_	_	_	_	_
246-7	BZ006	246	7	rendevi	rendevi	_	_	_	_	_	linguistic	_	ContainsVariation=No	_	_	_	_	_	_
246-8	BZ006	246	8	conto	conto	_	_	_	_	_	linguistic	_	ContainsVariation=No	_	_	_	_	_	_
246-9	BZ006	246	9	che	che	_	_	_	_	_	linguistic	_	ContainsVariation=No	_	_	_	_	_	_
246-10	BZ006	246	10	non	non	_	_	_	_	_	linguistic	_	ContainsVariation=No	_	_	_	_	_	_
246-11	BZ006	246	11	era	era	_	_	_	_	_	linguistic	_	ContainsVariation=No	_	_	_	_	_	_
246-12	BZ006	246	12	francese	francese	_	_	_	_	_	linguistic	_	ContainsVariation=No	_	_	_	_	_	_
246-13	BZ006	246	13	scolastico	scolastico	_	_	_	_	_	linguistic	_	ContainsVariation=No	_	_	_	_	_	_
246-14	BZ006	246	14	che	che	_	_	_	_	_	linguistic	_	ContainsVariation=No	_	_	_	_	_	_
246-15	BZ006	246	15	avevi	avevi	_	_	_	_	_	linguistic	_	ContainsVariation=No	_	_	_	_	_	_
246-16	BZ006	246	16	imparato,	imparato	_	_	_	_	_	linguistic	_	ContainsVariation=No	Intonation=WeaklyRising	_	_	_	_	_
246-17	BZ006	246	17	non	non	_	_	_	_	_	linguistic	_	ContainsVariation=No	_	_	_	_	_	_
246-18	BZ006	246	18	era	era	_	_	_	_	_	linguistic	_	ContainsVariation=No	_	_	_	_	_	_
246-19	BZ006	246	19	neanche	neanche	_	_	_	_	_	linguistic	_	ContainsVariation=No	_	_	_	_	_	_
246-20	BZ006	246	20	l'	l'	_	_	_	_	_	linguistic	_	ContainsVariation=No	SpaceAfter=No	_	_	_	_	_
246-21	BZ006	246	21	inglese	inglese	_	_	_	_	_	linguistic	_	ContainsVariation=No	_	End=808.347	_	_	_	_
247-0	BZ001	247	0	mh	mh	_	_	_	_	_	linguistic	_	ContainsVariation=No	ProsodicLink=Yes	Begin=808.347	_	_	_	_
247-1	BZ001	247	1	mh.	mh	_	_	_	_	_	linguistic	_	ContainsVariation=No	Intonation=Falling	End=808.594	_	_	_	_
248-0	BZ006	248	0	che	che	_	_	_	_	_	linguistic	_	ContainsVariation=No	_	Begin=808.884	_	_	_	_
248-1	BZ006	248	1	avevi	avevi	_	_	_	_	_	linguistic	_	ContainsVariation=No	_	_	_	_	_	_
248-2	BZ006	248	2	imparato	imparato	_	_	_	_	_	linguistic	_	ContainsVariation=No	_	_	_	_	_	_
248-3	BZ006	248	3	a	a	_	_	_	_	_	linguistic	_	ContainsVariation=No	_	_	_	_	_	_
248-4	BZ006	248	4	scuola	scuola	_	_	_	_	_	linguistic	_	ContainsVariation=No	_	_	_	_	_	_
248-5	BZ006	248	5	era	era	_	_	_	_	_	linguistic	_	ContainsVariation=No	_	_	_	_	_	_
248-6	BZ006	248	6	tutt'	tutt'	_	_	_	_	_	linguistic	_	ContainsVariation=No	SpaceAfter=No	_	_	_	_	_
248-7	BZ006	248	7	altro.	altro	_	_	_	_	_	linguistic	_	ContainsVariation=No	Intonation=Falling	_	_	_	_	_
248-8	BZ006	248	8	[però	però	_	_	_	_	_	linguistic	_	ContainsVariation=No	_	_	_	_	_	0-4(72)
248-9	BZ006	248	9	lì	lì	_	_	_	_	_	linguistic	_	ContainsVariation=No	_	_	_	_	_	0-2(72)
248-10	BZ006	248	10	anche	anche	_	_	_	_	_	linguistic	_	ContainsVariation=No	_	_	_	_	_	0-5(72)
248-11	BZ006	248	11	c'	c'	_	_	_	_	_	linguistic	_	ContainsVariation=No	SpaceAfter=No	_	_	_	_	0-2(72)
248-12	BZ006	248	12	è	è	_	_	_	_	_	linguistic	_	ContainsVariation=No	_	_	_	_	_	0-1(72)
248-13	BZ006	248	13	stato]	stato	_	_	_	_	_	linguistic	_	ContainsVariation=No	_	_	_	_	_	0-4(72)
248-14	BZ006	248	14	un	un	_	_	_	_	_	linguistic	_	ContainsVariation=No	_	_	_	_	_	_
248-15	BZ006	248	15	legame.	legame	_	_	_	_	_	linguistic	_	ContainsVariation=No	Intonation=Falling	End=812.114	_	_	_	_
249-0	BZ001	249	0	[eh	eh	_	_	_	_	_	linguistic	_	ContainsVariation=No	_	Begin=810.414	_	_	_	0-2(72)
249-1	BZ001	249	1	certo].	certo	_	_	_	_	_	linguistic	_	ContainsVariation=No	Intonation=Falling	End=811.324	_	_	_	0-5(72)
250-0	BZ006	250	0	con	con	_	_	_	_	_	linguistic	_	ContainsVariation=No	_	Begin=812.704	_	_	_	_
250-1	BZ006	250	1	le	le	_	_	_	_	_	linguistic	_	ContainsVariation=No	_	_	_	_	_	_
250-2	BZ006	250	2	lingue,	lingue	_	_	_	_	_	linguistic	_	ContainsVariation=No	Intonation=WeaklyRising	_	_	_	_	_
250-3	BZ006	250	3	e	e	_	_	_	_	_	linguistic	_	ContainsVariation=No	_	_	_	_	_	_
250-4	BZ006	250	4	poi	poi	_	_	_	_	_	linguistic	_	ContainsVariation=No	_	_	_	_	_	_
250-5	BZ006	250	5	lavorando	lavorando	_	_	_	_	_	linguistic	_	ContainsVariation=No	_	_	_	_	_	_
250-6	BZ006	250	6	anche	anche	_	_	_	_	_	linguistic	_	ContainsVariation=No	_	_	_	_	_	_
250-7	BZ006	250	7	nella	nella	_	_	_	_	_	linguistic	_	ContainsVariation=No	_	_	_	_	_	_
250-8	BZ006	250	8	comunicazione	comunicazione	_	_	_	_	_	linguistic	_	ContainsVariation=No	_	_	_	_	_	_
250-9	BZ006	250	9	di	di	_	_	_	_	_	linguistic	_	ContainsVariation=No	_	_	_	_	_	_
250-10	BZ006	250	10	questa	questa	_	_	_	_	_	linguistic	_	ContainsVariation=No	_	_	_	_	_	_
250-11	BZ006	250	11	associazione	associazione	_	_	_	_	_	linguistic	_	ContainsVariation=No	_	_	_	_	_	_
250-12	BZ006	250	12	ho	ho	_	_	_	_	_	linguistic	_	ContainsVariation=No	_	_	_	_	_	_
250-13	BZ006	250	13	avuto	avuto	_	_	_	_	_	linguistic	_	ContainsVariation=No	_	_	_	_	_	_
250-14	BZ006	250	14	a	a	_	_	_	_	_	linguistic	_	ContainsVariation=No	_	_	_	_	_	_
250-15	BZ006	250	15	che	che	_	_	_	_	_	linguistic	_	ContainsVariation=No	_	_	_	_	_	_
250-16	BZ006	250	16	fare	fare	_	_	_	_	_	linguistic	_	ContainsVariation=No	_	_	_	_	_	_
250-17	BZ006	250	17	con	con	_	_	_	_	_	linguistic	_	ContainsVariation=No	_	_	_	_	_	_
250-18	BZ006	250	18	diverse,	diverse	_	_	_	_	_	linguistic	_	ContainsVariation=No	Intonation=WeaklyRising	End=818.964	_	_	_	_
251-0	BZ006	251	0	testate	testate	_	_	_	_	_	linguistic	_	ContainsVariation=No	_	Begin=819.549	_	_	_	_
251-1	BZ006	251	1	giornalistiche,	giornalistiche	_	_	_	_	_	linguistic	_	ContainsVariation=No	Intonation=WeaklyRising	End=821.219	_	_	_	_
252-0	BZ006	252	0	tedesche,	tedesche	_	_	_	_	_	linguistic	_	ContainsVariation=No	Intonation=WeaklyRising	Begin=821.519	_	_	_	_
252-1	BZ006	252	1	quindi	quindi	_	_	_	_	_	linguistic	_	ContainsVariation=No	_	_	_	_	_	_
252-2	BZ006	252	2	locali	locali	_	_	_	_	_	linguistic	_	ContainsVariation=No	_	_	_	_	_	_
252-3	BZ006	252	3	tedesche	tedesche	_	_	_	_	_	linguistic	_	ContainsVariation=No	_	_	_	_	_	_
252-4	BZ006	252	4	ma	ma	_	_	_	_	_	linguistic	_	ContainsVariation=No	_	_	_	_	_	_
252-5	BZ006	252	5	non	non	_	_	_	_	_	linguistic	_	ContainsVariation=No	_	_	_	_	_	_
252-6	BZ006	252	6	solo	solo	_	_	_	_	_	linguistic	_	ContainsVariation=No	_	_	_	_	_	_
252-7	BZ006	252	7	loc-	loc-	_	_	_	_	_	linguistic	_	ContainsVariation=No	Interrupted=Yes	_	_	_	_	_
252-8	BZ006	252	8	locali,	locali	_	_	_	_	_	linguistic	_	ContainsVariation=No	Intonation=WeaklyRising	End=825.269	_	_	_	_
253-0	BZ006	253	0	e	e	_	_	_	_	_	linguistic	_	ContainsVariation=No	_	Begin=825.499	_	_	_	_
253-1	BZ006	253	1	anche	anche	_	_	_	_	_	linguistic	_	ContainsVariation=No	_	_	_	_	_	_
253-2	BZ006	253	2	inglesi	inglesi	_	_	_	_	_	linguistic	_	ContainsVariation=No	_	_	_	_	_	_
253-3	BZ006	253	3	[mh:]	mh	_	_	_	_	_	linguistic	_	ContainsVariation=No	_	End=827.189	1x1	_	_	0-2(73)
254-0	BZ001	254	0	[mh].	mh	_	_	_	_	_	linguistic	_	ContainsVariation=No	Intonation=Falling	Begin=826.939|End=827.189	_	_	_	0-2(73)
255-0	BZ006	255	0	estere.	estere	_	_	_	_	_	linguistic	_	ContainsVariation=No	Intonation=Falling	Begin=827.489|End=828.019	_	_	_	_
256-0	BZ006	256	0	quindi::	quindi	_	_	_	_	_	linguistic	_	ContainsVariation=No	_	Begin=828.689	5x2	_	_	_
256-1	BZ006	256	1	[le	le	_	_	_	_	_	linguistic	_	ContainsVariation=No	_	_	_	_	_	0-2(74)
256-2	BZ006	256	2	lingue	lingue	_	_	_	_	_	linguistic	_	ContainsVariation=No	_	_	_	_	_	0-6(74)
256-3	BZ006	256	3	le	le	_	_	_	_	_	linguistic	_	ContainsVariation=No	_	_	_	_	_	0-2(74)
256-4	BZ006	256	4	ho,	ho	_	_	_	_	_	linguistic	_	ContainsVariation=No	Intonation=WeaklyRising|PauseAfter=Yes	_	_	_	_	0-2(74)
256-5	BZ006	256	5	(.)	(.)	_	_	_	_	_	shortpause	_	ContainsVariation=No	_	_	_	_	_	X(74)
256-6	BZ006	256	6	le	le	_	_	_	_	_	linguistic	_	ContainsVariation=No	_	_	_	_	_	0-2(74)
256-7	BZ006	256	7	ho	ho	_	_	_	_	_	linguistic	_	ContainsVariation=No	_	_	_	_	_	0-2(74)
256-8	BZ006	256	8	tenu-]	tenu-	_	_	_	_	_	linguistic	_	ContainsVariation=No	Interrupted=Yes	End=832.049	_	_	_	0-5(74)
257-0	BZ001	257	0	[e	e	_	_	_	_	_	linguistic	_	ContainsVariation=No	_	Begin=829.884	_	_	_	0-1(74)
257-1	BZ001	257	1	scrivevi	scrivevi	_	_	_	_	_	linguistic	_	ContainsVariation=No	_	_	_	_	_	0-8(74)
257-2	BZ001	257	2	anche	anche	_	_	_	_	_	linguistic	_	ContainsVariation=No	_	_	_	_	_	0-5(74)
257-3	BZ001	257	3	articoli	articoli	_	_	_	_	_	linguistic	_	ContainsVariation=No	_	_	_	_	_	0-8(74)
257-4	BZ001	257	4	in	in	_	_	_	_	_	linguistic	_	ContainsVariation=No	_	_	_	_	_	0-2(74)
257-5	BZ001	257	5	lingua]?	lingua	_	_	_	_	_	linguistic	_	ContainsVariation=No	Intonation=Rising	End=832.05	_	_	_	0-6(74)
258-0	BZ006	258	0	no	no	_	_	_	_	_	linguistic	_	ContainsVariation=No	_	Begin=832.254	_	_	_	_
258-1	BZ006	258	1	questo	questo	_	_	_	_	_	linguistic	_	ContainsVariation=No	_	_	_	_	_	_
258-2	BZ006	258	2	no	no	_	_	_	_	_	linguistic	_	ContainsVariation=No	_	_	_	_	_	_
258-3	BZ006	258	3	io	io	_	_	_	_	_	linguistic	_	ContainsVariation=No	_	_	_	_	_	_
258-4	BZ006	258	4	ho	ho	_	_	_	_	_	linguistic	_	ContainsVariation=No	_	_	_	_	_	_
258-5	BZ006	258	5	sempre	sempre	_	_	_	_	_	linguistic	_	ContainsVariation=No	_	_	_	_	_	_
258-6	BZ006	258	6	avuto,	avuto	_	_	_	_	_	linguistic	_	ContainsVariation=No	Intonation=WeaklyRising	_	_	_	_	_
258-7	BZ006	258	7	però	però	_	_	_	_	_	linguistic	_	ContainsVariation=No	_	_	_	_	_	_
258-8	BZ006	258	8	ho	ho	_	_	_	_	_	linguistic	_	ContainsVariation=No	_	_	_	_	_	_
258-9	BZ006	258	9	fatto	fatto	_	_	_	_	_	linguistic	_	ContainsVariation=No	_	_	_	_	_	_
258-10	BZ006	258	10	sì	sì	_	_	_	_	_	linguistic	_	ContainsVariation=No	_	_	_	_	_	_
258-11	BZ006	258	11	interviste	interviste	_	_	_	_	_	linguistic	_	ContainsVariation=No	_	_	_	_	_	_
258-12	BZ006	258	12	quello	quello	_	_	_	_	_	linguistic	_	ContainsVariation=No	_	_	_	_	_	_
258-13	BZ006	258	13	sì,	sì	_	_	_	_	_	linguistic	_	ContainsVariation=No	Intonation=WeaklyRising	_	_	_	_	_
258-14	BZ006	258	14	audio	audio	_	_	_	_	_	linguistic	_	ContainsVariation=No	_	_	_	_	_	_
258-15	BZ006	258	15	video	video	_	_	_	_	_	linguistic	_	ContainsVariation=No	_	_	_	_	_	_
258-16	BZ006	258	16	in	in	_	_	_	_	_	linguistic	_	ContainsVariation=No	_	_	_	_	_	_
258-17	BZ006	258	17	cui	cui	_	_	_	_	_	linguistic	_	ContainsVariation=No	_	_	_	_	_	_
258-18	BZ006	258	18	ho	ho	_	_	_	_	_	linguistic	_	ContainsVariation=No	_	_	_	_	_	_
258-19	BZ006	258	19	dovuto	dovuto	_	_	_	_	_	linguistic	_	ContainsVariation=No	_	_	_	_	_	_
258-20	BZ006	258	20	parlare	parlare	_	_	_	_	_	linguistic	_	ContainsVariation=No	_	_	_	_	_	_
258-21	BZ006	258	21	(de)le	dele	_	_	_	_	_	linguistic	_	ContainsVariation=No	_	_	_	_	0-2(0)	_
258-22	BZ006	258	22	lingue,	lingue	_	_	_	_	_	linguistic	_	ContainsVariation=No	Intonation=WeaklyRising	End=838.4395	_	_	_	_
259-0	BZ001	259	0	ah	ah	_	_	_	_	_	linguistic	_	ContainsVariation=No	_	Begin=838.4395	_	_	_	_
259-1	BZ001	259	1	okay.	okay	_	_	_	_	_	linguistic	_	ContainsVariation=No	Intonation=Falling	End=838.969	_	_	_	_
260-0	BZ006	260	0	che	che	_	_	_	_	_	linguistic	_	ContainsVariation=No	_	Begin=838.969	_	_	_	_
260-1	BZ006	260	1	è	è	_	_	_	_	_	linguistic	_	ContainsVariation=No	_	_	_	_	_	_
260-2	BZ006	260	2	stato	stato	_	_	_	_	_	linguistic	_	ContainsVariation=No	_	_	_	_	_	_
260-3	BZ006	260	3	per	per	_	_	_	_	_	linguistic	_	ContainsVariation=No	_	_	_	_	_	_
260-4	BZ006	260	4	me	me	_	_	_	_	_	linguistic	_	ContainsVariation=No	_	_	_	_	_	_
260-5	BZ006	260	5	una	una	_	_	_	_	_	linguistic	_	ContainsVariation=No	_	_	_	_	_	_
260-6	BZ006	260	6	roba	roba	_	_	_	_	_	linguistic	_	ContainsVariation=No	_	_	_	_	_	_
260-7	BZ006	260	7	molto	molto	_	_	_	_	_	linguistic	_	ContainsVariation=No	_	_	_	_	_	_
260-8	BZ006	260	8	io	io	_	_	_	_	_	linguistic	_	ContainsVariation=No	_	_	_	_	_	_
260-9	BZ006	260	9	sono	sono	_	_	_	_	_	linguistic	_	ContainsVariation=No	_	_	_	_	_	_
260-10	BZ006	260	10	una	una	_	_	_	_	_	linguistic	_	ContainsVariation=No	_	_	_	_	_	_
260-11	BZ006	260	11	persona	persona	_	_	_	_	_	linguistic	_	ContainsVariation=No	_	_	_	_	_	_
260-12	BZ006	260	12	molto	molto	_	_	_	_	_	linguistic	_	ContainsVariation=No	_	_	_	_	_	_
260-13	BZ006	260	13	riservata,	riservata	_	_	_	_	_	linguistic	_	ContainsVariation=No	Intonation=WeaklyRising	_	_	_	_	_
260-14	BZ006	260	14	e	e	_	_	_	_	_	linguistic	_	ContainsVariation=No	_	_	_	_	_	_
260-15	BZ006	260	15	se	se	_	_	_	_	_	linguistic	_	ContainsVariation=No	_	_	_	_	_	_
260-16	BZ006	260	16	può	può	_	_	_	_	_	linguistic	_	ContainsVariation=No	_	_	_	_	_	_
260-17	BZ006	260	17	non,	non	_	_	_	_	_	linguistic	_	ContainsVariation=No	Intonation=WeaklyRising	End=843.299	_	_	_	_
261-0	BZ006	261	0	eh:	eh	_	_	_	_	_	linguistic	_	ContainsVariation=No	_	Begin=843.79	1x1	_	_	_
261-1	BZ006	261	1	>soprattutto	soprattutto	_	_	_	_	_	linguistic	_	ContainsVariation=No	_	_	_	Fast=0-11(0)	_	_
261-2	BZ006	261	2	su	su	_	_	_	_	_	linguistic	_	ContainsVariation=No	_	_	_	Fast=0-2(0)	_	_
261-3	BZ006	261	3	quando	quando	_	_	_	_	_	linguistic	_	ContainsVariation=No	_	_	_	Fast=0-6(0)	_	_
261-4	BZ006	261	4	non	non	_	_	_	_	_	linguistic	_	ContainsVariation=No	_	_	_	Fast=0-3(0)	_	_
261-5	BZ006	261	5	è<	è	_	_	_	_	_	linguistic	_	ContainsVariation=No	_	_	_	Fast=0-1(0)	_	_
261-6	BZ006	261	6	sicura	sicura	_	_	_	_	_	linguistic	_	ContainsVariation=No	_	_	_	_	_	_
261-7	BZ006	261	7	su	su	_	_	_	_	_	linguistic	_	ContainsVariation=No	_	_	_	_	_	_
261-8	BZ006	261	8	qualcosa	qualcosa	_	_	_	_	_	linguistic	_	ContainsVariation=No	_	_	_	_	_	_
261-9	BZ006	261	9	sta	sta	_	_	_	_	_	linguistic	_	ContainsVariation=No	_	_	_	_	_	_
261-10	BZ006	261	10	anche	anche	_	_	_	_	_	linguistic	_	ContainsVariation=No	_	_	_	_	_	_
261-11	BZ006	261	11	[volentieri]	volentieri	_	_	_	_	_	linguistic	_	ContainsVariation=No	_	_	_	_	_	0-10(75)
261-12	BZ006	261	12	mh	mh	_	_	_	_	_	linguistic	_	ContainsVariation=No	_	_	_	_	_	_
261-13	BZ006	261	13	dietro	dietro	_	_	_	_	_	linguistic	_	ContainsVariation=No	_	_	_	_	_	_
261-14	BZ006	261	14	le	le	_	_	_	_	_	linguistic	_	ContainsVariation=No	_	_	_	_	_	_
261-15	BZ006	261	15	quinte	quinte	_	_	_	_	_	linguistic	_	ContainsVariation=No	_	_	_	_	_	_
261-16	BZ006	261	16	se	se	_	_	_	_	_	linguistic	_	ContainsVariation=No	_	_	_	_	_	_
261-17	BZ006	261	17	poi	poi	_	_	_	_	_	linguistic	_	ContainsVariation=No	_	_	_	_	_	_
261-18	BZ006	261	18	son	son	_	_	_	_	_	linguistic	_	ContainsVariation=No	_	_	_	_	_	_
261-19	BZ006	261	19	sicuro	sicuro	_	_	_	_	_	linguistic	_	ContainsVariation=No	_	_	_	_	_	_
261-20	BZ006	261	20	è	è	_	_	_	_	_	linguistic	_	ContainsVariation=No	_	_	_	_	_	_
261-21	BZ006	261	21	un	un	_	_	_	_	_	linguistic	_	ContainsVariation=No	_	_	_	_	_	_
261-22	BZ006	261	22	altro	altro	_	_	_	_	_	linguistic	_	ContainsVariation=No	_	_	_	_	_	_
261-23	BZ006	261	23	discorso.	discorso	_	_	_	_	_	linguistic	_	ContainsVariation=No	Intonation=Falling	End=850.16	_	_	_	_
262-0	BZ001	262	0	[mh	mh	_	_	_	_	_	linguistic	_	ContainsVariation=No	ProsodicLink=Yes	Begin=846.62	_	_	_	0-2(75)
262-1	BZ001	262	1	mh].	mh	_	_	_	_	_	linguistic	_	ContainsVariation=No	Intonation=Falling	End=847.03	_	_	_	0-2(75)
263-0	BZ006	263	0	però	però	_	_	_	_	_	linguistic	_	ContainsVariation=No	_	Begin=850.71	_	_	_	_
263-1	BZ006	263	1	ho	ho	_	_	_	_	_	linguistic	_	ContainsVariation=No	_	_	_	_	_	_
263-2	BZ006	263	2	dovuto	dovuto	_	_	_	_	_	linguistic	_	ContainsVariation=No	_	_	_	_	_	_
263-3	BZ006	263	3	aff-	aff-	_	_	_	_	_	linguistic	_	ContainsVariation=No	Interrupted=Yes	_	_	_	_	_
263-4	BZ006	263	4	ho	ho	_	_	_	_	_	linguistic	_	ContainsVariation=No	_	_	_	_	_	_
263-5	BZ006	263	5	avuto	avuto	_	_	_	_	_	linguistic	_	ContainsVariation=No	_	_	_	_	_	_
263-6	BZ006	263	6	in	in	_	_	_	_	_	linguistic	_	ContainsVariation=No	_	_	_	_	_	_
263-7	BZ006	263	7	quel	quel	_	_	_	_	_	linguistic	_	ContainsVariation=No	_	_	_	_	_	_
263-8	BZ006	263	8	periodo	periodo	_	_	_	_	_	linguistic	_	ContainsVariation=No	_	_	_	_	_	_
263-9	BZ006	263	9	delle	delle	_	_	_	_	_	linguistic	_	ContainsVariation=No	_	_	_	_	_	_
263-10	BZ006	263	10	mansioni	mansioni	_	_	_	_	_	linguistic	_	ContainsVariation=No	_	_	_	_	_	_
263-11	BZ006	263	11	anche	anche	_	_	_	_	_	linguistic	_	ContainsVariation=No	_	_	_	_	_	_
263-12	BZ006	263	12	con	con	_	_	_	_	_	linguistic	_	ContainsVariation=No	_	_	_	_	_	_
263-13	BZ006	263	13	le	le	_	_	_	_	_	linguistic	_	ContainsVariation=No	_	_	_	_	_	_
263-14	BZ006	263	14	lingue	lingue	_	_	_	_	_	linguistic	_	ContainsVariation=No	_	_	_	_	_	_
263-15	BZ006	263	15	probabilmente	probabilmente	_	_	_	_	_	linguistic	_	ContainsVariation=No	_	_	_	_	_	_
263-16	BZ006	263	16	più,	più	_	_	_	_	_	linguistic	_	ContainsVariation=No	Intonation=WeaklyRising	End=855.01	_	_	_	_
264-0	BZ006	264	0	in	in	_	_	_	_	_	linguistic	_	ContainsVariation=No	_	Begin=856.125	_	_	_	_
264-1	BZ006	264	1	cui	cui	_	_	_	_	_	linguistic	_	ContainsVariation=No	_	_	_	_	_	_
264-2	BZ006	264	2	ho	ho	_	_	_	_	_	linguistic	_	ContainsVariation=No	_	_	_	_	_	_
264-3	BZ006	264	3	dovuto	dovuto	_	_	_	_	_	linguistic	_	ContainsVariation=No	_	_	_	_	_	_
264-4	BZ006	264	4	nasconder	nasconder	_	_	_	_	_	linguistic	_	ContainsVariation=No	_	_	_	_	_	_
264-5	BZ006	264	5	la	la	_	_	_	_	_	linguistic	_	ContainsVariation=No	_	_	_	_	_	_
264-6	BZ006	264	6	vergogna	vergogna	_	_	_	_	_	linguistic	_	ContainsVariation=No	_	_	_	_	_	_
264-7	BZ006	264	7	e	e	_	_	_	_	_	linguistic	_	ContainsVariation=No	_	_	_	_	_	_
264-8	BZ006	264	8	but[tarmi	buttarmi	_	_	_	_	_	linguistic	_	ContainsVariation=No	_	_	_	_	_	3-8(76)
264-9	BZ006	264	9	e	e	_	_	_	_	_	linguistic	_	ContainsVariation=No	_	_	_	_	_	0-1(76)
264-10	BZ006	264	10	parla]re	parlare	_	_	_	_	_	linguistic	_	ContainsVariation=No	_	_	_	_	_	0-5(76)
264-11	BZ006	264	11	come	come	_	_	_	_	_	linguistic	_	ContainsVariation=No	_	_	_	_	_	_
264-12	BZ006	264	12	mi	mi	_	_	_	_	_	linguistic	_	ContainsVariation=No	_	_	_	_	_	_
264-13	BZ006	264	13	veniva	veniva	_	_	_	_	_	linguistic	_	ContainsVariation=No	_	_	_	_	_	_
264-14	BZ006	264	14	no?	no	_	_	_	_	_	linguistic	_	ContainsVariation=No	Intonation=Rising	End=859.675	_	_	_	_
265-0	BZ001	265	0	[mh	mh	_	_	_	_	_	linguistic	_	ContainsVariation=No	ProsodicLink=Yes	Begin=858.145	_	_	_	0-2(76)
265-1	BZ001	265	1	mh],	mh	_	_	_	_	_	linguistic	_	ContainsVariation=No	Intonation=WeaklyRising	End=858.65	_	_	_	0-2(76)
266-0	BZ001	266	0	certo.	certo	_	_	_	_	_	linguistic	_	ContainsVariation=No	Intonation=Falling	Begin=860.062|End=860.442	_	_	_	_
267-0	BZ006	267	0	eh::m:	ehm	_	_	_	_	_	linguistic	_	ContainsVariation=No	PauseAfter=Yes	Begin=860.527	1x2,2x1	_	_	_
267-1	BZ006	267	1	(.)	(.)	_	_	_	_	_	shortpause	_	ContainsVariation=No	_	_	_	_	_	_
267-2	BZ006	267	2	poi,	poi	_	_	_	_	_	linguistic	_	ContainsVariation=No	Intonation=WeaklyRising	End=862.787	_	_	_	_
268-0	BZ006	268	0	più	più	_	_	_	_	_	linguistic	_	ContainsVariation=No	_	Begin=863.212	_	_	_	_
268-1	BZ006	268	1	importante	importante	_	_	_	_	_	linguistic	_	ContainsVariation=No	_	_	_	_	_	_
268-2	BZ006	268	2	di	di	_	_	_	_	_	linguistic	_	ContainsVariation=No	_	_	_	_	_	_
268-3	BZ006	268	3	questa	questa	_	_	_	_	_	linguistic	_	ContainsVariation=No	_	_	_	_	_	_
268-4	BZ006	268	4	che	che	_	_	_	_	_	linguistic	_	ContainsVariation=No	_	_	_	_	_	_
268-5	BZ006	268	5	mi	mi	_	_	_	_	_	linguistic	_	ContainsVariation=No	_	_	_	_	_	_
268-6	BZ006	268	6	è	è	_	_	_	_	_	linguistic	_	ContainsVariation=No	_	_	_	_	_	_
268-7	BZ006	268	7	venuta	venuta	_	_	_	_	_	linguistic	_	ContainsVariation=No	_	_	_	_	_	_
268-8	BZ006	268	8	adesso	adesso	_	_	_	_	_	linguistic	_	ContainsVariation=No	_	_	_	_	_	_
268-9	BZ006	268	9	sicuramente	sicuramente	_	_	_	_	_	linguistic	_	ContainsVariation=No	_	_	_	_	_	_
268-10	BZ006	268	10	è	è	_	_	_	_	_	linguistic	_	ContainsVariation=No	_	_	_	_	_	_
268-11	BZ006	268	11	stato	stato	_	_	_	_	_	linguistic	_	ContainsVariation=No	_	_	_	_	_	_
268-12	BZ006	268	12	un	un	_	_	_	_	_	linguistic	_	ContainsVariation=No	_	_	_	_	_	_
268-13	BZ006	268	13	viaggio	viaggio	_	_	_	_	_	linguistic	_	ContainsVariation=No	_	_	_	_	_	_
268-14	BZ006	268	14	che	che	_	_	_	_	_	linguistic	_	ContainsVariation=No	_	_	_	_	_	_
268-15	BZ006	268	15	ho	ho	_	_	_	_	_	linguistic	_	ContainsVariation=No	_	_	_	_	_	_
268-16	BZ006	268	16	fatto	fatto	_	_	_	_	_	linguistic	_	ContainsVariation=No	_	_	_	_	_	_
268-17	BZ006	268	17	dopo	dopo	_	_	_	_	_	linguistic	_	ContainsVariation=No	_	_	_	_	_	_
268-18	BZ006	268	18	la	la	_	_	_	_	_	linguistic	_	ContainsVariation=No	_	_	_	_	_	_
268-19	BZ006	268	19	laurea,	laurea	_	_	_	_	_	linguistic	_	ContainsVariation=No	Intonation=WeaklyRising	End=867.862	_	_	_	_
269-0	BZ006	269	0	in:	in	_	_	_	_	_	linguistic	_	ContainsVariation=No	_	Begin=868.362	1x1	_	_	_
269-1	BZ006	269	1	in	in	_	_	_	_	_	linguistic	_	ContainsVariation=No	_	_	_	_	_	_
269-2	BZ006	269	2	argentina,	argentina	_	_	_	_	_	linguistic	_	ContainsVariation=No	Intonation=WeaklyRising	End=870.222	_	_	_	_
270-0	BZ006	270	0	io	io	_	_	_	_	_	linguistic	_	ContainsVariation=No	_	Begin=870.767	_	_	_	_
270-1	BZ006	270	1	son	son	_	_	_	_	_	linguistic	_	ContainsVariation=No	_	_	_	_	_	_
270-2	BZ006	270	2	partito	partito	_	_	_	_	_	linguistic	_	ContainsVariation=No	_	_	_	_	_	_
270-3	BZ006	270	3	senza:	senza	_	_	_	_	_	linguistic	_	ContainsVariation=No	_	_	4x1	_	_	_
270-4	BZ006	270	4	sapere	sapere	_	_	_	_	_	linguistic	_	ContainsVariation=No	_	_	_	_	_	_
270-5	BZ006	270	5	una	una	_	_	_	_	_	linguistic	_	ContainsVariation=No	_	_	_	_	_	_
270-6	BZ006	270	6	parola	parola	_	_	_	_	_	linguistic	_	ContainsVariation=No	_	_	_	_	_	_
270-7	BZ006	270	7	a	a	_	_	_	_	_	linguistic	_	ContainsVariation=No	_	_	_	_	_	_
270-8	BZ006	270	8	parte	parte	_	_	_	_	_	linguistic	_	ContainsVariation=No	_	_	_	_	_	_
270-9	BZ006	270	9	hola	hola	_	_	_	_	_	linguistic	_	ContainsVariation=No	_	_	_	_	_	_
270-10	BZ006	270	10	di:	di	_	_	_	_	_	linguistic	_	ContainsVariation=No	_	_	1x1	_	_	_
270-11	BZ006	270	11	di	di	_	_	_	_	_	linguistic	_	ContainsVariation=No	_	_	_	_	_	_
270-12	BZ006	270	12	spagnolo,	spagnolo	_	_	_	_	_	linguistic	_	ContainsVariation=No	Intonation=WeaklyRising	End=875.847	_	_	_	_
271-0	BZ006	271	0	e::	e	_	_	_	_	_	linguistic	_	ContainsVariation=No	_	Begin=876.422	0x2	_	_	_
271-1	BZ006	271	1	e	e	_	_	_	_	_	linguistic	_	ContainsVariation=No	_	_	_	_	_	_
271-2	BZ006	271	2	ho	ho	_	_	_	_	_	linguistic	_	ContainsVariation=No	_	_	_	_	_	_
271-3	BZ006	271	3	fatto	fatto	_	_	_	_	_	linguistic	_	ContainsVariation=No	_	_	_	_	_	_
271-4	BZ006	271	4	questa	questa	_	_	_	_	_	linguistic	_	ContainsVariation=No	_	_	_	_	_	_
271-5	BZ006	271	5	esperienza	esperienza	_	_	_	_	_	linguistic	_	ContainsVariation=No	_	_	_	_	_	_
271-6	BZ006	271	6	di	di	_	_	_	_	_	linguistic	_	ContainsVariation=No	_	_	_	_	_	_
271-7	BZ006	271	7	diversi	diversi	_	_	_	_	_	linguistic	_	ContainsVariation=No	_	_	_	_	_	_
271-8	BZ006	271	8	mesi	mesi	_	_	_	_	_	linguistic	_	ContainsVariation=No	_	_	_	_	_	_
271-9	BZ006	271	9	in	in	_	_	_	_	_	linguistic	_	ContainsVariation=No	_	_	_	_	_	_
271-10	BZ006	271	10	cui	cui	_	_	_	_	_	linguistic	_	ContainsVariation=No	_	_	_	_	_	_
271-11	BZ006	271	11	ho	ho	_	_	_	_	_	linguistic	_	ContainsVariation=No	_	_	_	_	_	_
271-12	BZ006	271	12	mh	mh	_	_	_	_	_	linguistic	_	ContainsVariation=No	PauseAfter=Yes	_	_	_	_	_
271-13	BZ006	271	13	(.)	(.)	_	_	_	_	_	shortpause	_	ContainsVariation=No	_	_	_	_	_	_
271-14	BZ006	271	14	innanzitutto	innanzitutto	_	_	_	_	_	linguistic	_	ContainsVariation=No	_	_	_	_	_	_
271-15	BZ006	271	15	mi	mi	_	_	_	_	_	linguistic	_	ContainsVariation=No	_	_	_	_	_	_
271-16	BZ006	271	16	son	son	_	_	_	_	_	linguistic	_	ContainsVariation=No	_	_	_	_	_	_
271-17	BZ006	271	17	legato,	legato	_	_	_	_	_	linguistic	_	ContainsVariation=No	Intonation=WeaklyRising|PauseAfter=Yes	_	_	_	_	_
271-18	BZ006	271	18	(.)	(.)	_	_	_	_	_	shortpause	_	ContainsVariation=No	_	_	_	_	_	_
271-19	BZ006	271	19	e	e	_	_	_	_	_	linguistic	_	ContainsVariation=No	_	_	_	_	_	_
271-20	BZ006	271	20	qui,	qui	_	_	_	_	_	linguistic	_	ContainsVariation=No	Intonation=WeaklyRising	End=883.1	_	_	_	_
272-0	BZ006	272	0	eh	eh	_	_	_	_	_	linguistic	_	ContainsVariation=No	_	Begin=883.632	_	_	_	_
272-1	BZ006	272	1	torna,	torna	_	_	_	_	_	linguistic	_	ContainsVariation=No	Intonation=WeaklyRising	_	_	_	_	_
272-2	BZ006	272	2	eh	eh	_	_	_	_	_	linguistic	_	ContainsVariation=No	_	_	_	_	_	_
272-3	BZ006	272	3	il	il	_	_	_	_	_	linguistic	_	ContainsVariation=No	_	_	_	_	_	_
272-4	BZ006	272	4	fatto	fatto	_	_	_	_	_	linguistic	_	ContainsVariation=No	_	_	_	_	_	_
272-5	BZ006	272	5	che	che	_	_	_	_	_	linguistic	_	ContainsVariation=No	_	_	_	_	_	_
272-6	BZ006	272	6	nelle	nelle	_	_	_	_	_	linguistic	_	ContainsVariation=No	_	_	_	_	_	_
272-7	BZ006	272	7	mie	mie	_	_	_	_	_	linguistic	_	ContainsVariation=No	_	_	_	_	_	_
272-8	BZ006	272	8	radici	radici	_	_	_	_	_	linguistic	_	ContainsVariation=No	_	_	_	_	_	_
272-9	BZ006	272	9	c'	c'	_	_	_	_	_	linguistic	_	ContainsVariation=No	SpaceAfter=No	_	_	_	_	_
272-10	BZ006	272	10	è	è	_	_	_	_	_	linguistic	_	ContainsVariation=No	_	_	_	_	_	_
272-11	BZ006	272	11	anche	anche	_	_	_	_	_	linguistic	_	ContainsVariation=No	_	_	_	_	_	_
272-12	BZ006	272	12	un'	un'	_	_	_	_	_	linguistic	_	ContainsVariation=No	SpaceAfter=No	_	_	_	_	_
272-13	BZ006	272	13	altra	altra	_	_	_	_	_	linguistic	_	ContainsVariation=No	_	_	_	_	_	_
272-14	BZ006	272	14	lingua	lingua	_	_	_	_	_	linguistic	_	ContainsVariation=No	_	_	_	_	_	_
272-15	BZ006	272	15	in	in	_	_	_	_	_	linguistic	_	ContainsVariation=No	_	_	_	_	_	_
272-16	BZ006	272	16	realtà,	realtà	_	_	_	_	_	linguistic	_	ContainsVariation=No	Intonation=WeaklyRising	End=887.862	_	_	_	_
273-0	BZ006	273	0	mh	mh	_	_	_	_	_	linguistic	_	ContainsVariation=No	_	Begin=888.372	_	_	_	_
273-1	BZ006	273	1	sono	sono	_	_	_	_	_	linguistic	_	ContainsVariation=No	_	_	_	_	_	_
273-2	BZ006	273	2	andato	andato	_	_	_	_	_	linguistic	_	ContainsVariation=No	_	_	_	_	_	_
273-3	BZ006	273	3	a	a	_	_	_	_	_	linguistic	_	ContainsVariation=No	_	_	_	_	_	_
273-4	BZ006	273	4	conoscere	conoscere	_	_	_	_	_	linguistic	_	ContainsVariation=No	_	_	_	_	_	_
273-5	BZ006	273	5	una	una	_	_	_	_	_	linguistic	_	ContainsVariation=No	_	_	_	_	_	_
273-6	BZ006	273	6	parte	parte	_	_	_	_	_	linguistic	_	ContainsVariation=No	_	_	_	_	_	_
273-7	BZ006	273	7	di	di	_	_	_	_	_	linguistic	_	ContainsVariation=No	_	_	_	_	_	_
273-8	BZ006	273	8	famiglia	famiglia	_	_	_	_	_	linguistic	_	ContainsVariation=No	_	_	_	_	_	_
273-9	BZ006	273	9	che	che	_	_	_	_	_	linguistic	_	ContainsVariation=No	_	_	_	_	_	_
273-10	BZ006	273	10	vive	vive	_	_	_	_	_	linguistic	_	ContainsVariation=No	_	_	_	_	_	_
273-11	BZ006	273	11	lì.	lì	_	_	_	_	_	linguistic	_	ContainsVariation=No	Intonation=Falling	End=891.662	_	_	_	_
274-0	BZ006	274	0	che	che	_	_	_	_	_	linguistic	_	ContainsVariation=No	_	Begin=892.662	_	_	_	_
274-1	BZ006	274	1	è	è	_	_	_	_	_	linguistic	_	ContainsVariation=No	_	_	_	_	_	_
274-2	BZ006	274	2	una	una	_	_	_	_	_	linguistic	_	ContainsVariation=No	_	_	_	_	_	_
274-3	BZ006	274	3	delle	delle	_	_	_	_	_	linguistic	_	ContainsVariation=No	_	_	_	_	_	_
274-4	BZ006	274	4	tante	tante	_	_	_	_	_	linguistic	_	ContainsVariation=No	_	_	_	_	_	_
274-5	BZ006	274	5	famiglie	famiglie	_	_	_	_	_	linguistic	_	ContainsVariation=No	_	_	_	_	_	_
274-6	BZ006	274	6	italiane	italiane	_	_	_	_	_	linguistic	_	ContainsVariation=No	_	_	_	_	_	_
274-7	BZ006	274	7	migrate,	migrate	_	_	_	_	_	linguistic	_	ContainsVariation=No	Intonation=WeaklyRising	End=895.512	_	_	_	_
275-0	BZ006	275	0	nel	nel	_	_	_	_	_	linguistic	_	ContainsVariation=No	_	Begin=896.272	_	_	_	_
275-1	BZ006	275	1	novecento	novecento	_	_	_	_	_	linguistic	_	ContainsVariation=No	_	_	_	_	_	_
275-2	BZ006	275	2	e	e	_	_	_	_	_	linguistic	_	ContainsVariation=No	_	_	_	_	_	_
275-3	BZ006	275	3	che:	che	_	_	_	_	_	linguistic	_	ContainsVariation=No	_	_	2x1	_	_	_
275-4	BZ006	275	4	ha	ha	_	_	_	_	_	linguistic	_	ContainsVariation=No	_	_	_	_	_	_
275-5	BZ006	275	5	poi	poi	_	_	_	_	_	linguistic	_	ContainsVariation=No	_	_	_	_	_	_
275-6	BZ006	275	6	s-	s-	_	_	_	_	_	linguistic	_	ContainsVariation=No	Interrupted=Yes	_	_	_	_	_
275-7	BZ006	275	7	costruito	costruito	_	_	_	_	_	linguistic	_	ContainsVariation=No	_	_	_	_	_	_
275-8	BZ006	275	8	le	le	_	_	_	_	_	linguistic	_	ContainsVariation=No	_	_	_	_	_	_
275-9	BZ006	275	9	sue	sue	_	_	_	_	_	linguistic	_	ContainsVariation=No	_	_	_	_	_	_
275-10	BZ006	275	10	nuove	nuove	_	_	_	_	_	linguistic	_	ContainsVariation=No	_	_	_	_	_	_
275-11	BZ006	275	11	radici	radici	_	_	_	_	_	linguistic	_	ContainsVariation=No	_	_	_	_	_	_
275-12	BZ006	275	12	lì	lì	_	_	_	_	_	linguistic	_	ContainsVariation=No	PauseAfter=Yes	_	_	_	_	_
275-13	BZ006	275	13	(.)	(.)	_	_	_	_	_	shortpause	_	ContainsVariation=No	_	_	_	_	_	_
275-14	BZ006	275	14	lì	lì	_	_	_	_	_	linguistic	_	ContainsVariation=No	_	_	_	_	_	_
275-15	BZ006	275	15	in	in	_	_	_	_	_	linguistic	_	ContainsVariation=No	_	_	_	_	_	_
275-16	BZ006	275	16	argentina.	argentina	_	_	_	_	_	linguistic	_	ContainsVariation=No	Intonation=Falling	End=902.692	_	_	_	_
276-0	BZ006	276	0	eh:[:	eh	_	_	_	_	_	linguistic	_	ContainsVariation=No	_	Begin=903.497	1x2	_	_	_
276-1	BZ006	276	1	f-]	f-	_	_	_	_	_	linguistic	_	ContainsVariation=No	Interrupted=Yes	End=904.782	_	_	_	0-2(77)
277-0	BZ001	277	0	[non	non	_	_	_	_	_	linguistic	_	ContainsVariation=No	_	Begin=903.937	_	_	_	0-3(77)
277-1	BZ001	277	1	li	li	_	_	_	_	_	linguistic	_	ContainsVariation=No	_	_	_	_	_	0-2(77)
277-2	BZ001	277	2	conoscevi	conoscevi	_	_	_	_	_	linguistic	_	ContainsVariation=No	_	_	_	_	_	0-9(77)
277-3	BZ001	277	3	loro]?	loro	_	_	_	_	_	linguistic	_	ContainsVariation=No	Intonation=Rising	End=904.797	_	_	_	0-4(77)
278-0	BZ006	278	0	famiglia	famiglia	_	_	_	_	_	linguistic	_	ContainsVariation=No	_	Begin=904.782	_	_	_	_
278-1	BZ006	278	1	che	che	_	_	_	_	_	linguistic	_	ContainsVariation=No	_	_	_	_	_	_
278-2	BZ006	278	2	non	non	_	_	_	_	_	linguistic	_	ContainsVariation=No	_	_	_	_	_	_
278-3	BZ006	278	3	conoscevo,	conoscevo	_	_	_	_	_	linguistic	_	ContainsVariation=No	Intonation=WeaklyRising	_	_	_	_	_
278-4	BZ006	278	4	conoscevo	conoscevo	_	_	_	_	_	linguistic	_	ContainsVariation=No	_	_	_	_	_	_
278-5	BZ006	278	5	soltanto	soltanto	_	_	_	_	_	linguistic	_	ContainsVariation=No	_	_	_	_	_	_
278-6	BZ006	278	6	attraverso	attraverso	_	_	_	_	_	linguistic	_	ContainsVariation=No	_	_	_	_	_	_
278-7	BZ006	278	7	una	una	_	_	_	_	_	linguistic	_	ContainsVariation=No	_	_	_	_	_	_
278-8	BZ006	278	8	fotografia,	fotografia	_	_	_	_	_	linguistic	_	ContainsVariation=No	Intonation=WeaklyRising	_	_	_	_	_
278-9	BZ006	278	9	li	li	_	_	_	_	_	linguistic	_	ContainsVariation=No	_	_	_	_	_	_
278-10	BZ006	278	10	ho	ho	_	_	_	_	_	linguistic	_	ContainsVariation=No	_	_	_	_	_	_
278-11	BZ006	278	11	contattati	contattati	_	_	_	_	_	linguistic	_	ContainsVariation=No	_	_	_	_	_	_
278-12	BZ006	278	12	proprio	proprio	_	_	_	_	_	linguistic	_	ContainsVariation=No	_	_	_	_	_	_
278-13	BZ006	278	13	per	per	_	_	_	_	_	linguistic	_	ContainsVariation=No	_	_	_	_	_	_
278-14	BZ006	278	14	la,	la	_	_	_	_	_	linguistic	_	ContainsVariation=No	Intonation=WeaklyRising	End=909.642	_	_	_	_
279-0	BZ006	279	0	per	per	_	_	_	_	_	linguistic	_	ContainsVariation=No	_	Begin=909.927	_	_	_	_
279-1	BZ006	279	1	l'	l'	_	_	_	_	_	linguistic	_	ContainsVariation=No	SpaceAfter=No	_	_	_	_	_
279-2	BZ006	279	2	occasione,	occasione	_	_	_	_	_	linguistic	_	ContainsVariation=No	Intonation=WeaklyRising	End=910.927	_	_	_	_
280-0	BZ006	280	0	e	e	_	_	_	_	_	linguistic	_	ContainsVariation=No	_	Begin=911.172	_	_	_	_
280-1	BZ006	280	1	sono	sono	_	_	_	_	_	linguistic	_	ContainsVariation=No	_	_	_	_	_	_
280-2	BZ006	280	2	andato	andato	_	_	_	_	_	linguistic	_	ContainsVariation=No	_	_	_	_	_	_
280-3	BZ006	280	3	lì:	lì	_	_	_	_	_	linguistic	_	ContainsVariation=No	_	_	1x1	_	_	_
280-4	BZ006	280	4	non	non	_	_	_	_	_	linguistic	_	ContainsVariation=No	_	_	_	_	_	_
280-5	BZ006	280	5	dico	dico	_	_	_	_	_	linguistic	_	ContainsVariation=No	_	_	_	_	_	_
280-6	BZ006	280	6	a	a	_	_	_	_	_	linguistic	_	ContainsVariation=No	_	_	_	_	_	_
280-7	BZ006	280	7	cercarli	cercarli	_	_	_	_	_	linguistic	_	ContainsVariation=No	_	_	_	_	_	_
280-8	BZ006	280	8	ma	ma	_	_	_	_	_	linguistic	_	ContainsVariation=No	_	_	_	_	_	_
280-9	BZ006	280	9	quasi.	quasi	_	_	_	_	_	linguistic	_	ContainsVariation=No	Intonation=Falling	End=914.052	_	_	_	_
281-0	BZ001	281	0	mh	mh	_	_	_	_	_	linguistic	_	ContainsVariation=No	ProsodicLink=Yes	Begin=914.337	_	_	_	_
281-1	BZ001	281	1	mh].	mh	_	_	_	_	_	linguistic	_	ContainsVariation=No	Intonation=Falling	End=914.687	_	_	_	_
282-0	BZ006	282	0	[insomma]	insomma	_	_	_	_	_	linguistic	_	ContainsVariation=No	_	Begin=914.457	_	_	_	0-7(79)
282-1	BZ006	282	1	la	la	_	_	_	_	_	linguistic	_	ContainsVariation=No	_	_	_	_	_	_
282-2	BZ006	282	2	l'	l'	_	_	_	_	_	linguistic	_	ContainsVariation=No	SpaceAfter=No	_	_	_	_	_
282-3	BZ006	282	3	indirizzo	indirizzo	_	_	_	_	_	linguistic	_	ContainsVariation=No	_	_	_	_	_	_
282-4	BZ006	282	4	non	non	_	_	_	_	_	linguistic	_	ContainsVariation=No	_	_	_	_	_	_
282-5	BZ006	282	5	è	è	_	_	_	_	_	linguistic	_	ContainsVariation=No	_	_	_	_	_	_
282-6	BZ006	282	6	che	che	_	_	_	_	_	linguistic	_	ContainsVariation=No	_	_	_	_	_	_
282-7	BZ006	282	7	ce	ce	_	_	_	_	_	linguistic	_	ContainsVariation=No	_	_	_	_	_	_
282-8	BZ006	282	8	l'	l'	_	_	_	_	_	linguistic	_	ContainsVariation=No	SpaceAfter=No	_	_	_	_	_
282-9	BZ006	282	9	avessi	avessi	_	_	_	_	_	linguistic	_	ContainsVariation=No	_	End=916.172	_	_	_	_
283-0	BZ006	283	0	sapevo	sapevo	_	_	_	_	_	linguistic	_	ContainsVariation=No	_	Begin=916.172	_	_	_	_
283-1	BZ006	283	1	[che	che	_	_	_	_	_	linguistic	_	ContainsVariation=No	_	_	_	_	_	0-3(80)
283-2	BZ006	283	2	dovevo	dovevo	_	_	_	_	_	linguistic	_	ContainsVariation=No	_	_	_	_	_	0-6(80)
283-3	BZ006	283	3	arrivare],	arrivare	_	_	_	_	_	linguistic	_	ContainsVariation=No	Intonation=WeaklyRising	End=917.502	_	_	_	0-8(80)
284-0	BZ001	284	0	[ah	ah	_	_	_	_	_	linguistic	_	ContainsVariation=No	_	Begin=916.512	_	_	_	0-2(80)
284-1	BZ001	284	1	no]?	no	_	_	_	_	_	linguistic	_	ContainsVariation=No	Intonation=Rising	End=917.082	_	_	_	0-2(80)
285-0	BZ006	285	0	lì	lì	_	_	_	_	_	linguistic	_	ContainsVariation=No	_	Begin=917.882	_	_	_	_
285-1	BZ006	285	1	alla	alla	_	_	_	_	_	linguistic	_	ContainsVariation=No	_	_	_	_	_	_
285-2	BZ006	285	2	mh	mh	_	_	_	_	_	linguistic	_	ContainsVariation=No	_	End=919.062	_	_	_	_
286-0	BZ006	286	0	[alla	alla	_	_	_	_	_	linguistic	_	ContainsVariation=No	_	Begin=919.787	_	_	_	0-4(81)
286-1	BZ006	286	1	sta]zione	stazione	_	_	_	_	_	linguistic	_	ContainsVariation=No	_	_	_	_	_	0-3(81)
286-2	BZ006	286	2	della	della	_	_	_	_	_	linguistic	_	ContainsVariation=No	_	_	_	_	_	_
286-3	BZ006	286	3	città	città	_	_	_	_	_	linguistic	_	ContainsVariation=No	_	_	_	_	_	_
286-4	BZ006	286	4	dove	dove	_	_	_	_	_	linguistic	_	ContainsVariation=No	_	_	_	_	_	_
286-5	BZ006	286	5	abitano,	abitano	_	_	_	_	_	linguistic	_	ContainsVariation=No	Intonation=WeaklyRising	_	_	_	_	_
286-6	BZ006	286	6	e	e	_	_	_	_	_	linguistic	_	ContainsVariation=No	_	_	_	_	_	_
286-7	BZ006	286	7	poi	poi	_	_	_	_	_	linguistic	_	ContainsVariation=No	_	_	_	_	_	_
286-8	BZ006	286	8	loro	loro	_	_	_	_	_	linguistic	_	ContainsVariation=No	_	_	_	_	_	_
286-9	BZ006	286	9	mi	mi	_	_	_	_	_	linguistic	_	ContainsVariation=No	_	_	_	_	_	_
286-10	BZ006	286	10	avrebbero	avrebbero	_	_	_	_	_	linguistic	_	ContainsVariation=No	_	_	_	_	_	_
286-11	BZ006	286	11	detto,	detto	_	_	_	_	_	linguistic	_	ContainsVariation=No	Intonation=WeaklyRising	_	_	_	_	_
286-12	BZ006	286	12	anche	anche	_	_	_	_	_	linguistic	_	ContainsVariation=No	_	_	_	_	_	_
286-13	BZ006	286	13	perché	perché	_	_	_	_	_	linguistic	_	ContainsVariation=No	_	_	_	_	_	_
286-14	BZ006	286	14	abitavano	abitavano	_	_	_	_	_	linguistic	_	ContainsVariation=No	_	_	_	_	_	_
286-15	BZ006	286	15	non	non	_	_	_	_	_	linguistic	_	ContainsVariation=No	_	_	_	_	_	_
286-16	BZ006	286	16	proprio	proprio	_	_	_	_	_	linguistic	_	ContainsVariation=No	_	_	_	_	_	_
286-17	BZ006	286	17	nella	nella	_	_	_	_	_	linguistic	_	ContainsVariation=No	_	_	_	_	_	_
286-18	BZ006	286	18	città,	città	_	_	_	_	_	linguistic	_	ContainsVariation=No	Intonation=WeaklyRising	End=925.037	_	_	_	_
287-0	BZ001	287	0	[e	e	_	_	_	_	_	linguistic	_	ContainsVariation=No	_	Begin=919.807	_	_	_	0-1(81)
287-1	BZ001	287	1	quindi],	quindi	_	_	_	_	_	linguistic	_	ContainsVariation=No	Intonation=WeaklyRising	End=920.297	_	_	_	0-6(81)
288-0	BZ001	288	0	[okay].	okay	_	_	_	_	_	linguistic	_	ContainsVariation=No	Intonation=Falling	Begin=925.407|End=925.887	_	_	_	0-4(82)
289-0	BZ006	289	0	[eh]:	eh	_	_	_	_	_	linguistic	_	ContainsVariation=No	_	Begin=925.547|End=926.017	1x1	_	_	0-2(82)
290-0	BZ006	290	0	la	la	_	_	_	_	_	linguistic	_	ContainsVariation=No	_	Begin=926.247	_	_	_	_
290-1	BZ006	290	1	persona	persona	_	_	_	_	_	linguistic	_	ContainsVariation=No	_	_	_	_	_	_
290-2	BZ006	290	2	che	che	_	_	_	_	_	linguistic	_	ContainsVariation=No	_	_	_	_	_	_
290-3	BZ006	290	3	avevo	avevo	_	_	_	_	_	linguistic	_	ContainsVariation=No	_	_	_	_	_	_
290-4	BZ006	290	4	contattato	contattato	_	_	_	_	_	linguistic	_	ContainsVariation=No	_	_	_	_	_	_
290-5	BZ006	290	5	abitava	abitava	_	_	_	_	_	linguistic	_	ContainsVariation=No	_	_	_	_	_	_
290-6	BZ006	290	6	in	in	_	_	_	_	_	linguistic	_	ContainsVariation=No	_	_	_	_	_	_
290-7	BZ006	290	7	una:,	una	_	_	_	_	_	linguistic	_	ContainsVariation=No	Intonation=WeaklyRising	End=928.797	2x1	_	_	_
291-0	BZ006	291	0	cittadina	cittadina	_	_	_	_	_	linguistic	_	ContainsVariation=No	_	Begin=929.897	_	_	_	_
291-1	BZ006	291	1	che	che	_	_	_	_	_	linguistic	_	ContainsVariation=No	_	_	_	_	_	_
291-2	BZ006	291	2	potrebbe	potrebbe	_	_	_	_	_	linguistic	_	ContainsVariation=No	_	_	_	_	_	_
291-3	BZ006	291	3	essere	essere	_	_	_	_	_	linguistic	_	ContainsVariation=No	_	_	_	_	_	_
291-4	BZ006	291	4	come	come	_	_	_	_	_	linguistic	_	ContainsVariation=No	_	_	_	_	_	_
291-5	BZ006	291	5	laives	laives	_	_	_	_	_	linguistic	_	ContainsVariation=No	_	_	_	_	_	_
291-6	BZ006	291	6	per	per	_	_	_	_	_	linguistic	_	ContainsVariation=No	_	_	_	_	_	_
291-7	BZ006	291	7	[bolzano]	bolzano	_	_	_	_	_	linguistic	_	ContainsVariation=No	_	_	_	_	_	0-7(83)
291-8	BZ006	291	8	quindi,	quindi	_	_	_	_	_	linguistic	_	ContainsVariation=No	Intonation=WeaklyRising	End=933.237	_	_	_	_
292-0	BZ001	292	0	[okay].	okay	_	_	_	_	_	linguistic	_	ContainsVariation=No	Intonation=Falling	Begin=932.382|End=932.942	_	_	_	0-4(83)
293-0	BZ006	293	0	xxxxx	xxxxx	_	_	_	_	_	unknown	_	ContainsVariation=No	Syllables=5	Begin=933.377	_	_	_	_
293-1	BZ006	293	1	cioè	cioè	_	_	_	_	_	linguistic	_	ContainsVariation=No	_	_	_	_	_	_
293-2	BZ006	293	2	una	una	_	_	_	_	_	linguistic	_	ContainsVariation=No	_	_	_	_	_	_
293-3	BZ006	293	3	città	città	_	_	_	_	_	linguistic	_	ContainsVariation=No	_	_	_	_	_	_
293-4	BZ006	293	4	un	un	_	_	_	_	_	linguistic	_	ContainsVariation=No	_	_	_	_	_	_
293-5	BZ006	293	5	po'	po'	_	_	_	_	_	linguistic	_	ContainsVariation=No	_	_	_	_	_	_
293-6	BZ006	293	6	dislocata	dislocata	_	_	_	_	_	linguistic	_	ContainsVariation=No	_	_	_	_	_	_
293-7	BZ006	293	7	e	e	_	_	_	_	_	linguistic	_	ContainsVariation=No	_	_	_	_	_	_
293-8	BZ006	293	8	un	un	_	_	_	_	_	linguistic	_	ContainsVariation=No	_	_	_	_	_	_
293-9	BZ006	293	9	po'	po'	_	_	_	_	_	linguistic	_	ContainsVariation=No	_	_	_	_	_	_
293-10	BZ006	293	10	in	in	_	_	_	_	_	linguistic	_	ContainsVariation=No	_	_	_	_	_	_
293-11	BZ006	293	11	campagna.	campagna	_	_	_	_	_	linguistic	_	ContainsVariation=No	Intonation=Falling	End=937.377	_	_	_	_
294-0	BZ001	294	0	quindi	quindi	_	_	_	_	_	linguistic	_	ContainsVariation=No	_	Begin=937.452	_	_	_	_
294-1	BZ001	294	1	tu	tu	_	_	_	_	_	linguistic	_	ContainsVariation=No	_	_	_	_	_	_
294-2	BZ001	294	2	hai	hai	_	_	_	_	_	linguistic	_	ContainsVariation=No	_	_	_	_	_	_
294-3	BZ001	294	3	contattato	contattato	_	_	_	_	_	linguistic	_	ContainsVariation=No	_	_	_	_	_	_
294-4	BZ001	294	4	uno:	uno	_	_	_	_	_	linguistic	_	ContainsVariation=No	_	_	2x1	_	_	_
294-5	BZ001	294	5	un:	un	_	_	_	_	_	linguistic	_	ContainsVariation=No	_	_	1x1	_	_	_
294-6	BZ001	294	6	[tuo	tuo	_	_	_	_	_	linguistic	_	ContainsVariation=No	_	_	_	_	_	0-3(84)
294-7	BZ001	294	7	parente],	parente	_	_	_	_	_	linguistic	_	ContainsVariation=No	Intonation=WeaklyRising	End=939.882	_	_	_	0-7(84)
295-0	BZ006	295	0	[io	io	_	_	_	_	_	linguistic	_	ContainsVariation=No	_	Begin=939.102	_	_	_	0-2(84)
295-1	BZ006	295	1	ho	ho	_	_	_	_	_	linguistic	_	ContainsVariation=No	_	_	_	_	_	0-2(84)
295-2	BZ006	295	2	contattato	contattato	_	_	_	_	_	linguistic	_	ContainsVariation=No	_	_	_	_	_	0-10(84)
295-3	BZ006	295	3	i]l:,	il	_	_	_	_	_	linguistic	_	ContainsVariation=No	Intonation=WeaklyRising	End=940.602	1x1	_	_	0-1(84)
296-0	BZ006	296	0	il	il	_	_	_	_	_	linguistic	_	ContainsVariation=No	_	Begin=941.087	_	_	_	_
296-1	BZ006	296	1	parente	parente	_	_	_	_	_	linguistic	_	ContainsVariation=No	_	_	_	_	_	_
296-2	BZ006	296	2	più	più	_	_	_	_	_	linguistic	_	ContainsVariation=No	_	_	_	_	_	_
296-3	BZ006	296	3	vicino,	vicino	_	_	_	_	_	linguistic	_	ContainsVariation=No	Intonation=WeaklyRising	End=942.71	_	_	_	_
297-0	BZ001	297	0	okay,	okay	_	_	_	_	_	linguistic	_	ContainsVariation=No	Intonation=WeaklyRising	Begin=942.712|End=943.0070000000001	_	_	_	_
298-0	BZ006	298	0	che	che	_	_	_	_	_	linguistic	_	ContainsVariation=No	_	Begin=943.0070000000001	_	_	_	_
298-1	BZ006	298	1	c'	c'	_	_	_	_	_	linguistic	_	ContainsVariation=No	SpaceAfter=No	_	_	_	_	_
298-2	BZ006	298	2	era	era	_	_	_	_	_	linguistic	_	ContainsVariation=No	_	_	_	_	_	_
298-3	BZ006	298	3	e:	e	_	_	_	_	_	linguistic	_	ContainsVariation=No	_	_	0x1	_	_	_
298-4	BZ006	298	4	gli	gli	_	_	_	_	_	linguistic	_	ContainsVariation=No	_	_	_	_	_	_
298-5	BZ006	298	5	ho	ho	_	_	_	_	_	linguistic	_	ContainsVariation=No	_	_	_	_	_	_
298-6	BZ006	298	6	chiesto	chiesto	_	_	_	_	_	linguistic	_	ContainsVariation=No	_	_	_	_	_	_
298-7	BZ006	298	7	se	se	_	_	_	_	_	linguistic	_	ContainsVariation=No	_	_	_	_	_	_
298-8	BZ006	298	8	>insomma<,	insomma	_	_	_	_	_	linguistic	_	ContainsVariation=No	Intonation=WeaklyRising	End=945.452	_	Fast=0-7(0)	_	_
299-0	BZ006	299	0	potevo,	potevo	_	_	_	_	_	linguistic	_	ContainsVariation=No	Intonation=WeaklyRising|PauseAfter=Yes	Begin=946.532	_	_	_	_
299-1	BZ006	299	1	(.)	(.)	_	_	_	_	_	shortpause	_	ContainsVariation=No	_	_	_	_	_	_
299-2	BZ006	299	2	andarli	andarli	_	_	_	_	_	linguistic	_	ContainsVariation=No	_	_	_	_	_	_
299-3	BZ006	299	3	a	a	_	_	_	_	_	linguistic	_	ContainsVariation=No	_	_	_	_	_	_
299-4	BZ006	299	4	trovare.	trovare	_	_	_	_	_	linguistic	_	ContainsVariation=No	Intonation=Falling	End=947.992	_	_	_	_
300-0	BZ006	300	0	o	o	_	_	_	_	_	linguistic	_	ContainsVariation=No	_	Begin=948.267	_	_	_	_
300-1	BZ006	300	1	star	star	_	_	_	_	_	linguistic	_	ContainsVariation=No	_	_	_	_	_	_
300-2	BZ006	300	2	lì	lì	_	_	_	_	_	linguistic	_	ContainsVariation=No	_	_	_	_	_	_
300-3	BZ006	300	3	anche	anche	_	_	_	_	_	linguistic	_	ContainsVariation=No	_	_	_	_	_	_
300-4	BZ006	300	4	per	per	_	_	_	_	_	linguistic	_	ContainsVariation=No	_	_	_	_	_	_
300-5	BZ006	300	5	qualche	qualche	_	_	_	_	_	linguistic	_	ContainsVariation=No	_	_	_	_	_	_
300-6	BZ006	300	6	settimana,	settimana	_	_	_	_	_	linguistic	_	ContainsVariation=No	Intonation=WeaklyRising	_	_	_	_	_
300-7	BZ006	300	7	>era	era	_	_	_	_	_	linguistic	_	ContainsVariation=No	_	_	_	Fast=0-3(0)	_	_
300-8	BZ006	300	8	una	una	_	_	_	_	_	linguistic	_	ContainsVariation=No	_	_	_	Fast=0-3(0)	_	_
300-9	BZ006	300	9	roba	roba	_	_	_	_	_	linguistic	_	ContainsVariation=No	_	_	_	Fast=0-4(0)	_	_
300-10	BZ006	300	10	un	un	_	_	_	_	_	linguistic	_	ContainsVariation=No	_	_	_	Fast=0-2(0)	_	_
300-11	BZ006	300	11	po'	po'	_	_	_	_	_	linguistic	_	ContainsVariation=No	_	_	_	Fast=0-3(0)	_	_
300-12	BZ006	300	12	[breve]	breve	_	_	_	_	_	linguistic	_	ContainsVariation=No	_	_	_	Fast=0-5(0)	_	0-5(85)
300-13	BZ006	300	13	mi	mi	_	_	_	_	_	linguistic	_	ContainsVariation=No	_	_	_	Fast=0-2(0)	_	_
300-14	BZ006	300	14	ero	ero	_	_	_	_	_	linguistic	_	ContainsVariation=No	_	_	_	Fast=0-3(0)	_	_
300-15	BZ006	300	15	messo	messo	_	_	_	_	_	linguistic	_	ContainsVariation=No	_	_	_	Fast=0-5(0)	_	_
300-16	BZ006	300	16	in	in	_	_	_	_	_	linguistic	_	ContainsVariation=No	_	_	_	Fast=0-2(0)	_	_
300-17	BZ006	300	17	testa	testa	_	_	_	_	_	linguistic	_	ContainsVariation=No	_	_	_	Fast=0-5(0)	_	_
300-18	BZ006	300	18	io<,	io	_	_	_	_	_	linguistic	_	ContainsVariation=No	Intonation=WeaklyRising	End=952.167	_	Fast=0-2(0)	_	_
301-0	BZ001	301	0	[mh],	mh	_	_	_	_	_	linguistic	_	ContainsVariation=No	Intonation=WeaklyRising	Begin=950.817|End=951.177	_	_	_	0-2(85)
302-0	BZ001	302	0	ah	ah	_	_	_	_	_	linguistic	_	ContainsVariation=No	ProsodicLink=Yes	Begin=952.162	_	_	_	_
302-1	BZ001	302	1	ah,	ah	_	_	_	_	_	linguistic	_	ContainsVariation=No	Intonation=WeaklyRising	End=952.452	_	_	_	_
303-0	BZ006	303	0	>poi	poi	_	_	_	_	_	linguistic	_	ContainsVariation=No	_	Begin=952.452	_	Fast=0-3(0)	_	_
303-1	BZ006	303	1	in	in	_	_	_	_	_	linguistic	_	ContainsVariation=No	_	_	_	Fast=0-2(0)	_	_
303-2	BZ006	303	2	realtà	realtà	_	_	_	_	_	linguistic	_	ContainsVariation=No	_	_	_	Fast=0-6(0)	_	_
303-3	BZ006	303	3	si	si	_	_	_	_	_	linguistic	_	ContainsVariation=No	_	_	_	Fast=0-2(0)	_	_
303-4	BZ006	303	4	è	è	_	_	_	_	_	linguistic	_	ContainsVariation=No	_	_	_	Fast=0-1(0)	_	_
303-5	BZ006	303	5	trasformata	trasformata	_	_	_	_	_	linguistic	_	ContainsVariation=No	_	_	_	Fast=0-11(0)	_	_
303-6	BZ006	303	6	in	in	_	_	_	_	_	linguistic	_	ContainsVariation=No	_	_	_	Fast=0-2(0)	_	_
303-7	BZ006	303	7	una	una	_	_	_	_	_	linguistic	_	ContainsVariation=No	_	_	_	Fast=0-3(0)	_	_
303-8	BZ006	303	8	cosa	cosa	_	_	_	_	_	linguistic	_	ContainsVariation=No	_	_	_	Fast=0-4(0)	_	_
303-9	BZ006	303	9	un	un	_	_	_	_	_	linguistic	_	ContainsVariation=No	_	_	_	Fast=0-2(0)	_	_
303-10	BZ006	303	10	po'	po'	_	_	_	_	_	linguistic	_	ContainsVariation=No	_	_	_	Fast=0-3(0)	_	_
303-11	BZ006	303	11	più	più	_	_	_	_	_	linguistic	_	ContainsVariation=No	_	_	_	Fast=0-3(0)	_	_
303-12	BZ006	303	12	grande<.	grande	_	_	_	_	_	linguistic	_	ContainsVariation=No	Intonation=Falling	End=954.382	_	Fast=0-6(0)	_	_
304-0	BZ006	304	0	e:	e	_	_	_	_	_	linguistic	_	ContainsVariation=No	_	Begin=955.102	0x1	_	_	_
304-1	BZ006	304	1	loro:	loro	_	_	_	_	_	linguistic	_	ContainsVariation=No	_	_	3x1	_	_	_
304-2	BZ006	304	2	felicissimi	felicissimi	_	_	_	_	_	linguistic	_	ContainsVariation=No	_	_	_	_	_	_
304-3	BZ006	304	3	di	di	_	_	_	_	_	linguistic	_	ContainsVariation=No	_	_	_	_	_	_
304-4	BZ006	304	4	[creare]	creare	_	_	_	_	_	linguistic	_	ContainsVariation=No	_	_	_	_	_	0-6(87)
304-5	BZ006	304	5	un	un	_	_	_	_	_	linguistic	_	ContainsVariation=No	_	_	_	_	_	_
304-6	BZ006	304	6	legame	legame	_	_	_	_	_	linguistic	_	ContainsVariation=No	_	_	_	_	_	_
304-7	BZ006	304	7	che	che	_	_	_	_	_	linguistic	_	ContainsVariation=No	_	_	_	_	_	_
304-8	BZ006	304	8	non	non	_	_	_	_	_	linguistic	_	ContainsVariation=No	_	_	_	_	_	_
304-9	BZ006	304	9	c'	c'	_	_	_	_	_	linguistic	_	ContainsVariation=No	SpaceAfter=No	_	_	_	_	_
304-10	BZ006	304	10	era	era	_	_	_	_	_	linguistic	_	ContainsVariation=No	_	_	_	_	_	_
304-11	BZ006	304	11	mai	mai	_	_	_	_	_	linguistic	_	ContainsVariation=No	_	_	_	_	_	_
304-12	BZ006	304	12	stata	stata	_	_	_	_	_	linguistic	_	ContainsVariation=No	_	_	_	_	_	_
304-13	BZ006	304	13	l'	l'	_	_	_	_	_	linguistic	_	ContainsVariation=No	SpaceAfter=No	_	_	_	_	_
304-14	BZ006	304	14	opportunità	opportunità	_	_	_	_	_	linguistic	_	ContainsVariation=No	_	_	_	_	_	_
304-15	BZ006	304	15	di	di	_	_	_	_	_	linguistic	_	ContainsVariation=No	_	_	_	_	_	_
304-16	BZ006	304	16	creare	creare	_	_	_	_	_	linguistic	_	ContainsVariation=No	_	_	_	_	_	_
304-17	BZ006	304	17	prima,	prima	_	_	_	_	_	linguistic	_	ContainsVariation=No	Intonation=WeaklyRising	End=960.062	_	_	_	_
305-0	BZ001	305	0	[eh],	eh	_	_	_	_	_	linguistic	_	ContainsVariation=No	Intonation=WeaklyRising	Begin=956.847|End=957.247	_	_	_	0-2(87)
306-0	BZ006	306	0	eh	eh	_	_	_	_	_	linguistic	_	ContainsVariation=No	_	Begin=960.552	_	_	_	_
306-1	BZ006	306	1	perché	perché	_	_	_	_	_	linguistic	_	ContainsVariation=No	_	_	_	_	_	_
306-2	BZ006	306	2	mai	mai	_	_	_	_	_	linguistic	_	ContainsVariation=No	_	_	_	_	_	_
306-3	BZ006	306	3	nessuno	nessuno	_	_	_	_	_	linguistic	_	ContainsVariation=No	_	_	_	_	_	_
306-4	BZ006	306	4	dall'	dall'	_	_	_	_	_	linguistic	_	ContainsVariation=No	SpaceAfter=No	_	_	_	_	_
306-5	BZ006	306	5	europa	europa	_	_	_	_	_	linguistic	_	ContainsVariation=No	_	_	_	_	_	_
306-6	BZ006	306	6	era	era	_	_	_	_	_	linguistic	_	ContainsVariation=No	_	_	_	_	_	_
306-7	BZ006	306	7	andato	andato	_	_	_	_	_	linguistic	_	ContainsVariation=No	_	_	_	_	_	_
306-8	BZ006	306	8	lì	lì	_	_	_	_	_	linguistic	_	ContainsVariation=No	_	_	_	_	_	_
306-9	BZ006	306	9	viceversa	viceversa	_	_	_	_	_	linguistic	_	ContainsVariation=No	_	_	_	_	_	_
306-10	BZ006	306	10	sì	sì	_	_	_	_	_	linguistic	_	ContainsVariation=No	_	_	_	_	_	_
306-11	BZ006	306	11	ma	ma	_	_	_	_	_	linguistic	_	ContainsVariation=No	_	_	_	_	_	_
306-12	BZ006	306	12	dall'	dall'	_	_	_	_	_	linguistic	_	ContainsVariation=No	SpaceAfter=No	_	_	_	_	_
306-13	BZ006	306	13	europa	europa	_	_	_	_	_	linguistic	_	ContainsVariation=No	_	_	_	_	_	_
306-14	BZ006	306	14	no,	no	_	_	_	_	_	linguistic	_	ContainsVariation=No	Intonation=WeaklyRising	End=964.182	_	_	_	_
307-0	BZ006	307	0	eh	eh	_	_	_	_	_	linguistic	_	ContainsVariation=No	_	Begin=964.732	_	_	_	_
307-1	BZ006	307	1	ha	ha	_	_	_	_	_	linguistic	_	ContainsVariation=No	_	_	_	_	_	_
307-2	BZ006	307	2	detto	detto	_	_	_	_	_	linguistic	_	ContainsVariation=No	_	_	_	_	_	_
307-3	BZ006	307	3	di	di	_	_	_	_	_	linguistic	_	ContainsVariation=No	_	_	_	_	_	_
307-4	BZ006	307	4	sì	sì	_	_	_	_	_	linguistic	_	ContainsVariation=No	_	_	_	_	_	_
307-5	BZ006	307	5	e	e	_	_	_	_	_	linguistic	_	ContainsVariation=No	_	_	_	_	_	_
307-6	BZ006	307	6	io	io	_	_	_	_	_	linguistic	_	ContainsVariation=No	_	_	_	_	_	_
307-7	BZ006	307	7	sono	sono	_	_	_	_	_	linguistic	_	ContainsVariation=No	_	_	_	_	_	_
307-8	BZ006	307	8	partito.	partito	_	_	_	_	_	linguistic	_	ContainsVariation=No	Intonation=Falling	End=966.682	_	_	_	_
308-0	BZ006	308	0	e	e	_	_	_	_	_	linguistic	_	ContainsVariation=No	_	Begin=967.352	_	_	_	_
308-1	BZ006	308	1	poi	poi	_	_	_	_	_	linguistic	_	ContainsVariation=No	_	_	_	_	_	_
308-2	BZ006	308	2	lì	lì	_	_	_	_	_	linguistic	_	ContainsVariation=No	_	_	_	_	_	_
308-3	BZ006	308	3	ho	ho	_	_	_	_	_	linguistic	_	ContainsVariation=No	_	_	_	_	_	_
308-4	BZ006	308	4	conosciuto	conosciuto	_	_	_	_	_	linguistic	_	ContainsVariation=No	_	_	_	_	_	_
308-5	BZ006	308	5	appunto,	appunto	_	_	_	_	_	linguistic	_	ContainsVariation=No	Intonation=WeaklyRising	End=969.082	_	_	_	_
309-0	BZ006	309	0	questa	questa	_	_	_	_	_	linguistic	_	ContainsVariation=No	_	Begin=970.072	_	_	_	_
309-1	BZ006	309	1	famiglia	famiglia	_	_	_	_	_	linguistic	_	ContainsVariation=No	_	_	_	_	_	_
309-2	BZ006	309	2	italoamericana,	italoamericana	_	_	_	_	_	linguistic	_	ContainsVariation=No	Intonation=WeaklyRising	End=972.102	_	_	_	_
310-0	BZ006	310	0	[che:]:	che	_	_	_	_	_	linguistic	_	ContainsVariation=No	_	Begin=972.692	2x2	_	_	0-3(88)
310-1	BZ006	310	1	mh:	mh	_	_	_	_	_	linguistic	_	ContainsVariation=No	_	End=974.092	1x1	_	_	_
311-0	BZ001	311	0	[mh	mh	_	_	_	_	_	linguistic	_	ContainsVariation=No	ProsodicLink=Yes	Begin=972.707	_	_	_	0-2(88)
311-1	BZ001	311	1	mh],	mh	_	_	_	_	_	linguistic	_	ContainsVariation=No	Intonation=WeaklyRising	End=973.277	_	_	_	0-2(88)
312-0	BZ006	312	0	che	che	_	_	_	_	_	linguistic	_	ContainsVariation=No	_	Begin=974.207	_	_	_	_
312-1	BZ006	312	1	mi	mi	_	_	_	_	_	linguistic	_	ContainsVariation=No	_	_	_	_	_	_
312-2	BZ006	312	2	ha	ha	_	_	_	_	_	linguistic	_	ContainsVariation=No	_	_	_	_	_	_
312-3	BZ006	312	3	insegnato	insegnato	_	_	_	_	_	linguistic	_	ContainsVariation=No	_	_	_	_	_	_
312-4	BZ006	312	4	lo	lo	_	_	_	_	_	linguistic	_	ContainsVariation=No	_	_	_	_	_	_
312-5	BZ006	312	5	spagnolo.	spagnolo	_	_	_	_	_	linguistic	_	ContainsVariation=No	Intonation=Falling	End=975.497	_	_	_	_
313-0	BZ001	313	0	[okay].	okay	_	_	_	_	_	linguistic	_	ContainsVariation=No	Intonation=Falling	Begin=975.687|End=976.197	_	_	_	0-4(89)
314-0	BZ006	314	0	[>nel	nel	_	_	_	_	_	linguistic	_	ContainsVariation=No	_	Begin=975.747	_	Fast=0-3(0)	_	0-3(89)
314-1	BZ006	314	1	senso<]	senso	_	_	_	_	_	linguistic	_	ContainsVariation=No	_	_	_	Fast=0-5(0)	_	0-5(89)
314-2	BZ006	314	2	non	non	_	_	_	_	_	linguistic	_	ContainsVariation=No	_	_	_	_	_	_
314-3	BZ006	314	3	me	me	_	_	_	_	_	linguistic	_	ContainsVariation=No	_	_	_	_	_	_
314-4	BZ006	314	4	l'	l'	_	_	_	_	_	linguistic	_	ContainsVariation=No	SpaceAfter=No	_	_	_	_	_
314-5	BZ006	314	5	ha	ha	_	_	_	_	_	linguistic	_	ContainsVariation=No	_	_	_	_	_	_
314-6	BZ006	314	6	insegnato	insegnato	_	_	_	_	_	linguistic	_	ContainsVariation=No	_	_	_	_	_	_
314-7	BZ006	314	7	scolas[ticamente],	scolasticamente	_	_	_	_	_	linguistic	_	ContainsVariation=No	Intonation=WeaklyRising	_	_	_	_	5-15(90)
314-8	BZ006	314	8	ma	ma	_	_	_	_	_	linguistic	_	ContainsVariation=No	_	_	_	_	_	_
314-9	BZ006	314	9	l'	l'	_	_	_	_	_	linguistic	_	ContainsVariation=No	SpaceAfter=No	_	_	_	_	_
314-10	BZ006	314	10	ho	ho	_	_	_	_	_	linguistic	_	ContainsVariation=No	_	_	_	_	_	_
314-11	BZ006	314	11	imparato	imparato	_	_	_	_	_	linguistic	_	ContainsVariation=No	_	_	_	_	_	_
314-12	BZ006	314	12	parlandolo.	parlandolo	_	_	_	_	_	linguistic	_	ContainsVariation=No	Intonation=Falling	_	_	_	_	_
314-13	BZ006	314	13	perché	perché	_	_	_	_	_	linguistic	_	ContainsVariation=No	_	_	_	_	_	_
314-14	BZ006	314	14	poi	poi	_	_	_	_	_	linguistic	_	ContainsVariation=No	_	_	_	_	_	_
314-15	BZ006	314	15	io	io	_	_	_	_	_	linguistic	_	ContainsVariation=No	_	_	_	_	_	_
314-16	BZ006	314	16	ne	ne	_	_	_	_	_	linguistic	_	ContainsVariation=No	_	_	_	_	_	_
314-17	BZ006	314	17	ho	ho	_	_	_	_	_	linguistic	_	ContainsVariation=No	_	_	_	_	_	_
314-18	BZ006	314	18	approfittato	approfittato	_	_	_	_	_	linguistic	_	ContainsVariation=No	_	_	_	_	_	_
314-19	BZ006	314	19	e	e	_	_	_	_	_	linguistic	_	ContainsVariation=No	_	_	_	_	_	_
314-20	BZ006	314	20	ho	ho	_	_	_	_	_	linguistic	_	ContainsVariation=No	_	_	_	_	_	_
314-21	BZ006	314	21	viaggiato	viaggiato	_	_	_	_	_	linguistic	_	ContainsVariation=No	_	_	_	_	_	_
314-22	BZ006	314	22	molto.	molto	_	_	_	_	_	linguistic	_	ContainsVariation=No	Intonation=Falling	End=980.95	_	_	_	_
315-0	BZ001	315	0	[certo].	certo	_	_	_	_	_	linguistic	_	ContainsVariation=No	Intonation=Falling	Begin=977.283|End=977.763	_	_	_	0-5(90)
316-0	BZ006	316	0	e	e	_	_	_	_	_	linguistic	_	ContainsVariation=No	_	Begin=981.608	_	_	_	_
316-1	BZ006	316	1	lì	lì	_	_	_	_	_	linguistic	_	ContainsVariation=No	_	_	_	_	_	_
316-2	BZ006	316	2	ho	ho	_	_	_	_	_	linguistic	_	ContainsVariation=No	_	_	_	_	_	_
316-3	BZ006	316	3	imparato	imparato	_	_	_	_	_	linguistic	_	ContainsVariation=No	_	_	_	_	_	_
316-4	BZ006	316	4	lo	lo	_	_	_	_	_	linguistic	_	ContainsVariation=No	_	_	_	_	_	_
316-5	BZ006	316	5	spagnolo	spagnolo	_	_	_	_	_	linguistic	_	ContainsVariation=No	_	_	_	_	_	_
316-6	BZ006	316	6	che	che	_	_	_	_	_	linguistic	_	ContainsVariation=No	_	_	_	_	_	_
316-7	BZ006	316	7	in	in	_	_	_	_	_	linguistic	_	ContainsVariation=No	_	_	_	_	_	_
316-8	BZ006	316	8	realtà	realtà	_	_	_	_	_	linguistic	_	ContainsVariation=No	_	_	_	_	_	_
316-9	BZ006	316	9	è	è	_	_	_	_	_	linguistic	_	ContainsVariation=No	_	_	_	_	_	_
316-10	BZ006	316	10	lo	lo	_	_	_	_	_	linguistic	_	ContainsVariation=No	_	_	_	_	_	_
316-11	BZ006	316	11	spagnolo	spagnolo	_	_	_	_	_	linguistic	_	ContainsVariation=No	_	_	_	_	_	_
316-12	BZ006	316	12	che	che	_	_	_	_	_	linguistic	_	ContainsVariation=No	_	_	_	_	_	_
316-13	BZ006	316	13	loro	loro	_	_	_	_	_	linguistic	_	ContainsVariation=No	_	_	_	_	_	_
316-14	BZ006	316	14	chiamano	chiamano	_	_	_	_	_	linguistic	_	ContainsVariation=No	_	_	_	_	_	_
316-15	BZ006	316	15	castejano	castejano	_	_	_	_	_	linguistic	_	ContainsVariation=No	_	_	_	_	_	_
316-16	BZ006	316	16	de:	de	_	_	_	_	_	linguistic	_	ContainsVariation=No	_	_	1x1	_	_	_
316-17	BZ006	316	17	argentina	argentina	_	_	_	_	_	linguistic	_	ContainsVariation=No	_	_	_	_	_	_
316-18	BZ006	316	18	((pronuncia_spagnola))	((pronuncia_spagnola))	_	_	_	_	_	nonverbalbehavior	_	ContainsVariation=No	_	_	_	_	_	_
316-19	BZ006	316	19	quin[di	quindi	_	_	_	_	_	linguistic	_	ContainsVariation=No	_	_	_	_	_	4-6(91)
316-20	BZ006	316	20	una	una	_	_	_	_	_	linguistic	_	ContainsVariation=No	_	_	_	_	_	0-3(91)
316-21	BZ006	316	21	lin]gua,	lingua	_	_	_	_	_	linguistic	_	ContainsVariation=No	Intonation=WeaklyRising	End=988.11	_	_	_	0-3(91)
317-0	BZ001	317	0	[okay],	okay	_	_	_	_	_	linguistic	_	ContainsVariation=No	Intonation=WeaklyRising	Begin=986.973|End=987.483	_	_	_	0-4(91)
318-0	BZ006	318	0	che	che	_	_	_	_	_	linguistic	_	ContainsVariation=No	_	Begin=988.653	_	_	_	_
318-1	BZ006	318	1	non	non	_	_	_	_	_	linguistic	_	ContainsVariation=No	_	_	_	_	_	_
318-2	BZ006	318	2	ha	ha	_	_	_	_	_	linguistic	_	ContainsVariation=No	_	_	_	_	_	_
318-3	BZ006	318	3	nulla	nulla	_	_	_	_	_	linguistic	_	ContainsVariation=No	_	_	_	_	_	_
318-4	BZ006	318	4	a	a	_	_	_	_	_	linguistic	_	ContainsVariation=No	_	_	_	_	_	_
318-5	BZ006	318	5	che	che	_	_	_	_	_	linguistic	_	ContainsVariation=No	_	_	_	_	_	_
318-6	BZ006	318	6	vedere	vedere	_	_	_	_	_	linguistic	_	ContainsVariation=No	_	_	_	_	_	_
318-7	BZ006	318	7	con	con	_	_	_	_	_	linguistic	_	ContainsVariation=No	_	_	_	_	_	_
318-8	BZ006	318	8	lo	lo	_	_	_	_	_	linguistic	_	ContainsVariation=No	_	_	_	_	_	_
318-9	BZ006	318	9	spagnolo	spagnolo	_	_	_	_	_	linguistic	_	ContainsVariation=No	_	_	_	_	_	_
318-10	BZ006	318	10	di	di	_	_	_	_	_	linguistic	_	ContainsVariation=No	_	_	_	_	_	_
318-11	BZ006	318	11	spagna	spagna	_	_	_	_	_	linguistic	_	ContainsVariation=No	_	_	_	_	_	_
318-12	BZ006	318	12	((ridendo))	((ridendo))	_	_	_	_	_	nonverbalbehavior	_	ContainsVariation=No	_	_	_	_	_	_
318-13	BZ006	318	13	o	o	_	_	_	_	_	linguistic	_	ContainsVariation=No	_	_	_	_	_	_
318-14	BZ006	318	14	meglio	meglio	_	_	_	_	_	linguistic	_	ContainsVariation=No	_	_	_	_	_	_
318-15	BZ006	318	15	sì	sì	_	_	_	_	_	linguistic	_	ContainsVariation=No	_	_	_	_	_	_
318-16	BZ006	318	16	però,	però	_	_	_	_	_	linguistic	_	ContainsVariation=No	Intonation=WeaklyRising	End=992.093	_	_	_	_
319-0	BZ006	319	0	si	si	_	_	_	_	_	linguistic	_	ContainsVariation=No	_	Begin=992.858	_	_	_	_
319-1	BZ006	319	1	sente	sente	_	_	_	_	_	linguistic	_	ContainsVariation=No	_	_	_	_	_	_
319-2	BZ006	319	2	l'	l'	_	_	_	_	_	linguistic	_	ContainsVariation=No	SpaceAfter=No	_	_	_	_	_
319-3	BZ006	319	3	accento	accento	_	_	_	_	_	linguistic	_	ContainsVariation=No	_	_	_	_	_	_
319-4	BZ006	319	4	diverso	diverso	_	_	_	_	_	linguistic	_	ContainsVariation=No	_	_	_	_	_	_
319-5	BZ006	319	5	sia	sia	_	_	_	_	_	linguistic	_	ContainsVariation=No	_	_	_	_	_	_
319-6	BZ006	319	6	per,	per	_	_	_	_	_	linguistic	_	ContainsVariation=No	Intonation=WeaklyRising	End=995.138	_	_	_	_
320-0	BZ006	320	0	l'	l'	_	_	_	_	_	linguistic	_	ContainsVariation=No	SpaceAfter=No	Begin=995.518	_	_	_	_
320-1	BZ006	320	1	accento	accento	_	_	_	_	_	linguistic	_	ContainsVariation=No	_	_	_	_	_	_
320-2	BZ006	320	2	sia	sia	_	_	_	_	_	linguistic	_	ContainsVariation=No	_	_	_	_	_	_
320-3	BZ006	320	3	per	per	_	_	_	_	_	linguistic	_	ContainsVariation=No	_	_	_	_	_	_
320-4	BZ006	320	4	certi	certi	_	_	_	_	_	linguistic	_	ContainsVariation=No	_	_	_	_	_	_
320-5	BZ006	320	5	>cioè	cioè	_	_	_	_	_	linguistic	_	ContainsVariation=No	_	_	_	Fast=0-4(0)	_	_
320-6	BZ006	320	6	per	per	_	_	_	_	_	linguistic	_	ContainsVariation=No	_	_	_	Fast=0-3(0)	_	_
320-7	BZ006	320	7	esempio<	esempio	_	_	_	_	_	linguistic	_	ContainsVariation=No	_	_	_	Fast=0-7(0)	_	_
320-8	BZ006	320	8	l'	l'	_	_	_	_	_	linguistic	_	ContainsVariation=No	SpaceAfter=No	_	_	_	_	_
320-9	BZ006	320	9	usanza	usanza	_	_	_	_	_	linguistic	_	ContainsVariation=No	_	_	_	_	_	_
320-10	BZ006	320	10	del	del	_	_	_	_	_	linguistic	_	ContainsVariation=No	_	_	_	_	_	_
320-11	BZ006	320	11	tu	tu	_	_	_	_	_	linguistic	_	ContainsVariation=No	_	_	_	_	_	_
320-12	BZ006	320	12	non	non	_	_	_	_	_	linguistic	_	ContainsVariation=No	_	_	_	_	_	_
320-13	BZ006	320	13	esiste	esiste	_	_	_	_	_	linguistic	_	ContainsVariation=No	_	_	_	_	_	_
320-14	BZ006	320	14	si	si	_	_	_	_	_	linguistic	_	ContainsVariation=No	_	_	_	_	_	_
320-15	BZ006	320	15	dà	dà	_	_	_	_	_	linguistic	_	ContainsVariation=No	_	_	_	_	_	_
320-16	BZ006	320	16	del	del	_	_	_	_	_	linguistic	_	ContainsVariation=No	_	_	_	_	_	_
320-17	BZ006	320	17	voi	voi	_	_	_	_	_	linguistic	_	ContainsVariation=No	_	_	_	_	_	_
320-18	BZ006	320	18	anche	anche	_	_	_	_	_	linguistic	_	ContainsVariation=No	_	_	_	_	_	_
320-19	BZ006	320	19	quando	quando	_	_	_	_	_	linguistic	_	ContainsVariation=No	_	_	_	_	_	_
320-20	BZ006	320	20	si	si	_	_	_	_	_	linguistic	_	ContainsVariation=No	_	_	_	_	_	1-2(92)
320-21	BZ006	320	21	[dà	dà	_	_	_	_	_	linguistic	_	ContainsVariation=No	_	_	_	_	_	0-2(92)
320-22	BZ006	320	22	del	del	_	_	_	_	_	linguistic	_	ContainsVariation=No	_	_	_	_	_	0-3(92)
320-23	BZ006	320	23	tu]	tu	_	_	_	_	_	linguistic	_	ContainsVariation=No	_	End=1000.698	_	_	_	0-1(92)
321-0	BZ001	321	0	[ah].	ah	_	_	_	_	_	linguistic	_	ContainsVariation=No	Intonation=Falling	Begin=1000.283|End=1000.713	_	_	_	0-2(92)
322-0	BZ006	322	0	quindi	quindi	_	_	_	_	_	linguistic	_	ContainsVariation=No	_	Begin=1001.173	_	_	_	_
322-1	BZ006	322	1	como,	como	_	_	_	_	_	linguistic	_	ContainsVariation=No	Intonation=WeaklyRising	End=1002.163	_	_	_	_
323-0	BZ006	323	0	eh::	eh	_	_	_	_	_	linguistic	_	ContainsVariation=No	_	Begin=1002.703	1x2	_	_	_
323-1	BZ006	323	1	se	se	_	_	_	_	_	linguistic	_	ContainsVariation=No	_	_	_	_	_	_
323-2	BZ006	323	2	ti	ti	_	_	_	_	_	linguistic	_	ContainsVariation=No	_	_	_	_	_	_
323-3	BZ006	323	3	devo	devo	_	_	_	_	_	linguistic	_	ContainsVariation=No	_	_	_	_	_	_
323-4	BZ006	323	4	dire	dire	_	_	_	_	_	linguistic	_	ContainsVariation=No	_	_	_	_	_	_
323-5	BZ006	323	5	come	come	_	_	_	_	_	linguistic	_	ContainsVariation=No	_	_	_	_	_	_
323-6	BZ006	323	6	stai:	stai	_	_	_	_	_	linguistic	_	ContainsVariation=No	_	_	3x1	_	_	_
323-7	BZ006	323	7	vos	vos	_	_	_	_	_	linguistic	_	ContainsVariation=No	PauseAfter=Yes	_	_	_	_	_
323-8	BZ006	323	8	(.)	(.)	_	_	_	_	_	shortpause	_	ContainsVariation=No	_	_	_	_	_	_
323-9	BZ006	323	9	come	come	_	_	_	_	_	linguistic	_	ContainsVariation=No	_	_	_	_	_	_
323-10	BZ006	323	10	stas?	stas	_	_	_	_	_	linguistic	_	ContainsVariation=No	Intonation=Rising	End=1006.673	_	_	_	_
324-0	BZ001	324	0	ah	ah	_	_	_	_	_	linguistic	_	ContainsVariation=No	_	Begin=1006.923	_	_	_	_
324-1	BZ001	324	1	[okay].	okay	_	_	_	_	_	linguistic	_	ContainsVariation=No	Intonation=Falling	End=1007.613	_	_	_	0-4(93)
325-0	BZ006	325	0	[quindi]	quindi	_	_	_	_	_	linguistic	_	ContainsVariation=No	_	Begin=1007.283	_	_	_	0-6(93)
325-1	BZ006	325	1	io	io	_	_	_	_	_	linguistic	_	ContainsVariation=No	_	_	_	_	_	_
325-2	BZ006	325	2	ti	ti	_	_	_	_	_	linguistic	_	ContainsVariation=No	_	_	_	_	_	_
325-3	BZ006	325	3	dico	dico	_	_	_	_	_	linguistic	_	ContainsVariation=No	_	_	_	_	_	_
325-4	BZ006	325	4	come	come	_	_	_	_	_	linguistic	_	ContainsVariation=No	_	_	_	_	_	_
325-5	BZ006	325	5	stai	stai	_	_	_	_	_	linguistic	_	ContainsVariation=No	_	_	_	_	_	_
325-6	BZ006	325	6	ma	ma	_	_	_	_	_	linguistic	_	ContainsVariation=No	_	_	_	_	_	_
325-7	BZ006	325	7	dico	dico	_	_	_	_	_	linguistic	_	ContainsVariation=No	_	_	_	_	_	_
325-8	BZ006	325	8	non	non	_	_	_	_	_	linguistic	_	ContainsVariation=No	_	_	_	_	_	_
325-9	BZ006	325	9	tu	tu	_	_	_	_	_	linguistic	_	ContainsVariation=No	_	_	_	_	_	_
325-10	BZ006	325	10	ma	ma	_	_	_	_	_	linguistic	_	ContainsVariation=No	_	_	_	_	_	_
325-11	BZ006	325	11	voi	voi	_	_	_	_	_	linguistic	_	ContainsVariation=No	_	_	_	_	_	_
325-12	BZ006	325	12	come	come	_	_	_	_	_	linguistic	_	ContainsVariation=No	_	_	_	_	_	_
325-13	BZ006	325	13	stai?	stai	_	_	_	_	_	linguistic	_	ContainsVariation=No	Intonation=Rising	End=1010.293	_	_	_	_
326-0	BZ001	326	0	quindi	quindi	_	_	_	_	_	linguistic	_	ContainsVariation=No	_	Begin=1010.363	_	_	_	_
326-1	BZ001	326	1	indipendentemente	indipendentemente	_	_	_	_	_	linguistic	_	ContainsVariation=No	_	_	_	_	_	_
326-2	BZ001	326	2	dalla	dalla	_	_	_	_	_	linguistic	_	ContainsVariation=No	_	_	_	_	_	_
326-3	BZ001	326	3	formalità	formalità	_	_	_	_	_	linguistic	_	ContainsVariation=No	_	_	_	_	_	_
326-4	BZ001	326	4	della	della	_	_	_	_	_	linguistic	_	ContainsVariation=No	_	_	_	_	_	_
326-5	BZ001	326	5	conver[sazione]	conversazione	_	_	_	_	_	linguistic	_	ContainsVariation=No	_	End=1012.983	_	_	_	6-13(94)
327-0	BZ006	327	0	[indipendente]mente	indipendentemente	_	_	_	_	_	linguistic	_	ContainsVariation=No	_	Begin=1012.708	_	_	_	0-12(94)
327-1	BZ006	327	1	dalla	dalla	_	_	_	_	_	linguistic	_	ContainsVariation=No	_	_	_	_	_	_
327-2	BZ006	327	2	formalità,	formalità	_	_	_	_	_	linguistic	_	ContainsVariation=No	Intonation=WeaklyRising	_	_	_	_	_
327-3	BZ006	327	3	c'	c'	_	_	_	_	_	linguistic	_	ContainsVariation=No	SpaceAfter=No	_	_	_	_	_
327-4	BZ006	327	4	è	è	_	_	_	_	_	linguistic	_	ContainsVariation=No	_	_	_	_	_	_
327-5	BZ006	327	5	il	il	_	_	_	_	_	linguistic	_	ContainsVariation=No	_	_	_	_	_	_
327-6	BZ006	327	6	lei	lei	_	_	_	_	_	linguistic	_	ContainsVariation=No	_	_	_	_	_	_
327-7	BZ006	327	7	ovviamente,	ovviamente	_	_	_	_	_	linguistic	_	ContainsVariation=No	Intonation=WeaklyRising	_	_	_	_	_
327-8	BZ006	327	8	eh	eh	_	_	_	_	_	linguistic	_	ContainsVariation=No	_	_	_	_	_	_
327-9	BZ006	327	9	quello	quello	_	_	_	_	_	linguistic	_	ContainsVariation=No	_	_	_	_	_	_
327-10	BZ006	327	10	c'	c'	_	_	_	_	_	linguistic	_	ContainsVariation=No	SpaceAfter=No	_	_	_	_	_
327-11	BZ006	327	11	è	è	_	_	_	_	_	linguistic	_	ContainsVariation=No	_	_	_	_	_	_
327-12	BZ006	327	12	però	però	_	_	_	_	_	linguistic	_	ContainsVariation=No	_	_	_	_	_	_
327-13	BZ006	327	13	eh::m	ehm	_	_	_	_	_	linguistic	_	ContainsVariation=No	_	End=1017.898	1x2	_	_	_
328-0	BZ006	328	0	se	se	_	_	_	_	_	linguistic	_	ContainsVariation=No	_	Begin=1019.068	_	_	_	_
328-1	BZ006	328	1	tu	tu	_	_	_	_	_	linguistic	_	ContainsVariation=No	_	_	_	_	_	_
328-2	BZ006	328	2	dai	dai	_	_	_	_	_	linguistic	_	ContainsVariation=No	_	_	_	_	_	_
328-3	BZ006	328	3	del	del	_	_	_	_	_	linguistic	_	ContainsVariation=No	_	_	_	_	_	_
328-4	BZ006	328	4	tu,	tu	_	_	_	_	_	linguistic	_	ContainsVariation=No	Intonation=WeaklyRising	End=1020.228	_	_	_	_
329-0	BZ006	329	0	dici	dici	_	_	_	_	_	linguistic	_	ContainsVariation=No	_	Begin=1020.573	_	_	_	_
329-1	BZ006	329	1	vos.	vos	_	_	_	_	_	linguistic	_	ContainsVariation=No	Intonation=Falling	End=1021.523	_	_	_	_
330-0	BZ001	330	0	ah.	ah	_	_	_	_	_	linguistic	_	ContainsVariation=No	Intonation=Falling	Begin=1021.863|End=1022.1455000000001	_	_	_	_
331-0	BZ006	331	0	e	e	_	_	_	_	_	linguistic	_	ContainsVariation=No	_	Begin=1022.1455000000001	_	_	_	_
331-1	BZ006	331	1	dai	dai	_	_	_	_	_	linguistic	_	ContainsVariation=No	_	_	_	_	_	_
331-2	BZ006	331	2	del	del	_	_	_	_	_	linguistic	_	ContainsVariation=No	_	_	_	_	_	_
331-3	BZ006	331	3	voi.	voi	_	_	_	_	_	linguistic	_	ContainsVariation=No	Intonation=Falling	End=1022.858	_	_	_	_
332-0	BZ006	332	0	eh::	eh	_	_	_	_	_	linguistic	_	ContainsVariation=No	_	Begin=1023.698	1x2	_	_	_
332-1	BZ006	332	1	[e	e	_	_	_	_	_	linguistic	_	ContainsVariation=No	_	_	_	_	_	0-1(95)
332-2	BZ006	332	2	una	una	_	_	_	_	_	linguistic	_	ContainsVariation=No	_	_	_	_	_	0-3(95)
332-3	BZ006	332	3	serie]	serie	_	_	_	_	_	linguistic	_	ContainsVariation=No	_	_	_	_	_	0-5(95)
332-4	BZ006	332	4	poi	poi	_	_	_	_	_	linguistic	_	ContainsVariation=No	_	_	_	_	_	_
332-5	BZ006	332	5	di	di	_	_	_	_	_	linguistic	_	ContainsVariation=No	_	_	_	_	_	_
332-6	BZ006	332	6	cambiamenti	cambiamenti	_	_	_	_	_	linguistic	_	ContainsVariation=No	_	_	_	_	_	_
332-7	BZ006	332	7	nella	nella	_	_	_	_	_	linguistic	_	ContainsVariation=No	_	_	_	_	_	_
332-8	BZ006	332	8	lingua	lingua	_	_	_	_	_	linguistic	_	ContainsVariation=No	_	_	_	_	_	_
332-9	BZ006	332	9	che:	che	_	_	_	_	_	linguistic	_	ContainsVariation=No	_	_	2x1	_	_	_
332-10	BZ006	332	10	che	che	_	_	_	_	_	linguistic	_	ContainsVariation=No	_	_	_	_	_	_
332-11	BZ006	332	11	ci	ci	_	_	_	_	_	linguistic	_	ContainsVariation=No	_	_	_	_	_	_
332-12	BZ006	332	12	di	di	_	_	_	_	_	linguistic	_	ContainsVariation=No	ProsodicLink=Yes	_	_	_	_	_
332-13	BZ006	332	13	di	di	_	_	_	_	_	linguistic	_	ContainsVariation=No	_	_	_	_	_	_
332-14	BZ006	332	14	differenze	differenze	_	_	_	_	_	linguistic	_	ContainsVariation=No	_	_	_	_	_	_
332-15	BZ006	332	15	nella	nella	_	_	_	_	_	linguistic	_	ContainsVariation=No	_	_	_	_	_	_
332-16	BZ006	332	16	lingua	lingua	_	_	_	_	_	linguistic	_	ContainsVariation=No	_	_	_	_	_	_
332-17	BZ006	332	17	che	che	_	_	_	_	_	linguistic	_	ContainsVariation=No	_	_	_	_	_	_
332-18	BZ006	332	18	ci	ci	_	_	_	_	_	linguistic	_	ContainsVariation=No	_	_	_	_	_	_
332-19	BZ006	332	19	sono.	sono	_	_	_	_	_	linguistic	_	ContainsVariation=No	Intonation=Falling	End=1029.988	_	_	_	_
333-0	BZ001	333	0	[curioso].	curioso	_	_	_	_	_	linguistic	_	ContainsVariation=No	Intonation=Falling	Begin=1024.488|End=1025.138	_	_	_	0-7(95)
334-0	BZ006	334	0	mi	mi	_	_	_	_	_	linguistic	_	ContainsVariation=No	_	Begin=1030.268	_	_	_	_
334-1	BZ006	334	1	facevano	facevano	_	_	_	_	_	linguistic	_	ContainsVariation=No	_	_	_	_	_	_
334-2	BZ006	334	2	soprattutto	soprattutto	_	_	_	_	_	linguistic	_	ContainsVariation=No	_	_	_	_	_	_
334-3	BZ006	334	3	ridere	ridere	_	_	_	_	_	linguistic	_	ContainsVariation=No	_	_	_	_	_	_
334-4	BZ006	334	4	quelli	quelli	_	_	_	_	_	linguistic	_	ContainsVariation=No	_	_	_	_	_	_
334-5	BZ006	334	5	che,	che	_	_	_	_	_	linguistic	_	ContainsVariation=No	Intonation=WeaklyRising	_	_	_	_	_
334-6	BZ006	334	6	ehm	ehm	_	_	_	_	_	linguistic	_	ContainsVariation=No	_	End=1032.618	_	_	_	_
335-0	BZ006	335	0	erano	erano	_	_	_	_	_	linguistic	_	ContainsVariation=No	_	Begin=1033.138	_	_	_	_
335-1	BZ006	335	1	palesemente	palesemente	_	_	_	_	_	linguistic	_	ContainsVariation=No	_	_	_	_	_	_
335-2	BZ006	335	2	delle	delle	_	_	_	_	_	linguistic	_	ContainsVariation=No	_	_	_	_	_	_
335-3	BZ006	335	3	traduzioni	traduzioni	_	_	_	_	_	linguistic	_	ContainsVariation=No	_	_	_	_	_	_
335-4	BZ006	335	4	dal	dal	_	_	_	_	_	linguistic	_	ContainsVariation=No	_	_	_	_	_	_
335-5	BZ006	335	5	dialetto	dialetto	_	_	_	_	_	linguistic	_	ContainsVariation=No	_	_	_	_	_	_
335-6	BZ006	335	6	calabrese.	calabrese	_	_	_	_	_	linguistic	_	ContainsVariation=No	Intonation=Falling	End=1035.978	_	_	_	_
336-0	BZ001	336	0	ah	ah	_	_	_	_	_	linguistic	_	ContainsVariation=No	_	Begin=1036.413	_	_	_	_
336-1	BZ001	336	1	[sì]?	sì	_	_	_	_	_	linguistic	_	ContainsVariation=No	Intonation=Rising	End=1036.823	_	_	_	0-2(96)
337-0	BZ006	337	0	[perché]	perché	_	_	_	_	_	linguistic	_	ContainsVariation=No	_	Begin=1036.623	_	_	_	0-6(96)
337-1	BZ006	337	1	la	la	_	_	_	_	_	linguistic	_	ContainsVariation=No	_	_	_	_	_	_
337-2	BZ006	337	2	maggioranza	maggioranza	_	_	_	_	_	linguistic	_	ContainsVariation=No	_	_	_	_	_	_
337-3	BZ006	337	3	dei:	dei	_	_	_	_	_	linguistic	_	ContainsVariation=No	_	_	2x1	_	_	_
337-4	BZ006	337	4	migranti	migranti	_	_	_	_	_	linguistic	_	ContainsVariation=No	_	_	_	_	_	_
337-5	BZ006	337	5	che	che	_	_	_	_	_	linguistic	_	ContainsVariation=No	_	_	_	_	_	_
337-6	BZ006	337	6	si	si	_	_	_	_	_	linguistic	_	ContainsVariation=No	_	_	_	_	_	_
337-7	BZ006	337	7	era	era	_	_	_	_	_	linguistic	_	ContainsVariation=No	_	_	_	_	_	_
337-8	BZ006	337	8	spostata	spostata	_	_	_	_	_	linguistic	_	ContainsVariation=No	_	_	_	_	_	_
337-9	BZ006	337	9	dall'	dall'	_	_	_	_	_	linguistic	_	ContainsVariation=No	SpaceAfter=No	_	_	_	_	_
337-10	BZ006	337	10	italia	italia	_	_	_	_	_	linguistic	_	ContainsVariation=No	_	_	_	_	_	_
337-11	BZ006	337	11	all'	all'	_	_	_	_	_	linguistic	_	ContainsVariation=No	SpaceAfter=No	_	_	_	_	_
337-12	BZ006	337	12	america	america	_	_	_	_	_	linguistic	_	ContainsVariation=No	_	_	_	_	_	_
337-13	BZ006	337	13	latina	latina	_	_	_	_	_	linguistic	_	ContainsVariation=No	_	_	_	_	_	_
337-14	BZ006	337	14	dall-	dall-	_	_	_	_	_	linguistic	_	ContainsVariation=No	Interrupted=Yes	_	_	_	_	_
337-15	BZ006	337	15	all-	all-	_	_	_	_	_	linguistic	_	ContainsVariation=No	Interrupted=Yes	_	_	_	_	_
337-16	BZ006	337	16	all'	all'	_	_	_	_	_	linguistic	_	ContainsVariation=No	SpaceAfter=No	_	_	_	_	_
337-17	BZ006	337	17	argentina	argentina	_	_	_	_	_	linguistic	_	ContainsVariation=No	_	_	_	_	_	_
337-18	BZ006	337	18	erano,	erano	_	_	_	_	_	linguistic	_	ContainsVariation=No	Intonation=WeaklyRising	End=1042.753	_	_	_	_
338-0	BZ006	338	0	insomma	insomma	_	_	_	_	_	linguistic	_	ContainsVariation=No	_	Begin=1043.073	_	_	_	_
338-1	BZ006	338	1	del	del	_	_	_	_	_	linguistic	_	ContainsVariation=No	_	_	_	_	_	_
338-2	BZ006	338	2	sud	sud	_	_	_	_	_	linguistic	_	ContainsVariation=No	_	_	_	_	_	_
338-3	BZ006	338	3	tantissimi	tantissimi	_	_	_	_	_	linguistic	_	ContainsVariation=No	_	_	_	_	_	_
338-4	BZ006	338	4	calabresi,	calabresi	_	_	_	_	_	linguistic	_	ContainsVariation=No	Intonation=WeaklyRising	_	_	_	_	_
338-5	BZ006	338	5	in	in	_	_	_	_	_	linguistic	_	ContainsVariation=No	_	_	_	_	_	_
338-6	BZ006	338	6	calabrese	calabrese	_	_	_	_	_	linguistic	_	ContainsVariation=No	_	_	_	_	_	_
338-7	BZ006	338	7	c'	c'	_	_	_	_	_	linguistic	_	ContainsVariation=No	SpaceAfter=No	_	_	_	_	_
338-8	BZ006	338	8	è	è	_	_	_	_	_	linguistic	_	ContainsVariation=No	_	_	_	_	_	_
338-9	BZ006	338	9	questo,	questo	_	_	_	_	_	linguistic	_	ContainsVariation=No	Intonation=WeaklyRising	End=1046.843	_	_	_	_
339-0	BZ006	339	0	ehm	ehm	_	_	_	_	_	linguistic	_	ContainsVariation=No	_	Begin=1047.443|End=1048.053	_	_	_	_
340-0	BZ006	340	0	(a	a	_	_	_	_	_	linguistic	_	ContainsVariation=No	_	Begin=1049.393	_	_	0-1(0)	_
340-1	BZ006	340	1	fiss	fiss	_	_	_	_	_	linguistic	_	ContainsVariation=No	_	_	_	_	0-4(0)	_
340-2	BZ006	340	2	i	i	_	_	_	_	_	linguistic	_	ContainsVariation=No	_	_	_	_	0-1(0)	_
340-3	BZ006	340	3	mammt)	mammt	_	_	_	_	_	linguistic	_	ContainsVariation=No	_	End=1050.423	_	_	0-5(0)	_
341-0	BZ001	341	0	[okay],	okay	_	_	_	_	_	linguistic	_	ContainsVariation=No	Intonation=WeaklyRising	Begin=1050.803|End=1051.333	_	_	_	0-4(97)
342-0	BZ006	342	0	[vorrebbe]	vorrebbe	_	_	_	_	_	linguistic	_	ContainsVariation=No	_	Begin=1050.943	_	_	_	0-8(97)
342-1	BZ006	342	1	dire	dire	_	_	_	_	_	linguistic	_	ContainsVariation=No	_	_	_	_	_	_
342-2	BZ006	342	2	la	la	_	_	_	_	_	linguistic	_	ContainsVariation=No	_	_	_	_	_	_
342-3	BZ006	342	3	figa	figa	_	_	_	_	_	linguistic	_	ContainsVariation=No	_	_	_	_	_	_
342-4	BZ006	342	4	di	di	_	_	_	_	_	linguistic	_	ContainsVariation=No	_	_	_	_	_	_
342-5	BZ006	342	5	tua	tua	_	_	_	_	_	linguistic	_	ContainsVariation=No	_	_	_	_	_	_
342-6	BZ006	342	6	madre,	madre	_	_	_	_	_	linguistic	_	ContainsVariation=No	Intonation=WeaklyRising	End=1052.078	_	_	_	_
343-0	BZ006	343	0	[è	è	_	_	_	_	_	linguistic	_	ContainsVariation=No	_	Begin=1052.078	_	_	_	0-1(98)
343-1	BZ006	343	1	un	un	_	_	_	_	_	linguistic	_	ContainsVariation=No	_	_	_	_	_	0-2(98)
343-2	BZ006	343	2	modo	modo	_	_	_	_	_	linguistic	_	ContainsVariation=No	_	_	_	_	_	0-4(98)
343-3	BZ006	343	3	per]	per	_	_	_	_	_	linguistic	_	ContainsVariation=No	_	_	_	_	_	0-3(98)
343-4	BZ006	343	4	insomma	insomma	_	_	_	_	_	linguistic	_	ContainsVariation=No	_	_	_	_	_	_
343-5	BZ006	343	5	per	per	_	_	_	_	_	linguistic	_	ContainsVariation=No	_	_	_	_	_	_
343-6	BZ006	343	6	((ridendo))	((ridendo))	_	_	_	_	_	nonverbalbehavior	_	ContainsVariation=No	_	_	_	_	_	_
343-7	BZ006	343	7	((ride))	((ride))	_	_	_	_	_	nonverbalbehavior	_	ContainsVariation=No	PauseAfter=Yes	_	_	_	_	_
343-8	BZ006	343	8	(.)	(.)	_	_	_	_	_	shortpause	_	ContainsVariation=No	_	_	_	_	_	_
343-9	BZ006	343	9	per:	per	_	_	_	_	_	linguistic	_	ContainsVariation=No	_	_	2x1	_	_	_
343-10	BZ006	343	10	per	per	_	_	_	_	_	linguistic	_	ContainsVariation=No	_	_	_	_	_	_
343-11	BZ006	343	11	dire	dire	_	_	_	_	_	linguistic	_	ContainsVariation=No	_	_	_	_	_	_
343-12	BZ006	343	12	una	una	_	_	_	_	_	linguistic	_	ContainsVariation=No	_	_	_	_	_	_
343-13	BZ006	343	13	cosa	cosa	_	_	_	_	_	linguistic	_	ContainsVariation=No	_	_	_	_	_	_
343-14	BZ006	343	14	volgare	volgare	_	_	_	_	_	linguistic	_	ContainsVariation=No	_	_	_	_	_	_
343-15	BZ006	343	15	ecco,	ecco	_	_	_	_	_	linguistic	_	ContainsVariation=No	Intonation=WeaklyRising	_	_	_	_	_
343-16	BZ006	343	16	e	e	_	_	_	_	_	linguistic	_	ContainsVariation=No	_	_	_	_	_	_
343-17	BZ006	343	17	lì	lì	_	_	_	_	_	linguistic	_	ContainsVariation=No	_	_	_	_	_	_
343-18	BZ006	343	18	queste	queste	_	_	_	_	_	linguistic	_	ContainsVariation=No	_	_	_	_	_	_
343-19	BZ006	343	19	cose	cose	_	_	_	_	_	linguistic	_	ContainsVariation=No	_	_	_	_	_	_
343-20	BZ006	343	20	son	son	_	_	_	_	_	linguistic	_	ContainsVariation=No	_	_	_	_	_	_
343-21	BZ006	343	21	tradotte	tradotte	_	_	_	_	_	linguistic	_	ContainsVariation=No	_	_	_	_	_	_
343-22	BZ006	343	22	alla	alla	_	_	_	_	_	linguistic	_	ContainsVariation=No	_	_	_	_	_	_
343-23	BZ006	343	23	lettera,	lettera	_	_	_	_	_	linguistic	_	ContainsVariation=No	Intonation=WeaklyRising	End=1058.638	_	_	_	_
344-0	BZ001	344	0	[okay.	okay	_	_	_	_	_	linguistic	_	ContainsVariation=No	Intonation=Falling	Begin=1052.303	_	_	_	0-4(98)
344-1	BZ001	344	1	((ridendo))]	((ridendo))	_	_	_	_	_	nonverbalbehavior	_	ContainsVariation=No	_	End=1052.773	_	_	_	X(98)
345-0	BZ001	345	0	okay.	okay	_	_	_	_	_	linguistic	_	ContainsVariation=No	Intonation=Falling	Begin=1058.793|End=1059.234	_	_	_	_
346-0	BZ006	346	0	((ride))	((ride))	_	_	_	_	_	nonverbalbehavior	_	ContainsVariation=No	_	Begin=1059.234|End=1059.758	_	_	_	_
347-0	BZ001	347	0	in	in	_	_	_	_	_	linguistic	_	ContainsVariation=No	PauseAfter=Yes	Begin=1059.778	_	_	_	_
347-1	BZ001	347	1	(.)	(.)	_	_	_	_	_	shortpause	_	ContainsVariation=No	_	_	_	_	_	_
347-2	BZ001	347	2	[spagnolo,	spagnolo	_	_	_	_	_	linguistic	_	ContainsVariation=No	Intonation=WeaklyRising|PauseAfter=Yes	_	_	_	_	0-8(99)
347-3	BZ001	347	3	(.)	(.)	_	_	_	_	_	shortpause	_	ContainsVariation=No	_	_	_	_	_	X(99)
347-4	BZ001	347	4	di	di	_	_	_	_	_	linguistic	_	ContainsVariation=No	_	_	_	_	_	0-2(99)
347-5	BZ001	347	5	argentina.	argentina	_	_	_	_	_	linguistic	_	ContainsVariation=No	Intonation=Falling|PauseAfter=Yes	_	_	_	_	0-9(99)
347-6	BZ001	347	6	(.)	(.)	_	_	_	_	_	shortpause	_	ContainsVariation=No	_	_	_	_	_	X(99)
347-7	BZ001	347	7	okay].	okay	_	_	_	_	_	linguistic	_	ContainsVariation=No	Intonation=Falling	End=1062.458	_	_	_	0-4(99)
348-0	BZ006	348	0	[in	in	_	_	_	_	_	linguistic	_	ContainsVariation=No	_	Begin=1060.343	_	_	_	0-2(99)
348-1	BZ006	348	1	spagnolo	spagnolo	_	_	_	_	_	linguistic	_	ContainsVariation=No	_	_	_	_	_	0-8(99)
348-2	BZ006	348	2	loro	loro	_	_	_	_	_	linguistic	_	ContainsVariation=No	_	_	_	_	_	0-4(99)
348-3	BZ006	348	3	sì].	sì	_	_	_	_	_	linguistic	_	ContainsVariation=No	Intonation=Falling|PauseAfter=Yes	_	_	_	_	0-2(99)
348-4	BZ006	348	4	(.)	(.)	_	_	_	_	_	shortpause	_	ContainsVariation=No	_	_	_	_	_	_
348-5	BZ006	348	5	che	che	_	_	_	_	_	linguistic	_	ContainsVariation=No	_	_	_	_	_	_
348-6	BZ006	348	6	non	non	_	_	_	_	_	linguistic	_	ContainsVariation=No	_	_	_	_	_	_
348-7	BZ006	348	7	so	so	_	_	_	_	_	linguistic	_	ContainsVariation=No	_	_	_	_	_	_
348-8	BZ006	348	8	adesso	adesso	_	_	_	_	_	linguistic	_	ContainsVariation=No	_	_	_	_	_	_
348-9	BZ006	348	9	non	non	_	_	_	_	_	linguistic	_	ContainsVariation=No	_	_	_	_	_	_
348-10	BZ006	348	10	lo	lo	_	_	_	_	_	linguistic	_	ContainsVariation=No	_	_	_	_	_	_
348-11	BZ006	348	11	so	so	_	_	_	_	_	linguistic	_	ContainsVariation=No	_	_	_	_	_	_
348-12	BZ006	348	12	in	in	_	_	_	_	_	linguistic	_	ContainsVariation=No	_	_	_	_	_	_
348-13	BZ006	348	13	spagna	spagna	_	_	_	_	_	linguistic	_	ContainsVariation=No	_	_	_	_	_	_
348-14	BZ006	348	14	come	come	_	_	_	_	_	linguistic	_	ContainsVariation=No	_	_	_	_	_	_
348-15	BZ006	348	15	si	si	_	_	_	_	_	linguistic	_	ContainsVariation=No	_	_	_	_	_	_
348-16	BZ006	348	16	usi,	usi	_	_	_	_	_	linguistic	_	ContainsVariation=No	Intonation=WeaklyRising	End=1064.863	_	_	_	_
349-0	BZ001	349	0	okay	okay	_	_	_	_	_	linguistic	_	ContainsVariation=No	_	Begin=1064.788	_	_	_	_
349-1	BZ001	349	1	((ride))	((ride))	_	_	_	_	_	nonverbalbehavior	_	ContainsVariation=No	_	End=1065.418	_	_	_	_
350-0	BZ006	350	0	però	però	_	_	_	_	_	linguistic	_	ContainsVariation=No	_	Begin=1065.188	_	_	_	_
350-1	BZ006	350	1	in	in	_	_	_	_	_	linguistic	_	ContainsVariation=No	_	_	_	_	_	_
350-2	BZ006	350	2	argentina	argentina	_	_	_	_	_	linguistic	_	ContainsVariation=No	_	_	_	_	_	_
350-3	BZ006	350	3	si	si	_	_	_	_	_	linguistic	_	ContainsVariation=No	_	_	_	_	_	_
350-4	BZ006	350	4	usa.	usa	_	_	_	_	_	linguistic	_	ContainsVariation=No	Intonation=Falling	End=1066.728	_	_	_	_
351-0	BZ001	351	0	[okay].	okay	_	_	_	_	_	linguistic	_	ContainsVariation=No	Intonation=Falling	Begin=1067.083|End=1067.583	_	_	_	0-4(102)
352-0	BZ006	352	0	[no]?	no	_	_	_	_	_	linguistic	_	ContainsVariation=No	Intonation=Rising	Begin=1067.083|End=1067.583	_	_	_	0-2(102)
353-0	BZ001	353	0	e	e	_	_	_	_	_	linguistic	_	ContainsVariation=No	_	Begin=1067.668	_	_	_	_
353-1	BZ001	353	1	com'	com'	_	_	_	_	_	linguistic	_	ContainsVariation=No	SpaceAfter=No	_	_	_	_	_
353-2	BZ001	353	2	è	è	_	_	_	_	_	linguistic	_	ContainsVariation=No	_	_	_	_	_	_
353-3	BZ001	353	3	[in	in	_	_	_	_	_	linguistic	_	ContainsVariation=No	PauseAfter=Yes	_	_	_	_	0-2(103)
353-4	BZ001	353	4	(.)	(.)	_	_	_	_	_	shortpause	_	ContainsVariation=No	_	_	_	_	_	X(103)
353-5	BZ001	353	5	spagnolo]?	spagnolo	_	_	_	_	_	linguistic	_	ContainsVariation=No	Intonation=Rising	End=1069.078	_	_	_	0-8(103)
354-0	BZ006	354	0	[eh::]	eh	_	_	_	_	_	linguistic	_	ContainsVariation=No	_	Begin=1068.128	1x2	_	_	0-2(103)
354-1	BZ006	354	1	la	la	_	_	_	_	_	linguistic	_	ContainsVariation=No	_	_	_	_	_	_
354-2	BZ006	354	2	la	la	_	_	_	_	_	linguistic	_	ContainsVariation=No	_	_	_	_	_	_
354-3	BZ006	354	3	concha	concha	_	_	_	_	_	linguistic	_	ContainsVariation=No	_	_	_	_	_	_
354-4	BZ006	354	4	de	de	_	_	_	_	_	linguistic	_	ContainsVariation=No	_	_	_	_	_	_
354-5	BZ006	354	5	tu	tu	_	_	_	_	_	linguistic	_	ContainsVariation=No	_	_	_	_	_	_
354-6	BZ006	354	6	madre.	madre	_	_	_	_	_	linguistic	_	ContainsVariation=No	Intonation=Falling	End=1070.358	_	_	_	_
355-0	BZ001	355	0	ah.	ah	_	_	_	_	_	linguistic	_	ContainsVariation=No	Intonation=Falling	Begin=1070.578	_	_	_	_
355-1	BZ001	355	1	oh	oh	_	_	_	_	_	linguistic	_	ContainsVariation=No	_	_	_	_	_	_
355-2	BZ001	355	2	uguale.	uguale	_	_	_	_	_	linguistic	_	ContainsVariation=No	Intonation=Falling	End=1071.438	_	_	_	_
356-0	BZ006	356	0	proprio	proprio	_	_	_	_	_	linguistic	_	ContainsVariation=No	_	Begin=1071.433	_	_	_	_
356-1	BZ006	356	1	uguale.	uguale	_	_	_	_	_	linguistic	_	ContainsVariation=No	Intonation=Falling|PauseAfter=Yes	_	_	_	_	_
356-2	BZ006	356	2	(.)	(.)	_	_	_	_	_	shortpause	_	ContainsVariation=No	_	_	_	_	_	_
356-3	BZ006	356	3	proprio	proprio	_	_	_	_	_	linguistic	_	ContainsVariation=No	_	_	_	_	_	_
356-4	BZ006	356	4	tradotto	tradotto	_	_	_	_	_	linguistic	_	ContainsVariation=No	_	_	_	_	_	_
356-5	BZ006	356	5	anzi	anzi	_	_	_	_	_	linguistic	_	ContainsVariation=No	_	_	_	_	_	_
356-6	BZ006	356	6	anche	anche	_	_	_	_	_	linguistic	_	ContainsVariation=No	_	_	_	_	_	_
356-7	BZ006	356	7	bene	bene	_	_	_	_	_	linguistic	_	ContainsVariation=No	_	_	_	_	_	_
356-8	BZ006	356	8	a	a	_	_	_	_	_	linguistic	_	ContainsVariation=No	_	_	_	_	_	_
356-9	BZ006	356	9	fiss	fiss	_	_	_	_	_	linguistic	_	ContainsVariation=No	_	_	_	_	_	_
356-10	BZ006	356	10	i	i	_	_	_	_	_	linguistic	_	ContainsVariation=No	_	_	_	_	_	_
356-11	BZ006	356	11	mammt	mammt	_	_	_	_	_	linguistic	_	ContainsVariation=No	_	_	_	_	_	_
356-12	BZ006	356	12	non	non	_	_	_	_	_	linguistic	_	ContainsVariation=No	_	_	_	_	_	_
356-13	BZ006	356	13	si	si	_	_	_	_	_	linguistic	_	ContainsVariation=No	_	_	_	_	_	_
356-14	BZ006	356	14	capisce	capisce	_	_	_	_	_	linguistic	_	ContainsVariation=No	_	_	_	_	_	_
356-15	BZ006	356	15	neanche	neanche	_	_	_	_	_	linguistic	_	ContainsVariation=No	_	_	_	_	_	_
356-16	BZ006	356	16	cosa	cosa	_	_	_	_	_	linguistic	_	ContainsVariation=No	_	_	_	_	_	_
356-17	BZ006	356	17	stai	stai	_	_	_	_	_	linguistic	_	ContainsVariation=No	_	_	_	_	_	_
356-18	BZ006	356	18	dicendo	dicendo	_	_	_	_	_	linguistic	_	ContainsVariation=No	_	_	_	_	_	_
356-19	BZ006	356	19	((ride))	((ride))	_	_	_	_	_	nonverbalbehavior	_	ContainsVariation=No	_	_	_	_	_	_
356-20	BZ006	356	20	in	in	_	_	_	_	_	linguistic	_	ContainsVariation=No	_	_	_	_	_	_
356-21	BZ006	356	21	spagnolo	spagnolo	_	_	_	_	_	linguistic	_	ContainsVariation=No	_	_	_	_	_	_
356-22	BZ006	356	22	sì	sì	_	_	_	_	_	linguistic	_	ContainsVariation=No	_	_	_	_	_	_
356-23	BZ006	356	23	((ridendo))	((ridendo))	_	_	_	_	_	nonverbalbehavior	_	ContainsVariation=No	_	_	_	_	_	_
356-24	BZ006	356	24	cioè	cioè	_	_	_	_	_	linguistic	_	ContainsVariation=No	_	_	_	_	_	_
356-25	BZ006	356	25	se	se	_	_	_	_	_	linguistic	_	ContainsVariation=No	_	_	_	_	_	_
356-26	BZ006	356	26	tu	tu	_	_	_	_	_	linguistic	_	ContainsVariation=No	_	_	_	_	_	_
356-27	BZ006	356	27	lo	lo	_	_	_	_	_	linguistic	_	ContainsVariation=No	_	_	_	_	_	_
356-28	BZ006	356	28	dici	dici	_	_	_	_	_	linguistic	_	ContainsVariation=No	_	_	_	_	_	_
356-29	BZ006	356	29	in	in	_	_	_	_	_	linguistic	_	ContainsVariation=No	_	_	_	_	_	_
356-30	BZ006	356	30	spagna	spagna	_	_	_	_	_	linguistic	_	ContainsVariation=No	_	_	_	_	_	_
356-31	BZ006	356	31	capi[scono]	capiscono	_	_	_	_	_	linguistic	_	ContainsVariation=No	_	_	_	_	_	4-9(105)
356-32	BZ006	356	32	parola	parola	_	_	_	_	_	linguistic	_	ContainsVariation=No	_	_	_	_	_	_
356-33	BZ006	356	33	per	per	_	_	_	_	_	linguistic	_	ContainsVariation=No	_	_	_	_	_	_
356-34	BZ006	356	34	parola.	parola	_	_	_	_	_	linguistic	_	ContainsVariation=No	Intonation=Falling|PauseAfter=Yes	_	_	_	_	_
356-35	BZ006	356	35	(.)	(.)	_	_	_	_	_	shortpause	_	ContainsVariation=No	_	_	_	_	_	_
356-36	BZ006	356	36	((ride))	((ride))	_	_	_	_	_	nonverbalbehavior	_	ContainsVariation=No	_	_	_	_	_	_
356-37	BZ006	356	37	mentre	mentre	_	_	_	_	_	linguistic	_	ContainsVariation=No	_	_	_	_	_	_
356-38	BZ006	356	38	in	in	_	_	_	_	_	linguistic	_	ContainsVariation=No	_	_	_	_	_	_
356-39	BZ006	356	39	italiano	italiano	_	_	_	_	_	linguistic	_	ContainsVariation=No	_	_	_	_	_	_
356-40	BZ006	356	40	n	n	_	_	_	_	_	linguistic	_	ContainsVariation=No	_	End=1082.42	_	_	_	_
357-0	BZ001	357	0	[capiscono].	capiscono	_	_	_	_	_	linguistic	_	ContainsVariation=No	Intonation=Falling	Begin=1079.258|End=1079.788	_	_	_	0-9(105)
358-0	BZ001	358	0	((ride))	((ride))	_	_	_	_	_	nonverbalbehavior	_	ContainsVariation=No	_	Begin=1082.449|End=1083.059	_	_	_	_
359-0	BZ006	359	0	e::	e	_	_	_	_	_	linguistic	_	ContainsVariation=No	PauseAfter=Yes	Begin=1083.059	0x2	_	_	_
359-1	BZ006	359	1	(.)	(.)	_	_	_	_	_	shortpause	_	ContainsVariation=No	_	_	_	_	_	_
359-2	BZ006	359	2	e	e	_	_	_	_	_	linguistic	_	ContainsVariation=No	_	_	_	_	_	_
359-3	BZ006	359	3	così	così	_	_	_	_	_	linguistic	_	ContainsVariation=No	_	_	_	_	_	_
359-4	BZ006	359	4	per	per	_	_	_	_	_	linguistic	_	ContainsVariation=No	_	_	_	_	_	_
359-5	BZ006	359	5	altre	altre	_	_	_	_	_	linguistic	_	ContainsVariation=No	_	_	_	_	_	_
359-6	BZ006	359	6	cose	cose	_	_	_	_	_	linguistic	_	ContainsVariation=No	_	_	_	_	_	_
359-7	BZ006	359	7	che	che	_	_	_	_	_	linguistic	_	ContainsVariation=No	_	_	_	_	_	_
359-8	BZ006	359	8	adesso	adesso	_	_	_	_	_	linguistic	_	ContainsVariation=No	_	_	_	_	_	_
359-9	BZ006	359	9	non	non	_	_	_	_	_	linguistic	_	ContainsVariation=No	_	_	_	_	_	_
359-10	BZ006	359	10	mi	mi	_	_	_	_	_	linguistic	_	ContainsVariation=No	_	_	_	_	_	_
359-11	BZ006	359	11	vengono	vengono	_	_	_	_	_	linguistic	_	ContainsVariation=No	_	_	_	_	_	_
359-12	BZ006	359	12	in	in	_	_	_	_	_	linguistic	_	ContainsVariation=No	_	_	_	_	_	_
359-13	BZ006	359	13	mente,	mente	_	_	_	_	_	linguistic	_	ContainsVariation=No	Intonation=WeaklyRising	_	_	_	_	_
359-14	BZ006	359	14	però	però	_	_	_	_	_	linguistic	_	ContainsVariation=No	_	_	_	_	_	_
359-15	BZ006	359	15	era	era	_	_	_	_	_	linguistic	_	ContainsVariation=No	_	_	_	_	_	_
359-16	BZ006	359	16	curiosa	curiosa	_	_	_	_	_	linguistic	_	ContainsVariation=No	_	_	_	_	_	_
359-17	BZ006	359	17	questa	questa	_	_	_	_	_	linguistic	_	ContainsVariation=No	_	End=1087.419	_	_	_	_
360-0	BZ006	360	0	traduzione	traduzione	_	_	_	_	_	linguistic	_	ContainsVariation=No	_	Begin=1088.354	_	_	_	_
360-1	BZ006	360	1	del	del	_	_	_	_	_	linguistic	_	ContainsVariation=No	_	_	_	_	_	_
360-2	BZ006	360	2	dialetto	dialetto	_	_	_	_	_	linguistic	_	ContainsVariation=No	_	_	_	_	_	_
360-3	BZ006	360	3	che	che	_	_	_	_	_	linguistic	_	ContainsVariation=No	_	_	_	_	_	_
360-4	BZ006	360	4	noi	noi	_	_	_	_	_	linguistic	_	ContainsVariation=No	_	_	_	_	_	_
360-5	BZ006	360	5	in	in	_	_	_	_	_	linguistic	_	ContainsVariation=No	_	_	_	_	_	_
360-6	BZ006	360	6	italiano	italiano	_	_	_	_	_	linguistic	_	ContainsVariation=No	_	_	_	_	_	_
360-7	BZ006	360	7	non	non	_	_	_	_	_	linguistic	_	ContainsVariation=No	_	_	_	_	_	_
360-8	BZ006	360	8	usiamo,	usiamo	_	_	_	_	_	linguistic	_	ContainsVariation=No	Intonation=WeaklyRising	_	_	_	_	_
360-9	BZ006	360	9	[perché	perché	_	_	_	_	_	linguistic	_	ContainsVariation=No	_	_	_	_	_	0-6(106)
360-10	BZ006	360	10	questa]	questa	_	_	_	_	_	linguistic	_	ContainsVariation=No	_	_	_	_	_	0-6(106)
360-11	BZ006	360	11	cosa	cosa	_	_	_	_	_	linguistic	_	ContainsVariation=No	_	_	_	_	_	_
360-12	BZ006	360	12	è,	è	_	_	_	_	_	linguistic	_	ContainsVariation=No	Intonation=WeaklyRising	End=1091.854	_	_	_	_
361-0	BZ001	361	0	[mh].	mh	_	_	_	_	_	linguistic	_	ContainsVariation=No	Intonation=Falling	Begin=1090.969|End=1091.399	_	_	_	0-2(106)
362-0	BZ006	362	0	prettamente	prettamente	_	_	_	_	_	linguistic	_	ContainsVariation=No	_	Begin=1092.459	_	_	_	_
362-1	BZ006	362	1	dialet[tale	dialettale	_	_	_	_	_	linguistic	_	ContainsVariation=No	_	_	_	_	_	6-10(107)
362-2	BZ006	362	2	questo	questo	_	_	_	_	_	linguistic	_	ContainsVariation=No	_	_	_	_	_	0-6(107)
362-3	BZ006	362	3	ti]po	tipo	_	_	_	_	_	linguistic	_	ContainsVariation=No	_	_	_	_	_	0-2(107)
362-4	BZ006	362	4	di,	di	_	_	_	_	_	linguistic	_	ContainsVariation=No	Intonation=WeaklyRising	End=1094.809	_	_	_	_
363-0	BZ001	363	0	[sì	sì	_	_	_	_	_	linguistic	_	ContainsVariation=No	_	Begin=1093.439	_	_	_	0-2(107)
363-1	BZ001	363	1	è	è	_	_	_	_	_	linguistic	_	ContainsVariation=No	_	_	_	_	_	0-1(107)
363-2	BZ001	363	2	vero].	vero	_	_	_	_	_	linguistic	_	ContainsVariation=No	Intonation=Falling	End=1094.289	_	_	_	0-4(107)
364-0	BZ006	364	0	volgarità,	volgarità	_	_	_	_	_	linguistic	_	ContainsVariation=No	Intonation=WeaklyRising	Begin=1095.119	_	_	_	_
364-1	BZ006	364	1	questo	questo	_	_	_	_	_	linguistic	_	ContainsVariation=No	_	_	_	_	_	_
364-2	BZ006	364	2	tipo	tipo	_	_	_	_	_	linguistic	_	ContainsVariation=No	_	_	_	_	_	_
364-3	BZ006	364	3	di	di	_	_	_	_	_	linguistic	_	ContainsVariation=No	_	_	_	_	_	_
364-4	BZ006	364	4	espressione	espressione	_	_	_	_	_	linguistic	_	ContainsVariation=No	_	_	_	_	_	_
364-5	BZ006	364	5	non	non	_	_	_	_	_	linguistic	_	ContainsVariation=No	_	_	_	_	_	_
364-6	BZ006	364	6	ce	ce	_	_	_	_	_	linguistic	_	ContainsVariation=No	_	_	_	_	_	_
364-7	BZ006	364	7	l'	l'	_	_	_	_	_	linguistic	_	ContainsVariation=No	SpaceAfter=No	_	_	_	_	_
364-8	BZ006	364	8	abbiamo	abbiamo	_	_	_	_	_	linguistic	_	ContainsVariation=No	_	_	_	_	_	_
364-9	BZ006	364	9	noi.	noi	_	_	_	_	_	linguistic	_	ContainsVariation=No	Intonation=Falling	End=1097.609	_	_	_	_
365-0	BZ006	365	0	eh::m	ehm	_	_	_	_	_	linguistic	_	ContainsVariation=No	_	Begin=1098.149|End=1099.049	1x2	_	_	_
366-0	BZ006	366	0	però	però	_	_	_	_	_	linguistic	_	ContainsVariation=No	_	Begin=1099.364	_	_	_	_
366-1	BZ006	366	1	insomma	insomma	_	_	_	_	_	linguistic	_	ContainsVariation=No	_	_	_	_	_	_
366-2	BZ006	366	2	loro	loro	_	_	_	_	_	linguistic	_	ContainsVariation=No	_	_	_	_	_	_
366-3	BZ006	366	3	l'	l'	_	_	_	_	_	linguistic	_	ContainsVariation=No	SpaceAfter=No	_	_	_	_	_
366-4	BZ006	366	4	hanno,	hanno	_	_	_	_	_	linguistic	_	ContainsVariation=No	Intonation=WeaklyRising	End=1100.714	_	_	_	_
367-0	BZ006	367	0	l'	l'	_	_	_	_	_	linguistic	_	ContainsVariation=No	SpaceAfter=No	Begin=1101.034	_	_	_	_
367-1	BZ006	367	1	hanno	hanno	_	_	_	_	_	linguistic	_	ContainsVariation=No	_	_	_	_	_	_
367-2	BZ006	367	2	l'	l'	_	_	_	_	_	linguistic	_	ContainsVariation=No	SpaceAfter=No	_	_	_	_	_
367-3	BZ006	367	3	hanno	hanno	_	_	_	_	_	linguistic	_	ContainsVariation=No	_	_	_	_	_	_
367-4	BZ006	367	4	tradotta	tradotta	_	_	_	_	_	linguistic	_	ContainsVariation=No	_	_	_	_	_	_
367-5	BZ006	367	5	lì,	lì	_	_	_	_	_	linguistic	_	ContainsVariation=No	Intonation=WeaklyRising	End=1102.164	_	_	_	_
368-0	BZ006	368	0	quindi	quindi	_	_	_	_	_	linguistic	_	ContainsVariation=No	_	Begin=1102.894	_	_	_	_
368-1	BZ006	368	1	ho	ho	_	_	_	_	_	linguistic	_	ContainsVariation=No	_	_	_	_	_	_
368-2	BZ006	368	2	imparato	imparato	_	_	_	_	_	linguistic	_	ContainsVariation=No	_	_	_	_	_	_
368-3	BZ006	368	3	lo	lo	_	_	_	_	_	linguistic	_	ContainsVariation=No	_	_	_	_	_	_
368-4	BZ006	368	4	spagnolo	spagnolo	_	_	_	_	_	linguistic	_	ContainsVariation=No	_	_	_	_	_	_
368-5	BZ006	368	5	da	da	_	_	_	_	_	linguistic	_	ContainsVariation=No	_	_	_	_	_	_
368-6	BZ006	368	6	solo,	solo	_	_	_	_	_	linguistic	_	ContainsVariation=No	Intonation=WeaklyRising	_	_	_	_	_
368-7	BZ006	368	7	parlando,	parlando	_	_	_	_	_	linguistic	_	ContainsVariation=No	Intonation=WeaklyRising	End=1106.014	_	_	_	_
369-0	BZ006	369	0	e	e	_	_	_	_	_	linguistic	_	ContainsVariation=No	_	Begin=1106.589	_	_	_	_
369-1	BZ006	369	1	infatti	infatti	_	_	_	_	_	linguistic	_	ContainsVariation=No	_	_	_	_	_	_
369-2	BZ006	369	2	a,	a	_	_	_	_	_	linguistic	_	ContainsVariation=No	Intonation=WeaklyRising	End=1107.219	_	_	_	_
370-0	BZ006	370	0	da-	da-	_	_	_	_	_	linguistic	_	ContainsVariation=No	Interrupted=Yes	Begin=1107.519	_	_	_	_
370-1	BZ006	370	1	lo	lo	_	_	_	_	_	linguistic	_	ContainsVariation=No	_	_	_	_	_	_
370-2	BZ006	370	2	spagnolo	spagnolo	_	_	_	_	_	linguistic	_	ContainsVariation=No	_	_	_	_	_	_
370-3	BZ006	370	3	è	è	_	_	_	_	_	linguistic	_	ContainsVariation=No	_	_	_	_	_	_
370-4	BZ006	370	4	la	la	_	_	_	_	_	linguistic	_	ContainsVariation=No	_	_	_	_	_	_
370-5	BZ006	370	5	lingua	lingua	_	_	_	_	_	linguistic	_	ContainsVariation=No	_	_	_	_	_	_
370-6	BZ006	370	6	che	che	_	_	_	_	_	linguistic	_	ContainsVariation=No	_	_	_	_	_	_
370-7	BZ006	370	7	probabilmente	probabilmente	_	_	_	_	_	linguistic	_	ContainsVariation=No	_	_	_	_	_	_
370-8	BZ006	370	8	nella	nella	_	_	_	_	_	linguistic	_	ContainsVariation=No	_	_	_	_	_	_
370-9	BZ006	370	9	scrittura	scrittura	_	_	_	_	_	linguistic	_	ContainsVariation=No	_	_	_	_	_	_
370-10	BZ006	370	10	mi	mi	_	_	_	_	_	linguistic	_	ContainsVariation=No	_	_	_	_	_	_
370-11	BZ006	370	11	fa	fa	_	_	_	_	_	linguistic	_	ContainsVariation=No	_	_	_	_	_	_
370-12	BZ006	370	12	fare	fare	_	_	_	_	_	linguistic	_	ContainsVariation=No	_	_	_	_	_	_
370-13	BZ006	370	13	più	più	_	_	_	_	_	linguistic	_	ContainsVariation=No	_	_	_	_	_	_
370-14	BZ006	370	14	errori,	errori	_	_	_	_	_	linguistic	_	ContainsVariation=No	Intonation=WeaklyRising|PauseAfter=Yes	_	_	_	_	_
370-15	BZ006	370	15	(.)	(.)	_	_	_	_	_	shortpause	_	ContainsVariation=No	_	_	_	_	_	_
370-16	BZ006	370	16	proprio	proprio	_	_	_	_	_	linguistic	_	ContainsVariation=No	_	_	_	_	_	_
370-17	BZ006	370	17	anche	anche	_	_	_	_	_	linguistic	_	ContainsVariation=No	_	_	_	_	_	_
370-18	BZ006	370	18	[per	per	_	_	_	_	_	linguistic	_	ContainsVariation=No	_	_	_	_	_	0-3(108)
370-19	BZ006	370	19	questo],	questo	_	_	_	_	_	linguistic	_	ContainsVariation=No	Intonation=WeaklyRising	End=1112.579	_	_	_	0-6(108)
371-0	BZ001	371	0	[mh	mh	_	_	_	_	_	linguistic	_	ContainsVariation=No	ProsodicLink=Yes	Begin=1112.064	_	_	_	0-2(108)
371-1	BZ001	371	1	mh],	mh	_	_	_	_	_	linguistic	_	ContainsVariation=No	Intonation=WeaklyRising	End=1112.594	_	_	_	0-2(108)
372-0	BZ006	372	0	ma	ma	_	_	_	_	_	linguistic	_	ContainsVariation=No	_	Begin=1113.214	_	_	_	_
372-1	BZ006	372	1	nella	nella	_	_	_	_	_	linguistic	_	ContainsVariation=No	_	_	_	_	_	_
372-2	BZ006	372	2	quale	quale	_	_	_	_	_	linguistic	_	ContainsVariation=No	_	_	_	_	_	_
372-3	BZ006	372	3	anche	anche	_	_	_	_	_	linguistic	_	ContainsVariation=No	_	_	_	_	_	_
372-4	BZ006	372	4	a	a	_	_	_	_	_	linguistic	_	ContainsVariation=No	_	_	_	_	_	_
372-5	BZ006	372	5	livello	livello	_	_	_	_	_	linguistic	_	ContainsVariation=No	_	_	_	_	_	_
372-6	BZ006	372	6	di	di	_	_	_	_	_	linguistic	_	ContainsVariation=No	_	_	_	_	_	_
372-7	BZ006	372	7	comprensione	comprensione	_	_	_	_	_	linguistic	_	ContainsVariation=No	_	_	_	_	_	_
372-8	BZ006	372	8	e	e	_	_	_	_	_	linguistic	_	ContainsVariation=No	_	_	_	_	_	_
372-9	BZ006	372	9	soprattutto	soprattutto	_	_	_	_	_	linguistic	_	ContainsVariation=No	_	_	_	_	_	_
372-10	BZ006	372	10	di	di	_	_	_	_	_	linguistic	_	ContainsVariation=No	_	_	_	_	_	_
372-11	BZ006	372	11	espressione	espressione	_	_	_	_	_	linguistic	_	ContainsVariation=No	_	_	_	_	_	_
372-12	BZ006	372	12	ho	ho	_	_	_	_	_	linguistic	_	ContainsVariation=No	_	_	_	_	_	_
372-13	BZ006	372	13	meno	meno	_	_	_	_	_	linguistic	_	ContainsVariation=No	_	_	_	_	_	_
372-14	BZ006	372	14	difficoltà.	difficoltà	_	_	_	_	_	linguistic	_	ContainsVariation=No	Intonation=Falling	End=1119.604	_	_	_	_
373-0	BZ001	373	0	mh	mh	_	_	_	_	_	linguistic	_	ContainsVariation=No	ProsodicLink=Yes	Begin=1119.934	_	_	_	_
373-1	BZ001	373	1	mh.	mh	_	_	_	_	_	linguistic	_	ContainsVariation=No	Intonation=Falling	End=1120.284	_	_	_	_
374-0	BZ006	374	0	eh	eh	_	_	_	_	_	linguistic	_	ContainsVariation=No	_	Begin=1120.444	_	_	_	_
374-1	BZ006	374	1	proprio	proprio	_	_	_	_	_	linguistic	_	ContainsVariation=No	_	_	_	_	_	_
374-2	BZ006	374	2	per	per	_	_	_	_	_	linguistic	_	ContainsVariation=No	_	_	_	_	_	_
374-3	BZ006	374	3	questo	questo	_	_	_	_	_	linguistic	_	ContainsVariation=No	_	_	_	_	_	_
374-4	BZ006	374	4	perché	perché	_	_	_	_	_	linguistic	_	ContainsVariation=No	_	_	_	_	_	_
374-5	BZ006	374	5	l'	l'	_	_	_	_	_	linguistic	_	ContainsVariation=No	SpaceAfter=No	_	_	_	_	_
374-6	BZ006	374	6	ho	ho	_	_	_	_	_	linguistic	_	ContainsVariation=No	_	_	_	_	_	_
374-7	BZ006	374	7	imparata	imparata	_	_	_	_	_	linguistic	_	ContainsVariation=No	_	_	_	_	_	_
374-8	BZ006	374	8	dovendo	dovendo	_	_	_	_	_	linguistic	_	ContainsVariation=No	_	_	_	_	_	_
374-9	BZ006	374	9	capire	capire	_	_	_	_	_	linguistic	_	ContainsVariation=No	_	_	_	_	_	_
374-10	BZ006	374	10	le	le	_	_	_	_	_	linguistic	_	ContainsVariation=No	_	_	_	_	_	_
374-11	BZ006	374	11	persone	persone	_	_	_	_	_	linguistic	_	ContainsVariation=No	_	_	_	_	_	_
374-12	BZ006	374	12	[che	che	_	_	_	_	_	linguistic	_	ContainsVariation=No	_	_	_	_	_	0-3(110)
374-13	BZ006	374	13	avevo	avevo	_	_	_	_	_	linguistic	_	ContainsVariation=No	_	_	_	_	_	0-5(110)
374-14	BZ006	374	14	davanti]	davanti	_	_	_	_	_	linguistic	_	ContainsVariation=No	_	_	_	_	_	0-7(110)
374-15	BZ006	374	15	e	e	_	_	_	_	_	linguistic	_	ContainsVariation=No	_	_	_	_	_	_
374-16	BZ006	374	16	dovendo	dovendo	_	_	_	_	_	linguistic	_	ContainsVariation=No	_	_	_	_	_	_
374-17	BZ006	374	17	riuscire	riuscire	_	_	_	_	_	linguistic	_	ContainsVariation=No	_	_	_	_	_	_
374-18	BZ006	374	18	[a	a	_	_	_	_	_	linguistic	_	ContainsVariation=No	_	_	_	_	_	0-1(109)
374-19	BZ006	374	19	comunicare]	comunicare	_	_	_	_	_	linguistic	_	ContainsVariation=No	_	_	_	_	_	0-10(109)
374-20	BZ006	374	20	quello	quello	_	_	_	_	_	linguistic	_	ContainsVariation=No	_	_	_	_	_	_
374-21	BZ006	374	21	che	che	_	_	_	_	_	linguistic	_	ContainsVariation=No	_	_	_	_	_	_
374-22	BZ006	374	22	volevo	volevo	_	_	_	_	_	linguistic	_	ContainsVariation=No	_	_	_	_	_	_
374-23	BZ006	374	23	dire.	dire	_	_	_	_	_	linguistic	_	ContainsVariation=No	Intonation=Falling	End=1126.664	_	_	_	_
375-0	BZ001	375	0	[certo].	certo	_	_	_	_	_	linguistic	_	ContainsVariation=No	Intonation=Falling	Begin=1123.619|End=1124.119	_	_	_	0-5(110)
376-0	BZ001	376	0	[certo].	certo	_	_	_	_	_	linguistic	_	ContainsVariation=No	Intonation=Falling	Begin=1125.504|End=1125.984	_	_	_	0-5(109)
377-0	BZ001	377	0	e	e	_	_	_	_	_	linguistic	_	ContainsVariation=No	_	Begin=1126.839	_	_	_	_
377-1	BZ001	377	1	all'	all'	_	_	_	_	_	linguistic	_	ContainsVariation=No	SpaceAfter=No	_	_	_	_	_
377-2	BZ001	377	2	inizio	inizio	_	_	_	_	_	linguistic	_	ContainsVariation=No	_	_	_	_	_	_
377-3	BZ001	377	3	com'	com'	_	_	_	_	_	linguistic	_	ContainsVariation=No	SpaceAfter=No	_	_	_	_	_
377-4	BZ001	377	4	è	è	_	_	_	_	_	linguistic	_	ContainsVariation=No	_	_	_	_	_	_
377-5	BZ001	377	5	stato	stato	_	_	_	_	_	linguistic	_	ContainsVariation=No	_	_	_	_	_	_
377-6	BZ001	377	6	trovato	trovato	_	_	_	_	_	linguistic	_	ContainsVariation=No	_	_	_	_	_	_
377-7	BZ001	377	7	in	in	_	_	_	_	_	linguistic	_	ContainsVariation=No	_	_	_	_	_	_
377-8	BZ001	377	8	un	un	_	_	_	_	_	linguistic	_	ContainsVariation=No	_	_	_	_	_	_
377-9	BZ001	377	9	paese	paese	_	_	_	_	_	linguistic	_	ContainsVariation=No	_	_	_	_	_	_
377-10	BZ001	377	10	in	in	_	_	_	_	_	linguistic	_	ContainsVariation=No	_	_	_	_	_	_
377-11	BZ001	377	11	cui	cui	_	_	_	_	_	linguistic	_	ContainsVariation=No	_	_	_	_	_	_
377-12	BZ001	377	12	tutti	tutti	_	_	_	_	_	linguistic	_	ContainsVariation=No	_	_	_	_	_	_
377-13	BZ001	377	13	parlavano	parlavano	_	_	_	_	_	linguistic	_	ContainsVariation=No	_	_	_	_	_	_
377-14	BZ001	377	14	una	una	_	_	_	_	_	linguistic	_	ContainsVariation=No	_	_	_	_	_	_
377-15	BZ001	377	15	lingua	lingua	_	_	_	_	_	linguistic	_	ContainsVariation=No	_	_	_	_	_	5-6(111)
377-16	BZ001	377	16	[che	che	_	_	_	_	_	linguistic	_	ContainsVariation=No	_	_	_	_	_	0-3(111)
377-17	BZ001	377	17	tu	tu	_	_	_	_	_	linguistic	_	ContainsVariation=No	_	_	_	_	_	0-2(111)
377-18	BZ001	377	18	non	non	_	_	_	_	_	linguistic	_	ContainsVariation=No	_	_	_	_	_	0-3(111)
377-19	BZ001	377	19	conoscevi]?	conoscevi	_	_	_	_	_	linguistic	_	ContainsVariation=No	Intonation=Rising	End=1131.149	_	_	_	0-8(111)
378-0	BZ006	378	0	[eh	eh	_	_	_	_	_	linguistic	_	ContainsVariation=No	_	Begin=1130.079	_	_	_	0-2(111)
378-1	BZ006	378	1	l'	l'	_	_	_	_	_	linguistic	_	ContainsVariation=No	SpaceAfter=No	_	_	_	_	0-2(111)
378-2	BZ006	378	2	inizio:]	inizio	_	_	_	_	_	linguistic	_	ContainsVariation=No	_	_	5x1	_	_	0-6(111)
378-3	BZ006	378	3	((sbuffa))	((sbuffa))	_	_	_	_	_	nonverbalbehavior	_	ContainsVariation=No	_	End=1131.869	_	_	_	_
379-0	BZ006	379	0	l'	l'	_	_	_	_	_	linguistic	_	ContainsVariation=No	SpaceAfter=No	Begin=1132.169	_	_	_	_
379-1	BZ006	379	1	inizio	inizio	_	_	_	_	_	linguistic	_	ContainsVariation=No	_	_	_	_	_	_
379-2	BZ006	379	2	mi	mi	_	_	_	_	_	linguistic	_	ContainsVariation=No	_	_	_	_	_	_
379-3	BZ006	379	3	ricordo	ricordo	_	_	_	_	_	linguistic	_	ContainsVariation=No	_	_	_	_	_	_
379-4	BZ006	379	4	mi	mi	_	_	_	_	_	linguistic	_	ContainsVariation=No	_	_	_	_	_	_
379-5	BZ006	379	5	ricordo	ricordo	_	_	_	_	_	linguistic	_	ContainsVariation=No	_	_	_	_	_	_
379-6	BZ006	379	6	proprio	proprio	_	_	_	_	_	linguistic	_	ContainsVariation=No	_	_	_	_	_	_
379-7	BZ006	379	7	che	che	_	_	_	_	_	linguistic	_	ContainsVariation=No	_	_	_	_	_	_
379-8	BZ006	379	8	poi	poi	_	_	_	_	_	linguistic	_	ContainsVariation=No	_	_	_	_	_	_
379-9	BZ006	379	9	son	son	_	_	_	_	_	linguistic	_	ContainsVariation=No	_	_	_	_	_	_
379-10	BZ006	379	10	partito,	partito	_	_	_	_	_	linguistic	_	ContainsVariation=No	Intonation=WeaklyRising	End=1134.629	_	_	_	_
380-0	BZ006	380	0	con	con	_	_	_	_	_	linguistic	_	ContainsVariation=No	_	Begin=1134.894	_	_	_	_
380-1	BZ006	380	1	una	una	_	_	_	_	_	linguistic	_	ContainsVariation=No	_	_	_	_	_	_
380-2	BZ006	380	2	grammatica	grammatica	_	_	_	_	_	linguistic	_	ContainsVariation=No	_	_	_	_	_	_
380-3	BZ006	380	3	spagnola,	spagnola	_	_	_	_	_	linguistic	_	ContainsVariation=No	Intonation=WeaklyRising	End=1137.114	_	_	_	_
381-0	BZ006	381	0	che	che	_	_	_	_	_	linguistic	_	ContainsVariation=No	_	Begin=1137.469	_	_	_	_
381-1	BZ006	381	1	neanche	neanche	_	_	_	_	_	linguistic	_	ContainsVariation=No	_	_	_	_	_	_
381-2	BZ006	381	2	avevo	avevo	_	_	_	_	_	linguistic	_	ContainsVariation=No	_	_	_	_	_	_
381-3	BZ006	381	3	guardato	guardato	_	_	_	_	_	linguistic	_	ContainsVariation=No	_	_	_	_	_	_
381-4	BZ006	381	4	prima	prima	_	_	_	_	_	linguistic	_	ContainsVariation=No	_	_	_	_	_	_
381-5	BZ006	381	5	cioè	cioè	_	_	_	_	_	linguistic	_	ContainsVariation=No	_	_	_	_	_	_
381-6	BZ006	381	6	pro[prio	proprio	_	_	_	_	_	linguistic	_	ContainsVariation=No	_	_	_	_	_	3-7(112)
381-7	BZ006	381	7	son	son	_	_	_	_	_	linguistic	_	ContainsVariation=No	_	_	_	_	_	0-3(112)
381-8	BZ006	381	8	pa]rtito	partito	_	_	_	_	_	linguistic	_	ContainsVariation=No	_	_	_	_	_	0-2(112)
381-9	BZ006	381	9	così	così	_	_	_	_	_	linguistic	_	ContainsVariation=No	_	_	_	_	_	_
381-10	BZ006	381	10	>che	che	_	_	_	_	_	linguistic	_	ContainsVariation=No	_	_	_	Fast=0-3(0)	_	_
381-11	BZ006	381	11	ne	ne	_	_	_	_	_	linguistic	_	ContainsVariation=No	_	_	_	Fast=0-2(0)	_	_
381-12	BZ006	381	12	sapevo	sapevo	_	_	_	_	_	linguistic	_	ContainsVariation=No	_	_	_	Fast=0-6(0)	_	_
381-13	BZ006	381	13	l'	l'	_	_	_	_	_	linguistic	_	ContainsVariation=No	SpaceAfter=No	_	_	Fast=0-2(0)	_	_
381-14	BZ006	381	14	unica	unica	_	_	_	_	_	linguistic	_	ContainsVariation=No	_	_	_	Fast=0-5(0)	_	_
381-15	BZ006	381	15	cosa	cosa	_	_	_	_	_	linguistic	_	ContainsVariation=No	_	_	_	Fast=0-4(0)	_	_
381-16	BZ006	381	16	che	che	_	_	_	_	_	linguistic	_	ContainsVariation=No	_	_	_	Fast=0-3(0)	_	_
381-17	BZ006	381	17	sapevo	sapevo	_	_	_	_	_	linguistic	_	ContainsVariation=No	_	_	_	Fast=0-6(0)	_	_
381-18	BZ006	381	18	era<,	era	_	_	_	_	_	linguistic	_	ContainsVariation=No	Intonation=WeaklyRising	End=1142.189	_	Fast=0-3(0)	_	_
382-0	BZ001	382	0	[mh	mh	_	_	_	_	_	linguistic	_	ContainsVariation=No	ProsodicLink=Yes	Begin=1139.324	_	_	_	0-2(112)
382-1	BZ001	382	1	mh],	mh	_	_	_	_	_	linguistic	_	ContainsVariation=No	Intonation=WeaklyRising	End=1139.874	_	_	_	0-2(112)
383-0	BZ006	383	0	in	in	_	_	_	_	_	linguistic	_	ContainsVariation=No	_	Begin=1142.584	_	_	_	_
383-1	BZ006	383	1	inglese.	inglese	_	_	_	_	_	linguistic	_	ContainsVariation=No	Intonation=Falling	End=1143.184	_	_	_	_
384-0	BZ006	384	0	cioè	cioè	_	_	_	_	_	linguistic	_	ContainsVariation=No	_	Begin=1143.589	_	_	_	_
384-1	BZ006	384	1	[n:-	n-	_	_	_	_	_	linguistic	_	ContainsVariation=No	Interrupted=Yes	_	0x1	_	_	0-2(113)
384-2	BZ006	384	2	non	non	_	_	_	_	_	linguistic	_	ContainsVariation=No	_	_	_	_	_	0-3(113)
384-3	BZ006	384	3	mi	mi	_	_	_	_	_	linguistic	_	ContainsVariation=No	_	_	_	_	_	0-2(113)
384-4	BZ006	384	4	e]ro	ero	_	_	_	_	_	linguistic	_	ContainsVariation=No	_	_	_	_	_	0-1(113)
384-5	BZ006	384	5	preparato	preparato	_	_	_	_	_	linguistic	_	ContainsVariation=No	_	_	_	_	_	_
384-6	BZ006	384	6	anche	anche	_	_	_	_	_	linguistic	_	ContainsVariation=No	_	_	_	_	_	_
384-7	BZ006	384	7	a	a	_	_	_	_	_	linguistic	_	ContainsVariation=No	_	_	_	_	_	_
384-8	BZ006	384	8	parlar	parlar	_	_	_	_	_	linguistic	_	ContainsVariation=No	_	_	_	_	_	_
384-9	BZ006	384	9	l'	l'	_	_	_	_	_	linguistic	_	ContainsVariation=No	SpaceAfter=No	_	_	_	_	_
384-10	BZ006	384	10	inglese	inglese	_	_	_	_	_	linguistic	_	ContainsVariation=No	_	End=1145.669	_	_	_	_
385-0	BZ001	385	0	[certo].	certo	_	_	_	_	_	linguistic	_	ContainsVariation=No	Intonation=Falling	Begin=1143.824|End=1144.314	_	_	_	0-5(113)
386-0	BZ006	386	0	e	e	_	_	_	_	_	linguistic	_	ContainsVariation=No	_	Begin=1146.364	_	_	_	_
386-1	BZ006	386	1	e	e	_	_	_	_	_	linguistic	_	ContainsVariation=No	_	_	_	_	_	_
386-2	BZ006	386	2	mh	mh	_	_	_	_	_	linguistic	_	ContainsVariation=No	_	_	_	_	_	_
386-3	BZ006	386	3	eh,	eh	_	_	_	_	_	linguistic	_	ContainsVariation=No	Intonation=WeaklyRising	End=1147.66	_	_	_	_
387-0	BZ006	387	0	non	non	_	_	_	_	_	linguistic	_	ContainsVariation=No	_	Begin=1148.079	_	_	_	_
387-1	BZ006	387	1	mi	mi	_	_	_	_	_	linguistic	_	ContainsVariation=No	_	_	_	_	_	_
387-2	BZ006	387	2	ricordo	ricordo	_	_	_	_	_	linguistic	_	ContainsVariation=No	_	_	_	_	_	_
387-3	BZ006	387	3	bene	bene	_	_	_	_	_	linguistic	_	ContainsVariation=No	_	_	_	_	_	_
387-4	BZ006	387	4	com'	com'	_	_	_	_	_	linguistic	_	ContainsVariation=No	SpaceAfter=No	_	_	_	_	_
387-5	BZ006	387	5	è	è	_	_	_	_	_	linguistic	_	ContainsVariation=No	_	_	_	_	_	_
387-6	BZ006	387	6	stato	stato	_	_	_	_	_	linguistic	_	ContainsVariation=No	_	_	_	_	_	_
387-7	BZ006	387	7	all'	all'	_	_	_	_	_	linguistic	_	ContainsVariation=No	SpaceAfter=No	_	_	_	_	_
387-8	BZ006	387	8	inizio	inizio	_	_	_	_	_	linguistic	_	ContainsVariation=No	_	_	_	_	_	_
387-9	BZ006	387	9	ma	ma	_	_	_	_	_	linguistic	_	ContainsVariation=No	_	_	_	_	_	_
387-10	BZ006	387	10	molto	molto	_	_	_	_	_	linguistic	_	ContainsVariation=No	_	_	_	_	_	_
387-11	BZ006	387	11	difficile,	difficile	_	_	_	_	_	linguistic	_	ContainsVariation=No	Intonation=WeaklyRising|PauseAfter=Yes	_	_	_	_	_
387-12	BZ006	387	12	(.)	(.)	_	_	_	_	_	shortpause	_	ContainsVariation=No	_	_	_	_	_	_
387-13	BZ006	387	13	tant'	tant'	_	_	_	_	_	linguistic	_	ContainsVariation=No	SpaceAfter=No	_	_	_	_	_
387-14	BZ006	387	14	è	è	_	_	_	_	_	linguistic	_	ContainsVariation=No	_	_	_	_	_	_
387-15	BZ006	387	15	che	che	_	_	_	_	_	linguistic	_	ContainsVariation=No	_	_	_	_	_	_
387-16	BZ006	387	16	spesso	spesso	_	_	_	_	_	linguistic	_	ContainsVariation=No	_	_	_	_	_	_
387-17	BZ006	387	17	finivo	finivo	_	_	_	_	_	linguistic	_	ContainsVariation=No	_	_	_	_	_	_
387-18	BZ006	387	18	per	per	_	_	_	_	_	linguistic	_	ContainsVariation=No	_	_	_	_	_	_
387-19	BZ006	387	19	parlare	parlare	_	_	_	_	_	linguistic	_	ContainsVariation=No	_	_	_	_	_	_
387-20	BZ006	387	20	italiano,	italiano	_	_	_	_	_	linguistic	_	ContainsVariation=No	Intonation=WeaklyRising	End=1153.839	_	_	_	_
388-0	BZ006	388	0	e	e	_	_	_	_	_	linguistic	_	ContainsVariation=No	_	Begin=1154.424	_	_	_	_
388-1	BZ006	388	1	bene	bene	_	_	_	_	_	linguistic	_	ContainsVariation=No	_	_	_	_	_	_
388-2	BZ006	388	2	o	o	_	_	_	_	_	linguistic	_	ContainsVariation=No	_	_	_	_	_	_
388-3	BZ006	388	3	male	male	_	_	_	_	_	linguistic	_	ContainsVariation=No	_	_	_	_	_	_
388-4	BZ006	388	4	ci	ci	_	_	_	_	_	linguistic	_	ContainsVariation=No	_	_	_	_	_	_
388-5	BZ006	388	5	si	si	_	_	_	_	_	linguistic	_	ContainsVariation=No	_	_	_	_	_	_
388-6	BZ006	388	6	incontrava	incontrava	_	_	_	_	_	linguistic	_	ContainsVariation=No	_	_	_	_	_	_
388-7	BZ006	388	7	[a	a	_	_	_	_	_	linguistic	_	ContainsVariation=No	_	_	_	_	_	0-1(114)
388-8	BZ006	388	8	metà	metà	_	_	_	_	_	linguistic	_	ContainsVariation=No	_	_	_	_	_	0-4(114)
388-9	BZ006	388	9	strada]	strada	_	_	_	_	_	linguistic	_	ContainsVariation=No	_	_	_	_	_	0-6(114)
388-10	BZ006	388	10	perché	perché	_	_	_	_	_	linguistic	_	ContainsVariation=No	_	_	_	_	_	_
388-11	BZ006	388	11	è	è	_	_	_	_	_	linguistic	_	ContainsVariation=No	_	_	_	_	_	_
388-12	BZ006	388	12	mo-	mo-	_	_	_	_	_	linguistic	_	ContainsVariation=No	Interrupted=Yes	_	_	_	_	_
388-13	BZ006	388	13	una	una	_	_	_	_	_	linguistic	_	ContainsVariation=No	_	_	_	_	_	_
388-14	BZ006	388	14	lingua	lingua	_	_	_	_	_	linguistic	_	ContainsVariation=No	_	_	_	_	_	_
388-15	BZ006	388	15	simile,	simile	_	_	_	_	_	linguistic	_	ContainsVariation=No	Intonation=WeaklyRising	End=1158.514	_	_	_	_
389-0	BZ001	389	0	[mh	mh	_	_	_	_	_	linguistic	_	ContainsVariation=No	ProsodicLink=Yes	Begin=1156.304	_	_	_	0-2(114)
389-1	BZ001	389	1	mh],	mh	_	_	_	_	_	linguistic	_	ContainsVariation=No	Intonation=WeaklyRising	End=1156.844	_	_	_	0-2(114)
390-0	BZ006	390	0	però	però	_	_	_	_	_	linguistic	_	ContainsVariation=No	_	Begin=1158.979	_	_	_	_
390-1	BZ006	390	1	ricordo	ricordo	_	_	_	_	_	linguistic	_	ContainsVariation=No	_	_	_	_	_	_
390-2	BZ006	390	2	a	a	_	_	_	_	_	linguistic	_	ContainsVariation=No	_	_	_	_	_	_
390-3	BZ006	390	3	un	un	_	_	_	_	_	linguistic	_	ContainsVariation=No	_	_	_	_	_	_
390-4	BZ006	390	4	certo	certo	_	_	_	_	_	linguistic	_	ContainsVariation=No	_	_	_	_	_	_
390-5	BZ006	390	5	punto	punto	_	_	_	_	_	linguistic	_	ContainsVariation=No	_	_	_	_	_	_
390-6	BZ006	390	6	che,	che	_	_	_	_	_	linguistic	_	ContainsVariation=No	Intonation=WeaklyRising	End=1161.259	_	_	_	_
391-0	BZ006	391	0	non	non	_	_	_	_	_	linguistic	_	ContainsVariation=No	_	Begin=1162.289	_	_	_	_
391-1	BZ006	391	1	dico	dico	_	_	_	_	_	linguistic	_	ContainsVariation=No	_	_	_	_	_	_
391-2	BZ006	391	2	da	da	_	_	_	_	_	linguistic	_	ContainsVariation=No	_	_	_	_	_	_
391-3	BZ006	391	3	un	un	_	_	_	_	_	linguistic	_	ContainsVariation=No	_	_	_	_	_	_
391-4	BZ006	391	4	giorno	giorno	_	_	_	_	_	linguistic	_	ContainsVariation=No	_	_	_	_	_	_
391-5	BZ006	391	5	all'	all'	_	_	_	_	_	linguistic	_	ContainsVariation=No	SpaceAfter=No	_	_	_	_	_
391-6	BZ006	391	6	altro	altro	_	_	_	_	_	linguistic	_	ContainsVariation=No	_	_	_	_	_	_
391-7	BZ006	391	7	però	però	_	_	_	_	_	linguistic	_	ContainsVariation=No	_	_	_	_	_	_
391-8	BZ006	391	8	io	io	_	_	_	_	_	linguistic	_	ContainsVariation=No	_	_	_	_	_	_
391-9	BZ006	391	9	il	il	_	_	_	_	_	linguistic	_	ContainsVariation=No	_	_	_	_	_	_
391-10	BZ006	391	10	ricordo	ricordo	_	_	_	_	_	linguistic	_	ContainsVariation=No	_	_	_	_	_	_
391-11	BZ006	391	11	che	che	_	_	_	_	_	linguistic	_	ContainsVariation=No	_	_	_	_	_	_
391-12	BZ006	391	12	ho	ho	_	_	_	_	_	linguistic	_	ContainsVariation=No	_	_	_	_	_	_
391-13	BZ006	391	13	è	è	_	_	_	_	_	linguistic	_	ContainsVariation=No	_	_	_	_	_	_
391-14	BZ006	391	14	così	così	_	_	_	_	_	linguistic	_	ContainsVariation=No	_	_	_	_	_	_
391-15	BZ006	391	15	da	da	_	_	_	_	_	linguistic	_	ContainsVariation=No	_	_	_	_	_	_
391-16	BZ006	391	16	un	un	_	_	_	_	_	linguistic	_	ContainsVariation=No	_	_	_	_	_	_
391-17	BZ006	391	17	giorno	giorno	_	_	_	_	_	linguistic	_	ContainsVariation=No	_	_	_	_	_	_
391-18	BZ006	391	18	all'	all'	_	_	_	_	_	linguistic	_	ContainsVariation=No	SpaceAfter=No	_	_	_	_	_
391-19	BZ006	391	19	altro	altro	_	_	_	_	_	linguistic	_	ContainsVariation=No	_	_	_	_	_	_
391-20	BZ006	391	20	la	la	_	_	_	_	_	linguistic	_	ContainsVariation=No	_	_	_	_	_	_
391-21	BZ006	391	21	sapevo.	sapevo	_	_	_	_	_	linguistic	_	ContainsVariation=No	Intonation=Falling	End=1166.389	_	_	_	_
392-0	BZ006	392	0	[cioè	cioè	_	_	_	_	_	linguistic	_	ContainsVariation=No	_	Begin=1166.694	_	_	_	0-4(115)
392-1	BZ006	392	1	riuscivo	riuscivo	_	_	_	_	_	linguistic	_	ContainsVariation=No	_	_	_	_	_	0-8(115)
392-2	BZ006	392	2	a]	a	_	_	_	_	_	linguistic	_	ContainsVariation=No	_	_	_	_	_	0-1(115)
392-3	BZ006	392	3	comunicare	comunicare	_	_	_	_	_	linguistic	_	ContainsVariation=No	_	_	_	_	_	_
392-4	BZ006	392	4	riuscivo	riuscivo	_	_	_	_	_	linguistic	_	ContainsVariation=No	_	_	_	_	_	_
392-5	BZ006	392	5	anche	anche	_	_	_	_	_	linguistic	_	ContainsVariation=No	_	_	_	_	_	_
392-6	BZ006	392	6	a	a	_	_	_	_	_	linguistic	_	ContainsVariation=No	_	_	_	_	_	_
392-7	BZ006	392	7	essere	essere	_	_	_	_	_	linguistic	_	ContainsVariation=No	_	_	_	_	_	_
392-8	BZ006	392	8	più	più	_	_	_	_	_	linguistic	_	ContainsVariation=No	_	_	_	_	_	_
392-9	BZ006	392	9	fluido	fluido	_	_	_	_	_	linguistic	_	ContainsVariation=No	_	_	_	_	_	_
392-10	BZ006	392	10	più	più	_	_	_	_	_	linguistic	_	ContainsVariation=No	_	_	_	_	_	_
392-11	BZ006	392	11	leggero	leggero	_	_	_	_	_	linguistic	_	ContainsVariation=No	_	_	_	_	_	_
392-12	BZ006	392	12	più,	più	_	_	_	_	_	linguistic	_	ContainsVariation=No	Intonation=WeaklyRising	End=1169.984	_	_	_	_
393-0	BZ001	393	0	[mh],	mh	_	_	_	_	_	linguistic	_	ContainsVariation=No	Intonation=WeaklyRising	Begin=1166.814|End=1167.244	_	_	_	0-2(115)
394-0	BZ006	394	0	e:	e	_	_	_	_	_	linguistic	_	ContainsVariation=No	_	Begin=1170.824	0x1	_	_	_
394-1	BZ006	394	1	non	non	_	_	_	_	_	linguistic	_	ContainsVariation=No	_	_	_	_	_	_
394-2	BZ006	394	2	so	so	_	_	_	_	_	linguistic	_	ContainsVariation=No	_	_	_	_	_	_
394-3	BZ006	394	3	dire,	dire	_	_	_	_	_	linguistic	_	ContainsVariation=No	Intonation=WeaklyRising	_	_	_	_	_
394-4	BZ006	394	4	non	non	_	_	_	_	_	linguistic	_	ContainsVariation=No	_	_	_	_	_	_
394-5	BZ006	394	5	ho	ho	_	_	_	_	_	linguistic	_	ContainsVariation=No	_	_	_	_	_	_
394-6	BZ006	394	6	non	non	_	_	_	_	_	linguistic	_	ContainsVariation=No	_	_	_	_	_	_
394-7	BZ006	394	7	ho	ho	_	_	_	_	_	linguistic	_	ContainsVariation=No	_	_	_	_	_	_
394-8	BZ006	394	8	ben	ben	_	_	_	_	_	linguistic	_	ContainsVariation=No	_	_	_	_	_	_
394-9	BZ006	394	9	<presente	presente	_	_	_	_	_	linguistic	_	ContainsVariation=No	_	_	_	Slow=0-8(0)	_	_
394-10	BZ006	394	10	nella	nella	_	_	_	_	_	linguistic	_	ContainsVariation=No	_	_	_	Slow=0-5(0)	_	_
394-11	BZ006	394	11	mente	mente	_	_	_	_	_	linguistic	_	ContainsVariation=No	_	_	_	Slow=0-5(0)	_	_
394-12	BZ006	394	12	questo	questo	_	_	_	_	_	linguistic	_	ContainsVariation=No	_	_	_	Slow=0-6(0)	_	_
394-13	BZ006	394	13	passaggio>	passaggio	_	_	_	_	_	linguistic	_	ContainsVariation=No	_	End=1175.934	_	Slow=0-9(0)	_	_
395-0	BZ006	395	0	questa:,	questa	_	_	_	_	_	linguistic	_	ContainsVariation=No	Intonation=WeaklyRising	Begin=1176.254|End=1177.144	5x1	_	_	_
396-0	BZ006	396	0	>perché	perché	_	_	_	_	_	linguistic	_	ContainsVariation=No	_	Begin=1177.644	_	Fast=0-6(0)	_	_
396-1	BZ006	396	1	ovviamente<	ovviamente	_	_	_	_	_	linguistic	_	ContainsVariation=No	_	_	_	Fast=0-10(0)	_	_
396-2	BZ006	396	2	è	è	_	_	_	_	_	linguistic	_	ContainsVariation=No	_	_	_	_	_	_
396-3	BZ006	396	3	una	una	_	_	_	_	_	linguistic	_	ContainsVariation=No	_	_	_	_	_	_
396-4	BZ006	396	4	cosa	cosa	_	_	_	_	_	linguistic	_	ContainsVariation=No	_	_	_	_	_	_
396-5	BZ006	396	5	graduale,	graduale	_	_	_	_	_	linguistic	_	ContainsVariation=No	Intonation=WeaklyRising	End=1179.004	_	_	_	_
397-0	BZ001	397	0	mh	mh	_	_	_	_	_	linguistic	_	ContainsVariation=No	ProsodicLink=Yes	Begin=1179.069	_	_	_	_
397-1	BZ001	397	1	mh.	mh	_	_	_	_	_	linguistic	_	ContainsVariation=No	Intonation=Falling	End=1179.479	_	_	_	_
398-0	BZ006	398	0	però	però	_	_	_	_	_	linguistic	_	ContainsVariation=No	_	Begin=1179.789	_	_	_	_
398-1	BZ006	398	1	n-	n-	_	_	_	_	_	linguistic	_	ContainsVariation=No	Interrupted=Yes	_	_	_	_	_
398-2	BZ006	398	2	è	è	_	_	_	_	_	linguistic	_	ContainsVariation=No	_	_	_	_	_	_
398-3	BZ006	398	3	una	una	_	_	_	_	_	linguistic	_	ContainsVariation=No	_	_	_	_	_	_
398-4	BZ006	398	4	cosa	cosa	_	_	_	_	_	linguistic	_	ContainsVariation=No	_	_	_	_	_	_
398-5	BZ006	398	5	di	di	_	_	_	_	_	linguistic	_	ContainsVariation=No	_	_	_	_	_	_
398-6	BZ006	398	6	cui	cui	_	_	_	_	_	linguistic	_	ContainsVariation=No	_	_	_	_	_	_
398-7	BZ006	398	7	non	non	_	_	_	_	_	linguistic	_	ContainsVariation=No	_	_	_	_	_	_
398-8	BZ006	398	8	mi	mi	_	_	_	_	_	linguistic	_	ContainsVariation=No	_	_	_	_	_	_
398-9	BZ006	398	9	son	son	_	_	_	_	_	linguistic	_	ContainsVariation=No	_	_	_	_	_	_
398-10	BZ006	398	10	reso	reso	_	_	_	_	_	linguistic	_	ContainsVariation=No	_	_	_	_	_	_
398-11	BZ006	398	11	conto	conto	_	_	_	_	_	linguistic	_	ContainsVariation=No	_	_	_	_	_	_
398-12	BZ006	398	12	mi	mi	_	_	_	_	_	linguistic	_	ContainsVariation=No	_	_	_	_	_	_
398-13	BZ006	398	13	son	son	_	_	_	_	_	linguistic	_	ContainsVariation=No	_	_	_	_	_	_
398-14	BZ006	398	14	reso	reso	_	_	_	_	_	linguistic	_	ContainsVariation=No	_	_	_	_	_	_
398-15	BZ006	398	15	conto	conto	_	_	_	_	_	linguistic	_	ContainsVariation=No	_	_	_	_	_	_
398-16	BZ006	398	16	dopo,	dopo	_	_	_	_	_	linguistic	_	ContainsVariation=No	Intonation=WeaklyRising	End=1183.15	_	_	_	_
399-0	BZ001	399	0	mh	mh	_	_	_	_	_	linguistic	_	ContainsVariation=No	ProsodicLink=Yes	Begin=1183.229	_	_	_	_
399-1	BZ001	399	1	mh,	mh	_	_	_	_	_	linguistic	_	ContainsVariation=No	Intonation=WeaklyRising	End=1183.639	_	_	_	_
400-0	BZ006	400	0	che	che	_	_	_	_	_	linguistic	_	ContainsVariation=No	_	Begin=1184.059	_	_	_	_
400-1	BZ006	400	1	la	la	_	_	_	_	_	linguistic	_	ContainsVariation=No	_	_	_	_	_	_
400-2	BZ006	400	2	sapevo.	sapevo	_	_	_	_	_	linguistic	_	ContainsVariation=No	Intonation=Falling	End=1184.799	_	_	_	_
401-0	BZ001	401	0	certo.	certo	_	_	_	_	_	linguistic	_	ContainsVariation=No	Intonation=Falling	Begin=1184.904|End=1185.324	_	_	_	_
402-0	BZ006	402	0	e	e	_	_	_	_	_	linguistic	_	ContainsVariation=No	_	Begin=1185.839	_	_	_	_
402-1	BZ006	402	1	se	se	_	_	_	_	_	linguistic	_	ContainsVariation=No	_	_	_	_	_	_
402-2	BZ006	402	2	guardavo	guardavo	_	_	_	_	_	linguistic	_	ContainsVariation=No	_	_	_	_	_	_
402-3	BZ006	402	3	come	come	_	_	_	_	_	linguistic	_	ContainsVariation=No	_	_	_	_	_	_
402-4	BZ006	402	4	la	la	_	_	_	_	_	linguistic	_	ContainsVariation=No	_	_	_	_	_	_
402-5	BZ006	402	5	sapevo	sapevo	_	_	_	_	_	linguistic	_	ContainsVariation=No	_	_	_	_	_	_
402-6	BZ006	402	6	all'	all'	_	_	_	_	_	linguistic	_	ContainsVariation=No	SpaceAfter=No	_	_	_	_	_
402-7	BZ006	402	7	inizio	inizio	_	_	_	_	_	linguistic	_	ContainsVariation=No	_	_	_	_	_	_
402-8	BZ006	402	8	che	che	_	_	_	_	_	linguistic	_	ContainsVariation=No	_	_	_	_	_	_
402-9	BZ006	402	9	non	non	_	_	_	_	_	linguistic	_	ContainsVariation=No	_	_	_	_	_	_
402-10	BZ006	402	10	la	la	_	_	_	_	_	linguistic	_	ContainsVariation=No	_	_	_	_	_	_
402-11	BZ006	402	11	sapevo	sapevo	_	_	_	_	_	linguistic	_	ContainsVariation=No	_	_	_	_	_	_
402-12	BZ006	402	12	dicevo,	dicevo	_	_	_	_	_	linguistic	_	ContainsVariation=No	Intonation=WeaklyRising	End=1188.859	_	_	_	_
403-0	BZ006	403	0	ho	ho	_	_	_	_	_	linguistic	_	ContainsVariation=No	_	Begin=1189.104	_	_	_	_
403-1	BZ006	403	1	imparato	imparato	_	_	_	_	_	linguistic	_	ContainsVariation=No	_	_	_	_	_	_
403-2	BZ006	403	2	una	una	_	_	_	_	_	linguistic	_	ContainsVariation=No	_	_	_	_	_	_
403-3	BZ006	403	3	lingua	lingua	_	_	_	_	_	linguistic	_	ContainsVariation=No	_	_	_	_	_	_
403-4	BZ006	403	4	nuova.	nuova	_	_	_	_	_	linguistic	_	ContainsVariation=No	Intonation=Falling	End=1190.244	_	_	_	_
404-0	BZ006	404	0	e	e	_	_	_	_	_	linguistic	_	ContainsVariation=No	_	Begin=1190.939	_	_	_	_
404-1	BZ006	404	1	diciamo	diciamo	_	_	_	_	_	linguistic	_	ContainsVariation=No	_	_	_	_	_	_
404-2	BZ006	404	2	comunque	comunque	_	_	_	_	_	linguistic	_	ContainsVariation=No	_	_	_	_	_	_
404-3	BZ006	404	3	che	che	_	_	_	_	_	linguistic	_	ContainsVariation=No	_	_	_	_	_	_
404-4	BZ006	404	4	in	in	_	_	_	_	_	linguistic	_	ContainsVariation=No	_	_	_	_	_	_
404-5	BZ006	404	5	un	un	_	_	_	_	_	linguistic	_	ContainsVariation=No	_	_	_	_	_	_
404-6	BZ006	404	6	paio	paio	_	_	_	_	_	linguistic	_	ContainsVariation=No	_	_	_	_	_	_
404-7	BZ006	404	7	di	di	_	_	_	_	_	linguistic	_	ContainsVariation=No	_	_	_	_	_	_
404-8	BZ006	404	8	mesi,	mesi	_	_	_	_	_	linguistic	_	ContainsVariation=No	Intonation=WeaklyRising	_	_	_	_	_
404-9	BZ006	404	9	cominciavo	cominciavo	_	_	_	_	_	linguistic	_	ContainsVariation=No	_	_	_	_	_	_
404-10	BZ006	404	10	a	a	_	_	_	_	_	linguistic	_	ContainsVariation=No	_	_	_	_	_	_
404-11	BZ006	404	11	masticarla	masticarla	_	_	_	_	_	linguistic	_	ContainsVariation=No	_	_	_	_	_	_
404-12	BZ006	404	12	bene	bene	_	_	_	_	_	linguistic	_	ContainsVariation=No	_	_	_	_	_	_
404-13	BZ006	404	13	anche	anche	_	_	_	_	_	linguistic	_	ContainsVariation=No	_	_	_	_	_	_
404-14	BZ006	404	14	perché	perché	_	_	_	_	_	linguistic	_	ContainsVariation=No	_	_	_	_	_	_
404-15	BZ006	404	15	poi,	poi	_	_	_	_	_	linguistic	_	ContainsVariation=No	Intonation=WeaklyRising	End=1196.519	_	_	_	_
405-0	BZ006	405	0	adesso	adesso	_	_	_	_	_	linguistic	_	ContainsVariation=No	_	Begin=1197.114	_	_	_	_
405-1	BZ006	405	1	rispetto	rispetto	_	_	_	_	_	linguistic	_	ContainsVariation=No	_	_	_	_	_	_
405-2	BZ006	405	2	a	a	_	_	_	_	_	linguistic	_	ContainsVariation=No	_	_	_	_	_	_
405-3	BZ006	405	3	prima	prima	_	_	_	_	_	linguistic	_	ContainsVariation=No	_	_	_	_	_	_
405-4	BZ006	405	4	sono	sono	_	_	_	_	_	linguistic	_	ContainsVariation=No	_	_	_	_	_	_
405-5	BZ006	405	5	anche	anche	_	_	_	_	_	linguistic	_	ContainsVariation=No	_	_	_	_	_	_
405-6	BZ006	405	6	uno	uno	_	_	_	_	_	linguistic	_	ContainsVariation=No	_	_	_	_	_	_
405-7	BZ006	405	7	che	che	_	_	_	_	_	linguistic	_	ContainsVariation=No	_	_	_	_	_	_
405-8	BZ006	405	8	si	si	_	_	_	_	_	linguistic	_	ContainsVariation=No	_	_	_	_	_	_
405-9	BZ006	405	9	butta,	butta	_	_	_	_	_	linguistic	_	ContainsVariation=No	Intonation=WeaklyRising	_	_	_	_	_
405-10	BZ006	405	10	parla,	parla	_	_	_	_	_	linguistic	_	ContainsVariation=No	Intonation=WeaklyRising	End=1200.324	_	_	_	_
406-0	BZ006	406	0	eh	eh	_	_	_	_	_	linguistic	_	ContainsVariation=No	_	Begin=1200.714	_	_	_	_
406-1	BZ006	406	1	non	non	_	_	_	_	_	linguistic	_	ContainsVariation=No	_	_	_	_	_	_
406-2	BZ006	406	2	ha	ha	_	_	_	_	_	linguistic	_	ContainsVariation=No	_	_	_	_	_	_
406-3	BZ006	406	3	paura	paura	_	_	_	_	_	linguistic	_	ContainsVariation=No	_	_	_	_	_	_
406-4	BZ006	406	4	di	di	_	_	_	_	_	linguistic	_	ContainsVariation=No	_	_	_	_	_	_
406-5	BZ006	406	5	[sbagliare	sbagliare	_	_	_	_	_	linguistic	_	ContainsVariation=No	_	_	_	_	_	0-9(116)
406-6	BZ006	406	6	e	e	_	_	_	_	_	linguistic	_	ContainsVariation=No	_	_	_	_	_	0-1(116)
406-7	BZ006	406	7	co]sì	così	_	_	_	_	_	linguistic	_	ContainsVariation=No	_	_	_	_	_	0-2(116)
406-8	BZ006	406	8	via.	via	_	_	_	_	_	linguistic	_	ContainsVariation=No	Intonation=Falling	End=1202.684	_	_	_	_
407-0	BZ001	407	0	[mh	mh	_	_	_	_	_	linguistic	_	ContainsVariation=No	ProsodicLink=Yes	Begin=1201.814	_	_	_	0-2(116)
407-1	BZ001	407	1	mh].	mh	_	_	_	_	_	linguistic	_	ContainsVariation=No	Intonation=Falling	End=1202.31	_	_	_	0-2(116)
408-0	BZ006	408	0	fatto	fatto	_	_	_	_	_	linguistic	_	ContainsVariation=No	_	Begin=1203.674	_	_	_	_
408-1	BZ006	408	1	sta	sta	_	_	_	_	_	linguistic	_	ContainsVariation=No	_	_	_	_	_	_
408-2	BZ006	408	2	che	che	_	_	_	_	_	linguistic	_	ContainsVariation=No	_	_	_	_	_	_
408-3	BZ006	408	3	l'	l'	_	_	_	_	_	linguistic	_	ContainsVariation=No	SpaceAfter=No	_	_	_	_	_
408-4	BZ006	408	4	ho	ho	_	_	_	_	_	linguistic	_	ContainsVariation=No	_	_	_	_	_	_
408-5	BZ006	408	5	imparata.	imparata	_	_	_	_	_	linguistic	_	ContainsVariation=No	Intonation=Falling	End=1205.004	_	_	_	_
409-0	BZ006	409	0	eh::m::	ehm	_	_	_	_	_	linguistic	_	ContainsVariation=No	_	Begin=1205.624	1x2,2x2	_	_	_
409-1	BZ006	409	1	poi	poi	_	_	_	_	_	linguistic	_	ContainsVariation=No	_	_	_	_	_	_
409-2	BZ006	409	2	c'	c'	_	_	_	_	_	linguistic	_	ContainsVariation=No	SpaceAfter=No	_	_	_	_	_
409-3	BZ006	409	3	è	è	_	_	_	_	_	linguistic	_	ContainsVariation=No	_	_	_	_	_	_
409-4	BZ006	409	4	da	da	_	_	_	_	_	linguistic	_	ContainsVariation=No	_	_	_	_	_	_
409-5	BZ006	409	5	dire	dire	_	_	_	_	_	linguistic	_	ContainsVariation=No	_	_	_	_	_	_
409-6	BZ006	409	6	che,	che	_	_	_	_	_	linguistic	_	ContainsVariation=No	Intonation=WeaklyRising	End=1208.134	_	_	_	_
410-0	BZ006	410	0	la	la	_	_	_	_	_	linguistic	_	ContainsVariation=No	_	Begin=1208.924	_	_	_	_
410-1	BZ006	410	1	lingua	lingua	_	_	_	_	_	linguistic	_	ContainsVariation=No	_	_	_	_	_	_
410-2	BZ006	410	2	spagnola	spagnola	_	_	_	_	_	linguistic	_	ContainsVariation=No	_	_	_	_	_	_
410-3	BZ006	410	3	in	in	_	_	_	_	_	linguistic	_	ContainsVariation=No	_	_	_	_	_	_
410-4	BZ006	410	4	argentina	argentina	_	_	_	_	_	linguistic	_	ContainsVariation=No	_	_	_	_	_	_
410-5	BZ006	410	5	cambia	cambia	_	_	_	_	_	linguistic	_	ContainsVariation=No	_	_	_	_	_	_
410-6	BZ006	410	6	quindi	quindi	_	_	_	_	_	linguistic	_	ContainsVariation=No	_	_	_	_	_	_
410-7	BZ006	410	7	quando	quando	_	_	_	_	_	linguistic	_	ContainsVariation=No	_	_	_	_	_	_
410-8	BZ006	410	8	so-	so-	_	_	_	_	_	linguistic	_	ContainsVariation=No	Interrupted=Yes	_	_	_	_	_
410-9	BZ006	410	9	andavo	andavo	_	_	_	_	_	linguistic	_	ContainsVariation=No	_	_	_	_	_	_
410-10	BZ006	410	10	per	per	_	_	_	_	_	linguistic	_	ContainsVariation=No	_	_	_	_	_	_
410-11	BZ006	410	11	esempio	esempio	_	_	_	_	_	linguistic	_	ContainsVariation=No	_	_	_	_	_	_
410-12	BZ006	410	12	nel	nel	_	_	_	_	_	linguistic	_	ContainsVariation=No	_	_	_	_	_	_
410-13	BZ006	410	13	nord,	nord	_	_	_	_	_	linguistic	_	ContainsVariation=No	Intonation=WeaklyRising	End=1213.094	_	_	_	_
411-0	BZ001	411	0	mh	mh	_	_	_	_	_	linguistic	_	ContainsVariation=No	ProsodicLink=Yes	Begin=1213.244	_	_	_	_
411-1	BZ001	411	1	mh,	mh	_	_	_	_	_	linguistic	_	ContainsVariation=No	Intonation=WeaklyRising	End=1213.554	_	_	_	_
412-0	BZ006	412	0	la	la	_	_	_	_	_	linguistic	_	ContainsVariation=No	_	Begin=1213.714	_	_	_	_
412-1	BZ006	412	1	lingua	lingua	_	_	_	_	_	linguistic	_	ContainsVariation=No	_	_	_	_	_	_
412-2	BZ006	412	2	cambiava	cambiava	_	_	_	_	_	linguistic	_	ContainsVariation=No	_	_	_	_	_	_
412-3	BZ006	412	3	[era	era	_	_	_	_	_	linguistic	_	ContainsVariation=No	_	_	_	_	_	0-3(117)
412-4	BZ006	412	4	molto]	molto	_	_	_	_	_	linguistic	_	ContainsVariation=No	_	_	_	_	_	0-5(117)
412-5	BZ006	412	5	diversa,	diversa	_	_	_	_	_	linguistic	_	ContainsVariation=No	Intonation=WeaklyRising	End=1215.514	_	_	_	_
413-0	BZ001	413	0	[mh].	mh	_	_	_	_	_	linguistic	_	ContainsVariation=No	Intonation=Falling	Begin=1214.619|End=1214.989	_	_	_	0-2(117)
414-0	BZ006	414	0	eh::m	ehm	_	_	_	_	_	linguistic	_	ContainsVariation=No	_	Begin=1215.809	1x2	_	_	_
414-1	BZ006	414	1	rispetto	rispetto	_	_	_	_	_	linguistic	_	ContainsVariation=No	_	_	_	_	_	_
414-2	BZ006	414	2	al	al	_	_	_	_	_	linguistic	_	ContainsVariation=No	_	_	_	_	_	_
414-3	BZ006	414	3	sud.	sud	_	_	_	_	_	linguistic	_	ContainsVariation=No	Intonation=Falling	End=1217.799	_	_	_	_
415-0	BZ006	415	0	diventava	diventava	_	_	_	_	_	linguistic	_	ContainsVariation=No	_	Begin=1218.159	_	_	_	_
415-1	BZ006	415	1	molto	molto	_	_	_	_	_	linguistic	_	ContainsVariation=No	_	_	_	_	_	_
415-2	BZ006	415	2	più	più	_	_	_	_	_	linguistic	_	ContainsVariation=No	_	_	_	_	_	_
415-3	BZ006	415	3	dialettale	dialettale	_	_	_	_	_	linguistic	_	ContainsVariation=No	_	_	_	_	_	_
415-4	BZ006	415	4	molto	molto	_	_	_	_	_	linguistic	_	ContainsVariation=No	_	_	_	_	_	_
415-5	BZ006	415	5	più	più	_	_	_	_	_	linguistic	_	ContainsVariation=No	_	_	_	_	_	_
415-6	BZ006	415	6	veloce,	veloce	_	_	_	_	_	linguistic	_	ContainsVariation=No	Intonation=WeaklyRising	_	_	_	_	_
415-7	BZ006	415	7	facevo	facevo	_	_	_	_	_	linguistic	_	ContainsVariation=No	_	_	_	_	_	_
415-8	BZ006	415	8	fatica	fatica	_	_	_	_	_	linguistic	_	ContainsVariation=No	_	_	_	_	_	_
415-9	BZ006	415	9	anche	anche	_	_	_	_	_	linguistic	_	ContainsVariation=No	_	_	_	_	_	_
415-10	BZ006	415	10	lì	lì	_	_	_	_	_	linguistic	_	ContainsVariation=No	_	_	_	_	_	_
415-11	BZ006	415	11	a	a	_	_	_	_	_	linguistic	_	ContainsVariation=No	_	_	_	_	_	_
415-12	BZ006	415	12	capirla,	capirla	_	_	_	_	_	linguistic	_	ContainsVariation=No	Intonation=WeaklyRising	End=1221.929	_	_	_	_
416-0	BZ006	416	0	il	il	_	_	_	_	_	linguistic	_	ContainsVariation=No	_	Begin=1222.149	_	_	_	_
416-1	BZ006	416	1	lo	lo	_	_	_	_	_	linguistic	_	ContainsVariation=No	_	_	_	_	_	_
416-2	BZ006	416	2	spagnolo	spagnolo	_	_	_	_	_	linguistic	_	ContainsVariation=No	_	_	_	_	_	_
416-3	BZ006	416	3	di	di	_	_	_	_	_	linguistic	_	ContainsVariation=No	_	_	_	_	_	_
416-4	BZ006	416	4	bolivia,	bolivia	_	_	_	_	_	linguistic	_	ContainsVariation=No	Intonation=WeaklyRising	End=1223.549	_	_	_	_
417-0	BZ001	417	0	molto	molto	_	_	_	_	_	linguistic	_	ContainsVariation=No	_	Begin=1224.564	_	_	_	_
417-1	BZ001	417	1	diverso?	diverso	_	_	_	_	_	linguistic	_	ContainsVariation=No	Intonation=Rising	End=1225.494	_	_	_	_
418-0	BZ006	418	0	no.	no	_	_	_	_	_	linguistic	_	ContainsVariation=No	Intonation=Falling	Begin=1225.559	_	_	_	_
418-1	BZ006	418	1	non:	non	_	_	_	_	_	linguistic	_	ContainsVariation=No	PauseAfter=Yes	_	2x1	_	_	_
418-2	BZ006	418	2	(.)	(.)	_	_	_	_	_	shortpause	_	ContainsVariation=No	_	_	_	_	_	_
418-3	BZ006	418	3	non	non	_	_	_	_	_	linguistic	_	ContainsVariation=No	_	_	_	_	_	_
418-4	BZ006	418	4	tanto	tanto	_	_	_	_	_	linguistic	_	ContainsVariation=No	_	_	_	_	_	_
418-5	BZ006	418	5	diverso	diverso	_	_	_	_	_	linguistic	_	ContainsVariation=No	_	_	_	_	_	_
418-6	BZ006	418	6	quando	quando	_	_	_	_	_	linguistic	_	ContainsVariation=No	_	_	_	_	_	_
418-7	BZ006	418	7	parlato	parlato	_	_	_	_	_	linguistic	_	ContainsVariation=No	_	_	_	_	_	_
418-8	BZ006	418	8	a	a	_	_	_	_	_	linguistic	_	ContainsVariation=No	_	_	_	_	_	_
418-9	BZ006	418	9	una	una	_	_	_	_	_	linguistic	_	ContainsVariation=No	_	_	_	_	_	_
418-10	BZ006	418	10	velocità,	velocità	_	_	_	_	_	linguistic	_	ContainsVariation=No	Intonation=WeaklyRising	End=1229.8995	_	_	_	_
419-0	BZ001	419	0	ah.	ah	_	_	_	_	_	linguistic	_	ContainsVariation=No	Intonation=Falling	Begin=1229.8995|End=1230.229	_	_	_	_
420-0	BZ006	420	0	tremenda	tremenda	_	_	_	_	_	linguistic	_	ContainsVariation=No	_	Begin=1230.459	_	_	_	_
420-1	BZ006	420	1	per	per	_	_	_	_	_	linguistic	_	ContainsVariation=No	_	_	_	_	_	_
420-2	BZ006	420	2	cui	cui	_	_	_	_	_	linguistic	_	ContainsVariation=No	_	_	_	_	_	_
420-3	BZ006	420	3	non,	non	_	_	_	_	_	linguistic	_	ContainsVariation=No	Intonation=WeaklyRising	End=1231.919	_	_	_	_
421-0	BZ006	421	0	n-	n-	_	_	_	_	_	linguistic	_	ContainsVariation=No	Interrupted=Yes	Begin=1232.534	_	_	_	_
421-1	BZ006	421	1	dovevi	dovevi	_	_	_	_	_	linguistic	_	ContainsVariation=No	_	_	_	_	_	_
421-2	BZ006	421	2	aggrapparti	aggrapparti	_	_	_	_	_	linguistic	_	ContainsVariation=No	_	_	_	_	_	_
421-3	BZ006	421	3	alle	alle	_	_	_	_	_	linguistic	_	ContainsVariation=No	_	_	_	_	_	_
421-4	BZ006	421	4	parole	parole	_	_	_	_	_	linguistic	_	ContainsVariation=No	_	_	_	_	_	_
421-5	BZ006	421	5	[che	che	_	_	_	_	_	linguistic	_	ContainsVariation=No	_	_	_	_	_	0-3(118)
421-6	BZ006	421	6	riuscivi	riuscivi	_	_	_	_	_	linguistic	_	ContainsVariation=No	_	_	_	_	_	0-8(118)
421-7	BZ006	421	7	a	a	_	_	_	_	_	linguistic	_	ContainsVariation=No	_	_	_	_	_	0-1(118)
421-8	BZ006	421	8	ca]pire,	capire	_	_	_	_	_	linguistic	_	ContainsVariation=No	Intonation=WeaklyRising	End=1234.994	_	_	_	0-2(118)
422-0	BZ001	422	0	[okay].	okay	_	_	_	_	_	linguistic	_	ContainsVariation=No	Intonation=Falling	Begin=1234.109|End=1234.729	_	_	_	0-4(118)
423-0	BZ006	423	0	eh	eh	_	_	_	_	_	linguistic	_	ContainsVariation=No	_	Begin=1235.964	_	_	_	_
423-1	BZ006	423	1	però	però	_	_	_	_	_	linguistic	_	ContainsVariation=No	_	_	_	_	_	_
423-2	BZ006	423	2	insomma	insomma	_	_	_	_	_	linguistic	_	ContainsVariation=No	_	_	_	_	_	_
423-3	BZ006	423	3	l'	l'	_	_	_	_	_	linguistic	_	ContainsVariation=No	SpaceAfter=No	_	_	_	_	_
423-4	BZ006	423	4	orecchio	orecchio	_	_	_	_	_	linguistic	_	ContainsVariation=No	_	_	_	_	_	_
423-5	BZ006	423	5	l'	l'	_	_	_	_	_	linguistic	_	ContainsVariation=No	SpaceAfter=No	_	_	_	_	_
423-6	BZ006	423	6	ho	ho	_	_	_	_	_	linguistic	_	ContainsVariation=No	_	_	_	_	_	_
423-7	BZ006	423	7	fatto,	fatto	_	_	_	_	_	linguistic	_	ContainsVariation=No	Intonation=WeaklyRising|PauseAfter=Yes	_	_	_	_	_
423-8	BZ006	423	8	(.)	(.)	_	_	_	_	_	shortpause	_	ContainsVariation=No	_	_	_	_	_	_
423-9	BZ006	423	9	e:	e	_	_	_	_	_	linguistic	_	ContainsVariation=No	_	_	0x1	_	_	_
423-10	BZ006	423	10	e	e	_	_	_	_	_	linguistic	_	ContainsVariation=No	_	_	_	_	_	_
423-11	BZ006	423	11	anche	anche	_	_	_	_	_	linguistic	_	ContainsVariation=No	_	_	_	_	_	_
423-12	BZ006	423	12	la	la	_	_	_	_	_	linguistic	_	ContainsVariation=No	_	_	_	_	_	_
423-13	BZ006	423	13	lingua	lingua	_	_	_	_	_	linguistic	_	ContainsVariation=No	_	_	_	_	_	_
423-14	BZ006	423	14	e	e	_	_	_	_	_	linguistic	_	ContainsVariation=No	_	_	_	_	_	_
423-15	BZ006	423	15	quindi:	quindi	_	_	_	_	_	linguistic	_	ContainsVariation=No	_	_	5x1	_	_	_
423-16	BZ006	423	16	quello	quello	_	_	_	_	_	linguistic	_	ContainsVariation=No	_	_	_	_	_	_
423-17	BZ006	423	17	è	è	_	_	_	_	_	linguistic	_	ContainsVariation=No	_	_	_	_	_	_
423-18	BZ006	423	18	stato	stato	_	_	_	_	_	linguistic	_	ContainsVariation=No	_	_	_	_	_	_
423-19	BZ006	423	19	molto	molto	_	_	_	_	_	linguistic	_	ContainsVariation=No	_	_	_	_	_	_
423-20	BZ006	423	20	bello	bello	_	_	_	_	_	linguistic	_	ContainsVariation=No	_	_	_	_	_	_
423-21	BZ006	423	21	però	però	_	_	_	_	_	linguistic	_	ContainsVariation=No	_	_	_	_	_	_
423-22	BZ006	423	22	non	non	_	_	_	_	_	linguistic	_	ContainsVariation=No	_	_	_	_	_	_
423-23	BZ006	423	23	l'	l'	_	_	_	_	_	linguistic	_	ContainsVariation=No	SpaceAfter=No	_	_	_	_	_
423-24	BZ006	423	24	avrei	avrei	_	_	_	_	_	linguistic	_	ContainsVariation=No	_	_	_	_	_	_
423-25	BZ006	423	25	detto,	detto	_	_	_	_	_	linguistic	_	ContainsVariation=No	Intonation=WeaklyRising	End=1243.024	_	_	_	_
424-0	BZ006	424	0	ma::	ma	_	_	_	_	_	linguistic	_	ContainsVariation=No	_	Begin=1243.559	1x2	_	_	_
424-1	BZ006	424	1	avevo	avevo	_	_	_	_	_	linguistic	_	ContainsVariation=No	_	_	_	_	_	_
424-2	BZ006	424	2	imparato	imparato	_	_	_	_	_	linguistic	_	ContainsVariation=No	_	_	_	_	_	_
424-3	BZ006	424	3	la	la	_	_	_	_	_	linguistic	_	ContainsVariation=No	_	_	_	_	_	_
424-4	BZ006	424	4	mia	mia	_	_	_	_	_	linguistic	_	ContainsVariation=No	PauseAfter=Yes	_	_	_	_	_
424-5	BZ006	424	5	(.)	(.)	_	_	_	_	_	shortpause	_	ContainsVariation=No	_	_	_	_	_	_
424-6	BZ006	424	6	>insomma<,	insomma	_	_	_	_	_	linguistic	_	ContainsVariation=No	Intonation=WeaklyRising	End=1246.099	_	Fast=0-7(0)	_	_
425-0	BZ006	425	0	quinta	quinta	_	_	_	_	_	linguistic	_	ContainsVariation=No	_	Begin=1246.314	_	_	_	_
425-1	BZ006	425	1	lingua,	lingua	_	_	_	_	_	linguistic	_	ContainsVariation=No	Intonation=WeaklyRising	End=1247.174	_	_	_	_
426-0	BZ001	426	0	eh	eh	_	_	_	_	_	linguistic	_	ContainsVariation=No	_	Begin=1247.299	_	_	_	_
426-1	BZ001	426	1	sì.	sì	_	_	_	_	_	linguistic	_	ContainsVariation=No	Intonation=Falling	End=1247.599	_	_	_	_
427-0	BZ006	427	0	eh::m	ehm	_	_	_	_	_	linguistic	_	ContainsVariation=No	_	Begin=1247.604|End=1248.93	1x2	_	_	_
428-0	BZ006	428	0	da	da	_	_	_	_	_	linguistic	_	ContainsVariation=No	_	Begin=1249.614	_	_	_	_
428-1	BZ006	428	1	solo,	solo	_	_	_	_	_	linguistic	_	ContainsVariation=No	Intonation=WeaklyRising	_	_	_	_	_
428-2	BZ006	428	2	viaggiando.	viaggiando	_	_	_	_	_	linguistic	_	ContainsVariation=No	Intonation=Falling|PauseAfter=Yes	_	_	_	_	_
428-3	BZ006	428	3	(.)	(.)	_	_	_	_	_	shortpause	_	ContainsVariation=No	_	_	_	_	_	_
428-4	BZ006	428	4	quindi	quindi	_	_	_	_	_	linguistic	_	ContainsVariation=No	_	_	_	_	_	_
428-5	BZ006	428	5	ho	ho	_	_	_	_	_	linguistic	_	ContainsVariation=No	_	_	_	_	_	_
428-6	BZ006	428	6	detto	detto	_	_	_	_	_	linguistic	_	ContainsVariation=No	_	_	_	_	_	_
428-7	BZ006	428	7	wow.	wow	_	_	_	_	_	linguistic	_	ContainsVariation=No	Intonation=Falling|PauseAfter=Yes	_	_	_	_	_
428-8	BZ006	428	8	(.)	(.)	_	_	_	_	_	shortpause	_	ContainsVariation=No	_	_	_	_	_	_
428-9	BZ006	428	9	perché	perché	_	_	_	_	_	linguistic	_	ContainsVariation=No	_	_	_	_	_	_
428-10	BZ006	428	10	ho	ho	_	_	_	_	_	linguistic	_	ContainsVariation=No	_	_	_	_	_	_
428-11	BZ006	428	11	detto	detto	_	_	_	_	_	linguistic	_	ContainsVariation=No	_	_	_	_	_	_
428-12	BZ006	428	12	vedi,	vedi	_	_	_	_	_	linguistic	_	ContainsVariation=No	Intonation=WeaklyRising|PauseAfter=Yes	_	_	_	_	_
428-13	BZ006	428	13	(.)	(.)	_	_	_	_	_	shortpause	_	ContainsVariation=No	_	_	_	_	_	_
428-14	BZ006	428	14	non	non	_	_	_	_	_	linguistic	_	ContainsVariation=No	_	_	_	_	_	_
428-15	BZ006	428	15	ho	ho	_	_	_	_	_	linguistic	_	ContainsVariation=No	_	_	_	_	_	_
428-16	BZ006	428	16	magari,	magari	_	_	_	_	_	linguistic	_	ContainsVariation=No	Intonation=WeaklyRising	End=1253.864	_	_	_	_
429-0	BZ006	429	0	fatto	fatto	_	_	_	_	_	linguistic	_	ContainsVariation=No	_	Begin=1254.584	_	_	_	_
429-1	BZ006	429	1	lo	lo	_	_	_	_	_	linguistic	_	ContainsVariation=No	_	_	_	_	_	_
429-2	BZ006	429	2	spagnolo	spagnolo	_	_	_	_	_	linguistic	_	ContainsVariation=No	_	_	_	_	_	_
429-3	BZ006	429	3	o	o	_	_	_	_	_	linguistic	_	ContainsVariation=No	_	_	_	_	_	_
429-4	BZ006	429	4	le	le	_	_	_	_	_	linguistic	_	ContainsVariation=No	_	_	_	_	_	_
429-5	BZ006	429	5	lingue	lingue	_	_	_	_	_	linguistic	_	ContainsVariation=No	_	_	_	_	_	_
429-6	BZ006	429	6	all'	all'	_	_	_	_	_	linguistic	_	ContainsVariation=No	SpaceAfter=No	_	_	_	_	_
429-7	BZ006	429	7	università	università	_	_	_	_	_	linguistic	_	ContainsVariation=No	_	_	_	_	_	_
429-8	BZ006	429	8	ma,	ma	_	_	_	_	_	linguistic	_	ContainsVariation=No	Intonation=WeaklyRising	End=1256.904	_	_	_	_
430-0	BZ006	430	0	le	le	_	_	_	_	_	linguistic	_	ContainsVariation=No	_	Begin=1257.599	_	_	_	_
430-1	BZ006	430	1	sto	sto	_	_	_	_	_	linguistic	_	ContainsVariation=No	_	_	_	_	_	_
430-2	BZ006	430	2	facendo:	facendo	_	_	_	_	_	linguistic	_	ContainsVariation=No	_	_	6x1	_	_	_
430-3	BZ006	430	3	nella	nella	_	_	_	_	_	linguistic	_	ContainsVariation=No	_	_	_	_	_	_
430-4	BZ006	430	4	vita	vita	_	_	_	_	_	linguistic	_	ContainsVariation=No	_	_	_	_	_	_
430-5	BZ006	430	5	reale	reale	_	_	_	_	_	linguistic	_	ContainsVariation=No	_	_	_	_	_	_
430-6	BZ006	430	6	[imparandole],	imparandole	_	_	_	_	_	linguistic	_	ContainsVariation=No	Intonation=WeaklyRising	End=1260.699	_	_	_	0-11(119)
431-0	BZ001	431	0	[certo].	certo	_	_	_	_	_	linguistic	_	ContainsVariation=No	Intonation=Falling	Begin=1260.114|End=1260.594	_	_	_	0-5(119)
432-0	BZ006	432	0	usandole	usandole	_	_	_	_	_	linguistic	_	ContainsVariation=No	_	Begin=1261.104	_	_	_	_
432-1	BZ006	432	1	tutti	tutti	_	_	_	_	_	linguistic	_	ContainsVariation=No	_	_	_	_	_	_
432-2	BZ006	432	2	i	i	_	_	_	_	_	linguistic	_	ContainsVariation=No	_	_	_	_	_	_
432-3	BZ006	432	3	giorni	giorni	_	_	_	_	_	linguistic	_	ContainsVariation=No	_	_	_	_	_	_
432-4	BZ006	432	4	no?	no	_	_	_	_	_	linguistic	_	ContainsVariation=No	Intonation=Rising	End=1262.314	_	_	_	_
433-0	BZ001	433	0	e	e	_	_	_	_	_	linguistic	_	ContainsVariation=No	_	Begin=1262.894	_	_	_	_
433-1	BZ001	433	1	te	te	_	_	_	_	_	linguistic	_	ContainsVariation=No	_	_	_	_	_	_
433-2	BZ001	433	2	lo	lo	_	_	_	_	_	linguistic	_	ContainsVariation=No	_	_	_	_	_	_
433-3	BZ001	433	3	sei	sei	_	_	_	_	_	linguistic	_	ContainsVariation=No	_	_	_	_	_	_
433-4	BZ001	433	4	portato	portato	_	_	_	_	_	linguistic	_	ContainsVariation=No	_	_	_	_	_	_
433-5	BZ001	433	5	[dietro	dietro	_	_	_	_	_	linguistic	_	ContainsVariation=No	_	_	_	_	_	0-6(120)
433-6	BZ001	433	6	in	in	_	_	_	_	_	linguistic	_	ContainsVariation=No	_	_	_	_	_	0-2(120)
433-7	BZ001	433	7	qualche	qualche	_	_	_	_	_	linguistic	_	ContainsVariation=No	_	_	_	_	_	0-7(120)
433-8	BZ001	433	8	modo]	modo	_	_	_	_	_	linguistic	_	ContainsVariation=No	_	_	_	_	_	0-4(120)
433-9	BZ001	433	9	poi	poi	_	_	_	_	_	linguistic	_	ContainsVariation=No	_	_	_	_	_	_
433-10	BZ001	433	10	lo	lo	_	_	_	_	_	linguistic	_	ContainsVariation=No	_	_	_	_	_	_
433-11	BZ001	433	11	spagnolo	spagnolo	_	_	_	_	_	linguistic	_	ContainsVariation=No	_	_	_	_	_	_
433-12	BZ001	433	12	una	una	_	_	_	_	_	linguistic	_	ContainsVariation=No	_	_	_	_	_	_
433-13	BZ001	433	13	volta	volta	_	_	_	_	_	linguistic	_	ContainsVariation=No	_	_	_	_	_	_
433-14	BZ001	433	14	tor[nato	tornato	_	_	_	_	_	linguistic	_	ContainsVariation=No	_	_	_	_	_	3-7(121)
433-15	BZ001	433	15	in	in	_	_	_	_	_	linguistic	_	ContainsVariation=No	_	_	_	_	_	0-2(121)
433-16	BZ001	433	16	italia]?	italia	_	_	_	_	_	linguistic	_	ContainsVariation=No	Intonation=Rising	End=1266.644	_	_	_	0-6(121)
434-0	BZ006	434	0	[ehm]	ehm	_	_	_	_	_	linguistic	_	ContainsVariation=No	_	Begin=1263.664|End=1264.484	_	_	_	0-3(120)
435-0	BZ006	435	0	[eh	eh	_	_	_	_	_	linguistic	_	ContainsVariation=No	_	Begin=1265.954	_	_	_	0-2(121)
435-1	BZ006	435	1	io],	io	_	_	_	_	_	linguistic	_	ContainsVariation=No	Intonation=WeaklyRising	_	_	_	_	0-2(121)
435-2	BZ006	435	2	d-	d-	_	_	_	_	_	linguistic	_	ContainsVariation=No	Interrupted=Yes	_	_	_	_	_
435-3	BZ006	435	3	amici	amici	_	_	_	_	_	linguistic	_	ContainsVariation=No	_	_	_	_	_	_
435-4	BZ006	435	4	spagnoli	spagnoli	_	_	_	_	_	linguistic	_	ContainsVariation=No	_	_	_	_	_	_
435-5	BZ006	435	5	ne	ne	_	_	_	_	_	linguistic	_	ContainsVariation=No	_	_	_	_	_	_
435-6	BZ006	435	6	ho,	ho	_	_	_	_	_	linguistic	_	ContainsVariation=No	Intonation=WeaklyRising	End=1267.894	_	_	_	_
436-0	BZ001	436	0	[okay].	okay	_	_	_	_	_	linguistic	_	ContainsVariation=No	Intonation=Falling	Begin=1268.104|End=1268.584	_	_	_	0-4(122)
437-0	BZ006	437	0	[quindi	quindi	_	_	_	_	_	linguistic	_	ContainsVariation=No	_	Begin=1268.109	_	_	_	0-6(122)
437-1	BZ006	437	1	lo]	lo	_	_	_	_	_	linguistic	_	ContainsVariation=No	_	_	_	_	_	0-2(122)
437-2	BZ006	437	2	capita	capita	_	_	_	_	_	linguistic	_	ContainsVariation=No	_	_	_	_	_	_
437-3	BZ006	437	3	che	che	_	_	_	_	_	linguistic	_	ContainsVariation=No	_	_	_	_	_	_
437-4	BZ006	437	4	lo	lo	_	_	_	_	_	linguistic	_	ContainsVariation=No	_	_	_	_	_	_
437-5	BZ006	437	5	uso	uso	_	_	_	_	_	linguistic	_	ContainsVariation=No	_	_	_	_	_	_
437-6	BZ006	437	6	volentieri	volentieri	_	_	_	_	_	linguistic	_	ContainsVariation=No	_	_	_	_	_	_
437-7	BZ006	437	7	e	e	_	_	_	_	_	linguistic	_	ContainsVariation=No	_	_	_	_	_	_
437-8	BZ006	437	8	poi	poi	_	_	_	_	_	linguistic	_	ContainsVariation=No	_	_	_	_	_	_
437-9	BZ006	437	9	devo	devo	_	_	_	_	_	linguistic	_	ContainsVariation=No	_	_	_	_	_	_
437-10	BZ006	437	10	dire	dire	_	_	_	_	_	linguistic	_	ContainsVariation=No	_	_	_	_	_	_
437-11	BZ006	437	11	anche	anche	_	_	_	_	_	linguistic	_	ContainsVariation=No	_	_	_	_	_	_
437-12	BZ006	437	12	mh:	mh	_	_	_	_	_	linguistic	_	ContainsVariation=No	PauseAfter=Yes	_	1x1	_	_	_
437-13	BZ006	437	13	(.)	(.)	_	_	_	_	_	shortpause	_	ContainsVariation=No	_	_	_	_	_	_
437-14	BZ006	437	14	a	a	_	_	_	_	_	linguistic	_	ContainsVariation=No	_	_	_	_	_	_
437-15	BZ006	437	15	volte	volte	_	_	_	_	_	linguistic	_	ContainsVariation=No	_	_	_	_	_	_
437-16	BZ006	437	16	siccome,	siccome	_	_	_	_	_	linguistic	_	ContainsVariation=No	Intonation=WeaklyRising	End=1273.609	_	_	_	_
438-0	BZ006	438	0	è	è	_	_	_	_	_	linguistic	_	ContainsVariation=No	_	Begin=1274.059	_	_	_	_
438-1	BZ006	438	1	stata	stata	_	_	_	_	_	linguistic	_	ContainsVariation=No	_	_	_	_	_	_
438-2	BZ006	438	2	un'	un'	_	_	_	_	_	linguistic	_	ContainsVariation=No	SpaceAfter=No	_	_	_	_	_
438-3	BZ006	438	3	esperienza	esperienza	_	_	_	_	_	linguistic	_	ContainsVariation=No	_	_	_	_	_	_
438-4	BZ006	438	4	per	per	_	_	_	_	_	linguistic	_	ContainsVariation=No	_	_	_	_	_	_
438-5	BZ006	438	5	me	me	_	_	_	_	_	linguistic	_	ContainsVariation=No	_	_	_	_	_	_
438-6	BZ006	438	6	molto	molto	_	_	_	_	_	linguistic	_	ContainsVariation=No	_	_	_	_	_	_
438-7	BZ006	438	7	importante,	importante	_	_	_	_	_	linguistic	_	ContainsVariation=No	Intonation=WeaklyRising	End=1276.509	_	_	_	_
439-0	BZ006	439	0	il	il	_	_	_	_	_	linguistic	_	ContainsVariation=No	_	Begin=1276.799	_	_	_	_
439-1	BZ006	439	1	suono	suono	_	_	_	_	_	linguistic	_	ContainsVariation=No	_	_	_	_	_	_
439-2	BZ006	439	2	che	che	_	_	_	_	_	linguistic	_	ContainsVariation=No	_	_	_	_	_	_
439-3	BZ006	439	3	ha	ha	_	_	_	_	_	linguistic	_	ContainsVariation=No	_	_	_	_	_	_
439-4	BZ006	439	4	la	la	_	_	_	_	_	linguistic	_	ContainsVariation=No	_	_	_	_	_	_
439-5	BZ006	439	5	lingua:	lingua	_	_	_	_	_	linguistic	_	ContainsVariation=No	_	_	5x1	_	_	_
439-6	BZ006	439	6	argentina,	argentina	_	_	_	_	_	linguistic	_	ContainsVariation=No	Intonation=WeaklyRising	_	_	_	_	_
439-7	BZ006	439	7	e	e	_	_	_	_	_	linguistic	_	ContainsVariation=No	_	_	_	_	_	_
439-8	BZ006	439	8	non	non	_	_	_	_	_	linguistic	_	ContainsVariation=No	_	_	_	_	_	_
439-9	BZ006	439	9	dico	dico	_	_	_	_	_	linguistic	_	ContainsVariation=No	_	_	_	_	_	_
439-10	BZ006	439	10	spagnolo	spagnolo	_	_	_	_	_	linguistic	_	ContainsVariation=No	_	_	_	_	_	_
439-11	BZ006	439	11	ma	ma	_	_	_	_	_	linguistic	_	ContainsVariation=No	_	_	_	_	_	_
439-12	BZ006	439	12	argentina,	argentina	_	_	_	_	_	linguistic	_	ContainsVariation=No	Intonation=WeaklyRising	End=1281.879	_	_	_	_
440-0	BZ006	440	0	è	è	_	_	_	_	_	linguistic	_	ContainsVariation=No	_	Begin=1282.384	_	_	_	_
440-1	BZ006	440	1	un	un	_	_	_	_	_	linguistic	_	ContainsVariation=No	_	_	_	_	_	_
440-2	BZ006	440	2	suono	suono	_	_	_	_	_	linguistic	_	ContainsVariation=No	_	_	_	_	_	_
440-3	BZ006	440	3	a	a	_	_	_	_	_	linguistic	_	ContainsVariation=No	_	_	_	_	_	_
440-4	BZ006	440	4	cui,	cui	_	_	_	_	_	linguistic	_	ContainsVariation=No	Intonation=WeaklyRising	_	_	_	_	_
440-5	BZ006	440	5	che	che	_	_	_	_	_	linguistic	_	ContainsVariation=No	_	_	_	_	_	_
440-6	BZ006	440	6	mi	mi	_	_	_	_	_	linguistic	_	ContainsVariation=No	_	_	_	_	_	_
440-7	BZ006	440	7	è	è	_	_	_	_	_	linguistic	_	ContainsVariation=No	_	_	_	_	_	_
440-8	BZ006	440	8	molto	molto	_	_	_	_	_	linguistic	_	ContainsVariation=No	_	_	_	_	_	_
440-9	BZ006	440	9	familiare	familiare	_	_	_	_	_	linguistic	_	ContainsVariation=No	_	_	_	_	_	_
440-10	BZ006	440	10	e	e	_	_	_	_	_	linguistic	_	ContainsVariation=No	_	_	_	_	_	_
440-11	BZ006	440	11	a	a	_	_	_	_	_	linguistic	_	ContainsVariation=No	_	_	_	_	_	_
440-12	BZ006	440	12	cui	cui	_	_	_	_	_	linguistic	_	ContainsVariation=No	_	_	_	_	_	_
440-13	BZ006	440	13	molto	molto	_	_	_	_	_	linguistic	_	ContainsVariation=No	_	_	_	_	_	_
440-14	BZ006	440	14	sono	sono	_	_	_	_	_	linguistic	_	ContainsVariation=No	_	_	_	_	_	_
440-15	BZ006	440	15	legato	legato	_	_	_	_	_	linguistic	_	ContainsVariation=No	_	_	_	_	_	_
440-16	BZ006	440	16	proprio	proprio	_	_	_	_	_	linguistic	_	ContainsVariation=No	_	_	_	_	_	_
440-17	BZ006	440	17	da	da	_	_	_	_	_	linguistic	_	ContainsVariation=No	_	_	_	_	_	_
440-18	BZ006	440	18	affetto.	affetto	_	_	_	_	_	linguistic	_	ContainsVariation=No	Intonation=Falling	End=1286.824	_	_	_	_
441-0	BZ006	441	0	per	per	_	_	_	_	_	linguistic	_	ContainsVariation=No	_	Begin=1287.259	_	_	_	_
441-1	BZ006	441	1	cui	cui	_	_	_	_	_	linguistic	_	ContainsVariation=No	_	_	_	_	_	_
441-2	BZ006	441	2	ogni	ogni	_	_	_	_	_	linguistic	_	ContainsVariation=No	_	_	_	_	_	_
441-3	BZ006	441	3	tanto	tanto	_	_	_	_	_	linguistic	_	ContainsVariation=No	_	_	_	_	_	_
441-4	BZ006	441	4	mi	mi	_	_	_	_	_	linguistic	_	ContainsVariation=No	_	_	_	_	_	_
441-5	BZ006	441	5	cerco	cerco	_	_	_	_	_	linguistic	_	ContainsVariation=No	_	_	_	_	_	_
441-6	BZ006	441	6	anche	anche	_	_	_	_	_	linguistic	_	ContainsVariation=No	_	_	_	_	_	_
441-7	BZ006	441	7	in	in	_	_	_	_	_	linguistic	_	ContainsVariation=No	_	_	_	_	_	_
441-8	BZ006	441	8	youtube	youtube	_	_	_	_	_	linguistic	_	ContainsVariation=No	_	_	_	_	_	_
441-9	BZ006	441	9	dei	dei	_	_	_	_	_	linguistic	_	ContainsVariation=No	_	_	_	_	_	_
441-10	BZ006	441	10	video	video	_	_	_	_	_	linguistic	_	ContainsVariation=No	_	_	_	_	_	_
441-11	BZ006	441	11	[argentini]	argentini	_	_	_	_	_	linguistic	_	ContainsVariation=No	_	_	_	_	_	0-9(123)
441-12	BZ006	441	12	di	di	_	_	_	_	_	linguistic	_	ContainsVariation=No	_	_	_	_	_	_
441-13	BZ006	441	13	gente	gente	_	_	_	_	_	linguistic	_	ContainsVariation=No	_	_	_	_	_	_
441-14	BZ006	441	14	argentina	argentina	_	_	_	_	_	linguistic	_	ContainsVariation=No	_	_	_	_	_	_
441-15	BZ006	441	15	che	che	_	_	_	_	_	linguistic	_	ContainsVariation=No	_	_	_	_	_	_
441-16	BZ006	441	16	parla	parla	_	_	_	_	_	linguistic	_	ContainsVariation=No	_	_	_	_	_	_
441-17	BZ006	441	17	che	che	_	_	_	_	_	linguistic	_	ContainsVariation=No	_	_	_	_	_	_
441-18	BZ006	441	18	non,	non	_	_	_	_	_	linguistic	_	ContainsVariation=No	Intonation=WeaklyRising|PauseAfter=Yes	_	_	_	_	_
441-19	BZ006	441	19	(.)	(.)	_	_	_	_	_	shortpause	_	ContainsVariation=No	_	_	_	_	_	_
441-20	BZ006	441	20	di	di	_	_	_	_	_	linguistic	_	ContainsVariation=No	_	_	_	_	_	_
441-21	BZ006	441	21	cose	cose	_	_	_	_	_	linguistic	_	ContainsVariation=No	_	_	_	_	_	_
441-22	BZ006	441	22	che	che	_	_	_	_	_	linguistic	_	ContainsVariation=No	_	_	_	_	_	_
441-23	BZ006	441	23	non	non	_	_	_	_	_	linguistic	_	ContainsVariation=No	_	_	_	_	_	_
441-24	BZ006	441	24	me	me	_	_	_	_	_	linguistic	_	ContainsVariation=No	_	_	_	_	_	_
441-25	BZ006	441	25	ne	ne	_	_	_	_	_	linguistic	_	ContainsVariation=No	_	_	_	_	_	_
441-26	BZ006	441	26	frega	frega	_	_	_	_	_	linguistic	_	ContainsVariation=No	_	_	_	_	_	_
441-27	BZ006	441	27	niente	niente	_	_	_	_	_	linguistic	_	ContainsVariation=No	_	_	_	_	_	_
441-28	BZ006	441	28	[o	o	_	_	_	_	_	linguistic	_	ContainsVariation=No	_	_	_	_	_	0-1(124)
441-29	BZ006	441	29	che	che	_	_	_	_	_	linguistic	_	ContainsVariation=No	_	_	_	_	_	0-3(124)
441-30	BZ006	441	30	n-	n-	_	_	_	_	_	linguistic	_	ContainsVariation=No	Interrupted=Yes	_	_	_	_	0-2(124)
441-31	BZ006	441	31	non]	non	_	_	_	_	_	linguistic	_	ContainsVariation=No	_	_	_	_	_	0-3(124)
441-32	BZ006	441	32	so	so	_	_	_	_	_	linguistic	_	ContainsVariation=No	_	_	_	_	_	_
441-33	BZ006	441	33	neanche	neanche	_	_	_	_	_	linguistic	_	ContainsVariation=No	_	_	_	_	_	_
441-34	BZ006	441	34	di	di	_	_	_	_	_	linguistic	_	ContainsVariation=No	_	_	_	_	_	_
441-35	BZ006	441	35	cosa	cosa	_	_	_	_	_	linguistic	_	ContainsVariation=No	_	_	_	_	_	_
441-36	BZ006	441	36	parlino	parlino	_	_	_	_	_	linguistic	_	ContainsVariation=No	_	_	_	_	_	_
441-37	BZ006	441	37	però,	però	_	_	_	_	_	linguistic	_	ContainsVariation=No	Intonation=WeaklyRising	End=1296.069	_	_	_	_
442-0	BZ001	442	0	[mh	mh	_	_	_	_	_	linguistic	_	ContainsVariation=No	ProsodicLink=Yes	Begin=1289.609	_	_	_	0-2(123)
442-1	BZ001	442	1	mh],	mh	_	_	_	_	_	linguistic	_	ContainsVariation=No	Intonation=WeaklyRising	End=1290.079	_	_	_	0-2(123)
443-0	BZ001	443	0	[ah	ah	_	_	_	_	_	linguistic	_	ContainsVariation=No	_	Begin=1293.699	_	_	_	0-2(124)
443-1	BZ001	443	1	okay,	okay	_	_	_	_	_	linguistic	_	ContainsVariation=No	Intonation=WeaklyRising	_	_	_	_	0-4(124)
443-2	BZ001	443	2	((ride))]	((ride))	_	_	_	_	_	nonverbalbehavior	_	ContainsVariation=No	_	End=1294.579	_	_	_	X(124)
444-0	BZ006	444	0	mi	mi	_	_	_	_	_	linguistic	_	ContainsVariation=No	_	Begin=1296.449	_	_	_	_
444-1	BZ006	444	1	piace	piace	_	_	_	_	_	linguistic	_	ContainsVariation=No	_	_	_	_	_	_
444-2	BZ006	444	2	sentire	sentire	_	_	_	_	_	linguistic	_	ContainsVariation=No	_	_	_	_	_	_
444-3	BZ006	444	3	questo:	questo	_	_	_	_	_	linguistic	_	ContainsVariation=No	PauseAfter=Yes	_	5x1	_	_	_
444-4	BZ006	444	4	(.)	(.)	_	_	_	_	_	shortpause	_	ContainsVariation=No	_	_	_	_	_	_
444-5	BZ006	444	5	questo	questo	_	_	_	_	_	linguistic	_	ContainsVariation=No	_	_	_	_	_	_
444-6	BZ006	444	6	modo	modo	_	_	_	_	_	linguistic	_	ContainsVariation=No	_	_	_	_	_	_
444-7	BZ006	444	7	di	di	_	_	_	_	_	linguistic	_	ContainsVariation=No	_	_	_	_	_	_
444-8	BZ006	444	8	parlare	parlare	_	_	_	_	_	linguistic	_	ContainsVariation=No	_	_	_	_	_	_
444-9	BZ006	444	9	[no]?	no	_	_	_	_	_	linguistic	_	ContainsVariation=No	Intonation=Rising	End=1299.659	_	_	_	0-2(125)
445-0	BZ001	445	0	[okay].	okay	_	_	_	_	_	linguistic	_	ContainsVariation=No	Intonation=Falling	Begin=1299.319|End=1299.669	_	_	_	0-4(125)
446-0	BZ006	446	0	più	più	_	_	_	_	_	linguistic	_	ContainsVariation=No	_	Begin=1300.759	_	_	_	_
446-1	BZ006	446	1	di	di	_	_	_	_	_	linguistic	_	ContainsVariation=No	_	_	_	_	_	_
446-2	BZ006	446	2	quanto	quanto	_	_	_	_	_	linguistic	_	ContainsVariation=No	_	_	_	_	_	_
446-3	BZ006	446	3	magari	magari	_	_	_	_	_	linguistic	_	ContainsVariation=No	_	_	_	_	_	_
446-4	BZ006	446	4	posso	posso	_	_	_	_	_	linguistic	_	ContainsVariation=No	_	_	_	_	_	_
446-5	BZ006	446	5	farlo	farlo	_	_	_	_	_	linguistic	_	ContainsVariation=No	_	_	_	_	_	_
446-6	BZ006	446	6	anche	anche	_	_	_	_	_	linguistic	_	ContainsVariation=No	_	_	_	_	_	_
446-7	BZ006	446	7	con	con	_	_	_	_	_	linguistic	_	ContainsVariation=No	_	_	_	_	_	_
446-8	BZ006	446	8	lo	lo	_	_	_	_	_	linguistic	_	ContainsVariation=No	_	_	_	_	_	_
446-9	BZ006	446	9	spagnolo	spagnolo	_	_	_	_	_	linguistic	_	ContainsVariation=No	_	_	_	_	_	_
446-10	BZ006	446	10	classico	classico	_	_	_	_	_	linguistic	_	ContainsVariation=No	_	_	_	_	_	_
446-11	BZ006	446	11	di	di	_	_	_	_	_	linguistic	_	ContainsVariation=No	_	_	_	_	_	_
446-12	BZ006	446	12	spa[gna	spagna	_	_	_	_	_	linguistic	_	ContainsVariation=No	_	_	_	_	_	3-6(126)
446-13	BZ006	446	13	ma],	ma	_	_	_	_	_	linguistic	_	ContainsVariation=No	Intonation=WeaklyRising	End=1304.409	_	_	_	0-2(126)
447-0	BZ001	447	0	[mh	mh	_	_	_	_	_	linguistic	_	ContainsVariation=No	ProsodicLink=Yes	Begin=1303.999	_	_	_	0-2(126)
447-1	BZ001	447	1	mh],	mh	_	_	_	_	_	linguistic	_	ContainsVariation=No	Intonation=WeaklyRising	End=1304.399	_	_	_	0-2(126)
448-0	BZ006	448	0	mi	mi	_	_	_	_	_	linguistic	_	ContainsVariation=No	_	Begin=1304.924	_	_	_	_
448-1	BZ006	448	1	interessa	interessa	_	_	_	_	_	linguistic	_	ContainsVariation=No	_	_	_	_	_	_
448-2	BZ006	448	2	meno	meno	_	_	_	_	_	linguistic	_	ContainsVariation=No	_	_	_	_	_	_
448-3	BZ006	448	3	onestamente.	onestamente	_	_	_	_	_	linguistic	_	ContainsVariation=No	Intonation=Falling	End=1306.474	_	_	_	_
449-0	BZ001	449	0	e	e	_	_	_	_	_	linguistic	_	ContainsVariation=No	_	Begin=1306.664	_	_	_	_
449-1	BZ001	449	1	in	in	_	_	_	_	_	linguistic	_	ContainsVariation=No	_	_	_	_	_	_
449-2	BZ001	449	2	termini	termini	_	_	_	_	_	linguistic	_	ContainsVariation=No	_	_	_	_	_	_
449-3	BZ001	449	3	di	di	_	_	_	_	_	linguistic	_	ContainsVariation=No	_	_	_	_	_	_
449-4	BZ001	449	4	competenza	competenza	_	_	_	_	_	linguistic	_	ContainsVariation=No	_	_	_	_	_	_
449-5	BZ001	449	5	però	però	_	_	_	_	_	linguistic	_	ContainsVariation=No	_	_	_	_	_	_
449-6	BZ001	449	6	di	di	_	_	_	_	_	linguistic	_	ContainsVariation=No	_	_	_	_	_	_
449-7	BZ001	449	7	spagnolo	spagnolo	_	_	_	_	_	linguistic	_	ContainsVariation=No	_	_	_	_	_	_
449-8	BZ001	449	8	di	di	_	_	_	_	_	linguistic	_	ContainsVariation=No	_	_	_	_	_	_
449-9	BZ001	449	9	spagna,	spagna	_	_	_	_	_	linguistic	_	ContainsVariation=No	Intonation=WeaklyRising	_	_	_	_	_
449-10	BZ001	449	10	ti	ti	_	_	_	_	_	linguistic	_	ContainsVariation=No	_	_	_	_	_	_
449-11	BZ001	449	11	è	è	_	_	_	_	_	linguistic	_	ContainsVariation=No	_	_	_	_	_	_
449-12	BZ001	449	12	capitato	capitato	_	_	_	_	_	linguistic	_	ContainsVariation=No	_	_	_	_	_	_
449-13	BZ001	449	13	di	di	_	_	_	_	_	linguistic	_	ContainsVariation=No	_	_	_	_	_	_
449-14	BZ001	449	14	>non	non	_	_	_	_	_	linguistic	_	ContainsVariation=No	_	_	_	Fast=0-3(0)	_	_
449-15	BZ001	449	15	so<	so	_	_	_	_	_	linguistic	_	ContainsVariation=No	_	_	_	Fast=0-2(0)	_	_
449-16	BZ001	449	16	di	di	_	_	_	_	_	linguistic	_	ContainsVariation=No	_	_	_	_	_	_
449-17	BZ001	449	17	vedere	vedere	_	_	_	_	_	linguistic	_	ContainsVariation=No	_	_	_	_	_	_
449-18	BZ001	449	18	un	un	_	_	_	_	_	linguistic	_	ContainsVariation=No	_	_	_	_	_	_
449-19	BZ001	449	19	film	film	_	_	_	_	_	linguistic	_	ContainsVariation=No	_	_	_	_	_	_
449-20	BZ001	449	20	[qualcosa],	qualcosa	_	_	_	_	_	linguistic	_	ContainsVariation=No	Intonation=WeaklyRising	End=1311.684	_	_	_	0-8(127)
450-0	BZ006	450	0	[sì	sì	_	_	_	_	_	linguistic	_	ContainsVariation=No	ProsodicLink=Yes	Begin=1311.484	_	_	_	0-2(127)
450-1	BZ006	450	1	sì]	sì	_	_	_	_	_	linguistic	_	ContainsVariation=No	ProsodicLink=Yes	_	_	_	_	0-2(127)
450-2	BZ006	450	2	sì.	sì	_	_	_	_	_	linguistic	_	ContainsVariation=No	Intonation=Falling	_	_	_	_	_
450-3	BZ006	450	3	quello	quello	_	_	_	_	_	linguistic	_	ContainsVariation=No	_	_	_	_	_	_
450-4	BZ006	450	4	sì	sì	_	_	_	_	_	linguistic	_	ContainsVariation=No	ProsodicLink=Yes	_	_	_	_	_
450-5	BZ006	450	5	sì	sì	_	_	_	_	_	linguistic	_	ContainsVariation=No	ProsodicLink=Yes	_	_	_	_	_
450-6	BZ006	450	6	sì.	sì	_	_	_	_	_	linguistic	_	ContainsVariation=No	Intonation=Falling	End=1312.774	_	_	_	_
451-0	BZ001	451	0	[e	e	_	_	_	_	_	linguistic	_	ContainsVariation=No	_	Begin=1312.774	_	_	_	0-1(128)
451-1	BZ001	451	1	la	la	_	_	_	_	_	linguistic	_	ContainsVariation=No	_	_	_	_	_	0-2(128)
451-2	BZ001	451	2	comprensione	comprensione	_	_	_	_	_	linguistic	_	ContainsVariation=No	_	_	_	_	_	0-12(128)
451-3	BZ001	451	3	c'	c'	_	_	_	_	_	linguistic	_	ContainsVariation=No	SpaceAfter=No	_	_	_	_	0-2(128)
451-4	BZ001	451	4	è].	è	_	_	_	_	_	linguistic	_	ContainsVariation=No	Intonation=Falling	End=1314.064	_	_	_	0-1(128)
452-0	BZ006	452	0	[sì	sì	_	_	_	_	_	linguistic	_	ContainsVariation=No	ProsodicLink=Yes	Begin=1312.774	_	_	_	0-2(128)
452-1	BZ006	452	1	sì	sì	_	_	_	_	_	linguistic	_	ContainsVariation=No	ProsodicLink=Yes	_	_	_	_	0-2(128)
452-2	BZ006	452	2	sì	sì	_	_	_	_	_	linguistic	_	ContainsVariation=No	ProsodicLink=Yes	_	_	_	_	0-2(128)
452-3	BZ006	452	3	sì	sì	_	_	_	_	_	linguistic	_	ContainsVariation=No	ProsodicLink=Yes	_	_	_	_	0-2(128)
452-4	BZ006	452	4	sì	sì	_	_	_	_	_	linguistic	_	ContainsVariation=No	ProsodicLink=Yes	_	_	_	_	0-2(128)
452-5	BZ006	452	5	sì	sì	_	_	_	_	_	linguistic	_	ContainsVariation=No	ProsodicLink=Yes	_	_	_	_	0-2(128)
452-6	BZ006	452	6	sì].	sì	_	_	_	_	_	linguistic	_	ContainsVariation=No	Intonation=Falling	End=1314.064	_	_	_	0-2(128)
453-0	BZ006	453	0	sì	sì	_	_	_	_	_	linguistic	_	ContainsVariation=No	_	Begin=1314.284	_	_	_	_
453-1	BZ006	453	1	devo	devo	_	_	_	_	_	linguistic	_	ContainsVariation=No	_	_	_	_	_	_
453-2	BZ006	453	2	dire	dire	_	_	_	_	_	linguistic	_	ContainsVariation=No	_	_	_	_	_	_
453-3	BZ006	453	3	che	che	_	_	_	_	_	linguistic	_	ContainsVariation=No	_	_	_	_	_	_
453-4	BZ006	453	4	è:	è	_	_	_	_	_	linguistic	_	ContainsVariation=No	PauseAfter=Yes	_	0x1	_	_	_
453-5	BZ006	453	5	(.)	(.)	_	_	_	_	_	shortpause	_	ContainsVariation=No	_	_	_	_	_	_
453-6	BZ006	453	6	dipende	dipende	_	_	_	_	_	linguistic	_	ContainsVariation=No	_	_	_	_	_	_
453-7	BZ006	453	7	dal	dal	_	_	_	_	_	linguistic	_	ContainsVariation=No	_	_	_	_	_	_
453-8	BZ006	453	8	peri-	peri-	_	_	_	_	_	linguistic	_	ContainsVariation=No	Interrupted=Yes	_	_	_	_	_
453-9	BZ006	453	9	cioè	cioè	_	_	_	_	_	linguistic	_	ContainsVariation=No	_	_	_	_	_	_
453-10	BZ006	453	10	subito	subito	_	_	_	_	_	linguistic	_	ContainsVariation=No	_	_	_	_	_	_
453-11	BZ006	453	11	dopo	dopo	_	_	_	_	_	linguistic	_	ContainsVariation=No	_	_	_	_	_	_
453-12	BZ006	453	12	il	il	_	_	_	_	_	linguistic	_	ContainsVariation=No	_	_	_	_	_	_
453-13	BZ006	453	13	viaggio,	viaggio	_	_	_	_	_	linguistic	_	ContainsVariation=No	Intonation=WeaklyRising	_	_	_	_	_
453-14	BZ006	453	14	era	era	_	_	_	_	_	linguistic	_	ContainsVariation=No	_	_	_	_	_	_
453-15	BZ006	453	15	altissima.	altissima	_	_	_	_	_	linguistic	_	ContainsVariation=No	Intonation=Falling	End=1319.01	_	_	_	_
454-0	BZ001	454	0	okay.	okay	_	_	_	_	_	linguistic	_	ContainsVariation=No	Intonation=Falling	Begin=1319.019|End=1319.429	_	_	_	_
455-0	BZ006	455	0	se	se	_	_	_	_	_	linguistic	_	ContainsVariation=No	_	Begin=1319.499	_	_	_	_
455-1	BZ006	455	1	io	io	_	_	_	_	_	linguistic	_	ContainsVariation=No	_	_	_	_	_	_
455-2	BZ006	455	2	mi	mi	_	_	_	_	_	linguistic	_	ContainsVariation=No	_	_	_	_	_	_
455-3	BZ006	455	3	guardassi	guardassi	_	_	_	_	_	linguistic	_	ContainsVariation=No	_	_	_	_	_	_
455-4	BZ006	455	4	un	un	_	_	_	_	_	linguistic	_	ContainsVariation=No	_	_	_	_	_	_
455-5	BZ006	455	5	film	film	_	_	_	_	_	linguistic	_	ContainsVariation=No	_	_	_	_	_	_
455-6	BZ006	455	6	adesso	adesso	_	_	_	_	_	linguistic	_	ContainsVariation=No	_	_	_	_	_	_
455-7	BZ006	455	7	probabilmente	probabilmente	_	_	_	_	_	linguistic	_	ContainsVariation=No	_	_	_	_	_	_
455-8	BZ006	455	8	diverse	diverse	_	_	_	_	_	linguistic	_	ContainsVariation=No	_	_	_	_	_	_
455-9	BZ006	455	9	parole	parole	_	_	_	_	_	linguistic	_	ContainsVariation=No	_	_	_	_	_	_
455-10	BZ006	455	10	[le	le	_	_	_	_	_	linguistic	_	ContainsVariation=No	_	_	_	_	_	0-2(129)
455-11	BZ006	455	11	mangerei]	mangerei	_	_	_	_	_	linguistic	_	ContainsVariation=No	_	_	_	_	_	0-8(129)
455-12	BZ006	455	12	le	le	_	_	_	_	_	linguistic	_	ContainsVariation=No	_	_	_	_	_	_
455-13	BZ006	455	13	perderei	perderei	_	_	_	_	_	linguistic	_	ContainsVariation=No	_	_	_	_	_	_
455-14	BZ006	455	14	o	o	_	_	_	_	_	linguistic	_	ContainsVariation=No	_	_	_	_	_	_
455-15	BZ006	455	15	mi	mi	_	_	_	_	_	linguistic	_	ContainsVariation=No	_	_	_	_	_	_
455-16	BZ006	455	16	servirebbero	servirebbero	_	_	_	_	_	linguistic	_	ContainsVariation=No	_	_	_	_	_	_
455-17	BZ006	455	17	magari	magari	_	_	_	_	_	linguistic	_	ContainsVariation=No	_	_	_	_	_	_
455-18	BZ006	455	18	i	i	_	_	_	_	_	linguistic	_	ContainsVariation=No	_	_	_	_	_	_
455-19	BZ006	455	19	sottotitoli	sottotitoli	_	_	_	_	_	linguistic	_	ContainsVariation=No	_	_	_	_	_	_
455-20	BZ006	455	20	all'	all'	_	_	_	_	_	linguistic	_	ContainsVariation=No	SpaceAfter=No	_	_	_	_	_
455-21	BZ006	455	21	inizio,	inizio	_	_	_	_	_	linguistic	_	ContainsVariation=No	Intonation=WeaklyRising	End=1325.63	_	_	_	_
456-0	BZ001	456	0	[mh	mh	_	_	_	_	_	linguistic	_	ContainsVariation=No	ProsodicLink=Yes	Begin=1322.219	_	_	_	0-2(129)
456-1	BZ001	456	1	mh],	mh	_	_	_	_	_	linguistic	_	ContainsVariation=No	Intonation=WeaklyRising	End=1322.819	_	_	_	0-2(129)
457-0	BZ001	457	0	mh	mh	_	_	_	_	_	linguistic	_	ContainsVariation=No	ProsodicLink=Yes	Begin=1325.619	_	_	_	_
457-1	BZ001	457	1	mh,	mh	_	_	_	_	_	linguistic	_	ContainsVariation=No	Intonation=WeaklyRising	End=1325.9715	_	_	_	_
458-0	BZ006	458	0	ma	ma	_	_	_	_	_	linguistic	_	ContainsVariation=No	_	Begin=1325.9715	_	_	_	_
458-1	BZ006	458	1	anche	anche	_	_	_	_	_	linguistic	_	ContainsVariation=No	_	_	_	_	_	_
458-2	BZ006	458	2	mi	mi	_	_	_	_	_	linguistic	_	ContainsVariation=No	_	_	_	_	_	_
458-3	BZ006	458	3	rendo	rendo	_	_	_	_	_	linguistic	_	ContainsVariation=No	_	_	_	_	_	_
458-4	BZ006	458	4	conto	conto	_	_	_	_	_	linguistic	_	ContainsVariation=No	_	_	_	_	_	_
458-5	BZ006	458	5	quando	quando	_	_	_	_	_	linguistic	_	ContainsVariation=No	_	_	_	_	_	_
458-6	BZ006	458	6	parlo	parlo	_	_	_	_	_	linguistic	_	ContainsVariation=No	_	_	_	_	_	_
458-7	BZ006	458	7	con	con	_	_	_	_	_	linguistic	_	ContainsVariation=No	_	_	_	_	_	_
458-8	BZ006	458	8	la	la	_	_	_	_	_	linguistic	_	ContainsVariation=No	_	_	_	_	_	_
458-9	BZ006	458	9	mia	mia	_	_	_	_	_	linguistic	_	ContainsVariation=No	_	_	_	_	_	_
458-10	BZ006	458	10	stessa	stessa	_	_	_	_	_	linguistic	_	ContainsVariation=No	_	_	_	_	_	_
458-11	BZ006	458	11	famiglia	famiglia	_	_	_	_	_	linguistic	_	ContainsVariation=No	_	_	_	_	_	_
458-12	BZ006	458	12	o	o	_	_	_	_	_	linguistic	_	ContainsVariation=No	_	_	_	_	_	_
458-13	BZ006	458	13	con	con	_	_	_	_	_	linguistic	_	ContainsVariation=No	_	_	_	_	_	_
458-14	BZ006	458	14	i	i	_	_	_	_	_	linguistic	_	ContainsVariation=No	_	_	_	_	_	_
458-15	BZ006	458	15	miei	miei	_	_	_	_	_	linguistic	_	ContainsVariation=No	_	_	_	_	_	_
458-16	BZ006	458	16	amici	amici	_	_	_	_	_	linguistic	_	ContainsVariation=No	_	_	_	_	_	_
458-17	BZ006	458	17	spagnoli	spagnoli	_	_	_	_	_	linguistic	_	ContainsVariation=No	_	_	_	_	_	_
458-18	BZ006	458	18	che	che	_	_	_	_	_	linguistic	_	ContainsVariation=No	_	_	_	_	_	_
458-19	BZ006	458	19	son	son	_	_	_	_	_	linguistic	_	ContainsVariation=No	_	_	_	_	_	_
458-20	BZ006	458	20	di	di	_	_	_	_	_	linguistic	_	ContainsVariation=No	_	_	_	_	_	_
458-21	BZ006	458	21	spagna,	spagna	_	_	_	_	_	linguistic	_	ContainsVariation=No	Intonation=WeaklyRising	End=1330.684	_	_	_	_
459-0	BZ006	459	0	adesso	adesso	_	_	_	_	_	linguistic	_	ContainsVariation=No	_	Begin=1331.159	_	_	_	_
459-1	BZ006	459	1	faccio	faccio	_	_	_	_	_	linguistic	_	ContainsVariation=No	_	_	_	_	_	_
459-2	BZ006	459	2	un	un	_	_	_	_	_	linguistic	_	ContainsVariation=No	_	_	_	_	_	_
459-3	BZ006	459	3	po'	po'	_	_	_	_	_	linguistic	_	ContainsVariation=No	_	_	_	_	_	_
459-4	BZ006	459	4	più	più	_	_	_	_	_	linguistic	_	ContainsVariation=No	_	_	_	_	_	_
459-5	BZ006	459	5	fatica.	fatica	_	_	_	_	_	linguistic	_	ContainsVariation=No	Intonation=Falling	End=1332.579	_	_	_	_
460-0	BZ001	460	0	mh	mh	_	_	_	_	_	linguistic	_	ContainsVariation=No	ProsodicLink=Yes	Begin=1332.834	_	_	_	_
460-1	BZ001	460	1	mh.	mh	_	_	_	_	_	linguistic	_	ContainsVariation=No	Intonation=Falling	End=1333.244	_	_	_	_
461-0	BZ006	461	0	ma	ma	_	_	_	_	_	linguistic	_	ContainsVariation=No	_	Begin=1333.224	_	_	_	_
461-1	BZ006	461	1	perché	perché	_	_	_	_	_	linguistic	_	ContainsVariation=No	_	_	_	_	_	_
461-2	BZ006	461	2	nel	nel	_	_	_	_	_	linguistic	_	ContainsVariation=No	_	_	_	_	_	_
461-3	BZ006	461	3	frattempo	frattempo	_	_	_	_	_	linguistic	_	ContainsVariation=No	_	_	_	_	_	_
461-4	BZ006	461	4	appunto	appunto	_	_	_	_	_	linguistic	_	ContainsVariation=No	_	_	_	_	_	_
461-5	BZ006	461	5	qui	qui	_	_	_	_	_	linguistic	_	ContainsVariation=No	_	_	_	_	_	_
461-6	BZ006	461	6	arriviamo	arriviamo	_	_	_	_	_	linguistic	_	ContainsVariation=No	_	_	_	_	_	_
461-7	BZ006	461	7	[al	al	_	_	_	_	_	linguistic	_	ContainsVariation=No	_	_	_	_	_	0-2(132)
461-8	BZ006	461	8	punto	punto	_	_	_	_	_	linguistic	_	ContainsVariation=No	_	_	_	_	_	0-5(132)
461-9	BZ006	461	9	due,	due	_	_	_	_	_	linguistic	_	ContainsVariation=No	Intonation=WeaklyRising	_	_	_	_	0-3(132)
461-10	BZ006	461	10	ho	ho	_	_	_	_	_	linguistic	_	ContainsVariation=No	_	_	_	_	_	0-2(132)
461-11	BZ006	461	11	dovu]to	dovuto	_	_	_	_	_	linguistic	_	ContainsVariation=No	_	_	_	_	_	0-4(132)
461-12	BZ006	461	12	usarne	usarne	_	_	_	_	_	linguistic	_	ContainsVariation=No	_	_	_	_	_	_
461-13	BZ006	461	13	un'	un'	_	_	_	_	_	linguistic	_	ContainsVariation=No	SpaceAfter=No	_	_	_	_	_
461-14	BZ006	461	14	altra	altra	_	_	_	_	_	linguistic	_	ContainsVariation=No	_	_	_	_	_	_
461-15	BZ006	461	15	ancora,	ancora	_	_	_	_	_	linguistic	_	ContainsVariation=No	Intonation=WeaklyRising	_	_	_	_	_
461-16	BZ006	461	16	>cioè	cioè	_	_	_	_	_	linguistic	_	ContainsVariation=No	_	_	_	Fast=0-4(0)	_	_
461-17	BZ006	461	17	un'	un'	_	_	_	_	_	linguistic	_	ContainsVariation=No	SpaceAfter=No	_	_	Fast=0-3(0)	_	_
461-18	BZ006	461	18	altra	altra	_	_	_	_	_	linguistic	_	ContainsVariation=No	_	_	_	Fast=0-5(0)	_	_
461-19	BZ006	461	19	ancora<	ancora	_	_	_	_	_	linguistic	_	ContainsVariation=No	_	End=1337.724	_	Fast=0-5(0)	_	_
462-0	BZ001	462	0	[eh	eh	_	_	_	_	_	linguistic	_	ContainsVariation=No	_	Begin=1335.06	_	_	_	0-2(132)
462-1	BZ001	462	1	certo].	certo	_	_	_	_	_	linguistic	_	ContainsVariation=No	Intonation=Falling	End=1335.839	_	_	_	0-5(132)
463-0	BZ006	463	0	un'	un'	_	_	_	_	_	linguistic	_	ContainsVariation=No	SpaceAfter=No	Begin=1338.019	_	_	_	_
463-1	BZ006	463	1	altra	altra	_	_	_	_	_	linguistic	_	ContainsVariation=No	_	_	_	_	_	_
463-2	BZ006	463	2	che	che	_	_	_	_	_	linguistic	_	ContainsVariation=No	_	_	_	_	_	_
463-3	BZ006	463	3	è	è	_	_	_	_	_	linguistic	_	ContainsVariation=No	_	_	_	_	_	_
463-4	BZ006	463	4	tornata	tornata	_	_	_	_	_	linguistic	_	ContainsVariation=No	_	_	_	_	_	_
463-5	BZ006	463	5	[in	in	_	_	_	_	_	linguistic	_	ContainsVariation=No	_	_	_	_	_	0-2(133)
463-6	BZ006	463	6	auge],	auge	_	_	_	_	_	linguistic	_	ContainsVariation=No	Intonation=WeaklyRising	_	_	_	_	0-4(133)
463-7	BZ006	463	7	((ridendo))	((ridendo))	_	_	_	_	_	nonverbalbehavior	_	ContainsVariation=No	_	End=1339.73	_	_	_	_
464-0	BZ001	464	0	[((ride))]	((ride))	_	_	_	_	_	nonverbalbehavior	_	ContainsVariation=No	_	Begin=1339.164|End=1339.73	_	_	_	X(133)
465-0	BZ001	465	0	((ride))	((ride))	_	_	_	_	_	nonverbalbehavior	_	ContainsVariation=No	_	Begin=1339.744|End=1340.144	_	_	_	_
466-0	BZ006	466	0	perché	perché	_	_	_	_	_	linguistic	_	ContainsVariation=No	_	Begin=1340.269	_	_	_	_
466-1	BZ006	466	1	dopo	dopo	_	_	_	_	_	linguistic	_	ContainsVariation=No	_	_	_	_	_	_
466-2	BZ006	466	2	il	il	_	_	_	_	_	linguistic	_	ContainsVariation=No	_	_	_	_	_	_
466-3	BZ006	466	3	ritorno,	ritorno	_	_	_	_	_	linguistic	_	ContainsVariation=No	Intonation=WeaklyRising	End=1341.709	_	_	_	_
467-0	BZ006	467	0	non	non	_	_	_	_	_	linguistic	_	ContainsVariation=No	_	Begin=1342.134	_	_	_	_
467-1	BZ006	467	1	amrei,	amrei	_	_	_	_	_	linguistic	_	ContainsVariation=No	Intonation=WeaklyRising	_	_	_	_	_
467-2	BZ006	467	2	non	non	_	_	_	_	_	linguistic	_	ContainsVariation=No	_	_	_	_	_	_
467-3	BZ006	467	3	avrei	avrei	_	_	_	_	_	linguistic	_	ContainsVariation=No	_	_	_	_	_	_
467-4	BZ006	467	4	mai	mai	_	_	_	_	_	linguistic	_	ContainsVariation=No	_	_	_	_	_	_
467-5	BZ006	467	5	mai	mai	_	_	_	_	_	linguistic	_	ContainsVariation=No	_	_	_	_	_	_
467-6	BZ006	467	6	detto,	detto	_	_	_	_	_	linguistic	_	ContainsVariation=No	Intonation=WeaklyRising	_	_	_	_	_
467-7	BZ006	467	7	però	però	_	_	_	_	_	linguistic	_	ContainsVariation=No	_	_	_	_	_	_
467-8	BZ006	467	8	il	il	_	_	_	_	_	linguistic	_	ContainsVariation=No	_	_	_	_	_	_
467-9	BZ006	467	9	tedesco	tedesco	_	_	_	_	_	linguistic	_	ContainsVariation=No	_	_	_	_	_	_
467-10	BZ006	467	10	è	è	_	_	_	_	_	linguistic	_	ContainsVariation=No	_	_	_	_	_	_
467-11	BZ006	467	11	tornato	tornato	_	_	_	_	_	linguistic	_	ContainsVariation=No	_	_	_	_	_	_
467-12	BZ006	467	12	proprio	proprio	_	_	_	_	_	linguistic	_	ContainsVariation=No	_	_	_	_	_	_
467-13	BZ006	467	13	per	per	_	_	_	_	_	linguistic	_	ContainsVariation=No	_	_	_	_	_	_
467-14	BZ006	467	14	me	me	_	_	_	_	_	linguistic	_	ContainsVariation=No	_	_	_	_	_	_
467-15	BZ006	467	15	a	a	_	_	_	_	_	linguistic	_	ContainsVariation=No	_	_	_	_	_	_
467-16	BZ006	467	16	essere,	essere	_	_	_	_	_	linguistic	_	ContainsVariation=No	Intonation=WeaklyRising	End=1347.544	_	_	_	_
468-0	BZ006	468	0	quasi	quasi	_	_	_	_	_	linguistic	_	ContainsVariation=No	_	Begin=1348.074	_	_	_	_
468-1	BZ006	468	1	più	più	_	_	_	_	_	linguistic	_	ContainsVariation=No	_	_	_	_	_	_
468-2	BZ006	468	2	parlato	parlato	_	_	_	_	_	linguistic	_	ContainsVariation=No	_	_	_	_	_	_
468-3	BZ006	468	3	dell'	dell'	_	_	_	_	_	linguistic	_	ContainsVariation=No	SpaceAfter=No	_	_	_	_	_
468-4	BZ006	468	4	italiano.	italiano	_	_	_	_	_	linguistic	_	ContainsVariation=No	Intonation=Falling	End=1349.734	_	_	_	_
469-0	BZ006	469	0	[perché]	perché	_	_	_	_	_	linguistic	_	ContainsVariation=No	_	Begin=1349.824	_	_	_	0-6(134)
469-1	BZ006	469	1	questo	questo	_	_	_	_	_	linguistic	_	ContainsVariation=No	_	_	_	_	_	_
469-2	BZ006	469	2	(ero	ero	_	_	_	_	_	linguistic	_	ContainsVariation=No	_	_	_	_	0-3(0)	_
469-3	BZ006	469	3	arrivato,)	arrivato	_	_	_	_	_	linguistic	_	ContainsVariation=No	Intonation=WeaklyRising	End=1351.174	_	_	0-8(0)	_
470-0	BZ001	470	0	[mh	mh	_	_	_	_	_	linguistic	_	ContainsVariation=No	ProsodicLink=Yes	Begin=1349.829	_	_	_	0-2(134)
470-1	BZ001	470	1	mh],	mh	_	_	_	_	_	linguistic	_	ContainsVariation=No	Intonation=WeaklyRising	End=1350.149	_	_	_	0-2(134)
471-0	BZ006	471	0	ho	ho	_	_	_	_	_	linguistic	_	ContainsVariation=No	_	Begin=1351.754	_	_	_	_
471-1	BZ006	471	1	cominciato	cominciato	_	_	_	_	_	linguistic	_	ContainsVariation=No	_	_	_	_	_	_
471-2	BZ006	471	2	un'	un'	_	_	_	_	_	linguistic	_	ContainsVariation=No	SpaceAfter=No	_	_	_	_	_
471-3	BZ006	471	3	esperienza:	esperienza	_	_	_	_	_	linguistic	_	ContainsVariation=No	_	_	9x1	_	_	_
471-4	BZ006	471	4	che	che	_	_	_	_	_	linguistic	_	ContainsVariation=No	_	_	_	_	_	_
471-5	BZ006	471	5	reputo	reputo	_	_	_	_	_	linguistic	_	ContainsVariation=No	_	_	_	_	_	_
471-6	BZ006	471	6	ancora	ancora	_	_	_	_	_	linguistic	_	ContainsVariation=No	_	_	_	_	_	_
471-7	BZ006	471	7	assurda,	assurda	_	_	_	_	_	linguistic	_	ContainsVariation=No	Intonation=WeaklyRising	End=1355.164	_	_	_	_
472-0	BZ001	472	0	((ride))	((ride))	_	_	_	_	_	nonverbalbehavior	_	ContainsVariation=No	_	Begin=1355.204|End=1355.594	_	_	_	_
473-0	BZ006	473	0	perché	perché	_	_	_	_	_	linguistic	_	ContainsVariation=No	_	Begin=1355.594	_	_	_	_
473-1	BZ006	473	1	da	da	_	_	_	_	_	linguistic	_	ContainsVariation=No	_	_	_	_	_	_
473-2	BZ006	473	2	madrelingua	madrelingua	_	_	_	_	_	linguistic	_	ContainsVariation=No	_	_	_	_	_	_
473-3	BZ006	473	3	mi	mi	_	_	_	_	_	linguistic	_	ContainsVariation=No	_	_	_	_	_	_
473-4	BZ006	473	4	son	son	_	_	_	_	_	linguistic	_	ContainsVariation=No	_	_	_	_	_	_
473-5	BZ006	473	5	messo	messo	_	_	_	_	_	linguistic	_	ContainsVariation=No	_	_	_	_	_	_
473-6	BZ006	473	6	a	a	_	_	_	_	_	linguistic	_	ContainsVariation=No	_	_	_	_	_	_
473-7	BZ006	473	7	insegnare	insegnare	_	_	_	_	_	linguistic	_	ContainsVariation=No	_	_	_	_	_	_
473-8	BZ006	473	8	ai	ai	_	_	_	_	_	linguistic	_	ContainsVariation=No	_	_	_	_	_	_
473-9	BZ006	473	9	madrelingua	madrelingua	_	_	_	_	_	linguistic	_	ContainsVariation=No	_	_	_	_	_	_
473-10	BZ006	473	10	italiana,	italiana	_	_	_	_	_	linguistic	_	ContainsVariation=No	Intonation=WeaklyRising	_	_	_	_	_
473-11	BZ006	473	11	bambini,	bambini	_	_	_	_	_	linguistic	_	ContainsVariation=No	Intonation=WeaklyRising	_	_	_	_	_
473-12	BZ006	473	12	il	il	_	_	_	_	_	linguistic	_	ContainsVariation=No	_	_	_	_	_	_
473-13	BZ006	473	13	tedesco.	tedesco	_	_	_	_	_	linguistic	_	ContainsVariation=No	Intonation=Falling	_	_	_	_	_
473-14	BZ006	473	14	che	che	_	_	_	_	_	linguistic	_	ContainsVariation=No	_	_	_	_	_	_
473-15	BZ006	473	15	è	è	_	_	_	_	_	linguistic	_	ContainsVariation=No	_	_	_	_	_	_
473-16	BZ006	473	16	la	la	_	_	_	_	_	linguistic	_	ContainsVariation=No	_	_	_	_	_	_
473-17	BZ006	473	17	loro	loro	_	_	_	_	_	linguistic	_	ContainsVariation=No	_	_	_	_	_	_
473-18	BZ006	473	18	seconda	seconda	_	_	_	_	_	linguistic	_	ContainsVariation=No	_	_	_	_	_	_
473-19	BZ006	473	19	lingua	lingua	_	_	_	_	_	linguistic	_	ContainsVariation=No	_	_	_	_	_	_
473-20	BZ006	473	20	e	e	_	_	_	_	_	linguistic	_	ContainsVariation=No	_	_	_	_	_	_
473-21	BZ006	473	21	anche	anche	_	_	_	_	_	linguistic	_	ContainsVariation=No	_	_	_	_	_	_
473-22	BZ006	473	22	la	la	_	_	_	_	_	linguistic	_	ContainsVariation=No	_	_	_	_	_	_
473-23	BZ006	473	23	mia	mia	_	_	_	_	_	linguistic	_	ContainsVariation=No	_	_	_	_	_	_
473-24	BZ006	473	24	[seconda	seconda	_	_	_	_	_	linguistic	_	ContainsVariation=No	_	_	_	_	_	0-7(135)
473-25	BZ006	473	25	lingua].	lingua	_	_	_	_	_	linguistic	_	ContainsVariation=No	Intonation=Falling	End=1363.414	_	_	_	0-6(135)
474-0	BZ001	474	0	[eh	eh	_	_	_	_	_	linguistic	_	ContainsVariation=No	_	Begin=1363.219	_	_	_	0-2(135)
474-1	BZ001	474	1	cer]to	certo	_	_	_	_	_	linguistic	_	ContainsVariation=No	_	_	_	_	_	0-3(135)
474-2	BZ001	474	2	((ride))	((ride))	_	_	_	_	_	nonverbalbehavior	_	ContainsVariation=No	_	End=1364.119	_	_	_	_
475-0	BZ006	475	0	e	e	_	_	_	_	_	linguistic	_	ContainsVariation=No	_	Begin=1364.184	_	_	_	_
475-1	BZ006	475	1	iniziare	iniziare	_	_	_	_	_	linguistic	_	ContainsVariation=No	_	_	_	_	_	_
475-2	BZ006	475	2	questo	questo	_	_	_	_	_	linguistic	_	ContainsVariation=No	_	_	_	_	_	_
475-3	BZ006	475	3	lavoro	lavoro	_	_	_	_	_	linguistic	_	ContainsVariation=No	_	_	_	_	_	_
475-4	BZ006	475	4	subito	subito	_	_	_	_	_	linguistic	_	ContainsVariation=No	_	_	_	_	_	_
475-5	BZ006	475	5	dopo	dopo	_	_	_	_	_	linguistic	_	ContainsVariation=No	_	_	_	_	_	_
475-6	BZ006	475	6	un	un	_	_	_	_	_	linguistic	_	ContainsVariation=No	_	_	_	_	_	_
475-7	BZ006	475	7	viaggio	viaggio	_	_	_	_	_	linguistic	_	ContainsVariation=No	_	_	_	_	_	_
475-8	BZ006	475	8	in	in	_	_	_	_	_	linguistic	_	ContainsVariation=No	_	_	_	_	_	_
475-9	BZ006	475	9	spag-	spag-	_	_	_	_	_	linguistic	_	ContainsVariation=No	Interrupted=Yes	_	_	_	_	_
475-10	BZ006	475	10	in	in	_	_	_	_	_	linguistic	_	ContainsVariation=No	_	_	_	_	_	_
475-11	BZ006	475	11	america	america	_	_	_	_	_	linguistic	_	ContainsVariation=No	_	_	_	_	_	_
475-12	BZ006	475	12	latina	latina	_	_	_	_	_	linguistic	_	ContainsVariation=No	_	_	_	_	_	_
475-13	BZ006	475	13	in	in	_	_	_	_	_	linguistic	_	ContainsVariation=No	_	_	_	_	_	_
475-14	BZ006	475	14	cui	cui	_	_	_	_	_	linguistic	_	ContainsVariation=No	_	_	_	_	_	_
475-15	BZ006	475	15	avevo	avevo	_	_	_	_	_	linguistic	_	ContainsVariation=No	_	_	_	_	_	_
475-16	BZ006	475	16	parlato	parlato	_	_	_	_	_	linguistic	_	ContainsVariation=No	_	_	_	_	_	_
475-17	BZ006	475	17	spagnolo,	spagnolo	_	_	_	_	_	linguistic	_	ContainsVariation=No	Intonation=WeaklyRising	End=1369.884	_	_	_	_
476-0	BZ006	476	0	è	è	_	_	_	_	_	linguistic	_	ContainsVariation=No	_	Begin=1371.509	_	_	_	_
476-1	BZ006	476	1	stata	stata	_	_	_	_	_	linguistic	_	ContainsVariation=No	_	_	_	_	_	_
476-2	BZ006	476	2	una	una	_	_	_	_	_	linguistic	_	ContainsVariation=No	_	_	_	_	_	_
476-3	BZ006	476	3	sfida.	sfida	_	_	_	_	_	linguistic	_	ContainsVariation=No	Intonation=Falling	End=1372.319	_	_	_	_
477-0	BZ006	477	0	perché	perché	_	_	_	_	_	linguistic	_	ContainsVariation=No	_	Begin=1372.669	_	_	_	_
477-1	BZ006	477	1	io	io	_	_	_	_	_	linguistic	_	ContainsVariation=No	_	_	_	_	_	_
477-2	BZ006	477	2	il	il	_	_	_	_	_	linguistic	_	ContainsVariation=No	_	_	_	_	_	_
477-3	BZ006	477	3	tedesco	tedesco	_	_	_	_	_	linguistic	_	ContainsVariation=No	_	_	_	_	_	_
477-4	BZ006	477	4	non	non	_	_	_	_	_	linguistic	_	ContainsVariation=No	_	_	_	_	_	_
477-5	BZ006	477	5	lo	lo	_	_	_	_	_	linguistic	_	ContainsVariation=No	_	_	_	_	_	_
477-6	BZ006	477	6	parlavo	parlavo	_	_	_	_	_	linguistic	_	ContainsVariation=No	_	_	_	_	_	_
477-7	BZ006	477	7	più	più	_	_	_	_	_	linguistic	_	ContainsVariation=No	_	_	_	_	_	_
477-8	BZ006	477	8	da	da	_	_	_	_	_	linguistic	_	ContainsVariation=No	_	_	_	_	_	_
477-9	BZ006	477	9	tanto.	tanto	_	_	_	_	_	linguistic	_	ContainsVariation=No	Intonation=Falling	End=1374.829	_	_	_	_
478-0	BZ001	478	0	ah.	ah	_	_	_	_	_	linguistic	_	ContainsVariation=No	Intonation=Falling	Begin=1374.974|End=1375.174	_	_	_	_
479-0	BZ006	479	0	eh	eh	_	_	_	_	_	linguistic	_	ContainsVariation=No	_	Begin=1375.529	_	_	_	_
479-1	BZ006	479	1	mi	mi	_	_	_	_	_	linguistic	_	ContainsVariation=No	_	_	_	_	_	_
479-2	BZ006	479	2	è	è	_	_	_	_	_	linguistic	_	ContainsVariation=No	_	_	_	_	_	_
479-3	BZ006	479	3	venuto	venuto	_	_	_	_	_	linguistic	_	ContainsVariation=No	_	_	_	_	_	_
479-4	BZ006	479	4	in	in	_	_	_	_	_	linguistic	_	ContainsVariation=No	_	_	_	_	_	_
479-5	BZ006	479	5	mente	mente	_	_	_	_	_	linguistic	_	ContainsVariation=No	_	_	_	_	_	_
479-6	BZ006	479	6	adesso	adesso	_	_	_	_	_	linguistic	_	ContainsVariation=No	_	_	_	_	_	_
479-7	BZ006	479	7	che	che	_	_	_	_	_	linguistic	_	ContainsVariation=No	_	_	_	_	_	_
479-8	BZ006	479	8	poi	poi	_	_	_	_	_	linguistic	_	ContainsVariation=No	_	_	_	_	_	_
479-9	BZ006	479	9	son	son	_	_	_	_	_	linguistic	_	ContainsVariation=No	_	_	_	_	_	_
479-10	BZ006	479	10	stato	stato	_	_	_	_	_	linguistic	_	ContainsVariation=No	_	_	_	_	_	_
479-11	BZ006	479	11	anche:	anche	_	_	_	_	_	linguistic	_	ContainsVariation=No	PauseAfter=Yes	_	4x1	_	_	_
479-12	BZ006	479	12	(.)	(.)	_	_	_	_	_	shortpause	_	ContainsVariation=No	_	_	_	_	_	_
479-13	BZ006	479	13	in	in	_	_	_	_	_	linguistic	_	ContainsVariation=No	_	_	_	_	_	_
479-14	BZ006	479	14	portogallo	portogallo	_	_	_	_	_	linguistic	_	ContainsVariation=No	_	_	_	_	_	_
479-15	BZ006	479	15	durante	durante	_	_	_	_	_	linguistic	_	ContainsVariation=No	_	_	_	_	_	_
479-16	BZ006	479	16	il	il	_	_	_	_	_	linguistic	_	ContainsVariation=No	_	_	_	_	_	_
479-17	BZ006	479	17	viag[gio],	viaggio	_	_	_	_	_	linguistic	_	ContainsVariation=No	Intonation=WeaklyRising	End=1380.369	_	_	_	4-7(136)
480-0	BZ001	480	0	[ok]ay,	okay	_	_	_	_	_	linguistic	_	ContainsVariation=No	Intonation=WeaklyRising	Begin=1380.164|End=1380.714	_	_	_	0-2(136)
481-0	BZ006	481	0	e	e	_	_	_	_	_	linguistic	_	ContainsVariation=No	_	Begin=1381.164	_	_	_	_
481-1	BZ006	481	1	lì	lì	_	_	_	_	_	linguistic	_	ContainsVariation=No	_	_	_	_	_	_
481-2	BZ006	481	2	avevo	avevo	_	_	_	_	_	linguistic	_	ContainsVariation=No	_	_	_	_	_	_
481-3	BZ006	481	3	sentito,	sentito	_	_	_	_	_	linguistic	_	ContainsVariation=No	Intonation=WeaklyRising	End=1383.104	_	_	_	_
482-0	BZ006	482	0	lo	lo	_	_	_	_	_	linguistic	_	ContainsVariation=No	_	Begin=1384.019	_	_	_	_
482-1	BZ006	482	1	strappo,	strappo	_	_	_	_	_	linguistic	_	ContainsVariation=No	Intonation=WeaklyRising	End=1384.859	_	_	_	_
483-0	BZ006	483	0	cioè	cioè	_	_	_	_	_	linguistic	_	ContainsVariation=No	_	Begin=1385.984	_	_	_	_
483-1	BZ006	483	1	m'	m'	_	_	_	_	_	linguistic	_	ContainsVariation=No	SpaceAfter=No	_	_	_	_	_
483-2	BZ006	483	2	er-	er-	_	_	_	_	_	linguistic	_	ContainsVariation=No	Interrupted=Yes	_	_	_	_	_
483-3	BZ006	483	3	ero	ero	_	_	_	_	_	linguistic	_	ContainsVariation=No	_	_	_	_	_	_
483-4	BZ006	483	4	tornato	tornato	_	_	_	_	_	linguistic	_	ContainsVariation=No	_	_	_	_	_	_
483-5	BZ006	483	5	a	a	_	_	_	_	_	linguistic	_	ContainsVariation=No	_	_	_	_	_	_
483-6	BZ006	483	6	quella	quella	_	_	_	_	_	linguistic	_	ContainsVariation=No	_	_	_	_	_	_
483-7	BZ006	483	7	sensazione	sensazione	_	_	_	_	_	linguistic	_	ContainsVariation=No	_	_	_	_	_	_
483-8	BZ006	483	8	che	che	_	_	_	_	_	linguistic	_	ContainsVariation=No	_	_	_	_	_	_
483-9	BZ006	483	9	avevo	avevo	_	_	_	_	_	linguistic	_	ContainsVariation=No	_	_	_	_	_	_
483-10	BZ006	483	10	avuto	avuto	_	_	_	_	_	linguistic	_	ContainsVariation=No	_	_	_	_	_	_
483-11	BZ006	483	11	quando	quando	_	_	_	_	_	linguistic	_	ContainsVariation=No	_	_	_	_	_	_
483-12	BZ006	483	12	tro-	tro-	_	_	_	_	_	linguistic	_	ContainsVariation=No	Interrupted=Yes	_	_	_	_	_
483-13	BZ006	483	13	quando	quando	_	_	_	_	_	linguistic	_	ContainsVariation=No	_	_	_	_	_	_
483-14	BZ006	483	14	ero:	ero	_	_	_	_	_	linguistic	_	ContainsVariation=No	PauseAfter=Yes	_	2x1	_	_	_
483-15	BZ006	483	15	(.)	(.)	_	_	_	_	_	shortpause	_	ContainsVariation=No	_	_	_	_	_	_
483-16	BZ006	483	16	arrivato	arrivato	_	_	_	_	_	linguistic	_	ContainsVariation=No	_	_	_	_	_	_
483-17	BZ006	483	17	per	per	_	_	_	_	_	linguistic	_	ContainsVariation=No	_	_	_	_	_	_
483-18	BZ006	483	18	la	la	_	_	_	_	_	linguistic	_	ContainsVariation=No	_	_	_	_	_	_
483-19	BZ006	483	19	prima	prima	_	_	_	_	_	linguistic	_	ContainsVariation=No	_	_	_	_	_	_
483-20	BZ006	483	20	volta	volta	_	_	_	_	_	linguistic	_	ContainsVariation=No	_	_	_	_	_	_
483-21	BZ006	483	21	in	in	_	_	_	_	_	linguistic	_	ContainsVariation=No	_	_	_	_	_	_
483-22	BZ006	483	22	argentina,	argentina	_	_	_	_	_	linguistic	_	ContainsVariation=No	Intonation=WeaklyRising	End=1391.764	_	_	_	_
484-0	BZ006	484	0	con	con	_	_	_	_	_	linguistic	_	ContainsVariation=No	_	Begin=1392.059	_	_	_	_
484-1	BZ006	484	1	il	il	_	_	_	_	_	linguistic	_	ContainsVariation=No	_	_	_	_	_	_
484-2	BZ006	484	2	portoghese.	portoghese	_	_	_	_	_	linguistic	_	ContainsVariation=No	Intonation=Falling	End=1392.929	_	_	_	_
485-0	BZ001	485	0	quindi	quindi	_	_	_	_	_	linguistic	_	ContainsVariation=No	_	Begin=1393.229	_	_	_	_
485-1	BZ001	485	1	[xx]	xx	_	_	_	_	_	unknown	_	ContainsVariation=No	Syllables=2	End=1393.779	_	_	_	0-2(137)
486-0	BZ006	486	0	[cioè	cioè	_	_	_	_	_	linguistic	_	ContainsVariation=No	_	Begin=1393.379	_	_	_	0-4(137)
486-1	BZ006	486	1	quella]	quella	_	_	_	_	_	linguistic	_	ContainsVariation=No	_	_	_	_	_	0-6(137)
486-2	BZ006	486	2	frustrazione	frustrazione	_	_	_	_	_	linguistic	_	ContainsVariation=No	_	_	_	_	_	_
486-3	BZ006	486	3	del	del	_	_	_	_	_	linguistic	_	ContainsVariation=No	_	_	_	_	_	_
486-4	BZ006	486	4	non	non	_	_	_	_	_	linguistic	_	ContainsVariation=No	_	_	_	_	_	_
486-5	BZ006	486	5	capire	capire	_	_	_	_	_	linguistic	_	ContainsVariation=No	_	End=1395.159	_	_	_	_
487-0	BZ001	487	0	okay.	okay	_	_	_	_	_	linguistic	_	ContainsVariation=No	Intonation=Falling	Begin=1395.074|End=1395.444	_	_	_	_
488-0	BZ006	488	0	[nulla].	nulla	_	_	_	_	_	linguistic	_	ContainsVariation=No	Intonation=Falling	Begin=1395.584|End=1396.084	_	_	_	0-5(139)
489-0	BZ001	489	0	[sei	sei	_	_	_	_	_	linguistic	_	ContainsVariation=No	_	Begin=1395.599	_	_	_	0-3(139)
489-1	BZ001	489	1	stato	stato	_	_	_	_	_	linguistic	_	ContainsVariation=No	_	_	_	_	_	0-5(139)
489-2	BZ001	489	2	in]	in	_	_	_	_	_	linguistic	_	ContainsVariation=No	_	_	_	_	_	0-2(139)
489-3	BZ001	489	3	portogallo	portogallo	_	_	_	_	_	linguistic	_	ContainsVariation=No	_	_	_	_	_	_
489-4	BZ001	489	4	[di	di	_	_	_	_	_	linguistic	_	ContainsVariation=No	_	_	_	_	_	0-2(140)
489-5	BZ001	489	5	ritorno	ritorno	_	_	_	_	_	linguistic	_	ContainsVariation=No	_	_	_	_	_	0-7(140)
489-6	BZ001	489	6	dall'	dall'	_	_	_	_	_	linguistic	_	ContainsVariation=No	SpaceAfter=No	_	_	_	_	0-5(140)
489-7	BZ001	489	7	ar]gentina?	argentina	_	_	_	_	_	linguistic	_	ContainsVariation=No	Intonation=Rising	End=1397.829	_	_	_	0-2(140)
490-0	BZ006	490	0	[sono	sono	_	_	_	_	_	linguistic	_	ContainsVariation=No	_	Begin=1396.669	_	_	_	0-4(140)
490-1	BZ006	490	1	stato	stato	_	_	_	_	_	linguistic	_	ContainsVariation=No	_	_	_	_	_	0-5(140)
490-2	BZ006	490	2	in	in	_	_	_	_	_	linguistic	_	ContainsVariation=No	_	_	_	_	_	0-2(140)
490-3	BZ006	490	3	p-]	p-	_	_	_	_	_	linguistic	_	ContainsVariation=No	Interrupted=Yes	End=1397.259	_	_	_	0-2(140)
491-0	BZ006	491	0	no	no	_	_	_	_	_	linguistic	_	ContainsVariation=No	_	Begin=1397.809	_	_	_	_
491-1	BZ006	491	1	no	no	_	_	_	_	_	linguistic	_	ContainsVariation=No	_	_	_	_	_	_
491-2	BZ006	491	2	in	in	_	_	_	_	_	linguistic	_	ContainsVariation=No	_	_	_	_	_	_
491-3	BZ006	491	3	brasile.	brasile	_	_	_	_	_	linguistic	_	ContainsVariation=No	Intonation=Falling	End=1398.779	_	_	_	_
492-0	BZ006	492	0	[il	il	_	_	_	_	_	linguistic	_	ContainsVariation=No	_	Begin=1399.354	_	_	_	0-2(142)
492-1	BZ006	492	1	portoghese	portoghese	_	_	_	_	_	linguistic	_	ContainsVariation=No	_	_	_	_	_	0-10(142)
492-2	BZ006	492	2	brasil-	brasil-	_	_	_	_	_	linguistic	_	ContainsVariation=No	Interrupted=Yes	_	_	_	_	0-7(142)
492-3	BZ006	492	3	sì	sì	_	_	_	_	_	linguistic	_	ContainsVariation=No	_	_	_	_	_	0-2(142)
492-4	BZ006	492	4	del]	del	_	_	_	_	_	linguistic	_	ContainsVariation=No	_	_	_	_	_	0-3(142)
492-5	BZ006	492	5	brasile,	brasile	_	_	_	_	_	linguistic	_	ContainsVariation=No	Intonation=WeaklyRising	End=1401.304	_	_	_	_
493-0	BZ001	493	0	[ah	ah	_	_	_	_	_	linguistic	_	ContainsVariation=No	_	Begin=1399.359	_	_	_	0-2(142)
493-1	BZ001	493	1	in	in	_	_	_	_	_	linguistic	_	ContainsVariation=No	_	_	_	_	_	0-2(142)
493-2	BZ001	493	2	brasile.	brasile	_	_	_	_	_	linguistic	_	ContainsVariation=No	Intonation=Falling	_	_	_	_	0-7(142)
493-3	BZ001	493	3	ah	ah	_	_	_	_	_	linguistic	_	ContainsVariation=No	_	_	_	_	_	0-2(142)
493-4	BZ001	493	4	okay	okay	_	_	_	_	_	linguistic	_	ContainsVariation=No	_	_	_	_	_	0-4(142)
493-5	BZ001	493	5	okay].	okay	_	_	_	_	_	linguistic	_	ContainsVariation=No	Intonation=Falling	End=1400.779	_	_	_	0-4(142)
494-0	BZ006	494	0	son	son	_	_	_	_	_	linguistic	_	ContainsVariation=No	_	Begin=1401.674	_	_	_	_
494-1	BZ006	494	1	stato	stato	_	_	_	_	_	linguistic	_	ContainsVariation=No	_	_	_	_	_	_
494-2	BZ006	494	2	lì	lì	_	_	_	_	_	linguistic	_	ContainsVariation=No	_	_	_	_	_	_
494-3	BZ006	494	3	un	un	_	_	_	_	_	linguistic	_	ContainsVariation=No	_	_	_	_	_	_
494-4	BZ006	494	4	po',	po'	_	_	_	_	_	linguistic	_	ContainsVariation=No	Intonation=WeaklyRising|PauseAfter=Yes	_	_	_	_	_
494-5	BZ006	494	5	(.)	(.)	_	_	_	_	_	shortpause	_	ContainsVariation=No	_	_	_	_	_	_
494-6	BZ006	494	6	e:,	e	_	_	_	_	_	linguistic	_	ContainsVariation=No	Intonation=WeaklyRising	End=1403.084	0x1	_	_	_
495-0	BZ006	495	0	è	è	_	_	_	_	_	linguistic	_	ContainsVariation=No	_	Begin=1403.704	_	_	_	_
495-1	BZ006	495	1	stato	stato	_	_	_	_	_	linguistic	_	ContainsVariation=No	_	_	_	_	_	_
495-2	BZ006	495	2	mh:	mh	_	_	_	_	_	linguistic	_	ContainsVariation=No	_	_	1x1	_	_	_
495-3	BZ006	495	3	ricordo	ricordo	_	_	_	_	_	linguistic	_	ContainsVariation=No	_	_	_	_	_	_
495-4	BZ006	495	4	ora	ora	_	_	_	_	_	linguistic	_	ContainsVariation=No	_	_	_	_	_	_
495-5	BZ006	495	5	un	un	_	_	_	_	_	linguistic	_	ContainsVariation=No	_	_	_	_	_	_
495-6	BZ006	495	6	colpo:,	colpo	_	_	_	_	_	linguistic	_	ContainsVariation=No	Intonation=WeaklyRising|PauseAfter=Yes	_	4x1	_	_	_
495-7	BZ006	495	7	(.)	(.)	_	_	_	_	_	shortpause	_	ContainsVariation=No	_	_	_	_	_	_
495-8	BZ006	495	8	un	un	_	_	_	_	_	linguistic	_	ContainsVariation=No	_	_	_	_	_	_
495-9	BZ006	495	9	colpo	colpo	_	_	_	_	_	linguistic	_	ContainsVariation=No	_	_	_	_	_	_
495-10	BZ006	495	10	basso	basso	_	_	_	_	_	linguistic	_	ContainsVariation=No	_	_	_	_	_	_
495-11	BZ006	495	11	perché	perché	_	_	_	_	_	linguistic	_	ContainsVariation=No	_	_	_	_	_	_
495-12	BZ006	495	12	mi	mi	_	_	_	_	_	linguistic	_	ContainsVariation=No	_	_	_	_	_	_
495-13	BZ006	495	13	sentivo	sentivo	_	_	_	_	_	linguistic	_	ContainsVariation=No	_	_	_	_	_	_
495-14	BZ006	495	14	proprio,	proprio	_	_	_	_	_	linguistic	_	ContainsVariation=No	Intonation=WeaklyRising	End=1408.864	_	_	_	_
496-0	BZ006	496	0	frustrato.	frustrato	_	_	_	_	_	linguistic	_	ContainsVariation=No	Intonation=Falling	Begin=1409.489|End=1410.259	_	_	_	_
497-0	BZ006	497	0	nel	nel	_	_	_	_	_	linguistic	_	ContainsVariation=No	_	Begin=1410.629	_	_	_	_
497-1	BZ006	497	1	senso	senso	_	_	_	_	_	linguistic	_	ContainsVariation=No	_	_	_	_	_	_
497-2	BZ006	497	2	che:,	che	_	_	_	_	_	linguistic	_	ContainsVariation=No	Intonation=WeaklyRising	End=1411.779	2x1	_	_	_
498-0	BZ006	498	0	come	come	_	_	_	_	_	linguistic	_	ContainsVariation=No	_	Begin=1412.049	_	_	_	_
498-1	BZ006	498	1	se	se	_	_	_	_	_	linguistic	_	ContainsVariation=No	_	_	_	_	_	_
498-2	BZ006	498	2	avessi	avessi	_	_	_	_	_	linguistic	_	ContainsVariation=No	_	_	_	_	_	_
498-3	BZ006	498	3	dovuto	dovuto	_	_	_	_	_	linguistic	_	ContainsVariation=No	_	_	_	_	_	_
498-4	BZ006	498	4	rifar	rifar	_	_	_	_	_	linguistic	_	ContainsVariation=No	_	_	_	_	_	_
498-5	BZ006	498	5	tutto	tutto	_	_	_	_	_	linguistic	_	ContainsVariation=No	_	_	_	_	_	_
498-6	BZ006	498	6	da	da	_	_	_	_	_	linguistic	_	ContainsVariation=No	_	_	_	_	_	_
498-7	BZ006	498	7	capo	capo	_	_	_	_	_	linguistic	_	ContainsVariation=No	_	_	_	_	_	_
498-8	BZ006	498	8	con	con	_	_	_	_	_	linguistic	_	ContainsVariation=No	_	_	_	_	_	_
498-9	BZ006	498	9	un'	un'	_	_	_	_	_	linguistic	_	ContainsVariation=No	SpaceAfter=No	_	_	_	_	_
498-10	BZ006	498	10	altra	altra	_	_	_	_	_	linguistic	_	ContainsVariation=No	_	_	_	_	_	_
498-11	BZ006	498	11	lingua	lingua	_	_	_	_	_	linguistic	_	ContainsVariation=No	_	_	_	_	_	_
498-12	BZ006	498	12	ancora	ancora	_	_	_	_	_	linguistic	_	ContainsVariation=No	_	_	_	_	_	_
498-13	BZ006	498	13	no?	no	_	_	_	_	_	linguistic	_	ContainsVariation=No	Intonation=Rising	End=1415.249	_	_	_	_
499-0	BZ006	499	0	tant'	tant'	_	_	_	_	_	linguistic	_	ContainsVariation=No	SpaceAfter=No	Begin=1415.554	_	_	_	_
499-1	BZ006	499	1	è	è	_	_	_	_	_	linguistic	_	ContainsVariation=No	_	_	_	_	_	_
499-2	BZ006	499	2	che	che	_	_	_	_	_	linguistic	_	ContainsVariation=No	_	_	_	_	_	_
499-3	BZ006	499	3	il	il	_	_	_	_	_	linguistic	_	ContainsVariation=No	_	_	_	_	_	_
499-4	BZ006	499	4	portoghese	portoghese	_	_	_	_	_	linguistic	_	ContainsVariation=No	_	_	_	_	_	_
499-5	BZ006	499	5	proprio	proprio	_	_	_	_	_	linguistic	_	ContainsVariation=No	_	_	_	_	_	_
499-6	BZ006	499	6	non	non	_	_	_	_	_	linguistic	_	ContainsVariation=No	_	_	_	_	_	_
499-7	BZ006	499	7	riuscivo	riuscivo	_	_	_	_	_	linguistic	_	ContainsVariation=No	_	_	_	_	_	_
499-8	BZ006	499	8	a,	a	_	_	_	_	_	linguistic	_	ContainsVariation=No	Intonation=WeaklyRising	End=1417.644	_	_	_	_
500-0	BZ006	500	0	però.	però	_	_	_	_	_	linguistic	_	ContainsVariation=No	Intonation=Falling	Begin=1418.134|End=1418.664	_	_	_	_
501-0	BZ006	501	0	devo	devo	_	_	_	_	_	linguistic	_	ContainsVariation=No	_	Begin=1418.964	_	_	_	_
501-1	BZ006	501	1	essere	essere	_	_	_	_	_	linguistic	_	ContainsVariation=No	_	_	_	_	_	_
501-2	BZ006	501	2	onesto	onesto	_	_	_	_	_	linguistic	_	ContainsVariation=No	_	_	_	_	_	_
501-3	BZ006	501	3	sarebbe	sarebbe	_	_	_	_	_	linguistic	_	ContainsVariation=No	_	_	_	_	_	_
501-4	BZ006	501	4	il	il	_	_	_	_	_	linguistic	_	ContainsVariation=No	_	_	_	_	_	_
501-5	BZ006	501	5	mio:	mio	_	_	_	_	_	linguistic	_	ContainsVariation=No	_	_	2x1	_	_	_
501-6	BZ006	501	6	>cioè<	cioè	_	_	_	_	_	linguistic	_	ContainsVariation=No	_	_	_	Fast=0-4(0)	_	_
501-7	BZ006	501	7	una	una	_	_	_	_	_	linguistic	_	ContainsVariation=No	_	_	_	_	_	_
501-8	BZ006	501	8	volta	volta	_	_	_	_	_	linguistic	_	ContainsVariation=No	_	_	_	_	_	_
501-9	BZ006	501	9	laureato	laureato	_	_	_	_	_	linguistic	_	ContainsVariation=No	_	_	_	_	_	_
501-10	BZ006	501	10	e	e	_	_	_	_	_	linguistic	_	ContainsVariation=No	_	_	_	_	_	_
501-11	BZ006	501	11	tutto,	tutto	_	_	_	_	_	linguistic	_	ContainsVariation=No	Intonation=WeaklyRising	End=1422.974	_	_	_	_
502-0	BZ006	502	0	non	non	_	_	_	_	_	linguistic	_	ContainsVariation=No	_	Begin=1423.414	_	_	_	_
502-1	BZ006	502	1	mi	mi	_	_	_	_	_	linguistic	_	ContainsVariation=No	_	_	_	_	_	_
502-2	BZ006	502	2	dispiacerebbe,	dispiacerebbe	_	_	_	_	_	linguistic	_	ContainsVariation=No	Intonation=WeaklyRising	End=1424.694	_	_	_	_
503-0	BZ006	503	0	eh:	eh	_	_	_	_	_	linguistic	_	ContainsVariation=No	_	Begin=1425.369	1x1	_	_	_
503-1	BZ006	503	1	impararlo.	impararlo	_	_	_	_	_	linguistic	_	ContainsVariation=No	Intonation=Falling	End=1426.579	_	_	_	_
504-0	BZ001	504	0	il	il	_	_	_	_	_	linguistic	_	ContainsVariation=No	_	Begin=1426.659	_	_	_	_
504-1	BZ001	504	1	portoghese,	portoghese	_	_	_	_	_	linguistic	_	ContainsVariation=No	Intonation=WeaklyRising	End=1427.489	_	_	_	_
505-0	BZ006	505	0	il	il	_	_	_	_	_	linguistic	_	ContainsVariation=No	_	Begin=1427.499	_	_	_	_
505-1	BZ006	505	1	portoghese	portoghese	_	_	_	_	_	linguistic	_	ContainsVariation=No	_	_	_	_	_	_
505-2	BZ006	505	2	[sarebbe	sarebbe	_	_	_	_	_	linguistic	_	ContainsVariation=No	_	_	_	_	_	0-7(?)
505-3	BZ006	505	3	la	la	_	_	_	_	_	linguistic	_	ContainsVariation=No	_	_	_	_	_	0-2(?)
505-4	BZ006	505	4	mia,	mia	_	_	_	_	_	linguistic	_	ContainsVariation=No	Intonation=WeaklyRising	_	_	_	_	0-3(?)
505-5	BZ006	505	5	vorrei	vorrei	_	_	_	_	_	linguistic	_	ContainsVariation=No	_	_	_	_	_	0-6(?)
505-6	BZ006	505	6	fosse,	fosse	_	_	_	_	_	linguistic	_	ContainsVariation=No	Intonation=WeaklyRising	_	_	_	_	0-5(?)
505-7	BZ006	505	7	mi	mi	_	_	_	_	_	linguistic	_	ContainsVariation=No	_	_	_	_	_	0-2(?)
505-8	BZ006	505	8	piace]rebbe	piacerebbe	_	_	_	_	_	linguistic	_	ContainsVariation=No	_	_	_	_	_	0-5(?)
505-9	BZ006	505	9	fosse	fosse	_	_	_	_	_	linguistic	_	ContainsVariation=No	_	_	_	_	_	_
505-10	BZ006	505	10	la	la	_	_	_	_	_	linguistic	_	ContainsVariation=No	_	_	_	_	_	_
505-11	BZ006	505	11	mia	mia	_	_	_	_	_	linguistic	_	ContainsVariation=No	_	_	_	_	_	_
505-12	BZ006	505	12	sesta	sesta	_	_	_	_	_	linguistic	_	ContainsVariation=No	_	_	_	_	_	_
505-13	BZ006	505	13	lingua	lingua	_	_	_	_	_	linguistic	_	ContainsVariation=No	_	_	_	_	_	_
505-14	BZ006	505	14	sì.	sì	_	_	_	_	_	linguistic	_	ContainsVariation=No	Intonation=Falling	End=1431.59	_	_	_	_
506-0	BZ001	506	0	[il	il	_	_	_	_	_	linguistic	_	ContainsVariation=No	_	Begin=1428.089	_	_	_	0-2(143)
506-1	BZ001	506	1	il	il	_	_	_	_	_	linguistic	_	ContainsVariation=No	_	_	_	_	_	0-2(143)
506-2	BZ001	506	2	portoghese	portoghese	_	_	_	_	_	linguistic	_	ContainsVariation=No	_	_	_	_	_	0-10(143)
506-3	BZ001	506	3	brasilano].	brasilano	_	_	_	_	_	linguistic	_	ContainsVariation=No	Intonation=Falling	End=1429.899	_	_	_	0-9(143)
507-0	BZ001	507	0	okay.	okay	_	_	_	_	_	linguistic	_	ContainsVariation=No	Intonation=Falling	Begin=1431.459|End=1431.819	_	_	_	_
508-0	BZ006	508	0	il	il	_	_	_	_	_	linguistic	_	ContainsVariation=No	_	Begin=1431.924	_	_	_	_
508-1	BZ006	508	1	portoghese.	portoghese	_	_	_	_	_	linguistic	_	ContainsVariation=No	Intonation=Falling	_	_	_	_	_
508-2	BZ006	508	2	in	in	_	_	_	_	_	linguistic	_	ContainsVariation=No	_	_	_	_	_	_
508-3	BZ006	508	3	generale	generale	_	_	_	_	_	linguistic	_	ContainsVariation=No	_	_	_	_	_	_
508-4	BZ006	508	4	[non	non	_	_	_	_	_	linguistic	_	ContainsVariation=No	_	_	_	_	_	0-3(145)
508-5	BZ006	508	5	mi	mi	_	_	_	_	_	linguistic	_	ContainsVariation=No	_	_	_	_	_	0-2(145)
508-6	BZ006	508	6	interessa]	interessa	_	_	_	_	_	linguistic	_	ContainsVariation=No	_	_	_	_	_	0-9(145)
508-7	BZ006	508	7	se	se	_	_	_	_	_	linguistic	_	ContainsVariation=No	_	_	_	_	_	_
508-8	BZ006	508	8	è	è	_	_	_	_	_	linguistic	_	ContainsVariation=No	_	_	_	_	_	_
508-9	BZ006	508	9	brasiliano	brasiliano	_	_	_	_	_	linguistic	_	ContainsVariation=No	_	_	_	_	_	_
508-10	BZ006	508	10	o	o	_	_	_	_	_	linguistic	_	ContainsVariation=No	_	_	_	_	_	_
508-11	BZ006	508	11	no.	no	_	_	_	_	_	linguistic	_	ContainsVariation=No	Intonation=Falling	End=1434.034	_	_	_	_
509-0	BZ001	509	0	[okay].	okay	_	_	_	_	_	linguistic	_	ContainsVariation=No	Intonation=Falling	Begin=1433.164|End=1433.664	_	_	_	0-4(145)
510-0	BZ006	510	0	dunja,	dunja	_	_	_	_	_	linguistic	_	ContainsVariation=No	Intonation=WeaklyRising	Begin=1434.329	_	_	_	_
510-1	BZ006	510	1	la	la	_	_	_	_	_	linguistic	_	ContainsVariation=No	_	_	_	_	_	_
510-2	BZ006	510	2	ragazza	ragazza	_	_	_	_	_	linguistic	_	ContainsVariation=No	_	_	_	_	_	_
510-3	BZ006	510	3	che	che	_	_	_	_	_	linguistic	_	ContainsVariation=No	_	_	_	_	_	_
510-4	BZ006	510	4	ho,	ho	_	_	_	_	_	linguistic	_	ContainsVariation=No	Intonation=WeaklyRising	_	_	_	_	_
510-5	BZ006	510	5	ha	ha	_	_	_	_	_	linguistic	_	ContainsVariation=No	_	_	_	_	_	_
510-6	BZ006	510	6	una	una	_	_	_	_	_	linguistic	_	ContainsVariation=No	_	_	_	_	_	_
510-7	BZ006	510	7	casa	casa	_	_	_	_	_	linguistic	_	ContainsVariation=No	_	_	_	_	_	_
510-8	BZ006	510	8	lì.	lì	_	_	_	_	_	linguistic	_	ContainsVariation=No	Intonation=Falling	End=1436.469	_	_	_	_
511-0	BZ001	511	0	ah	ah	_	_	_	_	_	linguistic	_	ContainsVariation=No	_	Begin=1436.754|End=1436.9765	_	_	_	_
512-0	BZ006	512	0	i	i	_	_	_	_	_	linguistic	_	ContainsVariation=No	_	Begin=1436.9765	_	_	_	_
512-1	BZ006	512	1	genitori	genitori	_	_	_	_	_	linguistic	_	ContainsVariation=No	_	_	_	_	_	_
512-2	BZ006	512	2	hanno	hanno	_	_	_	_	_	linguistic	_	ContainsVariation=No	_	_	_	_	_	_
512-3	BZ006	512	3	una	una	_	_	_	_	_	linguistic	_	ContainsVariation=No	_	_	_	_	_	_
512-4	BZ006	512	4	casa	casa	_	_	_	_	_	linguistic	_	ContainsVariation=No	_	_	_	_	_	_
512-5	BZ006	512	5	lì	lì	_	_	_	_	_	linguistic	_	ContainsVariation=No	_	_	_	_	_	_
512-6	BZ006	512	6	in	in	_	_	_	_	_	linguistic	_	ContainsVariation=No	_	_	_	_	_	_
512-7	BZ006	512	7	brasile	brasile	_	_	_	_	_	linguistic	_	ContainsVariation=No	_	_	_	_	_	_
512-8	BZ006	512	8	proprio,	proprio	_	_	_	_	_	linguistic	_	ContainsVariation=No	Intonation=WeaklyRising	End=1439.049	_	_	_	_
513-0	BZ006	513	0	eh	eh	_	_	_	_	_	linguistic	_	ContainsVariation=No	_	Begin=1439.589	_	_	_	_
513-1	BZ006	513	1	per	per	_	_	_	_	_	linguistic	_	ContainsVariation=No	_	_	_	_	_	_
513-2	BZ006	513	2	cui	cui	_	_	_	_	_	linguistic	_	ContainsVariation=No	_	_	_	_	_	_
513-3	BZ006	513	3	chissà	chissà	_	_	_	_	_	linguistic	_	ContainsVariation=No	_	_	_	_	_	_
513-4	BZ006	513	4	che	che	_	_	_	_	_	linguistic	_	ContainsVariation=No	_	_	_	_	_	_
513-5	BZ006	513	5	magari	magari	_	_	_	_	_	linguistic	_	ContainsVariation=No	_	_	_	_	_	_
513-6	BZ006	513	6	[non	non	_	_	_	_	_	linguistic	_	ContainsVariation=No	_	_	_	_	_	0-3(146)
513-7	BZ006	513	7	è	è	_	_	_	_	_	linguistic	_	ContainsVariation=No	_	_	_	_	_	0-1(146)
513-8	BZ006	513	8	proprio]	proprio	_	_	_	_	_	linguistic	_	ContainsVariation=No	_	_	_	_	_	0-7(146)
513-9	BZ006	513	9	una	una	_	_	_	_	_	linguistic	_	ContainsVariation=No	_	_	_	_	_	_
513-10	BZ006	513	10	segnale	segnale	_	_	_	_	_	linguistic	_	ContainsVariation=No	_	_	_	_	_	_
513-11	BZ006	513	11	[che	che	_	_	_	_	_	linguistic	_	ContainsVariation=No	_	_	_	_	_	0-3(147)
513-12	BZ006	513	12	il	il	_	_	_	_	_	linguistic	_	ContainsVariation=No	_	_	_	_	_	0-2(147)
513-13	BZ006	513	13	por]toghese	portoghese	_	_	_	_	_	linguistic	_	ContainsVariation=No	_	_	_	_	_	0-3(147)
513-14	BZ006	513	14	potrebbe	potrebbe	_	_	_	_	_	linguistic	_	ContainsVariation=No	_	_	_	_	_	_
513-15	BZ006	513	15	essere	essere	_	_	_	_	_	linguistic	_	ContainsVariation=No	_	_	_	_	_	_
513-16	BZ006	513	16	una	una	_	_	_	_	_	linguistic	_	ContainsVariation=No	_	_	_	_	_	_
513-17	BZ006	513	17	lingua	lingua	_	_	_	_	_	linguistic	_	ContainsVariation=No	_	_	_	_	_	_
513-18	BZ006	513	18	che	che	_	_	_	_	_	linguistic	_	ContainsVariation=No	_	_	_	_	_	_
513-19	BZ006	513	19	mi,	mi	_	_	_	_	_	linguistic	_	ContainsVariation=No	Intonation=WeaklyRising	End=1444.769	_	_	_	_
514-0	BZ001	514	0	[((ride))]	((ride))	_	_	_	_	_	nonverbalbehavior	_	ContainsVariation=No	_	Begin=1440.684|End=1441.184	_	_	_	X(146)
515-0	BZ001	515	0	[((ride))]	((ride))	_	_	_	_	_	nonverbalbehavior	_	ContainsVariation=No	_	Begin=1441.769|End=1442.439	_	_	_	X(147)
516-0	BZ006	516	0	qualcosa	qualcosa	_	_	_	_	_	linguistic	_	ContainsVariation=No	_	Begin=1446.274	_	_	_	_
516-1	BZ006	516	1	mi	mi	_	_	_	_	_	linguistic	_	ContainsVariation=No	_	_	_	_	_	_
516-2	BZ006	516	2	dà.	dà	_	_	_	_	_	linguistic	_	ContainsVariation=No	Intonation=Falling	_	_	_	_	_
516-3	BZ006	516	3	non	non	_	_	_	_	_	linguistic	_	ContainsVariation=No	_	_	_	_	_	_
516-4	BZ006	516	4	mi	mi	_	_	_	_	_	linguistic	_	ContainsVariation=No	_	_	_	_	_	_
516-5	BZ006	516	5	è	è	_	_	_	_	_	linguistic	_	ContainsVariation=No	_	_	_	_	_	_
516-6	BZ006	516	6	mai	mai	_	_	_	_	_	linguistic	_	ContainsVariation=No	_	_	_	_	_	_
516-7	BZ006	516	7	piaciuto	piaciuto	_	_	_	_	_	linguistic	_	ContainsVariation=No	_	_	_	_	_	_
516-8	BZ006	516	8	tanto	tanto	_	_	_	_	_	linguistic	_	ContainsVariation=No	_	_	_	_	_	_
516-9	BZ006	516	9	come	come	_	_	_	_	_	linguistic	_	ContainsVariation=No	_	_	_	_	_	_
516-10	BZ006	516	10	suono,	suono	_	_	_	_	_	linguistic	_	ContainsVariation=No	Intonation=WeaklyRising	_	_	_	_	_
516-11	BZ006	516	11	io	io	_	_	_	_	_	linguistic	_	ContainsVariation=No	_	_	_	_	_	_
516-12	BZ006	516	12	vado	vado	_	_	_	_	_	linguistic	_	ContainsVariation=No	_	_	_	_	_	_
516-13	BZ006	516	13	molto	molto	_	_	_	_	_	linguistic	_	ContainsVariation=No	_	_	_	_	_	_
516-14	BZ006	516	14	a	a	_	_	_	_	_	linguistic	_	ContainsVariation=No	_	_	_	_	_	_
516-15	BZ006	516	15	suono	suono	_	_	_	_	_	linguistic	_	ContainsVariation=No	_	_	_	_	_	_
516-16	BZ006	516	16	l'	l'	_	_	_	_	_	linguistic	_	ContainsVariation=No	SpaceAfter=No	_	_	_	_	_
516-17	BZ006	516	17	avrai	avrai	_	_	_	_	_	linguistic	_	ContainsVariation=No	_	_	_	_	_	_
516-18	BZ006	516	18	capito	capito	_	_	_	_	_	linguistic	_	ContainsVariation=No	_	_	_	_	_	_
516-19	BZ006	516	19	[perché	perché	_	_	_	_	_	linguistic	_	ContainsVariation=No	_	_	_	_	_	0-6(148)
516-20	BZ006	516	20	lo	lo	_	_	_	_	_	linguistic	_	ContainsVariation=No	_	_	_	_	_	0-2(148)
516-21	BZ006	516	21	ripeto	ripeto	_	_	_	_	_	linguistic	_	ContainsVariation=No	_	_	_	_	_	0-6(148)
516-22	BZ006	516	22	tan]to	tanto	_	_	_	_	_	linguistic	_	ContainsVariation=No	_	_	_	_	_	0-3(148)
516-23	BZ006	516	23	questo	questo	_	_	_	_	_	linguistic	_	ContainsVariation=No	_	_	_	_	_	_
516-24	BZ006	516	24	però,	però	_	_	_	_	_	linguistic	_	ContainsVariation=No	Intonation=WeaklyRising	End=1451.584	_	_	_	_
517-0	BZ001	517	0	[ah.	ah	_	_	_	_	_	linguistic	_	ContainsVariation=No	Intonation=Falling	Begin=1449.654	_	_	_	0-2(148)
517-1	BZ001	517	1	sì	sì	_	_	_	_	_	linguistic	_	ContainsVariation=No	_	_	_	_	_	0-2(148)
517-2	BZ001	517	2	sì	sì	_	_	_	_	_	linguistic	_	ContainsVariation=No	_	_	_	_	_	0-2(148)
517-3	BZ001	517	3	certo].	certo	_	_	_	_	_	linguistic	_	ContainsVariation=No	Intonation=Falling	End=1450.784	_	_	_	0-5(148)
518-0	BZ006	518	0	mh:	mh	_	_	_	_	_	linguistic	_	ContainsVariation=No	_	Begin=1451.994	1x1	_	_	_
518-1	BZ006	518	1	a	a	_	_	_	_	_	linguistic	_	ContainsVariation=No	_	_	_	_	_	_
518-2	BZ006	518	2	suono	suono	_	_	_	_	_	linguistic	_	ContainsVariation=No	_	_	_	_	_	_
518-3	BZ006	518	3	non	non	_	_	_	_	_	linguistic	_	ContainsVariation=No	_	_	_	_	_	_
518-4	BZ006	518	4	è	è	_	_	_	_	_	linguistic	_	ContainsVariation=No	_	_	_	_	_	_
518-5	BZ006	518	5	una	una	_	_	_	_	_	linguistic	_	ContainsVariation=No	_	_	_	_	_	_
518-6	BZ006	518	6	lingua	lingua	_	_	_	_	_	linguistic	_	ContainsVariation=No	_	_	_	_	_	_
518-7	BZ006	518	7	che	che	_	_	_	_	_	linguistic	_	ContainsVariation=No	_	_	_	_	_	_
518-8	BZ006	518	8	mi	mi	_	_	_	_	_	linguistic	_	ContainsVariation=No	_	_	_	_	_	_
518-9	BZ006	518	9	faccia	faccia	_	_	_	_	_	linguistic	_	ContainsVariation=No	_	_	_	_	_	_
518-10	BZ006	518	10	[morire	morire	_	_	_	_	_	linguistic	_	ContainsVariation=No	_	_	_	_	_	0-6(149)
518-11	BZ006	518	11	di],	di	_	_	_	_	_	linguistic	_	ContainsVariation=No	Intonation=WeaklyRising	_	_	_	_	0-2(149)
518-12	BZ006	518	12	no.	no	_	_	_	_	_	linguistic	_	ContainsVariation=No	Intonation=Falling	End=1455.314	_	_	_	_
519-0	BZ001	519	0	[ah	ah	_	_	_	_	_	linguistic	_	ContainsVariation=No	_	Begin=1454.469	_	_	_	0-2(149)
519-1	BZ001	519	1	no]?	no	_	_	_	_	_	linguistic	_	ContainsVariation=No	Intonation=Rising	End=1455.079	_	_	_	0-2(149)
520-0	BZ001	520	0	a	a	_	_	_	_	_	linguistic	_	ContainsVariation=No	_	Begin=1455.339	_	_	_	_
520-1	BZ001	520	1	me	me	_	_	_	_	_	linguistic	_	ContainsVariation=No	_	_	_	_	_	_
520-2	BZ001	520	2	un	un	_	_	_	_	_	linguistic	_	ContainsVariation=No	_	_	_	_	_	_
520-3	BZ001	520	3	sacco	sacco	_	_	_	_	_	linguistic	_	ContainsVariation=No	_	_	_	_	_	_
520-4	BZ001	520	4	mi	mi	_	_	_	_	_	linguistic	_	ContainsVariation=No	_	_	_	_	_	_
520-5	BZ001	520	5	incuriosisce	incuriosisce	_	_	_	_	_	linguistic	_	ContainsVariation=No	_	_	_	_	_	_
520-6	BZ001	520	6	il	il	_	_	_	_	_	linguistic	_	ContainsVariation=No	_	_	_	_	_	_
520-7	BZ001	520	7	porto[ghese.	portoghese	_	_	_	_	_	linguistic	_	ContainsVariation=No	Intonation=Falling	_	_	_	_	5-10(150)
520-8	BZ001	520	8	sì].	sì	_	_	_	_	_	linguistic	_	ContainsVariation=No	Intonation=Falling	End=1457.8	_	_	_	0-2(150)
521-0	BZ006	521	0	[a	a	_	_	_	_	_	linguistic	_	ContainsVariation=No	_	Begin=1456.739	_	_	_	0-1(150)
521-1	BZ006	521	1	me	me	_	_	_	_	_	linguistic	_	ContainsVariation=No	_	_	_	_	_	0-2(150)
521-2	BZ006	521	2	non	non	_	_	_	_	_	linguistic	_	ContainsVariation=No	_	_	_	_	_	0-3(150)
521-3	BZ006	521	3	tanto].	tanto	_	_	_	_	_	linguistic	_	ContainsVariation=No	Intonation=Falling	End=1457.6	_	_	_	0-5(150)
522-0	BZ006	522	0	eh::m	ehm	_	_	_	_	_	linguistic	_	ContainsVariation=No	_	Begin=1458.344|End=1459.224	1x2	_	_	_
523-0	BZ006	523	0	però	però	_	_	_	_	_	linguistic	_	ContainsVariation=No	_	Begin=1459.629	_	_	_	_
523-1	BZ006	523	1	dall'	dall'	_	_	_	_	_	linguistic	_	ContainsVariation=No	SpaceAfter=No	_	_	_	_	_
523-2	BZ006	523	2	altra,	altra	_	_	_	_	_	linguistic	_	ContainsVariation=No	Intonation=WeaklyRising	End=1460.649	_	_	_	_
524-0	BZ006	524	0	è	è	_	_	_	_	_	linguistic	_	ContainsVariation=No	_	Begin=1462.434	_	_	_	_
524-1	BZ006	524	1	una	una	_	_	_	_	_	linguistic	_	ContainsVariation=No	_	_	_	_	_	_
524-2	BZ006	524	2	lingua	lingua	_	_	_	_	_	linguistic	_	ContainsVariation=No	_	_	_	_	_	_
524-3	BZ006	524	3	curiosa,	curiosa	_	_	_	_	_	linguistic	_	ContainsVariation=No	Intonation=WeaklyRising	End=1464.0865	_	_	_	_
525-0	BZ001	525	0	mh	mh	_	_	_	_	_	linguistic	_	ContainsVariation=No	ProsodicLink=Yes	Begin=1464.0865	_	_	_	_
525-1	BZ001	525	1	mh,	mh	_	_	_	_	_	linguistic	_	ContainsVariation=No	Intonation=WeaklyRising	End=1464.409	_	_	_	_
526-0	BZ006	526	0	mh:::,	mh	_	_	_	_	_	linguistic	_	ContainsVariation=No	Intonation=WeaklyRising	Begin=1464.559|End=1465.609	1x3	_	_	_
527-0	BZ006	527	0	non	non	_	_	_	_	_	linguistic	_	ContainsVariation=No	_	Begin=1465.909	_	_	_	_
527-1	BZ006	527	1	lo	lo	_	_	_	_	_	linguistic	_	ContainsVariation=No	_	_	_	_	_	_
527-2	BZ006	527	2	so,	so	_	_	_	_	_	linguistic	_	ContainsVariation=No	Intonation=WeaklyRising	_	_	_	_	_
527-3	BZ006	527	3	non	non	_	_	_	_	_	linguistic	_	ContainsVariation=No	_	_	_	_	_	_
527-4	BZ006	527	4	s-	s-	_	_	_	_	_	linguistic	_	ContainsVariation=No	Interrupted=Yes	_	_	_	_	_
527-5	BZ006	527	5	devo	devo	_	_	_	_	_	linguistic	_	ContainsVariation=No	_	_	_	_	_	_
527-6	BZ006	527	6	conoscerla	conoscerla	_	_	_	_	_	linguistic	_	ContainsVariation=No	_	_	_	_	_	_
527-7	BZ006	527	7	non	non	_	_	_	_	_	linguistic	_	ContainsVariation=No	_	_	_	_	_	_
527-8	BZ006	527	8	so	so	_	_	_	_	_	linguistic	_	ContainsVariation=No	_	_	_	_	_	_
527-9	BZ006	527	9	dire	dire	_	_	_	_	_	linguistic	_	ContainsVariation=No	_	_	_	_	_	_
527-10	BZ006	527	10	[altro].	altro	_	_	_	_	_	linguistic	_	ContainsVariation=No	Intonation=Falling	End=1468.239	_	_	_	0-5(151)
528-0	BZ001	528	0	[in	in	_	_	_	_	_	linguistic	_	ContainsVariation=No	_	Begin=1468.059	_	_	_	0-2(151)
528-1	BZ001	528	1	porto]gallo	portogallo	_	_	_	_	_	linguistic	_	ContainsVariation=No	_	_	_	_	_	0-5(151)
528-2	BZ001	528	2	sei	sei	_	_	_	_	_	linguistic	_	ContainsVariation=No	_	_	_	_	_	_
528-3	BZ001	528	3	stato?	stato	_	_	_	_	_	linguistic	_	ContainsVariation=No	Intonation=Rising	End=1469.319	_	_	_	_
529-0	BZ006	529	0	no.	no	_	_	_	_	_	linguistic	_	ContainsVariation=No	Intonation=Falling	Begin=1469.344|End=1469.514	_	_	_	_
530-0	BZ001	530	0	ah.	ah	_	_	_	_	_	linguistic	_	ContainsVariation=No	Intonation=Falling|PauseAfter=Yes	Begin=1469.844	_	_	_	_
530-1	BZ001	530	1	(.)	(.)	_	_	_	_	_	shortpause	_	ContainsVariation=No	_	_	_	_	_	_
530-2	BZ001	530	2	[devi]	devi	_	_	_	_	_	linguistic	_	ContainsVariation=No	_	_	_	_	_	0-4(152)
530-3	BZ001	530	3	andarci.	andarci	_	_	_	_	_	linguistic	_	ContainsVariation=No	Intonation=Falling|PauseAfter=Yes	_	_	_	_	_
530-4	BZ001	530	4	(.)	(.)	_	_	_	_	_	shortpause	_	ContainsVariation=No	_	_	_	_	_	_
530-5	BZ001	530	5	[bellissimo].	bellissimo	_	_	_	_	_	linguistic	_	ContainsVariation=No	Intonation=Falling	End=1471.334	_	_	_	0-10(153)
531-0	BZ006	531	0	[mai].	mai	_	_	_	_	_	linguistic	_	ContainsVariation=No	Intonation=Falling	Begin=1470.094|End=1470.324	_	_	_	0-3(152)
532-0	BZ006	532	0	[mai].	mai	_	_	_	_	_	linguistic	_	ContainsVariation=No	Intonation=Falling	Begin=1470.914|End=1471.324	_	_	_	0-3(153)
533-0	BZ006	533	0	ho	ho	_	_	_	_	_	linguistic	_	ContainsVariation=No	_	Begin=1471.634	_	_	_	_
533-1	BZ006	533	1	un:,	un	_	_	_	_	_	linguistic	_	ContainsVariation=No	Intonation=WeaklyRising	End=1472.554	1x1	_	_	_
534-0	BZ001	534	0	ti	ti	_	_	_	_	_	linguistic	_	ContainsVariation=No	_	Begin=1472.659	_	_	_	_
534-1	BZ001	534	1	piacerebbe	piacerebbe	_	_	_	_	_	linguistic	_	ContainsVariation=No	_	_	_	_	_	_
534-2	BZ001	534	2	[sicuramente],	sicuramente	_	_	_	_	_	linguistic	_	ContainsVariation=No	Intonation=WeaklyRising	End=1473.659	_	_	_	0-11(154)
535-0	BZ006	535	0	[taccuino]	taccuino	_	_	_	_	_	linguistic	_	ContainsVariation=No	_	Begin=1473.124	_	_	_	0-8(154)
535-1	BZ006	535	1	moleskine,	moleskine	_	_	_	_	_	linguistic	_	ContainsVariation=No	Intonation=WeaklyRising	End=1474.384	_	_	_	_
536-0	BZ006	536	0	di	di	_	_	_	_	_	linguistic	_	ContainsVariation=No	_	Begin=1474.739	_	_	_	_
536-1	BZ006	536	1	lisbona,	lisbona	_	_	_	_	_	linguistic	_	ContainsVariation=No	Intonation=WeaklyRising	End=1475.419	_	_	_	_
537-0	BZ001	537	0	ah	ah	_	_	_	_	_	linguistic	_	ContainsVariation=No	ProsodicLink=Yes	Begin=1475.614	_	_	_	_
537-1	BZ001	537	1	ah,	ah	_	_	_	_	_	linguistic	_	ContainsVariation=No	Intonation=WeaklyRising	End=1475.944	_	_	_	_
538-0	BZ006	538	0	che	che	_	_	_	_	_	linguistic	_	ContainsVariation=No	_	Begin=1476.084	_	_	_	_
538-1	BZ006	538	1	mi	mi	_	_	_	_	_	linguistic	_	ContainsVariation=No	_	_	_	_	_	_
538-2	BZ006	538	2	aveva	aveva	_	_	_	_	_	linguistic	_	ContainsVariation=No	_	_	_	_	_	_
538-3	BZ006	538	3	regalato	regalato	_	_	_	_	_	linguistic	_	ContainsVariation=No	_	_	_	_	_	_
538-4	BZ006	538	4	la,	la	_	_	_	_	_	linguistic	_	ContainsVariation=No	Intonation=WeaklyRising	End=1477.304	_	_	_	_
539-0	BZ006	539	0	la	la	_	_	_	_	_	linguistic	_	ContainsVariation=No	_	Begin=1477.599	_	_	_	_
539-1	BZ006	539	1	prof	prof	_	_	_	_	_	linguistic	_	ContainsVariation=No	_	_	_	_	_	_
539-2	BZ006	539	2	di	di	_	_	_	_	_	linguistic	_	ContainsVariation=No	_	_	_	_	_	_
539-3	BZ006	539	3	italiano	italiano	_	_	_	_	_	linguistic	_	ContainsVariation=No	_	_	_	_	_	_
539-4	BZ006	539	4	dopo:,	dopo	_	_	_	_	_	linguistic	_	ContainsVariation=No	Intonation=WeaklyRising|PauseAfter=Yes	_	3x1	_	_	_
539-5	BZ006	539	5	(.)	(.)	_	_	_	_	_	shortpause	_	ContainsVariation=No	_	_	_	_	_	_
539-6	BZ006	539	6	alla	alla	_	_	_	_	_	linguistic	_	ContainsVariation=No	_	_	_	_	_	_
539-7	BZ006	539	7	mar-	mar-	_	_	_	_	_	linguistic	_	ContainsVariation=No	Interrupted=Yes	_	_	_	_	_
539-8	BZ006	539	8	maturità	maturità	_	_	_	_	_	linguistic	_	ContainsVariation=No	_	_	_	_	_	_
539-9	BZ006	539	9	ci	ci	_	_	_	_	_	linguistic	_	ContainsVariation=No	_	_	_	_	_	_
539-10	BZ006	539	10	aveva	aveva	_	_	_	_	_	linguistic	_	ContainsVariation=No	_	_	_	_	_	_
539-11	BZ006	539	11	fatto	fatto	_	_	_	_	_	linguistic	_	ContainsVariation=No	_	_	_	_	_	_
539-12	BZ006	539	12	un	un	_	_	_	_	_	linguistic	_	ContainsVariation=No	_	_	_	_	_	_
539-13	BZ006	539	13	taccuino	taccuino	_	_	_	_	_	linguistic	_	ContainsVariation=No	_	_	_	_	_	_
539-14	BZ006	539	14	a	a	_	_	_	_	_	linguistic	_	ContainsVariation=No	_	_	_	_	_	_
539-15	BZ006	539	15	testa	testa	_	_	_	_	_	linguistic	_	ContainsVariation=No	_	_	_	_	_	_
539-16	BZ006	539	16	a	a	_	_	_	_	_	linguistic	_	ContainsVariation=No	_	_	_	_	_	_
539-17	BZ006	539	17	tutti	tutti	_	_	_	_	_	linguistic	_	ContainsVariation=No	_	_	_	_	_	_
539-18	BZ006	539	18	quanti.	quanti	_	_	_	_	_	linguistic	_	ContainsVariation=No	Intonation=Falling	_	_	_	_	_
539-19	BZ006	539	19	avevo	avevo	_	_	_	_	_	linguistic	_	ContainsVariation=No	_	_	_	_	_	_
539-20	BZ006	539	20	[pescato	pescato	_	_	_	_	_	linguistic	_	ContainsVariation=No	_	_	_	_	_	0-7(155)
539-21	BZ006	539	21	lisbo]na	lisbona	_	_	_	_	_	linguistic	_	ContainsVariation=No	_	End=1483.479	_	_	_	0-5(155)
540-0	BZ001	540	0	[mh	mh	_	_	_	_	_	linguistic	_	ContainsVariation=No	ProsodicLink=Yes	Begin=1482.734	_	_	_	0-2(155)
540-1	BZ001	540	1	mh],	mh	_	_	_	_	_	linguistic	_	ContainsVariation=No	Intonation=WeaklyRising	End=1483.314	_	_	_	0-2(155)
541-0	BZ006	541	0	però	però	_	_	_	_	_	linguistic	_	ContainsVariation=No	_	Begin=1484.014	_	_	_	_
541-1	BZ006	541	1	devo	devo	_	_	_	_	_	linguistic	_	ContainsVariation=No	_	_	_	_	_	_
541-2	BZ006	541	2	ancora	ancora	_	_	_	_	_	linguistic	_	ContainsVariation=No	_	_	_	_	_	_
541-3	BZ006	541	3	andarci.	andarci	_	_	_	_	_	linguistic	_	ContainsVariation=No	Intonation=Falling	End=1484.714	_	_	_	_
542-0	BZ001	542	0	bellissima.	bellissima	_	_	_	_	_	linguistic	_	ContainsVariation=No	Intonation=Falling|PauseAfter=Yes	Begin=1485.199	_	_	_	_
542-1	BZ001	542	1	(.)	(.)	_	_	_	_	_	shortpause	_	ContainsVariation=No	_	_	_	_	_	_
542-2	BZ001	542	2	[xx	xx	_	_	_	_	_	unknown	_	ContainsVariation=No	Syllables=2	_	_	_	_	0-2(156)
542-3	BZ001	542	3	anche]	anche	_	_	_	_	_	linguistic	_	ContainsVariation=No	_	_	_	_	_	0-5(156)
542-4	BZ001	542	4	lisbona:,	lisbona	_	_	_	_	_	linguistic	_	ContainsVariation=No	Intonation=WeaklyRising	End=1487.209	6x1	_	_	_
543-0	BZ006	543	0	[eh::]	eh	_	_	_	_	_	linguistic	_	ContainsVariation=No	_	Begin=1485.909|End=1486.689	1x2	_	_	0-2(156)
544-0	BZ006	544	0	eh	eh	_	_	_	_	_	linguistic	_	ContainsVariation=No	_	Begin=1487.884	_	_	_	_
544-1	BZ006	544	1	là	là	_	_	_	_	_	linguistic	_	ContainsVariation=No	_	_	_	_	_	_
544-2	BZ006	544	2	solo	solo	_	_	_	_	_	linguistic	_	ContainsVariation=No	_	_	_	_	_	_
544-3	BZ006	544	3	tabucchi.	tabucchi	_	_	_	_	_	linguistic	_	ContainsVariation=No	Intonation=Falling	_	_	_	_	_
544-4	BZ006	544	4	((ride))	((ride))	_	_	_	_	_	nonverbalbehavior	_	ContainsVariation=No	_	End=1489.054	_	_	_	_
545-0	BZ001	545	0	eh	eh	_	_	_	_	_	linguistic	_	ContainsVariation=No	_	Begin=1489.074	_	_	_	_
545-1	BZ001	545	1	sì.	sì	_	_	_	_	_	linguistic	_	ContainsVariation=No	Intonation=Falling	End=1489.484	_	_	_	_
546-0	BZ006	546	0	e	e	_	_	_	_	_	linguistic	_	ContainsVariation=No	_	Begin=1489.484	_	_	_	_
546-1	BZ006	546	1	basta	basta	_	_	_	_	_	linguistic	_	ContainsVariation=No	_	_	_	_	_	_
546-2	BZ006	546	2	((ridendo))	((ridendo))	_	_	_	_	_	nonverbalbehavior	_	ContainsVariation=No	_	_	_	_	_	_
546-3	BZ006	546	3	[((ride))]	((ride))	_	_	_	_	_	nonverbalbehavior	_	ContainsVariation=No	_	End=1490.794	_	_	_	X(157)
547-0	BZ001	547	0	[((ride))]	((ride))	_	_	_	_	_	nonverbalbehavior	_	ContainsVariation=No	_	Begin=1490.044|End=1490.784	_	_	_	X(157)
548-0	BZ006	548	0	be'	be'	_	_	_	_	_	linguistic	_	ContainsVariation=No	Truncated=Yes	Begin=1491.279	_	_	_	_
548-1	BZ006	548	1	e:	e	_	_	_	_	_	linguistic	_	ContainsVariation=No	_	_	0x1	_	_	_
548-2	BZ006	548	2	allora	allora	_	_	_	_	_	linguistic	_	ContainsVariation=No	_	_	_	_	_	_
548-3	BZ006	548	3	son	son	_	_	_	_	_	linguistic	_	ContainsVariation=No	_	_	_	_	_	_
548-4	BZ006	548	4	tornato	tornato	_	_	_	_	_	linguistic	_	ContainsVariation=No	_	_	_	_	_	_
548-5	BZ006	548	5	e	e	_	_	_	_	_	linguistic	_	ContainsVariation=No	_	_	_	_	_	_
548-6	BZ006	548	6	ho	ho	_	_	_	_	_	linguistic	_	ContainsVariation=No	_	_	_	_	_	_
548-7	BZ006	548	7	cominciato	cominciato	_	_	_	_	_	linguistic	_	ContainsVariation=No	_	_	_	_	_	_
548-8	BZ006	548	8	a	a	_	_	_	_	_	linguistic	_	ContainsVariation=No	_	_	_	_	_	_
548-9	BZ006	548	9	lavorare	lavorare	_	_	_	_	_	linguistic	_	ContainsVariation=No	_	_	_	_	_	_
548-10	BZ006	548	10	come	come	_	_	_	_	_	linguistic	_	ContainsVariation=No	_	_	_	_	_	_
548-11	BZ006	548	11	insegnante	insegnante	_	_	_	_	_	linguistic	_	ContainsVariation=No	_	_	_	_	_	_
548-12	BZ006	548	12	di	di	_	_	_	_	_	linguistic	_	ContainsVariation=No	_	_	_	_	_	_
548-13	BZ006	548	13	tedesco	tedesco	_	_	_	_	_	linguistic	_	ContainsVariation=No	_	_	_	_	_	_
548-14	BZ006	548	14	roba	roba	_	_	_	_	_	linguistic	_	ContainsVariation=No	_	_	_	_	_	_
548-15	BZ006	548	15	assurda,	assurda	_	_	_	_	_	linguistic	_	ContainsVariation=No	Intonation=WeaklyRising	End=1495.869	_	_	_	_
549-0	BZ006	549	0	assurda	assurda	_	_	_	_	_	linguistic	_	ContainsVariation=No	_	Begin=1496.149	_	_	_	_
549-1	BZ006	549	1	mi	mi	_	_	_	_	_	linguistic	_	ContainsVariation=No	_	_	_	_	_	_
549-2	BZ006	549	2	sentivo,	sentivo	_	_	_	_	_	linguistic	_	ContainsVariation=No	Intonation=WeaklyRising	End=1497.229	_	_	_	_
550-0	BZ006	550	0	il	il	_	_	_	_	_	linguistic	_	ContainsVariation=No	_	Begin=1497.534	_	_	_	_
550-1	BZ006	550	1	primo	primo	_	_	_	_	_	linguistic	_	ContainsVariation=No	_	_	_	_	_	_
550-2	BZ006	550	2	periodo	periodo	_	_	_	_	_	linguistic	_	ContainsVariation=No	_	_	_	_	_	_
550-3	BZ006	550	3	anzi,	anzi	_	_	_	_	_	linguistic	_	ContainsVariation=No	Intonation=WeaklyRising	End=1498.624	_	_	_	_
551-0	BZ006	551	0	mettiamo	mettiamo	_	_	_	_	_	linguistic	_	ContainsVariation=No	_	Begin=1498.874	_	_	_	_
551-1	BZ006	551	1	pure	pure	_	_	_	_	_	linguistic	_	ContainsVariation=No	_	_	_	_	_	_
551-2	BZ006	551	2	il	il	_	_	_	_	_	linguistic	_	ContainsVariation=No	_	_	_	_	_	_
551-3	BZ006	551	3	primo	primo	_	_	_	_	_	linguistic	_	ContainsVariation=No	_	_	_	_	_	_
551-4	BZ006	551	4	anno	anno	_	_	_	_	_	linguistic	_	ContainsVariation=No	_	_	_	_	_	_
551-5	BZ006	551	5	perché	perché	_	_	_	_	_	linguistic	_	ContainsVariation=No	_	_	_	_	_	_
551-6	BZ006	551	6	[poi	poi	_	_	_	_	_	linguistic	_	ContainsVariation=No	_	_	_	_	_	0-3(158)
551-7	BZ006	551	7	in	in	_	_	_	_	_	linguistic	_	ContainsVariation=No	_	_	_	_	_	0-2(158)
551-8	BZ006	551	8	mez]zo	mezzo	_	_	_	_	_	linguistic	_	ContainsVariation=No	_	_	_	_	_	0-3(158)
551-9	BZ006	551	9	c'	c'	_	_	_	_	_	linguistic	_	ContainsVariation=No	SpaceAfter=No	_	_	_	_	_
551-10	BZ006	551	10	è	è	_	_	_	_	_	linguistic	_	ContainsVariation=No	_	_	_	_	_	_
551-11	BZ006	551	11	stata	stata	_	_	_	_	_	linguistic	_	ContainsVariation=No	_	_	_	_	_	_
551-12	BZ006	551	12	anche	anche	_	_	_	_	_	linguistic	_	ContainsVariation=No	_	_	_	_	_	_
551-13	BZ006	551	13	la	la	_	_	_	_	_	linguistic	_	ContainsVariation=No	_	_	_	_	_	_
551-14	BZ006	551	14	pandemia,	pandemia	_	_	_	_	_	linguistic	_	ContainsVariation=No	Intonation=WeaklyRising	End=1502.024	_	_	_	_
552-0	BZ001	552	0	[mh	mh	_	_	_	_	_	linguistic	_	ContainsVariation=No	ProsodicLink=Yes	Begin=1500.414	_	_	_	0-2(158)
552-1	BZ001	552	1	mh],	mh	_	_	_	_	_	linguistic	_	ContainsVariation=No	Intonation=WeaklyRising	End=1500.804	_	_	_	0-2(158)
553-0	BZ006	553	0	eh	eh	_	_	_	_	_	linguistic	_	ContainsVariation=No	_	Begin=1502.594	_	_	_	_
553-1	BZ006	553	1	mi	mi	_	_	_	_	_	linguistic	_	ContainsVariation=No	_	_	_	_	_	_
553-2	BZ006	553	2	son	son	_	_	_	_	_	linguistic	_	ContainsVariation=No	_	_	_	_	_	_
553-3	BZ006	553	3	sentito	sentito	_	_	_	_	_	linguistic	_	ContainsVariation=No	_	_	_	_	_	_
553-4	BZ006	553	4	in	in	_	_	_	_	_	linguistic	_	ContainsVariation=No	_	_	_	_	_	_
553-5	BZ006	553	5	colpa	colpa	_	_	_	_	_	linguistic	_	ContainsVariation=No	_	_	_	_	_	_
553-6	BZ006	553	6	rispetto	rispetto	_	_	_	_	_	linguistic	_	ContainsVariation=No	_	_	_	_	_	_
553-7	BZ006	553	7	a	a	_	_	_	_	_	linguistic	_	ContainsVariation=No	_	_	_	_	_	_
553-8	BZ006	553	8	questo	questo	_	_	_	_	_	linguistic	_	ContainsVariation=No	_	_	_	_	_	_
553-9	BZ006	553	9	lavoro	lavoro	_	_	_	_	_	linguistic	_	ContainsVariation=No	_	_	_	_	_	_
553-10	BZ006	553	10	perché,	perché	_	_	_	_	_	linguistic	_	ContainsVariation=No	Intonation=WeaklyRising|PauseAfter=Yes	_	_	_	_	_
553-11	BZ006	553	11	(.)	(.)	_	_	_	_	_	shortpause	_	ContainsVariation=No	_	_	_	_	_	_
553-12	BZ006	553	12	sentivo	sentivo	_	_	_	_	_	linguistic	_	ContainsVariation=No	_	_	_	_	_	_
553-13	BZ006	553	13	come	come	_	_	_	_	_	linguistic	_	ContainsVariation=No	_	_	_	_	_	_
553-14	BZ006	553	14	di	di	_	_	_	_	_	linguistic	_	ContainsVariation=No	_	_	_	_	_	_
553-15	BZ006	553	15	fare	fare	_	_	_	_	_	linguistic	_	ContainsVariation=No	_	_	_	_	_	_
553-16	BZ006	553	16	qualcosa	qualcosa	_	_	_	_	_	linguistic	_	ContainsVariation=No	_	_	_	_	_	_
553-17	BZ006	553	17	che	che	_	_	_	_	_	linguistic	_	ContainsVariation=No	_	_	_	_	_	_
553-18	BZ006	553	18	non	non	_	_	_	_	_	linguistic	_	ContainsVariation=No	_	_	_	_	_	_
553-19	BZ006	553	19	era,	era	_	_	_	_	_	linguistic	_	ContainsVariation=No	Intonation=WeaklyRising	End=1507.364	_	_	_	_
554-0	BZ006	554	0	la	la	_	_	_	_	_	linguistic	_	ContainsVariation=No	_	Begin=1507.754	_	_	_	_
554-1	BZ006	554	1	mia,	mia	_	_	_	_	_	linguistic	_	ContainsVariation=No	Intonation=WeaklyRising	End=1508.304	_	_	_	_
555-0	BZ006	555	0	competenza	competenza	_	_	_	_	_	linguistic	_	ContainsVariation=No	_	Begin=1508.554	_	_	_	_
555-1	BZ006	555	1	principale.	principale	_	_	_	_	_	linguistic	_	ContainsVariation=No	Intonation=Falling	_	_	_	_	_
555-2	BZ006	555	2	come.	come	_	_	_	_	_	linguistic	_	ContainsVariation=No	Intonation=Falling	_	_	_	_	_
555-3	BZ006	555	3	come	come	_	_	_	_	_	linguistic	_	ContainsVariation=No	_	_	_	_	_	_
555-4	BZ006	555	4	non	non	_	_	_	_	_	linguistic	_	ContainsVariation=No	_	_	_	_	_	_
555-5	BZ006	555	5	dico	dico	_	_	_	_	_	linguistic	_	ContainsVariation=No	_	_	_	_	_	_
555-6	BZ006	555	6	se	se	_	_	_	_	_	linguistic	_	ContainsVariation=No	_	_	_	_	_	_
555-7	BZ006	555	7	stessi	stessi	_	_	_	_	_	linguistic	_	ContainsVariation=No	_	_	_	_	_	_
555-8	BZ006	555	8	rubando	rubando	_	_	_	_	_	linguistic	_	ContainsVariation=No	_	_	_	_	_	_
555-9	BZ006	555	9	il	il	_	_	_	_	_	linguistic	_	ContainsVariation=No	_	_	_	_	_	_
555-10	BZ006	555	10	lavoro	lavoro	_	_	_	_	_	linguistic	_	ContainsVariation=No	_	_	_	_	_	_
555-11	BZ006	555	11	a	a	_	_	_	_	_	linguistic	_	ContainsVariation=No	_	_	_	_	_	_
555-12	BZ006	555	12	qualcun	qualcun	_	_	_	_	_	linguistic	_	ContainsVariation=No	_	_	_	_	_	_
555-13	BZ006	555	13	altro	altro	_	_	_	_	_	linguistic	_	ContainsVariation=No	_	_	_	_	_	_
555-14	BZ006	555	14	perché	perché	_	_	_	_	_	linguistic	_	ContainsVariation=No	_	_	_	_	_	_
555-15	BZ006	555	15	obiettivamente	obiettivamente	_	_	_	_	_	linguistic	_	ContainsVariation=No	_	_	_	_	_	_
555-16	BZ006	555	16	non	non	_	_	_	_	_	linguistic	_	ContainsVariation=No	_	_	_	_	_	_
555-17	BZ006	555	17	era	era	_	_	_	_	_	linguistic	_	ContainsVariation=No	_	_	_	_	_	_
555-18	BZ006	555	18	così,	così	_	_	_	_	_	linguistic	_	ContainsVariation=No	Intonation=WeaklyRising|PauseAfter=Yes	_	_	_	_	_
555-19	BZ006	555	19	(.)	(.)	_	_	_	_	_	shortpause	_	ContainsVariation=No	_	_	_	_	_	_
555-20	BZ006	555	20	perché	perché	_	_	_	_	_	linguistic	_	ContainsVariation=No	_	_	_	_	_	_
555-21	BZ006	555	21	se	se	_	_	_	_	_	linguistic	_	ContainsVariation=No	_	_	_	_	_	_
555-22	BZ006	555	22	erano	erano	_	_	_	_	_	linguistic	_	ContainsVariation=No	_	_	_	_	_	_
555-23	BZ006	555	23	arrivati	arrivati	_	_	_	_	_	linguistic	_	ContainsVariation=No	_	_	_	_	_	_
555-24	BZ006	555	24	a	a	_	_	_	_	_	linguistic	_	ContainsVariation=No	_	_	_	_	_	_
555-25	BZ006	555	25	me	me	_	_	_	_	_	linguistic	_	ContainsVariation=No	_	_	_	_	_	_
555-26	BZ006	555	26	era	era	_	_	_	_	_	linguistic	_	ContainsVariation=No	_	_	_	_	_	_
555-27	BZ006	555	27	perché	perché	_	_	_	_	_	linguistic	_	ContainsVariation=No	_	_	_	_	_	_
555-28	BZ006	555	28	non	non	_	_	_	_	_	linguistic	_	ContainsVariation=No	_	_	_	_	_	_
555-29	BZ006	555	29	c'	c'	_	_	_	_	_	linguistic	_	ContainsVariation=No	SpaceAfter=No	_	_	_	_	_
555-30	BZ006	555	30	era,	era	_	_	_	_	_	linguistic	_	ContainsVariation=No	Intonation=WeaklyRising	End=1515.914	_	_	_	_
556-0	BZ006	556	0	[eh:]	eh	_	_	_	_	_	linguistic	_	ContainsVariation=No	_	Begin=1516.484	1x1	_	_	0-2(159)
556-1	BZ006	556	1	qualcuno	qualcuno	_	_	_	_	_	linguistic	_	ContainsVariation=No	_	_	_	_	_	_
556-2	BZ006	556	2	da	da	_	_	_	_	_	linguistic	_	ContainsVariation=No	_	_	_	_	_	_
556-3	BZ006	556	3	chiamare	chiamare	_	_	_	_	_	linguistic	_	ContainsVariation=No	_	_	_	_	_	_
556-4	BZ006	556	4	altrimenti.	altrimenti	_	_	_	_	_	linguistic	_	ContainsVariation=No	Intonation=Falling	End=1518.704	_	_	_	_
557-0	BZ001	557	0	[certo].	certo	_	_	_	_	_	linguistic	_	ContainsVariation=No	Intonation=Falling	Begin=1516.499|End=1517.139	_	_	_	0-5(159)
558-0	BZ006	558	0	eh	eh	_	_	_	_	_	linguistic	_	ContainsVariation=No	_	Begin=1519.439	_	_	_	_
558-1	BZ006	558	1	tant'	tant'	_	_	_	_	_	linguistic	_	ContainsVariation=No	SpaceAfter=No	_	_	_	_	_
558-2	BZ006	558	2	è	è	_	_	_	_	_	linguistic	_	ContainsVariation=No	_	_	_	_	_	_
558-3	BZ006	558	3	che	che	_	_	_	_	_	linguistic	_	ContainsVariation=No	_	_	_	_	_	_
558-4	BZ006	558	4	io	io	_	_	_	_	_	linguistic	_	ContainsVariation=No	_	_	_	_	_	_
558-5	BZ006	558	5	non	non	_	_	_	_	_	linguistic	_	ContainsVariation=No	_	_	_	_	_	_
558-6	BZ006	558	6	ero	ero	_	_	_	_	_	linguistic	_	ContainsVariation=No	_	_	_	_	_	_
558-7	BZ006	558	7	l'	l'	_	_	_	_	_	linguistic	_	ContainsVariation=No	SpaceAfter=No	_	_	_	_	_
558-8	BZ006	558	8	unico.	unico	_	_	_	_	_	linguistic	_	ContainsVariation=No	Intonation=Falling	End=1520.669	_	_	_	_
559-0	BZ006	559	0	ho	ho	_	_	_	_	_	linguistic	_	ContainsVariation=No	_	Begin=1520.949	_	_	_	_
559-1	BZ006	559	1	scoperto	scoperto	_	_	_	_	_	linguistic	_	ContainsVariation=No	_	_	_	_	_	_
559-2	BZ006	559	2	poi,	poi	_	_	_	_	_	linguistic	_	ContainsVariation=No	Intonation=WeaklyRising	End=1521.899	_	_	_	_
560-0	BZ001	560	0	ah.	ah	_	_	_	_	_	linguistic	_	ContainsVariation=No	Intonation=Falling	Begin=1521.949|End=1522.1695	_	_	_	_
561-0	BZ006	561	0	a:	a	_	_	_	_	_	linguistic	_	ContainsVariation=No	_	Begin=1522.1695	0x1	_	_	_
561-1	BZ006	561	1	mh	mh	_	_	_	_	_	linguistic	_	ContainsVariation=No	PauseAfter=Yes	_	_	_	_	_
561-2	BZ006	561	2	(.)	(.)	_	_	_	_	_	shortpause	_	ContainsVariation=No	_	_	_	_	_	_
561-3	BZ006	561	3	a	a	_	_	_	_	_	linguistic	_	ContainsVariation=No	_	_	_	_	_	_
561-4	BZ006	561	4	essere	essere	_	_	_	_	_	linguistic	_	ContainsVariation=No	_	_	_	_	_	_
561-5	BZ006	561	5	stato	stato	_	_	_	_	_	linguistic	_	ContainsVariation=No	_	_	_	_	_	_
561-6	BZ006	561	6	chiamato	chiamato	_	_	_	_	_	linguistic	_	ContainsVariation=No	PauseAfter=Yes	_	_	_	_	_
561-7	BZ006	561	7	(.)	(.)	_	_	_	_	_	shortpause	_	ContainsVariation=No	_	_	_	_	_	_
561-8	BZ006	561	8	italiano.	italiano	_	_	_	_	_	linguistic	_	ContainsVariation=No	Intonation=Falling	End=1524.859	_	_	_	_
562-0	BZ006	562	0	ma:	ma	_	_	_	_	_	linguistic	_	ContainsVariation=No	_	Begin=1526.224	1x1	_	_	_
562-1	BZ006	562	1	mh:	mh	_	_	_	_	_	linguistic	_	ContainsVariation=No	_	_	1x1	_	_	_
562-2	BZ006	562	2	mi	mi	_	_	_	_	_	linguistic	_	ContainsVariation=No	_	_	_	_	_	_
562-3	BZ006	562	3	sentivo	sentivo	_	_	_	_	_	linguistic	_	ContainsVariation=No	_	_	_	_	_	_
562-4	BZ006	562	4	in	in	_	_	_	_	_	linguistic	_	ContainsVariation=No	_	_	_	_	_	_
562-5	BZ006	562	5	colpa	colpa	_	_	_	_	_	linguistic	_	ContainsVariation=No	_	_	_	_	_	_
562-6	BZ006	562	6	perché,	perché	_	_	_	_	_	linguistic	_	ContainsVariation=No	Intonation=WeaklyRising	End=1528.954	_	_	_	_
563-0	BZ006	563	0	obiettivamente	obiettivamente	_	_	_	_	_	linguistic	_	ContainsVariation=No	_	Begin=1529.214	_	_	_	_
563-1	BZ006	563	1	non	non	_	_	_	_	_	linguistic	_	ContainsVariation=No	_	_	_	_	_	_
563-2	BZ006	563	2	avevo	avevo	_	_	_	_	_	linguistic	_	ContainsVariation=No	_	_	_	_	_	_
563-3	BZ006	563	3	una	una	_	_	_	_	_	linguistic	_	ContainsVariation=No	_	_	_	_	_	_
563-4	BZ006	563	4	conoscenza	conoscenza	_	_	_	_	_	linguistic	_	ContainsVariation=No	_	_	_	_	_	_
563-5	BZ006	563	5	della	della	_	_	_	_	_	linguistic	_	ContainsVariation=No	_	_	_	_	_	_
563-6	BZ006	563	6	lingua	lingua	_	_	_	_	_	linguistic	_	ContainsVariation=No	_	_	_	_	_	_
563-7	BZ006	563	7	così	così	_	_	_	_	_	linguistic	_	ContainsVariation=No	_	_	_	_	_	_
563-8	BZ006	563	8	avanzata,	avanzata	_	_	_	_	_	linguistic	_	ContainsVariation=No	Intonation=WeaklyRising	End=1532.704	_	_	_	_
564-0	BZ006	564	0	nonostante	nonostante	_	_	_	_	_	linguistic	_	ContainsVariation=No	_	Begin=1533.074	_	_	_	_
564-1	BZ006	564	1	avessi	avessi	_	_	_	_	_	linguistic	_	ContainsVariation=No	_	_	_	_	_	_
564-2	BZ006	564	2	il	il	_	_	_	_	_	linguistic	_	ContainsVariation=No	_	_	_	_	_	_
564-3	BZ006	564	3	patentino	patentino	_	_	_	_	_	linguistic	_	ContainsVariation=No	_	_	_	_	_	_
564-4	BZ006	564	4	a	a	_	_	_	_	_	linguistic	_	ContainsVariation=No	_	_	_	_	_	_
564-5	BZ006	564	5	e	e	_	_	_	_	_	linguistic	_	ContainsVariation=No	_	_	_	_	_	_
564-6	BZ006	564	6	il,	il	_	_	_	_	_	linguistic	_	ContainsVariation=No	Intonation=WeaklyRising	End=1536.204	_	_	_	_
565-0	BZ006	565	0	questo	questo	_	_	_	_	_	linguistic	_	ContainsVariation=No	_	Begin=1536.774	_	_	_	_
565-1	BZ006	565	1	goethe	goethe	_	_	_	_	_	linguistic	_	ContainsVariation=No	_	_	_	_	_	_
565-2	BZ006	565	2	che	che	_	_	_	_	_	linguistic	_	ContainsVariation=No	_	_	_	_	_	_
565-3	BZ006	565	3	>non	non	_	_	_	_	_	linguistic	_	ContainsVariation=No	_	_	_	Fast=0-3(0)	_	_
565-4	BZ006	565	4	servono	servono	_	_	_	_	_	linguistic	_	ContainsVariation=No	_	_	_	Fast=0-7(0)	_	_
565-5	BZ006	565	5	a	a	_	_	_	_	_	linguistic	_	ContainsVariation=No	_	_	_	Fast=0-1(0)	_	_
565-6	BZ006	565	6	niente	niente	_	_	_	_	_	linguistic	_	ContainsVariation=No	_	_	_	Fast=0-6(0)	_	_
565-7	BZ006	565	7	in	in	_	_	_	_	_	linguistic	_	ContainsVariation=No	_	_	_	Fast=0-2(0)	_	_
565-8	BZ006	565	8	realtà	realtà	_	_	_	_	_	linguistic	_	ContainsVariation=No	_	_	_	Fast=0-6(0)	_	_
565-9	BZ006	565	9	ste	ste	_	_	_	_	_	linguistic	_	ContainsVariation=No	_	_	_	Fast=0-3(0)	_	_
565-10	BZ006	565	10	certificazioni	certificazioni	_	_	_	_	_	linguistic	_	ContainsVariation=No	_	_	_	Fast=0-14(0)	_	_
565-11	BZ006	565	11	sono	sono	_	_	_	_	_	linguistic	_	ContainsVariation=No	_	_	_	Fast=0-4(0)	_	_
565-12	BZ006	565	12	una	una	_	_	_	_	_	linguistic	_	ContainsVariation=No	_	_	_	Fast=0-3(0)	_	_
565-13	BZ006	565	13	roba	roba	_	_	_	_	_	linguistic	_	ContainsVariation=No	_	_	_	Fast=0-4(0)	_	_
565-14	BZ006	565	14	proprio	proprio	_	_	_	_	_	linguistic	_	ContainsVariation=No	_	_	_	Fast=0-7(0)	_	_
565-15	BZ006	565	15	proprio	proprio	_	_	_	_	_	linguistic	_	ContainsVariation=No	_	_	_	Fast=0-7(0)	_	_
565-16	BZ006	565	16	a	a	_	_	_	_	_	linguistic	_	ContainsVariation=No	_	_	_	Fast=0-1(0)	_	_
565-17	BZ006	565	17	me<,	me	_	_	_	_	_	linguistic	_	ContainsVariation=No	Intonation=WeaklyRising	End=1540.884	_	Fast=0-2(0)	_	_
566-0	BZ006	566	0	dà	dà	_	_	_	_	_	linguistic	_	ContainsVariation=No	_	Begin=1541.244	_	_	_	_
566-1	BZ006	566	1	solo	solo	_	_	_	_	_	linguistic	_	ContainsVariation=No	_	_	_	_	_	_
566-2	BZ006	566	2	fastidio	fastidio	_	_	_	_	_	linguistic	_	ContainsVariation=No	_	_	_	_	_	_
566-3	BZ006	566	3	mette	mette	_	_	_	_	_	linguistic	_	ContainsVariation=No	_	_	_	_	_	_
566-4	BZ006	566	4	solo	solo	_	_	_	_	_	linguistic	_	ContainsVariation=No	_	_	_	_	_	_
566-5	BZ006	566	5	ansia	ansia	_	_	_	_	_	linguistic	_	ContainsVariation=No	_	_	_	_	_	_
566-6	BZ006	566	6	e	e	_	_	_	_	_	linguistic	_	ContainsVariation=No	_	_	_	_	_	_
566-7	BZ006	566	7	mi	mi	_	_	_	_	_	linguistic	_	ContainsVariation=No	_	_	_	_	_	_
566-8	BZ006	566	8	fa	fa	_	_	_	_	_	linguistic	_	ContainsVariation=No	_	_	_	_	_	_
566-9	BZ006	566	9	solo	solo	_	_	_	_	_	linguistic	_	ContainsVariation=No	_	_	_	_	_	_
566-10	BZ006	566	10	odiare	odiare	_	_	_	_	_	linguistic	_	ContainsVariation=No	_	_	_	_	_	_
566-11	BZ006	566	11	le	le	_	_	_	_	_	linguistic	_	ContainsVariation=No	_	_	_	_	_	_
566-12	BZ006	566	12	lingue,	lingue	_	_	_	_	_	linguistic	_	ContainsVariation=No	Intonation=WeaklyRising	End=1544.254	_	_	_	_
567-0	BZ006	567	0	però	però	_	_	_	_	_	linguistic	_	ContainsVariation=No	_	Begin=1544.774	_	_	_	_
567-1	BZ006	567	1	eh::m	ehm	_	_	_	_	_	linguistic	_	ContainsVariation=No	_	End=1546.154	1x2	_	_	_
568-0	BZ006	568	0	non	non	_	_	_	_	_	linguistic	_	ContainsVariation=No	_	Begin=1546.679	_	_	_	_
568-1	BZ006	568	1	mi	mi	_	_	_	_	_	linguistic	_	ContainsVariation=No	_	_	_	_	_	_
568-2	BZ006	568	2	sentivo	sentivo	_	_	_	_	_	linguistic	_	ContainsVariation=No	_	_	_	_	_	_
568-3	BZ006	568	3	la	la	_	_	_	_	_	linguistic	_	ContainsVariation=No	_	_	_	_	_	_
568-4	BZ006	568	4	persona	persona	_	_	_	_	_	linguistic	_	ContainsVariation=No	_	_	_	_	_	_
568-5	BZ006	568	5	adatta	adatta	_	_	_	_	_	linguistic	_	ContainsVariation=No	_	_	_	_	_	_
568-6	BZ006	568	6	a,	a	_	_	_	_	_	linguistic	_	ContainsVariation=No	Intonation=WeaklyRising	End=1548.679	_	_	_	_
569-0	BZ006	569	0	insegnare	insegnare	_	_	_	_	_	linguistic	_	ContainsVariation=No	_	Begin=1549.004	_	_	_	_
569-1	BZ006	569	1	a	a	_	_	_	_	_	linguistic	_	ContainsVariation=No	_	_	_	_	_	_
569-2	BZ006	569	2	dei	dei	_	_	_	_	_	linguistic	_	ContainsVariation=No	_	_	_	_	_	_
569-3	BZ006	569	3	ragazzi,	ragazzi	_	_	_	_	_	linguistic	_	ContainsVariation=No	Intonation=WeaklyRising	End=1550.674	_	_	_	_
570-0	BZ006	570	0	una	una	_	_	_	_	_	linguistic	_	ContainsVariation=No	_	Begin=1551.204	_	_	_	_
570-1	BZ006	570	1	lingua.	lingua	_	_	_	_	_	linguistic	_	ContainsVariation=No	Intonation=Falling	End=1551.854	_	_	_	_
571-0	BZ006	571	0	e	e	_	_	_	_	_	linguistic	_	ContainsVariation=No	_	Begin=1552.764	_	_	_	_
571-1	BZ006	571	1	mi	mi	_	_	_	_	_	linguistic	_	ContainsVariation=No	_	_	_	_	_	_
571-2	BZ006	571	2	son	son	_	_	_	_	_	linguistic	_	ContainsVariation=No	_	_	_	_	_	_
571-3	BZ006	571	3	dovuto	dovuto	_	_	_	_	_	linguistic	_	ContainsVariation=No	_	_	_	_	_	_
571-4	BZ006	571	4	ricredere,	ricredere	_	_	_	_	_	linguistic	_	ContainsVariation=No	Intonation=WeaklyRising	End=1554.024	_	_	_	_
572-0	BZ001	572	0	mh,	mh	_	_	_	_	_	linguistic	_	ContainsVariation=No	Intonation=WeaklyRising	Begin=1554.139|End=1554.319	_	_	_	_
573-0	BZ006	573	0	perché	perché	_	_	_	_	_	linguistic	_	ContainsVariation=No	_	Begin=1554.764	_	_	_	_
573-1	BZ006	573	1	effettivamente	effettivamente	_	_	_	_	_	linguistic	_	ContainsVariation=No	_	_	_	_	_	_
573-2	BZ006	573	2	forse	forse	_	_	_	_	_	linguistic	_	ContainsVariation=No	_	_	_	_	_	_
573-3	BZ006	573	3	non	non	_	_	_	_	_	linguistic	_	ContainsVariation=No	_	_	_	_	_	_
573-4	BZ006	573	4	gli	gli	_	_	_	_	_	linguistic	_	ContainsVariation=No	_	_	_	_	_	_
573-5	BZ006	573	5	ho,	ho	_	_	_	_	_	linguistic	_	ContainsVariation=No	Intonation=WeaklyRising	End=1556.164	_	_	_	_
574-0	BZ006	574	0	non	non	_	_	_	_	_	linguistic	_	ContainsVariation=No	_	Begin=1556.579	_	_	_	_
574-1	BZ006	574	1	ho	ho	_	_	_	_	_	linguistic	_	ContainsVariation=No	_	_	_	_	_	_
574-2	BZ006	574	2	loro	loro	_	_	_	_	_	linguistic	_	ContainsVariation=No	_	_	_	_	_	_
574-3	BZ006	574	3	insegnato,	insegnato	_	_	_	_	_	linguistic	_	ContainsVariation=No	Intonation=WeaklyRising	End=1557.969	_	_	_	_
575-0	BZ006	575	0	il	il	_	_	_	_	_	linguistic	_	ContainsVariation=No	_	Begin=1558.359	_	_	_	_
575-1	BZ006	575	1	tedesco,	tedesco	_	_	_	_	_	linguistic	_	ContainsVariation=No	Intonation=WeaklyRising	End=1559.159	_	_	_	_
576-0	BZ006	576	0	o	o	_	_	_	_	_	linguistic	_	ContainsVariation=No	_	Begin=1559.624	_	_	_	_
576-1	BZ006	576	1	meglio	meglio	_	_	_	_	_	linguistic	_	ContainsVariation=No	_	_	_	_	_	_
576-2	BZ006	576	2	sì	sì	_	_	_	_	_	linguistic	_	ContainsVariation=No	_	_	_	_	_	_
576-3	BZ006	576	3	qualcosa	qualcosa	_	_	_	_	_	linguistic	_	ContainsVariation=No	_	_	_	_	_	_
576-4	BZ006	576	4	sì	sì	_	_	_	_	_	linguistic	_	ContainsVariation=No	_	_	_	_	_	_
576-5	BZ006	576	5	[assoluta]mente	assolutamente	_	_	_	_	_	linguistic	_	ContainsVariation=No	_	_	_	_	_	0-8(160)
576-6	BZ006	576	6	anche	anche	_	_	_	_	_	linguistic	_	ContainsVariation=No	_	_	_	_	_	_
576-7	BZ006	576	7	perché	perché	_	_	_	_	_	linguistic	_	ContainsVariation=No	_	_	_	_	_	_
576-8	BZ006	576	8	forse	forse	_	_	_	_	_	linguistic	_	ContainsVariation=No	_	_	_	_	_	_
576-9	BZ006	576	9	da,	da	_	_	_	_	_	linguistic	_	ContainsVariation=No	Intonation=WeaklyRising	End=1562.894	_	_	_	_
577-0	BZ001	577	0	[mh	mh	_	_	_	_	_	linguistic	_	ContainsVariation=No	ProsodicLink=Yes	Begin=1561.304	_	_	_	0-2(160)
577-1	BZ001	577	1	mh].	mh	_	_	_	_	_	linguistic	_	ContainsVariation=No	Intonation=Falling	End=1561.754	_	_	_	0-2(160)
578-0	BZ006	578	0	conoscente	conoscente	_	_	_	_	_	linguistic	_	ContainsVariation=No	_	Begin=1563.894	_	_	_	_
578-1	BZ006	578	1	seconda	seconda	_	_	_	_	_	linguistic	_	ContainsVariation=No	_	_	_	_	_	_
578-2	BZ006	578	2	lingua,	lingua	_	_	_	_	_	linguistic	_	ContainsVariation=No	Intonation=WeaklyRising	End=1565.294	_	_	_	_
579-0	BZ006	579	0	alcune	alcune	_	_	_	_	_	linguistic	_	ContainsVariation=No	_	Begin=1566.179	_	_	_	_
579-1	BZ006	579	1	dinamiche	dinamiche	_	_	_	_	_	linguistic	_	ContainsVariation=No	_	_	_	_	_	_
579-2	BZ006	579	2	alcune	alcune	_	_	_	_	_	linguistic	_	ContainsVariation=No	_	_	_	_	_	_
579-3	BZ006	579	3	difficoltà	difficoltà	_	_	_	_	_	linguistic	_	ContainsVariation=No	_	_	_	_	_	_
579-4	BZ006	579	4	che	che	_	_	_	_	_	linguistic	_	ContainsVariation=No	_	_	_	_	_	_
579-5	BZ006	579	5	ha	ha	_	_	_	_	_	linguistic	_	ContainsVariation=No	_	_	_	_	_	_
579-6	BZ006	579	6	un	un	_	_	_	_	_	linguistic	_	ContainsVariation=No	_	_	_	_	_	_
579-7	BZ006	579	7	madrelingua	madrelingua	_	_	_	_	_	linguistic	_	ContainsVariation=No	_	_	_	_	_	_
579-8	BZ006	579	8	italiana	italiana	_	_	_	_	_	linguistic	_	ContainsVariation=No	_	_	_	_	_	_
579-9	BZ006	579	9	col	col	_	_	_	_	_	linguistic	_	ContainsVariation=No	_	_	_	_	_	_
579-10	BZ006	579	10	tedesco	tedesco	_	_	_	_	_	linguistic	_	ContainsVariation=No	_	_	_	_	_	_
579-11	BZ006	579	11	le	le	_	_	_	_	_	linguistic	_	ContainsVariation=No	_	_	_	_	_	_
579-12	BZ006	579	12	so	so	_	_	_	_	_	linguistic	_	ContainsVariation=No	_	_	_	_	_	_
579-13	BZ006	579	13	[quindi	quindi	_	_	_	_	_	linguistic	_	ContainsVariation=No	_	_	_	_	_	0-6(161)
579-14	BZ006	579	14	sapevo	sapevo	_	_	_	_	_	linguistic	_	ContainsVariation=No	_	_	_	_	_	0-6(161)
579-15	BZ006	579	15	dove	dove	_	_	_	_	_	linguistic	_	ContainsVariation=No	_	_	_	_	_	0-4(161)
579-16	BZ006	579	16	x	x	_	_	_	_	_	unknown	_	ContainsVariation=No	Syllables=1	_	_	_	_	0-1(161)
579-17	BZ006	579	17	io	io	_	_	_	_	_	linguistic	_	ContainsVariation=No	_	_	_	_	_	0-2(161)
579-18	BZ006	579	18	ho	ho	_	_	_	_	_	linguistic	_	ContainsVariation=No	_	_	_	_	_	0-2(161)
579-19	BZ006	579	19	passato	passato	_	_	_	_	_	linguistic	_	ContainsVariation=No	_	_	_	_	_	0-7(161)
579-20	BZ006	579	20	un	un	_	_	_	_	_	linguistic	_	ContainsVariation=No	_	_	_	_	_	0-2(161)
579-21	BZ006	579	21	anno	anno	_	_	_	_	_	linguistic	_	ContainsVariation=No	_	_	_	_	_	0-4(161)
579-22	BZ006	579	22	intero]	intero	_	_	_	_	_	linguistic	_	ContainsVariation=No	_	_	_	_	_	0-6(161)
579-23	BZ006	579	23	a	a	_	_	_	_	_	linguistic	_	ContainsVariation=No	_	_	_	_	_	_
579-24	BZ006	579	24	insistere	insistere	_	_	_	_	_	linguistic	_	ContainsVariation=No	_	_	_	_	_	_
579-25	BZ006	579	25	su	su	_	_	_	_	_	linguistic	_	ContainsVariation=No	_	_	_	_	_	_
579-26	BZ006	579	26	soggetto	soggetto	_	_	_	_	_	linguistic	_	ContainsVariation=No	_	_	_	_	_	_
579-27	BZ006	579	27	complemento	complemento	_	_	_	_	_	linguistic	_	ContainsVariation=No	_	_	_	_	_	_
579-28	BZ006	579	28	oggetto	oggetto	_	_	_	_	_	linguistic	_	ContainsVariation=No	_	_	_	_	_	_
579-29	BZ006	579	29	ste	ste	_	_	_	_	_	linguistic	_	ContainsVariation=No	_	_	_	_	_	_
579-30	BZ006	579	30	cose	cose	_	_	_	_	_	linguistic	_	ContainsVariation=No	_	_	_	_	_	_
579-31	BZ006	579	31	perché,	perché	_	_	_	_	_	linguistic	_	ContainsVariation=No	Intonation=WeaklyRising	End=1575.099	_	_	_	_
580-0	BZ001	580	0	[perché	perché	_	_	_	_	_	linguistic	_	ContainsVariation=No	_	Begin=1569.804	_	_	_	0-6(161)
580-1	BZ001	580	1	le	le	_	_	_	_	_	linguistic	_	ContainsVariation=No	_	_	_	_	_	0-2(161)
580-2	BZ001	580	2	hai	hai	_	_	_	_	_	linguistic	_	ContainsVariation=No	_	_	_	_	_	0-3(161)
580-3	BZ001	580	3	vissute	vissute	_	_	_	_	_	linguistic	_	ContainsVariation=No	_	_	_	_	_	0-7(161)
580-4	BZ001	580	4	tu	tu	_	_	_	_	_	linguistic	_	ContainsVariation=No	_	_	_	_	_	0-2(161)
580-5	BZ001	580	5	stesso.	stesso	_	_	_	_	_	linguistic	_	ContainsVariation=No	Intonation=Falling	_	_	_	_	0-6(161)
580-6	BZ001	580	6	eh].	eh	_	_	_	_	_	linguistic	_	ContainsVariation=No	Intonation=Falling	End=1572.01	_	_	_	0-2(161)
581-0	BZ006	581	0	so,	so	_	_	_	_	_	linguistic	_	ContainsVariation=No	Intonation=WeaklyRising	Begin=1575.48|End=1576.08	_	_	_	_
582-0	BZ006	582	0	che	che	_	_	_	_	_	linguistic	_	ContainsVariation=No	_	Begin=1576.505	_	_	_	_
582-1	BZ006	582	1	poi	poi	_	_	_	_	_	linguistic	_	ContainsVariation=No	_	_	_	_	_	_
582-2	BZ006	582	2	alle	alle	_	_	_	_	_	linguistic	_	ContainsVariation=No	_	_	_	_	_	_
582-3	BZ006	582	3	medie	medie	_	_	_	_	_	linguistic	_	ContainsVariation=No	_	_	_	_	_	_
582-4	BZ006	582	4	ci	ci	_	_	_	_	_	linguistic	_	ContainsVariation=No	_	_	_	_	_	_
582-5	BZ006	582	5	sbatti	sbatti	_	_	_	_	_	linguistic	_	ContainsVariation=No	_	_	_	_	_	_
582-6	BZ006	582	6	la	la	_	_	_	_	_	linguistic	_	ContainsVariation=No	_	_	_	_	_	_
582-7	BZ006	582	7	testa	testa	_	_	_	_	_	linguistic	_	ContainsVariation=No	_	_	_	_	_	_
582-8	BZ006	582	8	e	e	_	_	_	_	_	linguistic	_	ContainsVariation=No	_	_	_	_	_	_
582-9	BZ006	582	9	diventano	diventano	_	_	_	_	_	linguistic	_	ContainsVariation=No	_	_	_	_	_	_
582-10	BZ006	582	10	una,	una	_	_	_	_	_	linguistic	_	ContainsVariation=No	Intonation=WeaklyRising	End=1579.485	_	_	_	_
583-0	BZ006	583	0	una	una	_	_	_	_	_	linguistic	_	ContainsVariation=No	_	Begin=1580.395	_	_	_	_
583-1	BZ006	583	1	legnata.	legnata	_	_	_	_	_	linguistic	_	ContainsVariation=No	Intonation=Falling	End=1581.175	_	_	_	_
584-0	BZ006	584	0	eh::m:	ehm	_	_	_	_	_	linguistic	_	ContainsVariation=No	_	Begin=1581.7|End=1583.16	1x2,2x1	_	_	_
585-0	BZ006	585	0	però	però	_	_	_	_	_	linguistic	_	ContainsVariation=No	_	Begin=1584.255	_	_	_	_
585-1	BZ006	585	1	forse	forse	_	_	_	_	_	linguistic	_	ContainsVariation=No	_	_	_	_	_	_
585-2	BZ006	585	2	ho,	ho	_	_	_	_	_	linguistic	_	ContainsVariation=No	Intonation=WeaklyRising|PauseAfter=Yes	_	_	_	_	_
585-3	BZ006	585	3	(.)	(.)	_	_	_	_	_	shortpause	_	ContainsVariation=No	_	_	_	_	_	_
585-4	BZ006	585	4	eh:	eh	_	_	_	_	_	linguistic	_	ContainsVariation=No	_	_	1x1	_	_	_
585-5	BZ006	585	5	quello	quello	_	_	_	_	_	linguistic	_	ContainsVariation=No	_	_	_	_	_	_
585-6	BZ006	585	6	che	che	_	_	_	_	_	linguistic	_	ContainsVariation=No	_	_	_	_	_	_
585-7	BZ006	585	7	ho	ho	_	_	_	_	_	linguistic	_	ContainsVariation=No	_	_	_	_	_	_
585-8	BZ006	585	8	cercato	cercato	_	_	_	_	_	linguistic	_	ContainsVariation=No	_	_	_	_	_	_
585-9	BZ006	585	9	di	di	_	_	_	_	_	linguistic	_	ContainsVariation=No	_	_	_	_	_	_
585-10	BZ006	585	10	trasmettere	trasmettere	_	_	_	_	_	linguistic	_	ContainsVariation=No	_	_	_	_	_	_
585-11	BZ006	585	11	poi	poi	_	_	_	_	_	linguistic	_	ContainsVariation=No	_	_	_	_	_	_
585-12	BZ006	585	12	quello	quello	_	_	_	_	_	linguistic	_	ContainsVariation=No	_	_	_	_	_	_
585-13	BZ006	585	13	che	che	_	_	_	_	_	linguistic	_	ContainsVariation=No	_	_	_	_	_	_
585-14	BZ006	585	14	ho	ho	_	_	_	_	_	linguistic	_	ContainsVariation=No	_	_	_	_	_	_
585-15	BZ006	585	15	capito	capito	_	_	_	_	_	linguistic	_	ContainsVariation=No	_	_	_	_	_	_
585-16	BZ006	585	16	era	era	_	_	_	_	_	linguistic	_	ContainsVariation=No	_	_	_	_	_	_
585-17	BZ006	585	17	il	il	_	_	_	_	_	linguistic	_	ContainsVariation=No	_	_	_	_	_	_
585-18	BZ006	585	18	mio	mio	_	_	_	_	_	linguistic	_	ContainsVariation=No	_	_	_	_	_	_
585-19	BZ006	585	19	ruolo	ruolo	_	_	_	_	_	linguistic	_	ContainsVariation=No	_	_	_	_	_	_
585-20	BZ006	585	20	a	a	_	_	_	_	_	linguistic	_	ContainsVariation=No	_	_	_	_	_	_
585-21	BZ006	585	21	quel	quel	_	_	_	_	_	linguistic	_	ContainsVariation=No	_	_	_	_	_	_
585-22	BZ006	585	22	punto,	punto	_	_	_	_	_	linguistic	_	ContainsVariation=No	Intonation=WeaklyRising	End=1589.255	_	_	_	_
586-0	BZ006	586	0	non	non	_	_	_	_	_	linguistic	_	ContainsVariation=No	_	Begin=1589.63	_	_	_	_
586-1	BZ006	586	1	era	era	_	_	_	_	_	linguistic	_	ContainsVariation=No	_	_	_	_	_	_
586-2	BZ006	586	2	tanto	tanto	_	_	_	_	_	linguistic	_	ContainsVariation=No	_	_	_	_	_	_
586-3	BZ006	586	3	trasmetter	trasmetter	_	_	_	_	_	linguistic	_	ContainsVariation=No	_	_	_	_	_	_
586-4	BZ006	586	4	solo,	solo	_	_	_	_	_	linguistic	_	ContainsVariation=No	Intonation=WeaklyRising	End=1590.9	_	_	_	_
587-0	BZ006	587	0	la	la	_	_	_	_	_	linguistic	_	ContainsVariation=No	_	Begin=1591.41	_	_	_	_
587-1	BZ006	587	1	precisione	precisione	_	_	_	_	_	linguistic	_	ContainsVariation=No	_	_	_	_	_	_
587-2	BZ006	587	2	della	della	_	_	_	_	_	linguistic	_	ContainsVariation=No	_	_	_	_	_	_
587-3	BZ006	587	3	lingua	lingua	_	_	_	_	_	linguistic	_	ContainsVariation=No	_	_	_	_	_	_
587-4	BZ006	587	4	perché	perché	_	_	_	_	_	linguistic	_	ContainsVariation=No	_	_	_	_	_	_
587-5	BZ006	587	5	quella	quella	_	_	_	_	_	linguistic	_	ContainsVariation=No	_	_	_	_	_	_
587-6	BZ006	587	6	la	la	_	_	_	_	_	linguistic	_	ContainsVariation=No	_	_	_	_	_	_
587-7	BZ006	587	7	impari,	impari	_	_	_	_	_	linguistic	_	ContainsVariation=No	Intonation=WeaklyRising	End=1593.39	_	_	_	_
588-0	BZ006	588	0	c'	c'	_	_	_	_	_	linguistic	_	ContainsVariation=No	SpaceAfter=No	Begin=1593.775	_	_	_	_
588-1	BZ006	588	1	è	è	_	_	_	_	_	linguistic	_	ContainsVariation=No	_	_	_	_	_	_
588-2	BZ006	588	2	poco	poco	_	_	_	_	_	linguistic	_	ContainsVariation=No	_	_	_	_	_	_
588-3	BZ006	588	3	da	da	_	_	_	_	_	linguistic	_	ContainsVariation=No	_	_	_	_	_	_
588-4	BZ006	588	4	fare	fare	_	_	_	_	_	linguistic	_	ContainsVariation=No	PauseAfter=Yes	_	_	_	_	_
588-5	BZ006	588	5	(.)	(.)	_	_	_	_	_	shortpause	_	ContainsVariation=No	_	_	_	_	_	_
588-6	BZ006	588	6	solo	solo	_	_	_	_	_	linguistic	_	ContainsVariation=No	_	_	_	_	_	_
588-7	BZ006	588	7	uscendo	uscendo	_	_	_	_	_	linguistic	_	ContainsVariation=No	_	_	_	_	_	_
588-8	BZ006	588	8	parlando	parlando	_	_	_	_	_	linguistic	_	ContainsVariation=No	_	_	_	_	_	_
588-9	BZ006	588	9	usandola,	usandola	_	_	_	_	_	linguistic	_	ContainsVariation=No	Intonation=WeaklyRising	End=1596.665	_	_	_	_
589-0	BZ006	589	0	e	e	_	_	_	_	_	linguistic	_	ContainsVariation=No	_	Begin=1596.915	_	_	_	_
589-1	BZ006	589	1	tu	tu	_	_	_	_	_	linguistic	_	ContainsVariation=No	_	_	_	_	_	_
589-2	BZ006	589	2	già	già	_	_	_	_	_	linguistic	_	ContainsVariation=No	_	_	_	_	_	_
589-3	BZ006	589	3	la	la	_	_	_	_	_	linguistic	_	ContainsVariation=No	_	_	_	_	_	_
589-4	BZ006	589	4	usi,	usi	_	_	_	_	_	linguistic	_	ContainsVariation=No	Intonation=WeaklyRising	_	_	_	_	_
589-5	BZ006	589	5	quindi	quindi	_	_	_	_	_	linguistic	_	ContainsVariation=No	_	_	_	_	_	_
589-6	BZ006	589	6	non	non	_	_	_	_	_	linguistic	_	ContainsVariation=No	_	_	_	_	_	_
589-7	BZ006	589	7	è	è	_	_	_	_	_	linguistic	_	ContainsVariation=No	_	_	_	_	_	_
589-8	BZ006	589	8	non	non	_	_	_	_	_	linguistic	_	ContainsVariation=No	_	_	_	_	_	_
589-9	BZ006	589	9	serve	serve	_	_	_	_	_	linguistic	_	ContainsVariation=No	_	_	_	_	_	_
589-10	BZ006	589	10	saperla	saperla	_	_	_	_	_	linguistic	_	ContainsVariation=No	PauseAfter=Yes	_	_	_	_	_
589-11	BZ006	589	11	(.)	(.)	_	_	_	_	_	shortpause	_	ContainsVariation=No	_	_	_	_	_	_
589-12	BZ006	589	12	se	se	_	_	_	_	_	linguistic	_	ContainsVariation=No	_	_	_	_	_	_
589-13	BZ006	589	13	la	la	_	_	_	_	_	linguistic	_	ContainsVariation=No	_	_	_	_	_	_
589-14	BZ006	589	14	usi,	usi	_	_	_	_	_	linguistic	_	ContainsVariation=No	Intonation=WeaklyRising	End=1599.765	_	_	_	_
590-0	BZ001	590	0	mh	mh	_	_	_	_	_	linguistic	_	ContainsVariation=No	ProsodicLink=Yes	Begin=1599.875	_	_	_	_
590-1	BZ001	590	1	mh,	mh	_	_	_	_	_	linguistic	_	ContainsVariation=No	Intonation=WeaklyRising	End=1600.235	_	_	_	_
591-0	BZ006	591	0	eh	eh	_	_	_	_	_	linguistic	_	ContainsVariation=No	_	Begin=1600.49	_	_	_	_
591-1	BZ006	591	1	la	la	_	_	_	_	_	linguistic	_	ContainsVariation=No	_	_	_	_	_	_
591-2	BZ006	591	2	migliori	migliori	_	_	_	_	_	linguistic	_	ContainsVariation=No	_	_	_	_	_	_
591-3	BZ006	591	3	man	man	_	_	_	_	_	linguistic	_	ContainsVariation=No	_	_	_	_	_	_
591-4	BZ006	591	4	mano,	mano	_	_	_	_	_	linguistic	_	ContainsVariation=No	Intonation=WeaklyRising	_	_	_	_	_
591-5	BZ006	591	5	più	più	_	_	_	_	_	linguistic	_	ContainsVariation=No	_	_	_	_	_	_
591-6	BZ006	591	6	la	la	_	_	_	_	_	linguistic	_	ContainsVariation=No	_	_	_	_	_	_
591-7	BZ006	591	7	usi,	usi	_	_	_	_	_	linguistic	_	ContainsVariation=No	Intonation=WeaklyRising	End=1602.17	_	_	_	_
592-0	BZ006	592	0	è	è	_	_	_	_	_	linguistic	_	ContainsVariation=No	_	Begin=1602.395	_	_	_	_
592-1	BZ006	592	1	una	una	_	_	_	_	_	linguistic	_	ContainsVariation=No	_	_	_	_	_	_
592-2	BZ006	592	2	conseguenza	conseguenza	_	_	_	_	_	linguistic	_	ContainsVariation=No	_	_	_	_	_	_
592-3	BZ006	592	3	non	non	_	_	_	_	_	linguistic	_	ContainsVariation=No	_	_	_	_	_	_
592-4	BZ006	592	4	è	è	_	_	_	_	_	linguistic	_	ContainsVariation=No	_	_	_	_	_	_
592-5	BZ006	592	5	un,	un	_	_	_	_	_	linguistic	_	ContainsVariation=No	Intonation=WeaklyRising	End=1604.045	_	_	_	_
593-0	BZ006	593	0	una:	una	_	_	_	_	_	linguistic	_	ContainsVariation=No	PauseAfter=Yes	Begin=1605.215	2x1	_	_	_
593-1	BZ006	593	1	(.)	(.)	_	_	_	_	_	shortpause	_	ContainsVariation=No	_	_	_	_	_	_
593-2	BZ006	593	2	una	una	_	_	_	_	_	linguistic	_	ContainsVariation=No	_	_	_	_	_	_
593-3	BZ006	593	3	mh,	mh	_	_	_	_	_	linguistic	_	ContainsVariation=No	Intonation=WeaklyRising	End=1606.785	_	_	_	_
594-0	BZ006	594	0	una	una	_	_	_	_	_	linguistic	_	ContainsVariation=No	_	Begin=1607.575	_	_	_	_
594-1	BZ006	594	1	cosa	cosa	_	_	_	_	_	linguistic	_	ContainsVariation=No	_	_	_	_	_	_
594-2	BZ006	594	2	che	che	_	_	_	_	_	linguistic	_	ContainsVariation=No	_	_	_	_	_	_
594-3	BZ006	594	3	devi	devi	_	_	_	_	_	linguistic	_	ContainsVariation=No	_	_	_	_	_	_
594-4	BZ006	594	4	avere.	avere	_	_	_	_	_	linguistic	_	ContainsVariation=No	Intonation=Falling	End=1608.385	_	_	_	_
595-0	BZ006	595	0	è	è	_	_	_	_	_	linguistic	_	ContainsVariation=No	_	Begin=1609.145	_	_	_	_
595-1	BZ006	595	1	una	una	_	_	_	_	_	linguistic	_	ContainsVariation=No	_	_	_	_	_	_
595-2	BZ006	595	2	cosa	cosa	_	_	_	_	_	linguistic	_	ContainsVariation=No	_	_	_	_	_	_
595-3	BZ006	595	3	che	che	_	_	_	_	_	linguistic	_	ContainsVariation=No	_	_	_	_	_	_
595-4	BZ006	595	4	devi	devi	_	_	_	_	_	linguistic	_	ContainsVariation=No	_	_	_	_	_	_
595-5	BZ006	595	5	vivere.	vivere	_	_	_	_	_	linguistic	_	ContainsVariation=No	Intonation=Falling	End=1610.225	_	_	_	_
596-0	BZ006	596	0	però	però	_	_	_	_	_	linguistic	_	ContainsVariation=No	_	Begin=1611.52	_	_	_	_
596-1	BZ006	596	1	la	la	_	_	_	_	_	linguistic	_	ContainsVariation=No	_	_	_	_	_	_
596-2	BZ006	596	2	passione	passione	_	_	_	_	_	linguistic	_	ContainsVariation=No	_	End=1612.5	_	_	_	_
597-0	BZ006	597	0	per	per	_	_	_	_	_	linguistic	_	ContainsVariation=No	_	Begin=1612.755	_	_	_	_
597-1	BZ006	597	1	la	la	_	_	_	_	_	linguistic	_	ContainsVariation=No	_	_	_	_	_	_
597-2	BZ006	597	2	lingua	lingua	_	_	_	_	_	linguistic	_	ContainsVariation=No	_	_	_	_	_	_
597-3	BZ006	597	3	e	e	_	_	_	_	_	linguistic	_	ContainsVariation=No	_	_	_	_	_	_
597-4	BZ006	597	4	per	per	_	_	_	_	_	linguistic	_	ContainsVariation=No	_	_	_	_	_	_
597-5	BZ006	597	5	le	le	_	_	_	_	_	linguistic	_	ContainsVariation=No	_	_	_	_	_	_
597-6	BZ006	597	6	lingue	lingue	_	_	_	_	_	linguistic	_	ContainsVariation=No	_	End=1614.465	_	_	_	_
598-0	BZ006	598	0	eh:	eh	_	_	_	_	_	linguistic	_	ContainsVariation=No	_	Begin=1614.975	1x1	_	_	_
598-1	BZ006	598	1	tant'	tant'	_	_	_	_	_	linguistic	_	ContainsVariation=No	SpaceAfter=No	_	_	_	_	_
598-2	BZ006	598	2	è	è	_	_	_	_	_	linguistic	_	ContainsVariation=No	_	_	_	_	_	_
598-3	BZ006	598	3	che	che	_	_	_	_	_	linguistic	_	ContainsVariation=No	_	_	_	_	_	_
598-4	BZ006	598	4	con:	con	_	_	_	_	_	linguistic	_	ContainsVariation=No	_	_	2x1	_	_	_
598-5	BZ006	598	5	con	con	_	_	_	_	_	linguistic	_	ContainsVariation=No	_	_	_	_	_	_
598-6	BZ006	598	6	i	i	_	_	_	_	_	linguistic	_	ContainsVariation=No	_	_	_	_	_	_
598-7	BZ006	598	7	ragazzi	ragazzi	_	_	_	_	_	linguistic	_	ContainsVariation=No	_	_	_	_	_	_
598-8	BZ006	598	8	a	a	_	_	_	_	_	linguistic	_	ContainsVariation=No	_	_	_	_	_	_
598-9	BZ006	598	9	scuola	scuola	_	_	_	_	_	linguistic	_	ContainsVariation=No	_	_	_	_	_	_
598-10	BZ006	598	10	ho	ho	_	_	_	_	_	linguistic	_	ContainsVariation=No	_	_	_	_	_	_
598-11	BZ006	598	11	cercato	cercato	_	_	_	_	_	linguistic	_	ContainsVariation=No	_	_	_	_	_	_
598-12	BZ006	598	12	di	di	_	_	_	_	_	linguistic	_	ContainsVariation=No	_	_	_	_	_	_
598-13	BZ006	598	13	lavorare	lavorare	_	_	_	_	_	linguistic	_	ContainsVariation=No	_	_	_	_	_	_
598-14	BZ006	598	14	tanto,	tanto	_	_	_	_	_	linguistic	_	ContainsVariation=No	Intonation=WeaklyRising	End=1619.365	_	_	_	_
599-0	BZ006	599	0	sull'	sull'	_	_	_	_	_	linguistic	_	ContainsVariation=No	SpaceAfter=No	Begin=1619.925	_	_	_	_
599-1	BZ006	599	1	amore	amore	_	_	_	_	_	linguistic	_	ContainsVariation=No	_	_	_	_	_	_
599-2	BZ006	599	2	per	per	_	_	_	_	_	linguistic	_	ContainsVariation=No	_	_	_	_	_	_
599-3	BZ006	599	3	la	la	_	_	_	_	_	linguistic	_	ContainsVariation=No	_	_	_	_	_	_
599-4	BZ006	599	4	lingua	lingua	_	_	_	_	_	linguistic	_	ContainsVariation=No	_	End=1621.205	_	_	_	_
600-0	BZ006	600	0	quindi	quindi	_	_	_	_	_	linguistic	_	ContainsVariation=No	_	Begin=1621.44	_	_	_	_
600-1	BZ006	600	1	sul	sul	_	_	_	_	_	linguistic	_	ContainsVariation=No	_	_	_	_	_	_
600-2	BZ006	600	2	suono	suono	_	_	_	_	_	linguistic	_	ContainsVariation=No	_	_	_	_	_	_
600-3	BZ006	600	3	che	che	_	_	_	_	_	linguistic	_	ContainsVariation=No	_	_	_	_	_	_
600-4	BZ006	600	4	ha	ha	_	_	_	_	_	linguistic	_	ContainsVariation=No	_	_	_	_	_	_
600-5	BZ006	600	5	la	la	_	_	_	_	_	linguistic	_	ContainsVariation=No	_	_	_	_	_	_
600-6	BZ006	600	6	lingua,	lingua	_	_	_	_	_	linguistic	_	ContainsVariation=No	Intonation=WeaklyRising	_	_	_	_	_
600-7	BZ006	600	7	su	su	_	_	_	_	_	linguistic	_	ContainsVariation=No	_	_	_	_	_	_
600-8	BZ006	600	8	le	le	_	_	_	_	_	linguistic	_	ContainsVariation=No	_	_	_	_	_	_
600-9	BZ006	600	9	canzoni	canzoni	_	_	_	_	_	linguistic	_	ContainsVariation=No	_	_	_	_	_	_
600-10	BZ006	600	10	appunto	appunto	_	_	_	_	_	linguistic	_	ContainsVariation=No	_	_	_	_	_	_
600-11	BZ006	600	11	che	che	_	_	_	_	_	linguistic	_	ContainsVariation=No	_	_	_	_	_	_
600-12	BZ006	600	12	mi	mi	_	_	_	_	_	linguistic	_	ContainsVariation=No	_	_	_	_	_	_
600-13	BZ006	600	13	piace	piace	_	_	_	_	_	linguistic	_	ContainsVariation=No	_	_	_	_	_	_
600-14	BZ006	600	14	ascoltare	ascoltare	_	_	_	_	_	linguistic	_	ContainsVariation=No	_	_	_	_	_	_
600-15	BZ006	600	15	a	a	_	_	_	_	_	linguistic	_	ContainsVariation=No	_	_	_	_	_	_
600-16	BZ006	600	16	me	me	_	_	_	_	_	linguistic	_	ContainsVariation=No	_	_	_	_	_	_
600-17	BZ006	600	17	le	le	_	_	_	_	_	linguistic	_	ContainsVariation=No	_	_	_	_	_	_
600-18	BZ006	600	18	sto	sto	_	_	_	_	_	linguistic	_	ContainsVariation=No	_	_	_	_	_	_
600-19	BZ006	600	19	facendo	facendo	_	_	_	_	_	linguistic	_	ContainsVariation=No	_	_	_	_	_	_
600-20	BZ006	600	20	ascoltare	ascoltare	_	_	_	_	_	linguistic	_	ContainsVariation=No	_	_	_	_	_	_
600-21	BZ006	600	21	anche	anche	_	_	_	_	_	linguistic	_	ContainsVariation=No	_	_	_	_	_	_
600-22	BZ006	600	22	a	a	_	_	_	_	_	linguistic	_	ContainsVariation=No	_	_	_	_	_	_
600-23	BZ006	600	23	loro	loro	_	_	_	_	_	linguistic	_	ContainsVariation=No	_	End=1626.84	_	_	_	_
601-0	BZ006	601	0	facevo	facevo	_	_	_	_	_	linguistic	_	ContainsVariation=No	_	Begin=1627.285	_	_	_	_
601-1	BZ006	601	1	trovar	trovar	_	_	_	_	_	linguistic	_	ContainsVariation=No	_	_	_	_	_	_
601-2	BZ006	601	2	le	le	_	_	_	_	_	linguistic	_	ContainsVariation=No	_	_	_	_	_	_
601-3	BZ006	601	3	parole	parole	_	_	_	_	_	linguistic	_	ContainsVariation=No	_	_	_	_	_	_
601-4	BZ006	601	4	che	che	_	_	_	_	_	linguistic	_	ContainsVariation=No	_	_	_	_	_	_
601-5	BZ006	601	5	mancavano	mancavano	_	_	_	_	_	linguistic	_	ContainsVariation=No	_	_	_	_	_	_
601-6	BZ006	601	6	e	e	_	_	_	_	_	linguistic	_	ContainsVariation=No	_	_	_	_	_	_
601-7	BZ006	601	7	così	così	_	_	_	_	_	linguistic	_	ContainsVariation=No	_	_	_	_	_	_
601-8	BZ006	601	8	via,	via	_	_	_	_	_	linguistic	_	ContainsVariation=No	Intonation=WeaklyRising	End=1629.555	_	_	_	_
602-0	BZ006	602	0	e:	e	_	_	_	_	_	linguistic	_	ContainsVariation=No	_	Begin=1630.225	0x1	_	_	_
602-1	BZ006	602	1	e	e	_	_	_	_	_	linguistic	_	ContainsVariation=No	_	_	_	_	_	_
602-2	BZ006	602	2	poi	poi	_	_	_	_	_	linguistic	_	ContainsVariation=No	_	_	_	_	_	_
602-3	BZ006	602	3	a	a	_	_	_	_	_	linguistic	_	ContainsVariation=No	_	_	_	_	_	_
602-4	BZ006	602	4	non	non	_	_	_	_	_	linguistic	_	ContainsVariation=No	_	_	_	_	_	_
602-5	BZ006	602	5	aver	aver	_	_	_	_	_	linguistic	_	ContainsVariation=No	_	_	_	_	_	_
602-6	BZ006	602	6	paura,	paura	_	_	_	_	_	linguistic	_	ContainsVariation=No	Intonation=WeaklyRising	End=1632.275	_	_	_	_
603-0	BZ006	603	0	all'	all'	_	_	_	_	_	linguistic	_	ContainsVariation=No	SpaceAfter=No	Begin=1632.605	_	_	_	_
603-1	BZ006	603	1	esprimersi,	esprimersi	_	_	_	_	_	linguistic	_	ContainsVariation=No	Intonation=WeaklyRising	_	_	_	_	_
603-2	BZ006	603	2	con	con	_	_	_	_	_	linguistic	_	ContainsVariation=No	_	_	_	_	_	_
603-3	BZ006	603	3	una	una	_	_	_	_	_	linguistic	_	ContainsVariation=No	_	_	_	_	_	_
603-4	BZ006	603	4	lingua	lingua	_	_	_	_	_	linguistic	_	ContainsVariation=No	_	_	_	_	_	_
603-5	BZ006	603	5	diversa	diversa	_	_	_	_	_	linguistic	_	ContainsVariation=No	_	_	_	_	_	_
603-6	BZ006	603	6	dalla	dalla	_	_	_	_	_	linguistic	_	ContainsVariation=No	_	_	_	_	_	_
603-7	BZ006	603	7	propria.	propria	_	_	_	_	_	linguistic	_	ContainsVariation=No	Intonation=Falling	End=1634.795	_	_	_	_
604-0	BZ001	604	0	mh	mh	_	_	_	_	_	linguistic	_	ContainsVariation=No	ProsodicLink=Yes	Begin=1635.105	_	_	_	_
604-1	BZ001	604	1	mh,	mh	_	_	_	_	_	linguistic	_	ContainsVariation=No	Intonation=WeaklyRising	End=1635.495	_	_	_	_
605-0	BZ006	605	0	e	e	_	_	_	_	_	linguistic	_	ContainsVariation=No	_	Begin=1635.345	_	_	_	_
605-1	BZ006	605	1	lavorare	lavorare	_	_	_	_	_	linguistic	_	ContainsVariation=No	_	_	_	_	_	_
605-2	BZ006	605	2	piuttosto,	piuttosto	_	_	_	_	_	linguistic	_	ContainsVariation=No	Intonation=WeaklyRising	End=1636.555	_	_	_	_
606-0	BZ006	606	0	sullo:	sullo	_	_	_	_	_	linguistic	_	ContainsVariation=No	_	Begin=1636.865	4x1	_	_	_
606-1	BZ006	606	1	switching,	switching	_	_	_	_	_	linguistic	_	ContainsVariation=No	Intonation=WeaklyRising	End=1638.105	_	_	_	_
607-0	BZ006	607	0	sul	sul	_	_	_	_	_	linguistic	_	ContainsVariation=No	_	Begin=1638.59	_	_	_	_
607-1	BZ006	607	1	cambiare	cambiare	_	_	_	_	_	linguistic	_	ContainsVariation=No	_	_	_	_	_	_
607-2	BZ006	607	2	lingua.	lingua	_	_	_	_	_	linguistic	_	ContainsVariation=No	Intonation=Falling	End=1639.58	_	_	_	_
608-0	BZ006	608	0	che	che	_	_	_	_	_	linguistic	_	ContainsVariation=No	_	Begin=1640.19	_	_	_	_
608-1	BZ006	608	1	è	è	_	_	_	_	_	linguistic	_	ContainsVariation=No	_	_	_	_	_	_
608-2	BZ006	608	2	una	una	_	_	_	_	_	linguistic	_	ContainsVariation=No	_	_	_	_	_	_
608-3	BZ006	608	3	roba	roba	_	_	_	_	_	linguistic	_	ContainsVariation=No	_	_	_	_	_	_
608-4	BZ006	608	4	difficilissima	difficilissima	_	_	_	_	_	linguistic	_	ContainsVariation=No	_	_	_	_	_	_
608-5	BZ006	608	5	cioè	cioè	_	_	_	_	_	linguistic	_	ContainsVariation=No	_	_	_	_	_	_
608-6	BZ006	608	6	cambiare	cambiare	_	_	_	_	_	linguistic	_	ContainsVariation=No	_	_	_	_	_	_
608-7	BZ006	608	7	da	da	_	_	_	_	_	linguistic	_	ContainsVariation=No	_	_	_	_	_	_
608-8	BZ006	608	8	una	una	_	_	_	_	_	linguistic	_	ContainsVariation=No	_	_	_	_	_	_
608-9	BZ006	608	9	lingua	lingua	_	_	_	_	_	linguistic	_	ContainsVariation=No	_	_	_	_	_	_
608-10	BZ006	608	10	all'	all'	_	_	_	_	_	linguistic	_	ContainsVariation=No	SpaceAfter=No	_	_	_	_	_
608-11	BZ006	608	11	altra	altra	_	_	_	_	_	linguistic	_	ContainsVariation=No	_	_	_	_	_	_
608-12	BZ006	608	12	in	in	_	_	_	_	_	linguistic	_	ContainsVariation=No	_	_	_	_	_	_
608-13	BZ006	608	13	pochi	pochi	_	_	_	_	_	linguistic	_	ContainsVariation=No	_	_	_	_	_	_
608-14	BZ006	608	14	secondi	secondi	_	_	_	_	_	linguistic	_	ContainsVariation=No	_	_	_	_	_	_
608-15	BZ006	608	15	senza,	senza	_	_	_	_	_	linguistic	_	ContainsVariation=No	Intonation=WeaklyRising	End=1645.12	_	_	_	_
609-0	BZ006	609	0	fare	fare	_	_	_	_	_	linguistic	_	ContainsVariation=No	_	Begin=1645.54	_	_	_	_
609-1	BZ006	609	1	una	una	_	_	_	_	_	linguistic	_	ContainsVariation=No	_	_	_	_	_	_
609-2	BZ006	609	2	pausa	pausa	_	_	_	_	_	linguistic	_	ContainsVariation=No	_	_	_	_	_	_
609-3	BZ006	609	3	o	o	_	_	_	_	_	linguistic	_	ContainsVariation=No	_	_	_	_	_	_
609-4	BZ006	609	4	riuscire,	riuscire	_	_	_	_	_	linguistic	_	ContainsVariation=No	Intonation=WeaklyRising	_	_	_	_	_
609-5	BZ006	609	5	cioè	cioè	_	_	_	_	_	linguistic	_	ContainsVariation=No	_	_	_	_	_	_
609-6	BZ006	609	6	devi	devi	_	_	_	_	_	linguistic	_	ContainsVariation=No	_	_	_	_	_	_
609-7	BZ006	609	7	far	far	_	_	_	_	_	linguistic	_	ContainsVariation=No	_	_	_	_	_	_
609-8	BZ006	609	8	mente	mente	_	_	_	_	_	linguistic	_	ContainsVariation=No	_	_	_	_	_	_
609-9	BZ006	609	9	locale	locale	_	_	_	_	_	linguistic	_	ContainsVariation=No	_	_	_	_	_	_
609-10	BZ006	609	10	non	non	_	_	_	_	_	linguistic	_	ContainsVariation=No	_	_	_	_	_	_
609-11	BZ006	609	11	è	è	_	_	_	_	_	linguistic	_	ContainsVariation=No	PauseAfter=Yes	_	_	_	_	_
609-12	BZ006	609	12	(.)	(.)	_	_	_	_	_	shortpause	_	ContainsVariation=No	_	_	_	_	_	_
609-13	BZ006	609	13	automatico	automatico	_	_	_	_	_	linguistic	_	ContainsVariation=No	_	_	_	_	_	_
609-14	BZ006	609	14	[fai	fai	_	_	_	_	_	linguistic	_	ContainsVariation=No	_	_	_	_	_	0-3(163)
609-15	BZ006	609	15	tanti	tanti	_	_	_	_	_	linguistic	_	ContainsVariation=No	_	_	_	_	_	0-5(163)
609-16	BZ006	609	16	errori]	errori	_	_	_	_	_	linguistic	_	ContainsVariation=No	_	_	_	_	_	0-6(163)
609-17	BZ006	609	17	anche.	anche	_	_	_	_	_	linguistic	_	ContainsVariation=No	Intonation=Falling	End=1651.74	_	_	_	_
610-0	BZ001	610	0	[eh	eh	_	_	_	_	_	linguistic	_	ContainsVariation=No	_	Begin=1650.465	_	_	_	0-2(163)
610-1	BZ001	610	1	sì	sì	_	_	_	_	_	linguistic	_	ContainsVariation=No	_	_	_	_	_	0-2(163)
610-2	BZ001	610	2	eh].	eh	_	_	_	_	_	linguistic	_	ContainsVariation=No	Intonation=Falling	End=1651.255	_	_	_	0-2(163)
611-0	BZ006	611	0	wenn	wenn	_	_	_	_	_	linguistic	_	ContainsVariation=No	_	Begin=1652.005	_	_	_	_
611-1	BZ006	611	1	ich	ich	_	_	_	_	_	linguistic	_	ContainsVariation=No	_	_	_	_	_	_
611-2	BZ006	611	2	jetzt	jetzt	_	_	_	_	_	linguistic	_	ContainsVariation=No	_	_	_	_	_	_
611-3	BZ006	611	3	alleine	alleine	_	_	_	_	_	linguistic	_	ContainsVariation=No	_	_	_	_	_	_
611-4	BZ006	611	4	nur	nur	_	_	_	_	_	linguistic	_	ContainsVariation=No	_	_	_	_	_	_
611-5	BZ006	611	5	so,	so	_	_	_	_	_	linguistic	_	ContainsVariation=No	Intonation=WeaklyRising|PauseAfter=Yes	_	_	_	_	_
611-6	BZ006	611	6	(.)	(.)	_	_	_	_	_	shortpause	_	ContainsVariation=No	_	_	_	_	_	_
611-7	BZ006	611	7	deutsch	deutsch	_	_	_	_	_	linguistic	_	ContainsVariation=No	_	_	_	_	_	_
611-8	BZ006	611	8	sprechen	sprechen	_	_	_	_	_	linguistic	_	ContainsVariation=No	_	_	_	_	_	_
611-9	BZ006	611	9	muss,	muss	_	_	_	_	_	linguistic	_	ContainsVariation=No	Intonation=WeaklyRising	_	_	_	_	_
611-10	BZ006	611	10	muss	muss	_	_	_	_	_	linguistic	_	ContainsVariation=No	_	_	_	_	_	_
611-11	BZ006	611	11	ich	ich	_	_	_	_	_	linguistic	_	ContainsVariation=No	_	_	_	_	_	_
611-12	BZ006	611	12	ein	ein	_	_	_	_	_	linguistic	_	ContainsVariation=No	_	_	_	_	_	_
611-13	BZ006	611	13	bisschen	bisschen	_	_	_	_	_	linguistic	_	ContainsVariation=No	_	_	_	_	_	_
611-14	BZ006	611	14	auch	auch	_	_	_	_	_	linguistic	_	ContainsVariation=No	_	End=1655.605	_	_	_	_
612-0	BZ006	612	0	nachdenken.	nachdenken	_	_	_	_	_	linguistic	_	ContainsVariation=No	Intonation=Falling	Begin=1655.92|End=1656.64	_	_	_	_
613-0	BZ006	613	0	si	si	_	_	_	_	_	linguistic	_	ContainsVariation=No	_	Begin=1657.03	_	_	_	_
613-1	BZ006	613	1	te	te	_	_	_	_	_	linguistic	_	ContainsVariation=No	_	_	_	_	_	_
613-2	BZ006	613	2	devo	devo	_	_	_	_	_	linguistic	_	ContainsVariation=No	_	_	_	_	_	_
613-3	BZ006	613	3	que	que	_	_	_	_	_	linguistic	_	ContainsVariation=No	_	_	_	_	_	_
613-4	BZ006	613	4	hablarar	hablarar	_	_	_	_	_	linguistic	_	ContainsVariation=No	_	_	_	_	_	_
613-5	BZ006	613	5	espanol	espanol	_	_	_	_	_	linguistic	_	ContainsVariation=No	_	_	_	_	_	_
613-6	BZ006	613	6	aquì,	aquì	_	_	_	_	_	linguistic	_	ContainsVariation=No	Intonation=WeaklyRising	End=1659.06	_	_	_	_
614-0	BZ006	614	0	en	en	_	_	_	_	_	linguistic	_	ContainsVariation=No	_	Begin=1659.48	_	_	_	_
614-1	BZ006	614	1	un	un	_	_	_	_	_	linguistic	_	ContainsVariation=No	_	_	_	_	_	_
614-2	BZ006	614	2	momiento,	momiento	_	_	_	_	_	linguistic	_	ContainsVariation=No	Intonation=WeaklyRising	_	_	_	_	_
614-3	BZ006	614	3	ahora	ahora	_	_	_	_	_	linguistic	_	ContainsVariation=No	_	_	_	_	_	_
614-4	BZ006	614	4	estoy	estoy	_	_	_	_	_	linguistic	_	ContainsVariation=No	_	End=1661.04	_	_	_	_
615-0	BZ006	615	0	decendo	decendo	_	_	_	_	_	linguistic	_	ContainsVariation=No	_	Begin=1661.53	_	_	_	_
615-1	BZ006	615	1	de	de	_	_	_	_	_	linguistic	_	ContainsVariation=No	_	_	_	_	_	_
615-2	BZ006	615	2	nuevo	nuevo	_	_	_	_	_	linguistic	_	ContainsVariation=No	_	_	_	_	_	_
615-3	BZ006	615	3	lo	lo	_	_	_	_	_	linguistic	_	ContainsVariation=No	_	_	_	_	_	_
615-4	BZ006	615	4	que	que	_	_	_	_	_	linguistic	_	ContainsVariation=No	_	_	_	_	_	_
615-5	BZ006	615	5	dice,	dice	_	_	_	_	_	linguistic	_	ContainsVariation=No	Intonation=WeaklyRising|PauseAfter=Yes	_	_	_	_	_
615-6	BZ006	615	6	(.)	(.)	_	_	_	_	_	shortpause	_	ContainsVariation=No	_	_	_	_	_	_
615-7	BZ006	615	7	in	in	_	_	_	_	_	linguistic	_	ContainsVariation=No	_	_	_	_	_	_
615-8	BZ006	615	8	al(e)man.	aleman	_	_	_	_	_	linguistic	_	ContainsVariation=No	Intonation=Falling	End=1663.79	_	_	2-3(0)	_
616-0	BZ001	616	0	ah	ah	_	_	_	_	_	linguistic	_	ContainsVariation=No	ProsodicLink=Yes	Begin=1663.955	_	_	_	_
616-1	BZ001	616	1	ah,	ah	_	_	_	_	_	linguistic	_	ContainsVariation=No	Intonation=WeaklyRising	End=1664.265	_	_	_	_
617-0	BZ006	617	0	non	non	_	_	_	_	_	linguistic	_	ContainsVariation=No	_	Begin=1664.565	_	_	_	_
617-1	BZ006	617	1	sto	sto	_	_	_	_	_	linguistic	_	ContainsVariation=No	_	_	_	_	_	_
617-2	BZ006	617	2	[dicendo	dicendo	_	_	_	_	_	linguistic	_	ContainsVariation=No	_	_	_	_	_	0-7(164)
617-3	BZ006	617	3	qualcosa]	qualcosa	_	_	_	_	_	linguistic	_	ContainsVariation=No	_	_	_	_	_	0-8(164)
617-4	BZ006	617	4	di	di	_	_	_	_	_	linguistic	_	ContainsVariation=No	_	_	_	_	_	_
617-5	BZ006	617	5	nuovo	nuovo	_	_	_	_	_	linguistic	_	ContainsVariation=No	_	End=1665.805	_	_	_	_
618-0	BZ001	618	0	[sì	sì	_	_	_	_	_	linguistic	_	ContainsVariation=No	_	Begin=1664.8	_	_	_	0-2(164)
618-1	BZ001	618	1	sì].	sì	_	_	_	_	_	linguistic	_	ContainsVariation=No	Intonation=Falling	End=1665.39	_	_	_	0-2(164)
619-0	BZ001	619	0	sono	sono	_	_	_	_	_	linguistic	_	ContainsVariation=No	_	Begin=1666.03	_	_	_	_
619-1	BZ001	619	1	riuscito	riuscito	_	_	_	_	_	linguistic	_	ContainsVariation=No	_	_	_	_	_	_
619-2	BZ001	619	2	a	a	_	_	_	_	_	linguistic	_	ContainsVariation=No	_	_	_	_	_	_
619-3	BZ001	619	3	capire	capire	_	_	_	_	_	linguistic	_	ContainsVariation=No	_	_	_	_	_	_
619-4	BZ001	619	4	anche	anche	_	_	_	_	_	linguistic	_	ContainsVariation=No	_	_	_	_	_	_
619-5	BZ001	619	5	((ride))	((ride))	_	_	_	_	_	nonverbalbehavior	_	ContainsVariation=No	_	End=1667.1	_	_	_	_
620-0	BZ006	620	0	però	però	_	_	_	_	_	linguistic	_	ContainsVariation=No	_	Begin=1666.99	_	_	_	_
620-1	BZ006	620	1	appunto	appunto	_	_	_	_	_	linguistic	_	ContainsVariation=No	_	_	_	_	_	_
620-2	BZ006	620	2	[capisci	capisci	_	_	_	_	_	linguistic	_	ContainsVariation=No	_	_	_	_	_	0-7(?)
620-3	BZ006	620	3	ho	ho	_	_	_	_	_	linguistic	_	ContainsVariation=No	_	_	_	_	_	0-2(?)
620-4	BZ006	620	4	semplicemente]	semplicemente	_	_	_	_	_	linguistic	_	ContainsVariation=No	_	_	_	_	_	0-13(?)
620-5	BZ006	620	5	tradotto	tradotto	_	_	_	_	_	linguistic	_	ContainsVariation=No	_	_	_	_	_	_
620-6	BZ006	620	6	quello	quello	_	_	_	_	_	linguistic	_	ContainsVariation=No	_	_	_	_	_	_
620-7	BZ006	620	7	che	che	_	_	_	_	_	linguistic	_	ContainsVariation=No	_	_	_	_	_	_
620-8	BZ006	620	8	dicevo	dicevo	_	_	_	_	_	linguistic	_	ContainsVariation=No	_	_	_	_	_	_
620-9	BZ006	620	9	prima	prima	_	_	_	_	_	linguistic	_	ContainsVariation=No	_	End=1670.58	_	_	_	_
621-0	BZ001	621	0	[vorrei	vorrei	_	_	_	_	_	linguistic	_	ContainsVariation=No	_	Begin=1667.662	_	_	_	0-6(166)
621-1	BZ001	621	1	anch'	anch'	_	_	_	_	_	linguistic	_	ContainsVariation=No	SpaceAfter=No	_	_	_	_	0-5(166)
621-2	BZ001	621	2	io	io	_	_	_	_	_	linguistic	_	ContainsVariation=No	_	_	_	_	_	0-2(166)
621-3	BZ001	621	3	((ride))]	((ride))	_	_	_	_	_	nonverbalbehavior	_	ContainsVariation=No	_	End=1668.842	_	_	_	X(166)
622-0	BZ006	622	0	[non	non	_	_	_	_	_	linguistic	_	ContainsVariation=No	_	Begin=1670.597	_	_	_	0-3(167)
622-1	BZ006	622	1	ho	ho	_	_	_	_	_	linguistic	_	ContainsVariation=No	_	_	_	_	_	0-2(167)
622-2	BZ006	622	2	det]to	detto	_	_	_	_	_	linguistic	_	ContainsVariation=No	_	_	_	_	_	0-3(167)
622-3	BZ006	622	3	un	un	_	_	_	_	_	linguistic	_	ContainsVariation=No	_	_	_	_	_	_
622-4	BZ006	622	4	pensiero	pensiero	_	_	_	_	_	linguistic	_	ContainsVariation=No	_	_	_	_	_	_
622-5	BZ006	622	5	nuovo	nuovo	_	_	_	_	_	linguistic	_	ContainsVariation=No	_	_	_	_	_	_
622-6	BZ006	622	6	proprio	proprio	_	_	_	_	_	linguistic	_	ContainsVariation=No	_	_	_	_	_	_
622-7	BZ006	622	7	perché	perché	_	_	_	_	_	linguistic	_	ContainsVariation=No	_	_	_	_	_	_
622-8	BZ006	622	8	è	è	_	_	_	_	_	linguistic	_	ContainsVariation=No	_	_	_	_	_	_
622-9	BZ006	622	9	difficile,	difficile	_	_	_	_	_	linguistic	_	ContainsVariation=No	Intonation=WeaklyRising	End=1673.347	_	_	_	_
623-0	BZ001	623	0	[mh	mh	_	_	_	_	_	linguistic	_	ContainsVariation=No	ProsodicLink=Yes	Begin=1670.607	_	_	_	0-2(167)
623-1	BZ001	623	1	mh].	mh	_	_	_	_	_	linguistic	_	ContainsVariation=No	Intonation=Falling	End=1671.097	_	_	_	0-2(167)
624-0	BZ006	624	0	argomentare	argomentare	_	_	_	_	_	linguistic	_	ContainsVariation=No	_	Begin=1674.007	_	_	_	_
624-1	BZ006	624	1	qualcosa	qualcosa	_	_	_	_	_	linguistic	_	ContainsVariation=No	_	_	_	_	_	_
624-2	BZ006	624	2	cambiando	cambiando	_	_	_	_	_	linguistic	_	ContainsVariation=No	_	_	_	_	_	_
624-3	BZ006	624	3	lingua	lingua	_	_	_	_	_	linguistic	_	ContainsVariation=No	_	_	_	_	_	_
624-4	BZ006	624	4	improvvisamente.	improvvisamente	_	_	_	_	_	linguistic	_	ContainsVariation=No	Intonation=Falling	_	_	_	_	_
624-5	BZ006	624	5	eppure	eppure	_	_	_	_	_	linguistic	_	ContainsVariation=No	_	_	_	_	_	_
624-6	BZ006	624	6	penso	penso	_	_	_	_	_	linguistic	_	ContainsVariation=No	_	_	_	_	_	_
624-7	BZ006	624	7	sia,	sia	_	_	_	_	_	linguistic	_	ContainsVariation=No	Intonation=WeaklyRising	End=1677.477	_	_	_	_
625-0	BZ006	625	0	una	una	_	_	_	_	_	linguistic	_	ContainsVariation=No	_	Begin=1677.807	_	_	_	_
625-1	BZ006	625	1	cosa	cosa	_	_	_	_	_	linguistic	_	ContainsVariation=No	_	_	_	_	_	_
625-2	BZ006	625	2	su	su	_	_	_	_	_	linguistic	_	ContainsVariation=No	_	_	_	_	_	_
625-3	BZ006	625	3	cui	cui	_	_	_	_	_	linguistic	_	ContainsVariation=No	PauseAfter=Yes	_	_	_	_	_
625-4	BZ006	625	4	(.)	(.)	_	_	_	_	_	shortpause	_	ContainsVariation=No	_	_	_	_	_	_
625-5	BZ006	625	5	eh	eh	_	_	_	_	_	linguistic	_	ContainsVariation=No	_	_	_	_	_	_
625-6	BZ006	625	6	noi	noi	_	_	_	_	_	linguistic	_	ContainsVariation=No	_	_	_	_	_	_
625-7	BZ006	625	7	umani,	umani	_	_	_	_	_	linguistic	_	ContainsVariation=No	Intonation=WeaklyRising	_	_	_	_	_
625-8	BZ006	625	8	avendo	avendo	_	_	_	_	_	linguistic	_	ContainsVariation=No	_	_	_	_	_	_
625-9	BZ006	625	9	un	un	_	_	_	_	_	linguistic	_	ContainsVariation=No	_	_	_	_	_	_
625-10	BZ006	625	10	cervello	cervello	_	_	_	_	_	linguistic	_	ContainsVariation=No	_	_	_	_	_	_
625-11	BZ006	625	11	che	che	_	_	_	_	_	linguistic	_	ContainsVariation=No	_	_	_	_	_	_
625-12	BZ006	625	12	è	è	_	_	_	_	_	linguistic	_	ContainsVariation=No	_	_	_	_	_	_
625-13	BZ006	625	13	fatto	fatto	_	_	_	_	_	linguistic	_	ContainsVariation=No	_	_	_	_	_	_
625-14	BZ006	625	14	per,	per	_	_	_	_	_	linguistic	_	ContainsVariation=No	Intonation=WeaklyRising	End=1682.097	_	_	_	_
626-0	BZ006	626	0	mettere	mettere	_	_	_	_	_	linguistic	_	ContainsVariation=No	_	Begin=1682.417	_	_	_	_
626-1	BZ006	626	1	in	in	_	_	_	_	_	linguistic	_	ContainsVariation=No	_	_	_	_	_	_
626-2	BZ006	626	2	relazione	relazione	_	_	_	_	_	linguistic	_	ContainsVariation=No	_	_	_	_	_	_
626-3	BZ006	626	3	cose,	cose	_	_	_	_	_	linguistic	_	ContainsVariation=No	Intonation=WeaklyRising	End=1683.747	_	_	_	_
627-0	BZ006	627	0	penso	penso	_	_	_	_	_	linguistic	_	ContainsVariation=No	_	Begin=1684.897	_	_	_	_
627-1	BZ006	627	1	sia	sia	_	_	_	_	_	linguistic	_	ContainsVariation=No	_	_	_	_	_	_
627-2	BZ006	627	2	una	una	_	_	_	_	_	linguistic	_	ContainsVariation=No	_	_	_	_	_	_
627-3	BZ006	627	3	capacità	capacità	_	_	_	_	_	linguistic	_	ContainsVariation=No	_	_	_	_	_	_
627-4	BZ006	627	4	che	che	_	_	_	_	_	linguistic	_	ContainsVariation=No	_	_	_	_	_	_
627-5	BZ006	627	5	potremmo	potremmo	_	_	_	_	_	linguistic	_	ContainsVariation=No	_	_	_	_	_	_
627-6	BZ006	627	6	avere.	avere	_	_	_	_	_	linguistic	_	ContainsVariation=No	Intonation=Falling	End=1686.777	_	_	_	_
628-0	BZ001	628	0	mh	mh	_	_	_	_	_	linguistic	_	ContainsVariation=No	ProsodicLink=Yes	Begin=1687.112	_	_	_	_
628-1	BZ001	628	1	[mh],	mh	_	_	_	_	_	linguistic	_	ContainsVariation=No	Intonation=WeaklyRising	End=1687.52	_	_	_	0-2(168)
629-0	BZ006	629	0	[che	che	_	_	_	_	_	linguistic	_	ContainsVariation=No	_	Begin=1687.262	_	_	_	0-3(168)
629-1	BZ006	629	1	po]tremmo	potremmo	_	_	_	_	_	linguistic	_	ContainsVariation=No	_	_	_	_	_	0-2(168)
629-2	BZ006	629	2	sviluppare	sviluppare	_	_	_	_	_	linguistic	_	ContainsVariation=No	_	_	_	_	_	_
629-3	BZ006	629	3	quantomeno.	quantomeno	_	_	_	_	_	linguistic	_	ContainsVariation=No	Intonation=Falling	End=1688.972	_	_	_	_
630-0	BZ006	630	0	forse	forse	_	_	_	_	_	linguistic	_	ContainsVariation=No	_	Begin=1689.392	_	_	_	_
630-1	BZ006	630	1	addirittura	addirittura	_	_	_	_	_	linguistic	_	ContainsVariation=No	_	_	_	_	_	_
630-2	BZ006	630	2	una	una	_	_	_	_	_	linguistic	_	ContainsVariation=No	_	_	_	_	_	_
630-3	BZ006	630	3	capacità	capacità	_	_	_	_	_	linguistic	_	ContainsVariation=No	_	_	_	_	_	_
630-4	BZ006	630	4	che	che	_	_	_	_	_	linguistic	_	ContainsVariation=No	_	_	_	_	_	_
630-5	BZ006	630	5	conosciamo	conosciamo	_	_	_	_	_	linguistic	_	ContainsVariation=No	_	_	_	_	_	_
630-6	BZ006	630	6	poco	poco	_	_	_	_	_	linguistic	_	ContainsVariation=No	_	_	_	_	_	_
630-7	BZ006	630	7	ma	ma	_	_	_	_	_	linguistic	_	ContainsVariation=No	_	_	_	_	_	_
630-8	BZ006	630	8	che	che	_	_	_	_	_	linguistic	_	ContainsVariation=No	_	_	_	_	_	_
630-9	BZ006	630	9	abbiamo.	abbiamo	_	_	_	_	_	linguistic	_	ContainsVariation=No	Intonation=Falling	End=1692.852	_	_	_	_
631-0	BZ006	631	0	e	e	_	_	_	_	_	linguistic	_	ContainsVariation=No	_	Begin=1693.417	_	_	_	_
631-1	BZ006	631	1	che	che	_	_	_	_	_	linguistic	_	ContainsVariation=No	_	_	_	_	_	_
631-2	BZ006	631	2	non	non	_	_	_	_	_	linguistic	_	ContainsVariation=No	_	_	_	_	_	_
631-3	BZ006	631	3	dico	dico	_	_	_	_	_	linguistic	_	ContainsVariation=No	_	_	_	_	_	_
631-4	BZ006	631	4	sia	sia	_	_	_	_	_	linguistic	_	ContainsVariation=No	_	_	_	_	_	_
631-5	BZ006	631	5	utile	utile	_	_	_	_	_	linguistic	_	ContainsVariation=No	_	_	_	_	_	_
631-6	BZ006	631	6	perché	perché	_	_	_	_	_	linguistic	_	ContainsVariation=No	_	_	_	_	_	_
631-7	BZ006	631	7	noi	noi	_	_	_	_	_	linguistic	_	ContainsVariation=No	_	_	_	_	_	_
631-8	BZ006	631	8	dobbiamo	dobbiamo	_	_	_	_	_	linguistic	_	ContainsVariation=No	_	_	_	_	_	_
631-9	BZ006	631	9	andare	andare	_	_	_	_	_	linguistic	_	ContainsVariation=No	_	_	_	_	_	_
631-10	BZ006	631	10	in	in	_	_	_	_	_	linguistic	_	ContainsVariation=No	_	_	_	_	_	_
631-11	BZ006	631	11	giro	giro	_	_	_	_	_	linguistic	_	ContainsVariation=No	_	_	_	_	_	_
631-12	BZ006	631	12	parlando	parlando	_	_	_	_	_	linguistic	_	ContainsVariation=No	_	_	_	_	_	_
631-13	BZ006	631	13	cinque	cinque	_	_	_	_	_	linguistic	_	ContainsVariation=No	_	_	_	_	_	_
631-14	BZ006	631	14	lingue	lingue	_	_	_	_	_	linguistic	_	ContainsVariation=No	_	_	_	_	_	_
631-15	BZ006	631	15	in	in	_	_	_	_	_	linguistic	_	ContainsVariation=No	_	_	_	_	_	_
631-16	BZ006	631	16	una	una	_	_	_	_	_	linguistic	_	ContainsVariation=No	_	_	_	_	_	_
631-17	BZ006	631	17	frase	frase	_	_	_	_	_	linguistic	_	ContainsVariation=No	_	_	_	_	_	_
631-18	BZ006	631	18	perché	perché	_	_	_	_	_	linguistic	_	ContainsVariation=No	_	_	_	_	_	_
631-19	BZ006	631	19	non	non	_	_	_	_	_	linguistic	_	ContainsVariation=No	_	_	_	_	_	_
631-20	BZ006	631	20	serve	serve	_	_	_	_	_	linguistic	_	ContainsVariation=No	_	_	_	_	_	_
631-21	BZ006	631	21	a	a	_	_	_	_	_	linguistic	_	ContainsVariation=No	_	_	_	_	_	_
631-22	BZ006	631	22	niente,	niente	_	_	_	_	_	linguistic	_	ContainsVariation=No	Intonation=WeaklyRising	_	_	_	_	_
631-23	BZ006	631	23	((ridendo))	((ridendo))	_	_	_	_	_	nonverbalbehavior	_	ContainsVariation=No	_	End=1698.507	_	_	_	_
632-0	BZ006	632	0	però	però	_	_	_	_	_	linguistic	_	ContainsVariation=No	_	Begin=1699.077	_	_	_	_
632-1	BZ006	632	1	proprio	proprio	_	_	_	_	_	linguistic	_	ContainsVariation=No	_	_	_	_	_	_
632-2	BZ006	632	2	per	per	_	_	_	_	_	linguistic	_	ContainsVariation=No	_	_	_	_	_	_
632-3	BZ006	632	3	un	un	_	_	_	_	_	linguistic	_	ContainsVariation=No	_	_	_	_	_	_
632-4	BZ006	632	4	attimo	attimo	_	_	_	_	_	linguistic	_	ContainsVariation=No	_	_	_	_	_	_
632-5	BZ006	632	5	intanto,	intanto	_	_	_	_	_	linguistic	_	ContainsVariation=No	Intonation=WeaklyRising	End=1701.617	_	_	_	_
633-0	BZ006	633	0	eh	eh	_	_	_	_	_	linguistic	_	ContainsVariation=No	_	Begin=1702.052	_	_	_	_
633-1	BZ006	633	1	uscire	uscire	_	_	_	_	_	linguistic	_	ContainsVariation=No	_	_	_	_	_	_
633-2	BZ006	633	2	dalla	dalla	_	_	_	_	_	linguistic	_	ContainsVariation=No	_	_	_	_	_	_
633-3	BZ006	633	3	mh,	mh	_	_	_	_	_	linguistic	_	ContainsVariation=No	Intonation=WeaklyRising	End=1704.062	_	_	_	_
634-0	BZ006	634	0	dalla	dalla	_	_	_	_	_	linguistic	_	ContainsVariation=No	_	Begin=1705.042	_	_	_	_
634-1	BZ006	634	1	mh	mh	_	_	_	_	_	linguistic	_	ContainsVariation=No	_	_	_	_	_	_
634-2	BZ006	634	2	dall'	dall'	_	_	_	_	_	linguistic	_	ContainsVariation=No	SpaceAfter=No	_	_	_	_	_
634-3	BZ006	634	3	immagine	immagine	_	_	_	_	_	linguistic	_	ContainsVariation=No	_	_	_	_	_	_
634-4	BZ006	634	4	della	della	_	_	_	_	_	linguistic	_	ContainsVariation=No	_	_	_	_	_	_
634-5	BZ006	634	5	lingua	lingua	_	_	_	_	_	linguistic	_	ContainsVariation=No	_	_	_	_	_	_
634-6	BZ006	634	6	come,	come	_	_	_	_	_	linguistic	_	ContainsVariation=No	Intonation=WeaklyRising	End=1707.842	_	_	_	_
635-0	BZ006	635	0	un:	un	_	_	_	_	_	linguistic	_	ContainsVariation=No	PauseAfter=Yes	Begin=1708.187	1x1	_	_	_
635-1	BZ006	635	1	(.)	(.)	_	_	_	_	_	shortpause	_	ContainsVariation=No	_	_	_	_	_	_
635-2	BZ006	635	2	un	un	_	_	_	_	_	linguistic	_	ContainsVariation=No	_	_	_	_	_	_
635-3	BZ006	635	3	macigno	macigno	_	_	_	_	_	linguistic	_	ContainsVariation=No	_	_	_	_	_	_
635-4	BZ006	635	4	che	che	_	_	_	_	_	linguistic	_	ContainsVariation=No	_	_	_	_	_	_
635-5	BZ006	635	5	tu	tu	_	_	_	_	_	linguistic	_	ContainsVariation=No	_	_	_	_	_	_
635-6	BZ006	635	6	hai	hai	_	_	_	_	_	linguistic	_	ContainsVariation=No	_	_	_	_	_	_
635-7	BZ006	635	7	e	e	_	_	_	_	_	linguistic	_	ContainsVariation=No	_	_	_	_	_	_
635-8	BZ006	635	8	che	che	_	_	_	_	_	linguistic	_	ContainsVariation=No	_	_	_	_	_	_
635-9	BZ006	635	9	non	non	_	_	_	_	_	linguistic	_	ContainsVariation=No	_	_	_	_	_	_
635-10	BZ006	635	10	puoi,	puoi	_	_	_	_	_	linguistic	_	ContainsVariation=No	Intonation=WeaklyRising	End=1711.9	_	_	_	_
636-0	BZ006	636	0	eh::m	ehm	_	_	_	_	_	linguistic	_	ContainsVariation=No	PauseAfter=Yes	Begin=1712.278	1x2	_	_	_
636-1	BZ006	636	1	(.)	(.)	_	_	_	_	_	shortpause	_	ContainsVariation=No	_	_	_	_	_	_
636-2	BZ006	636	2	cambiare	cambiare	_	_	_	_	_	linguistic	_	ContainsVariation=No	_	_	_	_	_	_
636-3	BZ006	636	3	o,	o	_	_	_	_	_	linguistic	_	ContainsVariation=No	Intonation=WeaklyRising	End=1714.57	_	_	_	_
637-0	BZ006	637	0	e:	e	_	_	_	_	_	linguistic	_	ContainsVariation=No	_	Begin=1715.359	0x1	_	_	_
637-1	BZ006	637	1	e	e	_	_	_	_	_	linguistic	_	ContainsVariation=No	_	_	_	_	_	_
637-2	BZ006	637	2	dall'	dall'	_	_	_	_	_	linguistic	_	ContainsVariation=No	SpaceAfter=No	_	_	_	_	_
637-3	BZ006	637	3	altro	altro	_	_	_	_	_	linguistic	_	ContainsVariation=No	_	_	_	_	_	_
637-4	BZ006	637	4	anche	anche	_	_	_	_	_	linguistic	_	ContainsVariation=No	_	_	_	_	_	_
637-5	BZ006	637	5	perché	perché	_	_	_	_	_	linguistic	_	ContainsVariation=No	_	_	_	_	_	_
637-6	BZ006	637	6	eh:	eh	_	_	_	_	_	linguistic	_	ContainsVariation=No	PauseAfter=Yes	_	1x1	_	_	_
637-7	BZ006	637	7	(.)	(.)	_	_	_	_	_	shortpause	_	ContainsVariation=No	_	_	_	_	_	_
637-8	BZ006	637	8	secondo	secondo	_	_	_	_	_	linguistic	_	ContainsVariation=No	_	_	_	_	_	_
637-9	BZ006	637	9	me	me	_	_	_	_	_	linguistic	_	ContainsVariation=No	_	_	_	_	_	_
637-10	BZ006	637	10	aiuta	aiuta	_	_	_	_	_	linguistic	_	ContainsVariation=No	_	_	_	_	_	_
637-11	BZ006	637	11	poi	poi	_	_	_	_	_	linguistic	_	ContainsVariation=No	_	_	_	_	_	_
637-12	BZ006	637	12	in	in	_	_	_	_	_	linguistic	_	ContainsVariation=No	_	_	_	_	_	_
637-13	BZ006	637	13	altre	altre	_	_	_	_	_	linguistic	_	ContainsVariation=No	_	_	_	_	_	_
637-14	BZ006	637	14	discipline	discipline	_	_	_	_	_	linguistic	_	ContainsVariation=No	_	_	_	_	_	_
637-15	BZ006	637	15	o	o	_	_	_	_	_	linguistic	_	ContainsVariation=No	_	_	_	_	_	_
637-16	BZ006	637	16	comunque	comunque	_	_	_	_	_	linguistic	_	ContainsVariation=No	_	_	_	_	_	_
637-17	BZ006	637	17	anche	anche	_	_	_	_	_	linguistic	_	ContainsVariation=No	_	_	_	_	_	_
637-18	BZ006	637	18	a	a	_	_	_	_	_	linguistic	_	ContainsVariation=No	_	_	_	_	_	_
637-19	BZ006	637	19	livello	livello	_	_	_	_	_	linguistic	_	ContainsVariation=No	_	_	_	_	_	_
637-20	BZ006	637	20	proprio	proprio	_	_	_	_	_	linguistic	_	ContainsVariation=No	_	_	_	_	_	_
637-21	BZ006	637	21	cervello	cervello	_	_	_	_	_	linguistic	_	ContainsVariation=No	_	_	_	_	_	_
637-22	BZ006	637	22	non	non	_	_	_	_	_	linguistic	_	ContainsVariation=No	_	_	_	_	_	_
637-23	BZ006	637	23	lo	lo	_	_	_	_	_	linguistic	_	ContainsVariation=No	_	_	_	_	_	_
637-24	BZ006	637	24	so,	so	_	_	_	_	_	linguistic	_	ContainsVariation=No	Intonation=WeaklyRising	_	_	_	_	_
637-25	BZ006	637	25	questo	questo	_	_	_	_	_	linguistic	_	ContainsVariation=No	_	_	_	_	_	_
637-26	BZ006	637	26	non	non	_	_	_	_	_	linguistic	_	ContainsVariation=No	_	_	_	_	_	_
637-27	BZ006	637	27	io	io	_	_	_	_	_	linguistic	_	ContainsVariation=No	_	_	_	_	_	_
637-28	BZ006	637	28	non	non	_	_	_	_	_	linguistic	_	ContainsVariation=No	_	_	_	_	_	_
637-29	BZ006	637	29	sono	sono	_	_	_	_	_	linguistic	_	ContainsVariation=No	_	_	_	_	_	_
637-30	BZ006	637	30	un	un	_	_	_	_	_	linguistic	_	ContainsVariation=No	_	_	_	_	_	_
637-31	BZ006	637	31	esperto	esperto	_	_	_	_	_	linguistic	_	ContainsVariation=No	_	_	_	_	_	_
637-32	BZ006	637	32	di	di	_	_	_	_	_	linguistic	_	ContainsVariation=No	_	_	_	_	_	_
637-33	BZ006	637	33	queste	queste	_	_	_	_	_	linguistic	_	ContainsVariation=No	_	_	_	_	_	_
637-34	BZ006	637	34	cose	cose	_	_	_	_	_	linguistic	_	ContainsVariation=No	_	_	_	_	_	_
637-35	BZ006	637	35	però,	però	_	_	_	_	_	linguistic	_	ContainsVariation=No	Intonation=WeaklyRising	End=1724.519	_	_	_	_
638-0	BZ006	638	0	così	così	_	_	_	_	_	linguistic	_	ContainsVariation=No	_	Begin=1724.834	_	_	_	_
638-1	BZ006	638	1	a	a	_	_	_	_	_	linguistic	_	ContainsVariation=No	_	_	_	_	_	_
638-2	BZ006	638	2	a	a	_	_	_	_	_	linguistic	_	ContainsVariation=No	PauseAfter=Yes	_	_	_	_	_
638-3	BZ006	638	3	(.)	(.)	_	_	_	_	_	shortpause	_	ContainsVariation=No	_	_	_	_	_	_
638-4	BZ006	638	4	a	a	_	_	_	_	_	linguistic	_	ContainsVariation=No	_	_	_	_	_	_
638-5	BZ006	638	5	intuito	intuito	_	_	_	_	_	linguistic	_	ContainsVariation=No	_	_	_	_	_	_
638-6	BZ006	638	6	mi	mi	_	_	_	_	_	linguistic	_	ContainsVariation=No	_	_	_	_	_	_
638-7	BZ006	638	7	verrebbe	verrebbe	_	_	_	_	_	linguistic	_	ContainsVariation=No	_	_	_	_	_	_
638-8	BZ006	638	8	da	da	_	_	_	_	_	linguistic	_	ContainsVariation=No	_	_	_	_	_	_
638-9	BZ006	638	9	dire	dire	_	_	_	_	_	linguistic	_	ContainsVariation=No	_	_	_	_	_	_
638-10	BZ006	638	10	che	che	_	_	_	_	_	linguistic	_	ContainsVariation=No	_	_	_	_	_	_
638-11	BZ006	638	11	aiuta	aiuta	_	_	_	_	_	linguistic	_	ContainsVariation=No	_	_	_	_	_	_
638-12	BZ006	638	12	nello	nello	_	_	_	_	_	linguistic	_	ContainsVariation=No	_	_	_	_	_	_
638-13	BZ006	638	13	sviluppo	sviluppo	_	_	_	_	_	linguistic	_	ContainsVariation=No	_	_	_	_	_	_
638-14	BZ006	638	14	del	del	_	_	_	_	_	linguistic	_	ContainsVariation=No	_	_	_	_	_	_
638-15	BZ006	638	15	cervello,	cervello	_	_	_	_	_	linguistic	_	ContainsVariation=No	Intonation=WeaklyRising	End=1728.934	_	_	_	_
639-0	BZ006	639	0	un	un	_	_	_	_	_	linguistic	_	ContainsVariation=No	_	Begin=1729.159	_	_	_	_
639-1	BZ006	639	1	attimo	attimo	_	_	_	_	_	linguistic	_	ContainsVariation=No	_	_	_	_	_	_
639-2	BZ006	639	2	essere	essere	_	_	_	_	_	linguistic	_	ContainsVariation=No	_	_	_	_	_	_
639-3	BZ006	639	3	un	un	_	_	_	_	_	linguistic	_	ContainsVariation=No	_	_	_	_	_	_
639-4	BZ006	639	4	po'	po'	_	_	_	_	_	linguistic	_	ContainsVariation=No	_	_	_	_	_	_
639-5	BZ006	639	5	più	più	_	_	_	_	_	linguistic	_	ContainsVariation=No	_	_	_	_	_	_
639-6	BZ006	639	6	[fles]sibili	flessibili	_	_	_	_	_	linguistic	_	ContainsVariation=No	_	_	_	_	_	0-4(169)
639-7	BZ006	639	7	aperti	aperti	_	_	_	_	_	linguistic	_	ContainsVariation=No	_	_	_	_	_	_
639-8	BZ006	639	8	e	e	_	_	_	_	_	linguistic	_	ContainsVariation=No	_	_	_	_	_	_
639-9	BZ006	639	9	così	così	_	_	_	_	_	linguistic	_	ContainsVariation=No	_	_	_	_	_	_
639-10	BZ006	639	10	via	via	_	_	_	_	_	linguistic	_	ContainsVariation=No	_	_	_	_	_	_
639-11	BZ006	639	11	no?	no	_	_	_	_	_	linguistic	_	ContainsVariation=No	Intonation=Rising	End=1732.629	_	_	_	_
640-0	BZ001	640	0	[mh	mh	_	_	_	_	_	linguistic	_	ContainsVariation=No	ProsodicLink=Yes	Begin=1730.529	_	_	_	0-2(169)
640-1	BZ001	640	1	mh].	mh	_	_	_	_	_	linguistic	_	ContainsVariation=No	Intonation=Falling	End=1730.929	_	_	_	0-2(169)
641-0	BZ006	641	0	ed	ed	_	_	_	_	_	linguistic	_	ContainsVariation=No	_	Begin=1733.229	_	_	_	_
641-1	BZ006	641	1	è	è	_	_	_	_	_	linguistic	_	ContainsVariation=No	_	_	_	_	_	_
641-2	BZ006	641	2	estremamente	estremamente	_	_	_	_	_	linguistic	_	ContainsVariation=No	_	_	_	_	_	_
641-3	BZ006	641	3	difficile	difficile	_	_	_	_	_	linguistic	_	ContainsVariation=No	_	_	_	_	_	_
641-4	BZ006	641	4	e	e	_	_	_	_	_	linguistic	_	ContainsVariation=No	_	_	_	_	_	_
641-5	BZ006	641	5	io	io	_	_	_	_	_	linguistic	_	ContainsVariation=No	_	_	_	_	_	_
641-6	BZ006	641	6	lo	lo	_	_	_	_	_	linguistic	_	ContainsVariation=No	_	_	_	_	_	_
641-7	BZ006	641	7	facevo	facevo	_	_	_	_	_	linguistic	_	ContainsVariation=No	_	_	_	_	_	_
641-8	BZ006	641	8	vedere	vedere	_	_	_	_	_	linguistic	_	ContainsVariation=No	_	_	_	_	_	_
641-9	BZ006	641	9	ai	ai	_	_	_	_	_	linguistic	_	ContainsVariation=No	_	_	_	_	_	_
641-10	BZ006	641	10	ragazzi	ragazzi	_	_	_	_	_	linguistic	_	ContainsVariation=No	_	_	_	_	_	_
641-11	BZ006	641	11	l'	l'	_	_	_	_	_	linguistic	_	ContainsVariation=No	SpaceAfter=No	_	_	_	_	_
641-12	BZ006	641	12	ho	ho	_	_	_	_	_	linguistic	_	ContainsVariation=No	_	_	_	_	_	_
641-13	BZ006	641	13	fatto	fatto	_	_	_	_	_	linguistic	_	ContainsVariation=No	_	_	_	_	_	_
641-14	BZ006	641	14	qui	qui	_	_	_	_	_	linguistic	_	ContainsVariation=No	_	_	_	_	_	_
641-15	BZ006	641	15	con	con	_	_	_	_	_	linguistic	_	ContainsVariation=No	_	_	_	_	_	_
641-16	BZ006	641	16	te	te	_	_	_	_	_	linguistic	_	ContainsVariation=No	_	_	_	_	_	_
641-17	BZ006	641	17	coi	coi	_	_	_	_	_	linguistic	_	ContainsVariation=No	_	_	_	_	_	_
641-18	BZ006	641	18	ragazzi,	ragazzi	_	_	_	_	_	linguistic	_	ContainsVariation=No	Intonation=WeaklyRising	End=1737.199	_	_	_	_
642-0	BZ006	642	0	evidenziando	evidenziando	_	_	_	_	_	linguistic	_	ContainsVariation=No	_	Begin=1737.579	_	_	_	_
642-1	BZ006	642	1	le	le	_	_	_	_	_	linguistic	_	ContainsVariation=No	_	_	_	_	_	_
642-2	BZ006	642	2	difficoltà	difficoltà	_	_	_	_	_	linguistic	_	ContainsVariation=No	_	_	_	_	_	_
642-3	BZ006	642	3	che	che	_	_	_	_	_	linguistic	_	ContainsVariation=No	_	_	_	_	_	_
642-4	BZ006	642	4	ci	ci	_	_	_	_	_	linguistic	_	ContainsVariation=No	_	_	_	_	_	_
642-5	BZ006	642	5	sono.	sono	_	_	_	_	_	linguistic	_	ContainsVariation=No	Intonation=Falling	End=1739.709	_	_	_	_
643-0	BZ006	643	0	e	e	_	_	_	_	_	linguistic	_	ContainsVariation=No	_	Begin=1740.149	_	_	_	_
643-1	BZ006	643	1	poi	poi	_	_	_	_	_	linguistic	_	ContainsVariation=No	_	_	_	_	_	_
643-2	BZ006	643	2	chiedevo	chiedevo	_	_	_	_	_	linguistic	_	ContainsVariation=No	_	_	_	_	_	_
643-3	BZ006	643	3	di	di	_	_	_	_	_	linguistic	_	ContainsVariation=No	_	_	_	_	_	_
643-4	BZ006	643	4	farlo	farlo	_	_	_	_	_	linguistic	_	ContainsVariation=No	_	_	_	_	_	_
643-5	BZ006	643	5	a	a	_	_	_	_	_	linguistic	_	ContainsVariation=No	_	_	_	_	_	_
643-6	BZ006	643	6	loro.	loro	_	_	_	_	_	linguistic	_	ContainsVariation=No	Intonation=Falling	End=1741.239	_	_	_	_
644-0	BZ001	644	0	mh	mh	_	_	_	_	_	linguistic	_	ContainsVariation=No	ProsodicLink=Yes	Begin=1741.399	_	_	_	_
644-1	BZ001	644	1	mh,	mh	_	_	_	_	_	linguistic	_	ContainsVariation=No	Intonation=WeaklyRising	End=1741.709	_	_	_	_
645-0	BZ006	645	0	e	e	_	_	_	_	_	linguistic	_	ContainsVariation=No	_	Begin=1741.779	_	_	_	_
645-1	BZ006	645	1	ovviamente	ovviamente	_	_	_	_	_	linguistic	_	ContainsVariation=No	_	_	_	_	_	_
645-2	BZ006	645	2	è	è	_	_	_	_	_	linguistic	_	ContainsVariation=No	_	_	_	_	_	_
645-3	BZ006	645	3	molto	molto	_	_	_	_	_	linguistic	_	ContainsVariation=No	_	_	_	_	_	_
645-4	BZ006	645	4	complicato.	complicato	_	_	_	_	_	linguistic	_	ContainsVariation=No	Intonation=Falling	End=1743.679	_	_	_	_
646-0	BZ006	646	0	eh	eh	_	_	_	_	_	linguistic	_	ContainsVariation=No	_	Begin=1744.204	_	_	_	_
646-1	BZ006	646	1	però	però	_	_	_	_	_	linguistic	_	ContainsVariation=No	PauseAfter=Yes	_	_	_	_	_
646-2	BZ006	646	2	(.)	(.)	_	_	_	_	_	shortpause	_	ContainsVariation=No	_	_	_	_	_	_
646-3	BZ006	646	3	eh:	eh	_	_	_	_	_	linguistic	_	ContainsVariation=No	_	_	1x1	_	_	_
646-4	BZ006	646	4	ho	ho	_	_	_	_	_	linguistic	_	ContainsVariation=No	_	_	_	_	_	_
646-5	BZ006	646	5	cercato	cercato	_	_	_	_	_	linguistic	_	ContainsVariation=No	_	_	_	_	_	_
646-6	BZ006	646	6	di	di	_	_	_	_	_	linguistic	_	ContainsVariation=No	_	_	_	_	_	_
646-7	BZ006	646	7	lavorar	lavorar	_	_	_	_	_	linguistic	_	ContainsVariation=No	_	_	_	_	_	_
646-8	BZ006	646	8	su	su	_	_	_	_	_	linguistic	_	ContainsVariation=No	_	_	_	_	_	_
646-9	BZ006	646	9	questo	questo	_	_	_	_	_	linguistic	_	ContainsVariation=No	_	_	_	_	_	_
646-10	BZ006	646	10	proprio	proprio	_	_	_	_	_	linguistic	_	ContainsVariation=No	_	_	_	_	_	_
646-11	BZ006	646	11	per	per	_	_	_	_	_	linguistic	_	ContainsVariation=No	_	_	_	_	_	_
646-12	BZ006	646	12	far	far	_	_	_	_	_	linguistic	_	ContainsVariation=No	_	_	_	_	_	_
646-13	BZ006	646	13	capire,	capire	_	_	_	_	_	linguistic	_	ContainsVariation=No	Intonation=WeaklyRising	End=1747.784	_	_	_	_
647-0	BZ006	647	0	prima	prima	_	_	_	_	_	linguistic	_	ContainsVariation=No	_	Begin=1748.429	_	_	_	_
647-1	BZ006	647	1	possibile,	possibile	_	_	_	_	_	linguistic	_	ContainsVariation=No	Intonation=WeaklyRising	End=1749.289	_	_	_	_
648-0	BZ006	648	0	che	che	_	_	_	_	_	linguistic	_	ContainsVariation=No	_	Begin=1749.684	_	_	_	_
648-1	BZ006	648	1	le	le	_	_	_	_	_	linguistic	_	ContainsVariation=No	_	_	_	_	_	_
648-2	BZ006	648	2	lingue	lingue	_	_	_	_	_	linguistic	_	ContainsVariation=No	_	_	_	_	_	_
648-3	BZ006	648	3	non	non	_	_	_	_	_	linguistic	_	ContainsVariation=No	_	_	_	_	_	_
648-4	BZ006	648	4	sono	sono	_	_	_	_	_	linguistic	_	ContainsVariation=No	_	_	_	_	_	_
648-5	BZ006	648	5	una:,	una	_	_	_	_	_	linguistic	_	ContainsVariation=No	Intonation=WeaklyRising	End=1751.644	2x1	_	_	_
649-0	BZ006	649	0	un	un	_	_	_	_	_	linguistic	_	ContainsVariation=No	_	Begin=1753.009	_	_	_	_
649-1	BZ006	649	1	limite,	limite	_	_	_	_	_	linguistic	_	ContainsVariation=No	Intonation=WeaklyRising	End=1753.709	_	_	_	_
650-0	BZ006	650	0	o	o	_	_	_	_	_	linguistic	_	ContainsVariation=No	_	Begin=1754.094	_	_	_	_
650-1	BZ006	650	1	un:	un	_	_	_	_	_	linguistic	_	ContainsVariation=No	_	_	1x1	_	_	_
650-2	BZ006	650	2	un	un	_	_	_	_	_	linguistic	_	ContainsVariation=No	_	_	_	_	_	_
650-3	BZ006	650	3	libro	libro	_	_	_	_	_	linguistic	_	ContainsVariation=No	_	_	_	_	_	_
650-4	BZ006	650	4	di	di	_	_	_	_	_	linguistic	_	ContainsVariation=No	_	_	_	_	_	_
650-5	BZ006	650	5	grammatica	grammatica	_	_	_	_	_	linguistic	_	ContainsVariation=No	_	_	_	_	_	_
650-6	BZ006	650	6	da	da	_	_	_	_	_	linguistic	_	ContainsVariation=No	_	_	_	_	_	_
650-7	BZ006	650	7	imparare,	imparare	_	_	_	_	_	linguistic	_	ContainsVariation=No	Intonation=WeaklyRising	End=1757.084	_	_	_	_
651-0	BZ006	651	0	ma	ma	_	_	_	_	_	linguistic	_	ContainsVariation=No	_	Begin=1757.374	_	_	_	_
651-1	BZ006	651	1	le	le	_	_	_	_	_	linguistic	_	ContainsVariation=No	_	_	_	_	_	_
651-2	BZ006	651	2	lingue	lingue	_	_	_	_	_	linguistic	_	ContainsVariation=No	_	_	_	_	_	_
651-3	BZ006	651	3	sono,	sono	_	_	_	_	_	linguistic	_	ContainsVariation=No	Intonation=WeaklyRising	_	_	_	_	_
651-4	BZ006	651	4	vita.	vita	_	_	_	_	_	linguistic	_	ContainsVariation=No	Intonation=Falling	End=1758.684	_	_	_	_
652-0	BZ001	652	0	mh	mh	_	_	_	_	_	linguistic	_	ContainsVariation=No	ProsodicLink=Yes	Begin=1758.714	_	_	_	_
652-1	BZ001	652	1	mh.	mh	_	_	_	_	_	linguistic	_	ContainsVariation=No	Intonation=Falling	End=1759.124	_	_	_	_
653-0	BZ006	653	0	cioè	cioè	_	_	_	_	_	linguistic	_	ContainsVariation=No	_	Begin=1759.554	_	_	_	_
653-1	BZ006	653	1	se	se	_	_	_	_	_	linguistic	_	ContainsVariation=No	_	_	_	_	_	_
653-2	BZ006	653	2	noi	noi	_	_	_	_	_	linguistic	_	ContainsVariation=No	_	_	_	_	_	_
653-3	BZ006	653	3	adesso	adesso	_	_	_	_	_	linguistic	_	ContainsVariation=No	_	_	_	_	_	_
653-4	BZ006	653	4	usciamo	usciamo	_	_	_	_	_	linguistic	_	ContainsVariation=No	_	_	_	_	_	_
653-5	BZ006	653	5	e	e	_	_	_	_	_	linguistic	_	ContainsVariation=No	_	_	_	_	_	_
653-6	BZ006	653	6	come	come	_	_	_	_	_	linguistic	_	ContainsVariation=No	_	_	_	_	_	_
653-7	BZ006	653	7	capita	capita	_	_	_	_	_	linguistic	_	ContainsVariation=No	_	_	_	_	_	_
653-8	BZ006	653	8	sempre	sempre	_	_	_	_	_	linguistic	_	ContainsVariation=No	_	_	_	_	_	_
653-9	BZ006	653	9	di	di	_	_	_	_	_	linguistic	_	ContainsVariation=No	_	_	_	_	_	_
653-10	BZ006	653	10	più	più	_	_	_	_	_	linguistic	_	ContainsVariation=No	_	_	_	_	_	_
653-11	BZ006	653	11	soprattutto	soprattutto	_	_	_	_	_	linguistic	_	ContainsVariation=No	_	_	_	_	_	_
653-12	BZ006	653	12	in	in	_	_	_	_	_	linguistic	_	ContainsVariation=No	_	_	_	_	_	_
653-13	BZ006	653	13	contesti	contesti	_	_	_	_	_	linguistic	_	ContainsVariation=No	_	_	_	_	_	_
653-14	BZ006	653	14	magari	magari	_	_	_	_	_	linguistic	_	ContainsVariation=No	_	_	_	_	_	_
653-15	BZ006	653	15	di	di	_	_	_	_	_	linguistic	_	ContainsVariation=No	_	_	_	_	_	_
653-16	BZ006	653	16	erasmus	erasmus	_	_	_	_	_	linguistic	_	ContainsVariation=No	_	_	_	_	_	_
653-17	BZ006	653	17	eccetera	eccetera	_	_	_	_	_	linguistic	_	ContainsVariation=No	_	_	_	_	_	_
653-18	BZ006	653	18	abbiamo	abbiamo	_	_	_	_	_	linguistic	_	ContainsVariation=No	_	_	_	_	_	_
653-19	BZ006	653	19	un	un	_	_	_	_	_	linguistic	_	ContainsVariation=No	_	_	_	_	_	_
653-20	BZ006	653	20	gruppo,	gruppo	_	_	_	_	_	linguistic	_	ContainsVariation=No	Intonation=WeaklyRising	End=1765.624	_	_	_	_
654-0	BZ006	654	0	seduti	seduti	_	_	_	_	_	linguistic	_	ContainsVariation=No	_	Begin=1766.144	_	_	_	_
654-1	BZ006	654	1	a	a	_	_	_	_	_	linguistic	_	ContainsVariation=No	_	_	_	_	_	_
654-2	BZ006	654	2	un	un	_	_	_	_	_	linguistic	_	ContainsVariation=No	_	_	_	_	_	_
654-3	BZ006	654	3	tavolo	tavolo	_	_	_	_	_	linguistic	_	ContainsVariation=No	_	_	_	_	_	_
654-4	BZ006	654	4	di	di	_	_	_	_	_	linguistic	_	ContainsVariation=No	_	_	_	_	_	_
654-5	BZ006	654	5	uno	uno	_	_	_	_	_	linguistic	_	ContainsVariation=No	_	_	_	_	_	_
654-6	BZ006	654	6	spagnolo,	spagnolo	_	_	_	_	_	linguistic	_	ContainsVariation=No	Intonation=WeaklyRising	_	_	_	_	_
654-7	BZ006	654	7	un	un	_	_	_	_	_	linguistic	_	ContainsVariation=No	_	_	_	_	_	_
654-8	BZ006	654	8	francese,	francese	_	_	_	_	_	linguistic	_	ContainsVariation=No	Intonation=WeaklyRising	_	_	_	_	_
654-9	BZ006	654	9	un	un	_	_	_	_	_	linguistic	_	ContainsVariation=No	_	_	_	_	_	_
654-10	BZ006	654	10	giapponese	giapponese	_	_	_	_	_	linguistic	_	ContainsVariation=No	_	_	_	_	_	_
654-11	BZ006	654	11	e	e	_	_	_	_	_	linguistic	_	ContainsVariation=No	_	_	_	_	_	_
654-12	BZ006	654	12	uno:	uno	_	_	_	_	_	linguistic	_	ContainsVariation=No	_	_	2x1	_	_	_
654-13	BZ006	654	13	non	non	_	_	_	_	_	linguistic	_	ContainsVariation=No	_	_	_	_	_	_
654-14	BZ006	654	14	lo	lo	_	_	_	_	_	linguistic	_	ContainsVariation=No	_	_	_	_	_	_
654-15	BZ006	654	15	so,	so	_	_	_	_	_	linguistic	_	ContainsVariation=No	Intonation=WeaklyRising	End=1772.074	_	_	_	_
655-0	BZ006	655	0	lì	lì	_	_	_	_	_	linguistic	_	ContainsVariation=No	_	Begin=1772.894	_	_	_	_
655-1	BZ006	655	1	si	si	_	_	_	_	_	linguistic	_	ContainsVariation=No	_	_	_	_	_	_
655-2	BZ006	655	2	creano	creano	_	_	_	_	_	linguistic	_	ContainsVariation=No	_	_	_	_	_	_
655-3	BZ006	655	3	questi	questi	_	_	_	_	_	linguistic	_	ContainsVariation=No	_	_	_	_	_	_
655-4	BZ006	655	4	contesti	contesti	_	_	_	_	_	linguistic	_	ContainsVariation=No	_	_	_	_	_	_
655-5	BZ006	655	5	qui	qui	_	_	_	_	_	linguistic	_	ContainsVariation=No	_	_	_	_	_	_
655-6	BZ006	655	6	e	e	_	_	_	_	_	linguistic	_	ContainsVariation=No	_	_	_	_	_	_
655-7	BZ006	655	7	lì	lì	_	_	_	_	_	linguistic	_	ContainsVariation=No	_	_	_	_	_	_
655-8	BZ006	655	8	una,	una	_	_	_	_	_	linguistic	_	ContainsVariation=No	Intonation=WeaklyRising	End=1775.484	_	_	_	_
656-0	BZ006	656	0	capacità	capacità	_	_	_	_	_	linguistic	_	ContainsVariation=No	_	Begin=1776.784	_	_	_	_
656-1	BZ006	656	1	come	come	_	_	_	_	_	linguistic	_	ContainsVariation=No	_	_	_	_	_	_
656-2	BZ006	656	2	questa,	questa	_	_	_	_	_	linguistic	_	ContainsVariation=No	Intonation=WeaklyRising	_	_	_	_	_
656-3	BZ006	656	3	un'	un'	_	_	_	_	_	linguistic	_	ContainsVariation=No	SpaceAfter=No	_	_	_	_	_
656-4	BZ006	656	4	apertura	apertura	_	_	_	_	_	linguistic	_	ContainsVariation=No	_	_	_	_	_	_
656-5	BZ006	656	5	mentale	mentale	_	_	_	_	_	linguistic	_	ContainsVariation=No	_	_	_	_	_	_
656-6	BZ006	656	6	come	come	_	_	_	_	_	linguistic	_	ContainsVariation=No	_	_	_	_	_	_
656-7	BZ006	656	7	questa	questa	_	_	_	_	_	linguistic	_	ContainsVariation=No	_	_	_	_	_	_
656-8	BZ006	656	8	è	è	_	_	_	_	_	linguistic	_	ContainsVariation=No	_	_	_	_	_	_
656-9	BZ006	656	9	necessaria.	necessaria	_	_	_	_	_	linguistic	_	ContainsVariation=No	Intonation=Falling	End=1780.044	_	_	_	_
657-0	BZ006	657	0	non	non	_	_	_	_	_	linguistic	_	ContainsVariation=No	_	Begin=1780.329	_	_	_	_
657-1	BZ006	657	1	è	è	_	_	_	_	_	linguistic	_	ContainsVariation=No	_	_	_	_	_	_
657-2	BZ006	657	2	importante	importante	_	_	_	_	_	linguistic	_	ContainsVariation=No	_	_	_	_	_	_
657-3	BZ006	657	3	in	in	_	_	_	_	_	linguistic	_	ContainsVariation=No	_	_	_	_	_	_
657-4	BZ006	657	4	quel	quel	_	_	_	_	_	linguistic	_	ContainsVariation=No	_	_	_	_	_	_
657-5	BZ006	657	5	tavolo	tavolo	_	_	_	_	_	linguistic	_	ContainsVariation=No	_	_	_	_	_	_
657-6	BZ006	657	6	lì	lì	_	_	_	_	_	linguistic	_	ContainsVariation=No	_	_	_	_	_	_
657-7	BZ006	657	7	che	che	_	_	_	_	_	linguistic	_	ContainsVariation=No	_	_	_	_	_	_
657-8	BZ006	657	8	tu	tu	_	_	_	_	_	linguistic	_	ContainsVariation=No	_	_	_	_	_	_
657-9	BZ006	657	9	conosca,	conosca	_	_	_	_	_	linguistic	_	ContainsVariation=No	Intonation=WeaklyRising	End=1783.379	_	_	_	_
658-0	BZ006	658	0	i	i	_	_	_	_	_	linguistic	_	ContainsVariation=No	_	Begin=1783.709	_	_	_	_
658-1	BZ006	658	1	casi	casi	_	_	_	_	_	linguistic	_	ContainsVariation=No	_	_	_	_	_	_
658-2	BZ006	658	2	del	del	_	_	_	_	_	linguistic	_	ContainsVariation=No	_	_	_	_	_	_
658-3	BZ006	658	3	russo,	russo	_	_	_	_	_	linguistic	_	ContainsVariation=No	Intonation=WeaklyRising	_	_	_	_	_
658-4	BZ006	658	4	gli	gli	_	_	_	_	_	linguistic	_	ContainsVariation=No	_	_	_	_	_	_
658-5	BZ006	658	5	otto	otto	_	_	_	_	_	linguistic	_	ContainsVariation=No	_	_	_	_	_	_
658-6	BZ006	658	6	casi	casi	_	_	_	_	_	linguistic	_	ContainsVariation=No	_	_	_	_	_	_
658-7	BZ006	658	7	del	del	_	_	_	_	_	linguistic	_	ContainsVariation=No	_	_	_	_	_	_
658-8	BZ006	658	8	russo,	russo	_	_	_	_	_	linguistic	_	ContainsVariation=No	Intonation=WeaklyRising	_	_	_	_	_
658-9	BZ006	658	9	piuttosto	piuttosto	_	_	_	_	_	linguistic	_	ContainsVariation=No	_	_	_	_	_	_
658-10	BZ006	658	10	che,	che	_	_	_	_	_	linguistic	_	ContainsVariation=No	Intonation=WeaklyRising	End=1786.769	_	_	_	_
659-0	BZ006	659	0	eh:::	eh	_	_	_	_	_	linguistic	_	ContainsVariation=No	_	Begin=1787.109	1x3	_	_	_
659-1	BZ006	659	1	il	il	_	_	_	_	_	linguistic	_	ContainsVariation=No	_	_	_	_	_	_
659-2	BZ006	659	2	suono	suono	_	_	_	_	_	linguistic	_	ContainsVariation=No	_	_	_	_	_	_
659-3	BZ006	659	3	che	che	_	_	_	_	_	linguistic	_	ContainsVariation=No	_	_	_	_	_	_
659-4	BZ006	659	4	hanno	hanno	_	_	_	_	_	linguistic	_	ContainsVariation=No	_	_	_	_	_	_
659-5	BZ006	659	5	le	le	_	_	_	_	_	linguistic	_	ContainsVariation=No	_	_	_	_	_	_
659-6	BZ006	659	6	lingue	lingue	_	_	_	_	_	linguistic	_	ContainsVariation=No	_	_	_	_	_	_
659-7	BZ006	659	7	slave	slave	_	_	_	_	_	linguistic	_	ContainsVariation=No	_	_	_	_	_	_
659-8	BZ006	659	8	o	o	_	_	_	_	_	linguistic	_	ContainsVariation=No	_	_	_	_	_	_
659-9	BZ006	659	9	chissà	chissà	_	_	_	_	_	linguistic	_	ContainsVariation=No	_	_	_	_	_	_
659-10	BZ006	659	10	che	che	_	_	_	_	_	linguistic	_	ContainsVariation=No	_	_	_	_	_	_
659-11	BZ006	659	11	co-	co-	_	_	_	_	_	linguistic	_	ContainsVariation=No	Interrupted=Yes	_	_	_	_	_
659-12	BZ006	659	12	non	non	_	_	_	_	_	linguistic	_	ContainsVariation=No	_	_	_	_	_	_
659-13	BZ006	659	13	serve.	serve	_	_	_	_	_	linguistic	_	ContainsVariation=No	Intonation=Falling	End=1790.979	_	_	_	_
660-0	BZ006	660	0	serve	serve	_	_	_	_	_	linguistic	_	ContainsVariation=No	_	Begin=1791.459	_	_	_	_
660-1	BZ006	660	1	che	che	_	_	_	_	_	linguistic	_	ContainsVariation=No	_	_	_	_	_	_
660-2	BZ006	660	2	tu	tu	_	_	_	_	_	linguistic	_	ContainsVariation=No	_	_	_	_	_	_
660-3	BZ006	660	3	abbia	abbia	_	_	_	_	_	linguistic	_	ContainsVariation=No	_	_	_	_	_	_
660-4	BZ006	660	4	quelle	quelle	_	_	_	_	_	linguistic	_	ContainsVariation=No	_	_	_	_	_	_
660-5	BZ006	660	5	basi.	basi	_	_	_	_	_	linguistic	_	ContainsVariation=No	Intonation=Falling	End=1793.039	_	_	_	_
661-0	BZ001	661	0	mh	mh	_	_	_	_	_	linguistic	_	ContainsVariation=No	ProsodicLink=Yes	Begin=1793.544	_	_	_	_
661-1	BZ001	661	1	mh.	mh	_	_	_	_	_	linguistic	_	ContainsVariation=No	Intonation=Falling	End=1793.824	_	_	_	_
662-0	BZ006	662	0	ne[cessarie]	necessarie	_	_	_	_	_	linguistic	_	ContainsVariation=No	_	Begin=1794.059	_	_	_	2-10(170)
662-1	BZ006	662	1	a	a	_	_	_	_	_	linguistic	_	ContainsVariation=No	_	_	_	_	_	_
662-2	BZ006	662	2	buttarti	buttarti	_	_	_	_	_	linguistic	_	ContainsVariation=No	_	_	_	_	_	_
662-3	BZ006	662	3	senza	senza	_	_	_	_	_	linguistic	_	ContainsVariation=No	_	_	_	_	_	_
662-4	BZ006	662	4	paura	paura	_	_	_	_	_	linguistic	_	ContainsVariation=No	_	_	_	_	_	_
662-5	BZ006	662	5	di	di	_	_	_	_	_	linguistic	_	ContainsVariation=No	_	_	_	_	_	_
662-6	BZ006	662	6	sbagliare	sbagliare	_	_	_	_	_	linguistic	_	ContainsVariation=No	_	_	_	_	_	_
662-7	BZ006	662	7	perché	perché	_	_	_	_	_	linguistic	_	ContainsVariation=No	_	_	_	_	_	_
662-8	BZ006	662	8	sbagliare	sbagliare	_	_	_	_	_	linguistic	_	ContainsVariation=No	_	_	_	_	_	_
662-9	BZ006	662	9	è	è	_	_	_	_	_	linguistic	_	ContainsVariation=No	_	_	_	_	_	_
662-10	BZ006	662	10	normale,	normale	_	_	_	_	_	linguistic	_	ContainsVariation=No	Intonation=WeaklyRising	End=1798.419	_	_	_	_
663-0	BZ001	663	0	[certo].	certo	_	_	_	_	_	linguistic	_	ContainsVariation=No	Intonation=Falling	Begin=1794.299|End=1794.699	_	_	_	0-5(170)
664-0	BZ006	664	0	e	e	_	_	_	_	_	linguistic	_	ContainsVariation=No	_	Begin=1798.734	_	_	_	_
664-1	BZ006	664	1	dire	dire	_	_	_	_	_	linguistic	_	ContainsVariation=No	_	_	_	_	_	_
664-2	BZ006	664	2	quello	quello	_	_	_	_	_	linguistic	_	ContainsVariation=No	_	_	_	_	_	_
664-3	BZ006	664	3	che	che	_	_	_	_	_	linguistic	_	ContainsVariation=No	_	_	_	_	_	_
664-4	BZ006	664	4	hai	hai	_	_	_	_	_	linguistic	_	ContainsVariation=No	_	_	_	_	_	_
664-5	BZ006	664	5	in	in	_	_	_	_	_	linguistic	_	ContainsVariation=No	_	_	_	_	_	_
664-6	BZ006	664	6	[testa].	testa	_	_	_	_	_	linguistic	_	ContainsVariation=No	Intonation=Falling	End=1800.104	_	_	_	0-5(171)
665-0	BZ001	665	0	[sì	sì	_	_	_	_	_	linguistic	_	ContainsVariation=No	_	Begin=1799.914	_	_	_	0-2(171)
665-1	BZ001	665	1	è	è	_	_	_	_	_	linguistic	_	ContainsVariation=No	_	_	_	_	_	0-1(171)
665-2	BZ001	665	2	la]	la	_	_	_	_	_	linguistic	_	ContainsVariation=No	_	_	_	_	_	0-2(171)
665-3	BZ001	665	3	comunicazio[ne	comunicazione	_	_	_	_	_	linguistic	_	ContainsVariation=No	PauseAfter=Yes	_	_	_	_	11-13(172)
665-4	BZ001	665	4	(.)	(.)	_	_	_	_	_	shortpause	_	ContainsVariation=No	_	_	_	_	_	X(172)
665-5	BZ001	665	5	mh	mh	_	_	_	_	_	linguistic	_	ContainsVariation=No	ProsodicLink=Yes	_	_	_	_	0-2(172)
665-6	BZ001	665	6	mh].	mh	_	_	_	_	_	linguistic	_	ContainsVariation=No	Intonation=Falling	End=1801.37	_	_	_	0-2(172)
666-0	BZ006	666	0	[che	che	_	_	_	_	_	linguistic	_	ContainsVariation=No	_	Begin=1800.694	_	_	_	0-3(172)
666-1	BZ006	666	1	è	è	_	_	_	_	_	linguistic	_	ContainsVariation=No	_	_	_	_	_	0-1(172)
666-2	BZ006	666	2	la	la	_	_	_	_	_	linguistic	_	ContainsVariation=No	_	_	_	_	_	0-2(172)
666-3	BZ006	666	3	comunica]zione	comunicazione	_	_	_	_	_	linguistic	_	ContainsVariation=No	_	_	_	_	_	0-8(172)
666-4	BZ006	666	4	alla	alla	_	_	_	_	_	linguistic	_	ContainsVariation=No	_	_	_	_	_	_
666-5	BZ006	666	5	fine	fine	_	_	_	_	_	linguistic	_	ContainsVariation=No	_	_	_	_	_	_
666-6	BZ006	666	6	sì.	sì	_	_	_	_	_	linguistic	_	ContainsVariation=No	Intonation=Falling	_	_	_	_	_
666-7	BZ006	666	7	assolutamente.	assolutamente	_	_	_	_	_	linguistic	_	ContainsVariation=No	Intonation=Falling	End=1803.144	_	_	_	_
667-0	BZ006	667	0	eh:m::	ehm	_	_	_	_	_	linguistic	_	ContainsVariation=No	_	Begin=1803.864|End=1805.124	1x1,2x2	_	_	_
668-0	BZ006	668	0	quindi	quindi	_	_	_	_	_	linguistic	_	ContainsVariation=No	_	Begin=1805.764	_	_	_	_
668-1	BZ006	668	1	ho	ho	_	_	_	_	_	linguistic	_	ContainsVariation=No	_	_	_	_	_	_
668-2	BZ006	668	2	insomma	insomma	_	_	_	_	_	linguistic	_	ContainsVariation=No	_	_	_	_	_	_
668-3	BZ006	668	3	ho	ho	_	_	_	_	_	linguistic	_	ContainsVariation=No	_	_	_	_	_	_
668-4	BZ006	668	4	gestito	gestito	_	_	_	_	_	linguistic	_	ContainsVariation=No	_	_	_	_	_	_
668-5	BZ006	668	5	il	il	_	_	_	_	_	linguistic	_	ContainsVariation=No	_	_	_	_	_	_
668-6	BZ006	668	6	mio	mio	_	_	_	_	_	linguistic	_	ContainsVariation=No	_	_	_	_	_	_
668-7	BZ006	668	7	ruolo	ruolo	_	_	_	_	_	linguistic	_	ContainsVariation=No	_	_	_	_	_	_
668-8	BZ006	668	8	di	di	_	_	_	_	_	linguistic	_	ContainsVariation=No	_	_	_	_	_	_
668-9	BZ006	668	9	insegnante	insegnante	_	_	_	_	_	linguistic	_	ContainsVariation=No	_	_	_	_	_	_
668-10	BZ006	668	10	di	di	_	_	_	_	_	linguistic	_	ContainsVariation=No	_	_	_	_	_	_
668-11	BZ006	668	11	tedesco	tedesco	_	_	_	_	_	linguistic	_	ContainsVariation=No	_	_	_	_	_	_
668-12	BZ006	668	12	in	in	_	_	_	_	_	linguistic	_	ContainsVariation=No	_	_	_	_	_	_
668-13	BZ006	668	13	questo	questo	_	_	_	_	_	linguistic	_	ContainsVariation=No	_	_	_	_	_	_
668-14	BZ006	668	14	senso,	senso	_	_	_	_	_	linguistic	_	ContainsVariation=No	Intonation=WeaklyRising	_	_	_	_	_
668-15	BZ006	668	15	insegnando	insegnando	_	_	_	_	_	linguistic	_	ContainsVariation=No	_	_	_	_	_	_
668-16	BZ006	668	16	quindi	quindi	_	_	_	_	_	linguistic	_	ContainsVariation=No	_	_	_	_	_	_
668-17	BZ006	668	17	il	il	_	_	_	_	_	linguistic	_	ContainsVariation=No	_	_	_	_	_	_
668-18	BZ006	668	18	tedesco	tedesco	_	_	_	_	_	linguistic	_	ContainsVariation=No	_	_	_	_	_	_
668-19	BZ006	668	19	parlando	parlando	_	_	_	_	_	linguistic	_	ContainsVariation=No	_	_	_	_	_	_
668-20	BZ006	668	20	tedesco	tedesco	_	_	_	_	_	linguistic	_	ContainsVariation=No	_	_	_	_	_	_
668-21	BZ006	668	21	praticamente	praticamente	_	_	_	_	_	linguistic	_	ContainsVariation=No	_	_	_	_	_	_
668-22	BZ006	668	22	il	il	_	_	_	_	_	linguistic	_	ContainsVariation=No	_	_	_	_	_	_
668-23	BZ006	668	23	novanta	novanta	_	_	_	_	_	linguistic	_	ContainsVariation=No	_	_	_	_	_	_
668-24	BZ006	668	24	percento	percento	_	_	_	_	_	linguistic	_	ContainsVariation=No	_	_	_	_	_	_
668-25	BZ006	668	25	del	del	_	_	_	_	_	linguistic	_	ContainsVariation=No	_	_	_	_	_	_
668-26	BZ006	668	26	tempo	tempo	_	_	_	_	_	linguistic	_	ContainsVariation=No	_	_	_	_	_	_
668-27	BZ006	668	27	con	con	_	_	_	_	_	linguistic	_	ContainsVariation=No	_	_	_	_	_	_
668-28	BZ006	668	28	i	i	_	_	_	_	_	linguistic	_	ContainsVariation=No	_	_	_	_	_	_
668-29	BZ006	668	29	ragazzi,	ragazzi	_	_	_	_	_	linguistic	_	ContainsVariation=No	Intonation=WeaklyRising|PauseAfter=Yes	_	_	_	_	_
668-30	BZ006	668	30	(.)	(.)	_	_	_	_	_	shortpause	_	ContainsVariation=No	_	_	_	_	_	_
668-31	BZ006	668	31	ma	ma	_	_	_	_	_	linguistic	_	ContainsVariation=No	_	_	_	_	_	_
668-32	BZ006	668	32	la	la	_	_	_	_	_	linguistic	_	ContainsVariation=No	_	_	_	_	_	_
668-33	BZ006	668	33	vorando	vorando	_	_	_	_	_	linguistic	_	ContainsVariation=No	_	_	_	_	_	_
668-34	BZ006	668	34	molto	molto	_	_	_	_	_	linguistic	_	ContainsVariation=No	_	_	_	_	_	_
668-35	BZ006	668	35	anche	anche	_	_	_	_	_	linguistic	_	ContainsVariation=No	_	_	_	_	_	_
668-36	BZ006	668	36	su,	su	_	_	_	_	_	linguistic	_	ContainsVariation=No	Intonation=WeaklyRising	End=1816.234	_	_	_	_
669-0	BZ006	669	0	questo	questo	_	_	_	_	_	linguistic	_	ContainsVariation=No	PauseAfter=Yes	Begin=1816.724	_	_	_	_
669-1	BZ006	669	1	(.)	(.)	_	_	_	_	_	shortpause	_	ContainsVariation=No	_	_	_	_	_	_
669-2	BZ006	669	2	piano	piano	_	_	_	_	_	linguistic	_	ContainsVariation=No	_	_	_	_	_	_
669-3	BZ006	669	3	qui	qui	_	_	_	_	_	linguistic	_	ContainsVariation=No	_	_	_	_	_	_
669-4	BZ006	669	4	no?	no	_	_	_	_	_	linguistic	_	ContainsVariation=No	Intonation=Rising	_	_	_	_	_
669-5	BZ006	669	5	che	che	_	_	_	_	_	linguistic	_	ContainsVariation=No	_	_	_	_	_	_
669-6	BZ006	669	6	come	come	_	_	_	_	_	linguistic	_	ContainsVariation=No	_	_	_	_	_	_
669-7	BZ006	669	7	madrelingua	madrelingua	_	_	_	_	_	linguistic	_	ContainsVariation=No	_	_	_	_	_	_
669-8	BZ006	669	8	non	non	_	_	_	_	_	linguistic	_	ContainsVariation=No	_	_	_	_	_	_
669-9	BZ006	669	9	ti	ti	_	_	_	_	_	linguistic	_	ContainsVariation=No	_	_	_	_	_	_
669-10	BZ006	669	10	viene.	viene	_	_	_	_	_	linguistic	_	ContainsVariation=No	Intonation=Falling	End=1819.564	_	_	_	_
670-0	BZ001	670	0	mh	mh	_	_	_	_	_	linguistic	_	ContainsVariation=No	ProsodicLink=Yes	Begin=1819.719	_	_	_	_
670-1	BZ001	670	1	mh.	mh	_	_	_	_	_	linguistic	_	ContainsVariation=No	Intonation=Falling	End=1820.059	_	_	_	_
671-0	BZ006	671	0	perché	perché	_	_	_	_	_	linguistic	_	ContainsVariation=No	_	Begin=1820.154	_	_	_	_
671-1	BZ006	671	1	se	se	_	_	_	_	_	linguistic	_	ContainsVariation=No	_	_	_	_	_	_
671-2	BZ006	671	2	io	io	_	_	_	_	_	linguistic	_	ContainsVariation=No	_	_	_	_	_	_
671-3	BZ006	671	3	dovessi	dovessi	_	_	_	_	_	linguistic	_	ContainsVariation=No	_	_	_	_	_	_
671-4	BZ006	671	4	insegnare	insegnare	_	_	_	_	_	linguistic	_	ContainsVariation=No	_	_	_	_	_	_
671-5	BZ006	671	5	italiano	italiano	_	_	_	_	_	linguistic	_	ContainsVariation=No	_	_	_	_	_	_
671-6	BZ006	671	6	agli	agli	_	_	_	_	_	linguistic	_	ContainsVariation=No	_	_	_	_	_	_
671-7	BZ006	671	7	italiani,	italiani	_	_	_	_	_	linguistic	_	ContainsVariation=No	Intonation=WeaklyRising	End=1821.994	_	_	_	_
672-0	BZ006	672	0	o	o	_	_	_	_	_	linguistic	_	ContainsVariation=No	_	Begin=1822.739	_	_	_	_
672-1	BZ006	672	1	italiano	italiano	_	_	_	_	_	linguistic	_	ContainsVariation=No	_	_	_	_	_	_
672-2	BZ006	672	2	ai	ai	_	_	_	_	_	linguistic	_	ContainsVariation=No	_	_	_	_	_	_
672-3	BZ006	672	3	tedeschi,	tedeschi	_	_	_	_	_	linguistic	_	ContainsVariation=No	Intonation=WeaklyRising	End=1823.729	_	_	_	_
673-0	BZ006	673	0	obiettiva-	obiettiva-	_	_	_	_	_	linguistic	_	ContainsVariation=No	Interrupted=Yes	Begin=1824.899	_	_	_	_
673-1	BZ006	673	1	eh	eh	_	_	_	_	_	linguistic	_	ContainsVariation=No	_	_	_	_	_	_
673-2	BZ006	673	2	onestamente	onestamente	_	_	_	_	_	linguistic	_	ContainsVariation=No	_	_	_	_	_	_
673-3	BZ006	673	3	non	non	_	_	_	_	_	linguistic	_	ContainsVariation=No	_	_	_	_	_	_
673-4	BZ006	673	4	mi	mi	_	_	_	_	_	linguistic	_	ContainsVariation=No	_	_	_	_	_	_
673-5	BZ006	673	5	viene	viene	_	_	_	_	_	linguistic	_	ContainsVariation=No	_	_	_	_	_	_
673-6	BZ006	673	6	spontaneo	spontaneo	_	_	_	_	_	linguistic	_	ContainsVariation=No	_	_	_	_	_	_
673-7	BZ006	673	7	di	di	_	_	_	_	_	linguistic	_	ContainsVariation=No	_	_	_	_	_	_
673-8	BZ006	673	8	fare	fare	_	_	_	_	_	linguistic	_	ContainsVariation=No	_	_	_	_	_	_
673-9	BZ006	673	9	questo	questo	_	_	_	_	_	linguistic	_	ContainsVariation=No	_	_	_	_	_	_
673-10	BZ006	673	10	tipo	tipo	_	_	_	_	_	linguistic	_	ContainsVariation=No	_	_	_	_	_	_
673-11	BZ006	673	11	di	di	_	_	_	_	_	linguistic	_	ContainsVariation=No	_	_	_	_	_	_
673-12	BZ006	673	12	ragionamento,	ragionamento	_	_	_	_	_	linguistic	_	ContainsVariation=No	Intonation=WeaklyRising	_	_	_	_	_
673-13	BZ006	673	13	mi	mi	_	_	_	_	_	linguistic	_	ContainsVariation=No	_	_	_	_	_	_
673-14	BZ006	673	14	viene	viene	_	_	_	_	_	linguistic	_	ContainsVariation=No	_	_	_	_	_	_
673-15	BZ006	673	15	da,	da	_	_	_	_	_	linguistic	_	ContainsVariation=No	Intonation=WeaklyRising	_	_	_	_	_
673-16	BZ006	673	16	dovete	dovete	_	_	_	_	_	linguistic	_	ContainsVariation=No	_	_	_	_	_	_
673-17	BZ006	673	17	imparare	imparare	_	_	_	_	_	linguistic	_	ContainsVariation=No	_	_	_	_	_	_
673-18	BZ006	673	18	l'	l'	_	_	_	_	_	linguistic	_	ContainsVariation=No	SpaceAfter=No	_	_	_	_	_
673-19	BZ006	673	19	italiano.	italiano	_	_	_	_	_	linguistic	_	ContainsVariation=No	Intonation=Falling	End=1830.129	_	_	_	_
674-0	BZ006	674	0	[perché	perché	_	_	_	_	_	linguistic	_	ContainsVariation=No	_	Begin=1830.734	_	_	_	0-6(173)
674-1	BZ006	674	1	è	è	_	_	_	_	_	linguistic	_	ContainsVariation=No	_	_	_	_	_	0-1(173)
674-2	BZ006	674	2	la]	la	_	_	_	_	_	linguistic	_	ContainsVariation=No	_	_	_	_	_	0-2(173)
674-3	BZ006	674	3	vostra	vostra	_	_	_	_	_	linguistic	_	ContainsVariation=No	_	_	_	_	_	_
674-4	BZ006	674	4	lingua	lingua	_	_	_	_	_	linguistic	_	ContainsVariation=No	_	_	_	_	_	_
674-5	BZ006	674	5	o	o	_	_	_	_	_	linguistic	_	ContainsVariation=No	_	_	_	_	_	_
674-6	BZ006	674	6	perché	perché	_	_	_	_	_	linguistic	_	ContainsVariation=No	_	_	_	_	_	_
674-7	BZ006	674	7	è	è	_	_	_	_	_	linguistic	_	ContainsVariation=No	_	_	_	_	_	_
674-8	BZ006	674	8	la	la	_	_	_	_	_	linguistic	_	ContainsVariation=No	_	_	_	_	_	_
674-9	BZ006	674	9	lingua	lingua	_	_	_	_	_	linguistic	_	ContainsVariation=No	_	_	_	_	_	_
674-10	BZ006	674	10	che	che	_	_	_	_	_	linguistic	_	ContainsVariation=No	_	_	_	_	_	_
674-11	BZ006	674	11	non	non	_	_	_	_	_	linguistic	_	ContainsVariation=No	_	_	_	_	_	_
674-12	BZ006	674	12	sapete.	sapete	_	_	_	_	_	linguistic	_	ContainsVariation=No	Intonation=Falling	End=1832.904	_	_	_	_
675-0	BZ001	675	0	[quindi],	quindi	_	_	_	_	_	linguistic	_	ContainsVariation=No	Intonation=WeaklyRising	Begin=1830.749|End=1831.249	_	_	_	0-6(173)
676-0	BZ001	676	0	quindi	quindi	_	_	_	_	_	linguistic	_	ContainsVariation=No	_	Begin=1833.084	_	_	_	_
676-1	BZ001	676	1	è	è	_	_	_	_	_	linguistic	_	ContainsVariation=No	_	_	_	_	_	_
676-2	BZ001	676	2	cambiato	cambiato	_	_	_	_	_	linguistic	_	ContainsVariation=No	_	_	_	_	_	_
676-3	BZ001	676	3	anche	anche	_	_	_	_	_	linguistic	_	ContainsVariation=No	_	_	_	_	_	_
676-4	BZ001	676	4	il	il	_	_	_	_	_	linguistic	_	ContainsVariation=No	_	_	_	_	_	_
676-5	BZ001	676	5	tuo	tuo	_	_	_	_	_	linguistic	_	ContainsVariation=No	_	_	_	_	_	_
676-6	BZ001	676	6	rapporto	rapporto	_	_	_	_	_	linguistic	_	ContainsVariation=No	_	_	_	_	_	_
676-7	BZ001	676	7	[col	col	_	_	_	_	_	linguistic	_	ContainsVariation=No	_	_	_	_	_	0-3(174)
676-8	BZ001	676	8	tedesco]?	tedesco	_	_	_	_	_	linguistic	_	ContainsVariation=No	Intonation=Rising	End=1835.234	_	_	_	0-7(174)
677-0	BZ006	677	0	[è	è	_	_	_	_	_	linguistic	_	ContainsVariation=No	_	Begin=1834.784	_	_	_	0-1(174)
677-1	BZ006	677	1	cambiato]	cambiato	_	_	_	_	_	linguistic	_	ContainsVariation=No	_	_	_	_	_	0-8(174)
677-2	BZ006	677	2	il	il	_	_	_	_	_	linguistic	_	ContainsVariation=No	_	_	_	_	_	_
677-3	BZ006	677	3	mio	mio	_	_	_	_	_	linguistic	_	ContainsVariation=No	_	_	_	_	_	_
677-4	BZ006	677	4	rapporto	rapporto	_	_	_	_	_	linguistic	_	ContainsVariation=No	_	_	_	_	_	_
677-5	BZ006	677	5	con	con	_	_	_	_	_	linguistic	_	ContainsVariation=No	_	_	_	_	_	_
677-6	BZ006	677	6	le	le	_	_	_	_	_	linguistic	_	ContainsVariation=No	_	_	_	_	_	_
677-7	BZ006	677	7	lingue.	lingue	_	_	_	_	_	linguistic	_	ContainsVariation=No	Intonation=Falling	End=1836.454	_	_	_	_
678-0	BZ001	678	0	con	con	_	_	_	_	_	linguistic	_	ContainsVariation=No	_	Begin=1836.784	_	_	_	_
678-1	BZ001	678	1	le	le	_	_	_	_	_	linguistic	_	ContainsVariation=No	_	_	_	_	_	_
678-2	BZ001	678	2	lingue	lingue	_	_	_	_	_	linguistic	_	ContainsVariation=No	_	_	_	_	_	_
678-3	BZ001	678	3	in	in	_	_	_	_	_	linguistic	_	ContainsVariation=No	_	_	_	_	_	_
678-4	BZ001	678	4	generale	generale	_	_	_	_	_	linguistic	_	ContainsVariation=No	_	End=1837.674	_	_	_	_
679-0	BZ006	679	0	con	con	_	_	_	_	_	linguistic	_	ContainsVariation=No	_	Begin=1837.544	_	_	_	_
679-1	BZ006	679	1	le	le	_	_	_	_	_	linguistic	_	ContainsVariation=No	_	_	_	_	_	_
679-2	BZ006	679	2	lingue	lingue	_	_	_	_	_	linguistic	_	ContainsVariation=No	_	_	_	_	_	_
679-3	BZ006	679	3	in	in	_	_	_	_	_	linguistic	_	ContainsVariation=No	_	_	_	_	_	_
679-4	BZ006	679	4	[generale],	generale	_	_	_	_	_	linguistic	_	ContainsVariation=No	Intonation=WeaklyRising	_	_	_	_	0-8(?)
679-5	BZ006	679	5	perché	perché	_	_	_	_	_	linguistic	_	ContainsVariation=No	_	_	_	_	_	_
679-6	BZ006	679	6	ho	ho	_	_	_	_	_	linguistic	_	ContainsVariation=No	_	_	_	_	_	_
679-7	BZ006	679	7	proprio	proprio	_	_	_	_	_	linguistic	_	ContainsVariation=No	_	_	_	_	_	_
679-8	BZ006	679	8	cap-	cap-	_	_	_	_	_	linguistic	_	ContainsVariation=No	Interrupted=Yes	_	_	_	_	_
679-9	BZ006	679	9	quelle	quelle	_	_	_	_	_	linguistic	_	ContainsVariation=No	_	_	_	_	_	_
679-10	BZ006	679	10	cose	cose	_	_	_	_	_	linguistic	_	ContainsVariation=No	_	_	_	_	_	_
679-11	BZ006	679	11	che	che	_	_	_	_	_	linguistic	_	ContainsVariation=No	_	_	_	_	_	_
679-12	BZ006	679	12	ti	ti	_	_	_	_	_	linguistic	_	ContainsVariation=No	_	_	_	_	_	_
679-13	BZ006	679	13	sto	sto	_	_	_	_	_	linguistic	_	ContainsVariation=No	_	_	_	_	_	_
679-14	BZ006	679	14	dicendo	dicendo	_	_	_	_	_	linguistic	_	ContainsVariation=No	_	_	_	_	_	_
679-15	BZ006	679	15	[adesso]	adesso	_	_	_	_	_	linguistic	_	ContainsVariation=No	_	_	_	_	_	0-6(?)
679-16	BZ006	679	16	non	non	_	_	_	_	_	linguistic	_	ContainsVariation=No	_	_	_	_	_	_
679-17	BZ006	679	17	c'	c'	_	_	_	_	_	linguistic	_	ContainsVariation=No	SpaceAfter=No	_	_	_	_	_
679-18	BZ006	679	18	erano	erano	_	_	_	_	_	linguistic	_	ContainsVariation=No	_	_	_	_	_	_
679-19	BZ006	679	19	prima	prima	_	_	_	_	_	linguistic	_	ContainsVariation=No	_	_	_	_	_	_
679-20	BZ006	679	20	come	come	_	_	_	_	_	linguistic	_	ContainsVariation=No	_	_	_	_	_	_
679-21	BZ006	679	21	[consapevolezza]	consapevolezza	_	_	_	_	_	linguistic	_	ContainsVariation=No	_	_	_	_	_	0-14(?)
679-22	BZ006	679	22	so	so	_	_	_	_	_	linguistic	_	ContainsVariation=No	_	_	_	_	_	_
679-23	BZ006	679	23	arrivate	arrivate	_	_	_	_	_	linguistic	_	ContainsVariation=No	_	_	_	_	_	_
679-24	BZ006	679	24	ora.	ora	_	_	_	_	_	linguistic	_	ContainsVariation=No	Intonation=Falling	End=1843.074	_	_	_	_
680-0	BZ001	680	0	[okay].	okay	_	_	_	_	_	linguistic	_	ContainsVariation=No	Intonation=Falling	Begin=1838.064|End=1838.494	_	_	_	0-4(175)
681-0	BZ001	681	0	[mh	mh	_	_	_	_	_	linguistic	_	ContainsVariation=No	ProsodicLink=Yes	Begin=1840.654	_	_	_	0-2(176)
681-1	BZ001	681	1	mh],	mh	_	_	_	_	_	linguistic	_	ContainsVariation=No	Intonation=WeaklyRising	End=1841.024	_	_	_	0-2(176)
682-0	BZ001	682	0	[okay].	okay	_	_	_	_	_	linguistic	_	ContainsVariation=No	Intonation=Falling	Begin=1841.844|End=1842.234	_	_	_	0-4(177)
683-0	BZ006	683	0	con	con	_	_	_	_	_	linguistic	_	ContainsVariation=No	PauseAfter=Yes	Begin=1843.324	_	_	_	_
683-1	BZ006	683	1	(.)	(.)	_	_	_	_	_	shortpause	_	ContainsVariation=No	_	_	_	_	_	_
683-2	BZ006	683	2	cioè	cioè	_	_	_	_	_	linguistic	_	ContainsVariation=No	_	_	_	_	_	_
683-3	BZ006	683	3	con	con	_	_	_	_	_	linguistic	_	ContainsVariation=No	_	_	_	_	_	_
683-4	BZ006	683	4	questo	questo	_	_	_	_	_	linguistic	_	ContainsVariation=No	_	_	_	_	_	_
683-5	BZ006	683	5	lavoro.	lavoro	_	_	_	_	_	linguistic	_	ContainsVariation=No	Intonation=Falling	End=1844.484	_	_	_	_
684-0	BZ001	684	0	okay.	okay	_	_	_	_	_	linguistic	_	ContainsVariation=No	Intonation=Falling	Begin=1844.629|End=1844.969	_	_	_	_
685-0	BZ006	685	0	sono	sono	_	_	_	_	_	linguistic	_	ContainsVariation=No	_	Begin=1844.924	_	_	_	_
685-1	BZ006	685	1	arriva-	arriva-	_	_	_	_	_	linguistic	_	ContainsVariation=No	Interrupted=Yes	_	_	_	_	_
685-2	BZ006	685	2	le	le	_	_	_	_	_	linguistic	_	ContainsVariation=No	_	_	_	_	_	_
685-3	BZ006	685	3	ho	ho	_	_	_	_	_	linguistic	_	ContainsVariation=No	_	_	_	_	_	_
685-4	BZ006	685	4	maturate	maturate	_	_	_	_	_	linguistic	_	ContainsVariation=No	_	_	_	_	_	_
685-5	BZ006	685	5	anch'	anch'	_	_	_	_	_	linguistic	_	ContainsVariation=No	SpaceAfter=No	_	_	_	_	_
685-6	BZ006	685	6	io	io	_	_	_	_	_	linguistic	_	ContainsVariation=No	_	_	_	_	_	_
685-7	BZ006	685	7	[in	in	_	_	_	_	_	linguistic	_	ContainsVariation=No	_	_	_	_	_	0-2(180)
685-8	BZ006	685	8	questo]	questo	_	_	_	_	_	linguistic	_	ContainsVariation=No	_	_	_	_	_	0-6(180)
685-9	BZ006	685	9	senso	senso	_	_	_	_	_	linguistic	_	ContainsVariation=No	_	_	_	_	_	_
685-10	BZ006	685	10	no?	no	_	_	_	_	_	linguistic	_	ContainsVariation=No	Intonation=Rising	End=1847.234	_	_	_	_
686-0	BZ001	686	0	[mh	mh	_	_	_	_	_	linguistic	_	ContainsVariation=No	ProsodicLink=Yes	Begin=1846.364	_	_	_	0-2(180)
686-1	BZ001	686	1	mh],	mh	_	_	_	_	_	linguistic	_	ContainsVariation=No	Intonation=WeaklyRising	End=1846.804	_	_	_	0-2(180)
687-0	BZ006	687	0	cioè	cioè	_	_	_	_	_	linguistic	_	ContainsVariation=No	_	Begin=1847.729	_	_	_	_
687-1	BZ006	687	1	il	il	_	_	_	_	_	linguistic	_	ContainsVariation=No	_	_	_	_	_	_
687-2	BZ006	687	2	vivere	vivere	_	_	_	_	_	linguistic	_	ContainsVariation=No	_	_	_	_	_	_
687-3	BZ006	687	3	le	le	_	_	_	_	_	linguistic	_	ContainsVariation=No	_	_	_	_	_	_
687-4	BZ006	687	4	lingue	lingue	_	_	_	_	_	linguistic	_	ContainsVariation=No	_	_	_	_	_	_
687-5	BZ006	687	5	come	come	_	_	_	_	_	linguistic	_	ContainsVariation=No	_	_	_	_	_	_
687-6	BZ006	687	6	un:	un	_	_	_	_	_	linguistic	_	ContainsVariation=No	_	_	1x1	_	_	_
687-7	BZ006	687	7	un'	un'	_	_	_	_	_	linguistic	_	ContainsVariation=No	SpaceAfter=No	_	_	_	_	_
687-8	BZ006	687	8	esperienza.	esperienza	_	_	_	_	_	linguistic	_	ContainsVariation=No	Intonation=Falling	End=1851.079	_	_	_	_
688-0	BZ006	688	0	tant'	tant'	_	_	_	_	_	linguistic	_	ContainsVariation=No	SpaceAfter=No	Begin=1851.929	_	_	_	_
688-1	BZ006	688	1	è	è	_	_	_	_	_	linguistic	_	ContainsVariation=No	_	_	_	_	_	_
688-2	BZ006	688	2	che	che	_	_	_	_	_	linguistic	_	ContainsVariation=No	_	_	_	_	_	_
688-3	BZ006	688	3	ringrazio	ringrazio	_	_	_	_	_	linguistic	_	ContainsVariation=No	_	_	_	_	_	_
688-4	BZ006	688	4	di	di	_	_	_	_	_	linguistic	_	ContainsVariation=No	_	_	_	_	_	_
688-5	BZ006	688	5	non	non	_	_	_	_	_	linguistic	_	ContainsVariation=No	_	_	_	_	_	_
688-6	BZ006	688	6	aver	aver	_	_	_	_	_	linguistic	_	ContainsVariation=No	_	_	_	_	_	_
688-7	BZ006	688	7	fatto	fatto	_	_	_	_	_	linguistic	_	ContainsVariation=No	_	_	_	_	_	_
688-8	BZ006	688	8	in	in	_	_	_	_	_	linguistic	_	ContainsVariation=No	_	_	_	_	_	_
688-9	BZ006	688	9	realtà	realtà	_	_	_	_	_	linguistic	_	ContainsVariation=No	_	_	_	_	_	_
688-10	BZ006	688	10	l'	l'	_	_	_	_	_	linguistic	_	ContainsVariation=No	SpaceAfter=No	_	_	_	_	_
688-11	BZ006	688	11	università	università	_	_	_	_	_	linguistic	_	ContainsVariation=No	_	_	_	_	_	_
688-12	BZ006	688	12	di	di	_	_	_	_	_	linguistic	_	ContainsVariation=No	PauseAfter=Yes	_	_	_	_	_
688-13	BZ006	688	13	(.)	(.)	_	_	_	_	_	shortpause	_	ContainsVariation=No	_	_	_	_	_	_
688-14	BZ006	688	14	lingue	lingue	_	_	_	_	_	linguistic	_	ContainsVariation=No	_	_	_	_	_	_
688-15	BZ006	688	15	perché	perché	_	_	_	_	_	linguistic	_	ContainsVariation=No	_	_	_	_	_	_
688-16	BZ006	688	16	probabilmente,	probabilmente	_	_	_	_	_	linguistic	_	ContainsVariation=No	Intonation=WeaklyRising	_	_	_	_	_
688-17	BZ006	688	17	come	come	_	_	_	_	_	linguistic	_	ContainsVariation=No	_	_	_	_	_	_
688-18	BZ006	688	18	succede	succede	_	_	_	_	_	linguistic	_	ContainsVariation=No	_	_	_	_	_	_
688-19	BZ006	688	19	adesso	adesso	_	_	_	_	_	linguistic	_	ContainsVariation=No	_	_	_	_	_	_
688-20	BZ006	688	20	a	a	_	_	_	_	_	linguistic	_	ContainsVariation=No	_	_	_	_	_	_
688-21	BZ006	688	21	me	me	_	_	_	_	_	linguistic	_	ContainsVariation=No	_	_	_	_	_	_
688-22	BZ006	688	22	con	con	_	_	_	_	_	linguistic	_	ContainsVariation=No	_	_	_	_	_	_
688-23	BZ006	688	23	la	la	_	_	_	_	_	linguistic	_	ContainsVariation=No	_	_	_	_	_	_
688-24	BZ006	688	24	letteratura,	letteratura	_	_	_	_	_	linguistic	_	ContainsVariation=No	Intonation=WeaklyRising	End=1858.649	_	_	_	_
689-0	BZ006	689	0	ci	ci	_	_	_	_	_	linguistic	_	ContainsVariation=No	_	Begin=1858.904	_	_	_	_
689-1	BZ006	689	1	finisci	finisci	_	_	_	_	_	linguistic	_	ContainsVariation=No	_	_	_	_	_	_
689-2	BZ006	689	2	in	in	_	_	_	_	_	linguistic	_	ContainsVariation=No	_	_	_	_	_	_
689-3	BZ006	689	3	un	un	_	_	_	_	_	linguistic	_	ContainsVariation=No	_	_	_	_	_	_
689-4	BZ006	689	4	rapporto	rapporto	_	_	_	_	_	linguistic	_	ContainsVariation=No	_	_	_	_	_	_
689-5	BZ006	689	5	di	di	_	_	_	_	_	linguistic	_	ContainsVariation=No	_	_	_	_	_	_
689-6	BZ006	689	6	amore	amore	_	_	_	_	_	linguistic	_	ContainsVariation=No	_	_	_	_	_	_
689-7	BZ006	689	7	e	e	_	_	_	_	_	linguistic	_	ContainsVariation=No	_	_	_	_	_	_
689-8	BZ006	689	8	odio.	odio	_	_	_	_	_	linguistic	_	ContainsVariation=No	Intonation=Falling	End=1860.714	_	_	_	_
690-0	BZ006	690	0	per	per	_	_	_	_	_	linguistic	_	ContainsVariation=No	_	Begin=1860.944	_	_	_	_
690-1	BZ006	690	1	cui	cui	_	_	_	_	_	linguistic	_	ContainsVariation=No	_	_	_	_	_	_
690-2	BZ006	690	2	cominci	cominci	_	_	_	_	_	linguistic	_	ContainsVariation=No	_	_	_	_	_	_
690-3	BZ006	690	3	a	a	_	_	_	_	_	linguistic	_	ContainsVariation=No	_	_	_	_	_	_
690-4	BZ006	690	4	vi[verle	viverle	_	_	_	_	_	linguistic	_	ContainsVariation=No	_	_	_	_	_	2-7(181)
690-5	BZ006	690	5	anche	anche	_	_	_	_	_	linguistic	_	ContainsVariation=No	_	_	_	_	_	0-5(181)
690-6	BZ006	690	6	con	con	_	_	_	_	_	linguistic	_	ContainsVariation=No	_	_	_	_	_	0-3(181)
690-7	BZ006	690	7	stress,	stress	_	_	_	_	_	linguistic	_	ContainsVariation=No	Intonation=WeaklyRising|PauseAfter=Yes	_	_	_	_	0-6(181)
690-8	BZ006	690	8	(.)	(.)	_	_	_	_	_	shortpause	_	ContainsVariation=No	_	_	_	_	_	X(181)
690-9	BZ006	690	9	di	di	_	_	_	_	_	linguistic	_	ContainsVariation=No	_	_	_	_	_	0-2(181)
690-10	BZ006	690	10	non	non	_	_	_	_	_	linguistic	_	ContainsVariation=No	_	_	_	_	_	0-3(181)
690-11	BZ006	690	11	averla	averla	_	_	_	_	_	linguistic	_	ContainsVariation=No	_	_	_	_	_	0-6(181)
690-12	BZ006	690	12	fatta],	fatta	_	_	_	_	_	linguistic	_	ContainsVariation=No	Intonation=WeaklyRising	_	_	_	_	0-5(181)
690-13	BZ006	690	13	perché	perché	_	_	_	_	_	linguistic	_	ContainsVariation=No	_	_	_	_	_	_
690-14	BZ006	690	14	probabilmente	probabilmente	_	_	_	_	_	linguistic	_	ContainsVariation=No	_	_	_	_	_	_
690-15	BZ006	690	15	finito	finito	_	_	_	_	_	linguistic	_	ContainsVariation=No	_	_	_	_	_	_
690-16	BZ006	690	16	per	per	_	_	_	_	_	linguistic	_	ContainsVariation=No	_	_	_	_	_	_
690-17	BZ006	690	17	odiare	odiare	_	_	_	_	_	linguistic	_	ContainsVariation=No	_	_	_	_	_	_
690-18	BZ006	690	18	le	le	_	_	_	_	_	linguistic	_	ContainsVariation=No	_	_	_	_	_	_
690-19	BZ006	690	19	lingue,	lingue	_	_	_	_	_	linguistic	_	ContainsVariation=No	Intonation=WeaklyRising	End=1865.86	_	_	_	_
691-0	BZ001	691	0	[ah	ah	_	_	_	_	_	linguistic	_	ContainsVariation=No	_	Begin=1861.737	_	_	_	0-2(181)
691-1	BZ001	691	1	ringrazi	ringrazi	_	_	_	_	_	linguistic	_	ContainsVariation=No	_	_	_	_	_	0-8(181)
691-2	BZ001	691	2	di	di	_	_	_	_	_	linguistic	_	ContainsVariation=No	_	_	_	_	_	0-2(181)
691-3	BZ001	691	3	no-	no-	_	_	_	_	_	linguistic	_	ContainsVariation=No	Interrupted=Yes	_	_	_	_	0-3(181)
691-4	BZ001	691	4	di	di	_	_	_	_	_	linguistic	_	ContainsVariation=No	_	_	_	_	_	0-2(181)
691-5	BZ001	691	5	non	non	_	_	_	_	_	linguistic	_	ContainsVariation=No	_	_	_	_	_	0-3(181)
691-6	BZ001	691	6	averla	averla	_	_	_	_	_	linguistic	_	ContainsVariation=No	_	_	_	_	_	0-6(181)
691-7	BZ001	691	7	fatta	fatta	_	_	_	_	_	linguistic	_	ContainsVariation=No	_	_	_	_	_	0-5(181)
691-8	BZ001	691	8	ah	ah	_	_	_	_	_	linguistic	_	ContainsVariation=No	_	_	_	_	_	0-2(181)
691-9	BZ001	691	9	okay	okay	_	_	_	_	_	linguistic	_	ContainsVariation=No	_	_	_	_	_	0-4(181)
691-10	BZ001	691	10	okay].	okay	_	_	_	_	_	linguistic	_	ContainsVariation=No	Intonation=Falling	End=1864.237	_	_	_	0-4(181)
692-0	BZ001	692	0	mh.	mh	_	_	_	_	_	linguistic	_	ContainsVariation=No	Intonation=Falling	Begin=1865.842|End=1866.072	_	_	_	_
693-0	BZ006	693	0	e	e	_	_	_	_	_	linguistic	_	ContainsVariation=No	_	Begin=1866.202	_	_	_	_
693-1	BZ006	693	1	magari	magari	_	_	_	_	_	linguistic	_	ContainsVariation=No	_	_	_	_	_	_
693-2	BZ006	693	2	avrei	avrei	_	_	_	_	_	linguistic	_	ContainsVariation=No	_	_	_	_	_	_
693-3	BZ006	693	3	anche	anche	_	_	_	_	_	linguistic	_	ContainsVariation=No	_	_	_	_	_	_
693-4	BZ006	693	4	perso	perso	_	_	_	_	_	linguistic	_	ContainsVariation=No	_	_	_	_	_	_
693-5	BZ006	693	5	totalmente	totalmente	_	_	_	_	_	linguistic	_	ContainsVariation=No	_	_	_	_	_	_
693-6	BZ006	693	6	di	di	_	_	_	_	_	linguistic	_	ContainsVariation=No	_	_	_	_	_	_
693-7	BZ006	693	7	vista	vista	_	_	_	_	_	linguistic	_	ContainsVariation=No	_	_	_	_	_	_
693-8	BZ006	693	8	il	il	_	_	_	_	_	linguistic	_	ContainsVariation=No	_	_	_	_	_	_
693-9	BZ006	693	9	fatto	fatto	_	_	_	_	_	linguistic	_	ContainsVariation=No	_	_	_	_	_	_
693-10	BZ006	693	10	che	che	_	_	_	_	_	linguistic	_	ContainsVariation=No	_	_	_	_	_	_
693-11	BZ006	693	11	una	una	_	_	_	_	_	linguistic	_	ContainsVariation=No	_	_	_	_	_	_
693-12	BZ006	693	12	lingua,	lingua	_	_	_	_	_	linguistic	_	ContainsVariation=No	Intonation=WeaklyRising	End=1869.662	_	_	_	_
694-0	BZ006	694	0	la	la	_	_	_	_	_	linguistic	_	ContainsVariation=No	_	Begin=1869.997	_	_	_	_
694-1	BZ006	694	1	studi	studi	_	_	_	_	_	linguistic	_	ContainsVariation=No	_	_	_	_	_	_
694-2	BZ006	694	2	per	per	_	_	_	_	_	linguistic	_	ContainsVariation=No	_	_	_	_	_	_
694-3	BZ006	694	3	usarla,	usarla	_	_	_	_	_	linguistic	_	ContainsVariation=No	Intonation=WeaklyRising	End=1871.117	_	_	_	_
695-0	BZ006	695	0	quindi	quindi	_	_	_	_	_	linguistic	_	ContainsVariation=No	_	Begin=1871.462	_	_	_	_
695-1	BZ006	695	1	il	il	_	_	_	_	_	linguistic	_	ContainsVariation=No	_	_	_	_	_	_
695-2	BZ006	695	2	fatto	fatto	_	_	_	_	_	linguistic	_	ContainsVariation=No	_	_	_	_	_	_
695-3	BZ006	695	3	di	di	_	_	_	_	_	linguistic	_	ContainsVariation=No	_	_	_	_	_	_
695-4	BZ006	695	4	uscire	uscire	_	_	_	_	_	linguistic	_	ContainsVariation=No	_	_	_	_	_	_
695-5	BZ006	695	5	a	a	_	_	_	_	_	linguistic	_	ContainsVariation=No	_	_	_	_	_	_
695-6	BZ006	695	6	usarla.	usarla	_	_	_	_	_	linguistic	_	ContainsVariation=No	Intonation=Falling	End=1872.972	_	_	_	_
696-0	BZ001	696	0	be'	be'	_	_	_	_	_	linguistic	_	ContainsVariation=No	Truncated=Yes	Begin=1873.432	_	_	_	_
696-1	BZ001	696	1	in	in	_	_	_	_	_	linguistic	_	ContainsVariation=No	_	_	_	_	_	_
696-2	BZ001	696	2	questo	questo	_	_	_	_	_	linguistic	_	ContainsVariation=No	_	_	_	_	_	_
696-3	BZ001	696	3	[l'	l'	_	_	_	_	_	linguistic	_	ContainsVariation=No	SpaceAfter=No	_	_	_	_	0-2(?)
696-4	BZ001	696	4	esperienza]	esperienza	_	_	_	_	_	linguistic	_	ContainsVariation=No	_	_	_	_	_	0-10(?)
696-5	BZ001	696	5	in	in	_	_	_	_	_	linguistic	_	ContainsVariation=No	_	_	_	_	_	_
696-6	BZ001	696	6	sudamerica	sudamerica	_	_	_	_	_	linguistic	_	ContainsVariation=No	_	_	_	_	_	_
696-7	BZ001	696	7	invece,	invece	_	_	_	_	_	linguistic	_	ContainsVariation=No	Intonation=WeaklyRising	End=1875.63	_	_	_	_
697-0	BZ006	697	0	[adesso],	adesso	_	_	_	_	_	linguistic	_	ContainsVariation=No	Intonation=WeaklyRising	Begin=1873.902|End=1874.602	_	_	_	0-6(183)
698-0	BZ006	698	0	è	è	_	_	_	_	_	linguistic	_	ContainsVariation=No	_	Begin=1875.522	_	_	_	_
698-1	BZ006	698	1	stata	stata	_	_	_	_	_	linguistic	_	ContainsVariation=No	_	_	_	_	_	_
698-2	BZ006	698	2	fondamentale	fondamentale	_	_	_	_	_	linguistic	_	ContainsVariation=No	_	_	_	_	_	_
698-3	BZ006	698	3	ovviamente	ovviamente	_	_	_	_	_	linguistic	_	ContainsVariation=No	_	_	_	_	_	_
698-4	BZ006	698	4	perché	perché	_	_	_	_	_	linguistic	_	ContainsVariation=No	_	_	_	_	_	_
698-5	BZ006	698	5	adesso	adesso	_	_	_	_	_	linguistic	_	ContainsVariation=No	_	_	_	_	_	_
698-6	BZ006	698	6	non	non	_	_	_	_	_	linguistic	_	ContainsVariation=No	_	_	_	_	_	_
698-7	BZ006	698	7	mi	mi	_	_	_	_	_	linguistic	_	ContainsVariation=No	_	_	_	_	_	_
698-8	BZ006	698	8	verrebbe	verrebbe	_	_	_	_	_	linguistic	_	ContainsVariation=No	_	_	_	_	_	_
698-9	BZ006	698	9	mai	mai	_	_	_	_	_	linguistic	_	ContainsVariation=No	_	_	_	_	_	_
698-10	BZ006	698	10	per	per	_	_	_	_	_	linguistic	_	ContainsVariation=No	_	_	_	_	_	_
698-11	BZ006	698	11	esempio	esempio	_	_	_	_	_	linguistic	_	ContainsVariation=No	_	_	_	_	_	_
698-12	BZ006	698	12	di	di	_	_	_	_	_	linguistic	_	ContainsVariation=No	_	_	_	_	_	_
698-13	BZ006	698	13	eh:	eh	_	_	_	_	_	linguistic	_	ContainsVariation=No	_	_	1x1	_	_	_
698-14	BZ006	698	14	insomma	insomma	_	_	_	_	_	linguistic	_	ContainsVariation=No	_	_	_	_	_	_
698-15	BZ006	698	15	mettermi	mettermi	_	_	_	_	_	linguistic	_	ContainsVariation=No	_	_	_	_	_	_
698-16	BZ006	698	16	a	a	_	_	_	_	_	linguistic	_	ContainsVariation=No	_	_	_	_	_	_
698-17	BZ006	698	17	studiare	studiare	_	_	_	_	_	linguistic	_	ContainsVariation=No	_	_	_	_	_	_
698-18	BZ006	698	18	una	una	_	_	_	_	_	linguistic	_	ContainsVariation=No	_	_	_	_	_	_
698-19	BZ006	698	19	lingua	lingua	_	_	_	_	_	linguistic	_	ContainsVariation=No	_	_	_	_	_	_
698-20	BZ006	698	20	così	così	_	_	_	_	_	linguistic	_	ContainsVariation=No	_	_	_	_	_	_
698-21	BZ006	698	21	senza	senza	_	_	_	_	_	linguistic	_	ContainsVariation=No	_	_	_	_	_	_
698-22	BZ006	698	22	la	la	_	_	_	_	_	linguistic	_	ContainsVariation=No	_	_	_	_	_	_
698-23	BZ006	698	23	prospettiva	prospettiva	_	_	_	_	_	linguistic	_	ContainsVariation=No	_	_	_	_	_	_
698-24	BZ006	698	24	di,	di	_	_	_	_	_	linguistic	_	ContainsVariation=No	Intonation=WeaklyRising	End=1884.222	_	_	_	_
699-0	BZ006	699	0	eh:	eh	_	_	_	_	_	linguistic	_	ContainsVariation=No	_	Begin=1884.657	1x1	_	_	_
699-1	BZ006	699	1	ascoltarla	ascoltarla	_	_	_	_	_	linguistic	_	ContainsVariation=No	_	_	_	_	_	_
699-2	BZ006	699	2	vederla	vederla	_	_	_	_	_	linguistic	_	ContainsVariation=No	_	_	_	_	_	_
699-3	BZ006	699	3	viverla	viverla	_	_	_	_	_	linguistic	_	ContainsVariation=No	_	_	_	_	_	_
699-4	BZ006	699	4	in	in	_	_	_	_	_	linguistic	_	ContainsVariation=No	_	_	_	_	_	_
699-5	BZ006	699	5	questo	questo	_	_	_	_	_	linguistic	_	ContainsVariation=No	_	_	_	_	_	_
699-6	BZ006	699	6	modo.	modo	_	_	_	_	_	linguistic	_	ContainsVariation=No	Intonation=Falling	End=1887.387	_	_	_	_
700-0	BZ001	700	0	mh	mh	_	_	_	_	_	linguistic	_	ContainsVariation=No	ProsodicLink=Yes	Begin=1887.527	_	_	_	_
700-1	BZ001	700	1	mh,	mh	_	_	_	_	_	linguistic	_	ContainsVariation=No	Intonation=WeaklyRising	End=1887.917	_	_	_	_
701-0	BZ006	701	0	poi	poi	_	_	_	_	_	linguistic	_	ContainsVariation=No	_	Begin=1888.277	_	_	_	_
701-1	BZ006	701	1	per	per	_	_	_	_	_	linguistic	_	ContainsVariation=No	_	_	_	_	_	_
701-2	BZ006	701	2	l'	l'	_	_	_	_	_	linguistic	_	ContainsVariation=No	SpaceAfter=No	_	_	_	_	_
701-3	BZ006	701	3	amor	amor	_	_	_	_	_	linguistic	_	ContainsVariation=No	_	_	_	_	_	_
701-4	BZ006	701	4	di	di	_	_	_	_	_	linguistic	_	ContainsVariation=No	_	_	_	_	_	_
701-5	BZ006	701	5	dio	dio	_	_	_	_	_	linguistic	_	ContainsVariation=No	_	_	_	_	_	_
701-6	BZ006	701	6	può	può	_	_	_	_	_	linguistic	_	ContainsVariation=No	_	_	_	_	_	_
701-7	BZ006	701	7	succedere	succedere	_	_	_	_	_	linguistic	_	ContainsVariation=No	_	_	_	_	_	_
701-8	BZ006	701	8	perché	perché	_	_	_	_	_	linguistic	_	ContainsVariation=No	_	_	_	_	_	_
701-9	BZ006	701	9	uno	uno	_	_	_	_	_	linguistic	_	ContainsVariation=No	_	_	_	_	_	_
701-10	BZ006	701	10	può	può	_	_	_	_	_	linguistic	_	ContainsVariation=No	_	_	_	_	_	_
701-11	BZ006	701	11	avere	avere	_	_	_	_	_	linguistic	_	ContainsVariation=No	_	_	_	_	_	_
701-12	BZ006	701	12	anche	anche	_	_	_	_	_	linguistic	_	ContainsVariation=No	_	_	_	_	_	_
701-13	BZ006	701	13	interessi,	interessi	_	_	_	_	_	linguistic	_	ContainsVariation=No	Intonation=WeaklyRising	End=1890.997	_	_	_	_
702-0	BZ006	702	0	di	di	_	_	_	_	_	linguistic	_	ContainsVariation=No	_	Begin=1891.612	_	_	_	_
702-1	BZ006	702	1	altro	altro	_	_	_	_	_	linguistic	_	ContainsVariation=No	_	_	_	_	_	_
702-2	BZ006	702	2	tipo	tipo	_	_	_	_	_	linguistic	_	ContainsVariation=No	_	_	_	_	_	_
702-3	BZ006	702	3	linguistici	linguistici	_	_	_	_	_	linguistic	_	ContainsVariation=No	_	_	_	_	_	_
702-4	BZ006	702	4	e	e	_	_	_	_	_	linguistic	_	ContainsVariation=No	_	_	_	_	_	_
702-5	BZ006	702	5	così	così	_	_	_	_	_	linguistic	_	ContainsVariation=No	_	_	_	_	_	_
702-6	BZ006	702	6	via	via	_	_	_	_	_	linguistic	_	ContainsVariation=No	_	_	_	_	_	_
702-7	BZ006	702	7	ma	ma	_	_	_	_	_	linguistic	_	ContainsVariation=No	_	_	_	_	_	_
702-8	BZ006	702	8	per	per	_	_	_	_	_	linguistic	_	ContainsVariation=No	_	_	_	_	_	_
702-9	BZ006	702	9	come	come	_	_	_	_	_	linguistic	_	ContainsVariation=No	_	_	_	_	_	_
702-10	BZ006	702	10	l'	l'	_	_	_	_	_	linguistic	_	ContainsVariation=No	SpaceAfter=No	_	_	_	_	_
702-11	BZ006	702	11	ho	ho	_	_	_	_	_	linguistic	_	ContainsVariation=No	_	_	_	_	_	_
702-12	BZ006	702	12	vissuta	vissuta	_	_	_	_	_	linguistic	_	ContainsVariation=No	_	_	_	_	_	_
702-13	BZ006	702	13	io	io	_	_	_	_	_	linguistic	_	ContainsVariation=No	_	_	_	_	_	_
702-14	BZ006	702	14	fino	fino	_	_	_	_	_	linguistic	_	ContainsVariation=No	_	_	_	_	_	_
702-15	BZ006	702	15	a	a	_	_	_	_	_	linguistic	_	ContainsVariation=No	_	_	_	_	_	_
702-16	BZ006	702	16	oggi	oggi	_	_	_	_	_	linguistic	_	ContainsVariation=No	_	_	_	_	_	_
702-17	BZ006	702	17	insomma,	insomma	_	_	_	_	_	linguistic	_	ContainsVariation=No	Intonation=WeaklyRising	End=1895.202	_	_	_	_
703-0	BZ006	703	0	questo	questo	_	_	_	_	_	linguistic	_	ContainsVariation=No	_	Begin=1895.672	_	_	_	_
703-1	BZ006	703	1	per	per	_	_	_	_	_	linguistic	_	ContainsVariation=No	_	_	_	_	_	_
703-2	BZ006	703	2	me	me	_	_	_	_	_	linguistic	_	ContainsVariation=No	_	_	_	_	_	_
703-3	BZ006	703	3	è	è	_	_	_	_	_	linguistic	_	ContainsVariation=No	_	_	_	_	_	_
703-4	BZ006	703	4	la	la	_	_	_	_	_	linguistic	_	ContainsVariation=No	_	_	_	_	_	_
703-5	BZ006	703	5	lingua.	lingua	_	_	_	_	_	linguistic	_	ContainsVariation=No	Intonation=Falling	End=1896.682	_	_	_	_
704-0	BZ006	704	0	e	e	_	_	_	_	_	linguistic	_	ContainsVariation=No	_	Begin=1897.402	_	_	_	_
704-1	BZ006	704	1	tant'	tant'	_	_	_	_	_	linguistic	_	ContainsVariation=No	SpaceAfter=No	_	_	_	_	_
704-2	BZ006	704	2	è	è	_	_	_	_	_	linguistic	_	ContainsVariation=No	_	_	_	_	_	_
704-3	BZ006	704	3	che:	che	_	_	_	_	_	linguistic	_	ContainsVariation=No	_	_	2x1	_	_	_
704-4	BZ006	704	4	insomma	insomma	_	_	_	_	_	linguistic	_	ContainsVariation=No	_	_	_	_	_	_
704-5	BZ006	704	5	a	a	_	_	_	_	_	linguistic	_	ContainsVariation=No	_	_	_	_	_	_
704-6	BZ006	704	6	me	me	_	_	_	_	_	linguistic	_	ContainsVariation=No	_	_	_	_	_	_
704-7	BZ006	704	7	piace	piace	_	_	_	_	_	linguistic	_	ContainsVariation=No	_	_	_	_	_	_
704-8	BZ006	704	8	sempre	sempre	_	_	_	_	_	linguistic	_	ContainsVariation=No	_	_	_	_	_	_
704-9	BZ006	704	9	dire	dire	_	_	_	_	_	linguistic	_	ContainsVariation=No	_	_	_	_	_	_
704-10	BZ006	704	10	che,	che	_	_	_	_	_	linguistic	_	ContainsVariation=No	Intonation=WeaklyRising	End=1900.472	_	_	_	_
705-0	BZ006	705	0	insomma	insomma	_	_	_	_	_	linguistic	_	ContainsVariation=No	_	Begin=1900.922	_	_	_	_
705-1	BZ006	705	1	in-	in-	_	_	_	_	_	linguistic	_	ContainsVariation=No	Interrupted=Yes	_	_	_	_	_
705-2	BZ006	705	2	nell'	nell'	_	_	_	_	_	linguistic	_	ContainsVariation=No	SpaceAfter=No	_	_	_	_	_
705-3	BZ006	705	3	arco	arco	_	_	_	_	_	linguistic	_	ContainsVariation=No	_	_	_	_	_	_
705-4	BZ006	705	4	di	di	_	_	_	_	_	linguistic	_	ContainsVariation=No	_	_	_	_	_	_
705-5	BZ006	705	5	vita:	vita	_	_	_	_	_	linguistic	_	ContainsVariation=No	_	_	3x1	_	_	_
705-6	BZ006	705	6	che	che	_	_	_	_	_	linguistic	_	ContainsVariation=No	_	_	_	_	_	_
705-7	BZ006	705	7	avrò,	avrò	_	_	_	_	_	linguistic	_	ContainsVariation=No	Intonation=WeaklyRising|PauseAfter=Yes	_	_	_	_	_
705-8	BZ006	705	8	(.)	(.)	_	_	_	_	_	shortpause	_	ContainsVariation=No	_	_	_	_	_	_
705-9	BZ006	705	9	mi	mi	_	_	_	_	_	linguistic	_	ContainsVariation=No	_	_	_	_	_	_
705-10	BZ006	705	10	piacerebbe	piacerebbe	_	_	_	_	_	linguistic	_	ContainsVariation=No	_	_	_	_	_	_
705-11	BZ006	705	11	aggiungere	aggiungere	_	_	_	_	_	linguistic	_	ContainsVariation=No	_	_	_	_	_	_
705-12	BZ006	705	12	ancora,	ancora	_	_	_	_	_	linguistic	_	ContainsVariation=No	Intonation=WeaklyRising	End=1905.397	_	_	_	_
706-0	BZ006	706	0	un	un	_	_	_	_	_	linguistic	_	ContainsVariation=No	_	Begin=1905.924	_	_	_	_
706-1	BZ006	706	1	paio	paio	_	_	_	_	_	linguistic	_	ContainsVariation=No	_	_	_	_	_	_
706-2	BZ006	706	2	di	di	_	_	_	_	_	linguistic	_	ContainsVariation=No	_	_	_	_	_	_
706-3	BZ006	706	3	lingue,	lingue	_	_	_	_	_	linguistic	_	ContainsVariation=No	Intonation=WeaklyRising	End=1907.024	_	_	_	_
707-0	BZ001	707	0	ah.	ah	_	_	_	_	_	linguistic	_	ContainsVariation=No	Intonation=Falling	Begin=1907.169|End=1907.409	_	_	_	_
708-0	BZ006	708	0	massimo	massimo	_	_	_	_	_	linguistic	_	ContainsVariation=No	_	Begin=1907.514	_	_	_	_
708-1	BZ006	708	1	tre,	tre	_	_	_	_	_	linguistic	_	ContainsVariation=No	Intonation=WeaklyRising	_	_	_	_	_
708-2	BZ006	708	2	perché	perché	_	_	_	_	_	linguistic	_	ContainsVariation=No	_	_	_	_	_	_
708-3	BZ006	708	3	non	non	_	_	_	_	_	linguistic	_	ContainsVariation=No	_	_	_	_	_	_
708-4	BZ006	708	4	pretendo	pretendo	_	_	_	_	_	linguistic	_	ContainsVariation=No	_	_	_	_	_	_
708-5	BZ006	708	5	[troppo,	troppo	_	_	_	_	_	linguistic	_	ContainsVariation=No	Intonation=WeaklyRising	_	_	_	_	0-6(185)
708-6	BZ006	708	6	però	però	_	_	_	_	_	linguistic	_	ContainsVariation=No	_	_	_	_	_	0-4(185)
708-7	BZ006	708	7	u]na	una	_	_	_	_	_	linguistic	_	ContainsVariation=No	_	_	_	_	_	0-1(185)
708-8	BZ006	708	8	sarebbe	sarebbe	_	_	_	_	_	linguistic	_	ContainsVariation=No	_	_	_	_	_	_
708-9	BZ006	708	9	il	il	_	_	_	_	_	linguistic	_	ContainsVariation=No	_	_	_	_	_	_
708-10	BZ006	708	10	portoghese,	portoghese	_	_	_	_	_	linguistic	_	ContainsVariation=No	Intonation=WeaklyRising	_	_	_	_	_
708-11	BZ006	708	11	quindi	quindi	_	_	_	_	_	linguistic	_	ContainsVariation=No	_	_	_	_	_	_
708-12	BZ006	708	12	una	una	_	_	_	_	_	linguistic	_	ContainsVariation=No	_	_	_	_	_	_
708-13	BZ006	708	13	lingua	lingua	_	_	_	_	_	linguistic	_	ContainsVariation=No	_	_	_	_	_	_
708-14	BZ006	708	14	[europea],	europea	_	_	_	_	_	linguistic	_	ContainsVariation=No	Intonation=WeaklyRising	End=1912.194	_	_	_	0-7(186)
709-0	BZ001	709	0	[((ride))]	((ride))	_	_	_	_	_	nonverbalbehavior	_	ContainsVariation=No	_	Begin=1909.239|End=1909.879	_	_	_	X(185)
710-0	BZ001	710	0	[mh	mh	_	_	_	_	_	linguistic	_	ContainsVariation=No	ProsodicLink=Yes	Begin=1911.594	_	_	_	0-2(186)
710-1	BZ001	710	1	mh],	mh	_	_	_	_	_	linguistic	_	ContainsVariation=No	Intonation=WeaklyRising	End=1912.164	_	_	_	0-2(186)
711-0	BZ006	711	0	l'	l'	_	_	_	_	_	linguistic	_	ContainsVariation=No	SpaceAfter=No	Begin=1912.909	_	_	_	_
711-1	BZ006	711	1	altra	altra	_	_	_	_	_	linguistic	_	ContainsVariation=No	_	_	_	_	_	_
711-2	BZ006	711	2	l'	l'	_	_	_	_	_	linguistic	_	ContainsVariation=No	SpaceAfter=No	_	_	_	_	_
711-3	BZ006	711	3	avevo	avevo	_	_	_	_	_	linguistic	_	ContainsVariation=No	_	_	_	_	_	_
711-4	BZ006	711	4	già	già	_	_	_	_	_	linguistic	_	ContainsVariation=No	_	_	_	_	_	_
711-5	BZ006	711	5	iniziata,	iniziata	_	_	_	_	_	linguistic	_	ContainsVariation=No	Intonation=WeaklyRising	End=1914.489	_	_	_	_
712-0	BZ006	712	0	però	però	_	_	_	_	_	linguistic	_	ContainsVariation=No	_	Begin=1914.794	_	_	_	_
712-1	BZ006	712	1	poi	poi	_	_	_	_	_	linguistic	_	ContainsVariation=No	_	_	_	_	_	_
712-2	BZ006	712	2	l'	l'	_	_	_	_	_	linguistic	_	ContainsVariation=No	SpaceAfter=No	_	_	_	_	_
712-3	BZ006	712	3	ho	ho	_	_	_	_	_	linguistic	_	ContainsVariation=No	_	_	_	_	_	_
712-4	BZ006	712	4	abbandonata	abbandonata	_	_	_	_	_	linguistic	_	ContainsVariation=No	_	_	_	_	_	_
712-5	BZ006	712	5	il	il	_	_	_	_	_	linguistic	_	ContainsVariation=No	_	_	_	_	_	_
712-6	BZ006	712	6	russo,	russo	_	_	_	_	_	linguistic	_	ContainsVariation=No	Intonation=WeaklyRising	End=1916.384	_	_	_	_
713-0	BZ006	713	0	ma	ma	_	_	_	_	_	linguistic	_	ContainsVariation=No	_	Begin=1916.974	_	_	_	_
713-1	BZ006	713	1	l'	l'	_	_	_	_	_	linguistic	_	ContainsVariation=No	SpaceAfter=No	_	_	_	_	_
713-2	BZ006	713	2	ho	ho	_	_	_	_	_	linguistic	_	ContainsVariation=No	_	_	_	_	_	_
713-3	BZ006	713	3	abbandonata	abbandonata	_	_	_	_	_	linguistic	_	ContainsVariation=No	_	_	_	_	_	_
713-4	BZ006	713	4	proprio	proprio	_	_	_	_	_	linguistic	_	ContainsVariation=No	_	_	_	_	_	_
713-5	BZ006	713	5	perché	perché	_	_	_	_	_	linguistic	_	ContainsVariation=No	_	_	_	_	_	_
713-6	BZ006	713	6	mancava,	mancava	_	_	_	_	_	linguistic	_	ContainsVariation=No	Intonation=WeaklyRising	End=1918.584	_	_	_	_
714-0	BZ006	714	0	il	il	_	_	_	_	_	linguistic	_	ContainsVariation=No	_	Begin=1919.944	_	_	_	_
714-1	BZ006	714	1	f-	f-	_	_	_	_	_	linguistic	_	ContainsVariation=No	Interrupted=Yes	_	_	_	_	_
714-2	BZ006	714	2	la	la	_	_	_	_	_	linguistic	_	ContainsVariation=No	_	_	_	_	_	_
714-3	BZ006	714	3	concretezza	concretezza	_	_	_	_	_	linguistic	_	ContainsVariation=No	_	_	_	_	_	_
714-4	BZ006	714	4	cioè	cioè	_	_	_	_	_	linguistic	_	ContainsVariation=No	_	_	_	_	_	_
714-5	BZ006	714	5	l-	l-	_	_	_	_	_	linguistic	_	ContainsVariation=No	Interrupted=Yes	End=1921.364	_	_	_	_
715-0	BZ006	715	0	quando	quando	_	_	_	_	_	linguistic	_	ContainsVariation=No	_	Begin=1921.719	_	_	_	_
715-1	BZ006	715	1	la	la	_	_	_	_	_	linguistic	_	ContainsVariation=No	_	_	_	_	_	_
715-2	BZ006	715	2	uso,	uso	_	_	_	_	_	linguistic	_	ContainsVariation=No	Intonation=WeaklyRising	_	_	_	_	_
715-3	BZ006	715	3	come	come	_	_	_	_	_	linguistic	_	ContainsVariation=No	_	_	_	_	_	_
715-4	BZ006	715	4	la	la	_	_	_	_	_	linguistic	_	ContainsVariation=No	_	_	_	_	_	_
715-5	BZ006	715	5	uso,	uso	_	_	_	_	_	linguistic	_	ContainsVariation=No	Intonation=WeaklyRising	_	_	_	_	_
715-6	BZ006	715	6	perché	perché	_	_	_	_	_	linguistic	_	ContainsVariation=No	_	_	_	_	_	_
715-7	BZ006	715	7	la	la	_	_	_	_	_	linguistic	_	ContainsVariation=No	_	_	_	_	_	_
715-8	BZ006	715	8	sto	sto	_	_	_	_	_	linguistic	_	ContainsVariation=No	_	_	_	_	_	_
715-9	BZ006	715	9	studiando	studiando	_	_	_	_	_	linguistic	_	ContainsVariation=No	_	_	_	_	_	_
715-10	BZ006	715	10	[manca	manca	_	_	_	_	_	linguistic	_	ContainsVariation=No	_	_	_	_	_	0-5(187)
715-11	BZ006	715	11	quello	quello	_	_	_	_	_	linguistic	_	ContainsVariation=No	_	_	_	_	_	0-6(187)
715-12	BZ006	715	12	no]?	no	_	_	_	_	_	linguistic	_	ContainsVariation=No	Intonation=Rising	End=1925.289	_	_	_	0-2(187)
716-0	BZ001	716	0	[quindi	quindi	_	_	_	_	_	linguistic	_	ContainsVariation=No	_	Begin=1924.029	_	_	_	0-6(187)
716-1	BZ001	716	1	parti	parti	_	_	_	_	_	linguistic	_	ContainsVariation=No	_	_	_	_	_	0-5(187)
716-2	BZ001	716	2	per	per	_	_	_	_	_	linguistic	_	ContainsVariation=No	_	_	_	_	_	0-3(187)
716-3	BZ001	716	3	la	la	_	_	_	_	_	linguistic	_	ContainsVariation=No	_	_	_	_	_	0-2(187)
716-4	BZ001	716	4	russia].	russia	_	_	_	_	_	linguistic	_	ContainsVariation=No	Intonation=Falling	End=1925.289	_	_	_	0-6(187)
717-0	BZ006	717	0	non	non	_	_	_	_	_	linguistic	_	ContainsVariation=No	_	Begin=1925.464	_	_	_	_
717-1	BZ006	717	1	lo	lo	_	_	_	_	_	linguistic	_	ContainsVariation=No	_	_	_	_	_	_
717-2	BZ006	717	2	so	so	_	_	_	_	_	linguistic	_	ContainsVariation=No	_	_	_	_	_	_
717-3	BZ006	717	3	[però	però	_	_	_	_	_	linguistic	_	ContainsVariation=No	_	_	_	_	_	0-4(188)
717-4	BZ006	717	4	insomma],	insomma	_	_	_	_	_	linguistic	_	ContainsVariation=No	Intonation=WeaklyRising	End=1926.644	_	_	_	0-7(188)
718-0	BZ001	718	0	[((ride))]	((ride))	_	_	_	_	_	nonverbalbehavior	_	ContainsVariation=No	_	Begin=1925.909|End=1926.659	_	_	_	X(188)
719-0	BZ006	719	0	se	se	_	_	_	_	_	linguistic	_	ContainsVariation=No	_	Begin=1926.869	_	_	_	_
719-1	BZ006	719	1	ma	ma	_	_	_	_	_	linguistic	_	ContainsVariation=No	_	_	_	_	_	_
719-2	BZ006	719	2	anche	anche	_	_	_	_	_	linguistic	_	ContainsVariation=No	_	_	_	_	_	_
719-3	BZ006	719	3	un	un	_	_	_	_	_	linguistic	_	ContainsVariation=No	_	_	_	_	_	_
719-4	BZ006	719	4	viaggio	viaggio	_	_	_	_	_	linguistic	_	ContainsVariation=No	_	_	_	_	_	_
719-5	BZ006	719	5	di	di	_	_	_	_	_	linguistic	_	ContainsVariation=No	_	_	_	_	_	_
719-6	BZ006	719	6	un	un	_	_	_	_	_	linguistic	_	ContainsVariation=No	_	_	_	_	_	_
719-7	BZ006	719	7	mese	mese	_	_	_	_	_	linguistic	_	ContainsVariation=No	_	_	_	_	_	_
719-8	BZ006	719	8	[in	in	_	_	_	_	_	linguistic	_	ContainsVariation=No	_	_	_	_	_	0-2(189)
719-9	BZ006	719	9	russia],	russia	_	_	_	_	_	linguistic	_	ContainsVariation=No	Intonation=WeaklyRising	End=1929.019	_	_	_	0-6(189)
720-0	BZ001	720	0	[sì	sì	_	_	_	_	_	linguistic	_	ContainsVariation=No	_	Begin=1928.309	_	_	_	0-2(189)
720-1	BZ001	720	1	sì	sì	_	_	_	_	_	linguistic	_	ContainsVariation=No	_	_	_	_	_	0-2(189)
720-2	BZ001	720	2	certo].	certo	_	_	_	_	_	linguistic	_	ContainsVariation=No	Intonation=Falling	End=1929.029	_	_	_	0-5(189)
721-0	BZ006	721	0	già	già	_	_	_	_	_	linguistic	_	ContainsVariation=No	_	Begin=1929.204	_	_	_	_
721-1	BZ006	721	1	quello:	quello	_	_	_	_	_	linguistic	_	ContainsVariation=No	_	_	5x1	_	_	_
721-2	BZ006	721	2	no?	no	_	_	_	_	_	linguistic	_	ContainsVariation=No	Intonation=Rising	End=1930.294	_	_	_	_
722-0	BZ001	722	0	certo.	certo	_	_	_	_	_	linguistic	_	ContainsVariation=No	Intonation=Falling	Begin=1930.384|End=1930.804	_	_	_	_
723-0	BZ006	723	0	sicuramente	sicuramente	_	_	_	_	_	linguistic	_	ContainsVariation=No	_	Begin=1930.809	_	_	_	_
723-1	BZ006	723	1	non	non	_	_	_	_	_	linguistic	_	ContainsVariation=No	_	_	_	_	_	_
723-2	BZ006	723	2	vedo	vedo	_	_	_	_	_	linguistic	_	ContainsVariation=No	_	_	_	_	_	_
723-3	BZ006	723	3	nella	nella	_	_	_	_	_	linguistic	_	ContainsVariation=No	_	_	_	_	_	_
723-4	BZ006	723	4	mia	mia	_	_	_	_	_	linguistic	_	ContainsVariation=No	_	_	_	_	_	_
723-5	BZ006	723	5	prospettiva	prospettiva	_	_	_	_	_	linguistic	_	ContainsVariation=No	_	_	_	_	_	_
723-6	BZ006	723	6	di	di	_	_	_	_	_	linguistic	_	ContainsVariation=No	_	_	_	_	_	_
723-7	BZ006	723	7	vita:	vita	_	_	_	_	_	linguistic	_	ContainsVariation=No	_	_	3x1	_	_	_
723-8	BZ006	723	8	sette	sette	_	_	_	_	_	linguistic	_	ContainsVariation=No	_	_	_	_	_	_
723-9	BZ006	723	9	mesi	mesi	_	_	_	_	_	linguistic	_	ContainsVariation=No	_	_	_	_	_	_
723-10	BZ006	723	10	in	in	_	_	_	_	_	linguistic	_	ContainsVariation=No	_	_	_	_	_	_
723-11	BZ006	723	11	russia	russia	_	_	_	_	_	linguistic	_	ContainsVariation=No	_	_	_	_	_	_
723-12	BZ006	723	12	un	un	_	_	_	_	_	linguistic	_	ContainsVariation=No	_	_	_	_	_	_
723-13	BZ006	723	13	anno	anno	_	_	_	_	_	linguistic	_	ContainsVariation=No	_	_	_	_	_	_
723-14	BZ006	723	14	in	in	_	_	_	_	_	linguistic	_	ContainsVariation=No	_	_	_	_	_	_
723-15	BZ006	723	15	russia	russia	_	_	_	_	_	linguistic	_	ContainsVariation=No	_	_	_	_	_	_
723-16	BZ006	723	16	quello	quello	_	_	_	_	_	linguistic	_	ContainsVariation=No	_	_	_	_	_	_
723-17	BZ006	723	17	non	non	_	_	_	_	_	linguistic	_	ContainsVariation=No	_	_	_	_	_	_
723-18	BZ006	723	18	credo	credo	_	_	_	_	_	linguistic	_	ContainsVariation=No	_	_	_	_	_	_
723-19	BZ006	723	19	per	per	_	_	_	_	_	linguistic	_	ContainsVariation=No	_	_	_	_	_	_
723-20	BZ006	723	20	ora,	ora	_	_	_	_	_	linguistic	_	ContainsVariation=No	Intonation=WeaklyRising|PauseAfter=Yes	_	_	_	_	_
723-21	BZ006	723	21	(.)	(.)	_	_	_	_	_	shortpause	_	ContainsVariation=No	_	_	_	_	_	_
723-22	BZ006	723	22	per	per	_	_	_	_	_	linguistic	_	ContainsVariation=No	_	_	_	_	_	_
723-23	BZ006	723	23	come	come	_	_	_	_	_	linguistic	_	ContainsVariation=No	_	_	_	_	_	_
723-24	BZ006	723	24	si	si	_	_	_	_	_	linguistic	_	ContainsVariation=No	_	_	_	_	_	_
723-25	BZ006	723	25	stanno	stanno	_	_	_	_	_	linguistic	_	ContainsVariation=No	_	_	_	_	_	_
723-26	BZ006	723	26	evolvendo	evolvendo	_	_	_	_	_	linguistic	_	ContainsVariation=No	_	_	_	_	_	_
723-27	BZ006	723	27	le	le	_	_	_	_	_	linguistic	_	ContainsVariation=No	_	_	_	_	_	_
723-28	BZ006	723	28	[cose	cose	_	_	_	_	_	linguistic	_	ContainsVariation=No	_	_	_	_	_	0-4(190)
723-29	BZ006	723	29	però]	però	_	_	_	_	_	linguistic	_	ContainsVariation=No	_	_	_	_	_	0-4(190)
723-30	BZ006	723	30	poi	poi	_	_	_	_	_	linguistic	_	ContainsVariation=No	_	_	_	_	_	_
723-31	BZ006	723	31	non	non	_	_	_	_	_	linguistic	_	ContainsVariation=No	_	_	_	_	_	_
723-32	BZ006	723	32	si	si	_	_	_	_	_	linguistic	_	ContainsVariation=No	_	_	_	_	_	_
723-33	BZ006	723	33	sa	sa	_	_	_	_	_	linguistic	_	ContainsVariation=No	_	_	_	_	_	_
723-34	BZ006	723	34	mai.	mai	_	_	_	_	_	linguistic	_	ContainsVariation=No	Intonation=Falling	End=1937.97	_	_	_	_
724-0	BZ001	724	0	[mh	mh	_	_	_	_	_	linguistic	_	ContainsVariation=No	ProsodicLink=Yes	Begin=1936.974	_	_	_	0-2(190)
724-1	BZ001	724	1	mh].	mh	_	_	_	_	_	linguistic	_	ContainsVariation=No	Intonation=Falling	End=1937.434	_	_	_	0-2(190)
725-0	BZ006	725	0	e	e	_	_	_	_	_	linguistic	_	ContainsVariation=No	_	Begin=1938.749	_	_	_	_
725-1	BZ006	725	1	poi	poi	_	_	_	_	_	linguistic	_	ContainsVariation=No	_	_	_	_	_	_
725-2	BZ006	725	2	mi	mi	_	_	_	_	_	linguistic	_	ContainsVariation=No	_	_	_	_	_	_
725-3	BZ006	725	3	piacerebbe	piacerebbe	_	_	_	_	_	linguistic	_	ContainsVariation=No	_	_	_	_	_	_
725-4	BZ006	725	4	tanto	tanto	_	_	_	_	_	linguistic	_	ContainsVariation=No	_	_	_	_	_	_
725-5	BZ006	725	5	una	una	_	_	_	_	_	linguistic	_	ContainsVariation=No	_	_	_	_	_	_
725-6	BZ006	725	6	lingua:	lingua	_	_	_	_	_	linguistic	_	ContainsVariation=No	_	_	5x1	_	_	_
725-7	BZ006	725	7	mh	mh	_	_	_	_	_	linguistic	_	ContainsVariation=No	PauseAfter=Yes	_	_	_	_	_
725-8	BZ006	725	8	(.)	(.)	_	_	_	_	_	shortpause	_	ContainsVariation=No	_	_	_	_	_	_
725-9	BZ006	725	9	tipo	tipo	_	_	_	_	_	linguistic	_	ContainsVariation=No	_	_	_	_	_	_
725-10	BZ006	725	10	l'	l'	_	_	_	_	_	linguistic	_	ContainsVariation=No	SpaceAfter=No	_	_	_	_	_
725-11	BZ006	725	11	arabo,	arabo	_	_	_	_	_	linguistic	_	ContainsVariation=No	Intonation=WeaklyRising	End=1942.329	_	_	_	_
726-0	BZ001	726	0	okay.	okay	_	_	_	_	_	linguistic	_	ContainsVariation=No	Intonation=Falling	Begin=1942.644|End=1942.9814999999999	_	_	_	_
727-0	BZ006	727	0	o:	o	_	_	_	_	_	linguistic	_	ContainsVariation=No	PauseAfter=Yes	Begin=1942.9814999999999	0x1	_	_	_
727-1	BZ006	727	1	(.)	(.)	_	_	_	_	_	shortpause	_	ContainsVariation=No	_	_	_	_	_	_
727-2	BZ006	727	2	sì	sì	_	_	_	_	_	linguistic	_	ContainsVariation=No	_	_	_	_	_	_
727-3	BZ006	727	3	l'	l'	_	_	_	_	_	linguistic	_	ContainsVariation=No	SpaceAfter=No	_	_	_	_	_
727-4	BZ006	727	4	arabo	arabo	_	_	_	_	_	linguistic	_	ContainsVariation=No	_	_	_	_	_	_
727-5	BZ006	727	5	mi	mi	_	_	_	_	_	linguistic	_	ContainsVariation=No	_	_	_	_	_	_
727-6	BZ006	727	6	piacerebbe	piacerebbe	_	_	_	_	_	linguistic	_	ContainsVariation=No	_	_	_	_	_	_
727-7	BZ006	727	7	molto.	molto	_	_	_	_	_	linguistic	_	ContainsVariation=No	Intonation=Falling	End=1945.199	_	_	_	_
728-0	BZ006	728	0	eh::m	ehm	_	_	_	_	_	linguistic	_	ContainsVariation=No	PauseAfter=Yes	Begin=1946.334	1x2	_	_	_
728-1	BZ006	728	1	(.)	(.)	_	_	_	_	_	shortpause	_	ContainsVariation=No	_	_	_	_	_	_
728-2	BZ006	728	2	insomma	insomma	_	_	_	_	_	linguistic	_	ContainsVariation=No	_	_	_	_	_	_
728-3	BZ006	728	3	anche	anche	_	_	_	_	_	linguistic	_	ContainsVariation=No	_	_	_	_	_	_
728-4	BZ006	728	4	infarinature	infarinature	_	_	_	_	_	linguistic	_	ContainsVariation=No	_	_	_	_	_	_
728-5	BZ006	728	5	eh	eh	_	_	_	_	_	linguistic	_	ContainsVariation=No	_	_	_	_	_	_
728-6	BZ006	728	6	non,	non	_	_	_	_	_	linguistic	_	ContainsVariation=No	Intonation=WeaklyRising	End=1948.934	_	_	_	_
729-0	BZ006	729	0	però	però	_	_	_	_	_	linguistic	_	ContainsVariation=No	_	Begin=1949.519	_	_	_	_
729-1	BZ006	729	1	insomma	insomma	_	_	_	_	_	linguistic	_	ContainsVariation=No	_	_	_	_	_	_
729-2	BZ006	729	2	ecco	ecco	_	_	_	_	_	linguistic	_	ContainsVariation=No	_	_	_	_	_	_
729-3	BZ006	729	3	il	il	_	_	_	_	_	linguistic	_	ContainsVariation=No	_	_	_	_	_	_
729-4	BZ006	729	4	mio	mio	_	_	_	_	_	linguistic	_	ContainsVariation=No	_	_	_	_	_	_
729-5	BZ006	729	5	rapporto	rapporto	_	_	_	_	_	linguistic	_	ContainsVariation=No	_	_	_	_	_	_
729-6	BZ006	729	6	con	con	_	_	_	_	_	linguistic	_	ContainsVariation=No	_	_	_	_	_	_
729-7	BZ006	729	7	le	le	_	_	_	_	_	linguistic	_	ContainsVariation=No	_	_	_	_	_	_
729-8	BZ006	729	8	lingue	lingue	_	_	_	_	_	linguistic	_	ContainsVariation=No	_	_	_	_	_	_
729-9	BZ006	729	9	è	è	_	_	_	_	_	linguistic	_	ContainsVariation=No	_	_	_	_	_	_
729-10	BZ006	729	10	questo	questo	_	_	_	_	_	linguistic	_	ContainsVariation=No	_	_	_	_	_	_
729-11	BZ006	729	11	è	è	_	_	_	_	_	linguistic	_	ContainsVariation=No	_	_	_	_	_	_
729-12	BZ006	729	12	un	un	_	_	_	_	_	linguistic	_	ContainsVariation=No	_	_	_	_	_	_
729-13	BZ006	729	13	rapporto	rapporto	_	_	_	_	_	linguistic	_	ContainsVariation=No	_	_	_	_	_	_
729-14	BZ006	729	14	dato	dato	_	_	_	_	_	linguistic	_	ContainsVariation=No	_	_	_	_	_	_
729-15	BZ006	729	15	dal,	dal	_	_	_	_	_	linguistic	_	ContainsVariation=No	Intonation=WeaklyRising	End=1953.749	_	_	_	_
730-0	BZ006	730	0	<dal>	dal	_	_	_	_	_	linguistic	_	ContainsVariation=No	_	Begin=1956.429	_	Slow=0-3(0)	_	_
730-1	BZ006	730	1	da	da	_	_	_	_	_	linguistic	_	ContainsVariation=No	_	_	_	_	_	_
730-2	BZ006	730	2	q-	q-	_	_	_	_	_	linguistic	_	ContainsVariation=No	Interrupted=Yes	End=1957.259	_	_	_	_
731-0	BZ006	731	0	dal-	dal-	_	_	_	_	_	linguistic	_	ContainsVariation=No	Interrupted=Yes	Begin=1957.499	_	_	_	_
731-1	BZ006	731	1	dall'	dall'	_	_	_	_	_	linguistic	_	ContainsVariation=No	SpaceAfter=No	_	_	_	_	_
731-2	BZ006	731	2	amare	amare	_	_	_	_	_	linguistic	_	ContainsVariation=No	_	_	_	_	_	_
731-3	BZ006	731	3	le	le	_	_	_	_	_	linguistic	_	ContainsVariation=No	_	_	_	_	_	_
731-4	BZ006	731	4	lingue,	lingue	_	_	_	_	_	linguistic	_	ContainsVariation=No	Intonation=WeaklyRising	End=1959.439	_	_	_	_
732-0	BZ006	732	0	e,	e	_	_	_	_	_	linguistic	_	ContainsVariation=No	Intonation=WeaklyRising	Begin=1959.784|End=1960.114	_	_	_	_
733-0	BZ006	733	0	dal,	dal	_	_	_	_	_	linguistic	_	ContainsVariation=No	Intonation=WeaklyRising	Begin=1960.724|End=1961.304	_	_	_	_
734-0	BZ006	734	0	ehm	ehm	_	_	_	_	_	linguistic	_	ContainsVariation=No	_	Begin=1961.589|End=1962.149	_	_	_	_
735-0	BZ006	735	0	amare,	amare	_	_	_	_	_	linguistic	_	ContainsVariation=No	Intonation=WeaklyRising	Begin=1962.504	_	_	_	_
735-1	BZ006	735	1	usar	usar	_	_	_	_	_	linguistic	_	ContainsVariation=No	_	_	_	_	_	_
735-2	BZ006	735	2	le	le	_	_	_	_	_	linguistic	_	ContainsVariation=No	_	_	_	_	_	_
735-3	BZ006	735	3	lingue	lingue	_	_	_	_	_	linguistic	_	ContainsVariation=No	_	_	_	_	_	_
735-4	BZ006	735	4	no?	no	_	_	_	_	_	linguistic	_	ContainsVariation=No	Intonation=Rising	End=1964.354	_	_	_	_
736-0	BZ006	736	0	<senza	senza	_	_	_	_	_	linguistic	_	ContainsVariation=No	_	Begin=1965.434	_	Slow=0-5(0)	_	_
736-1	BZ006	736	1	appunto	appunto	_	_	_	_	_	linguistic	_	ContainsVariation=No	_	_	_	Slow=0-7(0)	_	_
736-2	BZ006	736	2	alcun	alcun	_	_	_	_	_	linguistic	_	ContainsVariation=No	_	_	_	Slow=0-5(0)	_	_
736-3	BZ006	736	3	timore>.	timore	_	_	_	_	_	linguistic	_	ContainsVariation=No	Intonation=Falling	_	_	Slow=0-6(0)	_	_
736-4	BZ006	736	4	io	io	_	_	_	_	_	linguistic	_	ContainsVariation=No	_	_	_	_	_	_
736-5	BZ006	736	5	ho,	ho	_	_	_	_	_	linguistic	_	ContainsVariation=No	Intonation=WeaklyRising	_	_	_	_	_
736-6	BZ006	736	6	quando	quando	_	_	_	_	_	linguistic	_	ContainsVariation=No	_	_	_	_	_	_
736-7	BZ006	736	7	lavoravo	lavoravo	_	_	_	_	_	linguistic	_	ContainsVariation=No	_	_	_	_	_	_
736-8	BZ006	736	8	appunto	appunto	_	_	_	_	_	linguistic	_	ContainsVariation=No	_	_	_	_	_	_
736-9	BZ006	736	9	come	come	_	_	_	_	_	linguistic	_	ContainsVariation=No	_	_	_	_	_	_
736-10	BZ006	736	10	insegnante	insegnante	_	_	_	_	_	linguistic	_	ContainsVariation=No	_	_	_	_	_	_
736-11	BZ006	736	11	di	di	_	_	_	_	_	linguistic	_	ContainsVariation=No	_	_	_	_	_	_
736-12	BZ006	736	12	tedesco,	tedesco	_	_	_	_	_	linguistic	_	ContainsVariation=No	Intonation=WeaklyRising	End=1969.864	_	_	_	_
737-0	BZ006	737	0	e	e	_	_	_	_	_	linguistic	_	ContainsVariation=No	_	Begin=1970.224	_	_	_	_
737-1	BZ006	737	1	avevo	avevo	_	_	_	_	_	linguistic	_	ContainsVariation=No	_	_	_	_	_	_
737-2	BZ006	737	2	magari	magari	_	_	_	_	_	linguistic	_	ContainsVariation=No	_	_	_	_	_	_
737-3	BZ006	737	3	formazione	formazione	_	_	_	_	_	linguistic	_	ContainsVariation=No	_	_	_	_	_	_
737-4	BZ006	737	4	con	con	_	_	_	_	_	linguistic	_	ContainsVariation=No	_	_	_	_	_	_
737-5	BZ006	737	5	insegnanti	insegnanti	_	_	_	_	_	linguistic	_	ContainsVariation=No	_	_	_	_	_	_
737-6	BZ006	737	6	di	di	_	_	_	_	_	linguistic	_	ContainsVariation=No	_	_	_	_	_	_
737-7	BZ006	737	7	tedesco,	tedesco	_	_	_	_	_	linguistic	_	ContainsVariation=No	Intonation=WeaklyRising	_	_	_	_	_
737-8	BZ006	737	8	>riunioni	riunioni	_	_	_	_	_	linguistic	_	ContainsVariation=No	_	_	_	Fast=0-8(0)	_	_
737-9	BZ006	737	9	con	con	_	_	_	_	_	linguistic	_	ContainsVariation=No	_	_	_	Fast=0-3(0)	_	_
737-10	BZ006	737	10	insegnanti	insegnanti	_	_	_	_	_	linguistic	_	ContainsVariation=No	_	_	_	Fast=0-10(0)	_	_
737-11	BZ006	737	11	di	di	_	_	_	_	_	linguistic	_	ContainsVariation=No	_	_	_	Fast=0-2(0)	_	_
737-12	BZ006	737	12	tedesco<	tedesco	_	_	_	_	_	linguistic	_	ContainsVariation=No	_	End=1974.024	_	Fast=0-7(0)	_	_
738-0	BZ006	738	0	ho	ho	_	_	_	_	_	linguistic	_	ContainsVariation=No	_	Begin=1974.319	_	_	_	_
738-1	BZ006	738	1	sempre	sempre	_	_	_	_	_	linguistic	_	ContainsVariation=No	_	_	_	_	_	_
738-2	BZ006	738	2	vissuto	vissuto	_	_	_	_	_	linguistic	_	ContainsVariation=No	_	_	_	_	_	_
738-3	BZ006	738	3	tanto,	tanto	_	_	_	_	_	linguistic	_	ContainsVariation=No	Intonation=WeaklyRising	End=1975.969	_	_	_	_
739-0	BZ006	739	0	il:,	il	_	_	_	_	_	linguistic	_	ContainsVariation=No	Intonation=WeaklyRising	Begin=1976.579|End=1977.339	1x1	_	_	_
740-0	BZ006	740	0	la	la	_	_	_	_	_	linguistic	_	ContainsVariation=No	_	Begin=1977.794	_	_	_	_
740-1	BZ006	740	1	paura	paura	_	_	_	_	_	linguistic	_	ContainsVariation=No	_	_	_	_	_	_
740-2	BZ006	740	2	di	di	_	_	_	_	_	linguistic	_	ContainsVariation=No	_	_	_	_	_	_
740-3	BZ006	740	3	parlare,	parlare	_	_	_	_	_	linguistic	_	ContainsVariation=No	Intonation=WeaklyRising	End=1979.214	_	_	_	_
741-0	BZ006	741	0	per	per	_	_	_	_	_	linguistic	_	ContainsVariation=No	_	Begin=1979.709	_	_	_	_
741-1	BZ006	741	1	il	il	_	_	_	_	_	linguistic	_	ContainsVariation=No	_	_	_	_	_	_
741-2	BZ006	741	2	senso	senso	_	_	_	_	_	linguistic	_	ContainsVariation=No	_	_	_	_	_	_
741-3	BZ006	741	3	di	di	_	_	_	_	_	linguistic	_	ContainsVariation=No	_	_	_	_	_	_
741-4	BZ006	741	4	colpa	colpa	_	_	_	_	_	linguistic	_	ContainsVariation=No	_	_	_	_	_	_
741-5	BZ006	741	5	nel	nel	_	_	_	_	_	linguistic	_	ContainsVariation=No	_	_	_	_	_	_
741-6	BZ006	741	6	far	far	_	_	_	_	_	linguistic	_	ContainsVariation=No	_	_	_	_	_	_
741-7	BZ006	741	7	sentire	sentire	_	_	_	_	_	linguistic	_	ContainsVariation=No	_	_	_	_	_	_
741-8	BZ006	741	8	il	il	_	_	_	_	_	linguistic	_	ContainsVariation=No	_	_	_	_	_	_
741-9	BZ006	741	9	mio	mio	_	_	_	_	_	linguistic	_	ContainsVariation=No	_	_	_	_	_	_
741-10	BZ006	741	10	accento	accento	_	_	_	_	_	linguistic	_	ContainsVariation=No	_	_	_	_	_	_
741-11	BZ006	741	11	italiano.	italiano	_	_	_	_	_	linguistic	_	ContainsVariation=No	Intonation=Falling	End=1982.629	_	_	_	_
742-0	BZ006	742	0	che	che	_	_	_	_	_	linguistic	_	ContainsVariation=No	_	Begin=1983.789	_	_	_	_
742-1	BZ006	742	1	bene	bene	_	_	_	_	_	linguistic	_	ContainsVariation=No	_	_	_	_	_	_
742-2	BZ006	742	2	o	o	_	_	_	_	_	linguistic	_	ContainsVariation=No	_	_	_	_	_	_
742-3	BZ006	742	3	male	male	_	_	_	_	_	linguistic	_	ContainsVariation=No	_	_	_	_	_	_
742-4	BZ006	742	4	devo	devo	_	_	_	_	_	linguistic	_	ContainsVariation=No	_	_	_	_	_	_
742-5	BZ006	742	5	dire	dire	_	_	_	_	_	linguistic	_	ContainsVariation=No	_	_	_	_	_	_
742-6	BZ006	742	6	il	il	_	_	_	_	_	linguistic	_	ContainsVariation=No	_	_	_	_	_	_
742-7	BZ006	742	7	mio	mio	_	_	_	_	_	linguistic	_	ContainsVariation=No	_	_	_	_	_	_
742-8	BZ006	742	8	accento	accento	_	_	_	_	_	linguistic	_	ContainsVariation=No	_	_	_	_	_	_
742-9	BZ006	742	9	tedesco	tedesco	_	_	_	_	_	linguistic	_	ContainsVariation=No	_	_	_	_	_	_
742-10	BZ006	742	10	è	è	_	_	_	_	_	linguistic	_	ContainsVariation=No	_	_	_	_	_	_
742-11	BZ006	742	11	anche,	anche	_	_	_	_	_	linguistic	_	ContainsVariation=No	Intonation=WeaklyRising	End=1986.389	_	_	_	_
743-0	BZ006	743	0	nella	nella	_	_	_	_	_	linguistic	_	ContainsVariation=No	_	Begin=1986.934	_	_	_	_
743-1	BZ006	743	1	media	media	_	_	_	_	_	linguistic	_	ContainsVariation=No	_	_	_	_	_	_
743-2	BZ006	743	2	alta	alta	_	_	_	_	_	linguistic	_	ContainsVariation=No	_	_	_	_	_	_
743-3	BZ006	743	3	eh.	eh	_	_	_	_	_	linguistic	_	ContainsVariation=No	Intonation=Falling|PauseAfter=Yes	_	_	_	_	_
743-4	BZ006	743	4	(.)	(.)	_	_	_	_	_	shortpause	_	ContainsVariation=No	_	_	_	_	_	_
743-5	BZ006	743	5	[come	come	_	_	_	_	_	linguistic	_	ContainsVariation=No	_	_	_	_	_	0-4(191)
743-6	BZ006	743	6	accento]	accento	_	_	_	_	_	linguistic	_	ContainsVariation=No	_	_	_	_	_	0-7(191)
743-7	BZ006	743	7	non	non	_	_	_	_	_	linguistic	_	ContainsVariation=No	_	_	_	_	_	_
743-8	BZ006	743	8	è	è	_	_	_	_	_	linguistic	_	ContainsVariation=No	_	_	_	_	_	_
743-9	BZ006	743	9	un	un	_	_	_	_	_	linguistic	_	ContainsVariation=No	_	_	_	_	_	_
743-10	BZ006	743	10	accento	accento	_	_	_	_	_	linguistic	_	ContainsVariation=No	_	_	_	_	_	_
743-11	BZ006	743	11	proprio,	proprio	_	_	_	_	_	linguistic	_	ContainsVariation=No	Intonation=WeaklyRising	End=1990.27	_	_	_	_
744-0	BZ001	744	0	[mh	mh	_	_	_	_	_	linguistic	_	ContainsVariation=No	ProsodicLink=Yes	Begin=1988.429	_	_	_	0-2(191)
744-1	BZ001	744	1	mh],	mh	_	_	_	_	_	linguistic	_	ContainsVariation=No	Intonation=WeaklyRising	End=1988.839	_	_	_	0-2(191)
745-0	BZ006	745	0	pessimo.	pessimo	_	_	_	_	_	linguistic	_	ContainsVariation=No	Intonation=Falling|PauseAfter=Yes	Begin=1990.807	_	_	_	_
745-1	BZ006	745	1	(.)	(.)	_	_	_	_	_	shortpause	_	ContainsVariation=No	_	_	_	_	_	_
745-2	BZ006	745	2	è	è	_	_	_	_	_	linguistic	_	ContainsVariation=No	_	_	_	_	_	_
745-3	BZ006	745	3	un	un	_	_	_	_	_	linguistic	_	ContainsVariation=No	_	_	_	_	_	_
745-4	BZ006	745	4	accento,	accento	_	_	_	_	_	linguistic	_	ContainsVariation=No	Intonation=WeaklyRising	_	_	_	_	_
745-5	BZ006	745	5	si	si	_	_	_	_	_	linguistic	_	ContainsVariation=No	_	_	_	_	_	_
745-6	BZ006	745	6	sente	sente	_	_	_	_	_	linguistic	_	ContainsVariation=No	_	_	_	_	_	_
745-7	BZ006	745	7	che	che	_	_	_	_	_	linguistic	_	ContainsVariation=No	_	_	_	_	_	_
745-8	BZ006	745	8	non	non	_	_	_	_	_	linguistic	_	ContainsVariation=No	_	_	_	_	_	_
745-9	BZ006	745	9	è	è	_	_	_	_	_	linguistic	_	ContainsVariation=No	_	_	_	_	_	_
745-10	BZ006	745	10	madrelingua,	madrelingua	_	_	_	_	_	linguistic	_	ContainsVariation=No	Intonation=WeaklyRising	_	_	_	_	_
745-11	BZ006	745	11	però	però	_	_	_	_	_	linguistic	_	ContainsVariation=No	_	_	_	_	_	_
745-12	BZ006	745	12	è	è	_	_	_	_	_	linguistic	_	ContainsVariation=No	_	_	_	_	_	_
745-13	BZ006	745	13	un	un	_	_	_	_	_	linguistic	_	ContainsVariation=No	_	_	_	_	_	_
745-14	BZ006	745	14	accento	accento	_	_	_	_	_	linguistic	_	ContainsVariation=No	_	_	_	_	_	_
745-15	BZ006	745	15	insomma	insomma	_	_	_	_	_	linguistic	_	ContainsVariation=No	_	_	_	_	_	_
745-16	BZ006	745	16	su	su	_	_	_	_	_	linguistic	_	ContainsVariation=No	_	_	_	_	_	_
745-17	BZ006	745	17	cui	cui	_	_	_	_	_	linguistic	_	ContainsVariation=No	_	_	_	_	_	_
745-18	BZ006	745	18	ci	ci	_	_	_	_	_	linguistic	_	ContainsVariation=No	_	_	_	_	_	_
745-19	BZ006	745	19	ho	ho	_	_	_	_	_	linguistic	_	ContainsVariation=No	_	_	_	_	_	_
745-20	BZ006	745	20	lavorato	lavorato	_	_	_	_	_	linguistic	_	ContainsVariation=No	_	_	_	_	_	_
745-21	BZ006	745	21	un	un	_	_	_	_	_	linguistic	_	ContainsVariation=No	_	_	_	_	_	_
745-22	BZ006	745	22	po'.	po'	_	_	_	_	_	linguistic	_	ContainsVariation=No	Intonation=Falling	End=1995.8490000000002	_	_	_	_
746-0	BZ001	746	0	mh	mh	_	_	_	_	_	linguistic	_	ContainsVariation=No	ProsodicLink=Yes	Begin=1995.8490000000002	_	_	_	_
746-1	BZ001	746	1	mh.	mh	_	_	_	_	_	linguistic	_	ContainsVariation=No	Intonation=Falling	End=1996.098	_	_	_	_
747-0	BZ006	747	0	eh::m	ehm	_	_	_	_	_	linguistic	_	ContainsVariation=No	PauseAfter=Yes	Begin=1996.508	1x2	_	_	_
747-1	BZ006	747	1	(.)	(.)	_	_	_	_	_	shortpause	_	ContainsVariation=No	_	_	_	_	_	_
747-2	BZ006	747	2	ce	ce	_	_	_	_	_	linguistic	_	ContainsVariation=No	_	_	_	_	_	_
747-3	BZ006	747	3	ne	ne	_	_	_	_	_	linguistic	_	ContainsVariation=No	_	_	_	_	_	_
747-4	BZ006	747	4	sono	sono	_	_	_	_	_	linguistic	_	ContainsVariation=No	_	_	_	_	_	_
747-5	BZ006	747	5	altri	altri	_	_	_	_	_	linguistic	_	ContainsVariation=No	_	_	_	_	_	_
747-6	BZ006	747	6	un	un	_	_	_	_	_	linguistic	_	ContainsVariation=No	_	_	_	_	_	_
747-7	BZ006	747	7	po'	po'	_	_	_	_	_	linguistic	_	ContainsVariation=No	_	_	_	_	_	_
747-8	BZ006	747	8	più,	più	_	_	_	_	_	linguistic	_	ContainsVariation=No	Intonation=WeaklyRising	End=1998.478	_	_	_	_
748-0	BZ006	748	0	evidenti	evidenti	_	_	_	_	_	linguistic	_	ContainsVariation=No	_	Begin=1998.898	_	_	_	_
748-1	BZ006	748	1	che	che	_	_	_	_	_	linguistic	_	ContainsVariation=No	_	_	_	_	_	_
748-2	BZ006	748	2	sono	sono	_	_	_	_	_	linguistic	_	ContainsVariation=No	_	_	_	_	_	_
748-3	BZ006	748	3	no?	no	_	_	_	_	_	linguistic	_	ContainsVariation=No	Intonation=Rising	End=2000.168	_	_	_	_
749-0	BZ006	749	0	però	però	_	_	_	_	_	linguistic	_	ContainsVariation=No	_	Begin=2000.748	_	_	_	_
749-1	BZ006	749	1	insomma	insomma	_	_	_	_	_	linguistic	_	ContainsVariation=No	_	_	_	_	_	_
749-2	BZ006	749	2	eh:	eh	_	_	_	_	_	linguistic	_	ContainsVariation=No	_	_	1x1	_	_	_
749-3	BZ006	749	3	mi	mi	_	_	_	_	_	linguistic	_	ContainsVariation=No	_	_	_	_	_	_
749-4	BZ006	749	4	sentivo,	sentivo	_	_	_	_	_	linguistic	_	ContainsVariation=No	Intonation=WeaklyRising	End=2003.058	_	_	_	_
750-0	BZ006	750	0	molto	molto	_	_	_	_	_	linguistic	_	ContainsVariation=No	_	Begin=2003.268	_	_	_	_
750-1	BZ006	750	1	a	a	_	_	_	_	_	linguistic	_	ContainsVariation=No	_	_	_	_	_	_
750-2	BZ006	750	2	disagio	disagio	_	_	_	_	_	linguistic	_	ContainsVariation=No	_	_	_	_	_	_
750-3	BZ006	750	3	anche	anche	_	_	_	_	_	linguistic	_	ContainsVariation=No	_	_	_	_	_	_
750-4	BZ006	750	4	in	in	_	_	_	_	_	linguistic	_	ContainsVariation=No	_	_	_	_	_	_
750-5	BZ006	750	5	quelle	quelle	_	_	_	_	_	linguistic	_	ContainsVariation=No	_	_	_	_	_	_
750-6	BZ006	750	6	riunioni	riunioni	_	_	_	_	_	linguistic	_	ContainsVariation=No	_	_	_	_	_	_
750-7	BZ006	750	7	lì	lì	_	_	_	_	_	linguistic	_	ContainsVariation=No	_	_	_	_	_	_
750-8	BZ006	750	8	in	in	_	_	_	_	_	linguistic	_	ContainsVariation=No	_	_	_	_	_	_
750-9	BZ006	750	9	quelle	quelle	_	_	_	_	_	linguistic	_	ContainsVariation=No	_	_	_	_	_	_
750-10	BZ006	750	10	formazioni	formazioni	_	_	_	_	_	linguistic	_	ContainsVariation=No	_	_	_	_	_	_
750-11	BZ006	750	11	soprattutto	soprattutto	_	_	_	_	_	linguistic	_	ContainsVariation=No	_	_	_	_	_	_
750-12	BZ006	750	12	quando	quando	_	_	_	_	_	linguistic	_	ContainsVariation=No	_	_	_	_	_	_
750-13	BZ006	750	13	dovevo	dovevo	_	_	_	_	_	linguistic	_	ContainsVariation=No	_	_	_	_	_	_
750-14	BZ006	750	14	parlare,	parlare	_	_	_	_	_	linguistic	_	ContainsVariation=No	Intonation=WeaklyRising	End=2007.478	_	_	_	_
751-0	BZ006	751	0	tanto	tanto	_	_	_	_	_	linguistic	_	ContainsVariation=No	_	Begin=2007.728	_	_	_	_
751-1	BZ006	751	1	che	che	_	_	_	_	_	linguistic	_	ContainsVariation=No	_	_	_	_	_	_
751-2	BZ006	751	2	mi,	mi	_	_	_	_	_	linguistic	_	ContainsVariation=No	Intonation=WeaklyRising|PauseAfter=Yes	_	_	_	_	_
751-3	BZ006	751	3	(.)	(.)	_	_	_	_	_	shortpause	_	ContainsVariation=No	_	_	_	_	_	_
751-4	BZ006	751	4	ogni	ogni	_	_	_	_	_	linguistic	_	ContainsVariation=No	_	_	_	_	_	_
751-5	BZ006	751	5	tanto	tanto	_	_	_	_	_	linguistic	_	ContainsVariation=No	_	_	_	_	_	_
751-6	BZ006	751	6	preferivo	preferivo	_	_	_	_	_	linguistic	_	ContainsVariation=No	_	_	_	_	_	_
751-7	BZ006	751	7	anche	anche	_	_	_	_	_	linguistic	_	ContainsVariation=No	_	_	_	_	_	_
751-8	BZ006	751	8	star	star	_	_	_	_	_	linguistic	_	ContainsVariation=No	_	_	_	_	_	_
751-9	BZ006	751	9	zitto,	zitto	_	_	_	_	_	linguistic	_	ContainsVariation=No	Intonation=WeaklyRising	_	_	_	_	_
751-10	BZ006	751	10	non	non	_	_	_	_	_	linguistic	_	ContainsVariation=No	_	_	_	_	_	_
751-11	BZ006	751	11	alzar	alzar	_	_	_	_	_	linguistic	_	ContainsVariation=No	_	_	_	_	_	_
751-12	BZ006	751	12	la	la	_	_	_	_	_	linguistic	_	ContainsVariation=No	_	_	_	_	_	_
751-13	BZ006	751	13	anche	anche	_	_	_	_	_	linguistic	_	ContainsVariation=No	_	_	_	_	_	_
751-14	BZ006	751	14	se	se	_	_	_	_	_	linguistic	_	ContainsVariation=No	_	_	_	_	_	_
751-15	BZ006	751	15	magari	magari	_	_	_	_	_	linguistic	_	ContainsVariation=No	_	_	_	_	_	_
751-16	BZ006	751	16	avevo	avevo	_	_	_	_	_	linguistic	_	ContainsVariation=No	_	_	_	_	_	_
751-17	BZ006	751	17	qualcosa	qualcosa	_	_	_	_	_	linguistic	_	ContainsVariation=No	_	_	_	_	_	_
751-18	BZ006	751	18	da	da	_	_	_	_	_	linguistic	_	ContainsVariation=No	_	_	_	_	_	_
751-19	BZ006	751	19	dire	dire	_	_	_	_	_	linguistic	_	ContainsVariation=No	_	_	_	_	_	_
751-20	BZ006	751	20	a-,	a-	_	_	_	_	_	linguistic	_	ContainsVariation=No	Intonation=WeaklyRising|Interrupted=Yes	End=2012.658	_	_	_	_
752-0	BZ006	752	0	e	e	_	_	_	_	_	linguistic	_	ContainsVariation=No	_	Begin=2013.828	_	_	_	_
752-1	BZ006	752	1	e	e	_	_	_	_	_	linguistic	_	ContainsVariation=No	_	_	_	_	_	_
752-2	BZ006	752	2	probabilmente	probabilmente	_	_	_	_	_	linguistic	_	ContainsVariation=No	_	_	_	_	_	_
752-3	BZ006	752	3	vivrei	vivrei	_	_	_	_	_	linguistic	_	ContainsVariation=No	_	_	_	_	_	_
752-4	BZ006	752	4	ancora	ancora	_	_	_	_	_	linguistic	_	ContainsVariation=No	_	_	_	_	_	_
752-5	BZ006	752	5	la	la	_	_	_	_	_	linguistic	_	ContainsVariation=No	_	_	_	_	_	_
752-6	BZ006	752	6	stessa	stessa	_	_	_	_	_	linguistic	_	ContainsVariation=No	_	_	_	_	_	_
752-7	BZ006	752	7	cosa	cosa	_	_	_	_	_	linguistic	_	ContainsVariation=No	_	_	_	_	_	_
752-8	BZ006	752	8	con	con	_	_	_	_	_	linguistic	_	ContainsVariation=No	_	_	_	_	_	_
752-9	BZ006	752	9	delle	delle	_	_	_	_	_	linguistic	_	ContainsVariation=No	_	_	_	_	_	_
752-10	BZ006	752	10	persone,	persone	_	_	_	_	_	linguistic	_	ContainsVariation=No	Intonation=WeaklyRising	_	_	_	_	_
752-11	BZ006	752	11	ehm:,	ehm	_	_	_	_	_	linguistic	_	ContainsVariation=No	Intonation=WeaklyRising	End=2018.368	2x1	_	_	_
753-0	BZ006	753	0	colleghe,	colleghe	_	_	_	_	_	linguistic	_	ContainsVariation=No	Intonation=WeaklyRising|PauseAfter=Yes	Begin=2019.393	_	_	_	_
753-1	BZ006	753	1	(.)	(.)	_	_	_	_	_	shortpause	_	ContainsVariation=No	_	_	_	_	_	_
753-2	BZ006	753	2	cioè	cioè	_	_	_	_	_	linguistic	_	ContainsVariation=No	_	_	_	_	_	_
753-3	BZ006	753	3	[del	del	_	_	_	_	_	linguistic	_	ContainsVariation=No	_	_	_	_	_	0-3(192)
753-4	BZ006	753	4	mio	mio	_	_	_	_	_	linguistic	_	ContainsVariation=No	_	_	_	_	_	0-3(192)
753-5	BZ006	753	5	stesso]	stesso	_	_	_	_	_	linguistic	_	ContainsVariation=No	_	_	_	_	_	0-6(192)
753-6	BZ006	753	6	livello.	livello	_	_	_	_	_	linguistic	_	ContainsVariation=No	Intonation=Falling	End=2021.783	_	_	_	_
754-0	BZ001	754	0	[okay].	okay	_	_	_	_	_	linguistic	_	ContainsVariation=No	Intonation=Falling	Begin=2020.573|End=2021.033	_	_	_	0-4(192)
755-0	BZ001	755	0	quindi	quindi	_	_	_	_	_	linguistic	_	ContainsVariation=No	_	Begin=2022.268	_	_	_	_
755-1	BZ001	755	1	per	per	_	_	_	_	_	linguistic	_	ContainsVariation=No	_	_	_	_	_	_
755-2	BZ001	755	2	via	via	_	_	_	_	_	linguistic	_	ContainsVariation=No	_	_	_	_	_	_
755-3	BZ001	755	3	del	del	_	_	_	_	_	linguistic	_	ContainsVariation=No	_	_	_	_	_	_
755-4	BZ001	755	4	contesto.	contesto	_	_	_	_	_	linguistic	_	ContainsVariation=No	Intonation=Falling	End=2023.408	_	_	_	_
756-0	BZ006	756	0	ed	ed	_	_	_	_	_	linguistic	_	ContainsVariation=No	_	Begin=2023.423	_	_	_	_
756-1	BZ006	756	1	è	è	_	_	_	_	_	linguistic	_	ContainsVariation=No	_	_	_	_	_	_
756-2	BZ006	756	2	proprio	proprio	_	_	_	_	_	linguistic	_	ContainsVariation=No	_	_	_	_	_	_
756-3	BZ006	756	3	per	per	_	_	_	_	_	linguistic	_	ContainsVariation=No	_	_	_	_	_	_
756-4	BZ006	756	4	questo	questo	_	_	_	_	_	linguistic	_	ContainsVariation=No	_	_	_	_	_	_
756-5	BZ006	756	5	che	che	_	_	_	_	_	linguistic	_	ContainsVariation=No	_	_	_	_	_	_
756-6	BZ006	756	6	io	io	_	_	_	_	_	linguistic	_	ContainsVariation=No	_	_	_	_	_	_
756-7	BZ006	756	7	cerco	cerco	_	_	_	_	_	linguistic	_	ContainsVariation=No	_	_	_	_	_	_
756-8	BZ006	756	8	di,	di	_	_	_	_	_	linguistic	_	ContainsVariation=No	Intonation=WeaklyRising	End=2025.173	_	_	_	_
757-0	BZ006	757	0	ho	ho	_	_	_	_	_	linguistic	_	ContainsVariation=No	_	Begin=2025.593	_	_	_	_
757-1	BZ006	757	1	cercato	cercato	_	_	_	_	_	linguistic	_	ContainsVariation=No	_	_	_	_	_	_
757-2	BZ006	757	2	coi	coi	_	_	_	_	_	linguistic	_	ContainsVariation=No	_	_	_	_	_	_
757-3	BZ006	757	3	ragazzi	ragazzi	_	_	_	_	_	linguistic	_	ContainsVariation=No	_	_	_	_	_	_
757-4	BZ006	757	4	di	di	_	_	_	_	_	linguistic	_	ContainsVariation=No	_	_	_	_	_	_
757-5	BZ006	757	5	cambiare	cambiare	_	_	_	_	_	linguistic	_	ContainsVariation=No	_	_	_	_	_	_
757-6	BZ006	757	6	questo	questo	_	_	_	_	_	linguistic	_	ContainsVariation=No	_	_	_	_	_	_
757-7	BZ006	757	7	paradigma	paradigma	_	_	_	_	_	linguistic	_	ContainsVariation=No	_	_	_	_	_	_
757-8	BZ006	757	8	perché	perché	_	_	_	_	_	linguistic	_	ContainsVariation=No	_	_	_	_	_	_
757-9	BZ006	757	9	son	son	_	_	_	_	_	linguistic	_	ContainsVariation=No	_	_	_	_	_	_
757-10	BZ006	757	10	loro	loro	_	_	_	_	_	linguistic	_	ContainsVariation=No	_	_	_	_	_	_
757-11	BZ006	757	11	che	che	_	_	_	_	_	linguistic	_	ContainsVariation=No	_	_	_	_	_	_
757-12	BZ006	757	12	devono	devono	_	_	_	_	_	linguistic	_	ContainsVariation=No	_	_	_	_	_	_
757-13	BZ006	757	13	cambiarlo.	cambiarlo	_	_	_	_	_	linguistic	_	ContainsVariation=No	Intonation=Falling	End=2029.473	_	_	_	_
758-0	BZ006	758	0	perché	perché	_	_	_	_	_	linguistic	_	ContainsVariation=No	_	Begin=2029.778	_	_	_	_
758-1	BZ006	758	1	noi,	noi	_	_	_	_	_	linguistic	_	ContainsVariation=No	Intonation=WeaklyRising|PauseAfter=Yes	_	_	_	_	_
758-2	BZ006	758	2	(.)	(.)	_	_	_	_	_	shortpause	_	ContainsVariation=No	_	_	_	_	_	_
758-3	BZ006	758	3	almeno	almeno	_	_	_	_	_	linguistic	_	ContainsVariation=No	_	_	_	_	_	_
758-4	BZ006	758	4	io	io	_	_	_	_	_	linguistic	_	ContainsVariation=No	_	_	_	_	_	_
758-5	BZ006	758	5	potrei	potrei	_	_	_	_	_	linguistic	_	ContainsVariation=No	_	_	_	_	_	_
758-6	BZ006	758	6	anche	anche	_	_	_	_	_	linguistic	_	ContainsVariation=No	_	_	_	_	_	_
758-7	BZ006	758	7	mettermi	mettermi	_	_	_	_	_	linguistic	_	ContainsVariation=No	_	_	_	_	_	_
758-8	BZ006	758	8	in	in	_	_	_	_	_	linguistic	_	ContainsVariation=No	_	_	_	_	_	_
758-9	BZ006	758	9	un	un	_	_	_	_	_	linguistic	_	ContainsVariation=No	_	_	_	_	_	_
758-10	BZ006	758	10	tavolo	tavolo	_	_	_	_	_	linguistic	_	ContainsVariation=No	_	_	_	_	_	_
758-11	BZ006	758	11	di	di	_	_	_	_	_	linguistic	_	ContainsVariation=No	_	_	_	_	_	_
758-12	BZ006	758	12	riunione	riunione	_	_	_	_	_	linguistic	_	ContainsVariation=No	_	_	_	_	_	_
758-13	BZ006	758	13	di	di	_	_	_	_	_	linguistic	_	ContainsVariation=No	_	_	_	_	_	_
758-14	BZ006	758	14	tedesco	tedesco	_	_	_	_	_	linguistic	_	ContainsVariation=No	_	_	_	_	_	_
758-15	BZ006	758	15	e	e	_	_	_	_	_	linguistic	_	ContainsVariation=No	_	_	_	_	_	_
758-16	BZ006	758	16	cominciare	cominciare	_	_	_	_	_	linguistic	_	ContainsVariation=No	_	_	_	_	_	_
758-17	BZ006	758	17	a	a	_	_	_	_	_	linguistic	_	ContainsVariation=No	_	_	_	_	_	_
758-18	BZ006	758	18	tirar	tirar	_	_	_	_	_	linguistic	_	ContainsVariation=No	_	_	_	_	_	_
758-19	BZ006	758	19	fuori	fuori	_	_	_	_	_	linguistic	_	ContainsVariation=No	_	_	_	_	_	_
758-20	BZ006	758	20	sto	sto	_	_	_	_	_	linguistic	_	ContainsVariation=No	_	_	_	_	_	_
758-21	BZ006	758	21	pippone	pippone	_	_	_	_	_	linguistic	_	ContainsVariation=No	_	_	_	_	_	_
758-22	BZ006	758	22	ma,	ma	_	_	_	_	_	linguistic	_	ContainsVariation=No	Intonation=WeaklyRising	End=2034.768	_	_	_	_
759-0	BZ001	759	0	((ride))	((ride))	_	_	_	_	_	nonverbalbehavior	_	ContainsVariation=No	_	Begin=2034.858|End=2035.1905000000002	_	_	_	_
760-0	BZ006	760	0	obbiettivamente	obbiettivamente	_	_	_	_	_	linguistic	_	ContainsVariation=No	_	Begin=2035.1905000000002	_	_	_	_
760-1	BZ006	760	1	penso	penso	_	_	_	_	_	linguistic	_	ContainsVariation=No	_	_	_	_	_	_
760-2	BZ006	760	2	che,	che	_	_	_	_	_	linguistic	_	ContainsVariation=No	Intonation=WeaklyRising|PauseAfter=Yes	_	_	_	_	_
760-3	BZ006	760	3	(.)	(.)	_	_	_	_	_	shortpause	_	ContainsVariation=No	_	_	_	_	_	_
760-4	BZ006	760	4	non	non	_	_	_	_	_	linguistic	_	ContainsVariation=No	_	_	_	_	_	_
760-5	BZ006	760	5	interesserebbe	interesserebbe	_	_	_	_	_	linguistic	_	ContainsVariation=No	_	_	_	_	_	_
760-6	BZ006	760	6	a	a	_	_	_	_	_	linguistic	_	ContainsVariation=No	_	_	_	_	_	_
760-7	BZ006	760	7	nessuno.	nessuno	_	_	_	_	_	linguistic	_	ContainsVariation=No	Intonation=Falling	_	_	_	_	_
760-8	BZ006	760	8	((ridendo))	((ridendo))	_	_	_	_	_	nonverbalbehavior	_	ContainsVariation=No	_	End=2038.723	_	_	_	_
761-0	BZ006	761	0	però	però	_	_	_	_	_	linguistic	_	ContainsVariation=No	_	Begin=2038.968	_	_	_	_
761-1	BZ006	761	1	eh::	eh	_	_	_	_	_	linguistic	_	ContainsVariation=No	_	End=2040.238	1x2	_	_	_
762-0	BZ006	762	0	cambiare	cambiare	_	_	_	_	_	linguistic	_	ContainsVariation=No	_	Begin=2040.878	_	_	_	_
762-1	BZ006	762	1	il,	il	_	_	_	_	_	linguistic	_	ContainsVariation=No	Intonation=WeaklyRising	End=2042.288	_	_	_	_
763-0	BZ006	763	0	il	il	_	_	_	_	_	linguistic	_	ContainsVariation=No	_	Begin=2043.068	_	_	_	_
763-1	BZ006	763	1	paradigma	paradigma	_	_	_	_	_	linguistic	_	ContainsVariation=No	_	_	_	_	_	_
763-2	BZ006	763	2	di	di	_	_	_	_	_	linguistic	_	ContainsVariation=No	_	_	_	_	_	_
763-3	BZ006	763	3	pensiero	pensiero	_	_	_	_	_	linguistic	_	ContainsVariation=No	_	_	_	_	_	_
763-4	BZ006	763	4	rispetto	rispetto	_	_	_	_	_	linguistic	_	ContainsVariation=No	_	_	_	_	_	_
763-5	BZ006	763	5	alle	alle	_	_	_	_	_	linguistic	_	ContainsVariation=No	_	_	_	_	_	_
763-6	BZ006	763	6	lingue	lingue	_	_	_	_	_	linguistic	_	ContainsVariation=No	_	_	_	_	_	_
763-7	BZ006	763	7	sì	sì	_	_	_	_	_	linguistic	_	ContainsVariation=No	_	_	_	_	_	_
763-8	BZ006	763	8	quello	quello	_	_	_	_	_	linguistic	_	ContainsVariation=No	_	_	_	_	_	_
763-9	BZ006	763	9	secondo	secondo	_	_	_	_	_	linguistic	_	ContainsVariation=No	_	_	_	_	_	_
763-10	BZ006	763	10	me	me	_	_	_	_	_	linguistic	_	ContainsVariation=No	_	_	_	_	_	_
763-11	BZ006	763	11	interessa,	interessa	_	_	_	_	_	linguistic	_	ContainsVariation=No	Intonation=WeaklyRising|PauseAfter=Yes	_	_	_	_	_
763-12	BZ006	763	12	(.)	(.)	_	_	_	_	_	shortpause	_	ContainsVariation=No	_	_	_	_	_	_
763-13	BZ006	763	13	e	e	_	_	_	_	_	linguistic	_	ContainsVariation=No	_	_	_	_	_	_
763-14	BZ006	763	14	interessa	interessa	_	_	_	_	_	linguistic	_	ContainsVariation=No	_	_	_	_	_	_
763-15	BZ006	763	15	ai	ai	_	_	_	_	_	linguistic	_	ContainsVariation=No	_	_	_	_	_	_
763-16	BZ006	763	16	ragazzi	ragazzi	_	_	_	_	_	linguistic	_	ContainsVariation=No	_	_	_	_	_	_
763-17	BZ006	763	17	delle	delle	_	_	_	_	_	linguistic	_	ContainsVariation=No	_	_	_	_	_	_
763-18	BZ006	763	18	nuove	nuove	_	_	_	_	_	linguistic	_	ContainsVariation=No	_	_	_	_	_	_
763-19	BZ006	763	19	generazioni	generazioni	_	_	_	_	_	linguistic	_	ContainsVariation=No	_	_	_	_	_	_
763-20	BZ006	763	20	che	che	_	_	_	_	_	linguistic	_	ContainsVariation=No	_	_	_	_	_	_
763-21	BZ006	763	21	già	già	_	_	_	_	_	linguistic	_	ContainsVariation=No	_	_	_	_	_	_
763-22	BZ006	763	22	stanno	stanno	_	_	_	_	_	linguistic	_	ContainsVariation=No	_	_	_	_	_	_
763-23	BZ006	763	23	vivendo	vivendo	_	_	_	_	_	linguistic	_	ContainsVariation=No	_	_	_	_	_	_
763-24	BZ006	763	24	un	un	_	_	_	_	_	linguistic	_	ContainsVariation=No	_	_	_	_	_	_
763-25	BZ006	763	25	mondo	mondo	_	_	_	_	_	linguistic	_	ContainsVariation=No	_	_	_	_	_	_
763-26	BZ006	763	26	più,	più	_	_	_	_	_	linguistic	_	ContainsVariation=No	Intonation=WeaklyRising	End=2050.498	_	_	_	_
764-0	BZ006	764	0	grande.	grande	_	_	_	_	_	linguistic	_	ContainsVariation=No	Intonation=Falling	Begin=2050.778|End=2051.278	_	_	_	_
765-0	BZ006	765	0	più	più	_	_	_	_	_	linguistic	_	ContainsVariation=No	_	Begin=2051.583	_	_	_	_
765-1	BZ006	765	1	vasto.	vasto	_	_	_	_	_	linguistic	_	ContainsVariation=No	Intonation=Falling	End=2052.173	_	_	_	_
766-0	BZ006	766	0	eh::m:	ehm	_	_	_	_	_	linguistic	_	ContainsVariation=No	_	Begin=2052.753	1x2,2x1	_	_	_
766-1	BZ006	766	1	già,	già	_	_	_	_	_	linguistic	_	ContainsVariation=No	Intonation=WeaklyRising	End=2054.48	_	_	_	_
767-0	BZ006	767	0	incontrano	incontrano	_	_	_	_	_	linguistic	_	ContainsVariation=No	_	Begin=2054.971	_	_	_	_
767-1	BZ006	767	1	sempre	sempre	_	_	_	_	_	linguistic	_	ContainsVariation=No	_	_	_	_	_	_
767-2	BZ006	767	2	più	più	_	_	_	_	_	linguistic	_	ContainsVariation=No	_	_	_	_	_	_
767-3	BZ006	767	3	persone	persone	_	_	_	_	_	linguistic	_	ContainsVariation=No	_	_	_	_	_	_
767-4	BZ006	767	4	di	di	_	_	_	_	_	linguistic	_	ContainsVariation=No	_	_	_	_	_	_
767-5	BZ006	767	5	altre	altre	_	_	_	_	_	linguistic	_	ContainsVariation=No	_	_	_	_	_	_
767-6	BZ006	767	6	lingue,	lingue	_	_	_	_	_	linguistic	_	ContainsVariation=No	Intonation=WeaklyRising	_	_	_	_	_
767-7	BZ006	767	7	di	di	_	_	_	_	_	linguistic	_	ContainsVariation=No	_	_	_	_	_	_
767-8	BZ006	767	8	altri	altri	_	_	_	_	_	linguistic	_	ContainsVariation=No	_	_	_	_	_	_
767-9	BZ006	767	9	paesi,	paesi	_	_	_	_	_	linguistic	_	ContainsVariation=No	Intonation=WeaklyRising	End=2058.331	_	_	_	_
768-0	BZ006	768	0	e	e	_	_	_	_	_	linguistic	_	ContainsVariation=No	_	Begin=2059.046	_	_	_	_
768-1	BZ006	768	1	si	si	_	_	_	_	_	linguistic	_	ContainsVariation=No	_	_	_	_	_	_
768-2	BZ006	768	2	trovano	trovano	_	_	_	_	_	linguistic	_	ContainsVariation=No	_	_	_	_	_	_
768-3	BZ006	768	3	quindi	quindi	_	_	_	_	_	linguistic	_	ContainsVariation=No	_	_	_	_	_	_
768-4	BZ006	768	4	a	a	_	_	_	_	_	linguistic	_	ContainsVariation=No	_	_	_	_	_	_
768-5	BZ006	768	5	parlare	parlare	_	_	_	_	_	linguistic	_	ContainsVariation=No	_	_	_	_	_	_
768-6	BZ006	768	6	nuove	nuove	_	_	_	_	_	linguistic	_	ContainsVariation=No	_	_	_	_	_	_
768-7	BZ006	768	7	lingue.	lingue	_	_	_	_	_	linguistic	_	ContainsVariation=No	Intonation=Falling	_	_	_	_	_
768-8	BZ006	768	8	e	e	_	_	_	_	_	linguistic	_	ContainsVariation=No	_	_	_	_	_	_
768-9	BZ006	768	9	quindi	quindi	_	_	_	_	_	linguistic	_	ContainsVariation=No	_	_	_	_	_	_
768-10	BZ006	768	10	di	di	_	_	_	_	_	linguistic	_	ContainsVariation=No	_	_	_	_	_	_
768-11	BZ006	768	11	non	non	_	_	_	_	_	linguistic	_	ContainsVariation=No	_	_	_	_	_	_
768-12	BZ006	768	12	vergognarsi,	vergognarsi	_	_	_	_	_	linguistic	_	ContainsVariation=No	Intonation=WeaklyRising	End=2062.506	_	_	_	_
769-0	BZ006	769	0	perché	perché	_	_	_	_	_	linguistic	_	ContainsVariation=No	_	Begin=2062.766	_	_	_	_
769-1	BZ006	769	1	anche	anche	_	_	_	_	_	linguistic	_	ContainsVariation=No	_	_	_	_	_	_
769-2	BZ006	769	2	appunto,	appunto	_	_	_	_	_	linguistic	_	ContainsVariation=No	Intonation=WeaklyRising|PauseAfter=Yes	_	_	_	_	_
769-3	BZ006	769	3	(.)	(.)	_	_	_	_	_	shortpause	_	ContainsVariation=No	_	_	_	_	_	_
769-4	BZ006	769	4	un:	un	_	_	_	_	_	linguistic	_	ContainsVariation=No	PauseAfter=Yes	_	1x1	_	_	_
769-5	BZ006	769	5	(.)	(.)	_	_	_	_	_	shortpause	_	ContainsVariation=No	_	_	_	_	_	_
769-6	BZ006	769	6	un	un	_	_	_	_	_	linguistic	_	ContainsVariation=No	_	_	_	_	_	_
769-7	BZ006	769	7	italiano	italiano	_	_	_	_	_	linguistic	_	ContainsVariation=No	_	_	_	_	_	_
769-8	BZ006	769	8	può	può	_	_	_	_	_	linguistic	_	ContainsVariation=No	_	_	_	_	_	_
769-9	BZ006	769	9	insegnare	insegnare	_	_	_	_	_	linguistic	_	ContainsVariation=No	_	_	_	_	_	_
769-10	BZ006	769	10	il	il	_	_	_	_	_	linguistic	_	ContainsVariation=No	_	_	_	_	_	_
769-11	BZ006	769	11	tedesco	tedesco	_	_	_	_	_	linguistic	_	ContainsVariation=No	_	_	_	_	_	_
769-12	BZ006	769	12	a	a	_	_	_	_	_	linguistic	_	ContainsVariation=No	_	_	_	_	_	_
769-13	BZ006	769	13	un	un	_	_	_	_	_	linguistic	_	ContainsVariation=No	_	_	_	_	_	_
769-14	BZ006	769	14	italiano,	italiano	_	_	_	_	_	linguistic	_	ContainsVariation=No	Intonation=WeaklyRising	_	_	_	_	_
769-15	BZ006	769	15	piuttosto	piuttosto	_	_	_	_	_	linguistic	_	ContainsVariation=No	_	_	_	_	_	_
769-16	BZ006	769	16	che	che	_	_	_	_	_	linguistic	_	ContainsVariation=No	_	_	_	_	_	_
769-17	BZ006	769	17	uno	uno	_	_	_	_	_	linguistic	_	ContainsVariation=No	_	_	_	_	_	_
769-18	BZ006	769	18	spagnolo	spagnolo	_	_	_	_	_	linguistic	_	ContainsVariation=No	_	_	_	_	_	_
769-19	BZ006	769	19	può	può	_	_	_	_	_	linguistic	_	ContainsVariation=No	_	_	_	_	_	_
769-20	BZ006	769	20	insegnare	insegnare	_	_	_	_	_	linguistic	_	ContainsVariation=No	_	_	_	_	_	_
769-21	BZ006	769	21	francese	francese	_	_	_	_	_	linguistic	_	ContainsVariation=No	_	_	_	_	_	_
769-22	BZ006	769	22	a	a	_	_	_	_	_	linguistic	_	ContainsVariation=No	_	_	_	_	_	_
769-23	BZ006	769	23	un	un	_	_	_	_	_	linguistic	_	ContainsVariation=No	_	_	_	_	_	_
769-24	BZ006	769	24	inglese.	inglese	_	_	_	_	_	linguistic	_	ContainsVariation=No	Intonation=Falling	End=2071.346	_	_	_	_
770-0	BZ006	770	0	cioè	cioè	_	_	_	_	_	linguistic	_	ContainsVariation=No	_	Begin=2071.831	_	_	_	_
770-1	BZ006	770	1	può	può	_	_	_	_	_	linguistic	_	ContainsVariation=No	_	_	_	_	_	_
770-2	BZ006	770	2	succ-	succ-	_	_	_	_	_	linguistic	_	ContainsVariation=No	Interrupted=Yes	_	_	_	_	_
770-3	BZ006	770	3	posson	posson	_	_	_	_	_	linguistic	_	ContainsVariation=No	_	_	_	_	_	_
770-4	BZ006	770	4	succedere	succedere	_	_	_	_	_	linguistic	_	ContainsVariation=No	_	_	_	_	_	_
770-5	BZ006	770	5	queste	queste	_	_	_	_	_	linguistic	_	ContainsVariation=No	_	_	_	_	_	_
770-6	BZ006	770	6	cose.	cose	_	_	_	_	_	linguistic	_	ContainsVariation=No	Intonation=Falling	_	_	_	_	_
770-7	BZ006	770	7	[dipende]	dipende	_	_	_	_	_	linguistic	_	ContainsVariation=No	_	_	_	_	_	0-7(193)
770-8	BZ006	770	8	quanto	quanto	_	_	_	_	_	linguistic	_	ContainsVariation=No	_	_	_	_	_	_
770-9	BZ006	770	9	uno,	uno	_	_	_	_	_	linguistic	_	ContainsVariation=No	Intonation=WeaklyRising	End=2074.401	_	_	_	_
771-0	BZ001	771	0	[mh	mh	_	_	_	_	_	linguistic	_	ContainsVariation=No	ProsodicLink=Yes	Begin=2073.431	_	_	_	0-2(193)
771-1	BZ001	771	1	mh],	mh	_	_	_	_	_	linguistic	_	ContainsVariation=No	Intonation=WeaklyRising	End=2073.841	_	_	_	0-2(193)
772-0	BZ006	772	0	tiene	tiene	_	_	_	_	_	linguistic	_	ContainsVariation=No	_	Begin=2074.691	_	_	_	_
772-1	BZ006	772	1	a	a	_	_	_	_	_	linguistic	_	ContainsVariation=No	_	_	_	_	_	_
772-2	BZ006	772	2	quella	quella	_	_	_	_	_	linguistic	_	ContainsVariation=No	_	_	_	_	_	_
772-3	BZ006	772	3	lingua,	lingua	_	_	_	_	_	linguistic	_	ContainsVariation=No	Intonation=WeaklyRising	End=2075.761	_	_	_	_
773-0	BZ006	773	0	che	che	_	_	_	_	_	linguistic	_	ContainsVariation=No	_	Begin=2076.591	_	_	_	_
773-1	BZ006	773	1	idea	idea	_	_	_	_	_	linguistic	_	ContainsVariation=No	_	_	_	_	_	_
773-2	BZ006	773	2	ha	ha	_	_	_	_	_	linguistic	_	ContainsVariation=No	_	_	_	_	_	_
773-3	BZ006	773	3	della	della	_	_	_	_	_	linguistic	_	ContainsVariation=No	_	_	_	_	_	_
773-4	BZ006	773	4	lingua,	lingua	_	_	_	_	_	linguistic	_	ContainsVariation=No	Intonation=WeaklyRising	End=2077.991	_	_	_	_
774-0	BZ006	774	0	e:	e	_	_	_	_	_	linguistic	_	ContainsVariation=No	_	Begin=2079.086	0x1	_	_	_
774-1	BZ006	774	1	così	così	_	_	_	_	_	linguistic	_	ContainsVariation=No	_	_	_	_	_	_
774-2	BZ006	774	2	via.	via	_	_	_	_	_	linguistic	_	ContainsVariation=No	Intonation=Falling	End=2080.096	_	_	_	_
775-0	BZ001	775	0	e	e	_	_	_	_	_	linguistic	_	ContainsVariation=No	_	Begin=2081.006	_	_	_	_
775-1	BZ001	775	1	che	che	_	_	_	_	_	linguistic	_	ContainsVariation=No	_	_	_	_	_	_
775-2	BZ001	775	2	impatto	impatto	_	_	_	_	_	linguistic	_	ContainsVariation=No	_	_	_	_	_	_
775-3	BZ001	775	3	ha	ha	_	_	_	_	_	linguistic	_	ContainsVariation=No	_	_	_	_	_	_
775-4	BZ001	775	4	avuto	avuto	_	_	_	_	_	linguistic	_	ContainsVariation=No	_	_	_	_	_	_
775-5	BZ001	775	5	questo	questo	_	_	_	_	_	linguistic	_	ContainsVariation=No	_	_	_	_	_	_
775-6	BZ001	775	6	sui	sui	_	_	_	_	_	linguistic	_	ContainsVariation=No	_	_	_	_	_	_
775-7	BZ001	775	7	bambini?	bambini	_	_	_	_	_	linguistic	_	ContainsVariation=No	Intonation=Rising	End=2082.726	_	_	_	_
776-0	BZ001	776	0	a	a	_	_	_	_	_	linguistic	_	ContainsVariation=No	_	Begin=2082.981	_	_	_	_
776-1	BZ001	776	1	cui	cui	_	_	_	_	_	linguistic	_	ContainsVariation=No	_	_	_	_	_	_
776-2	BZ001	776	2	insegnavi?	insegnavi	_	_	_	_	_	linguistic	_	ContainsVariation=No	Intonation=Rising	_	_	_	_	_
776-3	BZ001	776	3	cioè	cioè	_	_	_	_	_	linguistic	_	ContainsVariation=No	_	_	_	_	_	_
776-4	BZ001	776	4	che:,	che	_	_	_	_	_	linguistic	_	ContainsVariation=No	Intonation=WeaklyRising	End=2084.7200000000003	2x1	_	_	_
777-0	BZ006	777	0	mi:	mi	_	_	_	_	_	linguistic	_	ContainsVariation=No	_	Begin=2084.7200000000003	1x1	_	_	_
777-1	BZ006	777	1	piacerebbe	piacerebbe	_	_	_	_	_	linguistic	_	ContainsVariation=No	_	_	_	_	_	_
777-2	BZ006	777	2	saperlo	saperlo	_	_	_	_	_	linguistic	_	ContainsVariation=No	_	_	_	_	_	_
777-3	BZ006	777	3	fra:	fra	_	_	_	_	_	linguistic	_	ContainsVariation=No	_	_	2x1	_	_	_
777-4	BZ006	777	4	fra	fra	_	_	_	_	_	linguistic	_	ContainsVariation=No	_	_	_	_	_	_
777-5	BZ006	777	5	un	un	_	_	_	_	_	linguistic	_	ContainsVariation=No	_	_	_	_	_	_
777-6	BZ006	777	6	po'.	po'	_	_	_	_	_	linguistic	_	ContainsVariation=No	Intonation=Falling	_	_	_	_	_
777-7	BZ006	777	7	perché,	perché	_	_	_	_	_	linguistic	_	ContainsVariation=No	Intonation=WeaklyRising	End=2087.21	_	_	_	_
778-0	BZ006	778	0	quello	quello	_	_	_	_	_	linguistic	_	ContainsVariation=No	_	Begin=2087.725	_	_	_	_
778-1	BZ006	778	1	che	che	_	_	_	_	_	linguistic	_	ContainsVariation=No	_	_	_	_	_	_
778-2	BZ006	778	2	puoi	puoi	_	_	_	_	_	linguistic	_	ContainsVariation=No	_	_	_	_	_	_
778-3	BZ006	778	3	sapere	sapere	_	_	_	_	_	linguistic	_	ContainsVariation=No	_	_	_	_	_	_
778-4	BZ006	778	4	subito	subito	_	_	_	_	_	linguistic	_	ContainsVariation=No	_	_	_	_	_	_
778-5	BZ006	778	5	è	è	_	_	_	_	_	linguistic	_	ContainsVariation=No	_	_	_	_	_	_
778-6	BZ006	778	6	sempre	sempre	_	_	_	_	_	linguistic	_	ContainsVariation=No	_	_	_	_	_	_
778-7	BZ006	778	7	relativamente	relativamente	_	_	_	_	_	linguistic	_	ContainsVariation=No	_	_	_	_	_	_
778-8	BZ006	778	8	[poco].	poco	_	_	_	_	_	linguistic	_	ContainsVariation=No	Intonation=Falling	End=2090.485	_	_	_	0-4(194)
779-0	BZ001	779	0	[certo].	certo	_	_	_	_	_	linguistic	_	ContainsVariation=No	Intonation=Falling	Begin=2090.0|End=2090.46	_	_	_	0-5(194)
780-0	BZ006	780	0	però	però	_	_	_	_	_	linguistic	_	ContainsVariation=No	_	Begin=2092.035	_	_	_	_
780-1	BZ006	780	1	devo	devo	_	_	_	_	_	linguistic	_	ContainsVariation=No	_	_	_	_	_	_
780-2	BZ006	780	2	dire	dire	_	_	_	_	_	linguistic	_	ContainsVariation=No	_	_	_	_	_	_
780-3	BZ006	780	3	su:	su	_	_	_	_	_	linguistic	_	ContainsVariation=No	_	_	1x1	_	_	_
780-4	BZ006	780	4	insomma,	insomma	_	_	_	_	_	linguistic	_	ContainsVariation=No	Intonation=WeaklyRising	End=2093.995	_	_	_	_
781-0	BZ006	781	0	mh::	mh	_	_	_	_	_	linguistic	_	ContainsVariation=No	_	Begin=2094.28	1x2	_	_	_
781-1	BZ006	781	1	almeno,	almeno	_	_	_	_	_	linguistic	_	ContainsVariation=No	Intonation=WeaklyRising	_	_	_	_	_
781-2	BZ006	781	2	quelli	quelli	_	_	_	_	_	linguistic	_	ContainsVariation=No	_	_	_	_	_	_
781-3	BZ006	781	3	di	di	_	_	_	_	_	linguistic	_	ContainsVariation=No	_	_	_	_	_	_
781-4	BZ006	781	4	cui	cui	_	_	_	_	_	linguistic	_	ContainsVariation=No	_	_	_	_	_	_
781-5	BZ006	781	5	ho	ho	_	_	_	_	_	linguistic	_	ContainsVariation=No	_	_	_	_	_	_
781-6	BZ006	781	6	avuto	avuto	_	_	_	_	_	linguistic	_	ContainsVariation=No	_	_	_	_	_	_
781-7	BZ006	781	7	un	un	_	_	_	_	_	linguistic	_	ContainsVariation=No	_	_	_	_	_	_
781-8	BZ006	781	8	riscontro	riscontro	_	_	_	_	_	linguistic	_	ContainsVariation=No	_	_	_	_	_	_
781-9	BZ006	781	9	esplicito	esplicito	_	_	_	_	_	linguistic	_	ContainsVariation=No	_	_	_	_	_	_
781-10	BZ006	781	10	dai	dai	_	_	_	_	_	linguistic	_	ContainsVariation=No	_	_	_	_	_	_
781-11	BZ006	781	11	genitori	genitori	_	_	_	_	_	linguistic	_	ContainsVariation=No	_	_	_	_	_	_
781-12	BZ006	781	12	che	che	_	_	_	_	_	linguistic	_	ContainsVariation=No	_	_	_	_	_	_
781-13	BZ006	781	13	mi	mi	_	_	_	_	_	linguistic	_	ContainsVariation=No	_	_	_	_	_	_
781-14	BZ006	781	14	han	han	_	_	_	_	_	linguistic	_	ContainsVariation=No	_	_	_	_	_	_
781-15	BZ006	781	15	cercato	cercato	_	_	_	_	_	linguistic	_	ContainsVariation=No	_	_	_	_	_	_
781-16	BZ006	781	16	per	per	_	_	_	_	_	linguistic	_	ContainsVariation=No	_	_	_	_	_	_
781-17	BZ006	781	17	darmelo,	darmelo	_	_	_	_	_	linguistic	_	ContainsVariation=No	Intonation=WeaklyRising	_	_	_	_	_
781-18	BZ006	781	18	alcuni,	alcuni	_	_	_	_	_	linguistic	_	ContainsVariation=No	Intonation=WeaklyRising	End=2100.39	_	_	_	_
782-0	BZ006	782	0	cioè	cioè	_	_	_	_	_	linguistic	_	ContainsVariation=No	_	Begin=2100.94	_	_	_	_
782-1	BZ006	782	1	è	è	_	_	_	_	_	linguistic	_	ContainsVariation=No	_	_	_	_	_	_
782-2	BZ006	782	2	aumentato	aumentato	_	_	_	_	_	linguistic	_	ContainsVariation=No	_	_	_	_	_	_
782-3	BZ006	782	3	il	il	_	_	_	_	_	linguistic	_	ContainsVariation=No	_	_	_	_	_	_
782-4	BZ006	782	4	loro	loro	_	_	_	_	_	linguistic	_	ContainsVariation=No	_	_	_	_	_	_
782-5	BZ006	782	5	interesse	interesse	_	_	_	_	_	linguistic	_	ContainsVariation=No	_	_	_	_	_	_
782-6	BZ006	782	6	per	per	_	_	_	_	_	linguistic	_	ContainsVariation=No	_	_	_	_	_	_
782-7	BZ006	782	7	il	il	_	_	_	_	_	linguistic	_	ContainsVariation=No	_	_	_	_	_	_
782-8	BZ006	782	8	tedesco,	tedesco	_	_	_	_	_	linguistic	_	ContainsVariation=No	Intonation=WeaklyRising	_	_	_	_	_
782-9	BZ006	782	9	oppure	oppure	_	_	_	_	_	linguistic	_	ContainsVariation=No	_	_	_	_	_	_
782-10	BZ006	782	10	facevano	facevano	_	_	_	_	_	linguistic	_	ContainsVariation=No	_	_	_	_	_	_
782-11	BZ006	782	11	volentieri	volentieri	_	_	_	_	_	linguistic	_	ContainsVariation=No	_	_	_	_	_	_
782-12	BZ006	782	12	i	i	_	_	_	_	_	linguistic	_	ContainsVariation=No	_	_	_	_	_	_
782-13	BZ006	782	13	compiti	compiti	_	_	_	_	_	linguistic	_	ContainsVariation=No	_	_	_	_	_	_
782-14	BZ006	782	14	di	di	_	_	_	_	_	linguistic	_	ContainsVariation=No	_	_	_	_	_	_
782-15	BZ006	782	15	tedesco	tedesco	_	_	_	_	_	linguistic	_	ContainsVariation=No	_	_	_	_	_	_
782-16	BZ006	782	16	oppure	oppure	_	_	_	_	_	linguistic	_	ContainsVariation=No	_	_	_	_	_	_
782-17	BZ006	782	17	si,	si	_	_	_	_	_	linguistic	_	ContainsVariation=No	Intonation=WeaklyRising	End=2105.72	_	_	_	_
783-0	BZ006	783	0	eh::	eh	_	_	_	_	_	linguistic	_	ContainsVariation=No	_	Begin=2106.255	1x2	_	_	_
783-1	BZ006	783	1	sì	sì	_	_	_	_	_	linguistic	_	ContainsVariation=No	_	_	_	_	_	_
783-2	BZ006	783	2	sono	sono	_	_	_	_	_	linguistic	_	ContainsVariation=No	_	_	_	_	_	_
783-3	BZ006	783	3	appassionati	appassionati	_	_	_	_	_	linguistic	_	ContainsVariation=No	_	_	_	_	_	_
783-4	BZ006	783	4	del	del	_	_	_	_	_	linguistic	_	ContainsVariation=No	_	_	_	_	_	_
783-5	BZ006	783	5	tedesco	tedesco	_	_	_	_	_	linguistic	_	ContainsVariation=No	_	_	_	_	_	_
783-6	BZ006	783	6	tant'	tant'	_	_	_	_	_	linguistic	_	ContainsVariation=No	SpaceAfter=No	_	_	_	_	_
783-7	BZ006	783	7	è	è	_	_	_	_	_	linguistic	_	ContainsVariation=No	_	_	_	_	_	_
783-8	BZ006	783	8	che	che	_	_	_	_	_	linguistic	_	ContainsVariation=No	_	_	_	_	_	_
783-9	BZ006	783	9	ascoltavano	ascoltavano	_	_	_	_	_	linguistic	_	ContainsVariation=No	_	_	_	_	_	_
783-10	BZ006	783	10	le	le	_	_	_	_	_	linguistic	_	ContainsVariation=No	_	_	_	_	_	_
783-11	BZ006	783	11	canzoni	canzoni	_	_	_	_	_	linguistic	_	ContainsVariation=No	_	_	_	_	_	_
783-12	BZ006	783	12	tedesche	tedesche	_	_	_	_	_	linguistic	_	ContainsVariation=No	_	_	_	_	_	_
783-13	BZ006	783	13	tutto	tutto	_	_	_	_	_	linguistic	_	ContainsVariation=No	_	_	_	_	_	_
783-14	BZ006	783	14	il	il	_	_	_	_	_	linguistic	_	ContainsVariation=No	_	_	_	_	_	_
783-15	BZ006	783	15	giorno,	giorno	_	_	_	_	_	linguistic	_	ContainsVariation=No	Intonation=WeaklyRising	End=2111.075	_	_	_	_
784-0	BZ001	784	0	bello	bello	_	_	_	_	_	linguistic	_	ContainsVariation=No	_	Begin=2111.14	_	_	_	_
784-1	BZ001	784	1	[questo].	questo	_	_	_	_	_	linguistic	_	ContainsVariation=No	Intonation=Falling	End=2111.8	_	_	_	0-6(195)
785-0	BZ006	785	0	[cosa]	cosa	_	_	_	_	_	linguistic	_	ContainsVariation=No	_	Begin=2111.355	_	_	_	0-4(195)
785-1	BZ006	785	1	che	che	_	_	_	_	_	linguistic	_	ContainsVariation=No	_	_	_	_	_	_
785-2	BZ006	785	2	io	io	_	_	_	_	_	linguistic	_	ContainsVariation=No	_	_	_	_	_	_
785-3	BZ006	785	3	non	non	_	_	_	_	_	linguistic	_	ContainsVariation=No	_	_	_	_	_	_
785-4	BZ006	785	4	ho	ho	_	_	_	_	_	linguistic	_	ContainsVariation=No	_	_	_	_	_	_
785-5	BZ006	785	5	mai	mai	_	_	_	_	_	linguistic	_	ContainsVariation=No	_	_	_	_	_	_
785-6	BZ006	785	6	fatto	fatto	_	_	_	_	_	linguistic	_	ContainsVariation=No	_	_	_	_	_	_
785-7	BZ006	785	7	in	in	_	_	_	_	_	linguistic	_	ContainsVariation=No	_	_	_	_	_	_
785-8	BZ006	785	8	vita	vita	_	_	_	_	_	linguistic	_	ContainsVariation=No	_	_	_	_	_	_
785-9	BZ006	785	9	mia,	mia	_	_	_	_	_	linguistic	_	ContainsVariation=No	Intonation=WeaklyRising	End=2112.605	_	_	_	_
786-0	BZ006	786	0	cioè	cioè	_	_	_	_	_	linguistic	_	ContainsVariation=No	_	Begin=2112.605	_	_	_	_
786-1	BZ006	786	1	[l'	l'	_	_	_	_	_	linguistic	_	ContainsVariation=No	SpaceAfter=No	_	_	_	_	0-2(196)
786-2	BZ006	786	2	ho	ho	_	_	_	_	_	linguistic	_	ContainsVariation=No	_	_	_	_	_	0-2(196)
786-3	BZ006	786	3	sempre	sempre	_	_	_	_	_	linguistic	_	ContainsVariation=No	_	_	_	_	_	0-6(196)
786-4	BZ006	786	4	fatto	fatto	_	_	_	_	_	linguistic	_	ContainsVariation=No	_	_	_	_	_	0-5(196)
786-5	BZ006	786	5	dai]	dai	_	_	_	_	_	linguistic	_	ContainsVariation=No	_	_	_	_	_	0-3(196)
786-6	BZ006	786	6	vent'	vent'	_	_	_	_	_	linguistic	_	ContainsVariation=No	SpaceAfter=No	_	_	_	_	_
786-7	BZ006	786	7	anni	anni	_	_	_	_	_	linguistic	_	ContainsVariation=No	_	_	_	_	_	_
786-8	BZ006	786	8	in	in	_	_	_	_	_	linguistic	_	ContainsVariation=No	_	_	_	_	_	_
786-9	BZ006	786	9	poi	poi	_	_	_	_	_	linguistic	_	ContainsVariation=No	_	_	_	Fast=2-3(0)	_	_
786-10	BZ006	786	10	>che	che	_	_	_	_	_	linguistic	_	ContainsVariation=No	_	_	_	Fast=0-3(0)	_	_
786-11	BZ006	786	11	ho	ho	_	_	_	_	_	linguistic	_	ContainsVariation=No	_	_	_	Fast=0-2(0)	_	_
786-12	BZ006	786	12	cominciato	cominciato	_	_	_	_	_	linguistic	_	ContainsVariation=No	_	_	_	Fast=0-10(0)	_	_
786-13	BZ006	786	13	ad	ad	_	_	_	_	_	linguistic	_	ContainsVariation=No	_	_	_	Fast=0-2(0)	_	_
786-14	BZ006	786	14	ascoltare	ascoltare	_	_	_	_	_	linguistic	_	ContainsVariation=No	_	_	_	Fast=0-9(0)	_	_
786-15	BZ006	786	15	musica	musica	_	_	_	_	_	linguistic	_	ContainsVariation=No	_	_	_	Fast=0-6(0)	_	_
786-16	BZ006	786	16	tedesca<.	tedesca	_	_	_	_	_	linguistic	_	ContainsVariation=No	Intonation=Falling	End=2115.535	_	Fast=0-6(0)	_	_
787-0	BZ001	787	0	[eh	eh	_	_	_	_	_	linguistic	_	ContainsVariation=No	_	Begin=2112.865	_	_	_	0-2(196)
787-1	BZ001	787	1	certo].	certo	_	_	_	_	_	linguistic	_	ContainsVariation=No	Intonation=Falling	End=2113.585	_	_	_	0-5(196)
788-0	BZ001	788	0	[ma	ma	_	_	_	_	_	linguistic	_	ContainsVariation=No	_	Begin=2115.995	_	_	_	0-2(197)
788-1	BZ001	788	1	alle	alle	_	_	_	_	_	linguistic	_	ContainsVariation=No	_	_	_	_	_	0-4(197)
788-2	BZ001	788	2	elementari]	elementari	_	_	_	_	_	linguistic	_	ContainsVariation=No	_	_	_	_	_	0-10(197)
788-3	BZ001	788	3	no?	no	_	_	_	_	_	linguistic	_	ContainsVariation=No	Intonation=Rising|PauseAfter=Yes	_	_	_	_	_
788-4	BZ001	788	4	(.)	(.)	_	_	_	_	_	shortpause	_	ContainsVariation=No	_	_	_	_	_	_
788-5	BZ001	788	5	[x	x	_	_	_	_	_	unknown	_	ContainsVariation=No	Syllables=1	_	_	_	_	0-1(198)
788-6	BZ001	788	6	noi	noi	_	_	_	_	_	linguistic	_	ContainsVariation=No	_	_	_	_	_	0-3(198)
788-7	BZ001	788	7	ascolta-]	ascolta-	_	_	_	_	_	linguistic	_	ContainsVariation=No	Interrupted=Yes	End=2117.955	_	_	_	0-8(198)
789-0	BZ006	789	0	[mai	mai	_	_	_	_	_	linguistic	_	ContainsVariation=No	_	Begin=2116.055	_	_	_	0-3(197)
789-1	BZ006	789	1	successo].	successo	_	_	_	_	_	linguistic	_	ContainsVariation=No	Intonation=Falling	End=2116.885	_	_	_	0-8(197)
790-0	BZ006	790	0	[a	a	_	_	_	_	_	linguistic	_	ContainsVariation=No	_	Begin=2117.51	_	_	_	0-1(198)
790-1	BZ006	790	1	parte	parte	_	_	_	_	_	linguistic	_	ContainsVariation=No	_	_	_	_	_	0-5(198)
790-2	BZ006	790	2	neunundneunzig	neunundneunzig	_	_	_	_	_	linguistic	_	ContainsVariation=No	_	_	_	_	_	0-14(198)
790-3	BZ006	790	3	luftballon]	luftballon	_	_	_	_	_	linguistic	_	ContainsVariation=No	_	End=2119.02	_	_	_	0-10(198)
791-0	BZ001	791	0	[((ride))	((ride))	_	_	_	_	_	nonverbalbehavior	_	ContainsVariation=No	_	Begin=2119.11	_	_	_	X(199)
791-1	BZ001	791	1	sì	sì	_	_	_	_	_	linguistic	_	ContainsVariation=No	_	_	_	_	_	0-2(199)
791-2	BZ001	791	2	((ridendo))	((ridendo))	_	_	_	_	_	nonverbalbehavior	_	ContainsVariation=No	_	_	_	_	_	X(199)
791-3	BZ001	791	3	((ride))]	((ride))	_	_	_	_	_	nonverbalbehavior	_	ContainsVariation=No	_	End=2120.95	_	_	_	X(199)
792-0	BZ006	792	0	[cioè	cioè	_	_	_	_	_	linguistic	_	ContainsVariation=No	_	Begin=2119.11	_	_	_	0-4(199)
792-1	BZ006	792	1	che	che	_	_	_	_	_	linguistic	_	ContainsVariation=No	_	_	_	_	_	0-3(199)
792-2	BZ006	792	2	obiettivamente],	obiettivamente	_	_	_	_	_	linguistic	_	ContainsVariation=No	Intonation=WeaklyRising	End=2120.95	_	_	_	0-14(199)
793-0	BZ006	793	0	lascia	lascia	_	_	_	_	_	linguistic	_	ContainsVariation=No	_	Begin=2121.475	_	_	_	_
793-1	BZ006	793	1	il	il	_	_	_	_	_	linguistic	_	ContainsVariation=No	_	_	_	_	_	_
793-2	BZ006	793	2	tempo	tempo	_	_	_	_	_	linguistic	_	ContainsVariation=No	_	_	_	_	_	_
793-3	BZ006	793	3	che	che	_	_	_	_	_	linguistic	_	ContainsVariation=No	_	_	_	_	_	_
793-4	BZ006	793	4	trova	trova	_	_	_	_	_	linguistic	_	ContainsVariation=No	_	_	_	_	_	_
793-5	BZ006	793	5	per	per	_	_	_	_	_	linguistic	_	ContainsVariation=No	_	_	_	_	_	_
793-6	BZ006	793	6	un	un	_	_	_	_	_	linguistic	_	ContainsVariation=No	_	_	_	_	_	_
793-7	BZ006	793	7	bambino	bambino	_	_	_	_	_	linguistic	_	ContainsVariation=No	_	_	_	_	_	_
793-8	BZ006	793	8	di,	di	_	_	_	_	_	linguistic	_	ContainsVariation=No	Intonation=WeaklyRising	_	_	_	_	_
793-9	BZ006	793	9	no?	no	_	_	_	_	_	linguistic	_	ContainsVariation=No	Intonation=Rising	End=2123.36	_	_	_	_
794-0	BZ006	794	0	cioè	cioè	_	_	_	_	_	linguistic	_	ContainsVariation=No	_	Begin=2124.065	_	_	_	_
794-1	BZ006	794	1	la	la	_	_	_	_	_	linguistic	_	ContainsVariation=No	_	_	_	_	_	_
794-2	BZ006	794	2	ascolti	ascolti	_	_	_	_	_	linguistic	_	ContainsVariation=No	_	_	_	_	_	_
794-3	BZ006	794	3	quella	quella	_	_	_	_	_	linguistic	_	ContainsVariation=No	_	_	_	_	_	_
794-4	BZ006	794	4	volta	volta	_	_	_	_	_	linguistic	_	ContainsVariation=No	_	_	_	_	_	_
794-5	BZ006	794	5	in	in	_	_	_	_	_	linguistic	_	ContainsVariation=No	_	_	_	_	_	_
794-6	BZ006	794	6	classe	classe	_	_	_	_	_	linguistic	_	ContainsVariation=No	_	_	_	_	_	_
794-7	BZ006	794	7	poi	poi	_	_	_	_	_	linguistic	_	ContainsVariation=No	PauseAfter=Yes	_	_	_	_	_
794-8	BZ006	794	8	(.)	(.)	_	_	_	_	_	shortpause	_	ContainsVariation=No	_	_	_	_	_	_
794-9	BZ006	794	9	finisce	finisce	_	_	_	_	_	linguistic	_	ContainsVariation=No	_	_	_	_	_	_
794-10	BZ006	794	10	un	un	_	_	_	_	_	linguistic	_	ContainsVariation=No	_	_	_	_	_	_
794-11	BZ006	794	11	po'	po'	_	_	_	_	_	linguistic	_	ContainsVariation=No	_	_	_	_	_	_
794-12	BZ006	794	12	nel	nel	_	_	_	_	_	linguistic	_	ContainsVariation=No	_	_	_	_	_	_
794-13	BZ006	794	13	dimenticatoio.	dimenticatoio	_	_	_	_	_	linguistic	_	ContainsVariation=No	Intonation=Falling	End=2127.045	_	_	_	_
795-0	BZ006	795	0	e	e	_	_	_	_	_	linguistic	_	ContainsVariation=No	_	Begin=2127.48	_	_	_	_
795-1	BZ006	795	1	questi	questi	_	_	_	_	_	linguistic	_	ContainsVariation=No	_	_	_	_	_	_
795-2	BZ006	795	2	la	la	_	_	_	_	_	linguistic	_	ContainsVariation=No	_	_	_	_	_	_
795-3	BZ006	795	3	portavano	portavano	_	_	_	_	_	linguistic	_	ContainsVariation=No	_	_	_	_	_	_
795-4	BZ006	795	4	un	un	_	_	_	_	_	linguistic	_	ContainsVariation=No	_	_	_	_	_	_
795-5	BZ006	795	5	po'	po'	_	_	_	_	_	linguistic	_	ContainsVariation=No	_	_	_	_	_	_
795-6	BZ006	795	6	avanti.	avanti	_	_	_	_	_	linguistic	_	ContainsVariation=No	Intonation=Falling	_	_	_	_	_
795-7	BZ006	795	7	e::	e	_	_	_	_	_	linguistic	_	ContainsVariation=No	_	_	0x2	_	_	_
795-8	BZ006	795	8	mh:::	mh	_	_	_	_	_	linguistic	_	ContainsVariation=No	PauseAfter=Yes	_	1x3	_	_	_
795-9	BZ006	795	9	(.)	(.)	_	_	_	_	_	shortpause	_	ContainsVariation=No	_	_	_	_	_	_
795-10	BZ006	795	10	eh	eh	_	_	_	_	_	linguistic	_	ContainsVariation=No	_	_	_	_	_	_
795-11	BZ006	795	11	comunque	comunque	_	_	_	_	_	linguistic	_	ContainsVariation=No	_	_	_	_	_	_
795-12	BZ006	795	12	ecco	ecco	_	_	_	_	_	linguistic	_	ContainsVariation=No	_	_	_	_	_	_
795-13	BZ006	795	13	appassionati,	appassionati	_	_	_	_	_	linguistic	_	ContainsVariation=No	Intonation=WeaklyRising	_	_	_	_	_
795-14	BZ006	795	14	poi,	poi	_	_	_	_	_	linguistic	_	ContainsVariation=No	Intonation=WeaklyRising	End=2133.05	_	_	_	_
796-0	BZ006	796	0	poi	poi	_	_	_	_	_	linguistic	_	ContainsVariation=No	_	Begin=2134.27	_	_	_	_
796-1	BZ006	796	1	lì	lì	_	_	_	_	_	linguistic	_	ContainsVariation=No	_	_	_	_	_	_
796-2	BZ006	796	2	si	si	_	_	_	_	_	linguistic	_	ContainsVariation=No	_	_	_	_	_	_
796-3	BZ006	796	3	si	si	_	_	_	_	_	linguistic	_	ContainsVariation=No	_	_	_	_	_	_
796-4	BZ006	796	4	mescola	mescola	_	_	_	_	_	linguistic	_	ContainsVariation=No	_	_	_	_	_	_
796-5	BZ006	796	5	una	una	_	_	_	_	_	linguistic	_	ContainsVariation=No	_	_	_	_	_	_
796-6	BZ006	796	6	serie	serie	_	_	_	_	_	linguistic	_	ContainsVariation=No	_	_	_	_	_	_
796-7	BZ006	796	7	di	di	_	_	_	_	_	linguistic	_	ContainsVariation=No	_	_	_	_	_	_
796-8	BZ006	796	8	fattori	fattori	_	_	_	_	_	linguistic	_	ContainsVariation=No	_	_	_	_	_	_
796-9	BZ006	796	9	perché	perché	_	_	_	_	_	linguistic	_	ContainsVariation=No	_	_	_	_	_	_
796-10	BZ006	796	10	eh	eh	_	_	_	_	_	linguistic	_	ContainsVariation=No	_	_	_	_	_	_
796-11	BZ006	796	11	in	in	_	_	_	_	_	linguistic	_	ContainsVariation=No	_	_	_	_	_	_
796-12	BZ006	796	12	una	una	_	_	_	_	_	linguistic	_	ContainsVariation=No	_	_	_	_	_	_
796-13	BZ006	796	13	scuola	scuola	_	_	_	_	_	linguistic	_	ContainsVariation=No	_	_	_	_	_	_
796-14	BZ006	796	14	elementare	elementare	_	_	_	_	_	linguistic	_	ContainsVariation=No	_	_	_	_	_	_
796-15	BZ006	796	15	l'	l'	_	_	_	_	_	linguistic	_	ContainsVariation=No	SpaceAfter=No	_	_	_	_	_
796-16	BZ006	796	16	insegnante	insegnante	_	_	_	_	_	linguistic	_	ContainsVariation=No	_	_	_	_	_	_
796-17	BZ006	796	17	giovane	giovane	_	_	_	_	_	linguistic	_	ContainsVariation=No	_	_	_	_	_	_
796-18	BZ006	796	18	maschio,	maschio	_	_	_	_	_	linguistic	_	ContainsVariation=No	Intonation=WeaklyRising	End=2139.37	_	_	_	_
797-0	BZ006	797	0	cioè	cioè	_	_	_	_	_	linguistic	_	ContainsVariation=No	_	Begin=2139.815	_	_	_	_
797-1	BZ006	797	1	una	una	_	_	_	_	_	linguistic	_	ContainsVariation=No	_	_	_	_	_	_
797-2	BZ006	797	2	figura	figura	_	_	_	_	_	linguistic	_	ContainsVariation=No	_	_	_	_	_	_
797-3	BZ006	797	3	che	che	_	_	_	_	_	linguistic	_	ContainsVariation=No	_	_	_	_	_	_
797-4	BZ006	797	4	magari	magari	_	_	_	_	_	linguistic	_	ContainsVariation=No	_	_	_	_	_	_
797-5	BZ006	797	5	non	non	_	_	_	_	_	linguistic	_	ContainsVariation=No	_	_	_	_	_	_
797-6	BZ006	797	6	si	si	_	_	_	_	_	linguistic	_	ContainsVariation=No	_	_	_	_	_	_
797-7	BZ006	797	7	vede	vede	_	_	_	_	_	linguistic	_	ContainsVariation=No	_	_	_	_	_	_
797-8	BZ006	797	8	molto	molto	_	_	_	_	_	linguistic	_	ContainsVariation=No	_	_	_	_	_	_
797-9	BZ006	797	9	spesso,	spesso	_	_	_	_	_	linguistic	_	ContainsVariation=No	Intonation=WeaklyRising	End=2142.185	_	_	_	_
798-0	BZ006	798	0	per	per	_	_	_	_	_	linguistic	_	ContainsVariation=No	_	Begin=2142.953	_	_	_	_
798-1	BZ006	798	1	inerzia	inerzia	_	_	_	_	_	linguistic	_	ContainsVariation=No	_	_	_	_	_	_
798-2	BZ006	798	2	ti	ti	_	_	_	_	_	linguistic	_	ContainsVariation=No	_	_	_	_	_	_
798-3	BZ006	798	3	porta	porta	_	_	_	_	_	linguistic	_	ContainsVariation=No	_	_	_	_	_	_
798-4	BZ006	798	4	un	un	_	_	_	_	_	linguistic	_	ContainsVariation=No	_	_	_	_	_	_
798-5	BZ006	798	5	po'	po'	_	_	_	_	_	linguistic	_	ContainsVariation=No	_	_	_	_	_	_
798-6	BZ006	798	6	a,	a	_	_	_	_	_	linguistic	_	ContainsVariation=No	Intonation=WeaklyRising	_	_	_	_	_
798-7	BZ006	798	7	((ridendo))	((ridendo))	_	_	_	_	_	nonverbalbehavior	_	ContainsVariation=No	_	End=2144.843	_	_	_	_
799-0	BZ001	799	0	sì	sì	_	_	_	_	_	linguistic	_	ContainsVariation=No	_	Begin=2145.033	_	_	_	_
799-1	BZ001	799	1	dici	dici	_	_	_	_	_	linguistic	_	ContainsVariation=No	_	_	_	_	_	_
799-2	BZ001	799	2	[è	è	_	_	_	_	_	linguistic	_	ContainsVariation=No	_	_	_	_	_	0-1(200)
799-3	BZ001	799	3	un:	un	_	_	_	_	_	linguistic	_	ContainsVariation=No	PauseAfter=Yes	_	1x1	_	_	0-2(200)
799-4	BZ001	799	4	(.)	(.)	_	_	_	_	_	shortpause	_	ContainsVariation=No	_	_	_	_	_	X(200)
799-5	BZ001	799	5	un	un	_	_	_	_	_	linguistic	_	ContainsVariation=No	_	_	_	_	_	0-2(200)
799-6	BZ001	799	6	coinvolgimento	coinvolgimento	_	_	_	_	_	linguistic	_	ContainsVariation=No	_	_	_	_	_	0-14(200)
799-7	BZ001	799	7	diverso].	diverso	_	_	_	_	_	linguistic	_	ContainsVariation=No	Intonation=Falling	End=2147.553	_	_	_	0-7(200)
800-0	BZ006	800	0	[a	a	_	_	_	_	_	linguistic	_	ContainsVariation=No	_	Begin=2145.388	_	_	_	0-1(200)
800-1	BZ006	800	1	seguirlo	seguirlo	_	_	_	_	_	linguistic	_	ContainsVariation=No	_	_	_	_	_	0-8(200)
800-2	BZ006	800	2	no?	no	_	_	_	_	_	linguistic	_	ContainsVariation=No	Intonation=Rising	_	_	_	_	0-2(200)
800-3	BZ006	800	3	esatto	esatto	_	_	_	_	_	linguistic	_	ContainsVariation=No	_	_	_	_	_	0-6(200)
800-4	BZ006	800	4	c'	c'	_	_	_	_	_	linguistic	_	ContainsVariation=No	SpaceAfter=No	_	_	_	_	0-2(200)
800-5	BZ006	800	5	è]	è	_	_	_	_	_	linguistic	_	ContainsVariation=No	_	_	_	_	_	0-1(200)
800-6	BZ006	800	6	un	un	_	_	_	_	_	linguistic	_	ContainsVariation=No	_	_	_	_	_	_
800-7	BZ006	800	7	coinvolgimento	coinvolgimento	_	_	_	_	_	linguistic	_	ContainsVariation=No	_	_	_	_	_	_
800-8	BZ006	800	8	più	più	_	_	_	_	_	linguistic	_	ContainsVariation=No	_	_	_	_	_	_
800-9	BZ006	800	9	forte	forte	_	_	_	_	_	linguistic	_	ContainsVariation=No	_	_	_	_	_	_
800-10	BZ006	800	10	anche	anche	_	_	_	_	_	linguistic	_	ContainsVariation=No	_	_	_	_	_	_
800-11	BZ006	800	11	soltanto	soltanto	_	_	_	_	_	linguistic	_	ContainsVariation=No	_	_	_	_	_	_
800-12	BZ006	800	12	entrando	entrando	_	_	_	_	_	linguistic	_	ContainsVariation=No	_	_	_	_	_	_
800-13	BZ006	800	13	no?	no	_	_	_	_	_	linguistic	_	ContainsVariation=No	Intonation=Rising	End=2149.968	_	_	_	_
801-0	BZ006	801	0	per	per	_	_	_	_	_	linguistic	_	ContainsVariation=No	_	Begin=2150.263	_	_	_	_
801-1	BZ006	801	1	l'	l'	_	_	_	_	_	linguistic	_	ContainsVariation=No	SpaceAfter=No	_	_	_	_	_
801-2	BZ006	801	2	energia	energia	_	_	_	_	_	linguistic	_	ContainsVariation=No	_	_	_	_	_	_
801-3	BZ006	801	3	che	che	_	_	_	_	_	linguistic	_	ContainsVariation=No	_	_	_	_	_	_
801-4	BZ006	801	4	porti.	porti	_	_	_	_	_	linguistic	_	ContainsVariation=No	Intonation=Falling	End=2151.423	_	_	_	_
802-0	BZ006	802	0	eh	eh	_	_	_	_	_	linguistic	_	ContainsVariation=No	_	Begin=2152.048	_	_	_	_
802-1	BZ006	802	1	però	però	_	_	_	_	_	linguistic	_	ContainsVariation=No	_	_	_	_	_	_
802-2	BZ006	802	2	penso	penso	_	_	_	_	_	linguistic	_	ContainsVariation=No	_	_	_	_	_	_
802-3	BZ006	802	3	che	che	_	_	_	_	_	linguistic	_	ContainsVariation=No	_	_	_	_	_	_
802-4	BZ006	802	4	questo	questo	_	_	_	_	_	linguistic	_	ContainsVariation=No	_	_	_	_	_	_
802-5	BZ006	802	5	tipo	tipo	_	_	_	_	_	linguistic	_	ContainsVariation=No	_	_	_	_	_	_
802-6	BZ006	802	6	di	di	_	_	_	_	_	linguistic	_	ContainsVariation=No	_	_	_	_	_	_
802-7	BZ006	802	7	approccio	approccio	_	_	_	_	_	linguistic	_	ContainsVariation=No	_	_	_	_	_	_
802-8	BZ006	802	8	abbia	abbia	_	_	_	_	_	linguistic	_	ContainsVariation=No	_	_	_	_	_	_
802-9	BZ006	802	9	comunque	comunque	_	_	_	_	_	linguistic	_	ContainsVariation=No	_	_	_	_	_	_
802-10	BZ006	802	10	contribuito	contribuito	_	_	_	_	_	linguistic	_	ContainsVariation=No	_	_	_	_	_	_
802-11	BZ006	802	11	un	un	_	_	_	_	_	linguistic	_	ContainsVariation=No	_	_	_	_	_	_
802-12	BZ006	802	12	po'	po'	_	_	_	_	_	linguistic	_	ContainsVariation=No	_	_	_	_	_	_
802-13	BZ006	802	13	al,	al	_	_	_	_	_	linguistic	_	ContainsVariation=No	Intonation=WeaklyRising	End=2156.368	_	_	_	_
803-0	BZ006	803	0	al	al	_	_	_	_	_	linguistic	_	ContainsVariation=No	_	Begin=2156.733	_	_	_	_
803-1	BZ006	803	1	percorso.	percorso	_	_	_	_	_	linguistic	_	ContainsVariation=No	Intonation=Falling	End=2157.563	_	_	_	_
804-0	BZ006	804	0	eh::m	ehm	_	_	_	_	_	linguistic	_	ContainsVariation=No	_	Begin=2158.283	1x2	_	_	_
804-1	BZ006	804	1	e	e	_	_	_	_	_	linguistic	_	ContainsVariation=No	_	_	_	_	_	_
804-2	BZ006	804	2	io	io	_	_	_	_	_	linguistic	_	ContainsVariation=No	_	_	_	_	_	_
804-3	BZ006	804	3	insisterei	insisterei	_	_	_	_	_	linguistic	_	ContainsVariation=No	_	_	_	_	_	_
804-4	BZ006	804	4	in	in	_	_	_	_	_	linguistic	_	ContainsVariation=No	_	_	_	_	_	_
804-5	BZ006	804	5	questo	questo	_	_	_	_	_	linguistic	_	ContainsVariation=No	_	_	_	_	_	_
804-6	BZ006	804	6	senso,	senso	_	_	_	_	_	linguistic	_	ContainsVariation=No	Intonation=WeaklyRising	End=2160.903	_	_	_	_
805-0	BZ006	805	0	nel	nel	_	_	_	_	_	linguistic	_	ContainsVariation=No	_	Begin=2161.168	_	_	_	_
805-1	BZ006	805	1	senso	senso	_	_	_	_	_	linguistic	_	ContainsVariation=No	_	_	_	_	_	_
805-2	BZ006	805	2	che	che	_	_	_	_	_	linguistic	_	ContainsVariation=No	_	_	_	_	_	_
805-3	BZ006	805	3	secondo	secondo	_	_	_	_	_	linguistic	_	ContainsVariation=No	_	_	_	_	_	_
805-4	BZ006	805	4	me	me	_	_	_	_	_	linguistic	_	ContainsVariation=No	_	_	_	_	_	_
805-5	BZ006	805	5	la	la	_	_	_	_	_	linguistic	_	ContainsVariation=No	_	_	_	_	_	_
805-6	BZ006	805	6	lingua	lingua	_	_	_	_	_	linguistic	_	ContainsVariation=No	_	_	_	_	_	_
805-7	BZ006	805	7	è	è	_	_	_	_	_	linguistic	_	ContainsVariation=No	_	_	_	_	_	_
805-8	BZ006	805	8	switching	switching	_	_	_	_	_	linguistic	_	ContainsVariation=No	_	_	_	_	_	_
805-9	BZ006	805	9	è	è	_	_	_	_	_	linguistic	_	ContainsVariation=No	_	_	_	_	_	_
805-10	BZ006	805	10	switchare	switchare	_	_	_	_	_	linguistic	_	ContainsVariation=No	_	_	_	_	_	_
805-11	BZ006	805	11	proprio	proprio	_	_	_	_	_	linguistic	_	ContainsVariation=No	_	_	_	_	_	_
805-12	BZ006	805	12	cambiare	cambiare	_	_	_	_	_	linguistic	_	ContainsVariation=No	_	_	_	_	_	_
805-13	BZ006	805	13	la	la	_	_	_	_	_	linguistic	_	ContainsVariation=No	_	_	_	_	_	_
805-14	BZ006	805	14	lingua,	lingua	_	_	_	_	_	linguistic	_	ContainsVariation=No	Intonation=WeaklyRising	End=2165.368	_	_	_	_
806-0	BZ006	806	0	eh::	eh	_	_	_	_	_	linguistic	_	ContainsVariation=No	_	Begin=2165.883|End=2166.413	1x2	_	_	_
807-0	BZ006	807	0	e	e	_	_	_	_	_	linguistic	_	ContainsVariation=No	_	Begin=2166.743	_	_	_	_
807-1	BZ006	807	1	anche	anche	_	_	_	_	_	linguistic	_	ContainsVariation=No	_	_	_	_	_	_
807-2	BZ006	807	2	la	la	_	_	_	_	_	linguistic	_	ContainsVariation=No	_	_	_	_	_	_
807-3	BZ006	807	3	bellezza	bellezza	_	_	_	_	_	linguistic	_	ContainsVariation=No	_	_	_	_	_	_
807-4	BZ006	807	4	di,	di	_	_	_	_	_	linguistic	_	ContainsVariation=No	Intonation=WeaklyRising	End=2168.253	_	_	_	_
808-0	BZ006	808	0	adesso	adesso	_	_	_	_	_	linguistic	_	ContainsVariation=No	_	Begin=2169.993	_	_	_	_
808-1	BZ006	808	1	ho	ho	_	_	_	_	_	linguistic	_	ContainsVariation=No	_	_	_	_	_	_
808-2	BZ006	808	2	pochi	pochi	_	_	_	_	_	linguistic	_	ContainsVariation=No	_	_	_	_	_	_
808-3	BZ006	808	3	esempi	esempi	_	_	_	_	_	linguistic	_	ContainsVariation=No	_	_	_	_	_	_
808-4	BZ006	808	4	però	però	_	_	_	_	_	linguistic	_	ContainsVariation=No	_	_	_	_	_	_
808-5	BZ006	808	5	di,	di	_	_	_	_	_	linguistic	_	ContainsVariation=No	Intonation=WeaklyRising	End=2171.483	_	_	_	_
809-0	BZ006	809	0	parole	parole	_	_	_	_	_	linguistic	_	ContainsVariation=No	_	Begin=2171.803	_	_	_	_
809-1	BZ006	809	1	che	che	_	_	_	_	_	linguistic	_	ContainsVariation=No	_	_	_	_	_	_
809-2	BZ006	809	2	magari	magari	_	_	_	_	_	linguistic	_	ContainsVariation=No	_	_	_	_	_	_
809-3	BZ006	809	3	in	in	_	_	_	_	_	linguistic	_	ContainsVariation=No	_	_	_	_	_	_
809-4	BZ006	809	4	altre	altre	_	_	_	_	_	linguistic	_	ContainsVariation=No	_	_	_	_	_	_
809-5	BZ006	809	5	lingue	lingue	_	_	_	_	_	linguistic	_	ContainsVariation=No	_	_	_	_	_	_
809-6	BZ006	809	6	non	non	_	_	_	_	_	linguistic	_	ContainsVariation=No	_	_	_	_	_	_
809-7	BZ006	809	7	esistono	esistono	_	_	_	_	_	linguistic	_	ContainsVariation=No	_	_	_	_	_	_
809-8	BZ006	809	8	tipo	tipo	_	_	_	_	_	linguistic	_	ContainsVariation=No	_	_	_	_	_	_
809-9	BZ006	809	9	una	una	_	_	_	_	_	linguistic	_	ContainsVariation=No	_	_	_	_	_	_
809-10	BZ006	809	10	delle	delle	_	_	_	_	_	linguistic	_	ContainsVariation=No	_	_	_	_	_	_
809-11	BZ006	809	11	mie	mie	_	_	_	_	_	linguistic	_	ContainsVariation=No	_	_	_	_	_	_
809-12	BZ006	809	12	lin-	lin-	_	_	_	_	_	linguistic	_	ContainsVariation=No	Interrupted=Yes	_	_	_	_	_
809-13	BZ006	809	13	una	una	_	_	_	_	_	linguistic	_	ContainsVariation=No	_	_	_	_	_	_
809-14	BZ006	809	14	delle	delle	_	_	_	_	_	linguistic	_	ContainsVariation=No	_	_	_	_	_	_
809-15	BZ006	809	15	parole	parole	_	_	_	_	_	linguistic	_	ContainsVariation=No	_	_	_	_	_	_
809-16	BZ006	809	16	preferite,	preferite	_	_	_	_	_	linguistic	_	ContainsVariation=No	Intonation=WeaklyRising	End=2175.873	_	_	_	_
810-0	BZ006	810	0	è	è	_	_	_	_	_	linguistic	_	ContainsVariation=No	_	Begin=2176.363	_	_	_	_
810-1	BZ006	810	1	vorfreude,	vorfreude	_	_	_	_	_	linguistic	_	ContainsVariation=No	Intonation=WeaklyRising	End=2177.233	_	_	_	_
811-0	BZ001	811	0	mh	mh	_	_	_	_	_	linguistic	_	ContainsVariation=No	ProsodicLink=Yes	Begin=2177.573	_	_	_	_
811-1	BZ001	811	1	[mh],	mh	_	_	_	_	_	linguistic	_	ContainsVariation=No	Intonation=WeaklyRising	End=2177.963	_	_	_	0-2(201)
812-0	BZ006	812	0	[in	in	_	_	_	_	_	linguistic	_	ContainsVariation=No	_	Begin=2177.703	_	_	_	0-2(201)
812-1	BZ006	812	1	tedes]co	tedesco	_	_	_	_	_	linguistic	_	ContainsVariation=No	_	_	_	_	_	0-5(201)
812-2	BZ006	812	2	no?	no	_	_	_	_	_	linguistic	_	ContainsVariation=No	Intonation=Rising	_	_	_	_	_
812-3	BZ006	812	3	cioè	cioè	_	_	_	_	_	linguistic	_	ContainsVariation=No	_	_	_	_	_	_
812-4	BZ006	812	4	la,	la	_	_	_	_	_	linguistic	_	ContainsVariation=No	Intonation=WeaklyRising	End=2178.883	_	_	_	_
813-0	BZ006	813	0	il	il	_	_	_	_	_	linguistic	_	ContainsVariation=No	_	Begin=2179.208	_	_	_	_
813-1	BZ006	813	1	mom-	mom-	_	_	_	_	_	linguistic	_	ContainsVariation=No	Interrupted=Yes	_	_	_	_	_
813-2	BZ006	813	2	il	il	_	_	_	_	_	linguistic	_	ContainsVariation=No	_	_	_	_	_	_
813-3	BZ006	813	3	momento	momento	_	_	_	_	_	linguistic	_	ContainsVariation=No	_	_	_	_	_	_
813-4	BZ006	813	4	di	di	_	_	_	_	_	linguistic	_	ContainsVariation=No	PauseAfter=Yes	_	_	_	_	_
813-5	BZ006	813	5	(.)	(.)	_	_	_	_	_	shortpause	_	ContainsVariation=No	_	_	_	_	_	_
813-6	BZ006	813	6	gioia	gioia	_	_	_	_	_	linguistic	_	ContainsVariation=No	_	_	_	_	_	_
813-7	BZ006	813	7	che	che	_	_	_	_	_	linguistic	_	ContainsVariation=No	_	_	_	_	_	_
813-8	BZ006	813	8	c'	c'	_	_	_	_	_	linguistic	_	ContainsVariation=No	SpaceAfter=No	_	_	_	_	_
813-9	BZ006	813	9	è	è	_	_	_	_	_	linguistic	_	ContainsVariation=No	_	_	_	_	_	_
813-10	BZ006	813	10	prima	prima	_	_	_	_	_	linguistic	_	ContainsVariation=No	_	_	_	_	_	_
813-11	BZ006	813	11	della	della	_	_	_	_	_	linguistic	_	ContainsVariation=No	_	_	_	_	_	_
813-12	BZ006	813	12	gioia.	gioia	_	_	_	_	_	linguistic	_	ContainsVariation=No	Intonation=Falling|PauseAfter=Yes	_	_	_	_	_
813-13	BZ006	813	13	(.)	(.)	_	_	_	_	_	shortpause	_	ContainsVariation=No	_	_	_	_	_	_
813-14	BZ006	813	14	attendendo	attendendo	_	_	_	_	_	linguistic	_	ContainsVariation=No	_	_	_	_	_	_
813-15	BZ006	813	15	la	la	_	_	_	_	_	linguistic	_	ContainsVariation=No	_	_	_	_	_	_
813-16	BZ006	813	16	gioia	gioia	_	_	_	_	_	linguistic	_	ContainsVariation=No	_	_	_	_	_	_
813-17	BZ006	813	17	no?	no	_	_	_	_	_	linguistic	_	ContainsVariation=No	Intonation=Rising	End=2184.068	_	_	_	_
814-0	BZ006	814	0	quello	quello	_	_	_	_	_	linguistic	_	ContainsVariation=No	_	Begin=2184.803	_	_	_	_
814-1	BZ006	814	1	che	che	_	_	_	_	_	linguistic	_	ContainsVariation=No	_	_	_	_	_	_
814-2	BZ006	814	2	[c'	c'	_	_	_	_	_	linguistic	_	ContainsVariation=No	SpaceAfter=No	_	_	_	_	0-2(202)
814-3	BZ006	814	3	è	è	_	_	_	_	_	linguistic	_	ContainsVariation=No	_	_	_	_	_	0-1(202)
814-4	BZ006	814	4	appena]	appena	_	_	_	_	_	linguistic	_	ContainsVariation=No	_	_	_	_	_	0-6(202)
814-5	BZ006	814	5	prima.	prima	_	_	_	_	_	linguistic	_	ContainsVariation=No	Intonation=Falling	End=2185.863	_	_	_	_
815-0	BZ001	815	0	[mh	mh	_	_	_	_	_	linguistic	_	ContainsVariation=No	ProsodicLink=Yes	Begin=2184.928	_	_	_	0-2(202)
815-1	BZ001	815	1	mh],	mh	_	_	_	_	_	linguistic	_	ContainsVariation=No	Intonation=WeaklyRising	End=2185.308	_	_	_	0-2(202)
816-0	BZ006	816	0	ed	ed	_	_	_	_	_	linguistic	_	ContainsVariation=No	_	Begin=2186.523	_	_	_	_
816-1	BZ006	816	1	è	è	_	_	_	_	_	linguistic	_	ContainsVariation=No	_	_	_	_	_	_
816-2	BZ006	816	2	una	una	_	_	_	_	_	linguistic	_	ContainsVariation=No	_	_	_	_	_	_
816-3	BZ006	816	3	parola	parola	_	_	_	_	_	linguistic	_	ContainsVariation=No	_	_	_	_	_	_
816-4	BZ006	816	4	bellissima	bellissima	_	_	_	_	_	linguistic	_	ContainsVariation=No	_	_	_	_	_	_
816-5	BZ006	816	5	perché	perché	_	_	_	_	_	linguistic	_	ContainsVariation=No	_	_	_	_	_	_
816-6	BZ006	816	6	effettivamente,	effettivamente	_	_	_	_	_	linguistic	_	ContainsVariation=No	Intonation=WeaklyRising|PauseAfter=Yes	_	_	_	_	_
816-7	BZ006	816	7	(.)	(.)	_	_	_	_	_	shortpause	_	ContainsVariation=No	_	_	_	_	_	_
816-8	BZ006	816	8	la	la	_	_	_	_	_	linguistic	_	ContainsVariation=No	_	_	_	_	_	_
816-9	BZ006	816	9	cosa	cosa	_	_	_	_	_	linguistic	_	ContainsVariation=No	_	_	_	_	_	_
816-10	BZ006	816	10	più	più	_	_	_	_	_	linguistic	_	ContainsVariation=No	_	_	_	_	_	_
816-11	BZ006	816	11	bella	bella	_	_	_	_	_	linguistic	_	ContainsVariation=No	_	_	_	_	_	_
816-12	BZ006	816	12	della	della	_	_	_	_	_	linguistic	_	ContainsVariation=No	_	_	_	_	_	_
816-13	BZ006	816	13	gioia	gioia	_	_	_	_	_	linguistic	_	ContainsVariation=No	_	_	_	_	_	_
816-14	BZ006	816	14	secondo	secondo	_	_	_	_	_	linguistic	_	ContainsVariation=No	_	_	_	_	_	_
816-15	BZ006	816	15	me,	me	_	_	_	_	_	linguistic	_	ContainsVariation=No	Intonation=WeaklyRising	End=2190.673	_	_	_	_
817-0	BZ006	817	0	è	è	_	_	_	_	_	linguistic	_	ContainsVariation=No	_	Begin=2191.103	_	_	_	_
817-1	BZ006	817	1	il	il	_	_	_	_	_	linguistic	_	ContainsVariation=No	_	_	_	_	_	_
817-2	BZ006	817	2	momento	momento	_	_	_	_	_	linguistic	_	ContainsVariation=No	_	_	_	_	_	_
817-3	BZ006	817	3	poco	poco	_	_	_	_	_	linguistic	_	ContainsVariation=No	_	_	_	_	_	_
817-4	BZ006	817	4	prima.	prima	_	_	_	_	_	linguistic	_	ContainsVariation=No	Intonation=Falling	End=2192.213	_	_	_	_
818-0	BZ006	818	0	cioè	cioè	_	_	_	_	_	linguistic	_	ContainsVariation=No	_	Begin=2192.843	_	_	_	_
818-1	BZ006	818	1	lo	lo	_	_	_	_	_	linguistic	_	ContainsVariation=No	_	_	_	_	_	_
818-2	BZ006	818	2	vediamo	vediamo	_	_	_	_	_	linguistic	_	ContainsVariation=No	_	_	_	_	_	_
818-3	BZ006	818	3	no	no	_	_	_	_	_	linguistic	_	ContainsVariation=No	_	_	_	_	_	_
818-4	BZ006	818	4	che	che	_	_	_	_	_	linguistic	_	ContainsVariation=No	_	_	_	_	_	_
818-5	BZ006	818	5	ne	ne	_	_	_	_	_	linguistic	_	ContainsVariation=No	_	_	_	_	_	_
818-6	BZ006	818	6	so,	so	_	_	_	_	_	linguistic	_	ContainsVariation=No	Intonation=WeaklyRising	End=2193.993	_	_	_	_
819-0	BZ006	819	0	eh	eh	_	_	_	_	_	linguistic	_	ContainsVariation=No	_	Begin=2195.213	_	_	_	_
819-1	BZ006	819	1	per	per	_	_	_	_	_	linguistic	_	ContainsVariation=No	_	_	_	_	_	_
819-2	BZ006	819	2	un	un	_	_	_	_	_	linguistic	_	ContainsVariation=No	_	_	_	_	_	_
819-3	BZ006	819	3	calciatore	calciatore	_	_	_	_	_	linguistic	_	ContainsVariation=No	_	_	_	_	_	_
819-4	BZ006	819	4	che	che	_	_	_	_	_	linguistic	_	ContainsVariation=No	_	_	_	_	_	_
819-5	BZ006	819	5	sta	sta	_	_	_	_	_	linguistic	_	ContainsVariation=No	_	_	_	_	_	_
819-6	BZ006	819	6	vicendo	vicendo	_	_	_	_	_	linguistic	_	ContainsVariation=No	_	_	_	_	_	_
819-7	BZ006	819	7	gli	gli	_	_	_	_	_	linguistic	_	ContainsVariation=No	_	_	_	_	_	_
819-8	BZ006	819	8	europei	europei	_	_	_	_	_	linguistic	_	ContainsVariation=No	_	_	_	_	_	_
819-9	BZ006	819	9	o:,	o	_	_	_	_	_	linguistic	_	ContainsVariation=No	Intonation=WeaklyRising	End=2197.863	0x1	_	_	_
820-0	BZ006	820	0	eh::	eh	_	_	_	_	_	linguistic	_	ContainsVariation=No	_	Begin=2198.323	1x2	_	_	_
820-1	BZ006	820	1	ai	ai	_	_	_	_	_	linguistic	_	ContainsVariation=No	_	_	_	_	_	_
820-2	BZ006	820	2	cento	cento	_	_	_	_	_	linguistic	_	ContainsVariation=No	_	_	_	_	_	_
820-3	BZ006	820	3	metri:	metri	_	_	_	_	_	linguistic	_	ContainsVariation=No	_	_	4x1	_	_	_
820-4	BZ006	820	4	jacobs	jacobs	_	_	_	_	_	linguistic	_	ContainsVariation=No	_	_	_	_	_	_
820-5	BZ006	820	5	che	che	_	_	_	_	_	linguistic	_	ContainsVariation=No	_	_	_	_	_	_
820-6	BZ006	820	6	vince	vince	_	_	_	_	_	linguistic	_	ContainsVariation=No	_	_	_	_	_	_
820-7	BZ006	820	7	no?	no	_	_	_	_	_	linguistic	_	ContainsVariation=No	Intonation=Rising	End=2201.943	_	_	_	_
821-0	BZ006	821	0	quel	quel	_	_	_	_	_	linguistic	_	ContainsVariation=No	_	Begin=2202.738	_	_	_	_
821-1	BZ006	821	1	momento	momento	_	_	_	_	_	linguistic	_	ContainsVariation=No	_	_	_	_	_	_
821-2	BZ006	821	2	prima,	prima	_	_	_	_	_	linguistic	_	ContainsVariation=No	Intonation=WeaklyRising	End=2204.258	_	_	_	_
822-0	BZ006	822	0	di	di	_	_	_	_	_	linguistic	_	ContainsVariation=No	_	Begin=2204.933	_	_	_	_
822-1	BZ006	822	1	vincere	vincere	_	_	_	_	_	linguistic	_	ContainsVariation=No	_	_	_	_	_	_
822-2	BZ006	822	2	ma	ma	_	_	_	_	_	linguistic	_	ContainsVariation=No	_	_	_	_	_	_
822-3	BZ006	822	3	in	in	_	_	_	_	_	linguistic	_	ContainsVariation=No	_	_	_	_	_	_
822-4	BZ006	822	4	cui	cui	_	_	_	_	_	linguistic	_	ContainsVariation=No	_	_	_	_	_	_
822-5	BZ006	822	5	sai	sai	_	_	_	_	_	linguistic	_	ContainsVariation=No	_	_	_	_	_	_
822-6	BZ006	822	6	che	che	_	_	_	_	_	linguistic	_	ContainsVariation=No	_	_	_	_	_	_
822-7	BZ006	822	7	stai	stai	_	_	_	_	_	linguistic	_	ContainsVariation=No	_	_	_	_	_	_
822-8	BZ006	822	8	vincendo,	vincendo	_	_	_	_	_	linguistic	_	ContainsVariation=No	Intonation=WeaklyRising	End=2207.863	_	_	_	_
823-0	BZ006	823	0	è	è	_	_	_	_	_	linguistic	_	ContainsVariation=No	_	Begin=2208.483	_	_	_	_
823-1	BZ006	823	1	il	il	_	_	_	_	_	linguistic	_	ContainsVariation=No	_	_	_	_	_	_
823-2	BZ006	823	2	momento	momento	_	_	_	_	_	linguistic	_	ContainsVariation=No	_	_	_	_	_	_
823-3	BZ006	823	3	più	più	_	_	_	_	_	linguistic	_	ContainsVariation=No	_	_	_	_	_	_
823-4	BZ006	823	4	bello	bello	_	_	_	_	_	linguistic	_	ContainsVariation=No	_	_	_	_	_	_
823-5	BZ006	823	5	più	più	_	_	_	_	_	linguistic	_	ContainsVariation=No	_	_	_	_	_	_
823-6	BZ006	823	6	felice	felice	_	_	_	_	_	linguistic	_	ContainsVariation=No	_	_	_	_	_	_
823-7	BZ006	823	7	di	di	_	_	_	_	_	linguistic	_	ContainsVariation=No	_	_	_	_	_	_
823-8	BZ006	823	8	tutti.	tutti	_	_	_	_	_	linguistic	_	ContainsVariation=No	Intonation=Falling	End=2210.763	_	_	_	_
824-0	BZ001	824	0	eh	eh	_	_	_	_	_	linguistic	_	ContainsVariation=No	_	Begin=2211.048	_	_	_	_
824-1	BZ001	824	1	[sì	sì	_	_	_	_	_	linguistic	_	ContainsVariation=No	_	_	_	_	_	0-2(203)
824-2	BZ001	824	2	sì	sì	_	_	_	_	_	linguistic	_	ContainsVariation=No	_	_	_	_	_	0-2(203)
824-3	BZ001	824	3	certo].	certo	_	_	_	_	_	linguistic	_	ContainsVariation=No	Intonation=Falling	End=2212.098	_	_	_	0-5(203)
825-0	BZ006	825	0	[mentre	mentre	_	_	_	_	_	linguistic	_	ContainsVariation=No	_	Begin=2211.248	_	_	_	0-6(203)
825-1	BZ006	825	1	dopo]	dopo	_	_	_	_	_	linguistic	_	ContainsVariation=No	_	_	_	_	_	0-4(203)
825-2	BZ006	825	2	il	il	_	_	_	_	_	linguistic	_	ContainsVariation=No	_	_	_	_	_	_
825-3	BZ006	825	3	giorno	giorno	_	_	_	_	_	linguistic	_	ContainsVariation=No	_	_	_	_	_	_
825-4	BZ006	825	4	dopo	dopo	_	_	_	_	_	linguistic	_	ContainsVariation=No	_	_	_	_	_	_
825-5	BZ006	825	5	forse	forse	_	_	_	_	_	linguistic	_	ContainsVariation=No	_	_	_	_	_	_
825-6	BZ006	825	6	diventa	diventa	_	_	_	_	_	linguistic	_	ContainsVariation=No	_	_	_	_	_	_
825-7	BZ006	825	7	quasi	quasi	_	_	_	_	_	linguistic	_	ContainsVariation=No	_	_	_	_	_	_
825-8	BZ006	825	8	anche,	anche	_	_	_	_	_	linguistic	_	ContainsVariation=No	Intonation=WeaklyRising|PauseAfter=Yes	_	_	_	_	_
825-9	BZ006	825	9	(.)	(.)	_	_	_	_	_	shortpause	_	ContainsVariation=No	_	_	_	_	_	_
825-10	BZ006	825	10	sì	sì	_	_	_	_	_	linguistic	_	ContainsVariation=No	_	_	_	_	_	_
825-11	BZ006	825	11	vivi	vivi	_	_	_	_	_	linguistic	_	ContainsVariation=No	_	_	_	_	_	_
825-12	BZ006	825	12	di	di	_	_	_	_	_	linguistic	_	ContainsVariation=No	_	_	_	_	_	_
825-13	BZ006	825	13	rendita	rendita	_	_	_	_	_	linguistic	_	ContainsVariation=No	_	_	_	_	_	_
825-14	BZ006	825	14	perché	perché	_	_	_	_	_	linguistic	_	ContainsVariation=No	_	_	_	_	_	_
825-15	BZ006	825	15	ma	ma	_	_	_	_	_	linguistic	_	ContainsVariation=No	_	_	_	_	_	_
825-16	BZ006	825	16	diventa	diventa	_	_	_	_	_	linguistic	_	ContainsVariation=No	_	_	_	_	_	_
825-17	BZ006	825	17	quasi	quasi	_	_	_	_	_	linguistic	_	ContainsVariation=No	_	_	_	_	_	_
825-18	BZ006	825	18	più	più	_	_	_	_	_	linguistic	_	ContainsVariation=No	_	_	_	_	_	_
825-19	BZ006	825	19	frustrante	frustrante	_	_	_	_	_	linguistic	_	ContainsVariation=No	_	_	_	_	_	_
825-20	BZ006	825	20	sta	sta	_	_	_	_	_	linguistic	_	ContainsVariation=No	_	_	_	_	_	_
825-21	BZ006	825	21	cosa	cosa	_	_	_	_	_	linguistic	_	ContainsVariation=No	_	_	_	_	_	_
825-22	BZ006	825	22	perché	perché	_	_	_	_	_	linguistic	_	ContainsVariation=No	_	_	_	_	_	_
825-23	BZ006	825	23	tu	tu	_	_	_	_	_	linguistic	_	ContainsVariation=No	_	_	_	_	_	_
825-24	BZ006	825	24	vuoi	vuoi	_	_	_	_	_	linguistic	_	ContainsVariation=No	_	_	_	_	_	_
825-25	BZ006	825	25	vivere	vivere	_	_	_	_	_	linguistic	_	ContainsVariation=No	_	_	_	_	_	_
825-26	BZ006	825	26	ancora	ancora	_	_	_	_	_	linguistic	_	ContainsVariation=No	_	_	_	_	_	_
825-27	BZ006	825	27	quell'	quell'	_	_	_	_	_	linguistic	_	ContainsVariation=No	SpaceAfter=No	_	_	_	_	_
825-28	BZ006	825	28	energia	energia	_	_	_	_	_	linguistic	_	ContainsVariation=No	_	_	_	_	_	_
825-29	BZ006	825	29	quella,	quella	_	_	_	_	_	linguistic	_	ContainsVariation=No	Intonation=WeaklyRising	End=2219.528	_	_	_	_
826-0	BZ001	826	0	[mh],	mh	_	_	_	_	_	linguistic	_	ContainsVariation=No	Intonation=WeaklyRising	Begin=2219.859|End=2220.249	_	_	_	0-2(204)
827-0	BZ006	827	0	[quella]	quella	_	_	_	_	_	linguistic	_	ContainsVariation=No	_	Begin=2219.884	_	_	_	0-6(204)
827-1	BZ006	827	1	droga	droga	_	_	_	_	_	linguistic	_	ContainsVariation=No	_	_	_	_	_	_
827-2	BZ006	827	2	lì	lì	_	_	_	_	_	linguistic	_	ContainsVariation=No	_	_	_	_	_	_
827-3	BZ006	827	3	no?	no	_	_	_	_	_	linguistic	_	ContainsVariation=No	Intonation=Rising	End=2221.004	_	_	_	_
828-0	BZ006	828	0	è	è	_	_	_	_	_	linguistic	_	ContainsVariation=No	_	Begin=2221.549	_	_	_	_
828-1	BZ006	828	1	il	il	_	_	_	_	_	linguistic	_	ContainsVariation=No	_	_	_	_	_	_
828-2	BZ006	828	2	momento	momento	_	_	_	_	_	linguistic	_	ContainsVariation=No	_	_	_	_	_	_
828-3	BZ006	828	3	prima	prima	_	_	_	_	_	linguistic	_	ContainsVariation=No	_	_	_	_	_	_
828-4	BZ006	828	4	della	della	_	_	_	_	_	linguistic	_	ContainsVariation=No	_	_	_	_	_	_
828-5	BZ006	828	5	felicità	felicità	_	_	_	_	_	linguistic	_	ContainsVariation=No	_	_	_	_	_	_
828-6	BZ006	828	6	dove	dove	_	_	_	_	_	linguistic	_	ContainsVariation=No	_	_	_	_	_	_
828-7	BZ006	828	7	tu	tu	_	_	_	_	_	linguistic	_	ContainsVariation=No	_	_	_	_	_	_
828-8	BZ006	828	8	ti	ti	_	_	_	_	_	linguistic	_	ContainsVariation=No	_	_	_	_	_	_
828-9	BZ006	828	9	s-	s-	_	_	_	_	_	linguistic	_	ContainsVariation=No	Interrupted=Yes	_	_	_	_	_
828-10	BZ006	828	10	ti	ti	_	_	_	_	_	linguistic	_	ContainsVariation=No	_	_	_	_	_	_
828-11	BZ006	828	11	s-	s-	_	_	_	_	_	linguistic	_	ContainsVariation=No	Interrupted=Yes	_	_	_	_	_
828-12	BZ006	828	12	tu	tu	_	_	_	_	_	linguistic	_	ContainsVariation=No	_	_	_	_	_	_
828-13	BZ006	828	13	sai	sai	_	_	_	_	_	linguistic	_	ContainsVariation=No	PauseAfter=Yes	_	_	_	_	_
828-14	BZ006	828	14	(.)	(.)	_	_	_	_	_	shortpause	_	ContainsVariation=No	_	_	_	_	_	_
828-15	BZ006	828	15	che	che	_	_	_	_	_	linguistic	_	ContainsVariation=No	_	_	_	_	_	_
828-16	BZ006	828	16	c'	c'	_	_	_	_	_	linguistic	_	ContainsVariation=No	SpaceAfter=No	_	_	_	_	_
828-17	BZ006	828	17	è,	è	_	_	_	_	_	linguistic	_	ContainsVariation=No	Intonation=WeaklyRising|PauseAfter=Yes	_	_	_	_	_
828-18	BZ006	828	18	(.)	(.)	_	_	_	_	_	shortpause	_	ContainsVariation=No	_	_	_	_	_	_
828-19	BZ006	828	19	che	che	_	_	_	_	_	linguistic	_	ContainsVariation=No	_	_	_	_	_	_
828-20	BZ006	828	20	è	è	_	_	_	_	_	linguistic	_	ContainsVariation=No	_	_	_	_	_	_
828-21	BZ006	828	21	lì,	lì	_	_	_	_	_	linguistic	_	ContainsVariation=No	Intonation=WeaklyRising|PauseAfter=Yes	_	_	_	_	_
828-22	BZ006	828	22	(.)	(.)	_	_	_	_	_	shortpause	_	ContainsVariation=No	_	_	_	_	_	_
828-23	BZ006	828	23	la	la	_	_	_	_	_	linguistic	_	ContainsVariation=No	_	_	_	_	_	_
828-24	BZ006	828	24	vedi,	vedi	_	_	_	_	_	linguistic	_	ContainsVariation=No	Intonation=WeaklyRising	End=2226.589	_	_	_	_
829-0	BZ006	829	0	e	e	_	_	_	_	_	linguistic	_	ContainsVariation=No	_	Begin=2227.034	_	_	_	_
829-1	BZ006	829	1	la	la	_	_	_	_	_	linguistic	_	ContainsVariation=No	_	_	_	_	_	_
829-2	BZ006	829	2	stai	stai	_	_	_	_	_	linguistic	_	ContainsVariation=No	_	_	_	_	_	_
829-3	BZ006	829	3	raggiungendo.	raggiungendo	_	_	_	_	_	linguistic	_	ContainsVariation=No	Intonation=Falling	End=2227.904	_	_	_	_
830-0	BZ006	830	0	sai	sai	_	_	_	_	_	linguistic	_	ContainsVariation=No	_	Begin=2228.264	_	_	_	_
830-1	BZ006	830	1	che	che	_	_	_	_	_	linguistic	_	ContainsVariation=No	_	_	_	_	_	_
830-2	BZ006	830	2	è	è	_	_	_	_	_	linguistic	_	ContainsVariation=No	_	_	_	_	_	_
830-3	BZ006	830	3	tua.	tua	_	_	_	_	_	linguistic	_	ContainsVariation=No	Intonation=Falling	End=2228.754	_	_	_	_
831-0	BZ006	831	0	basta.	basta	_	_	_	_	_	linguistic	_	ContainsVariation=No	Intonation=Falling	Begin=2229.054|End=2229.374	_	_	_	_
832-0	BZ001	832	0	mh	mh	_	_	_	_	_	linguistic	_	ContainsVariation=No	ProsodicLink=Yes	Begin=2229.609	_	_	_	_
832-1	BZ001	832	1	mh.	mh	_	_	_	_	_	linguistic	_	ContainsVariation=No	Intonation=Falling	End=2229.919	_	_	_	_
833-0	BZ006	833	0	no?	no	_	_	_	_	_	linguistic	_	ContainsVariation=No	Intonation=Rising|PauseAfter=Yes	Begin=2229.969	_	_	_	_
833-1	BZ006	833	1	(.)	(.)	_	_	_	_	_	shortpause	_	ContainsVariation=No	_	_	_	_	_	_
833-2	BZ006	833	2	quella	quella	_	_	_	_	_	linguistic	_	ContainsVariation=No	_	_	_	_	_	_
833-3	BZ006	833	3	cosa	cosa	_	_	_	_	_	linguistic	_	ContainsVariation=No	_	_	_	_	_	_
833-4	BZ006	833	4	lì,	lì	_	_	_	_	_	linguistic	_	ContainsVariation=No	Intonation=WeaklyRising|PauseAfter=Yes	_	_	_	_	_
833-5	BZ006	833	5	(.)	(.)	_	_	_	_	_	shortpause	_	ContainsVariation=No	_	_	_	_	_	_
833-6	BZ006	833	6	il	il	_	_	_	_	_	linguistic	_	ContainsVariation=No	_	_	_	_	_	_
833-7	BZ006	833	7	tedesco	tedesco	_	_	_	_	_	linguistic	_	ContainsVariation=No	_	_	_	_	_	_
833-8	BZ006	833	8	la	la	_	_	_	_	_	linguistic	_	ContainsVariation=No	_	_	_	_	_	_
833-9	BZ006	833	9	esprime	esprime	_	_	_	_	_	linguistic	_	ContainsVariation=No	_	_	_	_	_	_
833-10	BZ006	833	10	con	con	_	_	_	_	_	linguistic	_	ContainsVariation=No	_	_	_	_	_	_
833-11	BZ006	833	11	questo	questo	_	_	_	_	_	linguistic	_	ContainsVariation=No	_	_	_	_	_	_
833-12	BZ006	833	12	termine	termine	_	_	_	_	_	linguistic	_	ContainsVariation=No	_	_	_	_	_	_
833-13	BZ006	833	13	bellissimo	bellissimo	_	_	_	_	_	linguistic	_	ContainsVariation=No	PauseAfter=Yes	_	_	_	_	_
833-14	BZ006	833	14	(.)	(.)	_	_	_	_	_	shortpause	_	ContainsVariation=No	_	_	_	_	_	_
833-15	BZ006	833	15	vorfreude.	vorfreude	_	_	_	_	_	linguistic	_	ContainsVariation=No	Intonation=Falling|PauseAfter=Yes	_	_	_	_	_
833-16	BZ006	833	16	(.)	(.)	_	_	_	_	_	shortpause	_	ContainsVariation=No	_	_	_	_	_	_
833-17	BZ006	833	17	in	in	_	_	_	_	_	linguistic	_	ContainsVariation=No	_	_	_	_	_	_
833-18	BZ006	833	18	italiano	italiano	_	_	_	_	_	linguistic	_	ContainsVariation=No	_	_	_	_	_	_
833-19	BZ006	833	19	non	non	_	_	_	_	_	linguistic	_	ContainsVariation=No	_	_	_	_	_	_
833-20	BZ006	833	20	esiste.	esiste	_	_	_	_	_	linguistic	_	ContainsVariation=No	Intonation=Falling	End=2235.319	_	_	_	_
834-0	BZ001	834	0	eh	eh	_	_	_	_	_	linguistic	_	ContainsVariation=No	_	Begin=2235.319	_	_	_	_
834-1	BZ001	834	1	sì.	sì	_	_	_	_	_	linguistic	_	ContainsVariation=No	Intonation=Falling	End=2235.659	_	_	_	_
835-0	BZ006	835	0	e	e	_	_	_	_	_	linguistic	_	ContainsVariation=No	_	Begin=2236.194	_	_	_	_
835-1	BZ006	835	1	questo	questo	_	_	_	_	_	linguistic	_	ContainsVariation=No	_	_	_	_	_	_
835-2	BZ006	835	2	succede	succede	_	_	_	_	_	linguistic	_	ContainsVariation=No	_	_	_	_	_	_
835-3	BZ006	835	3	anche	anche	_	_	_	_	_	linguistic	_	ContainsVariation=No	_	_	_	_	_	_
835-4	BZ006	835	4	con	con	_	_	_	_	_	linguistic	_	ContainsVariation=No	_	_	_	_	_	_
835-5	BZ006	835	5	altre,	altre	_	_	_	_	_	linguistic	_	ContainsVariation=No	Intonation=WeaklyRising	_	_	_	_	_
835-6	BZ006	835	6	adesso	adesso	_	_	_	_	_	linguistic	_	ContainsVariation=No	_	_	_	_	_	_
835-7	BZ006	835	7	non	non	_	_	_	_	_	linguistic	_	ContainsVariation=No	_	_	_	_	_	_
835-8	BZ006	835	8	mi	mi	_	_	_	_	_	linguistic	_	ContainsVariation=No	_	_	_	_	_	_
835-9	BZ006	835	9	vengono	vengono	_	_	_	_	_	linguistic	_	ContainsVariation=No	_	_	_	_	_	_
835-10	BZ006	835	10	in	in	_	_	_	_	_	linguistic	_	ContainsVariation=No	_	_	_	_	_	_
835-11	BZ006	835	11	mente	mente	_	_	_	_	_	linguistic	_	ContainsVariation=No	_	_	_	_	_	_
835-12	BZ006	835	12	però	però	_	_	_	_	_	linguistic	_	ContainsVariation=No	_	_	_	_	_	_
835-13	BZ006	835	13	an-	an-	_	_	_	_	_	linguistic	_	ContainsVariation=No	Interrupted=Yes	_	_	_	_	_
835-14	BZ006	835	14	succede	succede	_	_	_	_	_	linguistic	_	ContainsVariation=No	_	_	_	_	_	_
835-15	BZ006	835	15	con	con	_	_	_	_	_	linguistic	_	ContainsVariation=No	_	_	_	_	_	_
835-16	BZ006	835	16	altre	altre	_	_	_	_	_	linguistic	_	ContainsVariation=No	_	_	_	_	_	_
835-17	BZ006	835	17	lingue	lingue	_	_	_	_	_	linguistic	_	ContainsVariation=No	_	_	_	_	_	_
835-18	BZ006	835	18	che	che	_	_	_	_	_	linguistic	_	ContainsVariation=No	_	_	_	_	_	_
835-19	BZ006	835	19	ci	ci	_	_	_	_	_	linguistic	_	ContainsVariation=No	_	_	_	_	_	_
835-20	BZ006	835	20	son	son	_	_	_	_	_	linguistic	_	ContainsVariation=No	_	_	_	_	_	_
835-21	BZ006	835	21	parole,	parole	_	_	_	_	_	linguistic	_	ContainsVariation=No	Intonation=WeaklyRising	End=2241.364	_	_	_	_
836-0	BZ006	836	0	mh::	mh	_	_	_	_	_	linguistic	_	ContainsVariation=No	_	Begin=2241.944	1x2	_	_	_
836-1	BZ006	836	1	belle.	belle	_	_	_	_	_	linguistic	_	ContainsVariation=No	Intonation=Falling	_	_	_	_	_
836-2	BZ006	836	2	che	che	_	_	_	_	_	linguistic	_	ContainsVariation=No	_	_	_	_	_	_
836-3	BZ006	836	3	ti:	ti	_	_	_	_	_	linguistic	_	ContainsVariation=No	_	_	1x1	_	_	_
836-4	BZ006	836	4	ti	ti	_	_	_	_	_	linguistic	_	ContainsVariation=No	_	_	_	_	_	_
836-5	BZ006	836	5	esprimono	esprimono	_	_	_	_	_	linguistic	_	ContainsVariation=No	_	_	_	_	_	_
836-6	BZ006	836	6	cose	cose	_	_	_	_	_	linguistic	_	ContainsVariation=No	_	_	_	_	_	_
836-7	BZ006	836	7	che	che	_	_	_	_	_	linguistic	_	ContainsVariation=No	_	_	_	_	_	_
836-8	BZ006	836	8	nella	nella	_	_	_	_	_	linguistic	_	ContainsVariation=No	_	_	_	_	_	_
836-9	BZ006	836	9	[nostra]	nostra	_	_	_	_	_	linguistic	_	ContainsVariation=No	_	_	_	_	_	0-6(205)
836-10	BZ006	836	10	lingua	lingua	_	_	_	_	_	linguistic	_	ContainsVariation=No	_	_	_	_	_	_
836-11	BZ006	836	11	non	non	_	_	_	_	_	linguistic	_	ContainsVariation=No	_	_	_	_	_	_
836-12	BZ006	836	12	ci	ci	_	_	_	_	_	linguistic	_	ContainsVariation=No	_	_	_	_	_	_
836-13	BZ006	836	13	sono	sono	_	_	_	_	_	linguistic	_	ContainsVariation=No	PauseAfter=Yes	_	_	_	_	_
836-14	BZ006	836	14	[(.)	(.)	_	_	_	_	_	shortpause	_	ContainsVariation=No	_	_	_	_	_	X(206)
836-15	BZ006	836	15	o	o	_	_	_	_	_	linguistic	_	ContainsVariation=No	_	_	_	_	_	0-1(206)
836-16	BZ006	836	16	viceversa].	viceversa	_	_	_	_	_	linguistic	_	ContainsVariation=No	Intonation=Falling	End=2247.87	_	_	_	0-9(206)
837-0	BZ001	837	0	[sì].	sì	_	_	_	_	_	linguistic	_	ContainsVariation=No	Intonation=Falling	Begin=2245.402|End=2245.722	_	_	_	0-2(205)
838-0	BZ001	838	0	[eh	eh	_	_	_	_	_	linguistic	_	ContainsVariation=No	_	Begin=2246.907	_	_	_	0-2(206)
838-1	BZ001	838	1	la:	la	_	_	_	_	_	linguistic	_	ContainsVariation=No	_	_	1x1	_	_	0-2(206)
838-2	BZ001	838	2	anche	anche	_	_	_	_	_	linguistic	_	ContainsVariation=No	_	_	_	_	_	0-5(206)
838-3	BZ001	838	3	la]	la	_	_	_	_	_	linguistic	_	ContainsVariation=No	_	_	_	_	_	0-2(206)
838-4	BZ001	838	4	la	la	_	_	_	_	_	linguistic	_	ContainsVariation=No	_	_	_	_	_	_
838-5	BZ001	838	5	saudade	saudade	_	_	_	_	_	linguistic	_	ContainsVariation=No	_	_	_	_	_	_
838-6	BZ001	838	6	portoghese,	portoghese	_	_	_	_	_	linguistic	_	ContainsVariation=No	Intonation=WeaklyRising	End=2249.28	_	_	_	_
839-0	BZ006	839	0	la	la	_	_	_	_	_	linguistic	_	ContainsVariation=No	_	Begin=2249.267	_	_	_	_
839-1	BZ006	839	1	[saudade	saudade	_	_	_	_	_	linguistic	_	ContainsVariation=No	_	_	_	_	_	0-7(208)
839-2	BZ006	839	2	bravo	bravo	_	_	_	_	_	linguistic	_	ContainsVariation=No	_	_	_	_	_	0-5(208)
839-3	BZ006	839	3	sì].	sì	_	_	_	_	_	linguistic	_	ContainsVariation=No	Intonation=Falling	End=2250.267	_	_	_	0-2(208)
840-0	BZ001	840	0	[per	per	_	_	_	_	_	linguistic	_	ContainsVariation=No	_	Begin=2249.412	_	_	_	0-3(208)
840-1	BZ001	840	1	esempio	esempio	_	_	_	_	_	linguistic	_	ContainsVariation=No	_	_	_	_	_	0-7(208)
840-2	BZ001	840	2	o]?	o	_	_	_	_	_	linguistic	_	ContainsVariation=No	Intonation=Rising	End=2250.252	_	_	_	0-1(208)
841-0	BZ006	841	0	sì.	sì	_	_	_	_	_	linguistic	_	ContainsVariation=No	Intonation=Falling|PauseAfter=Yes	Begin=2250.602	_	_	_	_
841-1	BZ006	841	1	(.)	(.)	_	_	_	_	_	shortpause	_	ContainsVariation=No	_	_	_	_	_	_
841-2	BZ006	841	2	assolutamente.	assolutamente	_	_	_	_	_	linguistic	_	ContainsVariation=No	Intonation=Falling	End=2251.732	_	_	_	_
842-0	BZ001	842	0	la	la	_	_	_	_	_	linguistic	_	ContainsVariation=No	_	Begin=2251.822	_	_	_	_
842-1	BZ001	842	1	nostalgia	nostalgia	_	_	_	_	_	linguistic	_	ContainsVariation=No	_	_	_	_	_	_
842-2	BZ001	842	2	di	di	_	_	_	_	_	linguistic	_	ContainsVariation=No	_	_	_	_	_	_
842-3	BZ001	842	3	[qualcosa	qualcosa	_	_	_	_	_	linguistic	_	ContainsVariation=No	_	_	_	_	_	0-8(209)
842-4	BZ001	842	4	che	che	_	_	_	_	_	linguistic	_	ContainsVariation=No	_	_	_	_	_	0-3(209)
842-5	BZ001	842	5	però	però	_	_	_	_	_	linguistic	_	ContainsVariation=No	_	_	_	_	_	0-4(209)
842-6	BZ001	842	6	xxxxx]	xxxxx	_	_	_	_	_	unknown	_	ContainsVariation=No	Syllables=5	End=2255.032	_	_	_	0-5(209)
843-0	BZ006	843	0	[esatto	esatto	_	_	_	_	_	linguistic	_	ContainsVariation=No	_	Begin=2252.592	_	_	_	0-6(209)
843-1	BZ006	843	1	esatto	esatto	_	_	_	_	_	linguistic	_	ContainsVariation=No	_	_	_	_	_	0-6(209)
843-2	BZ006	843	2	la	la	_	_	_	_	_	linguistic	_	ContainsVariation=No	_	_	_	_	_	0-2(209)
843-3	BZ006	843	3	heimat	heimat	_	_	_	_	_	linguistic	_	ContainsVariation=No	_	_	_	_	_	0-6(209)
843-4	BZ006	843	4	tedesca]	tedesca	_	_	_	_	_	linguistic	_	ContainsVariation=No	_	_	_	_	_	0-7(209)
843-5	BZ006	843	5	anche,	anche	_	_	_	_	_	linguistic	_	ContainsVariation=No	Intonation=WeaklyRising	End=2255.272	_	_	_	_
844-0	BZ006	844	0	la	la	_	_	_	_	_	linguistic	_	ContainsVariation=No	_	Begin=2255.397	_	_	_	_
844-1	BZ006	844	1	heimat.	heimat	_	_	_	_	_	linguistic	_	ContainsVariation=No	Intonation=Falling	End=2256.087	_	_	_	_
845-0	BZ001	845	0	sì	sì	_	_	_	_	_	linguistic	_	ContainsVariation=No	_	Begin=2256.297	_	_	_	_
845-1	BZ001	845	1	sì	sì	_	_	_	_	_	linguistic	_	ContainsVariation=No	_	End=2256.6295	_	_	_	_
846-0	BZ006	846	0	tant'	tant'	_	_	_	_	_	linguistic	_	ContainsVariation=No	SpaceAfter=No	Begin=2256.6295	_	_	_	_
846-1	BZ006	846	1	è	è	_	_	_	_	_	linguistic	_	ContainsVariation=No	_	_	_	_	_	_
846-2	BZ006	846	2	che	che	_	_	_	_	_	linguistic	_	ContainsVariation=No	_	_	_	_	_	_
846-3	BZ006	846	3	qua	qua	_	_	_	_	_	linguistic	_	ContainsVariation=No	_	_	_	_	_	_
846-4	BZ006	846	4	si	si	_	_	_	_	_	linguistic	_	ContainsVariation=No	_	_	_	_	_	_
846-5	BZ006	846	5	dice	dice	_	_	_	_	_	linguistic	_	ContainsVariation=No	_	_	_	_	_	_
846-6	BZ006	846	6	heimat	heimat	_	_	_	_	_	linguistic	_	ContainsVariation=No	_	_	_	_	_	_
846-7	BZ006	846	7	non	non	_	_	_	_	_	linguistic	_	ContainsVariation=No	_	_	_	_	_	_
846-8	BZ006	846	8	si	si	_	_	_	_	_	linguistic	_	ContainsVariation=No	_	_	_	_	_	_
846-9	BZ006	846	9	dice,	dice	_	_	_	_	_	linguistic	_	ContainsVariation=No	Intonation=WeaklyRising	End=2258.502	_	_	_	_
847-0	BZ006	847	0	patria.	patria	_	_	_	_	_	linguistic	_	ContainsVariation=No	Intonation=Falling	Begin=2258.937|End=2259.377	_	_	_	_
848-0	BZ006	848	0	anche	anche	_	_	_	_	_	linguistic	_	ContainsVariation=No	_	Begin=2259.902	_	_	_	_
848-1	BZ006	848	1	se	se	_	_	_	_	_	linguistic	_	ContainsVariation=No	_	_	_	_	_	_
848-2	BZ006	848	2	io	io	_	_	_	_	_	linguistic	_	ContainsVariation=No	_	_	_	_	_	_
848-3	BZ006	848	3	la	la	_	_	_	_	_	linguistic	_	ContainsVariation=No	_	_	_	_	_	_
848-4	BZ006	848	4	tradurrei	tradurrei	_	_	_	_	_	linguistic	_	ContainsVariation=No	_	_	_	_	_	_
848-5	BZ006	848	5	con	con	_	_	_	_	_	linguistic	_	ContainsVariation=No	_	_	_	_	_	_
848-6	BZ006	848	6	casa.	casa	_	_	_	_	_	linguistic	_	ContainsVariation=No	Intonation=Falling	End=2261.382	_	_	_	_
849-0	BZ001	849	0	mh	mh	_	_	_	_	_	linguistic	_	ContainsVariation=No	ProsodicLink=Yes	Begin=2261.637	_	_	_	_
849-1	BZ001	849	1	mh.	mh	_	_	_	_	_	linguistic	_	ContainsVariation=No	Intonation=Falling	End=2261.927	_	_	_	_
850-0	BZ006	850	0	è	è	_	_	_	_	_	linguistic	_	ContainsVariation=No	_	Begin=2262.147	_	_	_	_
850-1	BZ006	850	1	casa.	casa	_	_	_	_	_	linguistic	_	ContainsVariation=No	Intonation=Falling	End=2262.717	_	_	_	_
851-0	BZ006	851	0	però	però	_	_	_	_	_	linguistic	_	ContainsVariation=No	_	Begin=2263.007	_	_	_	_
851-1	BZ006	851	1	patria	patria	_	_	_	_	_	linguistic	_	ContainsVariation=No	_	_	_	_	_	_
851-2	BZ006	851	2	eh	eh	_	_	_	_	_	linguistic	_	ContainsVariation=No	_	_	_	_	_	_
851-3	BZ006	851	3	vaterland	vaterland	_	_	_	_	_	linguistic	_	ContainsVariation=No	_	_	_	_	_	_
851-4	BZ006	851	4	esiste	esiste	_	_	_	_	_	linguistic	_	ContainsVariation=No	_	_	_	_	_	_
851-5	BZ006	851	5	in	in	_	_	_	_	_	linguistic	_	ContainsVariation=No	_	_	_	_	_	_
851-6	BZ006	851	6	tedesco.	tedesco	_	_	_	_	_	linguistic	_	ContainsVariation=No	Intonation=Falling	End=2265.417	_	_	_	_
852-0	BZ001	852	0	mh	mh	_	_	_	_	_	linguistic	_	ContainsVariation=No	ProsodicLink=Yes	Begin=2265.697	_	_	_	_
852-1	BZ001	852	1	[mh],	mh	_	_	_	_	_	linguistic	_	ContainsVariation=No	Intonation=WeaklyRising	End=2266.157	_	_	_	0-2(210)
853-0	BZ006	853	0	[eh]:	eh	_	_	_	_	_	linguistic	_	ContainsVariation=No	_	Begin=2265.842	1x1	_	_	0-2(210)
853-1	BZ006	853	1	heimat	heimat	_	_	_	_	_	linguistic	_	ContainsVariation=No	_	_	_	_	_	_
853-2	BZ006	853	2	[no].	no	_	_	_	_	_	linguistic	_	ContainsVariation=No	Intonation=Falling	End=2266.982	_	_	_	0-2(211)
854-0	BZ001	854	0	[è	è	_	_	_	_	_	linguistic	_	ContainsVariation=No	_	Begin=2266.757	_	_	_	0-1(211)
854-1	BZ001	854	1	un'	un'	_	_	_	_	_	linguistic	_	ContainsVariation=No	SpaceAfter=No	_	_	_	_	0-3(211)
854-2	BZ001	854	2	al]tra	altra	_	_	_	_	_	linguistic	_	ContainsVariation=No	_	_	_	_	_	0-2(211)
854-3	BZ001	854	3	cosa	cosa	_	_	_	_	_	linguistic	_	ContainsVariation=No	_	_	_	_	_	_
854-4	BZ001	854	4	sì	sì	_	_	_	_	_	linguistic	_	ContainsVariation=No	_	_	_	_	_	_
854-5	BZ001	854	5	[certo].	certo	_	_	_	_	_	linguistic	_	ContainsVariation=No	Intonation=Falling	End=2267.957	_	_	_	0-5(212)
855-0	BZ006	855	0	[eh	eh	_	_	_	_	_	linguistic	_	ContainsVariation=No	_	Begin=2267.582	_	_	_	0-2(212)
855-1	BZ006	855	1	sì]	sì	_	_	_	_	_	linguistic	_	ContainsVariation=No	_	_	_	_	_	0-2(212)
855-2	BZ006	855	2	sì	sì	_	_	_	_	_	linguistic	_	ContainsVariation=No	_	_	_	_	_	_
855-3	BZ006	855	3	[sì	sì	_	_	_	_	_	linguistic	_	ContainsVariation=No	PauseAfter=Yes	_	_	_	_	0-2(213)
855-4	BZ006	855	4	(.)]	(.)	_	_	_	_	_	shortpause	_	ContainsVariation=No	_	_	_	_	_	X(213)
855-5	BZ006	855	5	sì.	sì	_	_	_	_	_	linguistic	_	ContainsVariation=No	Intonation=Falling	End=2268.952	_	_	_	_
856-0	BZ001	856	0	[erto].	erto	_	_	_	_	_	linguistic	_	ContainsVariation=No	Intonation=Falling	Begin=2268.272|End=2268.722	_	_	_	0-4(213)
857-0	BZ006	857	0	eh::m,	ehm	_	_	_	_	_	linguistic	_	ContainsVariation=No	Intonation=WeaklyRising	Begin=2269.752|End=2270.842	1x2	_	_	_
858-0	BZ006	858	0	quindi	quindi	_	_	_	_	_	linguistic	_	ContainsVariation=No	_	Begin=2271.372	_	_	_	_
858-1	BZ006	858	1	insomma	insomma	_	_	_	_	_	linguistic	_	ContainsVariation=No	_	_	_	_	_	_
858-2	BZ006	858	2	da	da	_	_	_	_	_	linguistic	_	ContainsVariation=No	_	_	_	_	_	_
858-3	BZ006	858	3	questo	questo	_	_	_	_	_	linguistic	_	ContainsVariation=No	_	_	_	_	_	_
858-4	BZ006	858	4	punto	punto	_	_	_	_	_	linguistic	_	ContainsVariation=No	_	_	_	_	_	_
858-5	BZ006	858	5	di	di	_	_	_	_	_	linguistic	_	ContainsVariation=No	_	_	_	_	_	_
858-6	BZ006	858	6	vista	vista	_	_	_	_	_	linguistic	_	ContainsVariation=No	_	_	_	_	_	_
858-7	BZ006	858	7	secondo	secondo	_	_	_	_	_	linguistic	_	ContainsVariation=No	_	_	_	_	_	_
858-8	BZ006	858	8	me	me	_	_	_	_	_	linguistic	_	ContainsVariation=No	_	_	_	_	_	_
858-9	BZ006	858	9	le	le	_	_	_	_	_	linguistic	_	ContainsVariation=No	_	_	_	_	_	_
858-10	BZ006	858	10	lingue	lingue	_	_	_	_	_	linguistic	_	ContainsVariation=No	_	_	_	_	_	_
858-11	BZ006	858	11	po-	po-	_	_	_	_	_	linguistic	_	ContainsVariation=No	Interrupted=Yes	_	_	_	_	_
858-12	BZ006	858	12	conoscer	conoscer	_	_	_	_	_	linguistic	_	ContainsVariation=No	_	_	_	_	_	_
858-13	BZ006	858	13	tante	tante	_	_	_	_	_	linguistic	_	ContainsVariation=No	_	_	_	_	_	_
858-14	BZ006	858	14	lingue	lingue	_	_	_	_	_	linguistic	_	ContainsVariation=No	_	_	_	_	_	_
858-15	BZ006	858	15	porta	porta	_	_	_	_	_	linguistic	_	ContainsVariation=No	_	_	_	_	_	_
858-16	BZ006	858	16	a	a	_	_	_	_	_	linguistic	_	ContainsVariation=No	_	_	_	_	_	_
858-17	BZ006	858	17	dei	dei	_	_	_	_	_	linguistic	_	ContainsVariation=No	_	_	_	_	_	_
858-18	BZ006	858	18	valori	valori	_	_	_	_	_	linguistic	_	ContainsVariation=No	_	_	_	_	_	_
858-19	BZ006	858	19	aggiunti.	aggiunti	_	_	_	_	_	linguistic	_	ContainsVariation=No	Intonation=Falling	End=2275.84	_	_	_	_
859-0	BZ006	859	0	eh::m::	ehm	_	_	_	_	_	linguistic	_	ContainsVariation=No	_	Begin=2276.597|End=2277.877	1x2,2x2	_	_	_
860-0	BZ006	860	0	perché	perché	_	_	_	_	_	linguistic	_	ContainsVariation=No	_	Begin=2279.002	_	_	_	_
860-1	BZ006	860	1	obiettivamente,	obiettivamente	_	_	_	_	_	linguistic	_	ContainsVariation=No	Intonation=WeaklyRising	End=2280.082	_	_	_	_
861-0	BZ006	861	0	io	io	_	_	_	_	_	linguistic	_	ContainsVariation=No	_	Begin=2281.317	_	_	_	_
861-1	BZ006	861	1	ti	ti	_	_	_	_	_	linguistic	_	ContainsVariation=No	_	_	_	_	_	_
861-2	BZ006	861	2	dico	dico	_	_	_	_	_	linguistic	_	ContainsVariation=No	_	_	_	_	_	_
861-3	BZ006	861	3	questa	questa	_	_	_	_	_	linguistic	_	ContainsVariation=No	_	_	_	_	_	_
861-4	BZ006	861	4	cosa	cosa	_	_	_	_	_	linguistic	_	ContainsVariation=No	_	_	_	_	_	_
861-5	BZ006	861	5	della	della	_	_	_	_	_	linguistic	_	ContainsVariation=No	_	_	_	_	_	_
861-6	BZ006	861	6	vorfreude,	vorfreude	_	_	_	_	_	linguistic	_	ContainsVariation=No	Intonation=WeaklyRising	_	_	_	_	_
861-7	BZ006	861	7	che	che	_	_	_	_	_	linguistic	_	ContainsVariation=No	_	_	_	_	_	_
861-8	BZ006	861	8	esiste	esiste	_	_	_	_	_	linguistic	_	ContainsVariation=No	_	_	_	_	_	_
861-9	BZ006	861	9	il	il	_	_	_	_	_	linguistic	_	ContainsVariation=No	_	_	_	_	_	_
861-10	BZ006	861	10	momento	momento	_	_	_	_	_	linguistic	_	ContainsVariation=No	_	_	_	_	_	_
861-11	BZ006	861	11	prima	prima	_	_	_	_	_	linguistic	_	ContainsVariation=No	_	_	_	_	_	_
861-12	BZ006	861	12	della	della	_	_	_	_	_	linguistic	_	ContainsVariation=No	_	_	_	_	_	_
861-13	BZ006	861	13	felicità,	felicità	_	_	_	_	_	linguistic	_	ContainsVariation=No	Intonation=WeaklyRising	End=2285.397	_	_	_	_
862-0	BZ006	862	0	nel	nel	_	_	_	_	_	linguistic	_	ContainsVariation=No	_	Begin=2285.812	_	_	_	_
862-1	BZ006	862	1	momento	momento	_	_	_	_	_	linguistic	_	ContainsVariation=No	_	_	_	_	_	_
862-2	BZ006	862	2	in	in	_	_	_	_	_	linguistic	_	ContainsVariation=No	_	_	_	_	_	_
862-3	BZ006	862	3	cui,	cui	_	_	_	_	_	linguistic	_	ContainsVariation=No	Intonation=WeaklyRising	End=2286.842	_	_	_	_
863-0	BZ006	863	0	io	io	_	_	_	_	_	linguistic	_	ContainsVariation=No	_	Begin=2287.342	_	_	_	_
863-1	BZ006	863	1	ho	ho	_	_	_	_	_	linguistic	_	ContainsVariation=No	_	_	_	_	_	_
863-2	BZ006	863	2	un	un	_	_	_	_	_	linguistic	_	ContainsVariation=No	_	_	_	_	_	_
863-3	BZ006	863	3	nome	nome	_	_	_	_	_	linguistic	_	ContainsVariation=No	_	_	_	_	_	_
863-4	BZ006	863	4	per	per	_	_	_	_	_	linguistic	_	ContainsVariation=No	_	_	_	_	_	_
863-5	BZ006	863	5	da-	da-	_	_	_	_	_	linguistic	_	ContainsVariation=No	Interrupted=Yes	_	_	_	_	_
863-6	BZ006	863	6	per	per	_	_	_	_	_	linguistic	_	ContainsVariation=No	_	_	_	_	_	_
863-7	BZ006	863	7	[descriverla].	descriverla	_	_	_	_	_	linguistic	_	ContainsVariation=No	Intonation=Falling	End=2289.032	_	_	_	0-11(214)
864-0	BZ001	864	0	[certo]	certo	_	_	_	_	_	linguistic	_	ContainsVariation=No	_	Begin=2288.462|End=2289.062	_	_	_	0-5(214)
865-0	BZ006	865	0	eh::	eh	_	_	_	_	_	linguistic	_	ContainsVariation=No	_	Begin=2289.987	1x2	_	_	_
865-1	BZ006	865	1	ho	ho	_	_	_	_	_	linguistic	_	ContainsVariation=No	_	_	_	_	_	_
865-2	BZ006	865	2	pochi	pochi	_	_	_	_	_	linguistic	_	ContainsVariation=No	_	_	_	_	_	_
865-3	BZ006	865	3	esempi	esempi	_	_	_	_	_	linguistic	_	ContainsVariation=No	_	_	_	_	_	_
865-4	BZ006	865	4	di	di	_	_	_	_	_	linguistic	_	ContainsVariation=No	_	_	_	_	_	_
865-5	BZ006	865	5	cose,	cose	_	_	_	_	_	linguistic	_	ContainsVariation=No	Intonation=WeaklyRising	_	_	_	_	_
865-6	BZ006	865	6	sensazioni,	sensazioni	_	_	_	_	_	linguistic	_	ContainsVariation=No	Intonation=WeaklyRising	End=2293.157	_	_	_	_
866-0	BZ006	866	0	che	che	_	_	_	_	_	linguistic	_	ContainsVariation=No	_	Begin=2293.857	_	_	_	_
866-1	BZ006	866	1	posso	posso	_	_	_	_	_	linguistic	_	ContainsVariation=No	_	_	_	_	_	_
866-2	BZ006	866	2	spiegarti	spiegarti	_	_	_	_	_	linguistic	_	ContainsVariation=No	_	_	_	_	_	_
866-3	BZ006	866	3	a	a	_	_	_	_	_	linguistic	_	ContainsVariation=No	_	_	_	_	_	_
866-4	BZ006	866	4	parole,	parole	_	_	_	_	_	linguistic	_	ContainsVariation=No	Intonation=WeaklyRising	End=2295.477	_	_	_	_
867-0	BZ006	867	0	se	se	_	_	_	_	_	linguistic	_	ContainsVariation=No	_	Begin=2297.272	_	_	_	_
867-1	BZ006	867	1	non	non	_	_	_	_	_	linguistic	_	ContainsVariation=No	_	_	_	_	_	_
867-2	BZ006	867	2	ho	ho	_	_	_	_	_	linguistic	_	ContainsVariation=No	_	_	_	_	_	_
867-3	BZ006	867	3	un	un	_	_	_	_	_	linguistic	_	ContainsVariation=No	_	_	_	_	_	_
867-4	BZ006	867	4	nome	nome	_	_	_	_	_	linguistic	_	ContainsVariation=No	_	_	_	_	_	_
867-5	BZ006	867	5	per	per	_	_	_	_	_	linguistic	_	ContainsVariation=No	_	_	_	_	_	_
867-6	BZ006	867	6	chiamarle.	chiamarle	_	_	_	_	_	linguistic	_	ContainsVariation=No	Intonation=Falling	End=2298.752	_	_	_	_
868-0	BZ006	868	0	cioè	cioè	_	_	_	_	_	linguistic	_	ContainsVariation=No	_	Begin=2299.367	_	_	_	_
868-1	BZ006	868	1	io,	io	_	_	_	_	_	linguistic	_	ContainsVariation=No	Intonation=WeaklyRising|PauseAfter=Yes	_	_	_	_	_
868-2	BZ006	868	2	(.)	(.)	_	_	_	_	_	shortpause	_	ContainsVariation=No	_	_	_	_	_	_
868-3	BZ006	868	3	sono	sono	_	_	_	_	_	linguistic	_	ContainsVariation=No	_	_	_	_	_	_
868-4	BZ006	868	4	un	un	_	_	_	_	_	linguistic	_	ContainsVariation=No	_	_	_	_	_	_
868-5	BZ006	868	5	po'	po'	_	_	_	_	_	linguistic	_	ContainsVariation=No	_	_	_	_	_	_
868-6	BZ006	868	6	da	da	_	_	_	_	_	linguistic	_	ContainsVariation=No	_	_	_	_	_	_
868-7	BZ006	868	7	questo	questo	_	_	_	_	_	linguistic	_	ContainsVariation=No	_	_	_	_	_	_
868-8	BZ006	868	8	punto	punto	_	_	_	_	_	linguistic	_	ContainsVariation=No	_	_	_	_	_	_
868-9	BZ006	868	9	di	di	_	_	_	_	_	linguistic	_	ContainsVariation=No	_	_	_	_	_	_
868-10	BZ006	868	10	vista	vista	_	_	_	_	_	linguistic	_	ContainsVariation=No	_	_	_	_	_	_
868-11	BZ006	868	11	sai	sai	_	_	_	_	_	linguistic	_	ContainsVariation=No	_	_	_	_	_	_
868-12	BZ006	868	12	un	un	_	_	_	_	_	linguistic	_	ContainsVariation=No	_	_	_	_	_	_
868-13	BZ006	868	13	po'	po'	_	_	_	_	_	linguistic	_	ContainsVariation=No	_	_	_	_	_	_
868-14	BZ006	868	14	forse	forse	_	_	_	_	_	linguistic	_	ContainsVariation=No	_	_	_	_	_	_
868-15	BZ006	868	15	anche	anche	_	_	_	_	_	linguistic	_	ContainsVariation=No	_	_	_	_	_	_
868-16	BZ006	868	16	chiuso,	chiuso	_	_	_	_	_	linguistic	_	ContainsVariation=No	Intonation=WeaklyRising	_	_	_	_	_
868-17	BZ006	868	17	però	però	_	_	_	_	_	linguistic	_	ContainsVariation=No	_	_	_	_	_	_
868-18	BZ006	868	18	insomma,	insomma	_	_	_	_	_	linguistic	_	ContainsVariation=No	Intonation=WeaklyRising	End=2303.637	_	_	_	_
869-0	BZ006	869	0	credo	credo	_	_	_	_	_	linguistic	_	ContainsVariation=No	_	Begin=2303.987	_	_	_	_
869-1	BZ006	869	1	che	che	_	_	_	_	_	linguistic	_	ContainsVariation=No	_	_	_	_	_	_
869-2	BZ006	869	2	ehm,	ehm	_	_	_	_	_	linguistic	_	ContainsVariation=No	Intonation=WeaklyRising	End=2305.347	_	_	_	_
870-0	BZ006	870	0	ehm:	ehm	_	_	_	_	_	linguistic	_	ContainsVariation=No	_	Begin=2308.752	2x1	_	_	_
870-1	BZ006	870	1	noi	noi	_	_	_	_	_	linguistic	_	ContainsVariation=No	_	_	_	_	_	_
870-2	BZ006	870	2	conosciamo	conosciamo	_	_	_	_	_	linguistic	_	ContainsVariation=No	_	_	_	_	_	_
870-3	BZ006	870	3	solo	solo	_	_	_	_	_	linguistic	_	ContainsVariation=No	_	_	_	_	_	_
870-4	BZ006	870	4	quello	quello	_	_	_	_	_	linguistic	_	ContainsVariation=No	_	_	_	_	_	_
870-5	BZ006	870	5	che	che	_	_	_	_	_	linguistic	_	ContainsVariation=No	_	_	_	_	_	_
870-6	BZ006	870	6	possiamo	possiamo	_	_	_	_	_	linguistic	_	ContainsVariation=No	_	_	_	_	_	_
870-7	BZ006	870	7	esprimere.	esprimere	_	_	_	_	_	linguistic	_	ContainsVariation=No	Intonation=Falling	End=2312.112	_	_	_	_
871-0	BZ001	871	0	mh	mh	_	_	_	_	_	linguistic	_	ContainsVariation=No	ProsodicLink=Yes	Begin=2312.237	_	_	_	_
871-1	BZ001	871	1	mh,	mh	_	_	_	_	_	linguistic	_	ContainsVariation=No	Intonation=WeaklyRising	End=2312.587	_	_	_	_
872-0	BZ006	872	0	no?	no	_	_	_	_	_	linguistic	_	ContainsVariation=No	Intonation=Rising	Begin=2312.877|End=2313.137	_	_	_	_
873-0	BZ006	873	0	e	e	_	_	_	_	_	linguistic	_	ContainsVariation=No	_	Begin=2313.992	_	_	_	_
873-1	BZ006	873	1	ovviamente	ovviamente	_	_	_	_	_	linguistic	_	ContainsVariation=No	_	_	_	_	_	_
873-2	BZ006	873	2	si	si	_	_	_	_	_	linguistic	_	ContainsVariation=No	_	_	_	_	_	_
873-3	BZ006	873	3	può	può	_	_	_	_	_	linguistic	_	ContainsVariation=No	_	_	_	_	_	_
873-4	BZ006	873	4	esprimere	esprimere	_	_	_	_	_	linguistic	_	ContainsVariation=No	_	_	_	_	_	_
873-5	BZ006	873	5	attraverso	attraverso	_	_	_	_	_	linguistic	_	ContainsVariation=No	_	_	_	_	_	_
873-6	BZ006	873	6	perifrasi	perifrasi	_	_	_	_	_	linguistic	_	ContainsVariation=No	_	_	_	_	_	_
873-7	BZ006	873	7	giri	giri	_	_	_	_	_	linguistic	_	ContainsVariation=No	_	_	_	_	_	_
873-8	BZ006	873	8	di	di	_	_	_	_	_	linguistic	_	ContainsVariation=No	_	_	_	_	_	_
873-9	BZ006	873	9	parole	parole	_	_	_	_	_	linguistic	_	ContainsVariation=No	_	_	_	_	_	_
873-10	BZ006	873	10	>quello	quello	_	_	_	_	_	linguistic	_	ContainsVariation=No	_	_	_	Fast=0-6(0)	_	_
873-11	BZ006	873	11	che	che	_	_	_	_	_	linguistic	_	ContainsVariation=No	_	_	_	Fast=0-3(0)	_	_
873-12	BZ006	873	12	vuoi<	vuoi	_	_	_	_	_	linguistic	_	ContainsVariation=No	_	_	_	Fast=0-4(0)	_	_
873-13	BZ006	873	13	però,	però	_	_	_	_	_	linguistic	_	ContainsVariation=No	Intonation=WeaklyRising	_	_	_	_	_
873-14	BZ006	873	14	quando	quando	_	_	_	_	_	linguistic	_	ContainsVariation=No	_	_	_	_	_	_
873-15	BZ006	873	15	hai	hai	_	_	_	_	_	linguistic	_	ContainsVariation=No	_	_	_	_	_	_
873-16	BZ006	873	16	la	la	_	_	_	_	_	linguistic	_	ContainsVariation=No	_	_	_	_	_	_
873-17	BZ006	873	17	parola,	parola	_	_	_	_	_	linguistic	_	ContainsVariation=No	Intonation=WeaklyRising	End=2319.172	_	_	_	_
874-0	BZ001	874	0	mh	mh	_	_	_	_	_	linguistic	_	ContainsVariation=No	ProsodicLink=Yes	Begin=2319.247	_	_	_	_
874-1	BZ001	874	1	mh,	mh	_	_	_	_	_	linguistic	_	ContainsVariation=No	Intonation=WeaklyRising	End=2319.617	_	_	_	_
875-0	BZ006	875	0	vuol	vuol	_	_	_	_	_	linguistic	_	ContainsVariation=No	_	Begin=2319.707	_	_	_	_
875-1	BZ006	875	1	dire	dire	_	_	_	_	_	linguistic	_	ContainsVariation=No	_	_	_	_	_	_
875-2	BZ006	875	2	che	che	_	_	_	_	_	linguistic	_	ContainsVariation=No	_	_	_	_	_	_
875-3	BZ006	875	3	è	è	_	_	_	_	_	linguistic	_	ContainsVariation=No	_	_	_	_	_	_
875-4	BZ006	875	4	un	un	_	_	_	_	_	linguistic	_	ContainsVariation=No	_	_	_	_	_	_
875-5	BZ006	875	5	tuo,	tuo	_	_	_	_	_	linguistic	_	ContainsVariation=No	Intonation=WeaklyRising	End=2320.807	_	_	_	_
876-0	BZ006	876	0	è	è	_	_	_	_	_	linguistic	_	ContainsVariation=No	_	Begin=2321.502	_	_	_	_
876-1	BZ006	876	1	nel	nel	_	_	_	_	_	linguistic	_	ContainsVariation=No	_	_	_	_	_	_
876-2	BZ006	876	2	tuo	tuo	_	_	_	_	_	linguistic	_	ContainsVariation=No	_	_	_	_	_	_
876-3	BZ006	876	3	bagaglio.	bagaglio	_	_	_	_	_	linguistic	_	ContainsVariation=No	Intonation=Falling	End=2322.342	_	_	_	_
877-0	BZ001	877	0	mh	mh	_	_	_	_	_	linguistic	_	ContainsVariation=No	ProsodicLink=Yes	Begin=2322.477	_	_	_	_
877-1	BZ001	877	1	[mh],	mh	_	_	_	_	_	linguistic	_	ContainsVariation=No	Intonation=WeaklyRising	End=2322.897	_	_	_	0-2(215)
878-0	BZ006	878	0	[no]?	no	_	_	_	_	_	linguistic	_	ContainsVariation=No	Intonation=Rising	Begin=2322.682	_	_	_	0-2(215)
878-1	BZ006	878	1	è	è	_	_	_	_	_	linguistic	_	ContainsVariation=No	_	_	_	_	_	_
878-2	BZ006	878	2	ne-	ne-	_	_	_	_	_	linguistic	_	ContainsVariation=No	Interrupted=Yes	_	_	_	_	_
878-3	BZ006	878	3	dentro	dentro	_	_	_	_	_	linguistic	_	ContainsVariation=No	_	_	_	_	_	_
878-4	BZ006	878	4	di	di	_	_	_	_	_	linguistic	_	ContainsVariation=No	_	_	_	_	_	_
878-5	BZ006	878	5	te	te	_	_	_	_	_	linguistic	_	ContainsVariation=No	_	_	_	_	_	_
878-6	BZ006	878	6	quella	quella	_	_	_	_	_	linguistic	_	ContainsVariation=No	_	_	_	_	_	_
878-7	BZ006	878	7	cosa	cosa	_	_	_	_	_	linguistic	_	ContainsVariation=No	_	_	_	_	_	_
878-8	BZ006	878	8	lì.	lì	_	_	_	_	_	linguistic	_	ContainsVariation=No	Intonation=Falling	End=2324.702	_	_	_	_
879-0	BZ001	879	0	certo.	certo	_	_	_	_	_	linguistic	_	ContainsVariation=No	Intonation=Falling	Begin=2324.877|End=2325.257	_	_	_	_
880-0	BZ006	880	0	e::	e	_	_	_	_	_	linguistic	_	ContainsVariation=No	_	Begin=2325.362	0x2	_	_	_
880-1	BZ006	880	1	e	e	_	_	_	_	_	linguistic	_	ContainsVariation=No	_	_	_	_	_	_
880-2	BZ006	880	2	secondo	secondo	_	_	_	_	_	linguistic	_	ContainsVariation=No	_	_	_	_	_	_
880-3	BZ006	880	3	me	me	_	_	_	_	_	linguistic	_	ContainsVariation=No	_	_	_	_	_	_
880-4	BZ006	880	4	è	è	_	_	_	_	_	linguistic	_	ContainsVariation=No	_	_	_	_	_	_
880-5	BZ006	880	5	molto	molto	_	_	_	_	_	linguistic	_	ContainsVariation=No	_	_	_	_	_	_
880-6	BZ006	880	6	bello.	bello	_	_	_	_	_	linguistic	_	ContainsVariation=No	Intonation=Falling	End=2327.262	_	_	_	_
881-0	BZ006	881	0	e::	e	_	_	_	_	_	linguistic	_	ContainsVariation=No	_	Begin=2328.867|End=2329.557	0x2	_	_	_
882-0	BZ001	882	0	sì,	sì	_	_	_	_	_	linguistic	_	ContainsVariation=No	Intonation=WeaklyRising	Begin=2329.707|End=2329.987	_	_	_	_
883-0	BZ001	883	0	eh	eh	_	_	_	_	_	linguistic	_	ContainsVariation=No	PauseAfter=Yes	Begin=2330.292	_	_	_	_
883-1	BZ001	883	1	(.)	(.)	_	_	_	_	_	shortpause	_	ContainsVariation=No	_	_	_	_	_	_
883-2	BZ001	883	2	mi	mi	_	_	_	_	_	linguistic	_	ContainsVariation=No	_	_	_	_	_	_
883-3	BZ001	883	3	incuriosirebbe	incuriosirebbe	_	_	_	_	_	linguistic	_	ContainsVariation=No	_	_	_	_	_	_
883-4	BZ001	883	4	sapere,	sapere	_	_	_	_	_	linguistic	_	ContainsVariation=No	Intonation=WeaklyRising	_	_	_	_	_
883-5	BZ001	883	5	viste	viste	_	_	_	_	_	linguistic	_	ContainsVariation=No	_	_	_	_	_	_
883-6	BZ001	883	6	anche	anche	_	_	_	_	_	linguistic	_	ContainsVariation=No	_	_	_	_	_	_
883-7	BZ001	883	7	le	le	_	_	_	_	_	linguistic	_	ContainsVariation=No	_	_	_	_	_	_
883-8	BZ001	883	8	cose	cose	_	_	_	_	_	linguistic	_	ContainsVariation=No	_	_	_	_	_	_
883-9	BZ001	883	9	che	che	_	_	_	_	_	linguistic	_	ContainsVariation=No	_	_	_	_	_	_
883-10	BZ001	883	10	mi	mi	_	_	_	_	_	linguistic	_	ContainsVariation=No	_	_	_	_	_	_
883-11	BZ001	883	11	hai	hai	_	_	_	_	_	linguistic	_	ContainsVariation=No	_	_	_	_	_	_
883-12	BZ001	883	12	raccontato,	raccontato	_	_	_	_	_	linguistic	_	ContainsVariation=No	Intonation=WeaklyRising	End=2333.162	_	_	_	_
884-0	BZ001	884	0	se,	se	_	_	_	_	_	linguistic	_	ContainsVariation=No	Intonation=WeaklyRising|PauseAfter=Yes	Begin=2334.082	_	_	_	_
884-1	BZ001	884	1	(.)	(.)	_	_	_	_	_	shortpause	_	ContainsVariation=No	_	_	_	_	_	_
884-2	BZ001	884	2	in	in	_	_	_	_	_	linguistic	_	ContainsVariation=No	_	_	_	_	_	_
884-3	BZ001	884	3	qualche	qualche	_	_	_	_	_	linguistic	_	ContainsVariation=No	_	_	_	_	_	_
884-4	BZ001	884	4	modo,	modo	_	_	_	_	_	linguistic	_	ContainsVariation=No	Intonation=WeaklyRising	_	_	_	_	_
884-5	BZ001	884	5	mh:,	mh	_	_	_	_	_	linguistic	_	ContainsVariation=No	Intonation=WeaklyRising	End=2336.292	1x1	_	_	_
885-0	BZ001	885	0	riesci	riesci	_	_	_	_	_	linguistic	_	ContainsVariation=No	_	Begin=2336.512	_	_	_	_
885-1	BZ001	885	1	a	a	_	_	_	_	_	linguistic	_	ContainsVariation=No	_	_	_	_	_	_
885-2	BZ001	885	2	colleg-	colleg-	_	_	_	_	_	linguistic	_	ContainsVariation=No	Interrupted=Yes|PauseAfter=Yes	_	_	_	_	_
885-3	BZ001	885	3	(.)	(.)	_	_	_	_	_	shortpause	_	ContainsVariation=No	_	_	_	_	_	_
885-4	BZ001	885	4	in	in	_	_	_	_	_	linguistic	_	ContainsVariation=No	_	_	_	_	_	_
885-5	BZ001	885	5	parte	parte	_	_	_	_	_	linguistic	_	ContainsVariation=No	_	_	_	_	_	_
885-6	BZ001	885	6	l'	l'	_	_	_	_	_	linguistic	_	ContainsVariation=No	SpaceAfter=No	_	_	_	_	_
885-7	BZ001	885	7	hai	hai	_	_	_	_	_	linguistic	_	ContainsVariation=No	_	_	_	_	_	_
885-8	BZ001	885	8	già	già	_	_	_	_	_	linguistic	_	ContainsVariation=No	_	_	_	_	_	_
885-9	BZ001	885	9	detto	detto	_	_	_	_	_	linguistic	_	ContainsVariation=No	_	_	_	_	_	_
885-10	BZ001	885	10	però	però	_	_	_	_	_	linguistic	_	ContainsVariation=No	_	_	_	_	_	_
885-11	BZ001	885	11	magari:	magari	_	_	_	_	_	linguistic	_	ContainsVariation=No	_	_	5x1	_	_	_
885-12	BZ001	885	12	così	così	_	_	_	_	_	linguistic	_	ContainsVariation=No	_	_	_	_	_	_
885-13	BZ001	885	13	riesci	riesci	_	_	_	_	_	linguistic	_	ContainsVariation=No	_	_	_	_	_	_
885-14	BZ001	885	14	a	a	_	_	_	_	_	linguistic	_	ContainsVariation=No	_	_	_	_	_	_
885-15	BZ001	885	15	farlo:,	farlo	_	_	_	_	_	linguistic	_	ContainsVariation=No	Intonation=WeaklyRising	End=2340.892	4x1	_	_	_
886-0	BZ001	886	0	in	in	_	_	_	_	_	linguistic	_	ContainsVariation=No	_	Begin=2341.452	_	_	_	_
886-1	BZ001	886	1	modo:	modo	_	_	_	_	_	linguistic	_	ContainsVariation=No	_	_	3x1	_	_	_
886-2	BZ001	886	2	in	in	_	_	_	_	_	linguistic	_	ContainsVariation=No	_	_	_	_	_	_
886-3	BZ001	886	3	modo	modo	_	_	_	_	_	linguistic	_	ContainsVariation=No	_	_	_	_	_	_
886-4	BZ001	886	4	diverso,	diverso	_	_	_	_	_	linguistic	_	ContainsVariation=No	Intonation=WeaklyRising	End=2342.972	_	_	_	_
887-0	BZ001	887	0	a	a	_	_	_	_	_	linguistic	_	ContainsVariation=No	_	Begin=2343.314	_	_	_	_
887-1	BZ001	887	1	collegare	collegare	_	_	_	_	_	linguistic	_	ContainsVariation=No	_	_	_	_	_	_
887-2	BZ001	887	2	le	le	_	_	_	_	_	linguistic	_	ContainsVariation=No	_	_	_	_	_	_
887-3	BZ001	887	3	varie	varie	_	_	_	_	_	linguistic	_	ContainsVariation=No	_	_	_	_	_	_
887-4	BZ001	887	4	lingue,	lingue	_	_	_	_	_	linguistic	_	ContainsVariation=No	Intonation=WeaklyRising	End=2344.784	_	_	_	_
888-0	BZ001	888	0	che	che	_	_	_	_	_	linguistic	_	ContainsVariation=No	_	Begin=2345.024	_	_	_	_
888-1	BZ001	888	1	parli,	parli	_	_	_	_	_	linguistic	_	ContainsVariation=No	Intonation=WeaklyRising	End=2345.804	_	_	_	_
889-0	BZ001	889	0	a	a	_	_	_	_	_	linguistic	_	ContainsVariation=No	_	Begin=2346.339	_	_	_	_
889-1	BZ001	889	1	delle	delle	_	_	_	_	_	linguistic	_	ContainsVariation=No	_	_	_	_	_	_
889-2	BZ001	889	2	sfera	sfera	_	_	_	_	_	linguistic	_	ContainsVariation=No	_	_	_	_	_	_
889-3	BZ001	889	3	della,	della	_	_	_	_	_	linguistic	_	ContainsVariation=No	Intonation=WeaklyRising	End=2347.499	_	_	_	_
890-0	BZ001	890	0	tua	tua	_	_	_	_	_	linguistic	_	ContainsVariation=No	_	Begin=2347.804	_	_	_	_
890-1	BZ001	890	1	personalità	personalità	_	_	_	_	_	linguistic	_	ContainsVariation=No	_	_	_	_	_	_
890-2	BZ001	890	2	e	e	_	_	_	_	_	linguistic	_	ContainsVariation=No	_	_	_	_	_	_
890-3	BZ001	890	3	anche	anche	_	_	_	_	_	linguistic	_	ContainsVariation=No	_	_	_	_	_	_
890-4	BZ001	890	4	magari	magari	_	_	_	_	_	linguistic	_	ContainsVariation=No	_	_	_	_	_	_
890-5	BZ001	890	5	a	a	_	_	_	_	_	linguistic	_	ContainsVariation=No	_	_	_	_	_	_
890-6	BZ001	890	6	delle	delle	_	_	_	_	_	linguistic	_	ContainsVariation=No	_	_	_	_	_	_
890-7	BZ001	890	7	emozioni	emozioni	_	_	_	_	_	linguistic	_	ContainsVariation=No	_	_	_	_	_	_
890-8	BZ001	890	8	[cioè	cioè	_	_	_	_	_	linguistic	_	ContainsVariation=No	_	_	_	_	_	0-4(216)
890-9	BZ001	890	9	a	a	_	_	_	_	_	linguistic	_	ContainsVariation=No	_	_	_	_	_	0-1(216)
890-10	BZ001	890	10	un	un	_	_	_	_	_	linguistic	_	ContainsVariation=No	_	_	_	_	_	0-2(216)
890-11	BZ001	890	11	rapporto	rapporto	_	_	_	_	_	linguistic	_	ContainsVariation=No	_	_	_	_	_	0-8(216)
890-12	BZ001	890	12	più	più	_	_	_	_	_	linguistic	_	ContainsVariation=No	_	_	_	_	_	0-3(216)
890-13	BZ001	890	13	em]otivo	emotivo	_	_	_	_	_	linguistic	_	ContainsVariation=No	_	_	_	_	_	0-2(216)
890-14	BZ001	890	14	che	che	_	_	_	_	_	linguistic	_	ContainsVariation=No	_	_	_	_	_	_
890-15	BZ001	890	15	hai	hai	_	_	_	_	_	linguistic	_	ContainsVariation=No	_	_	_	_	_	_
890-16	BZ001	890	16	[con	con	_	_	_	_	_	linguistic	_	ContainsVariation=No	_	_	_	_	_	0-3(217)
890-17	BZ001	890	17	le	le	_	_	_	_	_	linguistic	_	ContainsVariation=No	_	_	_	_	_	0-2(217)
890-18	BZ001	890	18	lingue],	lingue	_	_	_	_	_	linguistic	_	ContainsVariation=No	Intonation=WeaklyRising	End=2352.014	_	_	_	0-6(217)
891-0	BZ006	891	0	[mh.	mh	_	_	_	_	_	linguistic	_	ContainsVariation=No	Intonation=Falling|PauseAfter=Yes	Begin=2349.834	_	_	_	0-2(216)
891-1	BZ006	891	1	(.)	(.)	_	_	_	_	_	shortpause	_	ContainsVariation=No	_	_	_	_	_	X(216)
891-2	BZ006	891	2	se],	se	_	_	_	_	_	linguistic	_	ContainsVariation=No	Intonation=WeaklyRising	End=2350.814	_	_	_	0-2(216)
892-0	BZ006	892	0	[su	su	_	_	_	_	_	linguistic	_	ContainsVariation=No	_	Begin=2351.73	_	_	_	0-2(217)
892-1	BZ006	892	1	questo	questo	_	_	_	_	_	linguistic	_	ContainsVariation=No	_	_	_	_	_	0-6(217)
892-2	BZ006	892	2	mi]	mi	_	_	_	_	_	linguistic	_	ContainsVariation=No	_	_	_	_	_	0-2(217)
892-3	BZ006	892	3	mi,	mi	_	_	_	_	_	linguistic	_	ContainsVariation=No	Intonation=WeaklyRising|PauseAfter=Yes	_	_	_	_	_
892-4	BZ006	892	4	(.)	(.)	_	_	_	_	_	shortpause	_	ContainsVariation=No	_	_	_	_	_	_
892-5	BZ006	892	5	giusto.	giusto	_	_	_	_	_	linguistic	_	ContainsVariation=No	Intonation=Falling	End=2353.334	_	_	_	_
893-0	BZ006	893	0	bello,	bello	_	_	_	_	_	linguistic	_	ContainsVariation=No	Intonation=WeaklyRising|PauseAfter=Yes	Begin=2353.647	_	_	_	_
893-1	BZ006	893	1	(.)	(.)	_	_	_	_	_	shortpause	_	ContainsVariation=No	_	_	_	_	_	_
893-2	BZ006	893	2	bell'	bell'	_	_	_	_	_	linguistic	_	ContainsVariation=No	SpaceAfter=No	_	_	_	_	_
893-3	BZ006	893	3	assist.	assist	_	_	_	_	_	linguistic	_	ContainsVariation=No	Intonation=Falling	_	_	_	_	_
893-4	BZ006	893	4	in	in	_	_	_	_	_	linguistic	_	ContainsVariation=No	_	_	_	_	_	_
893-5	BZ006	893	5	realtà	realtà	_	_	_	_	_	linguistic	_	ContainsVariation=No	_	_	_	_	_	_
893-6	BZ006	893	6	non	non	_	_	_	_	_	linguistic	_	ContainsVariation=No	_	_	_	_	_	_
893-7	BZ006	893	7	ne	ne	_	_	_	_	_	linguistic	_	ContainsVariation=No	_	_	_	_	_	_
893-8	BZ006	893	8	ave[vo	avevo	_	_	_	_	_	linguistic	_	ContainsVariation=No	_	_	_	_	_	2-5(218)
893-9	BZ006	893	9	parlato]	parlato	_	_	_	_	_	linguistic	_	ContainsVariation=No	_	_	_	_	_	0-7(218)
893-10	BZ006	893	10	no	no	_	_	_	_	_	linguistic	_	ContainsVariation=No	_	_	_	_	_	_
893-11	BZ006	893	11	perché	perché	_	_	_	_	_	linguistic	_	ContainsVariation=No	_	_	_	_	_	_
893-12	BZ006	893	12	eh,	eh	_	_	_	_	_	linguistic	_	ContainsVariation=No	Intonation=WeaklyRising	End=2357.237	_	_	_	_
894-0	BZ001	894	0	[((ride))]	((ride))	_	_	_	_	_	nonverbalbehavior	_	ContainsVariation=No	_	Begin=2355.697|End=2356.137	_	_	_	X(218)
895-0	BZ006	895	0	una	una	_	_	_	_	_	linguistic	_	ContainsVariation=No	_	Begin=2357.697	_	_	_	_
895-1	BZ006	895	1	cosa	cosa	_	_	_	_	_	linguistic	_	ContainsVariation=No	_	_	_	_	_	_
895-2	BZ006	895	2	che	che	_	_	_	_	_	linguistic	_	ContainsVariation=No	_	_	_	_	_	_
895-3	BZ006	895	3	mi	mi	_	_	_	_	_	linguistic	_	ContainsVariation=No	_	_	_	_	_	_
895-4	BZ006	895	4	è	è	_	_	_	_	_	linguistic	_	ContainsVariation=No	_	_	_	_	_	_
895-5	BZ006	895	5	stata	stata	_	_	_	_	_	linguistic	_	ContainsVariation=No	_	_	_	_	_	_
895-6	BZ006	895	6	spesso	spesso	_	_	_	_	_	linguistic	_	ContainsVariation=No	_	_	_	_	_	_
895-7	BZ006	895	7	detta,	detta	_	_	_	_	_	linguistic	_	ContainsVariation=No	Intonation=WeaklyRising	End=2359.497	_	_	_	_
896-0	BZ006	896	0	quando	quando	_	_	_	_	_	linguistic	_	ContainsVariation=No	_	Begin=2360.152	_	_	_	_
896-1	BZ006	896	1	parlo	parlo	_	_	_	_	_	linguistic	_	ContainsVariation=No	_	_	_	_	_	_
896-2	BZ006	896	2	spagnolo	spagnolo	_	_	_	_	_	linguistic	_	ContainsVariation=No	_	_	_	_	_	_
896-3	BZ006	896	3	son	son	_	_	_	_	_	linguistic	_	ContainsVariation=No	_	_	_	_	_	_
896-4	BZ006	896	4	più	più	_	_	_	_	_	linguistic	_	ContainsVariation=No	_	_	_	_	_	_
896-5	BZ006	896	5	simpatico.	simpatico	_	_	_	_	_	linguistic	_	ContainsVariation=No	Intonation=Falling	End=2361.972	_	_	_	_
897-0	BZ001	897	0	ah.	ah	_	_	_	_	_	linguistic	_	ContainsVariation=No	Intonation=Falling	Begin=2362.087	_	_	_	_
897-1	BZ001	897	1	[((ride))]	((ride))	_	_	_	_	_	nonverbalbehavior	_	ContainsVariation=No	_	End=2366.55	_	_	_	X(219)
898-0	BZ006	898	0	[che	che	_	_	_	_	_	linguistic	_	ContainsVariation=No	_	Begin=2362.642	_	_	_	0-3(219)
898-1	BZ006	898	1	è	è	_	_	_	_	_	linguistic	_	ContainsVariation=No	_	_	_	_	_	0-1(219)
898-2	BZ006	898	2	p-	p-	_	_	_	_	_	linguistic	_	ContainsVariation=No	Interrupted=Yes	_	_	_	_	0-2(219)
898-3	BZ006	898	3	è	è	_	_	_	_	_	linguistic	_	ContainsVariation=No	_	_	_	_	_	0-1(219)
898-4	BZ006	898	4	pazzesco	pazzesco	_	_	_	_	_	linguistic	_	ContainsVariation=No	_	_	_	_	_	0-8(219)
898-5	BZ006	898	5	dici	dici	_	_	_	_	_	linguistic	_	ContainsVariation=No	_	_	_	_	_	0-4(219)
898-6	BZ006	898	6	che	che	_	_	_	_	_	linguistic	_	ContainsVariation=No	_	_	_	_	_	0-3(219)
898-7	BZ006	898	7	cazzo	cazzo	_	_	_	_	_	linguistic	_	ContainsVariation=No	_	_	_	_	_	0-5(219)
898-8	BZ006	898	8	voglio	voglio	_	_	_	_	_	linguistic	_	ContainsVariation=No	_	_	_	_	_	0-6(219)
898-9	BZ006	898	9	sp-	sp-	_	_	_	_	_	linguistic	_	ContainsVariation=No	Interrupted=Yes	_	_	_	_	0-3(219)
898-10	BZ006	898	10	parlo	parlo	_	_	_	_	_	linguistic	_	ContainsVariation=No	_	_	_	_	_	0-5(219)
898-11	BZ006	898	11	solo	solo	_	_	_	_	_	linguistic	_	ContainsVariation=No	_	_	_	_	_	0-4(219)
898-12	BZ006	898	12	spagnolo	spagnolo	_	_	_	_	_	linguistic	_	ContainsVariation=No	_	_	_	_	_	0-8(219)
898-13	BZ006	898	13	allora.	allora	_	_	_	_	_	linguistic	_	ContainsVariation=No	Intonation=Falling	_	_	_	_	0-6(219)
898-14	BZ006	898	14	((ride))]	((ride))	_	_	_	_	_	nonverbalbehavior	_	ContainsVariation=No	_	End=2366.552	_	_	_	X(219)
899-0	BZ006	899	0	però	però	_	_	_	_	_	linguistic	_	ContainsVariation=No	_	Begin=2366.603	_	_	_	_
899-1	BZ006	899	1	obbiettivamente	obbiettivamente	_	_	_	_	_	linguistic	_	ContainsVariation=No	_	_	_	_	_	_
899-2	BZ006	899	2	fa	fa	_	_	_	_	_	linguistic	_	ContainsVariation=No	_	_	_	_	_	_
899-3	BZ006	899	3	un	un	_	_	_	_	_	linguistic	_	ContainsVariation=No	_	_	_	_	_	_
899-4	BZ006	899	4	effetto	effetto	_	_	_	_	_	linguistic	_	ContainsVariation=No	_	_	_	_	_	_
899-5	BZ006	899	5	più:	più	_	_	_	_	_	linguistic	_	ContainsVariation=No	PauseAfter=Yes	_	2x1	_	_	_
899-6	BZ006	899	6	(.)	(.)	_	_	_	_	_	shortpause	_	ContainsVariation=No	_	_	_	_	_	_
899-7	BZ006	899	7	sicuramente	sicuramente	_	_	_	_	_	linguistic	_	ContainsVariation=No	_	_	_	_	_	_
899-8	BZ006	899	8	l'	l'	_	_	_	_	_	linguistic	_	ContainsVariation=No	SpaceAfter=No	_	_	_	_	_
899-9	BZ006	899	9	italiano	italiano	_	_	_	_	_	linguistic	_	ContainsVariation=No	_	_	_	_	_	_
899-10	BZ006	899	10	per	per	_	_	_	_	_	linguistic	_	ContainsVariation=No	_	_	_	_	_	_
899-11	BZ006	899	11	me	me	_	_	_	_	_	linguistic	_	ContainsVariation=No	_	_	_	_	_	_
899-12	BZ006	899	12	è	è	_	_	_	_	_	linguistic	_	ContainsVariation=No	_	_	_	_	_	_
899-13	BZ006	899	13	la	la	_	_	_	_	_	linguistic	_	ContainsVariation=No	_	_	_	_	_	_
899-14	BZ006	899	14	lingua	lingua	_	_	_	_	_	linguistic	_	ContainsVariation=No	_	_	_	_	_	_
899-15	BZ006	899	15	dell'	dell'	_	_	_	_	_	linguistic	_	ContainsVariation=No	SpaceAfter=No	_	_	_	_	_
899-16	BZ006	899	16	introspezione.	introspezione	_	_	_	_	_	linguistic	_	ContainsVariation=No	Intonation=Falling	End=2372.073	_	_	_	_
900-0	BZ006	900	0	cioè	cioè	_	_	_	_	_	linguistic	_	ContainsVariation=No	_	Begin=2372.963	_	_	_	_
900-1	BZ006	900	1	la	la	_	_	_	_	_	linguistic	_	ContainsVariation=No	_	_	_	_	_	_
900-2	BZ006	900	2	lingua	lingua	_	_	_	_	_	linguistic	_	ContainsVariation=No	_	_	_	_	_	_
900-3	BZ006	900	3	che	che	_	_	_	_	_	linguistic	_	ContainsVariation=No	_	_	_	_	_	_
900-4	BZ006	900	4	uso	uso	_	_	_	_	_	linguistic	_	ContainsVariation=No	_	_	_	_	_	_
900-5	BZ006	900	5	quando	quando	_	_	_	_	_	linguistic	_	ContainsVariation=No	_	_	_	_	_	_
900-6	BZ006	900	6	calo	calo	_	_	_	_	_	linguistic	_	ContainsVariation=No	_	_	_	_	_	_
900-7	BZ006	900	7	dentro.	dentro	_	_	_	_	_	linguistic	_	ContainsVariation=No	Intonation=Falling	_	_	_	_	_
900-8	BZ006	900	8	mi	mi	_	_	_	_	_	linguistic	_	ContainsVariation=No	_	_	_	_	_	_
900-9	BZ006	900	9	[calo	calo	_	_	_	_	_	linguistic	_	ContainsVariation=No	_	_	_	_	_	0-4(220)
900-10	BZ006	900	10	den]tro,	dentro	_	_	_	_	_	linguistic	_	ContainsVariation=No	Intonation=WeaklyRising	_	_	_	_	0-3(220)
900-11	BZ006	900	11	cerco	cerco	_	_	_	_	_	linguistic	_	ContainsVariation=No	_	_	_	_	_	_
900-12	BZ006	900	12	di	di	_	_	_	_	_	linguistic	_	ContainsVariation=No	_	_	_	_	_	_
900-13	BZ006	900	13	tradurre,	tradurre	_	_	_	_	_	linguistic	_	ContainsVariation=No	Intonation=WeaklyRising	End=2376.753	_	_	_	_
901-0	BZ001	901	0	[mh	mh	_	_	_	_	_	linguistic	_	ContainsVariation=No	ProsodicLink=Yes	Begin=2374.673	_	_	_	0-2(220)
901-1	BZ001	901	1	mh],	mh	_	_	_	_	_	linguistic	_	ContainsVariation=No	Intonation=WeaklyRising	End=2375.083	_	_	_	0-2(220)
902-0	BZ006	902	0	quindi	quindi	_	_	_	_	_	linguistic	_	ContainsVariation=No	_	Begin=2377.003	_	_	_	_
902-1	BZ006	902	1	una	una	_	_	_	_	_	linguistic	_	ContainsVariation=No	_	_	_	_	_	_
902-2	BZ006	902	2	lingua	lingua	_	_	_	_	_	linguistic	_	ContainsVariation=No	_	_	_	_	_	_
902-3	BZ006	902	3	anche,	anche	_	_	_	_	_	linguistic	_	ContainsVariation=No	Intonation=WeaklyRising	End=2378.313	_	_	_	_
903-0	BZ006	903	0	che	che	_	_	_	_	_	linguistic	_	ContainsVariation=No	_	Begin=2378.663	_	_	_	_
903-1	BZ006	903	1	cerca	cerca	_	_	_	_	_	linguistic	_	ContainsVariation=No	_	_	_	_	_	_
903-2	BZ006	903	2	di	di	_	_	_	_	_	linguistic	_	ContainsVariation=No	_	_	_	_	_	_
903-3	BZ006	903	3	andare	andare	_	_	_	_	_	linguistic	_	ContainsVariation=No	_	_	_	_	_	_
903-4	BZ006	903	4	a	a	_	_	_	_	_	linguistic	_	ContainsVariation=No	_	_	_	_	_	_
903-5	BZ006	903	5	fondo,	fondo	_	_	_	_	_	linguistic	_	ContainsVariation=No	Intonation=WeaklyRising	End=2380.313	_	_	_	_
904-0	BZ006	904	0	e	e	_	_	_	_	_	linguistic	_	ContainsVariation=No	_	Begin=2380.713	_	_	_	_
904-1	BZ006	904	1	complessa.	complessa	_	_	_	_	_	linguistic	_	ContainsVariation=No	Intonation=Falling	End=2381.803	_	_	_	_
905-0	BZ001	905	0	mh	mh	_	_	_	_	_	linguistic	_	ContainsVariation=No	ProsodicLink=Yes	Begin=2381.963	_	_	_	_
905-1	BZ001	905	1	mh,	mh	_	_	_	_	_	linguistic	_	ContainsVariation=No	Intonation=WeaklyRising	End=2382.273	_	_	_	_
906-0	BZ001	906	0	[cerchi	cerchi	_	_	_	_	_	linguistic	_	ContainsVariation=No	_	Begin=2382.493	_	_	_	0-6(221)
906-1	BZ001	906	1	di	di	_	_	_	_	_	linguistic	_	ContainsVariation=No	_	_	_	_	_	0-2(221)
906-2	BZ001	906	2	tradurre],	tradurre	_	_	_	_	_	linguistic	_	ContainsVariation=No	Intonation=WeaklyRising|PauseAfter=Yes	_	_	_	_	0-8(221)
906-3	BZ001	906	3	(.)	(.)	_	_	_	_	_	shortpause	_	ContainsVariation=No	_	_	_	_	_	_
906-4	BZ001	906	4	in	in	_	_	_	_	_	linguistic	_	ContainsVariation=No	_	_	_	_	_	_
906-5	BZ001	906	5	che	che	_	_	_	_	_	linguistic	_	ContainsVariation=No	_	_	_	_	_	_
906-6	BZ001	906	6	senso?	senso	_	_	_	_	_	linguistic	_	ContainsVariation=No	Intonation=Rising	End=2384.293	_	_	_	_
907-0	BZ006	907	0	[molto	molto	_	_	_	_	_	linguistic	_	ContainsVariation=No	_	Begin=2382.518	_	_	_	0-5(221)
907-1	BZ006	907	1	complessa].	complessa	_	_	_	_	_	linguistic	_	ContainsVariation=No	Intonation=Falling	End=2383.698	_	_	_	0-9(221)
908-0	BZ006	908	0	nel	nel	_	_	_	_	_	linguistic	_	ContainsVariation=No	_	Begin=2384.693	_	_	_	_
908-1	BZ006	908	1	senso	senso	_	_	_	_	_	linguistic	_	ContainsVariation=No	_	_	_	_	_	_
908-2	BZ006	908	2	che	che	_	_	_	_	_	linguistic	_	ContainsVariation=No	_	_	_	_	_	_
908-3	BZ006	908	3	eh:::m:	ehm	_	_	_	_	_	linguistic	_	ContainsVariation=No	_	_	1x3,2x1	_	_	_
908-4	BZ006	908	4	con	con	_	_	_	_	_	linguistic	_	ContainsVariation=No	_	_	_	_	_	_
908-5	BZ006	908	5	l'	l'	_	_	_	_	_	linguistic	_	ContainsVariation=No	SpaceAfter=No	_	_	_	_	_
908-6	BZ006	908	6	italiano	italiano	_	_	_	_	_	linguistic	_	ContainsVariation=No	_	_	_	_	_	_
908-7	BZ006	908	7	io	io	_	_	_	_	_	linguistic	_	ContainsVariation=No	_	_	_	_	_	_
908-8	BZ006	908	8	cerco	cerco	_	_	_	_	_	linguistic	_	ContainsVariation=No	_	_	_	_	_	_
908-9	BZ006	908	9	di	di	_	_	_	_	_	linguistic	_	ContainsVariation=No	_	_	_	_	_	_
908-10	BZ006	908	10	tradurre	tradurre	_	_	_	_	_	linguistic	_	ContainsVariation=No	_	_	_	_	_	_
908-11	BZ006	908	11	dei	dei	_	_	_	_	_	linguistic	_	ContainsVariation=No	_	_	_	_	_	_
908-12	BZ006	908	12	fenomeni	fenomeni	_	_	_	_	_	linguistic	_	ContainsVariation=No	_	_	_	_	_	_
908-13	BZ006	908	13	[che	che	_	_	_	_	_	linguistic	_	ContainsVariation=No	_	_	_	_	_	0-3(222)
908-14	BZ006	908	14	sento]	sento	_	_	_	_	_	linguistic	_	ContainsVariation=No	_	_	_	_	_	0-5(222)
908-15	BZ006	908	15	dentro	dentro	_	_	_	_	_	linguistic	_	ContainsVariation=No	_	_	_	_	_	_
908-16	BZ006	908	16	e	e	_	_	_	_	_	linguistic	_	ContainsVariation=No	_	_	_	_	_	_
908-17	BZ006	908	17	fuori	fuori	_	_	_	_	_	linguistic	_	ContainsVariation=No	_	_	_	_	_	_
908-18	BZ006	908	18	di	di	_	_	_	_	_	linguistic	_	ContainsVariation=No	_	_	_	_	_	_
908-19	BZ006	908	19	me,	me	_	_	_	_	_	linguistic	_	ContainsVariation=No	Intonation=WeaklyRising	End=2392.4	_	_	_	_
909-0	BZ001	909	0	[okay].	okay	_	_	_	_	_	linguistic	_	ContainsVariation=No	Intonation=Falling	Begin=2390.641|End=2391.121	_	_	_	0-4(222)
910-0	BZ006	910	0	eh	eh	_	_	_	_	_	linguistic	_	ContainsVariation=No	_	Begin=2392.946	_	_	_	_
910-1	BZ006	910	1	in	in	_	_	_	_	_	linguistic	_	ContainsVariation=No	_	_	_	_	_	_
910-2	BZ006	910	2	termini	termini	_	_	_	_	_	linguistic	_	ContainsVariation=No	_	_	_	_	_	_
910-3	BZ006	910	3	più	più	_	_	_	_	_	linguistic	_	ContainsVariation=No	_	_	_	_	_	_
910-4	BZ006	910	4	complessi	complessi	_	_	_	_	_	linguistic	_	ContainsVariation=No	_	_	_	_	_	_
910-5	BZ006	910	5	più	più	_	_	_	_	_	linguistic	_	ContainsVariation=No	_	_	_	_	_	_
910-6	BZ006	910	6	precisi,	precisi	_	_	_	_	_	linguistic	_	ContainsVariation=No	Intonation=WeaklyRising	End=2395.736	_	_	_	_
911-0	BZ006	911	0	dettagliati,	dettagliati	_	_	_	_	_	linguistic	_	ContainsVariation=No	Intonation=WeaklyRising	Begin=2396.266|End=2397.346	_	_	_	_
912-0	BZ006	912	0	di	di	_	_	_	_	_	linguistic	_	ContainsVariation=No	_	Begin=2397.691	_	_	_	_
912-1	BZ006	912	1	come	come	_	_	_	_	_	linguistic	_	ContainsVariation=No	_	_	_	_	_	_
912-2	BZ006	912	2	potrei	potrei	_	_	_	_	_	linguistic	_	ContainsVariation=No	_	_	_	_	_	_
912-3	BZ006	912	3	fare	fare	_	_	_	_	_	linguistic	_	ContainsVariation=No	_	_	_	_	_	_
912-4	BZ006	912	4	con	con	_	_	_	_	_	linguistic	_	ContainsVariation=No	_	_	_	_	_	_
912-5	BZ006	912	5	altre	altre	_	_	_	_	_	linguistic	_	ContainsVariation=No	_	_	_	_	_	_
912-6	BZ006	912	6	lingue.	lingue	_	_	_	_	_	linguistic	_	ContainsVariation=No	Intonation=Falling	End=2399.371	_	_	_	_
913-0	BZ001	913	0	mh	mh	_	_	_	_	_	linguistic	_	ContainsVariation=No	ProsodicLink=Yes	Begin=2399.486	_	_	_	_
913-1	BZ001	913	1	mh.	mh	_	_	_	_	_	linguistic	_	ContainsVariation=No	Intonation=Falling	End=2399.746	_	_	_	_
914-0	BZ006	914	0	no?	no	_	_	_	_	_	linguistic	_	ContainsVariation=No	Intonation=Rising	Begin=2399.746|End=2399.986	_	_	_	_
915-0	BZ006	915	0	è	è	_	_	_	_	_	linguistic	_	ContainsVariation=No	_	Begin=2400.666	_	_	_	_
915-1	BZ006	915	1	una	una	_	_	_	_	_	linguistic	_	ContainsVariation=No	_	_	_	_	_	_
915-2	BZ006	915	2	lingua,	lingua	_	_	_	_	_	linguistic	_	ContainsVariation=No	Intonation=WeaklyRising	_	_	_	_	_
915-3	BZ006	915	3	introspettiva.	introspettiva	_	_	_	_	_	linguistic	_	ContainsVariation=No	Intonation=Falling	End=2402.346	_	_	_	_
916-0	BZ006	916	0	tant'	tant'	_	_	_	_	_	linguistic	_	ContainsVariation=No	SpaceAfter=No	Begin=2403.651	_	_	_	_
916-1	BZ006	916	1	è	è	_	_	_	_	_	linguistic	_	ContainsVariation=No	_	_	_	_	_	_
916-2	BZ006	916	2	che,	che	_	_	_	_	_	linguistic	_	ContainsVariation=No	Intonation=WeaklyRising|PauseAfter=Yes	_	_	_	_	_
916-3	BZ006	916	3	(.)	(.)	_	_	_	_	_	shortpause	_	ContainsVariation=No	_	_	_	_	_	_
916-4	BZ006	916	4	in	in	_	_	_	_	_	linguistic	_	ContainsVariation=No	_	_	_	_	_	_
916-5	BZ006	916	5	italiano,	italiano	_	_	_	_	_	linguistic	_	ContainsVariation=No	Intonation=WeaklyRising	End=2405.311	_	_	_	_
917-0	BZ006	917	0	mi	mi	_	_	_	_	_	linguistic	_	ContainsVariation=No	_	Begin=2405.576	_	_	_	_
917-1	BZ006	917	1	sento	sento	_	_	_	_	_	linguistic	_	ContainsVariation=No	_	_	_	_	_	_
917-2	BZ006	917	2	in	in	_	_	_	_	_	linguistic	_	ContainsVariation=No	_	_	_	_	_	_
917-3	BZ006	917	3	grado,	grado	_	_	_	_	_	linguistic	_	ContainsVariation=No	Intonation=WeaklyRising	End=2406.866	_	_	_	_
918-0	BZ006	918	0	di	di	_	_	_	_	_	linguistic	_	ContainsVariation=No	_	Begin=2407.336	_	_	_	_
918-1	BZ006	918	1	parlare	parlare	_	_	_	_	_	linguistic	_	ContainsVariation=No	_	_	_	_	_	_
918-2	BZ006	918	2	di	di	_	_	_	_	_	linguistic	_	ContainsVariation=No	_	_	_	_	_	_
918-3	BZ006	918	3	tantissime	tantissime	_	_	_	_	_	linguistic	_	ContainsVariation=No	_	_	_	_	_	_
918-4	BZ006	918	4	cose,	cose	_	_	_	_	_	linguistic	_	ContainsVariation=No	Intonation=WeaklyRising	End=2409.446	_	_	_	_
919-0	BZ006	919	0	e	e	_	_	_	_	_	linguistic	_	ContainsVariation=No	_	Begin=2409.966	_	_	_	_
919-1	BZ006	919	1	soprattutto	soprattutto	_	_	_	_	_	linguistic	_	ContainsVariation=No	_	_	_	_	_	_
919-2	BZ006	919	2	anche	anche	_	_	_	_	_	linguistic	_	ContainsVariation=No	_	_	_	_	_	_
919-3	BZ006	919	3	di	di	_	_	_	_	_	linguistic	_	ContainsVariation=No	_	_	_	_	_	_
919-4	BZ006	919	4	esprimere	esprimere	_	_	_	_	_	linguistic	_	ContainsVariation=No	_	_	_	_	_	_
919-5	BZ006	919	5	tradurre	tradurre	_	_	_	_	_	linguistic	_	ContainsVariation=No	_	_	_	_	_	_
919-6	BZ006	919	6	in	in	_	_	_	_	_	linguistic	_	ContainsVariation=No	_	_	_	_	_	_
919-7	BZ006	919	7	parole	parole	_	_	_	_	_	linguistic	_	ContainsVariation=No	_	_	_	_	_	_
919-8	BZ006	919	8	anche	anche	_	_	_	_	_	linguistic	_	ContainsVariation=No	_	_	_	_	_	_
919-9	BZ006	919	9	degli	degli	_	_	_	_	_	linguistic	_	ContainsVariation=No	_	_	_	_	_	_
919-10	BZ006	919	10	stati	stati	_	_	_	_	_	linguistic	_	ContainsVariation=No	_	_	_	_	_	_
919-11	BZ006	919	11	d'	d'	_	_	_	_	_	linguistic	_	ContainsVariation=No	SpaceAfter=No	_	_	_	_	_
919-12	BZ006	919	12	animo	animo	_	_	_	_	_	linguistic	_	ContainsVariation=No	_	_	_	_	_	_
919-13	BZ006	919	13	che	che	_	_	_	_	_	linguistic	_	ContainsVariation=No	_	_	_	_	_	_
919-14	BZ006	919	14	provo.	provo	_	_	_	_	_	linguistic	_	ContainsVariation=No	Intonation=Falling	End=2414.606	_	_	_	_
920-0	BZ006	920	0	che	che	_	_	_	_	_	linguistic	_	ContainsVariation=No	_	Begin=2415.196	_	_	_	_
920-1	BZ006	920	1	è	è	_	_	_	_	_	linguistic	_	ContainsVariation=No	_	_	_	_	_	_
920-2	BZ006	920	2	un	un	_	_	_	_	_	linguistic	_	ContainsVariation=No	_	_	_	_	_	_
920-3	BZ006	920	3	valore	valore	_	_	_	_	_	linguistic	_	ContainsVariation=No	_	_	_	_	_	_
920-4	BZ006	920	4	aggiunto	aggiunto	_	_	_	_	_	linguistic	_	ContainsVariation=No	_	_	_	_	_	_
920-5	BZ006	920	5	[della	della	_	_	_	_	_	linguistic	_	ContainsVariation=No	_	_	_	_	_	0-5(223)
920-6	BZ006	920	6	lin]gua	lingua	_	_	_	_	_	linguistic	_	ContainsVariation=No	_	_	_	_	_	0-3(223)
920-7	BZ006	920	7	no?	no	_	_	_	_	_	linguistic	_	ContainsVariation=No	Intonation=Rising	End=2417.216	_	_	_	_
921-0	BZ001	921	0	[mh	mh	_	_	_	_	_	linguistic	_	ContainsVariation=No	ProsodicLink=Yes	Begin=2416.441	_	_	_	0-2(223)
921-1	BZ001	921	1	mh].	mh	_	_	_	_	_	linguistic	_	ContainsVariation=No	Intonation=Falling	End=2416.871	_	_	_	0-2(223)
922-0	BZ001	922	0	sì.	sì	_	_	_	_	_	linguistic	_	ContainsVariation=No	Intonation=Falling	Begin=2417.581|End=2417.851	_	_	_	_
923-0	BZ006	923	0	eh	eh	_	_	_	_	_	linguistic	_	ContainsVariation=No	_	Begin=2418.121	_	_	_	_
923-1	BZ006	923	1	quindi	quindi	_	_	_	_	_	linguistic	_	ContainsVariation=No	_	_	_	_	_	_
923-2	BZ006	923	2	questa	questa	_	_	_	_	_	linguistic	_	ContainsVariation=No	_	_	_	_	_	_
923-3	BZ006	923	3	è	è	_	_	_	_	_	linguistic	_	ContainsVariation=No	_	_	_	_	_	_
923-4	BZ006	923	4	la	la	_	_	_	_	_	linguistic	_	ContainsVariation=No	_	_	_	_	_	_
923-5	BZ006	923	5	lingua	lingua	_	_	_	_	_	linguistic	_	ContainsVariation=No	_	_	_	_	_	_
923-6	BZ006	923	6	italiana.	italiana	_	_	_	_	_	linguistic	_	ContainsVariation=No	Intonation=Falling	End=2420.021	_	_	_	_
924-0	BZ006	924	0	lo	lo	_	_	_	_	_	linguistic	_	ContainsVariation=No	_	Begin=2421.301	_	_	_	_
924-1	BZ006	924	1	spagnolo,	spagnolo	_	_	_	_	_	linguistic	_	ContainsVariation=No	Intonation=WeaklyRising	_	_	_	_	_
924-2	BZ006	924	2	eh	eh	_	_	_	_	_	linguistic	_	ContainsVariation=No	_	_	_	_	_	_
924-3	BZ006	924	3	l'	l'	_	_	_	_	_	linguistic	_	ContainsVariation=No	SpaceAfter=No	_	_	_	_	_
924-4	BZ006	924	4	ho	ho	_	_	_	_	_	linguistic	_	ContainsVariation=No	_	_	_	_	_	_
924-5	BZ006	924	5	vissuto	vissuto	_	_	_	_	_	linguistic	_	ContainsVariation=No	_	_	_	_	_	_
924-6	BZ006	924	6	come	come	_	_	_	_	_	linguistic	_	ContainsVariation=No	_	_	_	_	_	_
924-7	BZ006	924	7	lingua	lingua	_	_	_	_	_	linguistic	_	ContainsVariation=No	_	_	_	_	_	_
924-8	BZ006	924	8	della	della	_	_	_	_	_	linguistic	_	ContainsVariation=No	_	_	_	_	_	_
924-9	BZ006	924	9	trasgressione,	trasgressione	_	_	_	_	_	linguistic	_	ContainsVariation=No	Intonation=WeaklyRising	End=2424.781	_	_	_	_
925-0	BZ006	925	0	per	per	_	_	_	_	_	linguistic	_	ContainsVariation=No	_	Begin=2425.996	_	_	_	_
925-1	BZ006	925	1	questo	questo	_	_	_	_	_	linguistic	_	ContainsVariation=No	_	_	_	_	_	_
925-2	BZ006	925	2	forse	forse	_	_	_	_	_	linguistic	_	ContainsVariation=No	_	_	_	_	_	_
925-3	BZ006	925	3	[risulto,	risulto	_	_	_	_	_	linguistic	_	ContainsVariation=No	Intonation=WeaklyRising|PauseAfter=Yes	_	_	_	_	0-7(224)
925-4	BZ006	925	4	(.)	(.)	_	_	_	_	_	shortpause	_	ContainsVariation=No	_	_	_	_	_	X(224)
925-5	BZ006	925	5	più	più	_	_	_	_	_	linguistic	_	ContainsVariation=No	_	_	_	_	_	0-3(224)
925-6	BZ006	925	6	sim]pati-	simpati-	_	_	_	_	_	linguistic	_	ContainsVariation=No	Interrupted=Yes	_	_	_	_	0-3(224)
925-7	BZ006	925	7	per	per	_	_	_	_	_	linguistic	_	ContainsVariation=No	_	_	_	_	_	_
925-8	BZ006	925	8	l'	l'	_	_	_	_	_	linguistic	_	ContainsVariation=No	SpaceAfter=No	_	_	_	_	_
925-9	BZ006	925	9	esperienza,	esperienza	_	_	_	_	_	linguistic	_	ContainsVariation=No	Intonation=WeaklyRising	End=2429.346	_	_	_	_
926-0	BZ001	926	0	[per	per	_	_	_	_	_	linguistic	_	ContainsVariation=No	_	Begin=2426.996	_	_	_	0-3(224)
926-1	BZ001	926	1	l'	l'	_	_	_	_	_	linguistic	_	ContainsVariation=No	SpaceAfter=No	_	_	_	_	0-2(224)
926-2	BZ001	926	2	esperienza	esperienza	_	_	_	_	_	linguistic	_	ContainsVariation=No	_	_	_	_	_	0-10(224)
926-3	BZ001	926	3	che],	che	_	_	_	_	_	linguistic	_	ContainsVariation=No	Intonation=WeaklyRising	End=2428.116	_	_	_	0-3(224)
927-0	BZ006	927	0	trasgressiva	trasgressiva	_	_	_	_	_	linguistic	_	ContainsVariation=No	_	Begin=2429.556	_	_	_	_
927-1	BZ006	927	1	che	che	_	_	_	_	_	linguistic	_	ContainsVariation=No	_	_	_	_	_	_
927-2	BZ006	927	2	ho	ho	_	_	_	_	_	linguistic	_	ContainsVariation=No	_	_	_	_	_	_
927-3	BZ006	927	3	v-	v-	_	_	_	_	_	linguistic	_	ContainsVariation=No	Interrupted=Yes	_	_	_	_	_
927-4	BZ006	927	4	tra	tra	_	_	_	_	_	linguistic	_	ContainsVariation=No	_	_	_	_	_	_
927-5	BZ006	927	5	virgolette,	virgolette	_	_	_	_	_	linguistic	_	ContainsVariation=No	Intonation=WeaklyRising|PauseAfter=Yes	_	_	_	_	_
927-6	BZ006	927	6	[(.)	(.)	_	_	_	_	_	shortpause	_	ContainsVariation=No	_	_	_	_	_	X(225)
927-7	BZ006	927	7	che	che	_	_	_	_	_	linguistic	_	ContainsVariation=No	_	_	_	_	_	0-3(225)
927-8	BZ006	927	8	ho	ho	_	_	_	_	_	linguistic	_	ContainsVariation=No	_	_	_	_	_	0-2(225)
927-9	BZ006	927	9	vissuto]	vissuto	_	_	_	_	_	linguistic	_	ContainsVariation=No	_	_	_	_	_	0-7(225)
927-10	BZ006	927	10	ma	ma	_	_	_	_	_	linguistic	_	ContainsVariation=No	_	_	_	_	_	_
927-11	BZ006	927	11	neanche	neanche	_	_	_	_	_	linguistic	_	ContainsVariation=No	_	_	_	_	_	_
927-12	BZ006	927	12	inso-	inso-	_	_	_	_	_	linguistic	_	ContainsVariation=No	Interrupted=Yes	_	_	_	_	_
927-13	BZ006	927	13	troppo	troppo	_	_	_	_	_	linguistic	_	ContainsVariation=No	_	_	_	_	_	_
927-14	BZ006	927	14	tra	tra	_	_	_	_	_	linguistic	_	ContainsVariation=No	_	_	_	_	_	_
927-15	BZ006	927	15	virgolette,	virgolette	_	_	_	_	_	linguistic	_	ContainsVariation=No	Intonation=WeaklyRising	_	_	_	_	_
927-16	BZ006	927	16	nel	nel	_	_	_	_	_	linguistic	_	ContainsVariation=No	_	_	_	_	_	_
927-17	BZ006	927	17	senso	senso	_	_	_	_	_	linguistic	_	ContainsVariation=No	_	_	_	_	_	_
927-18	BZ006	927	18	che	che	_	_	_	_	_	linguistic	_	ContainsVariation=No	_	_	_	_	_	_
927-19	BZ006	927	19	è	è	_	_	_	_	_	linguistic	_	ContainsVariation=No	_	_	_	_	_	_
927-20	BZ006	927	20	una,	una	_	_	_	_	_	linguistic	_	ContainsVariation=No	Intonation=WeaklyRising|PauseAfter=Yes	_	_	_	_	_
927-21	BZ006	927	21	(.)	(.)	_	_	_	_	_	shortpause	_	ContainsVariation=No	_	_	_	_	_	_
927-22	BZ006	927	22	trasgressione	trasgressione	_	_	_	_	_	linguistic	_	ContainsVariation=No	_	_	_	_	_	_
927-23	BZ006	927	23	dalla	dalla	_	_	_	_	_	linguistic	_	ContainsVariation=No	_	_	_	_	_	_
927-24	BZ006	927	24	normalità.	normalità	_	_	_	_	_	linguistic	_	ContainsVariation=No	Intonation=Falling	End=2435.886	_	_	_	_
928-0	BZ001	928	0	[sì	sì	_	_	_	_	_	linguistic	_	ContainsVariation=No	_	Begin=2431.206	_	_	_	0-2(225)
928-1	BZ001	928	1	sì	sì	_	_	_	_	_	linguistic	_	ContainsVariation=No	_	_	_	_	_	0-2(225)
928-2	BZ001	928	2	sì	sì	_	_	_	_	_	linguistic	_	ContainsVariation=No	_	_	_	_	_	0-2(225)
928-3	BZ001	928	3	certo].	certo	_	_	_	_	_	linguistic	_	ContainsVariation=No	Intonation=Falling	End=2432.2	_	_	_	0-5(225)
929-0	BZ001	929	0	mh	mh	_	_	_	_	_	linguistic	_	ContainsVariation=No	ProsodicLink=Yes	Begin=2436.031	_	_	_	_
929-1	BZ001	929	1	[mh].	mh	_	_	_	_	_	linguistic	_	ContainsVariation=No	Intonation=Falling	End=2436.441	_	_	_	0-2(226)
930-0	BZ006	930	0	[cioè]	cioè	_	_	_	_	_	linguistic	_	ContainsVariation=No	_	Begin=2436.211	_	_	_	0-4(226)
930-1	BZ006	930	1	eh:	eh	_	_	_	_	_	linguistic	_	ContainsVariation=No	_	_	1x1	_	_	_
930-2	BZ006	930	2	il	il	_	_	_	_	_	linguistic	_	ContainsVariation=No	_	_	_	_	_	_
930-3	BZ006	930	3	mio	mio	_	_	_	_	_	linguistic	_	ContainsVariation=No	_	_	_	_	_	_
930-4	BZ006	930	4	percorso	percorso	_	_	_	_	_	linguistic	_	ContainsVariation=No	_	_	_	_	_	_
930-5	BZ006	930	5	sarebbe	sarebbe	_	_	_	_	_	linguistic	_	ContainsVariation=No	_	_	_	_	_	_
930-6	BZ006	930	6	stato	stato	_	_	_	_	_	linguistic	_	ContainsVariation=No	_	_	_	_	_	_
930-7	BZ006	930	7	>continuare	continuare	_	_	_	_	_	linguistic	_	ContainsVariation=No	_	_	_	Fast=0-10(0)	_	_
930-8	BZ006	930	8	subito	subito	_	_	_	_	_	linguistic	_	ContainsVariation=No	_	_	_	Fast=0-6(0)	_	_
930-9	BZ006	930	9	l'	l'	_	_	_	_	_	linguistic	_	ContainsVariation=No	SpaceAfter=No	_	_	Fast=0-2(0)	_	_
930-10	BZ006	930	10	università	università	_	_	_	_	_	linguistic	_	ContainsVariation=No	_	_	_	Fast=0-10(0)	_	_
930-11	BZ006	930	11	eccetera<,	eccetera	_	_	_	_	_	linguistic	_	ContainsVariation=No	Intonation=WeaklyRising	_	_	Fast=0-8(0)	_	_
930-12	BZ006	930	12	ho	ho	_	_	_	_	_	linguistic	_	ContainsVariation=No	_	_	_	_	_	_
930-13	BZ006	930	13	voluto,	voluto	_	_	_	_	_	linguistic	_	ContainsVariation=No	Intonation=WeaklyRising|PauseAfter=Yes	_	_	_	_	_
930-14	BZ006	930	14	(.)	(.)	_	_	_	_	_	shortpause	_	ContainsVariation=No	_	_	_	_	_	_
930-15	BZ006	930	15	dare	dare	_	_	_	_	_	linguistic	_	ContainsVariation=No	_	_	_	_	_	_
930-16	BZ006	930	16	un	un	_	_	_	_	_	linguistic	_	ContainsVariation=No	_	_	_	_	_	_
930-17	BZ006	930	17	attimo	attimo	_	_	_	_	_	linguistic	_	ContainsVariation=No	_	_	_	_	_	_
930-18	BZ006	930	18	un	un	_	_	_	_	_	linguistic	_	ContainsVariation=No	_	_	_	_	_	_
930-19	BZ006	930	19	taglio,	taglio	_	_	_	_	_	linguistic	_	ContainsVariation=No	Intonation=WeaklyRising	End=2441.201	_	_	_	_
931-0	BZ006	931	0	farmi	farmi	_	_	_	_	_	linguistic	_	ContainsVariation=No	_	Begin=2441.651	_	_	_	_
931-1	BZ006	931	1	un'	un'	_	_	_	_	_	linguistic	_	ContainsVariation=No	SpaceAfter=No	_	_	_	_	_
931-2	BZ006	931	2	esperienza	esperienza	_	_	_	_	_	linguistic	_	ContainsVariation=No	_	_	_	_	_	_
931-3	BZ006	931	3	trasgressiva	trasgressiva	_	_	_	_	_	linguistic	_	ContainsVariation=No	_	_	_	_	_	_
931-4	BZ006	931	4	rispetto	rispetto	_	_	_	_	_	linguistic	_	ContainsVariation=No	_	_	_	_	_	_
931-5	BZ006	931	5	alla	alla	_	_	_	_	_	linguistic	_	ContainsVariation=No	_	_	_	_	_	_
931-6	BZ006	931	6	mia,	mia	_	_	_	_	_	linguistic	_	ContainsVariation=No	Intonation=WeaklyRising	End=2444.341	_	_	_	_
932-0	BZ006	932	0	ai	ai	_	_	_	_	_	linguistic	_	ContainsVariation=No	_	Begin=2444.831	_	_	_	_
932-1	BZ006	932	1	miei	miei	_	_	_	_	_	linguistic	_	ContainsVariation=No	_	_	_	_	_	_
932-2	BZ006	932	2	piani,	piani	_	_	_	_	_	linguistic	_	ContainsVariation=No	Intonation=WeaklyRising	End=2445.711	_	_	_	_
933-0	BZ006	933	0	e	e	_	_	_	_	_	linguistic	_	ContainsVariation=No	_	Begin=2446.116	_	_	_	_
933-1	BZ006	933	1	quindi	quindi	_	_	_	_	_	linguistic	_	ContainsVariation=No	_	_	_	_	_	_
933-2	BZ006	933	2	in	in	_	_	_	_	_	linguistic	_	ContainsVariation=No	_	_	_	_	_	_
933-3	BZ006	933	3	quel	quel	_	_	_	_	_	linguistic	_	ContainsVariation=No	_	_	_	_	_	_
933-4	BZ006	933	4	senso	senso	_	_	_	_	_	linguistic	_	ContainsVariation=No	_	_	_	_	_	_
933-5	BZ006	933	5	è	è	_	_	_	_	_	linguistic	_	ContainsVariation=No	_	_	_	_	_	_
933-6	BZ006	933	6	stata	stata	_	_	_	_	_	linguistic	_	ContainsVariation=No	_	_	_	_	_	_
933-7	BZ006	933	7	anche	anche	_	_	_	_	_	linguistic	_	ContainsVariation=No	_	_	_	_	_	_
933-8	BZ006	933	8	una	una	_	_	_	_	_	linguistic	_	ContainsVariation=No	_	_	_	_	_	_
933-9	BZ006	933	9	trasgressione.	trasgressione	_	_	_	_	_	linguistic	_	ContainsVariation=No	Intonation=Falling	End=2448.146	_	_	_	_
934-0	BZ006	934	0	ed	ed	_	_	_	_	_	linguistic	_	ContainsVariation=No	_	Begin=2448.596	_	_	_	_
934-1	BZ006	934	1	è	è	_	_	_	_	_	linguistic	_	ContainsVariation=No	_	_	_	_	_	_
934-2	BZ006	934	2	la	la	_	_	_	_	_	linguistic	_	ContainsVariation=No	_	_	_	_	_	_
934-3	BZ006	934	3	lingua	lingua	_	_	_	_	_	linguistic	_	ContainsVariation=No	_	_	_	_	_	_
934-4	BZ006	934	4	che	che	_	_	_	_	_	linguistic	_	ContainsVariation=No	_	_	_	_	_	_
934-5	BZ006	934	5	si	si	_	_	_	_	_	linguistic	_	ContainsVariation=No	_	_	_	_	_	_
934-6	BZ006	934	6	è	è	_	_	_	_	_	linguistic	_	ContainsVariation=No	_	_	_	_	_	_
934-7	BZ006	934	7	legata	legata	_	_	_	_	_	linguistic	_	ContainsVariation=No	_	_	_	_	_	_
934-8	BZ006	934	8	a	a	_	_	_	_	_	linguistic	_	ContainsVariation=No	_	_	_	_	_	_
934-9	BZ006	934	9	questo.	questo	_	_	_	_	_	linguistic	_	ContainsVariation=No	Intonation=Falling	End=2450.176	_	_	_	_
935-0	BZ006	935	0	no?	no	_	_	_	_	_	linguistic	_	ContainsVariation=No	Intonation=Rising	Begin=2450.551|End=2450.721	_	_	_	_
936-0	BZ006	936	0	per	per	_	_	_	_	_	linguistic	_	ContainsVariation=No	_	Begin=2451.091	_	_	_	_
936-1	BZ006	936	1	cui:,	cui	_	_	_	_	_	linguistic	_	ContainsVariation=No	Intonation=WeaklyRising	End=2451.801	2x1	_	_	_
937-0	BZ006	937	0	eh:::m::	ehm	_	_	_	_	_	linguistic	_	ContainsVariation=No	_	Begin=2452.241|End=2453.881	1x3,2x2	_	_	_
938-0	BZ006	938	0	raccoglie	raccoglie	_	_	_	_	_	linguistic	_	ContainsVariation=No	_	Begin=2455.081	_	_	_	_
938-1	BZ006	938	1	coglie	coglie	_	_	_	_	_	linguistic	_	ContainsVariation=No	_	_	_	_	_	_
938-2	BZ006	938	2	dentro	dentro	_	_	_	_	_	linguistic	_	ContainsVariation=No	_	_	_	_	_	_
938-3	BZ006	938	3	di	di	_	_	_	_	_	linguistic	_	ContainsVariation=No	_	_	_	_	_	_
938-4	BZ006	938	4	sé	sé	_	_	_	_	_	linguistic	_	ContainsVariation=No	_	_	_	_	_	_
938-5	BZ006	938	5	anche,	anche	_	_	_	_	_	linguistic	_	ContainsVariation=No	Intonation=WeaklyRising	End=2457.581	_	_	_	_
939-0	BZ006	939	0	<la	la	_	_	_	_	_	linguistic	_	ContainsVariation=No	_	Begin=2459.671	_	Slow=0-2(0)	_	_
939-1	BZ006	939	1	simpatia,	simpatia	_	_	_	_	_	linguistic	_	ContainsVariation=No	Intonation=WeaklyRising	_	_	Slow=0-8(0)	_	_
939-2	BZ006	939	2	l-	l-	_	_	_	_	_	linguistic	_	ContainsVariation=No	Interrupted=Yes	_	_	Slow=0-2(0)	_	_
939-3	BZ006	939	3	lo	lo	_	_	_	_	_	linguistic	_	ContainsVariation=No	_	_	_	Slow=0-2(0)	_	_
939-4	BZ006	939	4	stare	stare	_	_	_	_	_	linguistic	_	ContainsVariation=No	_	_	_	Slow=0-5(0)	_	_
939-5	BZ006	939	5	insieme>	insieme	_	_	_	_	_	linguistic	_	ContainsVariation=No	_	_	_	Slow=0-7(0)	_	_
939-6	BZ006	939	6	che	che	_	_	_	_	_	linguistic	_	ContainsVariation=No	_	_	_	_	_	_
939-7	BZ006	939	7	ha,	ha	_	_	_	_	_	linguistic	_	ContainsVariation=No	Intonation=WeaklyRising|PauseAfter=Yes	_	_	_	_	_
939-8	BZ006	939	8	(.)	(.)	_	_	_	_	_	shortpause	_	ContainsVariation=No	_	_	_	_	_	_
939-9	BZ006	939	9	che	che	_	_	_	_	_	linguistic	_	ContainsVariation=No	_	_	_	_	_	_
939-10	BZ006	939	10	ho	ho	_	_	_	_	_	linguistic	_	ContainsVariation=No	_	_	_	_	_	_
939-11	BZ006	939	11	vissuto	vissuto	_	_	_	_	_	linguistic	_	ContainsVariation=No	_	_	_	_	_	_
939-12	BZ006	939	12	lì.	lì	_	_	_	_	_	linguistic	_	ContainsVariation=No	Intonation=Falling	End=2464.521	_	_	_	_
940-0	BZ006	940	0	perché	perché	_	_	_	_	_	linguistic	_	ContainsVariation=No	_	Begin=2465.381	_	_	_	_
940-1	BZ006	940	1	gli	gli	_	_	_	_	_	linguistic	_	ContainsVariation=No	_	_	_	_	_	_
940-2	BZ006	940	2	argentini	argentini	_	_	_	_	_	linguistic	_	ContainsVariation=No	_	_	_	_	_	_
940-3	BZ006	940	3	hanno	hanno	_	_	_	_	_	linguistic	_	ContainsVariation=No	_	_	_	_	_	_
940-4	BZ006	940	4	un	un	_	_	_	_	_	linguistic	_	ContainsVariation=No	_	_	_	_	_	_
940-5	BZ006	940	5	senso	senso	_	_	_	_	_	linguistic	_	ContainsVariation=No	_	_	_	_	_	_
940-6	BZ006	940	6	dello	dello	_	_	_	_	_	linguistic	_	ContainsVariation=No	_	_	_	_	_	_
940-7	BZ006	940	7	stare	stare	_	_	_	_	_	linguistic	_	ContainsVariation=No	_	_	_	_	_	_
940-8	BZ006	940	8	insieme	insieme	_	_	_	_	_	linguistic	_	ContainsVariation=No	_	_	_	_	_	_
940-9	BZ006	940	9	molto:,	molto	_	_	_	_	_	linguistic	_	ContainsVariation=No	Intonation=WeaklyRising	End=2468.201	4x1	_	_	_
941-0	BZ006	941	0	molto	molto	_	_	_	_	_	linguistic	_	ContainsVariation=No	_	Begin=2468.671	_	_	_	_
941-1	BZ006	941	1	molto	molto	_	_	_	_	_	linguistic	_	ContainsVariation=No	_	_	_	_	_	_
941-2	BZ006	941	2	forte	forte	_	_	_	_	_	linguistic	_	ContainsVariation=No	_	_	_	_	_	_
941-3	BZ006	941	3	e	e	_	_	_	_	_	linguistic	_	ContainsVariation=No	_	_	_	_	_	_
941-4	BZ006	941	4	sentito.	sentito	_	_	_	_	_	linguistic	_	ContainsVariation=No	Intonation=Falling	End=2470.881	_	_	_	_
942-0	BZ001	942	0	mh	mh	_	_	_	_	_	linguistic	_	ContainsVariation=No	ProsodicLink=Yes	Begin=2471.061	_	_	_	_
942-1	BZ001	942	1	mh,	mh	_	_	_	_	_	linguistic	_	ContainsVariation=No	Intonation=WeaklyRising	End=2471.531	_	_	_	_
943-0	BZ006	943	0	quindi	quindi	_	_	_	_	_	linguistic	_	ContainsVariation=No	_	Begin=2471.971	_	_	_	_
943-1	BZ006	943	1	lo	lo	_	_	_	_	_	linguistic	_	ContainsVariation=No	_	_	_	_	_	_
943-2	BZ006	943	2	spagnolo	spagnolo	_	_	_	_	_	linguistic	_	ContainsVariation=No	_	_	_	_	_	_
943-3	BZ006	943	3	sicuramente	sicuramente	_	_	_	_	_	linguistic	_	ContainsVariation=No	_	_	_	_	_	_
943-4	BZ006	943	4	in	in	_	_	_	_	_	linguistic	_	ContainsVariation=No	_	_	_	_	_	_
943-5	BZ006	943	5	questo	questo	_	_	_	_	_	linguistic	_	ContainsVariation=No	_	_	_	_	_	_
943-6	BZ006	943	6	senso	senso	_	_	_	_	_	linguistic	_	ContainsVariation=No	_	_	_	_	_	_
943-7	BZ006	943	7	è	è	_	_	_	_	_	linguistic	_	ContainsVariation=No	_	_	_	_	_	_
943-8	BZ006	943	8	una	una	_	_	_	_	_	linguistic	_	ContainsVariation=No	_	_	_	_	_	_
943-9	BZ006	943	9	lingua	lingua	_	_	_	_	_	linguistic	_	ContainsVariation=No	_	_	_	_	_	_
943-10	BZ006	943	10	che,	che	_	_	_	_	_	linguistic	_	ContainsVariation=No	Intonation=WeaklyRising	End=2475.011	_	_	_	_
944-0	BZ006	944	0	fa	fa	_	_	_	_	_	linguistic	_	ContainsVariation=No	_	Begin=2475.531	_	_	_	_
944-1	BZ006	944	1	parte	parte	_	_	_	_	_	linguistic	_	ContainsVariation=No	_	_	_	_	_	_
944-2	BZ006	944	2	di	di	_	_	_	_	_	linguistic	_	ContainsVariation=No	_	_	_	_	_	_
944-3	BZ006	944	3	me.	me	_	_	_	_	_	linguistic	_	ContainsVariation=No	Intonation=Falling	End=2476.511	_	_	_	_
945-0	BZ006	945	0	lo	lo	_	_	_	_	_	linguistic	_	ContainsVariation=No	_	Begin=2478.116	_	_	_	_
945-1	BZ006	945	1	dico	dico	_	_	_	_	_	linguistic	_	ContainsVariation=No	_	_	_	_	_	_
945-2	BZ006	945	2	senza:	senza	_	_	_	_	_	linguistic	_	ContainsVariation=No	_	_	4x1	_	_	_
945-3	BZ006	945	3	mh,	mh	_	_	_	_	_	linguistic	_	ContainsVariation=No	Intonation=WeaklyRising	End=2479.606	_	_	_	_
946-0	BZ006	946	0	senza	senza	_	_	_	_	_	linguistic	_	ContainsVariation=No	_	Begin=2479.986	_	_	_	_
946-1	BZ006	946	1	p-	p-	_	_	_	_	_	linguistic	_	ContainsVariation=No	Interrupted=Yes	_	_	_	_	_
946-2	BZ006	946	2	cioè	cioè	_	_	_	_	_	linguistic	_	ContainsVariation=No	_	_	_	_	_	_
946-3	BZ006	946	3	fa	fa	_	_	_	_	_	linguistic	_	ContainsVariation=No	_	_	_	_	_	_
946-4	BZ006	946	4	parte	parte	_	_	_	_	_	linguistic	_	ContainsVariation=No	_	_	_	_	_	_
946-5	BZ006	946	5	della	della	_	_	_	_	_	linguistic	_	ContainsVariation=No	_	_	_	_	_	_
946-6	BZ006	946	6	mia	mia	_	_	_	_	_	linguistic	_	ContainsVariation=No	_	_	_	_	_	_
946-7	BZ006	946	7	esperienza	esperienza	_	_	_	_	_	linguistic	_	ContainsVariation=No	_	_	_	_	_	_
946-8	BZ006	946	8	[e	e	_	_	_	_	_	linguistic	_	ContainsVariation=No	_	_	_	_	_	0-1(227)
946-9	BZ006	946	9	del	del	_	_	_	_	_	linguistic	_	ContainsVariation=No	_	_	_	_	_	0-3(227)
946-10	BZ006	946	10	mio]	mio	_	_	_	_	_	linguistic	_	ContainsVariation=No	_	_	_	_	_	0-3(227)
946-11	BZ006	946	11	essere	essere	_	_	_	_	_	linguistic	_	ContainsVariation=No	_	_	_	_	_	_
946-12	BZ006	946	12	per	per	_	_	_	_	_	linguistic	_	ContainsVariation=No	_	_	_	_	_	_
946-13	BZ006	946	13	quanto	quanto	_	_	_	_	_	linguistic	_	ContainsVariation=No	_	_	_	_	_	_
946-14	BZ006	946	14	non	non	_	_	_	_	_	linguistic	_	ContainsVariation=No	_	_	_	_	_	_
946-15	BZ006	946	15	raggiungerò	raggiungerò	_	_	_	_	_	linguistic	_	ContainsVariation=No	_	_	_	_	_	_
946-16	BZ006	946	16	mai	mai	_	_	_	_	_	linguistic	_	ContainsVariation=No	PauseAfter=Yes	_	_	_	_	_
946-17	BZ006	946	17	(.)	(.)	_	_	_	_	_	shortpause	_	ContainsVariation=No	_	_	_	_	_	_
946-18	BZ006	946	18	o	o	_	_	_	_	_	linguistic	_	ContainsVariation=No	_	_	_	_	_	_
946-19	BZ006	946	19	non	non	_	_	_	_	_	linguistic	_	ContainsVariation=No	_	_	_	_	_	_
946-20	BZ006	946	20	l'	l'	_	_	_	_	_	linguistic	_	ContainsVariation=No	SpaceAfter=No	_	_	_	_	_
946-21	BZ006	946	21	ho	ho	_	_	_	_	_	linguistic	_	ContainsVariation=No	_	_	_	_	_	_
946-22	BZ006	946	22	comunque	comunque	_	_	_	_	_	linguistic	_	ContainsVariation=No	_	_	_	_	_	_
946-23	BZ006	946	23	raggiunto	raggiunto	_	_	_	_	_	linguistic	_	ContainsVariation=No	_	_	_	_	_	_
946-24	BZ006	946	24	adesso,	adesso	_	_	_	_	_	linguistic	_	ContainsVariation=No	Intonation=WeaklyRising	End=2485.916	_	_	_	_
947-0	BZ001	947	0	[mh	mh	_	_	_	_	_	linguistic	_	ContainsVariation=No	ProsodicLink=Yes	Begin=2481.636	_	_	_	0-2(227)
947-1	BZ001	947	1	mh],	mh	_	_	_	_	_	linguistic	_	ContainsVariation=No	Intonation=WeaklyRising	End=2481.996	_	_	_	0-2(227)
948-0	BZ006	948	0	un	un	_	_	_	_	_	linguistic	_	ContainsVariation=No	_	Begin=2486.531	_	_	_	_
948-1	BZ006	948	1	un	un	_	_	_	_	_	linguistic	_	ContainsVariation=No	_	_	_	_	_	_
948-2	BZ006	948	2	grado	grado	_	_	_	_	_	linguistic	_	ContainsVariation=No	_	_	_	_	_	_
948-3	BZ006	948	3	di,	di	_	_	_	_	_	linguistic	_	ContainsVariation=No	Intonation=WeaklyRising	End=2487.521	_	_	_	_
949-0	BZ006	949	0	padronanza	padronanza	_	_	_	_	_	linguistic	_	ContainsVariation=No	_	Begin=2488.991	_	_	_	_
949-1	BZ006	949	1	della	della	_	_	_	_	_	linguistic	_	ContainsVariation=No	_	_	_	_	_	_
949-2	BZ006	949	2	lingua,	lingua	_	_	_	_	_	linguistic	_	ContainsVariation=No	Intonation=WeaklyRising	End=2490.231	_	_	_	_
950-0	BZ006	950	0	eh	eh	_	_	_	_	_	linguistic	_	ContainsVariation=No	_	Begin=2490.546	_	_	_	_
950-1	BZ006	950	1	elevato,	elevato	_	_	_	_	_	linguistic	_	ContainsVariation=No	Intonation=WeaklyRising	End=2491.636	_	_	_	_
951-0	BZ006	951	0	è	è	_	_	_	_	_	linguistic	_	ContainsVariation=No	_	Begin=2492.076	_	_	_	_
951-1	BZ006	951	1	comunque	comunque	_	_	_	_	_	linguistic	_	ContainsVariation=No	_	_	_	_	_	_
951-2	BZ006	951	2	una	una	_	_	_	_	_	linguistic	_	ContainsVariation=No	_	_	_	_	_	_
951-3	BZ006	951	3	lingua	lingua	_	_	_	_	_	linguistic	_	ContainsVariation=No	_	_	_	_	_	_
951-4	BZ006	951	4	che	che	_	_	_	_	_	linguistic	_	ContainsVariation=No	_	_	_	_	_	_
951-5	BZ006	951	5	mi	mi	_	_	_	_	_	linguistic	_	ContainsVariation=No	_	_	_	_	_	_
951-6	BZ006	951	6	ap-	ap-	_	_	_	_	_	linguistic	_	ContainsVariation=No	Interrupted=Yes	End=2493.386	_	_	_	_
952-0	BZ006	952	0	cui	cui	_	_	_	_	_	linguistic	_	ContainsVariation=No	_	Begin=2493.686	_	_	_	_
952-1	BZ006	952	1	appartengo	appartengo	_	_	_	_	_	linguistic	_	ContainsVariation=No	_	_	_	_	_	_
952-2	BZ006	952	2	io	io	_	_	_	_	_	linguistic	_	ContainsVariation=No	_	_	_	_	_	_
952-3	BZ006	952	3	>cui	cui	_	_	_	_	_	linguistic	_	ContainsVariation=No	_	_	_	Fast=0-3(0)	_	_
952-4	BZ006	952	4	mi	mi	_	_	_	_	_	linguistic	_	ContainsVariation=No	_	_	_	Fast=0-2(0)	_	_
952-5	BZ006	952	5	appartiene	appartiene	_	_	_	_	_	linguistic	_	ContainsVariation=No	_	_	_	Fast=0-10(0)	_	_
952-6	BZ006	952	6	non	non	_	_	_	_	_	linguistic	_	ContainsVariation=No	_	_	_	Fast=0-3(0)	_	_
952-7	BZ006	952	7	lo	lo	_	_	_	_	_	linguistic	_	ContainsVariation=No	_	_	_	Fast=0-2(0)	_	_
952-8	BZ006	952	8	so<,	so	_	_	_	_	_	linguistic	_	ContainsVariation=No	Intonation=WeaklyRising	End=2495.706	_	Fast=0-2(0)	_	_
953-0	BZ006	953	0	eh:m:	ehm	_	_	_	_	_	linguistic	_	ContainsVariation=No	_	Begin=2496.521	1x1,2x1	_	_	_
953-1	BZ006	953	1	rispetto	rispetto	_	_	_	_	_	linguistic	_	ContainsVariation=No	_	_	_	_	_	_
953-2	BZ006	953	2	a,	a	_	_	_	_	_	linguistic	_	ContainsVariation=No	Intonation=WeaklyRising|PauseAfter=Yes	_	_	_	_	_
953-3	BZ006	953	3	(.)	(.)	_	_	_	_	_	shortpause	_	ContainsVariation=No	_	_	_	_	_	_
953-4	BZ006	953	4	l'	l'	_	_	_	_	_	linguistic	_	ContainsVariation=No	SpaceAfter=No	_	_	_	_	_
953-5	BZ006	953	5	inglese	inglese	_	_	_	_	_	linguistic	_	ContainsVariation=No	_	_	_	_	_	_
953-6	BZ006	953	6	e	e	_	_	_	_	_	linguistic	_	ContainsVariation=No	_	_	_	_	_	_
953-7	BZ006	953	7	il	il	_	_	_	_	_	linguistic	_	ContainsVariation=No	_	_	_	_	_	_
953-8	BZ006	953	8	francese	francese	_	_	_	_	_	linguistic	_	ContainsVariation=No	_	_	_	_	_	_
953-9	BZ006	953	9	non	non	_	_	_	_	_	linguistic	_	ContainsVariation=No	_	_	_	_	_	_
953-10	BZ006	953	10	faccio	faccio	_	_	_	_	_	linguistic	_	ContainsVariation=No	_	_	_	_	_	_
953-11	BZ006	953	11	questo	questo	_	_	_	_	_	linguistic	_	ContainsVariation=No	_	_	_	_	_	_
953-12	BZ006	953	12	discorso	discorso	_	_	_	_	_	linguistic	_	ContainsVariation=No	_	_	_	_	_	_
953-13	BZ006	953	13	perché	perché	_	_	_	_	_	linguistic	_	ContainsVariation=No	_	_	_	_	_	_
953-14	BZ006	953	14	non	non	_	_	_	_	_	linguistic	_	ContainsVariation=No	_	_	_	_	_	_
953-15	BZ006	953	15	mi	mi	_	_	_	_	_	linguistic	_	ContainsVariation=No	_	_	_	_	_	_
953-16	BZ006	953	16	appartengono,	appartengono	_	_	_	_	_	linguistic	_	ContainsVariation=No	Intonation=WeaklyRising	_	_	_	_	_
953-17	BZ006	953	17	cioè	cioè	_	_	_	_	_	linguistic	_	ContainsVariation=No	_	_	_	_	_	_
953-18	BZ006	953	18	sento	sento	_	_	_	_	_	linguistic	_	ContainsVariation=No	_	_	_	_	_	_
953-19	BZ006	953	19	meno	meno	_	_	_	_	_	linguistic	_	ContainsVariation=No	_	_	_	_	_	_
953-20	BZ006	953	20	già	già	_	_	_	_	_	linguistic	_	ContainsVariation=No	_	_	_	_	_	_
953-21	BZ006	953	21	questa:	questa	_	_	_	_	_	linguistic	_	ContainsVariation=No	_	_	5x1	_	_	_
953-22	BZ006	953	22	mh,	mh	_	_	_	_	_	linguistic	_	ContainsVariation=No	Intonation=WeaklyRising	End=2503.763	_	_	_	_
954-0	BZ001	954	0	okay,	okay	_	_	_	_	_	linguistic	_	ContainsVariation=No	Intonation=WeaklyRising	Begin=2503.763|End=2504.136	_	_	_	_
955-0	BZ006	955	0	questa	questa	_	_	_	_	_	linguistic	_	ContainsVariation=No	_	Begin=2505.02	_	_	_	_
955-1	BZ006	955	1	appartenenza	appartenenza	_	_	_	_	_	linguistic	_	ContainsVariation=No	_	_	_	_	_	_
955-2	BZ006	955	2	nei	nei	_	_	_	_	_	linguistic	_	ContainsVariation=No	_	_	_	_	_	_
955-3	BZ006	955	3	miei	miei	_	_	_	_	_	linguistic	_	ContainsVariation=No	_	_	_	_	_	_
955-4	BZ006	955	4	confronti	confronti	_	_	_	_	_	linguistic	_	ContainsVariation=No	_	_	_	_	_	_
955-5	BZ006	955	5	perché	perché	_	_	_	_	_	linguistic	_	ContainsVariation=No	_	_	_	_	_	_
955-6	BZ006	955	6	non	non	_	_	_	_	_	linguistic	_	ContainsVariation=No	_	_	_	_	_	_
955-7	BZ006	955	7	le	le	_	_	_	_	_	linguistic	_	ContainsVariation=No	_	_	_	_	_	_
955-8	BZ006	955	8	ho	ho	_	_	_	_	_	linguistic	_	ContainsVariation=No	_	_	_	_	_	_
955-9	BZ006	955	9	vissute,	vissute	_	_	_	_	_	linguistic	_	ContainsVariation=No	Intonation=WeaklyRising	End=2507.98	_	_	_	_
956-0	BZ006	956	0	in	in	_	_	_	_	_	linguistic	_	ContainsVariation=No	_	Begin=2508.335	_	_	_	_
956-1	BZ006	956	1	maniera	maniera	_	_	_	_	_	linguistic	_	ContainsVariation=No	_	_	_	_	_	_
956-2	BZ006	956	2	forte,	forte	_	_	_	_	_	linguistic	_	ContainsVariation=No	Intonation=WeaklyRising	End=2509.385	_	_	_	_
957-0	BZ006	957	0	e	e	_	_	_	_	_	linguistic	_	ContainsVariation=No	_	Begin=2510.075	_	_	_	_
957-1	BZ006	957	1	il	il	_	_	_	_	_	linguistic	_	ContainsVariation=No	_	_	_	_	_	_
957-2	BZ006	957	2	tedesco	tedesco	_	_	_	_	_	linguistic	_	ContainsVariation=No	_	_	_	_	_	_
957-3	BZ006	957	3	è	è	_	_	_	_	_	linguistic	_	ContainsVariation=No	_	_	_	_	_	_
957-4	BZ006	957	4	la	la	_	_	_	_	_	linguistic	_	ContainsVariation=No	_	_	_	_	_	_
957-5	BZ006	957	5	lingua	lingua	_	_	_	_	_	linguistic	_	ContainsVariation=No	_	_	_	_	_	_
957-6	BZ006	957	6	del,	del	_	_	_	_	_	linguistic	_	ContainsVariation=No	Intonation=WeaklyRising	End=2512.865	_	_	_	_
958-0	BZ006	958	0	mi	mi	_	_	_	_	_	linguistic	_	ContainsVariation=No	_	Begin=2513.795	_	_	_	_
958-1	BZ006	958	1	viene	viene	_	_	_	_	_	linguistic	_	ContainsVariation=No	_	_	_	_	_	_
958-2	BZ006	958	2	spontaneo	spontaneo	_	_	_	_	_	linguistic	_	ContainsVariation=No	_	_	_	_	_	_
958-3	BZ006	958	3	dell'	dell'	_	_	_	_	_	linguistic	_	ContainsVariation=No	SpaceAfter=No	_	_	_	_	_
958-4	BZ006	958	4	educazione,	educazione	_	_	_	_	_	linguistic	_	ContainsVariation=No	Intonation=WeaklyRising	_	_	_	_	_
958-5	BZ006	958	5	però	però	_	_	_	_	_	linguistic	_	ContainsVariation=No	_	_	_	_	_	_
958-6	BZ006	958	6	anche	anche	_	_	_	_	_	linguistic	_	ContainsVariation=No	_	_	_	_	_	_
958-7	BZ006	958	7	dei,	dei	_	_	_	_	_	linguistic	_	ContainsVariation=No	Intonation=WeaklyRising	End=2516.745	_	_	_	_
959-0	BZ006	959	0	della	della	_	_	_	_	_	linguistic	_	ContainsVariation=No	_	Begin=2519.308	_	_	_	_
959-1	BZ006	959	1	chiarezza.	chiarezza	_	_	_	_	_	linguistic	_	ContainsVariation=No	Intonation=Falling	End=2520.218	_	_	_	_
960-0	BZ001	960	0	mh	mh	_	_	_	_	_	linguistic	_	ContainsVariation=No	ProsodicLink=Yes	Begin=2520.498	_	_	_	_
960-1	BZ001	960	1	mh,	mh	_	_	_	_	_	linguistic	_	ContainsVariation=No	Intonation=WeaklyRising	End=2520.828	_	_	_	_
961-0	BZ006	961	0	no?	no	_	_	_	_	_	linguistic	_	ContainsVariation=No	Intonation=Rising	Begin=2521.128|End=2521.408	_	_	_	_
962-0	BZ006	962	0	cioè	cioè	_	_	_	_	_	linguistic	_	ContainsVariation=No	_	Begin=2521.643	_	_	_	_
962-1	BZ006	962	1	eh	eh	_	_	_	_	_	linguistic	_	ContainsVariation=No	_	_	_	_	_	_
962-2	BZ006	962	2	quando	quando	_	_	_	_	_	linguistic	_	ContainsVariation=No	_	_	_	_	_	_
962-3	BZ006	962	3	parlo	parlo	_	_	_	_	_	linguistic	_	ContainsVariation=No	_	_	_	_	_	_
962-4	BZ006	962	4	tedesco,	tedesco	_	_	_	_	_	linguistic	_	ContainsVariation=No	Intonation=WeaklyRising	_	_	_	_	_
962-5	BZ006	962	5	quando,	quando	_	_	_	_	_	linguistic	_	ContainsVariation=No	Intonation=WeaklyRising	End=2524.613	_	_	_	_
963-0	BZ006	963	0	ragiono	ragiono	_	_	_	_	_	linguistic	_	ContainsVariation=No	_	Begin=2525.393	_	_	_	_
963-1	BZ006	963	1	anche	anche	_	_	_	_	_	linguistic	_	ContainsVariation=No	_	_	_	_	_	_
963-2	BZ006	963	2	su	su	_	_	_	_	_	linguistic	_	ContainsVariation=No	_	_	_	_	_	_
963-3	BZ006	963	3	un	un	_	_	_	_	_	linguistic	_	ContainsVariation=No	_	_	_	_	_	_
963-4	BZ006	963	4	testo	testo	_	_	_	_	_	linguistic	_	ContainsVariation=No	_	_	_	_	_	_
963-5	BZ006	963	5	in	in	_	_	_	_	_	linguistic	_	ContainsVariation=No	_	_	_	_	_	_
963-6	BZ006	963	6	tedesco,	tedesco	_	_	_	_	_	linguistic	_	ContainsVariation=No	Intonation=WeaklyRising	End=2527.463	_	_	_	_
964-0	BZ006	964	0	o	o	_	_	_	_	_	linguistic	_	ContainsVariation=No	_	Begin=2527.983	_	_	_	_
964-1	BZ006	964	1	preparo	preparo	_	_	_	_	_	linguistic	_	ContainsVariation=No	_	_	_	_	_	_
964-2	BZ006	964	2	un	un	_	_	_	_	_	linguistic	_	ContainsVariation=No	_	_	_	_	_	_
964-3	BZ006	964	3	discorso	discorso	_	_	_	_	_	linguistic	_	ContainsVariation=No	_	_	_	_	_	_
964-4	BZ006	964	4	eccetera,	eccetera	_	_	_	_	_	linguistic	_	ContainsVariation=No	Intonation=WeaklyRising	End=2529.723	_	_	_	_
965-0	BZ006	965	0	eh:	eh	_	_	_	_	_	linguistic	_	ContainsVariation=No	_	Begin=2530.588|End=2531.118	1x1	_	_	_
966-0	BZ006	966	0	il	il	_	_	_	_	_	linguistic	_	ContainsVariation=No	_	Begin=2531.538	_	_	_	_
966-1	BZ006	966	1	tedesco	tedesco	_	_	_	_	_	linguistic	_	ContainsVariation=No	_	_	_	_	_	_
966-2	BZ006	966	2	è	è	_	_	_	_	_	linguistic	_	ContainsVariation=No	_	_	_	_	_	_
966-3	BZ006	966	3	la	la	_	_	_	_	_	linguistic	_	ContainsVariation=No	_	_	_	_	_	_
966-4	BZ006	966	4	lingua	lingua	_	_	_	_	_	linguistic	_	ContainsVariation=No	_	_	_	_	_	_
966-5	BZ006	966	5	che	che	_	_	_	_	_	linguistic	_	ContainsVariation=No	_	_	_	_	_	_
966-6	BZ006	966	6	da	da	_	_	_	_	_	linguistic	_	ContainsVariation=No	_	_	_	_	_	_
966-7	BZ006	966	7	questo	questo	_	_	_	_	_	linguistic	_	ContainsVariation=No	_	_	_	_	_	_
966-8	BZ006	966	8	punto	punto	_	_	_	_	_	linguistic	_	ContainsVariation=No	_	_	_	_	_	_
966-9	BZ006	966	9	di	di	_	_	_	_	_	linguistic	_	ContainsVariation=No	_	_	_	_	_	_
966-10	BZ006	966	10	vista	vista	_	_	_	_	_	linguistic	_	ContainsVariation=No	_	_	_	_	_	_
966-11	BZ006	966	11	mi	mi	_	_	_	_	_	linguistic	_	ContainsVariation=No	_	_	_	_	_	_
966-12	BZ006	966	12	da	da	_	_	_	_	_	linguistic	_	ContainsVariation=No	_	_	_	_	_	_
966-13	BZ006	966	13	più,	più	_	_	_	_	_	linguistic	_	ContainsVariation=No	Intonation=WeaklyRising|PauseAfter=Yes	_	_	_	_	_
966-14	BZ006	966	14	(.)	(.)	_	_	_	_	_	shortpause	_	ContainsVariation=No	_	_	_	_	_	_
966-15	BZ006	966	15	ordine	ordine	_	_	_	_	_	linguistic	_	ContainsVariation=No	_	_	_	_	_	_
966-16	BZ006	966	16	cioè	cioè	_	_	_	_	_	linguistic	_	ContainsVariation=No	_	_	_	_	_	_
966-17	BZ006	966	17	mentre	mentre	_	_	_	_	_	linguistic	_	ContainsVariation=No	_	_	_	_	_	_
966-18	BZ006	966	18	l'	l'	_	_	_	_	_	linguistic	_	ContainsVariation=No	SpaceAfter=No	_	_	_	_	_
966-19	BZ006	966	19	italiano,	italiano	_	_	_	_	_	linguistic	_	ContainsVariation=No	Intonation=WeaklyRising	End=2536.988	_	_	_	_
967-0	BZ006	967	0	tu	tu	_	_	_	_	_	linguistic	_	ContainsVariation=No	_	Begin=2538.088	_	_	_	_
967-1	BZ006	967	1	quando	quando	_	_	_	_	_	linguistic	_	ContainsVariation=No	_	_	_	_	_	_
967-2	BZ006	967	2	non	non	_	_	_	_	_	linguistic	_	ContainsVariation=No	_	_	_	_	_	_
967-3	BZ006	967	3	sai	sai	_	_	_	_	_	linguistic	_	ContainsVariation=No	_	_	_	_	_	_
967-4	BZ006	967	4	cosa	cosa	_	_	_	_	_	linguistic	_	ContainsVariation=No	_	_	_	_	_	_
967-5	BZ006	967	5	dire	dire	_	_	_	_	_	linguistic	_	ContainsVariation=No	_	_	_	_	_	_
967-6	BZ006	967	6	non	non	_	_	_	_	_	linguistic	_	ContainsVariation=No	_	_	_	_	_	_
967-7	BZ006	967	7	sai	sai	_	_	_	_	_	linguistic	_	ContainsVariation=No	_	_	_	_	_	_
967-8	BZ006	967	8	come	come	_	_	_	_	_	linguistic	_	ContainsVariation=No	_	_	_	_	_	_
967-9	BZ006	967	9	dirlo	dirlo	_	_	_	_	_	linguistic	_	ContainsVariation=No	_	_	_	_	_	_
967-10	BZ006	967	10	trovi,	trovi	_	_	_	_	_	linguistic	_	ContainsVariation=No	Intonation=WeaklyRising	End=2540.248	_	_	_	_
968-0	BZ006	968	0	cinquantamila	cinquantamila	_	_	_	_	_	linguistic	_	ContainsVariation=No	_	Begin=2540.893	_	_	_	_
968-1	BZ006	968	1	scappatoie	scappatoie	_	_	_	_	_	linguistic	_	ContainsVariation=No	_	_	_	_	_	_
968-2	BZ006	968	2	per	per	_	_	_	_	_	linguistic	_	ContainsVariation=No	_	_	_	_	_	_
968-3	BZ006	968	3	girare	girare	_	_	_	_	_	linguistic	_	ContainsVariation=No	_	_	_	_	_	_
968-4	BZ006	968	4	intorno	intorno	_	_	_	_	_	linguistic	_	ContainsVariation=No	_	_	_	_	_	_
968-5	BZ006	968	5	alla	alla	_	_	_	_	_	linguistic	_	ContainsVariation=No	_	_	_	_	_	_
968-6	BZ006	968	6	cosa	cosa	_	_	_	_	_	linguistic	_	ContainsVariation=No	_	_	_	_	_	_
968-7	BZ006	968	7	e	e	_	_	_	_	_	linguistic	_	ContainsVariation=No	_	_	_	_	_	_
968-8	BZ006	968	8	non	non	_	_	_	_	_	linguistic	_	ContainsVariation=No	_	_	_	_	_	_
968-9	BZ006	968	9	darle	darle	_	_	_	_	_	linguistic	_	ContainsVariation=No	_	_	_	_	_	_
968-10	BZ006	968	10	un	un	_	_	_	_	_	linguistic	_	ContainsVariation=No	_	_	_	_	_	_
968-11	BZ006	968	11	nome	nome	_	_	_	_	_	linguistic	_	ContainsVariation=No	_	_	_	_	_	_
968-12	BZ006	968	12	o,	o	_	_	_	_	_	linguistic	_	ContainsVariation=No	Intonation=WeaklyRising	End=2544.553	_	_	_	_
969-0	BZ006	969	0	il	il	_	_	_	_	_	linguistic	_	ContainsVariation=No	_	Begin=2545.108	_	_	_	_
969-1	BZ006	969	1	tedesco	tedesco	_	_	_	_	_	linguistic	_	ContainsVariation=No	_	_	_	_	_	_
969-2	BZ006	969	2	questo	questo	_	_	_	_	_	linguistic	_	ContainsVariation=No	_	_	_	_	_	_
969-3	BZ006	969	3	te	te	_	_	_	_	_	linguistic	_	ContainsVariation=No	_	_	_	_	_	_
969-4	BZ006	969	4	lo	lo	_	_	_	_	_	linguistic	_	ContainsVariation=No	_	_	_	_	_	_
969-5	BZ006	969	5	concede	concede	_	_	_	_	_	linguistic	_	ContainsVariation=No	_	_	_	_	_	_
969-6	BZ006	969	6	meno.	meno	_	_	_	_	_	linguistic	_	ContainsVariation=No	Intonation=Falling	End=2546.728	_	_	_	_
970-0	BZ006	970	0	è	è	_	_	_	_	_	linguistic	_	ContainsVariation=No	_	Begin=2547.453	_	_	_	_
970-1	BZ006	970	1	una	una	_	_	_	_	_	linguistic	_	ContainsVariation=No	_	_	_	_	_	_
970-2	BZ006	970	2	lingua	lingua	_	_	_	_	_	linguistic	_	ContainsVariation=No	_	_	_	_	_	_
970-3	BZ006	970	3	che,	che	_	_	_	_	_	linguistic	_	ContainsVariation=No	Intonation=WeaklyRising	End=2548.363	_	_	_	_
971-0	BZ006	971	0	non	non	_	_	_	_	_	linguistic	_	ContainsVariation=No	_	Begin=2548.883	_	_	_	_
971-1	BZ006	971	1	perché	perché	_	_	_	_	_	linguistic	_	ContainsVariation=No	_	_	_	_	_	_
971-2	BZ006	971	2	abbia	abbia	_	_	_	_	_	linguistic	_	ContainsVariation=No	_	_	_	_	_	_
971-3	BZ006	971	3	altre:,	altre	_	_	_	_	_	linguistic	_	ContainsVariation=No	Intonation=WeaklyRising	End=2550.483	4x1	_	_	_
972-0	BZ006	972	0	parole	parole	_	_	_	_	_	linguistic	_	ContainsVariation=No	_	Begin=2551.168	_	_	_	_
972-1	BZ006	972	1	o	o	_	_	_	_	_	linguistic	_	ContainsVariation=No	_	_	_	_	_	_
972-2	BZ006	972	2	ma	ma	_	_	_	_	_	linguistic	_	ContainsVariation=No	_	_	_	_	_	_
972-3	BZ006	972	3	è	è	_	_	_	_	_	linguistic	_	ContainsVariation=No	_	_	_	_	_	_
972-4	BZ006	972	4	una	una	_	_	_	_	_	linguistic	_	ContainsVariation=No	_	_	_	_	_	_
972-5	BZ006	972	5	lingua	lingua	_	_	_	_	_	linguistic	_	ContainsVariation=No	_	_	_	_	_	_
972-6	BZ006	972	6	che:	che	_	_	_	_	_	linguistic	_	ContainsVariation=No	_	_	2x1	_	_	_
972-7	BZ006	972	7	quando	quando	_	_	_	_	_	linguistic	_	ContainsVariation=No	_	_	_	_	_	_
972-8	BZ006	972	8	la	la	_	_	_	_	_	linguistic	_	ContainsVariation=No	_	_	_	_	_	_
972-9	BZ006	972	9	parli,	parli	_	_	_	_	_	linguistic	_	ContainsVariation=No	Intonation=WeaklyRising	End=2554.118	_	_	_	_
973-0	BZ006	973	0	ti	ti	_	_	_	_	_	linguistic	_	ContainsVariation=No	_	Begin=2554.778	_	_	_	_
973-1	BZ006	973	1	viene	viene	_	_	_	_	_	linguistic	_	ContainsVariation=No	_	_	_	_	_	_
973-2	BZ006	973	2	da	da	_	_	_	_	_	linguistic	_	ContainsVariation=No	_	_	_	_	_	_
973-3	BZ006	973	3	usare	usare	_	_	_	_	_	linguistic	_	ContainsVariation=No	_	_	_	_	_	_
973-4	BZ006	973	4	meno	meno	_	_	_	_	_	linguistic	_	ContainsVariation=No	_	_	_	_	_	_
973-5	BZ006	973	5	parole	parole	_	_	_	_	_	linguistic	_	ContainsVariation=No	_	_	_	_	_	_
973-6	BZ006	973	6	possibile.	possibile	_	_	_	_	_	linguistic	_	ContainsVariation=No	Intonation=Falling	End=2556.468	_	_	_	_
974-0	BZ001	974	0	mh	mh	_	_	_	_	_	linguistic	_	ContainsVariation=No	ProsodicLink=Yes	Begin=2556.558	_	_	_	_
974-1	BZ001	974	1	mh.	mh	_	_	_	_	_	linguistic	_	ContainsVariation=No	Intonation=Falling	End=2556.8605	_	_	_	_
975-0	BZ006	975	0	un	un	_	_	_	_	_	linguistic	_	ContainsVariation=No	_	Begin=2556.8605	_	_	_	_
975-1	BZ006	975	1	po'	po'	_	_	_	_	_	linguistic	_	ContainsVariation=No	_	_	_	_	_	_
975-2	BZ006	975	2	come	come	_	_	_	_	_	linguistic	_	ContainsVariation=No	_	_	_	_	_	_
975-3	BZ006	975	3	fa	fa	_	_	_	_	_	linguistic	_	ContainsVariation=No	_	_	_	_	_	_
975-4	BZ006	975	4	il	il	_	_	_	_	_	linguistic	_	ContainsVariation=No	_	_	_	_	_	_
975-5	BZ006	975	5	latino.	latino	_	_	_	_	_	linguistic	_	ContainsVariation=No	Intonation=Falling	End=2557.653	_	_	_	_
976-0	BZ001	976	0	mh	mh	_	_	_	_	_	linguistic	_	ContainsVariation=No	ProsodicLink=Yes	Begin=2557.903	_	_	_	_
976-1	BZ001	976	1	mh,	mh	_	_	_	_	_	linguistic	_	ContainsVariation=No	Intonation=WeaklyRising	End=2558.2205	_	_	_	_
977-0	BZ006	977	0	no?	no	_	_	_	_	_	linguistic	_	ContainsVariation=No	Intonation=Rising	Begin=2558.2205|End=2558.398	_	_	_	_
978-0	BZ006	978	0	però	però	_	_	_	_	_	linguistic	_	ContainsVariation=No	_	Begin=2558.803	_	_	_	_
978-1	BZ006	978	1	eh::m::	ehm	_	_	_	_	_	linguistic	_	ContainsVariation=No	_	End=2560.733	1x2,2x2	_	_	_
979-0	BZ006	979	0	>non	non	_	_	_	_	_	linguistic	_	ContainsVariation=No	_	Begin=2561.543	_	Fast=0-3(0)	_	_
979-1	BZ006	979	1	lo	lo	_	_	_	_	_	linguistic	_	ContainsVariation=No	_	_	_	Fast=0-2(0)	_	_
979-2	BZ006	979	2	so<	so	_	_	_	_	_	linguistic	_	ContainsVariation=No	_	_	_	Fast=0-2(0)	_	_
979-3	BZ006	979	3	dovrei	dovrei	_	_	_	_	_	linguistic	_	ContainsVariation=No	_	_	_	_	_	_
979-4	BZ006	979	4	verificarle	verificarle	_	_	_	_	_	linguistic	_	ContainsVariation=No	_	_	_	_	_	_
979-5	BZ006	979	5	queste	queste	_	_	_	_	_	linguistic	_	ContainsVariation=No	_	_	_	_	_	_
979-6	BZ006	979	6	cose	cose	_	_	_	_	_	linguistic	_	ContainsVariation=No	_	_	_	_	_	_
979-7	BZ006	979	7	però	però	_	_	_	_	_	linguistic	_	ContainsVariation=No	_	_	_	_	_	_
979-8	BZ006	979	8	mi	mi	_	_	_	_	_	linguistic	_	ContainsVariation=No	_	_	_	_	_	_
979-9	BZ006	979	9	dà	dà	_	_	_	_	_	linguistic	_	ContainsVariation=No	_	_	_	_	_	_
979-10	BZ006	979	10	quest'	quest'	_	_	_	_	_	linguistic	_	ContainsVariation=No	SpaceAfter=No	_	_	_	_	_
979-11	BZ006	979	11	impressione	impressione	_	_	_	_	_	linguistic	_	ContainsVariation=No	_	_	_	_	_	_
979-12	BZ006	979	12	qui	qui	_	_	_	_	_	linguistic	_	ContainsVariation=No	_	_	_	_	_	_
979-13	BZ006	979	13	no?	no	_	_	_	_	_	linguistic	_	ContainsVariation=No	Intonation=Rising|PauseAfter=Yes	_	_	_	_	_
979-14	BZ006	979	14	(.)	(.)	_	_	_	_	_	shortpause	_	ContainsVariation=No	_	_	_	_	_	_
979-15	BZ006	979	15	è	è	_	_	_	_	_	linguistic	_	ContainsVariation=No	_	_	_	_	_	_
979-16	BZ006	979	16	anche	anche	_	_	_	_	_	linguistic	_	ContainsVariation=No	_	_	_	_	_	_
979-17	BZ006	979	17	la	la	_	_	_	_	_	linguistic	_	ContainsVariation=No	_	_	_	_	_	_
979-18	BZ006	979	18	lingua	lingua	_	_	_	_	_	linguistic	_	ContainsVariation=No	_	_	_	_	_	_
979-19	BZ006	979	19	dei	dei	_	_	_	_	_	linguistic	_	ContainsVariation=No	_	_	_	_	_	_
979-20	BZ006	979	20	piccoli	piccoli	_	_	_	_	_	linguistic	_	ContainsVariation=No	_	_	_	_	_	_
979-21	BZ006	979	21	passi,	passi	_	_	_	_	_	linguistic	_	ContainsVariation=No	Intonation=WeaklyRising	End=2566.723	_	_	_	_
980-0	BZ006	980	0	proprio	proprio	_	_	_	_	_	linguistic	_	ContainsVariation=No	_	Begin=2567.808	_	_	_	_
980-1	BZ006	980	1	perché	perché	_	_	_	_	_	linguistic	_	ContainsVariation=No	_	_	_	_	_	_
980-2	BZ006	980	2	l'	l'	_	_	_	_	_	linguistic	_	ContainsVariation=No	SpaceAfter=No	_	_	_	_	_
980-3	BZ006	980	3	ho	ho	_	_	_	_	_	linguistic	_	ContainsVariation=No	_	_	_	_	_	_
980-4	BZ006	980	4	insegnata	insegnata	_	_	_	_	_	linguistic	_	ContainsVariation=No	_	_	_	_	_	_
980-5	BZ006	980	5	quindi	quindi	_	_	_	_	_	linguistic	_	ContainsVariation=No	_	_	_	_	_	_
980-6	BZ006	980	6	è	è	_	_	_	_	_	linguistic	_	ContainsVariation=No	_	_	_	_	_	_
980-7	BZ006	980	7	una	una	_	_	_	_	_	linguistic	_	ContainsVariation=No	_	_	_	_	_	_
980-8	BZ006	980	8	lingua	lingua	_	_	_	_	_	linguistic	_	ContainsVariation=No	_	_	_	_	_	_
980-9	BZ006	980	9	xx	xx	_	_	_	_	_	unknown	_	ContainsVariation=No	Syllables=2	_	_	_	_	_
980-10	BZ006	980	10	[pazienza],	pazienza	_	_	_	_	_	linguistic	_	ContainsVariation=No	Intonation=WeaklyRising	End=2570.598	_	_	_	0-8(228)
981-0	BZ001	981	0	[sì	sì	_	_	_	_	_	linguistic	_	ContainsVariation=No	_	Begin=2569.468	_	_	_	0-2(228)
981-1	BZ001	981	1	esatto].	esatto	_	_	_	_	_	linguistic	_	ContainsVariation=No	Intonation=Falling	End=2570.01	_	_	_	0-6(228)
982-0	BZ001	982	0	mi	mi	_	_	_	_	_	linguistic	_	ContainsVariation=No	_	Begin=2570.708	_	_	_	_
982-1	BZ001	982	1	stavo	stavo	_	_	_	_	_	linguistic	_	ContainsVariation=No	_	_	_	_	_	_
982-2	BZ001	982	2	chiedendo	chiedendo	_	_	_	_	_	linguistic	_	ContainsVariation=No	_	_	_	_	_	_
982-3	BZ001	982	3	proprio	proprio	_	_	_	_	_	linguistic	_	ContainsVariation=No	_	_	_	_	_	_
982-4	BZ001	982	4	[quello	quello	_	_	_	_	_	linguistic	_	ContainsVariation=No	_	_	_	_	_	0-6(229)
982-5	BZ001	982	5	che	che	_	_	_	_	_	linguistic	_	ContainsVariation=No	_	_	_	_	_	0-3(229)
982-6	BZ001	982	6	forse	forse	_	_	_	_	_	linguistic	_	ContainsVariation=No	_	_	_	_	_	0-5(229)
982-7	BZ001	982	7	anche]	anche	_	_	_	_	_	linguistic	_	ContainsVariation=No	_	_	_	_	_	0-5(229)
982-8	BZ001	982	8	questa	questa	_	_	_	_	_	linguistic	_	ContainsVariation=No	_	_	_	_	_	_
982-9	BZ001	982	9	cosa	cosa	_	_	_	_	_	linguistic	_	ContainsVariation=No	_	_	_	_	_	_
982-10	BZ001	982	10	è	è	_	_	_	_	_	linguistic	_	ContainsVariation=No	_	_	_	_	_	_
982-11	BZ001	982	11	data	data	_	_	_	_	_	linguistic	_	ContainsVariation=No	_	_	_	_	_	_
982-12	BZ001	982	12	da,	da	_	_	_	_	_	linguistic	_	ContainsVariation=No	Intonation=WeaklyRising	End=2573.588	_	_	_	_
983-0	BZ006	983	0	[che:],	che	_	_	_	_	_	linguistic	_	ContainsVariation=No	Intonation=WeaklyRising	Begin=2571.393|End=2572.253	2x1	_	_	0-3(229)
984-0	BZ001	984	0	da	da	_	_	_	_	_	linguistic	_	ContainsVariation=No	_	Begin=2574.403	_	_	_	_
984-1	BZ001	984	1	[come	come	_	_	_	_	_	linguistic	_	ContainsVariation=No	_	_	_	_	_	0-4(230)
984-2	BZ001	984	2	l'	l'	_	_	_	_	_	linguistic	_	ContainsVariation=No	SpaceAfter=No	_	_	_	_	0-2(230)
984-3	BZ001	984	3	hai	hai	_	_	_	_	_	linguistic	_	ContainsVariation=No	_	_	_	_	_	0-3(230)
984-4	BZ001	984	4	usata	usata	_	_	_	_	_	linguistic	_	ContainsVariation=No	_	_	_	_	_	0-5(230)
984-5	BZ001	984	5	cioè	cioè	_	_	_	_	_	linguistic	_	ContainsVariation=No	_	_	_	_	_	0-4(230)
984-6	BZ001	984	6	dovendola	dovendola	_	_	_	_	_	linguistic	_	ContainsVariation=No	_	_	_	_	_	0-9(230)
984-7	BZ001	984	7	insegnare	insegnare	_	_	_	_	_	linguistic	_	ContainsVariation=No	_	_	_	_	_	0-9(230)
984-8	BZ001	984	8	a	a	_	_	_	_	_	linguistic	_	ContainsVariation=No	_	_	_	_	_	0-1(230)
984-9	BZ001	984	9	dei	dei	_	_	_	_	_	linguistic	_	ContainsVariation=No	_	_	_	_	_	0-3(230)
984-10	BZ001	984	10	bambini],	bambini	_	_	_	_	_	linguistic	_	ContainsVariation=No	Intonation=WeaklyRising	End=2577.39	_	_	_	0-7(230)
985-0	BZ006	985	0	[certo	certo	_	_	_	_	_	linguistic	_	ContainsVariation=No	_	Begin=2574.458	_	_	_	0-5(230)
985-1	BZ006	985	1	dal	dal	_	_	_	_	_	linguistic	_	ContainsVariation=No	_	_	_	_	_	0-3(230)
985-2	BZ006	985	2	fatto	fatto	_	_	_	_	_	linguistic	_	ContainsVariation=No	_	_	_	_	_	0-5(230)
985-3	BZ006	985	3	che	che	_	_	_	_	_	linguistic	_	ContainsVariation=No	_	_	_	_	_	0-3(230)
985-4	BZ006	985	4	l'	l'	_	_	_	_	_	linguistic	_	ContainsVariation=No	SpaceAfter=No	_	_	_	_	0-2(230)
985-5	BZ006	985	5	ho	ho	_	_	_	_	_	linguistic	_	ContainsVariation=No	_	_	_	_	_	0-2(230)
985-6	BZ006	985	6	usata	usata	_	_	_	_	_	linguistic	_	ContainsVariation=No	_	_	_	_	_	0-5(230)
985-7	BZ006	985	7	in	in	_	_	_	_	_	linguistic	_	ContainsVariation=No	_	_	_	_	_	0-2(230)
985-8	BZ006	985	8	funzione]	funzione	_	_	_	_	_	linguistic	_	ContainsVariation=No	_	_	_	_	_	0-8(230)
985-9	BZ006	985	9	didattica.	didattica	_	_	_	_	_	linguistic	_	ContainsVariation=No	Intonation=Falling	End=2577.608	_	_	_	_
986-0	BZ001	986	0	sì	sì	_	_	_	_	_	linguistic	_	ContainsVariation=No	_	Begin=2577.608|End=2577.808	_	_	_	_
987-0	BZ001	987	0	>sì<.	sì	_	_	_	_	_	linguistic	_	ContainsVariation=No	Intonation=Falling	Begin=2578.328|End=2578.528	_	Fast=0-2(0)	_	_
988-0	BZ006	988	0	eh::m::	ehm	_	_	_	_	_	linguistic	_	ContainsVariation=No	_	Begin=2579.343|End=2580.893	1x2,2x2	_	_	_
989-0	BZ006	989	0	quindi	quindi	_	_	_	_	_	linguistic	_	ContainsVariation=No	_	Begin=2581.733	_	_	_	_
989-1	BZ006	989	1	la	la	_	_	_	_	_	linguistic	_	ContainsVariation=No	_	_	_	_	_	_
989-2	BZ006	989	2	vivo	vivo	_	_	_	_	_	linguistic	_	ContainsVariation=No	_	_	_	_	_	_
989-3	BZ006	989	3	molto,	molto	_	_	_	_	_	linguistic	_	ContainsVariation=No	Intonation=WeaklyRising	End=2583.343	_	_	_	_
990-0	BZ006	990	0	cioè	cioè	_	_	_	_	_	linguistic	_	ContainsVariation=No	_	Begin=2583.683	_	_	_	_
990-1	BZ006	990	1	per	per	_	_	_	_	_	linguistic	_	ContainsVariation=No	_	_	_	_	_	_
990-2	BZ006	990	2	me,	me	_	_	_	_	_	linguistic	_	ContainsVariation=No	Intonation=WeaklyRising	End=2584.433	_	_	_	_
991-0	BZ006	991	0	il	il	_	_	_	_	_	linguistic	_	ContainsVariation=No	_	Begin=2584.743	_	_	_	_
991-1	BZ006	991	1	tedesco,	tedesco	_	_	_	_	_	linguistic	_	ContainsVariation=No	Intonation=WeaklyRising	_	_	_	_	_
991-2	BZ006	991	2	le	le	_	_	_	_	_	linguistic	_	ContainsVariation=No	_	_	_	_	_	_
991-3	BZ006	991	3	parole	parole	_	_	_	_	_	linguistic	_	ContainsVariation=No	_	_	_	_	_	_
991-4	BZ006	991	4	più	più	_	_	_	_	_	linguistic	_	ContainsVariation=No	_	_	_	_	_	_
991-5	BZ006	991	5	belle	belle	_	_	_	_	_	linguistic	_	ContainsVariation=No	_	_	_	_	_	_
991-6	BZ006	991	6	del	del	_	_	_	_	_	linguistic	_	ContainsVariation=No	_	_	_	_	_	_
991-7	BZ006	991	7	tedesco	tedesco	_	_	_	_	_	linguistic	_	ContainsVariation=No	_	_	_	_	_	_
991-8	BZ006	991	8	sono,	sono	_	_	_	_	_	linguistic	_	ContainsVariation=No	Intonation=WeaklyRising	End=2586.743	_	_	_	_
992-0	BZ006	992	0	herbst,	herbst	_	_	_	_	_	linguistic	_	ContainsVariation=No	Intonation=WeaklyRising	Begin=2586.978|End=2587.598	_	_	_	_
993-0	BZ006	993	0	eh:m	ehm	_	_	_	_	_	linguistic	_	ContainsVariation=No	_	Begin=2588.853|End=2589.513	1x1	_	_	_
994-0	BZ006	994	0	kashtanie-	kashtanie-	_	_	_	_	_	linguistic	_	ContainsVariation=No	Interrupted=Yes	Begin=2589.888	_	_	_	_
994-1	BZ006	994	1	kastanien,	kastanien	_	_	_	_	_	linguistic	_	ContainsVariation=No	Intonation=WeaklyRising	End=2591.368	_	_	_	_
995-0	BZ006	995	0	mh	mh	_	_	_	_	_	linguistic	_	ContainsVariation=No	_	Begin=2592.493	_	_	_	_
995-1	BZ006	995	1	son	son	_	_	_	_	_	linguistic	_	ContainsVariation=No	_	_	_	_	_	_
995-2	BZ006	995	2	queste	queste	_	_	_	_	_	linguistic	_	ContainsVariation=No	_	_	_	_	_	_
995-3	BZ006	995	3	parole	parole	_	_	_	_	_	linguistic	_	ContainsVariation=No	_	_	_	_	_	_
995-4	BZ006	995	4	qui.	qui	_	_	_	_	_	linguistic	_	ContainsVariation=No	Intonation=Falling	End=2593.653	_	_	_	_
996-0	BZ006	996	0	e	e	_	_	_	_	_	linguistic	_	ContainsVariation=No	_	Begin=2594.258	_	_	_	_
996-1	BZ006	996	1	l'	l'	_	_	_	_	_	linguistic	_	ContainsVariation=No	SpaceAfter=No	_	_	_	_	_
996-2	BZ006	996	2	autunno,	autunno	_	_	_	_	_	linguistic	_	ContainsVariation=No	Intonation=WeaklyRising	End=2595.108	_	_	_	_
997-0	BZ006	997	0	be'	be'	_	_	_	_	_	linguistic	_	ContainsVariation=No	Truncated=Yes	Begin=2595.818	_	_	_	_
997-1	BZ006	997	1	è	è	_	_	_	_	_	linguistic	_	ContainsVariation=No	_	_	_	_	_	_
997-2	BZ006	997	2	l'	l'	_	_	_	_	_	linguistic	_	ContainsVariation=No	SpaceAfter=No	_	_	_	_	_
997-3	BZ006	997	3	emblema	emblema	_	_	_	_	_	linguistic	_	ContainsVariation=No	_	_	_	_	_	_
997-4	BZ006	997	4	della	della	_	_	_	_	_	linguistic	_	ContainsVariation=No	_	_	_	_	_	_
997-5	BZ006	997	5	scuola,	scuola	_	_	_	_	_	linguistic	_	ContainsVariation=No	Intonation=WeaklyRising	End=2596.908	_	_	_	_
998-0	BZ001	998	0	mh	mh	_	_	_	_	_	linguistic	_	ContainsVariation=No	ProsodicLink=Yes	Begin=2597.088	_	_	_	_
998-1	BZ001	998	1	mh	mh	_	_	_	_	_	linguistic	_	ContainsVariation=No	_	End=2597.478	_	_	_	_
999-0	BZ006	999	0	l'	l'	_	_	_	_	_	linguistic	_	ContainsVariation=No	SpaceAfter=No	Begin=2597.328	_	_	_	_
999-1	BZ006	999	1	ambiente	ambiente	_	_	_	_	_	linguistic	_	ContainsVariation=No	_	_	_	_	_	_
999-2	BZ006	999	2	scolastico	scolastico	_	_	_	_	_	linguistic	_	ContainsVariation=No	_	_	_	_	_	_
999-3	BZ006	999	3	no?	no	_	_	_	_	_	linguistic	_	ContainsVariation=No	Intonation=Rising	End=2598.638	_	_	_	_
1000-0	BZ006	1000	0	blätter,	blätter	_	_	_	_	_	linguistic	_	ContainsVariation=No	Intonation=WeaklyRising	Begin=2599.478|End=2600.058	_	_	_	_
1001-0	BZ001	1001	0	mh	mh	_	_	_	_	_	linguistic	_	ContainsVariation=No	ProsodicLink=Yes	Begin=2600.323	_	_	_	_
1001-1	BZ001	1001	1	mh,	mh	_	_	_	_	_	linguistic	_	ContainsVariation=No	Intonation=WeaklyRising	End=2600.683	_	_	_	_
1002-0	BZ006	1002	0	le	le	_	_	_	_	_	linguistic	_	ContainsVariation=No	_	Begin=2600.818	_	_	_	_
1002-1	BZ006	1002	1	foglie	foglie	_	_	_	_	_	linguistic	_	ContainsVariation=No	_	_	_	_	_	_
1002-2	BZ006	1002	2	eh:	eh	_	_	_	_	_	linguistic	_	ContainsVariation=No	_	_	1x1	_	_	_
1002-3	BZ006	1002	3	non	non	_	_	_	_	_	linguistic	_	ContainsVariation=No	_	_	_	_	_	_
1002-4	BZ006	1002	4	lo	lo	_	_	_	_	_	linguistic	_	ContainsVariation=No	_	_	_	_	_	_
1002-5	BZ006	1002	5	so	so	_	_	_	_	_	linguistic	_	ContainsVariation=No	_	_	_	_	_	_
1002-6	BZ006	1002	6	però	però	_	_	_	_	_	linguistic	_	ContainsVariation=No	_	_	_	_	_	_
1002-7	BZ006	1002	7	mi	mi	_	_	_	_	_	linguistic	_	ContainsVariation=No	_	_	_	_	_	_
1002-8	BZ006	1002	8	dà	dà	_	_	_	_	_	linguistic	_	ContainsVariation=No	_	_	_	_	_	_
1002-9	BZ006	1002	9	eh	eh	_	_	_	_	_	linguistic	_	ContainsVariation=No	_	_	_	_	_	_
1002-10	BZ006	1002	10	quest-	quest-	_	_	_	_	_	linguistic	_	ContainsVariation=No	Interrupted=Yes	_	_	_	_	_
1002-11	BZ006	1002	11	è	è	_	_	_	_	_	linguistic	_	ContainsVariation=No	_	_	_	_	_	_
1002-12	BZ006	1002	12	una	una	_	_	_	_	_	linguistic	_	ContainsVariation=No	_	_	_	_	_	_
1002-13	BZ006	1002	13	lingua	lingua	_	_	_	_	_	linguistic	_	ContainsVariation=No	_	_	_	_	_	_
1002-14	BZ006	1002	14	molto::,	molto	_	_	_	_	_	linguistic	_	ContainsVariation=No	Intonation=WeaklyRising	End=2605.058	4x2	_	_	_
1003-0	BZ006	1003	0	che	che	_	_	_	_	_	linguistic	_	ContainsVariation=No	_	Begin=2606.593	_	_	_	_
1003-1	BZ006	1003	1	sa	sa	_	_	_	_	_	linguistic	_	ContainsVariation=No	_	_	_	_	_	_
1003-2	BZ006	1003	2	molto	molto	_	_	_	_	_	linguistic	_	ContainsVariation=No	_	_	_	_	_	_
1003-3	BZ006	1003	3	di:	di	_	_	_	_	_	linguistic	_	ContainsVariation=No	_	_	1x1	_	_	_
1003-4	BZ006	1003	4	di	di	_	_	_	_	_	linguistic	_	ContainsVariation=No	_	_	_	_	_	_
1003-5	BZ006	1003	5	heimat	heimat	_	_	_	_	_	linguistic	_	ContainsVariation=No	_	_	_	_	_	_
1003-6	BZ006	1003	6	[di	di	_	_	_	_	_	linguistic	_	ContainsVariation=No	_	_	_	_	_	0-2(232)
1003-7	BZ006	1003	7	casa].	casa	_	_	_	_	_	linguistic	_	ContainsVariation=No	Intonation=Falling	End=2608.583	_	_	_	0-4(232)
1004-0	BZ001	1004	0	[mh],	mh	_	_	_	_	_	linguistic	_	ContainsVariation=No	Intonation=WeaklyRising	Begin=2608.153|End=2608.583	_	_	_	0-2(232)
1005-0	BZ001	1005	0	eh	eh	_	_	_	_	_	linguistic	_	ContainsVariation=No	_	Begin=2608.963	_	_	_	_
1005-1	BZ001	1005	1	[xxx	xxx	_	_	_	_	_	unknown	_	ContainsVariation=No	PauseAfter=Yes|Syllables=3	_	_	_	_	0-3(233)
1005-2	BZ001	1005	2	(.)	(.)	_	_	_	_	_	shortpause	_	ContainsVariation=No	_	_	_	_	_	X(233)
1005-3	BZ001	1005	3	sì].	sì	_	_	_	_	_	linguistic	_	ContainsVariation=No	Intonation=Falling	End=2610.723	_	_	_	0-2(233)
1006-0	BZ006	1006	0	[però	però	_	_	_	_	_	linguistic	_	ContainsVariation=No	_	Begin=2609.128	_	_	_	0-4(233)
1006-1	BZ006	1006	1	è	è	_	_	_	_	_	linguistic	_	ContainsVariation=No	_	_	_	_	_	0-1(233)
1006-2	BZ006	1006	2	una	una	_	_	_	_	_	linguistic	_	ContainsVariation=No	_	_	_	_	_	0-3(233)
1006-3	BZ006	1006	3	casa	casa	_	_	_	_	_	linguistic	_	ContainsVariation=No	_	_	_	_	_	0-4(233)
1006-4	BZ006	1006	4	che	che	_	_	_	_	_	linguistic	_	ContainsVariation=No	_	_	_	_	_	0-3(233)
1006-5	BZ006	1006	5	non	non	_	_	_	_	_	linguistic	_	ContainsVariation=No	_	_	_	_	_	0-3(233)
1006-6	BZ006	1006	6	è]	è	_	_	_	_	_	linguistic	_	ContainsVariation=No	_	_	_	_	_	0-1(233)
1006-7	BZ006	1006	7	la	la	_	_	_	_	_	linguistic	_	ContainsVariation=No	_	_	_	_	_	_
1006-8	BZ006	1006	8	mia	mia	_	_	_	_	_	linguistic	_	ContainsVariation=No	_	_	_	_	_	_
1006-9	BZ006	1006	9	cioè	cioè	_	_	_	_	_	linguistic	_	ContainsVariation=No	_	_	_	_	_	_
1006-10	BZ006	1006	10	non	non	_	_	_	_	_	linguistic	_	ContainsVariation=No	_	_	_	_	_	_
1006-11	BZ006	1006	11	è	è	_	_	_	_	_	linguistic	_	ContainsVariation=No	_	_	_	_	_	_
1006-12	BZ006	1006	12	casa	casa	_	_	_	_	_	linguistic	_	ContainsVariation=No	_	_	_	_	_	_
1006-13	BZ006	1006	13	dei	dei	_	_	_	_	_	linguistic	_	ContainsVariation=No	_	_	_	_	_	_
1006-14	BZ006	1006	14	miei	miei	_	_	_	_	_	linguistic	_	ContainsVariation=No	_	_	_	_	_	_
1006-15	BZ006	1006	15	la	la	_	_	_	_	_	linguistic	_	ContainsVariation=No	_	_	_	_	_	_
1006-16	BZ006	1006	16	mia	mia	_	_	_	_	_	linguistic	_	ContainsVariation=No	_	_	_	_	_	_
1006-17	BZ006	1006	17	famiglia,	famiglia	_	_	_	_	_	linguistic	_	ContainsVariation=No	Intonation=WeaklyRising	_	_	_	_	_
1006-18	BZ006	1006	18	è	è	_	_	_	_	_	linguistic	_	ContainsVariation=No	_	_	_	_	_	_
1006-19	BZ006	1006	19	una	una	_	_	_	_	_	linguistic	_	ContainsVariation=No	_	_	_	_	_	_
1006-20	BZ006	1006	20	casa	casa	_	_	_	_	_	linguistic	_	ContainsVariation=No	_	_	_	_	_	_
1006-21	BZ006	1006	21	diversa.	diversa	_	_	_	_	_	linguistic	_	ContainsVariation=No	Intonation=Falling	End=2613.468	_	_	_	_
1007-0	BZ006	1007	0	è	è	_	_	_	_	_	linguistic	_	ContainsVariation=No	_	Begin=2613.883	_	_	_	_
1007-1	BZ006	1007	1	un	un	_	_	_	_	_	linguistic	_	ContainsVariation=No	_	_	_	_	_	_
1007-2	BZ006	1007	2	luogo	luogo	_	_	_	_	_	linguistic	_	ContainsVariation=No	_	_	_	_	_	_
1007-3	BZ006	1007	3	come	come	_	_	_	_	_	linguistic	_	ContainsVariation=No	_	_	_	_	_	_
1007-4	BZ006	1007	4	una	una	_	_	_	_	_	linguistic	_	ContainsVariation=No	_	_	_	_	_	_
1007-5	BZ006	1007	5	stube,	stube	_	_	_	_	_	linguistic	_	ContainsVariation=No	Intonation=WeaklyRising	End=2615.373	_	_	_	_
1008-0	BZ006	1008	0	in	in	_	_	_	_	_	linguistic	_	ContainsVariation=No	_	Begin=2615.743	_	_	_	_
1008-1	BZ006	1008	1	cui	cui	_	_	_	_	_	linguistic	_	ContainsVariation=No	_	_	_	_	_	_
1008-2	BZ006	1008	2	tu	tu	_	_	_	_	_	linguistic	_	ContainsVariation=No	_	_	_	_	_	_
1008-3	BZ006	1008	3	entri	entri	_	_	_	_	_	linguistic	_	ContainsVariation=No	_	_	_	_	_	_
1008-4	BZ006	1008	4	e	e	_	_	_	_	_	linguistic	_	ContainsVariation=No	_	_	_	_	_	_
1008-5	BZ006	1008	5	hai	hai	_	_	_	_	_	linguistic	_	ContainsVariation=No	_	_	_	_	_	_
1008-6	BZ006	1008	6	quelle	quelle	_	_	_	_	_	linguistic	_	ContainsVariation=No	_	_	_	_	_	_
1008-7	BZ006	1008	7	sensazioni	sensazioni	_	_	_	_	_	linguistic	_	ContainsVariation=No	_	_	_	_	_	_
1008-8	BZ006	1008	8	lì	lì	_	_	_	_	_	linguistic	_	ContainsVariation=No	_	_	_	_	_	_
1008-9	BZ006	1008	9	quando	quando	_	_	_	_	_	linguistic	_	ContainsVariation=No	_	_	_	_	_	_
1008-10	BZ006	1008	10	senti	senti	_	_	_	_	_	linguistic	_	ContainsVariation=No	_	_	_	_	_	_
1008-11	BZ006	1008	11	la	la	_	_	_	_	_	linguistic	_	ContainsVariation=No	_	_	_	_	_	_
1008-12	BZ006	1008	12	lingua	lingua	_	_	_	_	_	linguistic	_	ContainsVariation=No	_	_	_	_	_	_
1008-13	BZ006	1008	13	[tedesca].	tedesca	_	_	_	_	_	linguistic	_	ContainsVariation=No	Intonation=Falling	_	_	_	_	0-7(234)
1008-14	BZ006	1008	14	(tant'	tant'	_	_	_	_	_	linguistic	_	ContainsVariation=No	SpaceAfter=No	_	_	_	0-5(0)	_
1008-15	BZ006	1008	15	è)	è	_	_	_	_	_	linguistic	_	ContainsVariation=No	_	_	_	_	0-1(0)	_
1008-16	BZ006	1008	16	che	che	_	_	_	_	_	linguistic	_	ContainsVariation=No	_	_	_	_	_	_
1008-17	BZ006	1008	17	ti	ti	_	_	_	_	_	linguistic	_	ContainsVariation=No	_	_	_	_	_	_
1008-18	BZ006	1008	18	dicevo	dicevo	_	_	_	_	_	linguistic	_	ContainsVariation=No	_	_	_	_	_	_
1008-19	BZ006	1008	19	il	il	_	_	_	_	_	linguistic	_	ContainsVariation=No	_	_	_	_	_	_
1008-20	BZ006	1008	20	suono,	suono	_	_	_	_	_	linguistic	_	ContainsVariation=No	Intonation=WeaklyRising	End=2620.633	_	_	_	_
1009-0	BZ001	1009	0	[certo].	certo	_	_	_	_	_	linguistic	_	ContainsVariation=No	Intonation=Falling	Begin=2619.033|End=2619.463	_	_	_	0-5(234)
1010-0	BZ006	1010	0	mi	mi	_	_	_	_	_	linguistic	_	ContainsVariation=No	_	Begin=2621.003	_	_	_	_
1010-1	BZ006	1010	1	f-	f-	_	_	_	_	_	linguistic	_	ContainsVariation=No	Interrupted=Yes	_	_	_	_	_
1010-2	BZ006	1010	2	mi:	mi	_	_	_	_	_	linguistic	_	ContainsVariation=No	_	_	1x1	_	_	_
1010-3	BZ006	1010	3	mi	mi	_	_	_	_	_	linguistic	_	ContainsVariation=No	_	_	_	_	_	_
1010-4	BZ006	1010	4	calma,	calma	_	_	_	_	_	linguistic	_	ContainsVariation=No	Intonation=WeaklyRising	End=2622.573	_	_	_	_
1011-0	BZ006	1011	0	dipende	dipende	_	_	_	_	_	linguistic	_	ContainsVariation=No	_	Begin=2622.853	_	_	_	_
1011-1	BZ006	1011	1	poi	poi	_	_	_	_	_	linguistic	_	ContainsVariation=No	_	_	_	_	_	_
1011-2	BZ006	1011	2	chi	chi	_	_	_	_	_	linguistic	_	ContainsVariation=No	_	_	_	_	_	_
1011-3	BZ006	1011	3	parla	parla	_	_	_	_	_	linguistic	_	ContainsVariation=No	_	_	_	_	_	_
1011-4	BZ006	1011	4	eh,	eh	_	_	_	_	_	linguistic	_	ContainsVariation=No	Intonation=WeaklyRising|PauseAfter=Yes	_	_	_	_	_
1011-5	BZ006	1011	5	(.)	(.)	_	_	_	_	_	shortpause	_	ContainsVariation=No	_	_	_	_	_	_
1011-6	BZ006	1011	6	però,	però	_	_	_	_	_	linguistic	_	ContainsVariation=No	Intonation=WeaklyRising	End=2624.353	_	_	_	_
1012-0	BZ006	1012	0	>cioè<	cioè	_	_	_	_	_	linguistic	_	ContainsVariation=No	_	Begin=2624.658	_	Fast=0-4(0)	_	_
1012-1	BZ006	1012	1	angela	angela	_	_	_	_	_	linguistic	_	ContainsVariation=No	_	_	_	_	_	_
1012-2	BZ006	1012	2	merkel	merkel	_	_	_	_	_	linguistic	_	ContainsVariation=No	_	_	_	_	_	_
1012-3	BZ006	1012	3	non	non	_	_	_	_	_	linguistic	_	ContainsVariation=No	_	_	_	_	_	_
1012-4	BZ006	1012	4	mi	mi	_	_	_	_	_	linguistic	_	ContainsVariation=No	_	_	_	_	_	_
1012-5	BZ006	1012	5	[(cioè)	cioè	_	_	_	_	_	linguistic	_	ContainsVariation=No	_	_	_	_	0-4(0)	0-4(235)
1012-6	BZ006	1012	6	non	non	_	_	_	_	_	linguistic	_	ContainsVariation=No	_	_	_	_	_	0-3(235)
1012-7	BZ006	1012	7	ha	ha	_	_	_	_	_	linguistic	_	ContainsVariation=No	_	_	_	_	_	0-2(235)
1012-8	BZ006	1012	8	un:	un	_	_	_	_	_	linguistic	_	ContainsVariation=No	_	_	1x1	_	_	0-2(235)
1012-9	BZ006	1012	9	accen-]	accen-	_	_	_	_	_	linguistic	_	ContainsVariation=No	Interrupted=Yes	_	_	_	_	0-6(235)
1012-10	BZ006	1012	10	non	non	_	_	_	_	_	linguistic	_	ContainsVariation=No	_	_	_	_	_	_
1012-11	BZ006	1012	11	lo	lo	_	_	_	_	_	linguistic	_	ContainsVariation=No	_	_	_	_	_	_
1012-12	BZ006	1012	12	so	so	_	_	_	_	_	linguistic	_	ContainsVariation=No	_	_	_	_	_	_
1012-13	BZ006	1012	13	però	però	_	_	_	_	_	linguistic	_	ContainsVariation=No	_	_	_	_	_	_
1012-14	BZ006	1012	14	per	per	_	_	_	_	_	linguistic	_	ContainsVariation=No	_	_	_	_	_	_
1012-15	BZ006	1012	15	dire,	dire	_	_	_	_	_	linguistic	_	ContainsVariation=No	Intonation=WeaklyRising	_	_	_	_	_
1012-16	BZ006	1012	16	n-	n-	_	_	_	_	_	linguistic	_	ContainsVariation=No	Interrupted=Yes	_	_	_	_	_
1012-17	BZ006	1012	17	non	non	_	_	_	_	_	linguistic	_	ContainsVariation=No	_	_	_	_	_	_
1012-18	BZ006	1012	18	lo	lo	_	_	_	_	_	linguistic	_	ContainsVariation=No	_	_	_	_	_	_
1012-19	BZ006	1012	19	so.	so	_	_	_	_	_	linguistic	_	ContainsVariation=No	Intonation=Falling	End=2629.168	_	_	_	_
1013-0	BZ001	1013	0	[((ride))	((ride))	_	_	_	_	_	nonverbalbehavior	_	ContainsVariation=No	_	Begin=2625.758	_	_	_	X(235)
1013-1	BZ001	1013	1	vabbè	vabbè	_	_	_	_	_	linguistic	_	ContainsVariation=No	_	_	_	_	_	0-5(235)
1013-2	BZ001	1013	2	((ridendo))]	((ridendo))	_	_	_	_	_	nonverbalbehavior	_	ContainsVariation=No	_	End=2627.528	_	_	_	X(235)
1014-0	BZ006	1014	0	però	però	_	_	_	_	_	linguistic	_	ContainsVariation=No	_	Begin=2629.548	_	_	_	_
1014-1	BZ006	1014	1	ci	ci	_	_	_	_	_	linguistic	_	ContainsVariation=No	_	_	_	_	_	_
1014-2	BZ006	1014	2	sono,	sono	_	_	_	_	_	linguistic	_	ContainsVariation=No	Intonation=WeaklyRising	End=2630.258	_	_	_	_
1015-0	BZ006	1015	0	persone	persone	_	_	_	_	_	linguistic	_	ContainsVariation=No	_	Begin=2630.708	_	_	_	_
1015-1	BZ006	1015	1	che	che	_	_	_	_	_	linguistic	_	ContainsVariation=No	_	_	_	_	_	_
1015-2	BZ006	1015	2	c-	c-	_	_	_	_	_	linguistic	_	ContainsVariation=No	Interrupted=Yes	_	_	_	_	_
1015-3	BZ006	1015	3	che	che	_	_	_	_	_	linguistic	_	ContainsVariation=No	_	_	_	_	_	_
1015-4	BZ006	1015	4	su	su	_	_	_	_	_	linguistic	_	ContainsVariation=No	_	_	_	_	_	_
1015-5	BZ006	1015	5	un	un	_	_	_	_	_	linguistic	_	ContainsVariation=No	_	_	_	_	_	_
1015-6	BZ006	1015	6	microfono	microfono	_	_	_	_	_	linguistic	_	ContainsVariation=No	_	_	_	_	_	_
1015-7	BZ006	1015	7	ben	ben	_	_	_	_	_	linguistic	_	ContainsVariation=No	_	_	_	_	_	_
1015-8	BZ006	1015	8	fatto	fatto	_	_	_	_	_	linguistic	_	ContainsVariation=No	_	_	_	_	_	_
1015-9	BZ006	1015	9	eccetera	eccetera	_	_	_	_	_	linguistic	_	ContainsVariation=No	_	_	_	_	_	_
1015-10	BZ006	1015	10	mi	mi	_	_	_	_	_	linguistic	_	ContainsVariation=No	_	_	_	_	_	_
1015-11	BZ006	1015	11	dà	dà	_	_	_	_	_	linguistic	_	ContainsVariation=No	_	_	_	_	_	_
1015-12	BZ006	1015	12	proprio	proprio	_	_	_	_	_	linguistic	_	ContainsVariation=No	_	_	_	_	_	_
1015-13	BZ006	1015	13	piacere:	piacere	_	_	_	_	_	linguistic	_	ContainsVariation=No	_	_	6x1	_	_	_
1015-14	BZ006	1015	14	fisico	fisico	_	_	_	_	_	linguistic	_	ContainsVariation=No	_	_	_	_	_	_
1015-15	BZ006	1015	15	ascoltarle.	ascoltarle	_	_	_	_	_	linguistic	_	ContainsVariation=No	Intonation=Falling	End=2636.098	_	_	_	_
1016-0	BZ006	1016	0	eh::m	ehm	_	_	_	_	_	linguistic	_	ContainsVariation=No	PauseAfter=Yes	Begin=2636.868	1x2	_	_	_
1016-1	BZ006	1016	1	(.)	(.)	_	_	_	_	_	shortpause	_	ContainsVariation=No	_	_	_	_	_	_
1016-2	BZ006	1016	2	l'	l'	_	_	_	_	_	linguistic	_	ContainsVariation=No	SpaceAfter=No	_	_	_	_	_
1016-3	BZ006	1016	3	inglese	inglese	_	_	_	_	_	linguistic	_	ContainsVariation=No	_	_	_	_	_	_
1016-4	BZ006	1016	4	è	è	_	_	_	_	_	linguistic	_	ContainsVariation=No	_	_	_	_	_	_
1016-5	BZ006	1016	5	una	una	_	_	_	_	_	linguistic	_	ContainsVariation=No	_	_	_	_	_	_
1016-6	BZ006	1016	6	lingua	lingua	_	_	_	_	_	linguistic	_	ContainsVariation=No	_	_	_	_	_	_
1016-7	BZ006	1016	7	per	per	_	_	_	_	_	linguistic	_	ContainsVariation=No	_	_	_	_	_	_
1016-8	BZ006	1016	8	dire,	dire	_	_	_	_	_	linguistic	_	ContainsVariation=No	Intonation=WeaklyRising	End=2640.288	_	_	_	_
1017-0	BZ006	1017	0	h.	h	_	_	_	_	_	linguistic	_	ContainsVariation=No	Intonation=Falling	Begin=2644.438	_	_	_	_
1017-1	BZ006	1017	1	cioè	cioè	_	_	_	_	_	linguistic	_	ContainsVariation=No	_	_	_	_	_	_
1017-2	BZ006	1017	2	secondo	secondo	_	_	_	_	_	linguistic	_	ContainsVariation=No	_	_	_	_	_	_
1017-3	BZ006	1017	3	me	me	_	_	_	_	_	linguistic	_	ContainsVariation=No	_	_	_	_	_	_
1017-4	BZ006	1017	4	non	non	_	_	_	_	_	linguistic	_	ContainsVariation=No	_	_	_	_	_	_
1017-5	BZ006	1017	5	si	si	_	_	_	_	_	linguistic	_	ContainsVariation=No	_	_	_	_	_	_
1017-6	BZ006	1017	6	può	può	_	_	_	_	_	linguistic	_	ContainsVariation=No	_	_	_	_	_	_
1017-7	BZ006	1017	7	dire	dire	_	_	_	_	_	linguistic	_	ContainsVariation=No	_	_	_	_	_	_
1017-8	BZ006	1017	8	di	di	_	_	_	_	_	linguistic	_	ContainsVariation=No	_	_	_	_	_	_
1017-9	BZ006	1017	9	saperla	saperla	_	_	_	_	_	linguistic	_	ContainsVariation=No	_	_	_	_	_	_
1017-10	BZ006	1017	10	se	se	_	_	_	_	_	linguistic	_	ContainsVariation=No	_	_	_	_	_	_
1017-11	BZ006	1017	11	non	non	_	_	_	_	_	linguistic	_	ContainsVariation=No	_	_	_	_	_	_
1017-12	BZ006	1017	12	si	si	_	_	_	_	_	linguistic	_	ContainsVariation=No	_	_	_	_	_	_
1017-13	BZ006	1017	13	è	è	_	_	_	_	_	linguistic	_	ContainsVariation=No	_	_	_	_	_	_
1017-14	BZ006	1017	14	stati:	stati	_	_	_	_	_	linguistic	_	ContainsVariation=No	_	_	4x1	_	_	_
1017-15	BZ006	1017	15	o	o	_	_	_	_	_	linguistic	_	ContainsVariation=No	_	_	_	_	_	_
1017-16	BZ006	1017	16	in	in	_	_	_	_	_	linguistic	_	ContainsVariation=No	_	_	_	_	_	_
1017-17	BZ006	1017	17	america	america	_	_	_	_	_	linguistic	_	ContainsVariation=No	_	_	_	_	_	_
1017-18	BZ006	1017	18	o	o	_	_	_	_	_	linguistic	_	ContainsVariation=No	_	_	_	_	_	_
1017-19	BZ006	1017	19	in	in	_	_	_	_	_	linguistic	_	ContainsVariation=No	_	_	_	_	_	_
1017-20	BZ006	1017	20	inghilterra.	inghilterra	_	_	_	_	_	linguistic	_	ContainsVariation=No	Intonation=Falling	_	_	_	_	_
1017-21	BZ006	1017	21	io	io	_	_	_	_	_	linguistic	_	ContainsVariation=No	_	_	_	_	_	_
1017-22	BZ006	1017	22	non	non	_	_	_	_	_	linguistic	_	ContainsVariation=No	_	_	_	_	_	_
1017-23	BZ006	1017	23	posso	posso	_	_	_	_	_	linguistic	_	ContainsVariation=No	_	_	_	_	_	_
1017-24	BZ006	1017	24	dire	dire	_	_	_	_	_	linguistic	_	ContainsVariation=No	_	_	_	_	_	_
1017-25	BZ006	1017	25	di	di	_	_	_	_	_	linguistic	_	ContainsVariation=No	_	_	_	_	_	_
1017-26	BZ006	1017	26	saperla	saperla	_	_	_	_	_	linguistic	_	ContainsVariation=No	_	_	_	_	_	_
1017-27	BZ006	1017	27	cioè	cioè	_	_	_	_	_	linguistic	_	ContainsVariation=No	_	_	_	_	_	_
1017-28	BZ006	1017	28	io	io	_	_	_	_	_	linguistic	_	ContainsVariation=No	_	_	_	_	_	_
1017-29	BZ006	1017	29	so	so	_	_	_	_	_	linguistic	_	ContainsVariation=No	_	_	_	_	_	_
1017-30	BZ006	1017	30	l'	l'	_	_	_	_	_	linguistic	_	ContainsVariation=No	SpaceAfter=No	_	_	_	_	_
1017-31	BZ006	1017	31	inglese	inglese	_	_	_	_	_	linguistic	_	ContainsVariation=No	_	_	_	_	_	_
1017-32	BZ006	1017	32	che	che	_	_	_	_	_	linguistic	_	ContainsVariation=No	_	_	_	_	_	_
1017-33	BZ006	1017	33	sa,	sa	_	_	_	_	_	linguistic	_	ContainsVariation=No	Intonation=WeaklyRising	End=2651.078	_	_	_	_
1018-0	BZ006	1018	0	chiunque	chiunque	_	_	_	_	_	linguistic	_	ContainsVariation=No	_	Begin=2652.183	_	_	_	_
1018-1	BZ006	1018	1	l'	l'	_	_	_	_	_	linguistic	_	ContainsVariation=No	SpaceAfter=No	_	_	_	_	_
1018-2	BZ006	1018	2	ha	ha	_	_	_	_	_	linguistic	_	ContainsVariation=No	_	_	_	_	_	_
1018-3	BZ006	1018	3	studiato	studiato	_	_	_	_	_	linguistic	_	ContainsVariation=No	_	_	_	_	_	_
1018-4	BZ006	1018	4	ma,	ma	_	_	_	_	_	linguistic	_	ContainsVariation=No	Intonation=WeaklyRising	End=2653.743	_	_	_	_
1019-0	BZ006	1019	0	non	non	_	_	_	_	_	linguistic	_	ContainsVariation=No	_	Begin=2654.028	_	_	_	_
1019-1	BZ006	1019	1	è	è	_	_	_	_	_	linguistic	_	ContainsVariation=No	_	_	_	_	_	_
1019-2	BZ006	1019	2	conoscere	conoscere	_	_	_	_	_	linguistic	_	ContainsVariation=No	_	_	_	_	_	_
1019-3	BZ006	1019	3	una	una	_	_	_	_	_	linguistic	_	ContainsVariation=No	_	_	_	_	_	_
1019-4	BZ006	1019	4	lingua	lingua	_	_	_	_	_	linguistic	_	ContainsVariation=No	_	_	_	_	_	_
1019-5	BZ006	1019	5	quella	quella	_	_	_	_	_	linguistic	_	ContainsVariation=No	_	_	_	_	_	_
1019-6	BZ006	1019	6	perché	perché	_	_	_	_	_	linguistic	_	ContainsVariation=No	_	_	_	_	_	_
1019-7	BZ006	1019	7	l'	l'	_	_	_	_	_	linguistic	_	ContainsVariation=No	SpaceAfter=No	_	_	_	_	_
1019-8	BZ006	1019	8	inglese,	inglese	_	_	_	_	_	linguistic	_	ContainsVariation=No	Intonation=WeaklyRising	End=2656.018	_	_	_	_
1020-0	BZ006	1020	0	c'	c'	_	_	_	_	_	linguistic	_	ContainsVariation=No	SpaceAfter=No	Begin=2656.308	_	_	_	_
1020-1	BZ006	1020	1	è	è	_	_	_	_	_	linguistic	_	ContainsVariation=No	_	_	_	_	_	_
1020-2	BZ006	1020	2	l'	l'	_	_	_	_	_	linguistic	_	ContainsVariation=No	SpaceAfter=No	_	_	_	_	_
1020-3	BZ006	1020	3	inglese	inglese	_	_	_	_	_	linguistic	_	ContainsVariation=No	_	_	_	_	_	_
1020-4	BZ006	1020	4	di,	di	_	_	_	_	_	linguistic	_	ContainsVariation=No	Intonation=WeaklyRising	End=2657.138	_	_	_	_
1021-0	BZ006	1021	0	d'	d'	_	_	_	_	_	linguistic	_	ContainsVariation=No	SpaceAfter=No	Begin=2658.538	_	_	_	_
1021-1	BZ006	1021	1	inghilterra	inghilterra	_	_	_	_	_	linguistic	_	ContainsVariation=No	_	_	_	_	_	_
1021-2	BZ006	1021	2	l'	l'	_	_	_	_	_	linguistic	_	ContainsVariation=No	SpaceAfter=No	_	_	_	_	_
1021-3	BZ006	1021	3	inglese	inglese	_	_	_	_	_	linguistic	_	ContainsVariation=No	_	_	_	_	_	_
1021-4	BZ006	1021	4	di	di	_	_	_	_	_	linguistic	_	ContainsVariation=No	_	_	_	_	_	_
1021-5	BZ006	1021	5	america	america	_	_	_	_	_	linguistic	_	ContainsVariation=No	_	_	_	Fast=6-7(0)	_	_
1021-6	BZ006	1021	6	>quello	quello	_	_	_	_	_	linguistic	_	ContainsVariation=No	_	_	_	Fast=0-6(0)	_	_
1021-7	BZ006	1021	7	che	che	_	_	_	_	_	linguistic	_	ContainsVariation=No	_	_	_	Fast=0-3(0)	_	_
1021-8	BZ006	1021	8	vuoi<	vuoi	_	_	_	_	_	linguistic	_	ContainsVariation=No	_	_	_	Fast=0-3(0)	_	_
1021-9	BZ006	1021	9	e	e	_	_	_	_	_	linguistic	_	ContainsVariation=No	_	_	_	_	_	_
1021-10	BZ006	1021	10	poi	poi	_	_	_	_	_	linguistic	_	ContainsVariation=No	_	_	_	_	_	_
1021-11	BZ006	1021	11	c'	c'	_	_	_	_	_	linguistic	_	ContainsVariation=No	SpaceAfter=No	_	_	_	_	_
1021-12	BZ006	1021	12	è	è	_	_	_	_	_	linguistic	_	ContainsVariation=No	_	_	_	_	_	_
1021-13	BZ006	1021	13	l'	l'	_	_	_	_	_	linguistic	_	ContainsVariation=No	SpaceAfter=No	_	_	_	_	_
1021-14	BZ006	1021	14	inglese,	inglese	_	_	_	_	_	linguistic	_	ContainsVariation=No	Intonation=WeaklyRising	End=2661.498	_	_	_	_
1022-0	BZ006	1022	0	di	di	_	_	_	_	_	linguistic	_	ContainsVariation=No	_	Begin=2662.038	_	_	_	_
1022-1	BZ006	1022	1	tutto	tutto	_	_	_	_	_	linguistic	_	ContainsVariation=No	_	_	_	_	_	_
1022-2	BZ006	1022	2	il	il	_	_	_	_	_	linguistic	_	ContainsVariation=No	_	_	_	_	_	_
1022-3	BZ006	1022	3	mondo.	mondo	_	_	_	_	_	linguistic	_	ContainsVariation=No	Intonation=Falling	End=2662.798	_	_	_	_
1023-0	BZ006	1023	0	no?	no	_	_	_	_	_	linguistic	_	ContainsVariation=No	Intonation=Rising	Begin=2663.153	_	_	_	_
1023-1	BZ006	1023	1	tant'	tant'	_	_	_	_	_	linguistic	_	ContainsVariation=No	SpaceAfter=No	_	_	_	_	_
1023-2	BZ006	1023	2	è	è	_	_	_	_	_	linguistic	_	ContainsVariation=No	_	_	_	_	_	_
1023-3	BZ006	1023	3	che	che	_	_	_	_	_	linguistic	_	ContainsVariation=No	_	_	_	_	_	_
1023-4	BZ006	1023	4	è	è	_	_	_	_	_	linguistic	_	ContainsVariation=No	_	_	_	_	_	_
1023-5	BZ006	1023	5	una	una	_	_	_	_	_	linguistic	_	ContainsVariation=No	_	_	_	_	_	_
1023-6	BZ006	1023	6	lingua	lingua	_	_	_	_	_	linguistic	_	ContainsVariation=No	_	_	_	_	_	_
1023-7	BZ006	1023	7	insomma,	insomma	_	_	_	_	_	linguistic	_	ContainsVariation=No	Intonation=WeaklyRising	End=2664.663	_	_	_	_
1024-0	BZ006	1024	0	com'	com'	_	_	_	_	_	linguistic	_	ContainsVariation=No	SpaceAfter=No	Begin=2665.153	_	_	_	_
1024-1	BZ006	1024	1	è	è	_	_	_	_	_	linguistic	_	ContainsVariation=No	_	_	_	_	_	_
1024-2	BZ006	1024	2	che	che	_	_	_	_	_	linguistic	_	ContainsVariation=No	_	_	_	_	_	_
1024-3	BZ006	1024	3	si	si	_	_	_	_	_	linguistic	_	ContainsVariation=No	_	_	_	_	_	_
1024-4	BZ006	1024	4	chiamava	chiamava	_	_	_	_	_	linguistic	_	ContainsVariation=No	_	_	_	_	_	_
1024-5	BZ006	1024	5	lingua?	lingua	_	_	_	_	_	linguistic	_	ContainsVariation=No	Intonation=Rising|PauseAfter=Yes	_	_	_	_	_
1024-6	BZ006	1024	6	(.)	(.)	_	_	_	_	_	shortpause	_	ContainsVariation=No	_	_	_	_	_	_
1024-7	BZ006	1024	7	eh	eh	_	_	_	_	_	linguistic	_	ContainsVariation=No	_	_	_	_	_	_
1024-8	BZ006	1024	8	non	non	_	_	_	_	_	linguistic	_	ContainsVariation=No	_	_	_	_	_	_
1024-9	BZ006	1024	9	da	da	_	_	_	_	_	linguistic	_	ContainsVariation=No	_	_	_	_	_	_
1024-10	BZ006	1024	10	f-	f-	_	_	_	_	_	linguistic	_	ContainsVariation=No	Interrupted=Yes	_	_	_	_	_
1024-11	BZ006	1024	11	[lingua	lingua	_	_	_	_	_	linguistic	_	ContainsVariation=No	_	_	_	_	_	0-6(0)
1024-12	BZ006	1024	12	franca,	franca	_	_	_	_	_	linguistic	_	ContainsVariation=No	Intonation=WeaklyRising	_	_	_	_	0-6(0)
1024-13	BZ006	1024	13	lingua	lingua	_	_	_	_	_	linguistic	_	ContainsVariation=No	_	_	_	_	_	0-6(0)
1024-14	BZ006	1024	14	franca	franca	_	_	_	_	_	linguistic	_	ContainsVariation=No	_	_	_	_	_	0-6(0)
1024-15	BZ006	1024	15	ecco].	ecco	_	_	_	_	_	linguistic	_	ContainsVariation=No	Intonation=Falling	End=2668.183	_	_	_	0-4(0)
1025-0	BZ001	1025	0	[lingua	lingua	_	_	_	_	_	linguistic	_	ContainsVariation=No	_	Begin=2666.723	_	_	_	0-6(0)
1025-1	BZ001	1025	1	franca	franca	_	_	_	_	_	linguistic	_	ContainsVariation=No	PauseAfter=Yes	_	_	_	_	0-6(0)
1025-2	BZ001	1025	2	(.)	(.)	_	_	_	_	_	shortpause	_	ContainsVariation=No	_	_	_	_	_	X(0)
1025-3	BZ001	1025	3	mh	mh	_	_	_	_	_	linguistic	_	ContainsVariation=No	_	_	_	_	_	0-2(0)
1025-4	BZ001	1025	4	mh],	mh	_	_	_	_	_	linguistic	_	ContainsVariation=No	Intonation=WeaklyRising	End=2668.193	_	_	_	0-2(0)
1026-0	BZ006	1026	0	eh:	eh	_	_	_	_	_	linguistic	_	ContainsVariation=No	_	Begin=2668.673	1x1	_	_	_
1026-1	BZ006	1026	1	sì	sì	_	_	_	_	_	linguistic	_	ContainsVariation=No	_	_	_	_	_	_
1026-2	BZ006	1026	2	è	è	_	_	_	_	_	linguistic	_	ContainsVariation=No	_	_	_	_	_	_
1026-3	BZ006	1026	3	la	la	_	_	_	_	_	linguistic	_	ContainsVariation=No	_	_	_	_	_	_
1026-4	BZ006	1026	4	lingua	lingua	_	_	_	_	_	linguistic	_	ContainsVariation=No	_	_	_	_	_	_
1026-5	BZ006	1026	5	franca	franca	_	_	_	_	_	linguistic	_	ContainsVariation=No	_	_	_	_	_	_
1026-6	BZ006	1026	6	per	per	_	_	_	_	_	linguistic	_	ContainsVariation=No	_	_	_	_	_	_
1026-7	BZ006	1026	7	cui	cui	_	_	_	_	_	linguistic	_	ContainsVariation=No	_	_	_	_	_	_
1026-8	BZ006	1026	8	la	la	_	_	_	_	_	linguistic	_	ContainsVariation=No	_	_	_	_	_	_
1026-9	BZ006	1026	9	sanno	sanno	_	_	_	_	_	linguistic	_	ContainsVariation=No	_	_	_	_	_	_
1026-10	BZ006	1026	10	tutti,	tutti	_	_	_	_	_	linguistic	_	ContainsVariation=No	Intonation=WeaklyRising	End=2671.213	_	_	_	_
1027-0	BZ006	1027	0	però	però	_	_	_	_	_	linguistic	_	ContainsVariation=No	_	Begin=2671.598	_	_	_	_
1027-1	BZ006	1027	1	quando	quando	_	_	_	_	_	linguistic	_	ContainsVariation=No	_	_	_	_	_	_
1027-2	BZ006	1027	2	tus-	tus-	_	_	_	_	_	linguistic	_	ContainsVariation=No	Interrupted=Yes	_	_	_	_	_
1027-3	BZ006	1027	3	tutti	tutti	_	_	_	_	_	linguistic	_	ContainsVariation=No	_	_	_	_	_	_
1027-4	BZ006	1027	4	parlano	parlano	_	_	_	_	_	linguistic	_	ContainsVariation=No	_	_	_	_	_	_
1027-5	BZ006	1027	5	una,	una	_	_	_	_	_	linguistic	_	ContainsVariation=No	Intonation=WeaklyRising	End=2673.238	_	_	_	_
1028-0	BZ006	1028	0	lingua,	lingua	_	_	_	_	_	linguistic	_	ContainsVariation=No	Intonation=WeaklyRising	Begin=2673.593|End=2674.243	_	_	_	_
1029-0	BZ006	1029	0	di	di	_	_	_	_	_	linguistic	_	ContainsVariation=No	_	Begin=2674.903	_	_	_	_
1029-1	BZ006	1029	1	solito,	solito	_	_	_	_	_	linguistic	_	ContainsVariation=No	Intonation=WeaklyRising	End=2675.553	_	_	_	_
1030-0	BZ006	1030	0	il	il	_	_	_	_	_	linguistic	_	ContainsVariation=No	_	Begin=2675.793	_	_	_	_
1030-1	BZ006	1030	1	conosciuto	conosciuto	_	_	_	_	_	linguistic	_	ContainsVariation=No	_	_	_	_	_	_
1030-2	BZ006	1030	2	è	è	_	_	_	_	_	linguistic	_	ContainsVariation=No	_	_	_	_	_	_
1030-3	BZ006	1030	3	proprio	proprio	_	_	_	_	_	linguistic	_	ContainsVariation=No	_	_	_	_	_	_
1030-4	BZ006	1030	4	il	il	_	_	_	_	_	linguistic	_	ContainsVariation=No	_	_	_	_	_	_
1030-5	BZ006	1030	5	base	base	_	_	_	_	_	linguistic	_	ContainsVariation=No	_	_	_	_	_	_
1030-6	BZ006	1030	6	base	base	_	_	_	_	_	linguistic	_	ContainsVariation=No	_	_	_	_	_	_
1030-7	BZ006	1030	7	no?	no	_	_	_	_	_	linguistic	_	ContainsVariation=No	Intonation=Rising	End=2677.883	_	_	_	_
1031-0	BZ001	1031	0	mh	mh	_	_	_	_	_	linguistic	_	ContainsVariation=No	ProsodicLink=Yes	Begin=2677.953	_	_	_	_
1031-1	BZ001	1031	1	mh.	mh	_	_	_	_	_	linguistic	_	ContainsVariation=No	Intonation=Falling	End=2678.293	_	_	_	_
1032-0	BZ006	1032	0	eh::	eh	_	_	_	_	_	linguistic	_	ContainsVariation=No	_	Begin=2679.258|End=2680.258	1x2	_	_	_
1033-0	BZ006	1033	0	ecco.	ecco	_	_	_	_	_	linguistic	_	ContainsVariation=No	Intonation=Falling	Begin=2682.353	_	_	_	_
1033-1	BZ006	1033	1	sì	sì	_	_	_	_	_	linguistic	_	ContainsVariation=No	_	_	_	_	_	_
1033-2	BZ006	1033	2	sicuramente	sicuramente	_	_	_	_	_	linguistic	_	ContainsVariation=No	_	_	_	_	_	_
1033-3	BZ006	1033	3	italiano,	italiano	_	_	_	_	_	linguistic	_	ContainsVariation=No	Intonation=WeaklyRising	_	_	_	_	_
1033-4	BZ006	1033	4	spagnolo,	spagnolo	_	_	_	_	_	linguistic	_	ContainsVariation=No	Intonation=WeaklyRising	_	_	_	_	_
1033-5	BZ006	1033	5	tedesco,	tedesco	_	_	_	_	_	linguistic	_	ContainsVariation=No	Intonation=WeaklyRising	End=2685.503	_	_	_	_
1034-0	BZ006	1034	0	hanno	hanno	_	_	_	_	_	linguistic	_	ContainsVariation=No	_	Begin=2686.363	_	_	_	_
1034-1	BZ006	1034	1	tre,	tre	_	_	_	_	_	linguistic	_	ContainsVariation=No	Intonation=WeaklyRising	End=2687.123	_	_	_	_
1035-0	BZ006	1035	0	raccolgono	raccolgono	_	_	_	_	_	linguistic	_	ContainsVariation=No	_	Begin=2687.798	_	_	_	_
1035-1	BZ006	1035	1	tre	tre	_	_	_	_	_	linguistic	_	ContainsVariation=No	_	_	_	_	_	_
1035-2	BZ006	1035	2	sensazioni,	sensazioni	_	_	_	_	_	linguistic	_	ContainsVariation=No	Intonation=WeaklyRising	End=2689.358	_	_	_	_
1036-0	BZ006	1036	0	di	di	_	_	_	_	_	linguistic	_	ContainsVariation=No	_	Begin=2690.323	_	_	_	_
1036-1	BZ006	1036	1	pe-	pe-	_	_	_	_	_	linguistic	_	ContainsVariation=No	Interrupted=Yes	_	_	_	_	_
1036-2	BZ006	1036	2	diverse	diverse	_	_	_	_	_	linguistic	_	ContainsVariation=No	_	_	_	_	_	_
1036-3	BZ006	1036	3	da	da	_	_	_	_	_	linguistic	_	ContainsVariation=No	_	_	_	_	_	_
1036-4	BZ006	1036	4	parte	parte	_	_	_	_	_	linguistic	_	ContainsVariation=No	_	_	_	_	_	_
1036-5	BZ006	1036	5	mia,	mia	_	_	_	_	_	linguistic	_	ContainsVariation=No	Intonation=WeaklyRising	_	_	_	_	_
1036-6	BZ006	1036	6	e	e	_	_	_	_	_	linguistic	_	ContainsVariation=No	_	_	_	_	_	_
1036-7	BZ006	1036	7	tre	tre	_	_	_	_	_	linguistic	_	ContainsVariation=No	_	_	_	_	_	_
1036-8	BZ006	1036	8	mh:,	mh	_	_	_	_	_	linguistic	_	ContainsVariation=No	Intonation=WeaklyRising	End=2692.893	1x1	_	_	_
1037-0	BZ006	1037	0	tre	tre	_	_	_	_	_	linguistic	_	ContainsVariation=No	_	Begin=2694.503	_	_	_	_
1037-1	BZ006	1037	1	vissuti	vissuti	_	_	_	_	_	linguistic	_	ContainsVariation=No	_	_	_	_	_	_
1037-2	BZ006	1037	2	anche	anche	_	_	_	_	_	linguistic	_	ContainsVariation=No	_	_	_	_	_	_
1037-3	BZ006	1037	3	diversi	diversi	_	_	_	_	_	linguistic	_	ContainsVariation=No	_	_	_	_	_	_
1037-4	BZ006	1037	4	da	da	_	_	_	_	_	linguistic	_	ContainsVariation=No	_	_	_	_	_	_
1037-5	BZ006	1037	5	parte	parte	_	_	_	_	_	linguistic	_	ContainsVariation=No	_	_	_	_	_	_
1037-6	BZ006	1037	6	[mia	mia	_	_	_	_	_	linguistic	_	ContainsVariation=No	_	_	_	_	_	0-3(2)
1037-7	BZ006	1037	7	no]?	no	_	_	_	_	_	linguistic	_	ContainsVariation=No	Intonation=Rising	End=2696.973	_	_	_	0-2(2)
1038-0	BZ001	1038	0	[mh	mh	_	_	_	_	_	linguistic	_	ContainsVariation=No	ProsodicLink=Yes	Begin=2696.523	_	_	_	0-2(2)
1038-1	BZ001	1038	1	mh],	mh	_	_	_	_	_	linguistic	_	ContainsVariation=No	Intonation=WeaklyRising	End=2696.963	_	_	_	0-2(2)
1039-0	BZ001	1039	0	e:	e	_	_	_	_	_	linguistic	_	ContainsVariation=No	_	Begin=2697.838	0x1	_	_	_
1039-1	BZ001	1039	1	e	e	_	_	_	_	_	linguistic	_	ContainsVariation=No	_	_	_	_	_	_
1039-2	BZ001	1039	2	n-	n-	_	_	_	_	_	linguistic	_	ContainsVariation=No	Interrupted=Yes	_	_	_	_	_
1039-3	BZ001	1039	3	nella	nella	_	_	_	_	_	linguistic	_	ContainsVariation=No	_	_	_	_	_	_
1039-4	BZ001	1039	4	tua	tua	_	_	_	_	_	linguistic	_	ContainsVariation=No	_	_	_	_	_	_
1039-5	BZ001	1039	5	vita	vita	_	_	_	_	_	linguistic	_	ContainsVariation=No	_	_	_	_	_	_
1039-6	BZ001	1039	6	privata	privata	_	_	_	_	_	linguistic	_	ContainsVariation=No	_	_	_	_	_	_
1039-7	BZ001	1039	7	invece,	invece	_	_	_	_	_	linguistic	_	ContainsVariation=No	Intonation=WeaklyRising	_	_	_	_	_
1039-8	BZ001	1039	8	quindi	quindi	_	_	_	_	_	linguistic	_	ContainsVariation=No	_	_	_	_	_	_
1039-9	BZ001	1039	9	al	al	_	_	_	_	_	linguistic	_	ContainsVariation=No	_	_	_	_	_	_
1039-10	BZ001	1039	10	di	di	_	_	_	_	_	linguistic	_	ContainsVariation=No	_	_	_	_	_	_
1039-11	BZ001	1039	11	là	là	_	_	_	_	_	linguistic	_	ContainsVariation=No	_	_	_	_	_	_
1039-12	BZ001	1039	12	dei	dei	_	_	_	_	_	linguistic	_	ContainsVariation=No	_	_	_	_	_	_
1039-13	BZ001	1039	13	contesti	contesti	_	_	_	_	_	linguistic	_	ContainsVariation=No	_	_	_	_	_	_
1039-14	BZ001	1039	14	che	che	_	_	_	_	_	linguistic	_	ContainsVariation=No	_	_	_	_	_	_
1039-15	BZ001	1039	15	hai	hai	_	_	_	_	_	linguistic	_	ContainsVariation=No	_	_	_	_	_	_
1039-16	BZ001	1039	16	raccontato,	raccontato	_	_	_	_	_	linguistic	_	ContainsVariation=No	Intonation=WeaklyRising|PauseAfter=Yes	_	_	_	_	_
1039-17	BZ001	1039	17	(.)	(.)	_	_	_	_	_	shortpause	_	ContainsVariation=No	_	_	_	_	_	_
1039-18	BZ001	1039	18	eh:,	eh	_	_	_	_	_	linguistic	_	ContainsVariation=No	Intonation=WeaklyRising	End=2703.168	1x1	_	_	_
1040-0	BZ001	1040	0	incontri	incontri	_	_	_	_	_	linguistic	_	ContainsVariation=No	_	Begin=2703.398	_	_	_	_
1040-1	BZ001	1040	1	queste	queste	_	_	_	_	_	linguistic	_	ContainsVariation=No	_	_	_	_	_	_
1040-2	BZ001	1040	2	lingue	lingue	_	_	_	_	_	linguistic	_	ContainsVariation=No	_	_	_	_	_	_
1040-3	BZ001	1040	3	per	per	_	_	_	_	_	linguistic	_	ContainsVariation=No	_	_	_	_	_	_
1040-4	BZ001	1040	4	esempio	esempio	_	_	_	_	_	linguistic	_	ContainsVariation=No	_	_	_	_	_	_
1040-5	BZ001	1040	5	anche	anche	_	_	_	_	_	linguistic	_	ContainsVariation=No	_	_	_	_	_	_
1040-6	BZ001	1040	6	quando	quando	_	_	_	_	_	linguistic	_	ContainsVariation=No	_	_	_	_	_	_
1040-7	BZ001	1040	7	guardi,	guardi	_	_	_	_	_	linguistic	_	ContainsVariation=No	Intonation=WeaklyRising	End=2706.058	_	_	_	_
1041-0	BZ001	1041	0	adesso	adesso	_	_	_	_	_	linguistic	_	ContainsVariation=No	_	Begin=2706.483	_	_	_	_
1041-1	BZ001	1041	1	non	non	_	_	_	_	_	linguistic	_	ContainsVariation=No	_	_	_	_	_	_
1041-2	BZ001	1041	2	so,	so	_	_	_	_	_	linguistic	_	ContainsVariation=No	Intonation=WeaklyRising	_	_	_	_	_
1041-3	BZ001	1041	3	netflix,	netflix	_	_	_	_	_	linguistic	_	ContainsVariation=No	Intonation=WeaklyRising	_	_	_	_	_
1041-4	BZ001	1041	4	guardi	guardi	_	_	_	_	_	linguistic	_	ContainsVariation=No	_	_	_	_	_	_
1041-5	BZ001	1041	5	una	una	_	_	_	_	_	linguistic	_	ContainsVariation=No	_	_	_	_	_	_
1041-6	BZ001	1041	6	serie	serie	_	_	_	_	_	linguistic	_	ContainsVariation=No	_	_	_	_	_	_
1041-7	BZ001	1041	7	in	in	_	_	_	_	_	linguistic	_	ContainsVariation=No	_	_	_	_	_	_
1041-8	BZ001	1041	8	spagnolo	spagnolo	_	_	_	_	_	linguistic	_	ContainsVariation=No	_	_	_	_	_	_
1041-9	BZ001	1041	9	in	in	_	_	_	_	_	linguistic	_	ContainsVariation=No	_	_	_	_	_	_
1041-10	BZ001	1041	10	tedesco,	tedesco	_	_	_	_	_	linguistic	_	ContainsVariation=No	Intonation=WeaklyRising	_	_	_	_	_
1041-11	BZ001	1041	11	musica	musica	_	_	_	_	_	linguistic	_	ContainsVariation=No	_	_	_	_	_	_
1041-12	BZ001	1041	12	la	la	_	_	_	_	_	linguistic	_	ContainsVariation=No	_	_	_	_	_	_
1041-13	BZ001	1041	13	ascolti	ascolti	_	_	_	_	_	linguistic	_	ContainsVariation=No	_	_	_	_	_	_
1041-14	BZ001	1041	14	in	in	_	_	_	_	_	linguistic	_	ContainsVariation=No	_	_	_	_	_	_
1041-15	BZ001	1041	15	spagnolo	spagnolo	_	_	_	_	_	linguistic	_	ContainsVariation=No	_	_	_	_	_	_
1041-16	BZ001	1041	16	in	in	_	_	_	_	_	linguistic	_	ContainsVariation=No	_	_	_	_	_	_
1041-17	BZ001	1041	17	tedesco,	tedesco	_	_	_	_	_	linguistic	_	ContainsVariation=No	Intonation=WeaklyRising	End=2712.493	_	_	_	_
1042-0	BZ001	1042	0	oppure	oppure	_	_	_	_	_	linguistic	_	ContainsVariation=No	_	Begin=2713.083	_	_	_	_
1042-1	BZ001	1042	1	no?	no	_	_	_	_	_	linguistic	_	ContainsVariation=No	Intonation=Rising	End=2713.673	_	_	_	_
1043-0	BZ006	1043	0	ma	ma	_	_	_	_	_	linguistic	_	ContainsVariation=No	_	Begin=2714.013	_	_	_	_
1043-1	BZ006	1043	1	allora,	allora	_	_	_	_	_	linguistic	_	ContainsVariation=No	Intonation=WeaklyRising|PauseAfter=Yes	_	_	_	_	_
1043-2	BZ006	1043	2	(.)	(.)	_	_	_	_	_	shortpause	_	ContainsVariation=No	_	_	_	_	_	_
1043-3	BZ006	1043	3	cinema	cinema	_	_	_	_	_	linguistic	_	ContainsVariation=No	_	_	_	_	_	_
1043-4	BZ006	1043	4	ne	ne	_	_	_	_	_	linguistic	_	ContainsVariation=No	_	_	_	_	_	_
1043-5	BZ006	1043	5	guardo	guardo	_	_	_	_	_	linguistic	_	ContainsVariation=No	_	_	_	_	_	_
1043-6	BZ006	1043	6	pochissimo	pochissimo	_	_	_	_	_	linguistic	_	ContainsVariation=No	_	_	_	_	_	_
1043-7	BZ006	1043	7	quindi	quindi	_	_	_	_	_	linguistic	_	ContainsVariation=No	_	_	_	_	_	_
1043-8	BZ006	1043	8	n-	n-	_	_	_	_	_	linguistic	_	ContainsVariation=No	Interrupted=Yes	End=2716.603	_	_	_	_
1044-0	BZ006	1044	0	e	e	_	_	_	_	_	linguistic	_	ContainsVariation=No	_	Begin=2716.983	_	_	_	_
1044-1	BZ006	1044	1	di	di	_	_	_	_	_	linguistic	_	ContainsVariation=No	_	_	_	_	_	_
1044-2	BZ006	1044	2	solito	solito	_	_	_	_	_	linguistic	_	ContainsVariation=No	_	_	_	_	_	_
1044-3	BZ006	1044	3	lo	lo	_	_	_	_	_	linguistic	_	ContainsVariation=No	_	_	_	_	_	_
1044-4	BZ006	1044	4	guardo,	guardo	_	_	_	_	_	linguistic	_	ContainsVariation=No	Intonation=WeaklyRising	End=2718.103	_	_	_	_
1045-0	BZ006	1045	0	per	per	_	_	_	_	_	linguistic	_	ContainsVariation=No	_	Begin=2718.508	_	_	_	_
1045-1	BZ006	1045	1	n-	n-	_	_	_	_	_	linguistic	_	ContainsVariation=No	Interrupted=Yes	_	_	_	_	_
1045-2	BZ006	1045	2	farmelo,	farmelo	_	_	_	_	_	linguistic	_	ContainsVariation=No	Intonation=WeaklyRising	_	_	_	_	_
1045-3	BZ006	1045	3	perché	perché	_	_	_	_	_	linguistic	_	ContainsVariation=No	_	_	_	_	_	_
1045-4	BZ006	1045	4	quando	quando	_	_	_	_	_	linguistic	_	ContainsVariation=No	_	_	_	_	_	_
1045-5	BZ006	1045	5	lo	lo	_	_	_	_	_	linguistic	_	ContainsVariation=No	_	_	_	_	_	_
1045-6	BZ006	1045	6	guardo	guardo	_	_	_	_	_	linguistic	_	ContainsVariation=No	_	_	_	_	_	_
1045-7	BZ006	1045	7	voglio	voglio	_	_	_	_	_	linguistic	_	ContainsVariation=No	_	_	_	_	_	_
1045-8	BZ006	1045	8	[scollegare]	scollegare	_	_	_	_	_	linguistic	_	ContainsVariation=No	_	_	_	_	_	0-10(4)
1045-9	BZ006	1045	9	quindi	quindi	_	_	_	_	_	linguistic	_	ContainsVariation=No	_	_	_	_	_	_
1045-10	BZ006	1045	10	guardo	guardo	_	_	_	_	_	linguistic	_	ContainsVariation=No	_	_	_	_	_	_
1045-11	BZ006	1045	11	in	in	_	_	_	_	_	linguistic	_	ContainsVariation=No	_	_	_	_	_	_
1045-12	BZ006	1045	12	lingua,	lingua	_	_	_	_	_	linguistic	_	ContainsVariation=No	Intonation=WeaklyRising	End=2721.938	_	_	_	_
1046-0	BZ001	1046	0	[((ride))]	((ride))	_	_	_	_	_	nonverbalbehavior	_	ContainsVariation=No	_	Begin=2719.998|End=2720.538	_	_	_	X(4)
1047-0	BZ006	1047	0	mia.	mia	_	_	_	_	_	linguistic	_	ContainsVariation=No	Intonation=Falling	Begin=2722.223	_	_	_	_
1047-1	BZ006	1047	1	l'	l'	_	_	_	_	_	linguistic	_	ContainsVariation=No	SpaceAfter=No	_	_	_	_	_
1047-2	BZ006	1047	2	italiano.	italiano	_	_	_	_	_	linguistic	_	ContainsVariation=No	Intonation=Falling	End=2723.063	_	_	_	_
1048-0	BZ006	1048	0	non	non	_	_	_	_	_	linguistic	_	ContainsVariation=No	_	Begin=2724.008	_	_	_	_
1048-1	BZ006	1048	1	sono	sono	_	_	_	_	_	linguistic	_	ContainsVariation=No	_	_	_	_	_	_
1048-2	BZ006	1048	2	uno	uno	_	_	_	_	_	linguistic	_	ContainsVariation=No	_	_	_	_	_	_
1048-3	BZ006	1048	3	di	di	_	_	_	_	_	linguistic	_	ContainsVariation=No	_	_	_	_	_	_
1048-4	BZ006	1048	4	quelli	quelli	_	_	_	_	_	linguistic	_	ContainsVariation=No	_	_	_	_	_	_
1048-5	BZ006	1048	5	patrio-	patrio-	_	_	_	_	_	linguistic	_	ContainsVariation=No	Interrupted=Yes	_	_	_	_	_
1048-6	BZ006	1048	6	>cioè	cioè	_	_	_	_	_	linguistic	_	ContainsVariation=No	_	_	_	Fast=0-4(0)	_	_
1048-7	BZ006	1048	7	patrioti<	patrioti	_	_	_	_	_	linguistic	_	ContainsVariation=No	_	_	_	Fast=0-8(0)	_	_
1048-8	BZ006	1048	8	[eh	eh	_	_	_	_	_	linguistic	_	ContainsVariation=No	_	_	_	_	_	0-2(6)
1048-9	BZ006	1048	9	il	il	_	_	_	_	_	linguistic	_	ContainsVariation=No	_	_	_	_	_	0-2(6)
1048-10	BZ006	1048	10	contrario.	contrario	_	_	_	_	_	linguistic	_	ContainsVariation=No	Intonation=Falling	_	_	_	_	0-9(6)
1048-11	BZ006	1048	11	uno	uno	_	_	_	_	_	linguistic	_	ContainsVariation=No	_	_	_	_	_	0-3(6)
1048-12	BZ006	1048	12	di	di	_	_	_	_	_	linguistic	_	ContainsVariation=No	_	_	_	_	_	0-2(6)
1048-13	BZ006	1048	13	quelli	quelli	_	_	_	_	_	linguistic	_	ContainsVariation=No	_	_	_	_	_	0-6(6)
1048-14	BZ006	1048	14	che	che	_	_	_	_	_	linguistic	_	ContainsVariation=No	_	_	_	_	_	0-3(6)
1048-15	BZ006	1048	15	proprio]	proprio	_	_	_	_	_	linguistic	_	ContainsVariation=No	_	_	_	_	_	0-7(6)
1048-16	BZ006	1048	16	lo	lo	_	_	_	_	_	linguistic	_	ContainsVariation=No	_	_	_	_	_	_
1048-17	BZ006	1048	17	devono	devono	_	_	_	_	_	linguistic	_	ContainsVariation=No	_	_	_	_	_	_
1048-18	BZ006	1048	18	guardare	guardare	_	_	_	_	_	linguistic	_	ContainsVariation=No	_	_	_	_	_	_
1048-19	BZ006	1048	19	in	in	_	_	_	_	_	linguistic	_	ContainsVariation=No	_	_	_	_	_	_
1048-20	BZ006	1048	20	lingua	lingua	_	_	_	_	_	linguistic	_	ContainsVariation=No	_	_	_	_	_	_
1048-21	BZ006	1048	21	originale	originale	_	_	_	_	_	linguistic	_	ContainsVariation=No	_	_	_	_	_	_
1048-22	BZ006	1048	22	perché,	perché	_	_	_	_	_	linguistic	_	ContainsVariation=No	Intonation=WeaklyRising	_	_	_	_	_
1048-23	BZ006	1048	23	((ridendo))	((ridendo))	_	_	_	_	_	nonverbalbehavior	_	ContainsVariation=No	_	End=2730.128	_	_	_	_
1049-0	BZ001	1049	0	[((ride))]	((ride))	_	_	_	_	_	nonverbalbehavior	_	ContainsVariation=No	_	Begin=2726.213|End=2728.603	_	_	_	X(6)
1050-0	BZ006	1050	0	mi	mi	_	_	_	_	_	linguistic	_	ContainsVariation=No	_	Begin=2730.533	_	_	_	_
1050-1	BZ006	1050	1	affatico	affatico	_	_	_	_	_	linguistic	_	ContainsVariation=No	_	_	_	_	_	_
1050-2	BZ006	1050	2	e	e	_	_	_	_	_	linguistic	_	ContainsVariation=No	_	_	_	_	_	_
1050-3	BZ006	1050	3	basta.	basta	_	_	_	_	_	linguistic	_	ContainsVariation=No	Intonation=Falling	End=2731.523	_	_	_	_
1051-0	BZ006	1051	0	eh::m	ehm	_	_	_	_	_	linguistic	_	ContainsVariation=No	_	Begin=2732.303	1x2	_	_	_
1051-1	BZ006	1051	1	diciamo	diciamo	_	_	_	_	_	linguistic	_	ContainsVariation=No	_	_	_	_	_	_
1051-2	BZ006	1051	2	che,	che	_	_	_	_	_	linguistic	_	ContainsVariation=No	Intonation=WeaklyRising|PauseAfter=Yes	_	_	_	_	_
1051-3	BZ006	1051	3	(.)	(.)	_	_	_	_	_	shortpause	_	ContainsVariation=No	_	_	_	_	_	_
1051-4	BZ006	1051	4	mh::	mh	_	_	_	_	_	linguistic	_	ContainsVariation=No	_	End=2735.053	1x2	_	_	_
1052-0	BZ006	1052	0	qui	qui	_	_	_	_	_	linguistic	_	ContainsVariation=No	_	Begin=2737.183	_	_	_	_
1052-1	BZ006	1052	1	in	in	_	_	_	_	_	linguistic	_	ContainsVariation=No	_	_	_	_	_	_
1052-2	BZ006	1052	2	alto	alto	_	_	_	_	_	linguistic	_	ContainsVariation=No	_	_	_	_	_	_
1052-3	BZ006	1052	3	adige,	adige	_	_	_	_	_	linguistic	_	ContainsVariation=No	Intonation=WeaklyRising	_	_	_	_	_
1052-4	BZ006	1052	4	se	se	_	_	_	_	_	linguistic	_	ContainsVariation=No	_	_	_	_	_	_
1052-5	BZ006	1052	5	io	io	_	_	_	_	_	linguistic	_	ContainsVariation=No	_	_	_	_	_	_
1052-6	BZ006	1052	6	vado	vado	_	_	_	_	_	linguistic	_	ContainsVariation=No	_	_	_	_	_	_
1052-7	BZ006	1052	7	in	in	_	_	_	_	_	linguistic	_	ContainsVariation=No	_	_	_	_	_	_
1052-8	BZ006	1052	8	un	un	_	_	_	_	_	linguistic	_	ContainsVariation=No	_	_	_	_	_	_
1052-9	BZ006	1052	9	posto	posto	_	_	_	_	_	linguistic	_	ContainsVariation=No	_	_	_	_	_	_
1052-10	BZ006	1052	10	dove	dove	_	_	_	_	_	linguistic	_	ContainsVariation=No	_	_	_	_	_	_
1052-11	BZ006	1052	11	so	so	_	_	_	_	_	linguistic	_	ContainsVariation=No	_	_	_	_	_	_
1052-12	BZ006	1052	12	che	che	_	_	_	_	_	linguistic	_	ContainsVariation=No	_	_	_	_	_	_
1052-13	BZ006	1052	13	>insomma	insomma	_	_	_	_	_	linguistic	_	ContainsVariation=No	_	_	_	Fast=0-7(0)	_	_
1052-14	BZ006	1052	14	che	che	_	_	_	_	_	linguistic	_	ContainsVariation=No	_	_	_	Fast=0-3(0)	_	_
1052-15	BZ006	1052	15	ne	ne	_	_	_	_	_	linguistic	_	ContainsVariation=No	_	_	_	Fast=0-2(0)	_	_
1052-16	BZ006	1052	16	so<	so	_	_	_	_	_	linguistic	_	ContainsVariation=No	_	_	_	Fast=0-2(0)	_	_
1052-17	BZ006	1052	17	in	in	_	_	_	_	_	linguistic	_	ContainsVariation=No	_	_	_	_	_	_
1052-18	BZ006	1052	18	panetteria	panetteria	_	_	_	_	_	linguistic	_	ContainsVariation=No	_	_	_	_	_	_
1052-19	BZ006	1052	19	o	o	_	_	_	_	_	linguistic	_	ContainsVariation=No	_	_	_	_	_	_
1052-20	BZ006	1052	20	l'	l'	_	_	_	_	_	linguistic	_	ContainsVariation=No	SpaceAfter=No	_	_	_	_	_
1052-21	BZ006	1052	21	athesia	athesia	_	_	_	_	_	linguistic	_	ContainsVariation=No	_	_	_	_	_	_
1052-22	BZ006	1052	22	e	e	_	_	_	_	_	linguistic	_	ContainsVariation=No	_	_	_	_	_	_
1052-23	BZ006	1052	23	così,	così	_	_	_	_	_	linguistic	_	ContainsVariation=No	Intonation=WeaklyRising	End=2743.083	_	_	_	_
1053-0	BZ006	1053	0	non	non	_	_	_	_	_	linguistic	_	ContainsVariation=No	_	Begin=2743.628	_	_	_	_
1053-1	BZ006	1053	1	tiro	tiro	_	_	_	_	_	linguistic	_	ContainsVariation=No	_	_	_	_	_	_
1053-2	BZ006	1053	2	fuori	fuori	_	_	_	_	_	linguistic	_	ContainsVariation=No	_	_	_	_	_	_
1053-3	BZ006	1053	3	una	una	_	_	_	_	_	linguistic	_	ContainsVariation=No	_	_	_	_	_	_
1053-4	BZ006	1053	4	parola	parola	_	_	_	_	_	linguistic	_	ContainsVariation=No	_	_	_	_	_	_
1053-5	BZ006	1053	5	di	di	_	_	_	_	_	linguistic	_	ContainsVariation=No	_	_	_	_	_	_
1053-6	BZ006	1053	6	italiano.	italiano	_	_	_	_	_	linguistic	_	ContainsVariation=No	Intonation=Falling	End=2745.268	_	_	_	_
1054-0	BZ001	1054	0	ah	ah	_	_	_	_	_	linguistic	_	ContainsVariation=No	_	Begin=2745.613	_	_	_	_
1054-1	BZ001	1054	1	[okay].	okay	_	_	_	_	_	linguistic	_	ContainsVariation=No	Intonation=Falling	End=2746.153	_	_	_	0-4(8)
1055-0	BZ006	1055	0	[per	per	_	_	_	_	_	linguistic	_	ContainsVariation=No	_	Begin=2745.728	_	_	_	0-3(8)
1055-1	BZ006	1055	1	me]	me	_	_	_	_	_	linguistic	_	ContainsVariation=No	_	_	_	_	_	0-2(8)
1055-2	BZ006	1055	2	è:,	è	_	_	_	_	_	linguistic	_	ContainsVariation=No	Intonation=WeaklyRising	End=2746.658	0x1	_	_	_
1056-0	BZ006	1056	0	è	è	_	_	_	_	_	linguistic	_	ContainsVariation=No	_	Begin=2747.658	_	_	_	_
1056-1	BZ006	1056	1	sacro	sacro	_	_	_	_	_	linguistic	_	ContainsVariation=No	_	_	_	_	_	_
1056-2	BZ006	1056	2	lì	lì	_	_	_	_	_	linguistic	_	ContainsVariation=No	_	_	_	_	_	_
1056-3	BZ006	1056	3	usare	usare	_	_	_	_	_	linguistic	_	ContainsVariation=No	_	_	_	_	_	_
1056-4	BZ006	1056	4	il	il	_	_	_	_	_	linguistic	_	ContainsVariation=No	_	_	_	_	_	_
1056-5	BZ006	1056	5	tedesco.	tedesco	_	_	_	_	_	linguistic	_	ContainsVariation=No	Intonation=Falling	End=2749.638	_	_	_	_
1057-0	BZ006	1057	0	e	e	_	_	_	_	_	linguistic	_	ContainsVariation=No	_	Begin=2750.263	_	_	_	_
1057-1	BZ006	1057	1	chi	chi	_	_	_	_	_	linguistic	_	ContainsVariation=No	_	_	_	_	_	_
1057-2	BZ006	1057	2	se	se	_	_	_	_	_	linguistic	_	ContainsVariation=No	_	_	_	_	_	_
1057-3	BZ006	1057	3	ne	ne	_	_	_	_	_	linguistic	_	ContainsVariation=No	_	_	_	_	_	_
1057-4	BZ006	1057	4	frega	frega	_	_	_	_	_	linguistic	_	ContainsVariation=No	_	_	_	_	_	_
1057-5	BZ006	1057	5	se	se	_	_	_	_	_	linguistic	_	ContainsVariation=No	_	_	_	_	_	_
1057-6	BZ006	1057	6	lo	lo	_	_	_	_	_	linguistic	_	ContainsVariation=No	_	_	_	_	_	_
1057-7	BZ006	1057	7	usi	usi	_	_	_	_	_	linguistic	_	ContainsVariation=No	_	_	_	_	_	_
1057-8	BZ006	1057	8	male.	male	_	_	_	_	_	linguistic	_	ContainsVariation=No	Intonation=Falling	_	_	_	_	_
1057-9	BZ006	1057	9	se	se	_	_	_	_	_	linguistic	_	ContainsVariation=No	_	_	_	_	_	_
1057-10	BZ006	1057	10	sbagli	sbagli	_	_	_	_	_	linguistic	_	ContainsVariation=No	_	_	_	_	_	_
1057-11	BZ006	1057	11	ma	ma	_	_	_	_	_	linguistic	_	ContainsVariation=No	_	_	_	_	_	_
1057-12	BZ006	1057	12	chi	chi	_	_	_	_	_	linguistic	_	ContainsVariation=No	_	_	_	_	_	_
1057-13	BZ006	1057	13	se	se	_	_	_	_	_	linguistic	_	ContainsVariation=No	_	_	_	_	_	_
1057-14	BZ006	1057	14	proprio,	proprio	_	_	_	_	_	linguistic	_	ContainsVariation=No	Intonation=WeaklyRising	End=2753.073	_	_	_	_
1058-0	BZ006	1058	0	l-	l-	_	_	_	_	_	linguistic	_	ContainsVariation=No	Interrupted=Yes	Begin=2753.683	_	_	_	_
1058-1	BZ006	1058	1	è	è	_	_	_	_	_	linguistic	_	ContainsVariation=No	_	_	_	_	_	_
1058-2	BZ006	1058	2	l'	l'	_	_	_	_	_	linguistic	_	ContainsVariation=No	SpaceAfter=No	_	_	_	_	_
1058-3	BZ006	1058	3	ambiente	ambiente	_	_	_	_	_	linguistic	_	ContainsVariation=No	_	_	_	_	_	_
1058-4	BZ006	1058	4	in	in	_	_	_	_	_	linguistic	_	ContainsVariation=No	_	_	_	_	_	_
1058-5	BZ006	1058	5	cui	cui	_	_	_	_	_	linguistic	_	ContainsVariation=No	_	_	_	_	_	_
1058-6	BZ006	1058	6	tu	tu	_	_	_	_	_	linguistic	_	ContainsVariation=No	_	_	_	_	_	_
1058-7	BZ006	1058	7	devi	devi	_	_	_	_	_	linguistic	_	ContainsVariation=No	_	_	_	_	_	_
1058-8	BZ006	1058	8	parlare	parlare	_	_	_	_	_	linguistic	_	ContainsVariation=No	_	_	_	_	_	_
1058-9	BZ006	1058	9	tedesco.	tedesco	_	_	_	_	_	linguistic	_	ContainsVariation=No	Intonation=Falling	_	_	_	_	_
1058-10	BZ006	1058	10	quello	quello	_	_	_	_	_	linguistic	_	ContainsVariation=No	_	_	_	_	_	_
1058-11	BZ006	1058	11	è	è	_	_	_	_	_	linguistic	_	ContainsVariation=No	_	_	_	_	_	_
1058-12	BZ006	1058	12	il:	il	_	_	_	_	_	linguistic	_	ContainsVariation=No	_	_	1x1	_	_	_
1058-13	BZ006	1058	13	proprio	proprio	_	_	_	_	_	linguistic	_	ContainsVariation=No	_	_	_	_	_	_
1058-14	BZ006	1058	14	il	il	_	_	_	_	_	linguistic	_	ContainsVariation=No	_	_	_	_	_	_
1058-15	BZ006	1058	15	luogo:,	luogo	_	_	_	_	_	linguistic	_	ContainsVariation=No	Intonation=WeaklyRising	_	4x1	_	_	_
1058-16	BZ006	1058	16	il	il	_	_	_	_	_	linguistic	_	ContainsVariation=No	_	_	_	_	_	_
1058-17	BZ006	1058	17	tempio	tempio	_	_	_	_	_	linguistic	_	ContainsVariation=No	_	_	_	_	_	_
1058-18	BZ006	1058	18	del	del	_	_	_	_	_	linguistic	_	ContainsVariation=No	_	_	_	_	_	_
1058-19	BZ006	1058	19	tedesco.	tedesco	_	_	_	_	_	linguistic	_	ContainsVariation=No	Intonation=Falling	End=2758.283	_	_	_	_
1059-0	BZ006	1059	0	eh::m:	ehm	_	_	_	_	_	linguistic	_	ContainsVariation=No	_	Begin=2759.028|End=2760.048	1x2,2x1	_	_	_
1060-0	BZ001	1060	0	parli	parli	_	_	_	_	_	linguistic	_	ContainsVariation=No	_	Begin=2760.703	_	_	_	_
1060-1	BZ001	1060	1	anche:	anche	_	_	_	_	_	linguistic	_	ContainsVariation=No	_	_	4x1	_	_	_
1060-2	BZ001	1060	2	dialetti	dialetti	_	_	_	_	_	linguistic	_	ContainsVariation=No	_	_	_	_	_	_
1060-3	BZ001	1060	3	locali?	locali	_	_	_	_	_	linguistic	_	ContainsVariation=No	Intonation=Rising	End=2762.603	_	_	_	_
1061-0	BZ006	1061	0	no.	no	_	_	_	_	_	linguistic	_	ContainsVariation=No	Intonation=Falling	Begin=2762.628|End=2762.908	_	_	_	_
1062-0	BZ006	1062	0	[non	non	_	_	_	_	_	linguistic	_	ContainsVariation=No	_	Begin=2763.143	_	_	_	0-3(10)
1062-1	BZ006	1062	1	ci	ci	_	_	_	_	_	linguistic	_	ContainsVariation=No	_	_	_	_	_	0-2(10)
1062-2	BZ006	1062	2	ho]	ho	_	_	_	_	_	linguistic	_	ContainsVariation=No	_	_	_	_	_	0-2(10)
1062-3	BZ006	1062	3	provato	provato	_	_	_	_	_	linguistic	_	ContainsVariation=No	_	_	_	_	_	_
1062-4	BZ006	1062	4	eh,	eh	_	_	_	_	_	linguistic	_	ContainsVariation=No	Intonation=WeaklyRising	_	_	_	_	_
1062-5	BZ006	1062	5	perché	perché	_	_	_	_	_	linguistic	_	ContainsVariation=No	_	_	_	_	_	_
1062-6	BZ006	1062	6	mi	mi	_	_	_	_	_	linguistic	_	ContainsVariation=No	_	_	_	_	_	_
1062-7	BZ006	1062	7	affascinava,	affascinava	_	_	_	_	_	linguistic	_	ContainsVariation=No	Intonation=WeaklyRising|PauseAfter=Yes	_	_	_	_	_
1062-8	BZ006	1062	8	(.)	(.)	_	_	_	_	_	shortpause	_	ContainsVariation=No	_	_	_	_	_	_
1062-9	BZ006	1062	9	mi	mi	_	_	_	_	_	linguistic	_	ContainsVariation=No	_	_	_	_	_	_
1062-10	BZ006	1062	10	affascinava	affascinava	_	_	_	_	_	linguistic	_	ContainsVariation=No	_	_	_	_	_	_
1062-11	BZ006	1062	11	nel	nel	_	_	_	_	_	linguistic	_	ContainsVariation=No	_	_	_	_	_	_
1062-12	BZ006	1062	12	senso	senso	_	_	_	_	_	linguistic	_	ContainsVariation=No	_	_	_	_	_	_
1062-13	BZ006	1062	13	che,	che	_	_	_	_	_	linguistic	_	ContainsVariation=No	Intonation=WeaklyRising	End=2766.773	_	_	_	_
1063-0	BZ001	1063	0	[okay].	okay	_	_	_	_	_	linguistic	_	ContainsVariation=No	Intonation=Falling	Begin=2763.153|End=2763.583	_	_	_	0-4(10)
1064-0	BZ006	1064	0	la	la	_	_	_	_	_	linguistic	_	ContainsVariation=No	_	Begin=2767.203	_	_	_	_
1064-1	BZ006	1064	1	diver-	diver-	_	_	_	_	_	linguistic	_	ContainsVariation=No	Interrupted=Yes	_	_	_	_	_
1064-2	BZ006	1064	2	non	non	_	_	_	_	_	linguistic	_	ContainsVariation=No	_	_	_	_	_	_
1064-3	BZ006	1064	3	mi	mi	_	_	_	_	_	linguistic	_	ContainsVariation=No	_	_	_	_	_	_
1064-4	BZ006	1064	4	piace	piace	_	_	_	_	_	linguistic	_	ContainsVariation=No	_	_	_	_	_	_
1064-5	BZ006	1064	5	da	da	_	_	_	_	_	linguistic	_	ContainsVariation=No	_	_	_	_	_	_
1064-6	BZ006	1064	6	ascoltare	ascoltare	_	_	_	_	_	linguistic	_	ContainsVariation=No	_	_	_	_	_	_
1064-7	BZ006	1064	7	onestamente,	onestamente	_	_	_	_	_	linguistic	_	ContainsVariation=No	Intonation=WeaklyRising	End=2769.393	_	_	_	_
1065-0	BZ006	1065	0	eh:	eh	_	_	_	_	_	linguistic	_	ContainsVariation=No	_	Begin=2769.933	1x1	_	_	_
1065-1	BZ006	1065	1	mi	mi	_	_	_	_	_	linguistic	_	ContainsVariation=No	_	_	_	_	_	_
1065-2	BZ006	1065	2	piaceva	piaceva	_	_	_	_	_	linguistic	_	ContainsVariation=No	_	_	_	_	_	_
1065-3	BZ006	1065	3	all'	all'	_	_	_	_	_	linguistic	_	ContainsVariation=No	SpaceAfter=No	_	_	_	_	_
1065-4	BZ006	1065	4	inizio	inizio	_	_	_	_	_	linguistic	_	ContainsVariation=No	_	_	_	_	_	_
1065-5	BZ006	1065	5	poi	poi	_	_	_	_	_	linguistic	_	ContainsVariation=No	_	_	_	_	_	_
1065-6	BZ006	1065	6	dopo	dopo	_	_	_	_	_	linguistic	_	ContainsVariation=No	_	_	_	_	_	_
1065-7	BZ006	1065	7	un	un	_	_	_	_	_	linguistic	_	ContainsVariation=No	_	_	_	_	_	_
1065-8	BZ006	1065	8	po'	po'	_	_	_	_	_	linguistic	_	ContainsVariation=No	_	_	_	_	_	_
1065-9	BZ006	1065	9	m'	m'	_	_	_	_	_	linguistic	_	ContainsVariation=No	SpaceAfter=No	_	_	_	_	_
1065-10	BZ006	1065	10	ha	ha	_	_	_	_	_	linguistic	_	ContainsVariation=No	_	_	_	_	_	_
1065-11	BZ006	1065	11	stufato	stufato	_	_	_	_	_	linguistic	_	ContainsVariation=No	_	_	_	_	_	_
1065-12	BZ006	1065	12	ma	ma	_	_	_	_	_	linguistic	_	ContainsVariation=No	_	_	_	_	_	_
1065-13	BZ006	1065	13	forse	forse	_	_	_	_	_	linguistic	_	ContainsVariation=No	_	_	_	_	_	_
1065-14	BZ006	1065	14	per	per	_	_	_	_	_	linguistic	_	ContainsVariation=No	_	_	_	_	_	_
1065-15	BZ006	1065	15	vissuti:	vissuti	_	_	_	_	_	linguistic	_	ContainsVariation=No	_	_	6x1	_	_	_
1065-16	BZ006	1065	16	[che:	che	_	_	_	_	_	linguistic	_	ContainsVariation=No	_	_	2x1	_	_	0-3(13)
1065-17	BZ006	1065	17	insomma	insomma	_	_	_	_	_	linguistic	_	ContainsVariation=No	_	_	_	_	_	0-7(13)
1065-18	BZ006	1065	18	non	non	_	_	_	_	_	linguistic	_	ContainsVariation=No	_	_	_	_	_	0-3(13)
1065-19	BZ006	1065	19	me	me	_	_	_	_	_	linguistic	_	ContainsVariation=No	_	_	_	_	_	0-2(13)
1065-20	BZ006	1065	20	l'	l'	_	_	_	_	_	linguistic	_	ContainsVariation=No	SpaceAfter=No	_	_	_	_	0-2(13)
1065-21	BZ006	1065	21	hanno	hanno	_	_	_	_	_	linguistic	_	ContainsVariation=No	_	_	_	_	_	0-5(13)
1065-22	BZ006	1065	22	fatto	fatto	_	_	_	_	_	linguistic	_	ContainsVariation=No	_	_	_	_	_	0-5(13)
1065-23	BZ006	1065	23	apprezzare	apprezzare	_	_	_	_	_	linguistic	_	ContainsVariation=No	_	_	_	_	_	0-10(13)
1065-24	BZ006	1065	24	proprio	proprio	_	_	_	_	_	linguistic	_	ContainsVariation=No	_	_	_	_	_	0-7(13)
1065-25	BZ006	1065	25	tanto].	tanto	_	_	_	_	_	linguistic	_	ContainsVariation=No	Intonation=Falling	End=2776.393	_	_	_	0-3(13)
1066-0	BZ001	1066	0	[mh	mh	_	_	_	_	_	linguistic	_	ContainsVariation=No	ProsodicLink=Yes	Begin=2774.108	_	_	_	0-2(13)
1066-1	BZ001	1066	1	mh,	mh	_	_	_	_	_	linguistic	_	ContainsVariation=No	Intonation=WeaklyRising	_	_	_	_	0-2(13)
1066-2	BZ001	1066	2	((ride))]	((ride))	_	_	_	_	_	nonverbalbehavior	_	ContainsVariation=No	_	End=2776.388	_	_	_	X(13)
1067-0	BZ006	1067	0	eh::m	ehm	_	_	_	_	_	linguistic	_	ContainsVariation=No	PauseAfter=Yes	Begin=2776.893	1x2	_	_	_
1067-1	BZ006	1067	1	(.)	(.)	_	_	_	_	_	shortpause	_	ContainsVariation=No	_	_	_	_	_	_
1067-2	BZ006	1067	2	ci	ci	_	_	_	_	_	linguistic	_	ContainsVariation=No	_	_	_	_	_	_
1067-3	BZ006	1067	3	ho	ho	_	_	_	_	_	linguistic	_	ContainsVariation=No	_	_	_	_	_	_
1067-4	BZ006	1067	4	provato	provato	_	_	_	_	_	linguistic	_	ContainsVariation=No	_	_	_	_	_	_
1067-5	BZ006	1067	5	però	però	_	_	_	_	_	linguistic	_	ContainsVariation=No	_	_	_	_	_	_
1067-6	BZ006	1067	6	a	a	_	_	_	_	_	linguistic	_	ContainsVariation=No	_	_	_	_	_	_
1067-7	BZ006	1067	7	impararlo	impararlo	_	_	_	_	_	linguistic	_	ContainsVariation=No	_	_	_	_	_	_
1067-8	BZ006	1067	8	perché,	perché	_	_	_	_	_	linguistic	_	ContainsVariation=No	Intonation=WeaklyRising	End=2779.383	_	_	_	_
1068-0	BZ006	1068	0	mi	mi	_	_	_	_	_	linguistic	_	ContainsVariation=No	_	Begin=2779.733	_	_	_	_
1068-1	BZ006	1068	1	interessava,	interessava	_	_	_	_	_	linguistic	_	ContainsVariation=No	Intonation=WeaklyRising	End=2780.473	_	_	_	_
1069-0	BZ006	1069	0	troppo	troppo	_	_	_	_	_	linguistic	_	ContainsVariation=No	_	Begin=2781.278	_	_	_	_
1069-1	BZ006	1069	1	complicato	complicato	_	_	_	_	_	linguistic	_	ContainsVariation=No	_	_	_	_	_	_
1069-2	BZ006	1069	2	e	e	_	_	_	_	_	linguistic	_	ContainsVariation=No	_	_	_	_	_	_
1069-3	BZ006	1069	3	soprattutto	soprattutto	_	_	_	_	_	linguistic	_	ContainsVariation=No	_	_	_	_	_	_
1069-4	BZ006	1069	4	ero	ero	_	_	_	_	_	linguistic	_	ContainsVariation=No	_	_	_	_	_	_
1069-5	BZ006	1069	5	concentrato	concentrato	_	_	_	_	_	linguistic	_	ContainsVariation=No	_	_	_	_	_	_
1069-6	BZ006	1069	6	sul	sul	_	_	_	_	_	linguistic	_	ContainsVariation=No	_	_	_	_	_	_
1069-7	BZ006	1069	7	tedesco	tedesco	_	_	_	_	_	linguistic	_	ContainsVariation=No	_	_	_	_	_	_
1069-8	BZ006	1069	8	che	che	_	_	_	_	_	linguistic	_	ContainsVariation=No	_	_	_	_	_	_
1069-9	BZ006	1069	9	comunque	comunque	_	_	_	_	_	linguistic	_	ContainsVariation=No	_	_	_	_	_	_
1069-10	BZ006	1069	10	non	non	_	_	_	_	_	linguistic	_	ContainsVariation=No	_	_	_	_	_	_
1069-11	BZ006	1069	11	era	era	_	_	_	_	_	linguistic	_	ContainsVariation=No	_	_	_	_	_	_
1069-12	BZ006	1069	12	la	la	_	_	_	_	_	linguistic	_	ContainsVariation=No	_	_	_	_	_	_
1069-13	BZ006	1069	13	mia	mia	_	_	_	_	_	linguistic	_	ContainsVariation=No	_	_	_	_	_	_
1069-14	BZ006	1069	14	madrelingua,	madrelingua	_	_	_	_	_	linguistic	_	ContainsVariation=No	Intonation=WeaklyRising	End=2785.5355	_	_	_	_
1070-0	BZ001	1070	0	mh	mh	_	_	_	_	_	linguistic	_	ContainsVariation=No	ProsodicLink=Yes	Begin=2785.5355	_	_	_	_
1070-1	BZ001	1070	1	mh.	mh	_	_	_	_	_	linguistic	_	ContainsVariation=No	Intonation=Falling	End=2785.853	_	_	_	_
1071-0	BZ006	1071	0	e	e	_	_	_	_	_	linguistic	_	ContainsVariation=No	_	Begin=2785.888	_	_	_	_
1071-1	BZ006	1071	1	quindi:	quindi	_	_	_	_	_	linguistic	_	ContainsVariation=No	_	_	5x1	_	_	_
1071-2	BZ006	1071	2	ho	ho	_	_	_	_	_	linguistic	_	ContainsVariation=No	_	_	_	_	_	_
1071-3	BZ006	1071	3	detto	detto	_	_	_	_	_	linguistic	_	ContainsVariation=No	_	_	_	_	_	_
1071-4	BZ006	1071	4	focalizzati	focalizzati	_	_	_	_	_	linguistic	_	ContainsVariation=No	_	_	_	_	_	_
1071-5	BZ006	1071	5	su	su	_	_	_	_	_	linguistic	_	ContainsVariation=No	_	_	_	_	_	_
1071-6	BZ006	1071	6	una	una	_	_	_	_	_	linguistic	_	ContainsVariation=No	_	_	_	_	_	_
1071-7	BZ006	1071	7	cosa	cosa	_	_	_	_	_	linguistic	_	ContainsVariation=No	_	_	_	_	_	_
1071-8	BZ006	1071	8	e	e	_	_	_	_	_	linguistic	_	ContainsVariation=No	_	_	_	_	_	_
1071-9	BZ006	1071	9	falla	falla	_	_	_	_	_	linguistic	_	ContainsVariation=No	_	_	_	_	_	_
1071-10	BZ006	1071	10	bene	bene	_	_	_	_	_	linguistic	_	ContainsVariation=No	_	_	_	_	_	_
1071-11	BZ006	1071	11	[piuttosto	piuttosto	_	_	_	_	_	linguistic	_	ContainsVariation=No	_	_	_	_	_	0-9(14)
1071-12	BZ006	1071	12	che]	che	_	_	_	_	_	linguistic	_	ContainsVariation=No	_	_	_	_	_	0-3(14)
1071-13	BZ006	1071	13	aggiungere	aggiungere	_	_	_	_	_	linguistic	_	ContainsVariation=No	_	_	_	_	_	_
1071-14	BZ006	1071	14	altro.	altro	_	_	_	_	_	linguistic	_	ContainsVariation=No	Intonation=Falling	End=2789.928	_	_	_	_
1072-0	BZ001	1072	0	[mh	mh	_	_	_	_	_	linguistic	_	ContainsVariation=No	ProsodicLink=Yes	Begin=2788.523	_	_	_	0-2(14)
1072-1	BZ001	1072	1	mh].	mh	_	_	_	_	_	linguistic	_	ContainsVariation=No	Intonation=Falling	End=2788.943	_	_	_	0-2(14)
1073-0	BZ006	1073	0	eh::m::	ehm	_	_	_	_	_	linguistic	_	ContainsVariation=No	_	Begin=2790.798|End=2792.008	1x2,2x2	_	_	_
1074-0	BZ006	1074	0	quindi	quindi	_	_	_	_	_	linguistic	_	ContainsVariation=No	_	Begin=2793.778	_	_	_	_
1074-1	BZ006	1074	1	il	il	_	_	_	_	_	linguistic	_	ContainsVariation=No	_	_	_	_	_	_
1074-2	BZ006	1074	2	tedesco,	tedesco	_	_	_	_	_	linguistic	_	ContainsVariation=No	Intonation=WeaklyRising	_	_	_	_	_
1074-3	BZ006	1074	3	sì	sì	_	_	_	_	_	linguistic	_	ContainsVariation=No	_	_	_	_	_	_
1074-4	BZ006	1074	4	ha	ha	_	_	_	_	_	linguistic	_	ContainsVariation=No	_	_	_	_	_	_
1074-5	BZ006	1074	5	i	i	_	_	_	_	_	linguistic	_	ContainsVariation=No	_	_	_	_	_	_
1074-6	BZ006	1074	6	suoi	suoi	_	_	_	_	_	linguistic	_	ContainsVariation=No	_	_	_	_	_	_
1074-7	BZ006	1074	7	luoghi	luoghi	_	_	_	_	_	linguistic	_	ContainsVariation=No	PauseAfter=Yes	_	_	_	_	_
1074-8	BZ006	1074	8	(.)	(.)	_	_	_	_	_	shortpause	_	ContainsVariation=No	_	_	_	_	_	_
1074-9	BZ006	1074	9	e	e	_	_	_	_	_	linguistic	_	ContainsVariation=No	_	_	_	_	_	_
1074-10	BZ006	1074	10	le	le	_	_	_	_	_	linguistic	_	ContainsVariation=No	_	_	_	_	_	_
1074-11	BZ006	1074	11	sue	sue	_	_	_	_	_	linguistic	_	ContainsVariation=No	_	_	_	_	_	_
1074-12	BZ006	1074	12	persone	persone	_	_	_	_	_	linguistic	_	ContainsVariation=No	_	_	_	_	_	_
1074-13	BZ006	1074	13	qua	qua	_	_	_	_	_	linguistic	_	ContainsVariation=No	_	_	_	_	_	_
1074-14	BZ006	1074	14	no?	no	_	_	_	_	_	linguistic	_	ContainsVariation=No	Intonation=Rising	End=2797.838	_	_	_	_
1075-0	BZ006	1075	0	eh::m::	ehm	_	_	_	_	_	linguistic	_	ContainsVariation=No	_	Begin=2798.443|End=2799.673	1x2,2x2	_	_	_
1076-0	BZ006	1076	0	e	e	_	_	_	_	_	linguistic	_	ContainsVariation=No	_	Begin=2800.873	_	_	_	_
1076-1	BZ006	1076	1	mi	mi	_	_	_	_	_	linguistic	_	ContainsVariation=No	_	_	_	_	_	_
1076-2	BZ006	1076	2	piace	piace	_	_	_	_	_	linguistic	_	ContainsVariation=No	_	_	_	_	_	_
1076-3	BZ006	1076	3	anche	anche	_	_	_	_	_	linguistic	_	ContainsVariation=No	_	_	_	_	_	_
1076-4	BZ006	1076	4	col	col	_	_	_	_	_	linguistic	_	ContainsVariation=No	_	_	_	_	_	_
1076-5	BZ006	1076	5	tedesco	tedesco	_	_	_	_	_	linguistic	_	ContainsVariation=No	_	_	_	_	_	_
1076-6	BZ006	1076	6	qui	qui	_	_	_	_	_	linguistic	_	ContainsVariation=No	_	_	_	_	_	_
1076-7	BZ006	1076	7	mescolare.	mescolare	_	_	_	_	_	linguistic	_	ContainsVariation=No	Intonation=Falling	End=2803.223	_	_	_	_
1077-0	BZ006	1077	0	lì	lì	_	_	_	_	_	linguistic	_	ContainsVariation=No	_	Begin=2803.733	_	_	_	_
1077-1	BZ006	1077	1	lo	lo	_	_	_	_	_	linguistic	_	ContainsVariation=No	_	_	_	_	_	_
1077-2	BZ006	1077	2	switch	switch	_	_	_	_	_	linguistic	_	ContainsVariation=No	_	_	_	_	_	_
1077-3	BZ006	1077	3	diventa	diventa	_	_	_	_	_	linguistic	_	ContainsVariation=No	_	_	_	_	_	_
1077-4	BZ006	1077	4	un	un	_	_	_	_	_	linguistic	_	ContainsVariation=No	_	_	_	_	_	_
1077-5	BZ006	1077	5	po'	po'	_	_	_	_	_	linguistic	_	ContainsVariation=No	_	_	_	_	_	_
1077-6	BZ006	1077	6	più	più	_	_	_	_	_	linguistic	_	ContainsVariation=No	_	_	_	_	_	_
1077-7	BZ006	1077	7	facile	facile	_	_	_	_	_	linguistic	_	ContainsVariation=No	_	_	_	_	_	_
1077-8	BZ006	1077	8	quan-	quan-	_	_	_	_	_	linguistic	_	ContainsVariation=No	Interrupted=Yes	_	_	_	_	_
1077-9	BZ006	1077	9	però	però	_	_	_	_	_	linguistic	_	ContainsVariation=No	_	_	_	_	_	_
1077-10	BZ006	1077	10	parlo	parlo	_	_	_	_	_	linguistic	_	ContainsVariation=No	_	_	_	_	_	_
1077-11	BZ006	1077	11	per	per	_	_	_	_	_	linguistic	_	ContainsVariation=No	_	_	_	_	_	_
1077-12	BZ006	1077	12	le	le	_	_	_	_	_	linguistic	_	ContainsVariation=No	_	_	_	_	_	_
1077-13	BZ006	1077	13	cose,	cose	_	_	_	_	_	linguistic	_	ContainsVariation=No	Intonation=WeaklyRising	End=2806.813	_	_	_	_
1078-0	BZ006	1078	0	un	un	_	_	_	_	_	linguistic	_	ContainsVariation=No	_	Begin=2808.378	_	_	_	_
1078-1	BZ006	1078	1	po'	po'	_	_	_	_	_	linguistic	_	ContainsVariation=No	_	_	_	_	_	_
1078-2	BZ006	1078	2	così	così	_	_	_	_	_	linguistic	_	ContainsVariation=No	_	_	_	_	_	_
1078-3	BZ006	1078	3	mh:	mh	_	_	_	_	_	linguistic	_	ContainsVariation=No	_	_	1x1	_	_	_
1078-4	BZ006	1078	4	semplici	semplici	_	_	_	_	_	linguistic	_	ContainsVariation=No	_	_	_	_	_	_
1078-5	BZ006	1078	5	quotidiane	quotidiane	_	_	_	_	_	linguistic	_	ContainsVariation=No	_	_	_	_	_	_
1078-6	BZ006	1078	6	che	che	_	_	_	_	_	linguistic	_	ContainsVariation=No	_	_	_	_	_	_
1078-7	BZ006	1078	7	ne	ne	_	_	_	_	_	linguistic	_	ContainsVariation=No	_	_	_	_	_	_
1078-8	BZ006	1078	8	so,	so	_	_	_	_	_	linguistic	_	ContainsVariation=No	Intonation=WeaklyRising	End=2811.358	_	_	_	_
1079-0	BZ006	1079	0	eh::m	ehm	_	_	_	_	_	linguistic	_	ContainsVariation=No	_	Begin=2811.833|End=2812.823	1x2	_	_	_
1080-0	BZ006	1080	0	darf	darf	_	_	_	_	_	linguistic	_	ContainsVariation=No	_	Begin=2814.603	_	_	_	_
1080-1	BZ006	1080	1	ich	ich	_	_	_	_	_	linguistic	_	ContainsVariation=No	_	_	_	_	_	_
1080-2	BZ006	1080	2	eine	eine	_	_	_	_	_	linguistic	_	ContainsVariation=No	_	_	_	_	_	_
1080-3	BZ006	1080	3	tüte	tüte	_	_	_	_	_	linguistic	_	ContainsVariation=No	_	_	_	_	_	_
1080-4	BZ006	1080	4	haben?	haben	_	_	_	_	_	linguistic	_	ContainsVariation=No	Intonation=Rising	_	_	_	_	_
1080-5	BZ006	1080	5	[eine	eine	_	_	_	_	_	linguistic	_	ContainsVariation=No	_	_	_	_	_	0-4(16)
1080-6	BZ006	1080	6	tasche	tasche	_	_	_	_	_	linguistic	_	ContainsVariation=No	_	_	_	_	_	0-6(16)
1080-7	BZ006	1080	7	haben]?	haben	_	_	_	_	_	linguistic	_	ContainsVariation=No	Intonation=Rising	_	_	_	_	0-5(16)
1080-8	BZ006	1080	8	boh	boh	_	_	_	_	_	linguistic	_	ContainsVariation=No	_	End=2817.033	_	_	_	_
1081-0	BZ001	1081	0	[mh	mh	_	_	_	_	_	linguistic	_	ContainsVariation=No	ProsodicLink=Yes	Begin=2816.163	_	_	_	0-2(16)
1081-1	BZ001	1081	1	mh],	mh	_	_	_	_	_	linguistic	_	ContainsVariation=No	Intonation=WeaklyRising	End=2816.783	_	_	_	0-2(16)
1082-0	BZ006	1082	0	eh	eh	_	_	_	_	_	linguistic	_	ContainsVariation=No	_	Begin=2817.458	_	_	_	_
1082-1	BZ006	1082	1	e	e	_	_	_	_	_	linguistic	_	ContainsVariation=No	_	_	_	_	_	_
1082-2	BZ006	1082	2	poi	poi	_	_	_	_	_	linguistic	_	ContainsVariation=No	_	_	_	_	_	_
1082-3	BZ006	1082	3	dire	dire	_	_	_	_	_	linguistic	_	ContainsVariation=No	_	_	_	_	_	_
1082-4	BZ006	1082	4	grazie,	grazie	_	_	_	_	_	linguistic	_	ContainsVariation=No	Intonation=WeaklyRising	End=2818.728	_	_	_	_
1083-0	BZ006	1083	0	((ride))	((ride))	_	_	_	_	_	nonverbalbehavior	_	ContainsVariation=No	_	Begin=2819.068	_	_	_	_
1083-1	BZ006	1083	1	proprio	proprio	_	_	_	_	_	linguistic	_	ContainsVariation=No	_	_	_	_	_	_
1083-2	BZ006	1083	2	[switch	switch	_	_	_	_	_	linguistic	_	ContainsVariation=No	_	_	_	_	_	0-6(18)
1083-3	BZ006	1083	3	mini]mi	minimi	_	_	_	_	_	linguistic	_	ContainsVariation=No	_	_	_	_	_	0-4(18)
1083-4	BZ006	1083	4	eh,	eh	_	_	_	_	_	linguistic	_	ContainsVariation=No	Intonation=WeaklyRising	_	_	_	_	_
1083-5	BZ006	1083	5	((ridendo))	((ridendo))	_	_	_	_	_	nonverbalbehavior	_	ContainsVariation=No	_	End=2821.298	_	_	_	_
1084-0	BZ001	1084	0	[okay].	okay	_	_	_	_	_	linguistic	_	ContainsVariation=No	Intonation=Falling	Begin=2820.388|End=2820.888	_	_	_	0-4(18)
1085-0	BZ006	1085	0	eh::m:	ehm	_	_	_	_	_	linguistic	_	ContainsVariation=No	_	Begin=2822.148|End=2823.428	1x2,2x1	_	_	_
1086-0	BZ006	1086	0	lo	lo	_	_	_	_	_	linguistic	_	ContainsVariation=No	_	Begin=2825.203	_	_	_	_
1086-1	BZ006	1086	1	spagnolo,	spagnolo	_	_	_	_	_	linguistic	_	ContainsVariation=No	Intonation=WeaklyRising	End=2826.533	_	_	_	_
1087-0	BZ006	1087	0	eh:	eh	_	_	_	_	_	linguistic	_	ContainsVariation=No	_	Begin=2827.303	1x1	_	_	_
1087-1	BZ006	1087	1	ah	ah	_	_	_	_	_	linguistic	_	ContainsVariation=No	_	_	_	_	_	_
1087-2	BZ006	1087	2	il	il	_	_	_	_	_	linguistic	_	ContainsVariation=No	_	_	_	_	_	_
1087-3	BZ006	1087	3	tedesco	tedesco	_	_	_	_	_	linguistic	_	ContainsVariation=No	_	_	_	_	_	_
1087-4	BZ006	1087	4	be'	be'	_	_	_	_	_	linguistic	_	ContainsVariation=No	Truncated=Yes	_	_	_	_	_
1087-5	BZ006	1087	5	lo	lo	_	_	_	_	_	linguistic	_	ContainsVariation=No	_	_	_	_	_	_
1087-6	BZ006	1087	6	ascolto	ascolto	_	_	_	_	_	linguistic	_	ContainsVariation=No	_	_	_	_	_	_
1087-7	BZ006	1087	7	anche	anche	_	_	_	_	_	linguistic	_	ContainsVariation=No	_	_	_	_	_	_
1087-8	BZ006	1087	8	in	in	_	_	_	_	_	linguistic	_	ContainsVariation=No	_	_	_	_	_	_
1087-9	BZ006	1087	9	musica,	musica	_	_	_	_	_	linguistic	_	ContainsVariation=No	Intonation=WeaklyRising	_	_	_	_	_
1087-10	BZ006	1087	10	[quello	quello	_	_	_	_	_	linguistic	_	ContainsVariation=No	_	_	_	_	_	0-6(19)
1087-11	BZ006	1087	11	sì],	sì	_	_	_	_	_	linguistic	_	ContainsVariation=No	Intonation=WeaklyRising	End=2830.623	_	_	_	0-2(19)
1088-0	BZ001	1088	0	[mh	mh	_	_	_	_	_	linguistic	_	ContainsVariation=No	ProsodicLink=Yes	Begin=2830.128	_	_	_	0-2(19)
1088-1	BZ001	1088	1	mh	mh	_	_	_	_	_	linguistic	_	ContainsVariation=No	_	_	_	_	_	0-2(19)
1088-2	BZ001	1088	2	sì]	sì	_	_	_	_	_	linguistic	_	ContainsVariation=No	_	End=2830.638	_	_	_	0-2(19)
1089-0	BZ001	1089	0	che	che	_	_	_	_	_	linguistic	_	ContainsVariation=No	_	Begin=2830.638	_	_	_	_
1089-1	BZ001	1089	1	[dicevi],	dicevi	_	_	_	_	_	linguistic	_	ContainsVariation=No	Intonation=WeaklyRising	End=2831.218	_	_	_	0-6(22)
1090-0	BZ006	1090	0	[abba-]	abba-	_	_	_	_	_	linguistic	_	ContainsVariation=No	Interrupted=Yes	Begin=2830.883	_	_	_	0-5(22)
1090-1	BZ006	1090	1	eh	eh	_	_	_	_	_	linguistic	_	ContainsVariation=No	_	_	_	_	_	_
1090-2	BZ006	1090	2	adesso	adesso	_	_	_	_	_	linguistic	_	ContainsVariation=No	_	_	_	_	_	_
1090-3	BZ006	1090	3	meno	meno	_	_	_	_	_	linguistic	_	ContainsVariation=No	_	_	_	_	_	_
1090-4	BZ006	1090	4	perché	perché	_	_	_	_	_	linguistic	_	ContainsVariation=No	_	_	_	_	_	_
1090-5	BZ006	1090	5	l'	l'	_	_	_	_	_	linguistic	_	ContainsVariation=No	SpaceAfter=No	_	_	_	_	_
1090-6	BZ006	1090	6	ho	ho	_	_	_	_	_	linguistic	_	ContainsVariation=No	_	_	_	_	_	_
1090-7	BZ006	1090	7	collegato	collegato	_	_	_	_	_	linguistic	_	ContainsVariation=No	_	_	_	_	_	_
1090-8	BZ006	1090	8	molto	molto	_	_	_	_	_	linguistic	_	ContainsVariation=No	_	_	_	_	_	_
1090-9	BZ006	1090	9	all'	all'	_	_	_	_	_	linguistic	_	ContainsVariation=No	SpaceAfter=No	_	_	_	_	_
1090-10	BZ006	1090	10	anno	anno	_	_	_	_	_	linguistic	_	ContainsVariation=No	_	_	_	_	_	_
1090-11	BZ006	1090	11	scolastico	scolastico	_	_	_	_	_	linguistic	_	ContainsVariation=No	_	_	_	_	_	_
1090-12	BZ006	1090	12	e	e	_	_	_	_	_	linguistic	_	ContainsVariation=No	_	_	_	_	_	_
1090-13	BZ006	1090	13	adesso	adesso	_	_	_	_	_	linguistic	_	ContainsVariation=No	_	_	_	_	_	_
1090-14	BZ006	1090	14	che	che	_	_	_	_	_	linguistic	_	ContainsVariation=No	_	_	_	_	_	_
1090-15	BZ006	1090	15	si	si	_	_	_	_	_	linguistic	_	ContainsVariation=No	_	_	_	_	_	_
1090-16	BZ006	1090	16	è	è	_	_	_	_	_	linguistic	_	ContainsVariation=No	_	_	_	_	_	_
1090-17	BZ006	1090	17	concluso	concluso	_	_	_	_	_	linguistic	_	ContainsVariation=No	_	_	_	_	_	_
1090-18	BZ006	1090	18	e	e	_	_	_	_	_	linguistic	_	ContainsVariation=No	_	_	_	_	_	_
1090-19	BZ006	1090	19	non	non	_	_	_	_	_	linguistic	_	ContainsVariation=No	_	_	_	_	_	_
1090-20	BZ006	1090	20	proseguirò	proseguirò	_	_	_	_	_	linguistic	_	ContainsVariation=No	_	_	_	_	_	_
1090-21	BZ006	1090	21	con	con	_	_	_	_	_	linguistic	_	ContainsVariation=No	_	_	_	_	_	_
1090-22	BZ006	1090	22	questo	questo	_	_	_	_	_	linguistic	_	ContainsVariation=No	_	_	_	_	_	_
1090-23	BZ006	1090	23	lavoro,	lavoro	_	_	_	_	_	linguistic	_	ContainsVariation=No	Intonation=WeaklyRising	End=2837.133	_	_	_	_
1091-0	BZ006	1091	0	l'	l'	_	_	_	_	_	linguistic	_	ContainsVariation=No	SpaceAfter=No	Begin=2837.553	_	_	_	_
1091-1	BZ006	1091	1	ho	ho	_	_	_	_	_	linguistic	_	ContainsVariation=No	_	_	_	_	_	_
1091-2	BZ006	1091	2	tenuto	tenuto	_	_	_	_	_	linguistic	_	ContainsVariation=No	_	_	_	_	_	_
1091-3	BZ006	1091	3	un	un	_	_	_	_	_	linguistic	_	ContainsVariation=No	_	_	_	_	_	_
1091-4	BZ006	1091	4	attimo:	attimo	_	_	_	_	_	linguistic	_	ContainsVariation=No	PauseAfter=Yes	_	5x1	_	_	_
1091-5	BZ006	1091	5	(.)	(.)	_	_	_	_	_	shortpause	_	ContainsVariation=No	_	_	_	_	_	_
1091-6	BZ006	1091	6	per	per	_	_	_	_	_	linguistic	_	ContainsVariation=No	_	_	_	_	_	_
1091-7	BZ006	1091	7	per	per	_	_	_	_	_	linguistic	_	ContainsVariation=No	_	_	_	_	_	_
1091-8	BZ006	1091	8	un	un	_	_	_	_	_	linguistic	_	ContainsVariation=No	_	_	_	_	_	_
1091-9	BZ006	1091	9	attimo,	attimo	_	_	_	_	_	linguistic	_	ContainsVariation=No	Intonation=WeaklyRising	End=2840.163	_	_	_	_
1092-0	BZ006	1092	0	sdoparmi	sdoparmi	_	_	_	_	_	linguistic	_	ContainsVariation=No	_	Begin=2840.533	_	_	_	_
1092-1	BZ006	1092	1	un	un	_	_	_	_	_	linguistic	_	ContainsVariation=No	_	_	_	_	_	_
1092-2	BZ006	1092	2	po'	po'	_	_	_	_	_	linguistic	_	ContainsVariation=No	_	_	_	_	_	_
1092-3	BZ006	1092	3	perché	perché	_	_	_	_	_	linguistic	_	ContainsVariation=No	_	_	_	_	_	_
1092-4	BZ006	1092	4	[ce	ce	_	_	_	_	_	linguistic	_	ContainsVariation=No	_	_	_	_	_	0-2(26)
1092-5	BZ006	1092	5	l'	l'	_	_	_	_	_	linguistic	_	ContainsVariation=No	SpaceAfter=No	_	_	_	_	0-2(26)
1092-6	BZ006	1092	6	avevo],	avevo	_	_	_	_	_	linguistic	_	ContainsVariation=No	Intonation=WeaklyRising	_	_	_	_	0-5(26)
1092-7	BZ006	1092	7	cioè	cioè	_	_	_	_	_	linguistic	_	ContainsVariation=No	_	_	_	_	_	_
1092-8	BZ006	1092	8	mi	mi	_	_	_	_	_	linguistic	_	ContainsVariation=No	_	_	_	_	_	_
1092-9	BZ006	1092	9	ricorda	ricorda	_	_	_	_	_	linguistic	_	ContainsVariation=No	_	_	_	_	_	_
1092-10	BZ006	1092	10	troppo	troppo	_	_	_	_	_	linguistic	_	ContainsVariation=No	_	_	_	_	_	_
1092-11	BZ006	1092	11	la	la	_	_	_	_	_	linguistic	_	ContainsVariation=No	_	_	_	_	_	_
1092-12	BZ006	1092	12	scuola	scuola	_	_	_	_	_	linguistic	_	ContainsVariation=No	_	_	_	_	_	_
1092-13	BZ006	1092	13	e	e	_	_	_	_	_	linguistic	_	ContainsVariation=No	_	_	_	_	_	_
1092-14	BZ006	1092	14	adesso	adesso	_	_	_	_	_	linguistic	_	ContainsVariation=No	_	_	_	_	_	_
1092-15	BZ006	1092	15	è	è	_	_	_	_	_	linguistic	_	ContainsVariation=No	_	_	_	_	_	_
1092-16	BZ006	1092	16	estate	estate	_	_	_	_	_	linguistic	_	ContainsVariation=No	_	_	_	_	_	_
1092-17	BZ006	1092	17	un	un	_	_	_	_	_	linguistic	_	ContainsVariation=No	_	_	_	_	_	_
1092-18	BZ006	1092	18	altro	altro	_	_	_	_	_	linguistic	_	ContainsVariation=No	_	_	_	_	_	_
1092-19	BZ006	1092	19	periodo	periodo	_	_	_	_	_	linguistic	_	ContainsVariation=No	_	_	_	_	_	_
1092-20	BZ006	1092	20	non,	non	_	_	_	_	_	linguistic	_	ContainsVariation=No	Intonation=WeaklyRising	End=2845.383	_	_	_	_
1093-0	BZ001	1093	0	[((ride))]	((ride))	_	_	_	_	_	nonverbalbehavior	_	ContainsVariation=No	_	Begin=2841.683|End=2842.473	_	_	_	X(26)
1094-0	BZ006	1094	0	eh:	eh	_	_	_	_	_	linguistic	_	ContainsVariation=No	_	Begin=2846.173	1x1	_	_	_
1094-1	BZ006	1094	1	non	non	_	_	_	_	_	linguistic	_	ContainsVariation=No	ProsodicLink=Yes	_	_	_	_	_
1094-2	BZ006	1094	2	non	non	_	_	_	_	_	linguistic	_	ContainsVariation=No	_	_	_	_	_	_
1094-3	BZ006	1094	3	serve	serve	_	_	_	_	_	linguistic	_	ContainsVariation=No	_	_	_	_	_	_
1094-4	BZ006	1094	4	ascoltarlo,	ascoltarlo	_	_	_	_	_	linguistic	_	ContainsVariation=No	Intonation=WeaklyRising	End=2848.053	_	_	_	_
1095-0	BZ006	1095	0	eh::m:	ehm	_	_	_	_	_	linguistic	_	ContainsVariation=No	_	Begin=2848.648|End=2849.998	1x2,2x1	_	_	_
1096-0	BZ006	1096	0	lo	lo	_	_	_	_	_	linguistic	_	ContainsVariation=No	_	Begin=2850.868	_	_	_	_
1096-1	BZ006	1096	1	spagnolo	spagnolo	_	_	_	_	_	linguistic	_	ContainsVariation=No	_	_	_	_	_	_
1096-2	BZ006	1096	2	non	non	_	_	_	_	_	linguistic	_	ContainsVariation=No	_	_	_	_	_	_
1096-3	BZ006	1096	3	lo	lo	_	_	_	_	_	linguistic	_	ContainsVariation=No	_	_	_	_	_	_
1096-4	BZ006	1096	4	ascolto,	ascolto	_	_	_	_	_	linguistic	_	ContainsVariation=No	Intonation=WeaklyRising	_	_	_	_	_
1096-5	BZ006	1096	5	perché	perché	_	_	_	_	_	linguistic	_	ContainsVariation=No	_	_	_	_	_	_
1096-6	BZ006	1096	6	se	se	_	_	_	_	_	linguistic	_	ContainsVariation=No	_	_	_	_	_	_
1096-7	BZ006	1096	7	c'	c'	_	_	_	_	_	linguistic	_	ContainsVariation=No	SpaceAfter=No	_	_	_	_	_
1096-8	BZ006	1096	8	è	è	_	_	_	_	_	linguistic	_	ContainsVariation=No	_	_	_	_	_	_
1096-9	BZ006	1096	9	una	una	_	_	_	_	_	linguistic	_	ContainsVariation=No	_	_	_	_	_	_
1096-10	BZ006	1096	10	cosa	cosa	_	_	_	_	_	linguistic	_	ContainsVariation=No	_	_	_	_	_	_
1096-11	BZ006	1096	11	che	che	_	_	_	_	_	linguistic	_	ContainsVariation=No	_	_	_	_	_	_
1096-12	BZ006	1096	12	detesto	detesto	_	_	_	_	_	linguistic	_	ContainsVariation=No	_	_	_	_	_	_
1096-13	BZ006	1096	13	è	è	_	_	_	_	_	linguistic	_	ContainsVariation=No	_	_	_	_	_	_
1096-14	BZ006	1096	14	il	il	_	_	_	_	_	linguistic	_	ContainsVariation=No	_	_	_	_	_	_
1096-15	BZ006	1096	15	raeggeton,	raeggeton	_	_	_	_	_	linguistic	_	ContainsVariation=No	Intonation=WeaklyRising	End=2854.638	_	_	_	_
1097-0	BZ001	1097	0	[((ride))]	((ride))	_	_	_	_	_	nonverbalbehavior	_	ContainsVariation=No	_	Begin=2854.808|End=2856.58	_	_	_	X(27)
1098-0	BZ006	1098	0	[((ride))]	((ride))	_	_	_	_	_	nonverbalbehavior	_	ContainsVariation=No	_	Begin=2854.808|End=2856.59	_	_	_	X(27)
1099-0	BZ006	1099	0	anche	anche	_	_	_	_	_	linguistic	_	ContainsVariation=No	_	Begin=2856.648	_	_	_	_
1099-1	BZ006	1099	1	se	se	_	_	_	_	_	linguistic	_	ContainsVariation=No	_	_	_	_	_	_
1099-2	BZ006	1099	2	ci	ci	_	_	_	_	_	linguistic	_	ContainsVariation=No	_	_	_	_	_	_
1099-3	BZ006	1099	3	son	son	_	_	_	_	_	linguistic	_	ContainsVariation=No	_	_	_	_	_	_
1099-4	BZ006	1099	4	canzoni	canzoni	_	_	_	_	_	linguistic	_	ContainsVariation=No	_	_	_	_	_	_
1099-5	BZ006	1099	5	anche	anche	_	_	_	_	_	linguistic	_	ContainsVariation=No	_	_	_	_	_	_
1099-6	BZ006	1099	6	melodiche	melodiche	_	_	_	_	_	linguistic	_	ContainsVariation=No	_	_	_	_	_	_
1099-7	BZ006	1099	7	normali	normali	_	_	_	_	_	linguistic	_	ContainsVariation=No	_	_	_	_	_	_
1099-8	BZ006	1099	8	s-	s-	_	_	_	_	_	linguistic	_	ContainsVariation=No	Interrupted=Yes	_	_	_	_	_
1099-9	BZ006	1099	9	normali	normali	_	_	_	_	_	linguistic	_	ContainsVariation=No	_	_	_	_	_	_
1099-10	BZ006	1099	10	cioè	cioè	_	_	_	_	_	linguistic	_	ContainsVariation=No	_	_	_	_	_	_
1099-11	BZ006	1099	11	((ride))	((ride))	_	_	_	_	_	nonverbalbehavior	_	ContainsVariation=No	_	End=2860.218	_	_	_	_
1100-0	BZ006	1100	0	pop	pop	_	_	_	_	_	linguistic	_	ContainsVariation=No	_	Begin=2860.618	_	_	_	_
1100-1	BZ006	1100	1	[eh:]	eh	_	_	_	_	_	linguistic	_	ContainsVariation=No	_	End=2861.438	1x1	_	_	0-2(29)
1101-0	BZ001	1101	0	[va	va	_	_	_	_	_	linguistic	_	ContainsVariation=No	_	Begin=2860.973	_	_	_	0-2(29)
1101-1	BZ001	1101	1	be']	be'	_	_	_	_	_	linguistic	_	ContainsVariation=No	Truncated=Yes	_	_	_	_	0-3(29)
1101-2	BZ001	1101	2	insomma	insomma	_	_	_	_	_	linguistic	_	ContainsVariation=No	_	_	_	_	_	_
1101-3	BZ001	1101	3	non	non	_	_	_	_	_	linguistic	_	ContainsVariation=No	_	_	_	_	_	_
1101-4	BZ001	1101	4	c'	c'	_	_	_	_	_	linguistic	_	ContainsVariation=No	SpaceAfter=No	_	_	_	_	_
1101-5	BZ001	1101	5	è	è	_	_	_	_	_	linguistic	_	ContainsVariation=No	_	_	_	_	_	_
1101-6	BZ001	1101	6	solo	solo	_	_	_	_	_	linguistic	_	ContainsVariation=No	_	_	_	_	_	_
1101-7	BZ001	1101	7	il	il	_	_	_	_	_	linguistic	_	ContainsVariation=No	_	_	_	_	_	_
1101-8	BZ001	1101	8	raeggeton	raeggeton	_	_	_	_	_	linguistic	_	ContainsVariation=No	_	_	_	_	_	_
1101-9	BZ001	1101	9	poveri	poveri	_	_	_	_	_	linguistic	_	ContainsVariation=No	PauseAfter=Yes	_	_	_	_	_
1101-10	BZ001	1101	10	(.)	(.)	_	_	_	_	_	shortpause	_	ContainsVariation=No	_	_	_	_	_	_
1101-11	BZ001	1101	11	e:	e	_	_	_	_	_	linguistic	_	ContainsVariation=No	_	_	0x1	_	_	_
1101-12	BZ001	1101	12	([(ride))]	ride	_	_	_	_	_	linguistic	_	ContainsVariation=No	_	End=2865.173	_	_	_	0-4(32)
1102-0	BZ006	1102	0	[eh	eh	_	_	_	_	_	linguistic	_	ContainsVariation=No	_	Begin=2863.448	_	_	_	0-2(32)
1102-1	BZ006	1102	1	appu-	appu-	_	_	_	_	_	linguistic	_	ContainsVariation=No	Interrupted=Yes	_	_	_	_	0-5(32)
1102-2	BZ006	1102	2	((ride))]	((ride))	_	_	_	_	_	nonverbalbehavior	_	ContainsVariation=No	_	End=2865.178	_	_	_	X(32)
1103-0	BZ006	1103	0	no	no	_	_	_	_	_	linguistic	_	ContainsVariation=No	_	Begin=2865.218	_	_	_	_
1103-1	BZ006	1103	1	eh:	eh	_	_	_	_	_	linguistic	_	ContainsVariation=No	_	_	1x1	_	_	_
1103-2	BZ006	1103	2	intendo	intendo	_	_	_	_	_	linguistic	_	ContainsVariation=No	_	_	_	_	_	_
1103-3	BZ006	1103	3	pop	pop	_	_	_	_	_	linguistic	_	ContainsVariation=No	_	_	_	_	_	_
1103-4	BZ006	1103	4	più	più	_	_	_	_	_	linguistic	_	ContainsVariation=No	_	_	_	_	_	_
1103-5	BZ006	1103	5	vicino	vicino	_	_	_	_	_	linguistic	_	ContainsVariation=No	_	_	_	_	_	_
1103-6	BZ006	1103	6	magari	magari	_	_	_	_	_	linguistic	_	ContainsVariation=No	_	_	_	_	_	_
1103-7	BZ006	1103	7	a	a	_	_	_	_	_	linguistic	_	ContainsVariation=No	_	_	_	_	_	_
1103-8	BZ006	1103	8	quello	quello	_	_	_	_	_	linguistic	_	ContainsVariation=No	_	_	_	_	_	_
1103-9	BZ006	1103	9	mh:	mh	_	_	_	_	_	linguistic	_	ContainsVariation=No	_	_	1x1	_	_	_
1103-10	BZ006	1103	10	melodico	melodico	_	_	_	_	_	linguistic	_	ContainsVariation=No	_	_	_	_	_	_
1103-11	BZ006	1103	11	eh::h,	ehh	_	_	_	_	_	linguistic	_	ContainsVariation=No	Intonation=WeaklyRising	End=2869.898	1x2	_	_	_
1104-0	BZ006	1104	0	ce	ce	_	_	_	_	_	linguistic	_	ContainsVariation=No	_	Begin=2870.183	_	_	_	_
1104-1	BZ006	1104	1	n'	n'	_	_	_	_	_	linguistic	_	ContainsVariation=No	SpaceAfter=No	_	_	_	_	_
1104-2	BZ006	1104	2	è	è	_	_	_	_	_	linguistic	_	ContainsVariation=No	_	_	_	_	_	_
1104-3	BZ006	1104	3	anche	anche	_	_	_	_	_	linguistic	_	ContainsVariation=No	_	_	_	_	_	_
1104-4	BZ006	1104	4	in	in	_	_	_	_	_	linguistic	_	ContainsVariation=No	_	_	_	_	_	_
1104-5	BZ006	1104	5	spagnolo	spagnolo	_	_	_	_	_	linguistic	_	ContainsVariation=No	_	_	_	_	_	_
1104-6	BZ006	1104	6	lo	lo	_	_	_	_	_	linguistic	_	ContainsVariation=No	_	_	_	_	_	_
1104-7	BZ006	1104	7	ascolto:	ascolto	_	_	_	_	_	linguistic	_	ContainsVariation=No	_	_	6x1	_	_	_
1104-8	BZ006	1104	8	a,	a	_	_	_	_	_	linguistic	_	ContainsVariation=No	Intonation=WeaklyRising	End=2872.983	_	_	_	_
1105-0	BZ006	1105	0	periodi,	periodi	_	_	_	_	_	linguistic	_	ContainsVariation=No	Intonation=WeaklyRising	Begin=2873.558|End=2874.278	_	_	_	_
1106-0	BZ006	1106	0	eh::m::	ehm	_	_	_	_	_	linguistic	_	ContainsVariation=No	_	Begin=2874.778|End=2876.308	1x2,2x2	_	_	_
1107-0	BZ006	1107	0	diciamo	diciamo	_	_	_	_	_	linguistic	_	ContainsVariation=No	_	Begin=2877.068	_	_	_	_
1107-1	BZ006	1107	1	che	che	_	_	_	_	_	linguistic	_	ContainsVariation=No	_	_	_	_	_	_
1107-2	BZ006	1107	2	il	il	_	_	_	_	_	linguistic	_	ContainsVariation=No	_	_	_	_	_	_
1107-3	BZ006	1107	3	legame	legame	_	_	_	_	_	linguistic	_	ContainsVariation=No	_	_	_	_	_	_
1107-4	BZ006	1107	4	con	con	_	_	_	_	_	linguistic	_	ContainsVariation=No	_	_	_	_	_	_
1107-5	BZ006	1107	5	la	la	_	_	_	_	_	linguistic	_	ContainsVariation=No	_	_	_	_	_	_
1107-6	BZ006	1107	6	lingua	lingua	_	_	_	_	_	linguistic	_	ContainsVariation=No	_	_	_	_	_	_
1107-7	BZ006	1107	7	spagnola	spagnola	_	_	_	_	_	linguistic	_	ContainsVariation=No	_	_	_	_	_	_
1107-8	BZ006	1107	8	è	è	_	_	_	_	_	linguistic	_	ContainsVariation=No	_	_	_	_	_	_
1107-9	BZ006	1107	9	rimasto,	rimasto	_	_	_	_	_	linguistic	_	ContainsVariation=No	Intonation=WeaklyRising	End=2879.898	_	_	_	_
1108-0	BZ006	1108	0	eh::	eh	_	_	_	_	_	linguistic	_	ContainsVariation=No	_	Begin=2880.378|End=2880.968	1x2	_	_	_
1109-0	BZ006	1109	0	con	con	_	_	_	_	_	linguistic	_	ContainsVariation=No	_	Begin=2881.258	_	_	_	_
1109-1	BZ006	1109	1	la	la	_	_	_	_	_	linguistic	_	ContainsVariation=No	_	_	_	_	_	_
1109-2	BZ006	1109	2	famiglia.	famiglia	_	_	_	_	_	linguistic	_	ContainsVariation=No	Intonation=Falling|PauseAfter=Yes	_	_	_	_	_
1109-3	BZ006	1109	3	(.)	(.)	_	_	_	_	_	shortpause	_	ContainsVariation=No	_	_	_	_	_	_
1109-4	BZ006	1109	4	quando	quando	_	_	_	_	_	linguistic	_	ContainsVariation=No	_	_	_	_	_	_
1109-5	BZ006	1109	5	parlo	parlo	_	_	_	_	_	linguistic	_	ContainsVariation=No	_	_	_	_	_	_
1109-6	BZ006	1109	6	con	con	_	_	_	_	_	linguistic	_	ContainsVariation=No	_	_	_	_	_	_
1109-7	BZ006	1109	7	la	la	_	_	_	_	_	linguistic	_	ContainsVariation=No	_	_	_	_	_	_
1109-8	BZ006	1109	8	famiglia,	famiglia	_	_	_	_	_	linguistic	_	ContainsVariation=No	Intonation=WeaklyRising	_	_	_	_	_
1109-9	BZ006	1109	9	quando	quando	_	_	_	_	_	linguistic	_	ContainsVariation=No	_	_	_	_	_	_
1109-10	BZ006	1109	10	parlo	parlo	_	_	_	_	_	linguistic	_	ContainsVariation=No	_	_	_	_	_	_
1109-11	BZ006	1109	11	con:	con	_	_	_	_	_	linguistic	_	ContainsVariation=No	_	_	2x1	_	_	_
1109-12	BZ006	1109	12	alcuni	alcuni	_	_	_	_	_	linguistic	_	ContainsVariation=No	_	_	_	_	_	_
1109-13	BZ006	1109	13	miei	miei	_	_	_	_	_	linguistic	_	ContainsVariation=No	_	_	_	_	_	_
1109-14	BZ006	1109	14	amici,	amici	_	_	_	_	_	linguistic	_	ContainsVariation=No	Intonation=WeaklyRising	End=2885.778	_	_	_	_
1110-0	BZ006	1110	0	eh::	eh	_	_	_	_	_	linguistic	_	ContainsVariation=No	_	Begin=2886.653|End=2887.443	1x2	_	_	_
1111-0	BZ006	1111	0	ed	ed	_	_	_	_	_	linguistic	_	ContainsVariation=No	_	Begin=2888.713	_	_	_	_
1111-1	BZ006	1111	1	è	è	_	_	_	_	_	linguistic	_	ContainsVariation=No	_	_	_	_	_	_
1111-2	BZ006	1111	2	sempre	sempre	_	_	_	_	_	linguistic	_	ContainsVariation=No	_	_	_	_	_	_
1111-3	BZ006	1111	3	rimasto	rimasto	_	_	_	_	_	linguistic	_	ContainsVariation=No	_	_	_	_	_	_
1111-4	BZ006	1111	4	in	in	_	_	_	_	_	linguistic	_	ContainsVariation=No	_	_	_	_	_	_
1111-5	BZ006	1111	5	contesti	contesti	_	_	_	_	_	linguistic	_	ContainsVariation=No	_	_	_	_	_	_
1111-6	BZ006	1111	6	leggeri.	leggeri	_	_	_	_	_	linguistic	_	ContainsVariation=No	Intonation=Falling	End=2890.883	_	_	_	_
1112-0	BZ006	1112	0	cioè	cioè	_	_	_	_	_	linguistic	_	ContainsVariation=No	_	Begin=2892.348	_	_	_	_
1112-1	BZ006	1112	1	sicuramente	sicuramente	_	_	_	_	_	linguistic	_	ContainsVariation=No	_	_	_	_	_	_
1112-2	BZ006	1112	2	non	non	_	_	_	_	_	linguistic	_	ContainsVariation=No	_	_	_	_	_	_
1112-3	BZ006	1112	3	mi	mi	_	_	_	_	_	linguistic	_	ContainsVariation=No	_	_	_	_	_	_
1112-4	BZ006	1112	4	verrebbe	verrebbe	_	_	_	_	_	linguistic	_	ContainsVariation=No	_	_	_	_	_	_
1112-5	BZ006	1112	5	mai	mai	_	_	_	_	_	linguistic	_	ContainsVariation=No	_	_	_	_	_	_
1112-6	BZ006	1112	6	da,	da	_	_	_	_	_	linguistic	_	ContainsVariation=No	Intonation=WeaklyRising	End=2894.198	_	_	_	_
1113-0	BZ006	1113	0	da	da	_	_	_	_	_	linguistic	_	ContainsVariation=No	_	Begin=2894.768	_	_	_	_
1113-1	BZ006	1113	1	usare	usare	_	_	_	_	_	linguistic	_	ContainsVariation=No	_	_	_	_	_	_
1113-2	BZ006	1113	2	lo	lo	_	_	_	_	_	linguistic	_	ContainsVariation=No	_	_	_	_	_	_
1113-3	BZ006	1113	3	spagnolo	spagnolo	_	_	_	_	_	linguistic	_	ContainsVariation=No	_	_	_	_	_	_
1113-4	BZ006	1113	4	nel:,	nel	_	_	_	_	_	linguistic	_	ContainsVariation=No	Intonation=WeaklyRising	End=2897.238	2x1	_	_	_
1114-0	BZ006	1114	0	boh	boh	_	_	_	_	_	linguistic	_	ContainsVariation=No	_	Begin=2898.378|End=2898.748	_	_	_	_
1115-0	BZ006	1115	0	no	no	_	_	_	_	_	linguistic	_	ContainsVariation=No	_	Begin=2900.328	_	_	_	_
1115-1	BZ006	1115	1	(in	in	_	_	_	_	_	linguistic	_	ContainsVariation=No	_	_	_	_	0-2(0)	_
1115-2	BZ006	1115	2	realtà)	realtà	_	_	_	_	_	linguistic	_	ContainsVariation=No	_	_	_	_	0-6(0)	_
1115-3	BZ006	1115	3	u-	u-	_	_	_	_	_	linguistic	_	ContainsVariation=No	Interrupted=Yes	_	_	_	_	_
1115-4	BZ006	1115	4	una	una	_	_	_	_	_	linguistic	_	ContainsVariation=No	_	_	_	_	_	_
1115-5	BZ006	1115	5	conferenza	conferenza	_	_	_	_	_	linguistic	_	ContainsVariation=No	_	_	_	_	_	_
1115-6	BZ006	1115	6	m'	m'	_	_	_	_	_	linguistic	_	ContainsVariation=No	SpaceAfter=No	_	_	_	_	_
1115-7	BZ006	1115	7	è	è	_	_	_	_	_	linguistic	_	ContainsVariation=No	_	_	_	_	_	_
1115-8	BZ006	1115	8	capitata	capitata	_	_	_	_	_	linguistic	_	ContainsVariation=No	_	_	_	_	_	_
1115-9	BZ006	1115	9	in	in	_	_	_	_	_	linguistic	_	ContainsVariation=No	_	_	_	_	_	_
1115-10	BZ006	1115	10	realtà	realtà	_	_	_	_	_	linguistic	_	ContainsVariation=No	_	_	_	_	_	_
1115-11	BZ006	1115	11	ho	ho	_	_	_	_	_	linguistic	_	ContainsVariation=No	_	_	_	_	_	_
1115-12	BZ006	1115	12	dovuto	dovuto	_	_	_	_	_	linguistic	_	ContainsVariation=No	_	_	_	_	_	_
1115-13	BZ006	1115	13	fare	fare	_	_	_	_	_	linguistic	_	ContainsVariation=No	_	_	_	_	_	_
1115-14	BZ006	1115	14	una	una	_	_	_	_	_	linguistic	_	ContainsVariation=No	_	_	_	_	_	_
1115-15	BZ006	1115	15	conferenza	conferenza	_	_	_	_	_	linguistic	_	ContainsVariation=No	_	_	_	_	_	_
1115-16	BZ006	1115	16	in	in	_	_	_	_	_	linguistic	_	ContainsVariation=No	_	_	_	_	_	_
1115-17	BZ006	1115	17	spagnolo,	spagnolo	_	_	_	_	_	linguistic	_	ContainsVariation=No	Intonation=WeaklyRising	End=2904.288	_	_	_	_
1116-0	BZ001	1116	0	hai	hai	_	_	_	_	_	linguistic	_	ContainsVariation=No	_	Begin=2904.403	_	_	_	_
1116-1	BZ001	1116	1	fatto	fatto	_	_	_	_	_	linguistic	_	ContainsVariation=No	_	_	_	_	_	_
1116-2	BZ001	1116	2	[hai	hai	_	_	_	_	_	linguistic	_	ContainsVariation=No	_	_	_	_	_	0-3(36)
1116-3	BZ001	1116	3	cioè	cioè	_	_	_	_	_	linguistic	_	ContainsVariation=No	_	_	_	_	_	0-4(36)
1116-4	BZ001	1116	4	hai	hai	_	_	_	_	_	linguistic	_	ContainsVariation=No	_	_	_	_	_	0-3(36)
1116-5	BZ001	1116	5	parlato?	parlato	_	_	_	_	_	linguistic	_	ContainsVariation=No	Intonation=Rising|PauseAfter=Yes	_	_	_	_	0-7(36)
1116-6	BZ001	1116	6	(.)	(.)	_	_	_	_	_	shortpause	_	ContainsVariation=No	_	_	_	_	_	X(36)
1116-7	BZ001	1116	7	ah].	ah	_	_	_	_	_	linguistic	_	ContainsVariation=No	Intonation=Falling	End=2906.333	_	_	_	0-2(36)
1117-0	BZ006	1117	0	[sì	sì	_	_	_	_	_	linguistic	_	ContainsVariation=No	_	Begin=2905.083	_	_	_	0-2(36)
1117-1	BZ006	1117	1	sì	sì	_	_	_	_	_	linguistic	_	ContainsVariation=No	_	_	_	_	_	0-2(36)
1117-2	BZ006	1117	2	sì.	sì	_	_	_	_	_	linguistic	_	ContainsVariation=No	Intonation=Falling	_	_	_	_	0-2(36)
1117-3	BZ006	1117	3	eh	eh	_	_	_	_	_	linguistic	_	ContainsVariation=No	_	_	_	_	_	0-2(36)
1117-4	BZ006	1117	4	sì].	sì	_	_	_	_	_	linguistic	_	ContainsVariation=No	Intonation=Falling	End=2906.323	_	_	_	0-2(36)
1118-0	BZ006	1118	0	sì.	sì	_	_	_	_	_	linguistic	_	ContainsVariation=No	Intonation=Falling	Begin=2906.633|End=2906.873	_	_	_	_
1119-0	BZ006	1119	0	eh:m	ehm	_	_	_	_	_	linguistic	_	ContainsVariation=No	_	Begin=2907.598|End=2908.198	1x1	_	_	_
1120-0	BZ006	1120	0	però	però	_	_	_	_	_	linguistic	_	ContainsVariation=No	_	Begin=2908.713	_	_	_	_
1120-1	BZ006	1120	1	boh	boh	_	_	_	_	_	linguistic	_	ContainsVariation=No	_	_	_	_	_	_
1120-2	BZ006	1120	2	è	è	_	_	_	_	_	linguistic	_	ContainsVariation=No	_	_	_	_	_	_
1120-3	BZ006	1120	3	mh,	mh	_	_	_	_	_	linguistic	_	ContainsVariation=No	Intonation=WeaklyRising|PauseAfter=Yes	_	_	_	_	_
1120-4	BZ006	1120	4	(.)	(.)	_	_	_	_	_	shortpause	_	ContainsVariation=No	_	_	_	_	_	_
1120-5	BZ006	1120	5	non	non	_	_	_	_	_	linguistic	_	ContainsVariation=No	_	_	_	_	_	_
1120-6	BZ006	1120	6	so,	so	_	_	_	_	_	linguistic	_	ContainsVariation=No	Intonation=WeaklyRising	_	_	_	_	_
1120-7	BZ006	1120	7	dovrei,	dovrei	_	_	_	_	_	linguistic	_	ContainsVariation=No	Intonation=WeaklyRising	_	_	_	_	_
1120-8	BZ006	1120	8	dovrei	dovrei	_	_	_	_	_	linguistic	_	ContainsVariation=No	_	_	_	_	_	_
1120-9	BZ006	1120	9	rifletterci	rifletterci	_	_	_	_	_	linguistic	_	ContainsVariation=No	_	_	_	_	_	_
1120-10	BZ006	1120	10	però	però	_	_	_	_	_	linguistic	_	ContainsVariation=No	_	_	_	_	_	_
1120-11	BZ006	1120	11	insomma	insomma	_	_	_	_	_	linguistic	_	ContainsVariation=No	_	_	_	_	_	_
1120-12	BZ006	1120	12	[lo	lo	_	_	_	_	_	linguistic	_	ContainsVariation=No	_	_	_	_	_	0-2(37)
1120-13	BZ006	1120	13	uso	uso	_	_	_	_	_	linguistic	_	ContainsVariation=No	_	_	_	_	_	0-3(37)
1120-14	BZ006	1120	14	sì],	sì	_	_	_	_	_	linguistic	_	ContainsVariation=No	Intonation=WeaklyRising	End=2912.813	_	_	_	0-2(37)
1121-0	BZ001	1121	0	[mh	mh	_	_	_	_	_	linguistic	_	ContainsVariation=No	ProsodicLink=Yes	Begin=2912.038	_	_	_	0-2(37)
1121-1	BZ001	1121	1	mh],	mh	_	_	_	_	_	linguistic	_	ContainsVariation=No	Intonation=WeaklyRising	End=2912.448	_	_	_	0-2(37)
1122-0	BZ006	1122	0	eh	eh	_	_	_	_	_	linguistic	_	ContainsVariation=No	_	Begin=2913.248	_	_	_	_
1122-1	BZ006	1122	1	in	in	_	_	_	_	_	linguistic	_	ContainsVariation=No	_	_	_	_	_	_
1122-2	BZ006	1122	2	contesti,	contesti	_	_	_	_	_	linguistic	_	ContainsVariation=No	Intonation=WeaklyRising|PauseAfter=Yes	_	_	_	_	_
1122-3	BZ006	1122	3	(.)	(.)	_	_	_	_	_	shortpause	_	ContainsVariation=No	_	_	_	_	_	_
1122-4	BZ006	1122	4	familiari,	familiari	_	_	_	_	_	linguistic	_	ContainsVariation=No	Intonation=WeaklyRising	End=2915.3005000000003	_	_	_	_
1123-0	BZ001	1123	0	mh	mh	_	_	_	_	_	linguistic	_	ContainsVariation=No	ProsodicLink=Yes	Begin=2915.3005000000003	_	_	_	_
1123-1	BZ001	1123	1	mh,	mh	_	_	_	_	_	linguistic	_	ContainsVariation=No	Intonation=WeaklyRising	End=2915.733	_	_	_	_
1124-0	BZ006	1124	0	nel	nel	_	_	_	_	_	linguistic	_	ContainsVariation=No	_	Begin=2915.748	_	_	_	_
1124-1	BZ006	1124	1	senso	senso	_	_	_	_	_	linguistic	_	ContainsVariation=No	_	_	_	_	_	_
1124-2	BZ006	1124	2	di	di	_	_	_	_	_	linguistic	_	ContainsVariation=No	_	_	_	_	_	_
1124-3	BZ006	1124	3	familiarità,	familiarità	_	_	_	_	_	linguistic	_	ContainsVariation=No	Intonation=WeaklyRising	End=2917.108	_	_	_	_
1125-0	BZ006	1125	0	eh::m:	ehm	_	_	_	_	_	linguistic	_	ContainsVariation=No	_	Begin=2917.748|End=2918.818	1x2,2x1	_	_	_
1126-0	BZ006	1126	0	e	e	_	_	_	_	_	linguistic	_	ContainsVariation=No	_	Begin=2922.188	_	_	_	_
1126-1	BZ006	1126	1	basta.	basta	_	_	_	_	_	linguistic	_	ContainsVariation=No	Intonation=Falling|PauseAfter=Yes	_	_	_	_	_
1126-2	BZ006	1126	2	(.)	(.)	_	_	_	_	_	shortpause	_	ContainsVariation=No	_	_	_	_	_	_
1126-3	BZ006	1126	3	l'	l'	_	_	_	_	_	linguistic	_	ContainsVariation=No	SpaceAfter=No	_	_	_	_	_
1126-4	BZ006	1126	4	italiano,	italiano	_	_	_	_	_	linguistic	_	ContainsVariation=No	Intonation=WeaklyRising	_	_	_	_	_
1126-5	BZ006	1126	5	insomma	insomma	_	_	_	_	_	linguistic	_	ContainsVariation=No	_	_	_	_	_	_
1126-6	BZ006	1126	6	è	è	_	_	_	_	_	linguistic	_	ContainsVariation=No	_	_	_	_	_	_
1126-7	BZ006	1126	7	la	la	_	_	_	_	_	linguistic	_	ContainsVariation=No	_	_	_	_	_	_
1126-8	BZ006	1126	8	lingua	lingua	_	_	_	_	_	linguistic	_	ContainsVariation=No	_	_	_	_	_	_
1126-9	BZ006	1126	9	di	di	_	_	_	_	_	linguistic	_	ContainsVariation=No	_	_	_	_	_	_
1126-10	BZ006	1126	10	tutti	tutti	_	_	_	_	_	linguistic	_	ContainsVariation=No	_	_	_	_	_	_
1126-11	BZ006	1126	11	i	i	_	_	_	_	_	linguistic	_	ContainsVariation=No	_	_	_	_	_	_
1126-12	BZ006	1126	12	giorni	giorni	_	_	_	_	_	linguistic	_	ContainsVariation=No	_	_	_	_	_	_
1126-13	BZ006	1126	13	che	che	_	_	_	_	_	linguistic	_	ContainsVariation=No	_	_	_	_	_	_
1126-14	BZ006	1126	14	uso	uso	_	_	_	_	_	linguistic	_	ContainsVariation=No	_	_	_	_	_	_
1126-15	BZ006	1126	15	sempre,	sempre	_	_	_	_	_	linguistic	_	ContainsVariation=No	Intonation=WeaklyRising	End=2926.098	_	_	_	_
1127-0	BZ006	1127	0	eh:m	ehm	_	_	_	_	_	linguistic	_	ContainsVariation=No	_	Begin=2926.808|End=2927.448	1x1	_	_	_
1128-0	BZ006	1128	0	avre-	avre-	_	_	_	_	_	linguistic	_	ContainsVariation=No	Interrupted=Yes	Begin=2928.783	_	_	_	_
1128-1	BZ006	1128	1	a	a	_	_	_	_	_	linguistic	_	ContainsVariation=No	_	_	_	_	_	_
1128-2	BZ006	1128	2	volte	volte	_	_	_	_	_	linguistic	_	ContainsVariation=No	_	_	_	_	_	_
1128-3	BZ006	1128	3	avrei	avrei	_	_	_	_	_	linguistic	_	ContainsVariation=No	_	_	_	_	_	_
1128-4	BZ006	1128	4	voglia	voglia	_	_	_	_	_	linguistic	_	ContainsVariation=No	_	_	_	_	_	_
1128-5	BZ006	1128	5	di	di	_	_	_	_	_	linguistic	_	ContainsVariation=No	_	_	_	_	_	_
1128-6	BZ006	1128	6	mh,	mh	_	_	_	_	_	linguistic	_	ContainsVariation=No	Intonation=WeaklyRising	End=2930.553	_	_	_	_
1129-0	BZ006	1129	0	conoscerla	conoscerla	_	_	_	_	_	linguistic	_	ContainsVariation=No	_	Begin=2931.903	_	_	_	_
1129-1	BZ006	1129	1	meglio,	meglio	_	_	_	_	_	linguistic	_	ContainsVariation=No	Intonation=WeaklyRising	End=2932.893	_	_	_	_
1130-0	BZ006	1130	0	dal	dal	_	_	_	_	_	linguistic	_	ContainsVariation=No	_	Begin=2933.613	_	_	_	_
1130-1	BZ006	1130	1	punto	punto	_	_	_	_	_	linguistic	_	ContainsVariation=No	_	_	_	_	_	_
1130-2	BZ006	1130	2	di	di	_	_	_	_	_	linguistic	_	ContainsVariation=No	_	_	_	_	_	_
1130-3	BZ006	1130	3	vista	vista	_	_	_	_	_	linguistic	_	ContainsVariation=No	_	_	_	_	_	_
1130-4	BZ006	1130	4	delle	delle	_	_	_	_	_	linguistic	_	ContainsVariation=No	_	_	_	_	_	_
1130-5	BZ006	1130	5	etimologie,	etimologie	_	_	_	_	_	linguistic	_	ContainsVariation=No	Intonation=WeaklyRising	_	_	_	_	_
1130-6	BZ006	1130	6	delle	delle	_	_	_	_	_	linguistic	_	ContainsVariation=No	_	_	_	_	_	_
1130-7	BZ006	1130	7	parole	parole	_	_	_	_	_	linguistic	_	ContainsVariation=No	_	_	_	_	_	_
1130-8	BZ006	1130	8	eccetera,	eccetera	_	_	_	_	_	linguistic	_	ContainsVariation=No	Intonation=WeaklyRising	_	_	_	_	_
1130-9	BZ006	1130	9	eh:m	ehm	_	_	_	_	_	linguistic	_	ContainsVariation=No	_	End=2937.083	1x1	_	_	_
1131-0	BZ006	1131	0	però	però	_	_	_	_	_	linguistic	_	ContainsVariation=No	_	Begin=2937.933	_	_	_	_
1131-1	BZ006	1131	1	insomma	insomma	_	_	_	_	_	linguistic	_	ContainsVariation=No	_	_	_	_	_	_
1131-2	BZ006	1131	2	poi	poi	_	_	_	_	_	linguistic	_	ContainsVariation=No	_	_	_	_	_	_
1131-3	BZ006	1131	3	quella	quella	_	_	_	_	_	linguistic	_	ContainsVariation=No	_	_	_	_	_	_
1131-4	BZ006	1131	4	è	è	_	_	_	_	_	linguistic	_	ContainsVariation=No	_	_	_	_	_	_
1131-5	BZ006	1131	5	la	la	_	_	_	_	_	linguistic	_	ContainsVariation=No	_	_	_	_	_	_
1131-6	BZ006	1131	6	vit-	vit-	_	_	_	_	_	linguistic	_	ContainsVariation=No	Interrupted=Yes	_	_	_	_	_
1131-7	BZ006	1131	7	la	la	_	_	_	_	_	linguistic	_	ContainsVariation=No	_	_	_	_	_	_
1131-8	BZ006	1131	8	lingua	lingua	_	_	_	_	_	linguistic	_	ContainsVariation=No	_	_	_	_	_	_
1131-9	BZ006	1131	9	di	di	_	_	_	_	_	linguistic	_	ContainsVariation=No	_	_	_	_	_	_
1131-10	BZ006	1131	10	tutti	tutti	_	_	_	_	_	linguistic	_	ContainsVariation=No	_	_	_	_	_	_
1131-11	BZ006	1131	11	i	i	_	_	_	_	_	linguistic	_	ContainsVariation=No	_	_	_	_	_	_
1131-12	BZ006	1131	12	giorni.	giorni	_	_	_	_	_	linguistic	_	ContainsVariation=No	Intonation=Falling	End=2939.97	_	_	_	_
1132-0	BZ001	1132	0	okay.	okay	_	_	_	_	_	linguistic	_	ContainsVariation=No	Intonation=Falling	Begin=2940.568|End=2941.038	_	_	_	_
1133-0	BZ006	1133	0	mh	mh	_	_	_	_	_	linguistic	_	ContainsVariation=No	ProsodicLink=Yes	Begin=2940.918	_	_	_	_
1133-1	BZ006	1133	1	mh.	mh	_	_	_	_	_	linguistic	_	ContainsVariation=No	Intonation=Falling	End=2941.358	_	_	_	_
1134-0	BZ001	1134	0	c'	c'	_	_	_	_	_	linguistic	_	ContainsVariation=No	SpaceAfter=No	Begin=2942.103	_	_	_	_
1134-1	BZ001	1134	1	è	è	_	_	_	_	_	linguistic	_	ContainsVariation=No	_	_	_	_	_	_
1134-2	BZ001	1134	2	qualcos'	qualcos'	_	_	_	_	_	linguistic	_	ContainsVariation=No	SpaceAfter=No	_	_	_	_	_
1134-3	BZ001	1134	3	altro	altro	_	_	_	_	_	linguistic	_	ContainsVariation=No	_	_	_	_	_	_
1134-4	BZ001	1134	4	che	che	_	_	_	_	_	linguistic	_	ContainsVariation=No	_	_	_	_	_	_
1134-5	BZ001	1134	5	vuoi	vuoi	_	_	_	_	_	linguistic	_	ContainsVariation=No	_	_	_	_	_	_
1134-6	BZ001	1134	6	aggiungere	aggiungere	_	_	_	_	_	linguistic	_	ContainsVariation=No	_	_	_	_	_	_
1134-7	BZ001	1134	7	o	o	_	_	_	_	_	linguistic	_	ContainsVariation=No	_	_	_	_	_	_
1134-8	BZ001	1134	8	hai	hai	_	_	_	_	_	linguistic	_	ContainsVariation=No	_	_	_	_	_	2-3(42)
1134-9	BZ001	1134	9	[raccontato],	raccontato	_	_	_	_	_	linguistic	_	ContainsVariation=No	Intonation=WeaklyRising	End=2944.68	_	_	_	0-9(42)
1135-0	BZ006	1135	0	[mah],	mah	_	_	_	_	_	linguistic	_	ContainsVariation=No	Intonation=WeaklyRising|PauseAfter=Yes	Begin=2944.218	_	_	_	0-3(42)
1135-1	BZ006	1135	1	(.)	(.)	_	_	_	_	_	shortpause	_	ContainsVariation=No	_	_	_	_	_	_
1135-2	BZ006	1135	2	no	no	_	_	_	_	_	linguistic	_	ContainsVariation=No	_	_	_	_	_	_
1135-3	BZ006	1135	3	mi	mi	_	_	_	_	_	linguistic	_	ContainsVariation=No	_	_	_	_	_	_
1135-4	BZ006	1135	4	sembra	sembra	_	_	_	_	_	linguistic	_	ContainsVariation=No	_	_	_	_	_	_
1135-5	BZ006	1135	5	di	di	_	_	_	_	_	linguistic	_	ContainsVariation=No	_	_	_	_	_	_
1135-6	BZ006	1135	6	aver	aver	_	_	_	_	_	linguistic	_	ContainsVariation=No	_	_	_	_	_	_
1135-7	BZ006	1135	7	detto	detto	_	_	_	_	_	linguistic	_	ContainsVariation=No	_	_	_	_	_	_
1135-8	BZ006	1135	8	tutto.	tutto	_	_	_	_	_	linguistic	_	ContainsVariation=No	Intonation=Falling	End=2946.358	_	_	_	_
1136-0	BZ001	1136	0	mh	mh	_	_	_	_	_	linguistic	_	ContainsVariation=No	ProsodicLink=Yes	Begin=2946.693	_	_	_	_
1136-1	BZ001	1136	1	mh,	mh	_	_	_	_	_	linguistic	_	ContainsVariation=No	Intonation=WeaklyRising	End=2947.103	_	_	_	_
1137-0	BZ001	1137	0	ah	ah	_	_	_	_	_	linguistic	_	ContainsVariation=No	_	Begin=2947.633	_	_	_	_
1137-1	BZ001	1137	1	okay.	okay	_	_	_	_	_	linguistic	_	ContainsVariation=No	Intonation=Falling|PauseAfter=Yes	_	_	_	_	_
1137-2	BZ001	1137	2	(.)	(.)	_	_	_	_	_	shortpause	_	ContainsVariation=No	_	_	_	_	_	_
1137-3	BZ001	1137	3	è	è	_	_	_	_	_	linguistic	_	ContainsVariation=No	_	_	_	_	_	_
1137-4	BZ001	1137	4	stato	stato	_	_	_	_	_	linguistic	_	ContainsVariation=No	_	_	_	_	_	_
1137-5	BZ001	1137	5	molto,	molto	_	_	_	_	_	linguistic	_	ContainsVariation=No	Intonation=WeaklyRising|PauseAfter=Yes	_	_	_	_	_
1137-6	BZ001	1137	6	(.)	(.)	_	_	_	_	_	shortpause	_	ContainsVariation=No	_	_	_	_	_	_
1137-7	BZ001	1137	7	interessante.	interessante	_	_	_	_	_	linguistic	_	ContainsVariation=No	Intonation=Falling	End=2949.873	_	_	_	_
1138-0	BZ001	1138	0	davvero.	davvero	_	_	_	_	_	linguistic	_	ContainsVariation=No	Intonation=Falling|PauseAfter=Yes	Begin=2950.383	_	_	_	_
1138-1	BZ001	1138	1	(.)	(.)	_	_	_	_	_	shortpause	_	ContainsVariation=No	_	_	_	_	_	_
1138-2	BZ001	1138	2	grazie	grazie	_	_	_	_	_	linguistic	_	ContainsVariation=No	_	_	_	_	_	_
1138-3	BZ001	1138	3	mille.	mille	_	_	_	_	_	linguistic	_	ContainsVariation=No	Intonation=Falling	End=2951.593	_	_	_	_
1139-0	BZ006	1139	0	a	a	_	_	_	_	_	linguistic	_	ContainsVariation=No	_	Begin=2951.683	_	_	_	_
1139-1	BZ006	1139	1	voi.	voi	_	_	_	_	_	linguistic	_	ContainsVariation=No	Intonation=Falling	End=2951.913	_	_	_	_
