token_id	speaker	tu_id	id	span	form	lemma	upos	xpos	feats	deprel	type	meta_label	variation	jefferson_feats	align	prolongations	pace	guesses	overlaps
0-0	BZ001	0	0	>e	e	_	_	_	_	_	linguistic	_	none	_	Begin=8.678	_	Fast=0-1(0)	_	_
0-1	BZ001	0	1	anche	anche	_	_	_	_	_	linguistic	_	none	_	_	_	Fast=0-5(0)	_	_
0-2	BZ001	0	2	qui<,	qui	_	_	_	_	_	linguistic	_	none	Intonation=WeaklyRising	_	_	Fast=0-3(0)	_	_
0-3	BZ001	0	3	eccoci.	eccoci	_	_	_	_	_	linguistic	_	none	Intonation=Falling	End=9.771	_	_	_	_
1-0	BZ001	1	0	allora	allora	_	_	_	_	_	linguistic	_	none	_	Begin=10.812	_	_	_	_
1-1	BZ001	1	1	come	come	_	_	_	_	_	linguistic	_	none	_	_	_	_	_	_
1-2	BZ001	1	2	ti	ti	_	_	_	_	_	linguistic	_	none	_	_	_	_	_	_
1-3	BZ001	1	3	ho	ho	_	_	_	_	_	linguistic	_	none	_	_	_	_	_	_
1-4	BZ001	1	4	anticipato	anticipato	_	_	_	_	_	linguistic	_	none	_	_	_	_	_	_
1-5	BZ001	1	5	io	io	_	_	_	_	_	linguistic	_	none	_	_	_	_	_	_
1-6	BZ001	1	6	ti	ti	_	_	_	_	_	linguistic	_	none	_	_	_	_	_	_
1-7	BZ001	1	7	chiederei	chiederei	_	_	_	_	_	linguistic	_	none	_	_	_	_	_	_
1-8	BZ001	1	8	di:	di	_	_	_	_	_	linguistic	_	none	_	_	1x1	_	_	_
1-9	BZ001	1	9	raccontarmi	raccontarmi	_	_	_	_	_	linguistic	_	none	_	_	_	_	_	_
1-10	BZ001	1	10	un	un	_	_	_	_	_	linguistic	_	none	_	_	_	_	_	_
1-11	BZ001	1	11	po'	po'	_	_	_	_	_	linguistic	_	none	_	_	_	_	_	_
1-12	BZ001	1	12	della	della	_	_	_	_	_	linguistic	_	none	_	_	_	_	_	_
1-13	BZ001	1	13	tua	tua	_	_	_	_	_	linguistic	_	none	_	_	_	_	_	_
1-14	BZ001	1	14	vita,	vita	_	_	_	_	_	linguistic	_	none	Intonation=WeaklyRising|PauseAfter=Yes	_	_	_	_	_
1-15	BZ001	1	15	(.)	(.)	_	_	_	_	_	shortpause	_	none	_	_	_	_	_	_
1-16	BZ001	1	16	molto	molto	_	_	_	_	_	linguistic	_	none	_	_	_	_	_	_
1-17	BZ001	1	17	liberamente,	liberamente	_	_	_	_	_	linguistic	_	none	Intonation=WeaklyRising|PauseAfter=Yes	_	_	_	_	_
1-18	BZ001	1	18	(.)	(.)	_	_	_	_	_	shortpause	_	none	_	_	_	_	_	_
1-19	BZ001	1	19	in	in	_	_	_	_	_	linguistic	_	none	_	_	_	_	_	_
1-20	BZ001	1	20	relazione	relazione	_	_	_	_	_	linguistic	_	none	_	_	_	_	_	_
1-21	BZ001	1	21	alle	alle	_	_	_	_	_	linguistic	_	none	_	_	_	_	_	_
1-22	BZ001	1	22	lingue	lingue	_	_	_	_	_	linguistic	_	none	_	_	_	_	_	_
1-23	BZ001	1	23	che	che	_	_	_	_	_	linguistic	_	none	_	_	_	_	_	_
1-24	BZ001	1	24	parli,	parli	_	_	_	_	_	linguistic	_	none	Intonation=WeaklyRising	_	_	_	_	_
1-25	BZ001	1	25	che	che	_	_	_	_	_	linguistic	_	none	_	_	_	_	_	_
1-26	BZ001	1	26	hai	hai	_	_	_	_	_	linguistic	_	none	_	_	_	_	_	_
1-27	BZ001	1	27	studiato:,	studiato	_	_	_	_	_	linguistic	_	none	Intonation=WeaklyRising	_	7x1	_	_	_
1-28	BZ001	1	28	che	che	_	_	_	_	_	linguistic	_	none	_	_	_	_	_	_
1-29	BZ001	1	29	ascolti,	ascolti	_	_	_	_	_	linguistic	_	none	Intonation=WeaklyRising	_	_	_	_	_
1-30	BZ001	1	30	che	che	_	_	_	_	_	linguistic	_	none	_	_	_	_	_	_
1-31	BZ001	1	31	usi,	usi	_	_	_	_	_	linguistic	_	none	Intonation=WeaklyRising	End=21.137	_	_	_	_
2-0	BZ009	2	0	sì	sì	_	_	_	_	_	linguistic	_	none	_	Begin=21.86	_	_	_	_
2-1	BZ009	2	1	mi	mi	_	_	_	_	_	linguistic	_	none	_	_	_	_	_	_
2-2	BZ009	2	2	chiamo	chiamo	_	_	_	_	_	linguistic	_	none	_	_	_	_	_	_
2-3	BZ009	2	3	pierpaolo,	pierpaolo	_	_	_	_	_	linguistic	_	none	Intonation=WeaklyRising|PauseAfter=Yes	_	_	_	_	_
2-4	BZ009	2	4	(.)	(.)	_	_	_	_	_	shortpause	_	none	_	_	_	_	_	_
2-5	BZ009	2	5	e::	e	_	_	_	_	_	linguistic	_	none	_	End=24.89	0x2	_	_	_
3-0	BZ009	3	0	da	da	_	_	_	_	_	linguistic	_	none	_	Begin=25.69	_	_	_	_
3-1	BZ009	3	1	diversi	diversi	_	_	_	_	_	linguistic	_	none	_	_	_	_	_	_
3-2	BZ009	3	2	anni	anni	_	_	_	_	_	linguistic	_	none	_	_	_	_	_	_
3-3	BZ009	3	3	lavoro	lavoro	_	_	_	_	_	linguistic	_	none	_	_	_	_	_	_
3-4	BZ009	3	4	eh:	eh	_	_	_	_	_	linguistic	_	none	_	_	1x1	_	_	_
3-5	BZ009	3	5	nell'	nell'	_	_	_	_	_	linguistic	_	none	SpaceAfter=No	_	_	_	_	_
3-6	BZ009	3	6	ambito	ambito	_	_	_	_	_	linguistic	_	none	_	_	_	_	_	_
3-7	BZ009	3	7	qualità,	qualità	_	_	_	_	_	linguistic	_	none	Intonation=WeaklyRising|PauseAfter=Yes	_	_	_	_	_
3-8	BZ009	3	8	(.)	(.)	_	_	_	_	_	shortpause	_	none	_	_	_	_	_	_
3-9	BZ009	3	9	ho	ho	_	_	_	_	_	linguistic	_	none	_	_	_	_	_	_
3-10	BZ009	3	10	lavorato	lavorato	_	_	_	_	_	linguistic	_	none	_	_	_	_	_	_
3-11	BZ009	3	11	con,	con	_	_	_	_	_	linguistic	_	none	Intonation=WeaklyRising	End=31.18	_	_	_	_
4-0	BZ009	4	0	diverse	diverse	_	_	_	_	_	linguistic	_	none	_	Begin=31.86	_	_	_	_
4-1	BZ009	4	1	aziende,.	aziende,.	_	_	_	_	_	error	_	none	_	_	_	_	_	_
4-2	BZ009	4	2	h	h	_	_	_	_	_	linguistic	_	none	_	End=33.26	_	_	_	_
5-0	BZ009	5	0	di	di	_	_	_	_	_	linguistic	_	none	_	Begin=33.535	_	_	_	_
5-1	BZ009	5	1	respiro	respiro	_	_	_	_	_	linguistic	_	none	_	_	_	_	_	_
5-2	BZ009	5	2	internazionale	internazionale	_	_	_	_	_	linguistic	_	none	_	_	_	_	_	_
5-3	BZ009	5	3	diciamo	diciamo	_	_	_	_	_	linguistic	_	none	_	_	_	_	_	_
5-4	BZ009	5	4	e	e	_	_	_	_	_	linguistic	_	none	_	_	_	_	_	_
5-5	BZ009	5	5	quindi,	quindi	_	_	_	_	_	linguistic	_	none	Intonation=WeaklyRising	_	_	_	_	_
5-6	BZ009	5	6	eh	eh	_	_	_	_	_	linguistic	_	none	_	_	_	_	_	_
5-7	BZ009	5	7	mi	mi	_	_	_	_	_	linguistic	_	none	_	_	_	_	_	_
5-8	BZ009	5	8	sono	sono	_	_	_	_	_	linguistic	_	none	_	_	_	_	_	_
5-9	BZ009	5	9	state	state	_	_	_	_	_	linguistic	_	none	_	_	_	_	_	_
5-10	BZ009	5	10	molto	molto	_	_	_	_	_	linguistic	_	none	_	_	_	_	_	_
5-11	BZ009	5	11	utili,	utili	_	_	_	_	_	linguistic	_	none	Intonation=WeaklyRising	End=38.175	_	_	_	_
6-0	BZ009	6	0	le	le	_	_	_	_	_	linguistic	_	none	_	Begin=38.47	_	_	_	_
6-1	BZ009	6	1	lingue	lingue	_	_	_	_	_	linguistic	_	none	_	_	_	_	_	_
6-2	BZ009	6	2	che	che	_	_	_	_	_	linguistic	_	none	_	_	_	_	_	_
6-3	BZ009	6	3	ho	ho	_	_	_	_	_	linguistic	_	none	_	_	_	_	_	_
6-4	BZ009	6	4	imparato,	imparato	_	_	_	_	_	linguistic	_	none	Intonation=WeaklyRising|PauseAfter=Yes	_	_	_	_	_
6-5	BZ009	6	5	(.)	(.)	_	_	_	_	_	shortpause	_	none	_	_	_	_	_	_
6-6	BZ009	6	6	eh	eh	_	_	_	_	_	linguistic	_	none	_	_	_	_	_	_
6-7	BZ009	6	7	nel	nel	_	_	_	_	_	linguistic	_	none	_	_	_	_	_	_
6-8	BZ009	6	8	corso,	corso	_	_	_	_	_	linguistic	_	none	Intonation=WeaklyRising|PauseAfter=Yes	_	_	_	_	_
6-9	BZ009	6	9	(.)	(.)	_	_	_	_	_	shortpause	_	none	_	_	_	_	_	_
6-10	BZ009	6	10	sia	sia	_	_	_	_	_	linguistic	_	none	_	_	_	_	_	_
6-11	BZ009	6	11	della	della	_	_	_	_	_	linguistic	_	none	_	_	_	_	_	_
6-12	BZ009	6	12	mia	mia	_	_	_	_	_	linguistic	_	none	_	_	_	_	_	_
6-13	BZ009	6	13	carriera	carriera	_	_	_	_	_	linguistic	_	none	_	_	_	_	_	_
6-14	BZ009	6	14	scolastica,	scolastica	_	_	_	_	_	linguistic	_	none	Intonation=WeaklyRising	_	_	_	_	_
6-15	BZ009	6	15	sia	sia	_	_	_	_	_	linguistic	_	none	_	_	_	_	_	_
6-16	BZ009	6	16	eh	eh	_	_	_	_	_	linguistic	_	none	_	_	_	_	_	_
6-17	BZ009	6	17	da	da	_	_	_	_	_	linguistic	_	none	_	_	_	_	_	_
6-18	BZ009	6	18	solo	solo	_	_	_	_	_	linguistic	_	none	_	_	_	_	_	_
6-19	BZ009	6	19	per	per	_	_	_	_	_	linguistic	_	none	_	_	_	_	_	_
6-20	BZ009	6	20	approfondirle.	approfondirle	_	_	_	_	_	linguistic	_	none	Intonation=Falling	End=45.78	_	_	_	_
7-0	BZ009	7	0	e,	e	_	_	_	_	_	linguistic	_	none	Intonation=WeaklyRising	Begin=46.31	_	_	_	_
7-1	BZ009	7	1	eh:	eh	_	_	_	_	_	linguistic	_	none	_	_	1x1	_	_	_
7-2	BZ009	7	2	soprattutto	soprattutto	_	_	_	_	_	linguistic	_	none	_	_	_	_	_	_
7-3	BZ009	7	3	in	in	_	_	_	_	_	linguistic	_	none	_	_	_	_	_	_
7-4	BZ009	7	4	un	un	_	_	_	_	_	linguistic	_	none	_	_	_	_	_	_
7-5	BZ009	7	5	contesto	contesto	_	_	_	_	_	linguistic	_	none	_	_	_	_	_	_
7-6	BZ009	7	6	medico	medico	_	_	_	_	_	linguistic	_	none	_	_	_	_	_	_
7-7	BZ009	7	7	clinico,	clinico	_	_	_	_	_	linguistic	_	none	Intonation=WeaklyRising	_	_	_	_	_
7-8	BZ009	7	8	eh:	eh	_	_	_	_	_	linguistic	_	none	_	_	1x1	_	_	_
7-9	BZ009	7	9	su	su	_	_	_	_	_	linguistic	_	none	_	_	_	_	_	_
7-10	BZ009	7	10	tutte	tutte	_	_	_	_	_	linguistic	_	none	_	_	_	_	_	_
7-11	BZ009	7	11	eh::	eh	_	_	_	_	_	linguistic	_	none	_	_	1x2	_	_	_
7-12	BZ009	7	12	l'	l'	_	_	_	_	_	linguistic	_	none	SpaceAfter=No	_	_	_	_	_
7-13	BZ009	7	13	inglese	inglese	_	_	_	_	_	linguistic	_	none	_	_	_	_	_	_
7-14	BZ009	7	14	[quella	quella	_	_	_	_	_	linguistic	_	none	_	_	_	_	_	0-6(0)
7-15	BZ009	7	15	che],	che	_	_	_	_	_	linguistic	_	none	Intonation=WeaklyRising	End=53.03	_	_	_	0-3(0)
8-0	BZ001	8	0	[mh],	mh	_	_	_	_	_	linguistic	_	none	Intonation=WeaklyRising	Begin=52.495|End=52.975	_	_	_	0-2(0)
9-0	BZ009	9	0	che:	che	_	_	_	_	_	linguistic	_	none	_	Begin=53.88	2x1	_	_	_
9-1	BZ009	9	1	diciamo	diciamo	_	_	_	_	_	linguistic	_	none	_	_	_	_	_	_
9-2	BZ009	9	2	mi	mi	_	_	_	_	_	linguistic	_	none	_	_	_	_	_	_
9-3	BZ009	9	3	ha	ha	_	_	_	_	_	linguistic	_	none	_	_	_	_	_	_
9-4	BZ009	9	4	aiutato	aiutato	_	_	_	_	_	linguistic	_	none	_	_	_	_	_	_
9-5	BZ009	9	5	maggiormente,	maggiormente	_	_	_	_	_	linguistic	_	none	Intonation=WeaklyRising	End=56.71	_	_	_	_
10-0	BZ009	10	0	eh:	eh	_	_	_	_	_	linguistic	_	none	_	Begin=57.32	1x1	_	_	_
10-1	BZ009	10	1	nella,	nella	_	_	_	_	_	linguistic	_	none	Intonation=WeaklyRising	_	_	_	_	_
10-2	BZ009	10	2	durante	durante	_	_	_	_	_	linguistic	_	none	_	_	_	_	_	_
10-3	BZ009	10	3	la	la	_	_	_	_	_	linguistic	_	none	_	_	_	_	_	_
10-4	BZ009	10	4	mia	mia	_	_	_	_	_	linguistic	_	none	_	_	_	_	_	_
10-5	BZ009	10	5	carriera.	carriera	_	_	_	_	_	linguistic	_	none	Intonation=Falling	End=59.47	_	_	_	_
11-0	BZ009	11	0	eh::	eh	_	_	_	_	_	linguistic	_	none	_	Begin=60.43	1x2	_	_	_
11-1	BZ009	11	1	nel	nel	_	_	_	_	_	linguistic	_	none	_	_	_	_	_	_
11-2	BZ009	11	2	<recente	recente	_	_	_	_	_	linguistic	_	none	_	_	_	Slow=0-7(0)	_	_
11-3	BZ009	11	3	passato>	passato	_	_	_	_	_	linguistic	_	none	_	_	_	Slow=0-7(0)	_	_
11-4	BZ009	11	4	ho	ho	_	_	_	_	_	linguistic	_	none	_	_	_	_	_	_
11-5	BZ009	11	5	lavorato	lavorato	_	_	_	_	_	linguistic	_	none	_	_	_	_	_	_
11-6	BZ009	11	6	per	per	_	_	_	_	_	linguistic	_	none	_	_	_	_	_	_
11-7	BZ009	11	7	un'	un'	_	_	_	_	_	linguistic	_	none	SpaceAfter=No	_	_	_	_	_
11-8	BZ009	11	8	azienda	azienda	_	_	_	_	_	linguistic	_	none	_	_	_	_	_	_
11-9	BZ009	11	9	di	di	_	_	_	_	_	linguistic	_	none	_	_	_	_	_	_
11-10	BZ009	11	10	madrelingua	madrelingua	_	_	_	_	_	linguistic	_	none	_	_	_	_	_	_
11-11	BZ009	11	11	tedesca,	tedesca	_	_	_	_	_	linguistic	_	none	Intonation=WeaklyRising|PauseAfter=Yes	_	_	_	_	_
11-12	BZ009	11	12	(.)	(.)	_	_	_	_	_	shortpause	_	none	_	_	_	_	_	_
11-13	BZ009	11	13	e	e	_	_	_	_	_	linguistic	_	none	_	_	_	_	_	_
11-14	BZ009	11	14	quindi	quindi	_	_	_	_	_	linguistic	_	none	_	_	_	_	_	_
11-15	BZ009	11	15	ho	ho	_	_	_	_	_	linguistic	_	none	_	_	_	_	_	_
11-16	BZ009	11	16	avuto	avuto	_	_	_	_	_	linguistic	_	none	_	_	_	_	_	_
11-17	BZ009	11	17	modo	modo	_	_	_	_	_	linguistic	_	none	_	_	_	_	_	_
11-18	BZ009	11	18	di	di	_	_	_	_	_	linguistic	_	none	_	_	_	_	_	_
11-19	BZ009	11	19	riprendere	riprendere	_	_	_	_	_	linguistic	_	none	_	_	_	_	_	_
11-20	BZ009	11	20	una,	una	_	_	_	_	_	linguistic	_	none	Intonation=WeaklyRising|PauseAfter=Yes	_	_	_	_	_
11-21	BZ009	11	21	(.)	(.)	_	_	_	_	_	shortpause	_	none	_	_	_	_	_	_
11-22	BZ009	11	22	lingua	lingua	_	_	_	_	_	linguistic	_	none	_	_	_	_	_	_
11-23	BZ009	11	23	che	che	_	_	_	_	_	linguistic	_	none	_	_	_	_	_	_
11-24	BZ009	11	24	parlo	parlo	_	_	_	_	_	linguistic	_	none	_	_	_	_	_	_
11-25	BZ009	11	25	correntemente	correntemente	_	_	_	_	_	linguistic	_	none	_	_	_	_	_	_
11-26	BZ009	11	26	ma	ma	_	_	_	_	_	linguistic	_	none	_	_	_	_	_	_
11-27	BZ009	11	27	che,	che	_	_	_	_	_	linguistic	_	none	Intonation=WeaklyRising	End=72.62	_	_	_	_
12-0	BZ009	12	0	eh::	eh	_	_	_	_	_	linguistic	_	none	_	Begin=72.89	1x2	_	_	_
12-1	BZ009	12	1	avevo	avevo	_	_	_	_	_	linguistic	_	none	_	_	_	_	_	_
12-2	BZ009	12	2	un	un	_	_	_	_	_	linguistic	_	none	_	_	_	_	_	_
12-3	BZ009	12	3	attimo	attimo	_	_	_	_	_	linguistic	_	none	_	_	_	_	_	_
12-4	BZ009	12	4	lasciato	lasciato	_	_	_	_	_	linguistic	_	none	_	_	_	_	_	_
12-5	BZ009	12	5	nel	nel	_	_	_	_	_	linguistic	_	none	_	_	_	_	_	_
12-6	BZ009	12	6	cassetto	cassetto	_	_	_	_	_	linguistic	_	none	_	_	_	_	_	_
12-7	BZ009	12	7	per	per	_	_	_	_	_	linguistic	_	none	_	_	_	_	_	_
12-8	BZ009	12	8	altre	altre	_	_	_	_	_	linguistic	_	none	_	_	_	_	_	_
12-9	BZ009	12	9	esigenze,	esigenze	_	_	_	_	_	linguistic	_	none	Intonation=WeaklyRising	_	_	_	_	_
12-10	BZ009	12	10	ovvero	ovvero	_	_	_	_	_	linguistic	_	none	_	_	_	_	_	_
12-11	BZ009	12	11	il	il	_	_	_	_	_	linguistic	_	none	_	_	_	_	_	_
12-12	BZ009	12	12	tedesco,	tedesco	_	_	_	_	_	linguistic	_	none	Intonation=WeaklyRising	_	_	_	_	_
12-13	BZ009	12	13	chiaramente,	chiaramente	_	_	_	_	_	linguistic	_	none	Intonation=WeaklyRising	End=78.37	_	_	_	_
13-0	BZ009	13	0	eh::	eh	_	_	_	_	_	linguistic	_	none	_	Begin=78.805	1x2	_	_	_
13-1	BZ009	13	1	imparata	imparata	_	_	_	_	_	linguistic	_	none	_	_	_	_	_	_
13-2	BZ009	13	2	alle,	alle	_	_	_	_	_	linguistic	_	none	Intonation=WeaklyRising	End=81.295	_	_	_	_
14-0	BZ009	14	0	eh	eh	_	_	_	_	_	linguistic	_	none	_	Begin=81.855	_	_	_	_
14-1	BZ009	14	1	durante	durante	_	_	_	_	_	linguistic	_	none	_	_	_	_	_	_
14-2	BZ009	14	2	la	la	_	_	_	_	_	linguistic	_	none	_	_	_	_	_	_
14-3	BZ009	14	3	carriera	carriera	_	_	_	_	_	linguistic	_	none	_	_	_	_	_	_
14-4	BZ009	14	4	scolastica,	scolastica	_	_	_	_	_	linguistic	_	none	Intonation=WeaklyRising|PauseAfter=Yes	_	_	_	_	_
14-5	BZ009	14	5	(.)	(.)	_	_	_	_	_	shortpause	_	none	_	_	_	_	_	_
14-6	BZ009	14	6	e	e	_	_	_	_	_	linguistic	_	none	_	_	_	_	_	_
14-7	BZ009	14	7	che,	che	_	_	_	_	_	linguistic	_	none	Intonation=WeaklyRising|PauseAfter=Yes	_	_	_	_	_
14-8	BZ009	14	8	(.)	(.)	_	_	_	_	_	shortpause	_	none	_	_	_	_	_	_
14-9	BZ009	14	9	eh:	eh	_	_	_	_	_	linguistic	_	none	_	_	1x1	_	_	_
14-10	BZ009	14	10	però	però	_	_	_	_	_	linguistic	_	none	_	_	_	_	_	_
14-11	BZ009	14	11	mai	mai	_	_	_	_	_	linguistic	_	none	_	_	_	_	_	_
14-12	BZ009	14	12	dimenticata	dimenticata	_	_	_	_	_	linguistic	_	none	_	_	_	_	_	_
14-13	BZ009	14	13	e	e	_	_	_	_	_	linguistic	_	none	_	_	_	_	_	_
14-14	BZ009	14	14	mai	mai	_	_	_	_	_	linguistic	_	none	_	_	_	_	_	_
14-15	BZ009	14	15	accantonata,	accantonata	_	_	_	_	_	linguistic	_	none	Intonation=WeaklyRising	_	_	_	_	_
14-16	BZ009	14	16	e	e	_	_	_	_	_	linguistic	_	none	_	_	_	_	_	_
14-17	BZ009	14	17	che	che	_	_	_	_	_	linguistic	_	none	_	_	_	_	_	_
14-18	BZ009	14	18	mi	mi	_	_	_	_	_	linguistic	_	none	_	_	_	_	_	_
14-19	BZ009	14	19	ha	ha	_	_	_	_	_	linguistic	_	none	_	_	_	_	_	_
14-20	BZ009	14	20	aiutato	aiutato	_	_	_	_	_	linguistic	_	none	_	_	_	_	_	_
14-21	BZ009	14	21	molto	molto	_	_	_	_	_	linguistic	_	none	_	_	_	_	_	_
14-22	BZ009	14	22	perché	perché	_	_	_	_	_	linguistic	_	none	_	_	_	_	_	_
14-23	BZ009	14	23	chiaramente,	chiaramente	_	_	_	_	_	linguistic	_	none	Intonation=WeaklyRising	End=90.975	_	_	_	_
15-0	BZ009	15	0	eh:	eh	_	_	_	_	_	linguistic	_	none	_	Begin=91.3	1x1	_	_	_
15-1	BZ009	15	1	in	in	_	_	_	_	_	linguistic	_	none	_	_	_	_	_	_
15-2	BZ009	15	2	un'	un'	_	_	_	_	_	linguistic	_	none	SpaceAfter=No	_	_	_	_	_
15-3	BZ009	15	3	azienda	azienda	_	_	_	_	_	linguistic	_	none	_	_	_	_	_	_
15-4	BZ009	15	4	di	di	_	_	_	_	_	linguistic	_	none	_	_	_	_	_	_
15-5	BZ009	15	5	centosessanta	centosessanta	_	_	_	_	_	linguistic	_	none	_	_	_	_	_	_
15-6	BZ009	15	6	dipendenti	dipendenti	_	_	_	_	_	linguistic	_	none	_	_	_	_	_	_
15-7	BZ009	15	7	eravamo	eravamo	_	_	_	_	_	linguistic	_	none	_	_	_	_	_	_
15-8	BZ009	15	8	solo	solo	_	_	_	_	_	linguistic	_	none	_	_	_	_	_	_
15-9	BZ009	15	9	quattro	quattro	_	_	_	_	_	linguistic	_	none	_	_	_	_	_	_
15-10	BZ009	15	10	italiani,	italiani	_	_	_	_	_	linguistic	_	none	Intonation=WeaklyRising	End=95.67	_	_	_	_
16-0	BZ001	16	0	mh	mh	_	_	_	_	_	linguistic	_	none	ProsodicLink=Yes	Begin=95.68	_	_	_	_
16-1	BZ001	16	1	mh,	mh	_	_	_	_	_	linguistic	_	none	Intonation=WeaklyRising	End=96.05	_	_	_	_
17-0	BZ009	17	0	>di	di	_	_	_	_	_	linguistic	_	none	_	Begin=96.06	_	Fast=0-2(0)	_	_
17-1	BZ009	17	1	madrelingua	madrelingua	_	_	_	_	_	linguistic	_	none	_	_	_	Fast=0-11(0)	_	_
17-2	BZ009	17	2	italiana<	italiana	_	_	_	_	_	linguistic	_	none	_	_	_	Fast=0-8(0)	_	_
17-3	BZ009	17	3	quindi	quindi	_	_	_	_	_	linguistic	_	none	_	_	_	_	_	_
17-4	BZ009	17	4	il	il	_	_	_	_	_	linguistic	_	none	_	_	_	_	_	_
17-5	BZ009	17	5	tedesco,	tedesco	_	_	_	_	_	linguistic	_	none	Intonation=WeaklyRising	End=98.31	_	_	_	_
18-0	BZ009	18	0	eh:	eh	_	_	_	_	_	linguistic	_	none	_	Begin=98.67	1x1	_	_	_
18-1	BZ009	18	1	le	le	_	_	_	_	_	linguistic	_	none	_	_	_	_	_	_
18-2	BZ009	18	2	reminiscenze	reminiscenze	_	_	_	_	_	linguistic	_	none	_	_	_	_	_	_
18-3	BZ009	18	3	scolastiche	scolastiche	_	_	_	_	_	linguistic	_	none	_	_	_	_	_	_
18-4	BZ009	18	4	ecco	ecco	_	_	_	_	_	linguistic	_	none	_	_	_	_	_	_
18-5	BZ009	18	5	mi	mi	_	_	_	_	_	linguistic	_	none	_	_	_	_	_	_
18-6	BZ009	18	6	sono	sono	_	_	_	_	_	linguistic	_	none	_	_	_	_	_	_
18-7	BZ009	18	7	state	state	_	_	_	_	_	linguistic	_	none	_	_	_	_	_	_
18-8	BZ009	18	8	molto	molto	_	_	_	_	_	linguistic	_	none	_	_	_	_	_	_
18-9	BZ009	18	9	utili.	utili	_	_	_	_	_	linguistic	_	none	Intonation=Falling	End=101.82	_	_	_	_
19-0	BZ009	19	0	la	la	_	_	_	_	_	linguistic	_	none	_	Begin=102.79	_	_	_	_
19-1	BZ009	19	1	mia	mia	_	_	_	_	_	linguistic	_	none	_	_	_	_	_	_
19-2	BZ009	19	2	lingua	lingua	_	_	_	_	_	linguistic	_	none	_	_	_	_	_	_
19-3	BZ009	19	3	madre	madre	_	_	_	_	_	linguistic	_	none	_	_	_	_	_	_
19-4	BZ009	19	4	chiaramente	chiaramente	_	_	_	_	_	linguistic	_	none	_	_	_	_	_	_
19-5	BZ009	19	5	è	è	_	_	_	_	_	linguistic	_	none	_	_	_	_	_	_
19-6	BZ009	19	6	l'	l'	_	_	_	_	_	linguistic	_	none	SpaceAfter=No	_	_	_	_	_
19-7	BZ009	19	7	italiano,	italiano	_	_	_	_	_	linguistic	_	none	Intonation=WeaklyRising	_	_	_	_	_
19-8	BZ009	19	8	<e	e	_	_	_	_	_	linguistic	_	none	_	_	_	Slow=0-1(0)	_	_
19-9	BZ009	19	9	nel	nel	_	_	_	_	_	linguistic	_	none	_	_	_	Slow=0-3(0)	_	_
19-10	BZ009	19	10	corso	corso	_	_	_	_	_	linguistic	_	none	_	_	_	Slow=0-5(0)	_	_
19-11	BZ009	19	11	sempre	sempre	_	_	_	_	_	linguistic	_	none	_	_	_	Slow=0-6(0)	_	_
19-12	BZ009	19	12	degli	degli	_	_	_	_	_	linguistic	_	none	_	_	_	Slow=0-5(0)	_	_
19-13	BZ009	19	13	anni	anni	_	_	_	_	_	linguistic	_	none	_	_	_	Slow=0-4(0)	_	_
19-14	BZ009	19	14	ho	ho	_	_	_	_	_	linguistic	_	none	_	_	_	Slow=0-2(0)	_	_
19-15	BZ009	19	15	approcciato	approcciato	_	_	_	_	_	linguistic	_	none	_	_	_	Slow=0-11(0)	_	_
19-16	BZ009	19	16	il	il	_	_	_	_	_	linguistic	_	none	_	_	_	Slow=0-2(0)	_	_
19-17	BZ009	19	17	francese>,	francese	_	_	_	_	_	linguistic	_	none	Intonation=WeaklyRising	End=109.78	_	Slow=0-8(0)	_	_
20-0	BZ009	20	0	questo	questo	_	_	_	_	_	linguistic	_	none	_	Begin=110.23	_	_	_	_
20-1	BZ009	20	1	perché	perché	_	_	_	_	_	linguistic	_	none	_	_	_	_	_	_
20-2	BZ009	20	2	il:	il	_	_	_	_	_	linguistic	_	none	_	_	1x1	_	_	_
20-3	BZ009	20	3	il	il	_	_	_	_	_	linguistic	_	none	_	_	_	_	_	_
20-4	BZ009	20	4	titolare	titolare	_	_	_	_	_	linguistic	_	none	_	_	_	_	_	_
20-5	BZ009	20	5	della,	della	_	_	_	_	_	linguistic	_	none	Intonation=WeaklyRising	_	_	_	_	_
20-6	BZ009	20	6	>il	il	_	_	_	_	_	linguistic	_	none	_	_	_	Fast=0-2(0)	_	_
20-7	BZ009	20	7	titolare<.	titolare	_	_	_	_	_	linguistic	_	none	Intonation=Falling	_	_	Fast=0-8(0)	_	_
20-8	BZ009	20	8	il	il	_	_	_	_	_	linguistic	_	none	_	_	_	_	_	_
20-9	BZ009	20	9	direttore	direttore	_	_	_	_	_	linguistic	_	none	_	_	_	_	_	_
20-10	BZ009	20	10	generale	generale	_	_	_	_	_	linguistic	_	none	_	_	_	_	_	_
20-11	BZ009	20	11	di	di	_	_	_	_	_	linguistic	_	none	_	_	_	_	_	_
20-12	BZ009	20	12	una	una	_	_	_	_	_	linguistic	_	none	_	_	_	_	_	_
20-13	BZ009	20	13	delle	delle	_	_	_	_	_	linguistic	_	none	_	_	_	_	_	_
20-14	BZ009	20	14	aziende,	aziende	_	_	_	_	_	linguistic	_	none	Intonation=WeaklyRising	_	_	_	_	_
20-15	BZ009	20	15	era	era	_	_	_	_	_	linguistic	_	none	_	_	_	_	_	_
20-16	BZ009	20	16	francese,	francese	_	_	_	_	_	linguistic	_	none	Intonation=WeaklyRising	End=117.22	_	_	_	_
21-0	BZ009	21	0	e	e	_	_	_	_	_	linguistic	_	none	_	Begin=117.75	_	_	_	_
21-1	BZ009	21	1	aveva	aveva	_	_	_	_	_	linguistic	_	none	_	_	_	_	_	_
21-2	BZ009	21	2	diciamo	diciamo	_	_	_	_	_	linguistic	_	none	_	_	_	_	_	_
21-3	BZ009	21	3	esigenze	esigenze	_	_	_	_	_	linguistic	_	none	_	_	_	_	_	_
21-4	BZ009	21	4	particolari	particolari	_	_	_	_	_	linguistic	_	none	_	_	_	_	_	_
21-5	BZ009	21	5	ovvero	ovvero	_	_	_	_	_	linguistic	_	none	_	_	_	_	_	_
21-6	BZ009	21	6	era	era	_	_	_	_	_	linguistic	_	none	_	_	_	_	_	_
21-7	BZ009	21	7	tutta	tutta	_	_	_	_	_	linguistic	_	none	_	_	_	_	_	_
21-8	BZ009	21	8	l'	l'	_	_	_	_	_	linguistic	_	none	SpaceAfter=No	_	_	_	_	_
21-9	BZ009	21	9	azienda	azienda	_	_	_	_	_	linguistic	_	none	_	_	_	_	_	_
21-10	BZ009	21	10	che	che	_	_	_	_	_	linguistic	_	none	_	_	_	_	_	_
21-11	BZ009	21	11	doveva	doveva	_	_	_	_	_	linguistic	_	none	_	_	_	_	_	_
21-12	BZ009	21	12	adattarsi	adattarsi	_	_	_	_	_	linguistic	_	none	_	_	_	_	_	_
21-13	BZ009	21	13	al	al	_	_	_	_	_	linguistic	_	none	_	_	_	_	_	_
21-14	BZ009	21	14	suo	suo	_	_	_	_	_	linguistic	_	none	_	_	_	_	_	_
21-15	BZ009	21	15	modo	modo	_	_	_	_	_	linguistic	_	none	_	_	_	_	_	_
21-16	BZ009	21	16	di	di	_	_	_	_	_	linguistic	_	none	_	_	_	_	_	_
21-17	BZ009	21	17	parlare	parlare	_	_	_	_	_	linguistic	_	none	_	_	_	_	_	_
21-18	BZ009	21	18	quindi,	quindi	_	_	_	_	_	linguistic	_	none	Intonation=WeaklyRising	End=124.66	_	_	_	_
22-0	BZ009	22	0	è	è	_	_	_	_	_	linguistic	_	none	_	Begin=125.09	_	_	_	_
22-1	BZ009	22	1	più	più	_	_	_	_	_	linguistic	_	none	_	_	_	_	_	_
22-2	BZ009	22	2	un	un	_	_	_	_	_	linguistic	_	none	_	_	_	_	_	_
22-3	BZ009	22	3	francese	francese	_	_	_	_	_	linguistic	_	none	_	_	_	_	_	_
22-4	BZ009	22	4	italianizzato	italianizzato	_	_	_	_	_	linguistic	_	none	_	_	_	_	_	_
22-5	BZ009	22	5	ecco.	ecco	_	_	_	_	_	linguistic	_	none	Intonation=Falling	_	_	_	_	_
22-6	BZ009	22	6	però,	però	_	_	_	_	_	linguistic	_	none	Intonation=WeaklyRising	End=128.04	_	_	_	_
23-0	BZ009	23	0	un	un	_	_	_	_	_	linguistic	_	none	_	Begin=128.445	_	_	_	_
23-1	BZ009	23	1	italiano	italiano	_	_	_	_	_	linguistic	_	none	_	_	_	_	_	_
23-2	BZ009	23	2	francesizzato,	francesizzato	_	_	_	_	_	linguistic	_	none	Intonation=WeaklyRising	End=130.425	_	_	_	_
24-0	BZ009	24	0	però::	però	_	_	_	_	_	linguistic	_	none	_	Begin=130.82	3x2	_	_	_
24-1	BZ009	24	1	posso	posso	_	_	_	_	_	linguistic	_	none	_	_	_	_	_	_
24-2	BZ009	24	2	dire	dire	_	_	_	_	_	linguistic	_	none	_	_	_	_	_	_
24-3	BZ009	24	3	di::	di	_	_	_	_	_	linguistic	_	none	_	_	1x2	_	_	_
24-4	BZ009	24	4	masticarlo	masticarlo	_	_	_	_	_	linguistic	_	none	_	_	_	_	_	_
24-5	BZ009	24	5	un	un	_	_	_	_	_	linguistic	_	none	_	_	_	_	_	_
24-6	BZ009	24	6	pochino.	pochino	_	_	_	_	_	linguistic	_	none	Intonation=Falling	End=135.18	_	_	_	_
25-0	BZ001	25	0	mh	mh	_	_	_	_	_	linguistic	_	none	ProsodicLink=Yes	Begin=135.24	_	_	_	_
25-1	BZ001	25	1	mh.	mh	_	_	_	_	_	linguistic	_	none	Intonation=Falling	End=135.72	_	_	_	_
26-0	BZ001	26	0	quindi	quindi	_	_	_	_	_	linguistic	_	none	_	Begin=136.075	_	_	_	_
26-1	BZ001	26	1	tornando	tornando	_	_	_	_	_	linguistic	_	none	_	_	_	_	_	_
26-2	BZ001	26	2	diciamo	diciamo	_	_	_	_	_	linguistic	_	none	_	_	_	_	_	_
26-3	BZ001	26	3	al-	al-	_	_	_	_	_	linguistic	_	none	Interrupted=Yes	_	_	_	_	_
26-4	BZ001	26	4	all'	all'	_	_	_	_	_	linguistic	_	none	SpaceAfter=No	_	_	_	_	_
26-5	BZ001	26	5	inizio,	inizio	_	_	_	_	_	linguistic	_	none	Intonation=WeaklyRising	_	_	_	_	_
26-6	BZ001	26	6	tu	tu	_	_	_	_	_	linguistic	_	none	_	_	_	_	_	_
26-7	BZ001	26	7	vieni	vieni	_	_	_	_	_	linguistic	_	none	_	_	_	_	_	_
26-8	BZ001	26	8	da	da	_	_	_	_	_	linguistic	_	none	_	_	_	_	_	_
26-9	BZ001	26	9	una	una	_	_	_	_	_	linguistic	_	none	_	_	_	_	_	_
26-10	BZ001	26	10	famiglia	famiglia	_	_	_	_	_	linguistic	_	none	_	_	_	_	_	_
26-11	BZ001	26	11	di	di	_	_	_	_	_	linguistic	_	none	_	_	_	_	_	_
26-12	BZ001	26	12	lingua,	lingua	_	_	_	_	_	linguistic	_	none	Intonation=WeaklyRising	End=139.93	_	_	_	_
27-0	BZ009	27	0	madrelingua	madrelingua	_	_	_	_	_	linguistic	_	none	_	Begin=139.965	_	_	_	_
27-1	BZ009	27	1	italiana.	italiana	_	_	_	_	_	linguistic	_	none	Intonation=Falling	End=141.1575	_	_	_	_
28-0	BZ001	28	0	tutti,	tutti	_	_	_	_	_	linguistic	_	none	Intonation=WeaklyRising	Begin=141.1575	_	_	_	_
28-1	BZ001	28	1	tutti	tutti	_	_	_	_	_	linguistic	_	none	_	_	_	_	_	_
28-2	BZ001	28	2	i	i	_	_	_	_	_	linguistic	_	none	_	_	_	_	_	_
28-3	BZ001	28	3	tuoi	tuoi	_	_	_	_	_	linguistic	_	none	_	_	_	_	_	_
28-4	BZ001	28	4	familiari?	familiari	_	_	_	_	_	linguistic	_	none	Intonation=Rising	End=142.45499999999998	_	_	_	_
29-0	BZ009	29	0	sì.	sì	_	_	_	_	_	linguistic	_	none	Intonation=Falling	Begin=142.45499999999998|End=142.84	_	_	_	_
30-0	BZ001	30	0	[e	e	_	_	_	_	_	linguistic	_	none	_	Begin=143.36	_	_	_	0-1(1)
30-1	BZ001	30	1	scuole]?	scuole	_	_	_	_	_	linguistic	_	none	Intonation=Rising	End=144.32	_	_	_	0-6(1)
31-0	BZ009	31	0	[eh::]	eh	_	_	_	_	_	linguistic	_	none	_	Begin=143.515|End=143.955	1x2	_	_	0-2(1)
32-0	BZ009	32	0	scuole	scuole	_	_	_	_	_	linguistic	_	none	_	Begin=144.82	_	_	_	_
32-1	BZ009	32	1	in	in	_	_	_	_	_	linguistic	_	none	_	_	_	_	_	_
32-2	BZ009	32	2	italiane,	italiane	_	_	_	_	_	linguistic	_	none	Intonation=WeaklyRising	End=146.06	_	_	_	_
33-0	BZ001	33	0	mh	mh	_	_	_	_	_	linguistic	_	none	ProsodicLink=Yes	Begin=146.075	_	_	_	_
33-1	BZ001	33	1	mh.	mh	_	_	_	_	_	linguistic	_	none	Intonation=Falling	End=146.5725	_	_	_	_
34-0	BZ009	34	0	ma	ma	_	_	_	_	_	linguistic	_	none	_	Begin=146.5725	_	_	_	_
34-1	BZ009	34	1	eh:	eh	_	_	_	_	_	linguistic	_	none	_	_	1x1	_	_	_
34-2	BZ009	34	2	i	i	_	_	_	_	_	linguistic	_	none	_	_	_	_	_	_
34-3	BZ009	34	3	miei	miei	_	_	_	_	_	linguistic	_	none	_	_	_	_	_	_
34-4	BZ009	34	4	genitori	genitori	_	_	_	_	_	linguistic	_	none	_	_	_	_	_	_
34-5	BZ009	34	5	non	non	_	_	_	_	_	linguistic	_	none	_	_	_	_	_	_
34-6	BZ009	34	6	parlando	parlando	_	_	_	_	_	linguistic	_	none	_	_	_	_	_	_
34-7	BZ009	34	7	n::ulla	nulla	_	_	_	_	_	linguistic	_	none	_	_	0x2	_	_	_
34-8	BZ009	34	8	di	di	_	_	_	_	_	linguistic	_	none	_	_	_	_	_	_
34-9	BZ009	34	9	tedesco,	tedesco	_	_	_	_	_	linguistic	_	none	Intonation=WeaklyRising	End=151.53	_	_	_	_
35-0	BZ009	35	0	eh:	eh	_	_	_	_	_	linguistic	_	none	_	Begin=151.785	1x1	_	_	_
35-1	BZ009	35	1	hanno	hanno	_	_	_	_	_	linguistic	_	none	_	_	_	_	_	_
35-2	BZ009	35	2	deciso	deciso	_	_	_	_	_	linguistic	_	none	_	_	_	_	_	_
35-3	BZ009	35	3	di	di	_	_	_	_	_	linguistic	_	none	_	_	_	_	_	_
35-4	BZ009	35	4	mandarmi	mandarmi	_	_	_	_	_	linguistic	_	none	_	_	_	_	_	_
35-5	BZ009	35	5	in	in	_	_	_	_	_	linguistic	_	none	_	_	_	_	_	_
35-6	BZ009	35	6	collegio,	collegio	_	_	_	_	_	linguistic	_	none	Intonation=WeaklyRising	_	_	_	_	_
35-7	BZ009	35	7	perché,	perché	_	_	_	_	_	linguistic	_	none	Intonation=WeaklyRising|PauseAfter=Yes	_	_	_	_	_
35-8	BZ009	35	8	(.)	(.)	_	_	_	_	_	shortpause	_	none	_	_	_	_	_	_
35-9	BZ009	35	9	eh:	eh	_	_	_	_	_	linguistic	_	none	_	_	1x1	_	_	_
35-10	BZ009	35	10	c'	c'	_	_	_	_	_	linguistic	_	none	SpaceAfter=No	_	_	_	_	_
35-11	BZ009	35	11	era	era	_	_	_	_	_	linguistic	_	none	_	_	_	_	_	_
35-12	BZ009	35	12	un	un	_	_	_	_	_	linguistic	_	none	_	_	_	_	_	_
35-13	BZ009	35	13	programma	programma	_	_	_	_	_	linguistic	_	none	_	_	_	_	_	_
35-14	BZ009	35	14	chiamato	chiamato	_	_	_	_	_	linguistic	_	none	_	_	_	_	_	_
35-15	BZ009	35	15	immersione,	immersione	_	_	_	_	_	linguistic	_	none	Intonation=WeaklyRising	End=158.6375	_	_	_	_
36-0	BZ001	36	0	mh	mh	_	_	_	_	_	linguistic	_	none	ProsodicLink=Yes	Begin=158.6375	_	_	_	_
36-1	BZ001	36	1	mh,	mh	_	_	_	_	_	linguistic	_	none	Intonation=WeaklyRising	End=159.095	_	_	_	_
37-0	BZ009	37	0	dove	dove	_	_	_	_	_	linguistic	_	none	_	Begin=159.445	_	_	_	_
37-1	BZ009	37	1	venivano	venivano	_	_	_	_	_	linguistic	_	none	_	_	_	_	_	_
37-2	BZ009	37	2	affrontate	affrontate	_	_	_	_	_	linguistic	_	none	_	_	_	_	_	_
37-3	BZ009	37	3	oltre	oltre	_	_	_	_	_	linguistic	_	none	_	_	_	_	_	_
37-4	BZ009	37	4	le	le	_	_	_	_	_	linguistic	_	none	_	_	_	_	_	_
37-5	BZ009	37	5	solite	solite	_	_	_	_	_	linguistic	_	none	_	_	_	_	_	_
37-6	BZ009	37	6	ore	ore	_	_	_	_	_	linguistic	_	none	_	_	_	_	_	_
37-7	BZ009	37	7	eh:	eh	_	_	_	_	_	linguistic	_	none	_	_	1x1	_	_	_
37-8	BZ009	37	8	>preimpostate	preimpostate	_	_	_	_	_	linguistic	_	none	_	_	_	Fast=0-12(0)	_	_
37-9	BZ009	37	9	di	di	_	_	_	_	_	linguistic	_	none	_	_	_	Fast=0-2(0)	_	_
37-10	BZ009	37	10	tedesco<,	tedesco	_	_	_	_	_	linguistic	_	none	Intonation=WeaklyRising	_	_	Fast=0-7(0)	_	_
37-11	BZ009	37	11	anche	anche	_	_	_	_	_	linguistic	_	none	_	_	_	_	_	_
37-12	BZ009	37	12	determinate	determinate	_	_	_	_	_	linguistic	_	none	_	_	_	_	_	_
37-13	BZ009	37	13	materie	materie	_	_	_	_	_	linguistic	_	none	_	_	_	_	_	_
37-14	BZ009	37	14	unicamente	unicamente	_	_	_	_	_	linguistic	_	none	_	_	_	_	_	_
37-15	BZ009	37	15	in	in	_	_	_	_	_	linguistic	_	none	_	_	_	_	_	_
37-16	BZ009	37	16	tedesco.	tedesco	_	_	_	_	_	linguistic	_	none	Intonation=Falling	End=167.375	_	_	_	_
38-0	BZ009	38	0	quindi	quindi	_	_	_	_	_	linguistic	_	none	_	Begin=168.19	_	_	_	_
38-1	BZ009	38	1	all'	all'	_	_	_	_	_	linguistic	_	none	SpaceAfter=No	_	_	_	_	_
38-2	BZ009	38	2	epoca	epoca	_	_	_	_	_	linguistic	_	none	_	_	_	_	_	_
38-3	BZ009	38	3	non	non	_	_	_	_	_	linguistic	_	none	_	_	_	_	_	_
38-4	BZ009	38	4	era	era	_	_	_	_	_	linguistic	_	none	_	_	_	_	_	_
38-5	BZ009	38	5	ancora	ancora	_	_	_	_	_	linguistic	_	none	_	_	_	_	_	_
38-6	BZ009	38	6	possibile	possibile	_	_	_	_	_	linguistic	_	none	_	_	_	_	_	_
38-7	BZ009	38	7	iscrivere	iscrivere	_	_	_	_	_	linguistic	_	none	_	_	_	_	_	_
38-8	BZ009	38	8	un	un	_	_	_	_	_	linguistic	_	none	_	_	_	_	_	_
38-9	BZ009	38	9	bambino	bambino	_	_	_	_	_	linguistic	_	none	_	_	_	_	_	_
38-10	BZ009	38	10	di	di	_	_	_	_	_	linguistic	_	none	_	_	_	_	_	_
38-11	BZ009	38	11	madrelingua	madrelingua	_	_	_	_	_	linguistic	_	none	_	_	_	_	_	_
38-12	BZ009	38	12	italiana	italiana	_	_	_	_	_	linguistic	_	none	_	_	_	_	_	_
38-13	BZ009	38	13	alla	alla	_	_	_	_	_	linguistic	_	none	_	_	_	_	_	_
38-14	BZ009	38	14	scuola	scuola	_	_	_	_	_	linguistic	_	none	_	_	_	_	_	_
38-15	BZ009	38	15	>di	di	_	_	_	_	_	linguistic	_	none	_	_	_	Fast=0-2(0)	_	_
38-16	BZ009	38	16	madrel[ingua	madrelingua	_	_	_	_	_	linguistic	_	none	_	_	_	Fast=0-11(0)	_	5-11(2)
38-17	BZ009	38	17	tedesca]	tedesca	_	_	_	_	_	linguistic	_	none	_	_	_	Fast=0-7(0)	_	0-7(2)
38-18	BZ009	38	18	e	e	_	_	_	_	_	linguistic	_	none	_	_	_	Fast=0-1(0)	_	_
38-19	BZ009	38	19	viceversa<,	viceversa	_	_	_	_	_	linguistic	_	none	Intonation=WeaklyRising	End=174.85	_	Fast=0-9(0)	_	_
39-0	BZ001	39	0	[ah	ah	_	_	_	_	_	linguistic	_	none	_	Begin=173.425	_	_	_	0-2(2)
39-1	BZ001	39	1	okay].	okay	_	_	_	_	_	linguistic	_	none	Intonation=Falling	End=173.945	_	_	_	0-4(2)
40-0	BZ009	40	0	questa	questa	_	_	_	_	_	linguistic	_	none	_	Begin=175.13	_	_	_	_
40-1	BZ009	40	1	era	era	_	_	_	_	_	linguistic	_	none	_	_	_	_	_	_
40-2	BZ009	40	2	la	la	_	_	_	_	_	linguistic	_	none	_	_	_	_	_	_
40-3	BZ009	40	3	soluzione.	soluzione	_	_	_	_	_	linguistic	_	none	Intonation=Falling	End=176.91	_	_	_	_
41-0	BZ009	41	0	eh:	eh	_	_	_	_	_	linguistic	_	none	_	Begin=177.425	1x1	_	_	_
41-1	BZ009	41	1	più,	più	_	_	_	_	_	linguistic	_	none	Intonation=WeaklyRising	End=178.665	_	_	_	_
42-0	BZ009	42	0	>diciamo	diciamo	_	_	_	_	_	linguistic	_	none	_	Begin=179.15	_	Fast=0-7(0)	_	_
42-1	BZ009	42	1	la	la	_	_	_	_	_	linguistic	_	none	_	_	_	Fast=0-2(0)	_	_
42-2	BZ009	42	2	la	la	_	_	_	_	_	linguistic	_	none	_	_	_	Fast=0-2(0)	_	_
42-3	BZ009	42	3	soluzione	soluzione	_	_	_	_	_	linguistic	_	none	_	_	_	Fast=0-9(0)	_	_
42-4	BZ009	42	4	papabile<	papabile	_	_	_	_	_	linguistic	_	none	_	_	_	Fast=0-8(0)	_	_
42-5	BZ009	42	5	per	per	_	_	_	_	_	linguistic	_	none	_	_	_	_	_	_
42-6	BZ009	42	6	poter	poter	_	_	_	_	_	linguistic	_	none	_	_	_	_	_	_
42-7	BZ009	42	7	imparare	imparare	_	_	_	_	_	linguistic	_	none	_	_	_	_	_	_
42-8	BZ009	42	8	meglio	meglio	_	_	_	_	_	linguistic	_	none	_	_	_	_	_	_
42-9	BZ009	42	9	una	una	_	_	_	_	_	linguistic	_	none	_	_	_	_	_	_
42-10	BZ009	42	10	lingua.	lingua	_	_	_	_	_	linguistic	_	none	Intonation=Falling	End=182.39	_	_	_	_
43-0	BZ001	43	0	mh	mh	_	_	_	_	_	linguistic	_	none	ProsodicLink=Yes	Begin=182.655	_	_	_	_
43-1	BZ001	43	1	mh,	mh	_	_	_	_	_	linguistic	_	none	Intonation=WeaklyRising	End=183.055	_	_	_	_
44-0	BZ009	44	0	secondo	secondo	_	_	_	_	_	linguistic	_	none	_	Begin=183.055	_	_	_	_
44-1	BZ009	44	1	i	i	_	_	_	_	_	linguistic	_	none	_	_	_	_	_	_
44-2	BZ009	44	2	miei	miei	_	_	_	_	_	linguistic	_	none	_	_	_	_	_	_
44-3	BZ009	44	3	genitori.	genitori	_	_	_	_	_	linguistic	_	none	Intonation=Falling	End=184.015	_	_	_	_
45-0	BZ009	45	0	e	e	_	_	_	_	_	linguistic	_	none	_	Begin=184.865	_	_	_	_
45-1	BZ009	45	1	così	così	_	_	_	_	_	linguistic	_	none	_	_	_	_	_	_
45-2	BZ009	45	2	è	è	_	_	_	_	_	linguistic	_	none	_	_	_	_	_	_
45-3	BZ009	45	3	stato.	stato	_	_	_	_	_	linguistic	_	none	Intonation=Falling	End=185.905	_	_	_	_
46-0	BZ001	46	0	>okay<.	okay	_	_	_	_	_	linguistic	_	none	Intonation=Falling	Begin=186.21	_	Fast=0-4(0)	_	_
46-1	BZ001	46	1	e	e	_	_	_	_	_	linguistic	_	none	_	_	_	_	_	_
46-2	BZ001	46	2	poi	poi	_	_	_	_	_	linguistic	_	none	_	_	_	_	_	_
46-3	BZ001	46	3	il	il	_	_	_	_	_	linguistic	_	none	_	_	_	_	_	_
46-4	BZ001	46	4	liceo,	liceo	_	_	_	_	_	linguistic	_	none	Intonation=WeaklyRising|PauseAfter=Yes	_	_	_	_	_
46-5	BZ001	46	5	(.)	(.)	_	_	_	_	_	shortpause	_	none	_	_	_	_	_	_
46-6	BZ001	46	6	eh	eh	_	_	_	_	_	linguistic	_	none	_	_	_	_	_	_
46-7	BZ001	46	7	hai	hai	_	_	_	_	_	linguistic	_	none	_	_	_	_	_	_
46-8	BZ001	46	8	[fatto],	fatto	_	_	_	_	_	linguistic	_	none	Intonation=WeaklyRising	End=189.06	_	_	_	0-5(3)
47-0	BZ009	47	0	[liceo	liceo	_	_	_	_	_	linguistic	_	none	_	Begin=188.47	_	_	_	0-5(3)
47-1	BZ009	47	1	ita]liano,	italiano	_	_	_	_	_	linguistic	_	none	Intonation=WeaklyRising	End=189.66	_	_	_	0-3(3)
48-0	BZ001	48	0	>okay<.	okay	_	_	_	_	_	linguistic	_	none	Intonation=Falling	Begin=189.66|End=190.04	_	Fast=0-4(0)	_	_
49-0	BZ009	49	0	eh::	eh	_	_	_	_	_	linguistic	_	none	_	Begin=190.275	1x2	_	_	_
49-1	BZ009	49	1	l'	l'	_	_	_	_	_	linguistic	_	none	SpaceAfter=No	_	_	_	_	_
49-2	BZ009	49	2	inglese,	inglese	_	_	_	_	_	linguistic	_	none	Intonation=WeaklyRising	End=192.075	_	_	_	_
50-0	BZ009	50	0	l'	l'	_	_	_	_	_	linguistic	_	none	SpaceAfter=No	Begin=192.39	_	_	_	_
50-1	BZ009	50	1	ho	ho	_	_	_	_	_	linguistic	_	none	_	_	_	_	_	_
50-2	BZ009	50	2	imparato	imparato	_	_	_	_	_	linguistic	_	none	_	_	_	_	_	_
50-3	BZ009	50	3	dalle	dalle	_	_	_	_	_	linguistic	_	none	_	_	_	_	_	_
50-4	BZ009	50	4	medie,	medie	_	_	_	_	_	linguistic	_	none	Intonation=WeaklyRising	_	_	_	_	_
50-5	BZ009	50	5	>ho	ho	_	_	_	_	_	linguistic	_	none	_	_	_	Fast=0-2(0)	_	_
50-6	BZ009	50	6	iniziato	iniziato	_	_	_	_	_	linguistic	_	none	_	_	_	Fast=0-8(0)	_	_
50-7	BZ009	50	7	a	a	_	_	_	_	_	linguistic	_	none	_	_	_	Fast=0-1(0)	_	_
50-8	BZ009	50	8	impararlo	impararlo	_	_	_	_	_	linguistic	_	none	_	_	_	Fast=0-9(0)	_	_
50-9	BZ009	50	9	alle	alle	_	_	_	_	_	linguistic	_	none	_	_	_	Fast=0-4(0)	_	_
50-10	BZ009	50	10	medie<,	medie	_	_	_	_	_	linguistic	_	none	Intonation=WeaklyRising	_	_	Fast=0-5(0)	_	_
50-11	BZ009	50	11	ho	ho	_	_	_	_	_	linguistic	_	none	_	_	_	_	_	_
50-12	BZ009	50	12	avuto	avuto	_	_	_	_	_	linguistic	_	none	_	_	_	_	_	_
50-13	BZ009	50	13	la	la	_	_	_	_	_	linguistic	_	none	_	_	_	_	_	_
50-14	BZ009	50	14	fortuna	fortuna	_	_	_	_	_	linguistic	_	none	_	_	_	_	_	_
50-15	BZ009	50	15	di,	di	_	_	_	_	_	linguistic	_	none	Intonation=WeaklyRising	End=198.0	_	_	_	_
51-0	BZ009	51	0	eh	eh	_	_	_	_	_	linguistic	_	none	_	Begin=198.31	_	_	_	_
51-1	BZ009	51	1	fare	fare	_	_	_	_	_	linguistic	_	none	_	_	_	_	_	_
51-2	BZ009	51	2	parecchie	parecchie	_	_	_	_	_	linguistic	_	none	_	_	_	_	_	_
51-3	BZ009	51	3	vacanze	vacanze	_	_	_	_	_	linguistic	_	none	_	_	_	_	_	_
51-4	BZ009	51	4	all'	all'	_	_	_	_	_	linguistic	_	none	SpaceAfter=No	_	_	_	_	_
51-5	BZ009	51	5	estero	estero	_	_	_	_	_	linguistic	_	none	_	_	_	_	_	_
51-6	BZ009	51	6	e	e	_	_	_	_	_	linguistic	_	none	_	_	_	_	_	_
51-7	BZ009	51	7	soprattutto	soprattutto	_	_	_	_	_	linguistic	_	none	_	_	_	_	_	_
51-8	BZ009	51	8	parecchie	parecchie	_	_	_	_	_	linguistic	_	none	_	_	_	_	_	_
51-9	BZ009	51	9	<vacanze,	vacanze	_	_	_	_	_	linguistic	_	none	Intonation=WeaklyRising	_	_	Slow=0-7(0)	_	_
51-10	BZ009	51	10	in	in	_	_	_	_	_	linguistic	_	none	_	_	_	Slow=0-2(0)	_	_
51-11	BZ009	51	11	campeggio>,	campeggio	_	_	_	_	_	linguistic	_	none	Intonation=WeaklyRising	End=204.62	_	Slow=0-9(0)	_	_
52-0	BZ001	52	0	mh	mh	_	_	_	_	_	linguistic	_	none	ProsodicLink=Yes	Begin=204.63	_	_	_	_
52-1	BZ001	52	1	mh,	mh	_	_	_	_	_	linguistic	_	none	Intonation=WeaklyRising	End=204.99	_	_	_	_
53-0	BZ009	53	0	luogo	luogo	_	_	_	_	_	linguistic	_	none	_	Begin=205.395	_	_	_	_
53-1	BZ009	53	1	dove	dove	_	_	_	_	_	linguistic	_	none	_	_	_	_	_	_
53-2	BZ009	53	2	la	la	_	_	_	_	_	linguistic	_	none	_	_	_	_	_	_
53-3	BZ009	53	3	commistione	commistione	_	_	_	_	_	linguistic	_	none	_	_	_	_	_	_
53-4	BZ009	53	4	di	di	_	_	_	_	_	linguistic	_	none	_	_	_	_	_	_
53-5	BZ009	53	5	bambini	bambini	_	_	_	_	_	linguistic	_	none	_	_	_	_	_	_
53-6	BZ009	53	6	di	di	_	_	_	_	_	linguistic	_	none	_	_	_	_	_	_
53-7	BZ009	53	7	tutto	tutto	_	_	_	_	_	linguistic	_	none	_	_	_	_	_	_
53-8	BZ009	53	8	il	il	_	_	_	_	_	linguistic	_	none	_	_	_	_	_	_
53-9	BZ009	53	9	mondo,	mondo	_	_	_	_	_	linguistic	_	none	Intonation=WeaklyRising	End=209.475	_	_	_	_
54-0	BZ009	54	0	eh:	eh	_	_	_	_	_	linguistic	_	none	_	Begin=209.74	1x1	_	_	_
54-1	BZ009	54	1	è:,	è	_	_	_	_	_	linguistic	_	none	Intonation=WeaklyRising	End=211.05	0x1	_	_	_
55-0	BZ009	55	0	è	è	_	_	_	_	_	linguistic	_	none	_	Begin=211.45	_	_	_	_
55-1	BZ009	55	1	all'	all'	_	_	_	_	_	linguistic	_	none	SpaceAfter=No	_	_	_	_	_
55-2	BZ009	55	2	ordine	ordine	_	_	_	_	_	linguistic	_	none	_	_	_	_	_	_
55-3	BZ009	55	3	del	del	_	_	_	_	_	linguistic	_	none	_	_	_	_	_	_
55-4	BZ009	55	4	giorno,	giorno	_	_	_	_	_	linguistic	_	none	Intonation=WeaklyRising	End=212.85	_	_	_	_
56-0	BZ009	56	0	eh	eh	_	_	_	_	_	linguistic	_	none	_	Begin=213.195	_	_	_	_
56-1	BZ009	56	1	nel	nel	_	_	_	_	_	linguistic	_	none	_	_	_	_	_	_
56-2	BZ009	56	2	mio	mio	_	_	_	_	_	linguistic	_	none	_	_	_	_	_	_
56-3	BZ009	56	3	caso	caso	_	_	_	_	_	linguistic	_	none	_	_	_	_	_	_
56-4	BZ009	56	4	c'	c'	_	_	_	_	_	linguistic	_	none	SpaceAfter=No	_	_	_	_	_
56-5	BZ009	56	5	erano	erano	_	_	_	_	_	linguistic	_	none	_	_	_	_	_	_
56-6	BZ009	56	6	un	un	_	_	_	_	_	linguistic	_	none	_	_	_	_	_	_
56-7	BZ009	56	7	sacco	sacco	_	_	_	_	_	linguistic	_	none	_	_	_	_	_	_
56-8	BZ009	56	8	di	di	_	_	_	_	_	linguistic	_	none	_	_	_	_	_	_
56-9	BZ009	56	9	olandesi,	olandesi	_	_	_	_	_	linguistic	_	none	Intonation=WeaklyRising	_	_	_	_	_
56-10	BZ009	56	10	danesi,	danesi	_	_	_	_	_	linguistic	_	none	Intonation=WeaklyRising	_	_	_	_	_
56-11	BZ009	56	11	e	e	_	_	_	_	_	linguistic	_	none	_	_	_	_	_	_
56-12	BZ009	56	12	tedeschi,	tedeschi	_	_	_	_	_	linguistic	_	none	Intonation=WeaklyRising	_	_	_	_	_
56-13	BZ009	56	13	e	e	_	_	_	_	_	linguistic	_	none	_	_	_	_	_	_
56-14	BZ009	56	14	chiaramente	chiaramente	_	_	_	_	_	linguistic	_	none	_	_	_	_	_	_
56-15	BZ009	56	15	i	i	_	_	_	_	_	linguistic	_	none	_	_	_	_	_	_
56-16	BZ009	56	16	bambini	bambini	_	_	_	_	_	linguistic	_	none	_	_	_	_	_	_
56-17	BZ009	56	17	poi	poi	_	_	_	_	_	linguistic	_	none	_	_	_	_	_	_
56-18	BZ009	56	18	riescono	riescono	_	_	_	_	_	linguistic	_	none	_	_	_	_	_	_
56-19	BZ009	56	19	sempre	sempre	_	_	_	_	_	linguistic	_	none	_	_	_	_	_	_
56-20	BZ009	56	20	a	a	_	_	_	_	_	linguistic	_	none	_	_	_	_	_	_
56-21	BZ009	56	21	trovare	trovare	_	_	_	_	_	linguistic	_	none	_	_	_	_	_	_
56-22	BZ009	56	22	una	una	_	_	_	_	_	linguistic	_	none	_	_	_	_	_	_
56-23	BZ009	56	23	lingua	lingua	_	_	_	_	_	linguistic	_	none	_	_	_	_	_	_
56-24	BZ009	56	24	con	con	_	_	_	_	_	linguistic	_	none	_	_	_	_	_	_
56-25	BZ009	56	25	la	la	_	_	_	_	_	linguistic	_	none	_	_	_	_	_	_
56-26	BZ009	56	26	quale,	quale	_	_	_	_	_	linguistic	_	none	Intonation=WeaklyRising	End=220.575	_	_	_	_
57-0	BZ009	57	0	eh:	eh	_	_	_	_	_	linguistic	_	none	_	Begin=221.01	1x1	_	_	_
57-1	BZ009	57	1	interloquire	interloquire	_	_	_	_	_	linguistic	_	none	_	_	_	_	_	_
57-2	BZ009	57	2	tra	tra	_	_	_	_	_	linguistic	_	none	_	_	_	_	_	_
57-3	BZ009	57	3	di	di	_	_	_	_	_	linguistic	_	none	_	_	_	_	_	_
57-4	BZ009	57	4	loro,	loro	_	_	_	_	_	linguistic	_	none	Intonation=WeaklyRising|PauseAfter=Yes	_	_	_	_	_
57-5	BZ009	57	5	(.)	(.)	_	_	_	_	_	shortpause	_	none	_	_	_	_	_	_
57-6	BZ009	57	6	e	e	_	_	_	_	_	linguistic	_	none	_	_	_	_	_	_
57-7	BZ009	57	7	in	in	_	_	_	_	_	linguistic	_	none	_	_	_	_	_	_
57-8	BZ009	57	8	quel	quel	_	_	_	_	_	linguistic	_	none	_	_	_	_	_	_
57-9	BZ009	57	9	caso	caso	_	_	_	_	_	linguistic	_	none	_	_	_	_	_	_
57-10	BZ009	57	10	è	è	_	_	_	_	_	linguistic	_	none	_	_	_	_	_	_
57-11	BZ009	57	11	stato	stato	_	_	_	_	_	linguistic	_	none	_	_	_	_	_	_
57-12	BZ009	57	12	l'	l'	_	_	_	_	_	linguistic	_	none	SpaceAfter=No	_	_	_	_	_
57-13	BZ009	57	13	inglese,	inglese	_	_	_	_	_	linguistic	_	none	Intonation=WeaklyRising	_	_	_	_	_
57-14	BZ009	57	14	posso	posso	_	_	_	_	_	linguistic	_	none	_	_	_	_	_	_
57-15	BZ009	57	15	dire	dire	_	_	_	_	_	linguistic	_	none	_	_	_	_	_	_
57-16	BZ009	57	16	che,	che	_	_	_	_	_	linguistic	_	none	Intonation=WeaklyRising	End=225.3	_	_	_	_
58-0	BZ009	58	0	di	di	_	_	_	_	_	linguistic	_	none	_	Begin=225.6	_	_	_	_
58-1	BZ009	58	1	aver	aver	_	_	_	_	_	linguistic	_	none	_	_	_	_	_	_
58-2	BZ009	58	2	perfezionato	perfezionato	_	_	_	_	_	linguistic	_	none	_	_	_	_	_	_
58-3	BZ009	58	3	l'	l'	_	_	_	_	_	linguistic	_	none	SpaceAfter=No	_	_	_	_	_
58-4	BZ009	58	4	inglese,	inglese	_	_	_	_	_	linguistic	_	none	Intonation=WeaklyRising|PauseAfter=Yes	_	_	_	_	_
58-5	BZ009	58	5	(.)	(.)	_	_	_	_	_	shortpause	_	none	_	_	_	_	_	_
58-6	BZ009	58	6	non	non	_	_	_	_	_	linguistic	_	none	_	_	_	_	_	_
58-7	BZ009	58	7	a	a	_	_	_	_	_	linguistic	_	none	_	_	_	_	_	_
58-8	BZ009	58	8	scuola	scuola	_	_	_	_	_	linguistic	_	none	_	_	_	_	_	_
58-9	BZ009	58	9	ma	ma	_	_	_	_	_	linguistic	_	none	_	_	_	_	_	_
58-10	BZ009	58	10	sul	sul	_	_	_	_	_	linguistic	_	none	_	_	_	_	_	_
58-11	BZ009	58	11	campo	campo	_	_	_	_	_	linguistic	_	none	_	_	_	_	_	_
58-12	BZ009	58	12	<e	e	_	_	_	_	_	linguistic	_	none	_	_	_	Slow=0-1(0)	_	_
58-13	BZ009	58	13	soprattutto	soprattutto	_	_	_	_	_	linguistic	_	none	_	_	_	Slow=0-11(0)	_	_
58-14	BZ009	58	14	con	con	_	_	_	_	_	linguistic	_	none	_	_	_	Slow=0-3(0)	_	_
58-15	BZ009	58	15	la	la	_	_	_	_	_	linguistic	_	none	_	_	_	Slow=0-2(0)	_	_
58-16	BZ009	58	16	musica>,	musica	_	_	_	_	_	linguistic	_	none	Intonation=WeaklyRising	End=231.77	_	Slow=0-6(0)	_	_
59-0	BZ001	59	0	ah.	ah	_	_	_	_	_	linguistic	_	none	Intonation=Falling	Begin=231.95	_	_	_	_
59-1	BZ001	59	1	cioè?	cioè	_	_	_	_	_	linguistic	_	none	Intonation=Rising	End=232.53250000000003	_	_	_	_
60-0	BZ009	60	0	perché	perché	_	_	_	_	_	linguistic	_	none	_	Begin=232.53250000000003	_	_	_	_
60-1	BZ009	60	1	sono	sono	_	_	_	_	_	linguistic	_	none	_	_	_	_	_	_
60-2	BZ009	60	2	un	un	_	_	_	_	_	linguistic	_	none	_	_	_	_	_	_
60-3	BZ009	60	3	appassionato	appassionato	_	_	_	_	_	linguistic	_	none	_	_	_	_	_	_
60-4	BZ009	60	4	di	di	_	_	_	_	_	linguistic	_	none	_	_	_	_	_	_
60-5	BZ009	60	5	musica,	musica	_	_	_	_	_	linguistic	_	none	Intonation=WeaklyRising	End=235.195	_	_	_	_
61-0	BZ009	61	0	e	e	_	_	_	_	_	linguistic	_	none	_	Begin=235.665	_	_	_	_
61-1	BZ009	61	1	ehm:.	ehm	_	_	_	_	_	linguistic	_	none	Intonation=Falling	_	2x1	_	_	_
61-2	BZ009	61	2	tsk	tsk	_	_	_	_	_	linguistic	_	none	_	_	_	_	_	_
61-3	BZ009	61	3	sono	sono	_	_	_	_	_	linguistic	_	none	_	_	_	_	_	_
61-4	BZ009	61	4	un	un	_	_	_	_	_	linguistic	_	none	_	_	_	_	_	_
61-5	BZ009	61	5	appassionato	appassionato	_	_	_	_	_	linguistic	_	none	_	_	_	_	_	_
61-6	BZ009	61	6	di,	di	_	_	_	_	_	linguistic	_	none	Intonation=WeaklyRising	End=239.105	_	_	_	_
62-0	BZ009	62	0	vinili	vinili	_	_	_	_	_	linguistic	_	none	_	Begin=239.44	_	_	_	_
62-1	BZ009	62	1	e	e	_	_	_	_	_	linguistic	_	none	_	_	_	_	_	_
62-2	BZ009	62	2	di	di	_	_	_	_	_	linguistic	_	none	_	_	_	_	_	_
62-3	BZ009	62	3	cd	cd	_	_	_	_	_	linguistic	_	none	_	_	_	_	_	_
62-4	BZ009	62	4	originali,	originali	_	_	_	_	_	linguistic	_	none	Intonation=WeaklyRising	End=241.88	_	_	_	_
63-0	BZ009	63	0	>mh	mh	_	_	_	_	_	linguistic	_	none	_	Begin=242.26	_	Fast=0-2(0)	_	_
63-1	BZ009	63	1	proprio	proprio	_	_	_	_	_	linguistic	_	none	_	_	_	Fast=0-7(0)	_	_
63-2	BZ009	63	2	per	per	_	_	_	_	_	linguistic	_	none	_	_	_	Fast=0-3(0)	_	_
63-3	BZ009	63	3	assaporare	assaporare	_	_	_	_	_	linguistic	_	none	_	_	_	Fast=0-10(0)	_	_
63-4	BZ009	63	4	il	il	_	_	_	_	_	linguistic	_	none	_	_	_	Fast=0-2(0)	_	_
63-5	BZ009	63	5	booklet<	booklet	_	_	_	_	_	linguistic	_	none	_	_	_	Fast=0-7(0)	_	_
63-6	BZ009	63	6	e	e	_	_	_	_	_	linguistic	_	none	_	_	_	_	_	_
63-7	BZ009	63	7	tutte	tutte	_	_	_	_	_	linguistic	_	none	_	_	_	_	_	_
63-8	BZ009	63	8	le	le	_	_	_	_	_	linguistic	_	none	_	_	_	_	_	_
63-9	BZ009	63	9	canzoni	canzoni	_	_	_	_	_	linguistic	_	none	_	_	_	_	_	_
63-10	BZ009	63	10	che	che	_	_	_	_	_	linguistic	_	none	_	_	_	_	_	_
63-11	BZ009	63	11	ascolto,	ascolto	_	_	_	_	_	linguistic	_	none	Intonation=WeaklyRising	End=246.195	_	_	_	_
64-0	BZ009	64	0	eh:	eh	_	_	_	_	_	linguistic	_	none	_	Begin=246.525	1x1	_	_	_
64-1	BZ009	64	1	vado	vado	_	_	_	_	_	linguistic	_	none	_	_	_	_	_	_
64-2	BZ009	64	2	a	a	_	_	_	_	_	linguistic	_	none	_	_	_	_	_	_
64-3	BZ009	64	3	leggere	leggere	_	_	_	_	_	linguistic	_	none	_	_	_	_	_	_
64-4	BZ009	64	4	i	i	_	_	_	_	_	linguistic	_	none	_	_	_	_	_	_
64-5	BZ009	64	5	testi	testi	_	_	_	_	_	linguistic	_	none	_	_	_	_	_	_
64-6	BZ009	64	6	[perché	perché	_	_	_	_	_	linguistic	_	none	_	_	_	_	_	0-6(4)
64-7	BZ009	64	7	voglio]	voglio	_	_	_	_	_	linguistic	_	none	_	_	_	_	_	0-6(4)
64-8	BZ009	64	8	sia	sia	_	_	_	_	_	linguistic	_	none	_	_	_	_	_	_
64-9	BZ009	64	9	capire	capire	_	_	_	_	_	linguistic	_	none	_	_	_	_	_	_
64-10	BZ009	64	10	cosa	cosa	_	_	_	_	_	linguistic	_	none	_	_	_	_	_	_
64-11	BZ009	64	11	dicono,	dicono	_	_	_	_	_	linguistic	_	none	Intonation=WeaklyRising	_	_	_	_	_
64-12	BZ009	64	12	sia,	sia	_	_	_	_	_	linguistic	_	none	Intonation=WeaklyRising	End=251.305	_	_	_	_
65-0	BZ001	65	0	[mh	mh	_	_	_	_	_	linguistic	_	none	ProsodicLink=Yes	Begin=248.3	_	_	_	0-2(4)
65-1	BZ001	65	1	mh],	mh	_	_	_	_	_	linguistic	_	none	Intonation=WeaklyRising	End=248.76	_	_	_	0-2(4)
66-0	BZ009	66	0	eh:	eh	_	_	_	_	_	linguistic	_	none	_	Begin=251.595	1x1	_	_	_
66-1	BZ009	66	1	poi	poi	_	_	_	_	_	linguistic	_	none	_	_	_	_	_	_
66-2	BZ009	66	2	poterle,	poterle	_	_	_	_	_	linguistic	_	none	Intonation=WeaklyRising	End=253.085	_	_	_	_
67-0	BZ009	67	0	eh	eh	_	_	_	_	_	linguistic	_	none	_	Begin=253.725	_	_	_	_
67-1	BZ009	67	1	canticchiare	canticchiare	_	_	_	_	_	linguistic	_	none	_	_	_	_	_	_
67-2	BZ009	67	2	ecco	ecco	_	_	_	_	_	linguistic	_	none	_	_	_	_	_	_
67-3	BZ009	67	3	senza	senza	_	_	_	_	_	linguistic	_	none	_	_	_	_	_	_
67-4	BZ009	67	4	inventarmi	inventarmi	_	_	_	_	_	linguistic	_	none	_	_	_	_	_	_
67-5	BZ009	67	5	parole.	parole	_	_	_	_	_	linguistic	_	none	Intonation=Falling	End=256.605	_	_	_	_
68-0	BZ009	68	0	quindi	quindi	_	_	_	_	_	linguistic	_	none	_	Begin=256.83	_	_	_	_
68-1	BZ009	68	1	tutto	tutto	_	_	_	_	_	linguistic	_	none	_	_	_	_	_	_
68-2	BZ009	68	2	quello	quello	_	_	_	_	_	linguistic	_	none	_	_	_	_	_	_
68-3	BZ009	68	3	che	che	_	_	_	_	_	linguistic	_	none	_	_	_	_	_	_
68-4	BZ009	68	4	ascolto,	ascolto	_	_	_	_	_	linguistic	_	none	Intonation=WeaklyRising	_	_	_	_	_
68-5	BZ009	68	5	leggo	leggo	_	_	_	_	_	linguistic	_	none	_	_	_	_	_	_
68-6	BZ009	68	6	nel	nel	_	_	_	_	_	linguistic	_	none	_	_	_	_	_	_
68-7	BZ009	68	7	booklet.	booklet	_	_	_	_	_	linguistic	_	none	Intonation=Falling	_	_	_	_	_
68-8	BZ009	68	8	e	e	_	_	_	_	_	linguistic	_	none	_	_	_	_	_	_
68-9	BZ009	68	9	questo	questo	_	_	_	_	_	linguistic	_	none	_	_	_	_	_	_
68-10	BZ009	68	10	mi	mi	_	_	_	_	_	linguistic	_	none	_	_	_	_	_	_
68-11	BZ009	68	11	ha,	ha	_	_	_	_	_	linguistic	_	none	Intonation=WeaklyRising|PauseAfter=Yes	_	_	_	_	_
68-12	BZ009	68	12	(.)	(.)	_	_	_	_	_	shortpause	_	none	_	_	_	_	_	_
68-13	BZ009	68	13	mi	mi	_	_	_	_	_	linguistic	_	none	_	_	_	_	_	_
68-14	BZ009	68	14	ha	ha	_	_	_	_	_	linguistic	_	none	_	_	_	_	_	_
68-15	BZ009	68	15	dato	dato	_	_	_	_	_	linguistic	_	none	_	_	_	_	_	_
68-16	BZ009	68	16	un	un	_	_	_	_	_	linguistic	_	none	_	_	_	_	_	_
68-17	BZ009	68	17	lessico	lessico	_	_	_	_	_	linguistic	_	none	_	_	_	_	_	_
68-18	BZ009	68	18	importante	importante	_	_	_	_	_	linguistic	_	none	_	_	_	_	_	_
68-19	BZ009	68	19	in	in	_	_	_	_	_	linguistic	_	none	_	_	_	_	_	_
68-20	BZ009	68	20	inglese.	inglese	_	_	_	_	_	linguistic	_	none	Intonation=Falling	End=262.43	_	_	_	_
69-0	BZ001	69	0	okay.	okay	_	_	_	_	_	linguistic	_	none	Intonation=Falling	Begin=262.47	_	_	_	_
69-1	BZ001	69	1	quindi	quindi	_	_	_	_	_	linguistic	_	none	_	_	_	_	_	_
69-2	BZ001	69	2	musica	musica	_	_	_	_	_	linguistic	_	none	_	_	_	_	_	_
69-3	BZ001	69	3	prevalentemente	prevalentemente	_	_	_	_	_	linguistic	_	none	_	_	_	_	_	_
69-4	BZ001	69	4	inglese	inglese	_	_	_	_	_	linguistic	_	none	_	_	_	_	_	_
69-5	BZ001	69	5	[comunque],	comunque	_	_	_	_	_	linguistic	_	none	Intonation=WeaklyRising	End=264.94	_	_	_	0-8(5)
70-0	BZ009	70	0	[sì].	sì	_	_	_	_	_	linguistic	_	none	Intonation=Falling	Begin=264.425|End=264.945	_	_	_	0-2(5)
71-0	BZ001	71	0	questa	questa	_	_	_	_	_	linguistic	_	none	_	Begin=265.2	_	_	_	_
71-1	BZ001	71	1	cosa	cosa	_	_	_	_	_	linguistic	_	none	_	_	_	_	_	_
71-2	BZ001	71	2	è	è	_	_	_	_	_	linguistic	_	none	_	_	_	_	_	_
71-3	BZ001	71	3	successa	successa	_	_	_	_	_	linguistic	_	none	_	_	_	_	_	_
71-4	BZ001	71	4	anche	anche	_	_	_	_	_	linguistic	_	none	_	_	_	_	_	_
71-5	BZ001	71	5	con	con	_	_	_	_	_	linguistic	_	none	_	_	_	_	_	_
71-6	BZ001	71	6	altre	altre	_	_	_	_	_	linguistic	_	none	_	_	_	_	_	_
71-7	BZ001	71	7	lingue	lingue	_	_	_	_	_	linguistic	_	none	_	_	_	_	_	_
71-8	BZ001	71	8	magari	magari	_	_	_	_	_	linguistic	_	none	_	_	_	_	_	_
71-9	BZ001	71	9	musica	musica	_	_	_	_	_	linguistic	_	none	_	_	_	_	_	_
71-10	BZ001	71	10	tedesca,	tedesca	_	_	_	_	_	linguistic	_	none	Intonation=WeaklyRising	_	_	_	_	_
71-11	BZ001	71	11	[francese],	francese	_	_	_	_	_	linguistic	_	none	Intonation=WeaklyRising	_	_	_	_	0-8(?)
71-12	BZ001	71	12	o	o	_	_	_	_	_	linguistic	_	none	_	_	_	_	_	_
71-13	BZ001	71	13	prevalentemente	prevalentemente	_	_	_	_	_	linguistic	_	none	_	_	_	_	_	_
71-14	BZ001	71	14	inglese?	inglese	_	_	_	_	_	linguistic	_	none	Intonation=Rising	End=270.29	_	_	_	_
72-0	BZ009	72	0	[no].	no	_	_	_	_	_	linguistic	_	none	Intonation=Falling	Begin=268.805|End=269.415	_	_	_	0-2(6)
73-0	BZ009	73	0	solo	solo	_	_	_	_	_	linguistic	_	none	_	Begin=270.185	_	_	_	_
73-1	BZ009	73	1	con	con	_	_	_	_	_	linguistic	_	none	_	_	_	_	_	_
73-2	BZ009	73	2	la	la	_	_	_	_	_	linguistic	_	none	_	_	_	_	_	_
73-3	BZ009	73	3	musica	musica	_	_	_	_	_	linguistic	_	none	_	_	_	_	_	_
73-4	BZ009	73	4	inglese.	inglese	_	_	_	_	_	linguistic	_	none	Intonation=Falling	End=271.68	_	_	_	_
74-0	BZ001	74	0	mh	mh	_	_	_	_	_	linguistic	_	none	ProsodicLink=Yes	Begin=271.28	_	_	_	_
74-1	BZ001	74	1	mh,	mh	_	_	_	_	_	linguistic	_	none	Intonation=WeaklyRising	_	_	_	_	_
74-2	BZ001	74	2	okay.	okay	_	_	_	_	_	linguistic	_	none	Intonation=Falling	End=272.24	_	_	_	_
75-0	BZ001	75	0	e	e	_	_	_	_	_	linguistic	_	none	_	Begin=272.62	_	_	_	_
75-1	BZ001	75	1	tu	tu	_	_	_	_	_	linguistic	_	none	_	_	_	_	_	_
75-2	BZ001	75	2	sei	sei	_	_	_	_	_	linguistic	_	none	_	_	_	_	_	_
75-3	BZ001	75	3	un	un	_	_	_	_	_	linguistic	_	none	_	_	_	_	_	_
75-4	BZ001	75	4	appassionato	appassionato	_	_	_	_	_	linguistic	_	none	_	_	_	_	_	_
75-5	BZ001	75	5	anche	anche	_	_	_	_	_	linguistic	_	none	_	_	_	_	_	_
75-6	BZ001	75	6	di	di	_	_	_	_	_	linguistic	_	none	_	_	_	_	_	_
75-7	BZ001	75	7	viaggi,	viaggi	_	_	_	_	_	linguistic	_	none	Intonation=WeaklyRising	_	_	_	_	_
75-8	BZ001	75	8	hai	hai	_	_	_	_	_	linguistic	_	none	_	_	_	_	_	_
75-9	BZ001	75	9	viaggiato	viaggiato	_	_	_	_	_	linguistic	_	none	_	_	_	_	_	_
75-10	BZ001	75	10	molto	molto	_	_	_	_	_	linguistic	_	none	_	_	_	_	_	_
75-11	BZ001	75	11	all'	all'	_	_	_	_	_	linguistic	_	none	SpaceAfter=No	_	_	_	_	_
75-12	BZ001	75	12	estero,	estero	_	_	_	_	_	linguistic	_	none	Intonation=WeaklyRising|PauseAfter=Yes	_	_	_	_	_
75-13	BZ001	75	13	(.)	(.)	_	_	_	_	_	shortpause	_	none	_	_	_	_	_	_
75-14	BZ001	75	14	le	le	_	_	_	_	_	linguistic	_	none	_	_	_	_	_	_
75-15	BZ001	75	15	lingue	lingue	_	_	_	_	_	linguistic	_	none	_	_	_	_	_	_
75-16	BZ001	75	16	come	come	_	_	_	_	_	linguistic	_	none	_	_	_	_	_	_
75-17	BZ001	75	17	si	si	_	_	_	_	_	linguistic	_	none	_	_	_	_	_	_
75-18	BZ001	75	18	rapportano	rapportano	_	_	_	_	_	linguistic	_	none	_	_	_	_	_	_
75-19	BZ001	75	19	diciamo	diciamo	_	_	_	_	_	linguistic	_	none	_	_	_	_	_	_
75-20	BZ001	75	20	a	a	_	_	_	_	_	linguistic	_	none	_	_	_	_	_	_
75-21	BZ001	75	21	questa	questa	_	_	_	_	_	linguistic	_	none	_	_	_	_	_	_
75-22	BZ001	75	22	tua	tua	_	_	_	_	_	linguistic	_	none	_	_	_	_	_	_
75-23	BZ001	75	23	passione	passione	_	_	_	_	_	linguistic	_	none	_	_	_	_	_	_
75-24	BZ001	75	24	per	per	_	_	_	_	_	linguistic	_	none	_	_	_	_	_	_
75-25	BZ001	75	25	i	i	_	_	_	_	_	linguistic	_	none	_	_	_	_	_	_
75-26	BZ001	75	26	viaggi?	viaggi	_	_	_	_	_	linguistic	_	none	Intonation=Rising	End=280.14	_	_	_	_
76-0	BZ009	76	0	allora	allora	_	_	_	_	_	linguistic	_	none	_	Begin=280.49	_	_	_	_
76-1	BZ009	76	1	la	la	_	_	_	_	_	linguistic	_	none	_	_	_	_	_	_
76-2	BZ009	76	2	parte	parte	_	_	_	_	_	linguistic	_	none	_	_	_	_	_	_
76-3	BZ009	76	3	diciamo	diciamo	_	_	_	_	_	linguistic	_	none	_	_	_	_	_	_
76-4	BZ009	76	4	del	del	_	_	_	_	_	linguistic	_	none	_	_	_	_	_	_
76-5	BZ009	76	5	eh:	eh	_	_	_	_	_	linguistic	_	none	_	_	1x1	_	_	_
76-6	BZ009	76	6	f-,	f-	_	_	_	_	_	linguistic	_	none	Intonation=WeaklyRising|Interrupted=Yes	End=284.17	_	_	_	_
77-0	BZ009	77	0	>xx	xx	_	_	_	_	_	unknown	_	none	Syllables=2	Begin=284.715	_	Fast=0-2(0)	_	_
77-1	BZ009	77	1	del	del	_	_	_	_	_	linguistic	_	none	_	_	_	Fast=0-3(0)	_	_
77-2	BZ009	77	2	nord	nord	_	_	_	_	_	linguistic	_	none	_	_	_	Fast=0-4(0)	_	_
77-3	BZ009	77	3	europa	europa	_	_	_	_	_	linguistic	_	none	_	_	_	Fast=0-6(0)	_	_
77-4	BZ009	77	4	insomma<	insomma	_	_	_	_	_	linguistic	_	none	_	_	_	Fast=0-7(0)	_	_
77-5	BZ009	77	5	della	della	_	_	_	_	_	linguistic	_	none	_	_	_	_	_	_
77-6	BZ009	77	6	parte	parte	_	_	_	_	_	linguistic	_	none	_	_	_	_	_	_
77-7	BZ009	77	7	teutonica	teutonica	_	_	_	_	_	linguistic	_	none	_	_	_	_	_	_
77-8	BZ009	77	8	ecco	ecco	_	_	_	_	_	linguistic	_	none	_	_	_	_	_	_
77-9	BZ009	77	9	dell'	dell'	_	_	_	_	_	linguistic	_	none	SpaceAfter=No	_	_	_	_	_
77-10	BZ009	77	10	europa,	europa	_	_	_	_	_	linguistic	_	none	Intonation=WeaklyRising|PauseAfter=Yes	_	_	_	_	_
77-11	BZ009	77	11	(.)	(.)	_	_	_	_	_	shortpause	_	none	_	_	_	_	_	_
77-12	BZ009	77	12	eh::	eh	_	_	_	_	_	linguistic	_	none	_	_	1x2	_	_	_
77-13	BZ009	77	13	l'	l'	_	_	_	_	_	linguistic	_	none	SpaceAfter=No	_	_	_	_	_
77-14	BZ009	77	14	ho	ho	_	_	_	_	_	linguistic	_	none	_	_	_	_	_	_
77-15	BZ009	77	15	vista	vista	_	_	_	_	_	linguistic	_	none	_	_	_	_	_	_
77-16	BZ009	77	16	tutta,	tutta	_	_	_	_	_	linguistic	_	none	Intonation=WeaklyRising	_	_	_	_	_
77-17	BZ009	77	17	l'	l'	_	_	_	_	_	linguistic	_	none	SpaceAfter=No	_	_	_	_	_
77-18	BZ009	77	18	ho	ho	_	_	_	_	_	linguistic	_	none	_	_	_	_	_	_
77-19	BZ009	77	19	viaggiata,	viaggiata	_	_	_	_	_	linguistic	_	none	Intonation=WeaklyRising	_	_	_	_	_
77-20	BZ009	77	20	l'	l'	_	_	_	_	_	linguistic	_	none	SpaceAfter=No	_	_	_	_	_
77-21	BZ009	77	21	ho:,	ho	_	_	_	_	_	linguistic	_	none	Intonation=WeaklyRising	_	1x1	_	_	_
77-22	BZ009	77	22	ho	ho	_	_	_	_	_	linguistic	_	none	_	_	_	_	_	_
77-23	BZ009	77	23	viaggiato	viaggiato	_	_	_	_	_	linguistic	_	none	_	_	_	_	_	_
77-24	BZ009	77	24	molto,	molto	_	_	_	_	_	linguistic	_	none	Intonation=WeaklyRising	_	_	_	_	_
77-25	BZ009	77	25	e,	e	_	_	_	_	_	linguistic	_	none	Intonation=WeaklyRising|PauseAfter=Yes	_	_	_	_	_
77-26	BZ009	77	26	(.)	(.)	_	_	_	_	_	shortpause	_	none	_	_	_	_	_	_
77-27	BZ009	77	27	il	il	_	_	_	_	_	linguistic	_	none	_	_	_	_	_	_
77-28	BZ009	77	28	tedesco	tedesco	_	_	_	_	_	linguistic	_	none	_	_	_	_	_	_
77-29	BZ009	77	29	chiaramente	chiaramente	_	_	_	_	_	linguistic	_	none	_	_	_	_	_	_
77-30	BZ009	77	30	mi	mi	_	_	_	_	_	linguistic	_	none	_	_	_	_	_	_
77-31	BZ009	77	31	è	è	_	_	_	_	_	linguistic	_	none	_	_	_	_	_	_
77-32	BZ009	77	32	servito,	servito	_	_	_	_	_	linguistic	_	none	Intonation=WeaklyRising	End=295.47	_	_	_	_
78-0	BZ009	78	0	molto,	molto	_	_	_	_	_	linguistic	_	none	Intonation=WeaklyRising	Begin=295.855	_	_	_	_
78-1	BZ009	78	1	però	però	_	_	_	_	_	linguistic	_	none	_	_	_	_	_	_
78-2	BZ009	78	2	eh:	eh	_	_	_	_	_	linguistic	_	none	_	_	1x1	_	_	_
78-3	BZ009	78	3	essendo	essendo	_	_	_	_	_	linguistic	_	none	_	_	_	_	_	_
78-4	BZ009	78	4	appassionato	appassionato	_	_	_	_	_	linguistic	_	none	_	_	_	_	_	_
78-5	BZ009	78	5	della	della	_	_	_	_	_	linguistic	_	none	PauseAfter=Yes	_	_	_	_	_
78-6	BZ009	78	6	(.)	(.)	_	_	_	_	_	shortpause	_	none	_	_	_	_	_	_
78-7	BZ009	78	7	cu-	cu-	_	_	_	_	_	linguistic	_	none	Interrupted=Yes	_	_	_	_	_
78-8	BZ009	78	8	chiamiamola	chiamiamola	_	_	_	_	_	linguistic	_	none	_	_	_	_	_	_
78-9	BZ009	78	9	cultura	cultura	_	_	_	_	_	linguistic	_	none	_	_	_	_	_	_
78-10	BZ009	78	10	ma	ma	_	_	_	_	_	linguistic	_	none	_	_	_	_	_	_
78-11	BZ009	78	11	di	di	_	_	_	_	_	linguistic	_	none	_	_	_	_	_	_
78-12	BZ009	78	12	modo	modo	_	_	_	_	_	linguistic	_	none	_	_	_	_	_	_
78-13	BZ009	78	13	di	di	_	_	_	_	_	linguistic	_	none	_	_	_	_	_	_
78-14	BZ009	78	14	vivere	vivere	_	_	_	_	_	linguistic	_	none	_	_	_	_	_	_
78-15	BZ009	78	15	ecco,	ecco	_	_	_	_	_	linguistic	_	none	Intonation=WeaklyRising	_	_	_	_	_
78-16	BZ009	78	16	e	e	_	_	_	_	_	linguistic	_	none	_	_	_	_	_	_
78-17	BZ009	78	17	di	di	_	_	_	_	_	linguistic	_	none	_	_	_	_	_	_
78-18	BZ009	78	18	paesaggi	paesaggi	_	_	_	_	_	linguistic	_	none	_	_	_	_	_	_
78-19	BZ009	78	19	americani,	americani	_	_	_	_	_	linguistic	_	none	Intonation=WeaklyRising	End=303.7	_	_	_	_
79-0	BZ009	79	0	sono	sono	_	_	_	_	_	linguistic	_	none	_	Begin=304.03	_	_	_	_
79-1	BZ009	79	1	stato	stato	_	_	_	_	_	linguistic	_	none	_	_	_	_	_	_
79-2	BZ009	79	2	parecchie	parecchie	_	_	_	_	_	linguistic	_	none	_	_	_	_	_	_
79-3	BZ009	79	3	volte	volte	_	_	_	_	_	linguistic	_	none	_	_	_	_	_	_
79-4	BZ009	79	4	in	in	_	_	_	_	_	linguistic	_	none	_	_	_	_	_	_
79-5	BZ009	79	5	america	america	_	_	_	_	_	linguistic	_	none	_	_	_	_	_	_
79-6	BZ009	79	6	e	e	_	_	_	_	_	linguistic	_	none	_	_	_	_	_	_
79-7	BZ009	79	7	lì	lì	_	_	_	_	_	linguistic	_	none	_	_	_	_	_	_
79-8	BZ009	79	8	l'	l'	_	_	_	_	_	linguistic	_	none	SpaceAfter=No	_	_	_	_	_
79-9	BZ009	79	9	inglese,	inglese	_	_	_	_	_	linguistic	_	none	Intonation=WeaklyRising	End=307.78	_	_	_	_
80-0	BZ009	80	0	più	più	_	_	_	_	_	linguistic	_	none	_	Begin=308.43	_	_	_	_
80-1	BZ009	80	1	americano,	americano	_	_	_	_	_	linguistic	_	none	Intonation=WeaklyRising	_	_	_	_	_
80-2	BZ009	80	2	quindi	quindi	_	_	_	_	_	linguistic	_	none	_	_	_	_	_	_
80-3	BZ009	80	3	un	un	_	_	_	_	_	linguistic	_	none	_	_	_	_	_	_
80-4	BZ009	80	4	po'	po'	_	_	_	_	_	linguistic	_	none	_	_	_	_	_	_
80-5	BZ009	80	5	più	più	_	_	_	_	_	linguistic	_	none	_	_	_	_	_	_
80-6	BZ009	80	6	sgrammaticato,	sgrammaticato	_	_	_	_	_	linguistic	_	none	Intonation=WeaklyRising	End=311.63	_	_	_	_
81-0	BZ009	81	0	mi	mi	_	_	_	_	_	linguistic	_	none	_	Begin=311.905	_	_	_	_
81-1	BZ009	81	1	è,	è	_	_	_	_	_	linguistic	_	none	Intonation=WeaklyRising	_	_	_	_	_
81-2	BZ009	81	2	servito.	servito	_	_	_	_	_	linguistic	_	none	Intonation=Falling	End=313.205	_	_	_	_
82-0	BZ009	82	0	eh:	eh	_	_	_	_	_	linguistic	_	none	_	Begin=313.82	1x1	_	_	_
82-1	BZ009	82	1	ho	ho	_	_	_	_	_	linguistic	_	none	_	_	_	_	_	_
82-2	BZ009	82	2	girato	girato	_	_	_	_	_	linguistic	_	none	_	_	_	_	_	_
82-3	BZ009	82	3	tanto,	tanto	_	_	_	_	_	linguistic	_	none	Intonation=WeaklyRising	_	_	_	_	_
82-4	BZ009	82	4	quindi	quindi	_	_	_	_	_	linguistic	_	none	_	_	_	_	_	_
82-5	BZ009	82	5	ho	ho	_	_	_	_	_	linguistic	_	none	_	_	_	_	_	_
82-6	BZ009	82	6	fatto	fatto	_	_	_	_	_	linguistic	_	none	_	_	_	_	_	_
82-7	BZ009	82	7	anche	anche	_	_	_	_	_	linguistic	_	none	_	_	_	_	_	_
82-8	BZ009	82	8	i	i	_	_	_	_	_	linguistic	_	none	_	_	_	_	_	_
82-9	BZ009	82	9	paesi	paesi	_	_	_	_	_	linguistic	_	none	_	_	_	_	_	_
82-10	BZ009	82	10	anglosassoni,	anglosassoni	_	_	_	_	_	linguistic	_	none	Intonation=WeaklyRising	_	_	_	_	_
82-11	BZ009	82	11	dove	dove	_	_	_	_	_	linguistic	_	none	_	_	_	_	_	_
82-12	BZ009	82	12	c'	c'	_	_	_	_	_	linguistic	_	none	SpaceAfter=No	_	_	_	_	_
82-13	BZ009	82	13	è	è	_	_	_	_	_	linguistic	_	none	_	_	_	_	_	_
82-14	BZ009	82	14	più:	più	_	_	_	_	_	linguistic	_	none	_	_	2x1	_	_	_
82-15	BZ009	82	15	diciamo	diciamo	_	_	_	_	_	linguistic	_	none	_	_	_	_	_	_
82-16	BZ009	82	16	necessità	necessità	_	_	_	_	_	linguistic	_	none	_	_	_	_	_	_
82-17	BZ009	82	17	di	di	_	_	_	_	_	linguistic	_	none	_	_	_	_	_	_
82-18	BZ009	82	18	parlare	parlare	_	_	_	_	_	linguistic	_	none	_	_	_	_	_	_
82-19	BZ009	82	19	u:n	un	_	_	_	_	_	linguistic	_	none	_	_	0x1	_	_	_
82-20	BZ009	82	20	inglese	inglese	_	_	_	_	_	linguistic	_	none	_	_	_	_	_	_
82-21	BZ009	82	21	british,	british	_	_	_	_	_	linguistic	_	none	Intonation=WeaklyRising	End=321.89	_	_	_	_
83-0	BZ001	83	0	mh	mh	_	_	_	_	_	linguistic	_	none	ProsodicLink=Yes	Begin=322.08	_	_	_	_
83-1	BZ001	83	1	mh,	mh	_	_	_	_	_	linguistic	_	none	Intonation=WeaklyRising	End=322.4	_	_	_	_
84-0	BZ009	84	0	e	e	_	_	_	_	_	linguistic	_	none	_	Begin=322.415	_	_	_	_
84-1	BZ009	84	1	perciò	perciò	_	_	_	_	_	linguistic	_	none	_	_	_	_	_	_
84-2	BZ009	84	2	ho	ho	_	_	_	_	_	linguistic	_	none	_	_	_	_	_	_
84-3	BZ009	84	3	avuto	avuto	_	_	_	_	_	linguistic	_	none	_	_	_	_	_	_
84-4	BZ009	84	4	la	la	_	_	_	_	_	linguistic	_	none	_	_	_	_	_	_
84-5	BZ009	84	5	possibilità	possibilità	_	_	_	_	_	linguistic	_	none	_	_	_	_	_	_
84-6	BZ009	84	6	di	di	_	_	_	_	_	linguistic	_	none	_	_	_	_	_	_
84-7	BZ009	84	7	interfacciarmi	interfacciarmi	_	_	_	_	_	linguistic	_	none	_	_	_	_	_	_
84-8	BZ009	84	8	con	con	_	_	_	_	_	linguistic	_	none	_	_	_	_	_	_
84-9	BZ009	84	9	tutte	tutte	_	_	_	_	_	linguistic	_	none	_	_	_	_	_	_
84-10	BZ009	84	10	e	e	_	_	_	_	_	linguistic	_	none	_	_	_	_	_	_
84-11	BZ009	84	11	due	due	_	_	_	_	_	linguistic	_	none	_	_	_	_	_	_
84-12	BZ009	84	12	le	le	_	_	_	_	_	linguistic	_	none	_	_	_	_	_	_
84-13	BZ009	84	13	sfumature	sfumature	_	_	_	_	_	linguistic	_	none	_	_	_	_	_	_
84-14	BZ009	84	14	ecco.	ecco	_	_	_	_	_	linguistic	_	none	Intonation=Falling	End=327.475	_	_	_	_
85-0	BZ001	85	0	okay,	okay	_	_	_	_	_	linguistic	_	none	Intonation=WeaklyRising	Begin=327.48|End=327.8525	_	_	_	_
86-0	BZ009	86	0	eh	eh	_	_	_	_	_	linguistic	_	none	_	Begin=327.8525	_	_	_	_
86-1	BZ009	86	1	dell'	dell'	_	_	_	_	_	linguistic	_	none	SpaceAfter=No	_	_	_	_	_
86-2	BZ009	86	2	inglese,	inglese	_	_	_	_	_	linguistic	_	none	Intonation=WeaklyRising	End=328.675	_	_	_	_
87-0	BZ009	87	0	<cosa	cosa	_	_	_	_	_	linguistic	_	none	_	Begin=328.915	_	Slow=0-4(0)	_	_
87-1	BZ009	87	1	che	che	_	_	_	_	_	linguistic	_	none	_	_	_	Slow=0-3(0)	_	_
87-2	BZ009	87	2	dà	dà	_	_	_	_	_	linguistic	_	none	_	_	_	Slow=0-2(0)	_	_
87-3	BZ009	87	3	molta	molta	_	_	_	_	_	linguistic	_	none	_	_	_	Slow=0-5(0)	_	_
87-4	BZ009	87	4	fiducia>,	fiducia	_	_	_	_	_	linguistic	_	none	Intonation=WeaklyRising	_	_	Slow=0-7(0)	_	_
87-5	BZ009	87	5	a	a	_	_	_	_	_	linguistic	_	none	_	_	_	_	_	_
87-6	BZ009	87	6	mio	mio	_	_	_	_	_	linguistic	_	none	_	_	_	_	_	_
87-7	BZ009	87	7	avviso,	avviso	_	_	_	_	_	linguistic	_	none	Intonation=WeaklyRising	End=332.575	_	_	_	_
88-0	BZ009	88	0	sono	sono	_	_	_	_	_	linguistic	_	none	_	Begin=332.89	_	_	_	_
88-1	BZ009	88	1	i	i	_	_	_	_	_	linguistic	_	none	_	_	_	_	_	_
88-2	BZ009	88	2	paesi,	paesi	_	_	_	_	_	linguistic	_	none	Intonation=WeaklyRising	End=334.1	_	_	_	_
89-0	BZ009	89	0	eh	eh	_	_	_	_	_	linguistic	_	none	_	Begin=334.64	_	_	_	_
89-1	BZ009	89	1	non	non	_	_	_	_	_	linguistic	_	none	_	_	_	_	_	_
89-2	BZ009	89	2	di	di	_	_	_	_	_	linguistic	_	none	_	_	_	_	_	_
89-3	BZ009	89	3	madrelingua	madrelingua	_	_	_	_	_	linguistic	_	none	_	_	_	_	_	_
89-4	BZ009	89	4	inglese,	inglese	_	_	_	_	_	linguistic	_	none	Intonation=WeaklyRising	_	_	_	_	_
89-5	BZ009	89	5	quindi	quindi	_	_	_	_	_	linguistic	_	none	_	_	_	_	_	_
89-6	BZ009	89	6	parliamo	parliamo	_	_	_	_	_	linguistic	_	none	_	_	_	_	_	_
89-7	BZ009	89	7	spagna,	spagna	_	_	_	_	_	linguistic	_	none	Intonation=WeaklyRising	_	_	_	_	_
89-8	BZ009	89	8	portogallo,	portogallo	_	_	_	_	_	linguistic	_	none	Intonation=WeaklyRising	_	_	_	_	_
89-9	BZ009	89	9	eh:	eh	_	_	_	_	_	linguistic	_	none	_	_	1x1	_	_	_
89-10	BZ009	89	10	f:	f	_	_	_	_	_	linguistic	_	none	_	_	0x1	_	_	_
89-11	BZ009	89	11	((sbuffa))	((sbuffa))	_	_	_	_	_	nonverbalbehavior	_	none	_	End=340.28	_	_	_	_
90-0	BZ009	90	0	danimarca,	danimarca	_	_	_	_	_	linguistic	_	none	Intonation=WeaklyRising	Begin=340.645	_	_	_	_
90-1	BZ009	90	1	svezia,	svezia	_	_	_	_	_	linguistic	_	none	Intonation=WeaklyRising	_	_	_	_	_
90-2	BZ009	90	2	dove	dove	_	_	_	_	_	linguistic	_	none	_	_	_	_	_	_
90-3	BZ009	90	3	parlano	parlano	_	_	_	_	_	linguistic	_	none	_	_	_	_	_	_
90-4	BZ009	90	4	l'	l'	_	_	_	_	_	linguistic	_	none	SpaceAfter=No	_	_	_	_	_
90-5	BZ009	90	5	inglese,	inglese	_	_	_	_	_	linguistic	_	none	Intonation=WeaklyRising	End=343.455	_	_	_	_
91-0	BZ009	91	0	<ma	ma	_	_	_	_	_	linguistic	_	none	_	Begin=343.785	_	Slow=0-2(0)	_	_
91-1	BZ009	91	1	non	non	_	_	_	_	_	linguistic	_	none	_	_	_	Slow=0-3(0)	_	_
91-2	BZ009	91	2	chiaramente	chiaramente	_	_	_	_	_	linguistic	_	none	_	_	_	Slow=0-11(0)	_	_
91-3	BZ009	91	3	come	come	_	_	_	_	_	linguistic	_	none	_	_	_	Slow=0-4(0)	_	_
91-4	BZ009	91	4	nei	nei	_	_	_	_	_	linguistic	_	none	_	_	_	Slow=0-3(0)	_	_
91-5	BZ009	91	5	paesi	paesi	_	_	_	_	_	linguistic	_	none	_	_	_	Slow=0-5(0)	_	_
91-6	BZ009	91	6	di	di	_	_	_	_	_	linguistic	_	none	_	_	_	Slow=0-2(0)	_	_
91-7	BZ009	91	7	madrelingua>,	madrelingua	_	_	_	_	_	linguistic	_	none	Intonation=WeaklyRising	_	_	Slow=0-11(0)	_	_
91-8	BZ009	91	8	e	e	_	_	_	_	_	linguistic	_	none	_	_	_	_	_	_
91-9	BZ009	91	9	quindi	quindi	_	_	_	_	_	linguistic	_	none	_	_	_	_	_	_
91-10	BZ009	91	10	lì	lì	_	_	_	_	_	linguistic	_	none	_	_	_	_	_	_
91-11	BZ009	91	11	si	si	_	_	_	_	_	linguistic	_	none	_	_	_	_	_	_
91-12	BZ009	91	12	è	è	_	_	_	_	_	linguistic	_	none	_	_	_	_	_	_
91-13	BZ009	91	13	più,	più	_	_	_	_	_	linguistic	_	none	Intonation=WeaklyRising|PauseAfter=Yes	_	_	_	_	_
91-14	BZ009	91	14	(.)	(.)	_	_	_	_	_	shortpause	_	none	_	_	_	_	_	_
91-15	BZ009	91	15	spinti	spinti	_	_	_	_	_	linguistic	_	none	_	_	_	_	_	_
91-16	BZ009	91	16	a	a	_	_	_	_	_	linguistic	_	none	_	_	_	_	_	_
91-17	BZ009	91	17	parlare	parlare	_	_	_	_	_	linguistic	_	none	_	_	_	_	_	_
91-18	BZ009	91	18	liberamente	liberamente	_	_	_	_	_	linguistic	_	none	_	_	_	_	_	_
91-19	BZ009	91	19	senza	senza	_	_	_	_	_	linguistic	_	none	_	_	_	_	_	_
91-20	BZ009	91	20	[paura	paura	_	_	_	_	_	linguistic	_	none	_	_	_	_	_	0-5(9)
91-21	BZ009	91	21	di	di	_	_	_	_	_	linguistic	_	none	_	_	_	_	_	0-2(9)
91-22	BZ009	91	22	fare	fare	_	_	_	_	_	linguistic	_	none	_	_	_	_	_	0-4(9)
91-23	BZ009	91	23	errori],	errori	_	_	_	_	_	linguistic	_	none	Intonation=WeaklyRising	End=352.775	_	_	_	0-6(9)
92-0	BZ001	92	0	[t.sk	t.sk	_	_	_	_	_	error	_	none	_	Begin=351.84	_	_	_	0-3(9)
92-1	BZ001	92	1	okay].	okay	_	_	_	_	_	linguistic	_	none	Intonation=Falling	End=352.695	_	_	_	0-4(9)
93-0	BZ009	93	0	quindi	quindi	_	_	_	_	_	linguistic	_	none	_	Begin=353.33	_	_	_	_
93-1	BZ009	93	1	è	è	_	_	_	_	_	linguistic	_	none	_	_	_	_	_	_
93-2	BZ009	93	2	quasi	quasi	_	_	_	_	_	linguistic	_	none	_	_	_	_	_	_
93-3	BZ009	93	3	più	più	_	_	_	_	_	linguistic	_	none	_	_	_	_	_	_
93-4	BZ009	93	4	facile,	facile	_	_	_	_	_	linguistic	_	none	Intonation=WeaklyRising|PauseAfter=Yes	_	_	_	_	_
93-5	BZ009	93	5	(.)	(.)	_	_	_	_	_	shortpause	_	none	_	_	_	_	_	_
93-6	BZ009	93	6	eh:	eh	_	_	_	_	_	linguistic	_	none	_	_	1x1	_	_	_
93-7	BZ009	93	7	parlare	parlare	_	_	_	_	_	linguistic	_	none	_	_	_	_	_	_
93-8	BZ009	93	8	nei	nei	_	_	_	_	_	linguistic	_	none	_	_	_	_	_	_
93-9	BZ009	93	9	paesi	paesi	_	_	_	_	_	linguistic	_	none	_	_	_	_	_	_
93-10	BZ009	93	10	non	non	_	_	_	_	_	linguistic	_	none	_	_	_	_	_	_
93-11	BZ009	93	11	americani,	americani	_	_	_	_	_	linguistic	_	none	Intonation=WeaklyRising	_	_	_	_	_
93-12	BZ009	93	12	non	non	_	_	_	_	_	linguistic	_	none	_	_	_	_	_	_
93-13	BZ009	93	13	inglesi,	inglesi	_	_	_	_	_	linguistic	_	none	Intonation=WeaklyRising	End=359.0	_	_	_	_
94-0	BZ009	94	0	eh:	eh	_	_	_	_	_	linguistic	_	none	_	Begin=359.35	1x1	_	_	_
94-1	BZ009	94	1	in	in	_	_	_	_	_	linguistic	_	none	_	_	_	_	_	_
94-2	BZ009	94	2	inglese	inglese	_	_	_	_	_	linguistic	_	none	_	_	_	_	_	_
94-3	BZ009	94	3	rispetto	rispetto	_	_	_	_	_	linguistic	_	none	_	_	_	_	_	_
94-4	BZ009	94	4	a	a	_	_	_	_	_	linguistic	_	none	_	_	_	_	_	_
94-5	BZ009	94	5	quelli	quelli	_	_	_	_	_	linguistic	_	none	_	_	_	_	_	_
94-6	BZ009	94	6	di	di	_	_	_	_	_	linguistic	_	none	_	_	_	_	_	_
94-7	BZ009	94	7	madrelingua.	madrelingua	_	_	_	_	_	linguistic	_	none	Intonation=Falling	_	_	_	_	_
94-8	BZ009	94	8	perché	perché	_	_	_	_	_	linguistic	_	none	_	_	_	_	_	_
94-9	BZ009	94	9	ti	ti	_	_	_	_	_	linguistic	_	none	_	_	_	_	_	_
94-10	BZ009	94	10	aiuta	aiuta	_	_	_	_	_	linguistic	_	none	_	_	_	_	_	_
94-11	BZ009	94	11	il	il	_	_	_	_	_	linguistic	_	none	_	_	_	_	_	_
94-12	BZ009	94	12	fatto	fatto	_	_	_	_	_	linguistic	_	none	_	_	_	_	_	_
94-13	BZ009	94	13	che	che	_	_	_	_	_	linguistic	_	none	_	_	_	_	_	_
94-14	BZ009	94	14	anche	anche	_	_	_	_	_	linguistic	_	none	_	_	_	_	_	_
94-15	BZ009	94	15	dall'	dall'	_	_	_	_	_	linguistic	_	none	SpaceAfter=No	_	_	_	_	_
94-16	BZ009	94	16	altra	altra	_	_	_	_	_	linguistic	_	none	_	_	_	_	_	_
94-17	BZ009	94	17	parte,	parte	_	_	_	_	_	linguistic	_	none	Intonation=WeaklyRising	End=364.71	_	_	_	_
95-0	BZ009	95	0	il	il	_	_	_	_	_	linguistic	_	none	_	Begin=365.11	_	_	_	_
95-1	BZ009	95	1	tuo:,	tuo	_	_	_	_	_	linguistic	_	none	Intonation=WeaklyRising|PauseAfter=Yes	_	2x1	_	_	_
95-2	BZ009	95	2	(.)	(.)	_	_	_	_	_	shortpause	_	none	_	_	_	_	_	_
95-3	BZ009	95	3	interlocutore,	interlocutore	_	_	_	_	_	linguistic	_	none	Intonation=WeaklyRising	End=367.68	_	_	_	_
96-0	BZ009	96	0	può	può	_	_	_	_	_	linguistic	_	none	_	Begin=367.91	_	_	_	_
96-1	BZ009	96	1	fare	fare	_	_	_	_	_	linguistic	_	none	_	_	_	_	_	_
96-2	BZ009	96	2	degli	degli	_	_	_	_	_	linguistic	_	none	_	_	_	_	_	_
96-3	BZ009	96	3	errori	errori	_	_	_	_	_	linguistic	_	none	_	_	_	_	_	_
96-4	BZ009	96	4	e	e	_	_	_	_	_	linguistic	_	none	_	_	_	_	_	_
96-5	BZ009	96	5	non	non	_	_	_	_	_	linguistic	_	none	_	_	_	_	_	_
96-6	BZ009	96	6	giudica	giudica	_	_	_	_	_	linguistic	_	none	_	_	_	_	_	_
96-7	BZ009	96	7	soprattutto	soprattutto	_	_	_	_	_	linguistic	_	none	_	_	_	_	_	_
96-8	BZ009	96	8	i	i	_	_	_	_	_	linguistic	_	none	_	_	_	_	_	_
96-9	BZ009	96	9	tuoi	tuoi	_	_	_	_	_	linguistic	_	none	_	_	_	_	_	_
96-10	BZ009	96	10	errori	errori	_	_	_	_	_	linguistic	_	none	_	_	_	_	_	_
96-11	BZ009	96	11	magari	magari	_	_	_	_	_	linguistic	_	none	_	_	_	_	_	_
96-12	BZ009	96	12	come	come	_	_	_	_	_	linguistic	_	none	_	_	_	_	_	_
96-13	BZ009	96	13	fanno,	fanno	_	_	_	_	_	linguistic	_	none	Intonation=WeaklyRising	_	_	_	_	_
96-14	BZ009	96	14	[gli	gli	_	_	_	_	_	linguistic	_	none	_	_	_	_	_	0-3(10)
96-15	BZ009	96	15	inglesi].	inglesi	_	_	_	_	_	linguistic	_	none	Intonation=Falling	End=372.84	_	_	_	0-7(10)
97-0	BZ001	97	0	[mh	mh	_	_	_	_	_	linguistic	_	none	ProsodicLink=Yes	Begin=372.2	_	_	_	0-2(10)
97-1	BZ001	97	1	mh].	mh	_	_	_	_	_	linguistic	_	none	Intonation=Falling	End=372.85	_	_	_	0-2(10)
98-0	BZ009	98	0	non	non	_	_	_	_	_	linguistic	_	none	_	Begin=373.575	_	_	_	_
98-1	BZ009	98	1	ho	ho	_	_	_	_	_	linguistic	_	none	_	_	_	_	_	_
98-2	BZ009	98	2	citato	citato	_	_	_	_	_	linguistic	_	none	_	_	_	_	_	_
98-3	BZ009	98	3	apposta	apposta	_	_	_	_	_	linguistic	_	none	_	_	_	_	_	_
98-4	BZ009	98	4	la	la	_	_	_	_	_	linguistic	_	none	_	_	_	_	_	_
98-5	BZ009	98	5	francia	francia	_	_	_	_	_	linguistic	_	none	_	_	_	_	_	_
98-6	BZ009	98	6	perché	perché	_	_	_	_	_	linguistic	_	none	_	_	_	_	_	_
98-7	BZ009	98	7	in	in	_	_	_	_	_	linguistic	_	none	_	_	_	_	_	_
98-8	BZ009	98	8	francia:,	francia	_	_	_	_	_	linguistic	_	none	Intonation=WeaklyRising|PauseAfter=Yes	_	6x1	_	_	_
98-9	BZ009	98	9	(.)	(.)	_	_	_	_	_	shortpause	_	none	_	_	_	_	_	_
98-10	BZ009	98	10	bisogna	bisogna	_	_	_	_	_	linguistic	_	none	_	_	_	_	_	_
98-11	BZ009	98	11	sapersi	sapersi	_	_	_	_	_	linguistic	_	none	_	_	_	_	_	_
98-12	BZ009	98	12	ecco,	ecco	_	_	_	_	_	linguistic	_	none	Intonation=WeaklyRising	End=378.5	_	_	_	_
99-0	BZ009	99	0	gestire	gestire	_	_	_	_	_	linguistic	_	none	_	Begin=378.78	_	_	_	_
99-1	BZ009	99	1	col	col	_	_	_	_	_	linguistic	_	none	_	_	_	_	_	_
99-2	BZ009	99	2	francese.	francese	_	_	_	_	_	linguistic	_	none	Intonation=Falling	_	_	_	_	_
99-3	BZ009	99	3	tsk.	tsk	_	_	_	_	_	linguistic	_	none	Intonation=Falling	End=380.38	_	_	_	_
100-0	BZ001	100	0	okay.	okay	_	_	_	_	_	linguistic	_	none	Intonation=Falling	Begin=380.435|End=381.065	_	_	_	_
101-0	BZ001	101	0	quindi	quindi	_	_	_	_	_	linguistic	_	none	_	Begin=381.405	_	_	_	_
101-1	BZ001	101	1	tu	tu	_	_	_	_	_	linguistic	_	none	_	_	_	_	_	_
101-2	BZ001	101	2	quando:	quando	_	_	_	_	_	linguistic	_	none	_	_	5x1	_	_	_
101-3	BZ001	101	3	ti	ti	_	_	_	_	_	linguistic	_	none	_	_	_	_	_	_
101-4	BZ001	101	4	trovi	trovi	_	_	_	_	_	linguistic	_	none	_	_	_	_	_	_
101-5	BZ001	101	5	a	a	_	_	_	_	_	linguistic	_	none	_	_	_	_	_	_
101-6	BZ001	101	6	parlare	parlare	_	_	_	_	_	linguistic	_	none	_	_	_	_	_	_
101-7	BZ001	101	7	una	una	_	_	_	_	_	linguistic	_	none	_	_	_	_	_	_
101-8	BZ001	101	8	lingua,	lingua	_	_	_	_	_	linguistic	_	none	Intonation=WeaklyRising	_	_	_	_	_
101-9	BZ001	101	9	che	che	_	_	_	_	_	linguistic	_	none	_	_	_	_	_	_
101-10	BZ001	101	10	non	non	_	_	_	_	_	linguistic	_	none	_	_	_	_	_	_
101-11	BZ001	101	11	è	è	_	_	_	_	_	linguistic	_	none	_	_	_	_	_	_
101-12	BZ001	101	12	la	la	_	_	_	_	_	linguistic	_	none	_	_	_	_	_	_
101-13	BZ001	101	13	tua	tua	_	_	_	_	_	linguistic	_	none	_	_	_	_	_	_
101-14	BZ001	101	14	madrelingua,	madrelingua	_	_	_	_	_	linguistic	_	none	Intonation=WeaklyRising	_	_	_	_	_
101-15	BZ001	101	15	eh	eh	_	_	_	_	_	linguistic	_	none	_	_	_	_	_	_
101-16	BZ001	101	16	all'	all'	_	_	_	_	_	linguistic	_	none	SpaceAfter=No	_	_	_	_	_
101-17	BZ001	101	17	estero	estero	_	_	_	_	_	linguistic	_	none	_	_	_	_	_	_
101-18	BZ001	101	18	nel	nel	_	_	_	_	_	linguistic	_	none	_	_	_	_	_	_
101-19	BZ001	101	19	paese	paese	_	_	_	_	_	linguistic	_	none	_	_	_	_	_	_
101-20	BZ001	101	20	in	in	_	_	_	_	_	linguistic	_	none	_	_	_	_	_	_
101-21	BZ001	101	21	cui	cui	_	_	_	_	_	linguistic	_	none	_	_	_	_	_	_
101-22	BZ001	101	22	si	si	_	_	_	_	_	linguistic	_	none	_	_	_	_	_	_
101-23	BZ001	101	23	parla	parla	_	_	_	_	_	linguistic	_	none	_	_	_	_	_	_
101-24	BZ001	101	24	quella	quella	_	_	_	_	_	linguistic	_	none	_	_	_	_	_	_
101-25	BZ001	101	25	lingua,	lingua	_	_	_	_	_	linguistic	_	none	Intonation=WeaklyRising	_	_	_	_	_
101-26	BZ001	101	26	senti	senti	_	_	_	_	_	linguistic	_	none	_	_	_	_	_	_
101-27	BZ001	101	27	la	la	_	_	_	_	_	linguistic	_	none	_	_	_	_	_	_
101-28	BZ001	101	28	pressione	pressione	_	_	_	_	_	linguistic	_	none	_	_	_	_	_	_
101-29	BZ001	101	29	del,	del	_	_	_	_	_	linguistic	_	none	Intonation=WeaklyRising	_	_	_	_	_
101-30	BZ001	101	30	giudizio?	giudizio	_	_	_	_	_	linguistic	_	none	Intonation=Rising	End=389.75	_	_	_	_
102-0	BZ001	102	0	eh	eh	_	_	_	_	_	linguistic	_	none	_	Begin=390.1	_	_	_	_
102-1	BZ001	102	1	che	che	_	_	_	_	_	linguistic	_	none	_	_	_	_	_	_
102-2	BZ001	102	2	ti	ti	_	_	_	_	_	linguistic	_	none	_	_	_	_	_	_
102-3	BZ001	102	3	[che	che	_	_	_	_	_	linguistic	_	none	_	_	_	_	_	0-3(11)
102-4	BZ001	102	4	ti	ti	_	_	_	_	_	linguistic	_	none	_	_	_	_	_	0-2(11)
102-5	BZ001	102	5	arriva]?	arriva	_	_	_	_	_	linguistic	_	none	Intonation=Rising	End=391.54	_	_	_	0-6(11)
103-0	BZ009	103	0	[in	in	_	_	_	_	_	linguistic	_	none	_	Begin=390.635	_	_	_	0-2(?)
103-1	BZ009	103	1	inghilterra],	inghilterra	_	_	_	_	_	linguistic	_	none	Intonation=WeaklyRising	_	_	_	_	0-11(?)
103-2	BZ009	103	2	l'	l'	_	_	_	_	_	linguistic	_	none	SpaceAfter=No	_	_	_	_	_
103-3	BZ009	103	3	ho	ho	_	_	_	_	_	linguistic	_	none	_	_	_	_	_	_
103-4	BZ009	103	4	avvertita.	avvertita	_	_	_	_	_	linguistic	_	none	Intonation=Falling	End=392.53	_	_	_	_
104-0	BZ001	104	0	okay.	okay	_	_	_	_	_	linguistic	_	none	Intonation=Falling	Begin=392.285|End=392.725	_	_	_	_
105-0	BZ009	105	0	solamente	solamente	_	_	_	_	_	linguistic	_	none	_	Begin=393.18	_	_	_	_
105-1	BZ009	105	1	in	in	_	_	_	_	_	linguistic	_	none	_	_	_	_	_	_
105-2	BZ009	105	2	inghilterra.	inghilterra	_	_	_	_	_	linguistic	_	none	Intonation=Falling	End=394.5	_	_	_	_
106-0	BZ001	106	0	però	però	_	_	_	_	_	linguistic	_	none	_	Begin=395.705	_	_	_	_
106-1	BZ001	106	1	ti	ti	_	_	_	_	_	linguistic	_	none	_	_	_	_	_	_
106-2	BZ001	106	2	piace,	piace	_	_	_	_	_	linguistic	_	none	Intonation=WeaklyRising	_	_	_	_	_
106-3	BZ001	106	3	provare	provare	_	_	_	_	_	linguistic	_	none	_	End=396.965	_	_	_	_
107-0	BZ009	107	0	mi	mi	_	_	_	_	_	linguistic	_	none	_	Begin=396.76	_	_	_	_
107-1	BZ009	107	1	piace	piace	_	_	_	_	_	linguistic	_	none	_	_	_	_	_	_
107-2	BZ009	107	2	provare	provare	_	_	_	_	_	linguistic	_	none	_	_	_	_	_	_
107-3	BZ009	107	3	lo	lo	_	_	_	_	_	linguistic	_	none	_	_	_	_	_	_
107-4	BZ009	107	4	stes[so	stesso	_	_	_	_	_	linguistic	_	none	_	_	_	_	_	4-6(?)
107-5	BZ009	107	5	sì	sì	_	_	_	_	_	linguistic	_	none	ProsodicLink=Yes	_	_	_	_	0-2(?)
107-6	BZ009	107	6	sì].	sì	_	_	_	_	_	linguistic	_	none	Intonation=Falling	End=398.31	_	_	_	0-2(?)
108-0	BZ001	108	0	[okay].	okay	_	_	_	_	_	linguistic	_	none	Intonation=Falling	Begin=397.745|End=398.275	_	_	_	0-4(14)
109-0	BZ009	109	0	>mi	mi	_	_	_	_	_	linguistic	_	none	_	Begin=398.825	_	Fast=0-2(0)	_	_
109-1	BZ009	109	1	piace	piace	_	_	_	_	_	linguistic	_	none	_	_	_	Fast=0-5(0)	_	_
109-2	BZ009	109	2	provare<.	provare	_	_	_	_	_	linguistic	_	none	Intonation=Falling	End=399.425	_	Fast=0-7(0)	_	_
110-0	BZ001	110	0	e	e	_	_	_	_	_	linguistic	_	none	_	Begin=399.65	_	_	_	_
110-1	BZ001	110	1	in	in	_	_	_	_	_	linguistic	_	none	_	_	_	_	_	_
110-2	BZ001	110	2	relazione,	relazione	_	_	_	_	_	linguistic	_	none	Intonation=WeaklyRising	_	_	_	_	_
110-3	BZ001	110	3	al	al	_	_	_	_	_	linguistic	_	none	_	_	_	_	_	_
110-4	BZ001	110	4	tedesco	tedesco	_	_	_	_	_	linguistic	_	none	_	_	_	_	_	_
110-5	BZ001	110	5	invece,	invece	_	_	_	_	_	linguistic	_	none	Intonation=WeaklyRising	_	_	_	_	_
110-6	BZ001	110	6	>ecco	ecco	_	_	_	_	_	linguistic	_	none	_	_	_	Fast=0-4(0)	_	_
110-7	BZ001	110	7	qui	qui	_	_	_	_	_	linguistic	_	none	_	_	_	Fast=0-3(0)	_	_
110-8	BZ001	110	8	magari	magari	_	_	_	_	_	linguistic	_	none	_	_	_	Fast=0-6(0)	_	_
110-9	BZ001	110	9	farei<	farei	_	_	_	_	_	linguistic	_	none	_	_	_	Fast=0-5(0)	_	_
110-10	BZ001	110	10	un	un	_	_	_	_	_	linguistic	_	none	_	_	_	_	_	_
110-11	BZ001	110	11	passo	passo	_	_	_	_	_	linguistic	_	none	_	_	_	_	_	_
110-12	BZ001	110	12	di	di	_	_	_	_	_	linguistic	_	none	_	_	_	_	_	_
110-13	BZ001	110	13	lato,	lato	_	_	_	_	_	linguistic	_	none	Intonation=WeaklyRising	_	_	_	_	_
110-14	BZ001	110	14	e	e	_	_	_	_	_	linguistic	_	none	_	_	_	_	_	_
110-15	BZ001	110	15	poi	poi	_	_	_	_	_	linguistic	_	none	_	_	_	_	_	_
110-16	BZ001	110	16	torniamo	torniamo	_	_	_	_	_	linguistic	_	none	_	_	_	_	_	_
110-17	BZ001	110	17	su	su	_	_	_	_	_	linguistic	_	none	_	_	_	_	_	_
110-18	BZ001	110	18	questa	questa	_	_	_	_	_	linguistic	_	none	_	_	_	_	_	_
110-19	BZ001	110	19	cosa	cosa	_	_	_	_	_	linguistic	_	none	_	_	_	_	_	_
110-20	BZ001	110	20	cioè,	cioè	_	_	_	_	_	linguistic	_	none	Intonation=WeaklyRising|PauseAfter=Yes	_	_	_	_	_
110-21	BZ001	110	21	(.)	(.)	_	_	_	_	_	shortpause	_	none	_	_	_	_	_	_
110-22	BZ001	110	22	se	se	_	_	_	_	_	linguistic	_	none	_	_	_	_	_	_
110-23	BZ001	110	23	arrivasse	arrivasse	_	_	_	_	_	linguistic	_	none	_	_	_	_	_	_
110-24	BZ001	110	24	una	una	_	_	_	_	_	linguistic	_	none	_	_	_	_	_	_
110-25	BZ001	110	25	persona	persona	_	_	_	_	_	linguistic	_	none	_	_	_	_	_	_
110-26	BZ001	110	26	che	che	_	_	_	_	_	linguistic	_	none	_	_	_	_	_	_
110-27	BZ001	110	27	non:	non	_	_	_	_	_	linguistic	_	none	_	_	2x1	_	_	_
110-28	BZ001	110	28	conosce	conosce	_	_	_	_	_	linguistic	_	none	_	_	_	_	_	_
110-29	BZ001	110	29	l'	l'	_	_	_	_	_	linguistic	_	none	SpaceAfter=No	_	_	_	_	_
110-30	BZ001	110	30	alto	alto	_	_	_	_	_	linguistic	_	none	_	_	_	_	_	_
110-31	BZ001	110	31	adige,	adige	_	_	_	_	_	linguistic	_	none	Intonation=WeaklyRising	_	_	_	_	_
110-32	BZ001	110	32	non	non	_	_	_	_	_	linguistic	_	none	_	_	_	_	_	_
110-33	BZ001	110	33	è	è	_	_	_	_	_	linguistic	_	none	_	_	_	_	_	_
110-34	BZ001	110	34	mai,	mai	_	_	_	_	_	linguistic	_	none	Intonation=WeaklyRising	_	_	_	_	_
110-35	BZ001	110	35	non	non	_	_	_	_	_	linguistic	_	none	_	_	_	_	_	_
110-36	BZ001	110	36	sa	sa	_	_	_	_	_	linguistic	_	none	_	_	_	_	_	_
110-37	BZ001	110	37	dell'	dell'	_	_	_	_	_	linguistic	_	none	SpaceAfter=No	_	_	_	_	_
110-38	BZ001	110	38	esistenza	esistenza	_	_	_	_	_	linguistic	_	none	_	_	_	_	_	_
110-39	BZ001	110	39	dell'	dell'	_	_	_	_	_	linguistic	_	none	SpaceAfter=No	_	_	_	_	_
110-40	BZ001	110	40	alto	alto	_	_	_	_	_	linguistic	_	none	_	_	_	_	_	_
110-41	BZ001	110	41	adige,	adige	_	_	_	_	_	linguistic	_	none	Intonation=WeaklyRising	End=410.55	_	_	_	_
111-0	BZ001	111	0	e	e	_	_	_	_	_	linguistic	_	none	_	Begin=410.755	_	_	_	_
111-1	BZ001	111	1	tu	tu	_	_	_	_	_	linguistic	_	none	_	_	_	_	_	_
111-2	BZ001	111	2	dovessi	dovessi	_	_	_	_	_	linguistic	_	none	_	_	_	_	_	_
111-3	BZ001	111	3	raccontare	raccontare	_	_	_	_	_	linguistic	_	none	_	_	_	_	_	_
111-4	BZ001	111	4	l'	l'	_	_	_	_	_	linguistic	_	none	SpaceAfter=No	_	_	_	_	_
111-5	BZ001	111	5	alto	alto	_	_	_	_	_	linguistic	_	none	_	_	_	_	_	_
111-6	BZ001	111	6	adige	adige	_	_	_	_	_	linguistic	_	none	_	_	_	_	_	_
111-7	BZ001	111	7	e	e	_	_	_	_	_	linguistic	_	none	_	_	_	_	_	_
111-8	BZ001	111	8	la	la	_	_	_	_	_	linguistic	_	none	_	_	_	_	_	_
111-9	BZ001	111	9	relaz-	relaz-	_	_	_	_	_	linguistic	_	none	Interrupted=Yes	_	_	_	_	_
111-10	BZ001	111	10	la:	la	_	_	_	_	_	linguistic	_	none	_	_	1x1	_	_	_
111-11	BZ001	111	11	la	la	_	_	_	_	_	linguistic	_	none	_	_	_	_	_	_
111-12	BZ001	111	12	situazione	situazione	_	_	_	_	_	linguistic	_	none	_	_	_	_	_	_
111-13	BZ001	111	13	linguistica	linguistica	_	_	_	_	_	linguistic	_	none	_	_	_	_	_	_
111-14	BZ001	111	14	dell'	dell'	_	_	_	_	_	linguistic	_	none	SpaceAfter=No	_	_	_	_	_
111-15	BZ001	111	15	alto	alto	_	_	_	_	_	linguistic	_	none	_	_	_	_	_	_
111-16	BZ001	111	16	adige,	adige	_	_	_	_	_	linguistic	_	none	Intonation=WeaklyRising	End=415.89	_	_	_	_
112-0	BZ001	112	0	come	come	_	_	_	_	_	linguistic	_	none	_	Begin=416.125	_	_	_	_
112-1	BZ001	112	1	la	la	_	_	_	_	_	linguistic	_	none	_	_	_	_	_	_
112-2	BZ001	112	2	presenteresti	presenteresti	_	_	_	_	_	linguistic	_	none	_	_	_	_	_	_
112-3	BZ001	112	3	diciamo?	diciamo	_	_	_	_	_	linguistic	_	none	Intonation=Rising	End=417.595	_	_	_	_
113-0	BZ009	113	0	allora,	allora	_	_	_	_	_	linguistic	_	none	Intonation=WeaklyRising	Begin=418.405|End=419.105	_	_	_	_
114-0	BZ009	114	0	la	la	_	_	_	_	_	linguistic	_	none	_	Begin=419.43	_	_	_	_
114-1	BZ009	114	1	situazione	situazione	_	_	_	_	_	linguistic	_	none	_	_	_	_	_	_
114-2	BZ009	114	2	linguistica	linguistica	_	_	_	_	_	linguistic	_	none	_	_	_	_	_	_
114-3	BZ009	114	3	dell'	dell'	_	_	_	_	_	linguistic	_	none	SpaceAfter=No	_	_	_	_	_
114-4	BZ009	114	4	alto	alto	_	_	_	_	_	linguistic	_	none	_	_	_	_	_	_
114-5	BZ009	114	5	adige,	adige	_	_	_	_	_	linguistic	_	none	Intonation=WeaklyRising	_	_	_	_	_
114-6	BZ009	114	6	mh:	mh	_	_	_	_	_	linguistic	_	none	_	End=422.05	1x1	_	_	_
115-0	BZ009	115	0	la	la	_	_	_	_	_	linguistic	_	none	_	Begin=422.36	_	_	_	_
115-1	BZ009	115	1	definirei	definirei	_	_	_	_	_	linguistic	_	none	_	_	_	_	_	_
115-2	BZ009	115	2	di	di	_	_	_	_	_	linguistic	_	none	_	_	_	_	_	_
115-3	BZ009	115	3	fatto	fatto	_	_	_	_	_	linguistic	_	none	_	_	_	_	_	_
115-4	BZ009	115	4	com'	com'	_	_	_	_	_	linguistic	_	none	SpaceAfter=No	_	_	_	_	_
115-5	BZ009	115	5	è.	è	_	_	_	_	_	linguistic	_	none	Intonation=Falling|PauseAfter=Yes	_	_	_	_	_
115-6	BZ009	115	6	(.)	(.)	_	_	_	_	_	shortpause	_	none	_	_	_	_	_	_
115-7	BZ009	115	7	ovvero,	ovvero	_	_	_	_	_	linguistic	_	none	Intonation=WeaklyRising	_	_	_	_	_
115-8	BZ009	115	8	eh:	eh	_	_	_	_	_	linguistic	_	none	_	_	1x1	_	_	_
115-9	BZ009	115	9	una	una	_	_	_	_	_	linguistic	_	none	_	_	_	_	_	_
115-10	BZ009	115	10	spaccatura	spaccatura	_	_	_	_	_	linguistic	_	none	_	_	_	_	_	_
115-11	BZ009	115	11	evidente	evidente	_	_	_	_	_	linguistic	_	none	_	_	_	_	_	_
115-12	BZ009	115	12	tra,	tra	_	_	_	_	_	linguistic	_	none	Intonation=WeaklyRising	End=427.95	_	_	_	_
116-0	BZ009	116	0	la,	la	_	_	_	_	_	linguistic	_	none	Intonation=WeaklyRising	Begin=428.34	_	_	_	_
116-1	BZ009	116	1	la	la	_	_	_	_	_	linguistic	_	none	_	_	_	_	_	_
116-2	BZ009	116	2	parte	parte	_	_	_	_	_	linguistic	_	none	_	_	_	_	_	_
116-3	BZ009	116	3	linguistica	linguistica	_	_	_	_	_	linguistic	_	none	_	_	_	_	_	_
116-4	BZ009	116	4	italiana,	italiana	_	_	_	_	_	linguistic	_	none	Intonation=WeaklyRising|PauseAfter=Yes	_	_	_	_	_
116-5	BZ009	116	5	(.)	(.)	_	_	_	_	_	shortpause	_	none	_	_	_	_	_	_
116-6	BZ009	116	6	soprattutto	soprattutto	_	_	_	_	_	linguistic	_	none	_	_	_	_	_	_
116-7	BZ009	116	7	di	di	_	_	_	_	_	linguistic	_	none	_	_	_	_	_	_
116-8	BZ009	116	8	residenza,	residenza	_	_	_	_	_	linguistic	_	none	Intonation=WeaklyRising	_	_	_	_	_
116-9	BZ009	116	9	ovvero	ovvero	_	_	_	_	_	linguistic	_	none	PauseAfter=Yes	_	_	_	_	_
116-10	BZ009	116	10	(.)	(.)	_	_	_	_	_	shortpause	_	none	_	_	_	_	_	_
116-11	BZ009	116	11	i	i	_	_	_	_	_	linguistic	_	none	_	_	_	_	_	_
116-12	BZ009	116	12	quartieri	quartieri	_	_	_	_	_	linguistic	_	none	_	_	_	_	_	_
116-13	BZ009	116	13	limitrofi	limitrofi	_	_	_	_	_	linguistic	_	none	_	_	_	_	_	_
116-14	BZ009	116	14	rispetto	rispetto	_	_	_	_	_	linguistic	_	none	_	_	_	_	_	_
116-15	BZ009	116	15	al	al	_	_	_	_	_	linguistic	_	none	_	_	_	_	_	_
116-16	BZ009	116	16	centro,	centro	_	_	_	_	_	linguistic	_	none	Intonation=WeaklyRising|PauseAfter=Yes	_	_	_	_	_
116-17	BZ009	116	17	(.)	(.)	_	_	_	_	_	shortpause	_	none	_	_	_	_	_	_
116-18	BZ009	116	18	quartieri	quartieri	_	_	_	_	_	linguistic	_	none	_	_	_	_	_	_
116-19	BZ009	116	19	dove	dove	_	_	_	_	_	linguistic	_	none	_	_	_	_	_	_
116-20	BZ009	116	20	sono	sono	_	_	_	_	_	linguistic	_	none	_	_	_	_	_	_
116-21	BZ009	116	21	nato	nato	_	_	_	_	_	linguistic	_	none	_	_	_	_	_	_
116-22	BZ009	116	22	io,	io	_	_	_	_	_	linguistic	_	none	Intonation=WeaklyRising	_	_	_	_	_
116-23	BZ009	116	23	dove,	dove	_	_	_	_	_	linguistic	_	none	Intonation=WeaklyRising	End=437.78	_	_	_	_
117-0	BZ009	117	0	posso	posso	_	_	_	_	_	linguistic	_	none	_	Begin=438.229	_	_	_	_
117-1	BZ009	117	1	dire	dire	_	_	_	_	_	linguistic	_	none	_	_	_	_	_	_
117-2	BZ009	117	2	di	di	_	_	_	_	_	linguistic	_	none	_	_	_	_	_	_
117-3	BZ009	117	3	non	non	_	_	_	_	_	linguistic	_	none	_	_	_	_	_	_
117-4	BZ009	117	4	aver	aver	_	_	_	_	_	linguistic	_	none	_	_	_	_	_	_
117-5	BZ009	117	5	incontrato,	incontrato	_	_	_	_	_	linguistic	_	none	Intonation=WeaklyRising	End=440.939	_	_	_	_
118-0	BZ009	118	0	nessuna	nessuna	_	_	_	_	_	linguistic	_	none	_	Begin=441.209	_	_	_	_
118-1	BZ009	118	1	persona	persona	_	_	_	_	_	linguistic	_	none	_	_	_	_	_	_
118-2	BZ009	118	2	che	che	_	_	_	_	_	linguistic	_	none	_	_	_	_	_	_
118-3	BZ009	118	3	parlasse,	parlasse	_	_	_	_	_	linguistic	_	none	Intonation=WeaklyRising|PauseAfter=Yes	_	_	_	_	_
118-4	BZ009	118	4	(.)	(.)	_	_	_	_	_	shortpause	_	none	_	_	_	_	_	_
118-5	BZ009	118	5	>potesse	potesse	_	_	_	_	_	linguistic	_	none	_	_	_	Fast=0-7(0)	_	_
118-6	BZ009	118	6	parlare<	parlare	_	_	_	_	_	linguistic	_	none	_	_	_	Fast=0-7(0)	_	_
118-7	BZ009	118	7	in	in	_	_	_	_	_	linguistic	_	none	_	_	_	_	_	_
118-8	BZ009	118	8	tedesco.	tedesco	_	_	_	_	_	linguistic	_	none	Intonation=Falling	End=444.829	_	_	_	_
119-0	BZ009	119	0	(e)	e	_	_	_	_	_	linguistic	_	none	_	Begin=445.53	_	_	0-1(0)	_
119-1	BZ009	119	1	parlare	parlare	_	_	_	_	_	linguistic	_	none	_	_	_	_	_	_
119-2	BZ009	119	2	in	in	_	_	_	_	_	linguistic	_	none	_	_	_	_	_	_
119-3	BZ009	119	3	tedesco	tedesco	_	_	_	_	_	linguistic	_	none	_	_	_	_	_	_
119-4	BZ009	119	4	io	io	_	_	_	_	_	linguistic	_	none	_	_	_	_	_	_
119-5	BZ009	119	5	intendo	intendo	_	_	_	_	_	linguistic	_	none	_	_	_	_	_	_
119-6	BZ009	119	6	affrontare	affrontare	_	_	_	_	_	linguistic	_	none	_	_	_	_	_	_
119-7	BZ009	119	7	un	un	_	_	_	_	_	linguistic	_	none	_	_	_	_	_	_
119-8	BZ009	119	8	discorso,	discorso	_	_	_	_	_	linguistic	_	none	Intonation=WeaklyRising	_	_	_	_	_
119-9	BZ009	119	9	non	non	_	_	_	_	_	linguistic	_	none	_	_	_	_	_	_
119-10	BZ009	119	10	tre	tre	_	_	_	_	_	linguistic	_	none	_	_	_	_	_	_
119-11	BZ009	119	11	paro[le].	parole	_	_	_	_	_	linguistic	_	none	Intonation=Falling	End=449.33	_	_	_	4-6(15)
120-0	BZ001	120	0	[mh	mh	_	_	_	_	_	linguistic	_	none	ProsodicLink=Yes	Begin=449.274	_	_	_	0-2(15)
120-1	BZ001	120	1	mh],	mh	_	_	_	_	_	linguistic	_	none	Intonation=WeaklyRising	End=449.754	_	_	_	0-2(15)
121-0	BZ009	121	0	eh:	eh	_	_	_	_	_	linguistic	_	none	_	Begin=450.229	1x1	_	_	_
121-1	BZ009	121	1	e	e	_	_	_	_	_	linguistic	_	none	_	_	_	_	_	_
121-2	BZ009	121	2	viceversa	viceversa	_	_	_	_	_	linguistic	_	none	_	_	_	_	_	_
121-3	BZ009	121	3	magari	magari	_	_	_	_	_	linguistic	_	none	_	_	_	_	_	_
121-4	BZ009	121	4	nei	nei	_	_	_	_	_	linguistic	_	none	_	_	_	_	_	_
121-5	BZ009	121	5	paesi	paesi	_	_	_	_	_	linguistic	_	none	_	_	_	_	_	_
121-6	BZ009	121	6	fuori.	fuori	_	_	_	_	_	linguistic	_	none	Intonation=Falling	_	_	_	_	_
121-7	BZ009	121	7	quindi	quindi	_	_	_	_	_	linguistic	_	none	_	_	_	_	_	_
121-8	BZ009	121	8	eh	eh	_	_	_	_	_	linguistic	_	none	_	_	_	_	_	_
121-9	BZ009	121	9	per	per	_	_	_	_	_	linguistic	_	none	_	_	_	_	_	_
121-10	BZ009	121	10	me	me	_	_	_	_	_	linguistic	_	none	_	_	_	_	_	_
121-11	BZ009	121	11	la	la	_	_	_	_	_	linguistic	_	none	_	_	_	_	_	_
121-12	BZ009	121	12	spaccatura	spaccatura	_	_	_	_	_	linguistic	_	none	_	_	_	_	_	_
121-13	BZ009	121	13	tra	tra	_	_	_	_	_	linguistic	_	none	_	_	_	_	_	_
121-14	BZ009	121	14	le	le	_	_	_	_	_	linguistic	_	none	_	_	_	_	_	_
121-15	BZ009	121	15	due	due	_	_	_	_	_	linguistic	_	none	_	_	_	_	_	_
121-16	BZ009	121	16	lingue,	lingue	_	_	_	_	_	linguistic	_	none	Intonation=WeaklyRising	End=458.009	_	_	_	_
122-0	BZ009	122	0	>per	per	_	_	_	_	_	linguistic	_	none	_	Begin=458.224	_	Fast=0-3(0)	_	_
122-1	BZ009	122	1	quanto	quanto	_	_	_	_	_	linguistic	_	none	_	_	_	Fast=0-6(0)	_	_
122-2	BZ009	122	2	riguarda	riguarda	_	_	_	_	_	linguistic	_	none	_	_	_	Fast=0-8(0)	_	_
122-3	BZ009	122	3	la	la	_	_	_	_	_	linguistic	_	none	_	_	_	Fast=0-2(0)	_	_
122-4	BZ009	122	4	mia	mia	_	_	_	_	_	linguistic	_	none	_	_	_	Fast=0-3(0)	_	_
122-5	BZ009	122	5	generazione<	generazione	_	_	_	_	_	linguistic	_	none	_	_	_	Fast=0-11(0)	_	_
122-6	BZ009	122	6	è	è	_	_	_	_	_	linguistic	_	none	_	_	_	_	_	_
122-7	BZ009	122	7	ancora	ancora	_	_	_	_	_	linguistic	_	none	_	_	_	_	_	_
122-8	BZ009	122	8	molto	molto	_	_	_	_	_	linguistic	_	none	_	_	_	_	_	_
122-9	BZ009	122	9	netta,	netta	_	_	_	_	_	linguistic	_	none	Intonation=WeaklyRising	End=461.374	_	_	_	_
123-0	BZ009	123	0	e	e	_	_	_	_	_	linguistic	_	none	_	Begin=462.194	_	_	_	_
123-1	BZ009	123	1	ehm::	ehm	_	_	_	_	_	linguistic	_	none	_	_	2x2	_	_	_
123-2	BZ009	123	2	definirei,	definirei	_	_	_	_	_	linguistic	_	none	Intonation=WeaklyRising	_	_	_	_	_
123-3	BZ009	123	3	m::h	mh	_	_	_	_	_	linguistic	_	none	_	_	0x2	_	_	_
123-4	BZ009	123	4	la	la	_	_	_	_	_	linguistic	_	none	_	_	_	_	_	_
123-5	BZ009	123	5	nostra,	nostra	_	_	_	_	_	linguistic	_	none	Intonation=WeaklyRising	End=467.099	_	_	_	_
124-0	BZ009	124	0	eh::	eh	_	_	_	_	_	linguistic	_	none	_	Begin=467.704|End=468.544	1x2	_	_	_
125-0	BZ009	125	0	come	come	_	_	_	_	_	linguistic	_	none	_	Begin=469.169	_	_	_	_
125-1	BZ009	125	1	posso	posso	_	_	_	_	_	linguistic	_	none	_	_	_	_	_	_
125-2	BZ009	125	2	dire,	dire	_	_	_	_	_	linguistic	_	none	Intonation=WeaklyRising	_	_	_	_	_
125-3	BZ009	125	3	gestione	gestione	_	_	_	_	_	linguistic	_	none	_	_	_	_	_	_
125-4	BZ009	125	4	scolastica	scolastica	_	_	_	_	_	linguistic	_	none	PauseAfter=Yes	_	_	_	_	_
125-5	BZ009	125	5	(.)	(.)	_	_	_	_	_	shortpause	_	none	_	_	_	_	_	_
125-6	BZ009	125	6	eh:,	eh	_	_	_	_	_	linguistic	_	none	Intonation=WeaklyRising	End=472.519	1x1	_	_	_
126-0	BZ009	126	0	contraria	contraria	_	_	_	_	_	linguistic	_	none	_	Begin=472.899	_	_	_	_
126-1	BZ009	126	1	al	al	_	_	_	_	_	linguistic	_	none	_	_	_	_	_	_
126-2	BZ009	126	2	bilinguismo,	bilinguismo	_	_	_	_	_	linguistic	_	none	Intonation=WeaklyRising	End=475.029	_	_	_	_
127-0	BZ009	127	0	perché	perché	_	_	_	_	_	linguistic	_	none	_	Begin=475.229	_	_	_	_
127-1	BZ009	127	1	io	io	_	_	_	_	_	linguistic	_	none	_	_	_	_	_	_
127-2	BZ009	127	2	non	non	_	_	_	_	_	linguistic	_	none	_	_	_	_	_	_
127-3	BZ009	127	3	sono	sono	_	_	_	_	_	linguistic	_	none	_	_	_	_	_	_
127-4	BZ009	127	4	affatto	affatto	_	_	_	_	_	linguistic	_	none	_	_	_	_	_	_
127-5	BZ009	127	5	d'	d'	_	_	_	_	_	linguistic	_	none	SpaceAfter=No	_	_	_	_	_
127-6	BZ009	127	6	accordo	accordo	_	_	_	_	_	linguistic	_	none	_	_	_	_	_	_
127-7	BZ009	127	7	con	con	_	_	_	_	_	linguistic	_	none	_	_	_	_	_	_
127-8	BZ009	127	8	la	la	_	_	_	_	_	linguistic	_	none	_	_	_	_	_	_
127-9	BZ009	127	9	scuola	scuola	_	_	_	_	_	linguistic	_	none	_	_	_	_	_	_
127-10	BZ009	127	10	tedesca	tedesca	_	_	_	_	_	linguistic	_	none	_	_	_	_	_	_
127-11	BZ009	127	11	e	e	_	_	_	_	_	linguistic	_	none	_	_	_	_	_	_
127-12	BZ009	127	12	la	la	_	_	_	_	_	linguistic	_	none	_	_	_	_	_	_
127-13	BZ009	127	13	scuola	scuola	_	_	_	_	_	linguistic	_	none	_	_	_	_	_	_
127-14	BZ009	127	14	italiana.	italiana	_	_	_	_	_	linguistic	_	none	Intonation=Falling	End=478.849	_	_	_	_
128-0	BZ009	128	0	per	per	_	_	_	_	_	linguistic	_	none	_	Begin=479.174	_	_	_	_
128-1	BZ009	128	1	me	me	_	_	_	_	_	linguistic	_	none	_	_	_	_	_	_
128-2	BZ009	128	2	dovrebbe	dovrebbe	_	_	_	_	_	linguistic	_	none	_	_	_	_	_	_
128-3	BZ009	128	3	esserci	esserci	_	_	_	_	_	linguistic	_	none	_	_	_	_	_	_
128-4	BZ009	128	4	una	una	_	_	_	_	_	linguistic	_	none	_	_	_	_	_	_
128-5	BZ009	128	5	scuola,	scuola	_	_	_	_	_	linguistic	_	none	Intonation=WeaklyRising	End=481.344	_	_	_	_
129-0	BZ009	129	0	con,	con	_	_	_	_	_	linguistic	_	none	Intonation=WeaklyRising	Begin=481.624|End=482.244	_	_	_	_
130-0	BZ009	130	0	pari	pari	_	_	_	_	_	linguistic	_	none	_	Begin=482.519	_	_	_	_
130-1	BZ009	130	1	ore	ore	_	_	_	_	_	linguistic	_	none	_	_	_	_	_	_
130-2	BZ009	130	2	in	in	_	_	_	_	_	linguistic	_	none	_	_	_	_	_	_
130-3	BZ009	130	3	tedesco	tedesco	_	_	_	_	_	linguistic	_	none	_	_	_	_	_	_
130-4	BZ009	130	4	e	e	_	_	_	_	_	linguistic	_	none	_	_	_	_	_	_
130-5	BZ009	130	5	pari	pari	_	_	_	_	_	linguistic	_	none	_	_	_	_	_	_
130-6	BZ009	130	6	ore	ore	_	_	_	_	_	linguistic	_	none	_	_	_	_	_	_
130-7	BZ009	130	7	in	in	_	_	_	_	_	linguistic	_	none	_	_	_	_	_	_
130-8	BZ009	130	8	italiano.	italiano	_	_	_	_	_	linguistic	_	none	Intonation=Falling	_	_	_	_	_
130-9	BZ009	130	9	quindi	quindi	_	_	_	_	_	linguistic	_	none	_	_	_	_	_	_
130-10	BZ009	130	10	per	per	_	_	_	_	_	linguistic	_	none	_	_	_	_	_	_
130-11	BZ009	130	11	me	me	_	_	_	_	_	linguistic	_	none	_	_	_	_	_	_
130-12	BZ009	130	12	l'	l'	_	_	_	_	_	linguistic	_	none	SpaceAfter=No	_	_	_	_	_
130-13	BZ009	130	13	immersione	immersione	_	_	_	_	_	linguistic	_	none	_	_	_	_	_	_
130-14	BZ009	130	14	>la	la	_	_	_	_	_	linguistic	_	none	_	_	_	Fast=0-2(0)	_	_
130-15	BZ009	130	15	cosiddetta	cosiddetta	_	_	_	_	_	linguistic	_	none	_	_	_	Fast=0-10(0)	_	_
130-16	BZ009	130	16	immersione<,	immersione	_	_	_	_	_	linguistic	_	none	Intonation=WeaklyRising	_	_	Fast=0-10(0)	_	_
130-17	BZ009	130	17	era	era	_	_	_	_	_	linguistic	_	none	_	_	_	_	_	_
130-18	BZ009	130	18	il	il	_	_	_	_	_	linguistic	_	none	_	_	_	_	_	_
130-19	BZ009	130	19	meccanismo	meccanismo	_	_	_	_	_	linguistic	_	none	_	_	_	_	_	_
130-20	BZ009	130	20	vincente	vincente	_	_	_	_	_	linguistic	_	none	_	_	_	_	_	_
130-21	BZ009	130	21	perché	perché	_	_	_	_	_	linguistic	_	none	_	_	_	_	_	_
130-22	BZ009	130	22	altrimenti,	altrimenti	_	_	_	_	_	linguistic	_	none	Intonation=WeaklyRising	End=489.669	_	_	_	_
131-0	BZ009	131	0	chi	chi	_	_	_	_	_	linguistic	_	none	_	Begin=490.029	_	_	_	_
131-1	BZ009	131	1	fa	fa	_	_	_	_	_	linguistic	_	none	_	_	_	_	_	_
131-2	BZ009	131	2	poco	poco	_	_	_	_	_	linguistic	_	none	_	_	_	_	_	_
131-3	BZ009	131	3	tedesco	tedesco	_	_	_	_	_	linguistic	_	none	_	_	_	_	_	_
131-4	BZ009	131	4	sarà	sarà	_	_	_	_	_	linguistic	_	none	_	_	_	_	_	_
131-5	BZ009	131	5	sempre	sempre	_	_	_	_	_	linguistic	_	none	_	_	_	_	_	_
131-6	BZ009	131	6	penalizzato.	penalizzato	_	_	_	_	_	linguistic	_	none	Intonation=Falling	End=492.519	_	_	_	_
132-0	BZ009	132	0	quindi,	quindi	_	_	_	_	_	linguistic	_	none	Intonation=WeaklyRising	Begin=493.729|End=494.279	_	_	_	_
133-0	BZ009	133	0	eh:	eh	_	_	_	_	_	linguistic	_	none	_	Begin=494.509	1x1	_	_	_
133-1	BZ009	133	1	è	è	_	_	_	_	_	linguistic	_	none	_	_	_	_	_	_
133-2	BZ009	133	2	così,	così	_	_	_	_	_	linguistic	_	none	Intonation=WeaklyRising	_	_	_	_	_
133-3	BZ009	133	3	descriverei	descriverei	_	_	_	_	_	linguistic	_	none	_	_	_	_	_	_
133-4	BZ009	133	4	la	la	_	_	_	_	_	linguistic	_	none	_	_	_	_	_	_
133-5	BZ009	133	5	soluzione	soluzione	_	_	_	_	_	linguistic	_	none	_	_	_	_	_	_
133-6	BZ009	133	6	ancora	ancora	_	_	_	_	_	linguistic	_	none	_	_	_	_	_	_
133-7	BZ009	133	7	come	come	_	_	_	_	_	linguistic	_	none	_	_	_	_	_	_
133-8	BZ009	133	8	un	un	_	_	_	_	_	linguistic	_	none	_	_	_	_	_	_
133-9	BZ009	133	9	bilinguismo	bilinguismo	_	_	_	_	_	linguistic	_	none	_	_	_	_	_	_
133-10	BZ009	133	10	<molto	molto	_	_	_	_	_	linguistic	_	none	_	_	_	Slow=0-5(0)	_	_
133-11	BZ009	133	11	imperfetto>.	imperfetto	_	_	_	_	_	linguistic	_	none	Intonation=Falling	End=499.729	_	Slow=0-10(0)	_	_
134-0	BZ001	134	0	mh	mh	_	_	_	_	_	linguistic	_	none	ProsodicLink=Yes	Begin=499.824	_	_	_	_
134-1	BZ001	134	1	mh,.	mh,.	_	_	_	_	_	error	_	none	_	_	_	_	_	_
134-2	BZ001	134	2	tsk	tsk	_	_	_	_	_	linguistic	_	none	_	End=500.344	_	_	_	_
135-0	BZ001	135	0	e	e	_	_	_	_	_	linguistic	_	none	_	Begin=500.669	_	_	_	_
135-1	BZ001	135	1	tu	tu	_	_	_	_	_	linguistic	_	none	_	_	_	_	_	_
135-2	BZ001	135	2	eh	eh	_	_	_	_	_	linguistic	_	none	_	_	_	_	_	_
135-3	BZ001	135	3	dicevi	dicevi	_	_	_	_	_	linguistic	_	none	_	_	_	_	_	_
135-4	BZ001	135	4	appunto	appunto	_	_	_	_	_	linguistic	_	none	_	_	_	_	_	_
135-5	BZ001	135	5	che	che	_	_	_	_	_	linguistic	_	none	_	_	_	_	_	_
135-6	BZ001	135	6	hai	hai	_	_	_	_	_	linguistic	_	none	_	_	_	_	_	_
135-7	BZ001	135	7	a-	a-	_	_	_	_	_	linguistic	_	none	Interrupted=Yes	_	_	_	_	_
135-8	BZ001	135	8	avuto	avuto	_	_	_	_	_	linguistic	_	none	_	_	_	_	_	_
135-9	BZ001	135	9	questa	questa	_	_	_	_	_	linguistic	_	none	_	_	_	_	_	_
135-10	BZ001	135	10	esperienza	esperienza	_	_	_	_	_	linguistic	_	none	_	_	_	_	_	_
135-11	BZ001	135	11	immersiva	immersiva	_	_	_	_	_	linguistic	_	none	_	_	_	_	_	_
135-12	BZ001	135	12	a	a	_	_	_	_	_	linguistic	_	none	_	_	_	_	_	_
135-13	BZ001	135	13	scuola,	scuola	_	_	_	_	_	linguistic	_	none	Intonation=WeaklyRising	_	_	_	_	_
135-14	BZ001	135	14	e	e	_	_	_	_	_	linguistic	_	none	_	_	_	_	_	_
135-15	BZ001	135	15	hai	hai	_	_	_	_	_	linguistic	_	none	_	_	_	_	_	_
135-16	BZ001	135	16	parlato	parlato	_	_	_	_	_	linguistic	_	none	_	_	_	_	_	_
135-17	BZ001	135	17	poi	poi	_	_	_	_	_	linguistic	_	none	_	_	_	_	_	_
135-18	BZ001	135	18	tedesco	tedesco	_	_	_	_	_	linguistic	_	none	_	_	_	_	_	_
135-19	BZ001	135	19	al	al	_	_	_	_	_	linguistic	_	none	_	_	_	_	_	_
135-20	BZ001	135	20	lavoro	lavoro	_	_	_	_	_	linguistic	_	none	_	_	_	_	_	_
135-21	BZ001	135	21	in	in	_	_	_	_	_	linguistic	_	none	_	_	_	_	_	_
135-22	BZ001	135	22	questa	questa	_	_	_	_	_	linguistic	_	none	_	_	_	_	_	_
135-23	BZ001	135	23	azienda,	azienda	_	_	_	_	_	linguistic	_	none	Intonation=WeaklyRising	End=507.909	_	_	_	_
136-0	BZ001	136	0	ti	ti	_	_	_	_	_	linguistic	_	none	_	Begin=508.174	_	_	_	_
136-1	BZ001	136	1	sei	sei	_	_	_	_	_	linguistic	_	none	_	_	_	_	_	_
136-2	BZ001	136	2	mai	mai	_	_	_	_	_	linguistic	_	none	_	_	_	_	_	_
136-3	BZ001	136	3	trovato	trovato	_	_	_	_	_	linguistic	_	none	_	_	_	_	_	_
136-4	BZ001	136	4	a	a	_	_	_	_	_	linguistic	_	none	_	_	_	_	_	_
136-5	BZ001	136	5	parlare	parlare	_	_	_	_	_	linguistic	_	none	_	_	_	_	_	_
136-6	BZ001	136	6	tedesco	tedesco	_	_	_	_	_	linguistic	_	none	_	_	_	_	_	_
136-7	BZ001	136	7	in	in	_	_	_	_	_	linguistic	_	none	_	_	_	_	_	_
136-8	BZ001	136	8	altri	altri	_	_	_	_	_	linguistic	_	none	_	_	_	_	_	_
136-9	BZ001	136	9	contesti	contesti	_	_	_	_	_	linguistic	_	none	_	_	_	_	_	_
136-10	BZ001	136	10	magari	magari	_	_	_	_	_	linguistic	_	none	_	_	_	_	_	_
136-11	BZ001	136	11	extralavorativi	extralavorativi	_	_	_	_	_	linguistic	_	none	_	_	_	_	_	_
136-12	BZ001	136	12	extrascolastici?	extrascolastici	_	_	_	_	_	linguistic	_	none	Intonation=Rising	End=513.514	_	_	_	_
137-0	BZ009	137	0	mi	mi	_	_	_	_	_	linguistic	_	none	_	Begin=514.159	_	_	_	_
137-1	BZ009	137	1	sono	sono	_	_	_	_	_	linguistic	_	none	_	_	_	_	_	_
137-2	BZ009	137	2	trovato	trovato	_	_	_	_	_	linguistic	_	none	_	_	_	_	_	_
137-3	BZ009	137	3	a	a	_	_	_	_	_	linguistic	_	none	_	_	_	_	_	_
137-4	BZ009	137	4	parlare	parlare	_	_	_	_	_	linguistic	_	none	_	_	_	_	_	_
137-5	BZ009	137	5	tedesco,	tedesco	_	_	_	_	_	linguistic	_	none	Intonation=WeaklyRising|PauseAfter=Yes	_	_	_	_	_
137-6	BZ009	137	6	(.)	(.)	_	_	_	_	_	shortpause	_	none	_	_	_	_	_	_
137-7	BZ009	137	7	eh:	eh	_	_	_	_	_	linguistic	_	none	_	_	1x1	_	_	_
137-8	BZ009	137	8	con	con	_	_	_	_	_	linguistic	_	none	_	_	_	_	_	_
137-9	BZ009	137	9	la	la	_	_	_	_	_	linguistic	_	none	_	_	_	_	_	_
137-10	BZ009	137	10	mia	mia	_	_	_	_	_	linguistic	_	none	_	_	_	_	_	_
137-11	BZ009	137	11	attività	attività	_	_	_	_	_	linguistic	_	none	_	_	_	_	_	_
137-12	BZ009	137	12	diciamo	diciamo	_	_	_	_	_	linguistic	_	none	_	_	_	_	_	_
137-13	BZ009	137	13	eh	eh	_	_	_	_	_	linguistic	_	none	_	_	_	_	_	_
137-14	BZ009	137	14	parallela	parallela	_	_	_	_	_	linguistic	_	none	_	_	_	_	_	_
137-15	BZ009	137	15	al	al	_	_	_	_	_	linguistic	_	none	_	_	_	_	_	_
137-16	BZ009	137	16	lavoro,	lavoro	_	_	_	_	_	linguistic	_	none	Intonation=WeaklyRising	_	_	_	_	_
137-17	BZ009	137	17	>anche	anche	_	_	_	_	_	linguistic	_	none	_	_	_	Fast=0-5(0)	_	_
137-18	BZ009	137	18	se	se	_	_	_	_	_	linguistic	_	none	_	_	_	Fast=0-2(0)	_	_
137-19	BZ009	137	19	chiaramente	chiaramente	_	_	_	_	_	linguistic	_	none	_	_	_	Fast=0-11(0)	_	_
137-20	BZ009	137	20	lavoro	lavoro	_	_	_	_	_	linguistic	_	none	_	_	_	Fast=0-6(0)	_	_
137-21	BZ009	137	21	non	non	_	_	_	_	_	linguistic	_	none	_	_	_	Fast=0-3(0)	_	_
137-22	BZ009	137	22	è<,	è	_	_	_	_	_	linguistic	_	none	Intonation=WeaklyRising	_	_	Fast=0-1(0)	_	_
137-23	BZ009	137	23	ovvero	ovvero	_	_	_	_	_	linguistic	_	none	_	_	_	_	_	_
137-24	BZ009	137	24	come	come	_	_	_	_	_	linguistic	_	none	_	_	_	_	_	_
137-25	BZ009	137	25	volontario	volontario	_	_	_	_	_	linguistic	_	none	_	_	_	_	_	_
137-26	BZ009	137	26	in	in	_	_	_	_	_	linguistic	_	none	_	_	_	_	_	_
137-27	BZ009	137	27	associazione	associazione	_	_	_	_	_	linguistic	_	none	_	_	_	_	_	_
137-28	BZ009	137	28	diabetici,	diabetici	_	_	_	_	_	linguistic	_	none	Intonation=WeaklyRising	_	_	_	_	_
137-29	BZ009	137	29	in	in	_	_	_	_	_	linguistic	_	none	_	_	_	_	_	_
137-30	BZ009	137	30	questo	questo	_	_	_	_	_	linguistic	_	none	_	_	_	_	_	_
137-31	BZ009	137	31	caso	caso	_	_	_	_	_	linguistic	_	none	_	_	_	_	_	_
137-32	BZ009	137	32	sono	sono	_	_	_	_	_	linguistic	_	none	_	_	_	_	_	_
137-33	BZ009	137	33	il	il	_	_	_	_	_	linguistic	_	none	_	_	_	_	_	_
137-34	BZ009	137	34	presidente	presidente	_	_	_	_	_	linguistic	_	none	_	_	_	_	_	_
137-35	BZ009	137	35	dell'	dell'	_	_	_	_	_	linguistic	_	none	SpaceAfter=No	_	_	_	_	_
137-36	BZ009	137	36	associazione,	associazione	_	_	_	_	_	linguistic	_	none	Intonation=WeaklyRising|PauseAfter=Yes	_	_	_	_	_
137-37	BZ009	137	37	(.)	(.)	_	_	_	_	_	shortpause	_	none	_	_	_	_	_	_
137-38	BZ009	137	38	perché	perché	_	_	_	_	_	linguistic	_	none	_	_	_	_	_	_
137-39	BZ009	137	39	spesso,	spesso	_	_	_	_	_	linguistic	_	none	Intonation=WeaklyRising|PauseAfter=Yes	_	_	_	_	_
137-40	BZ009	137	40	(.)	(.)	_	_	_	_	_	shortpause	_	none	_	_	_	_	_	_
137-41	BZ009	137	41	ehm::	ehm	_	_	_	_	_	linguistic	_	none	_	End=531.22	2x2	_	_	_
138-0	BZ009	138	0	magari	magari	_	_	_	_	_	linguistic	_	none	_	Begin=531.529	_	_	_	_
138-1	BZ009	138	1	m:i	mi	_	_	_	_	_	linguistic	_	none	_	_	0x1	_	_	_
138-2	BZ009	138	2	approccio	approccio	_	_	_	_	_	linguistic	_	none	_	_	_	_	_	_
138-3	BZ009	138	3	con,	con	_	_	_	_	_	linguistic	_	none	Intonation=WeaklyRising	_	_	_	_	_
138-4	BZ009	138	4	famiglie,	famiglie	_	_	_	_	_	linguistic	_	none	Intonation=WeaklyRising	_	_	_	_	_
138-5	BZ009	138	5	con	con	_	_	_	_	_	linguistic	_	none	_	_	_	_	_	_
138-6	BZ009	138	6	persone	persone	_	_	_	_	_	linguistic	_	none	_	_	_	_	_	_
138-7	BZ009	138	7	di	di	_	_	_	_	_	linguistic	_	none	_	_	_	_	_	_
138-8	BZ009	138	8	madrelingua	madrelingua	_	_	_	_	_	linguistic	_	none	_	_	_	_	_	_
138-9	BZ009	138	9	tedesca	tedesca	_	_	_	_	_	linguistic	_	none	_	_	_	_	_	_
138-10	BZ009	138	10	nella	nella	_	_	_	_	_	linguistic	_	none	_	_	_	_	_	_
138-11	BZ009	138	11	loro	loro	_	_	_	_	_	linguistic	_	none	_	_	_	_	_	_
138-12	BZ009	138	12	lingua	lingua	_	_	_	_	_	linguistic	_	none	_	_	_	_	_	_
138-13	BZ009	138	13	eh	eh	_	_	_	_	_	linguistic	_	none	_	_	_	_	_	_
138-14	BZ009	138	14	quando	quando	_	_	_	_	_	linguistic	_	none	_	_	_	_	_	_
138-15	BZ009	138	15	sono	sono	_	_	_	_	_	linguistic	_	none	_	_	_	_	_	_
138-16	BZ009	138	16	più	più	_	_	_	_	_	linguistic	_	none	_	_	_	_	_	_
138-17	BZ009	138	17	a	a	_	_	_	_	_	linguistic	_	none	_	_	_	_	_	_
138-18	BZ009	138	18	loro	loro	_	_	_	_	_	linguistic	_	none	_	_	_	_	_	_
138-19	BZ009	138	19	agio,	agio	_	_	_	_	_	linguistic	_	none	Intonation=WeaklyRising	_	_	_	_	_
138-20	BZ009	138	20	perché,	perché	_	_	_	_	_	linguistic	_	none	Intonation=WeaklyRising	_	_	_	_	_
138-21	BZ009	138	21	altrimenti	altrimenti	_	_	_	_	_	linguistic	_	none	_	_	_	_	_	_
138-22	BZ009	138	22	in	in	_	_	_	_	_	linguistic	_	none	_	_	_	_	_	_
138-23	BZ009	138	23	associazione	associazione	_	_	_	_	_	linguistic	_	none	_	_	_	_	_	_
138-24	BZ009	138	24	ognuno	ognuno	_	_	_	_	_	linguistic	_	none	_	_	_	_	_	_
138-25	BZ009	138	25	può	può	_	_	_	_	_	linguistic	_	none	_	_	_	_	_	_
138-26	BZ009	138	26	parlare	parlare	_	_	_	_	_	linguistic	_	none	_	_	_	_	_	_
138-27	BZ009	138	27	la	la	_	_	_	_	_	linguistic	_	none	_	_	_	_	_	_
138-28	BZ009	138	28	lingua	lingua	_	_	_	_	_	linguistic	_	none	_	_	_	_	_	_
138-29	BZ009	138	29	con	con	_	_	_	_	_	linguistic	_	none	_	_	_	_	_	_
138-30	BZ009	138	30	la	la	_	_	_	_	_	linguistic	_	none	_	_	_	_	_	_
138-31	BZ009	138	31	quale	quale	_	_	_	_	_	linguistic	_	none	_	_	_	_	_	_
138-32	BZ009	138	32	si	si	_	_	_	_	_	linguistic	_	none	_	_	_	_	_	_
138-33	BZ009	138	33	trova,	trova	_	_	_	_	_	linguistic	_	none	Intonation=WeaklyRising	End=543.844	_	_	_	_
139-0	BZ009	139	0	maggiormente	maggiormente	_	_	_	_	_	linguistic	_	none	_	Begin=544.094	_	_	_	_
139-1	BZ009	139	1	a	a	_	_	_	_	_	linguistic	_	none	_	_	_	_	_	_
139-2	BZ009	139	2	suo	suo	_	_	_	_	_	linguistic	_	none	_	_	_	_	_	_
139-3	BZ009	139	3	agio.	agio	_	_	_	_	_	linguistic	_	none	Intonation=Falling	End=545.284	_	_	_	_
140-0	BZ009	140	0	però	però	_	_	_	_	_	linguistic	_	none	_	Begin=546.194	_	_	_	_
140-1	BZ009	140	1	era	era	_	_	_	_	_	linguistic	_	none	_	_	_	_	_	_
140-2	BZ009	140	2	proprio	proprio	_	_	_	_	_	linguistic	_	none	_	_	_	_	_	_
140-3	BZ009	140	3	questo	questo	_	_	_	_	_	linguistic	_	none	_	_	_	_	_	_
140-4	BZ009	140	4	che	che	_	_	_	_	_	linguistic	_	none	_	_	_	_	_	_
140-5	BZ009	140	5	accennavo	accennavo	_	_	_	_	_	linguistic	_	none	_	_	_	_	_	_
140-6	BZ009	140	6	al	al	_	_	_	_	_	linguistic	_	none	_	_	_	_	_	_
140-7	BZ009	140	7	bilinguismo	bilinguismo	_	_	_	_	_	linguistic	_	none	_	_	_	_	_	_
140-8	BZ009	140	8	perf-	perf-	_	_	_	_	_	linguistic	_	none	Interrupted=Yes	_	_	_	_	_
140-9	BZ009	140	9	im:perfetto,	imperfetto	_	_	_	_	_	linguistic	_	none	Intonation=WeaklyRising	_	1x1	_	_	_
140-10	BZ009	140	10	perché	perché	_	_	_	_	_	linguistic	_	none	_	_	_	_	_	_
140-11	BZ009	140	11	io,	io	_	_	_	_	_	linguistic	_	none	Intonation=WeaklyRising	_	_	_	_	_
140-12	BZ009	140	12	nel	nel	_	_	_	_	_	linguistic	_	none	_	_	_	_	_	_
140-13	BZ009	140	13	mio	mio	_	_	_	_	_	linguistic	_	none	_	_	_	_	_	_
140-14	BZ009	140	14	quartiere,	quartiere	_	_	_	_	_	linguistic	_	none	Intonation=WeaklyRising|PauseAfter=Yes	_	_	_	_	_
140-15	BZ009	140	15	(.)	(.)	_	_	_	_	_	shortpause	_	none	_	_	_	_	_	_
140-16	BZ009	140	16	non	non	_	_	_	_	_	linguistic	_	none	_	_	_	_	_	_
140-17	BZ009	140	17	ho	ho	_	_	_	_	_	linguistic	_	none	_	_	_	_	_	_
140-18	BZ009	140	18	<mai	mai	_	_	_	_	_	linguistic	_	none	_	_	_	Slow=0-3(0)	_	_
140-19	BZ009	140	19	mai>	mai	_	_	_	_	_	linguistic	_	none	_	_	_	Slow=0-3(0)	_	_
140-20	BZ009	140	20	parlato	parlato	_	_	_	_	_	linguistic	_	none	_	_	_	_	_	_
140-21	BZ009	140	21	in	in	_	_	_	_	_	linguistic	_	none	_	_	_	_	_	_
140-22	BZ009	140	22	tedesco.	tedesco	_	_	_	_	_	linguistic	_	none	Intonation=Falling	End=554.614	_	_	_	_
141-0	BZ001	141	0	mh	mh	_	_	_	_	_	linguistic	_	none	ProsodicLink=Yes	Begin=554.919	_	_	_	_
141-1	BZ001	141	1	mh.	mh	_	_	_	_	_	linguistic	_	none	Intonation=Falling	End=555.469	_	_	_	_
142-0	BZ009	142	0	eh	eh	_	_	_	_	_	linguistic	_	none	_	Begin=555.779	_	_	_	_
142-1	BZ009	142	1	n:essun	nessun	_	_	_	_	_	linguistic	_	none	_	_	0x1	_	_	_
142-2	BZ009	142	2	negozio,	negozio	_	_	_	_	_	linguistic	_	none	Intonation=WeaklyRising	_	_	_	_	_
142-3	BZ009	142	3	in	in	_	_	_	_	_	linguistic	_	none	_	_	_	_	_	_
142-4	BZ009	142	4	nessun	nessun	_	_	_	_	_	linguistic	_	none	_	_	_	_	_	_
142-5	BZ009	142	5	ufficio	ufficio	_	_	_	_	_	linguistic	_	none	_	_	_	_	_	_
142-6	BZ009	142	6	pubblico,	pubblico	_	_	_	_	_	linguistic	_	none	Intonation=WeaklyRising	_	_	_	_	_
142-7	BZ009	142	7	in:	in	_	_	_	_	_	linguistic	_	none	_	_	1x1	_	_	_
142-8	BZ009	142	8	da	da	_	_	_	_	_	linguistic	_	none	_	_	_	_	_	_
142-9	BZ009	142	9	da	da	_	_	_	_	_	linguistic	_	none	_	_	_	_	_	_
142-10	BZ009	142	10	nessuna	nessuna	_	_	_	_	_	linguistic	_	none	_	_	_	_	_	_
142-11	BZ009	142	11	parte,	parte	_	_	_	_	_	linguistic	_	none	Intonation=WeaklyRising	_	_	_	_	_
142-12	BZ009	142	12	con	con	_	_	_	_	_	linguistic	_	none	_	_	_	_	_	_
142-13	BZ009	142	13	nessun	nessun	_	_	_	_	_	linguistic	_	none	_	_	_	_	_	_
142-14	BZ009	142	14	amico.	amico	_	_	_	_	_	linguistic	_	none	Intonation=Falling	End=562.289	_	_	_	_
143-0	BZ009	143	0	perché::	perché	_	_	_	_	_	linguistic	_	none	_	Begin=562.629|End=563.729	5x2	_	_	_
144-0	BZ009	144	0	vedo	vedo	_	_	_	_	_	linguistic	_	none	_	Begin=563.934	_	_	_	_
144-1	BZ009	144	1	ancora	ancora	_	_	_	_	_	linguistic	_	none	_	_	_	_	_	_
144-2	BZ009	144	2	una	una	_	_	_	_	_	linguistic	_	none	_	_	_	_	_	_
144-3	BZ009	144	3	netta	netta	_	_	_	_	_	linguistic	_	none	_	_	_	_	_	_
144-4	BZ009	144	4	spaccatura	spaccatura	_	_	_	_	_	linguistic	_	none	_	_	_	_	_	_
144-5	BZ009	144	5	nei	nei	_	_	_	_	_	linguistic	_	none	_	_	_	_	_	_
144-6	BZ009	144	6	quartieri.	quartieri	_	_	_	_	_	linguistic	_	none	Intonation=Falling	End=566.22	_	_	_	_
145-0	BZ001	145	0	mh	mh	_	_	_	_	_	linguistic	_	none	ProsodicLink=Yes	Begin=566.344	_	_	_	_
145-1	BZ001	145	1	mh.	mh	_	_	_	_	_	linguistic	_	none	Intonation=Falling	End=566.844	_	_	_	_
146-0	BZ001	146	0	>ecco	ecco	_	_	_	_	_	linguistic	_	none	_	Begin=567.109	_	Fast=0-4(0)	_	_
146-1	BZ001	146	1	qui	qui	_	_	_	_	_	linguistic	_	none	_	_	_	Fast=0-3(0)	_	_
146-2	BZ001	146	2	come	come	_	_	_	_	_	linguistic	_	none	_	_	_	Fast=0-4(0)	_	_
146-3	BZ001	146	3	ti	ti	_	_	_	_	_	linguistic	_	none	_	_	_	Fast=0-2(0)	_	_
146-4	BZ001	146	4	anticipavo<	anticipavo	_	_	_	_	_	linguistic	_	none	_	_	_	Fast=0-10(0)	_	_
146-5	BZ001	146	5	mi	mi	_	_	_	_	_	linguistic	_	none	_	_	_	_	_	_
146-6	BZ001	146	6	ricollegherei	ricollegherei	_	_	_	_	_	linguistic	_	none	_	_	_	_	_	_
146-7	BZ001	146	7	a	a	_	_	_	_	_	linguistic	_	none	_	_	_	_	_	_
146-8	BZ001	146	8	quello	quello	_	_	_	_	_	linguistic	_	none	_	_	_	_	_	_
146-9	BZ001	146	9	che	che	_	_	_	_	_	linguistic	_	none	_	_	_	_	_	_
146-10	BZ001	146	10	dicevi	dicevi	_	_	_	_	_	linguistic	_	none	_	_	_	_	_	_
146-11	BZ001	146	11	prima,	prima	_	_	_	_	_	linguistic	_	none	Intonation=WeaklyRising	_	_	_	_	_
146-12	BZ001	146	12	in	in	_	_	_	_	_	linguistic	_	none	_	_	_	_	_	_
146-13	BZ001	146	13	relazione	relazione	_	_	_	_	_	linguistic	_	none	_	_	_	_	_	_
146-14	BZ001	146	14	però	però	_	_	_	_	_	linguistic	_	none	_	_	_	_	_	_
146-15	BZ001	146	15	alla	alla	_	_	_	_	_	linguistic	_	none	_	_	_	_	_	_
146-16	BZ001	146	16	situazione	situazione	_	_	_	_	_	linguistic	_	none	_	_	_	_	_	_
146-17	BZ001	146	17	locale,	locale	_	_	_	_	_	linguistic	_	none	Intonation=WeaklyRising	End=572.719	_	_	_	_
147-0	BZ001	147	0	eh	eh	_	_	_	_	_	linguistic	_	none	_	Begin=573.019	_	_	_	_
147-1	BZ001	147	1	avverti	avverti	_	_	_	_	_	linguistic	_	none	_	_	_	_	_	_
147-2	BZ001	147	2	questa	questa	_	_	_	_	_	linguistic	_	none	_	_	_	_	_	_
147-3	BZ001	147	3	pressione	pressione	_	_	_	_	_	linguistic	_	none	_	_	_	_	_	_
147-4	BZ001	147	4	quando	quando	_	_	_	_	_	linguistic	_	none	_	_	_	_	_	_
147-5	BZ001	147	5	parli	parli	_	_	_	_	_	linguistic	_	none	_	_	_	_	_	_
147-6	BZ001	147	6	>la	la	_	_	_	_	_	linguistic	_	none	_	_	_	Fast=0-2(0)	_	_
147-7	BZ001	147	7	pressione	pressione	_	_	_	_	_	linguistic	_	none	_	_	_	Fast=0-9(0)	_	_
147-8	BZ001	147	8	che	che	_	_	_	_	_	linguistic	_	none	_	_	_	Fast=0-3(0)	_	_
147-9	BZ001	147	9	dicevi	dicevi	_	_	_	_	_	linguistic	_	none	_	_	_	Fast=0-6(0)	_	_
147-10	BZ001	147	10	prima	prima	_	_	_	_	_	linguistic	_	none	_	_	_	Fast=0-5(0)	_	_
147-11	BZ001	147	11	per	per	_	_	_	_	_	linguistic	_	none	_	_	_	Fast=0-3(0)	_	_
147-12	BZ001	147	12	esempio	esempio	_	_	_	_	_	linguistic	_	none	_	_	_	Fast=0-7(0)	_	_
147-13	BZ001	147	13	di	di	_	_	_	_	_	linguistic	_	none	_	_	_	Fast=0-2(0)	_	_
147-14	BZ001	147	14	quando	quando	_	_	_	_	_	linguistic	_	none	_	_	_	Fast=0-6(0)	_	_
147-15	BZ001	147	15	parli<	parli	_	_	_	_	_	linguistic	_	none	_	_	_	Fast=0-5(0)	_	_
147-16	BZ001	147	16	inglese	inglese	_	_	_	_	_	linguistic	_	none	_	_	_	_	_	_
147-17	BZ001	147	17	in	in	_	_	_	_	_	linguistic	_	none	_	_	_	_	_	_
147-18	BZ001	147	18	inghilterra,	inghilterra	_	_	_	_	_	linguistic	_	none	Intonation=WeaklyRising	End=579.079	_	_	_	_
148-0	BZ001	148	0	la	la	_	_	_	_	_	linguistic	_	none	_	Begin=579.284	_	_	_	_
148-1	BZ001	148	1	avverti	avverti	_	_	_	_	_	linguistic	_	none	_	_	_	_	_	_
148-2	BZ001	148	2	anche	anche	_	_	_	_	_	linguistic	_	none	_	_	_	_	_	_
148-3	BZ001	148	3	qui	qui	_	_	_	_	_	linguistic	_	none	_	_	_	_	_	_
148-4	BZ001	148	4	quando	quando	_	_	_	_	_	linguistic	_	none	_	_	_	_	_	_
148-5	BZ001	148	5	parli	parli	_	_	_	_	_	linguistic	_	none	_	_	_	_	_	_
148-6	BZ001	148	6	in	in	_	_	_	_	_	linguistic	_	none	_	_	_	_	_	_
148-7	BZ001	148	7	tedesco?	tedesco	_	_	_	_	_	linguistic	_	none	Intonation=Rising	End=581.534	_	_	_	_
149-0	BZ009	149	0	in	in	_	_	_	_	_	linguistic	_	none	_	Begin=581.834	_	_	_	_
149-1	BZ009	149	1	realtà	realtà	_	_	_	_	_	linguistic	_	none	_	_	_	_	_	_
149-2	BZ009	149	2	no,	no	_	_	_	_	_	linguistic	_	none	Intonation=WeaklyRising|PauseAfter=Yes	_	_	_	_	_
149-3	BZ009	149	3	(.)	(.)	_	_	_	_	_	shortpause	_	none	_	_	_	_	_	_
149-4	BZ009	149	4	perché,	perché	_	_	_	_	_	linguistic	_	none	Intonation=WeaklyRising|PauseAfter=Yes	_	_	_	_	_
149-5	BZ009	149	5	(.)	(.)	_	_	_	_	_	shortpause	_	none	_	_	_	_	_	_
149-6	BZ009	149	6	e:hm	ehm	_	_	_	_	_	linguistic	_	none	_	_	0x1	_	_	_
149-7	BZ009	149	7	in	in	_	_	_	_	_	linguistic	_	none	_	_	_	_	_	_
149-8	BZ009	149	8	inghilterra	inghilterra	_	_	_	_	_	linguistic	_	none	_	_	_	_	_	_
149-9	BZ009	149	9	la	la	_	_	_	_	_	linguistic	_	none	_	_	_	_	_	_
149-10	BZ009	149	10	avvertivo	avvertivo	_	_	_	_	_	linguistic	_	none	_	_	_	_	_	_
149-11	BZ009	149	11	perché	perché	_	_	_	_	_	linguistic	_	none	PauseAfter=Yes	_	_	_	_	_
149-12	BZ009	149	12	(.)	(.)	_	_	_	_	_	shortpause	_	none	_	_	_	_	_	_
149-13	BZ009	149	13	<in	in	_	_	_	_	_	linguistic	_	none	_	_	_	Slow=0-2(0)	_	_
149-14	BZ009	149	14	inghilterra	inghilterra	_	_	_	_	_	linguistic	_	none	_	_	_	Slow=0-11(0)	_	_
149-15	BZ009	149	15	con,	con	_	_	_	_	_	linguistic	_	none	Intonation=WeaklyRising	_	_	Slow=0-3(0)	_	_
149-16	BZ009	149	16	in	in	_	_	_	_	_	linguistic	_	none	_	_	_	Slow=0-2(0)	_	_
149-17	BZ009	149	17	determinati	determinati	_	_	_	_	_	linguistic	_	none	_	_	_	Slow=0-11(0)	_	_
149-18	BZ009	149	18	ambienti>,	ambienti	_	_	_	_	_	linguistic	_	none	Intonation=WeaklyRising	End=591.23	_	Slow=0-8(0)	_	_
150-0	BZ009	150	0	eh:	eh	_	_	_	_	_	linguistic	_	none	_	Begin=591.62	1x1	_	_	_
150-1	BZ009	150	1	la	la	_	_	_	_	_	linguistic	_	none	_	_	_	_	_	_
150-2	BZ009	150	2	conoscenza	conoscenza	_	_	_	_	_	linguistic	_	none	_	_	_	_	_	_
150-3	BZ009	150	3	dell'	dell'	_	_	_	_	_	linguistic	_	none	SpaceAfter=No	_	_	_	_	_
150-4	BZ009	150	4	inglese	inglese	_	_	_	_	_	linguistic	_	none	_	_	_	_	_	_
150-5	BZ009	150	5	è	è	_	_	_	_	_	linguistic	_	none	_	_	_	_	_	_
150-6	BZ009	150	6	molto	molto	_	_	_	_	_	linguistic	_	none	_	_	_	_	_	_
150-7	BZ009	150	7	approfondita	approfondita	_	_	_	_	_	linguistic	_	none	_	_	_	_	_	_
150-8	BZ009	150	8	e	e	_	_	_	_	_	linguistic	_	none	_	_	_	_	_	_
150-9	BZ009	150	9	ci	ci	_	_	_	_	_	linguistic	_	none	_	_	_	_	_	_
150-10	BZ009	150	10	tengono	tengono	_	_	_	_	_	linguistic	_	none	_	_	_	_	_	_
150-11	BZ009	150	11	molto	molto	_	_	_	_	_	linguistic	_	none	_	_	_	_	_	_
150-12	BZ009	150	12	alla	alla	_	_	_	_	_	linguistic	_	none	_	_	_	_	_	_
150-13	BZ009	150	13	lingua.	lingua	_	_	_	_	_	linguistic	_	none	Intonation=Falling	End=596.16	_	_	_	_
151-0	BZ009	151	0	eh:	eh	_	_	_	_	_	linguistic	_	none	_	Begin=596.845	1x1	_	_	_
151-1	BZ009	151	1	qui	qui	_	_	_	_	_	linguistic	_	none	_	_	_	_	_	_
151-2	BZ009	151	2	invece,	invece	_	_	_	_	_	linguistic	_	none	Intonation=WeaklyRising	_	_	_	_	_
151-3	BZ009	151	3	<al	al	_	_	_	_	_	linguistic	_	none	_	_	_	Slow=0-2(0)	_	_
151-4	BZ009	151	4	di	di	_	_	_	_	_	linguistic	_	none	_	_	_	Slow=0-2(0)	_	_
151-5	BZ009	151	5	là	là	_	_	_	_	_	linguistic	_	none	_	_	_	Slow=0-2(0)	_	_
151-6	BZ009	151	6	di	di	_	_	_	_	_	linguistic	_	none	_	_	_	Slow=0-2(0)	_	_
151-7	BZ009	151	7	alcuni	alcuni	_	_	_	_	_	linguistic	_	none	_	_	_	Slow=0-6(0)	_	_
151-8	BZ009	151	8	ambienti>,	ambienti	_	_	_	_	_	linguistic	_	none	Intonation=WeaklyRising	_	_	Slow=0-8(0)	_	_
151-9	BZ009	151	9	la	la	_	_	_	_	_	linguistic	_	none	_	_	_	_	_	_
151-10	BZ009	151	10	lingua	lingua	_	_	_	_	_	linguistic	_	none	_	_	_	_	_	_
151-11	BZ009	151	11	preferita	preferita	_	_	_	_	_	linguistic	_	none	_	_	_	_	_	_
151-12	BZ009	151	12	in	in	_	_	_	_	_	linguistic	_	none	_	_	_	_	_	_
151-13	BZ009	151	13	realtà	realtà	_	_	_	_	_	linguistic	_	none	_	_	_	_	_	_
151-14	BZ009	151	14	sappiamo	sappiamo	_	_	_	_	_	linguistic	_	none	_	_	_	_	_	_
151-15	BZ009	151	15	essere	essere	_	_	_	_	_	linguistic	_	none	_	_	_	_	_	_
151-16	BZ009	151	16	dialet[to],	dialetto	_	_	_	_	_	linguistic	_	none	Intonation=WeaklyRising	End=605.37	_	_	_	6-8(16)
152-0	BZ001	152	0	[mh	mh	_	_	_	_	_	linguistic	_	none	ProsodicLink=Yes	Begin=604.92	_	_	_	0-2(16)
152-1	BZ001	152	1	mh],	mh	_	_	_	_	_	linguistic	_	none	Intonation=WeaklyRising	End=605.54	_	_	_	0-2(16)
153-0	BZ009	153	0	e	e	_	_	_	_	_	linguistic	_	none	_	Begin=605.74	_	_	_	_
153-1	BZ009	153	1	quindi	quindi	_	_	_	_	_	linguistic	_	none	_	_	_	_	_	_
153-2	BZ009	153	2	anche	anche	_	_	_	_	_	linguistic	_	none	_	_	_	_	_	_
153-3	BZ009	153	3	l'	l'	_	_	_	_	_	linguistic	_	none	SpaceAfter=No	_	_	_	_	_
153-4	BZ009	153	4	interlocutore	interlocutore	_	_	_	_	_	linguistic	_	none	_	_	_	_	_	_
153-5	BZ009	153	5	che	che	_	_	_	_	_	linguistic	_	none	_	_	_	_	_	_
153-6	BZ009	153	6	c'	c'	_	_	_	_	_	linguistic	_	none	SpaceAfter=No	_	_	_	_	_
153-7	BZ009	153	7	è	è	_	_	_	_	_	linguistic	_	none	_	_	_	_	_	_
153-8	BZ009	153	8	eh:	eh	_	_	_	_	_	linguistic	_	none	_	_	1x1	_	_	_
153-9	BZ009	153	9	dall'	dall'	_	_	_	_	_	linguistic	_	none	SpaceAfter=No	_	_	_	_	_
153-10	BZ009	153	10	altra	altra	_	_	_	_	_	linguistic	_	none	_	_	_	_	_	_
153-11	BZ009	153	11	parte	parte	_	_	_	_	_	linguistic	_	none	_	_	_	_	_	_
153-12	BZ009	153	12	non	non	_	_	_	_	_	linguistic	_	none	_	_	_	_	_	_
153-13	BZ009	153	13	parla	parla	_	_	_	_	_	linguistic	_	none	_	_	_	_	_	_
153-14	BZ009	153	14	un	un	_	_	_	_	_	linguistic	_	none	_	_	_	_	_	_
153-15	BZ009	153	15	tedesco	tedesco	_	_	_	_	_	linguistic	_	none	_	_	_	_	_	_
153-16	BZ009	153	16	perfetto.	perfetto	_	_	_	_	_	linguistic	_	none	Intonation=Falling	End=611.57	_	_	_	_
154-0	BZ009	154	0	eh	eh	_	_	_	_	_	linguistic	_	none	_	Begin=612.48	_	_	_	_
154-1	BZ009	154	1	quindi	quindi	_	_	_	_	_	linguistic	_	none	_	_	_	_	_	_
154-2	BZ009	154	2	ecco	ecco	_	_	_	_	_	linguistic	_	none	_	_	_	_	_	_
154-3	BZ009	154	3	la:,	la	_	_	_	_	_	linguistic	_	none	Intonation=WeaklyRising	End=614.46	1x1	_	_	_
155-0	BZ009	155	0	la	la	_	_	_	_	_	linguistic	_	none	_	Begin=615.295	_	_	_	_
155-1	BZ009	155	1	la	la	_	_	_	_	_	linguistic	_	none	_	_	_	_	_	_
155-2	BZ009	155	2	pressione	pressione	_	_	_	_	_	linguistic	_	none	_	_	_	_	_	_
155-3	BZ009	155	3	è	è	_	_	_	_	_	linguistic	_	none	_	_	_	_	_	_
155-4	BZ009	155	4	minore	minore	_	_	_	_	_	linguistic	_	none	_	_	_	_	_	_
155-5	BZ009	155	5	rispetto	rispetto	_	_	_	_	_	linguistic	_	none	_	_	_	_	_	_
155-6	BZ009	155	6	a	a	_	_	_	_	_	linguistic	_	none	_	_	_	_	_	_
155-7	BZ009	155	7	quella	quella	_	_	_	_	_	linguistic	_	none	_	_	_	_	_	_
155-8	BZ009	155	8	che	che	_	_	_	_	_	linguistic	_	none	_	_	_	_	_	_
155-9	BZ009	155	9	ci	ci	_	_	_	_	_	linguistic	_	none	_	_	_	_	_	_
155-10	BZ009	155	10	può	può	_	_	_	_	_	linguistic	_	none	_	_	_	_	_	_
155-11	BZ009	155	11	essere	essere	_	_	_	_	_	linguistic	_	none	_	_	_	_	_	_
155-12	BZ009	155	12	magari	magari	_	_	_	_	_	linguistic	_	none	_	_	_	_	_	_
155-13	BZ009	155	13	parlandolo	parlandolo	_	_	_	_	_	linguistic	_	none	_	_	_	_	_	_
155-14	BZ009	155	14	in	in	_	_	_	_	_	linguistic	_	none	_	_	_	_	_	_
155-15	BZ009	155	15	germania.	germania	_	_	_	_	_	linguistic	_	none	Intonation=Falling	End=619.9	_	_	_	_
156-0	BZ001	156	0	mh	mh	_	_	_	_	_	linguistic	_	none	ProsodicLink=Yes	Begin=619.945	_	_	_	_
156-1	BZ001	156	1	mh,	mh	_	_	_	_	_	linguistic	_	none	Intonation=WeaklyRising	End=620.34	_	_	_	_
157-0	BZ001	157	0	e	e	_	_	_	_	_	linguistic	_	none	_	Begin=620.75	_	_	_	_
157-1	BZ001	157	1	quando	quando	_	_	_	_	_	linguistic	_	none	_	_	_	_	_	_
157-2	BZ001	157	2	ti	ti	_	_	_	_	_	linguistic	_	none	_	_	_	_	_	_
157-3	BZ001	157	3	sei	sei	_	_	_	_	_	linguistic	_	none	_	_	_	_	_	_
157-4	BZ001	157	4	trovato,	trovato	_	_	_	_	_	linguistic	_	none	Intonation=WeaklyRising	_	_	_	_	_
157-5	BZ001	157	5	eh	eh	_	_	_	_	_	linguistic	_	none	_	_	_	_	_	_
157-6	BZ001	157	6	visto	visto	_	_	_	_	_	linguistic	_	none	_	_	_	_	_	_
157-7	BZ001	157	7	che	che	_	_	_	_	_	linguistic	_	none	_	_	_	_	_	_
157-8	BZ001	157	8	ora	ora	_	_	_	_	_	linguistic	_	none	_	_	_	_	_	_
157-9	BZ001	157	9	citavi	citavi	_	_	_	_	_	linguistic	_	none	_	_	_	_	_	_
157-10	BZ001	157	10	il	il	_	_	_	_	_	linguistic	_	none	_	_	_	_	_	_
157-11	BZ001	157	11	dialetto	dialetto	_	_	_	_	_	linguistic	_	none	_	_	_	_	_	_
157-12	BZ001	157	12	a	a	_	_	_	_	_	linguistic	_	none	_	_	_	_	_	_
157-13	BZ001	157	13	lavoro	lavoro	_	_	_	_	_	linguistic	_	none	_	_	_	_	_	_
157-14	BZ001	157	14	o	o	_	_	_	_	_	linguistic	_	none	_	_	_	_	_	_
157-15	BZ001	157	15	in	in	_	_	_	_	_	linguistic	_	none	_	_	_	_	_	_
157-16	BZ001	157	16	contesto	contesto	_	_	_	_	_	linguistic	_	none	_	_	_	_	_	_
157-17	BZ001	157	17	di	di	_	_	_	_	_	linguistic	_	none	_	_	_	_	_	_
157-18	BZ001	157	18	volontariato,	volontariato	_	_	_	_	_	linguistic	_	none	Intonation=WeaklyRising|PauseAfter=Yes	_	_	_	_	_
157-19	BZ001	157	19	(.)	(.)	_	_	_	_	_	shortpause	_	none	_	_	_	_	_	_
157-20	BZ001	157	20	eh	eh	_	_	_	_	_	linguistic	_	none	_	_	_	_	_	_
157-21	BZ001	157	21	parlavi	parlavi	_	_	_	_	_	linguistic	_	none	_	_	_	_	_	_
157-22	BZ001	157	22	dialetto	dialetto	_	_	_	_	_	linguistic	_	none	_	_	_	_	_	_
157-23	BZ001	157	23	o	o	_	_	_	_	_	linguistic	_	none	_	_	_	_	_	_
157-24	BZ001	157	24	hochdeutsch?	hochdeutsch	_	_	_	_	_	linguistic	_	none	Intonation=Rising	End=628.39	_	_	_	_
158-0	BZ009	158	0	sempre	sempre	_	_	_	_	_	linguistic	_	none	_	Begin=628.505	_	_	_	_
158-1	BZ009	158	1	hochdeutsch.	hochdeutsch	_	_	_	_	_	linguistic	_	none	Intonation=Falling	End=629.355	_	_	_	_
159-0	BZ001	159	0	okay.	okay	_	_	_	_	_	linguistic	_	none	Intonation=Falling	Begin=629.355	_	_	_	_
159-1	BZ001	159	1	sai,	sai	_	_	_	_	_	linguistic	_	none	Intonation=WeaklyRising|PauseAfter=Yes	_	_	_	_	_
159-2	BZ001	159	2	(.)	(.)	_	_	_	_	_	shortpause	_	none	_	_	_	_	_	_
159-3	BZ001	159	3	conosci	conosci	_	_	_	_	_	linguistic	_	none	_	_	_	_	_	_
159-4	BZ001	159	4	il	il	_	_	_	_	_	linguistic	_	none	_	_	_	_	_	_
159-5	BZ001	159	5	dialetto	dialetto	_	_	_	_	_	linguistic	_	none	_	_	_	_	_	_
159-6	BZ001	159	6	anche?	anche	_	_	_	_	_	linguistic	_	none	Intonation=Rising	End=631.315	_	_	_	_
160-0	BZ009	160	0	poche	poche	_	_	_	_	_	linguistic	_	none	_	Begin=631.24	_	_	_	_
160-1	BZ009	160	1	parole	parole	_	_	_	_	_	linguistic	_	none	_	_	_	_	_	_
160-2	BZ009	160	2	[ma	ma	_	_	_	_	_	linguistic	_	none	_	_	_	_	_	0-2(18)
160-3	BZ009	160	3	tendo]	tendo	_	_	_	_	_	linguistic	_	none	_	_	_	_	_	0-5(18)
160-4	BZ009	160	4	a	a	_	_	_	_	_	linguistic	_	none	_	_	_	_	_	_
160-5	BZ009	160	5	non,	non	_	_	_	_	_	linguistic	_	none	Intonation=WeaklyRising	End=633.96	_	_	_	_
161-0	BZ001	161	0	[okay],	okay	_	_	_	_	_	linguistic	_	none	Intonation=WeaklyRising	Begin=632.645|End=633.075	_	_	_	0-4(18)
162-0	BZ009	162	0	a	a	_	_	_	_	_	linguistic	_	none	_	Begin=634.205	_	_	_	_
162-1	BZ009	162	1	preferire,	preferire	_	_	_	_	_	linguistic	_	none	Intonation=WeaklyRising	_	_	_	_	_
162-2	BZ009	162	2	nonostante	nonostante	_	_	_	_	_	linguistic	_	none	PauseAfter=Yes	_	_	_	_	_
162-3	BZ009	162	3	(.)	(.)	_	_	_	_	_	shortpause	_	none	_	_	_	_	_	_
162-4	BZ009	162	4	conosca	conosca	_	_	_	_	_	linguistic	_	none	_	_	_	_	_	_
162-5	BZ009	162	5	anche	anche	_	_	_	_	_	linguistic	_	none	_	_	_	_	_	_
162-6	BZ009	162	6	il	il	_	_	_	_	_	linguistic	_	none	_	_	_	_	_	_
162-7	BZ009	162	7	dialetto	dialetto	_	_	_	_	_	linguistic	_	none	_	_	_	_	_	_
162-8	BZ009	162	8	delle	delle	_	_	_	_	_	linguistic	_	none	_	_	_	_	_	_
162-9	BZ009	162	9	mie	mie	_	_	_	_	_	linguistic	_	none	_	_	_	_	_	_
162-10	BZ009	162	10	origini,	origini	_	_	_	_	_	linguistic	_	none	Intonation=WeaklyRising	End=638.155	_	_	_	_
163-0	BZ009	163	0	<tendo	tendo	_	_	_	_	_	linguistic	_	none	_	Begin=638.825	_	Slow=0-5(0)	_	_
163-1	BZ009	163	1	nei	nei	_	_	_	_	_	linguistic	_	none	_	_	_	Slow=0-3(0)	_	_
163-2	BZ009	163	2	contesti>	contesti	_	_	_	_	_	linguistic	_	none	_	_	_	Slow=0-8(0)	_	_
163-3	BZ009	163	3	eh:	eh	_	_	_	_	_	linguistic	_	none	_	_	1x1	_	_	_
163-4	BZ009	163	4	soprattutto	soprattutto	_	_	_	_	_	linguistic	_	none	_	_	_	_	_	_
163-5	BZ009	163	5	ufficiali	ufficiali	_	_	_	_	_	linguistic	_	none	_	_	_	_	_	_
163-6	BZ009	163	6	a	a	_	_	_	_	_	linguistic	_	none	_	_	_	_	_	_
163-7	BZ009	163	7	evitare	evitare	_	_	_	_	_	linguistic	_	none	_	_	_	_	_	_
163-8	BZ009	163	8	di	di	_	_	_	_	_	linguistic	_	none	_	_	_	_	_	_
163-9	BZ009	163	9	parlare	parlare	_	_	_	_	_	linguistic	_	none	_	_	_	_	_	_
163-10	BZ009	163	10	dialetto.	dialetto	_	_	_	_	_	linguistic	_	none	Intonation=Falling	End=643.945	_	_	_	_
164-0	BZ001	164	0	mh.	mh	_	_	_	_	_	linguistic	_	none	Intonation=Falling	Begin=643.29|End=643.67	_	_	_	_
165-0	BZ001	165	0	e	e	_	_	_	_	_	linguistic	_	none	_	Begin=644.295	_	_	_	_
165-1	BZ001	165	1	che	che	_	_	_	_	_	linguistic	_	none	_	_	_	_	_	_
165-2	BZ001	165	2	idea	idea	_	_	_	_	_	linguistic	_	none	_	_	_	_	_	_
165-3	BZ001	165	3	ti	ti	_	_	_	_	_	linguistic	_	none	_	_	_	_	_	_
165-4	BZ001	165	4	sei	sei	_	_	_	_	_	linguistic	_	none	_	_	_	_	_	_
165-5	BZ001	165	5	fatto	fatto	_	_	_	_	_	linguistic	_	none	_	_	_	_	_	_
165-6	BZ001	165	6	invece	invece	_	_	_	_	_	linguistic	_	none	_	_	_	_	_	_
165-7	BZ001	165	7	o:	o	_	_	_	_	_	linguistic	_	none	_	_	0x1	_	_	_
165-8	BZ001	165	8	>che	che	_	_	_	_	_	linguistic	_	none	_	_	_	Fast=0-3(0)	_	_
165-9	BZ001	165	9	impressioni	impressioni	_	_	_	_	_	linguistic	_	none	_	_	_	Fast=0-11(0)	_	_
165-10	BZ001	165	10	hai	hai	_	_	_	_	_	linguistic	_	none	_	_	_	Fast=0-3(0)	_	_
165-11	BZ001	165	11	avuto	avuto	_	_	_	_	_	linguistic	_	none	_	_	_	Fast=0-5(0)	_	_
165-12	BZ001	165	12	nella	nella	_	_	_	_	_	linguistic	_	none	_	_	_	Fast=0-5(0)	_	_
165-13	BZ001	165	13	tua	tua	_	_	_	_	_	linguistic	_	none	_	_	_	Fast=0-3(0)	_	_
165-14	BZ001	165	14	vita<	vita	_	_	_	_	_	linguistic	_	none	_	_	_	Fast=0-4(0)	_	_
165-15	BZ001	165	15	di	di	_	_	_	_	_	linguistic	_	none	_	_	_	_	_	_
165-16	BZ001	165	16	questa,	questa	_	_	_	_	_	linguistic	_	none	Intonation=WeaklyRising	End=648.78	_	_	_	_
166-0	BZ001	166	0	eh	eh	_	_	_	_	_	linguistic	_	none	_	Begin=649.02	_	_	_	_
166-1	BZ001	166	1	convivenza	convivenza	_	_	_	_	_	linguistic	_	none	_	_	_	_	_	_
166-2	BZ001	166	2	anche	anche	_	_	_	_	_	linguistic	_	none	_	_	_	_	_	_
166-3	BZ001	166	3	un	un	_	_	_	_	_	linguistic	_	none	_	_	_	_	_	_
166-4	BZ001	166	4	po'	po'	_	_	_	_	_	linguistic	_	none	_	_	_	_	_	_
166-5	BZ001	166	5	di	di	_	_	_	_	_	linguistic	_	none	_	_	_	_	_	_
166-6	BZ001	166	6	hochdeutsch	hochdeutsch	_	_	_	_	_	linguistic	_	none	_	_	_	_	_	_
166-7	BZ001	166	7	e	e	_	_	_	_	_	linguistic	_	none	_	_	_	_	_	_
166-8	BZ001	166	8	dialetto	dialetto	_	_	_	_	_	linguistic	_	none	_	_	_	_	_	_
166-9	BZ001	166	9	insomma,	insomma	_	_	_	_	_	linguistic	_	none	Intonation=WeaklyRising	_	_	_	_	_
166-10	BZ001	166	10	che	che	_	_	_	_	_	linguistic	_	none	_	_	_	_	_	_
166-11	BZ001	166	11	rapporto	rapporto	_	_	_	_	_	linguistic	_	none	_	_	_	_	_	_
166-12	BZ001	166	12	c'	c'	_	_	_	_	_	linguistic	_	none	SpaceAfter=No	_	_	_	_	_
166-13	BZ001	166	13	è	è	_	_	_	_	_	linguistic	_	none	_	_	_	_	_	_
166-14	BZ001	166	14	magari,	magari	_	_	_	_	_	linguistic	_	none	Intonation=WeaklyRising	End=653.2	_	_	_	_
167-0	BZ001	167	0	nelle	nelle	_	_	_	_	_	linguistic	_	none	_	Begin=653.425	_	_	_	_
167-1	BZ001	167	1	persone	persone	_	_	_	_	_	linguistic	_	none	_	_	_	_	_	_
167-2	BZ001	167	2	madrelingua	madrelingua	_	_	_	_	_	linguistic	_	none	_	_	_	_	_	_
167-3	BZ001	167	3	tedesche	tedesche	_	_	_	_	_	linguistic	_	none	_	_	_	_	_	_
167-4	BZ001	167	4	altoatesine,	altoatesine	_	_	_	_	_	linguistic	_	none	Intonation=WeaklyRising	End=656.405	_	_	_	_
168-0	BZ001	168	0	eh	eh	_	_	_	_	_	linguistic	_	none	_	Begin=656.74	_	_	_	_
168-1	BZ001	168	1	del	del	_	_	_	_	_	linguistic	_	none	_	_	_	_	_	_
168-2	BZ001	168	2	hochdetusch	hochdetusch	_	_	_	_	_	linguistic	_	none	_	_	_	_	_	_
168-3	BZ001	168	3	del	del	_	_	_	_	_	linguistic	_	none	_	_	_	_	_	_
168-4	BZ001	168	4	dialetto?	dialetto	_	_	_	_	_	linguistic	_	none	Intonation=Rising	End=658.62	_	_	_	_
169-0	BZ009	169	0	allora,	allora	_	_	_	_	_	linguistic	_	none	Intonation=WeaklyRising	Begin=658.715	_	_	_	_
169-1	BZ009	169	1	anche	anche	_	_	_	_	_	linguistic	_	none	_	_	_	_	_	_
169-2	BZ009	169	2	nell'	nell'	_	_	_	_	_	linguistic	_	none	SpaceAfter=No	_	_	_	_	_
169-3	BZ009	169	3	azienda	azienda	_	_	_	_	_	linguistic	_	none	_	_	_	_	_	_
169-4	BZ009	169	4	dove	dove	_	_	_	_	_	linguistic	_	none	_	_	_	_	_	_
169-5	BZ009	169	5	lavoravo	lavoravo	_	_	_	_	_	linguistic	_	none	_	_	_	_	_	_
169-6	BZ009	169	6	quando	quando	_	_	_	_	_	linguistic	_	none	_	_	_	_	_	_
169-7	BZ009	169	7	eh::	eh	_	_	_	_	_	linguistic	_	none	_	_	1x2	_	_	_
169-8	BZ009	169	8	magari	magari	_	_	_	_	_	linguistic	_	none	_	_	_	_	_	_
169-9	BZ009	169	9	la	la	_	_	_	_	_	linguistic	_	none	_	_	_	_	_	_
169-10	BZ009	169	10	riunione,	riunione	_	_	_	_	_	linguistic	_	none	Intonation=WeaklyRising|PauseAfter=Yes	_	_	_	_	_
169-11	BZ009	169	11	(.)	(.)	_	_	_	_	_	shortpause	_	none	_	_	_	_	_	_
169-12	BZ009	169	12	entra	entra	_	_	_	_	_	linguistic	_	none	_	_	_	_	_	_
169-13	BZ009	169	13	più	più	_	_	_	_	_	linguistic	_	none	_	_	_	_	_	_
169-14	BZ009	169	14	nel	nel	_	_	_	_	_	linguistic	_	none	_	_	_	_	_	_
169-15	BZ009	169	15	vivo,	vivo	_	_	_	_	_	linguistic	_	none	Intonation=WeaklyRising	_	_	_	_	_
169-16	BZ009	169	16	eh	eh	_	_	_	_	_	linguistic	_	none	_	_	_	_	_	_
169-17	BZ009	169	17	s-	s-	_	_	_	_	_	linguistic	_	none	Interrupted=Yes	_	_	_	_	_
169-18	BZ009	169	18	c'	c'	_	_	_	_	_	linguistic	_	none	SpaceAfter=No	_	_	_	_	_
169-19	BZ009	169	19	è	è	_	_	_	_	_	linguistic	_	none	_	_	_	_	_	_
169-20	BZ009	169	20	sempre	sempre	_	_	_	_	_	linguistic	_	none	_	_	_	_	_	_
169-21	BZ009	169	21	la	la	_	_	_	_	_	linguistic	_	none	_	_	_	_	_	_
169-22	BZ009	169	22	tendenza	tendenza	_	_	_	_	_	linguistic	_	none	_	_	_	_	_	_
169-23	BZ009	169	23	a	a	_	_	_	_	_	linguistic	_	none	_	_	_	_	_	_
169-24	BZ009	169	24	passare	passare	_	_	_	_	_	linguistic	_	none	_	_	_	_	_	_
169-25	BZ009	169	25	dall'	dall'	_	_	_	_	_	linguistic	_	none	SpaceAfter=No	_	_	_	_	_
169-26	BZ009	169	26	hochdeutsch	hochdeutsch	_	_	_	_	_	linguistic	_	none	_	_	_	_	_	_
169-27	BZ009	169	27	al	al	_	_	_	_	_	linguistic	_	none	_	_	_	_	_	_
169-28	BZ009	169	28	dia[letto].	dialetto	_	_	_	_	_	linguistic	_	none	Intonation=Falling	End=669.795	_	_	_	0-6(20)
170-0	BZ001	170	0	[mh	mh	_	_	_	_	_	linguistic	_	none	ProsodicLink=Yes	Begin=669.125	_	_	_	0-2(20)
170-1	BZ001	170	1	mh].	mh	_	_	_	_	_	linguistic	_	none	Intonation=Falling	End=669.605	_	_	_	0-2(20)
171-0	BZ009	171	0	quindi	quindi	_	_	_	_	_	linguistic	_	none	_	Begin=670.3	_	_	_	_
171-1	BZ009	171	1	nel	nel	_	_	_	_	_	linguistic	_	none	_	_	_	_	_	_
171-2	BZ009	171	2	contesti,	contesti	_	_	_	_	_	linguistic	_	none	Intonation=WeaklyRising	End=671.62	_	_	_	_
172-0	BZ009	172	0	eh::	eh	_	_	_	_	_	linguistic	_	none	_	Begin=671.895	1x2	_	_	_
172-1	BZ009	172	1	informali,	informali	_	_	_	_	_	linguistic	_	none	Intonation=WeaklyRising	_	_	_	_	_
172-2	BZ009	172	2	è	è	_	_	_	_	_	linguistic	_	none	_	_	_	_	_	_
172-3	BZ009	172	3	quasi	quasi	_	_	_	_	_	linguistic	_	none	_	_	_	_	_	_
172-4	BZ009	172	4	scontato:	scontato	_	_	_	_	_	linguistic	_	none	_	_	7x1	_	_	_
172-5	BZ009	172	5	il	il	_	_	_	_	_	linguistic	_	none	_	_	_	_	_	_
172-6	BZ009	172	6	dialetto.	dialetto	_	_	_	_	_	linguistic	_	none	Intonation=Falling	_	_	_	_	_
172-7	BZ009	172	7	tant'	tant'	_	_	_	_	_	linguistic	_	none	SpaceAfter=No	_	_	_	_	_
172-8	BZ009	172	8	è	è	_	_	_	_	_	linguistic	_	none	_	_	_	_	_	_
172-9	BZ009	172	9	che	che	_	_	_	_	_	linguistic	_	none	_	_	_	_	_	_
172-10	BZ009	172	10	spesso	spesso	_	_	_	_	_	linguistic	_	none	_	_	_	_	_	_
172-11	BZ009	172	11	dovevo	dovevo	_	_	_	_	_	linguistic	_	none	_	_	_	_	_	_
172-12	BZ009	172	12	chiedere	chiedere	_	_	_	_	_	linguistic	_	none	_	_	_	_	_	_
172-13	BZ009	172	13	di	di	_	_	_	_	_	linguistic	_	none	_	_	_	_	_	_
172-14	BZ009	172	14	poter	poter	_	_	_	_	_	linguistic	_	none	_	_	_	_	_	_
172-15	BZ009	172	15	parlare	parlare	_	_	_	_	_	linguistic	_	none	_	_	_	_	_	_
172-16	BZ009	172	16	in	in	_	_	_	_	_	linguistic	_	none	_	_	_	_	_	_
172-17	BZ009	172	17	hochdeutsch	hochdeutsch	_	_	_	_	_	linguistic	_	none	_	_	_	_	_	_
172-18	BZ009	172	18	perché	perché	_	_	_	_	_	linguistic	_	none	_	_	_	_	_	_
172-19	BZ009	172	19	non,	non	_	_	_	_	_	linguistic	_	none	Intonation=WeaklyRising	_	_	_	_	_
172-20	BZ009	172	20	alcune	alcune	_	_	_	_	_	linguistic	_	none	_	_	_	_	_	_
172-21	BZ009	172	21	cose	cose	_	_	_	_	_	linguistic	_	none	_	_	_	_	_	_
172-22	BZ009	172	22	proprio	proprio	_	_	_	_	_	linguistic	_	none	_	_	_	_	_	_
172-23	BZ009	172	23	non	non	_	_	_	_	_	linguistic	_	none	_	_	_	_	_	_
172-24	BZ009	172	24	le	le	_	_	_	_	_	linguistic	_	none	_	_	_	_	_	_
172-25	BZ009	172	25	riuscivo	riuscivo	_	_	_	_	_	linguistic	_	none	_	_	_	_	_	_
172-26	BZ009	172	26	a,	a	_	_	_	_	_	linguistic	_	none	Intonation=WeaklyRising	End=682.05	_	_	_	_
173-0	BZ001	173	0	okay.	okay	_	_	_	_	_	linguistic	_	none	Intonation=Falling	Begin=682.095|End=682.575	_	_	_	_
174-0	BZ009	174	0	a-	a-	_	_	_	_	_	linguistic	_	none	Interrupted=Yes	Begin=682.577	_	_	_	_
174-1	BZ009	174	1	ad	ad	_	_	_	_	_	linguistic	_	none	_	_	_	_	_	_
174-2	BZ009	174	2	afferrare.	afferrare	_	_	_	_	_	linguistic	_	none	Intonation=Falling	End=683.747	_	_	_	_
175-0	BZ009	175	0	credo	credo	_	_	_	_	_	linguistic	_	none	_	Begin=684.107	_	_	_	_
175-1	BZ009	175	1	che	che	_	_	_	_	_	linguistic	_	none	_	_	_	_	_	_
175-2	BZ009	175	2	in	in	_	_	_	_	_	linguistic	_	none	_	_	_	_	_	_
175-3	BZ009	175	3	ambito	ambito	_	_	_	_	_	linguistic	_	none	_	_	_	_	_	_
175-4	BZ009	175	4	lavorativo	lavorativo	_	_	_	_	_	linguistic	_	none	_	_	_	_	_	_
175-5	BZ009	175	5	non	non	_	_	_	_	_	linguistic	_	none	_	_	_	_	_	_
175-6	BZ009	175	6	ci	ci	_	_	_	_	_	linguistic	_	none	_	_	_	_	_	_
175-7	BZ009	175	7	sia	sia	_	_	_	_	_	linguistic	_	none	_	_	_	_	_	_
175-8	BZ009	175	8	spazio	spazio	_	_	_	_	_	linguistic	_	none	_	_	_	_	_	_
175-9	BZ009	175	9	però	però	_	_	_	_	_	linguistic	_	none	_	_	_	_	_	_
175-10	BZ009	175	10	per	per	_	_	_	_	_	linguistic	_	none	_	_	_	_	_	_
175-11	BZ009	175	11	il	il	_	_	_	_	_	linguistic	_	none	_	_	_	_	_	_
175-12	BZ009	175	12	dialetto.	dialetto	_	_	_	_	_	linguistic	_	none	Intonation=Falling|PauseAfter=Yes	_	_	_	_	_
175-13	BZ009	175	13	(.)	(.)	_	_	_	_	_	shortpause	_	none	_	_	_	_	_	_
175-14	BZ009	175	14	[questa	questa	_	_	_	_	_	linguistic	_	none	_	_	_	_	_	0-6(21)
175-15	BZ009	175	15	è	è	_	_	_	_	_	linguistic	_	none	_	_	_	_	_	0-1(21)
175-16	BZ009	175	16	una]	una	_	_	_	_	_	linguistic	_	none	_	_	_	_	_	0-3(21)
175-17	BZ009	175	17	criticità	criticità	_	_	_	_	_	linguistic	_	none	_	_	_	_	_	_
175-18	BZ009	175	18	che	che	_	_	_	_	_	linguistic	_	none	_	_	_	_	_	_
175-19	BZ009	175	19	ritengo,	ritengo	_	_	_	_	_	linguistic	_	none	Intonation=WeaklyRising	End=690.18	_	_	_	_
176-0	BZ001	176	0	[mh	mh	_	_	_	_	_	linguistic	_	none	ProsodicLink=Yes	Begin=688.085	_	_	_	0-2(21)
176-1	BZ001	176	1	mh],	mh	_	_	_	_	_	linguistic	_	none	Intonation=WeaklyRising	End=688.44	_	_	_	0-2(21)
177-0	BZ009	177	0	molto	molto	_	_	_	_	_	linguistic	_	none	_	Begin=690.932	_	_	_	_
177-1	BZ009	177	1	poco	poco	_	_	_	_	_	linguistic	_	none	_	_	_	_	_	_
177-2	BZ009	177	2	professionale,	professionale	_	_	_	_	_	linguistic	_	none	Intonation=WeaklyRising|PauseAfter=Yes	_	_	_	_	_
177-3	BZ009	177	3	(.)	(.)	_	_	_	_	_	shortpause	_	none	_	_	_	_	_	_
177-4	BZ009	177	4	sia	sia	_	_	_	_	_	linguistic	_	none	_	_	_	_	_	_
177-5	BZ009	177	5	che	che	_	_	_	_	_	linguistic	_	none	_	_	_	_	_	_
177-6	BZ009	177	6	sia	sia	_	_	_	_	_	linguistic	_	none	_	_	_	_	_	_
177-7	BZ009	177	7	dialetto	dialetto	_	_	_	_	_	linguistic	_	none	_	_	_	_	_	_
177-8	BZ009	177	8	italiano,	italiano	_	_	_	_	_	linguistic	_	none	Intonation=WeaklyRising	_	_	_	_	_
177-9	BZ009	177	9	che	che	_	_	_	_	_	linguistic	_	none	_	_	_	_	_	_
177-10	BZ009	177	10	sia	sia	_	_	_	_	_	linguistic	_	none	_	_	_	_	_	_
177-11	BZ009	177	11	dialetto	dialetto	_	_	_	_	_	linguistic	_	none	_	_	_	_	_	_
177-12	BZ009	177	12	tedesco,	tedesco	_	_	_	_	_	linguistic	_	none	Intonation=WeaklyRising	_	_	_	_	_
177-13	BZ009	177	13	chiaramente	chiaramente	_	_	_	_	_	linguistic	_	none	_	_	_	_	_	_
177-14	BZ009	177	14	[non	non	_	_	_	_	_	linguistic	_	none	_	_	_	_	_	0-3(22)
177-15	BZ009	177	15	ho	ho	_	_	_	_	_	linguistic	_	none	_	_	_	_	_	0-2(22)
177-16	BZ009	177	16	nessun]	nessun	_	_	_	_	_	linguistic	_	none	_	_	_	_	_	0-6(22)
177-17	BZ009	177	17	tipo	tipo	_	_	_	_	_	linguistic	_	none	_	_	_	_	_	_
177-18	BZ009	177	18	di	di	_	_	_	_	_	linguistic	_	none	_	_	_	_	_	_
177-19	BZ009	177	19	pregiudizio	pregiudizio	_	_	_	_	_	linguistic	_	none	_	_	_	_	_	_
177-20	BZ009	177	20	o	o	_	_	_	_	_	linguistic	_	none	_	_	_	_	_	_
177-21	BZ009	177	21	di,	di	_	_	_	_	_	linguistic	_	none	Intonation=WeaklyRising	End=698.252	_	_	_	_
178-0	BZ001	178	0	[mh	mh	_	_	_	_	_	linguistic	_	none	ProsodicLink=Yes	Begin=695.757	_	_	_	0-2(22)
178-1	BZ001	178	1	mh],	mh	_	_	_	_	_	linguistic	_	none	Intonation=WeaklyRising	End=696.337	_	_	_	0-2(22)
179-0	BZ009	179	0	o	o	_	_	_	_	_	linguistic	_	none	_	Begin=698.932	_	_	_	_
179-1	BZ009	179	1	di	di	_	_	_	_	_	linguistic	_	none	_	_	_	_	_	_
179-2	BZ009	179	2	campanilismo	campanilismo	_	_	_	_	_	linguistic	_	none	_	_	_	_	_	_
179-3	BZ009	179	3	di	di	_	_	_	_	_	linguistic	_	none	_	_	_	_	_	_
179-4	BZ009	179	4	nessun	nessun	_	_	_	_	_	linguistic	_	none	_	_	_	_	_	_
179-5	BZ009	179	5	genere	genere	_	_	_	_	_	linguistic	_	none	_	_	_	_	_	_
179-6	BZ009	179	6	ecco.	ecco	_	_	_	_	_	linguistic	_	none	Intonation=Falling	_	_	_	_	_
179-7	BZ009	179	7	non	non	_	_	_	_	_	linguistic	_	none	_	_	_	_	_	_
179-8	BZ009	179	8	mi	mi	_	_	_	_	_	linguistic	_	none	_	_	_	_	_	_
179-9	BZ009	179	9	piace	piace	_	_	_	_	_	linguistic	_	none	_	_	_	_	_	_
179-10	BZ009	179	10	quando	quando	_	_	_	_	_	linguistic	_	none	_	_	_	_	_	_
179-11	BZ009	179	11	gli	gli	_	_	_	_	_	linguistic	_	none	_	_	_	_	_	_
179-12	BZ009	179	12	italiani	italiani	_	_	_	_	_	linguistic	_	none	_	_	_	_	_	_
179-13	BZ009	179	13	parlano	parlano	_	_	_	_	_	linguistic	_	none	_	_	_	_	_	_
179-14	BZ009	179	14	in	in	_	_	_	_	_	linguistic	_	none	_	_	_	_	_	_
179-15	BZ009	179	15	dialetto	dialetto	_	_	_	_	_	linguistic	_	none	_	_	_	_	_	_
179-16	BZ009	179	16	così	così	_	_	_	_	_	linguistic	_	none	_	_	_	_	_	_
179-17	BZ009	179	17	come,	come	_	_	_	_	_	linguistic	_	none	Intonation=WeaklyRising	End=703.832	_	_	_	_
180-0	BZ009	180	0	quando	quando	_	_	_	_	_	linguistic	_	none	_	Begin=704.377	_	_	_	_
180-1	BZ009	180	1	viene	viene	_	_	_	_	_	linguistic	_	none	_	_	_	_	_	_
180-2	BZ009	180	2	parlato	parlato	_	_	_	_	_	linguistic	_	none	_	_	_	_	_	_
180-3	BZ009	180	3	dialetto	dialetto	_	_	_	_	_	linguistic	_	none	_	_	_	_	_	_
180-4	BZ009	180	4	tedesco.	tedesco	_	_	_	_	_	linguistic	_	none	Intonation=Falling	End=705.9984999999999	_	_	_	_
181-0	BZ001	181	0	mh	mh	_	_	_	_	_	linguistic	_	none	ProsodicLink=Yes	Begin=705.9984999999999	_	_	_	_
181-1	BZ001	181	1	mh.	mh	_	_	_	_	_	linguistic	_	none	Intonation=Falling	End=706.357	_	_	_	_
182-0	BZ001	182	0	hai	hai	_	_	_	_	_	linguistic	_	none	_	Begin=706.886	_	_	_	_
182-1	BZ001	182	1	già	già	_	_	_	_	_	linguistic	_	none	_	_	_	_	_	_
182-2	BZ001	182	2	parlato	parlato	_	_	_	_	_	linguistic	_	none	_	_	_	_	_	_
182-3	BZ001	182	3	dei	dei	_	_	_	_	_	linguistic	_	none	_	_	_	_	_	_
182-4	BZ001	182	4	viaggi,	viaggi	_	_	_	_	_	linguistic	_	none	Intonation=WeaklyRising	_	_	_	_	_
182-5	BZ001	182	5	dell'	dell'	_	_	_	_	_	linguistic	_	none	SpaceAfter=No	_	_	_	_	_
182-6	BZ001	182	6	immersione,	immersione	_	_	_	_	_	linguistic	_	none	Intonation=WeaklyRising	_	_	_	_	_
182-7	BZ001	182	7	e	e	_	_	_	_	_	linguistic	_	none	_	_	_	_	_	_
182-8	BZ001	182	8	della	della	_	_	_	_	_	linguistic	_	none	_	_	_	_	_	_
182-9	BZ001	182	9	musica,	musica	_	_	_	_	_	linguistic	_	none	Intonation=WeaklyRising	_	_	_	_	_
182-10	BZ001	182	10	ti	ti	_	_	_	_	_	linguistic	_	none	_	_	_	_	_	_
182-11	BZ001	182	11	chiedo	chiedo	_	_	_	_	_	linguistic	_	none	_	_	_	_	_	_
182-12	BZ001	182	12	anche	anche	_	_	_	_	_	linguistic	_	none	_	_	_	_	_	_
182-13	BZ001	182	13	per	per	_	_	_	_	_	linguistic	_	none	_	_	_	_	_	_
182-14	BZ001	182	14	esempio	esempio	_	_	_	_	_	linguistic	_	none	_	_	_	_	_	_
182-15	BZ001	182	15	quando	quando	_	_	_	_	_	linguistic	_	none	_	_	_	_	_	_
182-16	BZ001	182	16	guardi	guardi	_	_	_	_	_	linguistic	_	none	_	_	_	_	_	_
182-17	BZ001	182	17	un	un	_	_	_	_	_	linguistic	_	none	_	_	_	_	_	_
182-18	BZ001	182	18	film,	film	_	_	_	_	_	linguistic	_	none	Intonation=WeaklyRising	_	_	_	_	_
182-19	BZ001	182	19	una	una	_	_	_	_	_	linguistic	_	none	_	_	_	_	_	_
182-20	BZ001	182	20	serie,	serie	_	_	_	_	_	linguistic	_	none	Intonation=WeaklyRising	_	_	_	_	_
182-21	BZ001	182	21	so	so	_	_	_	_	_	linguistic	_	none	_	_	_	_	_	_
182-22	BZ001	182	22	che	che	_	_	_	_	_	linguistic	_	none	_	_	_	_	_	_
182-23	BZ001	182	23	sei	sei	_	_	_	_	_	linguistic	_	none	_	_	_	_	_	_
182-24	BZ001	182	24	appassionato	appassionato	_	_	_	_	_	linguistic	_	none	_	_	_	_	_	_
182-25	BZ001	182	25	anche	anche	_	_	_	_	_	linguistic	_	none	_	_	_	_	_	_
182-26	BZ001	182	26	di	di	_	_	_	_	_	linguistic	_	none	_	_	_	_	_	_
182-27	BZ001	182	27	questo,	questo	_	_	_	_	_	linguistic	_	none	Intonation=WeaklyRising|PauseAfter=Yes	_	_	_	_	_
182-28	BZ001	182	28	(.)	(.)	_	_	_	_	_	shortpause	_	none	_	_	_	_	_	_
182-29	BZ001	182	29	ti	ti	_	_	_	_	_	linguistic	_	none	_	_	_	_	_	_
182-30	BZ001	182	30	piace	piace	_	_	_	_	_	linguistic	_	none	_	_	_	_	_	_
182-31	BZ001	182	31	guardarlo	guardarlo	_	_	_	_	_	linguistic	_	none	_	_	_	_	_	_
182-32	BZ001	182	32	in	in	_	_	_	_	_	linguistic	_	none	_	_	_	_	_	_
182-33	BZ001	182	33	lingua	lingua	_	_	_	_	_	linguistic	_	none	_	_	_	_	_	_
182-34	BZ001	182	34	originale,	originale	_	_	_	_	_	linguistic	_	none	Intonation=WeaklyRising	_	_	_	_	_
182-35	BZ001	182	35	è	è	_	_	_	_	_	linguistic	_	none	_	_	_	_	_	_
182-36	BZ001	182	36	un	un	_	_	_	_	_	linguistic	_	none	_	_	_	_	_	_
182-37	BZ001	182	37	modo	modo	_	_	_	_	_	linguistic	_	none	_	_	_	_	_	_
182-38	BZ001	182	38	che	che	_	_	_	_	_	linguistic	_	none	_	_	_	_	_	_
182-39	BZ001	182	39	usi	usi	_	_	_	_	_	linguistic	_	none	_	_	_	_	_	_
182-40	BZ001	182	40	per	per	_	_	_	_	_	linguistic	_	none	_	_	_	_	_	_
182-41	BZ001	182	41	approfondire	approfondire	_	_	_	_	_	linguistic	_	none	_	_	_	_	_	_
182-42	BZ001	182	42	una	una	_	_	_	_	_	linguistic	_	none	_	_	_	_	_	_
182-43	BZ001	182	43	lingua,	lingua	_	_	_	_	_	linguistic	_	none	Intonation=WeaklyRising	_	_	_	_	_
182-44	BZ001	182	44	o	o	_	_	_	_	_	linguistic	_	none	_	_	_	_	_	_
182-45	BZ001	182	45	preferisci	preferisci	_	_	_	_	_	linguistic	_	none	_	_	_	_	_	_
182-46	BZ001	182	46	il	il	_	_	_	_	_	linguistic	_	none	_	_	_	_	_	_
182-47	BZ001	182	47	doppiaggio?	doppiaggio	_	_	_	_	_	linguistic	_	none	Intonation=Rising	End=720.58	_	_	_	_
183-0	BZ009	183	0	allora	allora	_	_	_	_	_	linguistic	_	none	_	Begin=720.68	_	_	_	_
183-1	BZ009	183	1	nonostante,	nonostante	_	_	_	_	_	linguistic	_	none	Intonation=WeaklyRising	_	_	_	_	_
183-2	BZ009	183	2	eh:	eh	_	_	_	_	_	linguistic	_	none	_	_	1x1	_	_	_
183-3	BZ009	183	3	sia	sia	_	_	_	_	_	linguistic	_	none	_	_	_	_	_	_
183-4	BZ009	183	4	anche	anche	_	_	_	_	_	linguistic	_	none	_	_	_	_	_	_
183-5	BZ009	183	5	questo	questo	_	_	_	_	_	linguistic	_	none	_	_	_	_	_	_
183-6	BZ009	183	6	secondo	secondo	_	_	_	_	_	linguistic	_	none	_	_	_	_	_	_
183-7	BZ009	183	7	me	me	_	_	_	_	_	linguistic	_	none	_	_	_	_	_	_
183-8	BZ009	183	8	un	un	_	_	_	_	_	linguistic	_	none	_	_	_	_	_	_
183-9	BZ009	183	9	modo	modo	_	_	_	_	_	linguistic	_	none	_	_	_	_	_	_
183-10	BZ009	183	10	importantissimo	importantissimo	_	_	_	_	_	linguistic	_	none	_	_	_	_	_	_
183-11	BZ009	183	11	per	per	_	_	_	_	_	linguistic	_	none	_	_	_	_	_	_
183-12	BZ009	183	12	approfondire	approfondire	_	_	_	_	_	linguistic	_	none	_	_	_	_	_	_
183-13	BZ009	183	13	la	la	_	_	_	_	_	linguistic	_	none	_	_	_	_	_	_
183-14	BZ009	183	14	lingua,	lingua	_	_	_	_	_	linguistic	_	none	Intonation=WeaklyRising|PauseAfter=Yes	_	_	_	_	_
183-15	BZ009	183	15	(.)	(.)	_	_	_	_	_	shortpause	_	none	_	_	_	_	_	_
183-16	BZ009	183	16	come	come	_	_	_	_	_	linguistic	_	none	_	_	_	_	_	_
183-17	BZ009	183	17	fanno	fanno	_	_	_	_	_	linguistic	_	none	_	_	_	_	_	_
183-18	BZ009	183	18	all'	all'	_	_	_	_	_	linguistic	_	none	SpaceAfter=No	_	_	_	_	_
183-19	BZ009	183	19	estero	estero	_	_	_	_	_	linguistic	_	none	_	_	_	_	_	_
183-20	BZ009	183	20	perché	perché	_	_	_	_	_	linguistic	_	none	_	_	_	_	_	_
183-21	BZ009	183	21	credo	credo	_	_	_	_	_	linguistic	_	none	_	_	_	_	_	_
183-22	BZ009	183	22	che,	che	_	_	_	_	_	linguistic	_	none	Intonation=WeaklyRising|PauseAfter=Yes	_	_	_	_	_
183-23	BZ009	183	23	(.)	(.)	_	_	_	_	_	shortpause	_	none	_	_	_	_	_	_
183-24	BZ009	183	24	ad	ad	_	_	_	_	_	linguistic	_	none	_	_	_	_	_	_
183-25	BZ009	183	25	esempio,	esempio	_	_	_	_	_	linguistic	_	none	Intonation=WeaklyRising	_	_	_	_	_
183-26	BZ009	183	26	tanti	tanti	_	_	_	_	_	linguistic	_	none	_	_	_	_	_	_
183-27	BZ009	183	27	ragazzi	ragazzi	_	_	_	_	_	linguistic	_	none	_	_	_	_	_	_
183-28	BZ009	183	28	olandesi	olandesi	_	_	_	_	_	linguistic	_	none	_	_	_	_	_	_
183-29	BZ009	183	29	che	che	_	_	_	_	_	linguistic	_	none	_	_	_	_	_	_
183-30	BZ009	183	30	conosco,	conosco	_	_	_	_	_	linguistic	_	none	Intonation=WeaklyRising|PauseAfter=Yes	_	_	_	_	_
183-31	BZ009	183	31	(.)	(.)	_	_	_	_	_	shortpause	_	none	_	_	_	_	_	_
183-32	BZ009	183	32	eh:	eh	_	_	_	_	_	linguistic	_	none	_	_	1x1	_	_	_
183-33	BZ009	183	33	sono,	sono	_	_	_	_	_	linguistic	_	none	Intonation=WeaklyRising	End=733.435	_	_	_	_
184-0	BZ009	184	0	incentivati	incentivati	_	_	_	_	_	linguistic	_	none	_	Begin=733.82	_	_	_	_
184-1	BZ009	184	1	a	a	_	_	_	_	_	linguistic	_	none	_	_	_	_	_	_
184-2	BZ009	184	2	imparare	imparare	_	_	_	_	_	linguistic	_	none	_	_	_	_	_	_
184-3	BZ009	184	3	l'	l'	_	_	_	_	_	linguistic	_	none	SpaceAfter=No	_	_	_	_	_
184-4	BZ009	184	4	inglese	inglese	_	_	_	_	_	linguistic	_	none	_	_	_	_	_	_
184-5	BZ009	184	5	perché	perché	_	_	_	_	_	linguistic	_	none	_	_	_	_	_	_
184-6	BZ009	184	6	non	non	_	_	_	_	_	linguistic	_	none	_	_	_	_	_	_
184-7	BZ009	184	7	ci	ci	_	_	_	_	_	linguistic	_	none	_	_	_	_	_	_
184-8	BZ009	184	8	sono	sono	_	_	_	_	_	linguistic	_	none	_	_	_	_	_	_
184-9	BZ009	184	9	doppiatori	doppiatori	_	_	_	_	_	linguistic	_	none	_	_	_	_	_	_
184-10	BZ009	184	10	diciamo,	diciamo	_	_	_	_	_	linguistic	_	none	Intonation=WeaklyRising	End=737.9	_	_	_	_
185-0	BZ009	185	0	olandesi	olandesi	_	_	_	_	_	linguistic	_	none	_	Begin=738.205	_	_	_	_
185-1	BZ009	185	1	o	o	_	_	_	_	_	linguistic	_	none	_	_	_	_	_	_
185-2	BZ009	185	2	comunque	comunque	_	_	_	_	_	linguistic	_	none	_	_	_	_	_	_
185-3	BZ009	185	3	magari	magari	_	_	_	_	_	linguistic	_	none	_	_	_	_	_	_
185-4	BZ009	185	4	adesso	adesso	_	_	_	_	_	linguistic	_	none	_	_	_	_	_	_
185-5	BZ009	185	5	arriva	arriva	_	_	_	_	_	linguistic	_	none	_	_	_	_	_	_
185-6	BZ009	185	6	ma,	ma	_	_	_	_	_	linguistic	_	none	Intonation=WeaklyRising	End=740.975	_	_	_	_
186-0	BZ009	186	0	non	non	_	_	_	_	_	linguistic	_	none	_	Begin=741.175	_	_	_	_
186-1	BZ009	186	1	è,	è	_	_	_	_	_	linguistic	_	none	Intonation=WeaklyRising	_	_	_	_	_
186-2	BZ009	186	2	l'	l'	_	_	_	_	_	linguistic	_	none	SpaceAfter=No	_	_	_	_	_
186-3	BZ009	186	3	arte	arte	_	_	_	_	_	linguistic	_	none	_	_	_	_	_	_
186-4	BZ009	186	4	del	del	_	_	_	_	_	linguistic	_	none	_	_	_	_	_	_
186-5	BZ009	186	5	doppiaggio	doppiaggio	_	_	_	_	_	linguistic	_	none	_	_	_	_	_	_
186-6	BZ009	186	6	non	non	_	_	_	_	_	linguistic	_	none	_	_	_	_	_	_
186-7	BZ009	186	7	è,	è	_	_	_	_	_	linguistic	_	none	Intonation=WeaklyRising|PauseAfter=Yes	_	_	_	_	_
186-8	BZ009	186	8	(.)	(.)	_	_	_	_	_	shortpause	_	none	_	_	_	_	_	_
186-9	BZ009	186	9	così	così	_	_	_	_	_	linguistic	_	none	PauseAfter=Yes	_	_	_	_	_
186-10	BZ009	186	10	(.)	(.)	_	_	_	_	_	shortpause	_	none	_	_	_	_	_	_
186-11	BZ009	186	11	eh	eh	_	_	_	_	_	linguistic	_	none	_	_	_	_	_	_
186-12	BZ009	186	12	sviluppata	sviluppata	_	_	_	_	_	linguistic	_	none	_	_	_	_	_	_
186-13	BZ009	186	13	magari	magari	_	_	_	_	_	linguistic	_	none	_	_	_	_	_	_
186-14	BZ009	186	14	come	come	_	_	_	_	_	linguistic	_	none	_	_	_	_	_	_
186-15	BZ009	186	15	in	in	_	_	_	_	_	linguistic	_	none	_	_	_	_	_	_
186-16	BZ009	186	16	i[talia],	italia	_	_	_	_	_	linguistic	_	none	Intonation=WeaklyRising	End=746.275	_	_	_	0-6(23)
187-0	BZ001	187	0	[mh].	mh	_	_	_	_	_	linguistic	_	none	Intonation=Falling	Begin=745.67|End=746.24	_	_	_	0-2(23)
188-0	BZ009	188	0	però	però	_	_	_	_	_	linguistic	_	none	_	Begin=746.55	_	_	_	_
188-1	BZ009	188	1	preferisco,	preferisco	_	_	_	_	_	linguistic	_	none	Intonation=WeaklyRising|PauseAfter=Yes	_	_	_	_	_
188-2	BZ009	188	2	(.)	(.)	_	_	_	_	_	shortpause	_	none	_	_	_	_	_	_
188-3	BZ009	188	3	eh::	eh	_	_	_	_	_	linguistic	_	none	_	End=749.1	1x2	_	_	_
189-0	BZ009	189	0	guardare	guardare	_	_	_	_	_	linguistic	_	none	_	Begin=749.46	_	_	_	_
189-1	BZ009	189	1	i	i	_	_	_	_	_	linguistic	_	none	_	_	_	_	_	_
189-2	BZ009	189	2	film	film	_	_	_	_	_	linguistic	_	none	_	_	_	_	_	_
189-3	BZ009	189	3	nella	nella	_	_	_	_	_	linguistic	_	none	_	_	_	_	_	_
189-4	BZ009	189	4	mia	mia	_	_	_	_	_	linguistic	_	none	_	_	_	_	_	_
189-5	BZ009	189	5	[lingua],	lingua	_	_	_	_	_	linguistic	_	none	Intonation=WeaklyRising	End=751.04	_	_	_	0-6(24)
190-0	BZ001	190	0	[mh	mh	_	_	_	_	_	linguistic	_	none	ProsodicLink=Yes	Begin=750.795	_	_	_	0-2(24)
190-1	BZ001	190	1	mh],	mh	_	_	_	_	_	linguistic	_	none	Intonation=WeaklyRising	End=751.205	_	_	_	0-2(24)
191-0	BZ009	191	0	perché:	perché	_	_	_	_	_	linguistic	_	none	_	Begin=751.705|End=752.685	5x1	_	_	_
192-0	BZ009	192	0	nonostante	nonostante	_	_	_	_	_	linguistic	_	none	_	Begin=752.9	_	_	_	_
192-1	BZ009	192	1	capisca	capisca	_	_	_	_	_	linguistic	_	none	_	_	_	_	_	_
192-2	BZ009	192	2	i	i	_	_	_	_	_	linguistic	_	none	_	_	_	_	_	_
192-3	BZ009	192	3	sottotitoli	sottotitoli	_	_	_	_	_	linguistic	_	none	_	_	_	_	_	_
192-4	BZ009	192	4	mi	mi	_	_	_	_	_	linguistic	_	none	_	_	_	_	_	_
192-5	BZ009	192	5	infastidiscono.	infastidiscono	_	_	_	_	_	linguistic	_	none	Intonation=Falling	End=755.93	_	_	_	_
193-0	BZ001	193	0	mh	mh	_	_	_	_	_	linguistic	_	none	ProsodicLink=Yes	Begin=755.81	_	_	_	_
193-1	BZ001	193	1	mh,	mh	_	_	_	_	_	linguistic	_	none	Intonation=WeaklyRising	End=756.22	_	_	_	_
194-0	BZ009	194	0	[anche,	anche	_	_	_	_	_	linguistic	_	none	Intonation=WeaklyRising|PauseAfter=Yes	Begin=756.345	_	_	_	0-5(26)
194-1	BZ009	194	1	(.)	(.)	_	_	_	_	_	shortpause	_	none	_	_	_	_	_	_
194-2	BZ009	194	2	sì].	sì	_	_	_	_	_	linguistic	_	none	Intonation=Falling	End=757.755	_	_	_	0-2(26)
195-0	BZ001	195	0	[dover	dover	_	_	_	_	_	linguistic	_	none	_	Begin=756.35	_	_	_	0-5(26)
195-1	BZ001	195	1	leggere],	leggere	_	_	_	_	_	linguistic	_	none	Intonation=WeaklyRising	End=757.45	_	_	_	0-7(26)
196-0	BZ009	196	0	mi	mi	_	_	_	_	_	linguistic	_	none	_	Begin=758.065	_	_	_	_
196-1	BZ009	196	1	infastidiscono	infastidiscono	_	_	_	_	_	linguistic	_	none	_	_	_	_	_	_
196-2	BZ009	196	2	quindi	quindi	_	_	_	_	_	linguistic	_	none	_	_	_	_	_	_
196-3	BZ009	196	3	dovrei	dovrei	_	_	_	_	_	linguistic	_	none	_	_	_	_	_	_
196-4	BZ009	196	4	togliere	togliere	_	_	_	_	_	linguistic	_	none	_	_	_	_	_	_
196-5	BZ009	196	5	i	i	_	_	_	_	_	linguistic	_	none	_	_	_	_	_	_
196-6	BZ009	196	6	sottotitoli	sottotitoli	_	_	_	_	_	linguistic	_	none	_	_	_	_	_	_
196-7	BZ009	196	7	e	e	_	_	_	_	_	linguistic	_	none	_	_	_	_	_	_
196-8	BZ009	196	8	guardarlo	guardarlo	_	_	_	_	_	linguistic	_	none	_	_	_	_	_	_
196-9	BZ009	196	9	solo	solo	_	_	_	_	_	linguistic	_	none	_	_	_	_	_	_
196-10	BZ009	196	10	in	in	_	_	_	_	_	linguistic	_	none	_	_	_	_	_	_
196-11	BZ009	196	11	[inglese],	inglese	_	_	_	_	_	linguistic	_	none	Intonation=WeaklyRising	End=762.255	_	_	_	0-7(27)
197-0	BZ001	197	0	[mh	mh	_	_	_	_	_	linguistic	_	none	ProsodicLink=Yes	Begin=761.625	_	_	_	0-2(27)
197-1	BZ001	197	1	mh].	mh	_	_	_	_	_	linguistic	_	none	Intonation=Falling	End=762.065	_	_	_	0-2(27)
198-0	BZ001	198	0	okay.	okay	_	_	_	_	_	linguistic	_	none	Intonation=Falling	Begin=762.32|End=762.6175000000001	_	_	_	_
199-0	BZ009	199	0	però	però	_	_	_	_	_	linguistic	_	none	_	Begin=762.6175000000001	_	_	_	_
199-1	BZ009	199	1	magari	magari	_	_	_	_	_	linguistic	_	none	_	_	_	_	_	_
199-2	BZ009	199	2	temo	temo	_	_	_	_	_	linguistic	_	none	_	_	_	_	_	_
199-3	BZ009	199	3	di	di	_	_	_	_	_	linguistic	_	none	_	_	_	_	_	_
199-4	BZ009	199	4	perdere	perdere	_	_	_	_	_	linguistic	_	none	_	_	_	_	_	_
199-5	BZ009	199	5	alcune	alcune	_	_	_	_	_	linguistic	_	none	_	_	_	_	_	_
199-6	BZ009	199	6	sfumature	sfumature	_	_	_	_	_	linguistic	_	none	_	_	_	_	_	_
199-7	BZ009	199	7	perché	perché	_	_	_	_	_	linguistic	_	none	_	_	_	_	_	_
199-8	BZ009	199	8	conosco	conosco	_	_	_	_	_	linguistic	_	none	_	_	_	_	_	_
199-9	BZ009	199	9	la	la	_	_	_	_	_	linguistic	_	none	_	_	_	_	_	_
199-10	BZ009	199	10	lingua	lingua	_	_	_	_	_	linguistic	_	none	_	_	_	_	_	_
199-11	BZ009	199	11	ma	ma	_	_	_	_	_	linguistic	_	none	_	_	_	_	_	_
199-12	BZ009	199	12	magari,	magari	_	_	_	_	_	linguistic	_	none	Intonation=WeaklyRising	End=767.115	_	_	_	_
200-0	BZ009	200	0	qualcosa	qualcosa	_	_	_	_	_	linguistic	_	none	_	Begin=767.53	_	_	_	_
200-1	BZ009	200	1	logicamente	logicamente	_	_	_	_	_	linguistic	_	none	_	_	_	_	_	_
200-2	BZ009	200	2	salta	salta	_	_	_	_	_	linguistic	_	none	_	_	_	_	_	_
200-3	BZ009	200	3	non	non	_	_	_	_	_	linguistic	_	none	_	_	_	_	_	_
200-4	BZ009	200	4	essendo	essendo	_	_	_	_	_	linguistic	_	none	_	_	_	_	_	_
200-5	BZ009	200	5	la	la	_	_	_	_	_	linguistic	_	none	_	_	_	_	_	_
200-6	BZ009	200	6	[madrelingua].	madrelingua	_	_	_	_	_	linguistic	_	none	Intonation=Falling	End=770.73	_	_	_	0-11(28)
201-0	BZ001	201	0	[mh	mh	_	_	_	_	_	linguistic	_	none	ProsodicLink=Yes	Begin=770.305	_	_	_	0-2(28)
201-1	BZ001	201	1	mh].	mh	_	_	_	_	_	linguistic	_	none	Intonation=Falling|PauseAfter=Yes	_	_	_	_	0-2(28)
201-2	BZ001	201	2	(.)	(.)	_	_	_	_	_	shortpause	_	none	_	_	_	_	_	_
201-3	BZ001	201	3	certo.	certo	_	_	_	_	_	linguistic	_	none	Intonation=Falling	End=771.455	_	_	_	_
202-0	BZ001	202	0	e:	e	_	_	_	_	_	linguistic	_	none	_	Begin=771.895	0x1	_	_	_
202-1	BZ001	202	1	quand'	quand'	_	_	_	_	_	linguistic	_	none	SpaceAfter=No	_	_	_	_	_
202-2	BZ001	202	2	eri	eri	_	_	_	_	_	linguistic	_	none	_	_	_	_	_	_
202-3	BZ001	202	3	più	più	_	_	_	_	_	linguistic	_	none	_	_	_	_	_	_
202-4	BZ001	202	4	piccolo	piccolo	_	_	_	_	_	linguistic	_	none	_	_	_	_	_	_
202-5	BZ001	202	5	più	più	_	_	_	_	_	linguistic	_	none	_	_	_	_	_	_
202-6	BZ001	202	6	giovane	giovane	_	_	_	_	_	linguistic	_	none	_	_	_	_	_	_
202-7	BZ001	202	7	diciamo	diciamo	_	_	_	_	_	linguistic	_	none	_	_	_	_	_	_
202-8	BZ001	202	8	invece	invece	_	_	_	_	_	linguistic	_	none	_	_	_	_	_	_
202-9	BZ001	202	9	come:,	come	_	_	_	_	_	linguistic	_	none	Intonation=WeaklyRising	_	3x1	_	_	_
202-10	BZ001	202	10	eh:	eh	_	_	_	_	_	linguistic	_	none	_	End=775.865	1x1	_	_	_
203-0	BZ001	203	0	ti	ti	_	_	_	_	_	linguistic	_	none	_	Begin=776.075	_	_	_	_
203-1	BZ001	203	1	vivevi	vivevi	_	_	_	_	_	linguistic	_	none	_	_	_	_	_	_
203-2	BZ001	203	2	diciamo	diciamo	_	_	_	_	_	linguistic	_	none	_	_	_	_	_	_
203-3	BZ001	203	3	questa:	questa	_	_	_	_	_	linguistic	_	none	_	_	5x1	_	_	_
203-4	BZ001	203	4	particolarità	particolarità	_	_	_	_	_	linguistic	_	none	_	_	_	_	_	_
203-5	BZ001	203	5	locale	locale	_	_	_	_	_	linguistic	_	none	_	_	_	_	_	_
203-6	BZ001	203	6	del	del	_	_	_	_	_	linguistic	_	none	_	_	_	_	_	_
203-7	BZ001	203	7	bilinguismo,	bilinguismo	_	_	_	_	_	linguistic	_	none	Intonation=WeaklyRising	_	_	_	_	_
203-8	BZ001	203	8	del	del	_	_	_	_	_	linguistic	_	none	_	_	_	_	_	_
203-9	BZ001	203	9	dover	dover	_	_	_	_	_	linguistic	_	none	_	_	_	_	_	_
203-10	BZ001	203	10	studiare	studiare	_	_	_	_	_	linguistic	_	none	_	_	_	_	_	_
203-11	BZ001	203	11	il	il	_	_	_	_	_	linguistic	_	none	_	_	_	_	_	_
203-12	BZ001	203	12	tedesco,	tedesco	_	_	_	_	_	linguistic	_	none	Intonation=WeaklyRising	_	_	_	_	_
203-13	BZ001	203	13	di	di	_	_	_	_	_	linguistic	_	none	_	_	_	_	_	_
203-14	BZ001	203	14	dover	dover	_	_	_	_	_	linguistic	_	none	_	_	_	_	_	_
203-15	BZ001	203	15	affrontare	affrontare	_	_	_	_	_	linguistic	_	none	_	_	_	_	_	_
203-16	BZ001	203	16	una	una	_	_	_	_	_	linguistic	_	none	_	_	_	_	_	_
203-17	BZ001	203	17	certificazione,	certificazione	_	_	_	_	_	linguistic	_	none	Intonation=WeaklyRising	End=783.23	_	_	_	_
204-0	BZ001	204	0	te	te	_	_	_	_	_	linguistic	_	none	_	Begin=783.44	_	_	_	_
204-1	BZ001	204	1	lo	lo	_	_	_	_	_	linguistic	_	none	_	_	_	_	_	_
204-2	BZ001	204	2	chiedo	chiedo	_	_	_	_	_	linguistic	_	none	_	_	_	_	_	_
204-3	BZ001	204	3	perché	perché	_	_	_	_	_	linguistic	_	none	_	_	_	_	_	_
204-4	BZ001	204	4	è	è	_	_	_	_	_	linguistic	_	none	_	_	_	_	_	_
204-5	BZ001	204	5	un	un	_	_	_	_	_	linguistic	_	none	_	_	_	_	_	_
204-6	BZ001	204	6	tema	tema	_	_	_	_	_	linguistic	_	none	_	_	_	_	_	_
204-7	BZ001	204	7	che	che	_	_	_	_	_	linguistic	_	none	_	_	_	_	_	_
204-8	BZ001	204	8	è	è	_	_	_	_	_	linguistic	_	none	_	_	_	_	_	_
204-9	BZ001	204	9	emerso	emerso	_	_	_	_	_	linguistic	_	none	_	_	_	_	_	_
204-10	BZ001	204	10	nelle	nelle	_	_	_	_	_	linguistic	_	none	_	_	_	_	_	_
204-11	BZ001	204	11	interviste	interviste	_	_	_	_	_	linguistic	_	none	_	_	_	_	_	_
204-12	BZ001	204	12	quindi	quindi	_	_	_	_	_	linguistic	_	none	_	_	_	_	_	_
204-13	BZ001	204	13	sono	sono	_	_	_	_	_	linguistic	_	none	_	_	_	_	_	_
204-14	BZ001	204	14	sempre	sempre	_	_	_	_	_	linguistic	_	none	_	_	_	_	_	_
204-15	BZ001	204	15	curioso	curioso	_	_	_	_	_	linguistic	_	none	_	_	_	_	_	_
204-16	BZ001	204	16	di	di	_	_	_	_	_	linguistic	_	none	_	_	_	_	_	_
204-17	BZ001	204	17	sapere	sapere	_	_	_	_	_	linguistic	_	none	_	_	_	_	_	_
204-18	BZ001	204	18	poi	poi	_	_	_	_	_	linguistic	_	none	_	_	_	_	_	_
204-19	BZ001	204	19	da	da	_	_	_	_	_	linguistic	_	none	_	_	_	_	_	_
204-20	BZ001	204	20	un	un	_	_	_	_	_	linguistic	_	none	_	_	_	_	_	_
204-21	BZ001	204	21	punto	punto	_	_	_	_	_	linguistic	_	none	_	_	_	_	_	_
204-22	BZ001	204	22	di	di	_	_	_	_	_	linguistic	_	none	_	_	_	_	_	_
204-23	BZ001	204	23	vista	vista	_	_	_	_	_	linguistic	_	none	_	_	_	_	_	_
204-24	BZ001	204	24	più	più	_	_	_	_	_	linguistic	_	none	_	_	_	_	_	_
204-25	BZ001	204	25	emotivo,	emotivo	_	_	_	_	_	linguistic	_	none	Intonation=WeaklyRising	_	_	_	_	_
204-26	BZ001	204	26	individuale,	individuale	_	_	_	_	_	linguistic	_	none	Intonation=WeaklyRising	End=789.89	_	_	_	_
205-0	BZ009	205	0	certo.	certo	_	_	_	_	_	linguistic	_	none	Intonation=Falling	Begin=789.947|End=790.3534999999999	_	_	_	_
206-0	BZ001	206	0	come	come	_	_	_	_	_	linguistic	_	none	_	Begin=790.3534999999999	_	_	_	_
206-1	BZ001	206	1	si	si	_	_	_	_	_	linguistic	_	none	_	_	_	_	_	_
206-2	BZ001	206	2	è	è	_	_	_	_	_	linguistic	_	none	_	_	_	_	_	_
206-3	BZ001	206	3	sviluppata	sviluppata	_	_	_	_	_	linguistic	_	none	_	_	_	_	_	_
206-4	BZ001	206	4	nel	nel	_	_	_	_	_	linguistic	_	none	_	_	_	_	_	_
206-5	BZ001	206	5	tempo	tempo	_	_	_	_	_	linguistic	_	none	_	_	_	_	_	_
206-6	BZ001	206	6	questa	questa	_	_	_	_	_	linguistic	_	none	_	_	_	_	_	_
206-7	BZ001	206	7	relazione.	relazione	_	_	_	_	_	linguistic	_	none	Intonation=Falling	End=792.677	_	_	_	_
207-0	BZ009	207	0	tsk.	tsk	_	_	_	_	_	linguistic	_	none	Intonation=Falling	Begin=792.667	_	_	_	_
207-1	BZ009	207	1	io,	io	_	_	_	_	_	linguistic	_	none	Intonation=WeaklyRising	_	_	_	_	_
207-2	BZ009	207	2	eh	eh	_	_	_	_	_	linguistic	_	none	_	_	_	_	_	_
207-3	BZ009	207	3	a	a	_	_	_	_	_	linguistic	_	none	_	_	_	_	_	_
207-4	BZ009	207	4	differenza	differenza	_	_	_	_	_	linguistic	_	none	_	_	_	_	_	_
207-5	BZ009	207	5	secondo	secondo	_	_	_	_	_	linguistic	_	none	_	_	_	_	_	_
207-6	BZ009	207	6	me	me	_	_	_	_	_	linguistic	_	none	_	_	_	_	_	_
207-7	BZ009	207	7	di	di	_	_	_	_	_	linguistic	_	none	_	_	_	_	_	_
207-8	BZ009	207	8	tantissime	tantissime	_	_	_	_	_	linguistic	_	none	_	_	_	_	_	_
207-9	BZ009	207	9	persone	persone	_	_	_	_	_	linguistic	_	none	_	_	_	_	_	_
207-10	BZ009	207	10	>ed	ed	_	_	_	_	_	linguistic	_	none	_	_	_	Fast=0-2(0)	_	_
207-11	BZ009	207	11	è	è	_	_	_	_	_	linguistic	_	none	_	_	_	Fast=0-1(0)	_	_
207-12	BZ009	207	12	anche	anche	_	_	_	_	_	linguistic	_	none	_	_	_	Fast=0-5(0)	_	_
207-13	BZ009	207	13	il	il	_	_	_	_	_	linguistic	_	none	_	_	_	Fast=0-2(0)	_	_
207-14	BZ009	207	14	motivo	motivo	_	_	_	_	_	linguistic	_	none	_	_	_	Fast=0-6(0)	_	_
207-15	BZ009	207	15	per	per	_	_	_	_	_	linguistic	_	none	_	_	_	Fast=0-3(0)	_	_
207-16	BZ009	207	16	il	il	_	_	_	_	_	linguistic	_	none	_	_	_	Fast=0-2(0)	_	_
207-17	BZ009	207	17	quale	quale	_	_	_	_	_	linguistic	_	none	_	_	_	Fast=0-5(0)	_	_
207-18	BZ009	207	18	le	le	_	_	_	_	_	linguistic	_	none	_	_	_	Fast=0-2(0)	_	_
207-19	BZ009	207	19	due	due	_	_	_	_	_	linguistic	_	none	_	_	_	Fast=0-3(0)	_	_
207-20	BZ009	207	20	lingue	lingue	_	_	_	_	_	linguistic	_	none	_	_	_	Fast=0-6(0)	_	_
207-21	BZ009	207	21	non	non	_	_	_	_	_	linguistic	_	none	_	_	_	Fast=0-3(0)	_	_
207-22	BZ009	207	22	vengono	vengono	_	_	_	_	_	linguistic	_	none	_	_	_	Fast=0-7(0)	_	_
207-23	BZ009	207	23	bene	bene	_	_	_	_	_	linguistic	_	none	_	_	_	Fast=0-4(0)	_	_
207-24	BZ009	207	24	approfondite<,	approfondite	_	_	_	_	_	linguistic	_	none	Intonation=WeaklyRising	_	_	Fast=0-12(0)	_	_
207-25	BZ009	207	25	non	non	_	_	_	_	_	linguistic	_	none	_	_	_	_	_	_
207-26	BZ009	207	26	l'	l'	_	_	_	_	_	linguistic	_	none	SpaceAfter=No	_	_	_	_	_
207-27	BZ009	207	27	ho	ho	_	_	_	_	_	linguistic	_	none	_	_	_	_	_	_
207-28	BZ009	207	28	mai	mai	_	_	_	_	_	linguistic	_	none	_	_	_	_	_	_
207-29	BZ009	207	29	vissuto	vissuto	_	_	_	_	_	linguistic	_	none	_	_	_	_	_	_
207-30	BZ009	207	30	come	come	_	_	_	_	_	linguistic	_	none	_	_	_	_	_	_
207-31	BZ009	207	31	un	un	_	_	_	_	_	linguistic	_	none	_	_	_	_	_	_
207-32	BZ009	207	32	obbligo	obbligo	_	_	_	_	_	linguistic	_	none	_	_	_	_	_	_
207-33	BZ009	207	33	[ma	ma	_	_	_	_	_	linguistic	_	none	_	_	_	_	_	0-2(29)
207-34	BZ009	207	34	come	come	_	_	_	_	_	linguistic	_	none	_	_	_	_	_	0-4(29)
207-35	BZ009	207	35	un'	un'	_	_	_	_	_	linguistic	_	none	SpaceAfter=No	_	_	_	_	0-3(29)
207-36	BZ009	207	36	op]portunità.	opportunità	_	_	_	_	_	linguistic	_	none	Intonation=Falling	End=802.32	_	_	_	0-1(29)
208-0	BZ001	208	0	[okay],	okay	_	_	_	_	_	linguistic	_	none	Intonation=WeaklyRising	Begin=800.857|End=801.327	_	_	_	0-4(29)
209-0	BZ001	209	0	mh,	mh	_	_	_	_	_	linguistic	_	none	Intonation=WeaklyRising|PauseAfter=Yes	Begin=802.277	_	_	_	_
209-1	BZ001	209	1	(.)	(.)	_	_	_	_	_	shortpause	_	none	_	_	_	_	_	_
209-2	BZ001	209	2	bello.	bello	_	_	_	_	_	linguistic	_	none	Intonation=Falling	End=802.982	_	_	_	_
210-0	BZ009	210	0	ehm::	ehm	_	_	_	_	_	linguistic	_	none	_	Begin=802.982	2x2	_	_	_
210-1	BZ009	210	1	ripeto	ripeto	_	_	_	_	_	linguistic	_	none	_	_	_	_	_	_
210-2	BZ009	210	2	e	e	_	_	_	_	_	linguistic	_	none	_	_	_	_	_	_
210-3	BZ009	210	3	mi	mi	_	_	_	_	_	linguistic	_	none	_	_	_	_	_	_
210-4	BZ009	210	4	è	è	_	_	_	_	_	linguistic	_	none	_	_	_	_	_	_
210-5	BZ009	210	5	sempre	sempre	_	_	_	_	_	linguistic	_	none	_	_	_	_	_	_
210-6	BZ009	210	6	dispiaciuto	dispiaciuto	_	_	_	_	_	linguistic	_	none	_	_	_	_	_	_
210-7	BZ009	210	7	non	non	_	_	_	_	_	linguistic	_	none	_	_	_	_	_	_
210-8	BZ009	210	8	avere	avere	_	_	_	_	_	linguistic	_	none	_	_	_	_	_	_
210-9	BZ009	210	9	una	una	_	_	_	_	_	linguistic	_	none	_	_	_	_	_	_
210-10	BZ009	210	10	reale	reale	_	_	_	_	_	linguistic	_	none	_	_	_	_	_	_
210-11	BZ009	210	11	opportunità	opportunità	_	_	_	_	_	linguistic	_	none	_	_	_	_	_	_
210-12	BZ009	210	12	ovvero,	ovvero	_	_	_	_	_	linguistic	_	none	Intonation=WeaklyRising	End=810.16	_	_	_	_
211-0	BZ009	211	0	metà,	metà	_	_	_	_	_	linguistic	_	none	Intonation=WeaklyRising	Begin=810.98|End=811.9	_	_	_	_
212-0	BZ009	212	0	in	in	_	_	_	_	_	linguistic	_	none	_	Begin=812.235	_	_	_	_
212-1	BZ009	212	1	una	una	_	_	_	_	_	linguistic	_	none	_	_	_	_	_	_
212-2	BZ009	212	2	lingua,	lingua	_	_	_	_	_	linguistic	_	none	Intonation=WeaklyRising	_	_	_	_	_
212-3	BZ009	212	3	e	e	_	_	_	_	_	linguistic	_	none	_	_	_	_	_	_
212-4	BZ009	212	4	l'	l'	_	_	_	_	_	linguistic	_	none	SpaceAfter=No	_	_	_	_	_
212-5	BZ009	212	5	es-	es-	_	_	_	_	_	linguistic	_	none	Interrupted=Yes	_	_	_	_	_
212-6	BZ009	212	6	l'	l'	_	_	_	_	_	linguistic	_	none	SpaceAfter=No	_	_	_	_	_
212-7	BZ009	212	7	altra	altra	_	_	_	_	_	linguistic	_	none	_	_	_	_	_	_
212-8	BZ009	212	8	metà	metà	_	_	_	_	_	linguistic	_	none	_	_	_	_	_	_
212-9	BZ009	212	9	nell'	nell'	_	_	_	_	_	linguistic	_	none	SpaceAfter=No	_	_	_	_	_
212-10	BZ009	212	10	altra	altra	_	_	_	_	_	linguistic	_	none	_	_	_	_	_	_
212-11	BZ009	212	11	lingua.	lingua	_	_	_	_	_	linguistic	_	none	Intonation=Falling	_	_	_	_	_
212-12	BZ009	212	12	perché,	perché	_	_	_	_	_	linguistic	_	none	Intonation=WeaklyRising|PauseAfter=Yes	_	_	_	_	_
212-13	BZ009	212	13	(.)	(.)	_	_	_	_	_	shortpause	_	none	_	_	_	_	_	_
212-14	BZ009	212	14	eh	eh	_	_	_	_	_	linguistic	_	none	_	_	_	_	_	_
212-15	BZ009	212	15	l'	l'	_	_	_	_	_	linguistic	_	none	SpaceAfter=No	_	_	_	_	_
212-16	BZ009	212	16	ho	ho	_	_	_	_	_	linguistic	_	none	_	_	_	_	_	_
212-17	BZ009	212	17	sempre	sempre	_	_	_	_	_	linguistic	_	none	_	_	_	_	_	_
212-18	BZ009	212	18	vissuta	vissuta	_	_	_	_	_	linguistic	_	none	_	_	_	_	_	_
212-19	BZ009	212	19	come	come	_	_	_	_	_	linguistic	_	none	_	_	_	_	_	_
212-20	BZ009	212	20	un'	un'	_	_	_	_	_	linguistic	_	none	SpaceAfter=No	_	_	_	_	_
212-21	BZ009	212	21	opportunità	opportunità	_	_	_	_	_	linguistic	_	none	_	_	_	_	_	_
212-22	BZ009	212	22	a	a	_	_	_	_	_	linguistic	_	none	_	_	_	_	_	_
212-23	BZ009	212	23	metà.	metà	_	_	_	_	_	linguistic	_	none	Intonation=Falling	End=819.44	_	_	_	_
213-0	BZ009	213	0	ovvero	ovvero	_	_	_	_	_	linguistic	_	none	_	Begin=819.72	_	_	_	_
213-1	BZ009	213	1	ho	ho	_	_	_	_	_	linguistic	_	none	_	_	_	_	_	_
213-2	BZ009	213	2	queste	queste	_	_	_	_	_	linguistic	_	none	_	_	_	_	_	_
213-3	BZ009	213	3	ore	ore	_	_	_	_	_	linguistic	_	none	_	_	_	_	_	_
213-4	BZ009	213	4	di	di	_	_	_	_	_	linguistic	_	none	_	_	_	_	_	_
213-5	BZ009	213	5	un'	un'	_	_	_	_	_	linguistic	_	none	SpaceAfter=No	_	_	_	_	_
213-6	BZ009	213	6	altra	altra	_	_	_	_	_	linguistic	_	none	_	_	_	_	_	_
213-7	BZ009	213	7	lingua,	lingua	_	_	_	_	_	linguistic	_	none	Intonation=WeaklyRising	_	_	_	_	_
213-8	BZ009	213	8	quasi,	quasi	_	_	_	_	_	linguistic	_	none	Intonation=WeaklyRising	End=823.3	_	_	_	_
214-0	BZ009	214	0	vissute	vissute	_	_	_	_	_	linguistic	_	none	_	Begin=823.535	_	_	_	_
214-1	BZ009	214	1	come	come	_	_	_	_	_	linguistic	_	none	_	_	_	_	_	_
214-2	BZ009	214	2	una	una	_	_	_	_	_	linguistic	_	none	_	_	_	_	_	_
214-3	BZ009	214	3	seconda	seconda	_	_	_	_	_	linguistic	_	none	_	_	_	_	_	_
214-4	BZ009	214	4	lingua,	lingua	_	_	_	_	_	linguistic	_	none	Intonation=WeaklyRising	End=826.135	_	_	_	_
215-0	BZ009	215	0	invece	invece	_	_	_	_	_	linguistic	_	none	_	Begin=826.46	_	_	_	_
215-1	BZ009	215	1	secondo	secondo	_	_	_	_	_	linguistic	_	none	_	_	_	_	_	_
215-2	BZ009	215	2	me	me	_	_	_	_	_	linguistic	_	none	_	_	_	_	_	_
215-3	BZ009	215	3	la,	la	_	_	_	_	_	linguistic	_	none	Intonation=WeaklyRising	End=828.42	_	_	_	_
216-0	BZ009	216	0	la	la	_	_	_	_	_	linguistic	_	none	_	Begin=828.695	_	_	_	_
216-1	BZ009	216	1	parte,	parte	_	_	_	_	_	linguistic	_	none	Intonation=WeaklyRising	_	_	_	_	_
216-2	BZ009	216	2	la	la	_	_	_	_	_	linguistic	_	none	_	_	_	_	_	_
216-3	BZ009	216	3	la	la	_	_	_	_	_	linguistic	_	none	_	_	_	_	_	_
216-4	BZ009	216	4	forza	forza	_	_	_	_	_	linguistic	_	none	_	_	_	_	_	_
216-5	BZ009	216	5	di	di	_	_	_	_	_	linguistic	_	none	_	_	_	_	_	_
216-6	BZ009	216	6	questa	questa	_	_	_	_	_	linguistic	_	none	_	_	_	_	_	_
216-7	BZ009	216	7	regione	regione	_	_	_	_	_	linguistic	_	none	_	_	_	_	_	_
216-8	BZ009	216	8	di	di	_	_	_	_	_	linguistic	_	none	_	_	_	_	_	_
216-9	BZ009	216	9	avere	avere	_	_	_	_	_	linguistic	_	none	_	_	_	_	_	_
216-10	BZ009	216	10	entrambe	entrambe	_	_	_	_	_	linguistic	_	none	_	_	_	_	_	_
216-11	BZ009	216	11	>questa	questa	_	_	_	_	_	linguistic	_	none	_	_	_	Fast=0-6(0)	_	_
216-12	BZ009	216	12	provincia<	provincia	_	_	_	_	_	linguistic	_	none	_	_	_	Fast=0-9(0)	_	_
216-13	BZ009	216	13	di	di	_	_	_	_	_	linguistic	_	none	_	_	_	_	_	_
216-14	BZ009	216	14	avere	avere	_	_	_	_	_	linguistic	_	none	_	_	_	_	_	_
216-15	BZ009	216	15	entrambe	entrambe	_	_	_	_	_	linguistic	_	none	_	_	_	_	_	_
216-16	BZ009	216	16	le	le	_	_	_	_	_	linguistic	_	none	_	_	_	_	_	_
216-17	BZ009	216	17	lingue,	lingue	_	_	_	_	_	linguistic	_	none	Intonation=WeaklyRising	_	_	_	_	_
216-18	BZ009	216	18	sarebbe	sarebbe	_	_	_	_	_	linguistic	_	none	_	_	_	_	_	_
216-19	BZ009	216	19	il	il	_	_	_	_	_	linguistic	_	none	_	_	_	_	_	_
216-20	BZ009	216	20	caso	caso	_	_	_	_	_	linguistic	_	none	_	_	_	_	_	_
216-21	BZ009	216	21	di	di	_	_	_	_	_	linguistic	_	none	_	_	_	_	_	_
216-22	BZ009	216	22	non	non	_	_	_	_	_	linguistic	_	none	_	_	_	_	_	_
216-23	BZ009	216	23	avere	avere	_	_	_	_	_	linguistic	_	none	_	_	_	_	_	_
216-24	BZ009	216	24	la	la	_	_	_	_	_	linguistic	_	none	_	_	_	_	_	_
216-25	BZ009	216	25	seconda	seconda	_	_	_	_	_	linguistic	_	none	_	_	_	_	_	_
216-26	BZ009	216	26	lingua,	lingua	_	_	_	_	_	linguistic	_	none	Intonation=WeaklyRising	End=836.595	_	_	_	_
217-0	BZ009	217	0	ma	ma	_	_	_	_	_	linguistic	_	none	_	Begin=836.91	_	_	_	_
217-1	BZ009	217	1	dovrebbero	dovrebbero	_	_	_	_	_	linguistic	_	none	_	_	_	_	_	_
217-2	BZ009	217	2	essere	essere	_	_	_	_	_	linguistic	_	none	_	_	_	_	_	_
217-3	BZ009	217	3	la	la	_	_	_	_	_	linguistic	_	none	_	_	_	_	_	_
217-4	BZ009	217	4	lingua,	lingua	_	_	_	_	_	linguistic	_	none	Intonation=WeaklyRising	_	_	_	_	_
217-5	BZ009	217	5	una	una	_	_	_	_	_	linguistic	_	none	_	_	_	_	_	_
217-6	BZ009	217	6	e	e	_	_	_	_	_	linguistic	_	none	_	_	_	_	_	_
217-7	BZ009	217	7	l'	l'	_	_	_	_	_	linguistic	_	none	SpaceAfter=No	_	_	_	_	_
217-8	BZ009	217	8	altra.	altra	_	_	_	_	_	linguistic	_	none	Intonation=Falling	End=839.5799999999999	_	_	_	_
218-0	BZ001	218	0	mh	mh	_	_	_	_	_	linguistic	_	none	ProsodicLink=Yes	Begin=839.5799999999999	_	_	_	_
218-1	BZ001	218	1	mh,	mh	_	_	_	_	_	linguistic	_	none	Intonation=WeaklyRising	End=840.12	_	_	_	_
219-0	BZ009	219	0	quindi	quindi	_	_	_	_	_	linguistic	_	none	_	Begin=840.545	_	_	_	_
219-1	BZ009	219	1	non	non	_	_	_	_	_	linguistic	_	none	_	_	_	_	_	_
219-2	BZ009	219	2	l'	l'	_	_	_	_	_	linguistic	_	none	SpaceAfter=No	_	_	_	_	_
219-3	BZ009	219	3	ho	ho	_	_	_	_	_	linguistic	_	none	_	_	_	_	_	_
219-4	BZ009	219	4	mai	mai	_	_	_	_	_	linguistic	_	none	_	_	_	_	_	_
219-5	BZ009	219	5	vissuto	vissuto	_	_	_	_	_	linguistic	_	none	_	_	_	_	_	_
219-6	BZ009	219	6	come	come	_	_	_	_	_	linguistic	_	none	_	_	_	_	_	_
219-7	BZ009	219	7	un	un	_	_	_	_	_	linguistic	_	none	_	_	_	_	_	_
219-8	BZ009	219	8	obbligo	obbligo	_	_	_	_	_	linguistic	_	none	_	_	_	_	_	_
219-9	BZ009	219	9	ecco,	ecco	_	_	_	_	_	linguistic	_	none	Intonation=WeaklyRising	_	_	_	_	_
219-10	BZ009	219	10	né	né	_	_	_	_	_	linguistic	_	none	_	_	_	_	_	_
219-11	BZ009	219	11	come	come	_	_	_	_	_	linguistic	_	none	_	_	_	_	_	_
219-12	BZ009	219	12	un	un	_	_	_	_	_	linguistic	_	none	_	_	_	_	_	_
219-13	BZ009	219	13	rifiuto,	rifiuto	_	_	_	_	_	linguistic	_	none	Intonation=WeaklyRising	End=844.715	_	_	_	_
220-0	BZ009	220	0	per	per	_	_	_	_	_	linguistic	_	none	_	Begin=845.375	_	_	_	_
220-1	BZ009	220	1	questo	questo	_	_	_	_	_	linguistic	_	none	_	_	_	_	_	_
220-2	BZ009	220	2	dicevo	dicevo	_	_	_	_	_	linguistic	_	none	_	_	_	_	_	_
220-3	BZ009	220	3	che	che	_	_	_	_	_	linguistic	_	none	_	_	_	_	_	_
220-4	BZ009	220	4	non	non	_	_	_	_	_	linguistic	_	none	_	_	_	_	_	_
220-5	BZ009	220	5	ho	ho	_	_	_	_	_	linguistic	_	none	_	_	_	_	_	_
220-6	BZ009	220	6	nessun	nessun	_	_	_	_	_	linguistic	_	none	_	_	_	_	_	_
220-7	BZ009	220	7	tipo	tipo	_	_	_	_	_	linguistic	_	none	_	_	_	_	_	_
220-8	BZ009	220	8	di	di	_	_	_	_	_	linguistic	_	none	_	_	_	_	_	_
220-9	BZ009	220	9	[pregiudizio].	pregiudizio	_	_	_	_	_	linguistic	_	none	Intonation=Falling	End=848.155	_	_	_	0-11(32)
221-0	BZ001	221	0	[mh	mh	_	_	_	_	_	linguistic	_	none	ProsodicLink=Yes	Begin=847.48	_	_	_	0-2(32)
221-1	BZ001	221	1	mh],	mh	_	_	_	_	_	linguistic	_	none	Intonation=WeaklyRising	End=848.05	_	_	_	0-2(32)
222-0	BZ009	222	0	<razionalmente>,	razionalmente	_	_	_	_	_	linguistic	_	none	Intonation=WeaklyRising	Begin=848.36	_	Slow=0-13(0)	_	_
222-1	BZ009	222	1	eh::	eh	_	_	_	_	_	linguistic	_	none	_	_	1x2	_	_	_
222-2	BZ009	222	2	mi	mi	_	_	_	_	_	linguistic	_	none	_	_	_	_	_	_
222-3	BZ009	222	3	rendo	rendo	_	_	_	_	_	linguistic	_	none	_	_	_	_	_	_
222-4	BZ009	222	4	conto	conto	_	_	_	_	_	linguistic	_	none	_	_	_	_	_	_
222-5	BZ009	222	5	che	che	_	_	_	_	_	linguistic	_	none	_	_	_	_	_	_
222-6	BZ009	222	6	la	la	_	_	_	_	_	linguistic	_	none	_	_	_	_	_	_
222-7	BZ009	222	7	realtà	realtà	_	_	_	_	_	linguistic	_	none	_	_	_	_	_	_
222-8	BZ009	222	8	nella	nella	_	_	_	_	_	linguistic	_	none	_	_	_	_	_	_
222-9	BZ009	222	9	quale	quale	_	_	_	_	_	linguistic	_	none	_	_	_	_	_	_
222-10	BZ009	222	10	vivo	vivo	_	_	_	_	_	linguistic	_	none	_	_	_	_	_	_
222-11	BZ009	222	11	è	è	_	_	_	_	_	linguistic	_	none	PauseAfter=Yes	_	_	_	_	_
222-12	BZ009	222	12	(.)	(.)	_	_	_	_	_	shortpause	_	none	_	_	_	_	_	_
222-13	BZ009	222	13	prettamente	prettamente	_	_	_	_	_	linguistic	_	none	_	_	_	_	_	_
222-14	BZ009	222	14	italiana.	italiana	_	_	_	_	_	linguistic	_	none	Intonation=Falling	End=854.5385	_	_	_	_
223-0	BZ001	223	0	mh	mh	_	_	_	_	_	linguistic	_	none	ProsodicLink=Yes	Begin=854.5385	_	_	_	_
223-1	BZ001	223	1	mh.	mh	_	_	_	_	_	linguistic	_	none	Intonation=Falling	End=855.057	_	_	_	_
224-0	BZ001	224	0	e	e	_	_	_	_	_	linguistic	_	none	_	Begin=855.772	_	_	_	_
224-1	BZ001	224	1	la	la	_	_	_	_	_	linguistic	_	none	_	_	_	_	_	_
224-2	BZ001	224	2	tua	tua	_	_	_	_	_	linguistic	_	none	_	_	_	_	_	_
224-3	BZ001	224	3	generazione	generazione	_	_	_	_	_	linguistic	_	none	_	_	_	_	_	_
224-4	BZ001	224	4	invece,	invece	_	_	_	_	_	linguistic	_	none	Intonation=WeaklyRising	_	_	_	_	_
224-5	BZ001	224	5	>perché	perché	_	_	_	_	_	linguistic	_	none	_	_	_	Fast=0-6(0)	_	_
224-6	BZ001	224	6	dicevi<	dicevi	_	_	_	_	_	linguistic	_	none	_	_	_	Fast=0-6(0)	_	_
224-7	BZ001	224	7	a	a	_	_	_	_	_	linguistic	_	none	_	_	_	_	_	_
224-8	BZ001	224	8	differenza	differenza	_	_	_	_	_	linguistic	_	none	_	_	_	_	_	_
224-9	BZ001	224	9	di	di	_	_	_	_	_	linguistic	_	none	_	_	_	_	_	_
224-10	BZ001	224	10	molti:	molti	_	_	_	_	_	linguistic	_	none	_	_	4x1	_	_	_
224-11	BZ001	224	11	miei	miei	_	_	_	_	_	linguistic	_	none	_	_	_	_	_	_
224-12	BZ001	224	12	amici	amici	_	_	_	_	_	linguistic	_	none	_	_	_	_	_	_
224-13	BZ001	224	13	non	non	_	_	_	_	_	linguistic	_	none	_	_	_	_	_	_
224-14	BZ001	224	14	lo	lo	_	_	_	_	_	linguistic	_	none	_	_	_	_	_	_
224-15	BZ001	224	15	so	so	_	_	_	_	_	linguistic	_	none	_	_	_	_	_	_
224-16	BZ001	224	16	compagni,	compagni	_	_	_	_	_	linguistic	_	none	Intonation=WeaklyRising	End=860.932	_	_	_	_
225-0	BZ001	225	0	eh:,	eh	_	_	_	_	_	linguistic	_	none	Intonation=WeaklyRising	Begin=861.197	1x1	_	_	_
225-1	BZ001	225	1	(co-)	co-	_	_	_	_	_	linguistic	_	none	Interrupted=Yes	End=861.727	_	_	0-3(0)	_
226-0	BZ009	226	0	la	la	_	_	_	_	_	linguistic	_	none	_	Begin=861.947	_	_	_	_
226-1	BZ009	226	1	mia	mia	_	_	_	_	_	linguistic	_	none	_	_	_	_	_	_
226-2	BZ009	226	2	generazione,	generazione	_	_	_	_	_	linguistic	_	none	Intonation=WeaklyRising	_	_	_	_	_
226-3	BZ009	226	3	soprattutto	soprattutto	_	_	_	_	_	linguistic	_	none	_	_	_	_	_	_
226-4	BZ009	226	4	nei:	nei	_	_	_	_	_	linguistic	_	none	_	_	2x1	_	_	_
226-5	BZ009	226	5	nel	nel	_	_	_	_	_	linguistic	_	none	_	_	_	_	_	_
226-6	BZ009	226	6	quartiere	quartiere	_	_	_	_	_	linguistic	_	none	_	_	_	_	_	_
226-7	BZ009	226	7	in	in	_	_	_	_	_	linguistic	_	none	_	_	_	_	_	_
226-8	BZ009	226	8	cui	cui	_	_	_	_	_	linguistic	_	none	_	_	_	_	_	_
226-9	BZ009	226	9	vivo,	vivo	_	_	_	_	_	linguistic	_	none	Intonation=WeaklyRising	_	_	_	_	_
226-10	BZ009	226	10	eh:	eh	_	_	_	_	_	linguistic	_	none	_	_	1x1	_	_	_
226-11	BZ009	226	11	vive	vive	_	_	_	_	_	linguistic	_	none	_	_	_	_	_	_
226-12	BZ009	226	12	il	il	_	_	_	_	_	linguistic	_	none	_	_	_	_	_	_
226-13	BZ009	226	13	tedesco	tedesco	_	_	_	_	_	linguistic	_	none	_	_	_	_	_	_
226-14	BZ009	226	14	come:	come	_	_	_	_	_	linguistic	_	none	_	_	3x1	_	_	_
226-15	BZ009	226	15	una	una	_	_	_	_	_	linguistic	_	none	_	_	_	_	_	_
226-16	BZ009	226	16	lingua,	lingua	_	_	_	_	_	linguistic	_	none	Intonation=WeaklyRising	End=869.427	_	_	_	_
227-0	BZ009	227	0	superflua,	superflua	_	_	_	_	_	linguistic	_	none	Intonation=WeaklyRising	Begin=870.032	_	_	_	_
227-1	BZ009	227	1	anzi	anzi	_	_	_	_	_	linguistic	_	none	_	_	_	_	_	_
227-2	BZ009	227	2	che	che	_	_	_	_	_	linguistic	_	none	_	_	_	_	_	_
227-3	BZ009	227	3	fa:	fa	_	_	_	_	_	linguistic	_	none	_	_	1x1	_	_	_
227-4	BZ009	227	4	quasi,	quasi	_	_	_	_	_	linguistic	_	none	Intonation=WeaklyRising	End=872.932	_	_	_	_
228-0	BZ009	228	0	toglie	toglie	_	_	_	_	_	linguistic	_	none	_	Begin=873.267	_	_	_	_
228-1	BZ009	228	1	invece	invece	_	_	_	_	_	linguistic	_	none	_	_	_	_	_	_
228-2	BZ009	228	2	tempo	tempo	_	_	_	_	_	linguistic	_	none	_	_	_	_	_	_
228-3	BZ009	228	3	ad	ad	_	_	_	_	_	linguistic	_	none	_	_	_	_	_	_
228-4	BZ009	228	4	altre:,	altre	_	_	_	_	_	linguistic	_	none	Intonation=WeaklyRising	End=875.927	4x1	_	_	_
229-0	BZ009	229	0	eh	eh	_	_	_	_	_	linguistic	_	none	_	Begin=876.562	_	_	_	_
229-1	BZ009	229	1	ad	ad	_	_	_	_	_	linguistic	_	none	_	_	_	_	_	_
229-2	BZ009	229	2	altre	altre	_	_	_	_	_	linguistic	_	none	_	_	_	_	_	_
229-3	BZ009	229	3	lingue,	lingue	_	_	_	_	_	linguistic	_	none	Intonation=WeaklyRising	_	_	_	_	_
229-4	BZ009	229	4	ad	ad	_	_	_	_	_	linguistic	_	none	_	_	_	_	_	_
229-5	BZ009	229	5	altre	altre	_	_	_	_	_	linguistic	_	none	_	_	_	_	_	_
229-6	BZ009	229	6	ore	ore	_	_	_	_	_	linguistic	_	none	_	_	_	_	_	_
229-7	BZ009	229	7	scolastiche,	scolastiche	_	_	_	_	_	linguistic	_	none	Intonation=WeaklyRising	_	_	_	_	_
229-8	BZ009	229	8	e	e	_	_	_	_	_	linguistic	_	none	_	_	_	_	_	_
229-9	BZ009	229	9	eh:	eh	_	_	_	_	_	linguistic	_	none	_	_	1x1	_	_	_
229-10	BZ009	229	10	viene	viene	_	_	_	_	_	linguistic	_	none	_	_	_	_	_	_
229-11	BZ009	229	11	vista	vista	_	_	_	_	_	linguistic	_	none	_	_	_	_	_	_
229-12	BZ009	229	12	proprio	proprio	_	_	_	_	_	linguistic	_	none	_	_	_	_	_	_
229-13	BZ009	229	13	come	come	_	_	_	_	_	linguistic	_	none	_	_	_	_	_	_
229-14	BZ009	229	14	una	una	_	_	_	_	_	linguistic	_	none	_	_	_	_	_	_
229-15	BZ009	229	15	lingua	lingua	_	_	_	_	_	linguistic	_	none	_	_	_	_	_	_
229-16	BZ009	229	16	straniera.	straniera	_	_	_	_	_	linguistic	_	none	Intonation=Falling	End=883.452	_	_	_	_
230-0	BZ001	230	0	mh	mh	_	_	_	_	_	linguistic	_	none	ProsodicLink=Yes	Begin=883.632	_	_	_	_
230-1	BZ001	230	1	mh,	mh	_	_	_	_	_	linguistic	_	none	Intonation=WeaklyRising	End=883.9694999999999	_	_	_	_
231-0	BZ009	231	0	cioè	cioè	_	_	_	_	_	linguistic	_	none	_	Begin=883.9694999999999	_	_	_	_
231-1	BZ009	231	1	la	la	_	_	_	_	_	linguistic	_	none	_	_	_	_	_	_
231-2	BZ009	231	2	classica	classica	_	_	_	_	_	linguistic	_	none	_	_	_	_	_	_
231-3	BZ009	231	3	frase,	frase	_	_	_	_	_	linguistic	_	none	Intonation=WeaklyRising	_	_	_	_	_
231-4	BZ009	231	4	qui	qui	_	_	_	_	_	linguistic	_	none	_	_	_	_	_	_
231-5	BZ009	231	5	siamo	siamo	_	_	_	_	_	linguistic	_	none	_	_	_	_	_	_
231-6	BZ009	231	6	in	in	_	_	_	_	_	linguistic	_	none	_	_	_	_	_	_
231-7	BZ009	231	7	italia	italia	_	_	_	_	_	linguistic	_	none	_	_	_	_	_	_
231-8	BZ009	231	8	si	si	_	_	_	_	_	linguistic	_	none	_	_	_	_	_	_
231-9	BZ009	231	9	parla	parla	_	_	_	_	_	linguistic	_	none	_	_	_	_	_	_
231-10	BZ009	231	10	in	in	_	_	_	_	_	linguistic	_	none	_	_	_	_	_	_
231-11	BZ009	231	11	italiano	italiano	_	_	_	_	_	linguistic	_	none	_	_	_	_	_	_
231-12	BZ009	231	12	ecco.	ecco	_	_	_	_	_	linguistic	_	none	Intonation=Falling	End=887.337	_	_	_	_
232-0	BZ001	232	0	certo.	certo	_	_	_	_	_	linguistic	_	none	Intonation=Falling	Begin=887.717|End=888.367	_	_	_	_
233-0	BZ001	233	0	eh:m	ehm	_	_	_	_	_	linguistic	_	none	_	Begin=888.777	1x1	_	_	_
233-1	BZ001	233	1	un	un	_	_	_	_	_	linguistic	_	none	_	_	_	_	_	_
233-2	BZ001	233	2	po'	po'	_	_	_	_	_	linguistic	_	none	_	_	_	_	_	_
233-3	BZ001	233	3	l'	l'	_	_	_	_	_	linguistic	_	none	SpaceAfter=No	_	_	_	_	_
233-4	BZ001	233	4	hai	hai	_	_	_	_	_	linguistic	_	none	_	_	_	_	_	_
233-5	BZ001	233	5	già	già	_	_	_	_	_	linguistic	_	none	_	_	_	_	_	_
233-6	BZ001	233	6	detto,	detto	_	_	_	_	_	linguistic	_	none	Intonation=WeaklyRising	_	_	_	_	_
233-7	BZ001	233	7	nel	nel	_	_	_	_	_	linguistic	_	none	_	_	_	_	_	_
233-8	BZ001	233	8	senso	senso	_	_	_	_	_	linguistic	_	none	_	_	_	_	_	_
233-9	BZ001	233	9	che	che	_	_	_	_	_	linguistic	_	none	_	_	_	_	_	_
233-10	BZ001	233	10	prima	prima	_	_	_	_	_	linguistic	_	none	_	_	_	_	_	_
233-11	BZ001	233	11	mi	mi	_	_	_	_	_	linguistic	_	none	_	_	_	_	_	_
233-12	BZ001	233	12	hai	hai	_	_	_	_	_	linguistic	_	none	_	_	_	_	_	_
233-13	BZ001	233	13	detto	detto	_	_	_	_	_	linguistic	_	none	_	_	_	_	_	_
233-14	BZ001	233	14	che	che	_	_	_	_	_	linguistic	_	none	_	_	_	_	_	_
233-15	BZ001	233	15	vorresti	vorresti	_	_	_	_	_	linguistic	_	none	_	_	_	_	_	_
233-16	BZ001	233	16	che	che	_	_	_	_	_	linguistic	_	none	_	_	_	_	_	_
233-17	BZ001	233	17	ci	ci	_	_	_	_	_	linguistic	_	none	_	_	_	_	_	_
233-18	BZ001	233	18	fosse	fosse	_	_	_	_	_	linguistic	_	none	_	_	_	_	_	_
233-19	BZ001	233	19	una	una	_	_	_	_	_	linguistic	_	none	_	_	_	_	_	_
233-20	BZ001	233	20	scuola	scuola	_	_	_	_	_	linguistic	_	none	_	_	_	_	_	_
233-21	BZ001	233	21	unica	unica	_	_	_	_	_	linguistic	_	none	_	_	_	_	_	_
233-22	BZ001	233	22	eccetera,	eccetera	_	_	_	_	_	linguistic	_	none	Intonation=WeaklyRising	End=894.66	_	_	_	_
234-0	BZ001	234	0	dal	dal	_	_	_	_	_	linguistic	_	none	_	Begin=894.962	_	_	_	_
234-1	BZ001	234	1	punto	punto	_	_	_	_	_	linguistic	_	none	_	_	_	_	_	_
234-2	BZ001	234	2	di	di	_	_	_	_	_	linguistic	_	none	_	_	_	_	_	_
234-3	BZ001	234	3	vista,	vista	_	_	_	_	_	linguistic	_	none	Intonation=WeaklyRising|PauseAfter=Yes	_	_	_	_	_
234-4	BZ001	234	4	(.)	(.)	_	_	_	_	_	shortpause	_	none	_	_	_	_	_	_
234-5	BZ001	234	5	sociale,	sociale	_	_	_	_	_	linguistic	_	none	Intonation=WeaklyRising|PauseAfter=Yes	_	_	_	_	_
234-6	BZ001	234	6	(.)	(.)	_	_	_	_	_	shortpause	_	none	_	_	_	_	_	_
234-7	BZ001	234	7	questa	questa	_	_	_	_	_	linguistic	_	none	_	_	_	_	_	_
234-8	BZ001	234	8	divisione	divisione	_	_	_	_	_	linguistic	_	none	_	_	_	_	_	_
234-9	BZ001	234	9	di	di	_	_	_	_	_	linguistic	_	none	_	_	_	_	_	_
234-10	BZ001	234	10	cui	cui	_	_	_	_	_	linguistic	_	none	_	_	_	_	_	_
234-11	BZ001	234	11	parli,	parli	_	_	_	_	_	linguistic	_	none	Intonation=WeaklyRising	End=899.33	_	_	_	_
235-0	BZ001	235	0	come	come	_	_	_	_	_	linguistic	_	none	_	Begin=899.612	_	_	_	_
235-1	BZ001	235	1	credi	credi	_	_	_	_	_	linguistic	_	none	_	_	_	_	_	_
235-2	BZ001	235	2	>forse	forse	_	_	_	_	_	linguistic	_	none	_	_	_	Fast=0-5(0)	_	_
235-3	BZ001	235	3	è	è	_	_	_	_	_	linguistic	_	none	_	_	_	Fast=0-1(0)	_	_
235-4	BZ001	235	4	una	una	_	_	_	_	_	linguistic	_	none	_	_	_	Fast=0-3(0)	_	_
235-5	BZ001	235	5	domanda	domanda	_	_	_	_	_	linguistic	_	none	_	_	_	Fast=0-7(0)	_	_
235-6	BZ001	235	6	un	un	_	_	_	_	_	linguistic	_	none	_	_	_	Fast=0-2(0)	_	_
235-7	BZ001	235	7	po'	po'	_	_	_	_	_	linguistic	_	none	_	_	_	Fast=0-3(0)	_	_
235-8	BZ001	235	8	complicata	complicata	_	_	_	_	_	linguistic	_	none	_	_	_	Fast=0-10(0)	_	_
235-9	BZ001	235	9	però<,	però	_	_	_	_	_	linguistic	_	none	Intonation=WeaklyRising	_	_	Fast=0-4(0)	_	_
235-10	BZ001	235	10	come	come	_	_	_	_	_	linguistic	_	none	_	_	_	_	_	_
235-11	BZ001	235	11	credi,	credi	_	_	_	_	_	linguistic	_	none	Intonation=WeaklyRising	End=902.77	_	_	_	_
236-0	BZ001	236	0	che	che	_	_	_	_	_	linguistic	_	none	_	Begin=902.967	_	_	_	_
236-1	BZ001	236	1	si	si	_	_	_	_	_	linguistic	_	none	_	_	_	_	_	_
236-2	BZ001	236	2	potrebbe	potrebbe	_	_	_	_	_	linguistic	_	none	_	_	_	_	_	_
236-3	BZ001	236	3	risolvere	risolvere	_	_	_	_	_	linguistic	_	none	_	_	_	_	_	_
236-4	BZ001	236	4	diciamo,	diciamo	_	_	_	_	_	linguistic	_	none	Intonation=WeaklyRising	_	_	_	_	_
236-5	BZ001	236	5	al	al	_	_	_	_	_	linguistic	_	none	_	_	_	_	_	_
236-6	BZ001	236	6	di	di	_	_	_	_	_	linguistic	_	none	_	_	_	_	_	_
236-7	BZ001	236	7	là	là	_	_	_	_	_	linguistic	_	none	_	_	_	_	_	_
236-8	BZ001	236	8	della	della	_	_	_	_	_	linguistic	_	none	_	_	_	_	_	_
236-9	BZ001	236	9	scuola?	scuola	_	_	_	_	_	linguistic	_	none	Intonation=Rising	End=906.437	_	_	_	_
237-0	BZ009	237	0	allora,	allora	_	_	_	_	_	linguistic	_	none	Intonation=WeaklyRising	Begin=907.177|End=907.88	_	_	_	_
238-0	BZ009	238	0	mh::	mh	_	_	_	_	_	linguistic	_	none	_	Begin=908.382	1x2	_	_	_
238-1	BZ009	238	1	io	io	_	_	_	_	_	linguistic	_	none	_	_	_	_	_	_
238-2	BZ009	238	2	l'	l'	_	_	_	_	_	linguistic	_	none	SpaceAfter=No	_	_	_	_	_
238-3	BZ009	238	3	ho	ho	_	_	_	_	_	linguistic	_	none	_	_	_	_	_	_
238-4	BZ009	238	4	risolta	risolta	_	_	_	_	_	linguistic	_	none	_	_	_	_	_	_
238-5	BZ009	238	5	con	con	_	_	_	_	_	linguistic	_	none	_	_	_	_	_	_
238-6	BZ009	238	6	lo	lo	_	_	_	_	_	linguistic	_	none	_	_	_	_	_	_
238-7	BZ009	238	7	sport.	sport	_	_	_	_	_	linguistic	_	none	Intonation=Falling	End=911.662	_	_	_	_
239-0	BZ001	239	0	ah.	ah	_	_	_	_	_	linguistic	_	none	Intonation=Falling	Begin=911.747|End=912.077	_	_	_	_
240-0	BZ009	240	0	perché	perché	_	_	_	_	_	linguistic	_	none	PauseAfter=Yes	Begin=912.097	_	_	_	_
240-1	BZ009	240	1	(.)	(.)	_	_	_	_	_	shortpause	_	none	_	_	_	_	_	_
240-2	BZ009	240	2	eh:	eh	_	_	_	_	_	linguistic	_	none	_	_	1x1	_	_	_
240-3	BZ009	240	3	avendo	avendo	_	_	_	_	_	linguistic	_	none	_	_	_	_	_	_
240-4	BZ009	240	4	giocato	giocato	_	_	_	_	_	linguistic	_	none	_	_	_	_	_	_
240-5	BZ009	240	5	a	a	_	_	_	_	_	linguistic	_	none	_	_	_	_	_	_
240-6	BZ009	240	6	calcio	calcio	_	_	_	_	_	linguistic	_	none	_	_	_	_	_	_
240-7	BZ009	240	7	in	in	_	_	_	_	_	linguistic	_	none	_	_	_	_	_	_
240-8	BZ009	240	8	<parecchie	parecchie	_	_	_	_	_	linguistic	_	none	_	_	_	Slow=0-9(0)	_	_
240-9	BZ009	240	9	realtà	realtà	_	_	_	_	_	linguistic	_	none	_	_	_	Slow=0-6(0)	_	_
240-10	BZ009	240	10	e	e	_	_	_	_	_	linguistic	_	none	_	_	_	Slow=0-1(0)	_	_
240-11	BZ009	240	11	paesi	paesi	_	_	_	_	_	linguistic	_	none	_	_	_	Slow=0-5(0)	_	_
240-12	BZ009	240	12	mi	mi	_	_	_	_	_	linguistic	_	none	_	_	_	Slow=0-2(0)	_	_
240-13	BZ009	240	13	sono	sono	_	_	_	_	_	linguistic	_	none	_	_	_	Slow=0-4(0)	_	_
240-14	BZ009	240	14	potuto	potuto	_	_	_	_	_	linguistic	_	none	_	_	_	Slow=0-6(0)	_	_
240-15	BZ009	240	15	creare	creare	_	_	_	_	_	linguistic	_	none	_	_	_	Slow=0-6(0)	_	_
240-16	BZ009	240	16	una	una	_	_	_	_	_	linguistic	_	none	_	_	_	Slow=0-3(0)	_	_
240-17	BZ009	240	17	rete	rete	_	_	_	_	_	linguistic	_	none	_	_	_	Slow=0-4(0)	_	_
240-18	BZ009	240	18	di	di	_	_	_	_	_	linguistic	_	none	_	_	_	Slow=0-2(0)	_	_
240-19	BZ009	240	19	amicizie,	amicizie	_	_	_	_	_	linguistic	_	none	Intonation=WeaklyRising	_	_	Slow=0-8(0)	_	_
240-20	BZ009	240	20	mistilingue>.	mistilingue	_	_	_	_	_	linguistic	_	none	Intonation=Falling	End=922.367	_	Slow=0-11(0)	_	_
241-0	BZ009	241	0	eh::m	ehm	_	_	_	_	_	linguistic	_	none	_	Begin=922.957	1x2	_	_	_
241-1	BZ009	241	1	perché	perché	_	_	_	_	_	linguistic	_	none	_	_	_	_	_	_
241-2	BZ009	241	2	altrimenti	altrimenti	_	_	_	_	_	linguistic	_	none	_	_	_	_	_	_
241-3	BZ009	241	3	logicamente	logicamente	_	_	_	_	_	linguistic	_	none	_	_	_	_	_	_
241-4	BZ009	241	4	il	il	_	_	_	_	_	linguistic	_	none	_	_	_	_	_	_
241-5	BZ009	241	5	cortile	cortile	_	_	_	_	_	linguistic	_	none	_	_	_	_	_	_
241-6	BZ009	241	6	che	che	_	_	_	_	_	linguistic	_	none	_	_	_	_	_	_
241-7	BZ009	241	7	adesso	adesso	_	_	_	_	_	linguistic	_	none	_	_	_	_	_	_
241-8	BZ009	241	8	>ormai	ormai	_	_	_	_	_	linguistic	_	none	_	_	_	Fast=0-5(0)	_	_
241-9	BZ009	241	9	praticamente	praticamente	_	_	_	_	_	linguistic	_	none	_	_	_	Fast=0-12(0)	_	_
241-10	BZ009	241	10	i	i	_	_	_	_	_	linguistic	_	none	_	_	_	Fast=0-1(0)	_	_
241-11	BZ009	241	11	cortili	cortili	_	_	_	_	_	linguistic	_	none	_	_	_	Fast=0-7(0)	_	_
241-12	BZ009	241	12	non	non	_	_	_	_	_	linguistic	_	none	_	_	_	Fast=0-3(0)	_	_
241-13	BZ009	241	13	esistono	esistono	_	_	_	_	_	linguistic	_	none	_	_	_	Fast=0-8(0)	_	_
241-14	BZ009	241	14	più	più	_	_	_	_	_	linguistic	_	none	_	_	_	Fast=0-3(0)	_	_
241-15	BZ009	241	15	perché	perché	_	_	_	_	_	linguistic	_	none	_	_	_	Fast=0-6(0)	_	_
241-16	BZ009	241	16	[è	è	_	_	_	_	_	linguistic	_	none	_	_	_	Fast=0-1(0)	_	0-1(33)
241-17	BZ009	241	17	tutto],<	tutto	_	_	_	_	_	linguistic	_	none	Intonation=WeaklyRising	End=930.2	_	Fast=0-5(0)	_	0-5(33)
242-0	BZ001	242	0	[mh],	mh	_	_	_	_	_	linguistic	_	none	Intonation=WeaklyRising	Begin=929.5|End=929.85	_	_	_	0-2(33)
243-0	BZ001	243	0	eh	eh	_	_	_	_	_	linguistic	_	none	_	Begin=930.26	_	_	_	_
243-1	BZ001	243	1	sì,	sì	_	_	_	_	_	linguistic	_	none	Intonation=WeaklyRising	End=930.61	_	_	_	_
244-0	BZ009	244	0	eh	eh	_	_	_	_	_	linguistic	_	none	_	Begin=930.61	_	_	_	_
244-1	BZ009	244	1	so-	so-	_	_	_	_	_	linguistic	_	none	Interrupted=Yes	_	_	_	_	_
244-2	BZ009	244	2	social,	social	_	_	_	_	_	linguistic	_	none	Intonation=WeaklyRising	End=931.92	_	_	_	_
245-0	BZ009	245	0	eh::	eh	_	_	_	_	_	linguistic	_	none	_	Begin=932.17	1x2	_	_	_
245-1	BZ009	245	1	so-	so-	_	_	_	_	_	linguistic	_	none	Interrupted=Yes	_	_	_	_	_
245-2	BZ009	245	2	social	social	_	_	_	_	_	linguistic	_	none	_	_	_	_	_	_
245-3	BZ009	245	3	però	però	_	_	_	_	_	linguistic	_	none	_	_	_	_	_	_
245-4	BZ009	245	4	digitale,	digitale	_	_	_	_	_	linguistic	_	none	Intonation=WeaklyRising	End=934.9	_	_	_	_
246-0	BZ009	246	0	eh	eh	_	_	_	_	_	linguistic	_	none	_	Begin=935.27	_	_	_	_
246-1	BZ009	246	1	i	i	_	_	_	_	_	linguistic	_	none	_	_	_	_	_	_
246-2	BZ009	246	2	cortili	cortili	_	_	_	_	_	linguistic	_	none	_	_	_	_	_	_
246-3	BZ009	246	3	chiaramente	chiaramente	_	_	_	_	_	linguistic	_	none	_	_	_	_	_	_
246-4	BZ009	246	4	raggruppavano	raggruppavano	_	_	_	_	_	linguistic	_	none	_	_	_	_	_	_
246-5	BZ009	246	5	i	i	_	_	_	_	_	linguistic	_	none	_	_	_	_	_	_
246-6	BZ009	246	6	bambini	bambini	_	_	_	_	_	linguistic	_	none	_	_	_	_	_	_
246-7	BZ009	246	7	dello	dello	_	_	_	_	_	linguistic	_	none	_	_	_	_	_	_
246-8	BZ009	246	8	stesso	stesso	_	_	_	_	_	linguistic	_	none	_	_	_	_	_	_
246-9	BZ009	246	9	quartiere	quartiere	_	_	_	_	_	linguistic	_	none	_	_	_	_	_	_
246-10	BZ009	246	10	e	e	_	_	_	_	_	linguistic	_	none	_	_	_	_	_	_
246-11	BZ009	246	11	quindi	quindi	_	_	_	_	_	linguistic	_	none	_	_	_	_	_	_
246-12	BZ009	246	12	eh:	eh	_	_	_	_	_	linguistic	_	none	_	_	1x1	_	_	_
246-13	BZ009	246	13	eravamo	eravamo	_	_	_	_	_	linguistic	_	none	_	_	_	_	_	_
246-14	BZ009	246	14	tutti	tutti	_	_	_	_	_	linguistic	_	none	_	_	_	_	_	_
246-15	BZ009	246	15	italiani.	italiani	_	_	_	_	_	linguistic	_	none	Intonation=Falling	End=941.96	_	_	_	_
247-0	BZ009	247	0	eh::	eh	_	_	_	_	_	linguistic	_	none	_	Begin=942.44	1x2	_	_	_
247-1	BZ009	247	1	u-	u-	_	_	_	_	_	linguistic	_	none	Interrupted=Yes	_	_	_	_	_
247-2	BZ009	247	2	una	una	_	_	_	_	_	linguistic	_	none	_	_	_	_	_	_
247-3	BZ009	247	3	squadra	squadra	_	_	_	_	_	linguistic	_	none	_	_	_	_	_	_
247-4	BZ009	247	4	di	di	_	_	_	_	_	linguistic	_	none	_	_	_	_	_	_
247-5	BZ009	247	5	calcio	calcio	_	_	_	_	_	linguistic	_	none	_	_	_	_	_	_
247-6	BZ009	247	6	con	con	_	_	_	_	_	linguistic	_	none	_	_	_	_	_	_
247-7	BZ009	247	7	cui	cui	_	_	_	_	_	linguistic	_	none	_	_	_	_	_	_
247-8	BZ009	247	8	ho	ho	_	_	_	_	_	linguistic	_	none	_	_	_	_	_	_
247-9	BZ009	247	9	giocato	giocato	_	_	_	_	_	linguistic	_	none	_	_	_	_	_	_
247-10	BZ009	247	10	che	che	_	_	_	_	_	linguistic	_	none	_	_	_	_	_	_
247-11	BZ009	247	11	era	era	_	_	_	_	_	linguistic	_	none	_	_	_	_	_	_
247-12	BZ009	247	12	al	al	_	_	_	_	_	linguistic	_	none	_	_	_	_	_	_
247-13	BZ009	247	13	di	di	_	_	_	_	_	linguistic	_	none	_	_	_	_	_	_
247-14	BZ009	247	14	là	là	_	_	_	_	_	linguistic	_	none	_	_	_	_	_	_
247-15	BZ009	247	15	del	del	_	_	_	_	_	linguistic	_	none	_	_	_	_	_	_
247-16	BZ009	247	16	ponte	ponte	_	_	_	_	_	linguistic	_	none	_	_	_	_	_	_
247-17	BZ009	247	17	talvera,	talvera	_	_	_	_	_	linguistic	_	none	Intonation=WeaklyRising	_	_	_	_	_
247-18	BZ009	247	18	eh:	eh	_	_	_	_	_	linguistic	_	none	_	_	1x1	_	_	_
247-19	BZ009	247	19	annoverava	annoverava	_	_	_	_	_	linguistic	_	none	_	_	_	_	_	_
247-20	BZ009	247	20	diciamo	diciamo	_	_	_	_	_	linguistic	_	none	_	_	_	_	_	_
247-21	BZ009	247	21	tra	tra	_	_	_	_	_	linguistic	_	none	_	_	_	_	_	_
247-22	BZ009	247	22	le	le	_	_	_	_	_	linguistic	_	none	_	_	_	_	_	_
247-23	BZ009	247	23	sue	sue	_	_	_	_	_	linguistic	_	none	_	_	_	_	_	_
247-24	BZ009	247	24	file,	file	_	_	_	_	_	linguistic	_	none	Intonation=WeaklyRising	_	_	_	_	_
247-25	BZ009	247	25	eh	eh	_	_	_	_	_	linguistic	_	none	_	_	_	_	_	_
247-26	BZ009	247	26	bambini	bambini	_	_	_	_	_	linguistic	_	none	_	_	_	_	_	_
247-27	BZ009	247	27	mistilingue,	mistilingue	_	_	_	_	_	linguistic	_	none	Intonation=WeaklyRising	_	_	_	_	_
247-28	BZ009	247	28	quindi	quindi	_	_	_	_	_	linguistic	_	none	_	_	_	_	_	_
247-29	BZ009	247	29	è	è	_	_	_	_	_	linguistic	_	none	_	_	_	_	_	_
247-30	BZ009	247	30	lì	lì	_	_	_	_	_	linguistic	_	none	_	_	_	_	_	_
247-31	BZ009	247	31	che,	che	_	_	_	_	_	linguistic	_	none	Intonation=WeaklyRising	End=952.33	_	_	_	_
248-0	BZ009	248	0	impari	impari	_	_	_	_	_	linguistic	_	none	_	Begin=952.61	_	_	_	_
248-1	BZ009	248	1	a	a	_	_	_	_	_	linguistic	_	none	_	_	_	_	_	_
248-2	BZ009	248	2	parlare	parlare	_	_	_	_	_	linguistic	_	none	_	_	_	_	_	_
248-3	BZ009	248	3	anche	anche	_	_	_	_	_	linguistic	_	none	_	_	_	_	_	_
248-4	BZ009	248	4	altre	altre	_	_	_	_	_	linguistic	_	none	_	_	_	_	_	_
248-5	BZ009	248	5	lingue.	lingue	_	_	_	_	_	linguistic	_	none	Intonation=Falling	_	_	_	_	_
248-6	BZ009	248	6	quindi	quindi	_	_	_	_	_	linguistic	_	none	_	_	_	_	_	_
248-7	BZ009	248	7	secondo	secondo	_	_	_	_	_	linguistic	_	none	_	_	_	_	_	_
248-8	BZ009	248	8	me	me	_	_	_	_	_	linguistic	_	none	_	_	_	_	_	_
248-9	BZ009	248	9	sarebbe	sarebbe	_	_	_	_	_	linguistic	_	none	_	_	_	_	_	_
248-10	BZ009	248	10	da	da	_	_	_	_	_	linguistic	_	none	_	_	_	_	_	_
248-11	BZ009	248	11	incentivare,	incentivare	_	_	_	_	_	linguistic	_	none	Intonation=WeaklyRising	End=957.12	_	_	_	_
249-0	BZ009	249	0	lo	lo	_	_	_	_	_	linguistic	_	none	_	Begin=957.41	_	_	_	_
249-1	BZ009	249	1	sport	sport	_	_	_	_	_	linguistic	_	none	_	_	_	_	_	_
249-2	BZ009	249	2	e	e	_	_	_	_	_	linguistic	_	none	_	_	_	_	_	_
249-3	BZ009	249	3	magari	magari	_	_	_	_	_	linguistic	_	none	_	_	_	_	_	_
249-4	BZ009	249	4	decentralizzarlo,	decentralizzarlo	_	_	_	_	_	linguistic	_	none	Intonation=WeaklyRising	End=960.07	_	_	_	_
250-0	BZ001	250	0	[mh	mh	_	_	_	_	_	linguistic	_	none	ProsodicLink=Yes	Begin=960.315	_	_	_	0-2(34)
250-1	BZ001	250	1	mh],	mh	_	_	_	_	_	linguistic	_	none	Intonation=WeaklyRising	End=960.655	_	_	_	0-2(34)
251-0	BZ009	251	0	[magari]	magari	_	_	_	_	_	linguistic	_	none	_	Begin=960.39	_	_	_	0-6(34)
251-1	BZ009	251	1	fare	fare	_	_	_	_	_	linguistic	_	none	_	_	_	_	_	_
251-2	BZ009	251	2	alcune	alcune	_	_	_	_	_	linguistic	_	none	_	_	_	_	_	_
251-3	BZ009	251	3	attività	attività	_	_	_	_	_	linguistic	_	none	_	_	_	_	_	_
251-4	BZ009	251	4	non	non	_	_	_	_	_	linguistic	_	none	_	_	_	_	_	_
251-5	BZ009	251	5	lo	lo	_	_	_	_	_	linguistic	_	none	_	_	_	_	_	_
251-6	BZ009	251	6	so,	so	_	_	_	_	_	linguistic	_	none	Intonation=WeaklyRising	End=962.63	_	_	_	_
252-0	BZ009	252	0	io	io	_	_	_	_	_	linguistic	_	none	_	Begin=962.895	_	_	_	_
252-1	BZ009	252	1	ho	ho	_	_	_	_	_	linguistic	_	none	_	_	_	_	_	_
252-2	BZ009	252	2	giocato	giocato	_	_	_	_	_	linguistic	_	none	_	_	_	_	_	_
252-3	BZ009	252	3	a	a	_	_	_	_	_	linguistic	_	none	_	_	_	_	_	_
252-4	BZ009	252	4	tennis	tennis	_	_	_	_	_	linguistic	_	none	_	_	_	_	_	_
252-5	BZ009	252	5	a:	a	_	_	_	_	_	linguistic	_	none	_	_	0x1	_	_	_
252-6	BZ009	252	6	maso	maso	_	_	_	_	_	linguistic	_	none	_	_	_	_	_	_
252-7	BZ009	252	7	ron[co:,	ronco	_	_	_	_	_	linguistic	_	none	Intonation=WeaklyRising	_	4x1	_	_	3-5(35)
252-8	BZ009	252	8	piuttosto]	piuttosto	_	_	_	_	_	linguistic	_	none	_	_	_	_	_	0-9(35)
252-9	BZ009	252	9	che	che	_	_	_	_	_	linguistic	_	none	_	_	_	_	_	_
252-10	BZ009	252	10	andare	andare	_	_	_	_	_	linguistic	_	none	_	_	_	_	_	_
252-11	BZ009	252	11	magari,	magari	_	_	_	_	_	linguistic	_	none	Intonation=WeaklyRising|PauseAfter=Yes	_	_	_	_	_
252-12	BZ009	252	12	(.)	(.)	_	_	_	_	_	shortpause	_	none	_	_	_	_	_	_
252-13	BZ009	252	13	la	la	_	_	_	_	_	linguistic	_	none	_	_	_	_	_	_
252-14	BZ009	252	14	squadra	squadra	_	_	_	_	_	linguistic	_	none	_	_	_	_	_	_
252-15	BZ009	252	15	di	di	_	_	_	_	_	linguistic	_	none	_	_	_	_	_	_
252-16	BZ009	252	16	hockey,	hockey	_	_	_	_	_	linguistic	_	none	Intonation=WeaklyRising	End=968.45	_	_	_	_
253-0	BZ001	253	0	[ah	ah	_	_	_	_	_	linguistic	_	none	PauseAfter=Yes	Begin=964.84	_	_	_	0-2(35)
253-1	BZ001	253	1	(.)	(.)	_	_	_	_	_	shortpause	_	none	_	_	_	_	_	_
253-2	BZ001	253	2	okay],	okay	_	_	_	_	_	linguistic	_	none	Intonation=WeaklyRising	End=965.75	_	_	_	0-4(35)
254-0	BZ009	254	0	eh::	eh	_	_	_	_	_	linguistic	_	none	_	Begin=968.73	1x2	_	_	_
254-1	BZ009	254	1	non	non	_	_	_	_	_	linguistic	_	none	_	_	_	_	_	_
254-2	BZ009	254	2	lo	lo	_	_	_	_	_	linguistic	_	none	_	_	_	_	_	_
254-3	BZ009	254	3	so	so	_	_	_	_	_	linguistic	_	none	_	_	_	_	_	_
254-4	BZ009	254	4	a	a	_	_	_	_	_	linguistic	_	none	_	_	_	_	_	_
254-5	BZ009	254	5	salorno,	salorno	_	_	_	_	_	linguistic	_	none	Intonation=WeaklyRising	_	_	_	_	_
254-6	BZ009	254	6	piuttosto	piuttosto	_	_	_	_	_	linguistic	_	none	_	_	_	_	_	_
254-7	BZ009	254	7	che:,	che	_	_	_	_	_	linguistic	_	none	Intonation=WeaklyRising	End=972.19	2x1	_	_	_
255-0	BZ009	255	0	cercare	cercare	_	_	_	_	_	linguistic	_	none	_	Begin=972.425	_	_	_	_
255-1	BZ009	255	1	ecco	ecco	_	_	_	_	_	linguistic	_	none	_	_	_	_	_	_
255-2	BZ009	255	2	la	la	_	_	_	_	_	linguistic	_	none	_	_	_	_	_	_
255-3	BZ009	255	3	l'	l'	_	_	_	_	_	linguistic	_	none	SpaceAfter=No	_	_	_	_	_
255-4	BZ009	255	4	integrazione	integrazione	_	_	_	_	_	linguistic	_	none	_	_	_	_	_	_
255-5	BZ009	255	5	in	in	_	_	_	_	_	linguistic	_	none	_	_	_	_	_	_
255-6	BZ009	255	6	questo	questo	_	_	_	_	_	linguistic	_	none	_	_	_	_	_	_
255-7	BZ009	255	7	modo.	modo	_	_	_	_	_	linguistic	_	none	Intonation=Falling	End=975.365	_	_	_	_
256-0	BZ001	256	0	in	in	_	_	_	_	_	linguistic	_	none	_	Begin=975.68	_	_	_	_
256-1	BZ001	256	1	questi	questi	_	_	_	_	_	linguistic	_	none	_	_	_	_	_	_
256-2	BZ001	256	2	contesti	contesti	_	_	_	_	_	linguistic	_	none	_	_	_	_	_	_
256-3	BZ001	256	3	quindi	quindi	_	_	_	_	_	linguistic	_	none	_	_	_	_	_	_
256-4	BZ001	256	4	la	la	_	_	_	_	_	linguistic	_	none	_	_	_	_	_	_
256-5	BZ001	256	5	comunicazione	comunicazione	_	_	_	_	_	linguistic	_	none	_	_	_	_	_	_
256-6	BZ001	256	6	com'	com'	_	_	_	_	_	linguistic	_	none	SpaceAfter=No	_	_	_	_	_
256-7	BZ001	256	7	era?	era	_	_	_	_	_	linguistic	_	none	Intonation=Rising	_	_	_	_	_
256-8	BZ001	256	8	era	era	_	_	_	_	_	linguistic	_	none	_	_	_	_	_	_
256-9	BZ001	256	9	un	un	_	_	_	_	_	linguistic	_	none	_	_	_	_	_	_
256-10	BZ001	256	10	po'	po'	_	_	_	_	_	linguistic	_	none	_	_	_	_	_	_
256-11	BZ001	256	11	in	in	_	_	_	_	_	linguistic	_	none	_	_	_	_	_	_
256-12	BZ001	256	12	una	una	_	_	_	_	_	linguistic	_	none	_	_	_	_	_	_
256-13	BZ001	256	13	lingua	lingua	_	_	_	_	_	linguistic	_	none	_	_	_	_	_	_
256-14	BZ001	256	14	un	un	_	_	_	_	_	linguistic	_	none	_	_	_	_	_	_
256-15	BZ001	256	15	po'	po'	_	_	_	_	_	linguistic	_	none	_	_	_	_	_	_
256-16	BZ001	256	16	nell'	nell'	_	_	_	_	_	linguistic	_	none	SpaceAfter=No	_	_	_	_	_
256-17	BZ001	256	17	altra?	altra	_	_	_	_	_	linguistic	_	none	Intonation=Rising	End=979.57	_	_	_	_
257-0	BZ009	257	0	mistilingue,	mistilingue	_	_	_	_	_	linguistic	_	none	Intonation=WeaklyRising	Begin=979.385|End=980.085	_	_	_	_
258-0	BZ001	258	0	misti-	misti-	_	_	_	_	_	linguistic	_	none	Interrupted=Yes	Begin=979.96	_	_	_	_
258-1	BZ001	258	1	okay.	okay	_	_	_	_	_	linguistic	_	none	Intonation=Falling	End=980.56	_	_	_	_
259-0	BZ009	259	0	a	a	_	_	_	_	_	linguistic	_	none	_	Begin=980.56	_	_	_	_
259-1	BZ009	259	1	seconda	seconda	_	_	_	_	_	linguistic	_	none	_	_	_	_	_	_
259-2	BZ009	259	2	di	di	_	_	_	_	_	linguistic	_	none	_	_	_	_	_	_
259-3	BZ009	259	3	come,	come	_	_	_	_	_	linguistic	_	none	Intonation=WeaklyRising	End=982.26	_	_	_	_
260-0	BZ009	260	0	secondo	secondo	_	_	_	_	_	linguistic	_	none	_	Begin=982.65	_	_	_	_
260-1	BZ009	260	1	me	me	_	_	_	_	_	linguistic	_	none	_	_	_	_	_	_
260-2	BZ009	260	2	bisognerebbe	bisognerebbe	_	_	_	_	_	linguistic	_	none	_	_	_	_	_	_
260-3	BZ009	260	3	anche	anche	_	_	_	_	_	linguistic	_	none	_	_	_	_	_	_
260-4	BZ009	260	4	in	in	_	_	_	_	_	linguistic	_	none	_	_	_	_	_	_
260-5	BZ009	260	5	maniera,	maniera	_	_	_	_	_	linguistic	_	none	Intonation=WeaklyRising	_	_	_	_	_
260-6	BZ009	260	6	mh	mh	_	_	_	_	_	linguistic	_	none	_	End=985.24	_	_	_	_
261-0	BZ009	261	0	intelligente	intelligente	_	_	_	_	_	linguistic	_	none	_	Begin=985.52	_	_	_	_
261-1	BZ009	261	1	forse,	forse	_	_	_	_	_	linguistic	_	none	Intonation=WeaklyRising	End=986.99	_	_	_	_
262-0	BZ009	262	0	mettere	mettere	_	_	_	_	_	linguistic	_	none	_	Begin=987.31	_	_	_	_
262-1	BZ009	262	1	a	a	_	_	_	_	_	linguistic	_	none	_	_	_	_	_	_
262-2	BZ009	262	2	proprio	proprio	_	_	_	_	_	linguistic	_	none	_	_	_	_	_	_
262-3	BZ009	262	3	agio	agio	_	_	_	_	_	linguistic	_	none	_	_	_	_	_	_
262-4	BZ009	262	4	la	la	_	_	_	_	_	linguistic	_	none	_	_	_	_	_	_
262-5	BZ009	262	5	persona	persona	_	_	_	_	_	linguistic	_	none	_	_	_	_	_	_
262-6	BZ009	262	6	che	che	_	_	_	_	_	linguistic	_	none	_	_	_	_	_	_
262-7	BZ009	262	7	è	è	_	_	_	_	_	linguistic	_	none	_	_	_	_	_	_
262-8	BZ009	262	8	meno	meno	_	_	_	_	_	linguistic	_	none	_	_	_	_	_	_
262-9	BZ009	262	9	forte,	forte	_	_	_	_	_	linguistic	_	none	Intonation=WeaklyRising	_	_	_	_	_
262-10	BZ009	262	10	su	su	_	_	_	_	_	linguistic	_	none	_	_	_	_	_	_
262-11	BZ009	262	11	una	una	_	_	_	_	_	linguistic	_	none	_	_	_	_	_	_
262-12	BZ009	262	12	delle	delle	_	_	_	_	_	linguistic	_	none	_	_	_	_	_	_
262-13	BZ009	262	13	due	due	_	_	_	_	_	linguistic	_	none	_	_	_	_	_	_
262-14	BZ009	262	14	lingue.	lingue	_	_	_	_	_	linguistic	_	none	Intonation=Falling	End=991.47	_	_	_	_
263-0	BZ001	263	0	[mh	mh	_	_	_	_	_	linguistic	_	none	ProsodicLink=Yes	Begin=991.615	_	_	_	0-2(38)
263-1	BZ001	263	1	mh],	mh	_	_	_	_	_	linguistic	_	none	Intonation=WeaklyRising	End=992.0	_	_	_	0-2(38)
264-0	BZ009	264	0	[nel	nel	_	_	_	_	_	linguistic	_	none	_	Begin=991.82	_	_	_	0-3(38)
264-1	BZ009	264	1	senso]	senso	_	_	_	_	_	linguistic	_	none	_	_	_	_	_	0-5(38)
264-2	BZ009	264	2	magari,	magari	_	_	_	_	_	linguistic	_	none	Intonation=WeaklyRising	End=992.595	_	_	_	_
265-0	BZ009	265	0	se	se	_	_	_	_	_	linguistic	_	none	_	Begin=993.015	_	_	_	_
265-1	BZ009	265	1	il:	il	_	_	_	_	_	linguistic	_	none	_	_	1x1	_	_	_
265-2	BZ009	265	2	bambino	bambino	_	_	_	_	_	linguistic	_	none	_	_	_	_	_	_
265-3	BZ009	265	3	fa	fa	_	_	_	_	_	linguistic	_	none	_	_	_	_	_	_
265-4	BZ009	265	4	più	più	_	_	_	_	_	linguistic	_	none	_	_	_	_	_	_
265-5	BZ009	265	5	fatica	fatica	_	_	_	_	_	linguistic	_	none	_	_	_	_	_	_
265-6	BZ009	265	6	in	in	_	_	_	_	_	linguistic	_	none	_	_	_	_	_	_
265-7	BZ009	265	7	italiano,	italiano	_	_	_	_	_	linguistic	_	none	Intonation=WeaklyRising	_	_	_	_	_
265-8	BZ009	265	8	si	si	_	_	_	_	_	linguistic	_	none	_	_	_	_	_	_
265-9	BZ009	265	9	può	può	_	_	_	_	_	linguistic	_	none	_	_	_	_	_	_
265-10	BZ009	265	10	aiutarlo	aiutarlo	_	_	_	_	_	linguistic	_	none	_	_	_	_	_	_
265-11	BZ009	265	11	in	in	_	_	_	_	_	linguistic	_	none	_	_	_	_	_	_
265-12	BZ009	265	12	tedesco,	tedesco	_	_	_	_	_	linguistic	_	none	Intonation=WeaklyRising	_	_	_	_	_
265-13	BZ009	265	13	e:	e	_	_	_	_	_	linguistic	_	none	_	End=997.835	0x1	_	_	_
266-0	BZ009	266	0	certo	certo	_	_	_	_	_	linguistic	_	none	_	Begin=998.06	_	_	_	_
266-1	BZ009	266	1	<questo	questo	_	_	_	_	_	linguistic	_	none	_	_	_	Slow=0-6(0)	_	_
266-2	BZ009	266	2	magari	magari	_	_	_	_	_	linguistic	_	none	_	_	_	Slow=0-6(0)	_	_
266-3	BZ009	266	3	non	non	_	_	_	_	_	linguistic	_	none	_	_	_	Slow=0-3(0)	_	_
266-4	BZ009	266	4	lo	lo	_	_	_	_	_	linguistic	_	none	_	_	_	Slow=0-2(0)	_	_
266-5	BZ009	266	5	aiuterà	aiuterà	_	_	_	_	_	linguistic	_	none	_	_	_	Slow=0-7(0)	_	_
266-6	BZ009	266	6	a	a	_	_	_	_	_	linguistic	_	none	_	_	_	Slow=0-1(0)	_	_
266-7	BZ009	266	7	crescere>	crescere	_	_	_	_	_	linguistic	_	none	_	_	_	Slow=0-8(0)	_	_
266-8	BZ009	266	8	nell'	nell'	_	_	_	_	_	linguistic	_	none	SpaceAfter=No	_	_	_	_	_
266-9	BZ009	266	9	altra	altra	_	_	_	_	_	linguistic	_	none	_	_	_	_	_	_
266-10	BZ009	266	10	lingua,	lingua	_	_	_	_	_	linguistic	_	none	Intonation=WeaklyRising	End=1002.49	_	_	_	_
267-0	BZ009	267	0	<oppure>,	oppure	_	_	_	_	_	linguistic	_	none	Intonation=WeaklyRising	Begin=1003.19	_	Slow=0-6(0)	_	_
267-1	BZ009	267	1	cosa	cosa	_	_	_	_	_	linguistic	_	none	_	_	_	_	_	_
267-2	BZ009	267	2	che	che	_	_	_	_	_	linguistic	_	none	_	_	_	_	_	_
267-3	BZ009	267	3	facevamo	facevamo	_	_	_	_	_	linguistic	_	none	_	_	_	_	_	_
267-4	BZ009	267	4	quando	quando	_	_	_	_	_	linguistic	_	none	_	_	_	_	_	_
267-5	BZ009	267	5	giocavo	giocavo	_	_	_	_	_	linguistic	_	none	_	_	_	_	_	_
267-6	BZ009	267	6	a	a	_	_	_	_	_	linguistic	_	none	_	_	_	_	_	_
267-7	BZ009	267	7	calcio	calcio	_	_	_	_	_	linguistic	_	none	_	_	_	_	_	_
267-8	BZ009	267	8	era	era	_	_	_	_	_	linguistic	_	none	_	_	_	_	_	_
267-9	BZ009	267	9	proprio	proprio	_	_	_	_	_	linguistic	_	none	_	_	_	_	_	_
267-10	BZ009	267	10	la	la	_	_	_	_	_	linguistic	_	none	_	_	_	_	_	_
267-11	BZ009	267	11	regola	regola	_	_	_	_	_	linguistic	_	none	_	_	_	_	_	_
267-12	BZ009	267	12	di	di	_	_	_	_	_	linguistic	_	none	_	_	_	_	_	_
267-13	BZ009	267	13	parlare	parlare	_	_	_	_	_	linguistic	_	none	_	_	_	_	_	_
267-14	BZ009	267	14	nell'	nell'	_	_	_	_	_	linguistic	_	none	SpaceAfter=No	_	_	_	_	_
267-15	BZ009	267	15	altra	altra	_	_	_	_	_	linguistic	_	none	_	_	_	_	_	_
267-16	BZ009	267	16	lingua.	lingua	_	_	_	_	_	linguistic	_	none	Intonation=Falling	End=1008.8	_	_	_	_
268-0	BZ001	268	0	ah	ah	_	_	_	_	_	linguistic	_	none	_	Begin=1009.0	_	_	_	_
268-1	BZ001	268	1	okay.	okay	_	_	_	_	_	linguistic	_	none	Intonation=Falling	End=1009.54	_	_	_	_
269-0	BZ009	269	0	quindi	quindi	_	_	_	_	_	linguistic	_	none	_	Begin=1009.555	_	_	_	_
269-1	BZ009	269	1	i	i	_	_	_	_	_	linguistic	_	none	_	_	_	_	_	_
269-2	BZ009	269	2	bambini	bambini	_	_	_	_	_	linguistic	_	none	_	_	_	_	_	_
269-3	BZ009	269	3	che	che	_	_	_	_	_	linguistic	_	none	_	_	_	_	_	_
269-4	BZ009	269	4	facevano	facevano	_	_	_	_	_	linguistic	_	none	_	_	_	_	_	_
269-5	BZ009	269	5	più	più	_	_	_	_	_	linguistic	_	none	_	_	_	_	_	_
269-6	BZ009	269	6	fatica,	fatica	_	_	_	_	_	linguistic	_	none	Intonation=WeaklyRising	End=1011.42	_	_	_	_
270-0	BZ009	270	0	in	in	_	_	_	_	_	linguistic	_	none	_	Begin=1011.73	_	_	_	_
270-1	BZ009	270	1	italiano	italiano	_	_	_	_	_	linguistic	_	none	_	_	_	_	_	_
270-2	BZ009	270	2	parlavano	parlavano	_	_	_	_	_	linguistic	_	none	_	_	_	_	_	_
270-3	BZ009	270	3	però	però	_	_	_	_	_	linguistic	_	none	_	_	_	_	_	_
270-4	BZ009	270	4	in	in	_	_	_	_	_	linguistic	_	none	_	_	_	_	_	_
270-5	BZ009	270	5	italiano,	italiano	_	_	_	_	_	linguistic	_	none	Intonation=WeaklyRising	End=1014.05	_	_	_	_
271-0	BZ009	271	0	e	e	_	_	_	_	_	linguistic	_	none	_	Begin=1014.395	_	_	_	_
271-1	BZ009	271	1	viceversa,	viceversa	_	_	_	_	_	linguistic	_	none	Intonation=WeaklyRising	End=1015.465	_	_	_	_
272-0	BZ001	272	0	[bello],	bello	_	_	_	_	_	linguistic	_	none	Intonation=WeaklyRising	Begin=1015.837|End=1016.157	_	_	_	0-5(39)
273-0	BZ009	273	0	[così]	così	_	_	_	_	_	linguistic	_	none	_	Begin=1015.922	_	_	_	0-4(39)
273-1	BZ009	273	1	l'	l'	_	_	_	_	_	linguistic	_	none	SpaceAfter=No	_	_	_	_	_
273-2	BZ009	273	2	altro	altro	_	_	_	_	_	linguistic	_	none	_	_	_	_	_	_
273-3	BZ009	273	3	capiva,	capiva	_	_	_	_	_	linguistic	_	none	Intonation=WeaklyRising	_	_	_	_	_
273-4	BZ009	273	4	ma	ma	_	_	_	_	_	linguistic	_	none	_	_	_	_	_	_
273-5	BZ009	273	5	rispondeva	rispondeva	_	_	_	_	_	linguistic	_	none	_	_	_	_	_	_
273-6	BZ009	273	6	nella	nella	_	_	_	_	_	linguistic	_	none	_	_	_	_	_	_
273-7	BZ009	273	7	sua	sua	_	_	_	_	_	linguistic	_	none	_	_	_	_	_	_
273-8	BZ009	273	8	lingua,	lingua	_	_	_	_	_	linguistic	_	none	Intonation=WeaklyRising	End=1018.952	_	_	_	_
274-0	BZ009	274	0	nell'	nell'	_	_	_	_	_	linguistic	_	none	SpaceAfter=No	Begin=1019.222	_	_	_	_
274-1	BZ009	274	1	altra:	altra	_	_	_	_	_	linguistic	_	none	_	_	4x1	_	_	_
274-2	BZ009	274	2	nell'	nell'	_	_	_	_	_	linguistic	_	none	SpaceAfter=No	_	_	_	_	_
274-3	BZ009	274	3	altra	altra	_	_	_	_	_	linguistic	_	none	_	_	_	_	_	_
274-4	BZ009	274	4	lingua.	lingua	_	_	_	_	_	linguistic	_	none	Intonation=Falling	_	_	_	_	_
274-5	BZ009	274	5	questo	questo	_	_	_	_	_	linguistic	_	none	_	_	_	_	_	_
274-6	BZ009	274	6	aiuta:	aiuta	_	_	_	_	_	linguistic	_	none	_	End=1022.512	4x1	_	_	_
275-0	BZ009	275	0	aiuta	aiuta	_	_	_	_	_	linguistic	_	none	_	Begin=1023.062	_	_	_	_
275-1	BZ009	275	1	secondo	secondo	_	_	_	_	_	linguistic	_	none	_	_	_	_	_	_
275-2	BZ009	275	2	me	me	_	_	_	_	_	linguistic	_	none	_	_	_	_	_	_
275-3	BZ009	275	3	a	a	_	_	_	_	_	linguistic	_	none	_	_	_	_	_	_
275-4	BZ009	275	4	imparare	imparare	_	_	_	_	_	linguistic	_	none	_	_	_	_	_	_
275-5	BZ009	275	5	solo	solo	_	_	_	_	_	linguistic	_	none	_	_	_	_	_	_
275-6	BZ009	275	6	che	che	_	_	_	_	_	linguistic	_	none	PauseAfter=Yes	_	_	_	_	_
275-7	BZ009	275	7	(.)	(.)	_	_	_	_	_	shortpause	_	none	_	_	_	_	_	_
275-8	BZ009	275	8	poi	poi	_	_	_	_	_	linguistic	_	none	_	_	_	_	_	_
275-9	BZ009	275	9	subentra	subentra	_	_	_	_	_	linguistic	_	none	_	_	_	_	_	_
275-10	BZ009	275	10	la	la	_	_	_	_	_	linguistic	_	none	_	_	_	_	_	_
275-11	BZ009	275	11	vergogna	vergogna	_	_	_	_	_	linguistic	_	none	_	_	_	_	_	_
275-12	BZ009	275	12	e:	e	_	_	_	_	_	linguistic	_	none	_	_	0x1	_	_	_
275-13	BZ009	275	13	la	la	_	_	_	_	_	linguistic	_	none	_	_	_	_	_	_
275-14	BZ009	275	14	paura	paura	_	_	_	_	_	linguistic	_	none	_	_	_	_	_	_
275-15	BZ009	275	15	di	di	_	_	_	_	_	linguistic	_	none	_	_	_	_	_	_
275-16	BZ009	275	16	fare	fare	_	_	_	_	_	linguistic	_	none	_	_	_	_	_	_
275-17	BZ009	275	17	errori:	errori	_	_	_	_	_	linguistic	_	none	_	_	5x1	_	_	_
275-18	BZ009	275	18	e	e	_	_	_	_	_	linguistic	_	none	_	_	_	_	_	_
275-19	BZ009	275	19	quindi,	quindi	_	_	_	_	_	linguistic	_	none	Intonation=WeaklyRising	End=1029.857	_	_	_	_
276-0	BZ009	276	0	quello	quello	_	_	_	_	_	linguistic	_	none	_	Begin=1030.232	_	_	_	_
276-1	BZ009	276	1	un	un	_	_	_	_	_	linguistic	_	none	_	_	_	_	_	_
276-2	BZ009	276	2	po'	po'	_	_	_	_	_	linguistic	_	none	_	_	_	_	_	_
276-3	BZ009	276	3	frena.	frena	_	_	_	_	_	linguistic	_	none	Intonation=Falling	_	_	_	_	_
276-4	BZ009	276	4	però	però	_	_	_	_	_	linguistic	_	none	_	_	_	_	_	_
276-5	BZ009	276	5	questo	questo	_	_	_	_	_	linguistic	_	none	_	_	_	_	_	_
276-6	BZ009	276	6	secondo	secondo	_	_	_	_	_	linguistic	_	none	_	_	_	_	_	_
276-7	BZ009	276	7	me	me	_	_	_	_	_	linguistic	_	none	_	_	_	_	_	_
276-8	BZ009	276	8	sarebbe	sarebbe	_	_	_	_	_	linguistic	_	none	_	_	_	_	_	_
276-9	BZ009	276	9	bello	bello	_	_	_	_	_	linguistic	_	none	_	_	_	_	_	_
276-10	BZ009	276	10	che,	che	_	_	_	_	_	linguistic	_	none	Intonation=WeaklyRising	End=1033.432	_	_	_	_
277-0	BZ009	277	0	si	si	_	_	_	_	_	linguistic	_	none	_	Begin=1033.777	_	_	_	_
277-1	BZ009	277	1	parlasse	parlasse	_	_	_	_	_	linguistic	_	none	_	_	_	_	_	_
277-2	BZ009	277	2	il	il	_	_	_	_	_	linguistic	_	none	_	_	_	_	_	_
277-3	BZ009	277	3	contrario	contrario	_	_	_	_	_	linguistic	_	none	_	_	_	_	_	_
277-4	BZ009	277	4	di	di	_	_	_	_	_	linguistic	_	none	_	_	_	_	_	_
277-5	BZ009	277	5	come	come	_	_	_	_	_	linguistic	_	none	_	_	_	_	_	_
277-6	BZ009	277	6	è	è	_	_	_	_	_	linguistic	_	none	_	_	_	_	_	_
277-7	BZ009	277	7	più	più	_	_	_	_	_	linguistic	_	none	_	_	_	_	_	_
277-8	BZ009	277	8	comodo	comodo	_	_	_	_	_	linguistic	_	none	_	_	_	_	_	_
277-9	BZ009	277	9	insomma.	insomma	_	_	_	_	_	linguistic	_	none	Intonation=Falling	End=1036.47	_	_	_	_
278-0	BZ001	278	0	mh	mh	_	_	_	_	_	linguistic	_	none	ProsodicLink=Yes	Begin=1036.472	_	_	_	_
278-1	BZ001	278	1	mh,	mh	_	_	_	_	_	linguistic	_	none	Intonation=WeaklyRising	_	_	_	_	_
278-2	BZ001	278	2	certo	certo	_	_	_	_	_	linguistic	_	none	_	End=1037.37	_	_	_	_
279-0	BZ001	279	0	e	e	_	_	_	_	_	linguistic	_	none	_	Begin=1037.672	_	_	_	_
279-1	BZ001	279	1	il	il	_	_	_	_	_	linguistic	_	none	_	_	_	_	_	_
279-2	BZ001	279	2	francese	francese	_	_	_	_	_	linguistic	_	none	_	_	_	_	_	_
279-3	BZ001	279	3	al	al	_	_	_	_	_	linguistic	_	none	_	_	_	_	_	_
279-4	BZ001	279	4	di	di	_	_	_	_	_	linguistic	_	none	_	_	_	_	_	_
279-5	BZ001	279	5	fuori	fuori	_	_	_	_	_	linguistic	_	none	_	_	_	_	_	_
279-6	BZ001	279	6	invece	invece	_	_	_	_	_	linguistic	_	none	_	_	_	_	_	_
279-7	BZ001	279	7	di	di	_	_	_	_	_	linguistic	_	none	_	_	_	_	_	_
279-8	BZ001	279	8	quel	quel	_	_	_	_	_	linguistic	_	none	_	_	_	_	_	_
279-9	BZ001	279	9	contesto:	contesto	_	_	_	_	_	linguistic	_	none	_	_	7x1	_	_	_
279-10	BZ001	279	10	lavorativo	lavorativo	_	_	_	_	_	linguistic	_	none	_	_	_	_	_	_
279-11	BZ001	279	11	diciamo	diciamo	_	_	_	_	_	linguistic	_	none	_	_	_	_	_	_
279-12	BZ001	279	12	di	di	_	_	_	_	_	linguistic	_	none	_	_	_	_	_	_
279-13	BZ001	279	13	cui	cui	_	_	_	_	_	linguistic	_	none	_	_	_	_	_	_
279-14	BZ001	279	14	parlavi	parlavi	_	_	_	_	_	linguistic	_	none	_	_	_	_	_	_
279-15	BZ001	279	15	l'	l'	_	_	_	_	_	linguistic	_	none	SpaceAfter=No	_	_	_	_	_
279-16	BZ001	279	16	hai	hai	_	_	_	_	_	linguistic	_	none	_	_	_	_	_	_
279-17	BZ001	279	17	approfondito	approfondito	_	_	_	_	_	linguistic	_	none	_	_	_	_	_	_
279-18	BZ001	279	18	in	in	_	_	_	_	_	linguistic	_	none	_	_	_	_	_	_
279-19	BZ001	279	19	qualche	qualche	_	_	_	_	_	linguistic	_	none	_	_	_	_	_	_
279-20	BZ001	279	20	modo?	modo	_	_	_	_	_	linguistic	_	none	Intonation=Rising	End=1043.522	_	_	_	_
280-0	BZ009	280	0	allora	allora	_	_	_	_	_	linguistic	_	none	_	Begin=1043.782	_	_	_	_
280-1	BZ009	280	1	il	il	_	_	_	_	_	linguistic	_	none	_	_	_	_	_	_
280-2	BZ009	280	2	francese,	francese	_	_	_	_	_	linguistic	_	none	Intonation=WeaklyRising	_	_	_	_	_
280-3	BZ009	280	3	eh:	eh	_	_	_	_	_	linguistic	_	none	_	_	1x1	_	_	_
280-4	BZ009	280	4	l'	l'	_	_	_	_	_	linguistic	_	none	SpaceAfter=No	_	_	_	_	_
280-5	BZ009	280	5	ho	ho	_	_	_	_	_	linguistic	_	none	_	_	_	_	_	_
280-6	BZ009	280	6	approfon-	approfon-	_	_	_	_	_	linguistic	_	none	Interrupted=Yes	_	_	_	_	_
280-7	BZ009	280	7	[non	non	_	_	_	_	_	linguistic	_	none	_	_	_	_	_	0-3(40)
280-8	BZ009	280	8	approfondito],	approfondito	_	_	_	_	_	linguistic	_	none	Intonation=WeaklyRising	_	_	_	_	0-12(40)
280-9	BZ009	280	9	ma,	ma	_	_	_	_	_	linguistic	_	none	Intonation=WeaklyRising	_	_	_	_	_
280-10	BZ009	280	10	l'	l'	_	_	_	_	_	linguistic	_	none	SpaceAfter=No	_	_	_	_	_
280-11	BZ009	280	11	ho,	ho	_	_	_	_	_	linguistic	_	none	Intonation=WeaklyRising|PauseAfter=Yes	_	_	_	_	_
280-12	BZ009	280	12	(.)	(.)	_	_	_	_	_	shortpause	_	none	_	_	_	_	_	_
280-13	BZ009	280	13	eh:	eh	_	_	_	_	_	linguistic	_	none	_	_	1x1	_	_	_
280-14	BZ009	280	14	diciamo	diciamo	_	_	_	_	_	linguistic	_	none	_	_	_	_	_	_
280-15	BZ009	280	15	utilizzato	utilizzato	_	_	_	_	_	linguistic	_	none	_	_	_	_	_	_
280-16	BZ009	280	16	nei	nei	_	_	_	_	_	linguistic	_	none	_	_	_	_	_	_
280-17	BZ009	280	17	viaggi	viaggi	_	_	_	_	_	linguistic	_	none	_	_	_	_	_	_
280-18	BZ009	280	18	che	che	_	_	_	_	_	linguistic	_	none	_	_	_	_	_	_
280-19	BZ009	280	19	ho	ho	_	_	_	_	_	linguistic	_	none	_	_	_	_	_	_
280-20	BZ009	280	20	fatto	fatto	_	_	_	_	_	linguistic	_	none	_	_	_	_	_	_
280-21	BZ009	280	21	in	in	_	_	_	_	_	linguistic	_	none	_	_	_	_	_	_
280-22	BZ009	280	22	francia	francia	_	_	_	_	_	linguistic	_	none	_	_	_	_	_	_
280-23	BZ009	280	23	tra	tra	_	_	_	_	_	linguistic	_	none	_	_	_	_	_	_
280-24	BZ009	280	24	parigi	parigi	_	_	_	_	_	linguistic	_	none	_	_	_	_	_	_
280-25	BZ009	280	25	le	le	_	_	_	_	_	linguistic	_	none	_	_	_	_	_	_
280-26	BZ009	280	26	havre	havre	_	_	_	_	_	linguistic	_	none	_	_	_	_	_	4-5(41)
280-27	BZ009	280	27	[dove],	dove	_	_	_	_	_	linguistic	_	none	Intonation=WeaklyRising	End=1054.622	_	_	_	0-3(41)
281-0	BZ001	281	0	[((ride))]	((ride))	_	_	_	_	_	nonverbalbehavior	_	none	_	Begin=1046.867|End=1047.957	_	_	_	0-4(40)
282-0	BZ001	282	0	[mh	mh	_	_	_	_	_	linguistic	_	none	ProsodicLink=Yes	Begin=1053.907	_	_	_	0-2(41)
282-1	BZ001	282	1	mh],	mh	_	_	_	_	_	linguistic	_	none	Intonation=WeaklyRising	End=1054.647	_	_	_	0-2(41)
283-0	BZ009	283	0	dove	dove	_	_	_	_	_	linguistic	_	none	_	Begin=1054.992	_	_	_	_
283-1	BZ009	283	1	per	per	_	_	_	_	_	linguistic	_	none	_	_	_	_	_	_
283-2	BZ009	283	2	chiedere	chiedere	_	_	_	_	_	linguistic	_	none	_	_	_	_	_	_
283-3	BZ009	283	3	informazioni	informazioni	_	_	_	_	_	linguistic	_	none	_	_	_	_	_	_
283-4	BZ009	283	4	magari	magari	_	_	_	_	_	linguistic	_	none	_	_	_	_	_	_
283-5	BZ009	283	5	mi	mi	_	_	_	_	_	linguistic	_	none	_	_	_	_	_	_
283-6	BZ009	283	6	lanciavo	lanciavo	_	_	_	_	_	linguistic	_	none	_	_	_	_	_	_
283-7	BZ009	283	7	[in:],	in	_	_	_	_	_	linguistic	_	none	Intonation=WeaklyRising	End=1058.802	1x1	_	_	0-2(42)
284-0	BZ001	284	0	[ah	ah	_	_	_	_	_	linguistic	_	none	ProsodicLink=Yes	Begin=1058.392	_	_	_	0-2(42)
284-1	BZ001	284	1	eh],	eh	_	_	_	_	_	linguistic	_	none	Intonation=WeaklyRising	End=1059.122	_	_	_	0-2(42)
285-0	BZ009	285	0	tentativi	tentativi	_	_	_	_	_	linguistic	_	none	_	Begin=1059.572	_	_	_	_
285-1	BZ009	285	1	ecco,	ecco	_	_	_	_	_	linguistic	_	none	Intonation=WeaklyRising|PauseAfter=Yes	_	_	_	_	_
285-2	BZ009	285	2	(.)	(.)	_	_	_	_	_	shortpause	_	none	_	_	_	_	_	_
285-3	BZ009	285	3	eh:	eh	_	_	_	_	_	linguistic	_	none	_	_	1x1	_	_	_
285-4	BZ009	285	4	dovuti	dovuti	_	_	_	_	_	linguistic	_	none	_	_	_	_	_	_
285-5	BZ009	285	5	a:	a	_	_	_	_	_	linguistic	_	none	_	_	0x1	_	_	_
285-6	BZ009	285	6	a:	a	_	_	_	_	_	linguistic	_	none	_	_	0x1	_	_	_
285-7	BZ009	285	7	discorsi	discorsi	_	_	_	_	_	linguistic	_	none	_	_	_	_	_	_
285-8	BZ009	285	8	captati	captati	_	_	_	_	_	linguistic	_	none	_	_	_	_	_	_
285-9	BZ009	285	9	qua	qua	_	_	_	_	_	linguistic	_	none	_	_	_	_	_	_
285-10	BZ009	285	10	e	e	_	_	_	_	_	linguistic	_	none	_	_	_	_	_	_
285-11	BZ009	285	11	là	là	_	_	_	_	_	linguistic	_	none	_	_	_	_	_	_
285-12	BZ009	285	12	dal	dal	_	_	_	_	_	linguistic	_	none	_	_	_	_	_	_
285-13	BZ009	285	13	fatto	fatto	_	_	_	_	_	linguistic	_	none	_	_	_	_	_	_
285-14	BZ009	285	14	che	che	_	_	_	_	_	linguistic	_	none	_	_	_	_	_	_
285-15	BZ009	285	15	ripeto	ripeto	_	_	_	_	_	linguistic	_	none	_	_	_	_	_	_
285-16	BZ009	285	16	il	il	_	_	_	_	_	linguistic	_	none	_	_	_	_	_	_
285-17	BZ009	285	17	mio	mio	_	_	_	_	_	linguistic	_	none	_	_	_	_	_	_
285-18	BZ009	285	18	direttore	direttore	_	_	_	_	_	linguistic	_	none	_	_	_	_	_	_
285-19	BZ009	285	19	parlava,	parlava	_	_	_	_	_	linguistic	_	none	Intonation=WeaklyRising	_	_	_	_	_
285-20	BZ009	285	20	in	in	_	_	_	_	_	linguistic	_	none	_	_	_	_	_	_
285-21	BZ009	285	21	francese.	francese	_	_	_	_	_	linguistic	_	none	Intonation=Falling	End=1068.56	_	_	_	_
286-0	BZ009	286	0	quindi	quindi	_	_	_	_	_	linguistic	_	none	_	Begin=1069.212	_	_	_	_
286-1	BZ009	286	1	era	era	_	_	_	_	_	linguistic	_	none	_	_	_	_	_	_
286-2	BZ009	286	2	[un	un	_	_	_	_	_	linguistic	_	none	_	_	_	_	_	0-2(43)
286-3	BZ009	286	3	francese]	francese	_	_	_	_	_	linguistic	_	none	_	_	_	_	_	0-8(43)
286-4	BZ009	286	4	im-	im-	_	_	_	_	_	linguistic	_	none	Interrupted=Yes	_	_	_	_	_
286-5	BZ009	286	5	imparato:	imparato	_	_	_	_	_	linguistic	_	none	_	_	7x1	_	_	_
286-6	BZ009	286	6	così.	così	_	_	_	_	_	linguistic	_	none	Intonation=Falling	End=1072.202	_	_	_	_
287-0	BZ001	287	0	[((ride))]	((ride))	_	_	_	_	_	nonverbalbehavior	_	none	_	Begin=1069.592|End=1070.592	_	_	_	0-4(43)
288-0	BZ001	288	0	quindi	quindi	_	_	_	_	_	linguistic	_	none	_	Begin=1072.467	_	_	_	_
288-1	BZ001	288	1	tu	tu	_	_	_	_	_	linguistic	_	none	_	_	_	_	_	_
288-2	BZ001	288	2	prima	prima	_	_	_	_	_	linguistic	_	none	_	_	_	_	_	_
288-3	BZ001	288	3	non	non	_	_	_	_	_	linguistic	_	none	_	_	_	_	_	_
288-4	BZ001	288	4	l'	l'	_	_	_	_	_	linguistic	_	none	SpaceAfter=No	_	_	_	_	_
288-5	BZ001	288	5	avevi	avevi	_	_	_	_	_	linguistic	_	none	_	_	_	_	_	_
288-6	BZ001	288	6	mai	mai	_	_	_	_	_	linguistic	_	none	_	_	_	_	_	_
288-7	BZ001	288	7	sentito	sentito	_	_	_	_	_	linguistic	_	none	_	_	_	_	_	_
288-8	BZ001	288	8	[il	il	_	_	_	_	_	linguistic	_	none	_	_	_	_	_	0-2(44)
288-9	BZ001	288	9	francese,	francese	_	_	_	_	_	linguistic	_	none	Intonation=WeaklyRising	_	_	_	_	0-8(44)
288-10	BZ001	288	10	è	è	_	_	_	_	_	linguistic	_	none	_	_	_	_	_	0-1(44)
288-11	BZ001	288	11	iniziato	iniziato	_	_	_	_	_	linguistic	_	none	_	_	_	_	_	0-8(44)
288-12	BZ001	288	12	col	col	_	_	_	_	_	linguistic	_	none	_	_	_	_	_	0-3(44)
288-13	BZ001	288	13	direttore],	direttore	_	_	_	_	_	linguistic	_	none	Intonation=WeaklyRising	End=1075.837	_	_	_	0-9(44)
289-0	BZ009	289	0	[mai	mai	_	_	_	_	_	linguistic	_	none	_	Begin=1073.777	_	_	_	0-3(44)
289-1	BZ009	289	1	sentito	sentito	_	_	_	_	_	linguistic	_	none	_	_	_	_	_	0-7(44)
289-2	BZ009	289	2	francese	francese	_	_	_	_	_	linguistic	_	none	_	_	_	_	_	0-8(44)
289-3	BZ009	289	3	prima	prima	_	_	_	_	_	linguistic	_	none	_	_	_	_	_	0-5(44)
289-4	BZ009	289	4	di	di	_	_	_	_	_	linguistic	_	none	_	_	_	_	_	0-2(44)
289-5	BZ009	289	5	jeanluc].	jeanluc	_	_	_	_	_	linguistic	_	none	Intonation=Falling	End=1075.637	_	_	_	0-7(44)
290-0	BZ009	290	0	è	è	_	_	_	_	_	linguistic	_	none	_	Begin=1075.852	_	_	_	_
290-1	BZ009	290	1	iniziato	iniziato	_	_	_	_	_	linguistic	_	none	_	_	_	_	_	_
290-2	BZ009	290	2	col	col	_	_	_	_	_	linguistic	_	none	_	_	_	_	_	_
290-3	BZ009	290	3	di[rettore]	direttore	_	_	_	_	_	linguistic	_	none	_	_	_	_	_	2-9(45)
290-4	BZ009	290	4	perché	perché	_	_	_	_	_	linguistic	_	none	_	_	_	_	_	_
290-5	BZ009	290	5	il	il	_	_	_	_	_	linguistic	_	none	_	_	_	_	_	_
290-6	BZ009	290	6	primo	primo	_	_	_	_	_	linguistic	_	none	_	_	_	_	_	_
290-7	BZ009	290	7	giorno	giorno	_	_	_	_	_	linguistic	_	none	_	_	_	_	_	_
290-8	BZ009	290	8	mi	mi	_	_	_	_	_	linguistic	_	none	_	_	_	_	_	_
290-9	BZ009	290	9	ha	ha	_	_	_	_	_	linguistic	_	none	_	_	_	_	_	_
290-10	BZ009	290	10	fatto	fatto	_	_	_	_	_	linguistic	_	none	_	_	_	_	_	_
290-11	BZ009	290	11	un	un	_	_	_	_	_	linguistic	_	none	_	_	_	_	_	_
290-12	BZ009	290	12	discorso,	discorso	_	_	_	_	_	linguistic	_	none	Intonation=WeaklyRising	_	_	_	_	_
290-13	BZ009	290	13	e:	e	_	_	_	_	_	linguistic	_	none	_	_	0x1	_	_	_
290-14	BZ009	290	14	c'	c'	_	_	_	_	_	linguistic	_	none	SpaceAfter=No	_	_	_	_	_
290-15	BZ009	290	15	era	era	_	_	_	_	_	linguistic	_	none	_	_	_	_	_	_
290-16	BZ009	290	16	la	la	_	_	_	_	_	linguistic	_	none	_	_	_	_	_	_
290-17	BZ009	290	17	traduttrice	traduttrice	_	_	_	_	_	linguistic	_	none	_	_	_	_	_	_
290-18	BZ009	290	18	che	che	_	_	_	_	_	linguistic	_	none	_	_	_	_	_	_
290-19	BZ009	290	19	[mi	mi	_	_	_	_	_	linguistic	_	none	_	_	_	_	_	0-2(46)
290-20	BZ009	290	20	traduceva].	traduceva	_	_	_	_	_	linguistic	_	none	Intonation=Falling	End=1081.46	_	_	_	0-9(46)
291-0	BZ001	291	0	[((ride))]	((ride))	_	_	_	_	_	nonverbalbehavior	_	none	_	Begin=1076.91|End=1077.357	_	_	_	0-4(45)
292-0	BZ001	292	0	[ah	ah	_	_	_	_	_	linguistic	_	none	_	Begin=1081.112	_	_	_	0-2(46)
292-1	BZ001	292	1	((ridendo))]	((ridendo))	_	_	_	_	_	nonverbalbehavior	_	none	_	_	_	_	_	0-7(46)
292-2	BZ001	292	2	okay	okay	_	_	_	_	_	linguistic	_	none	_	_	_	_	_	_
292-3	BZ001	292	3	okay.	okay	_	_	_	_	_	linguistic	_	none	Intonation=Falling	End=1082.162	_	_	_	_
293-0	BZ009	293	0	da	da	_	_	_	_	_	linguistic	_	none	_	Begin=1082.282	_	_	_	_
293-1	BZ009	293	1	lì:	lì	_	_	_	_	_	linguistic	_	none	_	_	1x1	_	_	_
293-2	BZ009	293	2	ho:	ho	_	_	_	_	_	linguistic	_	none	_	_	1x1	_	_	_
293-3	BZ009	293	3	iniziato	iniziato	_	_	_	_	_	linguistic	_	none	_	_	_	_	_	_
293-4	BZ009	293	4	un	un	_	_	_	_	_	linguistic	_	none	_	_	_	_	_	_
293-5	BZ009	293	5	po':	po'	_	_	_	_	_	linguistic	_	none	_	_	1x1	_	_	_
293-6	BZ009	293	6	ho	ho	_	_	_	_	_	linguistic	_	none	_	_	_	_	_	_
293-7	BZ009	293	7	preso	preso	_	_	_	_	_	linguistic	_	none	_	_	_	_	_	_
293-8	BZ009	293	8	un	un	_	_	_	_	_	linguistic	_	none	_	_	_	_	_	_
293-9	BZ009	293	9	libro,	libro	_	_	_	_	_	linguistic	_	none	Intonation=WeaklyRising|PauseAfter=Yes	_	_	_	_	_
293-10	BZ009	293	10	(.)	(.)	_	_	_	_	_	shortpause	_	none	_	_	_	_	_	_
293-11	BZ009	293	11	un	un	_	_	_	_	_	linguistic	_	none	_	_	_	_	_	_
293-12	BZ009	293	12	dizionario	dizionario	_	_	_	_	_	linguistic	_	none	_	_	_	_	_	_
293-13	BZ009	293	13	perché	perché	_	_	_	_	_	linguistic	_	none	_	_	_	_	_	_
293-14	BZ009	293	14	volevo,	volevo	_	_	_	_	_	linguistic	_	none	Intonation=WeaklyRising	End=1087.292	_	_	_	_
294-0	BZ009	294	0	insomma	insomma	_	_	_	_	_	linguistic	_	none	_	Begin=1088.022	_	_	_	_
294-1	BZ009	294	1	la	la	_	_	_	_	_	linguistic	_	none	_	_	_	_	_	_
294-2	BZ009	294	2	cultura	cultura	_	_	_	_	_	linguistic	_	none	_	_	_	_	_	_
294-3	BZ009	294	3	è	è	_	_	_	_	_	linguistic	_	none	_	_	_	_	_	_
294-4	BZ009	294	4	sempre	sempre	_	_	_	_	_	linguistic	_	none	_	_	_	_	_	_
294-5	BZ009	294	5	[importante],	importante	_	_	_	_	_	linguistic	_	none	Intonation=WeaklyRising	End=1090.252	_	_	_	0-10(47)
295-0	BZ001	295	0	[h.]	h	_	_	_	_	_	linguistic	_	none	Intonation=Falling	Begin=1090.152|End=1090.562	_	_	_	0-1(47)
296-0	BZ009	296	0	e	e	_	_	_	_	_	linguistic	_	none	_	Begin=1090.572	_	_	_	_
296-1	BZ009	296	1	quindi	quindi	_	_	_	_	_	linguistic	_	none	_	_	_	_	_	_
296-2	BZ009	296	2	ho	ho	_	_	_	_	_	linguistic	_	none	_	_	_	_	_	_
296-3	BZ009	296	3	iniziato	iniziato	_	_	_	_	_	linguistic	_	none	_	_	_	_	_	_
296-4	BZ009	296	4	un	un	_	_	_	_	_	linguistic	_	none	_	_	_	_	_	_
296-5	BZ009	296	5	po'	po'	_	_	_	_	_	linguistic	_	none	_	_	_	_	_	_
296-6	BZ009	296	6	a	a	_	_	_	_	_	linguistic	_	none	_	_	_	_	_	_
296-7	BZ009	296	7	approfondirlo,	approfondirlo	_	_	_	_	_	linguistic	_	none	Intonation=WeaklyRising	_	_	_	_	_
296-8	BZ009	296	8	e	e	_	_	_	_	_	linguistic	_	none	_	_	_	_	_	_
296-9	BZ009	296	9	poi	poi	_	_	_	_	_	linguistic	_	none	_	_	_	_	_	_
296-10	BZ009	296	10	il	il	_	_	_	_	_	linguistic	_	none	_	_	_	_	_	_
296-11	BZ009	296	11	direttore	direttore	_	_	_	_	_	linguistic	_	none	_	_	_	_	_	_
296-12	BZ009	296	12	mi	mi	_	_	_	_	_	linguistic	_	none	_	_	_	_	_	_
296-13	BZ009	296	13	parlava	parlava	_	_	_	_	_	linguistic	_	none	_	_	_	_	_	_
296-14	BZ009	296	14	completamente	completamente	_	_	_	_	_	linguistic	_	none	_	_	_	_	_	_
296-15	BZ009	296	15	in	in	_	_	_	_	_	linguistic	_	none	_	_	_	_	_	_
296-16	BZ009	296	16	francese,	francese	_	_	_	_	_	linguistic	_	none	Intonation=WeaklyRising	_	_	_	_	_
296-17	BZ009	296	17	e	e	_	_	_	_	_	linguistic	_	none	_	_	_	_	_	_
296-18	BZ009	296	18	io	io	_	_	_	_	_	linguistic	_	none	_	_	_	_	_	_
296-19	BZ009	296	19	gli	gli	_	_	_	_	_	linguistic	_	none	_	_	_	_	_	_
296-20	BZ009	296	20	rispondevo	rispondevo	_	_	_	_	_	linguistic	_	none	_	_	_	_	_	_
296-21	BZ009	296	21	in	in	_	_	_	_	_	linguistic	_	none	_	_	_	_	_	_
296-22	BZ009	296	22	italiano.	italiano	_	_	_	_	_	linguistic	_	none	Intonation=Falling	_	_	_	_	_
296-23	BZ009	296	23	ecco	ecco	_	_	_	_	_	linguistic	_	none	_	_	_	_	_	_
296-24	BZ009	296	24	diciamo	diciamo	_	_	_	_	_	linguistic	_	none	_	_	_	_	_	_
296-25	BZ009	296	25	che	che	_	_	_	_	_	linguistic	_	none	_	_	_	_	_	_
296-26	BZ009	296	26	il	il	_	_	_	_	_	linguistic	_	none	_	_	_	_	_	_
296-27	BZ009	296	27	mio	mio	_	_	_	_	_	linguistic	_	none	_	_	_	_	_	_
296-28	BZ009	296	28	francese	francese	_	_	_	_	_	linguistic	_	none	_	_	_	_	_	_
296-29	BZ009	296	29	è	è	_	_	_	_	_	linguistic	_	none	_	_	_	_	_	_
296-30	BZ009	296	30	più,	più	_	_	_	_	_	linguistic	_	none	Intonation=WeaklyRising	End=1098.522	_	_	_	_
297-0	BZ009	297	0	da	da	_	_	_	_	_	linguistic	_	none	_	Begin=1098.792	_	_	_	_
297-1	BZ009	297	1	ascolto	ascolto	_	_	_	_	_	linguistic	_	none	_	_	_	_	_	_
297-2	BZ009	297	2	che	che	_	_	_	_	_	linguistic	_	none	_	_	_	_	_	_
297-3	BZ009	297	3	da,	da	_	_	_	_	_	linguistic	_	none	Intonation=WeaklyRising	End=1100.102	_	_	_	_
298-0	BZ001	298	0	okay.	okay	_	_	_	_	_	linguistic	_	none	Intonation=Falling	Begin=1100.102|End=1100.542	_	_	_	_
299-0	BZ009	299	0	parlato	parlato	_	_	_	_	_	linguistic	_	none	_	Begin=1100.647	_	_	_	_
299-1	BZ009	299	1	ecco:,	ecco	_	_	_	_	_	linguistic	_	none	Intonation=WeaklyRising	_	3x1	_	_	_
299-2	BZ009	299	2	ascolto	ascolto	_	_	_	_	_	linguistic	_	none	_	_	_	_	_	_
299-3	BZ009	299	3	e	e	_	_	_	_	_	linguistic	_	none	_	_	_	_	_	_
299-4	BZ009	299	4	comprensione	comprensione	_	_	_	_	_	linguistic	_	none	_	_	_	_	_	_
299-5	BZ009	299	5	posso	posso	_	_	_	_	_	linguistic	_	none	_	_	_	_	_	_
299-6	BZ009	299	6	dire	dire	_	_	_	_	_	linguistic	_	none	_	_	_	_	_	_
299-7	BZ009	299	7	di	di	_	_	_	_	_	linguistic	_	none	_	_	_	_	_	_
299-8	BZ009	299	8	comprenderlo	comprenderlo	_	_	_	_	_	linguistic	_	none	_	_	_	_	_	_
299-9	BZ009	299	9	quasi	quasi	_	_	_	_	_	linguistic	_	none	_	_	_	_	_	_
299-10	BZ009	299	10	bene.	bene	_	_	_	_	_	linguistic	_	none	Intonation=Falling	End=1105.357	_	_	_	_
300-0	BZ009	300	0	eh::	eh	_	_	_	_	_	linguistic	_	none	_	Begin=1106.157	1x2	_	_	_
300-1	BZ009	300	1	poi	poi	_	_	_	_	_	linguistic	_	none	_	_	_	_	_	_
300-2	BZ009	300	2	a	a	_	_	_	_	_	linguistic	_	none	_	_	_	_	_	_
300-3	BZ009	300	3	parigi	parigi	_	_	_	_	_	linguistic	_	none	_	_	_	_	_	_
300-4	BZ009	300	4	ripeto	ripeto	_	_	_	_	_	linguistic	_	none	_	_	_	_	_	_
300-5	BZ009	300	5	mi	mi	_	_	_	_	_	linguistic	_	none	_	_	_	_	_	_
300-6	BZ009	300	6	sono	sono	_	_	_	_	_	linguistic	_	none	_	_	_	_	_	_
300-7	BZ009	300	7	lanciato	lanciato	_	_	_	_	_	linguistic	_	none	_	_	_	_	_	_
300-8	BZ009	300	8	in	in	_	_	_	_	_	linguistic	_	none	_	_	_	_	_	_
300-9	BZ009	300	9	alcune,	alcune	_	_	_	_	_	linguistic	_	none	Intonation=WeaklyRising	End=1110.3	_	_	_	_
301-0	BZ001	301	0	h.	h	_	_	_	_	_	linguistic	_	none	Intonation=Falling	Begin=1110.117|End=1110.677	_	_	_	_
302-0	BZ009	302	0	però	però	_	_	_	_	_	linguistic	_	none	_	Begin=1110.782	_	_	_	_
302-1	BZ009	302	1	non	non	_	_	_	_	_	linguistic	_	none	_	_	_	_	_	_
302-2	BZ009	302	2	è	è	_	_	_	_	_	linguistic	_	none	_	_	_	_	_	_
302-3	BZ009	302	3	una	una	_	_	_	_	_	linguistic	_	none	_	_	_	_	_	_
302-4	BZ009	302	4	lingua	lingua	_	_	_	_	_	linguistic	_	none	_	_	_	_	_	_
302-5	BZ009	302	5	secondo	secondo	_	_	_	_	_	linguistic	_	none	_	_	_	_	_	_
302-6	BZ009	302	6	me,	me	_	_	_	_	_	linguistic	_	none	Intonation=WeaklyRising	_	_	_	_	_
302-7	BZ009	302	7	mh:	mh	_	_	_	_	_	linguistic	_	none	_	End=1113.262	1x1	_	_	_
303-0	BZ009	303	0	eh	eh	_	_	_	_	_	linguistic	_	none	_	Begin=1113.527	_	_	_	_
303-1	BZ009	303	1	che	che	_	_	_	_	_	linguistic	_	none	_	_	_	_	_	_
303-2	BZ009	303	2	mh:,	mh	_	_	_	_	_	linguistic	_	none	Intonation=WeaklyRising	End=1114.927	1x1	_	_	_
304-0	BZ009	304	0	si	si	_	_	_	_	_	linguistic	_	none	_	Begin=1115.172	_	_	_	_
304-1	BZ009	304	1	ha	ha	_	_	_	_	_	linguistic	_	none	_	_	_	_	_	_
304-2	BZ009	304	2	poi	poi	_	_	_	_	_	linguistic	_	none	_	_	_	_	_	_
304-3	BZ009	304	3	così	così	_	_	_	_	_	linguistic	_	none	_	_	_	_	_	_
304-4	BZ009	304	4	occasione	occasione	_	_	_	_	_	linguistic	_	none	_	_	_	_	_	_
304-5	BZ009	304	5	di,	di	_	_	_	_	_	linguistic	_	none	Intonation=WeaklyRising	End=1117.32	_	_	_	_
305-0	BZ009	305	0	utilizzare	utilizzare	_	_	_	_	_	linguistic	_	none	_	Begin=1117.627	_	_	_	_
305-1	BZ009	305	1	al	al	_	_	_	_	_	linguistic	_	none	_	_	_	_	_	_
305-2	BZ009	305	2	di	di	_	_	_	_	_	linguistic	_	none	_	_	_	_	_	_
305-3	BZ009	305	3	fuori	fuori	_	_	_	_	_	linguistic	_	none	_	_	_	_	_	_
305-4	BZ009	305	4	della	della	_	_	_	_	_	linguistic	_	none	_	_	_	_	_	_
305-5	BZ009	305	5	[francia].	francia	_	_	_	_	_	linguistic	_	none	Intonation=Falling	End=1119.457	_	_	_	0-7(49)
306-0	BZ001	306	0	[mh	mh	_	_	_	_	_	linguistic	_	none	ProsodicLink=Yes	Begin=1119.127	_	_	_	0-2(49)
306-1	BZ001	306	1	mh].	mh	_	_	_	_	_	linguistic	_	none	Intonation=Falling	End=1119.727	_	_	_	0-2(49)
307-0	BZ001	307	0	certo.	certo	_	_	_	_	_	linguistic	_	none	Intonation=Falling	Begin=1120.092|End=1120.67	_	_	_	_
308-0	BZ001	308	0	senti	senti	_	_	_	_	_	linguistic	_	none	_	Begin=1120.957	_	_	_	_
308-1	BZ001	308	1	allora	allora	_	_	_	_	_	linguistic	_	none	_	_	_	_	_	_
308-2	BZ001	308	2	mi	mi	_	_	_	_	_	linguistic	_	none	_	_	_	_	_	_
308-3	BZ001	308	3	hai	hai	_	_	_	_	_	linguistic	_	none	_	_	_	_	_	_
308-4	BZ001	308	4	detto	detto	_	_	_	_	_	linguistic	_	none	_	_	_	_	_	_
308-5	BZ001	308	5	tedesco,	tedesco	_	_	_	_	_	linguistic	_	none	Intonation=WeaklyRising	_	_	_	_	_
308-6	BZ001	308	6	inglese,	inglese	_	_	_	_	_	linguistic	_	none	Intonation=WeaklyRising	_	_	_	_	_
308-7	BZ001	308	7	francese,	francese	_	_	_	_	_	linguistic	_	none	Intonation=WeaklyRising	_	_	_	_	_
308-8	BZ001	308	8	italiano,	italiano	_	_	_	_	_	linguistic	_	none	Intonation=WeaklyRising|PauseAfter=Yes	_	_	_	_	_
308-9	BZ001	308	9	(.)	(.)	_	_	_	_	_	shortpause	_	none	_	_	_	_	_	_
308-10	BZ001	308	10	ci	ci	_	_	_	_	_	linguistic	_	none	_	_	_	_	_	_
308-11	BZ001	308	11	sono	sono	_	_	_	_	_	linguistic	_	none	_	_	_	_	_	_
308-12	BZ001	308	12	delle	delle	_	_	_	_	_	linguistic	_	none	_	_	_	_	_	_
308-13	BZ001	308	13	lingue	lingue	_	_	_	_	_	linguistic	_	none	_	_	_	_	_	_
308-14	BZ001	308	14	che	che	_	_	_	_	_	linguistic	_	none	_	_	_	_	_	_
308-15	BZ001	308	15	invece	invece	_	_	_	_	_	linguistic	_	none	_	_	_	_	_	_
308-16	BZ001	308	16	non	non	_	_	_	_	_	linguistic	_	none	_	_	_	_	_	_
308-17	BZ001	308	17	hai	hai	_	_	_	_	_	linguistic	_	none	_	_	_	_	_	_
308-18	BZ001	308	18	mai	mai	_	_	_	_	_	linguistic	_	none	_	_	_	_	_	_
308-19	BZ001	308	19	studiato,	studiato	_	_	_	_	_	linguistic	_	none	Intonation=WeaklyRising	_	_	_	_	_
308-20	BZ001	308	20	o	o	_	_	_	_	_	linguistic	_	none	_	_	_	_	_	_
308-21	BZ001	308	21	non	non	_	_	_	_	_	linguistic	_	none	_	_	_	_	_	_
308-22	BZ001	308	22	hai	hai	_	_	_	_	_	linguistic	_	none	_	_	_	_	_	_
308-23	BZ001	308	23	mai	mai	_	_	_	_	_	linguistic	_	none	_	_	_	_	_	_
308-24	BZ001	308	24	avuto	avuto	_	_	_	_	_	linguistic	_	none	_	_	_	_	_	_
308-25	BZ001	308	25	contatto,	contatto	_	_	_	_	_	linguistic	_	none	Intonation=WeaklyRising	_	_	_	_	_
308-26	BZ001	308	26	e	e	_	_	_	_	_	linguistic	_	none	_	_	_	_	_	_
308-27	BZ001	308	27	che	che	_	_	_	_	_	linguistic	_	none	_	_	_	_	_	_
308-28	BZ001	308	28	ti	ti	_	_	_	_	_	linguistic	_	none	_	_	_	_	_	_
308-29	BZ001	308	29	piacerebbe	piacerebbe	_	_	_	_	_	linguistic	_	none	_	_	_	_	_	_
308-30	BZ001	308	30	però	però	_	_	_	_	_	linguistic	_	none	_	_	_	_	_	_
308-31	BZ001	308	31	imparare?	imparare	_	_	_	_	_	linguistic	_	none	Intonation=Rising	End=1130.66	_	_	_	_
309-0	BZ009	309	0	allora,	allora	_	_	_	_	_	linguistic	_	none	Intonation=WeaklyRising	Begin=1130.917|End=1131.797	_	_	_	_
310-0	BZ009	310	0	altre	altre	_	_	_	_	_	linguistic	_	none	_	Begin=1132.342	_	_	_	_
310-1	BZ009	310	1	lingue,	lingue	_	_	_	_	_	linguistic	_	none	Intonation=WeaklyRising|PauseAfter=Yes	_	_	_	_	_
310-2	BZ009	310	2	(.)	(.)	_	_	_	_	_	shortpause	_	none	_	_	_	_	_	_
310-3	BZ009	310	3	che	che	_	_	_	_	_	linguistic	_	none	_	_	_	_	_	_
310-4	BZ009	310	4	però	però	_	_	_	_	_	linguistic	_	none	_	_	_	_	_	_
310-5	BZ009	310	5	non	non	_	_	_	_	_	linguistic	_	none	_	_	_	_	_	_
310-6	BZ009	310	6	sono	sono	_	_	_	_	_	linguistic	_	none	_	_	_	_	_	_
310-7	BZ009	310	7	diciamo	diciamo	_	_	_	_	_	linguistic	_	none	_	_	_	_	_	_
310-8	BZ009	310	8	di	di	_	_	_	_	_	linguistic	_	none	_	_	_	_	_	_
310-9	BZ009	310	9	uso	uso	_	_	_	_	_	linguistic	_	none	_	_	_	_	_	_
310-10	BZ009	310	10	corrente,	corrente	_	_	_	_	_	linguistic	_	none	Intonation=WeaklyRising	_	_	_	_	_
310-11	BZ009	310	11	greco	greco	_	_	_	_	_	linguistic	_	none	_	_	_	_	_	_
310-12	BZ009	310	12	antico	antico	_	_	_	_	_	linguistic	_	none	_	_	_	_	_	_
310-13	BZ009	310	13	e	e	_	_	_	_	_	linguistic	_	none	_	_	_	_	_	_
310-14	BZ009	310	14	latino	latino	_	_	_	_	_	linguistic	_	none	_	_	_	_	_	_
310-15	BZ009	310	15	che	che	_	_	_	_	_	linguistic	_	none	_	_	_	_	_	_
310-16	BZ009	310	16	ho	ho	_	_	_	_	_	linguistic	_	none	_	_	_	_	_	_
310-17	BZ009	310	17	studiato	studiato	_	_	_	_	_	linguistic	_	none	_	_	_	_	_	_
310-18	BZ009	310	18	a	a	_	_	_	_	_	linguistic	_	none	_	_	_	_	_	_
310-19	BZ009	310	19	scuola,	scuola	_	_	_	_	_	linguistic	_	none	Intonation=WeaklyRising	_	_	_	_	_
310-20	BZ009	310	20	però,	però	_	_	_	_	_	linguistic	_	none	Intonation=WeaklyRising	End=1138.77	_	_	_	_
311-0	BZ001	311	0	[okay,	okay	_	_	_	_	_	linguistic	_	none	Intonation=WeaklyRising|PauseAfter=Yes	Begin=1138.772	_	_	_	0-4(50)
311-1	BZ001	311	1	(.)	(.)	_	_	_	_	_	shortpause	_	none	_	_	_	_	_	_
311-2	BZ001	311	2	hai	hai	_	_	_	_	_	linguistic	_	none	_	_	_	_	_	0-3(50)
311-3	BZ001	311	3	fatto	fatto	_	_	_	_	_	linguistic	_	none	_	_	_	_	_	0-5(50)
311-4	BZ001	311	4	il	il	_	_	_	_	_	linguistic	_	none	_	_	_	_	_	0-2(50)
311-5	BZ001	311	5	classico],	classico	_	_	_	_	_	linguistic	_	none	Intonation=WeaklyRising	End=1140.292	_	_	_	0-8(50)
312-0	BZ009	312	0	[era	era	_	_	_	_	_	linguistic	_	none	_	Begin=1139.167	_	_	_	0-3(50)
312-1	BZ009	312	1	giusto	giusto	_	_	_	_	_	linguistic	_	none	PauseAfter=Yes	_	_	_	_	0-6(50)
312-2	BZ009	312	2	(.)]	(.)	_	_	_	_	_	shortpause	_	none	_	_	_	_	_	_
312-3	BZ009	312	3	era	era	_	_	_	_	_	linguistic	_	none	_	_	_	_	_	_
312-4	BZ009	312	4	giusto	giusto	_	_	_	_	_	linguistic	_	none	_	_	_	_	_	_
312-5	BZ009	312	5	dirlo	dirlo	_	_	_	_	_	linguistic	_	none	_	_	_	_	_	_
312-6	BZ009	312	6	perché	perché	_	_	_	_	_	linguistic	_	none	_	_	_	_	_	_
312-7	BZ009	312	7	ho	ho	_	_	_	_	_	linguistic	_	none	_	_	_	_	_	_
312-8	BZ009	312	8	fatto	fatto	_	_	_	_	_	linguistic	_	none	_	_	_	_	_	_
312-9	BZ009	312	9	il	il	_	_	_	_	_	linguistic	_	none	_	_	_	_	_	_
312-10	BZ009	312	10	classico,	classico	_	_	_	_	_	linguistic	_	none	Intonation=WeaklyRising|PauseAfter=Yes	_	_	_	_	_
312-11	BZ009	312	11	(.)	(.)	_	_	_	_	_	shortpause	_	none	_	_	_	_	_	_
312-12	BZ009	312	12	e	e	_	_	_	_	_	linguistic	_	none	_	_	_	_	_	_
312-13	BZ009	312	13	qualcosa	qualcosa	_	_	_	_	_	linguistic	_	none	_	_	_	_	_	_
312-14	BZ009	312	14	di	di	_	_	_	_	_	linguistic	_	none	_	_	_	_	_	_
312-15	BZ009	312	15	greco	greco	_	_	_	_	_	linguistic	_	none	_	_	_	_	_	_
312-16	BZ009	312	16	ancora	ancora	_	_	_	_	_	linguistic	_	none	_	_	_	_	_	_
312-17	BZ009	312	17	ricordo,	ricordo	_	_	_	_	_	linguistic	_	none	Intonation=WeaklyRising	End=1144.75	_	_	_	_
313-0	BZ001	313	0	mh	mh	_	_	_	_	_	linguistic	_	none	ProsodicLink=Yes	Begin=1144.767	_	_	_	_
313-1	BZ001	313	1	mh,	mh	_	_	_	_	_	linguistic	_	none	Intonation=WeaklyRising	End=1145.207	_	_	_	_
314-0	BZ009	314	0	eh::	eh	_	_	_	_	_	linguistic	_	none	_	Begin=1145.282	1x2	_	_	_
314-1	BZ009	314	1	lingue	lingue	_	_	_	_	_	linguistic	_	none	_	_	_	_	_	_
314-2	BZ009	314	2	che	che	_	_	_	_	_	linguistic	_	none	_	_	_	_	_	_
314-3	BZ009	314	3	non	non	_	_	_	_	_	linguistic	_	none	_	_	_	_	_	_
314-4	BZ009	314	4	ho	ho	_	_	_	_	_	linguistic	_	none	_	_	_	_	_	_
314-5	BZ009	314	5	mai	mai	_	_	_	_	_	linguistic	_	none	_	_	_	_	_	_
314-6	BZ009	314	6	invece	invece	_	_	_	_	_	linguistic	_	none	_	_	_	_	_	_
314-7	BZ009	314	7	approcciato	approcciato	_	_	_	_	_	linguistic	_	none	_	_	_	_	_	_
314-8	BZ009	314	8	e	e	_	_	_	_	_	linguistic	_	none	_	_	_	_	_	_
314-9	BZ009	314	9	mi	mi	_	_	_	_	_	linguistic	_	none	_	_	_	_	_	_
314-10	BZ009	314	10	piacerebbe	piacerebbe	_	_	_	_	_	linguistic	_	none	_	_	_	_	_	_
314-11	BZ009	314	11	approcciare	approcciare	_	_	_	_	_	linguistic	_	none	_	_	_	_	_	_
314-12	BZ009	314	12	sono	sono	_	_	_	_	_	linguistic	_	none	_	_	_	_	_	_
314-13	BZ009	314	13	>quelle	quelle	_	_	_	_	_	linguistic	_	none	_	_	_	Fast=0-6(0)	_	_
314-14	BZ009	314	14	tutte	tutte	_	_	_	_	_	linguistic	_	none	_	_	_	Fast=0-5(0)	_	_
314-15	BZ009	314	15	le	le	_	_	_	_	_	linguistic	_	none	_	_	_	Fast=0-2(0)	_	_
314-16	BZ009	314	16	orientali<.	orientali	_	_	_	_	_	linguistic	_	none	Intonation=Falling	End=1151.122	_	Fast=0-9(0)	_	_
315-0	BZ001	315	0	ah	ah	_	_	_	_	_	linguistic	_	none	_	Begin=1151.377	_	_	_	_
315-1	BZ001	315	1	okay.	okay	_	_	_	_	_	linguistic	_	none	Intonation=Falling	End=1151.9895000000001	_	_	_	_
316-0	BZ009	316	0	che	che	_	_	_	_	_	linguistic	_	none	_	Begin=1151.9895000000001	_	_	_	_
316-1	BZ009	316	1	non	non	_	_	_	_	_	linguistic	_	none	_	_	_	_	_	_
316-2	BZ009	316	2	ho	ho	_	_	_	_	_	linguistic	_	none	_	_	_	_	_	_
316-3	BZ009	316	3	proprio	proprio	_	_	_	_	_	linguistic	_	none	_	_	_	_	_	_
316-4	BZ009	316	4	mai	mai	_	_	_	_	_	linguistic	_	none	_	_	_	_	_	_
316-5	BZ009	316	5	al	al	_	_	_	_	_	linguistic	_	none	_	_	_	_	_	_
316-6	BZ009	316	6	di	di	_	_	_	_	_	linguistic	_	none	_	_	_	_	_	_
316-7	BZ009	316	7	là	là	_	_	_	_	_	linguistic	_	none	_	_	_	_	_	_
316-8	BZ009	316	8	di	di	_	_	_	_	_	linguistic	_	none	_	_	_	_	_	_
316-9	BZ009	316	9	avere	avere	_	_	_	_	_	linguistic	_	none	_	_	_	_	_	_
316-10	BZ009	316	10	un	un	_	_	_	_	_	linguistic	_	none	_	_	_	_	_	_
316-11	BZ009	316	11	tatuaggio,	tatuaggio	_	_	_	_	_	linguistic	_	none	Intonation=WeaklyRising	End=1155.392	_	_	_	_
317-0	BZ009	317	0	perché	perché	_	_	_	_	_	linguistic	_	none	_	Begin=1155.862	_	_	_	_
317-1	BZ009	317	1	la	la	_	_	_	_	_	linguistic	_	none	_	_	_	_	_	_
317-2	BZ009	317	2	mia	mia	_	_	_	_	_	linguistic	_	none	_	_	_	_	_	_
317-3	BZ009	317	3	ex	ex	_	_	_	_	_	linguistic	_	none	_	_	_	_	_	_
317-4	BZ009	317	4	fidanzata	fidanzata	_	_	_	_	_	linguistic	_	none	_	_	_	_	_	_
317-5	BZ009	317	5	studiava	studiava	_	_	_	_	_	linguistic	_	none	_	_	_	_	_	_
317-6	BZ009	317	6	cinese,	cinese	_	_	_	_	_	linguistic	_	none	Intonation=WeaklyRising	End=1158.302	_	_	_	_
318-0	BZ001	318	0	ok[ay],	okay	_	_	_	_	_	linguistic	_	none	Intonation=WeaklyRising	Begin=1158.487|End=1158.947	_	_	_	2-4(51)
319-0	BZ009	319	0	[e:]:	e	_	_	_	_	_	linguistic	_	none	_	Begin=1158.812	0x2	_	_	0-1(51)
319-1	BZ009	319	1	il	il	_	_	_	_	_	linguistic	_	none	_	_	_	_	_	_
319-2	BZ009	319	2	mio	mio	_	_	_	_	_	linguistic	_	none	_	_	_	_	_	_
319-3	BZ009	319	3	primo	primo	_	_	_	_	_	linguistic	_	none	_	_	_	_	_	_
319-4	BZ009	319	4	tatuaggio	tatuaggio	_	_	_	_	_	linguistic	_	none	_	_	_	_	_	_
319-5	BZ009	319	5	tra	tra	_	_	_	_	_	linguistic	_	none	_	_	_	_	_	_
319-6	BZ009	319	6	l'	l'	_	_	_	_	_	linguistic	_	none	SpaceAfter=No	_	_	_	_	_
319-7	BZ009	319	7	al[tro,	altro	_	_	_	_	_	linguistic	_	none	Intonation=WeaklyRising	_	_	_	_	1-5(52)
319-8	BZ009	319	8	par]liamo	parliamo	_	_	_	_	_	linguistic	_	none	_	_	_	_	_	0-3(52)
319-9	BZ009	319	9	ormai	ormai	_	_	_	_	_	linguistic	_	none	_	_	_	_	_	_
319-10	BZ009	319	10	di	di	_	_	_	_	_	linguistic	_	none	_	_	_	_	_	_
319-11	BZ009	319	11	[vent'	vent'	_	_	_	_	_	linguistic	_	none	SpaceAfter=No	_	_	_	_	0-5(53)
319-12	BZ009	319	12	anni	anni	_	_	_	_	_	linguistic	_	none	_	_	_	_	_	0-4(53)
319-13	BZ009	319	13	fa],	fa	_	_	_	_	_	linguistic	_	none	Intonation=WeaklyRising	End=1163.942	_	_	_	0-1(53)
320-0	BZ001	320	0	[ah].	ah	_	_	_	_	_	linguistic	_	none	Intonation=Falling	Begin=1162.012|End=1162.602	_	_	_	0-2(52)
321-0	BZ001	321	0	[((ride))]	((ride))	_	_	_	_	_	nonverbalbehavior	_	none	_	Begin=1163.252|End=1163.872	_	_	_	0-4(53)
322-0	BZ009	322	0	eh::	eh	_	_	_	_	_	linguistic	_	none	_	Begin=1164.297	1x2	_	_	_
322-1	BZ009	322	1	non	non	_	_	_	_	_	linguistic	_	none	_	_	_	_	_	_
322-2	BZ009	322	2	ho	ho	_	_	_	_	_	linguistic	_	none	_	_	_	_	_	_
322-3	BZ009	322	3	mai	mai	_	_	_	_	_	linguistic	_	none	_	_	_	_	_	_
322-4	BZ009	322	4	approcciato	approcciato	_	_	_	_	_	linguistic	_	none	_	_	_	_	_	_
322-5	BZ009	322	5	con	con	_	_	_	_	_	linguistic	_	none	_	_	_	_	_	_
322-6	BZ009	322	6	lingue	lingue	_	_	_	_	_	linguistic	_	none	_	_	_	_	_	_
322-7	BZ009	322	7	con	con	_	_	_	_	_	linguistic	_	none	_	_	_	_	_	_
322-8	BZ009	322	8	le	le	_	_	_	_	_	linguistic	_	none	_	_	_	_	_	_
322-9	BZ009	322	9	lingue	lingue	_	_	_	_	_	linguistic	_	none	_	_	_	_	_	_
322-10	BZ009	322	10	orientali.	orientali	_	_	_	_	_	linguistic	_	none	Intonation=Falling	End=1168.427	_	_	_	_
323-0	BZ001	323	0	okay.	okay	_	_	_	_	_	linguistic	_	none	Intonation=Falling	Begin=1168.207	_	_	_	_
323-1	BZ001	323	1	e	e	_	_	_	_	_	linguistic	_	none	_	_	_	_	_	_
323-2	BZ001	323	2	sei	sei	_	_	_	_	_	linguistic	_	none	_	_	_	_	_	_
323-3	BZ001	323	3	stato	stato	_	_	_	_	_	linguistic	_	none	_	_	_	_	_	_
323-4	BZ001	323	4	invece	invece	_	_	_	_	_	linguistic	_	none	_	_	_	_	_	_
323-5	BZ001	323	5	in	in	_	_	_	_	_	linguistic	_	none	_	_	_	_	_	_
323-6	BZ001	323	6	asia?	asia	_	_	_	_	_	linguistic	_	none	Intonation=Rising	_	_	_	_	_
323-7	BZ001	323	7	in	in	_	_	_	_	_	linguistic	_	none	_	_	_	_	_	_
323-8	BZ001	323	8	viaggio?	viaggio	_	_	_	_	_	linguistic	_	none	Intonation=Rising	End=1170.98	_	_	_	_
324-0	BZ009	324	0	no.	no	_	_	_	_	_	linguistic	_	none	Intonation=Falling|PauseAfter=Yes	Begin=1170.962	_	_	_	_
324-1	BZ009	324	1	(.)	(.)	_	_	_	_	_	shortpause	_	none	_	_	_	_	_	_
324-2	BZ009	324	2	[non	non	_	_	_	_	_	linguistic	_	none	_	_	_	_	_	0-3(56)
324-3	BZ009	324	3	sono:]	sono	_	_	_	_	_	linguistic	_	none	_	_	3x1	_	_	0-4(56)
324-4	BZ009	324	4	allora	allora	_	_	_	_	_	linguistic	_	none	_	_	_	_	_	_
324-5	BZ009	324	5	la	la	_	_	_	_	_	linguistic	_	none	_	_	_	_	_	_
324-6	BZ009	324	6	parte	parte	_	_	_	_	_	linguistic	_	none	_	_	_	_	_	_
324-7	BZ009	324	7	<se	se	_	_	_	_	_	linguistic	_	none	_	_	_	Slow=0-2(0)	_	_
324-8	BZ009	324	8	così	così	_	_	_	_	_	linguistic	_	none	_	_	_	Slow=0-4(0)	_	_
324-9	BZ009	324	9	si	si	_	_	_	_	_	linguistic	_	none	_	_	_	Slow=0-2(0)	_	_
324-10	BZ009	324	10	può	può	_	_	_	_	_	linguistic	_	none	_	_	_	Slow=0-3(0)	_	_
324-11	BZ009	324	11	chiamare	chiamare	_	_	_	_	_	linguistic	_	none	_	_	_	Slow=0-8(0)	_	_
324-12	BZ009	324	12	più	più	_	_	_	_	_	linguistic	_	none	_	_	_	Slow=0-3(0)	_	_
324-13	BZ009	324	13	asiatica	asiatica	_	_	_	_	_	linguistic	_	none	_	_	_	Slow=0-8(0)	_	_
324-14	BZ009	324	14	che	che	_	_	_	_	_	linguistic	_	none	_	_	_	Slow=0-3(0)	_	_
324-15	BZ009	324	15	ho	ho	_	_	_	_	_	linguistic	_	none	_	_	_	Slow=0-2(0)	_	_
324-16	BZ009	324	16	visto>	visto	_	_	_	_	_	linguistic	_	none	_	_	_	Slow=0-5(0)	_	_
324-17	BZ009	324	17	è	è	_	_	_	_	_	linguistic	_	none	_	_	_	_	_	_
324-18	BZ009	324	18	la	la	_	_	_	_	_	linguistic	_	none	_	_	_	_	_	_
324-19	BZ009	324	19	turchia	turchia	_	_	_	_	_	linguistic	_	none	_	_	_	_	_	_
324-20	BZ009	324	20	[diciamo	diciamo	_	_	_	_	_	linguistic	_	none	_	_	_	_	_	0-7(57)
324-21	BZ009	324	21	e	e	_	_	_	_	_	linguistic	_	none	_	_	_	_	_	0-1(57)
324-22	BZ009	324	22	quindi],	quindi	_	_	_	_	_	linguistic	_	none	Intonation=WeaklyRising	End=1178.502	_	_	_	0-6(57)
325-0	BZ001	325	0	[okay].	okay	_	_	_	_	_	linguistic	_	none	Intonation=Falling	Begin=1171.537|End=1172.247	_	_	_	0-4(56)
326-0	BZ001	326	0	[okay],	okay	_	_	_	_	_	linguistic	_	none	Intonation=WeaklyRising	Begin=1177.637|End=1178.307	_	_	_	0-4(57)
327-0	BZ009	327	0	ma	ma	_	_	_	_	_	linguistic	_	none	_	Begin=1178.917	_	_	_	_
327-1	BZ009	327	1	non	non	_	_	_	_	_	linguistic	_	none	_	_	_	_	_	_
327-2	BZ009	327	2	sono,	sono	_	_	_	_	_	linguistic	_	none	Intonation=WeaklyRising|PauseAfter=Yes	_	_	_	_	_
327-3	BZ009	327	3	(.)	(.)	_	_	_	_	_	shortpause	_	none	_	_	_	_	_	_
327-4	BZ009	327	4	dovevo	dovevo	_	_	_	_	_	linguistic	_	none	_	_	_	_	_	_
327-5	BZ009	327	5	andare,	andare	_	_	_	_	_	linguistic	_	none	Intonation=WeaklyRising	End=1181.217	_	_	_	_
328-0	BZ009	328	0	e	e	_	_	_	_	_	linguistic	_	none	_	Begin=1181.772	_	_	_	_
328-1	BZ009	328	1	sarebbe	sarebbe	_	_	_	_	_	linguistic	_	none	_	_	_	_	_	_
328-2	BZ009	328	2	stato	stato	_	_	_	_	_	linguistic	_	none	_	_	_	_	_	_
328-3	BZ009	328	3	il	il	_	_	_	_	_	linguistic	_	none	_	_	_	_	_	_
328-4	BZ009	328	4	primo	primo	_	_	_	_	_	linguistic	_	none	_	_	_	_	_	_
328-5	BZ009	328	5	viaggio,	viaggio	_	_	_	_	_	linguistic	_	none	Intonation=WeaklyRising	_	_	_	_	_
328-6	BZ009	328	6	in	in	_	_	_	_	_	linguistic	_	none	_	_	_	_	_	_
328-7	BZ009	328	7	indonesia,	indonesia	_	_	_	_	_	linguistic	_	none	Intonation=WeaklyRising	End=1185.13	_	_	_	_
329-0	BZ009	329	0	ma	ma	_	_	_	_	_	linguistic	_	none	_	Begin=1185.342	_	_	_	_
329-1	BZ009	329	1	eh:	eh	_	_	_	_	_	linguistic	_	none	_	_	1x1	_	_	_
329-2	BZ009	329	2	l'	l'	_	_	_	_	_	linguistic	_	none	SpaceAfter=No	_	_	_	_	_
329-3	BZ009	329	3	anno	anno	_	_	_	_	_	linguistic	_	none	_	_	_	_	_	_
329-4	BZ009	329	4	era	era	_	_	_	_	_	linguistic	_	none	_	_	_	_	_	_
329-5	BZ009	329	5	il	il	_	_	_	_	_	linguistic	_	none	_	_	_	_	_	_
329-6	BZ009	329	6	duemila	duemila	_	_	_	_	_	linguistic	_	none	_	_	_	_	_	_
329-7	BZ009	329	7	e	e	_	_	_	_	_	linguistic	_	none	_	_	_	_	_	_
329-8	BZ009	329	8	venti	venti	_	_	_	_	_	linguistic	_	none	_	_	_	_	_	_
329-9	BZ009	329	9	e	e	_	_	_	_	_	linguistic	_	none	_	_	_	_	_	_
329-10	BZ009	329	10	quindi:	quindi	_	_	_	_	_	linguistic	_	none	_	End=1188.212	5x1	_	_	_
330-0	BZ001	330	0	e	e	_	_	_	_	_	linguistic	_	none	_	Begin=1188.552	_	_	_	_
330-1	BZ001	330	1	quindi,	quindi	_	_	_	_	_	linguistic	_	none	Intonation=WeaklyRising	_	_	_	_	_
330-2	BZ001	330	2	((ride))	((ride))	_	_	_	_	_	nonverbalbehavior	_	none	_	End=1189.392	_	_	_	_
331-0	BZ009	331	0	e	e	_	_	_	_	_	linguistic	_	none	_	Begin=1189.157	_	_	_	_
331-1	BZ009	331	1	quindi	quindi	_	_	_	_	_	linguistic	_	none	_	_	_	_	_	_
331-2	BZ009	331	2	eh:	eh	_	_	_	_	_	linguistic	_	none	_	_	1x1	_	_	_
331-3	BZ009	331	3	l'	l'	_	_	_	_	_	linguistic	_	none	SpaceAfter=No	_	_	_	_	_
331-4	BZ009	331	4	indonesia	indonesia	_	_	_	_	_	linguistic	_	none	_	_	_	_	_	_
331-5	BZ009	331	5	rimane:,	rimane	_	_	_	_	_	linguistic	_	none	Intonation=WeaklyRising	End=1191.417	5x1	_	_	_
332-0	BZ009	332	0	rimarrà	rimarrà	_	_	_	_	_	linguistic	_	none	_	Begin=1191.992	_	_	_	_
332-1	BZ009	332	1	nei	nei	_	_	_	_	_	linguistic	_	none	_	_	_	_	_	_
332-2	BZ009	332	2	prossimi	prossimi	_	_	_	_	_	linguistic	_	none	_	_	_	_	_	_
332-3	BZ009	332	3	anni	anni	_	_	_	_	_	linguistic	_	none	_	_	_	_	_	_
332-4	BZ009	332	4	sperando	sperando	_	_	_	_	_	linguistic	_	none	_	_	_	_	_	_
332-5	BZ009	332	5	che	che	_	_	_	_	_	linguistic	_	none	_	_	_	_	_	_
332-6	BZ009	332	6	[qualcosa	qualcosa	_	_	_	_	_	linguistic	_	none	_	_	_	_	_	0-8(59)
332-7	BZ009	332	7	insomma]	insomma	_	_	_	_	_	linguistic	_	none	_	_	_	_	_	0-7(59)
332-8	BZ009	332	8	(poi)	poi	_	_	_	_	_	linguistic	_	none	_	_	_	_	0-3(0)	_
332-9	BZ009	332	9	si	si	_	_	_	_	_	linguistic	_	none	_	_	_	_	_	_
332-10	BZ009	332	10	ca-	ca-	_	_	_	_	_	linguistic	_	none	Interrupted=Yes	_	_	_	_	_
332-11	BZ009	332	11	cambi	cambi	_	_	_	_	_	linguistic	_	none	_	_	_	_	_	_
332-12	BZ009	332	12	ecco.	ecco	_	_	_	_	_	linguistic	_	none	Intonation=Falling	End=1196.152	_	_	_	_
333-0	BZ001	333	0	[eh	eh	_	_	_	_	_	linguistic	_	none	_	Begin=1194.017	_	_	_	0-2(59)
333-1	BZ001	333	1	sì].	sì	_	_	_	_	_	linguistic	_	none	Intonation=Falling	End=1194.677	_	_	_	0-2(59)
334-0	BZ001	334	0	e	e	_	_	_	_	_	linguistic	_	none	_	Begin=1196.322	_	_	_	_
334-1	BZ001	334	1	una	una	_	_	_	_	_	linguistic	_	none	_	_	_	_	_	_
334-2	BZ001	334	2	curiosità	curiosità	_	_	_	_	_	linguistic	_	none	_	_	_	_	_	_
334-3	BZ001	334	3	se	se	_	_	_	_	_	linguistic	_	none	_	_	_	_	_	_
334-4	BZ001	334	4	dovessi,	dovessi	_	_	_	_	_	linguistic	_	none	Intonation=WeaklyRising|PauseAfter=Yes	_	_	_	_	_
334-5	BZ001	334	5	(.)	(.)	_	_	_	_	_	shortpause	_	none	_	_	_	_	_	_
334-6	BZ001	334	6	impa-	impa-	_	_	_	_	_	linguistic	_	none	Interrupted=Yes	_	_	_	_	_
334-7	BZ001	334	7	decidere	decidere	_	_	_	_	_	linguistic	_	none	_	_	_	_	_	_
334-8	BZ001	334	8	di	di	_	_	_	_	_	linguistic	_	none	_	_	_	_	_	_
334-9	BZ001	334	9	voler	voler	_	_	_	_	_	linguistic	_	none	_	_	_	_	_	_
334-10	BZ001	334	10	imparare	imparare	_	_	_	_	_	linguistic	_	none	_	_	_	_	_	_
334-11	BZ001	334	11	una	una	_	_	_	_	_	linguistic	_	none	_	_	_	_	_	_
334-12	BZ001	334	12	di	di	_	_	_	_	_	linguistic	_	none	_	_	_	_	_	_
334-13	BZ001	334	13	queste	queste	_	_	_	_	_	linguistic	_	none	_	_	_	_	_	_
334-14	BZ001	334	14	lingue,	lingue	_	_	_	_	_	linguistic	_	none	Intonation=WeaklyRising	_	_	_	_	_
334-15	BZ001	334	15	oggi	oggi	_	_	_	_	_	linguistic	_	none	_	_	_	_	_	_
334-16	BZ001	334	16	senza	senza	_	_	_	_	_	linguistic	_	none	_	_	_	_	_	_
334-17	BZ001	334	17	averla	averla	_	_	_	_	_	linguistic	_	none	_	_	_	_	_	_
334-18	BZ001	334	18	mai	mai	_	_	_	_	_	linguistic	_	none	_	_	_	_	_	_
334-19	BZ001	334	19	parlata,	parlata	_	_	_	_	_	linguistic	_	none	Intonation=WeaklyRising|PauseAfter=Yes	_	_	_	_	_
334-20	BZ001	334	20	(.)	(.)	_	_	_	_	_	shortpause	_	none	_	_	_	_	_	_
334-21	BZ001	334	21	come	come	_	_	_	_	_	linguistic	_	none	_	_	_	_	_	_
334-22	BZ001	334	22	cominceresti?	cominceresti	_	_	_	_	_	linguistic	_	none	Intonation=Rising	End=1203.81	_	_	_	_
335-0	BZ001	335	0	<un	un	_	_	_	_	_	linguistic	_	none	_	Begin=1204.387	_	Slow=0-2(0)	_	_
335-1	BZ001	335	1	corso,	corso	_	_	_	_	_	linguistic	_	none	Intonation=WeaklyRising	_	_	Slow=0-5(0)	_	_
335-2	BZ001	335	2	un	un	_	_	_	_	_	linguistic	_	none	_	_	_	Slow=0-2(0)	_	_
335-3	BZ001	335	3	libro,	libro	_	_	_	_	_	linguistic	_	none	Intonation=WeaklyRising	_	_	Slow=0-5(0)	_	_
335-4	BZ001	335	4	youtube,	youtube	_	_	_	_	_	linguistic	_	none	Intonation=WeaklyRising	_	_	Slow=0-7(0)	_	_
335-5	BZ001	335	5	un	un	_	_	_	_	_	linguistic	_	none	_	_	_	Slow=0-2(0)	_	_
335-6	BZ001	335	6	viaggio>,	viaggio	_	_	_	_	_	linguistic	_	none	Intonation=WeaklyRising	End=1207.84	_	Slow=0-7(0)	_	_
336-0	BZ009	336	0	no	no	_	_	_	_	_	linguistic	_	none	_	Begin=1207.742	_	_	_	_
336-1	BZ009	336	1	un	un	_	_	_	_	_	linguistic	_	none	_	_	_	_	_	_
336-2	BZ009	336	2	corso.	corso	_	_	_	_	_	linguistic	_	none	Intonation=Falling	_	_	_	_	_
336-3	BZ009	336	3	[perché	perché	_	_	_	_	_	linguistic	_	none	_	_	_	_	_	0-6(61)
336-4	BZ009	336	4	penso]	penso	_	_	_	_	_	linguistic	_	none	_	_	_	_	_	0-5(61)
336-5	BZ009	336	5	che	che	_	_	_	_	_	linguistic	_	none	_	_	_	_	_	_
336-6	BZ009	336	6	l-	l-	_	_	_	_	_	linguistic	_	none	Interrupted=Yes	_	_	_	_	_
336-7	BZ009	336	7	ehm:,	ehm	_	_	_	_	_	linguistic	_	none	Intonation=WeaklyRising	End=1211.052	2x1	_	_	_
337-0	BZ001	337	0	[okay].	okay	_	_	_	_	_	linguistic	_	none	Intonation=Falling	Begin=1208.842|End=1209.312	_	_	_	0-4(61)
338-0	BZ009	338	0	diciamo	diciamo	_	_	_	_	_	linguistic	_	none	_	Begin=1211.442	_	_	_	_
338-1	BZ009	338	1	la	la	_	_	_	_	_	linguistic	_	none	_	_	_	_	_	_
338-2	BZ009	338	2	pro-	pro-	_	_	_	_	_	linguistic	_	none	Interrupted=Yes	_	_	_	_	_
338-3	BZ009	338	3	per	per	_	_	_	_	_	linguistic	_	none	_	_	_	_	_	_
338-4	BZ009	338	4	quanto	quanto	_	_	_	_	_	linguistic	_	none	_	_	_	_	_	_
338-5	BZ009	338	5	youtube,	youtube	_	_	_	_	_	linguistic	_	none	Intonation=WeaklyRising	_	_	_	_	_
338-6	BZ009	338	6	i	i	_	_	_	_	_	linguistic	_	none	_	_	_	_	_	_
338-7	BZ009	338	7	libri,	libri	_	_	_	_	_	linguistic	_	none	Intonation=WeaklyRising	_	_	_	_	_
338-8	BZ009	338	8	e	e	_	_	_	_	_	linguistic	_	none	_	_	_	_	_	_
338-9	BZ009	338	9	tutto,	tutto	_	_	_	_	_	linguistic	_	none	Intonation=WeaklyRising	_	_	_	_	_
338-10	BZ009	338	10	però	però	_	_	_	_	_	linguistic	_	none	_	_	_	_	_	_
338-11	BZ009	338	11	l'	l'	_	_	_	_	_	linguistic	_	none	SpaceAfter=No	_	_	_	_	_
338-12	BZ009	338	12	approccio,	approccio	_	_	_	_	_	linguistic	_	none	Intonation=WeaklyRising|PauseAfter=Yes	_	_	_	_	_
338-13	BZ009	338	13	(.)	(.)	_	_	_	_	_	shortpause	_	none	_	_	_	_	_	_
338-14	BZ009	338	14	eh:	eh	_	_	_	_	_	linguistic	_	none	_	_	1x1	_	_	_
338-15	BZ009	338	15	m-	m-	_	_	_	_	_	linguistic	_	none	Interrupted=Yes	End=1216.84	_	_	_	_
339-0	BZ009	339	0	persona,	persona	_	_	_	_	_	linguistic	_	none	Intonation=WeaklyRising	Begin=1217.282	_	_	_	_
339-1	BZ009	339	1	faccia	faccia	_	_	_	_	_	linguistic	_	none	_	_	_	_	_	_
339-2	BZ009	339	2	a	a	_	_	_	_	_	linguistic	_	none	_	_	_	_	_	_
339-3	BZ009	339	3	faccia	faccia	_	_	_	_	_	linguistic	_	none	_	_	_	_	_	_
339-4	BZ009	339	4	sia	sia	_	_	_	_	_	linguistic	_	none	_	End=1219.762	_	_	_	_
340-0	BZ001	340	0	mh	mh	_	_	_	_	_	linguistic	_	none	ProsodicLink=Yes	Begin=1219.517	_	_	_	_
340-1	BZ001	340	1	mh,	mh	_	_	_	_	_	linguistic	_	none	Intonation=WeaklyRising	End=1219.987	_	_	_	_
341-0	BZ009	341	0	vincente	vincente	_	_	_	_	_	linguistic	_	none	_	Begin=1219.987	_	_	_	_
341-1	BZ009	341	1	ancora.	ancora	_	_	_	_	_	linguistic	_	none	Intonation=Falling	End=1221.252	_	_	_	_
342-0	BZ001	342	0	okay.	okay	_	_	_	_	_	linguistic	_	none	Intonation=Falling	Begin=1221.252|End=1221.897	_	_	_	_
343-0	BZ001	343	0	c'	c'	_	_	_	_	_	linguistic	_	none	SpaceAfter=No	Begin=1222.267	_	_	_	_
343-1	BZ001	343	1	è	è	_	_	_	_	_	linguistic	_	none	_	_	_	_	_	_
343-2	BZ001	343	2	qualche	qualche	_	_	_	_	_	linguistic	_	none	_	_	_	_	_	_
343-3	BZ001	343	3	aneddoto	aneddoto	_	_	_	_	_	linguistic	_	none	_	_	_	_	_	_
343-4	BZ001	343	4	legato	legato	_	_	_	_	_	linguistic	_	none	_	_	_	_	_	_
343-5	BZ001	343	5	alle	alle	_	_	_	_	_	linguistic	_	none	_	_	_	_	_	_
343-6	BZ001	343	6	lingue	lingue	_	_	_	_	_	linguistic	_	none	_	_	_	_	_	_
343-7	BZ001	343	7	anche	anche	_	_	_	_	_	linguistic	_	none	_	_	_	_	_	_
343-8	BZ001	343	8	divertente	divertente	_	_	_	_	_	linguistic	_	none	_	_	_	_	_	_
343-9	BZ001	343	9	così	così	_	_	_	_	_	linguistic	_	none	_	_	_	_	_	_
343-10	BZ001	343	10	qualcosa	qualcosa	_	_	_	_	_	linguistic	_	none	_	_	_	_	_	_
343-11	BZ001	343	11	qualche	qualche	_	_	_	_	_	linguistic	_	none	_	_	_	_	_	_
343-12	BZ001	343	12	per	per	_	_	_	_	_	linguistic	_	none	_	_	_	_	_	_
343-13	BZ001	343	13	esempio	esempio	_	_	_	_	_	linguistic	_	none	_	_	_	_	_	_
343-14	BZ001	343	14	qualche	qualche	_	_	_	_	_	linguistic	_	none	_	_	_	_	_	_
343-15	BZ001	343	15	fraintendimento	fraintendimento	_	_	_	_	_	linguistic	_	none	_	_	_	_	_	_
343-16	BZ001	343	16	[qualche	qualche	_	_	_	_	_	linguistic	_	none	_	_	_	_	_	0-7(?)
343-17	BZ001	343	17	aned]doto	aneddoto	_	_	_	_	_	linguistic	_	none	_	_	_	_	_	0-4(?)
343-18	BZ001	343	18	che	che	_	_	_	_	_	linguistic	_	none	_	_	_	_	_	_
343-19	BZ001	343	19	[ti	ti	_	_	_	_	_	linguistic	_	none	_	_	_	_	_	0-2(?)
343-20	BZ001	343	20	è	è	_	_	_	_	_	linguistic	_	none	_	_	_	_	_	0-1(?)
343-21	BZ001	343	21	capi]tato,	capitato	_	_	_	_	_	linguistic	_	none	Intonation=WeaklyRising	End=1230.01	_	_	_	0-4(?)
344-0	BZ009	344	0	[sì],	sì	_	_	_	_	_	linguistic	_	none	Intonation=WeaklyRising	Begin=1227.822|End=1228.452	_	_	_	0-2(63)
345-0	BZ009	345	0	[sì],	sì	_	_	_	_	_	linguistic	_	none	Intonation=WeaklyRising	Begin=1228.662|End=1228.962	_	_	_	0-2(64)
346-0	BZ009	346	0	uno	uno	_	_	_	_	_	linguistic	_	none	_	Begin=1229.187	_	_	_	_
346-1	BZ009	346	1	ci	ci	_	_	_	_	_	linguistic	_	none	_	_	_	_	_	_
346-2	BZ009	346	2	stavo	stavo	_	_	_	_	_	linguistic	_	none	_	_	_	_	_	_
346-3	BZ009	346	3	pensando	pensando	_	_	_	_	_	linguistic	_	none	_	_	_	_	_	_
346-4	BZ009	346	4	proprio	proprio	_	_	_	_	_	linguistic	_	none	_	_	_	_	_	_
346-5	BZ009	346	5	[adesso],	adesso	_	_	_	_	_	linguistic	_	none	Intonation=WeaklyRising	End=1231.48	_	_	_	0-6(?)
347-0	BZ001	347	0	[((ride))]	((ride))	_	_	_	_	_	nonverbalbehavior	_	none	_	Begin=1230.752|End=1231.852	_	_	_	0-4(66)
348-0	BZ009	348	0	perché	perché	_	_	_	_	_	linguistic	_	none	_	Begin=1231.847	_	_	_	_
348-1	BZ009	348	1	eh:	eh	_	_	_	_	_	linguistic	_	none	_	_	1x1	_	_	_
348-2	BZ009	348	2	ho	ho	_	_	_	_	_	linguistic	_	none	_	_	_	_	_	_
348-3	BZ009	348	3	fatto	fatto	_	_	_	_	_	linguistic	_	none	_	_	_	_	_	_
348-4	BZ009	348	4	un:	un	_	_	_	_	_	linguistic	_	none	_	_	1x1	_	_	_
348-5	BZ009	348	5	mh	mh	_	_	_	_	_	linguistic	_	none	PauseAfter=Yes	_	_	_	_	_
348-6	BZ009	348	6	(.)	(.)	_	_	_	_	_	shortpause	_	none	_	_	_	_	_	_
348-7	BZ009	348	7	un	un	_	_	_	_	_	linguistic	_	none	_	_	_	_	_	_
348-8	BZ009	348	8	viaggio,	viaggio	_	_	_	_	_	linguistic	_	none	Intonation=WeaklyRising	_	_	_	_	_
348-9	BZ009	348	9	eh:	eh	_	_	_	_	_	linguistic	_	none	_	_	1x1	_	_	_
348-10	BZ009	348	10	nella	nella	_	_	_	_	_	linguistic	_	none	_	_	_	_	_	_
348-11	BZ009	348	11	in	in	_	_	_	_	_	linguistic	_	none	_	_	_	_	_	_
348-12	BZ009	348	12	california,	california	_	_	_	_	_	linguistic	_	none	Intonation=WeaklyRising	End=1238.737	_	_	_	_
349-0	BZ009	349	0	eh:	eh	_	_	_	_	_	linguistic	_	none	_	Begin=1239.037	1x1	_	_	_
349-1	BZ009	349	1	anni	anni	_	_	_	_	_	linguistic	_	none	_	_	_	_	_	_
349-2	BZ009	349	2	fa,	fa	_	_	_	_	_	linguistic	_	none	Intonation=WeaklyRising	_	_	_	_	_
349-3	BZ009	349	3	in	in	_	_	_	_	_	linguistic	_	none	_	_	_	_	_	_
349-4	BZ009	349	4	bassa	bassa	_	_	_	_	_	linguistic	_	none	_	_	_	_	_	_
349-5	BZ009	349	5	california,	california	_	_	_	_	_	linguistic	_	none	Intonation=WeaklyRising	_	_	_	_	_
349-6	BZ009	349	6	e	e	_	_	_	_	_	linguistic	_	none	_	_	_	_	_	_
349-7	BZ009	349	7	sono	sono	_	_	_	_	_	linguistic	_	none	_	_	_	_	_	_
349-8	BZ009	349	8	andato	andato	_	_	_	_	_	linguistic	_	none	_	_	_	_	_	_
349-9	BZ009	349	9	a	a	_	_	_	_	_	linguistic	_	none	_	_	_	_	_	_
349-10	BZ009	349	10	tijuana,	tijuana	_	_	_	_	_	linguistic	_	none	Intonation=WeaklyRising	End=1243.29	_	_	_	_
350-0	BZ009	350	0	eh	eh	_	_	_	_	_	linguistic	_	none	_	Begin=1243.722	_	_	_	_
350-1	BZ009	350	1	l'	l'	_	_	_	_	_	linguistic	_	none	SpaceAfter=No	_	_	_	_	_
350-2	BZ009	350	2	idea	idea	_	_	_	_	_	linguistic	_	none	_	_	_	_	_	_
350-3	BZ009	350	3	era	era	_	_	_	_	_	linguistic	_	none	_	_	_	_	_	_
350-4	BZ009	350	4	appunto	appunto	_	_	_	_	_	linguistic	_	none	_	_	_	_	_	_
350-5	BZ009	350	5	quella	quella	_	_	_	_	_	linguistic	_	none	_	_	_	_	_	_
350-6	BZ009	350	6	di	di	_	_	_	_	_	linguistic	_	none	_	_	_	_	_	_
350-7	BZ009	350	7	andare	andare	_	_	_	_	_	linguistic	_	none	_	_	_	_	_	_
350-8	BZ009	350	8	a	a	_	_	_	_	_	linguistic	_	none	_	_	_	_	_	_
350-9	BZ009	350	9	fotografare	fotografare	_	_	_	_	_	linguistic	_	none	_	_	_	_	_	_
350-10	BZ009	350	10	il	il	_	_	_	_	_	linguistic	_	none	_	_	_	_	_	_
350-11	BZ009	350	11	cartello	cartello	_	_	_	_	_	linguistic	_	none	_	_	_	_	_	_
350-12	BZ009	350	12	con	con	_	_	_	_	_	linguistic	_	none	_	_	_	_	_	_
350-13	BZ009	350	13	la	la	_	_	_	_	_	linguistic	_	none	_	_	_	_	_	_
350-14	BZ009	350	14	scritta	scritta	_	_	_	_	_	linguistic	_	none	_	_	_	_	_	_
350-15	BZ009	350	15	[tijuana],	tijuana	_	_	_	_	_	linguistic	_	none	Intonation=WeaklyRising	End=1249.472	_	_	_	0-7(68)
351-0	BZ001	351	0	[((ride))]	((ride))	_	_	_	_	_	nonverbalbehavior	_	none	_	Begin=1248.692|End=1249.492	_	_	_	0-4(68)
352-0	BZ009	352	0	e,	e	_	_	_	_	_	linguistic	_	none	Intonation=WeaklyRising	Begin=1249.707|End=1250.357	_	_	_	_
353-0	BZ009	353	0	varie	varie	_	_	_	_	_	linguistic	_	none	_	Begin=1250.727	_	_	_	_
353-1	BZ009	353	1	vicissitudini	vicissitudini	_	_	_	_	_	linguistic	_	none	_	_	_	_	_	_
353-2	BZ009	353	2	poi	poi	_	_	_	_	_	linguistic	_	none	_	_	_	_	_	_
353-3	BZ009	353	3	mi	mi	_	_	_	_	_	linguistic	_	none	_	_	_	_	_	_
353-4	BZ009	353	4	son	son	_	_	_	_	_	linguistic	_	none	_	_	_	_	_	_
353-5	BZ009	353	5	dovuto:	dovuto	_	_	_	_	_	linguistic	_	none	_	_	5x1	_	_	_
353-6	BZ009	353	6	mi	mi	_	_	_	_	_	linguistic	_	none	_	_	_	_	_	_
353-7	BZ009	353	7	son	son	_	_	_	_	_	linguistic	_	none	_	_	_	_	_	_
353-8	BZ009	353	8	trovato	trovato	_	_	_	_	_	linguistic	_	none	_	_	_	_	_	_
353-9	BZ009	353	9	a	a	_	_	_	_	_	linguistic	_	none	_	_	_	_	_	_
353-10	BZ009	353	10	spiegare	spiegare	_	_	_	_	_	linguistic	_	none	_	_	_	_	_	_
353-11	BZ009	353	11	a	a	_	_	_	_	_	linguistic	_	none	_	_	_	_	_	_
353-12	BZ009	353	12	un:	un	_	_	_	_	_	linguistic	_	none	_	_	1x1	_	_	_
353-13	BZ009	353	13	poliziotto	poliziotto	_	_	_	_	_	linguistic	_	none	_	_	_	_	_	_
353-14	BZ009	353	14	e	e	_	_	_	_	_	linguistic	_	none	_	_	_	_	_	_
353-15	BZ009	353	15	all'	all'	_	_	_	_	_	linguistic	_	none	SpaceAfter=No	_	_	_	_	_
353-16	BZ009	353	16	esercito	esercito	_	_	_	_	_	linguistic	_	none	_	_	_	_	_	_
353-17	BZ009	353	17	america[no	americano	_	_	_	_	_	linguistic	_	none	_	_	_	_	_	6-9(69)
353-18	BZ009	353	18	perché	perché	_	_	_	_	_	linguistic	_	none	_	_	_	_	_	0-6(69)
353-19	BZ009	353	19	fos]si	fossi	_	_	_	_	_	linguistic	_	none	_	_	_	_	_	0-3(69)
353-20	BZ009	353	20	lì,	lì	_	_	_	_	_	linguistic	_	none	Intonation=WeaklyRising	End=1259.147	_	_	_	_
354-0	BZ001	354	0	[((ride))]	((ride))	_	_	_	_	_	nonverbalbehavior	_	none	_	Begin=1257.042|End=1258.222	_	_	_	0-4(69)
355-0	BZ009	355	0	e	e	_	_	_	_	_	linguistic	_	none	_	Begin=1259.377	_	_	_	_
355-1	BZ009	355	1	eh	eh	_	_	_	_	_	linguistic	_	none	_	_	_	_	_	_
355-2	BZ009	355	2	<non	non	_	_	_	_	_	linguistic	_	none	_	_	_	Slow=0-3(0)	_	_
355-3	BZ009	355	3	mi	mi	_	_	_	_	_	linguistic	_	none	_	_	_	Slow=0-2(0)	_	_
355-4	BZ009	355	4	veniva	veniva	_	_	_	_	_	linguistic	_	none	_	_	_	Slow=0-6(0)	_	_
355-5	BZ009	355	5	la	la	_	_	_	_	_	linguistic	_	none	_	_	_	Slow=0-2(0)	_	_
355-6	BZ009	355	6	parola>,	parola	_	_	_	_	_	linguistic	_	none	Intonation=WeaklyRising	End=1261.937	_	Slow=0-6(0)	_	_
356-0	BZ009	356	0	non	non	_	_	_	_	_	linguistic	_	none	_	Begin=1262.182	_	_	_	_
356-1	BZ009	356	1	mi	mi	_	_	_	_	_	linguistic	_	none	_	_	_	_	_	_
356-2	BZ009	356	2	veniva	veniva	_	_	_	_	_	linguistic	_	none	_	_	_	_	_	_
356-3	BZ009	356	3	la	la	_	_	_	_	_	linguistic	_	none	_	_	_	_	_	_
356-4	BZ009	356	4	parola	parola	_	_	_	_	_	linguistic	_	none	_	_	_	_	_	_
356-5	BZ009	356	5	insegna,	insegna	_	_	_	_	_	linguistic	_	none	Intonation=WeaklyRising	_	_	_	_	_
356-6	BZ009	356	6	e	e	_	_	_	_	_	linguistic	_	none	_	_	_	_	_	_
356-7	BZ009	356	7	continuavo	continuavo	_	_	_	_	_	linguistic	_	none	_	_	_	_	_	_
356-8	BZ009	356	8	a	a	_	_	_	_	_	linguistic	_	none	_	_	_	_	_	_
356-9	BZ009	356	9	dire,	dire	_	_	_	_	_	linguistic	_	none	Intonation=WeaklyRising	_	_	_	_	_
356-10	BZ009	356	10	i'	i'	_	_	_	_	_	linguistic	_	none	SpaceAfter=No	_	_	_	_	_
356-11	BZ009	356	11	m	m	_	_	_	_	_	linguistic	_	none	_	_	_	_	_	_
356-12	BZ009	356	12	just	just	_	_	_	_	_	linguistic	_	none	_	_	_	_	_	_
356-13	BZ009	356	13	here	here	_	_	_	_	_	linguistic	_	none	_	_	_	_	_	_
356-14	BZ009	356	14	to,	to	_	_	_	_	_	linguistic	_	none	Intonation=WeaklyRising	End=1266.562	_	_	_	_
357-0	BZ009	357	0	eh:	eh	_	_	_	_	_	linguistic	_	none	_	Begin=1267.087	1x1	_	_	_
357-1	BZ009	357	1	to	to	_	_	_	_	_	linguistic	_	none	_	_	_	_	_	_
357-2	BZ009	357	2	take	take	_	_	_	_	_	linguistic	_	none	_	_	_	_	_	_
357-3	BZ009	357	3	a	a	_	_	_	_	_	linguistic	_	none	_	_	_	_	_	_
357-4	BZ009	357	4	look	look	_	_	_	_	_	linguistic	_	none	_	_	_	_	_	_
357-5	BZ009	357	5	to	to	_	_	_	_	_	linguistic	_	none	_	_	_	_	_	_
357-6	BZ009	357	6	the,	the	_	_	_	_	_	linguistic	_	none	Intonation=WeaklyRising	_	_	_	_	_
357-7	BZ009	357	7	cartello.	cartello	_	_	_	_	_	linguistic	_	none	Intonation=Falling	End=1269.817	_	_	_	_
358-0	BZ001	358	0	[((ride))]	((ride))	_	_	_	_	_	nonverbalbehavior	_	none	_	Begin=1269.787|End=1272.617	_	_	_	0-4(71)
359-0	BZ009	359	0	[eh:	eh	_	_	_	_	_	linguistic	_	none	_	Begin=1269.857	1x1	_	_	0-2(71)
359-1	BZ009	359	1	perché	perché	_	_	_	_	_	linguistic	_	none	_	_	_	_	_	0-6(71)
359-2	BZ009	359	2	non	non	_	_	_	_	_	linguistic	_	none	_	_	_	_	_	0-3(71)
359-3	BZ009	359	3	mi	mi	_	_	_	_	_	linguistic	_	none	_	_	_	_	_	0-2(71)
359-4	BZ009	359	4	veniva]	veniva	_	_	_	_	_	linguistic	_	none	PauseAfter=Yes	_	_	_	_	0-6(71)
359-5	BZ009	359	5	(.)	(.)	_	_	_	_	_	shortpause	_	none	_	_	_	_	_	_
359-6	BZ009	359	6	in	in	_	_	_	_	_	linguistic	_	none	_	_	_	_	_	_
359-7	BZ009	359	7	mente	mente	_	_	_	_	_	linguistic	_	none	_	_	_	_	_	_
359-8	BZ009	359	8	e	e	_	_	_	_	_	linguistic	_	none	_	_	_	_	_	_
359-9	BZ009	359	9	continuavo	continuavo	_	_	_	_	_	linguistic	_	none	_	_	_	_	_	_
359-10	BZ009	359	10	a	a	_	_	_	_	_	linguistic	_	none	_	_	_	_	_	_
359-11	BZ009	359	11	dire	dire	_	_	_	_	_	linguistic	_	none	_	_	_	_	_	_
359-12	BZ009	359	12	the	the	_	_	_	_	_	linguistic	_	none	_	_	_	_	_	_
359-13	BZ009	359	13	cartello	cartello	_	_	_	_	_	linguistic	_	none	_	_	_	_	_	_
359-14	BZ009	359	14	e	e	_	_	_	_	_	linguistic	_	none	_	_	_	_	_	_
359-15	BZ009	359	15	facevo	facevo	_	_	_	_	_	linguistic	_	none	_	_	_	_	_	_
359-16	BZ009	359	16	il	il	_	_	_	_	_	linguistic	_	none	_	_	_	_	_	_
359-17	BZ009	359	17	simbolo	simbolo	_	_	_	_	_	linguistic	_	none	_	_	_	_	_	_
359-18	BZ009	359	18	del	del	_	_	_	_	_	linguistic	_	none	_	_	_	_	_	_
359-19	BZ009	359	19	cartello,	cartello	_	_	_	_	_	linguistic	_	none	Intonation=WeaklyRising	End=1277.317	_	_	_	_
360-0	BZ009	360	0	[ma	ma	_	_	_	_	_	linguistic	_	none	_	Begin=1277.712	_	_	_	0-2(72)
360-1	BZ009	360	1	cartello:	cartello	_	_	_	_	_	linguistic	_	none	_	_	7x1	_	_	0-8(72)
360-2	BZ009	360	2	eh:]	eh	_	_	_	_	_	linguistic	_	none	_	_	1x1	_	_	0-2(72)
360-3	BZ009	360	3	non	non	_	_	_	_	_	linguistic	_	none	_	_	_	_	_	_
360-4	BZ009	360	4	è	è	_	_	_	_	_	linguistic	_	none	_	_	_	_	_	_
360-5	BZ009	360	5	una	una	_	_	_	_	_	linguistic	_	none	_	_	_	_	_	_
360-6	BZ009	360	6	parola	parola	_	_	_	_	_	linguistic	_	none	_	_	_	_	_	_
360-7	BZ009	360	7	che	che	_	_	_	_	_	linguistic	_	none	_	_	_	_	_	_
360-8	BZ009	360	8	in	in	_	_	_	_	_	linguistic	_	none	_	_	_	_	_	_
360-9	BZ009	360	9	messico,	messico	_	_	_	_	_	linguistic	_	none	Intonation=WeaklyRising	End=1281.482	_	_	_	_
361-0	BZ001	361	0	[poi	poi	_	_	_	_	_	linguistic	_	none	_	Begin=1277.722	_	_	_	0-3(72)
361-1	BZ001	361	1	in	in	_	_	_	_	_	linguistic	_	none	_	_	_	_	_	0-2(72)
361-2	BZ001	361	2	messico	messico	_	_	_	_	_	linguistic	_	none	_	_	_	_	_	0-7(72)
361-3	BZ001	361	3	non	non	_	_	_	_	_	linguistic	_	none	_	_	_	_	_	0-3(72)
361-4	BZ001	361	4	era],	era	_	_	_	_	_	linguistic	_	none	Intonation=WeaklyRising	End=1279.692	_	_	_	0-3(72)
362-0	BZ009	362	0	prima	prima	_	_	_	_	_	linguistic	_	none	_	Begin=1281.682	_	_	_	_
362-1	BZ009	362	1	continuavo	continuavo	_	_	_	_	_	linguistic	_	none	_	_	_	_	_	_
362-2	BZ009	362	2	<the	the	_	_	_	_	_	linguistic	_	none	_	_	_	Slow=0-3(0)	_	_
362-3	BZ009	362	3	cartel,	cartel	_	_	_	_	_	linguistic	_	none	Intonation=WeaklyRising	_	_	Slow=0-6(0)	_	_
362-4	BZ009	362	4	the	the	_	_	_	_	_	linguistic	_	none	_	_	_	Slow=0-3(0)	_	_
362-5	BZ009	362	5	cartel>,	cartel	_	_	_	_	_	linguistic	_	none	Intonation=WeaklyRising	_	_	Slow=0-6(0)	_	_
362-6	BZ009	362	6	>perché	perché	_	_	_	_	_	linguistic	_	none	_	_	_	Fast=0-6(0)	_	_
362-7	BZ009	362	7	non	non	_	_	_	_	_	linguistic	_	none	_	_	_	Fast=0-3(0)	_	_
362-8	BZ009	362	8	mi	mi	_	_	_	_	_	linguistic	_	none	_	_	_	Fast=0-2(0)	_	_
362-9	BZ009	362	9	veniva	veniva	_	_	_	_	_	linguistic	_	none	_	_	_	Fast=0-6(0)	_	_
362-10	BZ009	362	10	in	in	_	_	_	_	_	linguistic	_	none	_	_	_	Fast=0-2(0)	_	_
362-11	BZ009	362	11	mente<	mente	_	_	_	_	_	linguistic	_	none	_	_	_	Fast=0-5(0)	_	_
362-12	BZ009	362	12	e	e	_	_	_	_	_	linguistic	_	none	_	_	_	_	_	_
362-13	BZ009	362	13	poi	poi	_	_	_	_	_	linguistic	_	none	_	_	_	_	_	_
362-14	BZ009	362	14	dicevo	dicevo	_	_	_	_	_	linguistic	_	none	_	_	_	_	_	_
362-15	BZ009	362	15	the	the	_	_	_	_	_	linguistic	_	none	_	_	_	_	_	_
362-16	BZ009	362	16	cartello,	cartello	_	_	_	_	_	linguistic	_	none	Intonation=WeaklyRising|PauseAfter=Yes	_	_	_	_	_
362-17	BZ009	362	17	(.)	(.)	_	_	_	_	_	shortpause	_	none	_	_	_	_	_	_
362-18	BZ009	362	18	e	e	_	_	_	_	_	linguistic	_	none	_	_	_	_	_	_
362-19	BZ009	362	19	loro:,	loro	_	_	_	_	_	linguistic	_	none	Intonation=WeaklyRising	End=1288.25	3x1	_	_	_
363-0	BZ009	363	0	mi	mi	_	_	_	_	_	linguistic	_	none	_	Begin=1288.752	_	_	_	_
363-1	BZ009	363	1	hanno	hanno	_	_	_	_	_	linguistic	_	none	_	_	_	_	_	_
363-2	BZ009	363	2	un	un	_	_	_	_	_	linguistic	_	none	_	_	_	_	_	_
363-3	BZ009	363	3	po'	po'	_	_	_	_	_	linguistic	_	none	_	_	_	_	_	_
363-4	BZ009	363	4	guardato,	guardato	_	_	_	_	_	linguistic	_	none	Intonation=WeaklyRising	_	_	_	_	_
363-5	BZ009	363	5	>poi	poi	_	_	_	_	_	linguistic	_	none	_	_	_	Fast=0-3(0)	_	_
363-6	BZ009	363	6	gli	gli	_	_	_	_	_	linguistic	_	none	_	_	_	Fast=0-3(0)	_	_
363-7	BZ009	363	7	ho	ho	_	_	_	_	_	linguistic	_	none	_	_	_	Fast=0-2(0)	_	_
363-8	BZ009	363	8	fatto	fatto	_	_	_	_	_	linguistic	_	none	_	_	_	Fast=0-5(0)	_	_
363-9	BZ009	363	9	vedere	vedere	_	_	_	_	_	linguistic	_	none	_	_	_	Fast=0-6(0)	_	_
363-10	BZ009	363	10	una	una	_	_	_	_	_	linguistic	_	none	_	_	_	Fast=0-3(0)	_	_
363-11	BZ009	363	11	foto	foto	_	_	_	_	_	linguistic	_	none	_	_	_	Fast=0-4(0)	_	_
363-12	BZ009	363	12	sul	sul	_	_	_	_	_	linguistic	_	none	_	_	_	Fast=0-3(0)	_	_
363-13	BZ009	363	13	telefonino<,	telefonino	_	_	_	_	_	linguistic	_	none	Intonation=WeaklyRising	_	_	Fast=0-10(0)	_	_
363-14	BZ009	363	14	e	e	_	_	_	_	_	linguistic	_	none	_	_	_	_	_	_
363-15	BZ009	363	15	poi	poi	_	_	_	_	_	linguistic	_	none	_	_	_	_	_	_
363-16	BZ009	363	16	mi	mi	_	_	_	_	_	linguistic	_	none	_	_	_	_	_	_
363-17	BZ009	363	17	hanno	hanno	_	_	_	_	_	linguistic	_	none	_	_	_	_	_	_
363-18	BZ009	363	18	detto	detto	_	_	_	_	_	linguistic	_	none	_	_	_	_	_	_
363-19	BZ009	363	19	guardi,	guardi	_	_	_	_	_	linguistic	_	none	Intonation=WeaklyRising	End=1293.072	_	_	_	_
364-0	BZ001	364	0	ma	ma	_	_	_	_	_	linguistic	_	none	_	Begin=1293.187	_	_	_	_
364-1	BZ001	364	1	perché	perché	_	_	_	_	_	linguistic	_	none	_	_	_	_	_	_
364-2	BZ001	364	2	com'	com'	_	_	_	_	_	linguistic	_	none	SpaceAfter=No	_	_	_	_	_
364-3	BZ001	364	3	è,	è	_	_	_	_	_	linguistic	_	none	Intonation=WeaklyRising	_	_	_	_	_
364-4	BZ001	364	4	è	è	_	_	_	_	_	linguistic	_	none	_	_	_	_	_	_
364-5	BZ001	364	5	cartello	cartello	_	_	_	_	_	linguistic	_	none	_	_	_	_	_	_
364-6	BZ001	364	6	anche	anche	_	_	_	_	_	linguistic	_	none	_	_	_	_	_	_
364-7	BZ001	364	7	in:	in	_	_	_	_	_	linguistic	_	none	_	_	1x1	_	_	_
364-8	BZ001	364	8	eh::	eh	_	_	_	_	_	linguistic	_	none	_	End=1295.537	1x2	_	_	_
365-0	BZ001	365	0	in	in	_	_	_	_	_	linguistic	_	none	_	Begin=1295.847	_	_	_	_
365-1	BZ001	365	1	lingua?	lingua	_	_	_	_	_	linguistic	_	none	Intonation=Rising	_	_	_	_	_
365-2	BZ001	365	2	[in	in	_	_	_	_	_	linguistic	_	none	_	_	_	_	_	0-2(73)
365-3	BZ001	365	3	in-]	in-	_	_	_	_	_	linguistic	_	none	Interrupted=Yes	End=1297.34	_	_	_	0-3(73)
366-0	BZ009	366	0	[eh	eh	_	_	_	_	_	linguistic	_	none	_	Begin=1296.572	_	_	_	0-2(73)
366-1	BZ009	366	1	xx]	xx	_	_	_	_	_	unknown	_	none	Syllables=2	_	_	_	_	0-2(73)
366-2	BZ009	366	2	eh:	eh	_	_	_	_	_	linguistic	_	none	_	_	1x1	_	_	_
366-3	BZ009	366	3	no	no	_	_	_	_	_	linguistic	_	none	_	_	_	_	_	_
366-4	BZ009	366	4	ma:,	ma	_	_	_	_	_	linguistic	_	none	Intonation=WeaklyRising	_	1x1	_	_	_
366-5	BZ009	366	5	l-	l-	_	_	_	_	_	linguistic	_	none	Interrupted=Yes|PauseAfter=Yes	_	_	_	_	_
366-6	BZ009	366	6	(.)	(.)	_	_	_	_	_	shortpause	_	none	_	_	_	_	_	_
366-7	BZ009	366	7	no-	no-	_	_	_	_	_	linguistic	_	none	Interrupted=Yes	_	_	_	_	_
366-8	BZ009	366	8	non	non	_	_	_	_	_	linguistic	_	none	_	_	_	_	_	_
366-9	BZ009	366	9	lo	lo	_	_	_	_	_	linguistic	_	none	_	_	_	_	_	_
366-10	BZ009	366	10	so,	so	_	_	_	_	_	linguistic	_	none	Intonation=WeaklyRising	_	_	_	_	_
366-11	BZ009	366	11	però,	però	_	_	_	_	_	linguistic	_	none	Intonation=WeaklyRising	_	_	_	_	_
366-12	BZ009	366	12	eh:	eh	_	_	_	_	_	linguistic	_	none	_	_	1x1	_	_	_
366-13	BZ009	366	13	questa	questa	_	_	_	_	_	linguistic	_	none	_	_	_	_	_	_
366-14	BZ009	366	14	cosa	cosa	_	_	_	_	_	linguistic	_	none	_	_	_	_	_	_
366-15	BZ009	366	15	io	io	_	_	_	_	_	linguistic	_	none	_	_	_	_	_	_
366-16	BZ009	366	16	più	più	_	_	_	_	_	linguistic	_	none	_	_	_	_	_	_
366-17	BZ009	366	17	io	io	_	_	_	_	_	linguistic	_	none	_	_	_	_	_	_
366-18	BZ009	366	18	dicevo	dicevo	_	_	_	_	_	linguistic	_	none	_	_	_	_	_	_
366-19	BZ009	366	19	cartello	cartello	_	_	_	_	_	linguistic	_	none	_	_	_	_	_	_
366-20	BZ009	366	20	più	più	_	_	_	_	_	linguistic	_	none	_	_	_	_	_	_
366-21	BZ009	366	21	loro	loro	_	_	_	_	_	linguistic	_	none	_	_	_	_	_	_
366-22	BZ009	366	22	mi	mi	_	_	_	_	_	linguistic	_	none	_	_	_	_	_	_
366-23	BZ009	366	23	guardavano	guardavano	_	_	_	_	_	linguistic	_	none	_	_	_	_	_	_
366-24	BZ009	366	24	in	in	_	_	_	_	_	linguistic	_	none	_	_	_	_	_	_
366-25	BZ009	366	25	maniera:,	maniera	_	_	_	_	_	linguistic	_	none	Intonation=WeaklyRising	End=1305.832	6x1	_	_	_
367-0	BZ009	367	0	penso	penso	_	_	_	_	_	linguistic	_	none	_	Begin=1306.127	_	_	_	_
367-1	BZ009	367	1	che	che	_	_	_	_	_	linguistic	_	none	_	_	_	_	_	_
367-2	BZ009	367	2	cartello	cartello	_	_	_	_	_	linguistic	_	none	_	_	_	_	_	_
367-3	BZ009	367	3	sia	sia	_	_	_	_	_	linguistic	_	none	_	_	_	_	_	_
367-4	BZ009	367	4	la	la	_	_	_	_	_	linguistic	_	none	_	_	_	_	_	_
367-5	BZ009	367	5	nostra	nostra	_	_	_	_	_	linguistic	_	none	_	_	_	_	_	_
367-6	BZ009	367	6	tras-	tras-	_	_	_	_	_	linguistic	_	none	Interrupted=Yes	_	_	_	_	_
367-7	BZ009	367	7	ma	ma	_	_	_	_	_	linguistic	_	none	_	_	_	_	_	_
367-8	BZ009	367	8	ma	ma	_	_	_	_	_	linguistic	_	none	_	_	_	_	_	_
367-9	BZ009	367	9	sarà:	sarà	_	_	_	_	_	linguistic	_	none	PauseAfter=Yes	_	3x1	_	_	_
367-10	BZ009	367	10	(.)	(.)	_	_	_	_	_	shortpause	_	none	_	_	_	_	_	_
367-11	BZ009	367	11	carte-	carte-	_	_	_	_	_	linguistic	_	none	Interrupted=Yes	_	_	_	_	_
367-12	BZ009	367	12	sarà	sarà	_	_	_	_	_	linguistic	_	none	_	_	_	_	_	_
367-13	BZ009	367	13	qualcosa	qualcosa	_	_	_	_	_	linguistic	_	none	_	_	_	_	_	_
367-14	BZ009	367	14	che	che	_	_	_	_	_	linguistic	_	none	_	_	_	_	_	_
367-15	BZ009	367	15	ci	ci	_	_	_	_	_	linguistic	_	none	_	_	_	_	_	_
367-16	BZ009	367	16	[assomiglia	assomiglia	_	_	_	_	_	linguistic	_	none	_	_	_	_	_	0-10(74)
367-17	BZ009	367	17	perché	perché	_	_	_	_	_	linguistic	_	none	_	_	_	_	_	0-6(74)
367-18	BZ009	367	18	mi	mi	_	_	_	_	_	linguistic	_	none	_	_	_	_	_	0-2(74)
367-19	BZ009	367	19	guarda]vano	guardavano	_	_	_	_	_	linguistic	_	none	_	_	_	_	_	0-6(74)
367-20	BZ009	367	20	in	in	_	_	_	_	_	linguistic	_	none	_	_	_	_	_	_
367-21	BZ009	367	21	una	una	_	_	_	_	_	linguistic	_	none	_	_	_	_	_	_
367-22	BZ009	367	22	maniera:,	maniera	_	_	_	_	_	linguistic	_	none	Intonation=WeaklyRising	_	6x1	_	_	_
367-23	BZ009	367	23	non	non	_	_	_	_	_	linguistic	_	none	_	_	_	_	_	_
367-24	BZ009	367	24	convintissimi	convintissimi	_	_	_	_	_	linguistic	_	none	_	_	_	_	_	_
367-25	BZ009	367	25	ecco.	ecco	_	_	_	_	_	linguistic	_	none	Intonation=Falling	End=1314.66	_	_	_	_
368-0	BZ001	368	0	[eh	eh	_	_	_	_	_	linguistic	_	none	_	Begin=1310.61	_	_	_	0-2(74)
368-1	BZ001	368	1	sì	sì	_	_	_	_	_	linguistic	_	none	_	_	_	_	_	0-2(74)
368-2	BZ001	368	2	sì	sì	_	_	_	_	_	linguistic	_	none	_	_	_	_	_	0-2(74)
368-3	BZ001	368	3	non	non	_	_	_	_	_	linguistic	_	none	_	_	_	_	_	0-3(74)
368-4	BZ001	368	4	lo	lo	_	_	_	_	_	linguistic	_	none	_	_	_	_	_	0-2(74)
368-5	BZ001	368	5	so],	so	_	_	_	_	_	linguistic	_	none	Intonation=WeaklyRising	End=1311.77	_	_	_	0-2(74)
369-0	BZ001	369	0	((ride))	((ride))	_	_	_	_	_	nonverbalbehavior	_	none	_	Begin=1314.673|End=1315.373	_	_	_	_
370-0	BZ009	370	0	eh::	eh	_	_	_	_	_	linguistic	_	none	_	Begin=1315.378|End=1316.758	1x2	_	_	_
371-0	BZ001	371	0	be'	be'	_	_	_	_	_	linguistic	_	none	Truncated=Yes	Begin=1316.72	_	_	_	_
371-1	BZ001	371	1	quindi	quindi	_	_	_	_	_	linguistic	_	none	_	_	_	_	_	_
371-2	BZ001	371	2	anche	anche	_	_	_	_	_	linguistic	_	none	_	_	_	_	_	_
371-3	BZ001	371	3	un	un	_	_	_	_	_	linguistic	_	none	_	_	_	_	_	_
371-4	BZ001	371	4	fraintendimento	fraintendimento	_	_	_	_	_	linguistic	_	none	_	_	_	_	_	_
371-5	BZ001	371	5	rischioso	rischioso	_	_	_	_	_	linguistic	_	none	_	_	_	_	_	_
371-6	BZ001	371	6	eh	eh	_	_	_	_	_	linguistic	_	none	_	_	_	_	_	_
371-7	BZ001	371	7	in	in	_	_	_	_	_	linguistic	_	none	_	_	_	_	_	_
371-8	BZ001	371	8	qualche	qualche	_	_	_	_	_	linguistic	_	none	_	_	_	_	_	_
371-9	BZ001	371	9	modo,	modo	_	_	_	_	_	linguistic	_	none	Intonation=WeaklyRising	_	_	_	_	_
371-10	BZ001	371	10	[((ride))]	((ride))	_	_	_	_	_	nonverbalbehavior	_	none	_	End=1320.08	_	_	_	0-4(76)
372-0	BZ009	372	0	[t.sk	t.sk	_	_	_	_	_	error	_	none	_	Begin=1319.203	_	_	_	0-3(76)
372-1	BZ009	372	1	sì	sì	_	_	_	_	_	linguistic	_	none	_	_	_	_	_	0-2(76)
372-2	BZ009	372	2	già	già	_	_	_	_	_	linguistic	_	none	_	_	_	_	_	0-3(76)
372-3	BZ009	372	3	eravamo]	eravamo	_	_	_	_	_	linguistic	_	none	_	_	_	_	_	0-7(76)
372-4	BZ009	372	4	in	in	_	_	_	_	_	linguistic	_	none	_	_	_	_	_	_
372-5	BZ009	372	5	una	una	_	_	_	_	_	linguistic	_	none	_	_	_	_	_	_
372-6	BZ009	372	6	situazione	situazione	_	_	_	_	_	linguistic	_	none	_	_	_	_	_	_
372-7	BZ009	372	7	non	non	_	_	_	_	_	linguistic	_	none	_	_	_	_	_	_
372-8	BZ009	372	8	comodissima:	comodissima	_	_	_	_	_	linguistic	_	none	_	_	10x1	_	_	_
372-9	BZ009	372	9	e	e	_	_	_	_	_	linguistic	_	none	_	_	_	_	_	_
372-10	BZ009	372	10	in	in	_	_	_	_	_	linguistic	_	none	_	_	_	_	_	_
372-11	BZ009	372	11	più:,	più	_	_	_	_	_	linguistic	_	none	Intonation=WeaklyRising|PauseAfter=Yes	_	2x1	_	_	_
372-12	BZ009	372	12	(.)	(.)	_	_	_	_	_	shortpause	_	none	_	_	_	_	_	_
372-13	BZ009	372	13	quello	quello	_	_	_	_	_	linguistic	_	none	_	_	_	_	_	_
372-14	BZ009	372	14	è	è	_	_	_	_	_	linguistic	_	none	_	_	_	_	_	_
372-15	BZ009	372	15	stato:	stato	_	_	_	_	_	linguistic	_	none	_	_	4x1	_	_	_
372-16	BZ009	372	16	quello	quello	_	_	_	_	_	linguistic	_	none	_	_	_	_	_	_
372-17	BZ009	372	17	è	è	_	_	_	_	_	linguistic	_	none	_	_	_	_	_	_
372-18	BZ009	372	18	stato	stato	_	_	_	_	_	linguistic	_	none	_	_	_	_	_	_
372-19	BZ009	372	19	uno	uno	_	_	_	_	_	linguistic	_	none	_	_	_	_	_	_
372-20	BZ009	372	20	e,	e	_	_	_	_	_	linguistic	_	none	Intonation=WeaklyRising	End=1325.81	_	_	_	_
373-0	BZ009	373	0	e	e	_	_	_	_	_	linguistic	_	none	_	Begin=1326.543	_	_	_	_
373-1	BZ009	373	1	poi	poi	_	_	_	_	_	linguistic	_	none	_	_	_	_	_	_
373-2	BZ009	373	2	se	se	_	_	_	_	_	linguistic	_	none	_	_	_	_	_	_
373-3	BZ009	373	3	no	no	_	_	_	_	_	linguistic	_	none	_	_	_	_	_	_
373-4	BZ009	373	4	((ride))	((ride))	_	_	_	_	_	nonverbalbehavior	_	none	_	_	_	_	_	_
373-5	BZ009	373	5	no	no	_	_	_	_	_	linguistic	_	none	_	_	_	_	_	_
373-6	BZ009	373	6	però	però	_	_	_	_	_	linguistic	_	none	_	_	_	_	_	_
373-7	BZ009	373	7	il	il	_	_	_	_	_	linguistic	_	none	_	_	_	_	_	_
373-8	BZ009	373	8	resto	resto	_	_	_	_	_	linguistic	_	none	_	_	_	_	_	_
373-9	BZ009	373	9	>è	è	_	_	_	_	_	linguistic	_	none	_	_	_	Fast=0-1(0)	_	_
373-10	BZ009	373	10	andato	andato	_	_	_	_	_	linguistic	_	none	_	_	_	Fast=0-6(0)	_	_
373-11	BZ009	373	11	tutto	tutto	_	_	_	_	_	linguistic	_	none	_	_	_	Fast=0-5(0)	_	_
373-12	BZ009	373	12	abbastanza<,	abbastanza	_	_	_	_	_	linguistic	_	none	Intonation=WeaklyRising	End=1330.1965	_	Fast=0-10(0)	_	_
374-0	BZ001	374	0	((ride))	((ride))	_	_	_	_	_	nonverbalbehavior	_	none	_	Begin=1330.1965	_	_	_	_
374-1	BZ001	374	1	tutto	tutto	_	_	_	_	_	linguistic	_	none	_	_	_	_	_	_
374-2	BZ001	374	2	bene,	bene	_	_	_	_	_	linguistic	_	none	Intonation=WeaklyRising	End=1331.16	_	_	_	_
375-0	BZ009	375	0	abbastanza	abbastanza	_	_	_	_	_	linguistic	_	none	_	Begin=1331.058	_	_	_	_
375-1	BZ009	375	1	liscio.	liscio	_	_	_	_	_	linguistic	_	none	Intonation=Falling	End=1331.93	_	_	_	_
376-0	BZ001	376	0	okay.	okay	_	_	_	_	_	linguistic	_	none	Intonation=Falling|PauseAfter=Yes	Begin=1331.938	_	_	_	_
376-1	BZ001	376	1	(.)	(.)	_	_	_	_	_	shortpause	_	none	_	_	_	_	_	_
376-2	BZ001	376	2	c'	c'	_	_	_	_	_	linguistic	_	none	SpaceAfter=No	_	_	_	_	_
376-3	BZ001	376	3	è	è	_	_	_	_	_	linguistic	_	none	_	_	_	_	_	_
376-4	BZ001	376	4	qualcos'	qualcos'	_	_	_	_	_	linguistic	_	none	SpaceAfter=No	_	_	_	_	_
376-5	BZ001	376	5	altro	altro	_	_	_	_	_	linguistic	_	none	_	_	_	_	_	_
376-6	BZ001	376	6	che	che	_	_	_	_	_	linguistic	_	none	_	_	_	_	_	_
376-7	BZ001	376	7	vuoi:	vuoi	_	_	_	_	_	linguistic	_	none	_	_	3x1	_	_	_
376-8	BZ001	376	8	dire:?	dire	_	_	_	_	_	linguistic	_	none	Intonation=Rising	End=1334.67	3x1	_	_	_
377-0	BZ001	377	0	appunto	appunto	_	_	_	_	_	linguistic	_	none	_	Begin=1334.9	_	_	_	_
377-1	BZ001	377	1	in	in	_	_	_	_	_	linguistic	_	none	_	_	_	_	_	_
377-2	BZ001	377	2	relazione	relazione	_	_	_	_	_	linguistic	_	none	_	_	_	_	_	_
377-3	BZ001	377	3	al	al	_	_	_	_	_	linguistic	_	none	_	_	_	_	_	_
377-4	BZ001	377	4	tedesco	tedesco	_	_	_	_	_	linguistic	_	none	_	_	_	_	_	_
377-5	BZ001	377	5	così	così	_	_	_	_	_	linguistic	_	none	_	_	_	_	_	_
377-6	BZ001	377	6	qualche	qualche	_	_	_	_	_	linguistic	_	none	_	_	_	_	_	_
377-7	BZ001	377	7	osservazione?	osservazione	_	_	_	_	_	linguistic	_	none	Intonation=Rising	End=1337.793	_	_	_	_
378-0	BZ009	378	0	mah:	mah	_	_	_	_	_	linguistic	_	none	_	Begin=1338.793	2x1	_	_	_
378-1	BZ009	378	1	((sbuffa))	((sbuffa))	_	_	_	_	_	nonverbalbehavior	_	none	_	_	_	_	_	_
378-2	BZ009	378	2	no	no	_	_	_	_	_	linguistic	_	none	_	_	_	_	_	_
378-3	BZ009	378	3	penso	penso	_	_	_	_	_	linguistic	_	none	_	_	_	_	_	_
378-4	BZ009	378	4	di	di	_	_	_	_	_	linguistic	_	none	_	_	_	_	_	_
378-5	BZ009	378	5	aver	aver	_	_	_	_	_	linguistic	_	none	_	_	_	_	_	_
378-6	BZ009	378	6	detto	detto	_	_	_	_	_	linguistic	_	none	_	_	_	_	_	_
378-7	BZ009	378	7	la	la	_	_	_	_	_	linguistic	_	none	_	_	_	_	_	_
378-8	BZ009	378	8	la	la	_	_	_	_	_	linguistic	_	none	_	_	_	_	_	_
378-9	BZ009	378	9	cosa	cosa	_	_	_	_	_	linguistic	_	none	_	_	_	_	_	_
378-10	BZ009	378	10	ri-	ri-	_	_	_	_	_	linguistic	_	none	Interrupted=Yes	_	_	_	_	_
378-11	BZ009	378	11	ripeto	ripeto	_	_	_	_	_	linguistic	_	none	_	_	_	_	_	_
378-12	BZ009	378	12	importante	importante	_	_	_	_	_	linguistic	_	none	_	_	_	_	_	_
378-13	BZ009	378	13	che	che	_	_	_	_	_	linguistic	_	none	_	_	_	_	_	_
378-14	BZ009	378	14	per	per	_	_	_	_	_	linguistic	_	none	_	_	_	_	_	_
378-15	BZ009	378	15	me,	me	_	_	_	_	_	linguistic	_	none	Intonation=WeaklyRising	End=1343.43	_	_	_	_
379-0	BZ009	379	0	questo	questo	_	_	_	_	_	linguistic	_	none	_	Begin=1343.733	_	_	_	_
379-1	BZ009	379	1	eh	eh	_	_	_	_	_	linguistic	_	none	_	_	_	_	_	_
379-2	BZ009	379	2	provincia	provincia	_	_	_	_	_	linguistic	_	none	_	_	_	_	_	_
379-3	BZ009	379	3	abbiamo,	abbiamo	_	_	_	_	_	linguistic	_	none	Intonation=WeaklyRising	End=1346.24	_	_	_	_
380-0	BZ009	380	0	la	la	_	_	_	_	_	linguistic	_	none	_	Begin=1346.618	_	_	_	_
380-1	BZ009	380	1	possibilità	possibilità	_	_	_	_	_	linguistic	_	none	_	_	_	_	_	_
380-2	BZ009	380	2	di:	di	_	_	_	_	_	linguistic	_	none	PauseAfter=Yes	_	1x1	_	_	_
380-3	BZ009	380	3	(.)	(.)	_	_	_	_	_	shortpause	_	none	_	_	_	_	_	_
380-4	BZ009	380	4	eh:	eh	_	_	_	_	_	linguistic	_	none	_	_	1x1	_	_	_
380-5	BZ009	380	5	crescere	crescere	_	_	_	_	_	linguistic	_	none	_	_	_	_	_	_
380-6	BZ009	380	6	culturalmente,	culturalmente	_	_	_	_	_	linguistic	_	none	Intonation=WeaklyRising	_	_	_	_	_
380-7	BZ009	380	7	e,	e	_	_	_	_	_	linguistic	_	none	Intonation=WeaklyRising	_	_	_	_	_
380-8	BZ009	380	8	ampliare	ampliare	_	_	_	_	_	linguistic	_	none	_	_	_	_	_	_
380-9	BZ009	380	9	il	il	_	_	_	_	_	linguistic	_	none	_	_	_	_	_	_
380-10	BZ009	380	10	nostro	nostro	_	_	_	_	_	linguistic	_	none	_	_	_	_	_	_
380-11	BZ009	380	11	bagaglio	bagaglio	_	_	_	_	_	linguistic	_	none	_	_	_	_	_	_
380-12	BZ009	380	12	culturale	culturale	_	_	_	_	_	linguistic	_	none	_	_	_	_	_	_
380-13	BZ009	380	13	imparando	imparando	_	_	_	_	_	linguistic	_	none	_	_	_	_	_	_
380-14	BZ009	380	14	due	due	_	_	_	_	_	linguistic	_	none	_	_	_	_	_	_
380-15	BZ009	380	15	lingua	lingua	_	_	_	_	_	linguistic	_	none	_	_	_	_	_	_
380-16	BZ009	380	16	dalla	dalla	_	_	_	_	_	linguistic	_	none	_	_	_	_	_	_
380-17	BZ009	380	17	nascita,	nascita	_	_	_	_	_	linguistic	_	none	Intonation=WeaklyRising	End=1355.79	_	_	_	_
381-0	BZ009	381	0	ma	ma	_	_	_	_	_	linguistic	_	none	_	Begin=1356.16	_	_	_	_
381-1	BZ009	381	1	ci	ci	_	_	_	_	_	linguistic	_	none	_	_	_	_	_	_
381-2	BZ009	381	2	creiamo	creiamo	_	_	_	_	_	linguistic	_	none	_	_	_	_	_	_
381-3	BZ009	381	3	delle	delle	_	_	_	_	_	linguistic	_	none	_	_	_	_	_	_
381-4	BZ009	381	4	complicazioni	complicazioni	_	_	_	_	_	linguistic	_	none	_	_	_	_	_	_
381-5	BZ009	381	5	assurde	assurde	_	_	_	_	_	linguistic	_	none	_	_	_	_	_	_
381-6	BZ009	381	6	per	per	_	_	_	_	_	linguistic	_	none	_	_	_	_	_	_
381-7	BZ009	381	7	le	le	_	_	_	_	_	linguistic	_	none	_	_	_	_	_	_
381-8	BZ009	381	8	quali,	quali	_	_	_	_	_	linguistic	_	none	Intonation=WeaklyRising	End=1359.57	_	_	_	_
382-0	BZ009	382	0	l'	l'	_	_	_	_	_	linguistic	_	none	SpaceAfter=No	Begin=1359.98	_	_	_	_
382-1	BZ009	382	1	altra	altra	_	_	_	_	_	linguistic	_	none	_	_	_	_	_	_
382-2	BZ009	382	2	lingua	lingua	_	_	_	_	_	linguistic	_	none	_	_	_	_	_	_
382-3	BZ009	382	3	diventa	diventa	_	_	_	_	_	linguistic	_	none	_	_	_	_	_	_
382-4	BZ009	382	4	proprio	proprio	_	_	_	_	_	linguistic	_	none	_	_	_	_	_	_
382-5	BZ009	382	5	l'	l'	_	_	_	_	_	linguistic	_	none	SpaceAfter=No	_	_	_	_	_
382-6	BZ009	382	6	altra	altra	_	_	_	_	_	linguistic	_	none	_	_	_	_	_	_
382-7	BZ009	382	7	lingua	lingua	_	_	_	_	_	linguistic	_	none	_	_	_	_	_	_
382-8	BZ009	382	8	da	da	_	_	_	_	_	linguistic	_	none	_	_	_	_	_	_
382-9	BZ009	382	9	osteggiare.	osteggiare	_	_	_	_	_	linguistic	_	none	Intonation=Falling	End=1364.06	_	_	_	_
383-0	BZ009	383	0	e:	e	_	_	_	_	_	linguistic	_	none	_	Begin=1365.005	0x1	_	_	_
383-1	BZ009	383	1	e	e	_	_	_	_	_	linguistic	_	none	_	_	_	_	_	_
383-2	BZ009	383	2	secondo	secondo	_	_	_	_	_	linguistic	_	none	_	_	_	_	_	_
383-3	BZ009	383	3	me:,	me	_	_	_	_	_	linguistic	_	none	Intonation=WeaklyRising	End=1366.925	1x1	_	_	_
384-0	BZ009	384	0	perdiamo	perdiamo	_	_	_	_	_	linguistic	_	none	_	Begin=1367.33	_	_	_	_
384-1	BZ009	384	1	una	una	_	_	_	_	_	linguistic	_	none	_	_	_	_	_	_
384-2	BZ009	384	2	grosse	grosse	_	_	_	_	_	linguistic	_	none	_	_	_	_	_	_
384-3	BZ009	384	3	occasione,	occasione	_	_	_	_	_	linguistic	_	none	Intonation=WeaklyRising	End=1369.28	_	_	_	_
385-0	BZ009	385	0	e:	e	_	_	_	_	_	linguistic	_	none	_	Begin=1369.895	0x1	_	_	_
385-1	BZ009	385	1	dovuta	dovuta	_	_	_	_	_	linguistic	_	none	_	_	_	_	_	_
385-2	BZ009	385	2	anche	anche	_	_	_	_	_	linguistic	_	none	_	_	_	_	_	_
385-3	BZ009	385	3	al	al	_	_	_	_	_	linguistic	_	none	_	_	_	_	_	_
385-4	BZ009	385	4	fatto	fatto	_	_	_	_	_	linguistic	_	none	_	_	_	_	_	_
385-5	BZ009	385	5	dell'	dell'	_	_	_	_	_	linguistic	_	none	SpaceAfter=No	_	_	_	_	_
385-6	BZ009	385	6	obbligo.	obbligo	_	_	_	_	_	linguistic	_	none	Intonation=Falling	End=1372.165	_	_	_	_
386-0	BZ009	386	0	perché	perché	_	_	_	_	_	linguistic	_	none	_	Begin=1372.405	_	_	_	_
386-1	BZ009	386	1	secondo	secondo	_	_	_	_	_	linguistic	_	none	_	_	_	_	_	_
386-2	BZ009	386	2	me	me	_	_	_	_	_	linguistic	_	none	_	_	_	_	_	_
386-3	BZ009	386	3	spesso	spesso	_	_	_	_	_	linguistic	_	none	_	_	_	_	_	_
386-4	BZ009	386	4	l'	l'	_	_	_	_	_	linguistic	_	none	SpaceAfter=No	_	_	_	_	_
386-5	BZ009	386	5	obbligo	obbligo	_	_	_	_	_	linguistic	_	none	_	_	_	_	_	_
386-6	BZ009	386	6	con	con	_	_	_	_	_	linguistic	_	none	_	_	_	_	_	_
386-7	BZ009	386	7	il	il	_	_	_	_	_	linguistic	_	none	_	_	_	_	_	_
386-8	BZ009	386	8	<patentino>	patentino	_	_	_	_	_	linguistic	_	none	_	_	_	Slow=0-9(0)	_	_
386-9	BZ009	386	9	con	con	_	_	_	_	_	linguistic	_	none	_	_	_	_	_	_
386-10	BZ009	386	10	>queste	queste	_	_	_	_	_	linguistic	_	none	_	_	_	Fast=0-6(0)	_	_
386-11	BZ009	386	11	cose	cose	_	_	_	_	_	linguistic	_	none	_	_	_	Fast=0-4(0)	_	_
386-12	BZ009	386	12	qua<	qua	_	_	_	_	_	linguistic	_	none	_	_	_	Fast=0-3(0)	_	_
386-13	BZ009	386	13	può	può	_	_	_	_	_	linguistic	_	none	_	_	_	_	_	_
386-14	BZ009	386	14	essere	essere	_	_	_	_	_	linguistic	_	none	_	_	_	_	_	_
386-15	BZ009	386	15	d'	d'	_	_	_	_	_	linguistic	_	none	SpaceAfter=No	_	_	_	_	_
386-16	BZ009	386	16	ostacolo.	ostacolo	_	_	_	_	_	linguistic	_	none	Intonation=Falling	_	_	_	_	_
386-17	BZ009	386	17	perché	perché	_	_	_	_	_	linguistic	_	none	_	_	_	_	_	_
386-18	BZ009	386	18	sarebbe	sarebbe	_	_	_	_	_	linguistic	_	none	_	_	_	_	_	_
386-19	BZ009	386	19	molto	molto	_	_	_	_	_	linguistic	_	none	_	_	_	_	_	_
386-20	BZ009	386	20	più,	più	_	_	_	_	_	linguistic	_	none	Intonation=WeaklyRising	End=1380.645	_	_	_	_
387-0	BZ009	387	0	facile	facile	_	_	_	_	_	linguistic	_	none	_	Begin=1381.12	_	_	_	_
387-1	BZ009	387	1	se	se	_	_	_	_	_	linguistic	_	none	_	_	_	_	_	_
387-2	BZ009	387	2	ognuno	ognuno	_	_	_	_	_	linguistic	_	none	_	_	_	_	_	_
387-3	BZ009	387	3	potesse	potesse	_	_	_	_	_	linguistic	_	none	_	_	_	_	_	_
387-4	BZ009	387	4	impararla	impararla	_	_	_	_	_	linguistic	_	none	_	_	_	_	_	_
387-5	BZ009	387	5	liberamente,	liberamente	_	_	_	_	_	linguistic	_	none	Intonation=WeaklyRising	End=1384.26	_	_	_	_
388-0	BZ009	388	0	eh	eh	_	_	_	_	_	linguistic	_	none	_	Begin=1384.945	_	_	_	_
388-1	BZ009	388	1	forse,	forse	_	_	_	_	_	linguistic	_	none	Intonation=WeaklyRising	End=1386.195	_	_	_	_
389-0	BZ009	389	0	potrebbe	potrebbe	_	_	_	_	_	linguistic	_	none	_	Begin=1386.515	_	_	_	_
389-1	BZ009	389	1	essere	essere	_	_	_	_	_	linguistic	_	none	_	_	_	_	_	_
389-2	BZ009	389	2	d'	d'	_	_	_	_	_	linguistic	_	none	SpaceAfter=No	_	_	_	_	_
389-3	BZ009	389	3	aiuto.	aiuto	_	_	_	_	_	linguistic	_	none	Intonation=Falling	End=1388.475	_	_	_	_
390-0	BZ009	390	0	e	e	_	_	_	_	_	linguistic	_	none	_	Begin=1388.89	_	_	_	_
390-1	BZ009	390	1	ripeto	ripeto	_	_	_	_	_	linguistic	_	none	PauseAfter=Yes	_	_	_	_	_
390-2	BZ009	390	2	(.)	(.)	_	_	_	_	_	shortpause	_	none	_	_	_	_	_	_
390-3	BZ009	390	3	e	e	_	_	_	_	_	linguistic	_	none	_	_	_	_	_	_
390-4	BZ009	390	4	sicuramente	sicuramente	_	_	_	_	_	linguistic	_	none	_	_	_	_	_	_
390-5	BZ009	390	5	creare	creare	_	_	_	_	_	linguistic	_	none	_	_	_	_	_	_
390-6	BZ009	390	6	un	un	_	_	_	_	_	linguistic	_	none	_	_	_	_	_	_
390-7	BZ009	390	7	contesto	contesto	_	_	_	_	_	linguistic	_	none	_	_	_	_	_	_
390-8	BZ009	390	8	bilingue	bilingue	_	_	_	_	_	linguistic	_	none	_	_	_	_	_	_
390-9	BZ009	390	9	perfetto,	perfetto	_	_	_	_	_	linguistic	_	none	Intonation=WeaklyRising	End=1393.54	_	_	_	_
391-0	BZ009	391	0	aiuterebbe,	aiuterebbe	_	_	_	_	_	linguistic	_	none	Intonation=WeaklyRising	Begin=1394.29|End=1395.25	_	_	_	_
392-0	BZ001	392	0	mh,	mh	_	_	_	_	_	linguistic	_	none	Intonation=WeaklyRising	Begin=1394.795|End=1395.315	_	_	_	_
393-0	BZ001	393	0	in	in	_	_	_	_	_	linguistic	_	none	_	Begin=1395.72	_	_	_	_
393-1	BZ001	393	1	cui	cui	_	_	_	_	_	linguistic	_	none	_	_	_	_	_	_
393-2	BZ001	393	2	ti	ti	_	_	_	_	_	linguistic	_	none	_	_	_	_	_	_
393-3	BZ001	393	3	trovi	trovi	_	_	_	_	_	linguistic	_	none	PauseAfter=Yes	_	_	_	_	_
393-4	BZ001	393	4	(.)	(.)	_	_	_	_	_	shortpause	_	none	_	_	_	_	_	_
393-5	BZ001	393	5	a	a	_	_	_	_	_	linguistic	_	none	_	_	_	_	_	_
393-6	BZ001	393	6	parlare	parlare	_	_	_	_	_	linguistic	_	none	_	_	_	_	_	_
393-7	BZ001	393	7	la	la	_	_	_	_	_	linguistic	_	none	_	_	_	_	_	_
393-8	BZ001	393	8	lingua	lingua	_	_	_	_	_	linguistic	_	none	PauseAfter=Yes	_	_	_	_	_
393-9	BZ001	393	9	(.)	(.)	_	_	_	_	_	shortpause	_	none	_	_	_	_	_	_
393-10	BZ001	393	10	per	per	_	_	_	_	_	linguistic	_	none	_	_	_	_	_	_
393-11	BZ001	393	11	comunicare	comunicare	_	_	_	_	_	linguistic	_	none	_	_	_	_	_	_
393-12	BZ001	393	12	con	con	_	_	_	_	_	linguistic	_	none	_	_	_	_	_	_
393-13	BZ001	393	13	delle	delle	_	_	_	_	_	linguistic	_	none	_	_	_	_	_	_
393-14	BZ001	393	14	persone	persone	_	_	_	_	_	linguistic	_	none	_	_	_	_	_	_
393-15	BZ001	393	15	no?	no	_	_	_	_	_	linguistic	_	none	Intonation=Rising	_	_	_	_	_
393-16	BZ001	393	16	non,	non	_	_	_	_	_	linguistic	_	none	Intonation=WeaklyRising	End=1400.38	_	_	_	_
394-0	BZ001	394	0	cioè	cioè	_	_	_	_	_	linguistic	_	none	_	Begin=1400.58	_	_	_	_
394-1	BZ001	394	1	perché	perché	_	_	_	_	_	linguistic	_	none	_	_	_	_	_	_
394-2	BZ001	394	2	ti	ti	_	_	_	_	_	linguistic	_	none	_	_	_	_	_	_
394-3	BZ001	394	3	serve	serve	_	_	_	_	_	linguistic	_	none	_	_	_	_	_	_
394-4	BZ001	394	4	veramente	veramente	_	_	_	_	_	linguistic	_	none	_	_	_	_	_	_
394-5	BZ001	394	5	la	la	_	_	_	_	_	linguistic	_	none	_	_	_	_	_	_
394-6	BZ001	394	6	lingua,	lingua	_	_	_	_	_	linguistic	_	none	Intonation=WeaklyRising	_	_	_	_	_
394-7	BZ001	394	7	effettivamente	effettivamente	_	_	_	_	_	linguistic	_	none	_	_	_	_	_	_
394-8	BZ001	394	8	questa	questa	_	_	_	_	_	linguistic	_	none	_	_	_	_	_	_
394-9	BZ001	394	9	cosa	cosa	_	_	_	_	_	linguistic	_	none	_	_	_	_	_	_
394-10	BZ001	394	10	un	un	_	_	_	_	_	linguistic	_	none	_	_	_	_	_	_
394-11	BZ001	394	11	po':,	po'	_	_	_	_	_	linguistic	_	none	Intonation=WeaklyRising	End=1404.175	1x1	_	_	_
395-0	BZ001	395	0	manca.	manca	_	_	_	_	_	linguistic	_	none	Intonation=Falling	Begin=1404.82|End=1405.46	_	_	_	_
396-0	BZ009	396	0	anche,	anche	_	_	_	_	_	linguistic	_	none	Intonation=WeaklyRising	Begin=1405.5	_	_	_	_
396-1	BZ009	396	1	sì.	sì	_	_	_	_	_	linguistic	_	none	Intonation=Falling	_	_	_	_	_
396-2	BZ009	396	2	anche	anche	_	_	_	_	_	linguistic	_	none	_	_	_	_	_	_
396-3	BZ009	396	3	perché	perché	_	_	_	_	_	linguistic	_	none	_	_	_	_	_	_
396-4	BZ009	396	4	questa:	questa	_	_	_	_	_	linguistic	_	none	_	_	5x1	_	_	_
396-5	BZ009	396	5	certificazione	certificazione	_	_	_	_	_	linguistic	_	none	_	_	_	_	_	_
396-6	BZ009	396	6	alla	alla	_	_	_	_	_	linguistic	_	none	_	_	_	_	_	_
396-7	BZ009	396	7	fine	fine	_	_	_	_	_	linguistic	_	none	_	_	_	_	_	_
396-8	BZ009	396	8	sì	sì	_	_	_	_	_	linguistic	_	none	PauseAfter=Yes	_	_	_	_	_
396-9	BZ009	396	9	(.)	(.)	_	_	_	_	_	shortpause	_	none	_	_	_	_	_	_
396-10	BZ009	396	10	può	può	_	_	_	_	_	linguistic	_	none	_	_	_	_	_	_
396-11	BZ009	396	11	certificare,	certificare	_	_	_	_	_	linguistic	_	none	Intonation=WeaklyRising	_	_	_	_	_
396-12	BZ009	396	12	io	io	_	_	_	_	_	linguistic	_	none	_	_	_	_	_	_
396-13	BZ009	396	13	penso	penso	_	_	_	_	_	linguistic	_	none	_	_	_	_	_	_
396-14	BZ009	396	14	alla	alla	_	_	_	_	_	linguistic	_	none	_	_	_	_	_	_
396-15	BZ009	396	15	mia	mia	_	_	_	_	_	linguistic	_	none	_	_	_	_	_	_
396-16	BZ009	396	16	situazione,	situazione	_	_	_	_	_	linguistic	_	none	Intonation=WeaklyRising	_	_	_	_	_
396-17	BZ009	396	17	se	se	_	_	_	_	_	linguistic	_	none	_	_	_	_	_	_
396-18	BZ009	396	18	io	io	_	_	_	_	_	linguistic	_	none	PauseAfter=Yes	_	_	_	_	_
396-19	BZ009	396	19	(.)	(.)	_	_	_	_	_	shortpause	_	none	_	_	_	_	_	_
396-20	BZ009	396	20	eh:	eh	_	_	_	_	_	linguistic	_	none	_	_	1x1	_	_	_
396-21	BZ009	396	21	avessi	avessi	_	_	_	_	_	linguistic	_	none	_	_	_	_	_	_
396-22	BZ009	396	22	fatto	fatto	_	_	_	_	_	linguistic	_	none	_	_	_	_	_	_
396-23	BZ009	396	23	il	il	_	_	_	_	_	linguistic	_	none	_	_	_	_	_	_
396-24	BZ009	396	24	patentino	patentino	_	_	_	_	_	linguistic	_	none	_	_	_	_	_	_
396-25	BZ009	396	25	a	a	_	_	_	_	_	linguistic	_	none	_	_	_	_	_	_
396-26	BZ009	396	26	a	a	_	_	_	_	_	linguistic	_	none	_	_	_	_	_	_
396-27	BZ009	396	27	diciannove	diciannove	_	_	_	_	_	linguistic	_	none	_	_	_	_	_	_
396-28	BZ009	396	28	anni	anni	_	_	_	_	_	linguistic	_	none	_	_	_	_	_	_
396-29	BZ009	396	29	uscito	uscito	_	_	_	_	_	linguistic	_	none	_	_	_	_	_	_
396-30	BZ009	396	30	dalla	dalla	_	_	_	_	_	linguistic	_	none	_	_	_	_	_	_
396-31	BZ009	396	31	scuola,	scuola	_	_	_	_	_	linguistic	_	none	Intonation=WeaklyRising	End=1416.37	_	_	_	_
397-0	BZ009	397	0	e	e	_	_	_	_	_	linguistic	_	none	_	Begin=1416.86	_	_	_	_
397-1	BZ009	397	1	poi	poi	_	_	_	_	_	linguistic	_	none	PauseAfter=Yes	_	_	_	_	_
397-2	BZ009	397	2	(.)	(.)	_	_	_	_	_	shortpause	_	none	_	_	_	_	_	_
397-3	BZ009	397	3	da	da	_	_	_	_	_	linguistic	_	none	_	_	_	_	_	_
397-4	BZ009	397	4	diciannove	diciannove	_	_	_	_	_	linguistic	_	none	_	_	_	_	_	_
397-5	BZ009	397	5	ai	ai	_	_	_	_	_	linguistic	_	none	_	_	_	_	_	_
397-6	BZ009	397	6	trentotto	trentotto	_	_	_	_	_	linguistic	_	none	_	_	_	_	_	_
397-7	BZ009	397	7	come	come	_	_	_	_	_	linguistic	_	none	_	_	_	_	_	_
397-8	BZ009	397	8	ho	ho	_	_	_	_	_	linguistic	_	none	_	_	_	_	_	_
397-9	BZ009	397	9	fatto,	fatto	_	_	_	_	_	linguistic	_	none	Intonation=WeaklyRising	End=1420.51	_	_	_	_
398-0	BZ009	398	0	ehm	ehm	_	_	_	_	_	linguistic	_	none	_	Begin=1420.84	_	_	_	_
398-1	BZ009	398	1	n-	n-	_	_	_	_	_	linguistic	_	none	Interrupted=Yes	_	_	_	_	_
398-2	BZ009	398	2	non	non	_	_	_	_	_	linguistic	_	none	_	_	_	_	_	_
398-3	BZ009	398	3	avessi	avessi	_	_	_	_	_	linguistic	_	none	_	_	_	_	_	_
398-4	BZ009	398	4	più	più	_	_	_	_	_	linguistic	_	none	_	_	_	_	_	_
398-5	BZ009	398	5	parlato	parlato	_	_	_	_	_	linguistic	_	none	_	_	_	_	_	_
398-6	BZ009	398	6	in:	in	_	_	_	_	_	linguistic	_	none	_	_	1x1	_	_	_
398-7	BZ009	398	7	tedesco,	tedesco	_	_	_	_	_	linguistic	_	none	Intonation=WeaklyRising|PauseAfter=Yes	_	_	_	_	_
398-8	BZ009	398	8	(.)	(.)	_	_	_	_	_	shortpause	_	none	_	_	_	_	_	_
398-9	BZ009	398	9	mi	mi	_	_	_	_	_	linguistic	_	none	_	_	_	_	_	_
398-10	BZ009	398	10	sarei	sarei	_	_	_	_	_	linguistic	_	none	_	_	_	_	_	_
398-11	BZ009	398	11	ritrovato	ritrovato	_	_	_	_	_	linguistic	_	none	_	_	_	_	_	_
398-12	BZ009	398	12	certificato	certificato	_	_	_	_	_	linguistic	_	none	_	_	_	_	_	_
398-13	BZ009	398	13	senza	senza	_	_	_	_	_	linguistic	_	none	_	_	_	_	_	_
398-14	BZ009	398	14	una	una	_	_	_	_	_	linguistic	_	none	_	_	_	_	_	_
398-15	BZ009	398	15	reale	reale	_	_	_	_	_	linguistic	_	none	_	_	_	_	_	_
398-16	BZ009	398	16	conoscenza.	conoscenza	_	_	_	_	_	linguistic	_	none	Intonation=Falling	End=1428.4	_	_	_	_
399-0	BZ009	399	0	quindi,	quindi	_	_	_	_	_	linguistic	_	none	Intonation=WeaklyRising	Begin=1428.677|End=1428.9920000000002	_	_	_	_
400-0	BZ001	400	0	certo.	certo	_	_	_	_	_	linguistic	_	none	Intonation=Falling	Begin=1428.9920000000002|End=1429.447	_	_	_	_
401-0	BZ009	401	0	non	non	_	_	_	_	_	linguistic	_	none	_	Begin=1429.587	_	_	_	_
401-1	BZ009	401	1	è	è	_	_	_	_	_	linguistic	_	none	_	_	_	_	_	_
401-2	BZ009	401	2	un	un	_	_	_	_	_	linguistic	_	none	_	_	_	_	_	_
401-3	BZ009	401	3	metodo	metodo	_	_	_	_	_	linguistic	_	none	_	_	_	_	_	_
401-4	BZ009	401	4	per,	per	_	_	_	_	_	linguistic	_	none	Intonation=WeaklyRising	End=1431.387	_	_	_	_
402-0	BZ009	402	0	per	per	_	_	_	_	_	linguistic	_	none	_	Begin=1431.702	_	_	_	_
402-1	BZ009	402	1	discriminare,	discriminare	_	_	_	_	_	linguistic	_	none	Intonation=WeaklyRising	_	_	_	_	_
402-2	BZ009	402	2	eh	eh	_	_	_	_	_	linguistic	_	none	_	End=1433.03	_	_	_	_
403-0	BZ009	403	0	o	o	_	_	_	_	_	linguistic	_	none	_	Begin=1433.667	_	_	_	_
403-1	BZ009	403	1	per	per	_	_	_	_	_	linguistic	_	none	_	_	_	_	_	_
403-2	BZ009	403	2	p-	p-	_	_	_	_	_	linguistic	_	none	Interrupted=Yes	_	_	_	_	_
403-3	BZ009	403	3	p-	p-	_	_	_	_	_	linguistic	_	none	Interrupted=Yes	_	_	_	_	_
403-4	BZ009	403	4	più	più	_	_	_	_	_	linguistic	_	none	_	_	_	_	_	_
403-5	BZ009	403	5	che	che	_	_	_	_	_	linguistic	_	none	_	_	_	_	_	_
403-6	BZ009	403	6	per	per	_	_	_	_	_	linguistic	_	none	_	_	_	_	_	_
403-7	BZ009	403	7	discriminare	discriminare	_	_	_	_	_	linguistic	_	none	_	_	_	_	_	_
403-8	BZ009	403	8	per	per	_	_	_	_	_	linguistic	_	none	_	_	_	_	_	_
403-9	BZ009	403	9	<attestare>	attestare	_	_	_	_	_	linguistic	_	none	_	_	_	Slow=0-9(0)	_	_
403-10	BZ009	403	10	la	la	_	_	_	_	_	linguistic	_	none	_	_	_	_	_	_
403-11	BZ009	403	11	[conoscenza]	conoscenza	_	_	_	_	_	linguistic	_	none	_	_	_	_	_	0-10(79)
403-12	BZ009	403	12	di	di	_	_	_	_	_	linguistic	_	none	_	_	_	_	_	_
403-13	BZ009	403	13	qualcosa.	qualcosa	_	_	_	_	_	linguistic	_	none	Intonation=Falling	End=1438.697	_	_	_	_
404-0	BZ001	404	0	[mh	mh	_	_	_	_	_	linguistic	_	none	ProsodicLink=Yes	Begin=1437.227	_	_	_	0-2(79)
404-1	BZ001	404	1	mh],	mh	_	_	_	_	_	linguistic	_	none	Intonation=WeaklyRising	End=1437.707	_	_	_	0-2(79)
405-0	BZ001	405	0	certo.	certo	_	_	_	_	_	linguistic	_	none	Intonation=Falling	Begin=1438.852|End=1439.412	_	_	_	_
406-0	BZ009	406	0	eh::	eh	_	_	_	_	_	linguistic	_	none	_	Begin=1439.417	1x2	_	_	_
406-1	BZ009	406	1	questo	questo	_	_	_	_	_	linguistic	_	none	_	_	_	_	_	_
406-2	BZ009	406	2	metodo	metodo	_	_	_	_	_	linguistic	_	none	_	_	_	_	_	_
406-3	BZ009	406	3	qua.	qua	_	_	_	_	_	linguistic	_	none	Intonation=Falling	_	_	_	_	_
406-4	BZ009	406	4	o	o	_	_	_	_	_	linguistic	_	none	_	_	_	_	_	_
406-5	BZ009	406	5	si	si	_	_	_	_	_	linguistic	_	none	_	_	_	_	_	_
406-6	BZ009	406	6	fanno	fanno	_	_	_	_	_	linguistic	_	none	_	_	_	_	_	_
406-7	BZ009	406	7	poi	poi	_	_	_	_	_	linguistic	_	none	_	_	_	_	_	_
406-8	BZ009	406	8	i	i	_	_	_	_	_	linguistic	_	none	_	_	_	_	_	_
406-9	BZ009	406	9	controlli	controlli	_	_	_	_	_	linguistic	_	none	_	_	_	_	_	_
406-10	BZ009	406	10	tra	tra	_	_	_	_	_	linguistic	_	none	_	_	_	_	_	_
406-11	BZ009	406	11	virgolette	virgolette	_	_	_	_	_	linguistic	_	none	_	_	_	_	_	_
406-12	BZ009	406	12	periodici,	periodici	_	_	_	_	_	linguistic	_	none	Intonation=WeaklyRising	_	_	_	_	_
406-13	BZ009	406	13	tipo	tipo	_	_	_	_	_	linguistic	_	none	_	_	_	_	_	_
406-14	BZ009	406	14	la	la	_	_	_	_	_	linguistic	_	none	_	_	_	_	_	_
406-15	BZ009	406	15	patente	patente	_	_	_	_	_	linguistic	_	none	_	_	_	_	_	_
406-16	BZ009	406	16	di	di	_	_	_	_	_	linguistic	_	none	_	_	_	_	_	_
406-17	BZ009	406	17	guida,	guida	_	_	_	_	_	linguistic	_	none	Intonation=WeaklyRising	_	_	_	_	_
406-18	BZ009	406	18	ti[po:]	tipo	_	_	_	_	_	linguistic	_	none	_	End=1446.54	3x1	_	_	2-4(80)
407-0	BZ001	407	0	[mh	mh	_	_	_	_	_	linguistic	_	none	ProsodicLink=Yes	Begin=1445.997	_	_	_	0-2(80)
407-1	BZ001	407	1	mh].	mh	_	_	_	_	_	linguistic	_	none	Intonation=Falling	End=1446.487	_	_	_	0-2(80)
408-0	BZ009	408	0	altrimenti,	altrimenti	_	_	_	_	_	linguistic	_	none	Intonation=WeaklyRising	Begin=1447.187|End=1447.997	_	_	_	_
409-0	BZ009	409	0	la	la	_	_	_	_	_	linguistic	_	none	_	Begin=1448.367	_	_	_	_
409-1	BZ009	409	1	vedo:,	vedo	_	_	_	_	_	linguistic	_	none	Intonation=WeaklyRising	End=1449.557	3x1	_	_	_
410-0	BZ009	410	0	la	la	_	_	_	_	_	linguistic	_	none	_	Begin=1449.767	_	_	_	_
410-1	BZ009	410	1	vedo	vedo	_	_	_	_	_	linguistic	_	none	_	_	_	_	_	_
410-2	BZ009	410	2	ancora	ancora	_	_	_	_	_	linguistic	_	none	_	_	_	_	_	_
410-3	BZ009	410	3	un	un	_	_	_	_	_	linguistic	_	none	_	_	_	_	_	_
410-4	BZ009	410	4	po'	po'	_	_	_	_	_	linguistic	_	none	_	_	_	_	_	_
410-5	BZ009	410	5	quasi	quasi	_	_	_	_	_	linguistic	_	none	_	_	_	_	_	_
410-6	BZ009	410	6	un'	un'	_	_	_	_	_	linguistic	_	none	SpaceAfter=No	_	_	_	_	_
410-7	BZ009	410	7	imposizione,	imposizione	_	_	_	_	_	linguistic	_	none	Intonation=WeaklyRising	_	_	_	_	_
410-8	BZ009	410	8	così	così	_	_	_	_	_	linguistic	_	none	_	_	_	_	_	_
410-9	BZ009	410	9	strutturata,	strutturata	_	_	_	_	_	linguistic	_	none	Intonation=WeaklyRising	_	_	_	_	_
410-10	BZ009	410	10	che	che	_	_	_	_	_	linguistic	_	none	_	_	_	_	_	_
410-11	BZ009	410	11	non,	non	_	_	_	_	_	linguistic	_	none	Intonation=WeaklyRising	End=1454.307	_	_	_	_
411-0	BZ009	411	0	non	non	_	_	_	_	_	linguistic	_	none	_	Begin=1454.822	_	_	_	_
411-1	BZ009	411	1	porta	porta	_	_	_	_	_	linguistic	_	none	_	_	_	_	_	_
411-2	BZ009	411	2	da	da	_	_	_	_	_	linguistic	_	none	_	_	_	_	_	_
411-3	BZ009	411	3	nessuna	nessuna	_	_	_	_	_	linguistic	_	none	_	_	_	_	_	_
411-4	BZ009	411	4	parte	parte	_	_	_	_	_	linguistic	_	none	_	_	_	_	_	_
411-5	BZ009	411	5	ecco.	ecco	_	_	_	_	_	linguistic	_	none	Intonation=Falling	End=1456.592	_	_	_	_
412-0	BZ001	412	0	mh	mh	_	_	_	_	_	linguistic	_	none	ProsodicLink=Yes	Begin=1456.732	_	_	_	_
412-1	BZ001	412	1	mh.	mh	_	_	_	_	_	linguistic	_	none	Intonation=Falling	End=1457.452	_	_	_	_
413-0	BZ001	413	0	okay,	okay	_	_	_	_	_	linguistic	_	none	Intonation=WeaklyRising	Begin=1457.697	_	_	_	_
413-1	BZ001	413	1	grazie	grazie	_	_	_	_	_	linguistic	_	none	_	_	_	_	_	_
413-2	BZ001	413	2	mille.	mille	_	_	_	_	_	linguistic	_	none	Intonation=Falling	End=1459.317	_	_	_	_
414-0	BZ009	414	0	grazie	grazie	_	_	_	_	_	linguistic	_	none	_	Begin=1459.332	_	_	_	_
414-1	BZ009	414	1	a	a	_	_	_	_	_	linguistic	_	none	_	_	_	_	_	_
414-2	BZ009	414	2	voi.	voi	_	_	_	_	_	linguistic	_	none	Intonation=Falling	End=1460.132	_	_	_	_
415-0	BZ001	415	0	grazie.	grazie	_	_	_	_	_	linguistic	_	none	Intonation=Falling	Begin=1460.132|End=1460.842	_	_	_	_
