token_id	speaker	tu_id	id	span	form	lemma	upos	xpos	feats	deprel	type	meta_label	variation	jefferson_feats	align	prolongations	pace	guesses	overlaps
0-0	BZ001	0	0	ecco.	ecco	_	_	_	_	_	linguistic	_	none	Intonation=Falling	Begin=1.86	_	_	_	_
0-1	BZ001	0	1	sto	sto	_	_	_	_	_	linguistic	_	none	_	_	_	_	_	_
0-2	BZ001	0	2	registrando,	registrando	_	_	_	_	_	linguistic	_	none	Intonation=WeaklyRising	End=3.26	_	_	_	_
1-0	BZ001	1	0	eh	eh	_	_	_	_	_	linguistic	_	none	_	Begin=3.68	_	_	_	_
1-1	BZ001	1	1	io	io	_	_	_	_	_	linguistic	_	none	_	_	_	_	_	_
1-2	BZ001	1	2	allora:	allora	_	_	_	_	_	linguistic	_	none	_	_	5x1	_	_	_
1-3	BZ001	1	3	ti	ti	_	_	_	_	_	linguistic	_	none	_	_	_	_	_	_
1-4	BZ001	1	4	chiederei	chiederei	_	_	_	_	_	linguistic	_	none	_	_	_	_	_	_
1-5	BZ001	1	5	di	di	_	_	_	_	_	linguistic	_	none	_	_	_	_	_	_
1-6	BZ001	1	6	raccontarmi	raccontarmi	_	_	_	_	_	linguistic	_	none	_	_	_	_	_	_
1-7	BZ001	1	7	un	un	_	_	_	_	_	linguistic	_	none	_	_	_	_	_	_
1-8	BZ001	1	8	po':	po'	_	_	_	_	_	linguistic	_	none	_	_	1x1	_	_	_
1-9	BZ001	1	9	che	che	_	_	_	_	_	linguistic	_	none	_	_	_	_	_	_
1-10	BZ001	1	10	lingue	lingue	_	_	_	_	_	linguistic	_	none	_	_	_	_	_	_
1-11	BZ001	1	11	conosci	conosci	_	_	_	_	_	linguistic	_	none	_	_	_	_	_	_
1-12	BZ001	1	12	che	che	_	_	_	_	_	linguistic	_	none	_	_	_	_	_	_
1-13	BZ001	1	13	ruolo	ruolo	_	_	_	_	_	linguistic	_	none	_	_	_	_	_	_
1-14	BZ001	1	14	hanno	hanno	_	_	_	_	_	linguistic	_	none	_	_	_	_	_	_
1-15	BZ001	1	15	nella	nella	_	_	_	_	_	linguistic	_	none	_	_	_	_	_	_
1-16	BZ001	1	16	tua	tua	_	_	_	_	_	linguistic	_	none	_	_	_	_	_	_
1-17	BZ001	1	17	vita,	vita	_	_	_	_	_	linguistic	_	none	Intonation=WeaklyRising	End=8.63	_	_	_	_
2-0	BZ002	2	0	okay.	okay	_	_	_	_	_	linguistic	_	none	Intonation=Falling|PauseAfter=Yes	Begin=8.95	_	_	_	_
2-1	BZ002	2	1	(.)	(.)	_	_	_	_	_	shortpause	_	none	_	_	_	_	_	_
2-2	BZ002	2	2	be'	be'	_	_	_	_	_	linguistic	_	none	Truncated=Yes	_	_	_	_	_
2-3	BZ002	2	3	allora	allora	_	_	_	_	_	linguistic	_	none	_	_	_	_	_	_
2-4	BZ002	2	4	la	la	_	_	_	_	_	linguistic	_	none	_	_	_	_	_	_
2-5	BZ002	2	5	mia	mia	_	_	_	_	_	linguistic	_	none	_	_	_	_	_	_
2-6	BZ002	2	6	lingua:	lingua	_	_	_	_	_	linguistic	_	none	_	_	5x1	_	_	_
2-7	BZ002	2	7	madrelingua	madrelingua	_	_	_	_	_	linguistic	_	none	_	_	_	_	_	_
2-8	BZ002	2	8	è	è	_	_	_	_	_	linguistic	_	none	_	_	_	_	_	_
2-9	BZ002	2	9	l'	l'	_	_	_	_	_	linguistic	_	none	SpaceAfter=No	_	_	_	_	_
2-10	BZ002	2	10	italiano,	italiano	_	_	_	_	_	linguistic	_	none	Intonation=WeaklyRising	_	_	_	_	_
2-11	BZ002	2	11	perché	perché	_	_	_	_	_	linguistic	_	none	_	_	_	_	_	_
2-12	BZ002	2	12	sia	sia	_	_	_	_	_	linguistic	_	none	_	_	_	_	_	_
2-13	BZ002	2	13	mia	mia	_	_	_	_	_	linguistic	_	none	_	_	_	_	_	_
2-14	BZ002	2	14	madre	madre	_	_	_	_	_	linguistic	_	none	_	_	_	_	_	_
2-15	BZ002	2	15	che	che	_	_	_	_	_	linguistic	_	none	_	_	_	_	_	_
2-16	BZ002	2	16	mio	mio	_	_	_	_	_	linguistic	_	none	_	_	_	_	_	_
2-17	BZ002	2	17	padre	padre	_	_	_	_	_	linguistic	_	none	_	_	_	_	_	_
2-18	BZ002	2	18	sono	sono	_	_	_	_	_	linguistic	_	none	_	_	_	_	_	_
2-19	BZ002	2	19	italiani,	italiani	_	_	_	_	_	linguistic	_	none	Intonation=WeaklyRising	End=15.29	_	_	_	_
3-0	BZ002	3	0	poi:	poi	_	_	_	_	_	linguistic	_	none	_	Begin=16.46	2x1	_	_	_
3-1	BZ002	3	1	da::ll'	dall'	_	_	_	_	_	linguistic	_	none	SpaceAfter=No	_	1x2	_	_	_
3-2	BZ002	3	2	asilo,	asilo	_	_	_	_	_	linguistic	_	none	Intonation=WeaklyRising|PauseAfter=Yes	_	_	_	_	_
3-3	BZ002	3	3	(.)	(.)	_	_	_	_	_	shortpause	_	none	_	_	_	_	_	_
3-4	BZ002	3	4	ho	ho	_	_	_	_	_	linguistic	_	none	_	_	_	_	_	_
3-5	BZ002	3	5	iniziato	iniziato	_	_	_	_	_	linguistic	_	none	_	_	_	_	_	_
3-6	BZ002	3	6	a	a	_	_	_	_	_	linguistic	_	none	_	_	_	_	_	_
3-7	BZ002	3	7	studiare	studiare	_	_	_	_	_	linguistic	_	none	_	_	_	_	_	_
3-8	BZ002	3	8	sia	sia	_	_	_	_	_	linguistic	_	none	_	_	_	_	_	_
3-9	BZ002	3	9	tedesco	tedesco	_	_	_	_	_	linguistic	_	none	_	_	_	_	_	_
3-10	BZ002	3	10	che	che	_	_	_	_	_	linguistic	_	none	_	_	_	_	_	_
3-11	BZ002	3	11	inglese,	inglese	_	_	_	_	_	linguistic	_	none	Intonation=WeaklyRising	End=21.6	_	_	_	_
4-0	BZ002	4	0	ho	ho	_	_	_	_	_	linguistic	_	none	_	Begin=21.92	_	_	_	_
4-1	BZ002	4	1	iniziato	iniziato	_	_	_	_	_	linguistic	_	none	_	_	_	_	_	_
4-2	BZ002	4	2	a	a	_	_	_	_	_	linguistic	_	none	_	_	_	_	_	_
4-3	BZ002	4	3	fare	fare	_	_	_	_	_	linguistic	_	none	_	_	_	_	_	_
4-4	BZ002	4	4	inglese	inglese	_	_	_	_	_	linguistic	_	none	_	_	_	_	_	_
4-5	BZ002	4	5	anche	anche	_	_	_	_	_	linguistic	_	none	_	_	_	_	_	_
4-6	BZ002	4	6	all'	all'	_	_	_	_	_	linguistic	_	none	SpaceAfter=No	_	_	_	_	_
4-7	BZ002	4	7	asilo,	asilo	_	_	_	_	_	linguistic	_	none	Intonation=WeaklyRising	End=24.09	_	_	_	_
5-0	BZ001	5	0	[mh].	mh	_	_	_	_	_	linguistic	_	none	Intonation=Falling	Begin=24.74|End=25.21	_	_	_	0-2(0)
6-0	BZ002	6	0	[eh:]:m:	ehm	_	_	_	_	_	linguistic	_	none	_	Begin=24.75|End=26.06	1x2,2x1	_	_	0-2(0)
7-0	BZ002	7	0	tedesco::,	tedesco	_	_	_	_	_	linguistic	_	none	Intonation=WeaklyRising	Begin=27.1|End=28.46	6x2	_	_	_
8-0	BZ002	8	0	poi	poi	_	_	_	_	_	linguistic	_	none	_	Begin=28.838	_	_	_	_
8-1	BZ002	8	1	l'	l'	_	_	_	_	_	linguistic	_	none	SpaceAfter=No	_	_	_	_	_
8-2	BZ002	8	2	ho	ho	_	_	_	_	_	linguistic	_	none	_	_	_	_	_	_
8-3	BZ002	8	3	sempre	sempre	_	_	_	_	_	linguistic	_	none	_	_	_	_	_	_
8-4	BZ002	8	4	studiato	studiato	_	_	_	_	_	linguistic	_	none	_	_	_	_	_	_
8-5	BZ002	8	5	sia	sia	_	_	_	_	_	linguistic	_	none	_	_	_	_	_	_
8-6	BZ002	8	6	alle	alle	_	_	_	_	_	linguistic	_	none	_	_	_	_	_	_
8-7	BZ002	8	7	elementari	elementari	_	_	_	_	_	linguistic	_	none	_	_	_	_	_	_
8-8	BZ002	8	8	come	come	_	_	_	_	_	linguistic	_	none	_	_	_	_	_	_
8-9	BZ002	8	9	seconda	seconda	_	_	_	_	_	linguistic	_	none	_	_	_	_	_	_
8-10	BZ002	8	10	lingua	lingua	_	_	_	_	_	linguistic	_	none	PauseAfter=Yes	_	_	_	_	_
8-11	BZ002	8	11	(.)	(.)	_	_	_	_	_	shortpause	_	none	_	_	_	_	_	_
8-12	BZ002	8	12	e	e	_	_	_	_	_	linguistic	_	none	_	_	_	_	_	_
8-13	BZ002	8	13	alle	alle	_	_	_	_	_	linguistic	_	none	_	_	_	_	_	_
8-14	BZ002	8	14	elementari	elementari	_	_	_	_	_	linguistic	_	none	_	_	_	_	_	_
8-15	BZ002	8	15	ero	ero	_	_	_	_	_	linguistic	_	none	_	_	_	_	_	_
8-16	BZ002	8	16	anche	anche	_	_	_	_	_	linguistic	_	none	_	_	_	_	_	_
8-17	BZ002	8	17	piuttosto,	piuttosto	_	_	_	_	_	linguistic	_	none	Intonation=WeaklyRising	End=34.598	_	_	_	_
9-0	BZ002	9	0	bravina,	bravina	_	_	_	_	_	linguistic	_	none	Intonation=WeaklyRising|PauseAfter=Yes	Begin=35.053	_	_	_	_
9-1	BZ002	9	1	(.)	(.)	_	_	_	_	_	shortpause	_	none	_	_	_	_	_	_
9-2	BZ002	9	2	poi	poi	_	_	_	_	_	linguistic	_	none	_	End=36.323	_	_	_	_
10-0	BZ002	10	0	si	si	_	_	_	_	_	linguistic	_	none	_	Begin=36.683	_	_	_	_
10-1	BZ002	10	1	è	è	_	_	_	_	_	linguistic	_	none	_	_	_	_	_	_
10-2	BZ002	10	2	un	un	_	_	_	_	_	linguistic	_	none	_	_	_	_	_	_
10-3	BZ002	10	3	po'	po'	_	_	_	_	_	linguistic	_	none	_	_	_	_	_	_
10-4	BZ002	10	4	fermata	fermata	_	_	_	_	_	linguistic	_	none	_	_	_	_	_	_
10-5	BZ002	10	5	là,	là	_	_	_	_	_	linguistic	_	none	Intonation=WeaklyRising	End=37.813	_	_	_	_
11-0	BZ002	11	0	e:	e	_	_	_	_	_	linguistic	_	none	_	Begin=38.363	0x1	_	_	_
11-1	BZ002	11	1	adesso,	adesso	_	_	_	_	_	linguistic	_	none	Intonation=WeaklyRising	End=40.083	_	_	_	_
12-0	BZ002	12	0	l:o	lo	_	_	_	_	_	linguistic	_	none	_	Begin=40.163	0x1	_	_	_
12-1	BZ002	12	1	scorso	scorso	_	_	_	_	_	linguistic	_	none	_	_	_	_	_	_
12-2	BZ002	12	2	anno	anno	_	_	_	_	_	linguistic	_	none	_	_	_	_	_	_
12-3	BZ002	12	3	ultimi	ultimi	_	_	_	_	_	linguistic	_	none	_	_	_	_	_	_
12-4	BZ002	12	4	dieci	dieci	_	_	_	_	_	linguistic	_	none	_	_	_	_	_	_
12-5	BZ002	12	5	mesi,	mesi	_	_	_	_	_	linguistic	_	none	Intonation=WeaklyRising	_	_	_	_	_
12-6	BZ002	12	6	ho	ho	_	_	_	_	_	linguistic	_	none	_	_	_	_	_	_
12-7	BZ002	12	7	iniziato	iniziato	_	_	_	_	_	linguistic	_	none	_	_	_	_	_	_
12-8	BZ002	12	8	a	a	_	_	_	_	_	linguistic	_	none	_	_	_	_	_	_
12-9	BZ002	12	9	studiare	studiare	_	_	_	_	_	linguistic	_	none	_	_	_	_	_	_
12-10	BZ002	12	10	cinese	cinese	_	_	_	_	_	linguistic	_	none	_	_	_	_	_	_
12-11	BZ002	12	11	ma	ma	_	_	_	_	_	linguistic	_	none	_	_	_	_	_	_
12-12	BZ002	12	12	quello	quello	_	_	_	_	_	linguistic	_	none	_	_	_	_	_	_
12-13	BZ002	12	13	molto	molto	_	_	_	_	_	linguistic	_	none	_	_	_	_	_	_
12-14	BZ002	12	14	livello,	livello	_	_	_	_	_	linguistic	_	none	Intonation=WeaklyRising	End=45.783	_	_	_	_
13-0	BZ002	13	0	eh::	eh	_	_	_	_	_	linguistic	_	none	_	Begin=46.233	1x2	_	_	_
13-1	BZ002	13	1	base,	base	_	_	_	_	_	linguistic	_	none	Intonation=WeaklyRising	End=47.693	_	_	_	_
14-0	BZ001	14	0	mh	mh	_	_	_	_	_	linguistic	_	none	ProsodicLink=Yes	Begin=48.023	_	_	_	_
14-1	BZ001	14	1	mh,	mh	_	_	_	_	_	linguistic	_	none	Intonation=WeaklyRising	End=48.413	_	_	_	_
15-0	BZ002	15	0	quindi	quindi	_	_	_	_	_	linguistic	_	none	_	Begin=48.423	_	_	_	_
15-1	BZ002	15	1	per	per	_	_	_	_	_	linguistic	_	none	_	_	_	_	_	_
15-2	BZ002	15	2	ora	ora	_	_	_	_	_	linguistic	_	none	_	_	_	_	_	_
15-3	BZ002	15	3	diciamo	diciamo	_	_	_	_	_	linguistic	_	none	_	_	_	_	_	_
15-4	BZ002	15	4	che	che	_	_	_	_	_	linguistic	_	none	_	_	_	_	_	_
15-5	BZ002	15	5	le	le	_	_	_	_	_	linguistic	_	none	_	_	_	_	_	_
15-6	BZ002	15	6	lingue	lingue	_	_	_	_	_	linguistic	_	none	_	_	_	_	_	_
15-7	BZ002	15	7	che	che	_	_	_	_	_	linguistic	_	none	_	_	_	_	_	_
15-8	BZ002	15	8	conosco	conosco	_	_	_	_	_	linguistic	_	none	_	_	_	_	_	_
15-9	BZ002	15	9	sono:,	sono	_	_	_	_	_	linguistic	_	none	Intonation=WeaklyRising	End=51.453	3x1	_	_	_
16-0	BZ002	16	0	sicuramente	sicuramente	_	_	_	_	_	linguistic	_	none	_	Begin=51.873	_	_	_	_
16-1	BZ002	16	1	l'	l'	_	_	_	_	_	linguistic	_	none	SpaceAfter=No	_	_	_	_	_
16-2	BZ002	16	2	italiano	italiano	_	_	_	_	_	linguistic	_	none	_	_	_	_	_	_
16-3	BZ002	16	3	prima	prima	_	_	_	_	_	linguistic	_	none	_	_	_	_	_	_
16-4	BZ002	16	4	lingua,	lingua	_	_	_	_	_	linguistic	_	none	Intonation=WeaklyRising	_	_	_	_	_
16-5	BZ002	16	5	mh	mh	_	_	_	_	_	linguistic	_	none	_	End=54.653	_	_	_	_
17-0	BZ002	17	0	inglese	inglese	_	_	_	_	_	linguistic	_	none	_	Begin=54.908	_	_	_	_
17-1	BZ002	17	1	un	un	_	_	_	_	_	linguistic	_	none	PauseAfter=Yes	_	_	_	_	_
17-2	BZ002	17	2	(.)	(.)	_	_	_	_	_	shortpause	_	none	_	_	_	_	_	_
17-3	BZ002	17	3	livello	livello	_	_	_	_	_	linguistic	_	none	_	_	_	_	_	_
17-4	BZ002	17	4	ci	ci	_	_	_	_	_	linguistic	_	none	_	_	_	_	_	_
17-5	BZ002	17	5	uno,	uno	_	_	_	_	_	linguistic	_	none	Intonation=WeaklyRising	End=57.348	_	_	_	_
18-0	BZ002	18	0	tedesco	tedesco	_	_	_	_	_	linguistic	_	none	_	Begin=57.583	_	_	_	_
18-1	BZ002	18	1	un	un	_	_	_	_	_	linguistic	_	none	_	_	_	_	_	_
18-2	BZ002	18	2	po'	po'	_	_	_	_	_	linguistic	_	none	_	_	_	_	_	_
18-3	BZ002	18	3	più:	più	_	_	_	_	_	linguistic	_	none	_	_	2x1	_	_	_
18-4	BZ002	18	4	bassino	bassino	_	_	_	_	_	linguistic	_	none	_	_	_	_	_	_
18-5	BZ002	18	5	((ridendo))	((ridendo))	_	_	_	_	_	nonverbalbehavior	_	none	_	_	_	_	_	_
18-6	BZ002	18	6	bi	bi	_	_	_	_	_	linguistic	_	none	_	_	_	_	_	_
18-7	BZ002	18	7	due,	due	_	_	_	_	_	linguistic	_	none	Intonation=WeaklyRising	End=60.293	_	_	_	_
19-0	BZ002	19	0	e	e	_	_	_	_	_	linguistic	_	none	_	Begin=60.613	_	_	_	_
19-1	BZ002	19	1	cinese	cinese	_	_	_	_	_	linguistic	_	none	_	_	_	_	_	_
19-2	BZ002	19	2	ho	ho	_	_	_	_	_	linguistic	_	none	_	_	_	_	_	_
19-3	BZ002	19	3	appena	appena	_	_	_	_	_	linguistic	_	none	_	_	_	_	_	_
19-4	BZ002	19	4	finito,	finito	_	_	_	_	_	linguistic	_	none	Intonation=WeaklyRising	End=62.623	_	_	_	_
20-0	BZ002	20	0	a-	a-	_	_	_	_	_	linguistic	_	none	Interrupted=Yes	Begin=63.013	_	_	_	_
20-1	BZ002	20	1	le	le	_	_	_	_	_	linguistic	_	none	_	_	_	_	_	_
20-2	BZ002	20	2	l'	l'	_	_	_	_	_	linguistic	_	none	SpaceAfter=No	_	_	_	_	_
20-3	BZ002	20	3	hsk	hsk	_	_	_	_	_	linguistic	_	none	_	_	_	_	_	_
20-4	BZ002	20	4	uno.	uno	_	_	_	_	_	linguistic	_	none	Intonation=Falling	End=64.553	_	_	_	_
21-0	BZ002	21	0	[e::]	e	_	_	_	_	_	linguistic	_	none	_	Begin=65.508|End=66.408	0x2	_	_	0-1(1)
22-0	BZ001	22	0	[e]	e	_	_	_	_	_	linguistic	_	none	_	Begin=65.993	_	_	_	0-1(1)
22-1	BZ001	22	1	cioè?	cioè	_	_	_	_	_	linguistic	_	none	Intonation=Rising	_	_	_	_	_
22-2	BZ001	22	2	cos'	cos'	_	_	_	_	_	linguistic	_	none	SpaceAfter=No	_	_	_	_	_
22-3	BZ001	22	3	è	è	_	_	_	_	_	linguistic	_	none	_	_	_	_	_	_
22-4	BZ001	22	4	questo?	questo	_	_	_	_	_	linguistic	_	none	Intonation=Rising	End=67.133	_	_	_	_
23-0	BZ002	23	0	è	è	_	_	_	_	_	linguistic	_	none	_	Begin=67.338	_	_	_	_
23-1	BZ002	23	1	tipo::	tipo	_	_	_	_	_	linguistic	_	none	_	_	3x2	_	_	_
23-2	BZ002	23	2	non	non	_	_	_	_	_	linguistic	_	none	_	_	_	_	_	_
23-3	BZ002	23	3	so	so	_	_	_	_	_	linguistic	_	none	_	_	_	_	_	_
23-4	BZ002	23	4	bene	bene	_	_	_	_	_	linguistic	_	none	_	_	_	_	_	_
23-5	BZ002	23	5	perché	perché	_	_	_	_	_	linguistic	_	none	_	_	_	_	_	_
23-6	BZ002	23	6	sono	sono	_	_	_	_	_	linguistic	_	none	_	_	_	_	_	_
23-7	BZ002	23	7	dal:	dal	_	_	_	_	_	linguistic	_	none	_	_	2x1	_	_	_
23-8	BZ002	23	8	livello	livello	_	_	_	_	_	linguistic	_	none	_	_	_	_	_	_
23-9	BZ002	23	9	uno	uno	_	_	_	_	_	linguistic	_	none	_	_	_	_	_	_
23-10	BZ002	23	10	al	al	_	_	_	_	_	linguistic	_	none	_	_	_	_	_	_
23-11	BZ002	23	11	sei,	sei	_	_	_	_	_	linguistic	_	none	Intonation=WeaklyRising	End=71.398	_	_	_	_
24-0	BZ002	24	0	e	e	_	_	_	_	_	linguistic	_	none	_	Begin=71.748	_	_	_	_
24-1	BZ002	24	1	penso	penso	_	_	_	_	_	linguistic	_	none	_	_	_	_	_	_
24-2	BZ002	24	2	sia	sia	_	_	_	_	_	linguistic	_	none	_	_	_	_	_	_
24-3	BZ002	24	3	tipo	tipo	_	_	_	_	_	linguistic	_	none	_	_	_	_	_	_
24-4	BZ002	24	4	un	un	_	_	_	_	_	linguistic	_	none	_	_	_	_	_	_
24-5	BZ002	24	5	a	a	_	_	_	_	_	linguistic	_	none	_	_	_	_	_	_
24-6	BZ002	24	6	uno	uno	_	_	_	_	_	linguistic	_	none	_	_	_	_	_	_
24-7	BZ002	24	7	a	a	_	_	_	_	_	linguistic	_	none	_	_	_	_	_	_
24-8	BZ002	24	8	due,	due	_	_	_	_	_	linguistic	_	none	Intonation=WeaklyRising	End=73.878	_	_	_	_
25-0	BZ002	25	0	e::	e	_	_	_	_	_	linguistic	_	none	_	Begin=74.665	0x2	_	_	_
25-1	BZ002	25	1	adesso	adesso	_	_	_	_	_	linguistic	_	none	_	_	_	_	_	_
25-2	BZ002	25	2	sto	sto	_	_	_	_	_	linguistic	_	none	_	_	_	_	_	_
25-3	BZ002	25	3	facendo	facendo	_	_	_	_	_	linguistic	_	none	_	_	_	_	_	_
25-4	BZ002	25	4	l'	l'	_	_	_	_	_	linguistic	_	none	SpaceAfter=No	_	_	_	_	_
25-5	BZ002	25	5	hsk	hsk	_	_	_	_	_	linguistic	_	none	_	_	_	_	_	_
25-6	BZ002	25	6	due,	due	_	_	_	_	_	linguistic	_	none	Intonation=WeaklyRising	_	_	_	_	_
25-7	BZ002	25	7	che	che	_	_	_	_	_	linguistic	_	none	_	_	_	_	_	_
25-8	BZ002	25	8	penso	penso	_	_	_	_	_	linguistic	_	none	_	_	_	_	_	_
25-9	BZ002	25	9	sia	sia	_	_	_	_	_	linguistic	_	none	_	_	_	_	_	_
25-10	BZ002	25	10	tipo	tipo	_	_	_	_	_	linguistic	_	none	_	_	_	_	_	_
25-11	BZ002	25	11	più	più	_	_	_	_	_	linguistic	_	none	_	_	_	_	_	_
25-12	BZ002	25	12	un	un	_	_	_	_	_	linguistic	_	none	_	_	_	_	_	_
25-13	BZ002	25	13	a	a	_	_	_	_	_	linguistic	_	none	_	_	_	_	_	_
25-14	BZ002	25	14	due,	due	_	_	_	_	_	linguistic	_	none	Intonation=WeaklyRising	End=79.575	_	_	_	_
26-0	BZ002	26	0	a	a	_	_	_	_	_	linguistic	_	none	_	Begin=80.845	_	_	_	_
26-1	BZ002	26	1	due.	due	_	_	_	_	_	linguistic	_	none	Intonation=Falling	End=81.255	_	_	_	_
27-0	BZ002	27	0	e::	e	_	_	_	_	_	linguistic	_	none	_	Begin=82.285	0x2	_	_	_
27-1	BZ002	27	1	niente	niente	_	_	_	_	_	linguistic	_	none	_	_	_	_	_	_
27-2	BZ002	27	2	in	in	_	_	_	_	_	linguistic	_	none	_	_	_	_	_	_
27-3	BZ002	27	3	casa	casa	_	_	_	_	_	linguistic	_	none	_	_	_	_	_	_
27-4	BZ002	27	4	mia	mia	_	_	_	_	_	linguistic	_	none	_	_	_	_	_	_
27-5	BZ002	27	5	parlano	parlano	_	_	_	_	_	linguistic	_	none	_	_	_	_	_	_
27-6	BZ002	27	6	napoletano.	napoletano	_	_	_	_	_	linguistic	_	none	Intonation=Falling	End=84.925	_	_	_	_
28-0	BZ002	28	0	m:a	ma	_	_	_	_	_	linguistic	_	none	_	Begin=85.08	0x1	_	_	_
28-1	BZ002	28	1	io	io	_	_	_	_	_	linguistic	_	none	_	_	_	_	_	_
28-2	BZ002	28	2	non	non	_	_	_	_	_	linguistic	_	none	_	_	_	_	_	_
28-3	BZ002	28	3	lo	lo	_	_	_	_	_	linguistic	_	none	_	_	_	_	_	_
28-4	BZ002	28	4	so	so	_	_	_	_	_	linguistic	_	none	_	_	_	_	_	_
28-5	BZ002	28	5	ben	ben	_	_	_	_	_	linguistic	_	none	_	_	_	_	_	_
28-6	BZ002	28	6	parlare	parlare	_	_	_	_	_	linguistic	_	none	_	_	_	_	_	_
28-7	BZ002	28	7	lo	lo	_	_	_	_	_	linguistic	_	none	_	_	_	_	_	_
28-8	BZ002	28	8	so	so	_	_	_	_	_	linguistic	_	none	_	_	_	_	_	_
28-9	BZ002	28	9	più	più	_	_	_	_	_	linguistic	_	none	_	_	_	_	_	_
28-10	BZ002	28	10	che	che	_	_	_	_	_	linguistic	_	none	_	_	_	_	_	_
28-11	BZ002	28	11	altro	altro	_	_	_	_	_	linguistic	_	none	_	_	_	_	_	_
28-12	BZ002	28	12	capire.	capire	_	_	_	_	_	linguistic	_	none	Intonation=Falling	End=88.63	_	_	_	_
29-0	BZ002	29	0	e::	e	_	_	_	_	_	linguistic	_	none	_	Begin=89.79|End=90.7	0x2	_	_	_
30-0	BZ002	30	0	è	è	_	_	_	_	_	linguistic	_	none	_	Begin=91.317	_	_	_	_
30-1	BZ002	30	1	un	un	_	_	_	_	_	linguistic	_	none	_	_	_	_	_	_
30-2	BZ002	30	2	po'::	po'	_	_	_	_	_	linguistic	_	none	_	_	1x2	_	_	_
30-3	BZ002	30	3	mixato	mixato	_	_	_	_	_	linguistic	_	none	_	_	_	_	_	_
30-4	BZ002	30	4	col	col	_	_	_	_	_	linguistic	_	none	_	_	_	_	_	_
30-5	BZ002	30	5	veneto	veneto	_	_	_	_	_	linguistic	_	none	_	_	_	_	_	_
30-6	BZ002	30	6	perché	perché	_	_	_	_	_	linguistic	_	none	_	_	_	_	_	_
30-7	BZ002	30	7	mia	mia	_	_	_	_	_	linguistic	_	none	_	_	_	_	_	_
30-8	BZ002	30	8	mamma	mamma	_	_	_	_	_	linguistic	_	none	_	_	_	_	_	_
30-9	BZ002	30	9	cioè	cioè	_	_	_	_	_	linguistic	_	none	_	_	_	_	_	_
30-10	BZ002	30	10	i	i	_	_	_	_	_	linguistic	_	none	_	_	_	_	_	_
30-11	BZ002	30	11	miei	miei	_	_	_	_	_	linguistic	_	none	_	_	_	_	_	_
30-12	BZ002	30	12	nonni	nonni	_	_	_	_	_	linguistic	_	none	_	_	_	_	_	_
30-13	BZ002	30	13	da	da	_	_	_	_	_	linguistic	_	none	_	_	_	_	_	_
30-14	BZ002	30	14	par-	par-	_	_	_	_	_	linguistic	_	none	Interrupted=Yes	_	_	_	_	_
30-15	BZ002	30	15	>tutti	tutti	_	_	_	_	_	linguistic	_	none	_	_	_	Fast=0-5(0)	_	_
30-16	BZ002	30	16	i	i	_	_	_	_	_	linguistic	_	none	_	_	_	Fast=0-1(0)	_	_
30-17	BZ002	30	17	parenti<	parenti	_	_	_	_	_	linguistic	_	none	_	_	_	Fast=0-7(0)	_	_
30-18	BZ002	30	18	da	da	_	_	_	_	_	linguistic	_	none	_	_	_	_	_	_
30-19	BZ002	30	19	parte	parte	_	_	_	_	_	linguistic	_	none	_	_	_	_	_	_
30-20	BZ002	30	20	di	di	_	_	_	_	_	linguistic	_	none	_	_	_	_	_	_
30-21	BZ002	30	21	mia	mia	_	_	_	_	_	linguistic	_	none	_	_	_	_	_	_
30-22	BZ002	30	22	mamma	mamma	_	_	_	_	_	linguistic	_	none	_	_	_	_	_	_
30-23	BZ002	30	23	sono	sono	_	_	_	_	_	linguistic	_	none	_	_	_	_	_	_
30-24	BZ002	30	24	veneti	veneti	_	_	_	_	_	linguistic	_	none	_	_	_	_	_	_
30-25	BZ002	30	25	quindi	quindi	_	_	_	_	_	linguistic	_	none	_	_	_	_	_	_
30-26	BZ002	30	26	ho	ho	_	_	_	_	_	linguistic	_	none	_	_	_	_	_	_
30-27	BZ002	30	27	un	un	_	_	_	_	_	linguistic	_	none	_	_	_	_	_	_
30-28	BZ002	30	28	po'	po'	_	_	_	_	_	linguistic	_	none	_	_	_	_	_	_
30-29	BZ002	30	29	un	un	_	_	_	_	_	linguistic	_	none	_	_	_	_	_	_
30-30	BZ002	30	30	misciotto	misciotto	_	_	_	_	_	linguistic	_	none	_	_	_	_	_	_
30-31	BZ002	30	31	di:	di	_	_	_	_	_	linguistic	_	none	_	_	1x1	_	_	_
30-32	BZ002	30	32	dialetti:	dialetti	_	_	_	_	_	linguistic	_	none	_	_	7x1	_	_	_
30-33	BZ002	30	33	in	in	_	_	_	_	_	linguistic	_	none	_	_	_	_	_	_
30-34	BZ002	30	34	casa.	casa	_	_	_	_	_	linguistic	_	none	Intonation=Falling	End=100.637	_	_	_	_
31-0	BZ001	31	0	tua	tua	_	_	_	_	_	linguistic	_	none	_	Begin=100.977	_	_	_	_
31-1	BZ001	31	1	mamma	mamma	_	_	_	_	_	linguistic	_	none	_	_	_	_	_	_
31-2	BZ001	31	2	parla	parla	_	_	_	_	_	linguistic	_	none	_	_	_	_	_	_
31-3	BZ001	31	3	veneto?	veneto	_	_	_	_	_	linguistic	_	none	Intonation=Rising	End=102.007	_	_	_	_
32-0	BZ002	32	0	mia	mia	_	_	_	_	_	linguistic	_	none	_	Begin=102.086	_	_	_	_
32-1	BZ002	32	1	mamma	mamma	_	_	_	_	_	linguistic	_	none	_	_	_	_	_	_
32-2	BZ002	32	2	mh	mh	_	_	_	_	_	linguistic	_	none	_	_	_	_	_	_
32-3	BZ002	32	3	è	è	_	_	_	_	_	linguistic	_	none	_	_	_	_	_	_
32-4	BZ002	32	4	nata	nata	_	_	_	_	_	linguistic	_	none	_	_	_	_	_	_
32-5	BZ002	32	5	a	a	_	_	_	_	_	linguistic	_	none	_	_	_	_	_	_
32-6	BZ002	32	6	bolzano,	bolzano	_	_	_	_	_	linguistic	_	none	Intonation=WeaklyRising|PauseAfter=Yes	_	_	_	_	_
32-7	BZ002	32	7	(.)	(.)	_	_	_	_	_	shortpause	_	none	_	_	_	_	_	_
32-8	BZ002	32	8	però	però	_	_	_	_	_	linguistic	_	none	_	_	_	_	_	_
32-9	BZ002	32	9	tutti	tutti	_	_	_	_	_	linguistic	_	none	_	_	_	_	_	_
32-10	BZ002	32	10	i	i	_	_	_	_	_	linguistic	_	none	_	_	_	_	_	_
32-11	BZ002	32	11	miei	miei	_	_	_	_	_	linguistic	_	none	_	_	_	_	_	_
32-12	BZ002	32	12	due	due	_	_	_	_	_	linguistic	_	none	_	_	_	_	_	_
32-13	BZ002	32	13	nonni	nonni	_	_	_	_	_	linguistic	_	none	_	_	_	_	_	_
32-14	BZ002	32	14	sono	sono	_	_	_	_	_	linguistic	_	none	_	_	_	_	_	_
32-15	BZ002	32	15	veneti	veneti	_	_	_	_	_	linguistic	_	none	_	_	_	_	_	_
32-16	BZ002	32	16	e:	e	_	_	_	_	_	linguistic	_	none	_	_	0x1	_	_	_
32-17	BZ002	32	17	ha	ha	_	_	_	_	_	linguistic	_	none	_	_	_	_	_	_
32-18	BZ002	32	18	anche	anche	_	_	_	_	_	linguistic	_	none	_	_	_	_	_	_
32-19	BZ002	32	19	passato	passato	_	_	_	_	_	linguistic	_	none	_	_	_	_	_	_
32-20	BZ002	32	20	molto	molto	_	_	_	_	_	linguistic	_	none	_	_	_	_	_	_
32-21	BZ002	32	21	tempo	tempo	_	_	_	_	_	linguistic	_	none	_	_	_	_	_	_
32-22	BZ002	32	22	in	in	_	_	_	_	_	linguistic	_	none	_	_	_	_	_	_
32-23	BZ002	32	23	veneto	veneto	_	_	_	_	_	linguistic	_	none	_	_	_	_	_	_
32-24	BZ002	32	24	quindi	quindi	_	_	_	_	_	linguistic	_	none	_	_	_	_	_	_
32-25	BZ002	32	25	in	in	_	_	_	_	_	linguistic	_	none	_	_	_	_	_	_
32-26	BZ002	32	26	realtà	realtà	_	_	_	_	_	linguistic	_	none	_	_	_	_	_	_
32-27	BZ002	32	27	è	è	_	_	_	_	_	linguistic	_	none	_	_	_	_	_	_
32-28	BZ002	32	28	un	un	_	_	_	_	_	linguistic	_	none	_	_	_	_	_	_
32-29	BZ002	32	29	po'	po'	_	_	_	_	_	linguistic	_	none	_	_	_	_	_	_
32-30	BZ002	32	30	un	un	_	_	_	_	_	linguistic	_	none	_	_	_	_	_	_
32-31	BZ002	32	31	dialetto	dialetto	_	_	_	_	_	linguistic	_	none	_	_	_	_	_	_
32-32	BZ002	32	32	diluito	diluito	_	_	_	_	_	linguistic	_	none	_	_	_	_	_	_
32-33	BZ002	32	33	diciamo.	diciamo	_	_	_	_	_	linguistic	_	none	Intonation=Falling	End=111.636	_	_	_	_
33-0	BZ002	33	0	e:	e	_	_	_	_	_	linguistic	_	none	_	Begin=112.024	0x1	_	_	_
33-1	BZ002	33	1	però	però	_	_	_	_	_	linguistic	_	none	_	_	_	_	_	_
33-2	BZ002	33	2	sì	sì	_	_	_	_	_	linguistic	_	none	_	_	_	_	_	_
33-3	BZ002	33	3	lo	lo	_	_	_	_	_	linguistic	_	none	_	_	_	_	_	_
33-4	BZ002	33	4	sa	sa	_	_	_	_	_	linguistic	_	none	_	_	_	_	_	_
33-5	BZ002	33	5	parlar	parlar	_	_	_	_	_	linguistic	_	none	_	_	_	_	_	_
33-6	BZ002	33	6	bene	bene	_	_	_	_	_	linguistic	_	none	_	_	_	_	_	_
33-7	BZ002	33	7	io	io	_	_	_	_	_	linguistic	_	none	_	_	_	_	_	_
33-8	BZ002	33	8	anche	anche	_	_	_	_	_	linguistic	_	none	_	_	_	_	_	_
33-9	BZ002	33	9	lì	lì	_	_	_	_	_	linguistic	_	none	_	_	_	_	_	_
33-10	BZ002	33	10	so	so	_	_	_	_	_	linguistic	_	none	_	_	_	_	_	_
33-11	BZ002	33	11	più	più	_	_	_	_	_	linguistic	_	none	_	_	_	_	_	_
33-12	BZ002	33	12	capire	capire	_	_	_	_	_	linguistic	_	none	_	_	_	_	_	_
33-13	BZ002	33	13	che:	che	_	_	_	_	_	linguistic	_	none	PauseAfter=Yes	_	2x1	_	_	_
33-14	BZ002	33	14	(.)	(.)	_	_	_	_	_	shortpause	_	none	_	_	_	_	_	_
33-15	BZ002	33	15	parlare.	parlare	_	_	_	_	_	linguistic	_	none	Intonation=Falling	End=116.214	_	_	_	_
34-0	BZ001	34	0	e	e	_	_	_	_	_	linguistic	_	none	_	Begin=116.544	_	_	_	_
34-1	BZ001	34	1	invece	invece	_	_	_	_	_	linguistic	_	none	_	_	_	_	_	_
34-2	BZ001	34	2	tuo	tuo	_	_	_	_	_	linguistic	_	none	_	_	_	_	_	_
34-3	BZ001	34	3	papà	papà	_	_	_	_	_	linguistic	_	none	_	_	_	_	_	_
34-4	BZ001	34	4	parla	parla	_	_	_	_	_	linguistic	_	none	_	_	_	_	_	_
34-5	BZ001	34	5	napoletano	napoletano	_	_	_	_	_	linguistic	_	none	PauseAfter=Yes	_	_	_	_	_
34-6	BZ001	34	6	(.)	(.)	_	_	_	_	_	shortpause	_	none	_	_	_	_	_	_
34-7	BZ001	34	7	[stretto]?	stretto	_	_	_	_	_	linguistic	_	none	Intonation=Rising	End=118.694	_	_	_	0-7(2)
35-0	BZ002	35	0	[mio]	mio	_	_	_	_	_	linguistic	_	none	_	Begin=118.254	_	_	_	0-3(2)
35-1	BZ002	35	1	papà,	papà	_	_	_	_	_	linguistic	_	none	Intonation=WeaklyRising|PauseAfter=Yes	_	_	_	_	_
35-2	BZ002	35	2	(.)	(.)	_	_	_	_	_	shortpause	_	none	_	_	_	_	_	_
35-3	BZ002	35	3	allora	allora	_	_	_	_	_	linguistic	_	none	_	_	_	_	_	_
35-4	BZ002	35	4	con	con	_	_	_	_	_	linguistic	_	none	_	_	_	_	_	_
35-5	BZ002	35	5	noi	noi	_	_	_	_	_	linguistic	_	none	_	_	_	_	_	_
35-6	BZ002	35	6	no,	no	_	_	_	_	_	linguistic	_	none	Intonation=WeaklyRising	_	_	_	_	_
35-7	BZ002	35	7	parla	parla	_	_	_	_	_	linguistic	_	none	_	_	_	_	_	_
35-8	BZ002	35	8	italiano,	italiano	_	_	_	_	_	linguistic	_	none	Intonation=WeaklyRising|PauseAfter=Yes	_	_	_	_	_
35-9	BZ002	35	9	(.)	(.)	_	_	_	_	_	shortpause	_	none	_	_	_	_	_	_
35-10	BZ002	35	10	però	però	_	_	_	_	_	linguistic	_	none	_	_	_	_	_	_
35-11	BZ002	35	11	se	se	_	_	_	_	_	linguistic	_	none	_	_	_	_	_	_
35-12	BZ002	35	12	parla	parla	_	_	_	_	_	linguistic	_	none	_	_	_	_	_	_
35-13	BZ002	35	13	coi	coi	_	_	_	_	_	linguistic	_	none	_	_	_	_	_	_
35-14	BZ002	35	14	suoi	suoi	_	_	_	_	_	linguistic	_	none	_	_	_	_	_	_
35-15	BZ002	35	15	fratelli	fratelli	_	_	_	_	_	linguistic	_	none	_	_	_	_	_	_
35-16	BZ002	35	16	parla:	parla	_	_	_	_	_	linguistic	_	none	_	_	4x1	_	_	_
35-17	BZ002	35	17	napoletano,	napoletano	_	_	_	_	_	linguistic	_	none	Intonation=WeaklyRising	End=125.394	_	_	_	_
36-0	BZ002	36	0	e	e	_	_	_	_	_	linguistic	_	none	_	Begin=125.69	_	_	_	_
36-1	BZ002	36	1	mio	mio	_	_	_	_	_	linguistic	_	none	_	_	_	_	_	_
36-2	BZ002	36	2	fratello	fratello	_	_	_	_	_	linguistic	_	none	_	_	_	_	_	_
36-3	BZ002	36	3	lo	lo	_	_	_	_	_	linguistic	_	none	_	_	_	_	_	_
36-4	BZ002	36	4	sa	sa	_	_	_	_	_	linguistic	_	none	_	_	_	_	_	_
36-5	BZ002	36	5	parlare	parlare	_	_	_	_	_	linguistic	_	none	_	_	_	_	_	_
36-6	BZ002	36	6	napoletano	napoletano	_	_	_	_	_	linguistic	_	none	_	_	_	_	_	_
36-7	BZ002	36	7	molto	molto	_	_	_	_	_	linguistic	_	none	_	_	_	_	_	_
36-8	BZ002	36	8	meglio	meglio	_	_	_	_	_	linguistic	_	none	_	_	_	_	_	_
36-9	BZ002	36	9	di	di	_	_	_	_	_	linguistic	_	none	_	_	_	_	_	_
36-10	BZ002	36	10	tutti	tutti	_	_	_	_	_	linguistic	_	none	_	_	_	_	_	_
36-11	BZ002	36	11	noi.	noi	_	_	_	_	_	linguistic	_	none	Intonation=Falling	_	_	_	_	_
36-12	BZ002	36	12	quindi	quindi	_	_	_	_	_	linguistic	_	none	_	_	_	_	_	_
36-13	BZ002	36	13	ogni	ogni	_	_	_	_	_	linguistic	_	none	_	_	_	_	_	_
36-14	BZ002	36	14	tanto	tanto	_	_	_	_	_	linguistic	_	none	_	_	_	_	_	_
36-15	BZ002	36	15	mio	mio	_	_	_	_	_	linguistic	_	none	_	_	_	_	_	_
36-16	BZ002	36	16	papà	papà	_	_	_	_	_	linguistic	_	none	_	_	_	_	_	_
36-17	BZ002	36	17	e	e	_	_	_	_	_	linguistic	_	none	_	_	_	_	_	_
36-18	BZ002	36	18	mio	mio	_	_	_	_	_	linguistic	_	none	_	_	_	_	_	_
36-19	BZ002	36	19	fratello	fratello	_	_	_	_	_	linguistic	_	none	_	_	_	_	_	_
36-20	BZ002	36	20	parlano	parlano	_	_	_	_	_	linguistic	_	none	_	End=131.95	_	_	_	_
37-0	BZ002	37	0	in	in	_	_	_	_	_	linguistic	_	none	_	Begin=132.46	_	_	_	_
37-1	BZ002	37	1	napoletano	napoletano	_	_	_	_	_	linguistic	_	none	_	_	_	_	_	_
37-2	BZ002	37	2	quello	quello	_	_	_	_	_	linguistic	_	none	_	_	_	_	_	_
37-3	BZ002	37	3	sì.	sì	_	_	_	_	_	linguistic	_	none	Intonation=Falling	End=133.64	_	_	_	_
38-0	BZ002	38	0	[però	però	_	_	_	_	_	linguistic	_	none	_	Begin=133.98	_	_	_	0-4(3)
38-1	BZ002	38	1	no	no	_	_	_	_	_	linguistic	_	none	_	_	_	_	_	0-2(3)
38-2	BZ002	38	2	con	con	_	_	_	_	_	linguistic	_	none	_	_	_	_	_	0-3(3)
38-3	BZ002	38	3	noi	noi	_	_	_	_	_	linguistic	_	none	_	_	_	_	_	0-3(3)
38-4	BZ002	38	4	no].	no	_	_	_	_	_	linguistic	_	none	Intonation=Falling	End=135.03	_	_	_	0-2(3)
39-0	BZ001	39	0	[quindi	quindi	_	_	_	_	_	linguistic	_	none	_	Begin=133.985	_	_	_	0-6(3)
39-1	BZ001	39	1	vanno	vanno	_	_	_	_	_	linguistic	_	none	_	_	_	_	_	0-5(3)
39-2	BZ001	39	2	a	a	_	_	_	_	_	linguistic	_	none	_	_	_	_	_	0-1(3)
39-3	BZ001	39	3	napoli],	napoli	_	_	_	_	_	linguistic	_	none	Intonation=WeaklyRising|PauseAfter=Yes	_	_	_	_	0-6(3)
39-4	BZ001	39	4	(.)	(.)	_	_	_	_	_	shortpause	_	none	_	_	_	_	_	_
39-5	BZ001	39	5	parlano	parlano	_	_	_	_	_	linguistic	_	none	_	_	_	_	_	_
39-6	BZ001	39	6	in	in	_	_	_	_	_	linguistic	_	none	_	_	_	_	_	_
39-7	BZ001	39	7	napoletano?	napoletano	_	_	_	_	_	linguistic	_	none	Intonation=Rising	End=136.085	_	_	_	_
40-0	BZ002	40	0	sì	sì	_	_	_	_	_	linguistic	_	none	_	Begin=136.083	_	_	_	_
40-1	BZ002	40	1	sì	sì	_	_	_	_	_	linguistic	_	none	_	_	_	_	_	_
40-2	BZ002	40	2	no	no	_	_	_	_	_	linguistic	_	none	_	_	_	_	_	_
40-3	BZ002	40	3	mio	mio	_	_	_	_	_	linguistic	_	none	_	_	_	_	_	_
40-4	BZ002	40	4	fratello	fratello	_	_	_	_	_	linguistic	_	none	_	_	_	_	_	_
40-5	BZ002	40	5	poi	poi	_	_	_	_	_	linguistic	_	none	_	_	_	_	_	_
40-6	BZ002	40	6	è	è	_	_	_	_	_	linguistic	_	none	_	_	_	_	_	_
40-7	BZ002	40	7	ha	ha	_	_	_	_	_	linguistic	_	none	_	_	_	_	_	_
40-8	BZ002	40	8	ha	ha	_	_	_	_	_	linguistic	_	none	_	_	_	_	_	_
40-9	BZ002	40	9	sempre	sempre	_	_	_	_	_	linguistic	_	none	_	_	_	_	_	_
40-10	BZ002	40	10	anche	anche	_	_	_	_	_	linguistic	_	none	_	_	_	_	_	_
40-11	BZ002	40	11	avuto	avuto	_	_	_	_	_	linguistic	_	none	_	_	_	_	_	_
40-12	BZ002	40	12	più	più	_	_	_	_	_	linguistic	_	none	_	_	_	_	_	_
40-13	BZ002	40	13	rapporti	rapporti	_	_	_	_	_	linguistic	_	none	_	_	_	_	_	_
40-14	BZ002	40	14	con	con	_	_	_	_	_	linguistic	_	none	_	_	_	_	_	_
40-15	BZ002	40	15	tutti	tutti	_	_	_	_	_	linguistic	_	none	_	_	_	_	_	_
40-16	BZ002	40	16	i	i	_	_	_	_	_	linguistic	_	none	_	_	_	_	_	_
40-17	BZ002	40	17	parenti	parenti	_	_	_	_	_	linguistic	_	none	_	_	_	_	_	_
40-18	BZ002	40	18	di	di	_	_	_	_	_	linguistic	_	none	_	_	_	_	_	_
40-19	BZ002	40	19	mio	mio	_	_	_	_	_	linguistic	_	none	_	_	_	_	_	_
40-20	BZ002	40	20	papà	papà	_	_	_	_	_	linguistic	_	none	_	_	_	_	_	_
40-21	BZ002	40	21	quindi:	quindi	_	_	_	_	_	linguistic	_	none	_	_	5x1	_	_	_
40-22	BZ002	40	22	è	è	_	_	_	_	_	linguistic	_	none	_	_	_	_	_	_
40-23	BZ002	40	23	sta-	sta-	_	_	_	_	_	linguistic	_	none	Interrupted=Yes	_	_	_	_	_
40-24	BZ002	40	24	è	è	_	_	_	_	_	linguistic	_	none	_	_	_	_	_	_
40-25	BZ002	40	25	mpre	mpre	_	_	_	_	_	linguistic	_	none	_	_	_	_	_	_
40-26	BZ002	40	26	stato	stato	_	_	_	_	_	linguistic	_	none	_	_	_	_	_	_
40-27	BZ002	40	27	più	più	_	_	_	_	_	linguistic	_	none	_	_	_	_	_	_
40-28	BZ002	40	28	abituato	abituato	_	_	_	_	_	linguistic	_	none	_	_	_	_	_	_
40-29	BZ002	40	29	a	a	_	_	_	_	_	linguistic	_	none	PauseAfter=Yes	_	_	_	_	_
40-30	BZ002	40	30	(.)	(.)	_	_	_	_	_	shortpause	_	none	_	_	_	_	_	_
40-31	BZ002	40	31	capire	capire	_	_	_	_	_	linguistic	_	none	_	_	_	_	_	_
40-32	BZ002	40	32	e	e	_	_	_	_	_	linguistic	_	none	_	_	_	_	_	_
40-33	BZ002	40	33	a	a	_	_	_	_	_	linguistic	_	none	_	_	_	_	_	_
40-34	BZ002	40	34	parlare	parlare	_	_	_	_	_	linguistic	_	none	_	_	_	_	_	_
40-35	BZ002	40	35	napoletano	napoletano	_	_	_	_	_	linguistic	_	none	_	_	_	_	_	_
40-36	BZ002	40	36	e	e	_	_	_	_	_	linguistic	_	none	_	_	_	_	_	_
40-37	BZ002	40	37	è	è	_	_	_	_	_	linguistic	_	none	_	_	_	_	_	_
40-38	BZ002	40	38	andato	andato	_	_	_	_	_	linguistic	_	none	_	_	_	_	_	_
40-39	BZ002	40	39	più	più	_	_	_	_	_	linguistic	_	none	_	_	_	_	_	_
40-40	BZ002	40	40	spesso	spesso	_	_	_	_	_	linguistic	_	none	_	_	_	_	_	_
40-41	BZ002	40	41	giù:	giù	_	_	_	_	_	linguistic	_	none	_	End=147.233	2x1	_	_	_
41-0	BZ002	41	0	quindi	quindi	_	_	_	_	_	linguistic	_	none	PauseAfter=Yes	Begin=147.553	_	_	_	_
41-1	BZ002	41	1	(.)	(.)	_	_	_	_	_	shortpause	_	none	_	_	_	_	_	_
41-2	BZ002	41	2	diventato	diventato	_	_	_	_	_	linguistic	_	none	_	_	_	_	_	_
41-3	BZ002	41	3	più	più	_	_	_	_	_	linguistic	_	none	_	_	_	_	_	_
41-4	BZ002	41	4	bravo,	bravo	_	_	_	_	_	linguistic	_	none	Intonation=WeaklyRising	End=149.103	_	_	_	_
42-0	BZ002	42	0	sì	sì	_	_	_	_	_	linguistic	_	none	_	Begin=149.623	_	_	_	_
42-1	BZ002	42	1	quando	quando	_	_	_	_	_	linguistic	_	none	_	_	_	_	_	_
42-2	BZ002	42	2	non	non	_	_	_	_	_	linguistic	_	none	_	_	_	_	_	_
42-3	BZ002	42	3	si	si	_	_	_	_	_	linguistic	_	none	_	_	_	_	_	_
42-4	BZ002	42	4	vogliono	vogliono	_	_	_	_	_	linguistic	_	none	_	_	_	_	_	_
42-5	BZ002	42	5	far	far	_	_	_	_	_	linguistic	_	none	_	_	_	_	_	_
42-6	BZ002	42	6	capire	capire	_	_	_	_	_	linguistic	_	none	_	_	_	_	_	_
42-7	BZ002	42	7	da	da	_	_	_	_	_	linguistic	_	none	_	_	_	_	_	_
42-8	BZ002	42	8	noi	noi	_	_	_	_	_	linguistic	_	none	_	_	_	_	_	_
42-9	BZ002	42	9	parlano	parlano	_	_	_	_	_	linguistic	_	none	_	_	_	_	_	_
42-10	BZ002	42	10	velocemente	velocemente	_	_	_	_	_	linguistic	_	none	_	_	_	_	_	_
42-11	BZ002	42	11	così	così	_	_	_	_	_	linguistic	_	none	_	_	_	_	_	_
42-12	BZ002	42	12	noi	noi	_	_	_	_	_	linguistic	_	none	_	_	_	_	_	_
42-13	BZ002	42	13	non	non	_	_	_	_	_	linguistic	_	none	_	_	_	_	_	_
42-14	BZ002	42	14	capiamo.	capiamo	_	_	_	_	_	linguistic	_	none	Intonation=Falling	End=153.493	_	_	_	_
43-0	BZ001	43	0	e	e	_	_	_	_	_	linguistic	_	none	_	Begin=154.053	_	_	_	_
43-1	BZ001	43	1	tu	tu	_	_	_	_	_	linguistic	_	none	_	_	_	_	_	_
43-2	BZ001	43	2	ci	ci	_	_	_	_	_	linguistic	_	none	_	_	_	_	_	_
43-3	BZ001	43	3	provi?	provi	_	_	_	_	_	linguistic	_	none	Intonation=Rising|PauseAfter=Yes	_	_	_	_	_
43-4	BZ001	43	4	(.)	(.)	_	_	_	_	_	shortpause	_	none	_	_	_	_	_	_
43-5	BZ001	43	5	a	a	_	_	_	_	_	linguistic	_	none	_	_	_	_	_	_
43-6	BZ001	43	6	parlare	parlare	_	_	_	_	_	linguistic	_	none	_	_	_	_	_	_
43-7	BZ001	43	7	napole[tano)]	napoletano	_	_	_	_	_	linguistic	_	none	_	End=155.943	_	_	_	6-10(5)
44-0	BZ002	44	0	[eh:]	eh	_	_	_	_	_	linguistic	_	none	_	Begin=155.523	1x1	_	_	0-2(5)
44-1	BZ002	44	1	ma	ma	_	_	_	_	_	linguistic	_	none	_	_	_	_	_	_
44-2	BZ002	44	2	in	in	_	_	_	_	_	linguistic	_	none	_	_	_	_	_	_
44-3	BZ002	44	3	realtà	realtà	_	_	_	_	_	linguistic	_	none	_	_	_	_	_	_
44-4	BZ002	44	4	no,	no	_	_	_	_	_	linguistic	_	none	Intonation=WeaklyRising	_	_	_	_	_
44-5	BZ002	44	5	cioè	cioè	_	_	_	_	_	linguistic	_	none	_	_	_	_	_	_
44-6	BZ002	44	6	mi	mi	_	_	_	_	_	linguistic	_	none	_	_	_	_	_	_
44-7	BZ002	44	7	fanno	fanno	_	_	_	_	_	linguistic	_	none	_	_	_	_	_	_
44-8	BZ002	44	8	ridere	ridere	_	_	_	_	_	linguistic	_	none	_	_	_	_	_	_
44-9	BZ002	44	9	certe	certe	_	_	_	_	_	linguistic	_	none	_	_	_	_	_	_
44-10	BZ002	44	10	frasi	frasi	_	_	_	_	_	linguistic	_	none	_	_	_	_	_	_
44-11	BZ002	44	11	allora:	allora	_	_	_	_	_	linguistic	_	none	_	_	5x1	_	_	_
44-12	BZ002	44	12	che	che	_	_	_	_	_	linguistic	_	none	_	_	_	_	_	_
44-13	BZ002	44	13	usiamo	usiamo	_	_	_	_	_	linguistic	_	none	_	_	_	_	_	_
44-14	BZ002	44	14	come	come	_	_	_	_	_	linguistic	_	none	_	_	_	_	_	_
44-15	BZ002	44	15	intercalare	intercalare	_	_	_	_	_	linguistic	_	none	_	_	_	_	_	_
44-16	BZ002	44	16	in	in	_	_	_	_	_	linguistic	_	none	_	_	_	_	_	_
44-17	BZ002	44	17	casa	casa	_	_	_	_	_	linguistic	_	none	_	_	_	_	_	_
44-18	BZ002	44	18	o	o	_	_	_	_	_	linguistic	_	none	_	_	_	_	_	_
44-19	BZ002	44	19	roba	roba	_	_	_	_	_	linguistic	_	none	_	_	_	_	_	_
44-20	BZ002	44	20	così.	così	_	_	_	_	_	linguistic	_	none	Intonation=Falling	_	_	_	_	_
44-21	BZ002	44	21	però	però	_	_	_	_	_	linguistic	_	none	_	_	_	_	_	_
44-22	BZ002	44	22	n-	n-	_	_	_	_	_	linguistic	_	none	Interrupted=Yes	End=162.203	_	_	_	_
45-0	BZ002	45	0	anche	anche	_	_	_	_	_	linguistic	_	none	_	Begin=163.243	_	_	_	_
45-1	BZ002	45	1	perché	perché	_	_	_	_	_	linguistic	_	none	_	_	_	_	_	_
45-2	BZ002	45	2	se	se	_	_	_	_	_	linguistic	_	none	_	_	_	_	_	_
45-3	BZ002	45	3	devo	devo	_	_	_	_	_	linguistic	_	none	_	_	_	_	_	_
45-4	BZ002	45	4	parlare	parlare	_	_	_	_	_	linguistic	_	none	_	_	_	_	_	_
45-5	BZ002	45	5	con	con	_	_	_	_	_	linguistic	_	none	_	_	_	_	_	_
45-6	BZ002	45	6	mio	mio	_	_	_	_	_	linguistic	_	none	_	_	_	_	_	_
45-7	BZ002	45	7	padre,	padre	_	_	_	_	_	linguistic	_	none	Intonation=WeaklyRising	_	_	_	_	_
45-8	BZ002	45	8	non	non	_	_	_	_	_	linguistic	_	none	_	_	_	_	_	_
45-9	BZ002	45	9	mi	mi	_	_	_	_	_	linguistic	_	none	_	_	_	_	_	_
45-10	BZ002	45	10	viene	viene	_	_	_	_	_	linguistic	_	none	_	_	_	_	_	_
45-11	BZ002	45	11	molto	molto	_	_	_	_	_	linguistic	_	none	_	_	_	_	_	_
45-12	BZ002	45	12	((ridendo))	((ridendo))	_	_	_	_	_	nonverbalbehavior	_	none	_	_	_	_	_	_
45-13	BZ002	45	13	da	da	_	_	_	_	_	linguistic	_	none	_	_	_	_	_	_
45-14	BZ002	45	14	parlargli	parlargli	_	_	_	_	_	linguistic	_	none	_	_	_	_	_	_
45-15	BZ002	45	15	in	in	_	_	_	_	_	linguistic	_	none	_	_	_	_	_	_
45-16	BZ002	45	16	napoletano.	napoletano	_	_	_	_	_	linguistic	_	none	Intonation=Falling	End=167.373	_	_	_	_
46-0	BZ002	46	0	però	però	_	_	_	_	_	linguistic	_	none	_	Begin=167.743	_	_	_	_
46-1	BZ002	46	1	sì.	sì	_	_	_	_	_	linguistic	_	none	Intonation=Falling	_	_	_	_	_
46-2	BZ002	46	2	((a_bassa_voce))	((a_bassa_voce))	_	_	_	_	_	nonverbalbehavior	_	none	_	End=168.363	_	_	_	_
47-0	BZ001	47	0	ah	ah	_	_	_	_	_	linguistic	_	none	_	Begin=168.468	_	_	_	_
47-1	BZ001	47	1	be'	be'	_	_	_	_	_	linguistic	_	none	Truncated=Yes	_	_	_	_	_
47-2	BZ001	47	2	certo,	certo	_	_	_	_	_	linguistic	_	none	Intonation=WeaklyRising	End=169.208	_	_	_	_
48-0	BZ001	48	0	e	e	_	_	_	_	_	linguistic	_	none	_	Begin=169.436	_	_	_	_
48-1	BZ001	48	1	tedesco	tedesco	_	_	_	_	_	linguistic	_	none	_	_	_	_	_	_
48-2	BZ001	48	2	invece?	invece	_	_	_	_	_	linguistic	_	none	Intonation=Rising|PauseAfter=Yes	_	_	_	_	_
48-3	BZ001	48	3	(.)	(.)	_	_	_	_	_	shortpause	_	none	_	_	_	_	_	_
48-4	BZ001	48	4	come:	come	_	_	_	_	_	linguistic	_	none	_	_	3x1	_	_	_
48-5	BZ001	48	5	>diciamo<	diciamo	_	_	_	_	_	linguistic	_	none	_	_	_	Fast=0-7(0)	_	_
48-6	BZ001	48	6	qui	qui	_	_	_	_	_	linguistic	_	none	_	_	_	_	_	_
48-7	BZ001	48	7	tutti	tutti	_	_	_	_	_	linguistic	_	none	_	_	_	_	_	_
48-8	BZ001	48	8	hanno	hanno	_	_	_	_	_	linguistic	_	none	_	_	_	_	_	_
48-9	BZ001	48	9	un	un	_	_	_	_	_	linguistic	_	none	_	_	_	_	_	_
48-10	BZ001	48	10	po'	po'	_	_	_	_	_	linguistic	_	none	_	_	_	_	_	_
48-11	BZ001	48	11	qualche	qualche	_	_	_	_	_	linguistic	_	none	_	_	_	_	_	_
48-12	BZ001	48	12	storia	storia	_	_	_	_	_	linguistic	_	none	_	_	_	_	_	_
48-13	BZ001	48	13	da	da	_	_	_	_	_	linguistic	_	none	_	_	_	_	_	_
48-14	BZ001	48	14	raccontare	raccontare	_	_	_	_	_	linguistic	_	none	_	_	_	_	_	_
48-15	BZ001	48	15	no,	no	_	_	_	_	_	linguistic	_	none	Intonation=WeaklyRising	_	_	_	_	_
48-16	BZ001	48	16	rispetto	rispetto	_	_	_	_	_	linguistic	_	none	_	_	_	_	_	_
48-17	BZ001	48	17	al	al	_	_	_	_	_	linguistic	_	none	_	_	_	_	_	_
48-18	BZ001	48	18	loro	loro	_	_	_	_	_	linguistic	_	none	_	_	_	_	_	_
48-19	BZ001	48	19	rapporto	rapporto	_	_	_	_	_	linguistic	_	none	_	_	_	_	_	_
48-20	BZ001	48	20	con	con	_	_	_	_	_	linguistic	_	none	_	_	_	_	_	_
48-21	BZ001	48	21	lo	lo	_	_	_	_	_	linguistic	_	none	_	_	_	_	_	_
48-22	BZ001	48	22	studio	studio	_	_	_	_	_	linguistic	_	none	_	_	_	_	_	_
48-23	BZ001	48	23	del	del	_	_	_	_	_	linguistic	_	none	_	_	_	_	_	_
48-24	BZ001	48	24	tedesco	tedesco	_	_	_	_	_	linguistic	_	none	_	_	_	_	_	_
48-25	BZ001	48	25	con	con	_	_	_	_	_	linguistic	_	none	_	_	_	_	_	_
48-26	BZ001	48	26	la	la	_	_	_	_	_	linguistic	_	none	_	_	_	_	_	_
48-27	BZ001	48	27	lingua,	lingua	_	_	_	_	_	linguistic	_	none	Intonation=WeaklyRising	_	_	_	_	_
48-28	BZ001	48	28	[lo	lo	_	_	_	_	_	linguistic	_	none	_	_	_	_	_	0-2(6)
48-29	BZ001	48	29	parli	parli	_	_	_	_	_	linguistic	_	none	_	_	_	_	_	0-5(6)
48-30	BZ001	48	30	per	per	_	_	_	_	_	linguistic	_	none	_	_	_	_	_	0-3(6)
48-31	BZ001	48	31	esempio]?	esempio	_	_	_	_	_	linguistic	_	none	Intonation=Rising	End=178.056	_	_	_	0-7(6)
49-0	BZ002	49	0	[eh:	eh	_	_	_	_	_	linguistic	_	none	_	Begin=177.036	1x1	_	_	0-2(6)
49-1	BZ002	49	1	s-]	s-	_	_	_	_	_	linguistic	_	none	Interrupted=Yes	_	_	_	_	0-2(6)
49-2	BZ002	49	2	sì	sì	_	_	_	_	_	linguistic	_	none	_	_	_	_	_	_
49-3	BZ002	49	3	nel	nel	_	_	_	_	_	linguistic	_	none	_	_	_	_	_	_
49-4	BZ002	49	4	senso	senso	_	_	_	_	_	linguistic	_	none	_	_	_	_	_	_
49-5	BZ002	49	5	so	so	_	_	_	_	_	linguistic	_	none	_	_	_	_	_	_
49-6	BZ002	49	6	arrangiarmi,	arrangiarmi	_	_	_	_	_	linguistic	_	none	Intonation=WeaklyRising	End=180.216	_	_	_	_
50-0	BZ002	50	0	però:	però	_	_	_	_	_	linguistic	_	none	_	Begin=180.888	3x1	_	_	_
50-1	BZ002	50	1	anche	anche	_	_	_	_	_	linguistic	_	none	_	_	_	_	_	_
50-2	BZ002	50	2	col	col	_	_	_	_	_	linguistic	_	none	_	_	_	_	_	_
50-3	BZ002	50	3	fatto	fatto	_	_	_	_	_	linguistic	_	none	_	_	_	_	_	_
50-4	BZ002	50	4	che	che	_	_	_	_	_	linguistic	_	none	_	_	_	_	_	_
50-5	BZ002	50	5	gli	gli	_	_	_	_	_	linguistic	_	none	_	_	_	_	_	_
50-6	BZ002	50	6	ultimi	ultimi	_	_	_	_	_	linguistic	_	none	_	_	_	_	_	_
50-7	BZ002	50	7	cinque	cinque	_	_	_	_	_	linguistic	_	none	_	_	_	_	_	_
50-8	BZ002	50	8	anni	anni	_	_	_	_	_	linguistic	_	none	_	_	_	_	_	_
50-9	BZ002	50	9	son	son	_	_	_	_	_	linguistic	_	none	_	_	_	_	_	_
50-10	BZ002	50	10	stata	stata	_	_	_	_	_	linguistic	_	none	_	_	_	_	_	_
50-11	BZ002	50	11	a	a	_	_	_	_	_	linguistic	_	none	_	_	_	_	_	_
50-12	BZ002	50	12	bologna	bologna	_	_	_	_	_	linguistic	_	none	_	_	_	_	_	_
50-13	BZ002	50	13	non	non	_	_	_	_	_	linguistic	_	none	_	_	_	_	_	_
50-14	BZ002	50	14	mi	mi	_	_	_	_	_	linguistic	_	none	_	_	_	_	_	_
50-15	BZ002	50	15	viene:	viene	_	_	_	_	_	linguistic	_	none	_	_	4x1	_	_	_
50-16	BZ002	50	16	come	come	_	_	_	_	_	linguistic	_	none	_	_	_	_	_	_
50-17	BZ002	50	17	cioè	cioè	_	_	_	_	_	linguistic	_	none	_	_	_	_	_	_
50-18	BZ002	50	18	l:e	le	_	_	_	_	_	linguistic	_	none	_	_	0x1	_	_	_
50-19	BZ002	50	19	parole	parole	_	_	_	_	_	linguistic	_	none	_	_	_	_	_	_
50-20	BZ002	50	20	se	se	_	_	_	_	_	linguistic	_	none	_	_	_	_	_	_
50-21	BZ002	50	21	devo	devo	_	_	_	_	_	linguistic	_	none	_	_	_	_	_	_
50-22	BZ002	50	22	pensarle	pensarle	_	_	_	_	_	linguistic	_	none	_	_	_	_	_	_
50-23	BZ002	50	23	in	in	_	_	_	_	_	linguistic	_	none	_	_	_	_	_	_
50-24	BZ002	50	24	un'	un'	_	_	_	_	_	linguistic	_	none	SpaceAfter=No	_	_	_	_	_
50-25	BZ002	50	25	altra	altra	_	_	_	_	_	linguistic	_	none	_	_	_	_	_	_
50-26	BZ002	50	26	lingua	lingua	_	_	_	_	_	linguistic	_	none	_	_	_	_	_	_
50-27	BZ002	50	27	mi	mi	_	_	_	_	_	linguistic	_	none	_	_	_	_	_	_
50-28	BZ002	50	28	vengono	vengono	_	_	_	_	_	linguistic	_	none	_	_	_	_	_	_
50-29	BZ002	50	29	più	più	_	_	_	_	_	linguistic	_	none	_	_	_	_	_	_
50-30	BZ002	50	30	facilmente	facilmente	_	_	_	_	_	linguistic	_	none	_	_	_	_	_	_
50-31	BZ002	50	31	in	in	_	_	_	_	_	linguistic	_	none	_	_	_	_	_	_
50-32	BZ002	50	32	inglese	inglese	_	_	_	_	_	linguistic	_	none	_	_	_	_	_	_
50-33	BZ002	50	33	in	in	_	_	_	_	_	linguistic	_	none	_	_	_	_	_	_
50-34	BZ002	50	34	tedesco	tedesco	_	_	_	_	_	linguistic	_	none	_	_	_	_	_	_
50-35	BZ002	50	35	no,	no	_	_	_	_	_	linguistic	_	none	Intonation=WeaklyRising	End=190.348	_	_	_	_
51-0	BZ002	51	0	però	però	_	_	_	_	_	linguistic	_	none	_	Begin=190.988	_	_	_	_
51-1	BZ002	51	1	non	non	_	_	_	_	_	linguistic	_	none	_	_	_	_	_	_
51-2	BZ002	51	2	lo	lo	_	_	_	_	_	linguistic	_	none	_	_	_	_	_	_
51-3	BZ002	51	3	so	so	_	_	_	_	_	linguistic	_	none	_	_	_	_	_	_
51-4	BZ002	51	4	tipo	tipo	_	_	_	_	_	linguistic	_	none	_	_	_	_	_	_
51-5	BZ002	51	5	in	in	_	_	_	_	_	linguistic	_	none	_	_	_	_	_	_
51-6	BZ002	51	6	estate	estate	_	_	_	_	_	linguistic	_	none	_	_	_	_	_	_
51-7	BZ002	51	7	quando:	quando	_	_	_	_	_	linguistic	_	none	_	_	5x1	_	_	_
51-8	BZ002	51	8	lavoro	lavoro	_	_	_	_	_	linguistic	_	none	_	_	_	_	_	_
51-9	BZ002	51	9	qui	qui	_	_	_	_	_	linguistic	_	none	_	_	_	_	_	_
51-10	BZ002	51	10	che	che	_	_	_	_	_	linguistic	_	none	_	_	_	_	_	_
51-11	BZ002	51	11	mi	mi	_	_	_	_	_	linguistic	_	none	_	_	_	_	_	_
51-12	BZ002	51	12	serve	serve	_	_	_	_	_	linguistic	_	none	_	_	_	_	_	_
51-13	BZ002	51	13	anche	anche	_	_	_	_	_	linguistic	_	none	_	_	_	_	_	_
51-14	BZ002	51	14	parlare	parlare	_	_	_	_	_	linguistic	_	none	_	_	_	_	_	_
51-15	BZ002	51	15	in	in	_	_	_	_	_	linguistic	_	none	_	_	_	_	_	_
51-16	BZ002	51	16	tedesco	tedesco	_	_	_	_	_	linguistic	_	none	_	_	_	_	_	_
51-17	BZ002	51	17	in	in	_	_	_	_	_	linguistic	_	none	_	_	_	_	_	_
51-18	BZ002	51	18	qualche	qualche	_	_	_	_	_	linguistic	_	none	_	_	_	_	_	_
51-19	BZ002	51	19	modo	modo	_	_	_	_	_	linguistic	_	none	_	_	_	_	_	_
51-20	BZ002	51	20	poi	poi	_	_	_	_	_	linguistic	_	none	_	End=195.688	_	_	_	_
52-0	BZ002	52	0	me	me	_	_	_	_	_	linguistic	_	none	_	Begin=196.453	_	_	_	_
52-1	BZ002	52	1	la	la	_	_	_	_	_	linguistic	_	none	_	_	_	_	_	_
52-2	BZ002	52	2	arrangio,	arrangio	_	_	_	_	_	linguistic	_	none	Intonation=WeaklyRising	End=197.493	_	_	_	_
53-0	BZ002	53	0	mh	mh	_	_	_	_	_	linguistic	_	none	_	Begin=197.608	_	_	_	_
53-1	BZ002	53	1	da	da	_	_	_	_	_	linguistic	_	none	_	_	_	_	_	_
53-2	BZ002	53	2	piccola	piccola	_	_	_	_	_	linguistic	_	none	_	_	_	_	_	_
53-3	BZ002	53	3	ero	ero	_	_	_	_	_	linguistic	_	none	_	_	_	_	_	_
53-4	BZ002	53	4	più	più	_	_	_	_	_	linguistic	_	none	_	_	_	_	_	_
53-5	BZ002	53	5	bravina	bravina	_	_	_	_	_	linguistic	_	none	_	_	_	_	_	_
53-6	BZ002	53	6	nel	nel	_	_	_	_	_	linguistic	_	none	_	_	_	_	_	_
53-7	BZ002	53	7	senso	senso	_	_	_	_	_	linguistic	_	none	_	_	_	_	_	_
53-8	BZ002	53	8	ho	ho	_	_	_	_	_	linguistic	_	none	_	_	_	_	_	_
53-9	BZ002	53	9	fatto	fatto	_	_	_	_	_	linguistic	_	none	_	_	_	_	_	_
53-10	BZ002	53	10	il	il	_	_	_	_	_	linguistic	_	none	_	_	_	_	_	_
53-11	BZ002	53	11	bi	bi	_	_	_	_	_	linguistic	_	none	_	_	_	_	_	_
53-12	BZ002	53	12	uno	uno	_	_	_	_	_	linguistic	_	none	_	_	_	_	_	_
53-13	BZ002	53	13	che	che	_	_	_	_	_	linguistic	_	none	_	_	_	_	_	_
53-14	BZ002	53	14	ero	ero	_	_	_	_	_	linguistic	_	none	PauseAfter=Yes	_	_	_	_	_
53-15	BZ002	53	15	(.)	(.)	_	_	_	_	_	shortpause	_	none	_	_	_	_	_	_
53-16	BZ002	53	16	eh	eh	_	_	_	_	_	linguistic	_	none	_	_	_	_	_	_
53-17	BZ002	53	17	ancora	ancora	_	_	_	_	_	linguistic	_	none	_	_	_	_	_	_
53-18	BZ002	53	18	alle	alle	_	_	_	_	_	linguistic	_	none	_	_	_	_	_	_
53-19	BZ002	53	19	elementari.	elementari	_	_	_	_	_	linguistic	_	none	Intonation=Falling	End=202.878	_	_	_	_
54-0	BZ002	54	0	e	e	_	_	_	_	_	linguistic	_	none	_	Begin=203.51	_	_	_	_
54-1	BZ002	54	1	poi	poi	_	_	_	_	_	linguistic	_	none	_	_	_	_	_	_
54-2	BZ002	54	2	più	più	_	_	_	_	_	linguistic	_	none	_	_	_	_	_	_
54-3	BZ002	54	3	o	o	_	_	_	_	_	linguistic	_	none	_	_	_	_	_	_
54-4	BZ002	54	4	meno	meno	_	_	_	_	_	linguistic	_	none	_	_	_	_	_	_
54-5	BZ002	54	5	il	il	_	_	_	_	_	linguistic	_	none	_	_	_	_	_	_
54-6	BZ002	54	6	mio:	mio	_	_	_	_	_	linguistic	_	none	_	End=204.74	2x1	_	_	_
55-0	BZ001	55	0	ah.	ah	_	_	_	_	_	linguistic	_	none	Intonation=Falling	Begin=204.99|End=205.19	_	_	_	_
56-0	BZ002	56	0	mi	mi	_	_	_	_	_	linguistic	_	none	_	Begin=205.265	_	_	_	_
56-1	BZ002	56	1	avevano	avevano	_	_	_	_	_	linguistic	_	none	_	_	_	_	_	_
56-2	BZ002	56	2	dato	dato	_	_	_	_	_	linguistic	_	none	_	_	_	_	_	_
56-3	BZ002	56	3	anche	anche	_	_	_	_	_	linguistic	_	none	_	_	_	_	_	_
56-4	BZ002	56	4	un	un	_	_	_	_	_	linguistic	_	none	_	_	_	_	_	_
56-5	BZ002	56	5	premio,	premio	_	_	_	_	_	linguistic	_	none	Intonation=WeaklyRising	_	_	_	_	_
56-6	BZ002	56	6	con	con	_	_	_	_	_	linguistic	_	none	_	_	_	_	_	_
56-7	BZ002	56	7	una	una	_	_	_	_	_	linguistic	_	none	_	_	_	_	_	_
56-8	BZ002	56	8	maglietta	maglietta	_	_	_	_	_	linguistic	_	none	_	_	_	_	_	_
56-9	BZ002	56	9	che	che	_	_	_	_	_	linguistic	_	none	_	_	_	_	_	_
56-10	BZ002	56	10	ancora	ancora	_	_	_	_	_	linguistic	_	none	_	_	_	_	_	_
56-11	BZ002	56	11	tengo	tengo	_	_	_	_	_	linguistic	_	none	_	_	_	_	_	_
56-12	BZ002	56	12	per	per	_	_	_	_	_	linguistic	_	none	_	_	_	_	_	_
56-13	BZ002	56	13	dire	dire	_	_	_	_	_	linguistic	_	none	_	_	_	_	_	_
56-14	BZ002	56	14	hey	hey	_	_	_	_	_	linguistic	_	none	_	_	_	_	_	_
56-15	BZ002	56	15	una	una	_	_	_	_	_	linguistic	_	none	_	_	_	_	_	_
56-16	BZ002	56	16	volta	volta	_	_	_	_	_	linguistic	_	none	_	_	_	_	_	_
56-17	BZ002	56	17	lo	lo	_	_	_	_	_	linguistic	_	none	_	_	_	_	_	_
56-18	BZ002	56	18	sapevo	sapevo	_	_	_	_	_	linguistic	_	none	_	_	_	_	_	_
56-19	BZ002	56	19	il	il	_	_	_	_	_	linguistic	_	none	_	_	_	_	_	_
56-20	BZ002	56	20	tedesco,	tedesco	_	_	_	_	_	linguistic	_	none	Intonation=WeaklyRising	_	_	_	_	_
56-21	BZ002	56	21	((smiley_voice))	((smiley_voice))	_	_	_	_	_	nonverbalbehavior	_	none	_	End=210.185	_	_	_	_
57-0	BZ002	57	0	e::	e	_	_	_	_	_	linguistic	_	none	_	Begin=210.52|End=211.4025	0x2	_	_	_
58-0	BZ001	58	0	pensa	pensa	_	_	_	_	_	linguistic	_	none	_	Begin=211.4025	_	_	_	_
58-1	BZ001	58	1	te.	te	_	_	_	_	_	linguistic	_	none	Intonation=Falling	End=211.88	_	_	_	_
59-0	BZ002	59	0	e	e	_	_	_	_	_	linguistic	_	none	_	Begin=212.155	_	_	_	_
59-1	BZ002	59	1	poi	poi	_	_	_	_	_	linguistic	_	none	_	_	_	_	_	_
59-2	BZ002	59	2	sì	sì	_	_	_	_	_	linguistic	_	none	_	_	_	_	_	_
59-3	BZ002	59	3	non	non	_	_	_	_	_	linguistic	_	none	_	_	_	_	_	_
59-4	BZ002	59	4	l'	l'	_	_	_	_	_	linguistic	_	none	SpaceAfter=No	_	_	_	_	_
59-5	BZ002	59	5	ho	ho	_	_	_	_	_	linguistic	_	none	_	_	_	_	_	_
59-6	BZ002	59	6	più	più	_	_	_	_	_	linguistic	_	none	_	_	_	_	_	_
59-7	BZ002	59	7	continuato	continuato	_	_	_	_	_	linguistic	_	none	_	_	_	_	_	_
59-8	BZ002	59	8	al	al	_	_	_	_	_	linguistic	_	none	_	_	_	_	_	_
59-9	BZ002	59	9	liceo	liceo	_	_	_	_	_	linguistic	_	none	_	_	_	_	_	_
59-10	BZ002	59	10	e	e	_	_	_	_	_	linguistic	_	none	_	_	_	_	_	_
59-11	BZ002	59	11	lì	lì	_	_	_	_	_	linguistic	_	none	_	_	_	_	_	_
59-12	BZ002	59	12	non	non	_	_	_	_	_	linguistic	_	none	_	_	_	_	_	_
59-13	BZ002	59	13	ho	ho	_	_	_	_	_	linguistic	_	none	_	_	_	_	_	_
59-14	BZ002	59	14	poi	poi	_	_	_	_	_	linguistic	_	none	_	_	_	_	_	_
59-15	BZ002	59	15	quando	quando	_	_	_	_	_	linguistic	_	none	_	_	_	_	_	_
59-16	BZ002	59	16	sono	sono	_	_	_	_	_	linguistic	_	none	_	_	_	_	_	_
59-17	BZ002	59	17	andata	andata	_	_	_	_	_	linguistic	_	none	_	_	_	_	_	_
59-18	BZ002	59	18	a	a	_	_	_	_	_	linguistic	_	none	_	_	_	_	_	_
59-19	BZ002	59	19	bologna	bologna	_	_	_	_	_	linguistic	_	none	_	_	_	_	_	_
59-20	BZ002	59	20	l'	l'	_	_	_	_	_	linguistic	_	none	SpaceAfter=No	_	_	_	_	_
59-21	BZ002	59	21	ho	ho	_	_	_	_	_	linguistic	_	none	_	_	_	_	_	_
59-22	BZ002	59	22	un	un	_	_	_	_	_	linguistic	_	none	_	_	_	_	_	_
59-23	BZ002	59	23	po'	po'	_	_	_	_	_	linguistic	_	none	_	_	_	_	_	_
59-24	BZ002	59	24	abbandonato.	abbandonato	_	_	_	_	_	linguistic	_	none	Intonation=Falling	End=217.685	_	_	_	_
60-0	BZ002	60	0	e::	e	_	_	_	_	_	linguistic	_	none	_	Begin=218.585	0x2	_	_	_
60-1	BZ002	60	1	però	però	_	_	_	_	_	linguistic	_	none	_	_	_	_	_	_
60-2	BZ002	60	2	in	in	_	_	_	_	_	linguistic	_	none	_	_	_	_	_	_
60-3	BZ002	60	3	casa	casa	_	_	_	_	_	linguistic	_	none	_	_	_	_	_	_
60-4	BZ002	60	4	mia	mia	_	_	_	_	_	linguistic	_	none	_	_	_	_	_	_
60-5	BZ002	60	5	tipo	tipo	_	_	_	_	_	linguistic	_	none	_	_	_	_	_	_
60-6	BZ002	60	6	le	le	_	_	_	_	_	linguistic	_	none	_	_	_	_	_	_
60-7	BZ002	60	7	mie	mie	_	_	_	_	_	linguistic	_	none	_	_	_	_	_	_
60-8	BZ002	60	8	sorelle	sorelle	_	_	_	_	_	linguistic	_	none	_	_	_	_	_	_
60-9	BZ002	60	9	lo	lo	_	_	_	_	_	linguistic	_	none	_	_	_	_	_	_
60-10	BZ002	60	10	parlano	parlano	_	_	_	_	_	linguistic	_	none	_	_	_	_	_	_
60-11	BZ002	60	11	perfettamente	perfettamente	_	_	_	_	_	linguistic	_	none	_	_	_	_	_	_
60-12	BZ002	60	12	cioè	cioè	_	_	_	_	_	linguistic	_	none	_	_	_	_	_	_
60-13	BZ002	60	13	hanno	hanno	_	_	_	_	_	linguistic	_	none	_	_	_	_	_	_
60-14	BZ002	60	14	il:	il	_	_	_	_	_	linguistic	_	none	_	End=223.205	1x1	_	_	_
61-0	BZ002	61	0	coso	coso	_	_	_	_	_	linguistic	_	none	_	Begin=223.555	_	_	_	_
61-1	BZ002	61	1	di	di	_	_	_	_	_	linguistic	_	none	_	_	_	_	_	_
61-2	BZ002	61	2	bilinguismo,	bilinguismo	_	_	_	_	_	linguistic	_	none	Intonation=WeaklyRising	_	_	_	_	_
61-3	BZ002	61	3	ma	ma	_	_	_	_	_	linguistic	_	none	_	_	_	_	_	_
61-4	BZ002	61	4	perché,	perché	_	_	_	_	_	linguistic	_	none	Intonation=WeaklyRising	End=224.995	_	_	_	_
62-0	BZ002	62	0	mia	mia	_	_	_	_	_	linguistic	_	none	_	Begin=225.865	_	_	_	_
62-1	BZ002	62	1	sorella	sorella	_	_	_	_	_	linguistic	_	none	_	_	_	_	_	_
62-2	BZ002	62	2	ha	ha	_	_	_	_	_	linguistic	_	none	_	_	_	_	_	_
62-3	BZ002	62	3	fatto	fatto	_	_	_	_	_	linguistic	_	none	_	_	_	_	_	_
62-4	BZ002	62	4	la	la	_	_	_	_	_	linguistic	_	none	_	_	_	_	_	_
62-5	BZ002	62	5	claudiana	claudiana	_	_	_	_	_	linguistic	_	none	_	_	_	_	_	_
62-6	BZ002	62	6	e	e	_	_	_	_	_	linguistic	_	none	_	_	_	_	_	_
62-7	BZ002	62	7	quindi	quindi	_	_	_	_	_	linguistic	_	none	_	_	_	_	_	_
62-8	BZ002	62	8	l'	l'	_	_	_	_	_	linguistic	_	none	SpaceAfter=No	_	_	_	_	_
62-9	BZ002	62	9	ha	ha	_	_	_	_	_	linguistic	_	none	_	_	_	_	_	_
62-10	BZ002	62	10	imparato	imparato	_	_	_	_	_	linguistic	_	none	_	_	_	_	_	_
62-11	BZ002	62	11	e	e	_	_	_	_	_	linguistic	_	none	_	_	_	_	_	_
62-12	BZ002	62	12	l'	l'	_	_	_	_	_	linguistic	_	none	SpaceAfter=No	_	_	_	_	_
62-13	BZ002	62	13	altra,	altra	_	_	_	_	_	linguistic	_	none	Intonation=WeaklyRising	End=228.585	_	_	_	_
63-0	BZ002	63	0	mia	mia	_	_	_	_	_	linguistic	_	none	_	Begin=229.0	_	_	_	_
63-1	BZ002	63	1	sorella	sorella	_	_	_	_	_	linguistic	_	none	_	_	_	_	_	_
63-2	BZ002	63	2	faceva	faceva	_	_	_	_	_	linguistic	_	none	_	_	_	_	_	_
63-3	BZ002	63	3	il	il	_	_	_	_	_	linguistic	_	none	_	_	_	_	_	_
63-4	BZ002	63	4	linguistico	linguistico	_	_	_	_	_	linguistic	_	none	_	_	_	_	_	_
63-5	BZ002	63	5	quindi,	quindi	_	_	_	_	_	linguistic	_	none	Intonation=WeaklyRising	End=230.69	_	_	_	_
64-0	BZ001	64	0	ok[ay].	okay	_	_	_	_	_	linguistic	_	none	Intonation=Falling	Begin=231.0|End=231.58	_	_	_	2-4(7)
65-0	BZ002	65	0	[e]	e	_	_	_	_	_	linguistic	_	none	_	Begin=231.195|End=231.575	_	_	_	0-1(7)
66-0	BZ002	66	0	[xxxx]	xxxx	_	_	_	_	_	unknown	_	none	Syllables=4	Begin=232.29|End=233.28	_	_	_	0-4(8)
67-0	BZ001	67	0	[ma	ma	_	_	_	_	_	linguistic	_	none	_	Begin=232.3	_	_	_	0-2(8)
67-1	BZ001	67	1	lo	lo	_	_	_	_	_	linguistic	_	none	_	_	_	_	_	0-2(8)
67-2	BZ001	67	2	parli:]	parli	_	_	_	_	_	linguistic	_	none	PauseAfter=Yes	_	4x1	_	_	0-5(8)
67-3	BZ001	67	3	(.)	(.)	_	_	_	_	_	shortpause	_	none	_	_	_	_	_	_
67-4	BZ001	67	4	ti	ti	_	_	_	_	_	linguistic	_	none	_	_	_	_	_	_
67-5	BZ001	67	5	sei	sei	_	_	_	_	_	linguistic	_	none	_	_	_	_	_	_
67-6	BZ001	67	6	mai	mai	_	_	_	_	_	linguistic	_	none	_	_	_	_	_	_
67-7	BZ001	67	7	trovata	trovata	_	_	_	_	_	linguistic	_	none	_	_	_	_	_	_
67-8	BZ001	67	8	a	a	_	_	_	_	_	linguistic	_	none	_	_	_	_	_	_
67-9	BZ001	67	9	parte	parte	_	_	_	_	_	linguistic	_	none	_	_	_	_	_	_
67-10	BZ001	67	10	al	al	_	_	_	_	_	linguistic	_	none	_	_	_	_	_	_
67-11	BZ001	67	11	lavoro,	lavoro	_	_	_	_	_	linguistic	_	none	Intonation=WeaklyRising	_	_	_	_	_
67-12	BZ001	67	12	nella	nella	_	_	_	_	_	linguistic	_	none	_	_	_	_	_	_
67-13	BZ001	67	13	tua	tua	_	_	_	_	_	linguistic	_	none	_	_	_	_	_	_
67-14	BZ001	67	14	vita	vita	_	_	_	_	_	linguistic	_	none	_	_	_	_	_	_
67-15	BZ001	67	15	sociale	sociale	_	_	_	_	_	linguistic	_	none	_	_	_	_	_	_
67-16	BZ001	67	16	diciamo:	diciamo	_	_	_	_	_	linguistic	_	none	_	_	6x1	_	_	_
67-17	BZ001	67	17	a	a	_	_	_	_	_	linguistic	_	none	_	_	_	_	_	_
67-18	BZ001	67	18	bolzano,	bolzano	_	_	_	_	_	linguistic	_	none	Intonation=WeaklyRising	End=237.44	_	_	_	_
68-0	BZ002	68	0	no	no	_	_	_	_	_	linguistic	_	none	_	Begin=237.54	_	_	_	_
68-1	BZ002	68	1	quello	quello	_	_	_	_	_	linguistic	_	none	_	_	_	_	_	_
68-2	BZ002	68	2	no.	no	_	_	_	_	_	linguistic	_	none	Intonation=Falling	End=238.61	_	_	_	_
69-0	BZ001	69	0	mai,	mai	_	_	_	_	_	linguistic	_	none	Intonation=WeaklyRising	Begin=238.16	_	_	_	_
69-1	BZ001	69	1	mh.	mh	_	_	_	_	_	linguistic	_	none	Intonation=Falling	End=238.86	_	_	_	_
70-0	BZ002	70	0	no	no	_	_	_	_	_	linguistic	_	none	_	Begin=238.995	_	_	_	_
70-1	BZ002	70	1	zero.	zero	_	_	_	_	_	linguistic	_	none	Intonation=Falling	End=239.765	_	_	_	_
71-0	BZ002	71	0	cioè	cioè	_	_	_	_	_	linguistic	_	none	_	Begin=239.905	_	_	_	_
71-1	BZ002	71	1	avevo	avevo	_	_	_	_	_	linguistic	_	none	_	_	_	_	_	_
71-2	BZ002	71	2	fatto	fatto	_	_	_	_	_	linguistic	_	none	_	_	_	_	_	_
71-3	BZ002	71	3	poi	poi	_	_	_	_	_	linguistic	_	none	_	_	_	_	_	_
71-4	BZ002	71	4	un'	un'	_	_	_	_	_	linguistic	_	none	SpaceAfter=No	_	_	_	_	_
71-5	BZ002	71	5	estate:	estate	_	_	_	_	_	linguistic	_	none	_	_	5x1	_	_	_
71-6	BZ002	71	6	alla	alla	_	_	_	_	_	linguistic	_	none	_	_	_	_	_	_
71-7	BZ002	71	7	>quarta<	quarta	_	_	_	_	_	linguistic	_	none	_	_	_	Fast=0-6(0)	_	_
71-8	BZ002	71	8	in	in	_	_	_	_	_	linguistic	_	none	_	_	_	_	_	_
71-9	BZ002	71	9	quarta	quarta	_	_	_	_	_	linguistic	_	none	_	_	_	_	_	_
71-10	BZ002	71	10	superiore	superiore	_	_	_	_	_	linguistic	_	none	_	_	_	_	_	_
71-11	BZ002	71	11	in	in	_	_	_	_	_	linguistic	_	none	_	_	_	_	_	_
71-12	BZ002	71	12	germania,	germania	_	_	_	_	_	linguistic	_	none	Intonation=WeaklyRising	_	_	_	_	_
71-13	BZ002	71	13	e	e	_	_	_	_	_	linguistic	_	none	_	_	_	_	_	_
71-14	BZ002	71	14	lì	lì	_	_	_	_	_	linguistic	_	none	_	_	_	_	_	_
71-15	BZ002	71	15	ero	ero	_	_	_	_	_	linguistic	_	none	_	_	_	_	_	_
71-16	BZ002	71	16	diventa[ta	diventata	_	_	_	_	_	linguistic	_	none	_	_	_	_	_	6-9(10)
71-17	BZ002	71	17	un]	un	_	_	_	_	_	linguistic	_	none	_	_	_	_	_	0-2(10)
71-18	BZ002	71	18	po'	po'	_	_	_	_	_	linguistic	_	none	_	_	_	_	_	_
71-19	BZ002	71	19	più,	più	_	_	_	_	_	linguistic	_	none	Intonation=WeaklyRising	End=245.555	_	_	_	_
72-0	BZ001	72	0	[mh].	mh	_	_	_	_	_	linguistic	_	none	Intonation=Falling	Begin=244.665|End=244.975	_	_	_	0-2(10)
73-0	BZ002	73	0	bravet-	bravet-	_	_	_	_	_	linguistic	_	none	Interrupted=Yes	Begin=246.625	_	_	_	_
73-1	BZ002	73	1	bravina	bravina	_	_	_	_	_	linguistic	_	none	_	_	_	_	_	_
73-2	BZ002	73	2	a	a	_	_	_	_	_	linguistic	_	none	_	_	_	_	_	_
73-3	BZ002	73	3	parlare,	parlare	_	_	_	_	_	linguistic	_	none	Intonation=WeaklyRising	_	_	_	_	_
73-4	BZ002	73	4	però	però	_	_	_	_	_	linguistic	_	none	_	_	_	_	_	_
73-5	BZ002	73	5	poi	poi	_	_	_	_	_	linguistic	_	none	_	_	_	_	_	_
73-6	BZ002	73	6	non	non	_	_	_	_	_	linguistic	_	none	_	_	_	_	_	_
73-7	BZ002	73	7	mi	mi	_	_	_	_	_	linguistic	_	none	_	_	_	_	_	_
73-8	BZ002	73	8	capita	capita	_	_	_	_	_	linguistic	_	none	_	_	_	_	_	_
73-9	BZ002	73	9	mai	mai	_	_	_	_	_	linguistic	_	none	_	_	_	_	_	_
73-10	BZ002	73	10	di	di	_	_	_	_	_	linguistic	_	none	_	_	_	_	_	_
73-11	BZ002	73	11	parlare	parlare	_	_	_	_	_	linguistic	_	none	_	_	_	_	_	_
73-12	BZ002	73	12	tedesco	tedesco	_	_	_	_	_	linguistic	_	none	_	_	_	_	_	_
73-13	BZ002	73	13	no.	no	_	_	_	_	_	linguistic	_	none	Intonation=Falling	End=250.605	_	_	_	_
74-0	BZ001	74	0	eh	eh	_	_	_	_	_	linguistic	_	none	_	Begin=251.719	_	_	_	_
74-1	BZ001	74	1	sì	sì	_	_	_	_	_	linguistic	_	none	_	_	_	_	_	_
74-2	BZ001	74	2	qui	qui	_	_	_	_	_	linguistic	_	none	_	_	_	_	_	_
74-3	BZ001	74	3	è	è	_	_	_	_	_	linguistic	_	none	_	_	_	_	_	_
74-4	BZ001	74	4	u-	u-	_	_	_	_	_	linguistic	_	none	Interrupted=Yes	_	_	_	_	_
74-5	BZ001	74	5	un	un	_	_	_	_	_	linguistic	_	none	PauseAfter=Yes	_	_	_	_	_
74-6	BZ001	74	6	(.)	(.)	_	_	_	_	_	shortpause	_	none	_	_	_	_	_	_
74-7	BZ001	74	7	uno	uno	_	_	_	_	_	linguistic	_	none	_	_	_	_	_	_
74-8	BZ001	74	8	dei	dei	_	_	_	_	_	linguistic	_	none	_	_	_	_	_	_
74-9	BZ001	74	9	temi	temi	_	_	_	_	_	linguistic	_	none	_	_	_	_	_	_
74-10	BZ001	74	10	no?	no	_	_	_	_	_	linguistic	_	none	Intonation=Rising	_	_	_	_	_
74-11	BZ001	74	11	un	un	_	_	_	_	_	linguistic	_	none	_	_	_	_	_	_
74-12	BZ001	74	12	problema.	problema	_	_	_	_	_	linguistic	_	none	Intonation=Falling	_	_	_	_	_
74-13	BZ001	74	13	c'	c'	_	_	_	_	_	linguistic	_	none	SpaceAfter=No	_	_	_	_	_
74-14	BZ001	74	14	è	è	_	_	_	_	_	linguistic	_	none	_	_	_	_	_	_
74-15	BZ001	74	15	[c'	c'	_	_	_	_	_	linguistic	_	none	SpaceAfter=No	_	_	_	_	0-2(11)
74-16	BZ001	74	16	è	è	_	_	_	_	_	linguistic	_	none	_	_	_	_	_	0-1(11)
74-17	BZ001	74	17	molta	molta	_	_	_	_	_	linguistic	_	none	_	_	_	_	_	0-5(11)
74-18	BZ001	74	18	di]visione	divisione	_	_	_	_	_	linguistic	_	none	_	_	_	_	_	0-1(11)
74-19	BZ001	74	19	anche	anche	_	_	_	_	_	linguistic	_	none	_	_	_	_	_	_
74-20	BZ001	74	20	tra	tra	_	_	_	_	_	linguistic	_	none	_	_	_	_	_	_
74-21	BZ001	74	21	gruppi	gruppi	_	_	_	_	_	linguistic	_	none	_	_	_	_	_	_
74-22	BZ001	74	22	linguistici	linguistici	_	_	_	_	_	linguistic	_	none	_	_	_	_	_	_
74-23	BZ001	74	23	quindi	quindi	_	_	_	_	_	linguistic	_	none	_	_	_	_	_	_
74-24	BZ001	74	24	spesso	spesso	_	_	_	_	_	linguistic	_	none	_	_	_	_	_	_
74-25	BZ001	74	25	diventa	diventa	_	_	_	_	_	linguistic	_	none	_	_	_	_	_	_
74-26	BZ001	74	26	difficile	difficile	_	_	_	_	_	linguistic	_	none	PauseAfter=Yes	_	_	_	_	_
74-27	BZ001	74	27	(.)	(.)	_	_	_	_	_	shortpause	_	none	_	_	_	_	_	_
74-28	BZ001	74	28	interagire	interagire	_	_	_	_	_	linguistic	_	none	_	_	_	_	_	_
74-29	BZ001	74	29	no?	no	_	_	_	_	_	linguistic	_	none	Intonation=Rising	End=258.969	_	_	_	_
75-0	BZ002	75	0	[sì].	sì	_	_	_	_	_	linguistic	_	none	Intonation=Falling	Begin=254.379|End=254.829	_	_	_	0-2(11)
76-0	BZ002	76	0	[sì].	sì	_	_	_	_	_	linguistic	_	none	Intonation=Falling	Begin=259.379|End=259.779	_	_	_	0-2(12)
77-0	BZ001	77	0	[con	con	_	_	_	_	_	linguistic	_	none	_	Begin=259.384	_	_	_	0-3(12)
77-1	BZ001	77	1	per]sone:	persone	_	_	_	_	_	linguistic	_	none	_	_	6x1	_	_	0-3(12)
77-2	BZ001	77	2	[dell'	dell'	_	_	_	_	_	linguistic	_	none	SpaceAfter=No	_	_	_	_	0-5(13)
77-3	BZ001	77	3	altro	altro	_	_	_	_	_	linguistic	_	none	_	_	_	_	_	0-5(13)
77-4	BZ001	77	4	gruppo].	gruppo	_	_	_	_	_	linguistic	_	none	Intonation=Falling	End=261.294	_	_	_	0-6(13)
78-0	BZ002	78	0	[eh	eh	_	_	_	_	_	linguistic	_	none	_	Begin=260.354	_	_	_	0-2(13)
78-1	BZ002	78	1	poi	poi	_	_	_	_	_	linguistic	_	none	_	_	_	_	_	0-3(13)
78-2	BZ002	78	2	infatti]	infatti	_	_	_	_	_	linguistic	_	none	_	_	_	_	_	0-7(13)
78-3	BZ002	78	3	mi	mi	_	_	_	_	_	linguistic	_	none	_	_	_	_	_	_
78-4	BZ002	78	4	manca	manca	_	_	_	_	_	linguistic	_	none	_	_	_	_	_	_
78-5	BZ002	78	5	anche	anche	_	_	_	_	_	linguistic	_	none	_	_	_	_	_	_
78-6	BZ002	78	6	un	un	_	_	_	_	_	linguistic	_	none	_	_	_	_	_	_
78-7	BZ002	78	7	po'	po'	_	_	_	_	_	linguistic	_	none	_	_	_	_	_	_
78-8	BZ002	78	8	lo	lo	_	_	_	_	_	linguistic	_	none	_	_	_	_	_	_
78-9	BZ002	78	9	stimolo	stimolo	_	_	_	_	_	linguistic	_	none	_	_	_	_	_	_
78-10	BZ002	78	10	perché	perché	_	_	_	_	_	linguistic	_	none	_	_	_	_	_	_
78-11	BZ002	78	11	okay	okay	_	_	_	_	_	linguistic	_	none	_	_	_	_	_	_
78-12	BZ002	78	12	quando	quando	_	_	_	_	_	linguistic	_	none	_	_	_	_	_	_
78-13	BZ002	78	13	andavo	andavo	_	_	_	_	_	linguistic	_	none	_	_	_	_	_	_
78-14	BZ002	78	14	a	a	_	_	_	_	_	linguistic	_	none	_	_	_	_	_	_
78-15	BZ002	78	15	lavorare	lavorare	_	_	_	_	_	linguistic	_	none	_	_	_	_	_	_
78-16	BZ002	78	16	in	in	_	_	_	_	_	linguistic	_	none	_	_	_	_	_	_
78-17	BZ002	78	17	estate	estate	_	_	_	_	_	linguistic	_	none	_	_	_	_	_	_
78-18	BZ002	78	18	dicevo	dicevo	_	_	_	_	_	linguistic	_	none	_	_	_	_	_	_
78-19	BZ002	78	19	mi	mi	_	_	_	_	_	linguistic	_	none	_	_	_	_	_	_
78-20	BZ002	78	20	rimetto	rimetto	_	_	_	_	_	linguistic	_	none	_	_	_	_	_	_
78-21	BZ002	78	21	un	un	_	_	_	_	_	linguistic	_	none	_	_	_	_	_	_
78-22	BZ002	78	22	po'	po'	_	_	_	_	_	linguistic	_	none	_	_	_	_	_	_
78-23	BZ002	78	23	sotto	sotto	_	_	_	_	_	linguistic	_	none	_	_	_	_	_	_
78-24	BZ002	78	24	così:	così	_	_	_	_	_	linguistic	_	none	_	_	3x1	_	_	_
78-25	BZ002	78	25	sono	sono	_	_	_	_	_	linguistic	_	none	_	_	_	_	_	_
78-26	BZ002	78	26	un	un	_	_	_	_	_	linguistic	_	none	_	_	_	_	_	_
78-27	BZ002	78	27	po'	po'	_	_	_	_	_	linguistic	_	none	_	_	_	_	_	_
78-28	BZ002	78	28	più:	più	_	_	_	_	_	linguistic	_	none	_	End=267.13	2x1	_	_	_
79-0	BZ002	79	0	eh:	eh	_	_	_	_	_	linguistic	_	none	_	Begin=267.644	1x1	_	_	_
79-1	BZ002	79	1	agevolata	agevolata	_	_	_	_	_	linguistic	_	none	_	_	_	_	_	_
79-2	BZ002	79	2	nel	nel	_	_	_	_	_	linguistic	_	none	_	_	_	_	_	_
79-3	BZ002	79	3	parlare	parlare	_	_	_	_	_	linguistic	_	none	_	_	_	_	_	_
79-4	BZ002	79	4	però	però	_	_	_	_	_	linguistic	_	none	_	_	_	_	_	_
79-5	BZ002	79	5	poi	poi	_	_	_	_	_	linguistic	_	none	_	End=269.924	_	_	_	_
80-0	BZ002	80	0	finito	finito	_	_	_	_	_	linguistic	_	none	_	Begin=270.259	_	_	_	_
80-1	BZ002	80	1	il	il	_	_	_	_	_	linguistic	_	none	_	_	_	_	_	_
80-2	BZ002	80	2	lavoro	lavoro	_	_	_	_	_	linguistic	_	none	_	_	_	_	_	_
80-3	BZ002	80	3	lasciavo	lasciavo	_	_	_	_	_	linguistic	_	none	_	_	_	_	_	_
80-4	BZ002	80	4	lì.	lì	_	_	_	_	_	linguistic	_	none	Intonation=Falling	End=271.419	_	_	_	_
81-0	BZ002	81	0	e	e	_	_	_	_	_	linguistic	_	none	_	Begin=271.934	_	_	_	_
81-1	BZ002	81	1	non	non	_	_	_	_	_	linguistic	_	none	_	_	_	_	_	_
81-2	BZ002	81	2	lo	lo	_	_	_	_	_	linguistic	_	none	_	_	_	_	_	_
81-3	BZ002	81	3	uso	uso	_	_	_	_	_	linguistic	_	none	_	_	_	_	_	_
81-4	BZ002	81	4	mai.	mai	_	_	_	_	_	linguistic	_	none	Intonation=Falling	End=272.844	_	_	_	_
82-0	BZ001	82	0	e	e	_	_	_	_	_	linguistic	_	none	_	Begin=274.074	_	_	_	_
82-1	BZ001	82	1	invece	invece	_	_	_	_	_	linguistic	_	none	_	_	_	_	_	_
82-2	BZ001	82	2	come	come	_	_	_	_	_	linguistic	_	none	_	_	_	_	_	_
82-3	BZ001	82	3	strumenti	strumenti	_	_	_	_	_	linguistic	_	none	_	_	_	_	_	_
82-4	BZ001	82	4	diciamo	diciamo	_	_	_	_	_	linguistic	_	none	_	_	_	_	_	_
82-5	BZ001	82	5	per	per	_	_	_	_	_	linguistic	_	none	_	_	_	_	_	_
82-6	BZ001	82	6	apprender	apprender	_	_	_	_	_	linguistic	_	none	_	_	_	_	_	_
82-7	BZ001	82	7	le	le	_	_	_	_	_	linguistic	_	none	_	_	_	_	_	_
82-8	BZ001	82	8	lingue?	lingue	_	_	_	_	_	linguistic	_	none	Intonation=Rising	End=276.974	_	_	_	_
83-0	BZ001	83	0	so	so	_	_	_	_	_	linguistic	_	none	_	Begin=277.199	_	_	_	_
83-1	BZ001	83	1	che	che	_	_	_	_	_	linguistic	_	none	_	_	_	_	_	_
83-2	BZ001	83	2	c'	c'	_	_	_	_	_	linguistic	_	none	SpaceAfter=No	_	_	_	_	_
83-3	BZ001	83	3	è:	è	_	_	_	_	_	linguistic	_	none	_	_	0x1	_	_	_
83-4	BZ001	83	4	chi	chi	_	_	_	_	_	linguistic	_	none	_	_	_	_	_	_
83-5	BZ001	83	5	guarda	guarda	_	_	_	_	_	linguistic	_	none	_	_	_	_	_	_
83-6	BZ001	83	6	le	le	_	_	_	_	_	linguistic	_	none	_	_	_	_	_	_
83-7	BZ001	83	7	serie	serie	_	_	_	_	_	linguistic	_	none	_	_	_	_	_	_
83-8	BZ001	83	8	tv	tv	_	_	_	_	_	linguistic	_	none	_	_	_	_	_	_
83-9	BZ001	83	9	in	in	_	_	_	_	_	linguistic	_	none	_	_	_	_	_	_
83-10	BZ001	83	10	lingua,	lingua	_	_	_	_	_	linguistic	_	none	Intonation=WeaklyRising	_	_	_	_	_
83-11	BZ001	83	11	chi	chi	_	_	_	_	_	linguistic	_	none	_	_	_	_	_	_
83-12	BZ001	83	12	ascolta	ascolta	_	_	_	_	_	linguistic	_	none	_	_	_	_	_	_
83-13	BZ001	83	13	canzoni	canzoni	_	_	_	_	_	linguistic	_	none	_	_	_	_	_	_
83-14	BZ001	83	14	chi	chi	_	_	_	_	_	linguistic	_	none	_	_	_	_	_	_
83-15	BZ001	83	15	legge	legge	_	_	_	_	_	linguistic	_	none	_	_	_	_	_	_
83-16	BZ001	83	16	il	il	_	_	_	_	_	linguistic	_	none	_	_	_	_	_	_
83-17	BZ001	83	17	giornale,	giornale	_	_	_	_	_	linguistic	_	none	Intonation=WeaklyRising	_	_	_	_	_
83-18	BZ001	83	18	tu	tu	_	_	_	_	_	linguistic	_	none	_	_	_	_	_	_
83-19	BZ001	83	19	come:	come	_	_	_	_	_	linguistic	_	none	PauseAfter=Yes	_	3x1	_	_	_
83-20	BZ001	83	20	(.)	(.)	_	_	_	_	_	shortpause	_	none	_	_	_	_	_	_
83-21	BZ001	83	21	[come	come	_	_	_	_	_	linguistic	_	none	_	_	_	_	_	0-4(14)
83-22	BZ001	83	22	ti	ti	_	_	_	_	_	linguistic	_	none	_	_	_	_	_	0-2(14)
83-23	BZ001	83	23	trovi	trovi	_	_	_	_	_	linguistic	_	none	_	_	_	_	_	0-5(14)
83-24	BZ001	83	24	bene]?	bene	_	_	_	_	_	linguistic	_	none	Intonation=Rising	End=283.439	_	_	_	0-4(14)
84-0	BZ002	84	0	[ma::]	ma	_	_	_	_	_	linguistic	_	none	_	Begin=282.634	1x2	_	_	0-2(14)
84-1	BZ002	84	1	eh::	eh	_	_	_	_	_	linguistic	_	none	PauseAfter=Yes	_	1x2	_	_	_
84-2	BZ002	84	2	(.)	(.)	_	_	_	_	_	shortpause	_	none	_	_	_	_	_	_
84-3	BZ002	84	3	di	di	_	_	_	_	_	linguistic	_	none	_	_	_	_	_	_
84-4	BZ002	84	4	solito	solito	_	_	_	_	_	linguistic	_	none	_	_	_	_	_	_
84-5	BZ002	84	5	anche	anche	_	_	_	_	_	linguistic	_	none	_	_	_	_	_	_
84-6	BZ002	84	6	guardare	guardare	_	_	_	_	_	linguistic	_	none	_	_	_	_	_	_
84-7	BZ002	84	7	cose,	cose	_	_	_	_	_	linguistic	_	none	Intonation=WeaklyRising	_	_	_	_	_
84-8	BZ002	84	8	film	film	_	_	_	_	_	linguistic	_	none	_	_	_	_	_	_
84-9	BZ002	84	9	documentari,	documentari	_	_	_	_	_	linguistic	_	none	Intonation=WeaklyRising	_	_	_	_	_
84-10	BZ002	84	10	quello	quello	_	_	_	_	_	linguistic	_	none	_	_	_	_	_	_
84-11	BZ002	84	11	lo	lo	_	_	_	_	_	linguistic	_	none	_	_	_	_	_	_
84-12	BZ002	84	12	faccio	faccio	_	_	_	_	_	linguistic	_	none	_	_	_	_	_	_
84-13	BZ002	84	13	in	in	_	_	_	_	_	linguistic	_	none	_	_	_	_	_	_
84-14	BZ002	84	14	lingua,	lingua	_	_	_	_	_	linguistic	_	none	Intonation=WeaklyRising	End=288.864	_	_	_	_
85-0	BZ002	85	0	spesso,	spesso	_	_	_	_	_	linguistic	_	none	Intonation=WeaklyRising|PauseAfter=Yes	Begin=289.611	_	_	_	_
85-1	BZ002	85	1	(.)	(.)	_	_	_	_	_	shortpause	_	none	_	_	_	_	_	_
85-2	BZ002	85	2	l'	l'	_	_	_	_	_	linguistic	_	none	SpaceAfter=No	_	_	_	_	_
85-3	BZ002	85	3	ho	ho	_	_	_	_	_	linguistic	_	none	_	_	_	_	_	_
85-4	BZ002	85	4	fatto	fatto	_	_	_	_	_	linguistic	_	none	_	_	_	_	_	_
85-5	BZ002	85	5	con	con	_	_	_	_	_	linguistic	_	none	_	_	_	_	_	_
85-6	BZ002	85	6	inglese	inglese	_	_	_	_	_	linguistic	_	none	_	_	_	_	_	_
85-7	BZ002	85	7	tantissimo	tantissimo	_	_	_	_	_	linguistic	_	none	_	_	_	_	_	_
85-8	BZ002	85	8	quando	quando	_	_	_	_	_	linguistic	_	none	_	_	_	_	_	_
85-9	BZ002	85	9	mi	mi	_	_	_	_	_	linguistic	_	none	_	_	_	_	_	_
85-10	BZ002	85	10	ero	ero	_	_	_	_	_	linguistic	_	none	_	_	_	_	_	_
85-11	BZ002	85	11	messa	messa	_	_	_	_	_	linguistic	_	none	_	_	_	_	_	_
85-12	BZ002	85	12	sotto	sotto	_	_	_	_	_	linguistic	_	none	_	_	_	_	_	_
85-13	BZ002	85	13	per	per	_	_	_	_	_	linguistic	_	none	_	_	_	_	_	_
85-14	BZ002	85	14	alzarlo	alzarlo	_	_	_	_	_	linguistic	_	none	_	_	_	_	_	_
85-15	BZ002	85	15	lo	lo	_	_	_	_	_	linguistic	_	none	_	_	_	_	_	_
85-16	BZ002	85	16	st-	st-	_	_	_	_	_	linguistic	_	none	Interrupted=Yes	_	_	_	_	_
85-17	BZ002	85	17	l'	l'	_	_	_	_	_	linguistic	_	none	SpaceAfter=No	_	_	_	_	_
85-18	BZ002	85	18	ho	ho	_	_	_	_	_	linguistic	_	none	_	_	_	_	_	_
85-19	BZ002	85	19	fatto	fatto	_	_	_	_	_	linguistic	_	none	_	_	_	_	_	_
85-20	BZ002	85	20	con	con	_	_	_	_	_	linguistic	_	none	_	_	_	_	_	_
85-21	BZ002	85	21	cinese	cinese	_	_	_	_	_	linguistic	_	none	_	_	_	_	_	_
85-22	BZ002	85	22	adesso,	adesso	_	_	_	_	_	linguistic	_	none	Intonation=WeaklyRising	End=296.081	_	_	_	_
86-0	BZ002	86	0	coi	coi	_	_	_	_	_	linguistic	_	none	_	Begin=296.501	_	_	_	_
86-1	BZ002	86	1	sottotioli	sottotioli	_	_	_	_	_	linguistic	_	none	_	_	_	_	_	_
86-2	BZ002	86	2	ovviamente,	ovviamente	_	_	_	_	_	linguistic	_	none	Intonation=WeaklyRising	End=298.011	_	_	_	_
87-0	BZ002	87	0	e::	e	_	_	_	_	_	linguistic	_	none	_	Begin=298.401	0x2	_	_	_
87-1	BZ002	87	1	leggere	leggere	_	_	_	_	_	linguistic	_	none	_	_	_	_	_	_
87-2	BZ002	87	2	un	un	_	_	_	_	_	linguistic	_	none	_	End=299.971	_	_	_	_
88-0	BZ002	88	0	anche,	anche	_	_	_	_	_	linguistic	_	none	Intonation=WeaklyRising	Begin=300.371	_	_	_	_
88-1	BZ002	88	1	ma	ma	_	_	_	_	_	linguistic	_	none	_	_	_	_	_	_
88-2	BZ002	88	2	un	un	_	_	_	_	_	linguistic	_	none	_	_	_	_	_	_
88-3	BZ002	88	3	po'	po'	_	_	_	_	_	linguistic	_	none	_	_	_	_	_	_
88-4	BZ002	88	4	di	di	_	_	_	_	_	linguistic	_	none	_	_	_	_	_	_
88-5	BZ002	88	5	meno,	meno	_	_	_	_	_	linguistic	_	none	Intonation=WeaklyRising|PauseAfter=Yes	_	_	_	_	_
88-6	BZ002	88	6	(.)	(.)	_	_	_	_	_	shortpause	_	none	_	_	_	_	_	_
88-7	BZ002	88	7	cioè	cioè	_	_	_	_	_	linguistic	_	none	_	_	_	_	_	_
88-8	BZ002	88	8	tipo	tipo	_	_	_	_	_	linguistic	_	none	_	_	_	_	_	_
88-9	BZ002	88	9	col	col	_	_	_	_	_	linguistic	_	none	_	_	_	_	_	_
88-10	BZ002	88	10	tedesco	tedesco	_	_	_	_	_	linguistic	_	none	_	_	_	_	_	_
88-11	BZ002	88	11	avevo	avevo	_	_	_	_	_	linguistic	_	none	_	_	_	_	_	_
88-12	BZ002	88	12	pochissimo	pochissimo	_	_	_	_	_	linguistic	_	none	_	_	_	_	_	_
88-13	BZ002	88	13	letto,	letto	_	_	_	_	_	linguistic	_	none	Intonation=WeaklyRising	_	_	_	_	_
88-14	BZ002	88	14	mentre	mentre	_	_	_	_	_	linguistic	_	none	_	_	_	_	_	_
88-15	BZ002	88	15	l'	l'	_	_	_	_	_	linguistic	_	none	SpaceAfter=No	_	_	_	_	_
88-16	BZ002	88	16	inglese	inglese	_	_	_	_	_	linguistic	_	none	_	_	_	_	_	_
88-17	BZ002	88	17	ora	ora	_	_	_	_	_	linguistic	_	none	_	_	_	_	_	_
88-18	BZ002	88	18	vabbè	vabbè	_	_	_	_	_	linguistic	_	none	_	_	_	_	_	_
88-19	BZ002	88	19	l-	l-	_	_	_	_	_	linguistic	_	none	Interrupted=Yes	_	_	_	_	_
88-20	BZ002	88	20	lo	lo	_	_	_	_	_	linguistic	_	none	_	_	_	_	_	_
88-21	BZ002	88	21	leggo	leggo	_	_	_	_	_	linguistic	_	none	_	_	_	_	_	_
88-22	BZ002	88	22	tranquillamente,	tranquillamente	_	_	_	_	_	linguistic	_	none	Intonation=WeaklyRising	End=307.141	_	_	_	_
89-0	BZ002	89	0	cinese	cinese	_	_	_	_	_	linguistic	_	none	_	Begin=307.788	_	_	_	_
89-1	BZ002	89	1	anche	anche	_	_	_	_	_	linguistic	_	none	_	_	_	_	_	_
89-2	BZ002	89	2	per	per	_	_	_	_	_	linguistic	_	none	_	_	_	_	_	_
89-3	BZ002	89	3	imparare	imparare	_	_	_	_	_	linguistic	_	none	_	_	_	_	_	_
89-4	BZ002	89	4	i	i	_	_	_	_	_	linguistic	_	none	_	_	_	_	_	_
89-5	BZ002	89	5	caratteri,	caratteri	_	_	_	_	_	linguistic	_	none	Intonation=WeaklyRising	End=309.968	_	_	_	_
90-0	BZ002	90	0	e::	e	_	_	_	_	_	linguistic	_	none	_	Begin=310.423	0x2	_	_	_
90-1	BZ002	90	1	be'	be'	_	_	_	_	_	linguistic	_	none	Truncated=Yes	_	_	_	_	_
90-2	BZ002	90	2	poi	poi	_	_	_	_	_	linguistic	_	none	_	_	_	_	_	_
90-3	BZ002	90	3	io	io	_	_	_	_	_	linguistic	_	none	_	_	_	_	_	_
90-4	BZ002	90	4	uso	uso	_	_	_	_	_	linguistic	_	none	_	_	_	_	_	_
90-5	BZ002	90	5	>tantissimo	tantissimo	_	_	_	_	_	linguistic	_	none	_	_	_	Fast=0-10(0)	_	_
90-6	BZ002	90	6	le	le	_	_	_	_	_	linguistic	_	none	_	_	_	Fast=0-2(0)	_	_
90-7	BZ002	90	7	applicazioni	applicazioni	_	_	_	_	_	linguistic	_	none	_	_	_	Fast=0-12(0)	_	_
90-8	BZ002	90	8	perché	perché	_	_	_	_	_	linguistic	_	none	_	_	_	Fast=0-6(0)	_	_
90-9	BZ002	90	9	mi	mi	_	_	_	_	_	linguistic	_	none	_	_	_	Fast=0-2(0)	_	_
90-10	BZ002	90	10	piacciono	piacciono	_	_	_	_	_	linguistic	_	none	_	_	_	Fast=0-9(0)	_	_
90-11	BZ002	90	11	un	un	_	_	_	_	_	linguistic	_	none	_	_	_	Fast=0-2(0)	_	_
90-12	BZ002	90	12	sacco	sacco	_	_	_	_	_	linguistic	_	none	_	_	_	Fast=0-5(0)	_	_
90-13	BZ002	90	13	le	le	_	_	_	_	_	linguistic	_	none	_	_	_	Fast=0-2(0)	_	_
90-14	BZ002	90	14	applicazioni	applicazioni	_	_	_	_	_	linguistic	_	none	_	_	_	Fast=0-12(0)	_	_
90-15	BZ002	90	15	[di	di	_	_	_	_	_	linguistic	_	none	_	_	_	Fast=0-2(0)	_	0-2(15)
90-16	BZ002	90	16	lingua]<,	lingua	_	_	_	_	_	linguistic	_	none	Intonation=WeaklyRising	End=315.003	_	Fast=0-6(0)	_	0-6(15)
91-0	BZ001	91	0	[((h.::))]	((h.::))	_	_	_	_	_	nonverbalbehavior	_	none	_	Begin=314.448|End=314.988	_	_	_	0-1(15)
92-0	BZ002	92	0	e:::	e	_	_	_	_	_	linguistic	_	none	_	Begin=315.663	0x3	_	_	_
92-1	BZ002	92	1	e	e	_	_	_	_	_	linguistic	_	none	_	_	_	_	_	_
92-2	BZ002	92	2	be'	be'	_	_	_	_	_	linguistic	_	none	Truncated=Yes	_	_	_	_	_
92-3	BZ002	92	3	ho	ho	_	_	_	_	_	linguistic	_	none	_	_	_	_	_	_
92-4	BZ002	92	4	fatto	fatto	_	_	_	_	_	linguistic	_	none	_	_	_	_	_	_
92-5	BZ002	92	5	un	un	_	_	_	_	_	linguistic	_	none	_	_	_	_	_	_
92-6	BZ002	92	6	po'	po'	_	_	_	_	_	linguistic	_	none	_	_	_	_	_	_
92-7	BZ002	92	7	di	di	_	_	_	_	_	linguistic	_	none	_	_	_	_	_	_
92-8	BZ002	92	8	corsi	corsi	_	_	_	_	_	linguistic	_	none	_	_	_	_	_	_
92-9	BZ002	92	9	in	in	_	_	_	_	_	linguistic	_	none	_	_	_	_	_	_
92-10	BZ002	92	10	generale	generale	_	_	_	_	_	linguistic	_	none	_	_	_	_	_	_
92-11	BZ002	92	11	di	di	_	_	_	_	_	linguistic	_	none	_	_	_	_	_	_
92-12	BZ002	92	12	tutte,	tutte	_	_	_	_	_	linguistic	_	none	Intonation=WeaklyRising	End=319.373	_	_	_	_
93-0	BZ002	93	0	e	e	_	_	_	_	_	linguistic	_	none	_	Begin=319.813	_	_	_	_
93-1	BZ002	93	1	tre	tre	_	_	_	_	_	linguistic	_	none	_	_	_	_	_	_
93-2	BZ002	93	2	le	le	_	_	_	_	_	linguistic	_	none	_	_	_	_	_	_
93-3	BZ002	93	3	lingue.	lingue	_	_	_	_	_	linguistic	_	none	Intonation=Falling	End=320.693	_	_	_	_
94-0	BZ001	94	0	e	e	_	_	_	_	_	linguistic	_	none	_	Begin=322.154	_	_	_	_
94-1	BZ001	94	1	il	il	_	_	_	_	_	linguistic	_	none	_	_	_	_	_	_
94-2	BZ001	94	2	cinese	cinese	_	_	_	_	_	linguistic	_	none	_	_	_	_	_	_
94-3	BZ001	94	3	invece	invece	_	_	_	_	_	linguistic	_	none	_	_	_	_	_	_
94-4	BZ001	94	4	raccontami	raccontami	_	_	_	_	_	linguistic	_	none	_	_	_	_	_	_
94-5	BZ001	94	5	un	un	_	_	_	_	_	linguistic	_	none	_	_	_	_	_	_
94-6	BZ001	94	6	po':	po'	_	_	_	_	_	linguistic	_	none	_	_	1x1	_	_	_
94-7	BZ001	94	7	di	di	_	_	_	_	_	linguistic	_	none	_	_	_	_	_	_
94-8	BZ001	94	8	questa:	questa	_	_	_	_	_	linguistic	_	none	_	_	5x1	_	_	_
94-9	BZ001	94	9	lingua:,	lingua	_	_	_	_	_	linguistic	_	none	Intonation=WeaklyRising	End=325.574	5x1	_	_	_
95-0	BZ002	95	0	il	il	_	_	_	_	_	linguistic	_	none	_	Begin=325.789	_	_	_	_
95-1	BZ002	95	1	cinese	cinese	_	_	_	_	_	linguistic	_	none	_	_	_	_	_	_
95-2	BZ002	95	2	l'	l'	_	_	_	_	_	linguistic	_	none	SpaceAfter=No	_	_	_	_	_
95-3	BZ002	95	3	ho	ho	_	_	_	_	_	linguistic	_	none	_	_	_	_	_	_
95-4	BZ002	95	4	iniziato	iniziato	_	_	_	_	_	linguistic	_	none	_	_	_	_	_	_
95-5	BZ002	95	5	ad	ad	_	_	_	_	_	linguistic	_	none	_	_	_	_	_	_
95-6	BZ002	95	6	agosto	agosto	_	_	_	_	_	linguistic	_	none	_	_	_	_	_	_
95-7	BZ002	95	7	dell'	dell'	_	_	_	_	_	linguistic	_	none	SpaceAfter=No	_	_	_	_	_
95-8	BZ002	95	8	anno	anno	_	_	_	_	_	linguistic	_	none	_	_	_	_	_	_
95-9	BZ002	95	9	scorso,	scorso	_	_	_	_	_	linguistic	_	none	Intonation=WeaklyRising	_	_	_	_	_
95-10	BZ002	95	10	quindi	quindi	_	_	_	_	_	linguistic	_	none	_	_	_	_	_	_
95-11	BZ002	95	11	una	una	_	_	_	_	_	linguistic	_	none	_	_	_	_	_	_
95-12	BZ002	95	12	decina	decina	_	_	_	_	_	linguistic	_	none	_	_	_	_	_	_
95-13	BZ002	95	13	di	di	_	_	_	_	_	linguistic	_	none	_	_	_	_	_	_
95-14	BZ002	95	14	mesi	mesi	_	_	_	_	_	linguistic	_	none	_	_	_	_	_	_
95-15	BZ002	95	15	fa,	fa	_	_	_	_	_	linguistic	_	none	Intonation=WeaklyRising	End=330.829	_	_	_	_
96-0	BZ002	96	0	e	e	_	_	_	_	_	linguistic	_	none	_	Begin=331.6	_	_	_	_
96-1	BZ002	96	1	avevo	avevo	_	_	_	_	_	linguistic	_	none	_	_	_	_	_	_
96-2	BZ002	96	2	fatto	fatto	_	_	_	_	_	linguistic	_	none	_	_	_	_	_	_
96-3	BZ002	96	3	prima	prima	_	_	_	_	_	linguistic	_	none	_	_	_	_	_	_
96-4	BZ002	96	4	un	un	_	_	_	_	_	linguistic	_	none	_	_	_	_	_	_
96-5	BZ002	96	5	corso	corso	_	_	_	_	_	linguistic	_	none	_	_	_	_	_	_
96-6	BZ002	96	6	con	con	_	_	_	_	_	linguistic	_	none	_	_	_	_	_	_
96-7	BZ002	96	7	l'	l'	_	_	_	_	_	linguistic	_	none	SpaceAfter=No	_	_	_	_	_
96-8	BZ002	96	8	università,	università	_	_	_	_	_	linguistic	_	none	Intonation=WeaklyRising	End=334.06	_	_	_	_
97-0	BZ002	97	0	dove	dove	_	_	_	_	_	linguistic	_	none	_	Begin=334.29	_	_	_	_
97-1	BZ002	97	1	facevamo:	facevamo	_	_	_	_	_	linguistic	_	none	_	_	7x1	_	_	_
97-2	BZ002	97	2	<scritto	scritto	_	_	_	_	_	linguistic	_	none	_	_	_	Slow=0-7(0)	_	_
97-3	BZ002	97	3	orale	orale	_	_	_	_	_	linguistic	_	none	_	_	_	Slow=0-5(0)	_	_
97-4	BZ002	97	4	cultura	cultura	_	_	_	_	_	linguistic	_	none	_	_	_	Slow=0-7(0)	_	_
97-5	BZ002	97	5	cinese>	cinese	_	_	_	_	_	linguistic	_	none	_	_	_	Slow=0-6(0)	_	_
97-6	BZ002	97	6	tutto,	tutto	_	_	_	_	_	linguistic	_	none	Intonation=WeaklyRising	End=338.22	_	_	_	_
98-0	BZ002	98	0	per	per	_	_	_	_	_	linguistic	_	none	_	Begin=338.58	_	_	_	_
98-1	BZ002	98	1	un	un	_	_	_	_	_	linguistic	_	none	_	_	_	_	_	_
98-2	BZ002	98	2	semestre	semestre	_	_	_	_	_	linguistic	_	none	_	_	_	_	_	_
98-3	BZ002	98	3	intero,	intero	_	_	_	_	_	linguistic	_	none	Intonation=WeaklyRising	End=340.04	_	_	_	_
99-0	BZ002	99	0	poi	poi	_	_	_	_	_	linguistic	_	none	_	Begin=340.325	_	_	_	_
99-1	BZ002	99	1	ho	ho	_	_	_	_	_	linguistic	_	none	_	_	_	_	_	_
99-2	BZ002	99	2	continuato:	continuato	_	_	_	_	_	linguistic	_	none	_	_	9x1	_	_	_
99-3	BZ002	99	3	da	da	_	_	_	_	_	linguistic	_	none	_	_	_	_	_	_
99-4	BZ002	99	4	sola	sola	_	_	_	_	_	linguistic	_	none	_	_	_	_	_	_
99-5	BZ002	99	5	però	però	_	_	_	_	_	linguistic	_	none	_	_	_	_	_	_
99-6	BZ002	99	6	un	un	_	_	_	_	_	linguistic	_	none	_	_	_	_	_	_
99-7	BZ002	99	7	po',	po'	_	_	_	_	_	linguistic	_	none	Intonation=WeaklyRising	_	_	_	_	_
99-8	BZ002	99	8	con	con	_	_	_	_	_	linguistic	_	none	_	_	_	_	_	_
99-9	BZ002	99	9	le	le	_	_	_	_	_	linguistic	_	none	_	_	_	_	_	_
99-10	BZ002	99	10	applicazioni:	applicazioni	_	_	_	_	_	linguistic	_	none	_	_	11x1	_	_	_
99-11	BZ002	99	11	i	i	_	_	_	_	_	linguistic	_	none	_	_	_	_	_	_
99-12	BZ002	99	12	libri	libri	_	_	_	_	_	linguistic	_	none	_	_	_	_	_	_
99-13	BZ002	99	13	che	che	_	_	_	_	_	linguistic	_	none	_	_	_	_	_	_
99-14	BZ002	99	14	mi	mi	_	_	_	_	_	linguistic	_	none	_	_	_	_	_	_
99-15	BZ002	99	15	ero	ero	_	_	_	_	_	linguistic	_	none	_	_	_	_	_	_
99-16	BZ002	99	16	comprata,	comprata	_	_	_	_	_	linguistic	_	none	Intonation=WeaklyRising	End=346.415	_	_	_	_
100-0	BZ002	100	0	e	e	_	_	_	_	_	linguistic	_	none	_	Begin=347.57	_	_	_	_
100-1	BZ002	100	1	autonomamente,	autonomamente	_	_	_	_	_	linguistic	_	none	Intonation=WeaklyRising	_	_	_	_	_
100-2	BZ002	100	2	e	e	_	_	_	_	_	linguistic	_	none	_	_	_	_	_	_
100-3	BZ002	100	3	poi	poi	_	_	_	_	_	linguistic	_	none	_	_	_	_	_	_
100-4	BZ002	100	4	ho	ho	_	_	_	_	_	linguistic	_	none	_	_	_	_	_	_
100-5	BZ002	100	5	fatto	fatto	_	_	_	_	_	linguistic	_	none	_	_	_	_	_	_
100-6	BZ002	100	6	un	un	_	_	_	_	_	linguistic	_	none	_	_	_	_	_	_
100-7	BZ002	100	7	corso	corso	_	_	_	_	_	linguistic	_	none	_	_	_	_	_	_
100-8	BZ002	100	8	con	con	_	_	_	_	_	linguistic	_	none	_	_	_	_	_	_
100-9	BZ002	100	9	l'	l'	_	_	_	_	_	linguistic	_	none	SpaceAfter=No	_	_	_	_	_
100-10	BZ002	100	10	università	università	_	_	_	_	_	linguistic	_	none	_	_	_	_	_	_
100-11	BZ002	100	11	di	di	_	_	_	_	_	linguistic	_	none	_	_	_	_	_	_
100-12	BZ002	100	12	pechino	pechino	_	_	_	_	_	linguistic	_	none	_	_	_	_	_	_
100-13	BZ002	100	13	che	che	_	_	_	_	_	linguistic	_	none	_	_	_	_	_	_
100-14	BZ002	100	14	è	è	_	_	_	_	_	linguistic	_	none	_	_	_	_	_	_
100-15	BZ002	100	15	appena	appena	_	_	_	_	_	linguistic	_	none	_	_	_	_	_	_
100-16	BZ002	100	16	finito	finito	_	_	_	_	_	linguistic	_	none	_	_	_	_	_	_
100-17	BZ002	100	17	adesso	adesso	_	_	_	_	_	linguistic	_	none	_	_	_	_	_	_
100-18	BZ002	100	18	che	che	_	_	_	_	_	linguistic	_	none	_	_	_	_	_	_
100-19	BZ002	100	19	era	era	_	_	_	_	_	linguistic	_	none	_	_	_	_	_	_
100-20	BZ002	100	20	quello	quello	_	_	_	_	_	linguistic	_	none	_	_	_	_	_	_
100-21	BZ002	100	21	per	per	_	_	_	_	_	linguistic	_	none	_	_	_	_	_	_
100-22	BZ002	100	22	la	la	_	_	_	_	_	linguistic	_	none	_	_	_	_	_	_
100-23	BZ002	100	23	preprazione	preprazione	_	_	_	_	_	linguistic	_	none	_	_	_	_	_	_
100-24	BZ002	100	24	dell'	dell'	_	_	_	_	_	linguistic	_	none	SpaceAfter=No	_	_	_	_	_
100-25	BZ002	100	25	hsk	hsk	_	_	_	_	_	linguistic	_	none	_	_	_	_	_	_
100-26	BZ002	100	26	uno.	uno	_	_	_	_	_	linguistic	_	none	Intonation=Falling	End=355.38	_	_	_	_
101-0	BZ002	101	0	e	e	_	_	_	_	_	linguistic	_	none	_	Begin=355.81	_	_	_	_
101-1	BZ002	101	1	adesso	adesso	_	_	_	_	_	linguistic	_	none	_	_	_	_	_	_
101-2	BZ002	101	2	ri-	ri-	_	_	_	_	_	linguistic	_	none	Interrupted=Yes	_	_	_	_	_
101-3	BZ002	101	3	mh	mh	_	_	_	_	_	linguistic	_	none	_	_	_	_	_	_
101-4	BZ002	101	4	penso	penso	_	_	_	_	_	linguistic	_	none	_	_	_	_	_	_
101-5	BZ002	101	5	fra	fra	_	_	_	_	_	linguistic	_	none	_	_	_	_	_	_
101-6	BZ002	101	6	poco	poco	_	_	_	_	_	linguistic	_	none	_	_	_	_	_	_
101-7	BZ002	101	7	inizierò	inizierò	_	_	_	_	_	linguistic	_	none	_	_	_	_	_	_
101-8	BZ002	101	8	anche	anche	_	_	_	_	_	linguistic	_	none	_	_	_	_	_	_
101-9	BZ002	101	9	sempre	sempre	_	_	_	_	_	linguistic	_	none	_	_	_	_	_	_
101-10	BZ002	101	10	con	con	_	_	_	_	_	linguistic	_	none	_	_	_	_	_	_
101-11	BZ002	101	11	l'	l'	_	_	_	_	_	linguistic	_	none	SpaceAfter=No	_	_	_	_	_
101-12	BZ002	101	12	università	università	_	_	_	_	_	linguistic	_	none	_	_	_	_	_	_
101-13	BZ002	101	13	di	di	_	_	_	_	_	linguistic	_	none	_	_	_	_	_	_
101-14	BZ002	101	14	pechino,	pechino	_	_	_	_	_	linguistic	_	none	Intonation=WeaklyRising	_	_	_	_	_
101-15	BZ002	101	15	il	il	_	_	_	_	_	linguistic	_	none	_	_	_	_	_	_
101-16	BZ002	101	16	corso	corso	_	_	_	_	_	linguistic	_	none	_	_	_	_	_	_
101-17	BZ002	101	17	per	per	_	_	_	_	_	linguistic	_	none	_	_	_	_	_	_
101-18	BZ002	101	18	l'	l'	_	_	_	_	_	linguistic	_	none	SpaceAfter=No	_	_	_	_	_
101-19	BZ002	101	19	hsk	hsk	_	_	_	_	_	linguistic	_	none	_	_	_	_	_	_
101-20	BZ002	101	20	due	due	_	_	_	_	_	linguistic	_	none	_	_	_	_	_	_
101-21	BZ002	101	21	perché	perché	_	_	_	_	_	linguistic	_	none	_	_	_	_	_	_
101-22	BZ002	101	22	era	era	_	_	_	_	_	linguistic	_	none	_	_	_	_	_	_
101-23	BZ002	101	23	fatto	fatto	_	_	_	_	_	linguistic	_	none	_	_	_	_	_	_
101-24	BZ002	101	24	bene	bene	_	_	_	_	_	linguistic	_	none	_	_	_	_	_	_
101-25	BZ002	101	25	e	e	_	_	_	_	_	linguistic	_	none	_	_	_	_	_	_
101-26	BZ002	101	26	poi	poi	_	_	_	_	_	linguistic	_	none	_	_	_	_	_	_
101-27	BZ002	101	27	mi	mi	_	_	_	_	_	linguistic	_	none	_	_	_	_	_	_
101-28	BZ002	101	28	dà	dà	_	_	_	_	_	linguistic	_	none	_	_	_	_	_	_
101-29	BZ002	101	29	un	un	_	_	_	_	_	linguistic	_	none	_	_	_	_	_	_
101-30	BZ002	101	30	po'	po'	_	_	_	_	_	linguistic	_	none	_	_	_	_	_	_
101-31	BZ002	101	31	più	più	_	_	_	_	_	linguistic	_	none	_	_	_	_	_	_
101-32	BZ002	101	32	di	di	_	_	_	_	_	linguistic	_	none	_	_	_	_	_	_
101-33	BZ002	101	33	ritmo,.	ritmo,.	_	_	_	_	_	error	_	none	_	_	_	_	_	_
101-34	BZ002	101	34	h	h	_	_	_	_	_	linguistic	_	none	_	End=364.16	_	_	_	_
102-0	BZ002	102	0	per	per	_	_	_	_	_	linguistic	_	none	_	Begin=364.77	_	_	_	_
102-1	BZ002	102	1	studiare	studiare	_	_	_	_	_	linguistic	_	none	_	_	_	_	_	_
102-2	BZ002	102	2	se	se	_	_	_	_	_	linguistic	_	none	_	_	_	_	_	_
102-3	BZ002	102	3	no	no	_	_	_	_	_	linguistic	_	none	_	_	_	_	_	_
102-4	BZ002	102	4	abbandono	abbandono	_	_	_	_	_	linguistic	_	none	_	_	_	_	_	_
102-5	BZ002	102	5	tutto.	tutto	_	_	_	_	_	linguistic	_	none	Intonation=Falling	End=366.51	_	_	_	_
103-0	BZ002	103	0	e::	e	_	_	_	_	_	linguistic	_	none	PauseAfter=Yes	Begin=367.48	0x2	_	_	_
103-1	BZ002	103	1	(.)	(.)	_	_	_	_	_	shortpause	_	none	_	_	_	_	_	_
103-2	BZ002	103	2	no	no	_	_	_	_	_	linguistic	_	none	_	_	_	_	_	_
103-3	BZ002	103	3	in	in	_	_	_	_	_	linguistic	_	none	_	_	_	_	_	_
103-4	BZ002	103	4	realtà:,	realtà	_	_	_	_	_	linguistic	_	none	Intonation=WeaklyRising	End=369.26	5x1	_	_	_
104-0	BZ002	104	0	mi	mi	_	_	_	_	_	linguistic	_	none	_	Begin=369.575	_	_	_	_
104-1	BZ002	104	1	sta	sta	_	_	_	_	_	linguistic	_	none	_	_	_	_	_	_
104-2	BZ002	104	2	piacendo.	piacendo	_	_	_	_	_	linguistic	_	none	Intonation=Falling|PauseAfter=Yes	_	_	_	_	_
104-3	BZ002	104	3	(.)	(.)	_	_	_	_	_	shortpause	_	none	_	_	_	_	_	_
104-4	BZ002	104	4	quindi	quindi	_	_	_	_	_	linguistic	_	none	_	End=370.965	_	_	_	_
105-0	BZ001	105	0	vorresti	vorresti	_	_	_	_	_	linguistic	_	none	_	Begin=371.275	_	_	_	_
105-1	BZ001	105	1	andare	andare	_	_	_	_	_	linguistic	_	none	_	_	_	_	_	_
105-2	BZ001	105	2	anche?	anche	_	_	_	_	_	linguistic	_	none	Intonation=Rising|PauseAfter=Yes	_	_	_	_	_
105-3	BZ001	105	3	(.)	(.)	_	_	_	_	_	shortpause	_	none	_	_	_	_	_	_
105-4	BZ001	105	4	[in	in	_	_	_	_	_	linguistic	_	none	_	_	_	_	_	0-2(16)
105-5	BZ001	105	5	cina].	cina	_	_	_	_	_	linguistic	_	none	Intonation=Falling	End=373.175	_	_	_	0-4(16)
106-0	BZ002	106	0	[eh	eh	_	_	_	_	_	linguistic	_	none	_	Begin=372.69	_	_	_	0-2(16)
106-1	BZ002	106	1	sì]	sì	_	_	_	_	_	linguistic	_	none	_	_	_	_	_	0-2(16)
106-2	BZ002	106	2	tantissimo	tantissimo	_	_	_	_	_	linguistic	_	none	_	_	_	_	_	_
106-3	BZ002	106	3	sto	sto	_	_	_	_	_	linguistic	_	none	_	_	_	_	_	_
106-4	BZ002	106	4	[guardando]	guardando	_	_	_	_	_	linguistic	_	none	_	_	_	_	_	0-9(17)
106-5	BZ002	106	5	soltanto	soltanto	_	_	_	_	_	linguistic	_	none	_	_	_	_	_	_
106-6	BZ002	106	6	cose	cose	_	_	_	_	_	linguistic	_	none	_	_	_	_	_	_
106-7	BZ002	106	7	della	della	_	_	_	_	_	linguistic	_	none	_	_	_	_	_	_
106-8	BZ002	106	8	cina,	cina	_	_	_	_	_	linguistic	_	none	Intonation=WeaklyRising	_	_	_	_	_
106-9	BZ002	106	9	video	video	_	_	_	_	_	linguistic	_	none	_	_	_	_	_	_
106-10	BZ002	106	10	di:	di	_	_	_	_	_	linguistic	_	none	_	_	1x1	_	_	_
106-11	BZ002	106	11	street	street	_	_	_	_	_	linguistic	_	none	_	_	_	_	_	_
106-12	BZ002	106	12	food	food	_	_	_	_	_	linguistic	_	none	_	_	_	_	_	_
106-13	BZ002	106	13	cinese,	cinese	_	_	_	_	_	linguistic	_	none	Intonation=WeaklyRising	End=377.67	_	_	_	_
107-0	BZ001	107	0	[sì]?	sì	_	_	_	_	_	linguistic	_	none	Intonation=Rising	Begin=373.92|End=374.28	_	_	_	0-2(17)
108-0	BZ002	108	0	>e	e	_	_	_	_	_	linguistic	_	none	_	Begin=377.995	_	Fast=0-1(0)	_	_
108-1	BZ002	108	1	qualsiasi	qualsiasi	_	_	_	_	_	linguistic	_	none	_	_	_	Fast=0-9(0)	_	_
108-2	BZ002	108	2	cosa	cosa	_	_	_	_	_	linguistic	_	none	_	_	_	Fast=0-4(0)	_	_
108-3	BZ002	108	3	sì<	sì	_	_	_	_	_	linguistic	_	none	_	_	_	Fast=0-2(0)	_	_
108-4	BZ002	108	4	((a_bassa_voce))	((a_bassa_voce))	_	_	_	_	_	nonverbalbehavior	_	none	_	End=378.865	_	_	_	_
109-0	BZ001	109	0	eh	eh	_	_	_	_	_	linguistic	_	none	_	Begin=379.155	_	_	_	_
109-1	BZ001	109	1	l'	l'	_	_	_	_	_	linguistic	_	none	SpaceAfter=No	_	_	_	_	_
109-2	BZ001	109	2	altro	altro	_	_	_	_	_	linguistic	_	none	_	_	_	_	_	_
109-3	BZ001	109	3	giorno	giorno	_	_	_	_	_	linguistic	_	none	_	_	_	_	_	_
109-4	BZ001	109	4	c'	c'	_	_	_	_	_	linguistic	_	none	SpaceAfter=No	_	_	_	_	_
109-5	BZ001	109	5	era:	era	_	_	_	_	_	linguistic	_	none	_	_	2x1	_	_	_
109-6	BZ001	109	6	l'	l'	_	_	_	_	_	linguistic	_	none	SpaceAfter=No	_	_	_	_	_
109-7	BZ001	109	7	articolo	articolo	_	_	_	_	_	linguistic	_	none	_	_	_	_	_	_
109-8	BZ001	109	8	no?	no	_	_	_	_	_	linguistic	_	none	Intonation=Rising	_	_	Fast=1-2(0)	_	_
109-9	BZ001	109	9	>che	che	_	_	_	_	_	linguistic	_	none	_	_	_	Fast=0-3(0)	_	_
109-10	BZ001	109	10	dicevano	dicevano	_	_	_	_	_	linguistic	_	none	_	_	_	Fast=0-8(0)	_	_
109-11	BZ001	109	11	che	che	_	_	_	_	_	linguistic	_	none	_	_	_	Fast=0-3(0)	_	_
109-12	BZ001	109	12	hanno<	hanno	_	_	_	_	_	linguistic	_	none	_	_	_	Fast=0-3(0)	_	_
109-13	BZ001	109	13	chiuso:	chiuso	_	_	_	_	_	linguistic	_	none	_	_	5x1	_	_	_
109-14	BZ001	109	14	l'	l'	_	_	_	_	_	linguistic	_	none	SpaceAfter=No	_	_	_	_	_
109-15	BZ001	109	15	ultimo	ultimo	_	_	_	_	_	linguistic	_	none	_	_	_	_	_	_
109-16	BZ001	109	16	giornale	giornale	_	_	_	_	_	linguistic	_	none	_	_	_	_	_	_
109-17	BZ001	109	17	antiregime	antiregime	_	_	_	_	_	linguistic	_	none	_	_	_	_	_	_
109-18	BZ001	109	18	a	a	_	_	_	_	_	linguistic	_	none	_	_	_	_	_	_
109-19	BZ001	109	19	hong	hong	_	_	_	_	_	linguistic	_	none	_	_	_	_	_	1-4(18)
109-20	BZ001	109	20	[kong	kong	_	_	_	_	_	linguistic	_	none	PauseAfter=Yes	_	_	_	_	0-4(18)
109-21	BZ001	109	21	(.)	(.)	_	_	_	_	_	shortpause	_	none	_	_	_	_	_	_
109-22	BZ001	109	22	vero]?	vero	_	_	_	_	_	linguistic	_	none	Intonation=Rising	End=386.235	_	_	_	0-1(18)
110-0	BZ002	110	0	[eh	eh	_	_	_	_	_	linguistic	_	none	_	Begin=384.865	_	_	_	0-2(18)
110-1	BZ002	110	1	sì	sì	_	_	_	_	_	linguistic	_	none	PauseAfter=Yes	_	_	_	_	0-2(18)
110-2	BZ002	110	2	(.)	(.)	_	_	_	_	_	shortpause	_	none	_	_	_	_	_	_
110-3	BZ002	110	3	sì	sì	_	_	_	_	_	linguistic	_	none	_	_	_	_	_	0-2(18)
110-4	BZ002	110	4	sì	sì	_	_	_	_	_	linguistic	_	none	_	_	_	_	_	0-2(18)
110-5	BZ002	110	5	sì].	sì	_	_	_	_	_	linguistic	_	none	Intonation=Falling	End=386.235	_	_	_	0-2(18)
111-0	BZ001	111	0	quindi::	quindi	_	_	_	_	_	linguistic	_	none	_	Begin=387.715	5x2	_	_	_
111-1	BZ001	111	1	quindi	quindi	_	_	_	_	_	linguistic	_	none	_	_	_	_	_	_
111-2	BZ001	111	2	sei	sei	_	_	_	_	_	linguistic	_	none	_	_	_	_	_	_
111-3	BZ001	111	3	informata	informata	_	_	_	_	_	linguistic	_	none	_	_	_	_	_	_
111-4	BZ001	111	4	anche	anche	_	_	_	_	_	linguistic	_	none	_	_	_	_	_	_
111-5	BZ001	111	5	al	al	_	_	_	_	_	linguistic	_	none	_	_	_	_	_	_
111-6	BZ001	111	6	di	di	_	_	_	_	_	linguistic	_	none	_	_	_	_	_	_
111-7	BZ001	111	7	là	là	_	_	_	_	_	linguistic	_	none	_	_	_	_	_	_
111-8	BZ001	111	8	della	della	_	_	_	_	_	linguistic	_	none	_	_	_	_	_	_
111-9	BZ001	111	9	lingua	lingua	_	_	_	_	_	linguistic	_	none	_	_	_	_	_	_
111-10	BZ001	111	10	insomma	insomma	_	_	_	_	_	linguistic	_	none	_	_	_	_	_	_
111-11	BZ001	111	11	c'	c'	_	_	_	_	_	linguistic	_	none	SpaceAfter=No	_	_	_	_	_
111-12	BZ001	111	12	è	è	_	_	_	_	_	linguistic	_	none	_	_	_	_	_	_
111-13	BZ001	111	13	ti	ti	_	_	_	_	_	linguistic	_	none	_	_	_	_	_	_
111-14	BZ001	111	14	affascina	affascina	_	_	_	_	_	linguistic	_	none	_	_	_	_	_	_
111-15	BZ001	111	15	in	in	_	_	_	_	_	linguistic	_	none	_	_	_	_	_	_
111-16	BZ001	111	16	gene[rale:	generale	_	_	_	_	_	linguistic	_	none	PauseAfter=Yes	_	7x1	_	_	3-8(19)
111-17	BZ001	111	17	(.)	(.)	_	_	_	_	_	shortpause	_	none	_	_	_	_	_	_
111-18	BZ001	111	18	il	il	_	_	_	_	_	linguistic	_	none	_	_	_	_	_	0-2(19)
111-19	BZ001	111	19	paese]?	paese	_	_	_	_	_	linguistic	_	none	Intonation=Rising	End=392.775	_	_	_	0-5(19)
112-0	BZ002	112	0	[sì	sì	_	_	_	_	_	linguistic	_	none	_	Begin=391.805	_	_	_	0-2(19)
112-1	BZ002	112	1	sì	sì	_	_	_	_	_	linguistic	_	none	_	_	_	_	_	0-2(19)
112-2	BZ002	112	2	un	un	_	_	_	_	_	linguistic	_	none	_	_	_	_	_	0-2(19)
112-3	BZ002	112	3	po':]	po'	_	_	_	_	_	linguistic	_	none	_	_	1x1	_	_	0-3(19)
112-4	BZ002	112	4	quelle::	quelle	_	_	_	_	_	linguistic	_	none	_	_	5x2	_	_	_
112-5	BZ002	112	5	città	città	_	_	_	_	_	linguistic	_	none	_	_	_	_	_	_
112-6	BZ002	112	6	più	più	_	_	_	_	_	linguistic	_	none	_	_	_	_	_	_
112-7	BZ002	112	7	avanzate	avanzate	_	_	_	_	_	linguistic	_	none	_	_	_	_	_	_
112-8	BZ002	112	8	perché	perché	_	_	_	_	_	linguistic	_	none	_	_	_	_	_	_
112-9	BZ002	112	9	poi	poi	_	_	_	_	_	linguistic	_	none	_	_	_	_	_	_
112-10	BZ002	112	10	c'	c'	_	_	_	_	_	linguistic	_	none	SpaceAfter=No	_	_	_	_	_
112-11	BZ002	112	11	è	è	_	_	_	_	_	linguistic	_	none	_	_	_	_	_	_
112-12	BZ002	112	12	la	la	_	_	_	_	_	linguistic	_	none	_	_	_	_	_	_
112-13	BZ002	112	13	zona	zona	_	_	_	_	_	linguistic	_	none	_	_	_	_	_	_
112-14	BZ002	112	14	molto	molto	_	_	_	_	_	linguistic	_	none	_	_	_	_	_	_
112-15	BZ002	112	15	rurale:	rurale	_	_	_	_	_	linguistic	_	none	_	_	5x1	_	_	_
112-16	BZ002	112	16	do-	do-	_	_	_	_	_	linguistic	_	none	Interrupted=Yes	_	_	_	_	_
112-17	BZ002	112	17	città	città	_	_	_	_	_	linguistic	_	none	_	_	_	_	_	_
112-18	BZ002	112	18	tipo	tipo	_	_	_	_	_	linguistic	_	none	_	_	_	_	_	_
112-19	BZ002	112	19	shanghai	shanghai	_	_	_	_	_	linguistic	_	none	_	_	_	_	_	_
112-20	BZ002	112	20	lì	lì	_	_	_	_	_	linguistic	_	none	_	_	_	_	_	_
112-21	BZ002	112	21	mi	mi	_	_	_	_	_	linguistic	_	none	_	_	_	_	_	_
112-22	BZ002	112	22	piacerebbe	piacerebbe	_	_	_	_	_	linguistic	_	none	_	_	_	_	_	_
112-23	BZ002	112	23	[andare	andare	_	_	_	_	_	linguistic	_	none	_	_	_	_	_	0-6(20)
112-24	BZ002	112	24	a	a	_	_	_	_	_	linguistic	_	none	_	_	_	_	_	0-1(20)
112-25	BZ002	112	25	vedere].	vedere	_	_	_	_	_	linguistic	_	none	Intonation=Falling	End=400.345	_	_	_	0-6(20)
113-0	BZ001	113	0	[sì]?	sì	_	_	_	_	_	linguistic	_	none	Intonation=Rising	Begin=399.71|End=400.36	_	_	_	0-2(20)
114-0	BZ001	114	0	eh::m,	ehm	_	_	_	_	_	linguistic	_	none	Intonation=WeaklyRising	Begin=402.62|End=403.6	1x2	_	_	_
115-0	BZ001	115	0	e	e	_	_	_	_	_	linguistic	_	none	_	Begin=403.925	_	_	_	_
115-1	BZ001	115	1	diciamo	diciamo	_	_	_	_	_	linguistic	_	none	_	_	_	_	_	_
115-2	BZ001	115	2	di	di	_	_	_	_	_	linguistic	_	none	_	_	_	_	_	_
115-3	BZ001	115	3	queste	queste	_	_	_	_	_	linguistic	_	none	_	_	_	_	_	_
115-4	BZ001	115	4	lingue,	lingue	_	_	_	_	_	linguistic	_	none	Intonation=WeaklyRising	_	_	_	_	_
115-5	BZ001	115	5	mh:	mh	_	_	_	_	_	linguistic	_	none	_	_	1x1	_	_	_
115-6	BZ001	115	6	nella	nella	_	_	_	_	_	linguistic	_	none	_	_	_	_	_	_
115-7	BZ001	115	7	tua	tua	_	_	_	_	_	linguistic	_	none	_	_	_	_	_	_
115-8	BZ001	115	8	vita,	vita	_	_	_	_	_	linguistic	_	none	Intonation=WeaklyRising|PauseAfter=Yes	_	_	_	_	_
115-9	BZ001	115	9	(.)	(.)	_	_	_	_	_	shortpause	_	none	_	_	_	_	_	_
115-10	BZ001	115	10	nell'	nell'	_	_	_	_	_	linguistic	_	none	SpaceAfter=No	_	_	_	_	_
115-11	BZ001	115	11	uso,	uso	_	_	_	_	_	linguistic	_	none	Intonation=WeaklyRising|PauseAfter=Yes	_	_	_	_	_
115-12	BZ001	115	12	(.)	(.)	_	_	_	_	_	shortpause	_	none	_	_	_	_	_	_
115-13	BZ001	115	13	mh:	mh	_	_	_	_	_	linguistic	_	none	_	_	1x1	_	_	_
115-14	BZ001	115	14	riconosci	riconosci	_	_	_	_	_	linguistic	_	none	_	_	_	_	_	_
115-15	BZ001	115	15	che,	che	_	_	_	_	_	linguistic	_	none	Intonation=WeaklyRising	End=410.025	_	_	_	_
116-0	BZ001	116	0	eh	eh	_	_	_	_	_	linguistic	_	none	_	Begin=410.534	_	_	_	_
116-1	BZ001	116	1	alcune	alcune	_	_	_	_	_	linguistic	_	none	_	_	_	_	_	_
116-2	BZ001	116	2	lingue	lingue	_	_	_	_	_	linguistic	_	none	_	_	_	_	_	_
116-3	BZ001	116	3	magari	magari	_	_	_	_	_	linguistic	_	none	_	_	_	_	_	_
116-4	BZ001	116	4	le	le	_	_	_	_	_	linguistic	_	none	_	_	_	_	_	_
116-5	BZ001	116	5	usi	usi	_	_	_	_	_	linguistic	_	none	_	_	_	_	_	_
116-6	BZ001	116	6	particolarmente	particolarmente	_	_	_	_	_	linguistic	_	none	_	_	_	_	_	_
116-7	BZ001	116	7	in	in	_	_	_	_	_	linguistic	_	none	_	_	_	_	_	_
116-8	BZ001	116	8	alcuni	alcuni	_	_	_	_	_	linguistic	_	none	_	_	_	_	_	_
116-9	BZ001	116	9	ambiti	ambiti	_	_	_	_	_	linguistic	_	none	_	_	_	_	_	_
116-10	BZ001	116	10	della	della	_	_	_	_	_	linguistic	_	none	_	_	_	_	_	_
116-11	BZ001	116	11	tua	tua	_	_	_	_	_	linguistic	_	none	_	_	_	_	_	_
116-12	BZ001	116	12	vita	vita	_	_	_	_	_	linguistic	_	none	_	_	_	_	_	_
116-13	BZ001	116	13	quindi	quindi	_	_	_	_	_	linguistic	_	none	_	_	_	_	_	_
116-14	BZ001	116	14	non	non	_	_	_	_	_	linguistic	_	none	_	_	_	_	_	_
116-15	BZ001	116	15	so	so	_	_	_	_	_	linguistic	_	none	_	_	_	_	_	_
116-16	BZ001	116	16	per	per	_	_	_	_	_	linguistic	_	none	_	_	_	_	_	_
116-17	BZ001	116	17	esempio	esempio	_	_	_	_	_	linguistic	_	none	_	_	_	_	_	_
116-18	BZ001	116	18	l'	l'	_	_	_	_	_	linguistic	_	none	SpaceAfter=No	_	_	_	_	_
116-19	BZ001	116	19	inglese	inglese	_	_	_	_	_	linguistic	_	none	_	_	_	_	_	_
116-20	BZ001	116	20	a	a	_	_	_	_	_	linguistic	_	none	_	_	_	_	_	_
116-21	BZ001	116	21	livello	livello	_	_	_	_	_	linguistic	_	none	_	_	_	_	_	_
116-22	BZ001	116	22	accademico,	accademico	_	_	_	_	_	linguistic	_	none	Intonation=WeaklyRising|PauseAfter=Yes	_	_	_	_	_
116-23	BZ001	116	23	(.)	(.)	_	_	_	_	_	shortpause	_	none	_	_	_	_	_	_
116-24	BZ001	116	24	il	il	_	_	_	_	_	linguistic	_	none	_	_	_	_	_	_
116-25	BZ001	116	25	tedesco	tedesco	_	_	_	_	_	linguistic	_	none	_	_	_	_	_	_
116-26	BZ001	116	26	a	a	_	_	_	_	_	linguistic	_	none	_	_	_	_	_	_
116-27	BZ001	116	27	livello	livello	_	_	_	_	_	linguistic	_	none	_	_	_	_	_	_
116-28	BZ001	116	28	lavorativo	lavorativo	_	_	_	_	_	linguistic	_	none	_	_	_	_	_	_
116-29	BZ001	116	29	cioè	cioè	_	_	_	_	_	linguistic	_	none	_	_	_	_	_	_
116-30	BZ001	116	30	c'	c'	_	_	_	_	_	linguistic	_	none	SpaceAfter=No	_	_	_	_	_
116-31	BZ001	116	31	è	è	_	_	_	_	_	linguistic	_	none	_	_	_	_	_	_
116-32	BZ001	116	32	una	una	_	_	_	_	_	linguistic	_	none	_	_	_	_	_	_
116-33	BZ001	116	33	settorializzazione	settorializzazione	_	_	_	_	_	linguistic	_	none	_	_	_	_	_	17-18(21)
116-34	BZ001	116	34	[di	di	_	_	_	_	_	linguistic	_	none	_	_	_	_	_	0-2(21)
116-35	BZ001	116	35	questo	questo	_	_	_	_	_	linguistic	_	none	_	_	_	_	_	0-6(21)
116-36	BZ001	116	36	tipo]?	tipo	_	_	_	_	_	linguistic	_	none	Intonation=Rising	End=421.194	_	_	_	0-3(21)
117-0	BZ002	117	0	[s:ì].	sì	_	_	_	_	_	linguistic	_	none	Intonation=Falling|PauseAfter=Yes	Begin=420.504	0x1	_	_	0-2(21)
117-1	BZ002	117	1	(.)	(.)	_	_	_	_	_	shortpause	_	none	_	_	_	_	_	_
117-2	BZ002	117	2	be'	be'	_	_	_	_	_	linguistic	_	none	Truncated=Yes	_	_	_	_	_
117-3	BZ002	117	3	l'	l'	_	_	_	_	_	linguistic	_	none	SpaceAfter=No	_	_	_	_	_
117-4	BZ002	117	4	inglese	inglese	_	_	_	_	_	linguistic	_	none	_	_	_	_	_	_
117-5	BZ002	117	5	l'	l'	_	_	_	_	_	linguistic	_	none	SpaceAfter=No	_	_	_	_	_
117-6	BZ002	117	6	ho	ho	_	_	_	_	_	linguistic	_	none	_	_	_	_	_	_
117-7	BZ002	117	7	usato	usato	_	_	_	_	_	linguistic	_	none	_	_	_	_	_	_
117-8	BZ002	117	8	tantissimo	tantissimo	_	_	_	_	_	linguistic	_	none	_	_	_	_	_	_
117-9	BZ002	117	9	sia	sia	_	_	_	_	_	linguistic	_	none	_	_	_	_	_	_
117-10	BZ002	117	10	per	per	_	_	_	_	_	linguistic	_	none	_	_	_	_	_	_
117-11	BZ002	117	11	l'	l'	_	_	_	_	_	linguistic	_	none	SpaceAfter=No	_	_	_	_	_
117-12	BZ002	117	12	università,	università	_	_	_	_	_	linguistic	_	none	Intonation=WeaklyRising	_	_	_	_	_
117-13	BZ002	117	13	anche	anche	_	_	_	_	_	linguistic	_	none	_	_	_	_	_	_
117-14	BZ002	117	14	solo	solo	_	_	_	_	_	linguistic	_	none	_	_	_	_	_	_
117-15	BZ002	117	15	per	per	_	_	_	_	_	linguistic	_	none	_	_	_	_	_	_
117-16	BZ002	117	16	la	la	_	_	_	_	_	linguistic	_	none	_	_	_	_	_	_
117-17	BZ002	117	17	tesi	tesi	_	_	_	_	_	linguistic	_	none	_	_	_	_	_	_
117-18	BZ002	117	18	tantissimi	tantissimi	_	_	_	_	_	linguistic	_	none	_	_	_	_	_	_
117-19	BZ002	117	19	libri	libri	_	_	_	_	_	linguistic	_	none	_	_	_	_	_	_
117-20	BZ002	117	20	li	li	_	_	_	_	_	linguistic	_	none	_	_	_	_	_	_
117-21	BZ002	117	21	ho	ho	_	_	_	_	_	linguistic	_	none	_	_	_	_	_	_
117-22	BZ002	117	22	letti	letti	_	_	_	_	_	linguistic	_	none	_	_	_	_	_	_
117-23	BZ002	117	23	in	in	_	_	_	_	_	linguistic	_	none	_	_	_	_	_	_
117-24	BZ002	117	24	inglese	inglese	_	_	_	_	_	linguistic	_	none	_	_	_	_	_	_
117-25	BZ002	117	25	e	e	_	_	_	_	_	linguistic	_	none	_	_	_	_	_	_
117-26	BZ002	117	26	poi:,	poi	_	_	_	_	_	linguistic	_	none	Intonation=WeaklyRising	End=428.554	2x1	_	_	_
118-0	BZ002	118	0	anche	anche	_	_	_	_	_	linguistic	_	none	_	Begin=428.933	_	_	_	_
118-1	BZ002	118	1	per	per	_	_	_	_	_	linguistic	_	none	_	_	_	_	_	_
118-2	BZ002	118	2	tenersi	tenersi	_	_	_	_	_	linguistic	_	none	_	_	_	_	_	_
118-3	BZ002	118	3	un	un	_	_	_	_	_	linguistic	_	none	_	_	_	_	_	_
118-4	BZ002	118	4	po'	po'	_	_	_	_	_	linguistic	_	none	_	_	_	_	_	_
118-5	BZ002	118	5	aggiornati	aggiornati	_	_	_	_	_	linguistic	_	none	_	_	_	_	_	_
118-6	BZ002	118	6	re-	re-	_	_	_	_	_	linguistic	_	none	Interrupted=Yes	_	_	_	_	_
118-7	BZ002	118	7	leggo	leggo	_	_	_	_	_	linguistic	_	none	_	_	_	_	_	_
118-8	BZ002	118	8	soltanto	soltanto	_	_	_	_	_	linguistic	_	none	_	End=431.893	_	_	_	_
119-0	BZ002	119	0	cioè	cioè	_	_	_	_	_	linguistic	_	none	_	Begin=432.473	_	_	_	_
119-1	BZ002	119	1	quasi	quasi	_	_	_	_	_	linguistic	_	none	_	_	_	_	_	_
119-2	BZ002	119	2	principalmente	principalmente	_	_	_	_	_	linguistic	_	none	_	_	_	_	_	_
119-3	BZ002	119	3	cose	cose	_	_	_	_	_	linguistic	_	none	_	_	_	_	_	_
119-4	BZ002	119	4	in	in	_	_	_	_	_	linguistic	_	none	_	_	_	_	_	_
119-5	BZ002	119	5	inglese,	inglese	_	_	_	_	_	linguistic	_	none	Intonation=WeaklyRising	End=434.803	_	_	_	_
120-0	BZ002	120	0	e	e	_	_	_	_	_	linguistic	_	none	_	Begin=435.373	_	_	_	_
120-1	BZ002	120	1	poi:	poi	_	_	_	_	_	linguistic	_	none	_	_	2x1	_	_	_
120-2	BZ002	120	2	be'	be'	_	_	_	_	_	linguistic	_	none	Truncated=Yes|PauseAfter=Yes	_	_	_	_	_
120-3	BZ002	120	3	(.)	(.)	_	_	_	_	_	shortpause	_	none	_	_	_	_	_	_
120-4	BZ002	120	4	in	in	_	_	_	_	_	linguistic	_	none	_	_	_	_	_	_
120-5	BZ002	120	5	realtà	realtà	_	_	_	_	_	linguistic	_	none	_	_	_	_	_	_
120-6	BZ002	120	6	anche	anche	_	_	_	_	_	linguistic	_	none	_	_	_	_	_	_
120-7	BZ002	120	7	poi	poi	_	_	_	_	_	linguistic	_	none	_	_	_	_	_	_
120-8	BZ002	120	8	personalmente	personalmente	_	_	_	_	_	linguistic	_	none	_	_	_	_	_	_
120-9	BZ002	120	9	penso	penso	_	_	_	_	_	linguistic	_	none	_	_	_	_	_	_
120-10	BZ002	120	10	di	di	_	_	_	_	_	linguistic	_	none	_	_	_	_	_	_
120-11	BZ002	120	11	le-	le-	_	_	_	_	_	linguistic	_	none	Interrupted=Yes	_	_	_	_	_
120-12	BZ002	120	12	leggo	leggo	_	_	_	_	_	linguistic	_	none	_	_	_	_	_	_
120-13	BZ002	120	13	anche	anche	_	_	_	_	_	linguistic	_	none	_	_	_	_	_	_
120-14	BZ002	120	14	libri	libri	_	_	_	_	_	linguistic	_	none	_	_	_	_	_	_
120-15	BZ002	120	15	in	in	_	_	_	_	_	linguistic	_	none	_	_	_	_	_	_
120-16	BZ002	120	16	inglese	inglese	_	_	_	_	_	linguistic	_	none	_	_	_	_	_	_
120-17	BZ002	120	17	per	per	_	_	_	_	_	linguistic	_	none	_	_	_	_	_	_
120-18	BZ002	120	18	interesse	interesse	_	_	_	_	_	linguistic	_	none	_	_	_	_	_	_
120-19	BZ002	120	19	mio:	mio	_	_	_	_	_	linguistic	_	none	_	_	2x1	_	_	_
120-20	BZ002	120	20	o	o	_	_	_	_	_	linguistic	_	none	_	_	_	_	_	_
120-21	BZ002	120	21	articoli	articoli	_	_	_	_	_	linguistic	_	none	_	_	_	_	_	_
120-22	BZ002	120	22	>robe	robe	_	_	_	_	_	linguistic	_	none	_	_	_	Fast=0-4(0)	_	_
120-23	BZ002	120	23	varie	varie	_	_	_	_	_	linguistic	_	none	_	_	_	Fast=0-5(0)	_	_
120-24	BZ002	120	24	in	in	_	_	_	_	_	linguistic	_	none	_	_	_	Fast=0-2(0)	_	_
120-25	BZ002	120	25	inglese<,	inglese	_	_	_	_	_	linguistic	_	none	Intonation=WeaklyRising|PauseAfter=Yes	_	_	Fast=0-7(0)	_	_
120-26	BZ002	120	26	(.)	(.)	_	_	_	_	_	shortpause	_	none	_	_	_	_	_	_
120-27	BZ002	120	27	quindi	quindi	_	_	_	_	_	linguistic	_	none	_	_	_	_	_	_
120-28	BZ002	120	28	almeno	almeno	_	_	_	_	_	linguistic	_	none	_	_	_	_	_	_
120-29	BZ002	120	29	una	una	_	_	_	_	_	linguistic	_	none	_	_	_	_	_	_
120-30	BZ002	120	30	cosa	cosa	_	_	_	_	_	linguistic	_	none	_	_	_	_	_	_
120-31	BZ002	120	31	al	al	_	_	_	_	_	linguistic	_	none	_	_	_	_	_	_
120-32	BZ002	120	32	giorno	giorno	_	_	_	_	_	linguistic	_	none	_	_	_	_	_	_
120-33	BZ002	120	33	che	che	_	_	_	_	_	linguistic	_	none	_	_	_	_	_	_
120-34	BZ002	120	34	sia	sia	_	_	_	_	_	linguistic	_	none	_	_	_	_	_	_
120-35	BZ002	120	35	guardare	guardare	_	_	_	_	_	linguistic	_	none	_	_	_	_	_	_
120-36	BZ002	120	36	una	una	_	_	_	_	_	linguistic	_	none	_	_	_	_	_	_
120-37	BZ002	120	37	serie	serie	_	_	_	_	_	linguistic	_	none	_	_	_	_	_	_
120-38	BZ002	120	38	o	o	_	_	_	_	_	linguistic	_	none	_	_	_	_	_	_
120-39	BZ002	120	39	leggere	leggere	_	_	_	_	_	linguistic	_	none	_	_	_	_	_	_
120-40	BZ002	120	40	un	un	_	_	_	_	_	linguistic	_	none	_	_	_	_	_	_
120-41	BZ002	120	41	libro	libro	_	_	_	_	_	linguistic	_	none	_	_	_	_	_	_
120-42	BZ002	120	42	o	o	_	_	_	_	_	linguistic	_	none	_	_	_	_	_	_
120-43	BZ002	120	43	leggere	leggere	_	_	_	_	_	linguistic	_	none	_	_	_	_	_	_
120-44	BZ002	120	44	un	un	_	_	_	_	_	linguistic	_	none	_	_	_	_	_	_
120-45	BZ002	120	45	articolo,	articolo	_	_	_	_	_	linguistic	_	none	Intonation=WeaklyRising	_	_	_	_	_
120-46	BZ002	120	46	qualcosa	qualcosa	_	_	_	_	_	linguistic	_	none	_	_	_	_	_	_
120-47	BZ002	120	47	in	in	_	_	_	_	_	linguistic	_	none	_	_	_	_	_	_
120-48	BZ002	120	48	inglese	inglese	_	_	_	_	_	linguistic	_	none	_	_	_	_	_	_
120-49	BZ002	120	49	lo	lo	_	_	_	_	_	linguistic	_	none	_	_	_	_	_	_
120-50	BZ002	120	50	faccio.	faccio	_	_	_	_	_	linguistic	_	none	Intonation=Falling	End=449.49	_	_	_	_
121-0	BZ002	121	0	tedesco:,	tedesco	_	_	_	_	_	linguistic	_	none	Intonation=WeaklyRising	Begin=450.486	6x1	_	_	_
121-1	BZ002	121	1	eh	eh	_	_	_	_	_	linguistic	_	none	_	_	_	_	_	_
121-2	BZ002	121	2	eh	eh	_	_	_	_	_	linguistic	_	none	_	_	_	_	_	_
121-3	BZ002	121	3	a	a	_	_	_	_	_	linguistic	_	none	_	_	_	_	_	_
121-4	BZ002	121	4	parte	parte	_	_	_	_	_	linguistic	_	none	_	_	_	_	_	_
121-5	BZ002	121	5	il	il	_	_	_	_	_	linguistic	_	none	_	_	_	_	_	_
121-6	BZ002	121	6	periodo	periodo	_	_	_	_	_	linguistic	_	none	_	_	_	_	_	_
121-7	BZ002	121	7	in	in	_	_	_	_	_	linguistic	_	none	_	_	_	_	_	_
121-8	BZ002	121	8	cui	cui	_	_	_	_	_	linguistic	_	none	_	_	_	_	_	_
121-9	BZ002	121	9	lavoravo,	lavoravo	_	_	_	_	_	linguistic	_	none	Intonation=WeaklyRising	_	_	_	_	_
121-10	BZ002	121	10	almeno	almeno	_	_	_	_	_	linguistic	_	none	_	_	_	_	_	_
121-11	BZ002	121	11	negli	negli	_	_	_	_	_	linguistic	_	none	_	_	_	_	_	_
121-12	BZ002	121	12	ultimi:	ultimi	_	_	_	_	_	linguistic	_	none	_	_	5x1	_	_	_
121-13	BZ002	121	13	sei	sei	_	_	_	_	_	linguistic	_	none	_	_	_	_	_	_
121-14	BZ002	121	14	anni,	anni	_	_	_	_	_	linguistic	_	none	Intonation=WeaklyRising	_	_	_	_	_
121-15	BZ002	121	15	era	era	_	_	_	_	_	linguistic	_	none	_	_	_	_	_	_
121-16	BZ002	121	16	davvero	davvero	_	_	_	_	_	linguistic	_	none	_	_	_	_	_	_
121-17	BZ002	121	17	ristretto	ristretto	_	_	_	_	_	linguistic	_	none	_	_	_	_	_	_
121-18	BZ002	121	18	soltanto	soltanto	_	_	_	_	_	linguistic	_	none	_	_	_	_	_	_
121-19	BZ002	121	19	a	a	_	_	_	_	_	linguistic	_	none	_	_	_	_	_	_
121-20	BZ002	121	20	quando	quando	_	_	_	_	_	linguistic	_	none	_	_	_	_	_	_
121-21	BZ002	121	21	ho	ho	_	_	_	_	_	linguistic	_	none	_	_	_	_	_	_
121-22	BZ002	121	22	lavorato	lavorato	_	_	_	_	_	linguistic	_	none	_	End=458.446	_	_	_	_
122-0	BZ002	122	0	qui	qui	_	_	_	_	_	linguistic	_	none	_	Begin=458.886	_	_	_	_
122-1	BZ002	122	1	a	a	_	_	_	_	_	linguistic	_	none	_	_	_	_	_	_
122-2	BZ002	122	2	bolzano,	bolzano	_	_	_	_	_	linguistic	_	none	Intonation=WeaklyRising	End=459.846	_	_	_	_
123-0	BZ002	123	0	e	e	_	_	_	_	_	linguistic	_	none	_	Begin=460.621	_	_	_	_
123-1	BZ002	123	1	poi	poi	_	_	_	_	_	linguistic	_	none	_	_	_	_	_	_
123-2	BZ002	123	2	non	non	_	_	_	_	_	linguistic	_	none	_	_	_	_	_	_
123-3	BZ002	123	3	leggo	leggo	_	_	_	_	_	linguistic	_	none	_	_	_	_	_	_
123-4	BZ002	123	4	assolutamente	assolutamente	_	_	_	_	_	linguistic	_	none	_	_	_	_	_	_
123-5	BZ002	123	5	[niente	niente	_	_	_	_	_	linguistic	_	none	_	_	_	_	_	0-6(22)
123-6	BZ002	123	6	e	e	_	_	_	_	_	linguistic	_	none	_	_	_	_	_	0-1(22)
123-7	BZ002	123	7	non	non	_	_	_	_	_	linguistic	_	none	_	_	_	_	_	0-3(22)
123-8	BZ002	123	8	guardo	guardo	_	_	_	_	_	linguistic	_	none	_	_	_	_	_	0-6(22)
123-9	BZ002	123	9	((ridendo))]	((ridendo))	_	_	_	_	_	nonverbalbehavior	_	none	_	_	_	_	_	0-7(22)
123-10	BZ002	123	10	assolutamente	assolutamente	_	_	_	_	_	linguistic	_	none	_	_	_	_	_	_
123-11	BZ002	123	11	niente	niente	_	_	_	_	_	linguistic	_	none	_	_	_	_	_	_
123-12	BZ002	123	12	in	in	_	_	_	_	_	linguistic	_	none	_	_	_	_	_	_
123-13	BZ002	123	13	tedesco,	tedesco	_	_	_	_	_	linguistic	_	none	Intonation=WeaklyRising	End=465.231	_	_	_	_
124-0	BZ001	124	0	[((ride))]	((ride))	_	_	_	_	_	nonverbalbehavior	_	none	_	Begin=462.241|End=463.531	_	_	_	0-4(22)
125-0	BZ002	125	0	e:::	e	_	_	_	_	_	linguistic	_	none	_	Begin=465.891|End=466.831	0x3	_	_	_
126-0	BZ002	126	0	e	e	_	_	_	_	_	linguistic	_	none	_	Begin=467.266	_	_	_	_
126-1	BZ002	126	1	no	no	_	_	_	_	_	linguistic	_	none	_	_	_	_	_	_
126-2	BZ002	126	2	cinese	cinese	_	_	_	_	_	linguistic	_	none	_	_	_	_	_	_
126-3	BZ002	126	3	in	in	_	_	_	_	_	linguistic	_	none	_	_	_	_	_	_
126-4	BZ002	126	4	realtà	realtà	_	_	_	_	_	linguistic	_	none	_	_	_	_	_	_
126-5	BZ002	126	5	lo	lo	_	_	_	_	_	linguistic	_	none	_	_	_	_	_	_
126-6	BZ002	126	6	faccio	faccio	_	_	_	_	_	linguistic	_	none	_	_	_	_	_	_
126-7	BZ002	126	7	proprio	proprio	_	_	_	_	_	linguistic	_	none	PauseAfter=Yes	_	_	_	_	_
126-8	BZ002	126	8	[(.)	(.)	_	_	_	_	_	shortpause	_	none	_	_	_	_	_	_
126-9	BZ002	126	9	per]	per	_	_	_	_	_	linguistic	_	none	_	_	_	_	_	0-3(23)
126-10	BZ002	126	10	imparare	imparare	_	_	_	_	_	linguistic	_	none	_	_	_	_	_	_
126-11	BZ002	126	11	la	la	_	_	_	_	_	linguistic	_	none	_	_	_	_	_	_
126-12	BZ002	126	12	lingua.	lingua	_	_	_	_	_	linguistic	_	none	Intonation=Falling	End=470.366	_	_	_	_
127-0	BZ001	127	0	[mh	mh	_	_	_	_	_	linguistic	_	none	ProsodicLink=Yes	Begin=468.946	_	_	_	0-2(23)
127-1	BZ001	127	1	mh].	mh	_	_	_	_	_	linguistic	_	none	Intonation=Falling	End=469.476	_	_	_	0-2(23)
128-0	BZ002	128	0	però	però	_	_	_	_	_	linguistic	_	none	_	Begin=470.606	_	_	_	_
128-1	BZ002	128	1	mh	mh	_	_	_	_	_	linguistic	_	none	_	_	_	_	_	_
128-2	BZ002	128	2	è	è	_	_	_	_	_	linguistic	_	none	_	_	_	_	_	_
128-3	BZ002	128	3	una	una	_	_	_	_	_	linguistic	_	none	_	_	_	_	_	_
128-4	BZ002	128	4	cosa	cosa	_	_	_	_	_	linguistic	_	none	_	_	_	_	_	_
128-5	BZ002	128	5	che	che	_	_	_	_	_	linguistic	_	none	_	_	_	_	_	_
128-6	BZ002	128	6	mi	mi	_	_	_	_	_	linguistic	_	none	_	_	_	_	_	_
128-7	BZ002	128	7	piacerebbe	piacerebbe	_	_	_	_	_	linguistic	_	none	_	_	_	_	_	_
128-8	BZ002	128	8	anche,	anche	_	_	_	_	_	linguistic	_	none	Intonation=WeaklyRising|PauseAfter=Yes	_	_	_	_	_
128-9	BZ002	128	9	(.)	(.)	_	_	_	_	_	shortpause	_	none	_	_	_	_	_	_
128-10	BZ002	128	10	se	se	_	_	_	_	_	linguistic	_	none	_	_	_	_	_	_
128-11	BZ002	128	11	riuscissi	riuscissi	_	_	_	_	_	linguistic	_	none	_	_	_	_	_	_
128-12	BZ002	128	12	a	a	_	_	_	_	_	linguistic	_	none	_	_	_	_	_	_
128-13	BZ002	128	13	prendere	prendere	_	_	_	_	_	linguistic	_	none	_	_	_	_	_	_
128-14	BZ002	128	14	una	una	_	_	_	_	_	linguistic	_	none	_	_	_	_	_	_
128-15	BZ002	128	15	direzione	direzione	_	_	_	_	_	linguistic	_	none	_	_	_	_	_	_
128-16	BZ002	128	16	lavorativamente	lavorativamente	_	_	_	_	_	linguistic	_	none	_	_	_	_	_	_
128-17	BZ002	128	17	parlando	parlando	_	_	_	_	_	linguistic	_	none	_	_	_	_	_	_
128-18	BZ002	128	18	di,	di	_	_	_	_	_	linguistic	_	none	Intonation=WeaklyRising	End=476.566	_	_	_	_
129-0	BZ002	129	0	i-	i-	_	_	_	_	_	linguistic	_	none	Interrupted=Yes	Begin=476.881	_	_	_	_
129-1	BZ002	129	1	sul	sul	_	_	_	_	_	linguistic	_	none	_	_	_	_	_	_
129-2	BZ002	129	2	cinese	cinese	_	_	_	_	_	linguistic	_	none	_	_	_	_	_	_
129-3	BZ002	129	3	perché	perché	_	_	_	_	_	linguistic	_	none	_	_	_	_	_	_
129-4	BZ002	129	4	ci	ci	_	_	_	_	_	linguistic	_	none	_	_	_	_	_	_
129-5	BZ002	129	5	sono	sono	_	_	_	_	_	linguistic	_	none	_	_	_	_	_	_
129-6	BZ002	129	6	molti	molti	_	_	_	_	_	linguistic	_	none	_	_	_	_	_	_
129-7	BZ002	129	7	trend	trend	_	_	_	_	_	linguistic	_	none	_	_	_	_	_	_
129-8	BZ002	129	8	anche	anche	_	_	_	_	_	linguistic	_	none	_	_	_	_	_	_
129-9	BZ002	129	9	comunicativi	comunicativi	_	_	_	_	_	linguistic	_	none	_	_	_	_	_	_
129-10	BZ002	129	10	che	che	_	_	_	_	_	linguistic	_	none	_	_	_	_	_	_
129-11	BZ002	129	11	vengono	vengono	_	_	_	_	_	linguistic	_	none	_	_	_	_	_	_
129-12	BZ002	129	12	dalla	dalla	_	_	_	_	_	linguistic	_	none	_	_	_	_	_	_
129-13	BZ002	129	13	cina	cina	_	_	_	_	_	linguistic	_	none	_	_	_	_	_	_
129-14	BZ002	129	14	adesso	adesso	_	_	_	_	_	linguistic	_	none	_	_	_	_	_	_
129-15	BZ002	129	15	quindi	quindi	_	_	_	_	_	linguistic	_	none	_	End=481.811	_	_	_	_
130-0	BZ001	130	0	tipo?	tipo	_	_	_	_	_	linguistic	_	none	Intonation=Rising	Begin=482.217|End=482.627	_	_	_	_
131-0	BZ002	131	0	ma:	ma	_	_	_	_	_	linguistic	_	none	_	Begin=483.047	1x1	_	_	_
131-1	BZ002	131	1	mh	mh	_	_	_	_	_	linguistic	_	none	_	_	_	_	_	_
131-2	BZ002	131	2	ci	ci	_	_	_	_	_	linguistic	_	none	_	_	_	_	_	_
131-3	BZ002	131	3	sono	sono	_	_	_	_	_	linguistic	_	none	_	_	_	_	_	_
131-4	BZ002	131	4	anche	anche	_	_	_	_	_	linguistic	_	none	_	_	_	_	_	_
131-5	BZ002	131	5	delle	delle	_	_	_	_	_	linguistic	_	none	_	_	_	_	_	_
131-6	BZ002	131	6	figure	figure	_	_	_	_	_	linguistic	_	none	_	_	_	_	_	_
131-7	BZ002	131	7	che	che	_	_	_	_	_	linguistic	_	none	_	_	_	_	_	_
131-8	BZ002	131	8	lavorano	lavorano	_	_	_	_	_	linguistic	_	none	_	_	_	_	_	_
131-9	BZ002	131	9	nelle	nelle	_	_	_	_	_	linguistic	_	none	_	_	_	_	_	_
131-10	BZ002	131	10	grandi	grandi	_	_	_	_	_	linguistic	_	none	_	_	_	_	_	_
131-11	BZ002	131	11	aziende,	aziende	_	_	_	_	_	linguistic	_	none	Intonation=WeaklyRising	_	_	_	_	_
131-12	BZ002	131	12	non	non	_	_	_	_	_	linguistic	_	none	_	_	_	_	_	_
131-13	BZ002	131	13	so	so	_	_	_	_	_	linguistic	_	none	_	_	_	_	_	_
131-14	BZ002	131	14	conosco	conosco	_	_	_	_	_	linguistic	_	none	_	_	_	_	_	_
131-15	BZ002	131	15	questa:	questa	_	_	_	_	_	linguistic	_	none	_	_	5x1	_	_	_
131-16	BZ002	131	16	signora,	signora	_	_	_	_	_	linguistic	_	none	Intonation=WeaklyRising|PauseAfter=Yes	_	_	_	_	_
131-17	BZ002	131	17	(.)	(.)	_	_	_	_	_	shortpause	_	none	_	_	_	_	_	_
131-18	BZ002	131	18	conosco	conosco	_	_	_	_	_	linguistic	_	none	_	_	_	_	_	_
131-19	BZ002	131	19	nel	nel	_	_	_	_	_	linguistic	_	none	_	_	_	_	_	_
131-20	BZ002	131	20	senso	senso	_	_	_	_	_	linguistic	_	none	_	_	_	_	_	_
131-21	BZ002	131	21	che	che	_	_	_	_	_	linguistic	_	none	_	_	_	_	_	_
131-22	BZ002	131	22	seguo,	seguo	_	_	_	_	_	linguistic	_	none	Intonation=WeaklyRising	End=490.237	_	_	_	_
132-0	BZ002	132	0	e:::	e	_	_	_	_	_	linguistic	_	none	_	Begin=490.697	0x3	_	_	_
132-1	BZ002	132	1	online,	online	_	_	_	_	_	linguistic	_	none	Intonation=WeaklyRising	End=492.217	_	_	_	_
133-0	BZ002	133	0	che	che	_	_	_	_	_	linguistic	_	none	_	Begin=492.477	_	_	_	_
133-1	BZ002	133	1	lei	lei	_	_	_	_	_	linguistic	_	none	_	_	_	_	_	_
133-2	BZ002	133	2	lavora	lavora	_	_	_	_	_	linguistic	_	none	_	_	_	_	_	_
133-3	BZ002	133	3	per	per	_	_	_	_	_	linguistic	_	none	_	_	_	_	_	_
133-4	BZ002	133	4	una	una	_	_	_	_	_	linguistic	_	none	_	_	_	_	_	_
133-5	BZ002	133	5	grande	grande	_	_	_	_	_	linguistic	_	none	_	_	_	_	_	_
133-6	BZ002	133	6	azienda:	azienda	_	_	_	_	_	linguistic	_	none	_	_	6x1	_	_	_
133-7	BZ002	133	7	di	di	_	_	_	_	_	linguistic	_	none	_	_	_	_	_	_
133-8	BZ002	133	8	make-up	make-up	_	_	_	_	_	linguistic	_	none	_	_	_	_	_	_
133-9	BZ002	133	9	europea,	europea	_	_	_	_	_	linguistic	_	none	Intonation=WeaklyRising	_	_	_	_	_
133-10	BZ002	133	10	e	e	_	_	_	_	_	linguistic	_	none	_	_	_	_	_	_
133-11	BZ002	133	11	lei	lei	_	_	_	_	_	linguistic	_	none	_	_	_	_	_	_
133-12	BZ002	133	12	proprio	proprio	_	_	_	_	_	linguistic	_	none	_	_	_	_	_	_
133-13	BZ002	133	13	la	la	_	_	_	_	_	linguistic	_	none	_	_	_	_	_	_
133-14	BZ002	133	14	sua	sua	_	_	_	_	_	linguistic	_	none	_	_	_	_	_	_
133-15	BZ002	133	15	figura	figura	_	_	_	_	_	linguistic	_	none	_	_	_	_	_	_
133-16	BZ002	133	16	è	è	_	_	_	_	_	linguistic	_	none	_	_	_	_	_	_
133-17	BZ002	133	17	intercettare	intercettare	_	_	_	_	_	linguistic	_	none	_	_	_	_	_	_
133-18	BZ002	133	18	i	i	_	_	_	_	_	linguistic	_	none	_	_	_	_	_	_
133-19	BZ002	133	19	trend	trend	_	_	_	_	_	linguistic	_	none	_	_	_	_	_	_
133-20	BZ002	133	20	che	che	_	_	_	_	_	linguistic	_	none	_	_	_	_	_	_
133-21	BZ002	133	21	vengono	vengono	_	_	_	_	_	linguistic	_	none	_	_	_	_	_	_
133-22	BZ002	133	22	dall'	dall'	_	_	_	_	_	linguistic	_	none	SpaceAfter=No	_	_	_	_	_
133-23	BZ002	133	23	asia,	asia	_	_	_	_	_	linguistic	_	none	Intonation=WeaklyRising	End=501.167	_	_	_	_
134-0	BZ002	134	0	perché	perché	_	_	_	_	_	linguistic	_	none	_	Begin=501.623	_	_	_	_
134-1	BZ002	134	1	poi	poi	_	_	_	_	_	linguistic	_	none	_	_	_	_	_	_
134-2	BZ002	134	2	sono	sono	_	_	_	_	_	linguistic	_	none	_	_	_	_	_	_
134-3	BZ002	134	3	tutti	tutti	_	_	_	_	_	linguistic	_	none	_	_	_	_	_	_
134-4	BZ002	134	4	trend	trend	_	_	_	_	_	linguistic	_	none	_	_	_	_	_	_
134-5	BZ002	134	5	che	che	_	_	_	_	_	linguistic	_	none	_	_	_	_	_	_
134-6	BZ002	134	6	vanno	vanno	_	_	_	_	_	linguistic	_	none	_	_	_	_	_	_
134-7	BZ002	134	7	sui	sui	_	_	_	_	_	linguistic	_	none	_	_	_	_	_	_
134-8	BZ002	134	8	mercati	mercati	_	_	_	_	_	linguistic	_	none	_	_	_	_	_	_
134-9	BZ002	134	9	europei	europei	_	_	_	_	_	linguistic	_	none	_	_	_	_	_	_
134-10	BZ002	134	10	e	e	_	_	_	_	_	linguistic	_	none	_	_	_	_	_	_
134-11	BZ002	134	11	adesso	adesso	_	_	_	_	_	linguistic	_	none	_	_	_	_	_	_
134-12	BZ002	134	12	un	un	_	_	_	_	_	linguistic	_	none	_	_	_	_	_	_
134-13	BZ002	134	13	po'	po'	_	_	_	_	_	linguistic	_	none	_	_	_	_	_	_
134-14	BZ002	134	14	è	è	_	_	_	_	_	linguistic	_	none	_	_	_	_	_	_
134-15	BZ002	134	15	più	più	_	_	_	_	_	linguistic	_	none	_	_	_	_	_	_
134-16	BZ002	134	16	mh	mh	_	_	_	_	_	linguistic	_	none	_	_	_	_	_	_
134-17	BZ002	134	17	mh	mh	_	_	_	_	_	linguistic	_	none	PauseAfter=Yes	_	_	_	_	_
134-18	BZ002	134	18	(.)	(.)	_	_	_	_	_	shortpause	_	none	_	_	_	_	_	_
134-19	BZ002	134	19	asia	asia	_	_	_	_	_	linguistic	_	none	_	_	_	_	_	_
134-20	BZ002	134	20	e	e	_	_	_	_	_	linguistic	_	none	_	_	_	_	_	_
134-21	BZ002	134	21	europa	europa	_	_	_	_	_	linguistic	_	none	_	_	_	_	_	_
134-22	BZ002	134	22	e	e	_	_	_	_	_	linguistic	_	none	_	_	_	_	_	_
134-23	BZ002	134	23	non	non	_	_	_	_	_	linguistic	_	none	_	_	_	_	_	_
134-24	BZ002	134	24	soltanto	soltanto	_	_	_	_	_	linguistic	_	none	_	_	_	_	_	_
134-25	BZ002	134	25	america	america	_	_	_	_	_	linguistic	_	none	_	_	_	_	_	_
134-26	BZ002	134	26	e	e	_	_	_	_	_	linguistic	_	none	_	_	_	_	_	_
134-27	BZ002	134	27	europa	europa	_	_	_	_	_	linguistic	_	none	_	_	_	_	_	_
134-28	BZ002	134	28	come	come	_	_	_	_	_	linguistic	_	none	_	_	_	_	_	_
134-29	BZ002	134	29	trend	trend	_	_	_	_	_	linguistic	_	none	_	_	_	_	_	_
134-30	BZ002	134	30	comunicativi	comunicativi	_	_	_	_	_	linguistic	_	none	_	_	_	_	_	_
134-31	BZ002	134	31	quindi,	quindi	_	_	_	_	_	linguistic	_	none	Intonation=WeaklyRising	End=510.933	_	_	_	_
135-0	BZ002	135	0	stanno	stanno	_	_	_	_	_	linguistic	_	none	_	Begin=511.303	_	_	_	_
135-1	BZ002	135	1	un	un	_	_	_	_	_	linguistic	_	none	_	_	_	_	_	_
135-2	BZ002	135	2	po'	po'	_	_	_	_	_	linguistic	_	none	_	_	_	_	_	_
135-3	BZ002	135	3	crescendo	crescendo	_	_	_	_	_	linguistic	_	none	_	_	_	_	_	_
135-4	BZ002	135	4	queste	queste	_	_	_	_	_	linguistic	_	none	_	_	_	_	_	_
135-5	BZ002	135	5	[figure],	figure	_	_	_	_	_	linguistic	_	none	Intonation=WeaklyRising	_	_	_	_	0-6(24)
135-6	BZ002	135	6	no:n	non	_	_	_	_	_	linguistic	_	none	_	_	1x1	_	_	_
135-7	BZ002	135	7	è	è	_	_	_	_	_	linguistic	_	none	_	_	_	_	_	_
135-8	BZ002	135	8	una	una	_	_	_	_	_	linguistic	_	none	_	_	_	_	_	_
135-9	BZ002	135	9	cosa	cosa	_	_	_	_	_	linguistic	_	none	_	_	_	_	_	_
135-10	BZ002	135	10	che	che	_	_	_	_	_	linguistic	_	none	_	_	_	_	_	_
135-11	BZ002	135	11	mi	mi	_	_	_	_	_	linguistic	_	none	_	_	_	_	_	_
135-12	BZ002	135	12	dispiacerebbe	dispiacerebbe	_	_	_	_	_	linguistic	_	none	_	_	_	_	_	_
135-13	BZ002	135	13	quindi,	quindi	_	_	_	_	_	linguistic	_	none	Intonation=WeaklyRising	End=515.463	_	_	_	_
136-0	BZ001	136	0	[ah].	ah	_	_	_	_	_	linguistic	_	none	Intonation=Falling	Begin=512.613|End=512.913	_	_	_	0-2(24)
137-0	BZ001	137	0	ma	ma	_	_	_	_	_	linguistic	_	none	_	Begin=515.698	_	_	_	_
137-1	BZ001	137	1	quindi	quindi	_	_	_	_	_	linguistic	_	none	_	_	_	_	_	_
137-2	BZ001	137	2	a	a	_	_	_	_	_	linguistic	_	none	_	_	_	_	_	_
137-3	BZ001	137	3	livello	livello	_	_	_	_	_	linguistic	_	none	_	_	_	_	_	_
137-4	BZ001	137	4	di	di	_	_	_	_	_	linguistic	_	none	_	_	_	_	_	_
137-5	BZ001	137	5	marketing	marketing	_	_	_	_	_	linguistic	_	none	_	_	_	_	_	_
137-6	BZ001	137	6	eh	eh	_	_	_	_	_	linguistic	_	none	_	_	_	_	_	_
137-7	BZ001	137	7	cioè	cioè	_	_	_	_	_	linguistic	_	none	_	_	_	_	_	_
137-8	BZ001	137	8	ma	ma	_	_	_	_	_	linguistic	_	none	_	_	_	_	_	_
137-9	BZ001	137	9	non	non	_	_	_	_	_	linguistic	_	none	_	_	_	_	_	_
137-10	BZ001	137	10	solo	solo	_	_	_	_	_	linguistic	_	none	_	_	_	_	_	_
137-11	BZ001	137	11	slogan.	slogan	_	_	_	_	_	linguistic	_	none	Intonation=Falling	_	_	_	_	_
137-12	BZ001	137	12	mh,	mh	_	_	_	_	_	linguistic	_	none	Intonation=WeaklyRising	End=519.568	_	_	_	_
138-0	BZ002	138	0	sì	sì	_	_	_	_	_	linguistic	_	none	_	Begin=519.618	_	_	_	_
138-1	BZ002	138	1	sì	sì	_	_	_	_	_	linguistic	_	none	_	_	_	_	_	_
138-2	BZ002	138	2	sì	sì	_	_	_	_	_	linguistic	_	none	_	_	_	_	_	_
138-3	BZ002	138	3	no	no	_	_	_	_	_	linguistic	_	none	_	_	_	_	_	_
138-4	BZ002	138	4	ehm.	ehm	_	_	_	_	_	linguistic	_	none	Intonation=Falling|PauseAfter=Yes	_	_	_	_	_
138-5	BZ002	138	5	(.)	(.)	_	_	_	_	_	shortpause	_	none	_	_	_	_	_	_
138-6	BZ002	138	6	[comunicazione	comunicazione	_	_	_	_	_	linguistic	_	none	_	_	_	_	_	0-13(25)
138-7	BZ002	138	7	a	a	_	_	_	_	_	linguistic	_	none	_	_	_	_	_	0-1(25)
138-8	BZ002	138	8	trecentoses]santa	trecentosessanta	_	_	_	_	_	linguistic	_	none	_	_	_	_	_	0-11(25)
138-9	BZ002	138	9	gradi.	gradi	_	_	_	_	_	linguistic	_	none	Intonation=Falling	End=522.838	_	_	_	_
139-0	BZ001	139	0	[a	a	_	_	_	_	_	linguistic	_	none	_	Begin=520.953	_	_	_	0-1(25)
139-1	BZ001	139	1	trecentosessanta	trecentosessanta	_	_	_	_	_	linguistic	_	none	_	_	_	_	_	0-16(25)
139-2	BZ001	139	2	gradi].	gradi	_	_	_	_	_	linguistic	_	none	Intonation=Falling	End=522.213	_	_	_	0-5(25)
140-0	BZ001	140	0	ah.	ah	_	_	_	_	_	linguistic	_	none	Intonation=Falling	Begin=523.318|End=523.558	_	_	_	_
141-0	BZ001	141	0	[non	non	_	_	_	_	_	linguistic	_	none	_	Begin=524.263	_	_	_	0-3(26)
141-1	BZ001	141	1	sapevo:	sapevo	_	_	_	_	_	linguistic	_	none	PauseAfter=Yes	_	5x1	_	_	0-6(26)
141-2	BZ001	141	2	(.)	(.)	_	_	_	_	_	shortpause	_	none	_	_	_	_	_	_
141-3	BZ001	141	3	cioè	cioè	_	_	_	_	_	linguistic	_	none	_	_	_	_	_	0-4(26)
141-4	BZ001	141	4	in	in	_	_	_	_	_	linguistic	_	none	_	_	_	_	_	0-2(26)
141-5	BZ001	141	5	genere]	genere	_	_	_	_	_	linguistic	_	none	_	_	_	_	_	0-6(26)
141-6	BZ001	141	6	si	si	_	_	_	_	_	linguistic	_	none	_	_	_	_	_	_
141-7	BZ001	141	7	ci	ci	_	_	_	_	_	linguistic	_	none	_	_	_	_	_	_
141-8	BZ001	141	8	si	si	_	_	_	_	_	linguistic	_	none	_	_	_	_	_	_
141-9	BZ001	141	9	immagina	immagina	_	_	_	_	_	linguistic	_	none	_	_	_	_	_	_
141-10	BZ001	141	10	sempre	sempre	_	_	_	_	_	linguistic	_	none	_	_	_	_	_	_
141-11	BZ001	141	11	l'	l'	_	_	_	_	_	linguistic	_	none	SpaceAfter=No	_	_	_	_	_
141-12	BZ001	141	12	influsso	influsso	_	_	_	_	_	linguistic	_	none	_	_	_	_	_	_
141-13	BZ001	141	13	più:	più	_	_	_	_	_	linguistic	_	none	_	_	2x1	_	_	_
141-14	BZ001	141	14	dall'	dall'	_	_	_	_	_	linguistic	_	none	SpaceAfter=No	_	_	_	_	_
141-15	BZ001	141	15	america	america	_	_	_	_	_	linguistic	_	none	_	_	_	_	_	_
141-16	BZ001	141	16	no?	no	_	_	_	_	_	linguistic	_	none	Intonation=Rising	_	_	_	_	_
141-17	BZ001	141	17	[comunque]	comunque	_	_	_	_	_	linguistic	_	none	_	End=529.353	_	_	_	0-7(27)
142-0	BZ002	142	0	[(mh	mh	_	_	_	_	_	linguistic	_	none	ProsodicLink=Yes	Begin=524.283	_	_	_	0-2(26)
142-1	BZ002	142	1	mh.	mh	_	_	_	_	_	linguistic	_	none	Intonation=Falling|PauseAfter=Yes	_	_	_	_	0-2(26)
142-2	BZ002	142	2	(.)	(.)	_	_	_	_	_	shortpause	_	none	_	_	_	_	_	_
142-3	BZ002	142	3	è	è	_	_	_	_	_	linguistic	_	none	_	_	_	_	_	0-1(26)
142-4	BZ002	142	4	anche	anche	_	_	_	_	_	linguistic	_	none	_	_	_	_	_	0-5(26)
142-5	BZ002	142	5	un	un	_	_	_	_	_	linguistic	_	none	_	_	_	_	_	0-2(26)
142-6	BZ002	142	6	po'	po'	_	_	_	_	_	linguistic	_	none	_	_	_	_	_	0-3(26)
142-7	BZ002	142	7	quello],	quello	_	_	_	_	_	linguistic	_	none	Intonation=WeaklyRising	End=526.193	_	_	_	0-6(26)
143-0	BZ002	143	0	[eh	eh	_	_	_	_	_	linguistic	_	none	_	Begin=528.643	_	_	_	0-2(27)
143-1	BZ002	143	1	sì	sì	_	_	_	_	_	linguistic	_	none	_	_	_	_	_	0-2(27)
143-2	BZ002	143	2	sì]	sì	_	_	_	_	_	linguistic	_	none	_	_	_	_	_	0-2(27)
143-3	BZ002	143	3	vabbè	vabbè	_	_	_	_	_	linguistic	_	none	_	_	_	_	_	_
143-4	BZ002	143	4	finora	finora	_	_	_	_	_	linguistic	_	none	_	_	_	_	_	_
143-5	BZ002	143	5	è	è	_	_	_	_	_	linguistic	_	none	_	_	_	_	_	_
143-6	BZ002	143	6	di	di	_	_	_	_	_	linguistic	_	none	_	_	_	_	_	_
143-7	BZ002	143	7	sicuro	sicuro	_	_	_	_	_	linguistic	_	none	_	_	_	_	_	_
143-8	BZ002	143	8	sempre	sempre	_	_	_	_	_	linguistic	_	none	_	_	_	_	_	_
143-9	BZ002	143	9	[stato	stato	_	_	_	_	_	linguistic	_	none	_	_	_	_	_	0-5(28)
143-10	BZ002	143	10	così]	così	_	_	_	_	_	linguistic	_	none	_	_	_	_	_	0-4(28)
143-11	BZ002	143	11	però	però	_	_	_	_	_	linguistic	_	none	_	_	_	_	_	_
143-12	BZ002	143	12	adesso	adesso	_	_	_	_	_	linguistic	_	none	_	_	_	_	_	_
143-13	BZ002	143	13	soprattutto	soprattutto	_	_	_	_	_	linguistic	_	none	_	_	_	_	_	_
143-14	BZ002	143	14	in	in	_	_	_	_	_	linguistic	_	none	_	_	_	_	_	_
143-15	BZ002	143	15	alcuni,	alcuni	_	_	_	_	_	linguistic	_	none	Intonation=WeaklyRising	End=533.113	_	_	_	_
144-0	BZ001	144	0	[ah	ah	_	_	_	_	_	linguistic	_	none	ProsodicLink=Yes	Begin=530.563	_	_	_	0-2(28)
144-1	BZ001	144	1	ah].	ah	_	_	_	_	_	linguistic	_	none	Intonation=Falling	End=531.083	_	_	_	0-2(28)
145-0	BZ002	145	0	eh	eh	_	_	_	_	_	linguistic	_	none	_	Begin=533.763	_	_	_	_
145-1	BZ002	145	1	settori	settori	_	_	_	_	_	linguistic	_	none	_	_	_	_	_	_
145-2	BZ002	145	2	tipo	tipo	_	_	_	_	_	linguistic	_	none	_	_	_	_	_	_
145-3	BZ002	145	3	lusso	lusso	_	_	_	_	_	linguistic	_	none	PauseAfter=Yes	_	_	_	_	_
145-4	BZ002	145	4	(.)	(.)	_	_	_	_	_	shortpause	_	none	_	_	_	_	_	_
145-5	BZ002	145	5	o::	o	_	_	_	_	_	linguistic	_	none	_	_	0x2	_	_	_
145-6	BZ002	145	6	makeup	makeup	_	_	_	_	_	linguistic	_	none	_	_	_	_	_	_
145-7	BZ002	145	7	o:	o	_	_	_	_	_	linguistic	_	none	_	End=537.933	0x1	_	_	_
146-0	BZ002	146	0	così.	così	_	_	_	_	_	linguistic	_	none	Intonation=Falling	Begin=538.523|End=538.943	_	_	_	_
147-0	BZ002	147	0	o	o	_	_	_	_	_	linguistic	_	none	_	Begin=539.478	_	_	_	_
147-1	BZ002	147	1	anche	anche	_	_	_	_	_	linguistic	_	none	_	_	_	_	_	_
147-2	BZ002	147	2	tantissime	tantissime	_	_	_	_	_	linguistic	_	none	_	_	_	_	_	_
147-3	BZ002	147	3	aziende	aziende	_	_	_	_	_	linguistic	_	none	_	_	_	_	_	_
147-4	BZ002	147	4	che	che	_	_	_	_	_	linguistic	_	none	_	_	_	_	_	_
147-5	BZ002	147	5	cercando	cercando	_	_	_	_	_	linguistic	_	none	_	_	_	_	_	_
147-6	BZ002	147	6	di:	di	_	_	_	_	_	linguistic	_	none	_	_	1x1	_	_	_
147-7	BZ002	147	7	andare	andare	_	_	_	_	_	linguistic	_	none	_	_	_	_	_	_
147-8	BZ002	147	8	in	in	_	_	_	_	_	linguistic	_	none	_	_	_	_	_	_
147-9	BZ002	147	9	cina	cina	_	_	_	_	_	linguistic	_	none	_	_	_	_	_	_
147-10	BZ002	147	10	tipo	tipo	_	_	_	_	_	linguistic	_	none	_	_	_	_	_	_
147-11	BZ002	147	11	italiane	italiane	_	_	_	_	_	linguistic	_	none	_	_	_	_	_	_
147-12	BZ002	147	12	tantissimo	tantissimo	_	_	_	_	_	linguistic	_	none	_	_	_	_	_	_
147-13	BZ002	147	13	made	made	_	_	_	_	_	linguistic	_	none	_	_	_	_	_	_
147-14	BZ002	147	14	in	in	_	_	_	_	_	linguistic	_	none	_	_	_	_	_	_
147-15	BZ002	147	15	italy	italy	_	_	_	_	_	linguistic	_	none	_	_	_	_	_	_
147-16	BZ002	147	16	che	che	_	_	_	_	_	linguistic	_	none	_	_	_	_	_	_
147-17	BZ002	147	17	va	va	_	_	_	_	_	linguistic	_	none	_	_	_	_	_	_
147-18	BZ002	147	18	in	in	_	_	_	_	_	linguistic	_	none	PauseAfter=Yes	_	_	_	_	_
147-19	BZ002	147	19	(.)	(.)	_	_	_	_	_	shortpause	_	none	_	_	_	_	_	_
147-20	BZ002	147	20	cina	cina	_	_	_	_	_	linguistic	_	none	_	_	_	_	_	_
147-21	BZ002	147	21	o	o	_	_	_	_	_	linguistic	_	none	_	_	_	_	_	_
147-22	BZ002	147	22	in	in	_	_	_	_	_	linguistic	_	none	_	_	_	_	_	_
147-23	BZ002	147	23	asia	asia	_	_	_	_	_	linguistic	_	none	_	_	_	_	_	_
147-24	BZ002	147	24	allora	allora	_	_	_	_	_	linguistic	_	none	_	_	_	_	_	_
147-25	BZ002	147	25	c'	c'	_	_	_	_	_	linguistic	_	none	SpaceAfter=No	_	_	_	_	_
147-26	BZ002	147	26	è	è	_	_	_	_	_	linguistic	_	none	_	_	_	_	_	_
147-27	BZ002	147	27	anche	anche	_	_	_	_	_	linguistic	_	none	_	_	_	_	_	_
147-28	BZ002	147	28	quella	quella	_	_	_	_	_	linguistic	_	none	_	_	_	_	_	_
147-29	BZ002	147	29	figura.	figura	_	_	_	_	_	linguistic	_	none	Intonation=Falling	End=548.328	_	_	_	_
148-0	BZ002	148	0	al	al	_	_	_	_	_	linguistic	_	none	_	Begin=548.655	_	_	_	_
148-1	BZ002	148	1	contrario.	contrario	_	_	_	_	_	linguistic	_	none	Intonation=Falling	End=549.355	_	_	_	_
149-0	BZ001	149	0	ah	ah	_	_	_	_	_	linguistic	_	none	_	Begin=549.83	_	_	_	_
149-1	BZ001	149	1	bello	bello	_	_	_	_	_	linguistic	_	none	_	_	_	_	_	_
149-2	BZ001	149	2	e	e	_	_	_	_	_	linguistic	_	none	_	_	_	_	_	_
149-3	BZ001	149	3	ci	ci	_	_	_	_	_	linguistic	_	none	_	_	_	_	_	_
149-4	BZ001	149	4	sono	sono	_	_	_	_	_	linguistic	_	none	_	_	_	_	_	_
149-5	BZ001	149	5	dei	dei	_	_	_	_	_	linguistic	_	none	_	_	_	_	_	_
149-6	BZ001	149	6	master	master	_	_	_	_	_	linguistic	_	none	_	_	_	_	_	_
149-7	BZ001	149	7	specifici	specifici	_	_	_	_	_	linguistic	_	none	_	_	_	_	_	_
149-8	BZ001	149	8	tipo	tipo	_	_	_	_	_	linguistic	_	none	_	_	_	_	_	_
149-9	BZ001	149	9	su:,	su	_	_	_	_	_	linguistic	_	none	Intonation=WeaklyRising	End=552.52	1x1	_	_	_
150-0	BZ002	150	0	eh:	eh	_	_	_	_	_	linguistic	_	none	_	Begin=552.52	1x1	_	_	_
150-1	BZ002	150	1	in	in	_	_	_	_	_	linguistic	_	none	_	_	_	_	_	_
150-2	BZ002	150	2	realtà	realtà	_	_	_	_	_	linguistic	_	none	_	_	_	_	_	_
150-3	BZ002	150	3	no	no	_	_	_	_	_	linguistic	_	none	_	_	_	_	_	_
150-4	BZ002	150	4	è	è	_	_	_	_	_	linguistic	_	none	_	_	_	_	_	_
150-5	BZ002	150	5	un	un	_	_	_	_	_	linguistic	_	none	_	_	_	_	_	_
150-6	BZ002	150	6	po'	po'	_	_	_	_	_	linguistic	_	none	_	_	_	_	_	_
150-7	BZ002	150	7	una	una	_	_	_	_	_	linguistic	_	none	_	_	_	_	_	_
150-8	BZ002	150	8	strada:	strada	_	_	_	_	_	linguistic	_	none	_	End=555.15	5x1	_	_	_
151-0	BZ002	151	0	che	che	_	_	_	_	_	linguistic	_	none	_	Begin=555.69	_	_	_	_
151-1	BZ002	151	1	ti	ti	_	_	_	_	_	linguistic	_	none	_	_	_	_	_	_
151-2	BZ002	151	2	crei:::	crei	_	_	_	_	_	linguistic	_	none	_	End=557.15	3x3	_	_	_
152-0	BZ002	152	0	dal	dal	_	_	_	_	_	linguistic	_	none	_	Begin=557.74	_	_	_	_
152-1	BZ002	152	1	marketing	marketing	_	_	_	_	_	linguistic	_	none	_	_	_	_	_	_
152-2	BZ002	152	2	e	e	_	_	_	_	_	linguistic	_	none	_	_	_	_	_	_
152-3	BZ002	152	3	conoscendo	conoscendo	_	_	_	_	_	linguistic	_	none	_	_	_	_	_	_
152-4	BZ002	152	4	il	il	_	_	_	_	_	linguistic	_	none	_	_	_	_	_	_
152-5	BZ002	152	5	cinese	cinese	_	_	_	_	_	linguistic	_	none	_	_	_	_	_	_
152-6	BZ002	152	6	e	e	_	_	_	_	_	linguistic	_	none	_	_	_	_	_	_
152-7	BZ002	152	7	studiando	studiando	_	_	_	_	_	linguistic	_	none	_	_	_	_	_	_
152-8	BZ002	152	8	i	i	_	_	_	_	_	linguistic	_	none	_	_	_	_	_	_
152-9	BZ002	152	9	mercati	mercati	_	_	_	_	_	linguistic	_	none	_	_	_	_	_	_
152-10	BZ002	152	10	cinesi	cinesi	_	_	_	_	_	linguistic	_	none	_	_	_	_	_	_
152-11	BZ002	152	11	quindi,	quindi	_	_	_	_	_	linguistic	_	none	Intonation=WeaklyRising	End=562.06	_	_	_	_
153-0	BZ002	153	0	non	non	_	_	_	_	_	linguistic	_	none	_	Begin=562.84	_	_	_	_
153-1	BZ002	153	1	c(io)è	cioè	_	_	_	_	_	linguistic	_	none	Reduced=Yes	_	_	_	_	_
153-2	BZ002	153	2	proprio	proprio	_	_	_	_	_	linguistic	_	none	_	_	_	_	_	_
153-3	BZ002	153	3	un	un	_	_	_	_	_	linguistic	_	none	_	_	_	_	_	_
153-4	BZ002	153	4	percorso	percorso	_	_	_	_	_	linguistic	_	none	_	_	_	_	_	_
153-5	BZ002	153	5	dritto.	dritto	_	_	_	_	_	linguistic	_	none	Intonation=Falling	End=564.55	_	_	_	_
154-0	BZ001	154	0	eh	eh	_	_	_	_	_	linguistic	_	none	_	Begin=565.16	_	_	_	_
154-1	BZ001	154	1	interessante.	interessante	_	_	_	_	_	linguistic	_	none	Intonation=Falling	_	_	_	_	_
154-2	BZ001	154	2	non	non	_	_	_	_	_	linguistic	_	none	_	_	_	_	_	_
154-3	BZ001	154	3	avevo	avevo	_	_	_	_	_	linguistic	_	none	_	_	_	_	_	_
154-4	BZ001	154	4	non	non	_	_	_	_	_	linguistic	_	none	_	_	_	_	_	_
154-5	BZ001	154	5	avevo	avevo	_	_	_	_	_	linguistic	_	none	_	_	_	_	_	_
154-6	BZ001	154	6	[idea	idea	_	_	_	_	_	linguistic	_	none	_	_	_	_	_	0-4(29)
154-7	BZ001	154	7	di]	di	_	_	_	_	_	linguistic	_	none	_	_	_	_	_	0-2(29)
154-8	BZ001	154	8	questa,	questa	_	_	_	_	_	linguistic	_	none	Intonation=WeaklyRising	_	_	_	_	_
154-9	BZ001	154	9	di	di	_	_	_	_	_	linguistic	_	none	_	_	_	_	_	_
154-10	BZ001	154	10	questa	questa	_	_	_	_	_	linguistic	_	none	_	_	_	_	_	_
154-11	BZ001	154	11	cosa.	cosa	_	_	_	_	_	linguistic	_	none	Intonation=Falling	End=568.12	_	_	_	_
155-0	BZ002	155	0	[((ride))]	((ride))	_	_	_	_	_	nonverbalbehavior	_	none	_	Begin=566.81|End=567.29	_	_	_	0-4(29)
156-0	BZ001	156	0	e:	e	_	_	_	_	_	linguistic	_	none	PauseAfter=Yes	Begin=568.617	0x1	_	_	_
156-1	BZ001	156	1	(.)	(.)	_	_	_	_	_	shortpause	_	none	_	_	_	_	_	_
156-2	BZ001	156	2	e	e	_	_	_	_	_	linguistic	_	none	_	_	_	_	_	_
156-3	BZ001	156	3	invece	invece	_	_	_	_	_	linguistic	_	none	_	_	_	_	_	_
156-4	BZ001	156	4	lingue	lingue	_	_	_	_	_	linguistic	_	none	PauseAfter=Yes	_	_	_	_	_
156-5	BZ001	156	5	(.)	(.)	_	_	_	_	_	shortpause	_	none	_	_	_	_	_	_
156-6	BZ001	156	6	>diciamo	diciamo	_	_	_	_	_	linguistic	_	none	_	_	_	Fast=0-7(0)	_	_
156-7	BZ001	156	7	che	che	_	_	_	_	_	linguistic	_	none	_	_	_	Fast=0-3(0)	_	_
156-8	BZ001	156	8	non	non	_	_	_	_	_	linguistic	_	none	_	_	_	Fast=0-3(0)	_	_
156-9	BZ001	156	9	hai	hai	_	_	_	_	_	linguistic	_	none	_	_	_	Fast=0-3(0)	_	_
156-10	BZ001	156	10	mai<	mai	_	_	_	_	_	linguistic	_	none	_	_	_	Fast=0-3(0)	_	_
156-11	BZ001	156	11	studiato,	studiato	_	_	_	_	_	linguistic	_	none	Intonation=WeaklyRising	_	_	_	_	_
156-12	BZ001	156	12	ma	ma	_	_	_	_	_	linguistic	_	none	_	_	_	_	_	_
156-13	BZ001	156	13	che	che	_	_	_	_	_	linguistic	_	none	_	_	_	_	_	_
156-14	BZ001	156	14	ti:	ti	_	_	_	_	_	linguistic	_	none	_	_	1x1	_	_	_
156-15	BZ001	156	15	affascinano	affascinano	_	_	_	_	_	linguistic	_	none	_	_	_	_	_	_
156-16	BZ001	156	16	in	in	_	_	_	_	_	linguistic	_	none	_	_	_	_	_	_
156-17	BZ001	156	17	qualche	qualche	_	_	_	_	_	linguistic	_	none	_	_	_	_	_	_
156-18	BZ001	156	18	modo	modo	_	_	_	_	_	linguistic	_	none	_	_	_	_	_	_
156-19	BZ001	156	19	per	per	_	_	_	_	_	linguistic	_	none	_	_	_	_	_	_
156-20	BZ001	156	20	qualche	qualche	_	_	_	_	_	linguistic	_	none	_	_	_	_	_	_
156-21	BZ001	156	21	ragione?	ragione	_	_	_	_	_	linguistic	_	none	Intonation=Rising	End=575.227	_	_	_	_
157-0	BZ002	157	0	avevo	avevo	_	_	_	_	_	linguistic	_	none	_	Begin=575.447	_	_	_	_
157-1	BZ002	157	1	iniziato	iniziato	_	_	_	_	_	linguistic	_	none	_	_	_	_	_	_
157-2	BZ002	157	2	molto	molto	_	_	_	_	_	linguistic	_	none	_	_	_	_	_	_
157-3	BZ002	157	3	a	a	_	_	_	_	_	linguistic	_	none	_	_	_	_	_	_
157-4	BZ002	157	4	caso	caso	_	_	_	_	_	linguistic	_	none	_	_	_	_	_	_
157-5	BZ002	157	5	sempre	sempre	_	_	_	_	_	linguistic	_	none	_	_	_	_	_	_
157-6	BZ002	157	6	con	con	_	_	_	_	_	linguistic	_	none	_	_	_	_	_	_
157-7	BZ002	157	7	>perché	perché	_	_	_	_	_	linguistic	_	none	_	_	_	Fast=0-6(0)	_	_
157-8	BZ002	157	8	mi	mi	_	_	_	_	_	linguistic	_	none	_	_	_	Fast=0-2(0)	_	_
157-9	BZ002	157	9	ero	ero	_	_	_	_	_	linguistic	_	none	_	_	_	Fast=0-3(0)	_	_
157-10	BZ002	157	10	comprata:<	comprata	_	_	_	_	_	linguistic	_	none	_	_	7x1	Fast=0-8(0)	_	_
157-11	BZ002	157	11	un	un	_	_	_	_	_	linguistic	_	none	_	_	_	_	_	_
157-12	BZ002	157	12	abbonamento	abbonamento	_	_	_	_	_	linguistic	_	none	_	_	_	_	_	_
157-13	BZ002	157	13	li-	li-	_	_	_	_	_	linguistic	_	none	Interrupted=Yes	_	_	_	_	_
157-14	BZ002	157	14	tutte	tutte	_	_	_	_	_	linguistic	_	none	_	_	_	_	_	_
157-15	BZ002	157	15	le	le	_	_	_	_	_	linguistic	_	none	_	_	_	_	_	_
157-16	BZ002	157	16	lingue	lingue	_	_	_	_	_	linguistic	_	none	_	_	_	_	_	_
157-17	BZ002	157	17	mi	mi	_	_	_	_	_	linguistic	_	none	_	_	_	_	_	_
157-18	BZ002	157	18	sembra	sembra	_	_	_	_	_	linguistic	_	none	_	_	_	_	_	_
157-19	BZ002	157	19	fosse	fosse	_	_	_	_	_	linguistic	_	none	_	_	_	_	_	_
157-20	BZ002	157	20	su	su	_	_	_	_	_	linguistic	_	none	_	_	_	_	_	_
157-21	BZ002	157	21	babbel,	babbel	_	_	_	_	_	linguistic	_	none	Intonation=WeaklyRising	End=582.347	_	_	_	_
158-0	BZ002	158	0	e	e	_	_	_	_	_	linguistic	_	none	_	Begin=582.557	_	_	_	_
158-1	BZ002	158	1	un'	un'	_	_	_	_	_	linguistic	_	none	SpaceAfter=No	_	_	_	_	_
158-2	BZ002	158	2	estate	estate	_	_	_	_	_	linguistic	_	none	_	_	_	_	_	_
158-3	BZ002	158	3	che	che	_	_	_	_	_	linguistic	_	none	_	_	_	_	_	_
158-4	BZ002	158	4	avevo	avevo	_	_	_	_	_	linguistic	_	none	_	_	_	_	_	_
158-5	BZ002	158	5	finito	finito	_	_	_	_	_	linguistic	_	none	_	_	_	_	_	_
158-6	BZ002	158	6	di	di	_	_	_	_	_	linguistic	_	none	_	_	_	_	_	_
158-7	BZ002	158	7	dare	dare	_	_	_	_	_	linguistic	_	none	_	_	_	_	_	_
158-8	BZ002	158	8	gl-	gl-	_	_	_	_	_	linguistic	_	none	Interrupted=Yes	_	_	_	_	_
158-9	BZ002	158	9	tutti	tutti	_	_	_	_	_	linguistic	_	none	_	_	_	_	_	_
158-10	BZ002	158	10	gli	gli	_	_	_	_	_	linguistic	_	none	_	_	_	_	_	_
158-11	BZ002	158	11	esami	esami	_	_	_	_	_	linguistic	_	none	_	_	_	_	_	_
158-12	BZ002	158	12	e	e	_	_	_	_	_	linguistic	_	none	_	_	_	_	_	_
158-13	BZ002	158	13	mi	mi	_	_	_	_	_	linguistic	_	none	_	_	_	_	_	_
158-14	BZ002	158	14	stavo	stavo	_	_	_	_	_	linguistic	_	none	_	_	_	_	_	_
158-15	BZ002	158	15	annoiando	annoiando	_	_	_	_	_	linguistic	_	none	_	_	_	_	_	_
158-16	BZ002	158	16	avevo	avevo	_	_	_	_	_	linguistic	_	none	_	_	_	_	_	_
158-17	BZ002	158	17	iniziato	iniziato	_	_	_	_	_	linguistic	_	none	_	_	_	_	_	_
158-18	BZ002	158	18	a	a	_	_	_	_	_	linguistic	_	none	_	_	_	_	_	_
158-19	BZ002	158	19	studiare	studiare	_	_	_	_	_	linguistic	_	none	_	_	_	_	_	_
158-20	BZ002	158	20	a	a	_	_	_	_	_	linguistic	_	none	_	_	_	_	_	_
158-21	BZ002	158	21	caso	caso	_	_	_	_	_	linguistic	_	none	_	_	_	_	_	_
158-22	BZ002	158	22	il	il	_	_	_	_	_	linguistic	_	none	_	_	_	_	_	_
158-23	BZ002	158	23	portoghese.	portoghese	_	_	_	_	_	linguistic	_	none	Intonation=Falling	End=587.907	_	_	_	_
159-0	BZ002	159	0	eh	eh	_	_	_	_	_	linguistic	_	none	_	Begin=588.407	_	_	_	_
159-1	BZ002	159	1	senza	senza	_	_	_	_	_	linguistic	_	none	_	_	_	_	_	_
159-2	BZ002	159	2	alcun	alcun	_	_	_	_	_	linguistic	_	none	_	_	_	_	_	_
159-3	BZ002	159	3	motivo,	motivo	_	_	_	_	_	linguistic	_	none	Intonation=WeaklyRising	_	_	_	_	_
159-4	BZ002	159	4	eh:	eh	_	_	_	_	_	linguistic	_	none	_	End=590.637	1x1	_	_	_
160-0	BZ002	160	0	ho	ho	_	_	_	_	_	linguistic	_	none	_	Begin=591.204	_	_	_	_
160-1	BZ002	160	1	scelto	scelto	_	_	_	_	_	linguistic	_	none	_	_	_	_	_	_
160-2	BZ002	160	2	che	che	_	_	_	_	_	linguistic	_	none	_	_	_	_	_	_
160-3	BZ002	160	3	mi	mi	_	_	_	_	_	linguistic	_	none	_	_	_	_	_	_
160-4	BZ002	160	4	piaceva	piaceva	_	_	_	_	_	linguistic	_	none	_	_	_	_	_	_
160-5	BZ002	160	5	il	il	_	_	_	_	_	linguistic	_	none	_	_	_	_	_	_
160-6	BZ002	160	6	portoghese.	portoghese	_	_	_	_	_	linguistic	_	none	Intonation=Falling	_	_	_	_	_
160-7	BZ002	160	7	però	però	_	_	_	_	_	linguistic	_	none	_	_	_	_	_	_
160-8	BZ002	160	8	l'	l'	_	_	_	_	_	linguistic	_	none	SpaceAfter=No	_	_	_	_	_
160-9	BZ002	160	9	ho	ho	_	_	_	_	_	linguistic	_	none	_	_	_	_	_	_
160-10	BZ002	160	10	portata	portata	_	_	_	_	_	linguistic	_	none	_	_	_	_	_	_
160-11	BZ002	160	11	avanti	avanti	_	_	_	_	_	linguistic	_	none	_	_	_	_	_	_
160-12	BZ002	160	12	due	due	_	_	_	_	_	linguistic	_	none	_	_	_	_	_	_
160-13	BZ002	160	13	mesi	mesi	_	_	_	_	_	linguistic	_	none	_	_	_	_	_	_
160-14	BZ002	160	14	poi	poi	_	_	_	_	_	linguistic	_	none	_	_	_	_	_	_
160-15	BZ002	160	15	ho	ho	_	_	_	_	_	linguistic	_	none	_	_	_	_	_	_
160-16	BZ002	160	16	riniziato	riniziato	_	_	_	_	_	linguistic	_	none	_	_	_	_	_	_
160-17	BZ002	160	17	l-	l-	_	_	_	_	_	linguistic	_	none	Interrupted=Yes	_	_	_	_	_
160-18	BZ002	160	18	mh	mh	_	_	_	_	_	linguistic	_	none	_	_	_	_	_	_
160-19	BZ002	160	19	a	a	_	_	_	_	_	linguistic	_	none	_	_	_	_	_	_
160-20	BZ002	160	20	studiare	studiare	_	_	_	_	_	linguistic	_	none	_	_	_	_	_	_
160-21	BZ002	160	21	l'	l'	_	_	_	_	_	linguistic	_	none	SpaceAfter=No	_	_	_	_	_
160-22	BZ002	160	22	anno	anno	_	_	_	_	_	linguistic	_	none	_	_	_	_	_	_
160-23	BZ002	160	23	dopo	dopo	_	_	_	_	_	linguistic	_	none	_	_	_	_	_	_
160-24	BZ002	160	24	e	e	_	_	_	_	_	linguistic	_	none	_	_	_	_	_	_
160-25	BZ002	160	25	lì	lì	_	_	_	_	_	linguistic	_	none	_	_	_	_	_	_
160-26	BZ002	160	26	è	è	_	_	_	_	_	linguistic	_	none	_	_	_	_	_	_
160-27	BZ002	160	27	rimasta	rimasta	_	_	_	_	_	linguistic	_	none	_	_	_	_	_	_
160-28	BZ002	160	28	e	e	_	_	_	_	_	linguistic	_	none	_	_	_	_	_	_
160-29	BZ002	160	29	le	le	_	_	_	_	_	linguistic	_	none	_	_	_	_	_	_
160-30	BZ002	160	30	mie	mie	_	_	_	_	_	linguistic	_	none	_	_	_	_	_	2-3(30)
160-31	BZ002	160	31	[conoscen]ze	conoscenze	_	_	_	_	_	linguistic	_	none	_	_	_	_	_	0-7(30)
160-32	BZ002	160	32	di	di	_	_	_	_	_	linguistic	_	none	_	_	_	_	_	_
160-33	BZ002	160	33	portoghese	portoghese	_	_	_	_	_	linguistic	_	none	_	_	_	_	_	_
160-34	BZ002	160	34	non	non	_	_	_	_	_	linguistic	_	none	_	_	_	_	_	_
160-35	BZ002	160	35	si	si	_	_	_	_	_	linguistic	_	none	_	_	_	_	_	_
160-36	BZ002	160	36	possono	possono	_	_	_	_	_	linguistic	_	none	_	_	_	_	_	_
160-37	BZ002	160	37	proprio	proprio	_	_	_	_	_	linguistic	_	none	_	_	_	_	_	_
160-38	BZ002	160	38	definire	definire	_	_	_	_	_	linguistic	_	none	_	_	_	_	_	_
160-39	BZ002	160	39	conoscenze.	conoscenze	_	_	_	_	_	linguistic	_	none	Intonation=Falling	End=601.894	_	_	_	_
161-0	BZ001	161	0	[mh].	mh	_	_	_	_	_	linguistic	_	none	Intonation=Falling	Begin=598.734|End=599.024	_	_	_	0-2(30)
162-0	BZ002	162	0	però::	però	_	_	_	_	_	linguistic	_	none	_	Begin=602.344	3x2	_	_	_
162-1	BZ002	162	1	il	il	_	_	_	_	_	linguistic	_	none	_	_	_	_	_	_
162-2	BZ002	162	2	portoghese	portoghese	_	_	_	_	_	linguistic	_	none	_	_	_	_	_	_
162-3	BZ002	162	3	mi	mi	_	_	_	_	_	linguistic	_	none	_	_	_	_	_	_
162-4	BZ002	162	4	piaceva	piaceva	_	_	_	_	_	linguistic	_	none	_	_	_	_	_	_
162-5	BZ002	162	5	molto	molto	_	_	_	_	_	linguistic	_	none	_	_	_	_	_	_
162-6	BZ002	162	6	da	da	_	_	_	_	_	linguistic	_	none	_	_	_	_	_	_
162-7	BZ002	162	7	sentire.	sentire	_	_	_	_	_	linguistic	_	none	Intonation=Falling	End=604.964	_	_	_	_
163-0	BZ002	163	0	spagnolo	spagnolo	_	_	_	_	_	linguistic	_	none	_	Begin=605.544	_	_	_	_
163-1	BZ002	163	1	anche	anche	_	_	_	_	_	linguistic	_	none	_	_	_	_	_	_
163-2	BZ002	163	2	in	in	_	_	_	_	_	linguistic	_	none	_	_	_	_	_	_
163-3	BZ002	163	3	realtà	realtà	_	_	_	_	_	linguistic	_	none	_	_	_	_	_	_
163-4	BZ002	163	4	mi	mi	_	_	_	_	_	linguistic	_	none	_	_	_	_	_	_
163-5	BZ002	163	5	piace,	piace	_	_	_	_	_	linguistic	_	none	Intonation=WeaklyRising|PauseAfter=Yes	_	_	_	_	_
163-6	BZ002	163	6	(.)	(.)	_	_	_	_	_	shortpause	_	none	_	_	_	_	_	_
163-7	BZ002	163	7	ma	ma	_	_	_	_	_	linguistic	_	none	PauseAfter=Yes	_	_	_	_	_
163-8	BZ002	163	8	(.)	(.)	_	_	_	_	_	shortpause	_	none	_	_	_	_	_	_
163-9	BZ002	163	9	non	non	_	_	_	_	_	linguistic	_	none	_	_	_	_	_	_
163-10	BZ002	163	10	lo	lo	_	_	_	_	_	linguistic	_	none	_	_	_	_	_	_
163-11	BZ002	163	11	so	so	_	_	_	_	_	linguistic	_	none	_	_	_	_	_	_
163-12	BZ002	163	12	ogni	ogni	_	_	_	_	_	linguistic	_	none	_	_	_	_	_	_
163-13	BZ002	163	13	tanto	tanto	_	_	_	_	_	linguistic	_	none	_	_	_	_	_	_
163-14	BZ002	163	14	mi	mi	_	_	_	_	_	linguistic	_	none	_	_	_	_	_	_
163-15	BZ002	163	15	capita	capita	_	_	_	_	_	linguistic	_	none	_	_	_	_	_	_
163-16	BZ002	163	16	di	di	_	_	_	_	_	linguistic	_	none	_	_	_	_	_	_
163-17	BZ002	163	17	guardare	guardare	_	_	_	_	_	linguistic	_	none	_	_	_	_	_	_
163-18	BZ002	163	18	le	le	_	_	_	_	_	linguistic	_	none	_	_	_	_	_	_
163-19	BZ002	163	19	serie	serie	_	_	_	_	_	linguistic	_	none	_	_	_	_	_	_
163-20	BZ002	163	20	in	in	_	_	_	_	_	linguistic	_	none	_	_	_	_	_	_
163-21	BZ002	163	21	spagnolo,	spagnolo	_	_	_	_	_	linguistic	_	none	Intonation=WeaklyRising|PauseAfter=Yes	_	_	_	_	_
163-22	BZ002	163	22	(.)	(.)	_	_	_	_	_	shortpause	_	none	_	_	_	_	_	_
163-23	BZ002	163	23	perché	perché	_	_	_	_	_	linguistic	_	none	_	End=612.284	_	_	_	_
164-0	BZ002	164	0	a	a	_	_	_	_	_	linguistic	_	none	_	Begin=612.999	_	_	_	_
164-1	BZ002	164	1	caso,	caso	_	_	_	_	_	linguistic	_	none	Intonation=WeaklyRising	End=613.669	_	_	_	_
165-0	BZ002	165	0	in	in	_	_	_	_	_	linguistic	_	none	_	Begin=614.249	_	_	_	_
165-1	BZ002	165	1	realtà	realtà	_	_	_	_	_	linguistic	_	none	_	_	_	_	_	_
165-2	BZ002	165	2	non	non	_	_	_	_	_	linguistic	_	none	_	_	_	_	_	_
165-3	BZ002	165	3	lo	lo	_	_	_	_	_	linguistic	_	none	_	_	_	_	_	_
165-4	BZ002	165	4	capisco	capisco	_	_	_	_	_	linguistic	_	none	_	_	_	_	_	_
165-5	BZ002	165	5	tutto	tutto	_	_	_	_	_	linguistic	_	none	_	_	_	_	_	_
165-6	BZ002	165	6	però	però	_	_	_	_	_	linguistic	_	none	_	_	_	_	_	_
165-7	BZ002	165	7	m-	m-	_	_	_	_	_	linguistic	_	none	Interrupted=Yes	_	_	_	_	_
165-8	BZ002	165	8	mi	mi	_	_	_	_	_	linguistic	_	none	_	_	_	_	_	_
165-9	BZ002	165	9	diverte	diverte	_	_	_	_	_	linguistic	_	none	_	_	_	_	_	_
165-10	BZ002	165	10	e	e	_	_	_	_	_	linguistic	_	none	_	_	_	_	_	_
165-11	BZ002	165	11	le	le	_	_	_	_	_	linguistic	_	none	_	_	_	_	_	_
165-12	BZ002	165	12	ascolto	ascolto	_	_	_	_	_	linguistic	_	none	_	_	_	_	_	_
165-13	BZ002	165	13	co[sì],	così	_	_	_	_	_	linguistic	_	none	Intonation=WeaklyRising	End=617.18	_	_	_	2-4(31)
166-0	BZ001	166	0	[ah]	ah	_	_	_	_	_	linguistic	_	none	_	Begin=617.119	_	_	_	0-2(31)
166-1	BZ001	166	1	quindi	quindi	_	_	_	_	_	linguistic	_	none	_	_	_	_	_	_
166-2	BZ001	166	2	in	in	_	_	_	_	_	linguistic	_	none	_	_	_	_	_	_
166-3	BZ001	166	3	spagnolo,	spagnolo	_	_	_	_	_	linguistic	_	none	Intonation=WeaklyRising	_	_	_	_	_
166-4	BZ001	166	4	senza	senza	_	_	_	_	_	linguistic	_	none	_	_	_	_	_	_
166-5	BZ001	166	5	sottotitoli.	sottotitoli	_	_	_	_	_	linguistic	_	none	Intonation=Falling	End=618.639	_	_	_	_
167-0	BZ002	167	0	sì.	sì	_	_	_	_	_	linguistic	_	none	Intonation=Falling	Begin=618.614|End=618.854	_	_	_	_
168-0	BZ001	168	0	ah.	ah	_	_	_	_	_	linguistic	_	none	Intonation=Falling	Begin=619.129|End=619.399	_	_	_	_
169-0	BZ002	169	0	avevo	avevo	_	_	_	_	_	linguistic	_	none	_	Begin=619.699	_	_	_	_
169-1	BZ002	169	1	guardato	guardato	_	_	_	_	_	linguistic	_	none	_	_	_	_	_	_
169-2	BZ002	169	2	anche	anche	_	_	_	_	_	linguistic	_	none	_	_	_	_	_	_
169-3	BZ002	169	3	tutto	tutto	_	_	_	_	_	linguistic	_	none	_	_	_	_	_	_
169-4	BZ002	169	4	lo	lo	_	_	_	_	_	linguistic	_	none	_	_	_	_	_	_
169-5	BZ002	169	5	street	street	_	_	_	_	_	linguistic	_	none	_	_	_	_	_	_
169-6	BZ002	169	6	food	food	_	_	_	_	_	linguistic	_	none	_	_	_	_	_	_
169-7	BZ002	169	7	eh:	eh	_	_	_	_	_	linguistic	_	none	PauseAfter=Yes	_	1x1	_	_	_
169-8	BZ002	169	8	(.)	(.)	_	_	_	_	_	shortpause	_	none	_	_	_	_	_	_
169-9	BZ002	169	9	america	america	_	_	_	_	_	linguistic	_	none	_	_	_	_	_	_
169-10	BZ002	169	10	latina,	latina	_	_	_	_	_	linguistic	_	none	Intonation=WeaklyRising	End=623.539	_	_	_	_
170-0	BZ002	170	0	[xxxx	xxxx	_	_	_	_	_	unknown	_	none	PauseAfter=Yes|Syllables=4	Begin=623.849	_	_	_	0-4(33)
170-1	BZ002	170	1	(.)	(.)	_	_	_	_	_	shortpause	_	none	_	_	_	_	_	_
170-2	BZ002	170	2	sì	sì	_	_	_	_	_	linguistic	_	none	_	_	_	_	_	0-2(33)
170-3	BZ002	170	3	esatto	esatto	_	_	_	_	_	linguistic	_	none	_	_	_	_	_	0-6(33)
170-4	BZ002	170	4	alcuni	alcuni	_	_	_	_	_	linguistic	_	none	_	_	_	_	_	0-6(33)
170-5	BZ002	170	5	lì	lì	_	_	_	_	_	linguistic	_	none	_	_	_	_	_	0-2(33)
170-6	BZ002	170	6	erano]	erano	_	_	_	_	_	linguistic	_	none	_	_	_	_	_	0-5(33)
170-7	BZ002	170	7	un	un	_	_	_	_	_	linguistic	_	none	_	_	_	_	_	_
170-8	BZ002	170	8	paio,	paio	_	_	_	_	_	linguistic	_	none	Intonation=WeaklyRising|PauseAfter=Yes	_	_	_	_	_
170-9	BZ002	170	9	(.)	(.)	_	_	_	_	_	shortpause	_	none	_	_	_	_	_	_
170-10	BZ002	170	10	complicatini	complicatini	_	_	_	_	_	linguistic	_	none	_	_	_	_	_	_
170-11	BZ002	170	11	però,	però	_	_	_	_	_	linguistic	_	none	Intonation=WeaklyRising	End=628.739	_	_	_	_
171-0	BZ001	171	0	[ah	ah	_	_	_	_	_	linguistic	_	none	_	Begin=623.864	_	_	_	0-2(33)
171-1	BZ001	171	1	quindi	quindi	_	_	_	_	_	linguistic	_	none	_	_	_	_	_	0-6(33)
171-2	BZ001	171	2	anche	anche	_	_	_	_	_	linguistic	_	none	_	_	_	_	_	0-5(33)
171-3	BZ001	171	3	varie,	varie	_	_	_	_	_	linguistic	_	none	Intonation=WeaklyRising|PauseAfter=Yes	_	_	_	_	0-5(33)
171-4	BZ001	171	4	(.)	(.)	_	_	_	_	_	shortpause	_	none	_	_	_	_	_	_
171-5	BZ001	171	5	diverse	diverse	_	_	_	_	_	linguistic	_	none	_	_	_	_	_	0-7(33)
171-6	BZ001	171	6	varietà	varietà	_	_	_	_	_	linguistic	_	none	_	_	_	_	_	0-7(33)
171-7	BZ001	171	7	di	di	_	_	_	_	_	linguistic	_	none	_	_	_	_	_	0-2(33)
171-8	BZ001	171	8	spagnolo].	spagnolo	_	_	_	_	_	linguistic	_	none	Intonation=Falling	End=627.004	_	_	_	0-8(33)
172-0	BZ002	172	0	così.	così	_	_	_	_	_	linguistic	_	none	Intonation=Falling	Begin=629.039|End=629.249	_	_	_	_
173-0	BZ002	173	0	per	per	_	_	_	_	_	linguistic	_	none	_	Begin=629.509	_	_	_	_
173-1	BZ002	173	1	perdere	perdere	_	_	_	_	_	linguistic	_	none	_	_	_	_	_	_
173-2	BZ002	173	2	tempo	tempo	_	_	_	_	_	linguistic	_	none	_	_	_	_	_	_
173-3	BZ002	173	3	mi	mi	_	_	_	_	_	linguistic	_	none	_	_	_	_	_	_
173-4	BZ002	173	4	piaceva	piaceva	_	_	_	_	_	linguistic	_	none	_	_	_	_	_	_
173-5	BZ002	173	5	ascoltarle,	ascoltarle	_	_	_	_	_	linguistic	_	none	Intonation=WeaklyRising	End=631.589	_	_	_	_
174-0	BZ002	174	0	eh:	eh	_	_	_	_	_	linguistic	_	none	_	Begin=632.169	1x1	_	_	_
174-1	BZ002	174	1	e	e	_	_	_	_	_	linguistic	_	none	_	_	_	_	_	_
174-2	BZ002	174	2	niente	niente	_	_	_	_	_	linguistic	_	none	_	_	_	_	_	_
174-3	BZ002	174	3	in	in	_	_	_	_	_	linguistic	_	none	_	_	_	_	_	_
174-4	BZ002	174	4	realtà:	realtà	_	_	_	_	_	linguistic	_	none	_	_	5x1	_	_	_
174-5	BZ002	174	5	un	un	_	_	_	_	_	linguistic	_	none	_	_	_	_	_	_
174-6	BZ002	174	6	po'	po'	_	_	_	_	_	linguistic	_	none	_	_	_	_	_	_
174-7	BZ002	174	7	queste.	queste	_	_	_	_	_	linguistic	_	none	Intonation=Falling	_	_	_	_	_
174-8	BZ002	174	8	poi	poi	_	_	_	_	_	linguistic	_	none	_	_	_	_	_	_
174-9	BZ002	174	9	nella	nella	_	_	_	_	_	linguistic	_	none	_	_	_	_	_	_
174-10	BZ002	174	10	mia	mia	_	_	_	_	_	linguistic	_	none	_	_	_	_	_	_
174-11	BZ002	174	11	famiglia	famiglia	_	_	_	_	_	linguistic	_	none	_	_	_	_	_	_
174-12	BZ002	174	12	ci	ci	_	_	_	_	_	linguistic	_	none	_	_	_	_	_	_
174-13	BZ002	174	13	sono	sono	_	_	_	_	_	linguistic	_	none	_	_	_	_	_	_
174-14	BZ002	174	14	un	un	_	_	_	_	_	linguistic	_	none	_	_	_	_	_	_
174-15	BZ002	174	15	paio	paio	_	_	_	_	_	linguistic	_	none	_	_	_	_	_	_
174-16	BZ002	174	16	di	di	_	_	_	_	_	linguistic	_	none	_	_	_	_	_	_
174-17	BZ002	174	17	persone	persone	_	_	_	_	_	linguistic	_	none	_	_	_	_	_	_
174-18	BZ002	174	18	che	che	_	_	_	_	_	linguistic	_	none	_	_	_	_	_	_
174-19	BZ002	174	19	parlano	parlano	_	_	_	_	_	linguistic	_	none	_	_	_	_	_	_
174-20	BZ002	174	20	in	in	_	_	_	_	_	linguistic	_	none	_	_	_	_	_	_
174-21	BZ002	174	21	russo,	russo	_	_	_	_	_	linguistic	_	none	Intonation=WeaklyRising	End=637.829	_	_	_	_
175-0	BZ002	175	0	però:	però	_	_	_	_	_	linguistic	_	none	_	Begin=638.364|End=638.874	3x1	_	_	_
176-0	BZ002	176	0	non	non	_	_	_	_	_	linguistic	_	none	_	Begin=639.374	_	_	_	_
176-1	BZ002	176	1	è	è	_	_	_	_	_	linguistic	_	none	_	_	_	_	_	_
176-2	BZ002	176	2	mai	mai	_	_	_	_	_	linguistic	_	none	_	_	_	_	_	_
176-3	BZ002	176	3	una	una	_	_	_	_	_	linguistic	_	none	_	_	_	_	_	_
176-4	BZ002	176	4	lingua	lingua	_	_	_	_	_	linguistic	_	none	_	_	_	_	_	_
176-5	BZ002	176	5	che	che	_	_	_	_	_	linguistic	_	none	_	_	_	_	_	_
176-6	BZ002	176	6	mi	mi	_	_	_	_	_	linguistic	_	none	_	_	_	_	_	_
176-7	BZ002	176	7	ha:	ha	_	_	_	_	_	linguistic	_	none	PauseAfter=Yes	_	1x1	_	_	_
176-8	BZ002	176	8	(.)	(.)	_	_	_	_	_	shortpause	_	none	_	_	_	_	_	_
176-9	BZ002	176	9	particolarmente	particolarmente	_	_	_	_	_	linguistic	_	none	_	_	_	_	_	_
176-10	BZ002	176	10	[affascinato],	affascinato	_	_	_	_	_	linguistic	_	none	Intonation=WeaklyRising	End=643.174	_	_	_	0-11(34)
177-0	BZ001	177	0	[nella	nella	_	_	_	_	_	linguistic	_	none	_	Begin=642.524	_	_	_	0-5(34)
177-1	BZ001	177	1	tua	tua	_	_	_	_	_	linguistic	_	none	_	_	_	_	_	0-3(34)
177-2	BZ001	177	2	famiglia]?	famiglia	_	_	_	_	_	linguistic	_	none	Intonation=Rising	End=643.374	_	_	_	0-8(34)
178-0	BZ002	178	0	sì.	sì	_	_	_	_	_	linguistic	_	none	Intonation=Falling	Begin=644.039	_	_	_	_
178-1	BZ002	178	1	mh:	mh	_	_	_	_	_	linguistic	_	none	_	_	1x1	_	_	_
178-2	BZ002	178	2	magari	magari	_	_	_	_	_	linguistic	_	none	_	_	_	_	_	_
178-3	BZ002	178	3	cugini	cugini	_	_	_	_	_	linguistic	_	none	_	_	_	_	_	_
178-4	BZ002	178	4	che	che	_	_	_	_	_	linguistic	_	none	_	_	_	_	_	_
178-5	BZ002	178	5	si	si	_	_	_	_	_	linguistic	_	none	_	_	_	_	_	_
178-6	BZ002	178	6	son	son	_	_	_	_	_	linguistic	_	none	_	_	_	_	_	_
178-7	BZ002	178	7	[sposati],	sposati	_	_	_	_	_	linguistic	_	none	Intonation=WeaklyRising	End=647.119	_	_	_	0-7(35)
179-0	BZ001	179	0	[ah].	ah	_	_	_	_	_	linguistic	_	none	Intonation=Falling	Begin=646.264|End=646.714	_	_	_	0-2(35)
180-0	BZ002	180	0	(ne	ne	_	_	_	_	_	linguistic	_	none	_	Begin=647.364	_	_	0-2(0)	_
180-1	BZ002	180	1	ho,)	ho	_	_	_	_	_	linguistic	_	none	Intonation=WeaklyRising	End=647.984	_	_	0-2(0)	_
181-0	BZ002	181	0	tre	tre	_	_	_	_	_	linguistic	_	none	PauseAfter=Yes	Begin=648.679	_	_	_	_
181-1	BZ002	181	1	(.)	(.)	_	_	_	_	_	shortpause	_	none	_	_	_	_	_	_
181-2	BZ002	181	2	persone	persone	_	_	_	_	_	linguistic	_	none	_	_	_	_	_	_
181-3	BZ002	181	3	che	che	_	_	_	_	_	linguistic	_	none	_	_	_	_	_	_
181-4	BZ002	181	4	parlano	parlano	_	_	_	_	_	linguistic	_	none	_	_	_	_	_	_
181-5	BZ002	181	5	russo.	russo	_	_	_	_	_	linguistic	_	none	Intonation=Falling	End=650.429	_	_	_	_
182-0	BZ001	182	0	[ah]	ah	_	_	_	_	_	linguistic	_	none	_	Begin=650.679|End=650.95	_	_	_	0-2(36)
183-0	BZ002	183	0	[fami]gli	famigli	_	_	_	_	_	linguistic	_	none	_	Begin=650.679	_	_	_	0-4(36)
183-1	BZ002	183	1	intendo:	intendo	_	_	_	_	_	linguistic	_	none	PauseAfter=Yes	_	6x1	_	_	_
183-2	BZ002	183	2	(.)	(.)	_	_	_	_	_	shortpause	_	none	_	_	_	_	_	_
183-3	BZ002	183	3	[parenti	parenti	_	_	_	_	_	linguistic	_	none	_	_	_	_	_	0-7(37)
183-4	BZ002	183	4	an-]	an-	_	_	_	_	_	linguistic	_	none	Interrupted=Yes	_	_	_	_	0-3(37)
183-5	BZ002	183	5	compresi,	compresi	_	_	_	_	_	linguistic	_	none	Intonation=WeaklyRising	End=653.199	_	_	_	_
184-0	BZ001	184	0	[sì	sì	_	_	_	_	_	linguistic	_	none	_	Begin=651.884	_	_	_	0-2(37)
184-1	BZ001	184	1	sì].	sì	_	_	_	_	_	linguistic	_	none	Intonation=Falling	End=652.374	_	_	_	0-2(37)
185-0	BZ002	185	0	e::	e	_	_	_	_	_	linguistic	_	none	_	Begin=653.954|End=654.864	0x2	_	_	_
186-0	BZ002	186	0	però	però	_	_	_	_	_	linguistic	_	none	_	Begin=655.354	_	_	_	_
186-1	BZ002	186	1	quello:,	quello	_	_	_	_	_	linguistic	_	none	Intonation=WeaklyRising	End=656.164	5x1	_	_	_
187-0	BZ002	187	0	non	non	_	_	_	_	_	linguistic	_	none	_	Begin=656.574	_	_	_	_
187-1	BZ002	187	1	so	so	_	_	_	_	_	linguistic	_	none	_	_	_	_	_	_
187-2	BZ002	187	2	sai	sai	_	_	_	_	_	linguistic	_	none	_	_	_	_	_	_
187-3	BZ002	187	3	il	il	_	_	_	_	_	linguistic	_	none	_	_	_	_	_	_
187-4	BZ002	187	4	cinese	cinese	_	_	_	_	_	linguistic	_	none	_	_	_	_	_	_
187-5	BZ002	187	5	mi	mi	_	_	_	_	_	linguistic	_	none	_	_	_	_	_	_
187-6	BZ002	187	6	affascinava	affascinava	_	_	_	_	_	linguistic	_	none	_	_	_	_	_	_
187-7	BZ002	187	7	e	e	_	_	_	_	_	linguistic	_	none	_	_	_	_	_	_
187-8	BZ002	187	8	>quindi	quindi	_	_	_	_	_	linguistic	_	none	_	_	_	Fast=0-6(0)	_	_
187-9	BZ002	187	9	mi	mi	_	_	_	_	_	linguistic	_	none	_	_	_	Fast=0-2(0)	_	_
187-10	BZ002	187	10	son	son	_	_	_	_	_	linguistic	_	none	_	_	_	Fast=0-3(0)	_	_
187-11	BZ002	187	11	buttata	buttata	_	_	_	_	_	linguistic	_	none	_	_	_	Fast=0-7(0)	_	_
187-12	BZ002	187	12	lì<	lì	_	_	_	_	_	linguistic	_	none	_	_	_	Fast=0-2(0)	_	_
187-13	BZ002	187	13	il	il	_	_	_	_	_	linguistic	_	none	_	_	_	_	_	_
187-14	BZ002	187	14	russo	russo	_	_	_	_	_	linguistic	_	none	PauseAfter=Yes	_	_	_	_	_
187-15	BZ002	187	15	(.)	(.)	_	_	_	_	_	shortpause	_	none	_	_	_	_	_	_
187-16	BZ002	187	16	non	non	_	_	_	_	_	linguistic	_	none	_	_	_	_	_	_
187-17	BZ002	187	17	molto.	molto	_	_	_	_	_	linguistic	_	none	Intonation=Falling	End=661.124	_	_	_	_
188-0	BZ002	188	0	e::	e	_	_	_	_	_	linguistic	_	none	_	Begin=662.05	0x2	_	_	_
188-1	BZ002	188	1	niente,	niente	_	_	_	_	_	linguistic	_	none	Intonation=WeaklyRising	_	_	_	_	_
188-2	BZ002	188	2	n-	n-	_	_	_	_	_	linguistic	_	none	Interrupted=Yes	_	_	_	_	_
188-3	BZ002	188	3	zero	zero	_	_	_	_	_	linguistic	_	none	_	_	_	_	_	_
188-4	BZ002	188	4	francese,	francese	_	_	_	_	_	linguistic	_	none	Intonation=WeaklyRising	_	_	_	_	_
188-5	BZ002	188	5	nel	nel	_	_	_	_	_	linguistic	_	none	_	_	_	_	_	_
188-6	BZ002	188	6	senso	senso	_	_	_	_	_	linguistic	_	none	_	_	_	_	_	_
188-7	BZ002	188	7	nessuno	nessuno	_	_	_	_	_	linguistic	_	none	_	_	_	_	_	_
188-8	BZ002	188	8	non	non	_	_	_	_	_	linguistic	_	none	_	_	_	_	_	_
188-9	BZ002	188	9	conosco	conosco	_	_	_	_	_	linguistic	_	none	PauseAfter=Yes	_	_	_	_	_
188-10	BZ002	188	10	(.)	(.)	_	_	_	_	_	shortpause	_	none	_	_	_	_	_	_
188-11	BZ002	188	11	quasi	quasi	_	_	_	_	_	linguistic	_	none	_	_	_	_	_	_
188-12	BZ002	188	12	nessuno	nessuno	_	_	_	_	_	linguistic	_	none	_	_	_	_	_	_
188-13	BZ002	188	13	vicino	vicino	_	_	_	_	_	linguistic	_	none	_	_	_	_	_	_
188-14	BZ002	188	14	a	a	_	_	_	_	_	linguistic	_	none	_	_	_	_	_	_
188-15	BZ002	188	15	me	me	_	_	_	_	_	linguistic	_	none	_	_	_	_	_	_
188-16	BZ002	188	16	che	che	_	_	_	_	_	linguistic	_	none	_	_	_	_	_	_
188-17	BZ002	188	17	parla	parla	_	_	_	_	_	linguistic	_	none	_	_	_	_	_	_
188-18	BZ002	188	18	francese	francese	_	_	_	_	_	linguistic	_	none	_	_	_	_	_	_
188-19	BZ002	188	19	e,	e	_	_	_	_	_	linguistic	_	none	Intonation=WeaklyRising	End=669.39	_	_	_	_
189-0	BZ002	189	0	non	non	_	_	_	_	_	linguistic	_	none	_	Begin=669.81|End=670.43	_	_	_	_
190-0	BZ002	190	0	non	non	_	_	_	_	_	linguistic	_	none	_	Begin=670.755	_	_	_	_
190-1	BZ002	190	1	m[i:]	mi	_	_	_	_	_	linguistic	_	none	_	End=671.84	1x1	_	_	1-2(38)
191-0	BZ001	191	0	[non]	non	_	_	_	_	_	linguistic	_	none	_	Begin=671.52	_	_	_	0-3(38)
191-1	BZ001	191	1	t'	t'	_	_	_	_	_	linguistic	_	none	SpaceAfter=No	_	_	_	_	_
191-2	BZ001	191	2	ispira.	ispira	_	_	_	_	_	linguistic	_	none	Intonation=Falling	End=672.19	_	_	_	_
192-0	BZ002	192	0	non	non	_	_	_	_	_	linguistic	_	none	_	Begin=672.192	_	_	_	_
192-1	BZ002	192	1	mi	mi	_	_	_	_	_	linguistic	_	none	_	_	_	_	_	_
192-2	BZ002	192	2	conquista	conquista	_	_	_	_	_	linguistic	_	none	_	_	_	_	_	_
192-3	BZ002	192	3	no	no	_	_	_	_	_	linguistic	_	none	_	_	_	_	_	_
192-4	BZ002	192	4	non	non	_	_	_	_	_	linguistic	_	none	_	_	_	_	_	_
192-5	BZ002	192	5	mi	mi	_	_	_	_	_	linguistic	_	none	_	_	_	_	_	_
192-6	BZ002	192	6	piace	piace	_	_	_	_	_	linguistic	_	none	_	_	_	_	_	_
192-7	BZ002	192	7	molto.	molto	_	_	_	_	_	linguistic	_	none	Intonation=Falling	End=674.192	_	_	_	_
193-0	BZ001	193	0	eh	eh	_	_	_	_	_	linguistic	_	none	_	Begin=674.834	_	_	_	_
193-1	BZ001	193	1	in	in	_	_	_	_	_	linguistic	_	none	_	_	_	_	_	_
193-2	BZ001	193	2	genere	genere	_	_	_	_	_	linguistic	_	none	_	_	_	_	_	_
193-3	BZ001	193	3	francese	francese	_	_	_	_	_	linguistic	_	none	_	_	_	_	_	_
193-4	BZ001	193	4	è:	è	_	_	_	_	_	linguistic	_	none	PauseAfter=Yes	_	0x1	_	_	_
193-5	BZ001	193	5	(.)	(.)	_	_	_	_	_	shortpause	_	none	_	_	_	_	_	_
193-6	BZ001	193	6	è	è	_	_	_	_	_	linguistic	_	none	_	_	_	_	_	_
193-7	BZ001	193	7	abbastanza	abbastanza	_	_	_	_	_	linguistic	_	none	_	_	_	_	_	_
193-8	BZ001	193	8	sono	sono	_	_	_	_	_	linguistic	_	none	_	_	_	_	_	_
193-9	BZ001	193	9	abbastanza	abbastanza	_	_	_	_	_	linguistic	_	none	_	_	_	_	_	_
193-10	BZ001	193	10	polarizzate	polarizzate	_	_	_	_	_	linguistic	_	none	_	_	_	_	_	_
193-11	BZ001	193	11	le	le	_	_	_	_	_	linguistic	_	none	_	_	_	_	_	_
193-12	BZ001	193	12	opinioni	opinioni	_	_	_	_	_	linguistic	_	none	_	_	_	_	_	_
193-13	BZ001	193	13	[no?	no	_	_	_	_	_	linguistic	_	none	Intonation=Rising	_	_	_	_	0-2(39)
193-14	BZ001	193	14	o	o	_	_	_	_	_	linguistic	_	none	_	_	_	_	_	0-1(39)
193-15	BZ001	193	15	è	è	_	_	_	_	_	linguistic	_	none	_	_	_	_	_	0-1(39)
193-16	BZ001	193	16	bellissima	bellissima	_	_	_	_	_	linguistic	_	none	_	_	_	_	_	0-10(39)
193-17	BZ001	193	17	è	è	_	_	_	_	_	linguistic	_	none	_	_	_	_	_	0-1(39)
193-18	BZ001	193	18	una	una	_	_	_	_	_	linguistic	_	none	_	_	_	_	_	0-3(39)
193-19	BZ001	193	19	lingua	lingua	_	_	_	_	_	linguistic	_	none	_	_	_	_	_	0-6(39)
193-20	BZ001	193	20	romantica	romantica	_	_	_	_	_	linguistic	_	none	_	_	_	_	_	0-9(39)
193-21	BZ001	193	21	o],	o	_	_	_	_	_	linguistic	_	none	Intonation=WeaklyRising	End=681.144	_	_	_	0-1(39)
194-0	BZ002	194	0	[sì	sì	_	_	_	_	_	linguistic	_	none	_	Begin=678.774	_	_	_	0-2(39)
194-1	BZ002	194	1	sì.	sì	_	_	_	_	_	linguistic	_	none	Intonation=Falling|PauseAfter=Yes	_	_	_	_	0-2(39)
194-2	BZ002	194	2	(.)	(.)	_	_	_	_	_	shortpause	_	none	_	_	_	_	_	_
194-3	BZ002	194	3	sì	sì	_	_	_	_	_	linguistic	_	none	_	_	_	_	_	0-2(39)
194-4	BZ002	194	4	o	o	_	_	_	_	_	linguistic	_	none	_	_	_	_	_	0-1(39)
194-5	BZ002	194	5	è	è	_	_	_	_	_	linguistic	_	none	_	_	_	_	_	0-1(39)
194-6	BZ002	194	6	bellissimo	bellissimo	_	_	_	_	_	linguistic	_	none	_	_	_	_	_	0-10(39)
194-7	BZ002	194	7	o	o	_	_	_	_	_	linguistic	_	none	_	_	_	_	_	0-1(39)
194-8	BZ002	194	8	non],	non	_	_	_	_	_	linguistic	_	none	Intonation=WeaklyRising	_	_	_	_	0-3(39)
194-9	BZ002	194	9	eh	eh	_	_	_	_	_	linguistic	_	none	_	_	_	_	_	_
194-10	BZ002	194	10	io	io	_	_	_	_	_	linguistic	_	none	_	_	_	_	_	_
194-11	BZ002	194	11	sono	sono	_	_	_	_	_	linguistic	_	none	_	_	_	_	_	_
194-12	BZ002	194	12	più	più	_	_	_	_	_	linguistic	_	none	_	_	_	_	_	_
194-13	BZ002	194	13	sul	sul	_	_	_	_	_	linguistic	_	none	_	_	_	_	_	_
194-14	BZ002	194	14	[non	non	_	_	_	_	_	linguistic	_	none	_	_	_	_	_	0-3(40)
194-15	BZ002	194	15	mi],	mi	_	_	_	_	_	linguistic	_	none	Intonation=WeaklyRising	_	_	_	_	0-2(40)
194-16	BZ002	194	16	non	non	_	_	_	_	_	linguistic	_	none	_	_	_	_	_	_
194-17	BZ002	194	17	mi	mi	_	_	_	_	_	linguistic	_	none	_	_	_	_	_	_
194-18	BZ002	194	18	ha	ha	_	_	_	_	_	linguistic	_	none	_	_	_	_	_	_
194-19	BZ002	194	19	preso.	preso	_	_	_	_	_	linguistic	_	none	Intonation=Falling	End=684.254	_	_	_	_
195-0	BZ001	195	0	[eh	eh	_	_	_	_	_	linguistic	_	none	_	Begin=682.589	_	_	_	0-2(40)
195-1	BZ001	195	1	((ridendo))]	((ridendo))	_	_	_	_	_	nonverbalbehavior	_	none	_	End=683.099	_	_	_	0-7(40)
196-0	BZ001	196	0	e	e	_	_	_	_	_	linguistic	_	none	_	Begin=684.279	_	_	_	_
196-1	BZ001	196	1	portoghese	portoghese	_	_	_	_	_	linguistic	_	none	_	_	_	_	_	_
196-2	BZ001	196	2	invece?	invece	_	_	_	_	_	linguistic	_	none	Intonation=Rising	_	_	_	_	_
196-3	BZ001	196	3	portoghese	portoghese	_	_	_	_	_	linguistic	_	none	_	_	_	_	_	_
196-4	BZ001	196	4	brasiliano	brasiliano	_	_	_	_	_	linguistic	_	none	_	_	_	_	_	_
196-5	BZ001	196	5	oppure	oppure	_	_	_	_	_	linguistic	_	none	_	_	_	_	_	_
196-6	BZ001	196	6	portoghese,	portoghese	_	_	_	_	_	linguistic	_	none	Intonation=WeaklyRising	End=687.289	_	_	_	_
197-0	BZ002	197	0	no	no	_	_	_	_	_	linguistic	_	none	_	Begin=687.339	_	_	_	_
197-1	BZ002	197	1	avevo	avevo	_	_	_	_	_	linguistic	_	none	_	_	_	_	_	_
197-2	BZ002	197	2	f-	f-	_	_	_	_	_	linguistic	_	none	Interrupted=Yes	_	_	_	_	_
197-3	BZ002	197	3	quei:	quei	_	_	_	_	_	linguistic	_	none	_	_	3x1	_	_	_
197-4	BZ002	197	4	due	due	_	_	_	_	_	linguistic	_	none	_	_	_	_	_	_
197-5	BZ002	197	5	mesi	mesi	_	_	_	_	_	linguistic	_	none	_	_	_	_	_	_
197-6	BZ002	197	6	che	che	_	_	_	_	_	linguistic	_	none	_	_	_	_	_	_
197-7	BZ002	197	7	mi	mi	_	_	_	_	_	linguistic	_	none	_	_	_	_	_	_
197-8	BZ002	197	8	ero	ero	_	_	_	_	_	linguistic	_	none	_	_	_	_	_	_
197-9	BZ002	197	9	messa	messa	_	_	_	_	_	linguistic	_	none	_	_	_	_	_	_
197-10	BZ002	197	10	così	così	_	_	_	_	_	linguistic	_	none	_	_	_	_	_	_
197-11	BZ002	197	11	era	era	_	_	_	_	_	linguistic	_	none	_	_	_	_	_	_
197-12	BZ002	197	12	portoghese:,	portoghese	_	_	_	_	_	linguistic	_	none	Intonation=WeaklyRising	_	9x1	_	_	_
197-13	BZ002	197	13	portoghese.	portoghese	_	_	_	_	_	linguistic	_	none	Intonation=Falling	_	_	_	_	_
197-14	BZ002	197	14	ma	ma	_	_	_	_	_	linguistic	_	none	_	_	_	_	_	_
197-15	BZ002	197	15	mi	mi	_	_	_	_	_	linguistic	_	none	_	_	_	_	_	_
197-16	BZ002	197	16	sa	sa	_	_	_	_	_	linguistic	_	none	_	_	_	_	_	_
197-17	BZ002	197	17	che	che	_	_	_	_	_	linguistic	_	none	_	_	_	_	_	_
197-18	BZ002	197	18	[era	era	_	_	_	_	_	linguistic	_	none	_	_	_	_	_	0-3(41)
197-19	BZ002	197	19	il]	il	_	_	_	_	_	linguistic	_	none	_	_	_	_	_	0-2(41)
197-20	BZ002	197	20	periodo	periodo	_	_	_	_	_	linguistic	_	none	_	_	_	_	_	_
197-21	BZ002	197	21	che	che	_	_	_	_	_	linguistic	_	none	_	_	_	_	_	_
197-22	BZ002	197	22	stavo	stavo	_	_	_	_	_	linguistic	_	none	_	_	_	_	_	_
197-23	BZ002	197	23	leggendo:,	leggendo	_	_	_	_	_	linguistic	_	none	Intonation=WeaklyRising	End=694.659	7x1	_	_	_
198-0	BZ001	198	0	[ah].	ah	_	_	_	_	_	linguistic	_	none	Intonation=Falling	Begin=692.699|End=692.989	_	_	_	0-2(41)
199-0	BZ002	199	0	cosa	cosa	_	_	_	_	_	linguistic	_	none	_	Begin=695.849	_	_	_	_
199-1	BZ002	199	1	stavo	stavo	_	_	_	_	_	linguistic	_	none	_	_	_	_	_	_
199-2	BZ002	199	2	leggendo?	leggendo	_	_	_	_	_	linguistic	_	none	Intonation=Rising	End=696.769	_	_	_	_
200-0	BZ001	200	0	tabucchi?	tabucchi	_	_	_	_	_	linguistic	_	none	Intonation=Rising	Begin=696.944|End=697.514	_	_	_	_
201-0	BZ002	201	0	[tabucchi:],	tabucchi	_	_	_	_	_	linguistic	_	none	Intonation=WeaklyRising	Begin=697.634	7x1	_	_	0-8(42)
201-1	BZ002	201	1	pessoa,	pessoa	_	_	_	_	_	linguistic	_	none	Intonation=WeaklyRising	_	_	_	_	_
201-2	BZ002	201	2	e:	e	_	_	_	_	_	linguistic	_	none	_	_	0x1	_	_	_
201-3	BZ002	201	3	boh.	boh	_	_	_	_	_	linguistic	_	none	Intonation=Falling|PauseAfter=Yes	_	_	_	_	_
201-4	BZ002	201	4	(.)	(.)	_	_	_	_	_	shortpause	_	none	_	_	_	_	_	_
201-5	BZ002	201	5	ho	ho	_	_	_	_	_	linguistic	_	none	_	_	_	_	_	_
201-6	BZ002	201	6	detto	detto	_	_	_	_	_	linguistic	_	none	_	End=700.164	_	_	_	_
202-0	BZ001	202	0	[pessoa]?	pessoa	_	_	_	_	_	linguistic	_	none	Intonation=Rising	Begin=697.674|End=698.304	_	_	_	0-6(42)
203-0	BZ002	203	0	proviamo.	proviamo	_	_	_	_	_	linguistic	_	none	Intonation=Falling	Begin=700.694|End=701.094	_	_	_	_
204-0	BZ001	204	0	e	e	_	_	_	_	_	linguistic	_	none	_	Begin=701.699	_	_	_	_
204-1	BZ001	204	1	sai	sai	_	_	_	_	_	linguistic	_	none	_	_	_	_	_	_
204-2	BZ001	204	2	poi	poi	_	_	_	_	_	linguistic	_	none	_	_	_	_	_	_
204-3	BZ001	204	3	c'	c'	_	_	_	_	_	linguistic	_	none	SpaceAfter=No	_	_	_	_	_
204-4	BZ001	204	4	è	è	_	_	_	_	_	linguistic	_	none	_	_	_	_	_	_
204-5	BZ001	204	5	tabucchi	tabucchi	_	_	_	_	_	linguistic	_	none	_	_	_	_	_	_
204-6	BZ001	204	6	che	che	_	_	_	_	_	linguistic	_	none	_	_	_	_	_	_
204-7	BZ001	204	7	ha	ha	_	_	_	_	_	linguistic	_	none	_	_	_	_	_	_
204-8	BZ001	204	8	scritto,	scritto	_	_	_	_	_	linguistic	_	none	Intonation=WeaklyRising	_	_	_	_	_
204-9	BZ001	204	9	requiem	requiem	_	_	_	_	_	linguistic	_	none	_	_	_	_	_	_
204-10	BZ001	204	10	l'	l'	_	_	_	_	_	linguistic	_	none	SpaceAfter=No	_	_	_	_	_
204-11	BZ001	204	11	ha	ha	_	_	_	_	_	linguistic	_	none	_	_	_	_	_	_
204-12	BZ001	204	12	scritto	scritto	_	_	_	_	_	linguistic	_	none	_	_	_	_	_	_
204-13	BZ001	204	13	in	in	_	_	_	_	_	linguistic	_	none	_	_	_	_	_	_
204-14	BZ001	204	14	portoghese	portoghese	_	_	_	_	_	linguistic	_	none	_	_	_	_	_	_
204-15	BZ001	204	15	no?	no	_	_	_	_	_	linguistic	_	none	Intonation=Rising	End=704.899	_	_	_	_
205-0	BZ001	205	0	che	che	_	_	_	_	_	linguistic	_	none	_	Begin=705.569	_	_	_	_
205-1	BZ001	205	1	è::	è	_	_	_	_	_	linguistic	_	none	_	_	0x2	_	_	_
205-2	BZ001	205	2	mh:	mh	_	_	_	_	_	linguistic	_	none	_	End=706.869	1x1	_	_	_
206-0	BZ001	206	0	che	che	_	_	_	_	_	linguistic	_	none	_	Begin=708.004	_	_	_	_
206-1	BZ001	206	1	si	si	_	_	_	_	_	linguistic	_	none	_	_	_	_	_	_
206-2	BZ001	206	2	chiama	chiama	_	_	_	_	_	linguistic	_	none	_	_	_	_	_	_
206-3	BZ001	206	3	l-	l-	_	_	_	_	_	linguistic	_	none	Interrupted=Yes	_	_	_	_	_
206-4	BZ001	206	4	cioè	cioè	_	_	_	_	_	linguistic	_	none	_	_	_	_	_	_
206-5	BZ001	206	5	il	il	_	_	_	_	_	linguistic	_	none	_	_	_	_	_	_
206-6	BZ001	206	6	sottotitolo	sottotitolo	_	_	_	_	_	linguistic	_	none	_	_	_	_	_	_
206-7	BZ001	206	7	è	è	_	_	_	_	_	linguistic	_	none	_	_	_	_	_	_
206-8	BZ001	206	8	un'	un'	_	_	_	_	_	linguistic	_	none	SpaceAfter=No	_	_	_	_	_
206-9	BZ001	206	9	allucinazione	allucinazione	_	_	_	_	_	linguistic	_	none	_	_	_	_	_	_
206-10	BZ001	206	10	no?	no	_	_	_	_	_	linguistic	_	none	Intonation=Rising	_	_	_	_	_
206-11	BZ001	206	11	[però]	però	_	_	_	_	_	linguistic	_	none	_	_	_	_	_	0-4(43)
206-12	BZ001	206	12	è	è	_	_	_	_	_	linguistic	_	none	_	_	_	_	_	_
206-13	BZ001	206	13	abbastanza	abbastanza	_	_	_	_	_	linguistic	_	none	_	_	_	_	_	_
206-14	BZ001	206	14	onirico,	onirico	_	_	_	_	_	linguistic	_	none	Intonation=WeaklyRising|PauseAfter=Yes	_	_	_	_	_
206-15	BZ001	206	15	(.)	(.)	_	_	_	_	_	shortpause	_	none	_	_	_	_	_	_
206-16	BZ001	206	16	e	e	_	_	_	_	_	linguistic	_	none	_	_	_	_	_	_
206-17	BZ001	206	17	lui	lui	_	_	_	_	_	linguistic	_	none	_	_	_	_	_	_
206-18	BZ001	206	18	dopo	dopo	_	_	_	_	_	linguistic	_	none	_	_	_	_	_	_
206-19	BZ001	206	19	che	che	_	_	_	_	_	linguistic	_	none	_	_	_	_	_	_
206-20	BZ001	206	20	ha	ha	_	_	_	_	_	linguistic	_	none	_	_	_	_	_	_
206-21	BZ001	206	21	imparato	imparato	_	_	_	_	_	linguistic	_	none	_	_	_	_	_	_
206-22	BZ001	206	22	il	il	_	_	_	_	_	linguistic	_	none	_	_	_	_	_	_
206-23	BZ001	206	23	portoghese	portoghese	_	_	_	_	_	linguistic	_	none	_	_	_	_	_	_
206-24	BZ001	206	24	è	è	_	_	_	_	_	linguistic	_	none	_	_	_	_	_	_
206-25	BZ001	206	25	il	il	_	_	_	_	_	linguistic	_	none	_	_	_	_	_	_
206-26	BZ001	206	26	primo	primo	_	_	_	_	_	linguistic	_	none	_	_	_	_	_	_
206-27	BZ001	206	27	romanzo	romanzo	_	_	_	_	_	linguistic	_	none	_	_	_	_	_	_
206-28	BZ001	206	28	che	che	_	_	_	_	_	linguistic	_	none	_	_	_	_	_	_
206-29	BZ001	206	29	ha	ha	_	_	_	_	_	linguistic	_	none	_	_	_	_	_	_
206-30	BZ001	206	30	scritto	scritto	_	_	_	_	_	linguistic	_	none	_	_	_	_	_	_
206-31	BZ001	206	31	interamente	interamente	_	_	_	_	_	linguistic	_	none	_	_	_	_	_	_
206-32	BZ001	206	32	in	in	_	_	_	_	_	linguistic	_	none	_	_	_	_	_	_
206-33	BZ001	206	33	portoghese,	portoghese	_	_	_	_	_	linguistic	_	none	Intonation=WeaklyRising	End=716.374	_	_	_	_
207-0	BZ002	207	0	[mh].	mh	_	_	_	_	_	linguistic	_	none	Intonation=Falling	Begin=710.524|End=710.864	_	_	_	0-2(43)
208-0	BZ001	208	0	perché	perché	_	_	_	_	_	linguistic	_	none	_	Begin=716.738	_	_	_	_
208-1	BZ001	208	1	aveva	aveva	_	_	_	_	_	linguistic	_	none	_	_	_	_	_	_
208-2	BZ001	208	2	detto	detto	_	_	_	_	_	linguistic	_	none	_	_	_	_	_	_
208-3	BZ001	208	3	una	una	_	_	_	_	_	linguistic	_	none	_	_	_	_	_	_
208-4	BZ001	208	4	lingua	lingua	_	_	_	_	_	linguistic	_	none	_	_	_	_	_	_
208-5	BZ001	208	5	la	la	_	_	_	_	_	linguistic	_	none	_	_	_	_	_	_
208-6	BZ001	208	6	padroneggi	padroneggi	_	_	_	_	_	linguistic	_	none	_	_	_	_	_	_
208-7	BZ001	208	7	ti	ti	_	_	_	_	_	linguistic	_	none	_	_	_	_	_	_
208-8	BZ001	208	8	appartiene	appartiene	_	_	_	_	_	linguistic	_	none	_	_	_	_	_	_
208-9	BZ001	208	9	solo	solo	_	_	_	_	_	linguistic	_	none	_	_	_	_	_	_
208-10	BZ001	208	10	quando	quando	_	_	_	_	_	linguistic	_	none	_	_	_	_	_	_
208-11	BZ001	208	11	sogni	sogni	_	_	_	_	_	linguistic	_	none	_	_	_	_	_	_
208-12	BZ001	208	12	in	in	_	_	_	_	_	linguistic	_	none	_	_	_	_	_	_
208-13	BZ001	208	13	quella	quella	_	_	_	_	_	linguistic	_	none	_	_	_	_	_	_
208-14	BZ001	208	14	lingua.	lingua	_	_	_	_	_	linguistic	_	none	Intonation=Falling|PauseAfter=Yes	_	_	_	_	_
208-15	BZ001	208	15	(.)	(.)	_	_	_	_	_	shortpause	_	none	_	_	_	_	_	_
208-16	BZ001	208	16	e	e	_	_	_	_	_	linguistic	_	none	_	_	_	_	_	_
208-17	BZ001	208	17	siccome	siccome	_	_	_	_	_	linguistic	_	none	_	_	_	_	_	_
208-18	BZ001	208	18	requiem	requiem	_	_	_	_	_	linguistic	_	none	_	_	_	_	_	_
208-19	BZ001	208	19	è	è	_	_	_	_	_	linguistic	_	none	_	_	_	_	_	_
208-20	BZ001	208	20	tipo	tipo	_	_	_	_	_	linguistic	_	none	_	_	_	_	_	_
208-21	BZ001	208	21	un	un	_	_	_	_	_	linguistic	_	none	_	_	_	_	_	_
208-22	BZ001	208	22	sogno,	sogno	_	_	_	_	_	linguistic	_	none	Intonation=WeaklyRising	End=722.648	_	_	_	_
209-0	BZ002	209	0	ah.	ah	_	_	_	_	_	linguistic	_	none	Intonation=Falling|PauseAfter=Yes	Begin=722.758	_	_	_	_
209-1	BZ002	209	1	[(.)	(.)	_	_	_	_	_	shortpause	_	none	_	_	_	_	_	_
209-2	BZ002	209	2	figa	figa	_	_	_	_	_	linguistic	_	none	_	_	_	_	_	0-4(44)
209-3	BZ002	209	3	questa	questa	_	_	_	_	_	linguistic	_	none	_	_	_	_	_	0-6(44)
209-4	BZ002	209	4	cosa]	cosa	_	_	_	_	_	linguistic	_	none	_	End=724.32	_	_	_	0-4(44)
210-0	BZ001	210	0	[l'	l'	_	_	_	_	_	linguistic	_	none	SpaceAfter=No	Begin=722.96	_	_	_	0-2(44)
210-1	BZ001	210	1	ha	ha	_	_	_	_	_	linguistic	_	none	_	_	_	_	_	0-2(44)
210-2	BZ001	210	2	scritto	scritto	_	_	_	_	_	linguistic	_	none	_	_	_	_	_	0-7(44)
210-3	BZ001	210	3	in	in	_	_	_	_	_	linguistic	_	none	_	_	_	_	_	0-2(44)
210-4	BZ001	210	4	portoghese].	portoghese	_	_	_	_	_	linguistic	_	none	Intonation=Falling	End=724.314	_	_	_	0-10(44)
211-0	BZ001	211	0	e	e	_	_	_	_	_	linguistic	_	none	_	Begin=724.409	_	_	_	_
211-1	BZ001	211	1	infatti	infatti	_	_	_	_	_	linguistic	_	none	_	_	_	_	_	_
211-2	BZ001	211	2	non	non	_	_	_	_	_	linguistic	_	none	_	_	_	_	_	_
211-3	BZ001	211	3	ha	ha	_	_	_	_	_	linguistic	_	none	_	_	_	_	_	_
211-4	BZ001	211	4	voluto	voluto	_	_	_	_	_	linguistic	_	none	_	_	_	_	_	_
211-5	BZ001	211	5	neanche	neanche	_	_	_	_	_	linguistic	_	none	_	_	_	_	_	_
211-6	BZ001	211	6	lui	lui	_	_	_	_	_	linguistic	_	none	_	_	_	_	_	_
211-7	BZ001	211	7	curare	curare	_	_	_	_	_	linguistic	_	none	_	_	_	_	_	_
211-8	BZ001	211	8	la	la	_	_	_	_	_	linguistic	_	none	_	_	_	_	_	_
211-9	BZ001	211	9	tradizion-	tradizion-	_	_	_	_	_	linguistic	_	none	Interrupted=Yes	_	_	_	_	_
211-10	BZ001	211	10	la	la	_	_	_	_	_	linguistic	_	none	_	_	_	_	_	_
211-11	BZ001	211	11	tradu[zione	traduzione	_	_	_	_	_	linguistic	_	none	_	_	_	_	_	5-10(45)
211-12	BZ001	211	12	in	in	_	_	_	_	_	linguistic	_	none	_	_	_	_	_	0-2(45)
211-13	BZ001	211	13	ita]liano,	italiano	_	_	_	_	_	linguistic	_	none	Intonation=WeaklyRising	_	_	_	_	0-3(45)
211-14	BZ001	211	14	l'	l'	_	_	_	_	_	linguistic	_	none	SpaceAfter=No	_	_	_	_	_
211-15	BZ001	211	15	ha	ha	_	_	_	_	_	linguistic	_	none	_	_	_	_	_	_
211-16	BZ001	211	16	volu-	volu-	_	_	_	_	_	linguistic	_	none	Interrupted=Yes	_	_	_	_	_
211-17	BZ001	211	17	l'	l'	_	_	_	_	_	linguistic	_	none	SpaceAfter=No	_	_	_	_	_
211-18	BZ001	211	18	ha	ha	_	_	_	_	_	linguistic	_	none	_	_	_	_	_	_
211-19	BZ001	211	19	dovuto	dovuto	_	_	_	_	_	linguistic	_	none	_	_	_	_	_	_
211-20	BZ001	211	20	fare	fare	_	_	_	_	_	linguistic	_	none	_	_	_	_	_	_
211-21	BZ001	211	21	un	un	_	_	_	_	_	linguistic	_	none	_	_	_	_	_	_
211-22	BZ001	211	22	altro,	altro	_	_	_	_	_	linguistic	_	none	Intonation=WeaklyRising|PauseAfter=Yes	_	_	_	_	_
211-23	BZ001	211	23	(.)	(.)	_	_	_	_	_	shortpause	_	none	_	_	_	_	_	_
211-24	BZ001	211	24	per[ché	perché	_	_	_	_	_	linguistic	_	none	_	_	_	_	_	1-6(46)
211-25	BZ001	211	25	per	per	_	_	_	_	_	linguistic	_	none	_	_	_	_	_	0-3(46)
211-26	BZ001	211	26	lui]	lui	_	_	_	_	_	linguistic	_	none	_	_	_	_	_	0-2(46)
211-27	BZ001	211	27	quello	quello	_	_	_	_	_	linguistic	_	none	_	_	_	_	_	_
211-28	BZ001	211	28	era	era	_	_	_	_	_	linguistic	_	none	_	_	_	_	_	_
211-29	BZ001	211	29	solo	solo	_	_	_	_	_	linguistic	_	none	_	_	_	_	_	_
211-30	BZ001	211	30	portoghese.	portoghese	_	_	_	_	_	linguistic	_	none	Intonation=Falling	End=731.829	_	_	_	_
212-0	BZ002	212	0	[okay].	okay	_	_	_	_	_	linguistic	_	none	Intonation=Falling	Begin=727.424|End=727.834	_	_	_	0-4(45)
213-0	BZ002	213	0	[ah].	ah	_	_	_	_	_	linguistic	_	none	Intonation=Falling	Begin=730.004|End=730.344	_	_	_	0-2(46)
214-0	BZ002	214	0	bello	bello	_	_	_	_	_	linguistic	_	none	_	Begin=732.134	_	_	_	_
214-1	BZ002	214	1	non	non	_	_	_	_	_	linguistic	_	none	_	_	_	_	_	_
214-2	BZ002	214	2	sapevo.	sapevo	_	_	_	_	_	linguistic	_	none	Intonation=Falling	End=733.044	_	_	_	_
215-0	BZ001	215	0	se.	se	_	_	_	_	_	linguistic	_	none	Intonation=Falling	Begin=733.164|End=733.434	_	_	_	_
216-0	BZ001	216	0	e	e	_	_	_	_	_	linguistic	_	none	_	Begin=734.084	_	_	_	_
216-1	BZ001	216	1	a	a	_	_	_	_	_	linguistic	_	none	_	_	_	_	_	_
216-2	BZ001	216	2	livello	livello	_	_	_	_	_	linguistic	_	none	_	_	_	_	_	_
216-3	BZ001	216	3	diciamo	diciamo	_	_	_	_	_	linguistic	_	none	_	_	_	_	_	_
216-4	BZ001	216	4	invece	invece	_	_	_	_	_	linguistic	_	none	_	_	_	_	_	_
216-5	BZ001	216	5	più:,	più	_	_	_	_	_	linguistic	_	none	Intonation=WeaklyRising	End=736.114	2x1	_	_	_
217-0	BZ001	217	0	affettivo,	affettivo	_	_	_	_	_	linguistic	_	none	Intonation=WeaklyRising	Begin=736.428	_	_	_	_
217-1	BZ001	217	1	ci	ci	_	_	_	_	_	linguistic	_	none	_	_	_	_	_	_
217-2	BZ001	217	2	sono	sono	_	_	_	_	_	linguistic	_	none	_	_	_	_	_	_
217-3	BZ001	217	3	delle	delle	_	_	_	_	_	linguistic	_	none	_	_	_	_	_	_
217-4	BZ001	217	4	varie	varie	_	_	_	_	_	linguistic	_	none	_	_	_	_	_	_
217-5	BZ001	217	5	lingue	lingue	_	_	_	_	_	linguistic	_	none	_	_	_	_	_	_
217-6	BZ001	217	6	che	che	_	_	_	_	_	linguistic	_	none	_	_	_	_	_	_
217-7	BZ001	217	7	parli	parli	_	_	_	_	_	linguistic	_	none	_	_	_	_	_	_
217-8	BZ001	217	8	o	o	_	_	_	_	_	linguistic	_	none	_	_	_	_	_	_
217-9	BZ001	217	9	comunque	comunque	_	_	_	_	_	linguistic	_	none	_	_	_	_	_	_
217-10	BZ001	217	10	che	che	_	_	_	_	_	linguistic	_	none	_	_	_	_	_	_
217-11	BZ001	217	11	hai	hai	_	_	_	_	_	linguistic	_	none	_	_	_	_	_	_
217-12	BZ001	217	12	avuto	avuto	_	_	_	_	_	linguistic	_	none	_	_	_	_	_	_
217-13	BZ001	217	13	modo	modo	_	_	_	_	_	linguistic	_	none	_	_	_	_	_	_
217-14	BZ001	217	14	di	di	_	_	_	_	_	linguistic	_	none	_	_	_	_	_	_
217-15	BZ001	217	15	incontrare,	incontrare	_	_	_	_	_	linguistic	_	none	Intonation=WeaklyRising	_	_	_	_	_
217-16	BZ001	217	16	ce	ce	_	_	_	_	_	linguistic	_	none	_	_	_	_	_	_
217-17	BZ001	217	17	n'	n'	_	_	_	_	_	linguistic	_	none	SpaceAfter=No	_	_	_	_	_
217-18	BZ001	217	18	è	è	_	_	_	_	_	linguistic	_	none	_	_	_	_	_	_
217-19	BZ001	217	19	qualcuna	qualcuna	_	_	_	_	_	linguistic	_	none	_	_	_	_	_	_
217-20	BZ001	217	20	che	che	_	_	_	_	_	linguistic	_	none	_	_	_	_	_	_
217-21	BZ001	217	21	senti	senti	_	_	_	_	_	linguistic	_	none	_	_	_	_	_	_
217-22	BZ001	217	22	più	più	_	_	_	_	_	linguistic	_	none	_	_	_	_	_	_
217-23	BZ001	217	23	tua,	tua	_	_	_	_	_	linguistic	_	none	Intonation=WeaklyRising	_	_	_	_	_
217-24	BZ001	217	24	a	a	_	_	_	_	_	linguistic	_	none	_	_	_	_	_	_
217-25	BZ001	217	25	cui	cui	_	_	_	_	_	linguistic	_	none	_	_	_	_	_	_
217-26	BZ001	217	26	sei	sei	_	_	_	_	_	linguistic	_	none	_	_	_	_	_	_
217-27	BZ001	217	27	più	più	_	_	_	_	_	linguistic	_	none	_	_	_	_	_	_
217-28	BZ001	217	28	legata	legata	_	_	_	_	_	linguistic	_	none	_	_	_	_	_	_
217-29	BZ001	217	29	per	per	_	_	_	_	_	linguistic	_	none	_	_	_	_	_	_
217-30	BZ001	217	30	qualche	qualche	_	_	_	_	_	linguistic	_	none	_	_	_	_	_	_
217-31	BZ001	217	31	motivo	motivo	_	_	_	_	_	linguistic	_	none	_	_	_	_	_	_
217-32	BZ001	217	32	altre	altre	_	_	_	_	_	linguistic	_	none	_	_	_	_	_	_
217-33	BZ001	217	33	che	che	_	_	_	_	_	linguistic	_	none	_	_	_	_	_	_
217-34	BZ001	217	34	magari	magari	_	_	_	_	_	linguistic	_	none	_	_	_	_	_	_
217-35	BZ001	217	35	le	le	_	_	_	_	_	linguistic	_	none	_	_	_	_	_	_
217-36	BZ001	217	36	vedi	vedi	_	_	_	_	_	linguistic	_	none	_	_	_	_	_	_
217-37	BZ001	217	37	più	più	_	_	_	_	_	linguistic	_	none	_	_	_	_	_	_
217-38	BZ001	217	38	come	come	_	_	_	_	_	linguistic	_	none	_	_	_	_	_	_
217-39	BZ001	217	39	un	un	_	_	_	_	_	linguistic	_	none	_	_	_	_	_	_
217-40	BZ001	217	40	obbligo	obbligo	_	_	_	_	_	linguistic	_	none	_	_	_	_	_	_
217-41	BZ001	217	41	ma,	ma	_	_	_	_	_	linguistic	_	none	Intonation=WeaklyRising|PauseAfter=Yes	_	_	_	_	_
217-42	BZ001	217	42	(.)	(.)	_	_	_	_	_	shortpause	_	none	_	_	_	_	_	_
217-43	BZ001	217	43	più	più	_	_	_	_	_	linguistic	_	none	_	_	_	_	_	_
217-44	BZ001	217	44	distanti,	distanti	_	_	_	_	_	linguistic	_	none	Intonation=WeaklyRising	End=748.08	_	_	_	_
218-0	BZ002	218	0	mh::	mh	_	_	_	_	_	linguistic	_	none	_	Begin=748.142	1x2	_	_	_
218-1	BZ002	218	1	ma	ma	_	_	_	_	_	linguistic	_	none	_	_	_	_	_	_
218-2	BZ002	218	2	u-	u-	_	_	_	_	_	linguistic	_	none	Interrupted=Yes	_	_	_	_	_
218-3	BZ002	218	3	un	un	_	_	_	_	_	linguistic	_	none	_	_	_	_	_	_
218-4	BZ002	218	4	obbligo	obbligo	_	_	_	_	_	linguistic	_	none	_	_	_	_	_	_
218-5	BZ002	218	5	un	un	_	_	_	_	_	linguistic	_	none	_	_	_	_	_	_
218-6	BZ002	218	6	po'	po'	_	_	_	_	_	linguistic	_	none	_	_	_	_	_	_
218-7	BZ002	218	7	il	il	_	_	_	_	_	linguistic	_	none	_	_	_	_	_	_
218-8	BZ002	218	8	tedesco	tedesco	_	_	_	_	_	linguistic	_	none	_	_	_	_	_	_
218-9	BZ002	218	9	nel	nel	_	_	_	_	_	linguistic	_	none	_	_	_	_	_	_
218-10	BZ002	218	10	senso	senso	_	_	_	_	_	linguistic	_	none	_	_	_	_	_	_
218-11	BZ002	218	11	non	non	_	_	_	_	_	linguistic	_	none	_	_	_	_	_	_
218-12	BZ002	218	12	è	è	_	_	_	_	_	linguistic	_	none	_	_	_	_	_	_
218-13	BZ002	218	13	una	una	_	_	_	_	_	linguistic	_	none	_	_	_	_	_	_
218-14	BZ002	218	14	lingua	lingua	_	_	_	_	_	linguistic	_	none	_	_	_	_	_	_
218-15	BZ002	218	15	che	che	_	_	_	_	_	linguistic	_	none	_	_	_	_	_	_
218-16	BZ002	218	16	se	se	_	_	_	_	_	linguistic	_	none	_	_	_	_	_	_
218-17	BZ002	218	17	io	io	_	_	_	_	_	linguistic	_	none	_	_	_	_	_	_
218-18	BZ002	218	18	non	non	_	_	_	_	_	linguistic	_	none	_	_	_	_	_	_
218-19	BZ002	218	19	avessi	avessi	_	_	_	_	_	linguistic	_	none	_	_	_	_	_	_
218-20	BZ002	218	20	dovuto	dovuto	_	_	_	_	_	linguistic	_	none	_	_	_	_	_	_
218-21	BZ002	218	21	studiare	studiare	_	_	_	_	_	linguistic	_	none	_	_	_	_	_	_
218-22	BZ002	218	22	pen[so	penso	_	_	_	_	_	linguistic	_	none	_	_	_	_	_	3-5(47)
218-23	BZ002	218	23	mi]	mi	_	_	_	_	_	linguistic	_	none	_	_	_	_	_	0-2(47)
218-24	BZ002	218	24	sarei	sarei	_	_	_	_	_	linguistic	_	none	_	_	_	_	_	_
218-25	BZ002	218	25	mai	mai	_	_	_	_	_	linguistic	_	none	_	_	_	_	_	_
218-26	BZ002	218	26	messa,	messa	_	_	_	_	_	linguistic	_	none	Intonation=WeaklyRising	End=756.242	_	_	_	_
219-0	BZ001	219	0	[mh].	mh	_	_	_	_	_	linguistic	_	none	Intonation=Falling	Begin=754.762|End=755.102	_	_	_	0-2(47)
220-0	BZ002	220	0	ad	ad	_	_	_	_	_	linguistic	_	none	_	Begin=756.857	_	_	_	_
220-1	BZ002	220	1	imparare	imparare	_	_	_	_	_	linguistic	_	none	_	_	_	_	_	_
220-2	BZ002	220	2	perché	perché	_	_	_	_	_	linguistic	_	none	_	_	_	_	_	_
220-3	BZ002	220	3	non	non	_	_	_	_	_	linguistic	_	none	_	_	_	_	_	_
220-4	BZ002	220	4	mi	mi	_	_	_	_	_	linguistic	_	none	_	_	_	_	_	_
220-5	BZ002	220	5	piace	piace	_	_	_	_	_	linguistic	_	none	_	_	_	_	_	_
220-6	BZ002	220	6	ma	ma	_	_	_	_	_	linguistic	_	none	_	_	_	_	_	_
220-7	BZ002	220	7	infatti	infatti	_	_	_	_	_	linguistic	_	none	_	_	_	_	_	_
220-8	BZ002	220	8	faccio	faccio	_	_	_	_	_	linguistic	_	none	_	_	_	_	_	_
220-9	BZ002	220	9	proprio	proprio	_	_	_	_	_	linguistic	_	none	_	_	_	_	_	_
220-10	BZ002	220	10	fatica,	fatica	_	_	_	_	_	linguistic	_	none	Intonation=WeaklyRising	End=760.087	_	_	_	_
221-0	BZ002	221	0	a	a	_	_	_	_	_	linguistic	_	none	_	Begin=760.897	_	_	_	_
221-1	BZ002	221	1	a	a	_	_	_	_	_	linguistic	_	none	_	_	_	_	_	_
221-2	BZ002	221	2	imparare	imparare	_	_	_	_	_	linguistic	_	none	_	_	_	_	_	_
221-3	BZ002	221	3	le	le	_	_	_	_	_	linguistic	_	none	_	_	_	_	_	_
221-4	BZ002	221	4	cose	cose	_	_	_	_	_	linguistic	_	none	_	_	_	_	_	_
221-5	BZ002	221	5	a	a	_	_	_	_	_	linguistic	_	none	_	_	_	_	_	_
221-6	BZ002	221	6	ricordarle	ricordarle	_	_	_	_	_	linguistic	_	none	_	_	_	_	_	_
221-7	BZ002	221	7	a	a	_	_	_	_	_	linguistic	_	none	_	_	_	_	_	_
221-8	BZ002	221	8	parlarle.	parlarle	_	_	_	_	_	linguistic	_	none	Intonation=Falling	_	_	_	_	_
221-9	BZ002	221	9	nel	nel	_	_	_	_	_	linguistic	_	none	_	_	_	_	_	_
221-10	BZ002	221	10	senso	senso	_	_	_	_	_	linguistic	_	none	_	_	_	_	_	_
221-11	BZ002	221	11	s-	s-	_	_	_	_	_	linguistic	_	none	Interrupted=Yes	End=764.387	_	_	_	_
222-0	BZ002	222	0	faccio	faccio	_	_	_	_	_	linguistic	_	none	_	Begin=765.293	_	_	_	_
222-1	BZ002	222	1	meno	meno	_	_	_	_	_	linguistic	_	none	_	_	_	_	_	_
222-2	BZ002	222	2	fatica	fatica	_	_	_	_	_	linguistic	_	none	_	_	_	_	_	_
222-3	BZ002	222	3	e	e	_	_	_	_	_	linguistic	_	none	_	_	_	_	_	_
222-4	BZ002	222	4	lo	lo	_	_	_	_	_	linguistic	_	none	_	_	_	_	_	_
222-5	BZ002	222	5	faccio	faccio	_	_	_	_	_	linguistic	_	none	_	_	_	_	_	_
222-6	BZ002	222	6	più	più	_	_	_	_	_	linguistic	_	none	_	_	_	_	_	_
222-7	BZ002	222	7	volentieri	volentieri	_	_	_	_	_	linguistic	_	none	_	_	_	_	_	_
222-8	BZ002	222	8	a	a	_	_	_	_	_	linguistic	_	none	_	_	_	_	_	_
222-9	BZ002	222	9	studiare	studiare	_	_	_	_	_	linguistic	_	none	_	_	_	_	_	_
222-10	BZ002	222	10	il	il	_	_	_	_	_	linguistic	_	none	_	_	_	_	_	_
222-11	BZ002	222	11	cinese,	cinese	_	_	_	_	_	linguistic	_	none	Intonation=WeaklyRising|PauseAfter=Yes	_	_	_	_	_
222-12	BZ002	222	12	(.)	(.)	_	_	_	_	_	shortpause	_	none	_	_	_	_	_	_
222-13	BZ002	222	13	che	che	_	_	_	_	_	linguistic	_	none	_	_	_	_	_	_
222-14	BZ002	222	14	a	a	_	_	_	_	_	linguistic	_	none	_	_	_	_	_	_
222-15	BZ002	222	15	migliorare	migliorare	_	_	_	_	_	linguistic	_	none	_	_	_	_	_	_
222-16	BZ002	222	16	il	il	_	_	_	_	_	linguistic	_	none	_	_	_	_	_	_
222-17	BZ002	222	17	mio	mio	_	_	_	_	_	linguistic	_	none	_	_	_	_	_	_
222-18	BZ002	222	18	tedesco.	tedesco	_	_	_	_	_	linguistic	_	none	Intonation=Falling	_	_	_	_	_
222-19	BZ002	222	19	che	che	_	_	_	_	_	linguistic	_	none	_	_	_	_	_	_
222-20	BZ002	222	20	comunque	comunque	_	_	_	_	_	linguistic	_	none	_	_	_	_	_	_
222-21	BZ002	222	21	è	è	_	_	_	_	_	linguistic	_	none	_	_	_	_	_	_
222-22	BZ002	222	22	sicuramente	sicuramente	_	_	_	_	_	linguistic	_	none	_	_	_	_	_	_
222-23	BZ002	222	23	già	già	_	_	_	_	_	linguistic	_	none	_	_	_	_	_	_
222-24	BZ002	222	24	più	più	_	_	_	_	_	linguistic	_	none	_	_	_	_	_	_
222-25	BZ002	222	25	alto	alto	_	_	_	_	_	linguistic	_	none	_	_	_	_	_	_
222-26	BZ002	222	26	del	del	_	_	_	_	_	linguistic	_	none	_	_	_	_	_	_
222-27	BZ002	222	27	cinese.	cinese	_	_	_	_	_	linguistic	_	none	Intonation=Falling	_	_	_	_	_
222-28	BZ002	222	28	non	non	_	_	_	_	_	linguistic	_	none	_	_	_	_	_	_
222-29	BZ002	222	29	è	è	_	_	_	_	_	linguistic	_	none	_	_	_	_	_	_
222-30	BZ002	222	30	una	una	_	_	_	_	_	linguistic	_	none	_	_	_	_	_	_
222-31	BZ002	222	31	lingua	lingua	_	_	_	_	_	linguistic	_	none	_	_	_	_	_	_
222-32	BZ002	222	32	che	che	_	_	_	_	_	linguistic	_	none	_	_	_	_	_	_
222-33	BZ002	222	33	mi	mi	_	_	_	_	_	linguistic	_	none	_	_	_	_	_	_
222-34	BZ002	222	34	piace	piace	_	_	_	_	_	linguistic	_	none	_	_	_	_	_	_
222-35	BZ002	222	35	quindi	quindi	_	_	_	_	_	linguistic	_	none	_	_	_	_	_	_
222-36	BZ002	222	36	quello	quello	_	_	_	_	_	linguistic	_	none	_	_	_	_	_	_
222-37	BZ002	222	37	è	è	_	_	_	_	_	linguistic	_	none	_	_	_	_	_	_
222-38	BZ002	222	38	più	più	_	_	_	_	_	linguistic	_	none	_	_	_	_	_	_
222-39	BZ002	222	39	un	un	_	_	_	_	_	linguistic	_	none	_	_	_	_	_	_
222-40	BZ002	222	40	obbligo.	obbligo	_	_	_	_	_	linguistic	_	none	Intonation=Falling	End=774.903	_	_	_	_
223-0	BZ002	223	0	l'	l'	_	_	_	_	_	linguistic	_	none	SpaceAfter=No	Begin=775.733	_	_	_	_
223-1	BZ002	223	1	inglese	inglese	_	_	_	_	_	linguistic	_	none	_	_	_	_	_	_
223-2	BZ002	223	2	invece	invece	_	_	_	_	_	linguistic	_	none	_	_	_	_	_	_
223-3	BZ002	223	3	no,	no	_	_	_	_	_	linguistic	_	none	Intonation=WeaklyRising	_	_	_	_	_
223-4	BZ002	223	4	mi	mi	_	_	_	_	_	linguistic	_	none	_	_	_	_	_	_
223-5	BZ002	223	5	è	è	_	_	_	_	_	linguistic	_	none	_	_	_	_	_	_
223-6	BZ002	223	6	sempre	sempre	_	_	_	_	_	linguistic	_	none	_	_	_	_	_	_
223-7	BZ002	223	7	piaciuto	piaciuto	_	_	_	_	_	linguistic	_	none	_	_	_	_	_	_
223-8	BZ002	223	8	ma	ma	_	_	_	_	_	linguistic	_	none	_	_	_	_	_	_
223-9	BZ002	223	9	da	da	_	_	_	_	_	linguistic	_	none	_	_	_	_	_	_
223-10	BZ002	223	10	quando::	quando	_	_	_	_	_	linguistic	_	none	_	_	5x2	_	_	_
223-11	BZ002	223	11	sono	sono	_	_	_	_	_	linguistic	_	none	_	_	_	_	_	_
223-12	BZ002	223	12	piccola	piccola	_	_	_	_	_	linguistic	_	none	_	_	_	_	_	_
223-13	BZ002	223	13	che	che	_	_	_	_	_	linguistic	_	none	_	_	_	_	_	_
223-14	BZ002	223	14	mh	mh	_	_	_	_	_	linguistic	_	none	_	_	_	_	_	_
223-15	BZ002	223	15	m-	m-	_	_	_	_	_	linguistic	_	none	Interrupted=Yes	_	_	_	_	_
223-16	BZ002	223	16	mi	mi	_	_	_	_	_	linguistic	_	none	_	_	_	_	_	_
223-17	BZ002	223	17	è	è	_	_	_	_	_	linguistic	_	none	_	_	_	_	_	_
223-18	BZ002	223	18	sempre	sempre	_	_	_	_	_	linguistic	_	none	_	_	_	_	_	_
223-19	BZ002	223	19	piaciuto	piaciuto	_	_	_	_	_	linguistic	_	none	_	_	_	_	_	_
223-20	BZ002	223	20	quindi	quindi	_	_	_	_	_	linguistic	_	none	_	_	_	_	_	_
223-21	BZ002	223	21	l'	l'	_	_	_	_	_	linguistic	_	none	SpaceAfter=No	_	_	_	_	_
223-22	BZ002	223	22	ho	ho	_	_	_	_	_	linguistic	_	none	_	_	_	_	_	_
223-23	BZ002	223	23	studiato	studiato	_	_	_	_	_	linguistic	_	none	_	_	_	_	_	_
223-24	BZ002	223	24	sempre	sempre	_	_	_	_	_	linguistic	_	none	_	_	_	_	_	_
223-25	BZ002	223	25	volentieri,	volentieri	_	_	_	_	_	linguistic	_	none	Intonation=WeaklyRising	End=783.253	_	_	_	_
224-0	BZ002	224	0	e:	e	_	_	_	_	_	linguistic	_	none	_	Begin=783.813	0x1	_	_	_
224-1	BZ002	224	1	il	il	_	_	_	_	_	linguistic	_	none	_	_	_	_	_	_
224-2	BZ002	224	2	cinese	cinese	_	_	_	_	_	linguistic	_	none	_	_	_	_	_	_
224-3	BZ002	224	3	e	e	_	_	_	_	_	linguistic	_	none	_	_	_	_	_	_
224-4	BZ002	224	4	una	una	_	_	_	_	_	linguistic	_	none	_	_	_	_	_	_
224-5	BZ002	224	5	mia	mia	_	_	_	_	_	linguistic	_	none	_	_	_	_	_	_
224-6	BZ002	224	6	scelta	scelta	_	_	_	_	_	linguistic	_	none	_	_	_	_	_	_
224-7	BZ002	224	7	quindi	quindi	_	_	_	_	_	linguistic	_	none	_	End=785.95	_	_	_	_
225-0	BZ002	225	0	volentieri	volentieri	_	_	_	_	_	linguistic	_	none	_	Begin=787.263	_	_	_	_
225-1	BZ002	225	1	anche	anche	_	_	_	_	_	linguistic	_	none	_	_	_	_	_	_
225-2	BZ002	225	2	quella.	quella	_	_	_	_	_	linguistic	_	none	Intonation=Falling	End=788.323	_	_	_	_
226-0	BZ001	226	0	che	che	_	_	_	_	_	linguistic	_	none	_	Begin=788.638	_	_	_	_
226-1	BZ001	226	1	adesso	adesso	_	_	_	_	_	linguistic	_	none	_	_	_	_	_	_
226-2	BZ001	226	2	vanno	vanno	_	_	_	_	_	linguistic	_	none	_	_	_	_	_	_
226-3	BZ001	226	3	anche	anche	_	_	_	_	_	linguistic	_	none	_	_	_	_	_	_
226-4	BZ001	226	4	ne-	ne-	_	_	_	_	_	linguistic	_	none	Interrupted=Yes	_	_	_	_	_
226-5	BZ001	226	5	per	per	_	_	_	_	_	linguistic	_	none	_	_	_	_	_	_
226-6	BZ001	226	6	la	la	_	_	_	_	_	linguistic	_	none	_	_	_	_	_	_
226-7	BZ001	226	7	tua	tua	_	_	_	_	_	linguistic	_	none	_	_	_	_	_	_
226-8	BZ001	226	8	carriera	carriera	_	_	_	_	_	linguistic	_	none	_	_	_	_	_	_
226-9	BZ001	226	9	futura:	futura	_	_	_	_	_	linguistic	_	none	_	_	5x1	_	_	_
226-10	BZ001	226	10	di	di	_	_	_	_	_	linguistic	_	none	_	_	_	_	_	_
226-11	BZ001	226	11	da	da	_	_	_	_	_	linguistic	_	none	_	_	_	_	_	_
226-12	BZ001	226	12	youtuber.	youtuber	_	_	_	_	_	linguistic	_	none	Intonation=Falling	_	_	_	_	_
226-13	BZ001	226	13	((ride))	((ride))	_	_	_	_	_	nonverbalbehavior	_	none	PauseAfter=Yes	_	_	_	_	_
226-14	BZ001	226	14	(.)	(.)	_	_	_	_	_	shortpause	_	none	_	_	_	_	_	_
226-15	BZ001	226	15	ci	ci	_	_	_	_	_	linguistic	_	none	_	_	_	_	_	_
226-16	BZ001	226	16	sono	sono	_	_	_	_	_	linguistic	_	none	_	_	_	_	_	_
226-17	BZ001	226	17	gli	gli	_	_	_	_	_	linguistic	_	none	_	_	_	_	_	_
226-18	BZ001	226	18	youtuber	youtuber	_	_	_	_	_	linguistic	_	none	_	_	_	_	_	_
226-19	BZ001	226	19	che	che	_	_	_	_	_	linguistic	_	none	_	_	_	_	_	_
226-20	BZ001	226	20	dicono	dicono	_	_	_	_	_	linguistic	_	none	_	_	_	_	_	_
226-21	BZ001	226	21	tipo	tipo	_	_	_	_	_	linguistic	_	none	_	_	_	_	_	_
226-22	BZ001	226	22	imparo	imparo	_	_	_	_	_	linguistic	_	none	_	_	_	_	_	_
226-23	BZ001	226	23	la	la	_	_	_	_	_	linguistic	_	none	_	_	_	_	_	_
226-24	BZ001	226	24	lingua	lingua	_	_	_	_	_	linguistic	_	none	_	_	_	_	_	_
226-25	BZ001	226	25	[in	in	_	_	_	_	_	linguistic	_	none	_	_	_	_	_	0-2(48)
226-26	BZ001	226	26	una	una	_	_	_	_	_	linguistic	_	none	_	_	_	_	_	0-3(48)
226-27	BZ001	226	27	settimana,	settimana	_	_	_	_	_	linguistic	_	none	Intonation=WeaklyRising	_	_	_	_	0-9(48)
226-28	BZ001	226	28	non	non	_	_	_	_	_	linguistic	_	none	_	_	_	_	_	0-3(48)
226-29	BZ001	226	29	so	so	_	_	_	_	_	linguistic	_	none	_	_	_	_	_	0-2(48)
226-30	BZ001	226	30	se	se	_	_	_	_	_	linguistic	_	none	_	_	_	_	_	0-2(48)
226-31	BZ001	226	31	hai	hai	_	_	_	_	_	linguistic	_	none	_	_	_	_	_	0-3(48)
226-32	BZ001	226	32	visto	visto	_	_	_	_	_	linguistic	_	none	_	_	_	_	_	0-5(48)
226-33	BZ001	226	33	no]?	no	_	_	_	_	_	linguistic	_	none	Intonation=Rising	End=796.428	_	_	_	0-2(48)
227-0	BZ002	227	0	[ah	ah	_	_	_	_	_	linguistic	_	none	_	Begin=794.958	_	_	_	0-2(48)
227-1	BZ002	227	1	sì	sì	_	_	_	_	_	linguistic	_	none	_	_	_	_	_	0-2(48)
227-2	BZ002	227	2	sì	sì	_	_	_	_	_	linguistic	_	none	_	_	_	_	_	0-2(48)
227-3	BZ002	227	3	sì	sì	_	_	_	_	_	linguistic	_	none	_	_	_	_	_	0-2(48)
227-4	BZ002	227	4	sì].	sì	_	_	_	_	_	linguistic	_	none	Intonation=Falling	End=796.408	_	_	_	0-2(48)
228-0	BZ001	228	0	eh	eh	_	_	_	_	_	linguistic	_	none	_	Begin=796.763	_	_	_	_
228-1	BZ001	228	1	sono:,	sono	_	_	_	_	_	linguistic	_	none	Intonation=WeaklyRising|PauseAfter=Yes	_	3x1	_	_	_
228-2	BZ001	228	2	(.)	(.)	_	_	_	_	_	shortpause	_	none	_	_	_	_	_	_
228-3	BZ001	228	3	ma	ma	_	_	_	_	_	linguistic	_	none	_	_	_	_	_	_
228-4	BZ001	228	4	perché	perché	_	_	_	_	_	linguistic	_	none	_	_	_	_	_	_
228-5	BZ001	228	5	probabilmente	probabilmente	_	_	_	_	_	linguistic	_	none	_	_	_	_	_	_
228-6	BZ001	228	6	cambia	cambia	_	_	_	_	_	linguistic	_	none	_	_	_	_	_	_
228-7	BZ001	228	7	completamente	completamente	_	_	_	_	_	linguistic	_	none	_	_	_	_	_	_
228-8	BZ001	228	8	il	il	_	_	_	_	_	linguistic	_	none	_	_	_	_	_	_
228-9	BZ001	228	9	rapporto	rapporto	_	_	_	_	_	linguistic	_	none	_	_	_	_	_	_
228-10	BZ001	228	10	che	che	_	_	_	_	_	linguistic	_	none	_	_	_	_	_	_
228-11	BZ001	228	11	hai	hai	_	_	_	_	_	linguistic	_	none	_	_	_	_	_	_
228-12	BZ001	228	12	con	con	_	_	_	_	_	linguistic	_	none	_	_	_	_	_	_
228-13	BZ001	228	13	una	una	_	_	_	_	_	linguistic	_	none	_	_	_	_	_	_
228-14	BZ001	228	14	lingua	lingua	_	_	_	_	_	linguistic	_	none	_	_	_	_	_	_
228-15	BZ001	228	15	se,	se	_	_	_	_	_	linguistic	_	none	Intonation=WeaklyRising|PauseAfter=Yes	_	_	_	_	_
228-16	BZ001	228	16	(.)	(.)	_	_	_	_	_	shortpause	_	none	_	_	_	_	_	_
228-17	BZ001	228	17	mh	mh	_	_	_	_	_	linguistic	_	none	PauseAfter=Yes	_	_	_	_	_
228-18	BZ001	228	18	(.)	(.)	_	_	_	_	_	shortpause	_	none	_	_	_	_	_	_
228-19	BZ001	228	19	il	il	_	_	_	_	_	linguistic	_	none	_	_	_	_	_	_
228-20	BZ001	228	20	desiderio	desiderio	_	_	_	_	_	linguistic	_	none	_	_	_	_	_	_
228-21	BZ001	228	21	di	di	_	_	_	_	_	linguistic	_	none	_	_	_	_	_	_
228-22	BZ001	228	22	apprenderla,	apprenderla	_	_	_	_	_	linguistic	_	none	Intonation=WeaklyRising|PauseAfter=Yes	_	_	_	_	_
228-23	BZ001	228	23	(.)	(.)	_	_	_	_	_	shortpause	_	none	_	_	_	_	_	_
228-24	BZ001	228	24	appunto	appunto	_	_	_	_	_	linguistic	_	none	_	_	_	_	_	_
228-25	BZ001	228	25	è	è	_	_	_	_	_	linguistic	_	none	_	_	_	_	_	_
228-26	BZ001	228	26	un	un	_	_	_	_	_	linguistic	_	none	_	_	_	_	_	_
228-27	BZ001	228	27	desi[derio	desiderio	_	_	_	_	_	linguistic	_	none	_	_	_	_	_	4-9(49)
228-28	BZ001	228	28	o	o	_	_	_	_	_	linguistic	_	none	_	_	_	_	_	0-1(49)
228-29	BZ001	228	29	se	se	_	_	_	_	_	linguistic	_	none	_	_	_	_	_	0-2(49)
228-30	BZ001	228	30	invece	invece	_	_	_	_	_	linguistic	_	none	_	_	_	_	_	0-6(49)
228-31	BZ001	228	31	in	in	_	_	_	_	_	linguistic	_	none	_	_	_	_	_	0-2(49)
228-32	BZ001	228	32	qualche	qualche	_	_	_	_	_	linguistic	_	none	_	_	_	_	_	0-7(49)
228-33	BZ001	228	33	modo	modo	_	_	_	_	_	linguistic	_	none	_	_	_	_	_	0-4(49)
228-34	BZ001	228	34	è	è	_	_	_	_	_	linguistic	_	none	_	_	_	_	_	0-1(49)
228-35	BZ001	228	35	imposto	imposto	_	_	_	_	_	linguistic	_	none	_	_	_	_	_	0-7(49)
228-36	BZ001	228	36	no]?	no	_	_	_	_	_	linguistic	_	none	Intonation=Rising	End=806.713	_	_	_	0-2(49)
229-0	BZ002	229	0	[sì,	sì	_	_	_	_	_	linguistic	_	none	Intonation=WeaklyRising|PauseAfter=Yes	Begin=804.793	_	_	_	0-2(49)
229-1	BZ002	229	1	(.)	(.)	_	_	_	_	_	shortpause	_	none	_	_	_	_	_	_
229-2	BZ002	229	2	sì	sì	_	_	_	_	_	linguistic	_	none	_	_	_	_	_	0-2(49)
229-3	BZ002	229	3	sì	sì	_	_	_	_	_	linguistic	_	none	_	_	_	_	_	0-2(49)
229-4	BZ002	229	4	sì	sì	_	_	_	_	_	linguistic	_	none	_	_	_	_	_	0-2(49)
229-5	BZ002	229	5	sì].	sì	_	_	_	_	_	linguistic	_	none	Intonation=Falling	End=806.703	_	_	_	0-2(49)
230-0	BZ001	230	0	qui	qui	_	_	_	_	_	linguistic	_	none	_	Begin=807.593	_	_	_	_
230-1	BZ001	230	1	si	si	_	_	_	_	_	linguistic	_	none	_	_	_	_	_	_
230-2	BZ001	230	2	sente	sente	_	_	_	_	_	linguistic	_	none	_	_	_	_	_	_
230-3	BZ001	230	3	molto	molto	_	_	_	_	_	linguistic	_	none	_	_	_	_	_	_
230-4	BZ001	230	4	questa	questa	_	_	_	_	_	linguistic	_	none	_	_	_	_	_	_
230-5	BZ001	230	5	cosa	cosa	_	_	_	_	_	linguistic	_	none	_	_	_	_	_	_
230-6	BZ001	230	6	cioè	cioè	_	_	_	_	_	linguistic	_	none	_	_	_	_	_	_
230-7	BZ001	230	7	tanti	tanti	_	_	_	_	_	linguistic	_	none	_	_	_	_	_	_
230-8	BZ001	230	8	dicono	dicono	_	_	_	_	_	linguistic	_	none	_	_	_	_	_	_
230-9	BZ001	230	9	che	che	_	_	_	_	_	linguistic	_	none	_	_	_	_	_	_
230-10	BZ001	230	10	il	il	_	_	_	_	_	linguistic	_	none	_	_	_	_	_	_
230-11	BZ001	230	11	desiderio	desiderio	_	_	_	_	_	linguistic	_	none	_	_	_	_	_	_
230-12	BZ001	230	12	hanno	hanno	_	_	_	_	_	linguistic	_	none	_	_	_	_	_	_
230-13	BZ001	230	13	difficoltà	difficoltà	_	_	_	_	_	linguistic	_	none	_	_	_	_	_	_
230-14	BZ001	230	14	magari	magari	_	_	_	_	_	linguistic	_	none	_	_	_	_	_	_
230-15	BZ001	230	15	a	a	_	_	_	_	_	linguistic	_	none	_	_	_	_	_	_
230-16	BZ001	230	16	parlarlo,	parlarlo	_	_	_	_	_	linguistic	_	none	Intonation=WeaklyRising	End=811.913	_	_	_	_
231-0	BZ001	231	0	eh::	eh	_	_	_	_	_	linguistic	_	none	_	Begin=812.343|End=812.933	1x2	_	_	_
232-0	BZ001	232	0	proprio	proprio	_	_	_	_	_	linguistic	_	none	_	Begin=813.213	_	_	_	_
232-1	BZ001	232	1	perché	perché	_	_	_	_	_	linguistic	_	none	_	_	_	_	_	_
232-2	BZ001	232	2	l'	l'	_	_	_	_	_	linguistic	_	none	SpaceAfter=No	_	_	_	_	_
232-3	BZ001	232	3	hanno	hanno	_	_	_	_	_	linguistic	_	none	_	_	_	_	_	_
232-4	BZ001	232	4	sempre	sempre	_	_	_	_	_	linguistic	_	none	_	_	_	_	_	_
232-5	BZ001	232	5	[solo	solo	_	_	_	_	_	linguistic	_	none	_	_	_	_	_	0-4(50)
232-6	BZ001	232	6	studiato	studiato	_	_	_	_	_	linguistic	_	none	_	_	_	_	_	0-8(50)
232-7	BZ001	232	7	a	a	_	_	_	_	_	linguistic	_	none	_	_	_	_	_	0-1(50)
232-8	BZ001	232	8	scuola].	scuola	_	_	_	_	_	linguistic	_	none	Intonation=Falling	End=815.223	_	_	_	0-6(50)
233-0	BZ002	233	0	[sì	sì	_	_	_	_	_	linguistic	_	none	_	Begin=814.033	_	_	_	0-2(50)
233-1	BZ002	233	1	perché],	perché	_	_	_	_	_	linguistic	_	none	Intonation=WeaklyRising	End=815.203	_	_	_	0-6(50)
234-0	BZ001	234	0	e	e	_	_	_	_	_	linguistic	_	none	_	Begin=815.923	_	_	_	_
234-1	BZ001	234	1	dialetti	dialetti	_	_	_	_	_	linguistic	_	none	_	_	_	_	_	_
234-2	BZ001	234	2	di	di	_	_	_	_	_	linguistic	_	none	_	_	_	_	_	_
234-3	BZ001	234	3	qui	qui	_	_	_	_	_	linguistic	_	none	_	_	_	_	_	_
234-4	BZ001	234	4	ne	ne	_	_	_	_	_	linguistic	_	none	_	_	_	_	_	_
234-5	BZ001	234	5	parli?	parli	_	_	_	_	_	linguistic	_	none	Intonation=Rising	End=817.403	_	_	_	_
235-0	BZ002	235	0	no.	no	_	_	_	_	_	linguistic	_	none	Intonation=Falling|PauseAfter=Yes	Begin=817.478	_	_	_	_
235-1	BZ002	235	1	(.)	(.)	_	_	_	_	_	shortpause	_	none	_	_	_	_	_	_
235-2	BZ002	235	2	zero	zero	_	_	_	_	_	linguistic	_	none	_	_	_	_	_	_
235-3	BZ002	235	3	niente	niente	_	_	_	_	_	linguistic	_	none	_	_	_	_	_	_
235-4	BZ002	235	4	ma	ma	_	_	_	_	_	linguistic	_	none	_	_	_	_	_	_
235-5	BZ002	235	5	mh:	mh	_	_	_	_	_	linguistic	_	none	_	_	1x1	_	_	_
235-6	BZ002	235	6	anche	anche	_	_	_	_	_	linguistic	_	none	_	_	_	_	_	_
235-7	BZ002	235	7	adesso	adesso	_	_	_	_	_	linguistic	_	none	_	_	_	_	_	_
235-8	BZ002	235	8	lavorando	lavorando	_	_	_	_	_	linguistic	_	none	_	_	_	_	_	_
235-9	BZ002	235	9	faccio	faccio	_	_	_	_	_	linguistic	_	none	_	_	_	_	_	_
235-10	BZ002	235	10	u-	u-	_	_	_	_	_	linguistic	_	none	Interrupted=Yes	_	_	_	_	_
235-11	BZ002	235	11	un	un	_	_	_	_	_	linguistic	_	none	_	_	_	_	_	_
235-12	BZ002	235	12	po'	po'	_	_	_	_	_	linguistic	_	none	_	_	_	_	_	_
235-13	BZ002	235	13	fatica	fatica	_	_	_	_	_	linguistic	_	none	_	_	_	_	_	_
235-14	BZ002	235	14	a:	a	_	_	_	_	_	linguistic	_	none	_	End=823.838	0x1	_	_	_
236-0	BZ002	236	0	a	a	_	_	_	_	_	linguistic	_	none	_	Begin=824.306	_	_	_	_
236-1	BZ002	236	1	comprenderlo	comprenderlo	_	_	_	_	_	linguistic	_	none	_	_	_	_	_	_
236-2	BZ002	236	2	nel	nel	_	_	_	_	_	linguistic	_	none	_	_	_	_	_	_
236-3	BZ002	236	3	senso	senso	_	_	_	_	_	linguistic	_	none	_	_	_	_	_	_
236-4	BZ002	236	4	se	se	_	_	_	_	_	linguistic	_	none	_	_	_	_	_	_
236-5	BZ002	236	5	mi	mi	_	_	_	_	_	linguistic	_	none	_	_	_	_	_	_
236-6	BZ002	236	6	impegno	impegno	_	_	_	_	_	linguistic	_	none	_	_	_	_	_	_
236-7	BZ002	236	7	cerco	cerco	_	_	_	_	_	linguistic	_	none	_	_	_	_	_	_
236-8	BZ002	236	8	di	di	_	_	_	_	_	linguistic	_	none	_	_	_	_	_	_
236-9	BZ002	236	9	migliorare	migliorare	_	_	_	_	_	linguistic	_	none	_	_	_	_	_	_
236-10	BZ002	236	10	le	le	_	_	_	_	_	linguistic	_	none	_	_	_	_	_	_
236-11	BZ002	236	11	tutto	tutto	_	_	_	_	_	linguistic	_	none	_	_	_	_	_	_
236-12	BZ002	236	12	quello	quello	_	_	_	_	_	linguistic	_	none	_	_	_	_	_	_
236-13	BZ002	236	13	che	che	_	_	_	_	_	linguistic	_	none	_	_	_	_	_	_
236-14	BZ002	236	14	conosco	conosco	_	_	_	_	_	linguistic	_	none	_	_	_	_	_	_
236-15	BZ002	236	15	di	di	_	_	_	_	_	linguistic	_	none	_	_	_	_	_	_
236-16	BZ002	236	16	tedesco	tedesco	_	_	_	_	_	linguistic	_	none	_	_	_	_	_	_
236-17	BZ002	236	17	ma	ma	_	_	_	_	_	linguistic	_	none	_	_	_	_	_	_
236-18	BZ002	236	18	studio	studio	_	_	_	_	_	linguistic	_	none	_	_	_	_	_	_
236-19	BZ002	236	19	hochdeutsch	hochdeutsch	_	_	_	_	_	linguistic	_	none	_	_	_	_	_	_
236-20	BZ002	236	20	poi	poi	_	_	_	_	_	linguistic	_	none	_	_	_	_	_	_
236-21	BZ002	236	21	quando	quando	_	_	_	_	_	linguistic	_	none	_	_	_	_	_	_
236-22	BZ002	236	22	sento	sento	_	_	_	_	_	linguistic	_	none	_	_	_	_	_	_
236-23	BZ002	236	23	il	il	_	_	_	_	_	linguistic	_	none	_	_	_	_	_	_
236-24	BZ002	236	24	dialetto	dialetto	_	_	_	_	_	linguistic	_	none	_	_	_	_	_	_
236-25	BZ002	236	25	mi	mi	_	_	_	_	_	linguistic	_	none	_	_	_	_	_	_
236-26	BZ002	236	26	sembra	sembra	_	_	_	_	_	linguistic	_	none	_	_	_	_	_	_
236-27	BZ002	236	27	di	di	_	_	_	_	_	linguistic	_	none	_	_	_	_	_	_
236-28	BZ002	236	28	non	non	_	_	_	_	_	linguistic	_	none	_	_	_	_	_	_
236-29	BZ002	236	29	sa-	sa-	_	_	_	_	_	linguistic	_	none	Interrupted=Yes	_	_	_	_	_
236-30	BZ002	236	30	mh:	mh	_	_	_	_	_	linguistic	_	none	_	_	1x1	_	_	_
236-31	BZ002	236	31	non	non	_	_	_	_	_	linguistic	_	none	_	_	_	_	_	_
236-32	BZ002	236	32	aver	aver	_	_	_	_	_	linguistic	_	none	_	_	_	_	_	_
236-33	BZ002	236	33	mh	mh	_	_	_	_	_	linguistic	_	none	_	_	_	_	_	_
236-34	BZ002	236	34	imparato	imparato	_	_	_	_	_	linguistic	_	none	_	_	_	_	_	_
236-35	BZ002	236	35	niente.	niente	_	_	_	_	_	linguistic	_	none	Intonation=Falling	_	_	_	_	_
236-36	BZ002	236	36	perché	perché	_	_	_	_	_	linguistic	_	none	_	_	_	_	_	_
236-37	BZ002	236	37	faccio	faccio	_	_	_	_	_	linguistic	_	none	_	_	_	_	_	_
236-38	BZ002	236	38	fatica	fatica	_	_	_	_	_	linguistic	_	none	_	_	_	_	_	_
236-39	BZ002	236	39	a	a	_	_	_	_	_	linguistic	_	none	_	_	_	_	_	_
236-40	BZ002	236	40	capire,	capire	_	_	_	_	_	linguistic	_	none	Intonation=WeaklyRising	End=835.986	_	_	_	_
237-0	BZ001	237	0	mh.	mh	_	_	_	_	_	linguistic	_	none	Intonation=Falling	Begin=836.58|End=836.76	_	_	_	_
238-0	BZ002	238	0	i	i	_	_	_	_	_	linguistic	_	none	_	Begin=836.905	_	_	_	_
238-1	BZ002	238	1	dialetti	dialetti	_	_	_	_	_	linguistic	_	none	_	_	_	_	_	_
238-2	BZ002	238	2	qua.	qua	_	_	_	_	_	linguistic	_	none	Intonation=Falling	_	_	_	_	_
238-3	BZ002	238	3	e	e	_	_	_	_	_	linguistic	_	none	_	_	_	_	_	_
238-4	BZ002	238	4	poi	poi	_	_	_	_	_	linguistic	_	none	_	_	_	_	_	_
238-5	BZ002	238	5	lavorando	lavorando	_	_	_	_	_	linguistic	_	none	_	_	_	_	_	_
238-6	BZ002	238	6	ovviamente	ovviamente	_	_	_	_	_	linguistic	_	none	_	_	_	_	_	_
238-7	BZ002	238	7	lavori	lavori	_	_	_	_	_	linguistic	_	none	_	_	_	_	_	_
238-8	BZ002	238	8	solo	solo	_	_	_	_	_	linguistic	_	none	_	_	_	_	_	_
238-9	BZ002	238	9	con	con	_	_	_	_	_	linguistic	_	none	_	_	_	_	_	_
238-10	BZ002	238	10	persone	persone	_	_	_	_	_	linguistic	_	none	_	_	_	_	_	_
238-11	BZ002	238	11	che	che	_	_	_	_	_	linguistic	_	none	_	_	_	_	_	_
238-12	BZ002	238	12	parlano	parlano	_	_	_	_	_	linguistic	_	none	_	_	_	_	_	_
238-13	BZ002	238	13	in	in	_	_	_	_	_	linguistic	_	none	_	_	_	_	_	_
238-14	BZ002	238	14	dialetto	dialetto	_	_	_	_	_	linguistic	_	none	_	_	_	_	_	_
238-15	BZ002	238	15	e	e	_	_	_	_	_	linguistic	_	none	_	_	_	_	_	_
238-16	BZ002	238	16	non,	non	_	_	_	_	_	linguistic	_	none	Intonation=WeaklyRising	End=841.765	_	_	_	_
239-0	BZ001	239	0	>eh	eh	_	_	_	_	_	linguistic	_	none	_	Begin=842.08	_	Fast=0-2(0)	_	_
239-1	BZ001	239	1	infatti	infatti	_	_	_	_	_	linguistic	_	none	_	_	_	Fast=0-7(0)	_	_
239-2	BZ001	239	2	volevo	volevo	_	_	_	_	_	linguistic	_	none	_	_	_	Fast=0-6(0)	_	_
239-3	BZ001	239	3	chiederti	chiederti	_	_	_	_	_	linguistic	_	none	_	_	_	Fast=0-9(0)	_	_
239-4	BZ001	239	4	quello<	quello	_	_	_	_	_	linguistic	_	none	_	_	_	Fast=0-6(0)	_	_
239-5	BZ001	239	5	però	però	_	_	_	_	_	linguistic	_	none	_	_	_	_	_	_
239-6	BZ001	239	6	lavorativamente	lavorativamente	_	_	_	_	_	linguistic	_	none	_	_	_	_	_	_
239-7	BZ001	239	7	sei	sei	_	_	_	_	_	linguistic	_	none	_	_	_	_	_	_
239-8	BZ001	239	8	sempre	sempre	_	_	_	_	_	linguistic	_	none	_	_	_	_	_	_
239-9	BZ001	239	9	riuscita	riuscita	_	_	_	_	_	linguistic	_	none	_	_	_	_	_	_
239-10	BZ001	239	10	[a:	a	_	_	_	_	_	linguistic	_	none	_	_	0x1	_	_	0-1(51)
239-11	BZ001	239	11	arrangiar]ti.	arrangiarti	_	_	_	_	_	linguistic	_	none	Intonation=Falling	End=846.12	_	_	_	0-9(51)
240-0	BZ002	240	0	[sì::]	sì	_	_	_	_	_	linguistic	_	none	PauseAfter=Yes	Begin=845.21	1x2	_	_	0-2(51)
240-1	BZ002	240	1	(.)	(.)	_	_	_	_	_	shortpause	_	none	_	_	_	_	_	_
240-2	BZ002	240	2	sì	sì	_	_	_	_	_	linguistic	_	none	_	_	_	_	_	_
240-3	BZ002	240	3	non	non	_	_	_	_	_	linguistic	_	none	_	_	_	_	_	_
240-4	BZ002	240	4	lo	lo	_	_	_	_	_	linguistic	_	none	_	_	_	_	_	_
240-5	BZ002	240	5	so	so	_	_	_	_	_	linguistic	_	none	_	_	_	_	_	_
240-6	BZ002	240	6	quello,	quello	_	_	_	_	_	linguistic	_	none	Intonation=WeaklyRising	End=847.34	_	_	_	_
241-0	BZ002	241	0	un	un	_	_	_	_	_	linguistic	_	none	_	Begin=847.87	_	_	_	_
241-1	BZ002	241	1	po'	po'	_	_	_	_	_	linguistic	_	none	_	_	_	_	_	_
241-2	BZ002	241	2	mi	mi	_	_	_	_	_	linguistic	_	none	_	_	_	_	_	_
241-3	BZ002	241	3	arrangio	arrangio	_	_	_	_	_	linguistic	_	none	_	_	_	_	_	_
241-4	BZ002	241	4	nel	nel	_	_	_	_	_	linguistic	_	none	_	_	_	_	_	_
241-5	BZ002	241	5	senso	senso	_	_	_	_	_	linguistic	_	none	_	_	_	_	_	_
241-6	BZ002	241	6	non	non	_	_	_	_	_	linguistic	_	none	_	_	_	_	_	_
241-7	BZ002	241	7	è	è	_	_	_	_	_	linguistic	_	none	_	_	_	_	_	_
241-8	BZ002	241	8	che	che	_	_	_	_	_	linguistic	_	none	_	_	_	_	_	_
241-9	BZ002	241	9	mi	mi	_	_	_	_	_	linguistic	_	none	_	_	_	_	_	_
241-10	BZ002	241	10	tiro	tiro	_	_	_	_	_	linguistic	_	none	_	_	_	_	_	_
241-11	BZ002	241	11	indietro	indietro	_	_	_	_	_	linguistic	_	none	_	_	_	_	_	_
241-12	BZ002	241	12	ah	ah	_	_	_	_	_	linguistic	_	none	_	_	_	_	_	_
241-13	BZ002	241	13	non	non	_	_	_	_	_	linguistic	_	none	_	_	_	_	_	_
241-14	BZ002	241	14	ti	ti	_	_	_	_	_	linguistic	_	none	_	_	_	_	_	_
241-15	BZ002	241	15	so	so	_	_	_	_	_	linguistic	_	none	_	_	_	_	_	_
241-16	BZ002	241	16	rispondere	rispondere	_	_	_	_	_	linguistic	_	none	_	_	_	_	_	_
241-17	BZ002	241	17	allora	allora	_	_	_	_	_	linguistic	_	none	_	_	_	_	_	_
241-18	BZ002	241	18	piuttosto	piuttosto	_	_	_	_	_	linguistic	_	none	_	_	_	_	_	_
241-19	BZ002	241	19	sto	sto	_	_	_	_	_	linguistic	_	none	_	_	_	_	_	_
241-20	BZ002	241	20	zitta.	zitta	_	_	_	_	_	linguistic	_	none	Intonation=Falling	_	_	_	_	_
241-21	BZ002	241	21	probabilmente	probabilmente	_	_	_	_	_	linguistic	_	none	_	_	_	_	_	_
241-22	BZ002	241	22	ti	ti	_	_	_	_	_	linguistic	_	none	_	_	_	_	_	_
241-23	BZ002	241	23	farò	farò	_	_	_	_	_	linguistic	_	none	_	_	_	_	_	_
241-24	BZ002	241	24	una	una	_	_	_	_	_	linguistic	_	none	_	_	_	_	_	_
241-25	BZ002	241	25	frase	frase	_	_	_	_	_	linguistic	_	none	_	_	_	_	_	_
241-26	BZ002	241	26	super	super	_	_	_	_	_	linguistic	_	none	_	_	_	_	_	_
241-27	BZ002	241	27	mega	mega	_	_	_	_	_	linguistic	_	none	_	_	_	_	_	_
241-28	BZ002	241	28	sgrammaticata,	sgrammaticata	_	_	_	_	_	linguistic	_	none	Intonation=WeaklyRising	End=856.88	_	_	_	_
242-0	BZ002	242	0	ma	ma	_	_	_	_	_	linguistic	_	none	_	Begin=857.27	_	_	_	_
242-1	BZ002	242	1	cerco	cerco	_	_	_	_	_	linguistic	_	none	_	_	_	_	_	_
242-2	BZ002	242	2	di	di	_	_	_	_	_	linguistic	_	none	_	_	_	_	_	_
242-3	BZ002	242	3	farmi	farmi	_	_	_	_	_	linguistic	_	none	_	_	_	_	_	_
242-4	BZ002	242	4	capire.	capire	_	_	_	_	_	linguistic	_	none	Intonation=Falling	_	_	_	_	_
242-5	BZ002	242	5	però	però	_	_	_	_	_	linguistic	_	none	_	_	_	_	_	_
242-6	BZ002	242	6	mi	mi	_	_	_	_	_	linguistic	_	none	_	_	_	_	_	_
242-7	BZ002	242	7	è	è	_	_	_	_	_	linguistic	_	none	_	_	_	_	_	_
242-8	BZ002	242	8	capitato	capitato	_	_	_	_	_	linguistic	_	none	_	_	_	_	_	_
242-9	BZ002	242	9	anche	anche	_	_	_	_	_	linguistic	_	none	_	_	_	_	_	_
242-10	BZ002	242	10	di	di	_	_	_	_	_	linguistic	_	none	_	_	_	_	_	_
242-11	BZ002	242	11	persone	persone	_	_	_	_	_	linguistic	_	none	_	_	_	_	_	_
242-12	BZ002	242	12	che	che	_	_	_	_	_	linguistic	_	none	_	_	_	_	_	_
242-13	BZ002	242	13	parlavano,	parlavano	_	_	_	_	_	linguistic	_	none	Intonation=WeaklyRising	_	_	_	_	_
242-14	BZ002	242	14	mh	mh	_	_	_	_	_	linguistic	_	none	_	_	_	_	_	_
242-15	BZ002	242	15	proprio	proprio	_	_	_	_	_	linguistic	_	none	_	_	_	_	_	_
242-16	BZ002	242	16	dialetto	dialetto	_	_	_	_	_	linguistic	_	none	_	_	_	_	_	_
242-17	BZ002	242	17	stretto,	stretto	_	_	_	_	_	linguistic	_	none	Intonation=WeaklyRising	_	_	_	_	_
242-18	BZ002	242	18	e	e	_	_	_	_	_	linguistic	_	none	_	_	_	_	_	_
242-19	BZ002	242	19	non:	non	_	_	_	_	_	linguistic	_	none	_	_	2x1	_	_	_
242-20	BZ002	242	20	riuscivo	riuscivo	_	_	_	_	_	linguistic	_	none	_	_	_	_	_	_
242-21	BZ002	242	21	né	né	_	_	_	_	_	linguistic	_	none	_	_	_	_	_	_
242-22	BZ002	242	22	a	a	_	_	_	_	_	linguistic	_	none	_	_	_	_	_	_
242-23	BZ002	242	23	parlarci	parlarci	_	_	_	_	_	linguistic	_	none	_	_	_	_	_	_
242-24	BZ002	242	24	né	né	_	_	_	_	_	linguistic	_	none	_	_	_	_	_	_
242-25	BZ002	242	25	s-	s-	_	_	_	_	_	linguistic	_	none	Interrupted=Yes	End=864.88	_	_	_	_
243-0	BZ002	243	0	parlando	parlando	_	_	_	_	_	linguistic	_	none	_	Begin=865.18	_	_	_	_
243-1	BZ002	243	1	un	un	_	_	_	_	_	linguistic	_	none	_	_	_	_	_	_
243-2	BZ002	243	2	po'	po'	_	_	_	_	_	linguistic	_	none	_	_	_	_	_	_
243-3	BZ002	243	3	il	il	_	_	_	_	_	linguistic	_	none	_	_	_	_	_	_
243-4	BZ002	243	4	mio	mio	_	_	_	_	_	linguistic	_	none	_	_	_	_	_	_
243-5	BZ002	243	5	tedesco	tedesco	_	_	_	_	_	linguistic	_	none	_	_	_	_	_	_
243-6	BZ002	243	6	né	né	_	_	_	_	_	linguistic	_	none	_	_	_	_	_	_
243-7	BZ002	243	7	in	in	_	_	_	_	_	linguistic	_	none	_	_	_	_	_	_
243-8	BZ002	243	8	italiano	italiano	_	_	_	_	_	linguistic	_	none	_	_	_	_	_	_
243-9	BZ002	243	9	perché	perché	_	_	_	_	_	linguistic	_	none	_	_	_	_	_	_
243-10	BZ002	243	10	loro	loro	_	_	_	_	_	linguistic	_	none	_	_	_	_	_	_
243-11	BZ002	243	11	non	non	_	_	_	_	_	linguistic	_	none	_	_	_	_	_	_
243-12	BZ002	243	12	capivano	capivano	_	_	_	_	_	linguistic	_	none	_	_	_	_	_	_
243-13	BZ002	243	13	l'	l'	_	_	_	_	_	linguistic	_	none	SpaceAfter=No	_	_	_	_	_
243-14	BZ002	243	14	italiano	italiano	_	_	_	_	_	linguistic	_	none	_	_	_	_	_	_
243-15	BZ002	243	15	quindi	quindi	_	_	_	_	_	linguistic	_	none	_	_	_	_	_	_
243-16	BZ002	243	16	diventava	diventava	_	_	_	_	_	linguistic	_	none	_	_	_	_	_	_
243-17	BZ002	243	17	un	un	_	_	_	_	_	linguistic	_	none	_	_	_	_	_	_
243-18	BZ002	243	18	po',	po'	_	_	_	_	_	linguistic	_	none	Intonation=WeaklyRising	End=869.62	_	_	_	_
244-0	BZ001	244	0	mh.	mh	_	_	_	_	_	linguistic	_	none	Intonation=Falling	Begin=869.96|End=870.16	_	_	_	_
245-0	BZ002	245	0	complicato.	complicato	_	_	_	_	_	linguistic	_	none	Intonation=Falling	Begin=870.475|End=871.135	_	_	_	_
246-0	BZ001	246	0	eh	eh	_	_	_	_	_	linguistic	_	none	_	Begin=871.598	_	_	_	_
246-1	BZ001	246	1	be'	be'	_	_	_	_	_	linguistic	_	none	Truncated=Yes	_	_	_	_	_
246-2	BZ001	246	2	questo	questo	_	_	_	_	_	linguistic	_	none	_	_	_	_	_	_
246-3	BZ001	246	3	è	è	_	_	_	_	_	linguistic	_	none	_	_	_	_	_	_
246-4	BZ001	246	4	un	un	_	_	_	_	_	linguistic	_	none	_	_	_	_	_	_
246-5	BZ001	246	5	po'	po'	_	_	_	_	_	linguistic	_	none	_	_	_	_	_	_
246-6	BZ001	246	6	anche	anche	_	_	_	_	_	linguistic	_	none	_	_	_	_	_	_
246-7	BZ001	246	7	conseguenza	conseguenza	_	_	_	_	_	linguistic	_	none	_	_	_	_	_	_
246-8	BZ001	246	8	appunto	appunto	_	_	_	_	_	linguistic	_	none	_	_	_	_	_	_
246-9	BZ001	246	9	del	del	_	_	_	_	_	linguistic	_	none	_	_	_	_	_	_
246-10	BZ001	246	10	fatto	fatto	_	_	_	_	_	linguistic	_	none	_	_	_	_	_	_
246-11	BZ001	246	11	che	che	_	_	_	_	_	linguistic	_	none	_	_	_	_	_	_
246-12	BZ001	246	12	qui	qui	_	_	_	_	_	linguistic	_	none	_	_	_	_	_	_
246-13	BZ001	246	13	si	si	_	_	_	_	_	linguistic	_	none	_	_	_	_	_	_
246-14	BZ001	246	14	studia	studia	_	_	_	_	_	linguistic	_	none	_	_	_	_	_	_
246-15	BZ001	246	15	a	a	_	_	_	_	_	linguistic	_	none	_	_	_	_	_	_
246-16	BZ001	246	16	scuola	scuola	_	_	_	_	_	linguistic	_	none	_	_	_	_	_	_
246-17	BZ001	246	17	hoch[deutsch],	hochdeutsch	_	_	_	_	_	linguistic	_	none	Intonation=WeaklyRising	_	_	_	_	4-11(52)
246-18	BZ001	246	18	però	però	_	_	_	_	_	linguistic	_	none	_	_	_	_	_	_
246-19	BZ001	246	19	se	se	_	_	_	_	_	linguistic	_	none	_	_	_	_	_	_
246-20	BZ001	246	20	non	non	_	_	_	_	_	linguistic	_	none	_	_	_	_	_	_
246-21	BZ001	246	21	c'	c'	_	_	_	_	_	linguistic	_	none	SpaceAfter=No	_	_	_	_	_
246-22	BZ001	246	22	è	è	_	_	_	_	_	linguistic	_	none	_	_	_	_	_	_
246-23	BZ001	246	23	contatto	contatto	_	_	_	_	_	linguistic	_	none	_	_	_	_	_	_
246-24	BZ001	246	24	tra	tra	_	_	_	_	_	linguistic	_	none	_	_	_	_	_	_
246-25	BZ001	246	25	gruppi	gruppi	_	_	_	_	_	linguistic	_	none	_	_	_	_	_	_
246-26	BZ001	246	26	linguistici,	linguistici	_	_	_	_	_	linguistic	_	none	Intonation=WeaklyRising	End=877.958	_	_	_	_
247-0	BZ002	247	0	[sì].	sì	_	_	_	_	_	linguistic	_	none	Intonation=Falling	Begin=875.128|End=875.508	_	_	_	0-2(52)
248-0	BZ001	248	0	poi	poi	_	_	_	_	_	linguistic	_	none	_	Begin=878.183	_	_	_	_
248-1	BZ001	248	1	di	di	_	_	_	_	_	linguistic	_	none	_	_	_	_	_	_
248-2	BZ001	248	2	fatto	fatto	_	_	_	_	_	linguistic	_	none	_	_	_	_	_	_
248-3	BZ001	248	3	il	il	_	_	_	_	_	linguistic	_	none	_	_	_	_	_	_
248-4	BZ001	248	4	dialetto	dialetto	_	_	_	_	_	linguistic	_	none	_	_	_	_	_	_
248-5	BZ001	248	5	non	non	_	_	_	_	_	linguistic	_	none	_	_	_	_	_	_
248-6	BZ001	248	6	lo	lo	_	_	_	_	_	linguistic	_	none	_	_	_	_	_	_
248-7	BZ001	248	7	incon[tri	incontri	_	_	_	_	_	linguistic	_	none	_	_	_	_	_	5-8(53)
248-8	BZ001	248	8	mai]	mai	_	_	_	_	_	linguistic	_	none	_	_	_	_	_	0-3(53)
248-9	BZ001	248	9	no?	no	_	_	_	_	_	linguistic	_	none	Intonation=Rising	_	_	_	_	_
248-10	BZ001	248	10	quindi	quindi	_	_	_	_	_	linguistic	_	none	_	_	_	_	_	_
248-11	BZ001	248	11	non	non	_	_	_	_	_	linguistic	_	none	_	_	_	_	_	_
248-12	BZ001	248	12	hai	hai	_	_	_	_	_	linguistic	_	none	_	_	_	_	_	_
248-13	BZ001	248	13	modo	modo	_	_	_	_	_	linguistic	_	none	_	_	_	_	_	_
248-14	BZ001	248	14	di	di	_	_	_	_	_	linguistic	_	none	_	_	_	_	_	_
248-15	BZ001	248	15	di	di	_	_	_	_	_	linguistic	_	none	_	_	_	_	_	_
248-16	BZ001	248	16	approfondirlo.	approfondirlo	_	_	_	_	_	linguistic	_	none	Intonation=Falling	End=882.003	_	_	_	_
249-0	BZ002	249	0	[sì].	sì	_	_	_	_	_	linguistic	_	none	Intonation=Falling	Begin=879.443|End=879.833	_	_	_	0-2(53)
250-0	BZ001	250	0	e	e	_	_	_	_	_	linguistic	_	none	_	Begin=882.668	_	_	_	_
250-1	BZ001	250	1	di	di	_	_	_	_	_	linguistic	_	none	_	_	_	_	_	_
250-2	BZ001	250	2	conoscerlo	conoscerlo	_	_	_	_	_	linguistic	_	none	_	_	_	_	_	_
250-3	BZ001	250	3	di	di	_	_	_	_	_	linguistic	_	none	_	_	_	_	_	_
250-4	BZ001	250	4	fatto.	fatto	_	_	_	_	_	linguistic	_	none	Intonation=Falling	End=883.928	_	_	_	_
251-0	BZ001	251	0	e::	e	_	_	_	_	_	linguistic	_	none	_	Begin=884.313|End=885.103	0x2	_	_	_
252-0	BZ001	252	0	e	e	_	_	_	_	_	linguistic	_	none	_	Begin=886.013	_	_	_	_
252-1	BZ001	252	1	spesso	spesso	_	_	_	_	_	linguistic	_	none	_	_	_	_	_	_
252-2	BZ001	252	2	con	con	_	_	_	_	_	linguistic	_	none	_	_	_	_	_	_
252-3	BZ001	252	3	solo	solo	_	_	_	_	_	linguistic	_	none	_	_	_	_	_	_
252-4	BZ001	252	4	l'	l'	_	_	_	_	_	linguistic	_	none	SpaceAfter=No	_	_	_	_	_
252-5	BZ001	252	5	hochdeutsch	hochdeutsch	_	_	_	_	_	linguistic	_	none	_	_	_	_	_	_
252-6	BZ001	252	6	anche	anche	_	_	_	_	_	linguistic	_	none	_	_	_	_	_	_
252-7	BZ001	252	7	per	per	_	_	_	_	_	linguistic	_	none	_	_	_	_	_	_
252-8	BZ001	252	8	me	me	_	_	_	_	_	linguistic	_	none	_	_	_	_	_	_
252-9	BZ001	252	9	è	è	_	_	_	_	_	linguistic	_	none	_	_	_	_	_	_
252-10	BZ001	252	10	stato	stato	_	_	_	_	_	linguistic	_	none	_	_	_	_	_	_
252-11	BZ001	252	11	difficile	difficile	_	_	_	_	_	linguistic	_	none	_	_	_	_	_	_
252-12	BZ001	252	12	spesso	spesso	_	_	_	_	_	linguistic	_	none	_	_	_	_	_	_
252-13	BZ001	252	13	in	in	_	_	_	_	_	linguistic	_	none	_	_	_	_	_	_
252-14	BZ001	252	14	realtà	realtà	_	_	_	_	_	linguistic	_	none	_	_	_	_	_	_
252-15	BZ001	252	15	interfacciarmi	interfacciarmi	_	_	_	_	_	linguistic	_	none	_	_	_	_	_	_
252-16	BZ001	252	16	[con	con	_	_	_	_	_	linguistic	_	none	_	_	_	_	_	0-3(54)
252-17	BZ001	252	17	chi	chi	_	_	_	_	_	linguistic	_	none	_	_	_	_	_	0-3(54)
252-18	BZ001	252	18	parlava	parlava	_	_	_	_	_	linguistic	_	none	_	_	_	_	_	0-7(54)
252-19	BZ001	252	19	dialetto].	dialetto	_	_	_	_	_	linguistic	_	none	Intonation=Falling	End=891.213	_	_	_	0-8(54)
253-0	BZ002	253	0	[eh	eh	_	_	_	_	_	linguistic	_	none	_	Begin=889.918	_	_	_	0-2(54)
253-1	BZ002	253	1	sì	sì	_	_	_	_	_	linguistic	_	none	_	_	_	_	_	0-2(54)
253-2	BZ002	253	2	perché],	perché	_	_	_	_	_	linguistic	_	none	Intonation=WeaklyRising	End=891.008	_	_	_	0-6(54)
254-0	BZ001	254	0	sì.	sì	_	_	_	_	_	linguistic	_	none	Intonation=Falling	Begin=892.548|End=892.858	_	_	_	_
255-0	BZ001	255	0	eh	eh	_	_	_	_	_	linguistic	_	none	_	Begin=893.658	_	_	_	_
255-1	BZ001	255	1	e	e	_	_	_	_	_	linguistic	_	none	_	_	_	_	_	_
255-2	BZ001	255	2	quindi	quindi	_	_	_	_	_	linguistic	_	none	_	_	_	_	_	_
255-3	BZ001	255	3	per	per	_	_	_	_	_	linguistic	_	none	_	_	_	_	_	_
255-4	BZ001	255	4	il	il	_	_	_	_	_	linguistic	_	none	_	_	_	_	_	_
255-5	BZ001	255	5	futuro	futuro	_	_	_	_	_	linguistic	_	none	_	_	_	_	_	_
255-6	BZ001	255	6	vorresti	vorresti	_	_	_	_	_	linguistic	_	none	_	_	_	_	_	_
255-7	BZ001	255	7	approfondire:	approfondire	_	_	_	_	_	linguistic	_	none	_	_	11x1	_	_	_
255-8	BZ001	255	8	il	il	_	_	_	_	_	linguistic	_	none	_	_	_	_	_	_
255-9	BZ001	255	9	cinese,	cinese	_	_	_	_	_	linguistic	_	none	Intonation=WeaklyRising	End=896.458	_	_	_	_
256-0	BZ002	256	0	sì	sì	_	_	_	_	_	linguistic	_	none	_	Begin=897.288	_	_	_	_
256-1	BZ002	256	1	adesso	adesso	_	_	_	_	_	linguistic	_	none	_	_	_	_	_	_
256-2	BZ002	256	2	diciamo	diciamo	_	_	_	_	_	linguistic	_	none	_	_	_	_	_	_
256-3	BZ002	256	3	che	che	_	_	_	_	_	linguistic	_	none	_	_	_	_	_	_
256-4	BZ002	256	4	la:	la	_	_	_	_	_	linguistic	_	none	PauseAfter=Yes	_	1x1	_	_	_
256-5	BZ002	256	5	(.)	(.)	_	_	_	_	_	shortpause	_	none	_	_	_	_	_	_
256-6	BZ002	256	6	la	la	_	_	_	_	_	linguistic	_	none	_	_	_	_	_	_
256-7	BZ002	256	7	direzione	direzione	_	_	_	_	_	linguistic	_	none	_	_	_	_	_	_
256-8	BZ002	256	8	è	è	_	_	_	_	_	linguistic	_	none	_	_	_	_	_	_
256-9	BZ002	256	9	quella	quella	_	_	_	_	_	linguistic	_	none	_	_	_	_	_	_
256-10	BZ002	256	10	del	del	_	_	_	_	_	linguistic	_	none	_	_	_	_	_	_
256-11	BZ002	256	11	cinese.	cinese	_	_	_	_	_	linguistic	_	none	Intonation=Falling	End=901.118	_	_	_	_
257-0	BZ002	257	0	poi,	poi	_	_	_	_	_	linguistic	_	none	Intonation=WeaklyRising	Begin=901.676	_	_	_	_
257-1	BZ002	257	1	col	col	_	_	_	_	_	linguistic	_	none	_	_	_	_	_	_
257-2	BZ002	257	2	fatto	fatto	_	_	_	_	_	linguistic	_	none	_	_	_	_	_	_
257-3	BZ002	257	3	che	che	_	_	_	_	_	linguistic	_	none	_	_	_	_	_	_
257-4	BZ002	257	4	probabilmente	probabilmente	_	_	_	_	_	linguistic	_	none	_	_	_	_	_	_
257-5	BZ002	257	5	non	non	_	_	_	_	_	linguistic	_	none	_	_	_	_	_	_
257-6	BZ002	257	6	so	so	_	_	_	_	_	linguistic	_	none	_	_	_	_	_	_
257-7	BZ002	257	7	se	se	_	_	_	_	_	linguistic	_	none	_	_	_	_	_	_
257-8	BZ002	257	8	rimarrò	rimarrò	_	_	_	_	_	linguistic	_	none	_	_	_	_	_	_
257-9	BZ002	257	9	qui	qui	_	_	_	_	_	linguistic	_	none	_	_	_	_	_	_
257-10	BZ002	257	10	magari	magari	_	_	_	_	_	linguistic	_	none	_	_	_	_	_	_
257-11	BZ002	257	11	mi	mi	_	_	_	_	_	linguistic	_	none	_	_	_	_	_	_
257-12	BZ002	257	12	impegnerò	impegnerò	_	_	_	_	_	linguistic	_	none	_	_	_	_	_	_
257-13	BZ002	257	13	anche	anche	_	_	_	_	_	linguistic	_	none	_	_	_	_	_	_
257-14	BZ002	257	14	a	a	_	_	_	_	_	linguistic	_	none	_	_	_	_	_	_
257-15	BZ002	257	15	migliorare	migliorare	_	_	_	_	_	linguistic	_	none	_	_	_	_	_	_
257-16	BZ002	257	16	il	il	_	_	_	_	_	linguistic	_	none	_	_	_	_	_	_
257-17	BZ002	257	17	tedesco	tedesco	_	_	_	_	_	linguistic	_	none	_	_	_	_	_	_
257-18	BZ002	257	18	((ridendo))	((ridendo))	_	_	_	_	_	nonverbalbehavior	_	none	_	_	_	_	_	_
257-19	BZ002	257	19	però	però	_	_	_	_	_	linguistic	_	none	_	_	_	_	_	_
257-20	BZ002	257	20	per	per	_	_	_	_	_	linguistic	_	none	_	_	_	_	_	_
257-21	BZ002	257	21	ora	ora	_	_	_	_	_	linguistic	_	none	_	_	_	_	_	_
257-22	BZ002	257	22	diciamo,	diciamo	_	_	_	_	_	linguistic	_	none	Intonation=WeaklyRising	End=908.565	_	_	_	_
258-0	BZ002	258	0	che	che	_	_	_	_	_	linguistic	_	none	_	Begin=908.82	_	_	_	_
258-1	BZ002	258	1	sono	sono	_	_	_	_	_	linguistic	_	none	_	_	_	_	_	_
258-2	BZ002	258	2	più	più	_	_	_	_	_	linguistic	_	none	_	_	_	_	_	_
258-3	BZ002	258	3	indirizzata	indirizzata	_	_	_	_	_	linguistic	_	none	_	_	_	_	_	_
258-4	BZ002	258	4	sul	sul	_	_	_	_	_	linguistic	_	none	_	_	_	_	_	_
258-5	BZ002	258	5	ci[nese].	cinese	_	_	_	_	_	linguistic	_	none	Intonation=Falling	End=910.387	_	_	_	2-6(55)
259-0	BZ001	259	0	[eh].	eh	_	_	_	_	_	linguistic	_	none	Intonation=Falling	Begin=909.832|End=910.372	_	_	_	0-2(55)
260-0	BZ001	260	0	e	e	_	_	_	_	_	linguistic	_	none	_	Begin=910.652	_	_	_	_
260-1	BZ001	260	1	hai	hai	_	_	_	_	_	linguistic	_	none	_	_	_	_	_	_
260-2	BZ001	260	2	mai	mai	_	_	_	_	_	linguistic	_	none	_	_	_	_	_	_
260-3	BZ001	260	3	usato	usato	_	_	_	_	_	linguistic	_	none	_	_	_	_	_	_
260-4	BZ001	260	4	tipo	tipo	_	_	_	_	_	linguistic	_	none	_	_	_	_	_	_
260-5	BZ001	260	5	anche:	anche	_	_	_	_	_	linguistic	_	none	_	_	4x1	_	_	_
260-6	BZ001	260	6	a:	a	_	_	_	_	_	linguistic	_	none	_	_	0x1	_	_	_
260-7	BZ001	260	7	a	a	_	_	_	_	_	linguistic	_	none	_	_	_	_	_	_
260-8	BZ001	260	8	bologna	bologna	_	_	_	_	_	linguistic	_	none	_	_	_	_	_	_
260-9	BZ001	260	9	magari,	magari	_	_	_	_	_	linguistic	_	none	Intonation=WeaklyRising|PauseAfter=Yes	_	_	_	_	_
260-10	BZ001	260	10	(.)	(.)	_	_	_	_	_	shortpause	_	none	_	_	_	_	_	_
260-11	BZ001	260	11	eh:	eh	_	_	_	_	_	linguistic	_	none	_	_	1x1	_	_	_
260-12	BZ001	260	12	quei	quei	_	_	_	_	_	linguistic	_	none	_	_	_	_	_	_
260-13	BZ001	260	13	caffè	caffè	_	_	_	_	_	linguistic	_	none	_	_	_	_	_	_
260-14	BZ001	260	14	linguistici	linguistici	_	_	_	_	_	linguistic	_	none	_	_	_	_	_	_
260-15	BZ001	260	15	per	per	_	_	_	_	_	linguistic	_	none	_	_	_	_	_	_
260-16	BZ001	260	16	parlare	parlare	_	_	_	_	_	linguistic	_	none	_	_	_	_	_	_
260-17	BZ001	260	17	una	una	_	_	_	_	_	linguistic	_	none	_	_	_	_	_	_
260-18	BZ001	260	18	lin[gua]?	lingua	_	_	_	_	_	linguistic	_	none	Intonation=Rising	End=917.192	_	_	_	3-6(56)
261-0	BZ002	261	0	[ero]	ero	_	_	_	_	_	linguistic	_	none	_	Begin=916.577	_	_	_	0-3(56)
261-1	BZ002	261	1	andata,	andata	_	_	_	_	_	linguistic	_	none	Intonation=WeaklyRising	_	_	_	_	_
261-2	BZ002	261	2	eh:	eh	_	_	_	_	_	linguistic	_	none	_	_	1x1	_	_	_
261-3	BZ002	261	3	per:	per	_	_	_	_	_	linguistic	_	none	_	_	2x1	_	_	_
261-4	BZ002	261	4	inglese.	inglese	_	_	_	_	_	linguistic	_	none	Intonation=Falling	_	_	_	_	_
261-5	BZ002	261	5	perché	perché	_	_	_	_	_	linguistic	_	none	_	_	_	_	_	_
261-6	BZ002	261	6	stavo	stavo	_	_	_	_	_	linguistic	_	none	_	_	_	_	_	_
261-7	BZ002	261	7	facendo	facendo	_	_	_	_	_	linguistic	_	none	_	_	_	_	_	_
261-8	BZ002	261	8	l'	l'	_	_	_	_	_	linguistic	_	none	SpaceAfter=No	_	_	_	_	_
261-9	BZ002	261	9	ielts	ielts	_	_	_	_	_	linguistic	_	none	_	_	_	_	_	_
261-10	BZ002	261	10	e	e	_	_	_	_	_	linguistic	_	none	_	_	_	_	_	_
261-11	BZ002	261	11	il	il	_	_	_	_	_	linguistic	_	none	_	_	_	_	_	_
261-12	BZ002	261	12	periodo:	periodo	_	_	_	_	_	linguistic	_	none	_	_	6x1	_	_	_
261-13	BZ002	261	13	prima	prima	_	_	_	_	_	linguistic	_	none	_	_	_	_	_	_
261-14	BZ002	261	14	di	di	_	_	_	_	_	linguistic	_	none	_	_	_	_	_	_
261-15	BZ002	261	15	fare	fare	_	_	_	_	_	linguistic	_	none	_	_	_	_	_	_
261-16	BZ002	261	16	l'	l'	_	_	_	_	_	linguistic	_	none	SpaceAfter=No	_	_	_	_	_
261-17	BZ002	261	17	ielts	ielts	_	_	_	_	_	linguistic	_	none	_	_	_	_	_	_
261-18	BZ002	261	18	ero	ero	_	_	_	_	_	linguistic	_	none	_	_	_	_	_	_
261-19	BZ002	261	19	andata,	andata	_	_	_	_	_	linguistic	_	none	Intonation=WeaklyRising	End=923.227	_	_	_	_
262-0	BZ002	262	0	perché	perché	_	_	_	_	_	linguistic	_	none	_	Begin=923.757	_	_	_	_
262-1	BZ002	262	1	avevo	avevo	_	_	_	_	_	linguistic	_	none	_	_	_	_	_	_
262-2	BZ002	262	2	fatto:	fatto	_	_	_	_	_	linguistic	_	none	_	_	4x1	_	_	_
262-3	BZ002	262	3	con	con	_	_	_	_	_	linguistic	_	none	_	_	_	_	_	_
262-4	BZ002	262	4	l'	l'	_	_	_	_	_	linguistic	_	none	SpaceAfter=No	_	_	_	_	_
262-5	BZ002	262	5	università,	università	_	_	_	_	_	linguistic	_	none	Intonation=WeaklyRising	_	_	_	_	_
262-6	BZ002	262	6	eh::	eh	_	_	_	_	_	linguistic	_	none	_	End=927.267	1x2	_	_	_
263-0	BZ002	263	0	un:	un	_	_	_	_	_	linguistic	_	none	_	Begin=927.557	1x1	_	_	_
263-1	BZ002	263	1	percorso	percorso	_	_	_	_	_	linguistic	_	none	_	_	_	_	_	_
263-2	BZ002	263	2	di	di	_	_	_	_	_	linguistic	_	none	_	_	_	_	_	_
263-3	BZ002	263	3	preparazione	preparazione	_	_	_	_	_	linguistic	_	none	_	_	_	_	_	_
263-4	BZ002	263	4	per	per	_	_	_	_	_	linguistic	_	none	_	_	_	_	_	_
263-5	BZ002	263	5	l'	l'	_	_	_	_	_	linguistic	_	none	SpaceAfter=No	_	_	_	_	_
263-6	BZ002	263	6	ielts,	ielts	_	_	_	_	_	linguistic	_	none	Intonation=WeaklyRising	End=929.917	_	_	_	_
264-0	BZ002	264	0	e	e	_	_	_	_	_	linguistic	_	none	_	Begin=930.345	_	_	_	_
264-1	BZ002	264	1	c'	c'	_	_	_	_	_	linguistic	_	none	SpaceAfter=No	_	_	_	_	_
264-2	BZ002	264	2	era	era	_	_	_	_	_	linguistic	_	none	_	_	_	_	_	_
264-3	BZ002	264	3	un	un	_	_	_	_	_	linguistic	_	none	_	_	_	_	_	_
264-4	BZ002	264	4	nostro	nostro	_	_	_	_	_	linguistic	_	none	_	_	_	_	_	_
264-5	BZ002	264	5	professore	professore	_	_	_	_	_	linguistic	_	none	_	_	_	_	_	_
264-6	BZ002	264	6	che	che	_	_	_	_	_	linguistic	_	none	_	_	_	_	_	_
264-7	BZ002	264	7	organizzava	organizzava	_	_	_	_	_	linguistic	_	none	_	_	_	_	_	_
264-8	BZ002	264	8	la	la	_	_	_	_	_	linguistic	_	none	_	_	_	_	_	_
264-9	BZ002	264	9	sera	sera	_	_	_	_	_	linguistic	_	none	_	_	_	_	_	_
264-10	BZ002	264	10	anche:	anche	_	_	_	_	_	linguistic	_	none	_	_	4x1	_	_	_
264-11	BZ002	264	11	questi:	questi	_	_	_	_	_	linguistic	_	none	_	_	5x1	_	_	_
264-12	BZ002	264	12	diciamo	diciamo	_	_	_	_	_	linguistic	_	none	_	_	_	_	_	_
264-13	BZ002	264	13	ci	ci	_	_	_	_	_	linguistic	_	none	_	_	_	_	_	_
264-14	BZ002	264	14	si	si	_	_	_	_	_	linguistic	_	none	_	_	_	_	_	_
264-15	BZ002	264	15	trovavano	trovavano	_	_	_	_	_	linguistic	_	none	_	_	_	_	_	_
264-16	BZ002	264	16	al	al	_	_	_	_	_	linguistic	_	none	_	_	_	_	_	_
264-17	BZ002	264	17	pub	pub	_	_	_	_	_	linguistic	_	none	_	_	_	_	_	_
264-18	BZ002	264	18	a	a	_	_	_	_	_	linguistic	_	none	_	_	_	_	_	_
264-19	BZ002	264	19	parlare	parlare	_	_	_	_	_	linguistic	_	none	_	_	_	_	_	_
264-20	BZ002	264	20	inglese,	inglese	_	_	_	_	_	linguistic	_	none	Intonation=WeaklyRising	_	_	_	_	_
264-21	BZ002	264	21	e	e	_	_	_	_	_	linguistic	_	none	_	_	_	_	_	_
264-22	BZ002	264	22	allora	allora	_	_	_	_	_	linguistic	_	none	_	_	_	_	_	_
264-23	BZ002	264	23	ero	ero	_	_	_	_	_	linguistic	_	none	_	_	_	_	_	_
264-24	BZ002	264	24	andata	andata	_	_	_	_	_	linguistic	_	none	_	_	_	_	_	_
264-25	BZ002	264	25	un	un	_	_	_	_	_	linguistic	_	none	_	_	_	_	_	_
264-26	BZ002	264	26	paio	paio	_	_	_	_	_	linguistic	_	none	_	_	_	_	_	_
264-27	BZ002	264	27	di	di	_	_	_	_	_	linguistic	_	none	_	_	_	_	_	_
264-28	BZ002	264	28	volte	volte	_	_	_	_	_	linguistic	_	none	_	_	_	_	_	_
264-29	BZ002	264	29	lì	lì	_	_	_	_	_	linguistic	_	none	_	_	_	_	_	_
264-30	BZ002	264	30	sì.	sì	_	_	_	_	_	linguistic	_	none	Intonation=Falling	End=939.555	_	_	_	_
265-0	BZ002	265	0	>quello	quello	_	_	_	_	_	linguistic	_	none	_	Begin=939.825	_	Fast=0-6(0)	_	_
265-1	BZ002	265	1	carino<.	carino	_	_	_	_	_	linguistic	_	none	Intonation=Falling	End=940.295	_	Fast=0-6(0)	_	_
266-0	BZ001	266	0	quindi	quindi	_	_	_	_	_	linguistic	_	none	_	Begin=940.545	_	_	_	_
266-1	BZ001	266	1	di	di	_	_	_	_	_	linguistic	_	none	_	_	_	_	_	_
266-2	BZ001	266	2	gruppo.	gruppo	_	_	_	_	_	linguistic	_	none	Intonation=Falling	End=941.195	_	_	_	_
267-0	BZ002	267	0	sì.	sì	_	_	_	_	_	linguistic	_	none	Intonation=Falling	Begin=941.535|End=941.905	_	_	_	_
268-0	BZ001	268	0	ah	ah	_	_	_	_	_	linguistic	_	none	_	Begin=942.095	_	_	_	_
268-1	BZ001	268	1	bello.	bello	_	_	_	_	_	linguistic	_	none	Intonation=Falling	End=942.585	_	_	_	_
269-0	BZ002	269	0	sì	sì	_	_	_	_	_	linguistic	_	none	_	Begin=942.885	_	_	_	_
269-1	BZ002	269	1	sì	sì	_	_	_	_	_	linguistic	_	none	_	_	_	_	_	_
269-2	BZ002	269	2	era::	era	_	_	_	_	_	linguistic	_	none	_	_	2x2	_	_	_
269-3	BZ002	269	3	l-	l-	_	_	_	_	_	linguistic	_	none	Interrupted=Yes	_	_	_	_	_
269-4	BZ002	269	4	lui	lui	_	_	_	_	_	linguistic	_	none	_	_	_	_	_	_
269-5	BZ002	269	5	organizzava	organizzava	_	_	_	_	_	linguistic	_	none	_	_	_	_	_	_
269-6	BZ002	269	6	la	la	_	_	_	_	_	linguistic	_	none	_	_	_	_	_	_
269-7	BZ002	269	7	serata,	serata	_	_	_	_	_	linguistic	_	none	Intonation=WeaklyRising	_	_	_	_	_
269-8	BZ002	269	8	poi	poi	_	_	_	_	_	linguistic	_	none	_	_	_	_	_	_
269-9	BZ002	269	9	arrivavano	arrivavano	_	_	_	_	_	linguistic	_	none	_	_	_	_	_	_
269-10	BZ002	269	10	comunque	comunque	_	_	_	_	_	linguistic	_	none	_	_	_	_	_	_
269-11	BZ002	269	11	sempre	sempre	_	_	_	_	_	linguistic	_	none	_	_	_	_	_	_
269-12	BZ002	269	12	un	un	_	_	_	_	_	linguistic	_	none	_	_	_	_	_	_
269-13	BZ002	269	13	po'	po'	_	_	_	_	_	linguistic	_	none	_	_	_	_	_	_
269-14	BZ002	269	14	di	di	_	_	_	_	_	linguistic	_	none	_	_	_	_	_	_
269-15	BZ002	269	15	persone	persone	_	_	_	_	_	linguistic	_	none	_	_	_	_	_	_
269-16	BZ002	269	16	quindi	quindi	_	_	_	_	_	linguistic	_	none	_	_	_	_	_	_
269-17	BZ002	269	17	era	era	_	_	_	_	_	linguistic	_	none	_	End=948.575	_	_	_	_
270-0	BZ002	270	0	simpatico.	simpatico	_	_	_	_	_	linguistic	_	none	Intonation=Falling	Begin=949.555|End=950.195	_	_	_	_
271-0	BZ002	271	0	altre	altre	_	_	_	_	_	linguistic	_	none	_	Begin=950.35	_	_	_	_
271-1	BZ002	271	1	lingue	lingue	_	_	_	_	_	linguistic	_	none	_	_	_	_	_	_
271-2	BZ002	271	2	no	no	_	_	_	_	_	linguistic	_	none	_	_	_	_	_	_
271-3	BZ002	271	3	non	non	_	_	_	_	_	linguistic	_	none	_	_	_	_	_	_
271-4	BZ002	271	4	ho	ho	_	_	_	_	_	linguistic	_	none	_	_	_	_	_	_
271-5	BZ002	271	5	mai	mai	_	_	_	_	_	linguistic	_	none	_	_	_	_	_	_
271-6	BZ002	271	6	fatto	fatto	_	_	_	_	_	linguistic	_	none	_	_	_	_	_	_
271-7	BZ002	271	7	lì	lì	_	_	_	_	_	linguistic	_	none	_	_	_	_	_	_
271-8	BZ002	271	8	tedesco:,	tedesco	_	_	_	_	_	linguistic	_	none	Intonation=WeaklyRising	End=952.97	6x1	_	_	_
272-0	BZ002	272	0	avevo	avevo	_	_	_	_	_	linguistic	_	none	_	Begin=953.76	_	_	_	_
272-1	BZ002	272	1	usato,	usato	_	_	_	_	_	linguistic	_	none	Intonation=WeaklyRising|PauseAfter=Yes	_	_	_	_	_
272-2	BZ002	272	2	(.)	(.)	_	_	_	_	_	shortpause	_	none	_	_	_	_	_	_
272-3	BZ002	272	3	>non	non	_	_	_	_	_	linguistic	_	none	_	_	_	Fast=0-3(0)	_	_
272-4	BZ002	272	4	mi	mi	_	_	_	_	_	linguistic	_	none	_	_	_	Fast=0-2(0)	_	_
272-5	BZ002	272	5	ricordo	ricordo	_	_	_	_	_	linguistic	_	none	_	_	_	Fast=0-7(0)	_	_
272-6	BZ002	272	6	come	come	_	_	_	_	_	linguistic	_	none	_	_	_	Fast=0-4(0)	_	_
272-7	BZ002	272	7	si	si	_	_	_	_	_	linguistic	_	none	_	_	_	Fast=0-2(0)	_	_
272-8	BZ002	272	8	chiama<.	chiama	_	_	_	_	_	linguistic	_	none	Intonation=Falling	_	_	Fast=0-6(0)	_	_
272-9	BZ002	272	9	un'	un'	_	_	_	_	_	linguistic	_	none	SpaceAfter=No	_	_	Slow=0-3(0)	_	_
272-10	BZ002	272	10	applicazione	applicazione	_	_	_	_	_	linguistic	_	none	_	_	_	Slow=0-12(0)	_	_
272-11	BZ002	272	11	dove	dove	_	_	_	_	_	linguistic	_	none	_	_	_	Slow=0-4(0)	_	_
272-12	BZ002	272	12	puoi	puoi	_	_	_	_	_	linguistic	_	none	PauseAfter=Yes	_	_	Slow=0-4(0)	_	_
272-13	BZ002	272	13	(.)	(.)	_	_	_	_	_	shortpause	_	none	_	_	_	_	_	_
272-14	BZ002	272	14	eh:	eh	_	_	_	_	_	linguistic	_	none	_	_	1x1	Slow=0-2(0)	_	_
272-15	BZ002	272	15	chattare	chattare	_	_	_	_	_	linguistic	_	none	_	_	_	Slow=0-8(0)	_	_
272-16	BZ002	272	16	con	con	_	_	_	_	_	linguistic	_	none	_	_	_	Slow=0-3(0)	_	_
272-17	BZ002	272	17	persone	persone	_	_	_	_	_	linguistic	_	none	_	_	_	Slow=0-7(0)	_	_
272-18	BZ002	272	18	della	della	_	_	_	_	_	linguistic	_	none	_	_	_	Slow=0-5(0)	_	_
272-19	BZ002	272	19	madrelingua	madrelingua	_	_	_	_	_	linguistic	_	none	_	_	_	Slow=0-11(0)	_	_
272-20	BZ002	272	20	il	il	_	_	_	_	_	linguistic	_	none	_	_	_	Slow=0-2(0)	_	_
272-21	BZ002	272	21	cui	cui	_	_	_	_	_	linguistic	_	none	PauseAfter=Yes	_	_	Slow=0-3(0)	_	_
272-22	BZ002	272	22	(.)	(.)	_	_	_	_	_	shortpause	_	none	_	_	_	_	_	_
272-23	BZ002	272	23	[di	di	_	_	_	_	_	linguistic	_	none	_	_	_	Slow=0-2(0)	_	0-2(57)
272-24	BZ002	272	24	cui]	cui	_	_	_	_	_	linguistic	_	none	_	_	_	Slow=0-3(0)	_	0-3(57)
272-25	BZ002	272	25	tu	tu	_	_	_	_	_	linguistic	_	none	_	_	_	Slow=0-2(0)	_	_
272-26	BZ002	272	26	stai	stai	_	_	_	_	_	linguistic	_	none	_	_	_	Slow=0-4(0)	_	_
272-27	BZ002	272	27	studiando	studiando	_	_	_	_	_	linguistic	_	none	_	_	_	Slow=0-9(0)	_	_
272-28	BZ002	272	28	>che	che	_	_	_	_	_	linguistic	_	none	_	_	_	Fast=0-3(1)	_	_
272-29	BZ002	272	29	loro	loro	_	_	_	_	_	linguistic	_	none	_	_	_	Fast=0-4(1)	_	_
272-30	BZ002	272	30	sono	sono	_	_	_	_	_	linguistic	_	none	_	_	_	Fast=0-4(1)	_	_
272-31	BZ002	272	31	interessate	interessate	_	_	_	_	_	linguistic	_	none	_	_	_	Fast=0-11(1)	_	_
272-32	BZ002	272	32	alla	alla	_	_	_	_	_	linguistic	_	none	_	_	_	Fast=0-4(1)	_	_
272-33	BZ002	272	33	tua	tua	_	_	_	_	_	linguistic	_	none	_	_	_	Fast=0-3(1)	_	_
272-34	BZ002	272	34	lingua<,	lingua	_	_	_	_	_	linguistic	_	none	Intonation=WeaklyRising	_	_	Fast=0-6(1)	_	_
272-35	BZ002	272	35	e	e	_	_	_	_	_	linguistic	_	none	_	_	_	_	_	_
272-36	BZ002	272	36	lì	lì	_	_	_	_	_	linguistic	_	none	_	_	_	_	_	_
272-37	BZ002	272	37	avevo	avevo	_	_	_	_	_	linguistic	_	none	_	_	_	_	_	_
272-38	BZ002	272	38	fatto	fatto	_	_	_	_	_	linguistic	_	none	_	_	_	_	_	_
272-39	BZ002	272	39	anche	anche	_	_	_	_	_	linguistic	_	none	_	_	_	_	_	_
272-40	BZ002	272	40	un	un	_	_	_	_	_	linguistic	_	none	_	_	_	_	_	_
272-41	BZ002	272	41	po'	po'	_	_	_	_	_	linguistic	_	none	_	_	_	_	_	_
272-42	BZ002	272	42	di	di	_	_	_	_	_	linguistic	_	none	_	_	_	_	_	_
272-43	BZ002	272	43	tedesco	tedesco	_	_	_	_	_	linguistic	_	none	_	_	_	_	_	_
272-44	BZ002	272	44	sì.	sì	_	_	_	_	_	linguistic	_	none	Intonation=Falling	End=965.59	_	_	_	_
273-0	BZ001	273	0	[mh	mh	_	_	_	_	_	linguistic	_	none	ProsodicLink=Yes	Begin=961.07	_	_	_	0-2(57)
273-1	BZ001	273	1	mh],	mh	_	_	_	_	_	linguistic	_	none	Intonation=WeaklyRising	End=961.49	_	_	_	0-2(57)
274-0	BZ001	274	0	perché	perché	_	_	_	_	_	linguistic	_	none	_	Begin=966.499	_	_	_	_
274-1	BZ001	274	1	avevo	avevo	_	_	_	_	_	linguistic	_	none	_	_	_	_	_	_
274-2	BZ001	274	2	visto:,	visto	_	_	_	_	_	linguistic	_	none	Intonation=WeaklyRising|PauseAfter=Yes	_	4x1	_	_	_
274-3	BZ001	274	3	(.)	(.)	_	_	_	_	_	shortpause	_	none	_	_	_	_	_	_
274-4	BZ001	274	4	quand'	quand'	_	_	_	_	_	linguistic	_	none	SpaceAfter=No	_	_	_	_	_
274-5	BZ001	274	5	ero	ero	_	_	_	_	_	linguistic	_	none	_	_	_	_	_	_
274-6	BZ001	274	6	a	a	_	_	_	_	_	linguistic	_	none	_	_	_	_	_	_
274-7	BZ001	274	7	torino,	torino	_	_	_	_	_	linguistic	_	none	Intonation=WeaklyRising	_	_	_	_	_
274-8	BZ001	274	8	in	in	_	_	_	_	_	linguistic	_	none	_	_	_	_	_	_
274-9	BZ001	274	9	un	un	_	_	_	_	_	linguistic	_	none	_	_	_	_	_	_
274-10	BZ001	274	10	bar	bar	_	_	_	_	_	linguistic	_	none	_	_	_	_	_	_
274-11	BZ001	274	11	eh:	eh	_	_	_	_	_	linguistic	_	none	PauseAfter=Yes	_	1x1	_	_	_
274-12	BZ001	274	12	(.)	(.)	_	_	_	_	_	shortpause	_	none	_	_	_	_	_	_
274-13	BZ001	274	13	che	che	_	_	_	_	_	linguistic	_	none	_	_	_	_	_	_
274-14	BZ001	274	14	però	però	_	_	_	_	_	linguistic	_	none	_	_	_	_	_	_
274-15	BZ001	274	15	era	era	_	_	_	_	_	linguistic	_	none	_	_	_	_	_	_
274-16	BZ001	274	16	tipo	tipo	_	_	_	_	_	linguistic	_	none	_	End=971.499	_	_	_	_
275-0	BZ001	275	0	workspace	workspace	_	_	_	_	_	linguistic	_	none	_	Begin=972.179	_	_	_	_
275-1	BZ001	275	1	condiviso	condiviso	_	_	_	_	_	linguistic	_	none	_	_	_	_	_	_
275-2	BZ001	275	2	[sai?	sai	_	_	_	_	_	linguistic	_	none	Intonation=Rising	_	_	_	_	0-3(58)
275-3	BZ001	275	3	do]ve	dove	_	_	_	_	_	linguistic	_	none	_	_	_	_	_	0-2(58)
275-4	BZ001	275	4	andavo	andavo	_	_	_	_	_	linguistic	_	none	_	_	_	_	_	_
275-5	BZ001	275	5	spesso	spesso	_	_	_	_	_	linguistic	_	none	_	_	_	_	_	_
275-6	BZ001	275	6	a	a	_	_	_	_	_	linguistic	_	none	_	_	_	_	_	_
275-7	BZ001	275	7	studiare,	studiare	_	_	_	_	_	linguistic	_	none	Intonation=WeaklyRising|PauseAfter=Yes	_	_	_	_	_
275-8	BZ001	275	8	(.)	(.)	_	_	_	_	_	shortpause	_	none	_	_	_	_	_	_
275-9	BZ001	275	9	vedevo,	vedevo	_	_	_	_	_	linguistic	_	none	Intonation=WeaklyRising	End=975.859	_	_	_	_
276-0	BZ002	276	0	[mh	mh	_	_	_	_	_	linguistic	_	none	ProsodicLink=Yes	Begin=973.339	_	_	_	0-2(58)
276-1	BZ002	276	1	mh].	mh	_	_	_	_	_	linguistic	_	none	Intonation=Falling	End=973.719	_	_	_	0-2(58)
277-0	BZ001	277	0	spesso	spesso	_	_	_	_	_	linguistic	_	none	_	Begin=976.453	_	_	_	_
277-1	BZ001	277	1	c'	c'	_	_	_	_	_	linguistic	_	none	SpaceAfter=No	_	_	_	_	_
277-2	BZ001	277	2	erano:	erano	_	_	_	_	_	linguistic	_	none	PauseAfter=Yes	_	4x1	_	_	_
277-3	BZ001	277	3	(.)	(.)	_	_	_	_	_	shortpause	_	none	_	_	_	_	_	_
277-4	BZ001	277	4	mh	mh	_	_	_	_	_	linguistic	_	none	_	_	_	_	_	_
277-5	BZ001	277	5	questi	questi	_	_	_	_	_	linguistic	_	none	_	_	_	_	_	_
277-6	BZ001	277	6	caffè	caffè	_	_	_	_	_	linguistic	_	none	_	_	_	_	_	_
277-7	BZ001	277	7	linguistici	linguistici	_	_	_	_	_	linguistic	_	none	_	_	_	_	_	_
277-8	BZ001	277	8	però	però	_	_	_	_	_	linguistic	_	none	PauseAfter=Yes	_	_	_	_	_
277-9	BZ001	277	9	(.)	(.)	_	_	_	_	_	shortpause	_	none	_	_	_	_	_	_
277-10	BZ001	277	10	a	a	_	_	_	_	_	linguistic	_	none	_	_	_	_	_	_
277-11	BZ001	277	11	due	due	_	_	_	_	_	linguistic	_	none	_	_	_	_	_	_
277-12	BZ001	277	12	sempre	sempre	_	_	_	_	_	linguistic	_	none	_	_	_	_	_	_
277-13	BZ001	277	13	no?	no	_	_	_	_	_	linguistic	_	none	Intonation=Rising	_	_	_	_	_
277-14	BZ001	277	14	[quindi	quindi	_	_	_	_	_	linguistic	_	none	_	_	_	_	_	0-6(59)
277-15	BZ001	277	15	una	una	_	_	_	_	_	linguistic	_	none	_	_	_	_	_	0-3(59)
277-16	BZ001	277	16	perso]na	persona	_	_	_	_	_	linguistic	_	none	_	_	_	_	_	0-5(59)
277-17	BZ001	277	17	di	di	_	_	_	_	_	linguistic	_	none	_	_	_	_	_	_
277-18	BZ001	277	18	una	una	_	_	_	_	_	linguistic	_	none	_	_	_	_	_	_
277-19	BZ001	277	19	elle	elle	_	_	_	_	_	linguistic	_	none	_	_	_	_	_	_
277-20	BZ001	277	20	uno	uno	_	_	_	_	_	linguistic	_	none	_	_	_	_	_	_
277-21	BZ001	277	21	una	una	_	_	_	_	_	linguistic	_	none	_	_	_	_	_	_
277-22	BZ001	277	22	persona	persona	_	_	_	_	_	linguistic	_	none	_	_	_	_	_	_
277-23	BZ001	277	23	>di	di	_	_	_	_	_	linguistic	_	none	_	_	_	Fast=0-2(0)	_	_
277-24	BZ001	277	24	un'	un'	_	_	_	_	_	linguistic	_	none	SpaceAfter=No	_	_	Fast=0-3(0)	_	_
277-25	BZ001	277	25	altra	altra	_	_	_	_	_	linguistic	_	none	_	_	_	Fast=0-5(0)	_	_
277-26	BZ001	277	26	elle1<	elle1	_	_	_	_	_	error	_	none	_	_	_	Fast=0-4(0)	_	_
277-27	BZ001	277	27	che	che	_	_	_	_	_	linguistic	_	none	_	_	_	_	_	_
277-28	BZ001	277	28	si	si	_	_	_	_	_	linguistic	_	none	_	_	_	_	_	_
277-29	BZ001	277	29	incontra[vano	incontravano	_	_	_	_	_	linguistic	_	none	_	_	_	_	_	6-12(60)
277-30	BZ001	277	30	per	per	_	_	_	_	_	linguistic	_	none	_	_	_	_	_	0-3(60)
277-31	BZ001	277	31	per	per	_	_	_	_	_	linguistic	_	none	_	_	_	_	_	0-3(60)
277-32	BZ001	277	32	parlare].	parlare	_	_	_	_	_	linguistic	_	none	Intonation=Falling	End=986.143	_	_	_	0-6(60)
278-0	BZ002	278	0	[ah	ah	_	_	_	_	_	linguistic	_	none	_	Begin=981.193	_	_	_	0-2(59)
278-1	BZ002	278	1	okay].	okay	_	_	_	_	_	linguistic	_	none	Intonation=Falling	End=981.843	_	_	_	0-4(59)
279-0	BZ002	279	0	[ah	ah	_	_	_	_	_	linguistic	_	none	_	Begin=984.733	_	_	_	0-2(60)
279-1	BZ002	279	1	no	no	_	_	_	_	_	linguistic	_	none	_	_	_	_	_	0-2(60)
279-2	BZ002	279	2	a	a	_	_	_	_	_	linguistic	_	none	_	_	_	_	_	0-1(60)
279-3	BZ002	279	3	due	due	_	_	_	_	_	linguistic	_	none	_	_	_	_	_	0-3(60)
279-4	BZ002	279	4	non	non	_	_	_	_	_	linguistic	_	none	_	_	_	_	_	0-3(60)
279-5	BZ002	279	5	(l'	l'	_	_	_	_	_	linguistic	_	none	SpaceAfter=No	_	_	_	0-2(0)	0-2(60)
279-6	BZ002	279	6	ho	ho	_	_	_	_	_	linguistic	_	none	_	_	_	_	0-2(0)	0-2(60)
279-7	BZ002	279	7	mai)	mai	_	_	_	_	_	linguistic	_	none	_	_	_	_	0-3(0)	0-3(60)
279-8	BZ002	279	8	fatto].	fatto	_	_	_	_	_	linguistic	_	none	Intonation=Falling	End=986.153	_	_	_	0-5(60)
280-0	BZ001	280	0	e	e	_	_	_	_	_	linguistic	_	none	_	Begin=986.518	_	_	_	_
280-1	BZ001	280	1	so	so	_	_	_	_	_	linguistic	_	none	_	_	_	_	_	_
280-2	BZ001	280	2	che	che	_	_	_	_	_	linguistic	_	none	_	_	_	_	_	_
280-3	BZ001	280	3	anche	anche	_	_	_	_	_	linguistic	_	none	_	_	_	_	_	_
280-4	BZ001	280	4	qui	qui	_	_	_	_	_	linguistic	_	none	_	_	_	_	_	_
280-5	BZ001	280	5	a	a	_	_	_	_	_	linguistic	_	none	_	_	_	_	_	_
280-6	BZ001	280	6	bolzano	bolzano	_	_	_	_	_	linguistic	_	none	_	_	_	_	_	_
280-7	BZ001	280	7	c'	c'	_	_	_	_	_	linguistic	_	none	SpaceAfter=No	_	_	_	_	_
280-8	BZ001	280	8	è	è	_	_	_	_	_	linguistic	_	none	_	_	_	_	_	_
280-9	BZ001	280	9	un	un	_	_	_	_	_	linguistic	_	none	_	_	_	_	_	_
280-10	BZ001	280	10	caffè	caffè	_	_	_	_	_	linguistic	_	none	_	_	_	_	_	_
280-11	BZ001	280	11	linguistico,	linguistico	_	_	_	_	_	linguistic	_	none	Intonation=WeaklyRising	_	_	_	_	_
280-12	BZ001	280	12	sempre:	sempre	_	_	_	_	_	linguistic	_	none	_	_	5x1	_	_	_
280-13	BZ001	280	13	[a	a	_	_	_	_	_	linguistic	_	none	_	_	_	_	_	0-1(61)
280-14	BZ001	280	14	coppie].	coppie	_	_	_	_	_	linguistic	_	none	Intonation=Falling	End=990.298	_	_	_	0-6(61)
281-0	BZ002	281	0	[ah].	ah	_	_	_	_	_	linguistic	_	none	Intonation=Falling	Begin=989.838|End=990.328	_	_	_	0-2(61)
282-0	BZ002	282	0	ah.	ah	_	_	_	_	_	linguistic	_	none	Intonation=Falling	Begin=990.448|End=990.8254999999999	_	_	_	_
283-0	BZ001	283	0	eh::	eh	_	_	_	_	_	linguistic	_	none	_	Begin=990.8254999999999	1x2	_	_	_
283-1	BZ001	283	1	dove	dove	_	_	_	_	_	linguistic	_	none	_	_	_	_	_	_
283-2	BZ001	283	2	magari	magari	_	_	_	_	_	linguistic	_	none	_	_	_	_	_	_
283-3	BZ001	283	3	uno	uno	_	_	_	_	_	linguistic	_	none	_	_	_	_	_	_
283-4	BZ001	283	4	è	è	_	_	_	_	_	linguistic	_	none	_	_	_	_	_	_
283-5	BZ001	283	5	madrelingua	madrelingua	_	_	_	_	_	linguistic	_	none	_	_	_	_	_	_
283-6	BZ001	283	6	tedesco	tedesco	_	_	_	_	_	linguistic	_	none	_	_	_	_	_	_
283-7	BZ001	283	7	e:	e	_	_	_	_	_	linguistic	_	none	_	End=993.733	0x1	_	_	_
284-0	BZ001	284	0	eh	eh	_	_	_	_	_	linguistic	_	none	_	Begin=994.183	_	_	_	_
284-1	BZ001	284	1	ricordo	ricordo	_	_	_	_	_	linguistic	_	none	_	_	_	_	_	_
284-2	BZ001	284	2	che	che	_	_	_	_	_	linguistic	_	none	_	_	_	_	_	_
284-3	BZ001	284	3	anche	anche	_	_	_	_	_	linguistic	_	none	_	_	_	_	_	_
284-4	BZ001	284	4	al	al	_	_	_	_	_	linguistic	_	none	_	_	_	_	_	_
284-5	BZ001	284	5	liceo	liceo	_	_	_	_	_	linguistic	_	none	_	_	_	_	_	_
284-6	BZ001	284	6	ne	ne	_	_	_	_	_	linguistic	_	none	_	_	_	_	_	_
284-7	BZ001	284	7	avevan	avevan	_	_	_	_	_	linguistic	_	none	_	_	_	_	_	_
284-8	BZ001	284	8	parlato,	parlato	_	_	_	_	_	linguistic	_	none	Intonation=WeaklyRising|PauseAfter=Yes	_	_	_	_	_
284-9	BZ001	284	9	(.)	(.)	_	_	_	_	_	shortpause	_	none	_	_	_	_	_	_
284-10	BZ001	284	10	proprio	proprio	_	_	_	_	_	linguistic	_	none	_	_	_	_	_	_
284-11	BZ001	284	11	anche	anche	_	_	_	_	_	linguistic	_	none	_	_	_	_	_	_
284-12	BZ001	284	12	nell'	nell'	_	_	_	_	_	linguistic	_	none	SpaceAfter=No	_	_	_	_	_
284-13	BZ001	284	13	ottica	ottica	_	_	_	_	_	linguistic	_	none	_	_	_	_	_	_
284-14	BZ001	284	14	di	di	_	_	_	_	_	linguistic	_	none	_	_	_	_	_	_
284-15	BZ001	284	15	approfondire	approfondire	_	_	_	_	_	linguistic	_	none	_	_	_	_	_	_
284-16	BZ001	284	16	il	il	_	_	_	_	_	linguistic	_	none	_	_	_	_	_	_
284-17	BZ001	284	17	dialetto,	dialetto	_	_	_	_	_	linguistic	_	none	Intonation=WeaklyRising|PauseAfter=Yes	_	_	_	_	_
284-18	BZ001	284	18	(.)	(.)	_	_	_	_	_	shortpause	_	none	_	_	_	_	_	_
284-19	BZ001	284	19	han	han	_	_	_	_	_	linguistic	_	none	_	_	_	_	_	_
284-20	BZ001	284	20	detto	detto	_	_	_	_	_	linguistic	_	none	_	_	_	_	_	_
284-21	BZ001	284	21	una	una	_	_	_	_	_	linguistic	_	none	_	_	_	_	_	_
284-22	BZ001	284	22	strategia	strategia	_	_	_	_	_	linguistic	_	none	_	_	_	_	_	_
284-23	BZ001	284	23	è	è	_	_	_	_	_	linguistic	_	none	_	_	_	_	_	_
284-24	BZ001	284	24	quella	quella	_	_	_	_	_	linguistic	_	none	_	_	_	_	_	_
284-25	BZ001	284	25	no?	no	_	_	_	_	_	linguistic	_	none	Intonation=Rising	_	_	_	_	_
284-26	BZ001	284	26	[nel	nel	_	_	_	_	_	linguistic	_	none	_	_	_	_	_	0-3(62)
284-27	BZ001	284	27	senso]	senso	_	_	_	_	_	linguistic	_	none	_	_	_	_	_	0-5(62)
284-28	BZ001	284	28	che	che	_	_	_	_	_	linguistic	_	none	_	_	_	_	_	_
284-29	BZ001	284	29	tu	tu	_	_	_	_	_	linguistic	_	none	_	_	_	_	_	_
284-30	BZ001	284	30	esp-	esp-	_	_	_	_	_	linguistic	_	none	Interrupted=Yes	_	_	_	_	_
284-31	BZ001	284	31	esprimi	esprimi	_	_	_	_	_	linguistic	_	none	_	_	_	_	_	_
284-32	BZ001	284	32	il	il	_	_	_	_	_	linguistic	_	none	_	_	_	_	_	_
284-33	BZ001	284	33	desiderio	desiderio	_	_	_	_	_	linguistic	_	none	_	_	_	_	_	_
284-34	BZ001	284	34	di	di	_	_	_	_	_	linguistic	_	none	_	_	_	_	_	_
284-35	BZ001	284	35	voler	voler	_	_	_	_	_	linguistic	_	none	_	_	_	_	_	_
284-36	BZ001	284	36	parlare	parlare	_	_	_	_	_	linguistic	_	none	_	_	_	_	_	_
284-37	BZ001	284	37	dialetto,	dialetto	_	_	_	_	_	linguistic	_	none	Intonation=WeaklyRising	End=1002.833	_	_	_	_
285-0	BZ002	285	0	[mh].	mh	_	_	_	_	_	linguistic	_	none	Intonation=Falling	Begin=999.983|End=1000.323	_	_	_	0-2(62)
286-0	BZ001	286	0	e	e	_	_	_	_	_	linguistic	_	none	_	Begin=1003.138	_	_	_	_
286-1	BZ001	286	1	viene	viene	_	_	_	_	_	linguistic	_	none	_	_	_	_	_	_
286-2	BZ001	286	2	una	una	_	_	_	_	_	linguistic	_	none	_	_	_	_	_	_
286-3	BZ001	286	3	persona	persona	_	_	_	_	_	linguistic	_	none	_	_	_	_	_	_
286-4	BZ001	286	4	dialettofona,	dialettofona	_	_	_	_	_	linguistic	_	none	Intonation=WeaklyRising	_	_	_	_	_
286-5	BZ001	286	5	e	e	_	_	_	_	_	linguistic	_	none	_	_	_	_	_	_
286-6	BZ001	286	6	poi	poi	_	_	_	_	_	linguistic	_	none	_	_	_	_	_	_
286-7	BZ001	286	7	magari	magari	_	_	_	_	_	linguistic	_	none	_	_	_	_	_	_
286-8	BZ001	286	8	provare,	provare	_	_	_	_	_	linguistic	_	none	Intonation=WeaklyRising	End=1005.588	_	_	_	_
287-0	BZ001	287	0	eh::	eh	_	_	_	_	_	linguistic	_	none	_	Begin=1006.248	1x2	_	_	_
287-1	BZ001	287	1	così	così	_	_	_	_	_	linguistic	_	none	_	_	_	_	_	_
287-2	BZ001	287	2	sei	sei	_	_	_	_	_	linguistic	_	none	_	_	_	_	_	_
287-3	BZ001	287	3	lì	lì	_	_	_	_	_	linguistic	_	none	_	_	_	_	_	_
287-4	BZ001	287	4	per	per	_	_	_	_	_	linguistic	_	none	_	_	_	_	_	_
287-5	BZ001	287	5	quello	quello	_	_	_	_	_	linguistic	_	none	_	_	_	_	_	_
287-6	BZ001	287	6	[quindi	quindi	_	_	_	_	_	linguistic	_	none	_	_	_	_	_	0-6(63)
287-7	BZ001	287	7	magari	magari	_	_	_	_	_	linguistic	_	none	_	_	_	_	_	0-6(63)
287-8	BZ001	287	8	è	è	_	_	_	_	_	linguistic	_	none	_	_	_	_	_	0-1(63)
287-9	BZ001	287	9	anche	anche	_	_	_	_	_	linguistic	_	none	_	_	_	_	_	0-5(63)
287-10	BZ001	287	10	un	un	_	_	_	_	_	linguistic	_	none	_	_	_	_	_	0-2(63)
287-11	BZ001	287	11	po'	po'	_	_	_	_	_	linguistic	_	none	_	_	_	_	_	0-3(63)
287-12	BZ001	287	12	più	più	_	_	_	_	_	linguistic	_	none	_	_	_	_	_	0-3(63)
287-13	BZ001	287	13	facile:]	facile	_	_	_	_	_	linguistic	_	none	_	_	5x1	_	_	0-6(63)
287-14	BZ001	287	14	non	non	_	_	_	_	_	linguistic	_	none	_	_	_	_	_	_
287-15	BZ001	287	15	vergognar[si	vergognarsi	_	_	_	_	_	linguistic	_	none	_	_	_	_	_	9-11(64)
287-16	BZ001	287	16	no]?	no	_	_	_	_	_	linguistic	_	none	Intonation=Rising	End=1010.888	_	_	_	0-2(64)
288-0	BZ002	288	0	[mh	mh	_	_	_	_	_	linguistic	_	none	ProsodicLink=Yes	Begin=1007.913	_	_	_	0-2(63)
288-1	BZ002	288	1	mh.	mh	_	_	_	_	_	linguistic	_	none	Intonation=Falling|PauseAfter=Yes	_	_	_	_	0-2(63)
288-2	BZ002	288	2	(.)	(.)	_	_	_	_	_	shortpause	_	none	_	_	_	_	_	_
288-3	BZ002	288	3	sì	sì	_	_	_	_	_	linguistic	_	none	_	_	_	_	_	0-2(63)
288-4	BZ002	288	4	sì	sì	_	_	_	_	_	linguistic	_	none	_	_	_	_	_	0-2(63)
288-5	BZ002	288	5	sì	sì	_	_	_	_	_	linguistic	_	none	_	_	_	_	_	0-2(63)
288-6	BZ002	288	6	sì].	sì	_	_	_	_	_	linguistic	_	none	Intonation=Falling	End=1009.533	_	_	_	0-2(63)
289-0	BZ002	289	0	[sì]	sì	_	_	_	_	_	linguistic	_	none	_	Begin=1010.263	_	_	_	0-2(64)
289-1	BZ002	289	1	rispetto	rispetto	_	_	_	_	_	linguistic	_	none	_	_	_	_	_	_
289-2	BZ002	289	2	al	al	_	_	_	_	_	linguistic	_	none	_	_	_	_	_	_
289-3	BZ002	289	3	lavoro,	lavoro	_	_	_	_	_	linguistic	_	none	Intonation=WeaklyRising	End=1011.573	_	_	_	_
290-0	BZ001	290	0	esatto.	esatto	_	_	_	_	_	linguistic	_	none	Intonation=Falling	Begin=1011.613	_	_	_	_
290-1	BZ001	290	1	e	e	_	_	_	_	_	linguistic	_	none	_	_	_	_	_	_
290-2	BZ001	290	2	adesso	adesso	_	_	_	_	_	linguistic	_	none	_	_	_	_	_	_
290-3	BZ001	290	3	su	su	_	_	_	_	_	linguistic	_	none	_	_	_	_	_	_
290-4	BZ001	290	4	youtube	youtube	_	_	_	_	_	linguistic	_	none	_	_	_	_	_	_
290-5	BZ001	290	5	ho	ho	_	_	_	_	_	linguistic	_	none	_	_	_	_	_	_
290-6	BZ001	290	6	visto,	visto	_	_	_	_	_	linguistic	_	none	Intonation=WeaklyRising	_	_	_	_	_
290-7	BZ001	290	7	sotto	sotto	_	_	_	_	_	linguistic	_	none	_	_	_	_	_	_
290-8	BZ001	290	8	i	i	_	_	_	_	_	linguistic	_	none	_	_	_	_	_	_
290-9	BZ001	290	9	questi	questi	_	_	_	_	_	linguistic	_	none	_	_	_	_	_	_
290-10	BZ001	290	10	video	video	_	_	_	_	_	linguistic	_	none	_	_	_	_	_	_
290-11	BZ001	290	11	che	che	_	_	_	_	_	linguistic	_	none	_	_	_	_	_	_
290-12	BZ001	290	12	ti	ti	_	_	_	_	_	linguistic	_	none	_	_	_	_	_	_
290-13	BZ001	290	13	dicevo	dicevo	_	_	_	_	_	linguistic	_	none	_	_	_	_	_	_
290-14	BZ001	290	14	prima,	prima	_	_	_	_	_	linguistic	_	none	Intonation=WeaklyRising|PauseAfter=Yes	_	_	_	_	_
290-15	BZ001	290	15	(.)	(.)	_	_	_	_	_	shortpause	_	none	_	_	_	_	_	_
290-16	BZ001	290	16	eh:	eh	_	_	_	_	_	linguistic	_	none	_	_	1x1	_	_	_
290-17	BZ001	290	17	si	si	_	_	_	_	_	linguistic	_	none	_	_	_	_	_	_
290-18	BZ001	290	18	creano	creano	_	_	_	_	_	linguistic	_	none	_	_	_	_	_	_
290-19	BZ001	290	19	questi:	questi	_	_	_	_	_	linguistic	_	none	_	_	5x1	_	_	_
290-20	BZ001	290	20	thread	thread	_	_	_	_	_	linguistic	_	none	_	_	_	_	_	_
290-21	BZ001	290	21	di	di	_	_	_	_	_	linguistic	_	none	_	_	_	_	_	_
290-22	BZ001	290	22	commenti,	commenti	_	_	_	_	_	linguistic	_	none	Intonation=WeaklyRising	_	_	_	_	_
290-23	BZ001	290	23	in	in	_	_	_	_	_	linguistic	_	none	_	_	_	_	_	_
290-24	BZ001	290	24	cui	cui	_	_	_	_	_	linguistic	_	none	_	_	_	_	_	_
290-25	BZ001	290	25	una	una	_	_	_	_	_	linguistic	_	none	_	_	_	_	_	_
290-26	BZ001	290	26	persona	persona	_	_	_	_	_	linguistic	_	none	_	_	_	_	_	_
290-27	BZ001	290	27	scrive	scrive	_	_	_	_	_	linguistic	_	none	_	_	_	_	_	_
290-28	BZ001	290	28	sono	sono	_	_	_	_	_	linguistic	_	none	_	_	_	_	_	_
290-29	BZ001	290	29	disponibile,	disponibile	_	_	_	_	_	linguistic	_	none	Intonation=WeaklyRising	_	_	_	_	_
290-30	BZ001	290	30	tipo	tipo	_	_	_	_	_	linguistic	_	none	_	_	_	_	_	_
290-31	BZ001	290	31	per	per	_	_	_	_	_	linguistic	_	none	_	_	_	_	_	_
290-32	BZ001	290	32	[videochiamate]	videochiamate	_	_	_	_	_	linguistic	_	none	_	_	_	_	_	0-13(65)
290-33	BZ001	290	33	skype	skype	_	_	_	_	_	linguistic	_	none	_	_	_	_	_	_
290-34	BZ001	290	34	in	in	_	_	_	_	_	linguistic	_	none	_	_	_	_	_	_
290-35	BZ001	290	35	portoghese	portoghese	_	_	_	_	_	linguistic	_	none	_	_	_	_	_	_
290-36	BZ001	290	36	>ho	ho	_	_	_	_	_	linguistic	_	none	_	_	_	Fast=0-2(0)	_	_
290-37	BZ001	290	37	visto	visto	_	_	_	_	_	linguistic	_	none	_	_	_	Fast=0-5(0)	_	_
290-38	BZ001	290	38	io<,	io	_	_	_	_	_	linguistic	_	none	Intonation=WeaklyRising|PauseAfter=Yes	_	_	Fast=0-2(0)	_	_
290-39	BZ001	290	39	(.)	(.)	_	_	_	_	_	shortpause	_	none	_	_	_	_	_	_
290-40	BZ001	290	40	chi	chi	_	_	_	_	_	linguistic	_	none	_	_	_	_	_	_
290-41	BZ001	290	41	vuole	vuole	_	_	_	_	_	linguistic	_	none	_	_	_	_	_	_
290-42	BZ001	290	42	mi	mi	_	_	_	_	_	linguistic	_	none	_	_	_	_	_	_
290-43	BZ001	290	43	contatti	contatti	_	_	_	_	_	linguistic	_	none	_	_	_	_	_	_
290-44	BZ001	290	44	e,	e	_	_	_	_	_	linguistic	_	none	Intonation=WeaklyRising	End=1025.473	_	_	_	_
291-0	BZ002	291	0	[ah].	ah	_	_	_	_	_	linguistic	_	none	Intonation=Falling	Begin=1021.188|End=1021.598	_	_	_	0-2(65)
292-0	BZ001	292	0	e	e	_	_	_	_	_	linguistic	_	none	_	Begin=1025.769	_	_	_	_
292-1	BZ001	292	1	magari	magari	_	_	_	_	_	linguistic	_	none	_	_	_	_	_	_
292-2	BZ001	292	2	poi	poi	_	_	_	_	_	linguistic	_	none	_	_	_	_	_	_
292-3	BZ001	292	3	quella	quella	_	_	_	_	_	linguistic	_	none	_	_	_	_	_	_
292-4	BZ001	292	4	persona	persona	_	_	_	_	_	linguistic	_	none	_	_	_	_	_	_
292-5	BZ001	292	5	vuole	vuole	_	_	_	_	_	linguistic	_	none	_	_	_	_	_	_
292-6	BZ001	292	6	imparare	imparare	_	_	_	_	_	linguistic	_	none	_	_	_	_	_	_
292-7	BZ001	292	7	l'	l'	_	_	_	_	_	linguistic	_	none	SpaceAfter=No	_	_	_	_	_
292-8	BZ001	292	8	italiano,	italiano	_	_	_	_	_	linguistic	_	none	Intonation=WeaklyRising	_	_	_	_	_
292-9	BZ001	292	9	e	e	_	_	_	_	_	linguistic	_	none	_	_	_	_	_	_
292-10	BZ001	292	10	quindi	quindi	_	_	_	_	_	linguistic	_	none	_	_	_	_	_	_
292-11	BZ001	292	11	fai	fai	_	_	_	_	_	linguistic	_	none	_	_	_	_	_	_
292-12	BZ001	292	12	una	una	_	_	_	_	_	linguistic	_	none	_	_	_	_	_	_
292-13	BZ001	292	13	videochiamata	videochiamata	_	_	_	_	_	linguistic	_	none	_	_	_	_	_	_
292-14	BZ001	292	14	[in	in	_	_	_	_	_	linguistic	_	none	_	_	_	_	_	0-2(66)
292-15	BZ001	292	15	portoghese	portoghese	_	_	_	_	_	linguistic	_	none	_	_	_	_	_	0-10(66)
292-16	BZ001	292	16	o	o	_	_	_	_	_	linguistic	_	none	_	_	_	_	_	0-1(66)
292-17	BZ001	292	17	in	in	_	_	_	_	_	linguistic	_	none	_	_	_	_	_	0-2(66)
292-18	BZ001	292	18	ita]liano,	italiano	_	_	_	_	_	linguistic	_	none	Intonation=WeaklyRising	End=1030.309	_	_	_	0-3(66)
293-0	BZ002	293	0	[eh	eh	_	_	_	_	_	linguistic	_	none	_	Begin=1028.874	_	_	_	0-2(66)
293-1	BZ002	293	1	bello].	bello	_	_	_	_	_	linguistic	_	none	Intonation=Falling	End=1029.684	_	_	_	0-5(66)
294-0	BZ001	294	0	eh	eh	_	_	_	_	_	linguistic	_	none	_	Begin=1030.854	_	_	_	_
294-1	BZ001	294	1	sì.	sì	_	_	_	_	_	linguistic	_	none	Intonation=Falling	End=1031.264	_	_	_	_
295-0	BZ001	295	0	sì	sì	_	_	_	_	_	linguistic	_	none	_	Begin=1031.724	_	_	_	_
295-1	BZ001	295	1	sì.	sì	_	_	_	_	_	linguistic	_	none	Intonation=Falling	End=1032.214	_	_	_	_
296-0	BZ001	296	0	e	e	_	_	_	_	_	linguistic	_	none	_	Begin=1032.614	_	_	_	_
296-1	BZ001	296	1	invece	invece	_	_	_	_	_	linguistic	_	none	_	_	_	_	_	_
296-2	BZ001	296	2	diciamo	diciamo	_	_	_	_	_	linguistic	_	none	_	_	_	_	_	_
296-3	BZ001	296	3	nella	nella	_	_	_	_	_	linguistic	_	none	_	_	_	_	_	_
296-4	BZ001	296	4	tua:	tua	_	_	_	_	_	linguistic	_	none	_	_	2x1	_	_	_
296-5	BZ001	296	5	rete	rete	_	_	_	_	_	linguistic	_	none	_	_	_	_	_	_
296-6	BZ001	296	6	sociale	sociale	_	_	_	_	_	linguistic	_	none	_	_	_	_	_	_
296-7	BZ001	296	7	quindi	quindi	_	_	_	_	_	linguistic	_	none	_	_	_	_	_	_
296-8	BZ001	296	8	amici	amici	_	_	_	_	_	linguistic	_	none	_	_	_	_	_	_
296-9	BZ001	296	9	e	e	_	_	_	_	_	linguistic	_	none	_	_	_	_	_	_
296-10	BZ001	296	10	così,	così	_	_	_	_	_	linguistic	_	none	Intonation=WeaklyRising	_	_	_	_	_
296-11	BZ001	296	11	come:,	come	_	_	_	_	_	linguistic	_	none	Intonation=WeaklyRising	End=1036.694	3x1	_	_	_
297-0	BZ001	297	0	c-	c-	_	_	_	_	_	linguistic	_	none	Interrupted=Yes	Begin=1037.64	_	_	_	_
297-1	BZ001	297	1	come	come	_	_	_	_	_	linguistic	_	none	_	_	_	_	_	_
297-2	BZ001	297	2	vedi	vedi	_	_	_	_	_	linguistic	_	none	_	_	_	_	_	_
297-3	BZ001	297	3	che	che	_	_	_	_	_	linguistic	_	none	_	_	_	_	_	_
297-4	BZ001	297	4	sono	sono	_	_	_	_	_	linguistic	_	none	_	_	_	_	_	_
297-5	BZ001	297	5	percepiti	percepiti	_	_	_	_	_	linguistic	_	none	_	_	_	_	_	_
297-6	BZ001	297	6	diciamo	diciamo	_	_	_	_	_	linguistic	_	none	PauseAfter=Yes	_	_	_	_	_
297-7	BZ001	297	7	(.)	(.)	_	_	_	_	_	shortpause	_	none	_	_	_	_	_	_
297-8	BZ001	297	8	o	o	_	_	_	_	_	linguistic	_	none	_	_	_	_	_	_
297-9	BZ001	297	9	come	come	_	_	_	_	_	linguistic	_	none	_	_	_	_	_	_
297-10	BZ001	297	10	è	è	_	_	_	_	_	linguistic	_	none	_	_	_	_	_	_
297-11	BZ001	297	11	percepito	percepito	_	_	_	_	_	linguistic	_	none	_	_	_	_	_	_
297-12	BZ001	297	12	il	il	_	_	_	_	_	linguistic	_	none	_	_	_	_	_	_
297-13	BZ001	297	13	sapere	sapere	_	_	_	_	_	linguistic	_	none	_	_	_	_	_	_
297-14	BZ001	297	14	tante	tante	_	_	_	_	_	linguistic	_	none	_	_	_	_	_	_
297-15	BZ001	297	15	lingue,	lingue	_	_	_	_	_	linguistic	_	none	Intonation=WeaklyRising|PauseAfter=Yes	_	_	_	_	_
297-16	BZ001	297	16	(.)	(.)	_	_	_	_	_	shortpause	_	none	_	_	_	_	_	_
297-17	BZ001	297	17	come	come	_	_	_	_	_	linguistic	_	none	_	_	_	_	_	_
297-18	BZ001	297	18	una	una	_	_	_	_	_	linguistic	_	none	_	_	_	_	_	_
297-19	BZ001	297	19	cosa	cosa	_	_	_	_	_	linguistic	_	none	_	_	_	_	_	_
297-20	BZ001	297	20	difficile,	difficile	_	_	_	_	_	linguistic	_	none	Intonation=WeaklyRising	_	_	_	_	_
297-21	BZ001	297	21	come	come	_	_	_	_	_	linguistic	_	none	_	_	_	_	_	_
297-22	BZ001	297	22	un	un	_	_	_	_	_	linguistic	_	none	_	_	_	_	_	_
297-23	BZ001	297	23	vantaggio,	vantaggio	_	_	_	_	_	linguistic	_	none	Intonation=WeaklyRising	_	_	_	_	_
297-24	BZ001	297	24	come:,	come	_	_	_	_	_	linguistic	_	none	Intonation=WeaklyRising	End=1045.504	3x1	_	_	_
298-0	BZ002	298	0	ma:::	ma	_	_	_	_	_	linguistic	_	none	_	Begin=1045.764	1x3	_	_	_
298-1	BZ002	298	1	in	in	_	_	_	_	_	linguistic	_	none	_	_	_	_	_	_
298-2	BZ002	298	2	realtà,	realtà	_	_	_	_	_	linguistic	_	none	Intonation=WeaklyRising	_	_	_	_	_
298-3	BZ002	298	3	cioè	cioè	_	_	_	_	_	linguistic	_	none	_	_	_	_	_	_
298-4	BZ002	298	4	tra	tra	_	_	_	_	_	linguistic	_	none	_	_	_	_	_	_
298-5	BZ002	298	5	i	i	_	_	_	_	_	linguistic	_	none	_	_	_	_	_	_
298-6	BZ002	298	6	miei	miei	_	_	_	_	_	linguistic	_	none	_	_	_	_	_	_
298-7	BZ002	298	7	amici	amici	_	_	_	_	_	linguistic	_	none	_	_	_	_	_	_
298-8	BZ002	298	8	tanti	tanti	_	_	_	_	_	linguistic	_	none	_	_	_	_	_	_
298-9	BZ002	298	9	sanno	sanno	_	_	_	_	_	linguistic	_	none	_	_	_	_	_	_
298-10	BZ002	298	10	più	più	_	_	_	_	_	linguistic	_	none	_	_	_	_	_	_
298-11	BZ002	298	11	lingue.	lingue	_	_	_	_	_	linguistic	_	none	Intonation=Falling	_	_	_	_	_
298-12	BZ002	298	12	c'	c'	_	_	_	_	_	linguistic	_	none	SpaceAfter=No	_	_	_	_	_
298-13	BZ002	298	13	è	è	_	_	_	_	_	linguistic	_	none	_	_	_	_	_	_
298-14	BZ002	298	14	tendenzialmente	tendenzialmente	_	_	_	_	_	linguistic	_	none	_	_	_	_	_	_
298-15	BZ002	298	15	almeno	almeno	_	_	_	_	_	linguistic	_	none	_	_	_	_	_	_
298-16	BZ002	298	16	tre	tre	_	_	_	_	_	linguistic	_	none	_	_	_	_	_	_
298-17	BZ002	298	17	tutti	tutti	_	_	_	_	_	linguistic	_	none	_	_	_	_	_	_
298-18	BZ002	298	18	e	e	_	_	_	_	_	linguistic	_	none	_	_	_	_	_	_
298-19	BZ002	298	19	e	e	_	_	_	_	_	linguistic	_	none	_	_	_	_	_	_
298-20	BZ002	298	20	almeno	almeno	_	_	_	_	_	linguistic	_	none	_	_	_	_	_	_
298-21	BZ002	298	21	quelli	quelli	_	_	_	_	_	linguistic	_	none	_	_	_	_	_	_
298-22	BZ002	298	22	di	di	_	_	_	_	_	linguistic	_	none	_	_	_	_	_	_
298-23	BZ002	298	23	bolzano	bolzano	_	_	_	_	_	linguistic	_	none	_	_	_	_	_	_
298-24	BZ002	298	24	di	di	_	_	_	_	_	linguistic	_	none	_	_	_	_	_	_
298-25	BZ002	298	25	sicuro.	sicuro	_	_	_	_	_	linguistic	_	none	Intonation=Falling	End=1054.58	_	_	_	_
299-0	BZ001	299	0	mh	mh	_	_	_	_	_	linguistic	_	none	ProsodicLink=Yes	Begin=1054.629	_	_	_	_
299-1	BZ001	299	1	mh.	mh	_	_	_	_	_	linguistic	_	none	Intonation=Falling	End=1054.929	_	_	_	_
300-0	BZ002	300	0	eh::	eh	_	_	_	_	_	linguistic	_	none	_	Begin=1055.144	1x2	_	_	_
300-1	BZ002	300	1	avevo	avevo	_	_	_	_	_	linguistic	_	none	_	_	_	_	_	_
300-2	BZ002	300	2	visto	visto	_	_	_	_	_	linguistic	_	none	_	_	_	_	_	_
300-3	BZ002	300	3	molta	molta	_	_	_	_	_	linguistic	_	none	_	_	_	_	_	_
300-4	BZ002	300	4	differenza	differenza	_	_	_	_	_	linguistic	_	none	_	_	_	_	_	_
300-5	BZ002	300	5	quand'	quand'	_	_	_	_	_	linguistic	_	none	SpaceAfter=No	_	_	_	_	_
300-6	BZ002	300	6	ero	ero	_	_	_	_	_	linguistic	_	none	_	_	_	_	_	_
300-7	BZ002	300	7	andata	andata	_	_	_	_	_	linguistic	_	none	_	_	_	_	_	_
300-8	BZ002	300	8	in	in	_	_	_	_	_	linguistic	_	none	_	_	_	_	_	_
300-9	BZ002	300	9	germania	germania	_	_	_	_	_	linguistic	_	none	_	_	_	_	_	_
300-10	BZ002	300	10	perché	perché	_	_	_	_	_	linguistic	_	none	_	_	_	_	_	_
300-11	BZ002	300	11	lì	lì	_	_	_	_	_	linguistic	_	none	_	_	_	_	_	_
300-12	BZ002	300	12	invece	invece	_	_	_	_	_	linguistic	_	none	_	_	_	_	_	_
300-13	BZ002	300	13	mh	mh	_	_	_	_	_	linguistic	_	none	_	_	_	_	_	_
300-14	BZ002	300	14	già	già	_	_	_	_	_	linguistic	_	none	_	_	_	_	_	_
300-15	BZ002	300	15	sapere	sapere	_	_	_	_	_	linguistic	_	none	_	_	_	_	_	_
300-16	BZ002	300	16	due	due	_	_	_	_	_	linguistic	_	none	_	_	_	_	_	_
300-17	BZ002	300	17	lingue	lingue	_	_	_	_	_	linguistic	_	none	_	_	_	_	_	_
300-18	BZ002	300	18	era:	era	_	_	_	_	_	linguistic	_	none	_	_	2x1	_	_	_
300-19	BZ002	300	19	c'	c'	_	_	_	_	_	linguistic	_	none	SpaceAfter=No	_	_	_	_	_
300-20	BZ002	300	20	è	è	_	_	_	_	_	linguistic	_	none	_	_	_	_	_	_
300-21	BZ002	300	21	sapevano	sapevano	_	_	_	_	_	linguistic	_	none	_	_	_	_	_	_
300-22	BZ002	300	22	tedesco	tedesco	_	_	_	_	_	linguistic	_	none	_	_	_	_	_	_
300-23	BZ002	300	23	inglese.	inglese	_	_	_	_	_	linguistic	_	none	Intonation=Falling	End=1063.944	_	_	_	_
301-0	BZ002	301	0	in	in	_	_	_	_	_	linguistic	_	none	_	Begin=1064.364	_	_	_	_
301-1	BZ002	301	1	pochi	pochi	_	_	_	_	_	linguistic	_	none	_	_	_	_	_	_
301-2	BZ002	301	2	sapevano	sapevano	_	_	_	_	_	linguistic	_	none	_	_	_	_	_	_
301-3	BZ002	301	3	la	la	_	_	_	_	_	linguistic	_	none	_	_	_	_	_	_
301-4	BZ002	301	4	terza	terza	_	_	_	_	_	linguistic	_	none	_	_	_	_	_	_
301-5	BZ002	301	5	lingua,	lingua	_	_	_	_	_	linguistic	_	none	Intonation=WeaklyRising	_	_	_	_	_
301-6	BZ002	301	6	almeno	almeno	_	_	_	_	_	linguistic	_	none	_	_	_	_	_	_
301-7	BZ002	301	7	nel	nel	_	_	_	_	_	linguistic	_	none	_	_	_	_	_	_
301-8	BZ002	301	8	contesto	contesto	_	_	_	_	_	linguistic	_	none	_	_	_	_	_	_
301-9	BZ002	301	9	in	in	_	_	_	_	_	linguistic	_	none	_	_	_	_	_	_
301-10	BZ002	301	10	cui	cui	_	_	_	_	_	linguistic	_	none	_	_	_	_	_	_
301-11	BZ002	301	11	ero	ero	_	_	_	_	_	linguistic	_	none	_	_	_	_	_	_
301-12	BZ002	301	12	io.	io	_	_	_	_	_	linguistic	_	none	Intonation=Falling	End=1068.634	_	_	_	_
302-0	BZ002	302	0	eh::	eh	_	_	_	_	_	linguistic	_	none	_	Begin=1069.32	1x2	_	_	_
302-1	BZ002	302	1	però	però	_	_	_	_	_	linguistic	_	none	_	_	_	_	_	_
302-2	BZ002	302	2	no,	no	_	_	_	_	_	linguistic	_	none	Intonation=WeaklyRising	_	_	_	_	_
302-3	BZ002	302	3	mh	mh	_	_	_	_	_	linguistic	_	none	_	_	_	_	_	_
302-4	BZ002	302	4	tra	tra	_	_	_	_	_	linguistic	_	none	_	_	_	_	_	_
302-5	BZ002	302	5	i	i	_	_	_	_	_	linguistic	_	none	_	_	_	_	_	_
302-6	BZ002	302	6	miei	miei	_	_	_	_	_	linguistic	_	none	_	_	_	_	_	_
302-7	BZ002	302	7	amici	amici	_	_	_	_	_	linguistic	_	none	_	_	_	_	_	_
302-8	BZ002	302	8	almeno	almeno	_	_	_	_	_	linguistic	_	none	PauseAfter=Yes	_	_	_	_	_
302-9	BZ002	302	9	(.)	(.)	_	_	_	_	_	shortpause	_	none	_	_	_	_	_	_
302-10	BZ002	302	10	col	col	_	_	_	_	_	linguistic	_	none	_	_	_	_	_	_
302-11	BZ002	302	11	fatto	fatto	_	_	_	_	_	linguistic	_	none	_	_	_	_	_	_
302-12	BZ002	302	12	che	che	_	_	_	_	_	linguistic	_	none	_	_	_	_	_	_
302-13	BZ002	302	13	adesso	adesso	_	_	_	_	_	linguistic	_	none	_	_	_	_	_	_
302-14	BZ002	302	14	tanti	tanti	_	_	_	_	_	linguistic	_	none	_	_	_	_	_	_
302-15	BZ002	302	15	erano	erano	_	_	_	_	_	linguistic	_	none	_	_	_	_	_	_
302-16	BZ002	302	16	universitari	universitari	_	_	_	_	_	linguistic	_	none	_	_	_	_	_	_
302-17	BZ002	302	17	e	e	_	_	_	_	_	linguistic	_	none	_	_	_	_	_	_
302-18	BZ002	302	18	quindi	quindi	_	_	_	_	_	linguistic	_	none	_	_	_	_	_	_
302-19	BZ002	302	19	spesso	spesso	_	_	_	_	_	linguistic	_	none	_	_	_	_	_	_
302-20	BZ002	302	20	hai	hai	_	_	_	_	_	linguistic	_	none	_	_	_	_	_	_
302-21	BZ002	302	21	anche	anche	_	_	_	_	_	linguistic	_	none	_	_	_	_	_	_
302-22	BZ002	302	22	g:li	gli	_	_	_	_	_	linguistic	_	none	_	_	0x1	_	_	_
302-23	BZ002	302	23	obblighi	obblighi	_	_	_	_	_	linguistic	_	none	_	_	_	_	_	_
302-24	BZ002	302	24	delle	delle	_	_	_	_	_	linguistic	_	none	_	_	_	_	_	_
302-25	BZ002	302	25	lingue,	lingue	_	_	_	_	_	linguistic	_	none	Intonation=WeaklyRising	_	_	_	_	_
302-26	BZ002	302	26	tutti	tutti	_	_	_	_	_	linguistic	_	none	_	_	_	_	_	_
302-27	BZ002	302	27	sapeva[no	sapevano	_	_	_	_	_	linguistic	_	none	_	_	_	_	_	6-8(67)
302-28	BZ002	302	28	più	più	_	_	_	_	_	linguistic	_	none	_	_	_	_	_	0-3(67)
302-29	BZ002	302	29	o	o	_	_	_	_	_	linguistic	_	none	_	_	_	_	_	0-1(67)
302-30	BZ002	302	30	meno]	meno	_	_	_	_	_	linguistic	_	none	_	_	_	_	_	0-4(67)
302-31	BZ002	302	31	tre	tre	_	_	_	_	_	linguistic	_	none	_	_	_	_	_	_
302-32	BZ002	302	32	lingue,	lingue	_	_	_	_	_	linguistic	_	none	Intonation=WeaklyRising	End=1079.73	_	_	_	_
303-0	BZ001	303	0	[mh	mh	_	_	_	_	_	linguistic	_	none	ProsodicLink=Yes	Begin=1078.17	_	_	_	0-2(67)
303-1	BZ001	303	1	mh].	mh	_	_	_	_	_	linguistic	_	none	Intonation=Falling	End=1078.64	_	_	_	0-2(67)
304-0	BZ002	304	0	chi:	chi	_	_	_	_	_	linguistic	_	none	_	Begin=1080.39	2x1	_	_	_
304-1	BZ002	304	1	più	più	_	_	_	_	_	linguistic	_	none	_	_	_	_	_	_
304-2	BZ002	304	2	chi	chi	_	_	_	_	_	linguistic	_	none	_	_	_	_	_	_
304-3	BZ002	304	3	meno	meno	_	_	_	_	_	linguistic	_	none	_	_	_	_	_	_
304-4	BZ002	304	4	ma,	ma	_	_	_	_	_	linguistic	_	none	Intonation=WeaklyRising	End=1081.95	_	_	_	_
305-0	BZ001	305	0	quindi	quindi	_	_	_	_	_	linguistic	_	none	_	Begin=1082.381	_	_	_	_
305-1	BZ001	305	1	sì	sì	_	_	_	_	_	linguistic	_	none	_	_	_	_	_	_
305-2	BZ001	305	2	a	a	_	_	_	_	_	linguistic	_	none	_	_	_	_	_	_
305-3	BZ001	305	3	livello	livello	_	_	_	_	_	linguistic	_	none	_	_	_	_	_	_
305-4	BZ001	305	4	generazionale	generazionale	_	_	_	_	_	linguistic	_	none	_	_	_	_	_	_
305-5	BZ001	305	5	forse	forse	_	_	_	_	_	linguistic	_	none	_	_	_	_	_	_
305-6	BZ001	305	6	è	è	_	_	_	_	_	linguistic	_	none	_	_	_	_	_	_
305-7	BZ001	305	7	molto	molto	_	_	_	_	_	linguistic	_	none	_	_	_	_	_	_
305-8	BZ001	305	8	più	più	_	_	_	_	_	linguistic	_	none	_	_	_	_	_	_
305-9	BZ001	305	9	diffuso	diffuso	_	_	_	_	_	linguistic	_	none	_	_	_	_	_	_
305-10	BZ001	305	10	adesso	adesso	_	_	_	_	_	linguistic	_	none	_	_	_	_	_	_
305-11	BZ001	305	11	il	il	_	_	_	_	_	linguistic	_	none	_	_	_	_	_	_
305-12	BZ001	305	12	[sapere	sapere	_	_	_	_	_	linguistic	_	none	_	_	_	_	_	0-6(68)
305-13	BZ001	305	13	tante	tante	_	_	_	_	_	linguistic	_	none	_	_	_	_	_	0-5(68)
305-14	BZ001	305	14	lingue].	lingue	_	_	_	_	_	linguistic	_	none	Intonation=Falling	End=1086.761	_	_	_	0-6(68)
306-0	BZ002	306	0	[sì	sì	_	_	_	_	_	linguistic	_	none	PauseAfter=Yes	Begin=1085.596	_	_	_	0-2(68)
306-1	BZ002	306	1	(.)	(.)	_	_	_	_	_	shortpause	_	none	_	_	_	_	_	_
306-2	BZ002	306	2	sì].	sì	_	_	_	_	_	linguistic	_	none	Intonation=Falling	End=1086.766	_	_	_	0-2(68)
307-0	BZ002	307	0	secondo	secondo	_	_	_	_	_	linguistic	_	none	_	Begin=1087.616	_	_	_	_
307-1	BZ002	307	1	me	me	_	_	_	_	_	linguistic	_	none	_	_	_	_	_	_
307-2	BZ002	307	2	sì,	sì	_	_	_	_	_	linguistic	_	none	Intonation=WeaklyRising|PauseAfter=Yes	_	_	_	_	_
307-3	BZ002	307	3	(.)	(.)	_	_	_	_	_	shortpause	_	none	_	_	_	_	_	_
307-4	BZ002	307	4	cioè	cioè	_	_	_	_	_	linguistic	_	none	PauseAfter=Yes	_	_	_	_	_
307-5	BZ002	307	5	(.)	(.)	_	_	_	_	_	shortpause	_	none	_	_	_	_	_	_
307-6	BZ002	307	6	se	se	_	_	_	_	_	linguistic	_	none	_	_	_	_	_	_
307-7	BZ002	307	7	vedo	vedo	_	_	_	_	_	linguistic	_	none	_	_	_	_	_	_
307-8	BZ002	307	8	anche	anche	_	_	_	_	_	linguistic	_	none	_	_	_	_	_	_
307-9	BZ002	307	9	tipo:,	tipo	_	_	_	_	_	linguistic	_	none	Intonation=WeaklyRising	End=1090.396	3x1	_	_	_
308-0	BZ002	308	0	da	da	_	_	_	_	_	linguistic	_	none	_	Begin=1090.856	_	_	_	_
308-1	BZ002	308	1	me,	me	_	_	_	_	_	linguistic	_	none	Intonation=WeaklyRising	End=1091.356	_	_	_	_
309-0	BZ002	309	0	mia	mia	_	_	_	_	_	linguistic	_	none	_	Begin=1091.956	_	_	_	_
309-1	BZ002	309	1	sorella	sorella	_	_	_	_	_	linguistic	_	none	_	_	_	_	_	_
309-2	BZ002	309	2	ha	ha	_	_	_	_	_	linguistic	_	none	_	_	_	_	_	_
309-3	BZ002	309	3	un	un	_	_	_	_	_	linguistic	_	none	_	_	_	_	_	_
309-4	BZ002	309	4	anno	anno	_	_	_	_	_	linguistic	_	none	_	_	_	_	_	_
309-5	BZ002	309	5	in	in	_	_	_	_	_	linguistic	_	none	_	_	_	_	_	_
309-6	BZ002	309	6	più	più	_	_	_	_	_	linguistic	_	none	_	_	_	_	_	_
309-7	BZ002	309	7	di	di	_	_	_	_	_	linguistic	_	none	_	_	_	_	_	_
309-8	BZ002	309	8	me,	me	_	_	_	_	_	linguistic	_	none	Intonation=WeaklyRising	_	_	_	_	_
309-9	BZ002	309	9	e	e	_	_	_	_	_	linguistic	_	none	_	_	_	_	_	_
309-10	BZ002	309	10	lei	lei	_	_	_	_	_	linguistic	_	none	_	_	_	_	_	_
309-11	BZ002	309	11	all'	all'	_	_	_	_	_	linguistic	_	none	SpaceAfter=No	_	_	_	_	_
309-12	BZ002	309	12	asilo	asilo	_	_	_	_	_	linguistic	_	none	_	_	_	_	_	_
309-13	BZ002	309	13	non	non	_	_	_	_	_	linguistic	_	none	_	_	_	_	_	_
309-14	BZ002	309	14	faceva	faceva	_	_	_	_	_	linguistic	_	none	_	_	_	_	_	_
309-15	BZ002	309	15	inglese	inglese	_	_	_	_	_	linguistic	_	none	_	_	_	_	_	_
309-16	BZ002	309	16	io	io	_	_	_	_	_	linguistic	_	none	_	_	_	_	_	_
309-17	BZ002	309	17	son	son	_	_	_	_	_	linguistic	_	none	_	_	_	_	_	_
309-18	BZ002	309	18	stata	stata	_	_	_	_	_	linguistic	_	none	_	_	_	_	_	_
309-19	BZ002	309	19	al	al	_	_	_	_	_	linguistic	_	none	_	_	_	_	_	_
309-20	BZ002	309	20	primo	primo	_	_	_	_	_	linguistic	_	none	_	_	_	_	_	_
309-21	BZ002	309	21	anno	anno	_	_	_	_	_	linguistic	_	none	_	_	_	_	_	_
309-22	BZ002	309	22	>almeno	almeno	_	_	_	_	_	linguistic	_	none	_	_	_	Fast=0-6(0)	_	_
309-23	BZ002	309	23	nel	nel	_	_	_	_	_	linguistic	_	none	_	_	_	Fast=0-3(0)	_	_
309-24	BZ002	309	24	mio	mio	_	_	_	_	_	linguistic	_	none	_	_	_	Fast=0-3(0)	_	_
309-25	BZ002	309	25	asilo	asilo	_	_	_	_	_	linguistic	_	none	_	_	_	Fast=0-5(0)	_	_
309-26	BZ002	309	26	che	che	_	_	_	_	_	linguistic	_	none	_	_	_	Fast=0-3(0)	_	_
309-27	BZ002	309	27	avevo	avevo	_	_	_	_	_	linguistic	_	none	_	_	_	Fast=0-5(0)	_	_
309-28	BZ002	309	28	iniziato	iniziato	_	_	_	_	_	linguistic	_	none	_	_	_	Fast=0-8(0)	_	_
309-29	BZ002	309	29	a	a	_	_	_	_	_	linguistic	_	none	_	_	_	Fast=0-1(0)	_	_
309-30	BZ002	309	30	fare	fare	_	_	_	_	_	linguistic	_	none	_	_	_	Fast=0-4(0)	_	_
309-31	BZ002	309	31	inglese<,	inglese	_	_	_	_	_	linguistic	_	none	Intonation=WeaklyRising|PauseAfter=Yes	_	_	Fast=0-7(0)	_	_
309-32	BZ002	309	32	(.)	(.)	_	_	_	_	_	shortpause	_	none	_	_	_	_	_	_
309-33	BZ002	309	33	e	e	_	_	_	_	_	linguistic	_	none	_	_	_	_	_	_
309-34	BZ002	309	34	se	se	_	_	_	_	_	linguistic	_	none	_	_	_	_	_	_
309-35	BZ002	309	35	guardo	guardo	_	_	_	_	_	linguistic	_	none	_	_	_	_	_	_
309-36	BZ002	309	36	i	i	_	_	_	_	_	linguistic	_	none	_	_	_	_	_	_
309-37	BZ002	309	37	miei	miei	_	_	_	_	_	linguistic	_	none	_	_	_	_	_	_
309-38	BZ002	309	38	cugini	cugini	_	_	_	_	_	linguistic	_	none	_	_	_	_	_	_
309-39	BZ002	309	39	più	più	_	_	_	_	_	linguistic	_	none	_	_	_	_	_	_
309-40	BZ002	309	40	piccoli	piccoli	_	_	_	_	_	linguistic	_	none	_	_	_	_	_	_
309-41	BZ002	309	41	mio	mio	_	_	_	_	_	linguistic	_	none	_	_	_	_	_	_
309-42	BZ002	309	42	cugino	cugino	_	_	_	_	_	linguistic	_	none	_	_	_	_	_	_
309-43	BZ002	309	43	adesso	adesso	_	_	_	_	_	linguistic	_	none	_	_	_	_	_	_
309-44	BZ002	309	44	ha	ha	_	_	_	_	_	linguistic	_	none	_	_	_	_	_	_
309-45	BZ002	309	45	finito	finito	_	_	_	_	_	linguistic	_	none	_	_	_	_	_	_
309-46	BZ002	309	46	adesso	adesso	_	_	_	_	_	linguistic	_	none	_	_	_	_	_	_
309-47	BZ002	309	47	la	la	_	_	_	_	_	linguistic	_	none	_	_	_	_	_	_
309-48	BZ002	309	48	terza	terza	_	_	_	_	_	linguistic	_	none	_	_	_	_	_	_
309-49	BZ002	309	49	media	media	_	_	_	_	_	linguistic	_	none	_	_	_	_	_	_
309-50	BZ002	309	50	e	e	_	_	_	_	_	linguistic	_	none	_	_	_	_	_	_
309-51	BZ002	309	51	sta	sta	_	_	_	_	_	linguistic	_	none	_	_	_	_	_	_
309-52	BZ002	309	52	studiando	studiando	_	_	_	_	_	linguistic	_	none	_	_	_	_	_	_
309-53	BZ002	309	53	giapponese.	giapponese	_	_	_	_	_	linguistic	_	none	Intonation=Falling	_	_	_	_	_
309-54	BZ002	309	54	cioè	cioè	_	_	_	_	_	linguistic	_	none	_	End=1103.27	_	_	_	_
310-0	BZ001	310	0	ah	ah	_	_	_	_	_	linguistic	_	none	_	Begin=1103.288	_	_	_	_
310-1	BZ001	310	1	[sì]?	sì	_	_	_	_	_	linguistic	_	none	Intonation=Rising	End=1103.728	_	_	_	0-2(69)
311-0	BZ002	311	0	[se]	se	_	_	_	_	_	linguistic	_	none	_	Begin=1103.533	_	_	_	0-2(69)
311-1	BZ002	311	1	l'	l'	_	_	_	_	_	linguistic	_	none	SpaceAfter=No	_	_	_	_	_
311-2	BZ002	311	2	avessi	avessi	_	_	_	_	_	linguistic	_	none	_	_	_	_	_	_
311-3	BZ002	311	3	fatto	fatto	_	_	_	_	_	linguistic	_	none	_	_	_	_	_	_
311-4	BZ002	311	4	io	io	_	_	_	_	_	linguistic	_	none	_	_	_	_	_	_
311-5	BZ002	311	5	sarei	sarei	_	_	_	_	_	linguistic	_	none	_	_	_	_	_	_
311-6	BZ002	311	6	sembrato:	sembrato	_	_	_	_	_	linguistic	_	none	_	_	7x1	_	_	_
311-7	BZ002	311	7	u:n	un	_	_	_	_	_	linguistic	_	none	_	_	0x1	_	_	_
311-8	BZ002	311	8	genio	genio	_	_	_	_	_	linguistic	_	none	_	_	_	_	_	_
311-9	BZ002	311	9	nella	nella	_	_	_	_	_	linguistic	_	none	_	_	_	_	_	_
311-10	BZ002	311	10	mia	mia	_	_	_	_	_	linguistic	_	none	_	_	_	_	_	_
311-11	BZ002	311	11	famiglia,	famiglia	_	_	_	_	_	linguistic	_	none	Intonation=WeaklyRising	_	_	_	_	_
311-12	BZ002	311	12	però	però	_	_	_	_	_	linguistic	_	none	_	_	_	_	_	_
311-13	BZ002	311	13	adesso	adesso	_	_	_	_	_	linguistic	_	none	_	_	_	_	_	_
311-14	BZ002	311	14	almeno	almeno	_	_	_	_	_	linguistic	_	none	_	End=1107.833	_	_	_	_
312-0	BZ002	312	0	guardando:	guardando	_	_	_	_	_	linguistic	_	none	_	Begin=1108.483|End=1109.373	8x1	_	_	_
313-0	BZ002	313	0	io	io	_	_	_	_	_	linguistic	_	none	_	Begin=1109.693	_	_	_	_
313-1	BZ002	313	1	ho	ho	_	_	_	_	_	linguistic	_	none	_	_	_	_	_	_
313-2	BZ002	313	2	molti	molti	_	_	_	_	_	linguistic	_	none	_	_	_	_	_	_
313-3	BZ002	313	3	casi	casi	_	_	_	_	_	linguistic	_	none	_	_	_	_	_	_
313-4	BZ002	313	4	da	da	_	_	_	_	_	linguistic	_	none	_	End=1111.353	_	_	_	_
314-0	BZ002	314	0	di	di	_	_	_	_	_	linguistic	_	none	_	Begin=1111.768	_	_	_	_
314-1	BZ002	314	1	cugini	cugini	_	_	_	_	_	linguistic	_	none	_	_	_	_	_	_
314-2	BZ002	314	2	e	e	_	_	_	_	_	linguistic	_	none	_	_	_	_	_	_
314-3	BZ002	314	3	fratelli	fratelli	_	_	_	_	_	linguistic	_	none	_	_	_	_	_	_
314-4	BZ002	314	4	quindi	quindi	_	_	_	_	_	linguistic	_	none	_	_	_	_	_	_
314-5	BZ002	314	5	vedo	vedo	_	_	_	_	_	linguistic	_	none	_	_	_	_	_	_
314-6	BZ002	314	6	che	che	_	_	_	_	_	linguistic	_	none	_	_	_	_	_	_
314-7	BZ002	314	7	anche	anche	_	_	_	_	_	linguistic	_	none	_	_	_	_	_	_
314-8	BZ002	314	8	nei	nei	_	_	_	_	_	linguistic	_	none	_	_	_	_	_	_
314-9	BZ002	314	9	miei	miei	_	_	_	_	_	linguistic	_	none	_	_	_	_	_	_
314-10	BZ002	314	10	cugini	cugini	_	_	_	_	_	linguistic	_	none	_	_	_	_	_	_
314-11	BZ002	314	11	più	più	_	_	_	_	_	linguistic	_	none	_	_	_	_	_	_
314-12	BZ002	314	12	piccoli	piccoli	_	_	_	_	_	linguistic	_	none	_	_	_	_	_	_
314-13	BZ002	314	13	è	è	_	_	_	_	_	linguistic	_	none	_	_	_	_	_	_
314-14	BZ002	314	14	quasi	quasi	_	_	_	_	_	linguistic	_	none	_	_	_	_	_	_
314-15	BZ002	314	15	più	più	_	_	_	_	_	linguistic	_	none	_	_	_	_	_	_
314-16	BZ002	314	16	scontato:	scontato	_	_	_	_	_	linguistic	_	none	_	_	7x1	_	_	_
314-17	BZ002	314	17	[loro]	loro	_	_	_	_	_	linguistic	_	none	_	_	_	_	_	0-4(70)
314-18	BZ002	314	18	hanno	hanno	_	_	_	_	_	linguistic	_	none	_	_	_	_	_	_
314-19	BZ002	314	19	fatto	fatto	_	_	_	_	_	linguistic	_	none	_	_	_	_	_	_
314-20	BZ002	314	20	anche	anche	_	_	_	_	_	linguistic	_	none	_	_	_	_	_	_
314-21	BZ002	314	21	le	le	_	_	_	_	_	linguistic	_	none	_	_	_	_	_	_
314-22	BZ002	314	22	scuole	scuole	_	_	_	_	_	linguistic	_	none	_	_	_	_	_	_
314-23	BZ002	314	23	tedesche,	tedesche	_	_	_	_	_	linguistic	_	none	Intonation=WeaklyRising	_	_	_	_	_
314-24	BZ002	314	24	quindi	quindi	_	_	_	_	_	linguistic	_	none	_	_	_	_	_	_
314-25	BZ002	314	25	parlano	parlano	_	_	_	_	_	linguistic	_	none	_	_	_	_	_	_
314-26	BZ002	314	26	perfettamente,	perfettamente	_	_	_	_	_	linguistic	_	none	Intonation=WeaklyRising	End=1120.308	_	_	_	_
315-0	BZ001	315	0	[ah].	ah	_	_	_	_	_	linguistic	_	none	Intonation=Falling	Begin=1116.498|End=1116.778	_	_	_	0-2(70)
316-0	BZ002	316	0	italiano	italiano	_	_	_	_	_	linguistic	_	none	_	Begin=1120.933	_	_	_	_
316-1	BZ002	316	1	e	e	_	_	_	_	_	linguistic	_	none	_	_	_	_	_	_
316-2	BZ002	316	2	tedesco,	tedesco	_	_	_	_	_	linguistic	_	none	Intonation=WeaklyRising|PauseAfter=Yes	_	_	_	_	_
316-3	BZ002	316	3	(.)	(.)	_	_	_	_	_	shortpause	_	none	_	_	_	_	_	_
316-4	BZ002	316	4	e	e	_	_	_	_	_	linguistic	_	none	_	End=1123.073	_	_	_	_
317-0	BZ002	317	0	inglese	inglese	_	_	_	_	_	linguistic	_	none	_	Begin=1123.378	_	_	_	_
317-1	BZ002	317	1	in	in	_	_	_	_	_	linguistic	_	none	_	_	_	_	_	_
317-2	BZ002	317	2	più,	più	_	_	_	_	_	linguistic	_	none	Intonation=WeaklyRising|PauseAfter=Yes	_	_	_	_	_
317-3	BZ002	317	3	(.)	(.)	_	_	_	_	_	shortpause	_	none	_	_	_	_	_	_
317-4	BZ002	317	4	e	e	_	_	_	_	_	linguistic	_	none	_	_	_	_	_	_
317-5	BZ002	317	5	un'	un'	_	_	_	_	_	linguistic	_	none	SpaceAfter=No	_	_	_	_	_
317-6	BZ002	317	6	altra	altra	_	_	_	_	_	linguistic	_	none	_	_	_	_	_	_
317-7	BZ002	317	7	lingua	lingua	_	_	_	_	_	linguistic	_	none	_	_	_	_	_	_
317-8	BZ002	317	8	in	in	_	_	_	_	_	linguistic	_	none	_	_	_	_	_	_
317-9	BZ002	317	9	più.	più	_	_	_	_	_	linguistic	_	none	Intonation=Falling	_	_	_	_	_
317-10	BZ002	317	10	quindi	quindi	_	_	_	_	_	linguistic	_	none	_	_	_	_	_	_
317-11	BZ002	317	11	stanno	stanno	_	_	_	_	_	linguistic	_	none	_	_	_	_	_	_
317-12	BZ002	317	12	crescendo	crescendo	_	_	_	_	_	linguistic	_	none	_	_	_	_	_	_
317-13	BZ002	317	13	molto	molto	_	_	_	_	_	linguistic	_	none	_	_	_	_	_	_
317-14	BZ002	317	14	più	più	_	_	_	_	_	linguistic	_	none	_	End=1127.508	_	_	_	_
318-0	BZ001	318	0	però.	però	_	_	_	_	_	linguistic	_	none	Intonation=Falling	Begin=1127.978|End=1128.298	_	_	_	_
319-0	BZ002	319	0	con	con	_	_	_	_	_	linguistic	_	none	_	Begin=1128.543	_	_	_	_
319-1	BZ002	319	1	più	più	_	_	_	_	_	linguistic	_	none	_	_	_	_	_	_
319-2	BZ002	319	2	lingue	lingue	_	_	_	_	_	linguistic	_	none	_	_	_	_	_	_
319-3	BZ002	319	3	sì.	sì	_	_	_	_	_	linguistic	_	none	Intonation=Falling	End=1129.393	_	_	_	_
320-0	BZ001	320	0	e	e	_	_	_	_	_	linguistic	_	none	_	Begin=1129.603	_	_	_	_
320-1	BZ001	320	1	rispetto	rispetto	_	_	_	_	_	linguistic	_	none	_	_	_	_	_	_
320-2	BZ001	320	2	al	al	_	_	_	_	_	linguistic	_	none	_	_	_	_	_	_
320-3	BZ001	320	3	tedesco	tedesco	_	_	_	_	_	linguistic	_	none	_	_	_	_	_	_
320-4	BZ001	320	4	invece	invece	_	_	_	_	_	linguistic	_	none	_	_	_	_	_	_
320-5	BZ001	320	5	i	i	_	_	_	_	_	linguistic	_	none	_	_	_	_	_	_
320-6	BZ001	320	6	tuoi	tuoi	_	_	_	_	_	linguistic	_	none	_	_	_	_	_	_
320-7	BZ001	320	7	amici	amici	_	_	_	_	_	linguistic	_	none	_	_	_	_	_	_
320-8	BZ001	320	8	bolzanini,	bolzanini	_	_	_	_	_	linguistic	_	none	Intonation=WeaklyRising	_	_	_	_	_
320-9	BZ001	320	9	come:	come	_	_	_	_	_	linguistic	_	none	_	_	3x1	_	_	_
320-10	BZ001	320	10	come	come	_	_	_	_	_	linguistic	_	none	_	_	_	_	_	_
320-11	BZ001	320	11	li	li	_	_	_	_	_	linguistic	_	none	_	_	_	_	_	_
320-12	BZ001	320	12	vedi	vedi	_	_	_	_	_	linguistic	_	none	_	_	_	_	_	_
320-13	BZ001	320	13	ci	ci	_	_	_	_	_	linguistic	_	none	_	_	_	_	_	_
320-14	BZ001	320	14	son-	son-	_	_	_	_	_	linguistic	_	none	Interrupted=Yes	_	_	_	_	_
320-15	BZ001	320	15	magari	magari	_	_	_	_	_	linguistic	_	none	_	_	_	_	_	_
320-16	BZ001	320	16	tanti	tanti	_	_	_	_	_	linguistic	_	none	_	_	_	_	_	_
320-17	BZ001	320	17	hanno	hanno	_	_	_	_	_	linguistic	_	none	_	_	_	_	_	_
320-18	BZ001	320	18	approfondito	approfondito	_	_	_	_	_	linguistic	_	none	_	_	_	_	_	_
320-19	BZ001	320	19	anche	anche	_	_	_	_	_	linguistic	_	none	_	_	_	_	_	_
320-20	BZ001	320	20	i	i	_	_	_	_	_	linguistic	_	none	_	_	_	_	_	_
320-21	BZ001	320	21	dialetti	dialetti	_	_	_	_	_	linguistic	_	none	_	_	_	_	_	_
320-22	BZ001	320	22	sanno	sanno	_	_	_	_	_	linguistic	_	none	_	_	_	_	_	_
320-23	BZ001	320	23	parlare	parlare	_	_	_	_	_	linguistic	_	none	_	_	_	_	_	_
320-24	BZ001	320	24	anche	anche	_	_	_	_	_	linguistic	_	none	_	_	_	_	_	_
320-25	BZ001	320	25	i	i	_	_	_	_	_	linguistic	_	none	_	_	_	_	_	_
320-26	BZ001	320	26	dialetti	dialetti	_	_	_	_	_	linguistic	_	none	_	_	_	_	_	_
320-27	BZ001	320	27	oppure:	oppure	_	_	_	_	_	linguistic	_	none	PauseAfter=Yes	_	5x1	_	_	_
320-28	BZ001	320	28	(.)	(.)	_	_	_	_	_	shortpause	_	none	_	_	_	_	_	_
320-29	BZ001	320	29	[c'	c'	_	_	_	_	_	linguistic	_	none	SpaceAfter=No	_	_	_	_	0-2(71)
320-30	BZ001	320	30	è	è	_	_	_	_	_	linguistic	_	none	_	_	_	_	_	0-1(71)
320-31	BZ001	320	31	sempre]	sempre	_	_	_	_	_	linguistic	_	none	_	End=1138.643	_	_	_	0-6(71)
321-0	BZ002	321	0	[eh	eh	_	_	_	_	_	linguistic	_	none	_	Begin=1137.453	_	_	_	0-2(71)
321-1	BZ002	321	1	io:	io	_	_	_	_	_	linguistic	_	none	_	_	1x1	_	_	0-2(71)
321-2	BZ002	321	2	al]	al	_	_	_	_	_	linguistic	_	none	_	_	_	_	_	0-2(71)
321-3	BZ002	321	3	liceo	liceo	_	_	_	_	_	linguistic	_	none	_	_	_	_	_	_
321-4	BZ002	321	4	avevo	avevo	_	_	_	_	_	linguistic	_	none	_	_	_	_	_	_
321-5	BZ002	321	5	anche	anche	_	_	_	_	_	linguistic	_	none	_	_	_	_	_	_
321-6	BZ002	321	6	molti	molti	_	_	_	_	_	linguistic	_	none	_	_	_	_	_	_
321-7	BZ002	321	7	compagni	compagni	_	_	_	_	_	linguistic	_	none	_	_	_	_	_	_
321-8	BZ002	321	8	ladini	ladini	_	_	_	_	_	linguistic	_	none	_	_	_	_	_	_
321-9	BZ002	321	9	quindi:	quindi	_	_	_	_	_	linguistic	_	none	_	End=1141.243	5x1	_	_	_
322-0	BZ001	322	0	ah.	ah	_	_	_	_	_	linguistic	_	none	Intonation=Falling	Begin=1141.293|End=1141.543	_	_	_	_
323-0	BZ002	323	0	eh:	eh	_	_	_	_	_	linguistic	_	none	_	Begin=1141.693	1x1	_	_	_
323-1	BZ002	323	1	e	e	_	_	_	_	_	linguistic	_	none	_	_	_	_	_	_
323-2	BZ002	323	2	che	che	_	_	_	_	_	linguistic	_	none	_	_	_	_	_	_
323-3	BZ002	323	3	parlavano	parlavano	_	_	_	_	_	linguistic	_	none	_	_	_	_	_	_
323-4	BZ002	323	4	anche	anche	_	_	_	_	_	linguistic	_	none	_	_	_	_	_	_
323-5	BZ002	323	5	dialetti	dialetti	_	_	_	_	_	linguistic	_	none	_	_	_	_	_	_
323-6	BZ002	323	6	tedeschi.	tedeschi	_	_	_	_	_	linguistic	_	none	Intonation=Falling	_	_	_	_	_
323-7	BZ002	323	7	quindi	quindi	_	_	_	_	_	linguistic	_	none	_	_	_	_	_	_
323-8	BZ002	323	8	tra	tra	_	_	_	_	_	linguistic	_	none	_	_	_	_	_	_
323-9	BZ002	323	9	i	i	_	_	_	_	_	linguistic	_	none	_	_	_	_	_	_
323-10	BZ002	323	10	miei	miei	_	_	_	_	_	linguistic	_	none	_	_	_	_	_	_
323-11	BZ002	323	11	amici	amici	_	_	_	_	_	linguistic	_	none	_	_	_	_	_	_
323-12	BZ002	323	12	ce	ce	_	_	_	_	_	linguistic	_	none	_	_	_	_	_	_
323-13	BZ002	323	13	n'	n'	_	_	_	_	_	linguistic	_	none	SpaceAfter=No	_	_	_	_	_
323-14	BZ002	323	14	erano	erano	_	_	_	_	_	linguistic	_	none	_	_	_	_	_	_
323-15	BZ002	323	15	tanti	tanti	_	_	_	_	_	linguistic	_	none	_	_	_	_	_	_
323-16	BZ002	323	16	che	che	_	_	_	_	_	linguistic	_	none	_	_	_	_	_	_
323-17	BZ002	323	17	sapevano	sapevano	_	_	_	_	_	linguistic	_	none	_	_	_	_	_	_
323-18	BZ002	323	18	il	il	_	_	_	_	_	linguistic	_	none	_	_	_	_	_	_
323-19	BZ002	323	19	dialetto	dialetto	_	_	_	_	_	linguistic	_	none	_	_	_	_	_	_
323-20	BZ002	323	20	perfettamente:,	perfettamente	_	_	_	_	_	linguistic	_	none	Intonation=WeaklyRising	_	12x1	_	_	_
323-21	BZ002	323	21	e	e	_	_	_	_	_	linguistic	_	none	PauseAfter=Yes	_	_	_	_	_
323-22	BZ002	323	22	(.)	(.)	_	_	_	_	_	shortpause	_	none	_	_	_	_	_	_
323-23	BZ002	323	23	si	si	_	_	_	_	_	linguistic	_	none	_	_	_	_	_	_
323-24	BZ002	323	24	dividevano	dividevano	_	_	_	_	_	linguistic	_	none	_	_	_	_	_	_
323-25	BZ002	323	25	un	un	_	_	_	_	_	linguistic	_	none	_	_	_	_	_	_
323-26	BZ002	323	26	po'	po'	_	_	_	_	_	linguistic	_	none	_	_	_	_	_	_
323-27	BZ002	323	27	di	di	_	_	_	_	_	linguistic	_	none	_	_	_	_	_	_
323-28	BZ002	323	28	quelli	quelli	_	_	_	_	_	linguistic	_	none	_	_	_	_	_	_
323-29	BZ002	323	29	che	che	_	_	_	_	_	linguistic	_	none	_	_	_	_	_	_
323-30	BZ002	323	30	s-	s-	_	_	_	_	_	linguistic	_	none	Interrupted=Yes	_	_	_	_	_
323-31	BZ002	323	31	metà	metà	_	_	_	_	_	linguistic	_	none	_	_	_	_	_	_
323-32	BZ002	323	32	che	che	_	_	_	_	_	linguistic	_	none	_	_	_	_	_	_
323-33	BZ002	323	33	sapevano	sapevano	_	_	_	_	_	linguistic	_	none	_	_	_	_	_	_
323-34	BZ002	323	34	benissimo	benissimo	_	_	_	_	_	linguistic	_	none	_	_	_	_	_	_
323-35	BZ002	323	35	il	il	_	_	_	_	_	linguistic	_	none	_	_	_	_	_	_
323-36	BZ002	323	36	tedesco	tedesco	_	_	_	_	_	linguistic	_	none	_	_	_	_	_	_
323-37	BZ002	323	37	e	e	_	_	_	_	_	linguistic	_	none	_	_	_	_	_	_
323-38	BZ002	323	38	anche	anche	_	_	_	_	_	linguistic	_	none	_	_	_	_	_	_
323-39	BZ002	323	39	un	un	_	_	_	_	_	linguistic	_	none	_	_	_	_	_	_
323-40	BZ002	323	40	sacco	sacco	_	_	_	_	_	linguistic	_	none	_	_	_	_	_	_
323-41	BZ002	323	41	di	di	_	_	_	_	_	linguistic	_	none	_	_	_	_	_	_
323-42	BZ002	323	42	dialetti	dialetti	_	_	_	_	_	linguistic	_	none	_	_	_	_	_	_
323-43	BZ002	323	43	e	e	_	_	_	_	_	linguistic	_	none	_	_	_	_	_	_
323-44	BZ002	323	44	metà	metà	_	_	_	_	_	linguistic	_	none	_	_	_	_	_	_
323-45	BZ002	323	45	che	che	_	_	_	_	_	linguistic	_	none	_	_	_	_	_	_
323-46	BZ002	323	46	faceva	faceva	_	_	_	_	_	linguistic	_	none	_	_	_	_	_	_
323-47	BZ002	323	47	un	un	_	_	_	_	_	linguistic	_	none	_	_	_	_	_	_
323-48	BZ002	323	48	po'	po'	_	_	_	_	_	linguistic	_	none	_	_	_	_	_	_
323-49	BZ002	323	49	fatica	fatica	_	_	_	_	_	linguistic	_	none	_	_	_	_	_	_
323-50	BZ002	323	50	((ridendo))	((ridendo))	_	_	_	_	_	nonverbalbehavior	_	none	_	_	_	_	_	_
323-51	BZ002	323	51	come	come	_	_	_	_	_	linguistic	_	none	_	_	_	_	_	_
323-52	BZ002	323	52	me.	me	_	_	_	_	_	linguistic	_	none	Intonation=Falling	End=1155.093	_	_	_	_
324-0	BZ002	324	0	quindi	quindi	_	_	_	_	_	linguistic	_	none	_	Begin=1155.683	_	_	_	_
324-1	BZ002	324	1	è	è	_	_	_	_	_	linguistic	_	none	_	_	_	_	_	_
324-2	BZ002	324	2	un	un	_	_	_	_	_	linguistic	_	none	_	_	_	_	_	_
324-3	BZ002	324	3	po'	po'	_	_	_	_	_	linguistic	_	none	_	_	_	_	_	_
324-4	BZ002	324	4	un	un	_	_	_	_	_	linguistic	_	none	_	_	_	_	_	_
324-5	BZ002	324	5	misto	misto	_	_	_	_	_	linguistic	_	none	_	_	_	_	_	_
324-6	BZ002	324	6	sì.	sì	_	_	_	_	_	linguistic	_	none	Intonation=Falling	_	_	_	_	_
324-7	BZ002	324	7	poi	poi	_	_	_	_	_	linguistic	_	none	_	_	_	_	_	_
324-8	BZ002	324	8	tanti	tanti	_	_	_	_	_	linguistic	_	none	_	_	_	_	_	_
324-9	BZ002	324	9	sono	sono	_	_	_	_	_	linguistic	_	none	_	_	_	_	_	_
324-10	BZ002	324	10	andati	andati	_	_	_	_	_	linguistic	_	none	_	_	_	_	_	_
324-11	BZ002	324	11	anche	anche	_	_	_	_	_	linguistic	_	none	_	_	_	_	_	_
324-12	BZ002	324	12	a	a	_	_	_	_	_	linguistic	_	none	_	_	_	_	_	_
324-13	BZ002	324	13	studiare	studiare	_	_	_	_	_	linguistic	_	none	_	_	_	_	_	_
324-14	BZ002	324	14	in	in	_	_	_	_	_	linguistic	_	none	_	_	_	_	_	_
324-15	BZ002	324	15	austria	austria	_	_	_	_	_	linguistic	_	none	_	_	_	_	_	_
324-16	BZ002	324	16	quindi	quindi	_	_	_	_	_	linguistic	_	none	_	_	_	_	_	_
324-17	BZ002	324	17	adesso	adesso	_	_	_	_	_	linguistic	_	none	_	_	_	_	_	_
324-18	BZ002	324	18	c'	c'	_	_	_	_	_	linguistic	_	none	SpaceAfter=No	_	_	_	_	_
324-19	BZ002	324	19	è	è	_	_	_	_	_	linguistic	_	none	_	_	_	_	_	_
324-20	BZ002	324	20	chi	chi	_	_	_	_	_	linguistic	_	none	_	_	_	_	_	_
324-21	BZ002	324	21	lo	lo	_	_	_	_	_	linguistic	_	none	_	_	_	_	_	_
324-22	BZ002	324	22	sa	sa	_	_	_	_	_	linguistic	_	none	PauseAfter=Yes	_	_	_	_	_
324-23	BZ002	324	23	(.)	(.)	_	_	_	_	_	shortpause	_	none	_	_	_	_	_	_
324-24	BZ002	324	24	perfettamente.	perfettamente	_	_	_	_	_	linguistic	_	none	Intonation=Falling	End=1161.683	_	_	_	_
325-0	BZ001	325	0	però	però	_	_	_	_	_	linguistic	_	none	_	Begin=1161.863	_	_	_	_
325-1	BZ001	325	1	parlavate	parlavate	_	_	_	_	_	linguistic	_	none	_	_	_	_	_	_
325-2	BZ001	325	2	in	in	_	_	_	_	_	linguistic	_	none	_	_	_	_	_	_
325-3	BZ001	325	3	italiano	italiano	_	_	_	_	_	linguistic	_	none	_	_	_	_	_	_
325-4	BZ001	325	4	tra	tra	_	_	_	_	_	linguistic	_	none	_	_	_	_	_	_
325-5	BZ001	325	5	di	di	_	_	_	_	_	linguistic	_	none	_	_	_	_	_	_
325-6	BZ001	325	6	[voi]?	voi	_	_	_	_	_	linguistic	_	none	Intonation=Rising	End=1163.483	_	_	_	0-3(72)
326-0	BZ002	326	0	[sì]	sì	_	_	_	_	_	linguistic	_	none	_	Begin=1163.148	_	_	_	0-2(72)
326-1	BZ002	326	1	tra	tra	_	_	_	_	_	linguistic	_	none	_	_	_	_	_	_
326-2	BZ002	326	2	di	di	_	_	_	_	_	linguistic	_	none	_	_	_	_	_	_
326-3	BZ002	326	3	noi	noi	_	_	_	_	_	linguistic	_	none	_	_	_	_	_	_
326-4	BZ002	326	4	sì	sì	_	_	_	_	_	linguistic	_	none	_	_	_	_	_	_
326-5	BZ002	326	5	[sempre].	sempre	_	_	_	_	_	linguistic	_	none	Intonation=Falling	End=1164.598	_	_	_	0-6(73)
327-0	BZ001	327	0	[mh].	mh	_	_	_	_	_	linguistic	_	none	Intonation=Falling	Begin=1164.248|End=1164.608	_	_	_	0-2(73)
328-0	BZ001	328	0	sì	sì	_	_	_	_	_	linguistic	_	none	_	Begin=1165.273	_	_	_	_
328-1	BZ001	328	1	non	non	_	_	_	_	_	linguistic	_	none	_	_	_	_	_	_
328-2	BZ001	328	2	c'	c'	_	_	_	_	_	linguistic	_	none	SpaceAfter=No	_	_	_	_	_
328-3	BZ001	328	3	è	è	_	_	_	_	_	linguistic	_	none	_	_	_	_	_	_
328-4	BZ001	328	4	mai	mai	_	_	_	_	_	linguistic	_	none	_	_	_	_	_	_
328-5	BZ001	328	5	la	la	_	_	_	_	_	linguistic	_	none	_	_	_	_	_	_
328-6	BZ001	328	6	cosa	cosa	_	_	_	_	_	linguistic	_	none	_	_	_	_	_	_
328-7	BZ001	328	7	del	del	_	_	_	_	_	linguistic	_	none	_	_	_	_	_	_
328-8	BZ001	328	8	parla-	parla-	_	_	_	_	_	linguistic	_	none	Interrupted=Yes	_	_	_	_	_
328-9	BZ001	328	9	cioè	cioè	_	_	_	_	_	linguistic	_	none	_	_	_	_	_	_
328-10	BZ001	328	10	s-	s-	_	_	_	_	_	linguistic	_	none	Interrupted=Yes	_	_	_	_	_
328-11	BZ001	328	11	tendenzialmente	tendenzialmente	_	_	_	_	_	linguistic	_	none	_	_	_	_	_	_
328-12	BZ001	328	12	poi	poi	_	_	_	_	_	linguistic	_	none	_	_	_	_	_	_
328-13	BZ001	328	13	si	si	_	_	_	_	_	linguistic	_	none	_	_	_	_	_	_
328-14	BZ001	328	14	parla	parla	_	_	_	_	_	linguistic	_	none	_	_	_	_	_	_
328-15	BZ001	328	15	in	in	_	_	_	_	_	linguistic	_	none	_	_	_	_	_	_
328-16	BZ001	328	16	italiano	italiano	_	_	_	_	_	linguistic	_	none	_	_	_	_	_	_
328-17	BZ001	328	17	no?	no	_	_	_	_	_	linguistic	_	none	Intonation=Rising|PauseAfter=Yes	_	_	_	_	_
328-18	BZ001	328	18	[(.)	(.)	_	_	_	_	_	shortpause	_	none	_	_	_	_	_	_
328-19	BZ001	328	19	in]	in	_	_	_	_	_	linguistic	_	none	_	End=1169.62	_	_	_	0-2(74)
329-0	BZ002	329	0	[sì	sì	_	_	_	_	_	linguistic	_	none	PauseAfter=Yes	Begin=1169.003	_	_	_	0-2(74)
329-1	BZ002	329	1	(.)	(.)	_	_	_	_	_	shortpause	_	none	_	_	_	_	_	_
329-2	BZ002	329	2	cioè]	cioè	_	_	_	_	_	linguistic	_	none	_	_	_	_	_	0-4(74)
329-3	BZ002	329	3	magari	magari	_	_	_	_	_	linguistic	_	none	_	_	_	_	_	_
329-4	BZ002	329	4	i	i	_	_	_	_	_	linguistic	_	none	_	_	_	_	_	_
329-5	BZ002	329	5	miei	miei	_	_	_	_	_	linguistic	_	none	_	_	_	_	_	_
329-6	BZ002	329	6	compagni	compagni	_	_	_	_	_	linguistic	_	none	_	_	_	_	_	_
329-7	BZ002	329	7	ladini	ladini	_	_	_	_	_	linguistic	_	none	_	_	_	_	_	_
329-8	BZ002	329	8	tra	tra	_	_	_	_	_	linguistic	_	none	_	_	_	_	_	_
329-9	BZ002	329	9	di	di	_	_	_	_	_	linguistic	_	none	_	_	_	_	_	_
329-10	BZ002	329	10	loro	loro	_	_	_	_	_	linguistic	_	none	_	_	_	_	_	_
329-11	BZ002	329	11	parlavano	parlavano	_	_	_	_	_	linguistic	_	none	_	_	_	_	_	_
329-12	BZ002	329	12	anche	anche	_	_	_	_	_	linguistic	_	none	_	_	_	_	_	_
329-13	BZ002	329	13	ladino	ladino	_	_	_	_	_	linguistic	_	none	_	_	_	_	_	_
329-14	BZ002	329	14	ma	ma	_	_	_	_	_	linguistic	_	none	_	_	_	_	_	_
329-15	BZ002	329	15	poi	poi	_	_	_	_	_	linguistic	_	none	_	_	_	_	_	_
329-16	BZ002	329	16	con	con	_	_	_	_	_	linguistic	_	none	_	_	_	_	_	_
329-17	BZ002	329	17	noi	noi	_	_	_	_	_	linguistic	_	none	_	_	_	_	_	_
329-18	BZ002	329	18	sempre	sempre	_	_	_	_	_	linguistic	_	none	_	_	_	_	_	_
329-19	BZ002	329	19	solo	solo	_	_	_	_	_	linguistic	_	none	_	_	_	_	_	_
329-20	BZ002	329	20	italiano.	italiano	_	_	_	_	_	linguistic	_	none	Intonation=Falling	End=1174.493	_	_	_	_
330-0	BZ001	330	0	>mh	mh	_	_	_	_	_	linguistic	_	none	ProsodicLink=Yes	Begin=1174.673	_	Fast=0-2(0)	_	_
330-1	BZ001	330	1	mh<.	mh	_	_	_	_	_	linguistic	_	none	Intonation=Falling	_	_	Fast=0-2(0)	_	_
330-2	BZ001	330	2	e	e	_	_	_	_	_	linguistic	_	none	_	_	_	_	_	_
330-3	BZ001	330	3	ladino	ladino	_	_	_	_	_	linguistic	_	none	_	_	_	_	_	_
330-4	BZ001	330	4	invece	invece	_	_	_	_	_	linguistic	_	none	_	_	_	_	_	_
330-5	BZ001	330	5	non	non	_	_	_	_	_	linguistic	_	none	_	_	_	_	_	_
330-6	BZ001	330	6	l'	l'	_	_	_	_	_	linguistic	_	none	SpaceAfter=No	_	_	_	_	_
330-7	BZ001	330	7	hai	hai	_	_	_	_	_	linguistic	_	none	_	_	_	_	_	_
330-8	BZ001	330	8	mai:	mai	_	_	_	_	_	linguistic	_	none	_	_	2x1	_	_	_
330-9	BZ001	330	9	non	non	_	_	_	_	_	linguistic	_	none	_	_	_	_	_	_
330-10	BZ001	330	10	hai	hai	_	_	_	_	_	linguistic	_	none	_	_	_	_	_	_
330-11	BZ001	330	11	[mai	mai	_	_	_	_	_	linguistic	_	none	_	_	_	_	_	0-3(75)
330-12	BZ001	330	12	imparato].	imparato	_	_	_	_	_	linguistic	_	none	Intonation=Falling	End=1177.523	_	_	_	0-8(75)
331-0	BZ002	331	0	[mh	mh	_	_	_	_	_	linguistic	_	none	ProsodicLink=Yes	Begin=1176.493	_	_	_	0-2(75)
331-1	BZ002	331	1	mh	mh	_	_	_	_	_	linguistic	_	none	_	_	_	_	_	0-2(75)
331-2	BZ002	331	2	((ride))]	((ride))	_	_	_	_	_	nonverbalbehavior	_	none	_	End=1177.533	_	_	_	0-4(75)
332-0	BZ001	332	0	[neanche]	neanche	_	_	_	_	_	linguistic	_	none	_	Begin=1177.703|End=1178.293	_	_	_	0-7(76)
333-0	BZ002	333	0	[non	non	_	_	_	_	_	linguistic	_	none	_	Begin=1177.881	_	_	_	0-3(76)
333-1	BZ002	333	1	li]	li	_	_	_	_	_	linguistic	_	none	_	_	_	_	_	0-2(76)
333-2	BZ002	333	2	riuscivo	riuscivo	_	_	_	_	_	linguistic	_	none	_	_	_	_	_	_
333-3	BZ002	333	3	((ridendo))	((ridendo))	_	_	_	_	_	nonverbalbehavior	_	none	_	_	_	_	_	_
333-4	BZ002	333	4	neanche	neanche	_	_	_	_	_	linguistic	_	none	_	_	_	_	_	_
333-5	BZ002	333	5	a	a	_	_	_	_	_	linguistic	_	none	_	_	_	_	_	_
333-6	BZ002	333	6	capire	capire	_	_	_	_	_	linguistic	_	none	_	_	_	_	_	_
333-7	BZ002	333	7	in	in	_	_	_	_	_	linguistic	_	none	_	_	_	_	_	_
333-8	BZ002	333	8	realtà	realtà	_	_	_	_	_	linguistic	_	none	_	_	_	_	_	_
333-9	BZ002	333	9	quindi	quindi	_	_	_	_	_	linguistic	_	none	_	_	_	_	_	_
333-10	BZ002	333	10	no	no	_	_	_	_	_	linguistic	_	none	_	_	_	_	_	_
333-11	BZ002	333	11	zero.	zero	_	_	_	_	_	linguistic	_	none	Intonation=Falling	End=1180.681	_	_	_	_
334-0	BZ001	334	0	sì.	sì	_	_	_	_	_	linguistic	_	none	Intonation=Falling	Begin=1181.061|End=1181.311	_	_	_	_
335-0	BZ001	335	0	e	e	_	_	_	_	_	linguistic	_	none	_	Begin=1182.111	_	_	_	_
335-1	BZ001	335	1	serie	serie	_	_	_	_	_	linguistic	_	none	_	_	_	_	_	_
335-2	BZ001	335	2	in	in	_	_	_	_	_	linguistic	_	none	_	_	_	_	_	_
335-3	BZ001	335	3	spagnolo	spagnolo	_	_	_	_	_	linguistic	_	none	_	_	_	_	_	_
335-4	BZ001	335	4	invece,	invece	_	_	_	_	_	linguistic	_	none	Intonation=WeaklyRising	_	_	_	_	_
335-5	BZ001	335	5	che	che	_	_	_	_	_	linguistic	_	none	_	_	_	_	_	_
335-6	BZ001	335	6	dicevi	dicevi	_	_	_	_	_	linguistic	_	none	_	_	_	_	_	_
335-7	BZ001	335	7	prima:	prima	_	_	_	_	_	linguistic	_	none	_	_	4x1	_	_	_
335-8	BZ001	335	8	di	di	_	_	_	_	_	linguistic	_	none	_	_	_	_	_	_
335-9	BZ001	335	9	aver	aver	_	_	_	_	_	linguistic	_	none	_	_	_	_	_	_
335-10	BZ001	335	10	visto,	visto	_	_	_	_	_	linguistic	_	none	Intonation=WeaklyRising	_	_	_	_	_
335-11	BZ001	335	11	che	che	_	_	_	_	_	linguistic	_	none	_	_	_	_	_	_
335-12	BZ001	335	12	serie:	serie	_	_	_	_	_	linguistic	_	none	_	_	4x1	_	_	_
335-13	BZ001	335	13	hai	hai	_	_	_	_	_	linguistic	_	none	_	_	_	_	_	_
335-14	BZ001	335	14	guardato?	guardato	_	_	_	_	_	linguistic	_	none	Intonation=Rising	_	_	_	_	_
335-15	BZ001	335	15	a	a	_	_	_	_	_	linguistic	_	none	_	_	_	_	_	_
335-16	BZ001	335	16	parte:	parte	_	_	_	_	_	linguistic	_	none	_	_	4x1	_	_	_
335-17	BZ001	335	17	street	street	_	_	_	_	_	linguistic	_	none	_	_	_	_	_	_
335-18	BZ001	335	18	food.	food	_	_	_	_	_	linguistic	_	none	Intonation=Falling	End=1187.43	_	_	_	_
336-0	BZ002	336	0	eh::	eh	_	_	_	_	_	linguistic	_	none	_	Begin=1187.435	1x2	_	_	_
336-1	BZ002	336	1	un	un	_	_	_	_	_	linguistic	_	none	_	_	_	_	_	_
336-2	BZ002	336	2	paio	paio	_	_	_	_	_	linguistic	_	none	_	_	_	_	_	_
336-3	BZ002	336	3	di	di	_	_	_	_	_	linguistic	_	none	_	_	_	_	_	_
336-4	BZ002	336	4	documentari	documentari	_	_	_	_	_	linguistic	_	none	_	_	_	_	_	_
336-5	BZ002	336	5	[in	in	_	_	_	_	_	linguistic	_	none	_	_	_	_	_	0-2(77)
336-6	BZ002	336	6	realtà],	realtà	_	_	_	_	_	linguistic	_	none	Intonation=WeaklyRising	End=1189.715	_	_	_	0-6(77)
337-0	BZ001	337	0	[ah	ah	_	_	_	_	_	linguistic	_	none	_	Begin=1189.185	_	_	_	0-2(77)
337-1	BZ001	337	1	sì]	sì	_	_	_	_	_	linguistic	_	none	_	_	_	_	_	0-2(77)
337-2	BZ001	337	2	è	è	_	_	_	_	_	linguistic	_	none	_	_	_	_	_	_
337-3	BZ001	337	3	vero	vero	_	_	_	_	_	linguistic	_	none	_	_	_	_	_	_
337-4	BZ001	337	4	che	che	_	_	_	_	_	linguistic	_	none	_	_	_	_	_	_
337-5	BZ001	337	5	tu:	tu	_	_	_	_	_	linguistic	_	none	_	_	1x1	_	_	_
337-6	BZ001	337	6	sei	sei	_	_	_	_	_	linguistic	_	none	_	_	_	_	_	_
337-7	BZ001	337	7	più	più	_	_	_	_	_	linguistic	_	none	_	_	_	_	_	_
337-8	BZ001	337	8	[per	per	_	_	_	_	_	linguistic	_	none	_	_	_	_	_	0-3(78)
337-9	BZ001	337	9	i	i	_	_	_	_	_	linguistic	_	none	_	_	_	_	_	0-1(78)
337-10	BZ001	337	10	docu]mentari	documentari	_	_	_	_	_	linguistic	_	none	_	_	_	_	_	0-4(78)
337-11	BZ001	337	11	che	che	_	_	_	_	_	linguistic	_	none	_	_	_	_	_	_
337-12	BZ001	337	12	per	per	_	_	_	_	_	linguistic	_	none	_	End=1191.855	_	_	_	_
338-0	BZ002	338	0	[sì].	sì	_	_	_	_	_	linguistic	_	none	Intonation=Falling	Begin=1190.485|End=1190.855	_	_	_	0-2(78)
339-0	BZ002	339	0	ma	ma	_	_	_	_	_	linguistic	_	none	_	Begin=1191.955	_	_	_	_
339-1	BZ002	339	1	non	non	_	_	_	_	_	linguistic	_	none	_	_	_	_	_	_
339-2	BZ002	339	2	saprei	saprei	_	_	_	_	_	linguistic	_	none	_	_	_	_	_	_
339-3	BZ002	339	3	neanche	neanche	_	_	_	_	_	linguistic	_	none	_	_	_	_	_	_
339-4	BZ002	339	4	dirti	dirti	_	_	_	_	_	linguistic	_	none	_	_	_	_	_	_
339-5	BZ002	339	5	quali	quali	_	_	_	_	_	linguistic	_	none	_	_	_	_	_	_
339-6	BZ002	339	6	perché	perché	_	_	_	_	_	linguistic	_	none	_	_	_	_	_	_
339-7	BZ002	339	7	ogni	ogni	_	_	_	_	_	linguistic	_	none	_	_	_	_	_	_
339-8	BZ002	339	8	tanto	tanto	_	_	_	_	_	linguistic	_	none	_	_	_	_	_	_
339-9	BZ002	339	9	mi	mi	_	_	_	_	_	linguistic	_	none	_	_	_	_	_	_
339-10	BZ002	339	10	vien	vien	_	_	_	_	_	linguistic	_	none	_	_	_	_	_	_
339-11	BZ002	339	11	sempre	sempre	_	_	_	_	_	linguistic	_	none	_	_	_	_	_	_
339-12	BZ002	339	12	periodo	periodo	_	_	_	_	_	linguistic	_	none	_	_	_	_	_	_
339-13	BZ002	339	13	a	a	_	_	_	_	_	linguistic	_	none	_	_	_	_	_	_
339-14	BZ002	339	14	p-	p-	_	_	_	_	_	linguistic	_	none	Interrupted=Yes	_	_	_	_	_
339-15	BZ002	339	15	eh	eh	_	_	_	_	_	linguistic	_	none	_	_	_	_	_	_
339-16	BZ002	339	16	street	street	_	_	_	_	_	linguistic	_	none	_	_	_	_	_	_
339-17	BZ002	339	17	food	food	_	_	_	_	_	linguistic	_	none	_	_	_	_	_	_
339-18	BZ002	339	18	l'	l'	_	_	_	_	_	linguistic	_	none	SpaceAfter=No	_	_	_	_	_
339-19	BZ002	339	19	ho	ho	_	_	_	_	_	linguistic	_	none	_	_	_	_	_	_
339-20	BZ002	339	20	guardato	guardato	_	_	_	_	_	linguistic	_	none	_	_	_	_	_	_
339-21	BZ002	339	21	recentemente	recentemente	_	_	_	_	_	linguistic	_	none	_	_	_	_	_	_
339-22	BZ002	339	22	se	se	_	_	_	_	_	linguistic	_	none	_	_	_	_	_	_
339-23	BZ002	339	23	no	no	_	_	_	_	_	linguistic	_	none	_	_	_	_	_	_
339-24	BZ002	339	24	era	era	_	_	_	_	_	linguistic	_	none	_	_	_	_	_	_
339-25	BZ002	339	25	un	un	_	_	_	_	_	linguistic	_	none	_	_	_	_	_	_
339-26	BZ002	339	26	po'	po'	_	_	_	_	_	linguistic	_	none	_	_	_	_	_	_
339-27	BZ002	339	27	il	il	_	_	_	_	_	linguistic	_	none	_	_	_	_	_	_
339-28	BZ002	339	28	periodo	periodo	_	_	_	_	_	linguistic	_	none	_	_	_	_	_	_
339-29	BZ002	339	29	vicino	vicino	_	_	_	_	_	linguistic	_	none	_	_	_	_	_	_
339-30	BZ002	339	30	a	a	_	_	_	_	_	linguistic	_	none	_	_	_	_	_	_
339-31	BZ002	339	31	quando	quando	_	_	_	_	_	linguistic	_	none	_	_	_	_	_	_
339-32	BZ002	339	32	mi	mi	_	_	_	_	_	linguistic	_	none	_	_	_	_	_	_
339-33	BZ002	339	33	era	era	_	_	_	_	_	linguistic	_	none	_	_	_	_	_	_
339-34	BZ002	339	34	venuta	venuta	_	_	_	_	_	linguistic	_	none	_	_	_	_	_	_
339-35	BZ002	339	35	voglia	voglia	_	_	_	_	_	linguistic	_	none	_	_	_	_	_	_
339-36	BZ002	339	36	del	del	_	_	_	_	_	linguistic	_	none	_	_	_	_	_	_
339-37	BZ002	339	37	portoghese	portoghese	_	_	_	_	_	linguistic	_	none	_	_	_	_	_	_
339-38	BZ002	339	38	che	che	_	_	_	_	_	linguistic	_	none	_	_	_	_	_	_
339-39	BZ002	339	39	stavo	stavo	_	_	_	_	_	linguistic	_	none	_	_	_	_	_	_
339-40	BZ002	339	40	guardando	guardando	_	_	_	_	_	linguistic	_	none	_	End=1202.175	_	_	_	_
340-0	BZ002	340	0	cose	cose	_	_	_	_	_	linguistic	_	none	_	Begin=1202.624	_	_	_	_
340-1	BZ002	340	1	in	in	_	_	_	_	_	linguistic	_	none	_	_	_	_	_	_
340-2	BZ002	340	2	spagnolo	spagnolo	_	_	_	_	_	linguistic	_	none	_	_	_	_	_	_
340-3	BZ002	340	3	ma	ma	_	_	_	_	_	linguistic	_	none	_	_	_	_	_	_
340-4	BZ002	340	4	completamente	completamente	_	_	_	_	_	linguistic	_	none	_	_	_	_	_	_
340-5	BZ002	340	5	a	a	_	_	_	_	_	linguistic	_	none	_	_	_	_	_	_
340-6	BZ002	340	6	caso	caso	_	_	_	_	_	linguistic	_	none	_	_	_	_	_	_
340-7	BZ002	340	7	e:	e	_	_	_	_	_	linguistic	_	none	_	_	0x1	_	_	_
340-8	BZ002	340	8	un	un	_	_	_	_	_	linguistic	_	none	_	_	_	_	_	_
340-9	BZ002	340	9	po'	po'	_	_	_	_	_	linguistic	_	none	_	_	_	_	_	_
340-10	BZ002	340	10	fine	fine	_	_	_	_	_	linguistic	_	none	_	_	_	_	_	_
340-11	BZ002	340	11	a	a	_	_	_	_	_	linguistic	_	none	_	_	_	_	_	_
340-12	BZ002	340	12	sé	sé	_	_	_	_	_	linguistic	_	none	_	_	_	_	_	_
340-13	BZ002	340	13	stesso.	stesso	_	_	_	_	_	linguistic	_	none	Intonation=Falling	End=1206.024	_	_	_	_
341-0	BZ001	341	0	che	che	_	_	_	_	_	linguistic	_	none	_	Begin=1206.274	_	_	_	_
341-1	BZ001	341	1	in	in	_	_	_	_	_	linguistic	_	none	_	_	_	_	_	_
341-2	BZ001	341	2	portoghese	portoghese	_	_	_	_	_	linguistic	_	none	_	_	_	_	_	_
341-3	BZ001	341	3	non	non	_	_	_	_	_	linguistic	_	none	_	_	_	_	_	_
341-4	BZ001	341	4	si	si	_	_	_	_	_	linguistic	_	none	_	_	_	_	_	_
341-5	BZ001	341	5	trova	trova	_	_	_	_	_	linguistic	_	none	_	_	_	_	_	_
341-6	BZ001	341	6	quasi	quasi	_	_	_	_	_	linguistic	_	none	_	_	_	_	_	_
341-7	BZ001	341	7	niente,	niente	_	_	_	_	_	linguistic	_	none	Intonation=WeaklyRising	_	_	_	_	_
341-8	BZ001	341	8	[avevo	avevo	_	_	_	_	_	linguistic	_	none	_	_	_	_	_	0-5(79)
341-9	BZ001	341	9	cer]cato	cercato	_	_	_	_	_	linguistic	_	none	_	_	_	_	_	0-3(79)
341-10	BZ001	341	10	anch'	anch'	_	_	_	_	_	linguistic	_	none	SpaceAfter=No	_	_	_	_	_
341-11	BZ001	341	11	io	io	_	_	_	_	_	linguistic	_	none	_	_	_	_	_	_
341-12	BZ001	341	12	su	su	_	_	_	_	_	linguistic	_	none	_	_	_	_	_	_
341-13	BZ001	341	13	netflix	netflix	_	_	_	_	_	linguistic	_	none	_	_	_	_	_	_
341-14	BZ001	341	14	però	però	_	_	_	_	_	linguistic	_	none	_	_	_	_	_	_
341-15	BZ001	341	15	non	non	_	_	_	_	_	linguistic	_	none	_	_	_	_	_	_
341-16	BZ001	341	16	[si	si	_	_	_	_	_	linguistic	_	none	_	_	_	_	_	0-2(80)
341-17	BZ001	341	17	trova	trova	_	_	_	_	_	linguistic	_	none	_	_	_	_	_	0-5(80)
341-18	BZ001	341	18	molto].	molto	_	_	_	_	_	linguistic	_	none	Intonation=Falling	End=1210.204	_	_	_	0-5(80)
342-0	BZ002	342	0	[no],	no	_	_	_	_	_	linguistic	_	none	Intonation=WeaklyRising	Begin=1207.654|End=1208.044	_	_	_	0-2(79)
343-0	BZ002	343	0	[n:o].	no	_	_	_	_	_	linguistic	_	none	Intonation=Falling	Begin=1209.414|End=1210.194	0x1	_	_	0-2(80)
344-0	BZ001	344	0	[in	in	_	_	_	_	_	linguistic	_	none	_	Begin=1210.8	_	_	_	0-2(81)
344-1	BZ001	344	1	spagnolo	spagnolo	_	_	_	_	_	linguistic	_	none	_	_	_	_	_	0-8(81)
344-2	BZ001	344	2	io],	io	_	_	_	_	_	linguistic	_	none	Intonation=WeaklyRising	End=1211.764	_	_	_	0-2(81)
345-0	BZ002	345	0	[ma	ma	_	_	_	_	_	linguistic	_	none	_	Begin=1210.979	_	_	_	0-2(81)
345-1	BZ002	345	1	neanche]	neanche	_	_	_	_	_	linguistic	_	none	_	_	_	_	_	0-7(81)
345-2	BZ002	345	2	cinese.	cinese	_	_	_	_	_	linguistic	_	none	Intonation=Falling	_	_	_	_	_
345-3	BZ002	345	3	cioè	cioè	_	_	_	_	_	linguistic	_	none	_	_	_	_	_	_
345-4	BZ002	345	4	cinese	cinese	_	_	_	_	_	linguistic	_	none	_	_	_	_	_	_
345-5	BZ002	345	5	c'	c'	_	_	_	_	_	linguistic	_	none	SpaceAfter=No	_	_	_	_	_
345-6	BZ002	345	6	è	è	_	_	_	_	_	linguistic	_	none	_	_	_	_	_	_
345-7	BZ002	345	7	questa	questa	_	_	_	_	_	linguistic	_	none	_	_	_	_	_	_
345-8	BZ002	345	8	serie	serie	_	_	_	_	_	linguistic	_	none	_	_	_	_	_	_
345-9	BZ002	345	9	s-	s-	_	_	_	_	_	linguistic	_	none	Interrupted=Yes	_	_	_	_	_
345-10	BZ002	345	10	bellissima,	bellissima	_	_	_	_	_	linguistic	_	none	Intonation=WeaklyRising	End=1214.439	_	_	_	_
346-0	BZ002	346	0	sul	sul	_	_	_	_	_	linguistic	_	none	_	Begin=1214.784	_	_	_	_
346-1	BZ002	346	1	cibo	cibo	_	_	_	_	_	linguistic	_	none	_	_	_	_	_	_
346-2	BZ002	346	2	cinese,	cinese	_	_	_	_	_	linguistic	_	none	Intonation=WeaklyRising	_	_	_	_	_
346-3	BZ002	346	3	e	e	_	_	_	_	_	linguistic	_	none	_	_	_	_	_	_
346-4	BZ002	346	4	allora	allora	_	_	_	_	_	linguistic	_	none	_	_	_	_	_	_
346-5	BZ002	346	5	lì	lì	_	_	_	_	_	linguistic	_	none	_	_	_	_	_	_
346-6	BZ002	346	6	c'	c'	_	_	_	_	_	linguistic	_	none	SpaceAfter=No	_	_	_	_	_
346-7	BZ002	346	7	è:	è	_	_	_	_	_	linguistic	_	none	_	_	0x1	_	_	_
346-8	BZ002	346	8	cinese	cinese	_	_	_	_	_	linguistic	_	none	_	_	_	_	_	_
346-9	BZ002	346	9	mandarino.	mandarino	_	_	_	_	_	linguistic	_	none	Intonation=Falling	_	_	_	_	_
346-10	BZ002	346	10	perché	perché	_	_	_	_	_	linguistic	_	none	_	_	_	_	_	_
346-11	BZ002	346	11	poi	poi	_	_	_	_	_	linguistic	_	none	_	_	_	_	_	_
346-12	BZ002	346	12	c'	c'	_	_	_	_	_	linguistic	_	none	SpaceAfter=No	_	_	_	_	_
346-13	BZ002	346	13	è	è	_	_	_	_	_	linguistic	_	none	_	_	_	_	_	_
346-14	BZ002	346	14	anche	anche	_	_	_	_	_	linguistic	_	none	_	_	_	_	_	_
346-15	BZ002	346	15	il	il	_	_	_	_	_	linguistic	_	none	_	_	_	_	_	_
346-16	BZ002	346	16	problema	problema	_	_	_	_	_	linguistic	_	none	_	_	_	_	_	_
346-17	BZ002	346	17	che	che	_	_	_	_	_	linguistic	_	none	_	_	_	_	_	_
346-18	BZ002	346	18	sia	sia	_	_	_	_	_	linguistic	_	none	_	_	_	_	_	_
346-19	BZ002	346	19	cinese	cinese	_	_	_	_	_	linguistic	_	none	_	_	_	_	_	_
346-20	BZ002	346	20	mandarino	mandarino	_	_	_	_	_	linguistic	_	none	_	_	_	_	_	8-9(82)
346-21	BZ002	346	21	[perché	perché	_	_	_	_	_	linguistic	_	none	_	_	_	_	_	0-6(82)
346-22	BZ002	346	22	quello	quello	_	_	_	_	_	linguistic	_	none	_	_	_	_	_	0-6(82)
346-23	BZ002	346	23	è	è	_	_	_	_	_	linguistic	_	none	_	_	_	_	_	0-1(82)
346-24	BZ002	346	24	quello]	quello	_	_	_	_	_	linguistic	_	none	_	_	_	_	_	0-5(82)
346-25	BZ002	346	25	che	che	_	_	_	_	_	linguistic	_	none	_	_	_	_	_	_
346-26	BZ002	346	26	so,	so	_	_	_	_	_	linguistic	_	none	Intonation=WeaklyRising	End=1221.684	_	_	_	_
347-0	BZ001	347	0	[eh	eh	_	_	_	_	_	linguistic	_	none	_	Begin=1220.409	_	_	_	0-2(82)
347-1	BZ001	347	1	sì	sì	_	_	_	_	_	linguistic	_	none	_	_	_	_	_	0-2(82)
347-2	BZ001	347	2	certo].	certo	_	_	_	_	_	linguistic	_	none	Intonation=Falling	End=1221.199	_	_	_	0-5(82)
348-0	BZ002	348	0	e::	e	_	_	_	_	_	linguistic	_	none	PauseAfter=Yes	Begin=1222.659	0x2	_	_	_
348-1	BZ002	348	1	(.)	(.)	_	_	_	_	_	shortpause	_	none	_	_	_	_	_	_
348-2	BZ002	348	2	e	e	_	_	_	_	_	linguistic	_	none	_	_	_	_	_	_
348-3	BZ002	348	3	se	se	_	_	_	_	_	linguistic	_	none	_	_	_	_	_	_
348-4	BZ002	348	4	no	no	_	_	_	_	_	linguistic	_	none	_	_	_	_	_	_
348-5	BZ002	348	5	non	non	_	_	_	_	_	linguistic	_	none	_	_	_	_	_	_
348-6	BZ002	348	6	è	è	_	_	_	_	_	linguistic	_	none	_	_	_	_	_	_
348-7	BZ002	348	7	che	che	_	_	_	_	_	linguistic	_	none	_	_	_	_	_	_
348-8	BZ002	348	8	trovi	trovi	_	_	_	_	_	linguistic	_	none	_	_	_	_	_	_
348-9	BZ002	348	9	molto:	molto	_	_	_	_	_	linguistic	_	none	PauseAfter=Yes	_	4x1	_	_	_
348-10	BZ002	348	10	(.)	(.)	_	_	_	_	_	shortpause	_	none	_	_	_	_	_	_
348-11	BZ002	348	11	tradotto	tradotto	_	_	_	_	_	linguistic	_	none	_	_	_	_	_	_
348-12	BZ002	348	12	in	in	_	_	_	_	_	linguistic	_	none	_	_	_	_	_	_
348-13	BZ002	348	13	cinese.	cinese	_	_	_	_	_	linguistic	_	none	Intonation=Falling	End=1226.84	_	_	_	_
349-0	BZ001	349	0	che	che	_	_	_	_	_	linguistic	_	none	_	Begin=1227.728	_	_	_	_
349-1	BZ001	349	1	poi	poi	_	_	_	_	_	linguistic	_	none	_	_	_	_	_	_
349-2	BZ001	349	2	ho	ho	_	_	_	_	_	linguistic	_	none	_	_	_	_	_	_
349-3	BZ001	349	3	visto	visto	_	_	_	_	_	linguistic	_	none	_	_	_	_	_	_
349-4	BZ001	349	4	che	che	_	_	_	_	_	linguistic	_	none	_	_	_	_	_	_
349-5	BZ001	349	5	su	su	_	_	_	_	_	linguistic	_	none	_	_	_	_	_	_
349-6	BZ001	349	6	netflix	netflix	_	_	_	_	_	linguistic	_	none	_	_	_	_	_	_
349-7	BZ001	349	7	ci	ci	_	_	_	_	_	linguistic	_	none	_	_	_	_	_	_
349-8	BZ001	349	8	sono	sono	_	_	_	_	_	linguistic	_	none	_	_	_	_	_	_
349-9	BZ001	349	9	più	più	_	_	_	_	_	linguistic	_	none	_	_	_	_	_	_
349-10	BZ001	349	10	lingue.	lingue	_	_	_	_	_	linguistic	_	none	Intonation=Falling	_	_	_	_	_
349-11	BZ001	349	11	invece	invece	_	_	_	_	_	linguistic	_	none	_	_	_	_	_	_
349-12	BZ001	349	12	già	già	_	_	_	_	_	linguistic	_	none	_	_	_	_	_	_
349-13	BZ001	349	13	su	su	_	_	_	_	_	linguistic	_	none	_	_	_	_	_	_
349-14	BZ001	349	14	prime	prime	_	_	_	_	_	linguistic	_	none	PauseAfter=Yes	_	_	_	_	_
349-15	BZ001	349	15	(.)	(.)	_	_	_	_	_	shortpause	_	none	_	_	_	_	_	_
349-16	BZ001	349	16	molte	molte	_	_	_	_	_	linguistic	_	none	_	_	_	_	_	_
349-17	BZ001	349	17	cose	cose	_	_	_	_	_	linguistic	_	none	_	_	_	_	_	_
349-18	BZ001	349	18	son	son	_	_	_	_	_	linguistic	_	none	_	_	_	_	_	_
349-19	BZ001	349	19	solo	solo	_	_	_	_	_	linguistic	_	none	_	_	_	_	_	_
349-20	BZ001	349	20	in	in	_	_	_	_	_	linguistic	_	none	_	_	_	_	_	_
349-21	BZ001	349	21	italiano	italiano	_	_	_	_	_	linguistic	_	none	_	_	_	_	_	_
349-22	BZ001	349	22	[proprio].	proprio	_	_	_	_	_	linguistic	_	none	Intonation=Falling	End=1233.068	_	_	_	0-7(83)
350-0	BZ002	350	0	[ah]	ah	_	_	_	_	_	linguistic	_	none	_	Begin=1232.893	_	_	_	0-2(83)
350-1	BZ002	350	1	non	non	_	_	_	_	_	linguistic	_	none	_	_	_	_	_	_
350-2	BZ002	350	2	ho	ho	_	_	_	_	_	linguistic	_	none	_	_	_	_	_	_
350-3	BZ002	350	3	mai	mai	_	_	_	_	_	linguistic	_	none	_	_	_	_	_	_
350-4	BZ002	350	4	guardato.	guardato	_	_	_	_	_	linguistic	_	none	Intonation=Falling	End=1234.11	_	_	_	_
351-0	BZ001	351	0	invece	invece	_	_	_	_	_	linguistic	_	none	_	Begin=1234.723	_	_	_	_
351-1	BZ001	351	1	su	su	_	_	_	_	_	linguistic	_	none	_	_	_	_	_	_
351-2	BZ001	351	2	mubi,	mubi	_	_	_	_	_	linguistic	_	none	Intonation=WeaklyRising	End=1235.733	_	_	_	_
352-0	BZ001	352	0	che	che	_	_	_	_	_	linguistic	_	none	_	Begin=1236.143	_	_	_	_
352-1	BZ001	352	1	è	è	_	_	_	_	_	linguistic	_	none	_	_	_	_	_	_
352-2	BZ001	352	2	que[sta:,	questa	_	_	_	_	_	linguistic	_	none	Intonation=WeaklyRising	_	5x1	_	_	3-6(84)
352-3	BZ001	352	3	piattaforma	piattaforma	_	_	_	_	_	linguistic	_	none	_	_	_	_	_	0-11(84)
352-4	BZ001	352	4	di	di	_	_	_	_	_	linguistic	_	none	_	_	_	_	_	0-2(84)
352-5	BZ001	352	5	film]	film	_	_	_	_	_	linguistic	_	none	_	_	_	_	_	0-4(84)
352-6	BZ001	352	6	indipendenti,	indipendenti	_	_	_	_	_	linguistic	_	none	Intonation=WeaklyRising	End=1238.713	_	_	_	_
353-0	BZ002	353	0	[(ah	ah	_	_	_	_	_	linguistic	_	none	_	Begin=1236.673	_	_	0-2(0)	0-2(84)
353-1	BZ002	353	1	sì	sì	_	_	_	_	_	linguistic	_	none	_	_	_	_	0-2(0)	0-2(84)
353-2	BZ002	353	2	me	me	_	_	_	_	_	linguistic	_	none	_	_	_	_	0-2(0)	0-2(84)
353-3	BZ002	353	3	l'	l'	_	_	_	_	_	linguistic	_	none	SpaceAfter=No	_	_	_	0-2(0)	0-2(84)
353-4	BZ002	353	4	hai	hai	_	_	_	_	_	linguistic	_	none	_	_	_	_	0-3(0)	0-3(84)
353-5	BZ002	353	5	detto.)]	detto	_	_	_	_	_	linguistic	_	none	Intonation=Falling	End=1237.573	_	_	0-5(0)	0-5(84)
354-0	BZ001	354	0	lì,	lì	_	_	_	_	_	linguistic	_	none	Intonation=WeaklyRising	Begin=1239.003|End=1239.44	_	_	_	_
355-0	BZ001	355	0	non	non	_	_	_	_	_	linguistic	_	none	_	Begin=1239.65	_	_	_	_
355-1	BZ001	355	1	c'	c'	_	_	_	_	_	linguistic	_	none	SpaceAfter=No	_	_	_	_	_
355-2	BZ001	355	2	è	è	_	_	_	_	_	linguistic	_	none	_	_	_	_	_	_
355-3	BZ001	355	3	in	in	_	_	_	_	_	linguistic	_	none	_	_	_	_	_	_
355-4	BZ001	355	4	italiano.	italiano	_	_	_	_	_	linguistic	_	none	Intonation=Falling	_	_	_	_	_
355-5	BZ001	355	5	cioè	cioè	_	_	_	_	_	linguistic	_	none	_	_	_	_	_	_
355-6	BZ001	355	6	salvo:	salvo	_	_	_	_	_	linguistic	_	none	_	_	4x1	_	_	_
355-7	BZ001	355	7	rari	rari	_	_	_	_	_	linguistic	_	none	_	_	_	_	_	_
355-8	BZ001	355	8	casi,	casi	_	_	_	_	_	linguistic	_	none	Intonation=WeaklyRising|PauseAfter=Yes	_	_	_	_	_
355-9	BZ001	355	9	(.)	(.)	_	_	_	_	_	shortpause	_	none	_	_	_	_	_	_
355-10	BZ001	355	10	è	è	_	_	_	_	_	linguistic	_	none	_	_	_	_	_	_
355-11	BZ001	355	11	sempre,	sempre	_	_	_	_	_	linguistic	_	none	Intonation=WeaklyRising	End=1243.49	_	_	_	_
356-0	BZ001	356	0	in:	in	_	_	_	_	_	linguistic	_	none	_	Begin=1243.878	1x1	_	_	_
356-1	BZ001	356	1	nella	nella	_	_	_	_	_	linguistic	_	none	_	_	_	_	_	_
356-2	BZ001	356	2	lingua	lingua	_	_	_	_	_	linguistic	_	none	_	_	_	_	_	_
356-3	BZ001	356	3	originaria.	originaria	_	_	_	_	_	linguistic	_	none	Intonation=Falling	End=1245.818	_	_	_	_
357-0	BZ001	357	0	eh::m	ehm	_	_	_	_	_	linguistic	_	none	_	Begin=1246.241|End=1247.171	1x2	_	_	_
358-0	BZ001	358	0	e	e	_	_	_	_	_	linguistic	_	none	_	Begin=1247.871	_	_	_	_
358-1	BZ001	358	1	non	non	_	_	_	_	_	linguistic	_	none	_	_	_	_	_	_
358-2	BZ001	358	2	puoi,	puoi	_	_	_	_	_	linguistic	_	none	Intonation=WeaklyRising	_	_	_	_	_
358-3	BZ001	358	3	cioè	cioè	_	_	_	_	_	linguistic	_	none	_	_	_	_	_	_
358-4	BZ001	358	4	non	non	_	_	_	_	_	linguistic	_	none	_	_	_	_	_	_
358-5	BZ001	358	5	c'	c'	_	_	_	_	_	linguistic	_	none	SpaceAfter=No	_	_	_	_	_
358-6	BZ001	358	6	è	è	_	_	_	_	_	linguistic	_	none	_	_	_	_	_	_
358-7	BZ001	358	7	proprio	proprio	_	_	_	_	_	linguistic	_	none	_	_	_	_	_	_
358-8	BZ001	358	8	il	il	_	_	_	_	_	linguistic	_	none	_	_	_	_	_	_
358-9	BZ001	358	9	doppiag[gio,	doppiaggio	_	_	_	_	_	linguistic	_	none	Intonation=WeaklyRising|PauseAfter=Yes	_	_	_	_	6-10(86)
358-10	BZ001	358	10	(.)	(.)	_	_	_	_	_	shortpause	_	none	_	_	_	_	_	_
358-11	BZ001	358	11	quindi	quindi	_	_	_	_	_	linguistic	_	none	_	_	_	_	_	0-6(86)
358-12	BZ001	358	12	tu	tu	_	_	_	_	_	linguistic	_	none	_	_	_	_	_	0-2(86)
358-13	BZ001	358	13	puoi]	puoi	_	_	_	_	_	linguistic	_	none	_	_	_	_	_	0-4(86)
358-14	BZ001	358	14	guardarlo	guardarlo	_	_	_	_	_	linguistic	_	none	_	_	_	_	_	_
358-15	BZ001	358	15	solo	solo	_	_	_	_	_	linguistic	_	none	_	_	_	_	_	_
358-16	BZ001	358	16	in	in	_	_	_	_	_	linguistic	_	none	_	_	_	_	_	_
358-17	BZ001	358	17	quella	quella	_	_	_	_	_	linguistic	_	none	_	_	_	_	_	_
358-18	BZ001	358	18	lingua	lingua	_	_	_	_	_	linguistic	_	none	_	_	_	_	_	_
358-19	BZ001	358	19	lì,	lì	_	_	_	_	_	linguistic	_	none	Intonation=WeaklyRising	_	_	_	_	_
358-20	BZ001	358	20	con	con	_	_	_	_	_	linguistic	_	none	_	_	_	_	_	_
358-21	BZ001	358	21	i	i	_	_	_	_	_	linguistic	_	none	_	_	_	_	_	_
358-22	BZ001	358	22	sottotioli	sottotioli	_	_	_	_	_	linguistic	_	none	_	_	_	_	_	_
358-23	BZ001	358	23	in	in	_	_	_	_	_	linguistic	_	none	_	_	_	_	_	_
358-24	BZ001	358	24	[italiano].	italiano	_	_	_	_	_	linguistic	_	none	Intonation=Falling	End=1252.991	_	_	_	0-8(85)
359-0	BZ002	359	0	[ah	ah	_	_	_	_	_	linguistic	_	none	_	Begin=1249.416	_	_	_	0-2(86)
359-1	BZ002	359	1	non	non	_	_	_	_	_	linguistic	_	none	_	_	_	_	_	0-3(86)
359-2	BZ002	359	2	puoi],	puoi	_	_	_	_	_	linguistic	_	none	Intonation=WeaklyRising	End=1250.216	_	_	_	0-4(86)
360-0	BZ002	360	0	[mh	mh	_	_	_	_	_	linguistic	_	none	ProsodicLink=Yes	Begin=1252.576	_	_	_	0-2(85)
360-1	BZ002	360	1	mh].	mh	_	_	_	_	_	linguistic	_	none	Intonation=Falling	End=1252.996	_	_	_	0-2(85)
361-0	BZ001	361	0	>però	però	_	_	_	_	_	linguistic	_	none	_	Begin=1253.666	_	Fast=0-4(0)	_	_
361-1	BZ001	361	1	quello	quello	_	_	_	_	_	linguistic	_	none	_	_	_	Fast=0-6(0)	_	_
361-2	BZ001	361	2	è	è	_	_	_	_	_	linguistic	_	none	_	_	_	Fast=0-1(0)	_	_
361-3	BZ001	361	3	molto	molto	_	_	_	_	_	linguistic	_	none	_	_	_	Fast=0-5(0)	_	_
361-4	BZ001	361	4	interessante<,	interessante	_	_	_	_	_	linguistic	_	none	Intonation=WeaklyRising	_	_	Fast=0-12(0)	_	_
361-5	BZ001	361	5	perché	perché	_	_	_	_	_	linguistic	_	none	_	_	_	_	_	_
361-6	BZ001	361	6	lì	lì	_	_	_	_	_	linguistic	_	none	_	_	_	_	_	_
361-7	BZ001	361	7	ho	ho	_	_	_	_	_	linguistic	_	none	_	_	_	_	_	_
361-8	BZ001	361	8	visto	visto	_	_	_	_	_	linguistic	_	none	_	_	_	_	_	_
361-9	BZ001	361	9	tanti	tanti	_	_	_	_	_	linguistic	_	none	_	_	_	_	_	_
361-10	BZ001	361	10	film	film	_	_	_	_	_	linguistic	_	none	_	_	_	_	_	_
361-11	BZ001	361	11	anche:	anche	_	_	_	_	_	linguistic	_	none	_	End=1256.876	4x1	_	_	_
362-0	BZ001	362	0	magari	magari	_	_	_	_	_	linguistic	_	none	_	Begin=1257.606	_	_	_	_
362-1	BZ001	362	1	proprio	proprio	_	_	_	_	_	linguistic	_	none	_	_	_	_	_	_
362-2	BZ001	362	2	di	di	_	_	_	_	_	linguistic	_	none	_	_	_	_	_	_
362-3	BZ001	362	3	paesi	paesi	_	_	_	_	_	linguistic	_	none	_	_	_	_	_	_
362-4	BZ001	362	4	in	in	_	_	_	_	_	linguistic	_	none	_	_	_	_	_	_
362-5	BZ001	362	5	cui	cui	_	_	_	_	_	linguistic	_	none	_	_	_	_	_	_
362-6	BZ001	362	6	si	si	_	_	_	_	_	linguistic	_	none	_	_	_	_	_	_
362-7	BZ001	362	7	parlano	parlano	_	_	_	_	_	linguistic	_	none	_	_	_	_	_	_
362-8	BZ001	362	8	lingue	lingue	_	_	_	_	_	linguistic	_	none	_	End=1259.536	_	_	_	_
363-0	BZ001	363	0	in	in	_	_	_	_	_	linguistic	_	none	_	Begin=1260.006	_	_	_	_
363-1	BZ001	363	1	cui	cui	_	_	_	_	_	linguistic	_	none	_	_	_	_	_	_
363-2	BZ001	363	2	tendenzialmente	tendenzialmente	_	_	_	_	_	linguistic	_	none	_	_	_	_	_	_
363-3	BZ001	363	3	non	non	_	_	_	_	_	linguistic	_	none	_	_	_	_	_	_
363-4	BZ001	363	4	avrei	avrei	_	_	_	_	_	linguistic	_	none	_	_	_	_	_	_
363-5	BZ001	363	5	guardato	guardato	_	_	_	_	_	linguistic	_	none	_	_	_	_	_	_
363-6	BZ001	363	6	il	il	_	_	_	_	_	linguistic	_	none	_	_	_	_	_	_
363-7	BZ001	363	7	film,	film	_	_	_	_	_	linguistic	_	none	Intonation=WeaklyRising	End=1262.256	_	_	_	_
364-0	BZ001	364	0	eh::	eh	_	_	_	_	_	linguistic	_	none	_	Begin=1263.126|End=1264.016	1x2	_	_	_
365-0	BZ001	365	0	i-	i-	_	_	_	_	_	linguistic	_	none	Interrupted=Yes	Begin=1265.656	_	_	_	_
365-1	BZ001	365	1	in	in	_	_	_	_	_	linguistic	_	none	_	_	_	_	_	_
365-2	BZ001	365	2	quelle	quelle	_	_	_	_	_	linguistic	_	none	_	_	_	_	_	_
365-3	BZ001	365	3	lingue	lingue	_	_	_	_	_	linguistic	_	none	_	_	_	_	_	_
365-4	BZ001	365	4	lì	lì	_	_	_	_	_	linguistic	_	none	_	_	_	_	_	_
365-5	BZ001	365	5	effettivamente	effettivamente	_	_	_	_	_	linguistic	_	none	_	_	_	_	_	_
365-6	BZ001	365	6	ha	ha	_	_	_	_	_	linguistic	_	none	_	_	_	_	_	_
365-7	BZ001	365	7	un	un	_	_	_	_	_	linguistic	_	none	_	_	_	_	_	_
365-8	BZ001	365	8	fascino	fascino	_	_	_	_	_	linguistic	_	none	_	_	_	_	_	_
365-9	BZ001	365	9	diverso	diverso	_	_	_	_	_	linguistic	_	none	_	_	_	_	_	_
365-10	BZ001	365	10	vedere	vedere	_	_	_	_	_	linguistic	_	none	_	_	_	_	_	_
365-11	BZ001	365	11	il	il	_	_	_	_	_	linguistic	_	none	_	_	_	_	_	_
365-12	BZ001	365	12	film	film	_	_	_	_	_	linguistic	_	none	_	End=1268.886	_	_	_	_
366-0	BZ001	366	0	eh	eh	_	_	_	_	_	linguistic	_	none	PauseAfter=Yes	Begin=1269.326	_	_	_	_
366-1	BZ001	366	1	[(.)	(.)	_	_	_	_	_	shortpause	_	none	_	_	_	_	_	_
366-2	BZ001	366	2	in	in	_	_	_	_	_	linguistic	_	none	_	_	_	_	_	0-2(87)
366-3	BZ001	366	3	lingua]	lingua	_	_	_	_	_	linguistic	_	none	_	_	_	_	_	0-6(87)
366-4	BZ001	366	4	in	in	_	_	_	_	_	linguistic	_	none	_	_	_	_	_	_
366-5	BZ001	366	5	lingua	lingua	_	_	_	_	_	linguistic	_	none	_	_	_	_	_	_
366-6	BZ001	366	6	originale	originale	_	_	_	_	_	linguistic	_	none	_	_	_	_	_	_
366-7	BZ001	366	7	sì.	sì	_	_	_	_	_	linguistic	_	none	Intonation=Falling	End=1271.636	_	_	_	_
367-0	BZ002	367	0	[originale].	originale	_	_	_	_	_	linguistic	_	none	Intonation=Falling	Begin=1269.656|End=1270.556	_	_	_	0-9(87)
368-0	BZ001	368	0	soprattutto	soprattutto	_	_	_	_	_	linguistic	_	none	_	Begin=1272.071	_	_	_	_
368-1	BZ001	368	1	film:	film	_	_	_	_	_	linguistic	_	none	_	_	3x1	_	_	_
368-2	BZ001	368	2	non	non	_	_	_	_	_	linguistic	_	none	_	_	_	_	_	_
368-3	BZ001	368	3	so	so	_	_	_	_	_	linguistic	_	none	_	_	_	_	_	_
368-4	BZ001	368	4	eh	eh	_	_	_	_	_	linguistic	_	none	_	_	_	_	_	_
368-5	BZ001	368	5	coreani	coreani	_	_	_	_	_	linguistic	_	none	_	_	_	_	_	_
368-6	BZ001	368	6	giapponesi	giapponesi	_	_	_	_	_	linguistic	_	none	_	_	_	_	_	_
368-7	BZ001	368	7	cinesi,	cinesi	_	_	_	_	_	linguistic	_	none	Intonation=WeaklyRising	End=1276.261	_	_	_	_
369-0	BZ001	369	0	e	e	_	_	_	_	_	linguistic	_	none	_	Begin=1276.551	_	_	_	_
369-1	BZ001	369	1	lì	lì	_	_	_	_	_	linguistic	_	none	_	_	_	_	_	_
369-2	BZ001	369	2	mi	mi	_	_	_	_	_	linguistic	_	none	_	_	_	_	_	_
369-3	BZ001	369	3	ero	ero	_	_	_	_	_	linguistic	_	none	_	_	_	_	_	_
369-4	BZ001	369	4	appassionato	appassionato	_	_	_	_	_	linguistic	_	none	_	_	_	_	_	_
369-5	BZ001	369	5	abbastanza	abbastanza	_	_	_	_	_	linguistic	_	none	_	_	_	_	_	_
369-6	BZ001	369	6	soprattutto	soprattutto	_	_	_	_	_	linguistic	_	none	_	_	_	_	_	_
369-7	BZ001	369	7	al	al	_	_	_	_	_	linguistic	_	none	_	_	_	_	_	_
369-8	BZ001	369	8	cinema	cinema	_	_	_	_	_	linguistic	_	none	_	_	_	_	_	_
369-9	BZ001	369	9	orientale,	orientale	_	_	_	_	_	linguistic	_	none	Intonation=WeaklyRising|PauseAfter=Yes	_	_	_	_	_
369-10	BZ001	369	10	(.)	(.)	_	_	_	_	_	shortpause	_	none	_	_	_	_	_	_
369-11	BZ001	369	11	a	a	_	_	_	_	_	linguistic	_	none	_	_	_	_	_	_
369-12	BZ001	369	12	vederlo	vederlo	_	_	_	_	_	linguistic	_	none	_	_	_	_	_	_
369-13	BZ001	369	13	poi	poi	_	_	_	_	_	linguistic	_	none	_	_	_	_	_	_
369-14	BZ001	369	14	però	però	_	_	_	_	_	linguistic	_	none	_	_	_	_	_	_
369-15	BZ001	369	15	in	in	_	_	_	_	_	linguistic	_	none	_	_	_	_	_	_
369-16	BZ001	369	16	lingua	lingua	_	_	_	_	_	linguistic	_	none	_	_	_	_	_	_
369-17	BZ001	369	17	originale.	originale	_	_	_	_	_	linguistic	_	none	Intonation=Falling|PauseAfter=Yes	_	_	_	_	_
369-18	BZ001	369	18	(.)	(.)	_	_	_	_	_	shortpause	_	none	_	_	_	_	_	_
369-19	BZ001	369	19	infatti	infatti	_	_	_	_	_	linguistic	_	none	_	_	_	_	_	_
369-20	BZ001	369	20	mi	mi	_	_	_	_	_	linguistic	_	none	_	_	_	_	_	_
369-21	BZ001	369	21	era	era	_	_	_	_	_	linguistic	_	none	_	_	_	_	_	_
369-22	BZ001	369	22	capitato	capitato	_	_	_	_	_	linguistic	_	none	_	_	_	_	_	_
369-23	BZ001	369	23	poi	poi	_	_	_	_	_	linguistic	_	none	_	_	_	_	_	_
369-24	BZ001	369	24	un	un	_	_	_	_	_	linguistic	_	none	_	_	_	_	_	_
369-25	BZ001	369	25	paio	paio	_	_	_	_	_	linguistic	_	none	_	_	_	_	_	_
369-26	BZ001	369	26	di	di	_	_	_	_	_	linguistic	_	none	_	_	_	_	_	_
369-27	BZ001	369	27	film,	film	_	_	_	_	_	linguistic	_	none	Intonation=WeaklyRising	End=1283.271	_	_	_	_
370-0	BZ001	370	0	in:	in	_	_	_	_	_	linguistic	_	none	PauseAfter=Yes	Begin=1283.641	1x1	_	_	_
370-1	BZ001	370	1	(.)	(.)	_	_	_	_	_	shortpause	_	none	_	_	_	_	_	_
370-2	BZ001	370	2	in	in	_	_	_	_	_	linguistic	_	none	_	_	_	_	_	_
370-3	BZ001	370	3	in	in	_	_	_	_	_	linguistic	_	none	_	_	_	_	_	_
370-4	BZ001	370	4	coreano,	coreano	_	_	_	_	_	linguistic	_	none	Intonation=WeaklyRising	_	_	_	_	_
370-5	BZ001	370	5	tradotti	tradotti	_	_	_	_	_	linguistic	_	none	_	_	_	_	_	_
370-6	BZ001	370	6	non	non	_	_	_	_	_	linguistic	_	none	_	_	_	_	_	_
370-7	BZ001	370	7	non	non	_	_	_	_	_	linguistic	_	none	_	_	_	_	_	_
370-8	BZ001	370	8	riuscivo	riuscivo	_	_	_	_	_	linguistic	_	none	_	_	_	_	_	_
370-9	BZ001	370	9	a	a	_	_	_	_	_	linguistic	_	none	_	_	_	_	_	_
370-10	BZ001	370	10	guardarli	guardarli	_	_	_	_	_	linguistic	_	none	_	_	_	_	_	_
370-11	BZ001	370	11	[perché	perché	_	_	_	_	_	linguistic	_	none	_	_	_	_	_	0-6(88)
370-12	BZ001	370	12	poi]	poi	_	_	_	_	_	linguistic	_	none	_	_	_	_	_	0-3(88)
370-13	BZ001	370	13	una	una	_	_	_	_	_	linguistic	_	none	_	_	_	_	_	_
370-14	BZ001	370	14	volta	volta	_	_	_	_	_	linguistic	_	none	_	_	_	_	_	_
370-15	BZ001	370	15	che	che	_	_	_	_	_	linguistic	_	none	_	_	_	_	_	_
370-16	BZ001	370	16	ti	ti	_	_	_	_	_	linguistic	_	none	_	_	_	_	_	_
370-17	BZ001	370	17	abitui	abitui	_	_	_	_	_	linguistic	_	none	_	_	_	_	_	_
370-18	BZ001	370	18	è	è	_	_	_	_	_	linguistic	_	none	_	_	_	_	_	_
370-19	BZ001	370	19	[talmente	talmente	_	_	_	_	_	linguistic	_	none	_	_	_	_	_	0-8(89)
370-20	BZ001	370	20	magari]	magari	_	_	_	_	_	linguistic	_	none	_	_	_	_	_	0-6(89)
370-21	BZ001	370	21	particolare	particolare	_	_	_	_	_	linguistic	_	none	_	_	_	_	_	_
370-22	BZ001	370	22	quella	quella	_	_	_	_	_	linguistic	_	none	_	_	_	_	_	_
370-23	BZ001	370	23	lingua	lingua	_	_	_	_	_	linguistic	_	none	_	_	_	_	_	_
370-24	BZ001	370	24	rispetto,	rispetto	_	_	_	_	_	linguistic	_	none	Intonation=WeaklyRising	End=1291.321	_	_	_	_
371-0	BZ002	371	0	[((ride))]	((ride))	_	_	_	_	_	nonverbalbehavior	_	none	_	Begin=1286.896|End=1287.436	_	_	_	0-4(88)
372-0	BZ002	372	0	[al	al	_	_	_	_	_	linguistic	_	none	_	Begin=1288.666	_	_	_	0-2(89)
372-1	BZ002	372	1	suono],	suono	_	_	_	_	_	linguistic	_	none	Intonation=WeaklyRising	End=1289.456	_	_	_	0-5(89)
373-0	BZ001	373	0	anche	anche	_	_	_	_	_	linguistic	_	none	_	Begin=1291.856	_	_	_	_
373-1	BZ001	373	1	all'	all'	_	_	_	_	_	linguistic	_	none	SpaceAfter=No	_	_	_	_	_
373-2	BZ001	373	2	inglese	inglese	_	_	_	_	_	linguistic	_	none	_	_	_	_	_	_
373-3	BZ001	373	3	che	che	_	_	_	_	_	linguistic	_	none	_	_	_	_	_	_
373-4	BZ001	373	4	sei	sei	_	_	_	_	_	linguistic	_	none	_	_	_	_	_	_
373-5	BZ001	373	5	più	più	_	_	_	_	_	linguistic	_	none	_	_	_	_	_	_
373-6	BZ001	373	6	abituato	abituato	_	_	_	_	_	linguistic	_	none	_	_	_	_	_	_
373-7	BZ001	373	7	a	a	_	_	_	_	_	linguistic	_	none	_	_	_	_	_	_
373-8	BZ001	373	8	sentirlo,	sentirlo	_	_	_	_	_	linguistic	_	none	Intonation=WeaklyRising|PauseAfter=Yes	_	_	_	_	_
373-9	BZ001	373	9	(.)	(.)	_	_	_	_	_	shortpause	_	none	_	_	_	_	_	_
373-10	BZ001	373	10	che	che	_	_	_	_	_	linguistic	_	none	_	_	_	_	_	_
373-11	BZ001	373	11	il	il	_	_	_	_	_	linguistic	_	none	_	_	_	_	_	_
373-12	BZ001	373	12	doppiaggio	doppiaggio	_	_	_	_	_	linguistic	_	none	_	_	_	_	_	_
373-13	BZ001	373	13	ti	ti	_	_	_	_	_	linguistic	_	none	_	_	_	_	_	_
373-14	BZ001	373	14	fa	fa	_	_	_	_	_	linguistic	_	none	_	_	_	_	_	_
373-15	BZ001	373	15	proprio	proprio	_	_	_	_	_	linguistic	_	none	_	_	_	_	_	_
373-16	BZ001	373	16	strano	strano	_	_	_	_	_	linguistic	_	none	_	_	_	_	_	_
373-17	BZ001	373	17	[no]?	no	_	_	_	_	_	linguistic	_	none	Intonation=Rising	End=1296.006	_	_	_	0-2(90)
374-0	BZ002	374	0	[mh	mh	_	_	_	_	_	linguistic	_	none	ProsodicLink=Yes	Begin=1295.556	_	_	_	0-2(90)
374-1	BZ002	374	1	mh].	mh	_	_	_	_	_	linguistic	_	none	Intonation=Falling	End=1296.026	_	_	_	0-2(90)
375-0	BZ001	375	0	>quello	quello	_	_	_	_	_	linguistic	_	none	_	Begin=1296.516	_	Fast=0-6(0)	_	_
375-1	BZ001	375	1	sì<.	sì	_	_	_	_	_	linguistic	_	none	Intonation=Falling	_	_	Fast=0-2(0)	_	_
375-2	BZ001	375	2	io	io	_	_	_	_	_	linguistic	_	none	_	_	_	_	_	_
375-3	BZ001	375	3	in	in	_	_	_	_	_	linguistic	_	none	_	_	_	_	_	_
375-4	BZ001	375	4	spagnolo	spagnolo	_	_	_	_	_	linguistic	_	none	_	_	_	_	_	_
375-5	BZ001	375	5	mi	mi	_	_	_	_	_	linguistic	_	none	_	_	_	_	_	_
375-6	BZ001	375	6	ero	ero	_	_	_	_	_	linguistic	_	none	_	_	_	_	_	_
375-7	BZ001	375	7	guara-	guara-	_	_	_	_	_	linguistic	_	none	Interrupted=Yes	_	_	_	_	_
375-8	BZ001	375	8	guardato,	guardato	_	_	_	_	_	linguistic	_	none	Intonation=WeaklyRising|PauseAfter=Yes	_	_	_	_	_
375-9	BZ001	375	9	(.)	(.)	_	_	_	_	_	shortpause	_	none	_	_	_	_	_	_
375-10	BZ001	375	10	valeria.	valeria	_	_	_	_	_	linguistic	_	none	Intonation=Falling	End=1299.316	_	_	_	_
376-0	BZ002	376	0	non	non	_	_	_	_	_	linguistic	_	none	_	Begin=1299.926	_	_	_	_
376-1	BZ002	376	1	[ho	ho	_	_	_	_	_	linguistic	_	none	_	_	_	_	_	0-2(91)
376-2	BZ002	376	2	presente].	presente	_	_	_	_	_	linguistic	_	none	Intonation=Falling	End=1301.176	_	_	_	0-8(91)
377-0	BZ001	377	0	[na	na	_	_	_	_	_	linguistic	_	none	_	Begin=1300.306	_	_	_	0-2(91)
377-1	BZ001	377	1	roba]	roba	_	_	_	_	_	linguistic	_	none	_	_	_	_	_	0-4(91)
377-2	BZ001	377	2	comica.	comica	_	_	_	_	_	linguistic	_	none	Intonation=Falling	_	_	_	_	_
377-3	BZ001	377	3	ma	ma	_	_	_	_	_	linguistic	_	none	_	_	_	_	_	_
377-4	BZ001	377	4	>me	me	_	_	_	_	_	linguistic	_	none	_	_	_	Fast=0-2(0)	_	_
377-5	BZ001	377	5	l'	l'	_	_	_	_	_	linguistic	_	none	SpaceAfter=No	_	_	Fast=0-2(0)	_	_
377-6	BZ001	377	6	ero	ero	_	_	_	_	_	linguistic	_	none	_	_	_	Fast=0-3(0)	_	_
377-7	BZ001	377	7	guardato<	guardato	_	_	_	_	_	linguistic	_	none	_	_	_	Fast=0-8(0)	_	_
377-8	BZ001	377	8	proprio	proprio	_	_	_	_	_	linguistic	_	none	_	_	_	_	_	_
377-9	BZ001	377	9	perché	perché	_	_	_	_	_	linguistic	_	none	_	_	_	_	_	_
377-10	BZ001	377	10	anch'	anch'	_	_	_	_	_	linguistic	_	none	SpaceAfter=No	_	_	_	_	_
377-11	BZ001	377	11	io	io	_	_	_	_	_	linguistic	_	none	_	_	_	_	_	_
377-12	BZ001	377	12	volevo	volevo	_	_	_	_	_	linguistic	_	none	_	_	_	_	_	_
377-13	BZ001	377	13	imparare	imparare	_	_	_	_	_	linguistic	_	none	_	_	_	_	_	_
377-14	BZ001	377	14	lo	lo	_	_	_	_	_	linguistic	_	none	_	_	_	_	_	1-2(92)
377-15	BZ001	377	15	[spagnolo],	spagnolo	_	_	_	_	_	linguistic	_	none	Intonation=WeaklyRising	_	_	_	_	0-7(92)
377-16	BZ001	377	16	però.	però	_	_	_	_	_	linguistic	_	none	Intonation=Falling|PauseAfter=Yes	_	_	_	_	_
377-17	BZ001	377	17	(.)	(.)	_	_	_	_	_	shortpause	_	none	_	_	_	_	_	_
377-18	BZ001	377	18	[anch'	anch'	_	_	_	_	_	linguistic	_	none	SpaceAfter=No	_	_	_	_	0-5(93)
377-19	BZ001	377	19	io	io	_	_	_	_	_	linguistic	_	none	_	_	_	_	_	0-2(93)
377-20	BZ001	377	20	l'	l'	_	_	_	_	_	linguistic	_	none	SpaceAfter=No	_	_	_	_	0-2(93)
377-21	BZ001	377	21	ho	ho	_	_	_	_	_	linguistic	_	none	_	_	_	_	_	0-2(93)
377-22	BZ001	377	22	abbandona]to	abbandonato	_	_	_	_	_	linguistic	_	none	_	_	_	_	_	0-6(93)
377-23	BZ001	377	23	poi	poi	_	_	_	_	_	linguistic	_	none	_	_	_	_	_	_
377-24	BZ001	377	24	in	in	_	_	_	_	_	linguistic	_	none	_	_	_	_	_	_
377-25	BZ001	377	25	realtà	realtà	_	_	_	_	_	linguistic	_	none	_	_	_	_	_	_
377-26	BZ001	377	26	come	come	_	_	_	_	_	linguistic	_	none	_	_	_	_	_	_
377-27	BZ001	377	27	hai	hai	_	_	_	_	_	linguistic	_	none	_	_	_	_	_	_
377-28	BZ001	377	28	fatto	fatto	_	_	_	_	_	linguistic	_	none	_	_	_	_	_	_
377-29	BZ001	377	29	tu	tu	_	_	_	_	_	linguistic	_	none	_	_	_	_	_	_
377-30	BZ001	377	30	col	col	_	_	_	_	_	linguistic	_	none	_	_	_	_	_	_
377-31	BZ001	377	31	portoghese.	portoghese	_	_	_	_	_	linguistic	_	none	Intonation=Falling	End=1306.636	_	_	_	_
378-0	BZ002	378	0	[ah	ah	_	_	_	_	_	linguistic	_	none	_	Begin=1303.066	_	_	_	0-2(92)
378-1	BZ002	378	1	okay].	okay	_	_	_	_	_	linguistic	_	none	Intonation=Falling	End=1303.546	_	_	_	0-4(92)
379-0	BZ002	379	0	[((ride))]	((ride))	_	_	_	_	_	nonverbalbehavior	_	none	_	Begin=1303.906|End=1304.796	_	_	_	0-4(93)
380-0	BZ001	380	0	va	va	_	_	_	_	_	linguistic	_	none	_	Begin=1308.156	_	_	_	_
380-1	BZ001	380	1	bene.	bene	_	_	_	_	_	linguistic	_	none	Intonation=Falling	End=1308.656	_	_	_	_
