token_id	speaker	tu_id	id	span	form	lemma	upos	xpos	feats	deprel	type	meta_label	variation	jefferson_feats	align	prolongations	pace	guesses	overlaps
0-0	BZ001	0	0	ecco	ecco	_	_	_	_	_	linguistic	_	none	_	Begin=2.06	_	_	_	_
0-1	BZ001	0	1	allora	allora	_	_	_	_	_	linguistic	_	none	_	_	_	_	_	_
0-2	BZ001	0	2	io	io	_	_	_	_	_	linguistic	_	none	_	_	_	_	_	_
0-3	BZ001	0	3	ti	ti	_	_	_	_	_	linguistic	_	none	_	_	_	_	_	_
0-4	BZ001	0	4	chiederei	chiederei	_	_	_	_	_	linguistic	_	none	_	_	_	_	_	_
0-5	BZ001	0	5	di	di	_	_	_	_	_	linguistic	_	none	_	_	_	_	_	_
0-6	BZ001	0	6	raccontarmi	raccontarmi	_	_	_	_	_	linguistic	_	none	_	_	_	_	_	_
0-7	BZ001	0	7	un	un	_	_	_	_	_	linguistic	_	none	_	_	_	_	_	_
0-8	BZ001	0	8	po',	po'	_	_	_	_	_	linguistic	_	none	Intonation=WeaklyRising	_	_	_	_	_
0-9	BZ001	0	9	diciamo	diciamo	_	_	_	_	_	linguistic	_	none	_	_	_	_	_	_
0-10	BZ001	0	10	della	della	_	_	_	_	_	linguistic	_	none	_	_	_	_	_	_
0-11	BZ001	0	11	tua	tua	_	_	_	_	_	linguistic	_	none	_	_	_	_	_	_
0-12	BZ001	0	12	vita,	vita	_	_	_	_	_	linguistic	_	none	Intonation=WeaklyRising	_	_	_	_	_
0-13	BZ001	0	13	in	in	_	_	_	_	_	linguistic	_	none	_	_	_	_	_	_
0-14	BZ001	0	14	relazione	relazione	_	_	_	_	_	linguistic	_	none	_	_	_	_	_	_
0-15	BZ001	0	15	però	però	_	_	_	_	_	linguistic	_	none	_	_	_	_	_	_
0-16	BZ001	0	16	alle	alle	_	_	_	_	_	linguistic	_	none	_	_	_	_	_	_
0-17	BZ001	0	17	lingue	lingue	_	_	_	_	_	linguistic	_	none	_	_	_	_	_	_
0-18	BZ001	0	18	o	o	_	_	_	_	_	linguistic	_	none	_	_	_	_	_	_
0-19	BZ001	0	19	ai	ai	_	_	_	_	_	linguistic	_	none	_	_	_	_	_	_
0-20	BZ001	0	20	dialetti	dialetti	_	_	_	_	_	linguistic	_	none	_	_	_	_	_	_
0-21	BZ001	0	21	che	che	_	_	_	_	_	linguistic	_	none	_	_	_	_	_	_
0-22	BZ001	0	22	parli	parli	_	_	_	_	_	linguistic	_	none	_	_	_	_	_	_
0-23	BZ001	0	23	oppure	oppure	_	_	_	_	_	linguistic	_	none	_	_	_	_	_	_
0-24	BZ001	0	24	con	con	_	_	_	_	_	linguistic	_	none	_	_	_	_	_	_
0-25	BZ001	0	25	cui	cui	_	_	_	_	_	linguistic	_	none	_	_	_	_	_	_
0-26	BZ001	0	26	hai	hai	_	_	_	_	_	linguistic	_	none	_	_	_	_	_	_
0-27	BZ001	0	27	avuto	avuto	_	_	_	_	_	linguistic	_	none	_	_	_	_	_	_
0-28	BZ001	0	28	contatto	contatto	_	_	_	_	_	linguistic	_	none	_	_	_	_	_	_
0-29	BZ001	0	29	o	o	_	_	_	_	_	linguistic	_	none	_	_	_	_	_	_
0-30	BZ001	0	30	con	con	_	_	_	_	_	linguistic	_	none	_	_	_	_	_	_
0-31	BZ001	0	31	cui	cui	_	_	_	_	_	linguistic	_	none	_	_	_	_	_	_
0-32	BZ001	0	32	ha	ha	_	_	_	_	_	linguistic	_	none	_	_	_	_	_	_
0-33	BZ001	0	33	avuto	avuto	_	_	_	_	_	linguistic	_	none	_	_	_	_	_	_
0-34	BZ001	0	34	contatto	contatto	_	_	_	_	_	linguistic	_	none	_	_	_	_	_	_
0-35	BZ001	0	35	[la	la	_	_	_	_	_	linguistic	_	none	_	_	_	_	_	0-2(0)
0-36	BZ001	0	36	tua	tua	_	_	_	_	_	linguistic	_	none	_	_	_	_	_	0-3(0)
0-37	BZ001	0	37	famiglia]	famiglia	_	_	_	_	_	linguistic	_	none	_	End=13.34	_	_	_	0-8(0)
1-0	BZ004	1	0	[allora],	allora	_	_	_	_	_	linguistic	_	none	Intonation=WeaklyRising|PauseAfter=Yes	Begin=12.48	_	_	_	0-6(0)
1-1	BZ004	1	1	(.)	(.)	_	_	_	_	_	shortpause	_	none	_	_	_	_	_	_
1-2	BZ004	1	2	io	io	_	_	_	_	_	linguistic	_	none	_	_	_	_	_	_
1-3	BZ004	1	3	ho	ho	_	_	_	_	_	linguistic	_	none	_	_	_	_	_	_
1-4	BZ004	1	4	sempre	sempre	_	_	_	_	_	linguistic	_	none	_	_	_	_	_	_
1-5	BZ004	1	5	parlato:	parlato	_	_	_	_	_	linguistic	_	none	_	_	6x1	_	_	_
1-6	BZ004	1	6	veneto,	veneto	_	_	_	_	_	linguistic	_	none	Intonation=WeaklyRising	_	_	_	_	_
1-7	BZ004	1	7	perché	perché	_	_	_	_	_	linguistic	_	none	_	_	_	_	_	_
1-8	BZ004	1	8	sono	sono	_	_	_	_	_	linguistic	_	none	_	_	_	_	_	_
1-9	BZ004	1	9	nata	nata	_	_	_	_	_	linguistic	_	none	_	_	_	_	_	_
1-10	BZ004	1	10	in	in	_	_	_	_	_	linguistic	_	none	_	_	_	_	_	_
1-11	BZ004	1	11	provincia	provincia	_	_	_	_	_	linguistic	_	none	_	_	_	_	_	_
1-12	BZ004	1	12	di	di	_	_	_	_	_	linguistic	_	none	_	_	_	_	_	_
1-13	BZ004	1	13	padova.	padova	_	_	_	_	_	linguistic	_	none	Intonation=Falling	End=18.59	_	_	_	_
2-0	BZ001	2	0	mh	mh	_	_	_	_	_	linguistic	_	none	ProsodicLink=Yes	Begin=19.26	_	_	_	_
2-1	BZ001	2	1	mh,	mh	_	_	_	_	_	linguistic	_	none	Intonation=WeaklyRising	End=19.71	_	_	_	_
3-0	BZ004	3	0	però	però	_	_	_	_	_	linguistic	_	none	_	Begin=19.9	_	_	_	_
3-1	BZ004	3	1	in	in	_	_	_	_	_	linguistic	_	none	_	_	_	_	_	_
3-2	BZ004	3	2	tempo	tempo	_	_	_	_	_	linguistic	_	none	_	_	_	_	_	_
3-3	BZ004	3	3	di	di	_	_	_	_	_	linguistic	_	none	_	_	_	_	_	_
3-4	BZ004	3	4	guerra,	guerra	_	_	_	_	_	linguistic	_	none	Intonation=WeaklyRising	_	_	_	_	_
3-5	BZ004	3	5	eh::	eh	_	_	_	_	_	linguistic	_	none	_	_	1x2	_	_	_
3-6	BZ004	3	6	siamo	siamo	_	_	_	_	_	linguistic	_	none	_	_	_	_	_	_
3-7	BZ004	3	7	sfollati	sfollati	_	_	_	_	_	linguistic	_	none	_	_	_	_	_	_
3-8	BZ004	3	8	al	al	_	_	_	_	_	linguistic	_	none	_	_	_	_	_	_
3-9	BZ004	3	9	mio	mio	_	_	_	_	_	linguistic	_	none	_	_	_	_	_	_
3-10	BZ004	3	10	paese	paese	_	_	_	_	_	linguistic	_	none	_	_	_	_	_	_
3-11	BZ004	3	11	perché	perché	_	_	_	_	_	linguistic	_	none	_	_	_	_	_	_
3-12	BZ004	3	12	qui	qui	_	_	_	_	_	linguistic	_	none	_	_	_	_	_	_
3-13	BZ004	3	13	c'	c'	_	_	_	_	_	linguistic	_	none	SpaceAfter=No	_	_	_	_	_
3-14	BZ004	3	14	erano	erano	_	_	_	_	_	linguistic	_	none	_	_	_	_	_	_
3-15	BZ004	3	15	le	le	_	_	_	_	_	linguistic	_	none	_	_	_	_	_	_
3-16	BZ004	3	16	bombe,	bombe	_	_	_	_	_	linguistic	_	none	Intonation=WeaklyRising	End=26.78	_	_	_	_
4-0	BZ004	4	0	e	e	_	_	_	_	_	linguistic	_	none	_	Begin=27.79	_	_	_	_
4-1	BZ004	4	1	sono	sono	_	_	_	_	_	linguistic	_	none	_	_	_	_	_	_
4-2	BZ004	4	2	andata	andata	_	_	_	_	_	linguistic	_	none	_	_	_	_	_	_
4-3	BZ004	4	3	a	a	_	_	_	_	_	linguistic	_	none	_	_	_	_	_	_
4-4	BZ004	4	4	scuola	scuola	_	_	_	_	_	linguistic	_	none	_	_	_	_	_	_
4-5	BZ004	4	5	fino	fino	_	_	_	_	_	linguistic	_	none	_	_	_	_	_	_
4-6	BZ004	4	6	>alla	alla	_	_	_	_	_	linguistic	_	none	_	_	_	Fast=0-4(0)	_	_
4-7	BZ004	4	7	quinta	quinta	_	_	_	_	_	linguistic	_	none	_	_	_	Fast=0-6(0)	_	_
4-8	BZ004	4	8	elementare<	elementare	_	_	_	_	_	linguistic	_	none	_	_	_	Fast=0-10(0)	_	_
4-9	BZ004	4	9	al	al	_	_	_	_	_	linguistic	_	none	_	_	_	_	_	_
4-10	BZ004	4	10	mio	mio	_	_	_	_	_	linguistic	_	none	_	_	_	_	_	_
4-11	BZ004	4	11	paese	paese	_	_	_	_	_	linguistic	_	none	_	_	_	_	_	_
4-12	BZ004	4	12	però	però	_	_	_	_	_	linguistic	_	none	_	_	_	_	_	_
4-13	BZ004	4	13	lì	lì	_	_	_	_	_	linguistic	_	none	_	_	_	_	_	_
4-14	BZ004	4	14	non	non	_	_	_	_	_	linguistic	_	none	_	_	_	_	_	_
4-15	BZ004	4	15	c'	c'	_	_	_	_	_	linguistic	_	none	SpaceAfter=No	_	_	_	_	_
4-16	BZ004	4	16	era,	era	_	_	_	_	_	linguistic	_	none	Intonation=WeaklyRising|PauseAfter=Yes	_	_	_	_	_
4-17	BZ004	4	17	(.)	(.)	_	_	_	_	_	shortpause	_	none	_	_	_	_	_	_
4-18	BZ004	4	18	la	la	_	_	_	_	_	linguistic	_	none	_	_	_	_	_	_
4-19	BZ004	4	19	lezione	lezione	_	_	_	_	_	linguistic	_	none	_	_	_	_	_	_
4-20	BZ004	4	20	di	di	_	_	_	_	_	linguistic	_	none	_	_	_	_	_	_
4-21	BZ004	4	21	tedesco.	tedesco	_	_	_	_	_	linguistic	_	none	Intonation=Falling	End=34.7	_	_	_	_
5-0	BZ004	5	0	perciò	perciò	_	_	_	_	_	linguistic	_	none	_	Begin=35.29	_	_	_	_
5-1	BZ004	5	1	io	io	_	_	_	_	_	linguistic	_	none	_	_	_	_	_	_
5-2	BZ004	5	2	quando	quando	_	_	_	_	_	linguistic	_	none	_	_	_	_	_	_
5-3	BZ004	5	3	son	son	_	_	_	_	_	linguistic	_	none	_	_	_	_	_	_
5-4	BZ004	5	4	tornata	tornata	_	_	_	_	_	linguistic	_	none	_	_	_	_	_	_
5-5	BZ004	5	5	qui	qui	_	_	_	_	_	linguistic	_	none	_	_	_	_	_	_
5-6	BZ004	5	6	che	che	_	_	_	_	_	linguistic	_	none	_	_	_	_	_	_
5-7	BZ004	5	7	è	è	_	_	_	_	_	linguistic	_	none	_	_	_	_	_	_
5-8	BZ004	5	8	finita	finita	_	_	_	_	_	linguistic	_	none	_	_	_	_	_	_
5-9	BZ004	5	9	la	la	_	_	_	_	_	linguistic	_	none	_	_	_	_	_	_
5-10	BZ004	5	10	guerra,	guerra	_	_	_	_	_	linguistic	_	none	Intonation=WeaklyRising	End=38.39	_	_	_	_
6-0	BZ004	6	0	tedesco	tedesco	_	_	_	_	_	linguistic	_	none	_	Begin=38.695	_	_	_	_
6-1	BZ004	6	1	[non	non	_	_	_	_	_	linguistic	_	none	_	_	_	_	_	0-3(1)
6-2	BZ004	6	2	sa]pevo	sapevo	_	_	_	_	_	linguistic	_	none	_	_	_	_	_	0-2(1)
6-3	BZ004	6	3	proprio	proprio	_	_	_	_	_	linguistic	_	none	_	_	_	_	_	_
6-4	BZ004	6	4	niente	niente	_	_	_	_	_	linguistic	_	none	_	_	_	_	_	_
6-5	BZ004	6	5	di	di	_	_	_	_	_	linguistic	_	none	_	_	_	_	_	_
6-6	BZ004	6	6	niente,	niente	_	_	_	_	_	linguistic	_	none	Intonation=WeaklyRising|PauseAfter=Yes	_	_	_	_	_
6-7	BZ004	6	7	(.)	(.)	_	_	_	_	_	shortpause	_	none	_	_	_	_	_	_
6-8	BZ004	6	8	perché	perché	_	_	_	_	_	linguistic	_	none	_	_	_	_	_	_
6-9	BZ004	6	9	non	non	_	_	_	_	_	linguistic	_	none	_	_	_	_	_	_
6-10	BZ004	6	10	l'	l'	_	_	_	_	_	linguistic	_	none	SpaceAfter=No	_	_	_	_	_
6-11	BZ004	6	11	ho	ho	_	_	_	_	_	linguistic	_	none	_	_	_	_	_	_
6-12	BZ004	6	12	mai	mai	_	_	_	_	_	linguistic	_	none	_	_	_	_	_	_
6-13	BZ004	6	13	imparato.	imparato	_	_	_	_	_	linguistic	_	none	Intonation=Falling	End=43.4	_	_	_	_
7-0	BZ001	7	0	[mh	mh	_	_	_	_	_	linguistic	_	none	ProsodicLink=Yes	Begin=39.135	_	_	_	0-2(1)
7-1	BZ001	7	1	mh],	mh	_	_	_	_	_	linguistic	_	none	Intonation=WeaklyRising	End=39.535	_	_	_	0-2(1)
8-0	BZ001	8	0	ah	ah	_	_	_	_	_	linguistic	_	none	_	Begin=43.43	_	_	_	_
8-1	BZ001	8	1	okay.	okay	_	_	_	_	_	linguistic	_	none	Intonation=Falling	End=44.02	_	_	_	_
9-0	BZ004	9	0	praticamente.	praticamente	_	_	_	_	_	linguistic	_	none	Intonation=Falling	Begin=44.1	_	_	_	_
9-1	BZ004	9	1	in	in	_	_	_	_	_	linguistic	_	none	_	_	_	_	_	_
9-2	BZ004	9	2	casa	casa	_	_	_	_	_	linguistic	_	none	_	_	_	_	_	_
9-3	BZ004	9	3	mia,	mia	_	_	_	_	_	linguistic	_	none	Intonation=WeaklyRising|PauseAfter=Yes	_	_	_	_	_
9-4	BZ004	9	4	(.)	(.)	_	_	_	_	_	shortpause	_	none	_	_	_	_	_	_
9-5	BZ004	9	5	si	si	_	_	_	_	_	linguistic	_	none	_	_	_	_	_	_
9-6	BZ004	9	6	è	è	_	_	_	_	_	linguistic	_	none	_	_	_	_	_	_
9-7	BZ004	9	7	sempre	sempre	_	_	_	_	_	linguistic	_	none	_	_	_	_	_	_
9-8	BZ004	9	8	parlato	parlato	_	_	_	_	_	linguistic	_	none	_	_	_	_	_	_
9-9	BZ004	9	9	il	il	_	_	_	_	_	linguistic	_	none	_	_	_	_	_	_
9-10	BZ004	9	10	veneto.	veneto	_	_	_	_	_	linguistic	_	none	Intonation=Falling	End=47.83	_	_	_	_
10-0	BZ001	10	0	quindi	quindi	_	_	_	_	_	linguistic	_	none	_	Begin=50.01	_	_	_	_
10-1	BZ001	10	1	tu	tu	_	_	_	_	_	linguistic	_	none	_	_	_	_	_	_
10-2	BZ001	10	2	sei	sei	_	_	_	_	_	linguistic	_	none	_	_	_	_	_	_
10-3	BZ001	10	3	venuta,	venuta	_	_	_	_	_	linguistic	_	none	Intonation=WeaklyRising	End=51.56	_	_	_	_
11-0	BZ001	11	0	>perché	perché	_	_	_	_	_	linguistic	_	none	_	Begin=51.89	_	Fast=0-6(0)	_	_
11-1	BZ001	11	1	tu	tu	_	_	_	_	_	linguistic	_	none	_	_	_	Fast=0-2(0)	_	_
11-2	BZ001	11	2	hai	hai	_	_	_	_	_	linguistic	_	none	_	_	_	Fast=0-3(0)	_	_
11-3	BZ001	11	3	detto<	detto	_	_	_	_	_	linguistic	_	none	_	_	_	Fast=0-5(0)	_	_
11-4	BZ001	11	4	sei	sei	_	_	_	_	_	linguistic	_	none	_	_	_	_	_	_
11-5	BZ001	11	5	nata	nata	_	_	_	_	_	linguistic	_	none	_	_	_	_	_	_
11-6	BZ001	11	6	in	in	_	_	_	_	_	linguistic	_	none	_	_	_	_	_	_
11-7	BZ001	11	7	provincia	provincia	_	_	_	_	_	linguistic	_	none	_	_	_	_	_	_
11-8	BZ001	11	8	di	di	_	_	_	_	_	linguistic	_	none	_	_	_	_	_	_
11-9	BZ001	11	9	padova,	padova	_	_	_	_	_	linguistic	_	none	Intonation=WeaklyRising	End=53.73	_	_	_	_
12-0	BZ004	12	0	sì,	sì	_	_	_	_	_	linguistic	_	none	Intonation=WeaklyRising	Begin=53.73|End=54.4	_	_	_	_
13-0	BZ001	13	0	sei	sei	_	_	_	_	_	linguistic	_	none	_	Begin=54.56	_	_	_	_
13-1	BZ001	13	1	venuta	venuta	_	_	_	_	_	linguistic	_	none	_	_	_	_	_	_
13-2	BZ001	13	2	subito	subito	_	_	_	_	_	linguistic	_	none	_	_	_	_	_	_
13-3	BZ001	13	3	qui,	qui	_	_	_	_	_	linguistic	_	none	Intonation=WeaklyRising	End=55.97	_	_	_	_
14-0	BZ004	14	0	s[ì],	sì	_	_	_	_	_	linguistic	_	none	Intonation=WeaklyRising	Begin=56.15|End=56.67	_	_	_	1-2(2)
15-0	BZ001	15	0	[a]	a	_	_	_	_	_	linguistic	_	none	_	Begin=56.425	_	_	_	0-1(2)
15-1	BZ001	15	1	bolzano,	bolzano	_	_	_	_	_	linguistic	_	none	Intonation=WeaklyRising	End=57.215	_	_	_	_
16-0	BZ004	16	0	sì,	sì	_	_	_	_	_	linguistic	_	none	Intonation=WeaklyRising	Begin=57.225|End=57.775	_	_	_	_
17-0	BZ001	17	0	e	e	_	_	_	_	_	linguistic	_	none	_	Begin=58.135	_	_	_	_
17-1	BZ001	17	1	poi?	poi	_	_	_	_	_	linguistic	_	none	Intonation=Rising	End=58.765	_	_	_	_
18-0	BZ001	18	0	[quando	quando	_	_	_	_	_	linguistic	_	none	_	Begin=59.135	_	_	_	0-6(3)
18-1	BZ001	18	1	siete	siete	_	_	_	_	_	linguistic	_	none	_	_	_	_	_	0-5(3)
18-2	BZ001	18	2	ritor]nati	ritornati	_	_	_	_	_	linguistic	_	none	_	_	_	_	_	0-5(3)
18-3	BZ001	18	3	al	al	_	_	_	_	_	linguistic	_	none	_	_	_	_	_	_
18-4	BZ001	18	4	tuo	tuo	_	_	_	_	_	linguistic	_	none	_	_	_	_	_	_
18-5	BZ001	18	5	paese	paese	_	_	_	_	_	linguistic	_	none	_	_	_	_	_	_
18-6	BZ001	18	6	era,	era	_	_	_	_	_	linguistic	_	none	Intonation=WeaklyRising	End=61.605	_	_	_	_
19-0	BZ004	19	0	[poi	poi	_	_	_	_	_	linguistic	_	none	_	Begin=59.135	_	_	_	0-3(3)
19-1	BZ004	19	1	in	in	_	_	_	_	_	linguistic	_	none	_	_	_	_	_	0-2(3)
19-2	BZ004	19	2	temp-]	temp-	_	_	_	_	_	linguistic	_	none	Interrupted=Yes	End=59.995	_	_	_	0-5(3)
20-0	BZ001	20	0	>come	come	_	_	_	_	_	linguistic	_	none	_	Begin=61.755	_	Fast=0-4(0)	_	_
20-1	BZ001	20	1	si	si	_	_	_	_	_	linguistic	_	none	_	_	_	Fast=0-2(0)	_	_
20-2	BZ001	20	2	[chiama]?<	chiama	_	_	_	_	_	linguistic	_	none	Intonation=Rising	End=62.495	_	Fast=0-6(0)	_	0-6(4)
21-0	BZ004	21	0	[@nomeluogo]	@nomeluogo	_	_	_	_	_	anonymized	_	none	_	Begin=62.0	_	_	_	0-10(4)
21-1	BZ004	21	1	@nomeluogo	@nomeluogo	_	_	_	_	_	anonymized	_	none	_	End=63.16	_	_	_	_
22-0	BZ001	22	0	ah	ah	_	_	_	_	_	linguistic	_	none	ProsodicLink=Yes	Begin=63.175	_	_	_	_
22-1	BZ001	22	1	ah,	ah	_	_	_	_	_	linguistic	_	none	Intonation=WeaklyRising	End=63.665	_	_	_	_
23-0	BZ004	23	0	perché	perché	_	_	_	_	_	linguistic	_	none	_	Begin=63.665	_	_	_	_
23-1	BZ004	23	1	lì	lì	_	_	_	_	_	linguistic	_	none	_	_	_	_	_	_
23-2	BZ004	23	2	non	non	_	_	_	_	_	linguistic	_	none	_	_	_	_	_	_
23-3	BZ004	23	3	bombardavano.	bombardavano	_	_	_	_	_	linguistic	_	none	Intonation=Falling	End=65.425	_	_	_	_
24-0	BZ004	24	0	allora	allora	_	_	_	_	_	linguistic	_	none	_	Begin=65.9	_	_	_	_
24-1	BZ004	24	1	mio	mio	_	_	_	_	_	linguistic	_	none	_	_	_	_	_	_
24-2	BZ004	24	2	papà	papà	_	_	_	_	_	linguistic	_	none	_	_	_	_	_	_
24-3	BZ004	24	3	ci	ci	_	_	_	_	_	linguistic	_	none	_	_	_	_	_	_
24-4	BZ004	24	4	ha	ha	_	_	_	_	_	linguistic	_	none	_	_	_	_	_	_
24-5	BZ004	24	5	portati	portati	_	_	_	_	_	linguistic	_	none	_	_	_	_	_	_
24-6	BZ004	24	6	là.	là	_	_	_	_	_	linguistic	_	none	Intonation=Falling	End=67.77	_	_	_	_
25-0	BZ001	25	0	ah	ah	_	_	_	_	_	linguistic	_	none	ProsodicLink=Yes	Begin=67.97	_	_	_	_
25-1	BZ001	25	1	ah,	ah	_	_	_	_	_	linguistic	_	none	Intonation=WeaklyRising	_	_	_	_	_
25-2	BZ001	25	2	e	e	_	_	_	_	_	linguistic	_	none	_	_	_	_	_	_
25-3	BZ001	25	3	lì	lì	_	_	_	_	_	linguistic	_	none	_	_	_	_	_	_
25-4	BZ001	25	4	>cos-	cos-	_	_	_	_	_	linguistic	_	none	Interrupted=Yes	_	_	Fast=0-4(0)	_	_
25-5	BZ001	25	5	che<	che	_	_	_	_	_	linguistic	_	none	_	_	_	Fast=0-3(0)	_	_
25-6	BZ001	25	6	parlavate	parlavate	_	_	_	_	_	linguistic	_	none	_	_	_	_	_	_
25-7	BZ001	25	7	dialetto	dialetto	_	_	_	_	_	linguistic	_	none	_	_	_	_	_	_
25-8	BZ001	25	8	veneto	veneto	_	_	_	_	_	linguistic	_	none	_	End=70.51	_	_	_	_
26-0	BZ004	26	0	certo.	certo	_	_	_	_	_	linguistic	_	none	Intonation=Falling	Begin=70.595	_	_	_	_
26-1	BZ004	26	1	tutti	tutti	_	_	_	_	_	linguistic	_	none	_	_	_	_	_	_
26-2	BZ004	26	2	parlavano	parlavano	_	_	_	_	_	linguistic	_	none	_	_	_	_	_	_
26-3	BZ004	26	3	il	il	_	_	_	_	_	linguistic	_	none	_	_	_	_	_	_
26-4	BZ004	26	4	veneto	veneto	_	_	_	_	_	linguistic	_	none	_	_	_	_	_	_
26-5	BZ004	26	5	lì.	lì	_	_	_	_	_	linguistic	_	none	Intonation=Falling	End=73.145	_	_	_	_
27-0	BZ004	27	0	lì	lì	_	_	_	_	_	linguistic	_	none	_	Begin=73.355	_	_	_	_
27-1	BZ004	27	1	ho	ho	_	_	_	_	_	linguistic	_	none	_	_	_	_	_	_
27-2	BZ004	27	2	fatto	fatto	_	_	_	_	_	linguistic	_	none	_	_	_	_	_	_
27-3	BZ004	27	3	le	le	_	_	_	_	_	linguistic	_	none	_	_	_	_	_	_
27-4	BZ004	27	4	scuole	scuole	_	_	_	_	_	linguistic	_	none	_	_	_	_	_	_
27-5	BZ004	27	5	fino	fino	_	_	_	_	_	linguistic	_	none	_	_	_	_	_	_
27-6	BZ004	27	6	alla	alla	_	_	_	_	_	linguistic	_	none	_	_	_	_	_	_
27-7	BZ004	27	7	quinta	quinta	_	_	_	_	_	linguistic	_	none	_	_	_	_	_	_
27-8	BZ004	27	8	elementare,	elementare	_	_	_	_	_	linguistic	_	none	Intonation=WeaklyRising|PauseAfter=Yes	_	_	_	_	_
27-9	BZ004	27	9	(.)	(.)	_	_	_	_	_	shortpause	_	none	_	_	_	_	_	_
27-10	BZ004	27	10	poi	poi	_	_	_	_	_	linguistic	_	none	_	_	_	_	_	_
27-11	BZ004	27	11	siamo	siamo	_	_	_	_	_	linguistic	_	none	_	_	_	_	_	_
27-12	BZ004	27	12	tornati	tornati	_	_	_	_	_	linguistic	_	none	_	_	_	_	_	_
27-13	BZ004	27	13	su,	su	_	_	_	_	_	linguistic	_	none	Intonation=WeaklyRising	End=77.775	_	_	_	_
28-0	BZ004	28	0	e	e	_	_	_	_	_	linguistic	_	none	_	Begin=78.21	_	_	_	_
28-1	BZ004	28	1	appunto	appunto	_	_	_	_	_	linguistic	_	none	_	_	_	_	_	_
28-2	BZ004	28	2	qui	qui	_	_	_	_	_	linguistic	_	none	_	_	_	_	_	_
28-3	BZ004	28	3	eh	eh	_	_	_	_	_	linguistic	_	none	_	_	_	_	_	_
28-4	BZ004	28	4	io	io	_	_	_	_	_	linguistic	_	none	_	_	_	_	_	_
28-5	BZ004	28	5	n-	n-	_	_	_	_	_	linguistic	_	none	Interrupted=Yes	_	_	_	_	_
28-6	BZ004	28	6	di	di	_	_	_	_	_	linguistic	_	none	_	_	_	_	_	_
28-7	BZ004	28	7	t-	t-	_	_	_	_	_	linguistic	_	none	Interrupted=Yes	_	_	_	_	_
28-8	BZ004	28	8	di	di	_	_	_	_	_	linguistic	_	none	_	_	_	_	_	_
28-9	BZ004	28	9	tedesco	tedesco	_	_	_	_	_	linguistic	_	none	_	_	_	_	_	_
28-10	BZ004	28	10	>non	non	_	_	_	_	_	linguistic	_	none	_	_	_	Fast=0-3(0)	_	_
28-11	BZ004	28	11	ho<	ho	_	_	_	_	_	linguistic	_	none	_	_	_	Fast=0-2(0)	_	_
28-12	BZ004	28	12	mai,	mai	_	_	_	_	_	linguistic	_	none	Intonation=WeaklyRising	End=82.02	_	_	_	_
29-0	BZ004	29	0	mai	mai	_	_	_	_	_	linguistic	_	none	_	Begin=82.52	_	_	_	_
29-1	BZ004	29	1	sentito	sentito	_	_	_	_	_	linguistic	_	none	_	_	_	_	_	_
29-2	BZ004	29	2	parlare	parlare	_	_	_	_	_	linguistic	_	none	_	_	_	_	_	_
29-3	BZ004	29	3	insomma	insomma	_	_	_	_	_	linguistic	_	none	_	_	_	_	_	_
29-4	BZ004	29	4	ecco	ecco	_	_	_	_	_	linguistic	_	none	_	_	_	_	_	_
29-5	BZ004	29	5	n-	n-	_	_	_	_	_	linguistic	_	none	Interrupted=Yes|PauseAfter=Yes	_	_	_	_	_
29-6	BZ004	29	6	(.)	(.)	_	_	_	_	_	shortpause	_	none	_	_	_	_	_	_
29-7	BZ004	29	7	non	non	_	_	_	_	_	linguistic	_	none	_	_	_	_	_	_
29-8	BZ004	29	8	so	so	_	_	_	_	_	linguistic	_	none	_	_	_	_	_	_
29-9	BZ004	29	9	niente	niente	_	_	_	_	_	linguistic	_	none	_	_	_	_	_	_
29-10	BZ004	29	10	proprio	proprio	_	_	_	_	_	linguistic	_	none	_	_	_	_	_	_
29-11	BZ004	29	11	ecco.	ecco	_	_	_	_	_	linguistic	_	none	Intonation=Falling	End=86.98	_	_	_	_
30-0	BZ004	30	0	mentre	mentre	_	_	_	_	_	linguistic	_	none	_	Begin=87.385	_	_	_	_
30-1	BZ004	30	1	dopo	dopo	_	_	_	_	_	linguistic	_	none	_	_	_	_	_	_
30-2	BZ004	30	2	ho	ho	_	_	_	_	_	linguistic	_	none	_	_	_	_	_	_
30-3	BZ004	30	3	conosciuto:	conosciuto	_	_	_	_	_	linguistic	_	none	_	_	9x1	_	_	_
30-4	BZ004	30	4	mio	mio	_	_	_	_	_	linguistic	_	none	_	_	_	_	_	_
30-5	BZ004	30	5	marito,	marito	_	_	_	_	_	linguistic	_	none	Intonation=WeaklyRising	End=91.235	_	_	_	_
31-0	BZ001	31	0	mh	mh	_	_	_	_	_	linguistic	_	none	ProsodicLink=Yes	Begin=91.405	_	_	_	_
31-1	BZ001	31	1	mh,	mh	_	_	_	_	_	linguistic	_	none	Intonation=WeaklyRising	End=91.935	_	_	_	_
32-0	BZ004	32	0	quando	quando	_	_	_	_	_	linguistic	_	none	_	Begin=92.045	_	_	_	_
32-1	BZ004	32	1	avevo:	avevo	_	_	_	_	_	linguistic	_	none	_	_	4x1	_	_	_
32-2	BZ004	32	2	diciotto	diciotto	_	_	_	_	_	linguistic	_	none	_	_	_	_	_	_
32-3	BZ004	32	3	anni	anni	_	_	_	_	_	linguistic	_	none	_	_	_	_	_	_
32-4	BZ004	32	4	più	più	_	_	_	_	_	linguistic	_	none	_	_	_	_	_	_
32-5	BZ004	32	5	o	o	_	_	_	_	_	linguistic	_	none	_	_	_	_	_	_
32-6	BZ004	32	6	meno	meno	_	_	_	_	_	linguistic	_	none	_	_	_	_	_	_
32-7	BZ004	32	7	così,	così	_	_	_	_	_	linguistic	_	none	Intonation=WeaklyRising	End=95.195	_	_	_	_
33-0	BZ004	33	0	e	e	_	_	_	_	_	linguistic	_	none	_	Begin=95.655	_	_	_	_
33-1	BZ004	33	1	però	però	_	_	_	_	_	linguistic	_	none	_	_	_	_	_	_
33-2	BZ004	33	2	neanche	neanche	_	_	_	_	_	linguistic	_	none	_	_	_	_	_	_
33-3	BZ004	33	3	lui	lui	_	_	_	_	_	linguistic	_	none	_	_	_	_	_	_
33-4	BZ004	33	4	avendo	avendo	_	_	_	_	_	linguistic	_	none	_	_	_	_	_	_
33-5	BZ004	33	5	avuto	avuto	_	_	_	_	_	linguistic	_	none	_	_	_	_	_	_
33-6	BZ004	33	6	la	la	_	_	_	_	_	linguistic	_	none	_	_	_	_	_	_
33-7	BZ004	33	7	mamma	mamma	_	_	_	_	_	linguistic	_	none	PauseAfter=Yes	_	_	_	_	_
33-8	BZ004	33	8	(.)	(.)	_	_	_	_	_	shortpause	_	none	_	_	_	_	_	_
33-9	BZ004	33	9	tedesca,	tedesca	_	_	_	_	_	linguistic	_	none	Intonation=WeaklyRising	End=99.745	_	_	_	_
34-0	BZ004	34	0	non	non	_	_	_	_	_	linguistic	_	none	_	Begin=100.017	_	_	_	_
34-1	BZ004	34	1	sapeva	sapeva	_	_	_	_	_	linguistic	_	none	_	_	_	_	_	_
34-2	BZ004	34	2	il	il	_	_	_	_	_	linguistic	_	none	_	_	_	_	_	_
34-3	BZ004	34	3	tedesco.	tedesco	_	_	_	_	_	linguistic	_	none	Intonation=Falling	End=101.527	_	_	_	_
35-0	BZ004	35	0	perché?	perché	_	_	_	_	_	linguistic	_	none	Intonation=Rising|PauseAfter=Yes	Begin=101.757	_	_	_	_
35-1	BZ004	35	1	(.)	(.)	_	_	_	_	_	shortpause	_	none	_	_	_	_	_	_
35-2	BZ004	35	2	perché	perché	_	_	_	_	_	linguistic	_	none	_	_	_	_	_	_
35-3	BZ004	35	3	la	la	_	_	_	_	_	linguistic	_	none	_	_	_	_	_	_
35-4	BZ004	35	4	mamma	mamma	_	_	_	_	_	linguistic	_	none	_	_	_	_	_	_
35-5	BZ004	35	5	sua,	sua	_	_	_	_	_	linguistic	_	none	Intonation=WeaklyRising|PauseAfter=Yes	_	_	_	_	_
35-6	BZ004	35	6	(.)	(.)	_	_	_	_	_	shortpause	_	none	_	_	_	_	_	_
35-7	BZ004	35	7	è	è	_	_	_	_	_	linguistic	_	none	_	_	_	_	_	_
35-8	BZ004	35	8	morta	morta	_	_	_	_	_	linguistic	_	none	_	_	_	_	_	_
35-9	BZ004	35	9	che	che	_	_	_	_	_	linguistic	_	none	_	_	_	_	_	_
35-10	BZ004	35	10	lui	lui	_	_	_	_	_	linguistic	_	none	_	_	_	_	_	_
35-11	BZ004	35	11	aveva	aveva	_	_	_	_	_	linguistic	_	none	_	_	_	_	_	_
35-12	BZ004	35	12	tre	tre	_	_	_	_	_	linguistic	_	none	_	_	_	_	_	_
35-13	BZ004	35	13	anni.	anni	_	_	_	_	_	linguistic	_	none	Intonation=Falling	End=106.45	_	_	_	_
36-0	BZ001	36	0	ah	ah	_	_	_	_	_	linguistic	_	none	_	Begin=106.522	_	_	_	_
36-1	BZ001	36	1	okay.	okay	_	_	_	_	_	linguistic	_	none	Intonation=Falling	End=107.112	_	_	_	_
37-0	BZ004	37	0	allora	allora	_	_	_	_	_	linguistic	_	none	_	Begin=107.302	_	_	_	_
37-1	BZ004	37	1	i	i	_	_	_	_	_	linguistic	_	none	_	_	_	_	_	_
37-2	BZ004	37	2	fratelli	fratelli	_	_	_	_	_	linguistic	_	none	_	_	_	_	_	_
37-3	BZ004	37	3	maggiori,	maggiori	_	_	_	_	_	linguistic	_	none	Intonation=WeaklyRising	_	_	_	_	_
37-4	BZ004	37	4	lo	lo	_	_	_	_	_	linguistic	_	none	_	_	_	_	_	_
37-5	BZ004	37	5	sapevano	sapevano	_	_	_	_	_	linguistic	_	none	_	End=110.092	_	_	_	_
38-0	BZ004	38	0	ma	ma	_	_	_	_	_	linguistic	_	none	_	Begin=110.382	_	_	_	_
38-1	BZ004	38	1	lui	lui	_	_	_	_	_	linguistic	_	none	_	_	_	_	_	_
38-2	BZ004	38	2	no	no	_	_	_	_	_	linguistic	_	none	_	_	_	_	_	_
38-3	BZ004	38	3	perché	perché	_	_	_	_	_	linguistic	_	none	_	_	_	_	_	_
38-4	BZ004	38	4	era	era	_	_	_	_	_	linguistic	_	none	_	_	_	_	_	_
38-5	BZ004	38	5	piccolino	piccolino	_	_	_	_	_	linguistic	_	none	_	_	_	_	_	_
38-6	BZ004	38	6	non	non	_	_	_	_	_	linguistic	_	none	_	_	_	_	_	_
38-7	BZ004	38	7	ha	ha	_	_	_	_	_	linguistic	_	none	_	_	_	_	_	_
38-8	BZ004	38	8	potuto	potuto	_	_	_	_	_	linguistic	_	none	_	_	_	_	_	_
38-9	BZ004	38	9	apprendere	apprendere	_	_	_	_	_	linguistic	_	none	_	_	_	_	_	_
38-10	BZ004	38	10	da:	da	_	_	_	_	_	linguistic	_	none	PauseAfter=Yes	_	1x1	_	_	_
38-11	BZ004	38	11	(.)	(.)	_	_	_	_	_	shortpause	_	none	_	_	_	_	_	_
38-12	BZ004	38	12	dalla	dalla	_	_	_	_	_	linguistic	_	none	_	_	_	_	_	_
38-13	BZ004	38	13	mamma	mamma	_	_	_	_	_	linguistic	_	none	_	_	_	_	_	_
38-14	BZ004	38	14	insomma	insomma	_	_	_	_	_	linguistic	_	none	_	_	_	_	_	_
38-15	BZ004	38	15	no?	no	_	_	_	_	_	linguistic	_	none	Intonation=Rising	End=115.98	_	_	_	_
39-0	BZ001	39	0	e	e	_	_	_	_	_	linguistic	_	none	_	Begin=116.031	_	_	_	_
39-1	BZ001	39	1	coi	coi	_	_	_	_	_	linguistic	_	none	_	_	_	_	_	_
39-2	BZ001	39	2	fratelli	fratelli	_	_	_	_	_	linguistic	_	none	_	_	_	_	_	_
39-3	BZ001	39	3	non	non	_	_	_	_	_	linguistic	_	none	_	_	_	_	_	_
39-4	BZ001	39	4	parlava	parlava	_	_	_	_	_	linguistic	_	none	_	_	_	_	_	_
39-5	BZ001	39	5	in	in	_	_	_	_	_	linguistic	_	none	_	_	_	_	_	_
39-6	BZ001	39	6	tedesco?	tedesco	_	_	_	_	_	linguistic	_	none	Intonation=Rising	End=117.871	_	_	_	_
40-0	BZ004	40	0	no	no	_	_	_	_	_	linguistic	_	none	_	Begin=118.206	_	_	_	_
40-1	BZ004	40	1	no	no	_	_	_	_	_	linguistic	_	none	_	_	_	_	_	_
40-2	BZ004	40	2	que-	que-	_	_	_	_	_	linguistic	_	none	Interrupted=Yes	_	_	_	_	_
40-3	BZ004	40	3	perché	perché	_	_	_	_	_	linguistic	_	none	_	_	_	_	_	_
40-4	BZ004	40	4	erano	erano	_	_	_	_	_	linguistic	_	none	_	_	_	_	_	_
40-5	BZ004	40	5	rimasti	rimasti	_	_	_	_	_	linguistic	_	none	_	_	_	_	_	_
40-6	BZ004	40	6	tre	tre	_	_	_	_	_	linguistic	_	none	_	_	_	_	_	_
40-7	BZ004	40	7	bambini	bambini	_	_	_	_	_	linguistic	_	none	PauseAfter=Yes	_	_	_	_	_
40-8	BZ004	40	8	(.)	(.)	_	_	_	_	_	shortpause	_	none	_	_	_	_	_	_
40-9	BZ004	40	9	piccoli	piccoli	_	_	_	_	_	linguistic	_	none	_	_	_	_	_	_
40-10	BZ004	40	10	quando	quando	_	_	_	_	_	linguistic	_	none	_	_	_	_	_	_
40-11	BZ004	40	11	è	è	_	_	_	_	_	linguistic	_	none	_	_	_	_	_	_
40-12	BZ004	40	12	morta	morta	_	_	_	_	_	linguistic	_	none	_	_	_	_	_	_
40-13	BZ004	40	13	la	la	_	_	_	_	_	linguistic	_	none	_	_	_	_	_	_
40-14	BZ004	40	14	mamma.	mamma	_	_	_	_	_	linguistic	_	none	Intonation=Falling	End=123.576	_	_	_	_
41-0	BZ004	41	0	uno	uno	_	_	_	_	_	linguistic	_	none	PauseAfter=Yes	Begin=124.016	_	_	_	_
41-1	BZ004	41	1	(.)	(.)	_	_	_	_	_	shortpause	_	none	_	_	_	_	_	_
41-2	BZ004	41	2	di	di	_	_	_	_	_	linguistic	_	none	_	_	_	_	_	_
41-3	BZ004	41	3	un	un	_	_	_	_	_	linguistic	_	none	_	_	_	_	_	_
41-4	BZ004	41	4	anno	anno	_	_	_	_	_	linguistic	_	none	_	_	_	_	_	_
41-5	BZ004	41	5	>uno	uno	_	_	_	_	_	linguistic	_	none	_	_	_	Fast=0-3(0)	_	_
41-6	BZ004	41	6	di	di	_	_	_	_	_	linguistic	_	none	_	_	_	Fast=0-2(0)	_	_
41-7	BZ004	41	7	due	due	_	_	_	_	_	linguistic	_	none	_	_	_	Fast=0-3(0)	_	_
41-8	BZ004	41	8	anni<	anni	_	_	_	_	_	linguistic	_	none	_	End=125.966	_	Fast=0-4(0)	_	_
42-0	BZ004	42	0	t-	t-	_	_	_	_	_	linguistic	_	none	Interrupted=Yes	Begin=126.356	_	_	_	_
42-1	BZ004	42	1	aveva	aveva	_	_	_	_	_	linguistic	_	none	_	_	_	_	_	_
42-2	BZ004	42	2	[tre	tre	_	_	_	_	_	linguistic	_	none	_	_	_	_	_	0-3(5)
42-3	BZ004	42	3	anni]	anni	_	_	_	_	_	linguistic	_	none	_	_	_	_	_	0-4(5)
42-4	BZ004	42	4	m-	m-	_	_	_	_	_	linguistic	_	none	Interrupted=Yes	_	_	_	_	_
42-5	BZ004	42	5	il	il	_	_	_	_	_	linguistic	_	none	_	_	_	_	_	_
42-6	BZ004	42	6	mio:	mio	_	_	_	_	_	linguistic	_	none	_	_	2x1	_	_	_
42-7	BZ004	42	7	mio	mio	_	_	_	_	_	linguistic	_	none	_	_	_	_	_	_
42-8	BZ004	42	8	marito.	marito	_	_	_	_	_	linguistic	_	none	Intonation=Falling	End=129.096	_	_	_	_
43-0	BZ001	43	0	[ah	ah	_	_	_	_	_	linguistic	_	none	ProsodicLink=Yes	Begin=126.911	_	_	_	0-2(5)
43-1	BZ001	43	1	ah].	ah	_	_	_	_	_	linguistic	_	none	Intonation=Falling	End=127.471	_	_	_	0-2(5)
44-0	BZ004	44	0	e	e	_	_	_	_	_	linguistic	_	none	_	Begin=129.626	_	_	_	_
44-1	BZ004	44	1	però	però	_	_	_	_	_	linguistic	_	none	_	_	_	_	_	_
44-2	BZ004	44	2	con	con	_	_	_	_	_	linguistic	_	none	_	_	_	_	_	_
44-3	BZ004	44	3	questi	questi	_	_	_	_	_	linguistic	_	none	_	_	_	_	_	_
44-4	BZ004	44	4	bambini	bambini	_	_	_	_	_	linguistic	_	none	_	_	_	_	_	_
44-5	BZ004	44	5	non	non	_	_	_	_	_	linguistic	_	none	_	_	_	_	_	_
44-6	BZ004	44	6	parlavano	parlavano	_	_	_	_	_	linguistic	_	none	_	_	_	_	_	_
44-7	BZ004	44	7	tedesco.	tedesco	_	_	_	_	_	linguistic	_	none	Intonation=Falling	_	_	_	_	_
44-8	BZ004	44	8	loro	loro	_	_	_	_	_	linguistic	_	none	_	_	_	_	_	_
44-9	BZ004	44	9	sapevano	sapevano	_	_	_	_	_	linguistic	_	none	_	_	_	_	_	_
44-10	BZ004	44	10	il	il	_	_	_	_	_	linguistic	_	none	_	_	_	_	_	_
44-11	BZ004	44	11	tedesco	tedesco	_	_	_	_	_	linguistic	_	none	_	_	_	_	_	_
44-12	BZ004	44	12	però	però	_	_	_	_	_	linguistic	_	none	_	_	_	_	_	_
44-13	BZ004	44	13	non,	non	_	_	_	_	_	linguistic	_	none	Intonation=WeaklyRising	End=134.856	_	_	_	_
45-0	BZ004	45	0	parlavano	parlavano	_	_	_	_	_	linguistic	_	none	_	Begin=135.236	_	_	_	_
45-1	BZ004	45	1	italiano.	italiano	_	_	_	_	_	linguistic	_	none	Intonation=Falling	_	_	_	_	_
45-2	BZ004	45	2	perché	perché	_	_	_	_	_	linguistic	_	none	_	_	_	_	_	_
45-3	BZ004	45	3	questo.	questo	_	_	_	_	_	linguistic	_	none	Intonation=Falling	_	_	_	_	_
45-4	BZ004	45	4	perché	perché	_	_	_	_	_	linguistic	_	none	_	_	_	_	_	_
45-5	BZ004	45	5	poi	poi	_	_	_	_	_	linguistic	_	none	_	End=138.346	_	_	_	_
46-0	BZ004	46	0	e::	e	_	_	_	_	_	linguistic	_	none	_	Begin=138.946	0x2	_	_	_
46-1	BZ004	46	1	il	il	_	_	_	_	_	linguistic	_	none	_	_	_	_	_	_
46-2	BZ004	46	2	il	il	_	_	_	_	_	linguistic	_	none	_	_	_	_	_	_
46-3	BZ004	46	3	papà,	papà	_	_	_	_	_	linguistic	_	none	Intonation=WeaklyRising	End=140.956	_	_	_	_
47-0	BZ001	47	0	mh	mh	_	_	_	_	_	linguistic	_	none	ProsodicLink=Yes	Begin=141.206	_	_	_	_
47-1	BZ001	47	1	mh,	mh	_	_	_	_	_	linguistic	_	none	Intonation=WeaklyRising	End=141.666	_	_	_	_
48-0	BZ004	48	0	era	era	_	_	_	_	_	linguistic	_	none	_	Begin=142.361	_	_	_	_
48-1	BZ004	48	1	italiano.	italiano	_	_	_	_	_	linguistic	_	none	Intonation=Falling	End=143.58	_	_	_	_
49-0	BZ001	49	0	mh.	mh	_	_	_	_	_	linguistic	_	none	Intonation=Falling	Begin=143.681|End=143.871	_	_	_	_
50-0	BZ004	50	0	veniva	veniva	_	_	_	_	_	linguistic	_	none	_	Begin=144.271	_	_	_	_
50-1	BZ004	50	1	dalla	dalla	_	_	_	_	_	linguistic	_	none	_	_	_	_	_	_
50-2	BZ004	50	2	liguria.	liguria	_	_	_	_	_	linguistic	_	none	Intonation=Falling	End=145.821	_	_	_	_
51-0	BZ004	51	0	perciò,	perciò	_	_	_	_	_	linguistic	_	none	Intonation=WeaklyRising	Begin=146.441|End=147.121	_	_	_	_
52-0	BZ004	52	0	anche	anche	_	_	_	_	_	linguistic	_	none	_	Begin=147.596	_	_	_	_
52-1	BZ004	52	1	per	per	_	_	_	_	_	linguistic	_	none	_	_	_	_	_	_
52-2	BZ004	52	2	rispetto	rispetto	_	_	_	_	_	linguistic	_	none	_	_	_	_	_	_
52-3	BZ004	52	3	al	al	_	_	_	_	_	linguistic	_	none	_	_	_	_	_	_
52-4	BZ004	52	4	papà	papà	_	_	_	_	_	linguistic	_	none	_	_	_	_	_	_
52-5	BZ004	52	5	non	non	_	_	_	_	_	linguistic	_	none	_	_	_	_	_	_
52-6	BZ004	52	6	è	è	_	_	_	_	_	linguistic	_	none	_	_	_	_	_	_
52-7	BZ004	52	7	che	che	_	_	_	_	_	linguistic	_	none	_	_	_	_	_	_
52-8	BZ004	52	8	parlavano,	parlavano	_	_	_	_	_	linguistic	_	none	Intonation=WeaklyRising	End=150.486	_	_	_	_
53-0	BZ004	53	0	perché	perché	_	_	_	_	_	linguistic	_	none	_	Begin=150.946	_	_	_	_
53-1	BZ004	53	1	neanche	neanche	_	_	_	_	_	linguistic	_	none	_	_	_	_	_	_
53-2	BZ004	53	2	il	il	_	_	_	_	_	linguistic	_	none	_	_	_	_	_	_
53-3	BZ004	53	3	papà	papà	_	_	_	_	_	linguistic	_	none	_	_	_	_	_	_
53-4	BZ004	53	4	non	non	_	_	_	_	_	linguistic	_	none	_	_	_	_	_	_
53-5	BZ004	53	5	lo	lo	_	_	_	_	_	linguistic	_	none	_	_	_	_	_	_
53-6	BZ004	53	6	sapeva	sapeva	_	_	_	_	_	linguistic	_	none	_	End=152.69	_	_	_	_
54-0	BZ001	54	0	ah	ah	_	_	_	_	_	linguistic	_	none	_	Begin=152.681	_	_	_	_
54-1	BZ001	54	1	non	non	_	_	_	_	_	linguistic	_	none	_	_	_	_	_	_
54-2	BZ001	54	2	l'	l'	_	_	_	_	_	linguistic	_	none	SpaceAfter=No	_	_	_	_	_
54-3	BZ001	54	3	aveva	aveva	_	_	_	_	_	linguistic	_	none	_	_	_	_	_	_
54-4	BZ001	54	4	[imparato	imparato	_	_	_	_	_	linguistic	_	none	_	_	_	_	_	0-8(7)
54-5	BZ001	54	5	il	il	_	_	_	_	_	linguistic	_	none	_	_	_	_	_	0-2(7)
54-6	BZ001	54	6	papà]	papà	_	_	_	_	_	linguistic	_	none	_	End=153.891	_	_	_	0-4(7)
55-0	BZ004	55	0	[morta	morta	_	_	_	_	_	linguistic	_	none	_	Begin=153.171	_	_	_	0-5(7)
55-1	BZ004	55	1	la	la	_	_	_	_	_	linguistic	_	none	_	_	_	_	_	0-2(7)
55-2	BZ004	55	2	m-]	m-	_	_	_	_	_	linguistic	_	none	Interrupted=Yes	_	_	_	_	0-2(7)
55-3	BZ004	55	3	la	la	_	_	_	_	_	linguistic	_	none	_	_	_	_	_	_
55-4	BZ004	55	4	moglie	moglie	_	_	_	_	_	linguistic	_	none	_	_	_	_	_	_
55-5	BZ004	55	5	ecco.	ecco	_	_	_	_	_	linguistic	_	none	Intonation=Falling	_	_	_	_	_
55-6	BZ004	55	6	è	è	_	_	_	_	_	linguistic	_	none	_	_	_	_	_	_
55-7	BZ004	55	7	morta	morta	_	_	_	_	_	linguistic	_	none	_	_	_	_	_	_
55-8	BZ004	55	8	a	a	_	_	_	_	_	linguistic	_	none	_	_	_	_	_	_
55-9	BZ004	55	9	trentotto	trentotto	_	_	_	_	_	linguistic	_	none	_	_	_	_	_	_
55-10	BZ004	55	10	anni	anni	_	_	_	_	_	linguistic	_	none	_	_	_	_	_	_
55-11	BZ004	55	11	eh,	eh	_	_	_	_	_	linguistic	_	none	Intonation=WeaklyRising	End=156.871	_	_	_	_
56-0	BZ001	56	0	[ah].	ah	_	_	_	_	_	linguistic	_	none	Intonation=Falling|PauseAfter=Yes	Begin=157.271	_	_	_	0-2(8)
56-1	BZ001	56	1	(.)	(.)	_	_	_	_	_	shortpause	_	none	_	_	_	_	_	_
56-2	BZ001	56	2	giovanissima.	giovanissima	_	_	_	_	_	linguistic	_	none	Intonation=Falling	End=158.411	_	_	_	_
57-0	BZ004	57	0	[ecco].	ecco	_	_	_	_	_	linguistic	_	none	Intonation=Falling	Begin=157.296|End=157.71	_	_	_	0-4(8)
58-0	BZ004	58	0	e	e	_	_	_	_	_	linguistic	_	none	_	Begin=158.836	_	_	_	_
58-1	BZ004	58	1	praticamente	praticamente	_	_	_	_	_	linguistic	_	none	_	End=160.496	_	_	_	_
59-0	BZ004	59	0	questo	questo	_	_	_	_	_	linguistic	_	none	_	Begin=161.321	_	_	_	_
59-1	BZ004	59	1	papà	papà	_	_	_	_	_	linguistic	_	none	_	_	_	_	_	_
59-2	BZ004	59	2	pratic-	pratic-	_	_	_	_	_	linguistic	_	none	Interrupted=Yes	_	_	_	_	_
59-3	BZ004	59	3	eh::	eh	_	_	_	_	_	linguistic	_	none	PauseAfter=Yes	_	1x2	_	_	_
59-4	BZ004	59	4	(.)	(.)	_	_	_	_	_	shortpause	_	none	_	_	_	_	_	_
59-5	BZ004	59	5	ha	ha	_	_	_	_	_	linguistic	_	none	_	_	_	_	_	_
59-6	BZ004	59	6	sp-	sp-	_	_	_	_	_	linguistic	_	none	Interrupted=Yes	_	_	_	_	_
59-7	BZ004	59	7	ha	ha	_	_	_	_	_	linguistic	_	none	_	_	_	_	_	_
59-8	BZ004	59	8	trovato	trovato	_	_	_	_	_	linguistic	_	none	_	_	_	_	_	_
59-9	BZ004	59	9	questa	questa	_	_	_	_	_	linguistic	_	none	_	_	_	_	_	_
59-10	BZ004	59	10	signora,	signora	_	_	_	_	_	linguistic	_	none	Intonation=WeaklyRising	_	_	_	_	_
59-11	BZ004	59	11	questa	questa	_	_	_	_	_	linguistic	_	none	_	_	_	_	_	_
59-12	BZ004	59	12	ragazza,	ragazza	_	_	_	_	_	linguistic	_	none	Intonation=WeaklyRising|PauseAfter=Yes	_	_	_	_	_
59-13	BZ004	59	13	(.)	(.)	_	_	_	_	_	shortpause	_	none	_	_	_	_	_	_
59-14	BZ004	59	14	perché	perché	_	_	_	_	_	linguistic	_	none	_	_	_	_	_	_
59-15	BZ004	59	15	lui	lui	_	_	_	_	_	linguistic	_	none	_	_	_	_	_	_
59-16	BZ004	59	16	era	era	_	_	_	_	_	linguistic	_	none	_	_	_	_	_	_
59-17	BZ004	59	17	qui	qui	_	_	_	_	_	linguistic	_	none	_	_	_	_	_	_
59-18	BZ004	59	18	per	per	_	_	_	_	_	linguistic	_	none	_	_	_	_	_	_
59-19	BZ004	59	19	la	la	_	_	_	_	_	linguistic	_	none	_	_	_	_	_	_
59-20	BZ004	59	20	guerra	guerra	_	_	_	_	_	linguistic	_	none	_	_	_	_	_	_
59-21	BZ004	59	21	del	del	_	_	_	_	_	linguistic	_	none	_	_	_	_	_	_
59-22	BZ004	59	22	diciotto.	diciotto	_	_	_	_	_	linguistic	_	none	Intonation=Falling	End=170.161	_	_	_	_
60-0	BZ004	60	0	del	del	_	_	_	_	_	linguistic	_	none	_	Begin=170.95	_	_	_	_
60-1	BZ004	60	1	millenovecento[diciot]to	millenovecentodiciotto	_	_	_	_	_	linguistic	_	none	_	End=172.92	_	_	_	14-20(9)
61-0	BZ001	61	0	[mh	mh	_	_	_	_	_	linguistic	_	none	ProsodicLink=Yes	Begin=171.98	_	_	_	0-2(9)
61-1	BZ001	61	1	mh],	mh	_	_	_	_	_	linguistic	_	none	Intonation=WeaklyRising	End=172.58	_	_	_	0-2(9)
62-0	BZ004	62	0	ha:	ha	_	_	_	_	_	linguistic	_	none	_	Begin=173.99	1x1	_	_	_
62-1	BZ004	62	1	ha	ha	_	_	_	_	_	linguistic	_	none	_	_	_	_	_	_
62-2	BZ004	62	2	incontrato	incontrato	_	_	_	_	_	linguistic	_	none	_	_	_	_	_	_
62-3	BZ004	62	3	questa	questa	_	_	_	_	_	linguistic	_	none	_	_	_	_	_	_
62-4	BZ004	62	4	ragazza,	ragazza	_	_	_	_	_	linguistic	_	none	Intonation=WeaklyRising	_	_	_	_	_
62-5	BZ004	62	5	ted-	ted-	_	_	_	_	_	linguistic	_	none	Interrupted=Yes	_	_	_	_	_
62-6	BZ004	62	6	che	che	_	_	_	_	_	linguistic	_	none	_	_	_	_	_	_
62-7	BZ004	62	7	era	era	_	_	_	_	_	linguistic	_	none	_	_	_	_	_	_
62-8	BZ004	62	8	tedesca,	tedesca	_	_	_	_	_	linguistic	_	none	Intonation=WeaklyRising	_	_	_	_	_
62-9	BZ004	62	9	perché	perché	_	_	_	_	_	linguistic	_	none	_	_	_	_	_	_
62-10	BZ004	62	10	era	era	_	_	_	_	_	linguistic	_	none	_	_	_	_	_	_
62-11	BZ004	62	11	di	di	_	_	_	_	_	linguistic	_	none	_	_	_	_	_	_
62-12	BZ004	62	12	qua,	qua	_	_	_	_	_	linguistic	_	none	Intonation=WeaklyRising	End=178.46	_	_	_	_
63-0	BZ004	63	0	e	e	_	_	_	_	_	linguistic	_	none	_	Begin=179.0	_	_	_	_
63-1	BZ004	63	1	però	però	_	_	_	_	_	linguistic	_	none	_	_	_	_	_	_
63-2	BZ004	63	2	non	non	_	_	_	_	_	linguistic	_	none	_	_	_	_	_	_
63-3	BZ004	63	3	li	li	_	_	_	_	_	linguistic	_	none	_	_	_	_	_	_
63-4	BZ004	63	4	volevano	volevano	_	_	_	_	_	linguistic	_	none	_	_	_	_	_	_
63-5	BZ004	63	5	sposare.	sposare	_	_	_	_	_	linguistic	_	none	Intonation=Falling	End=181.3	_	_	_	_
64-0	BZ004	64	0	qui.	qui	_	_	_	_	_	linguistic	_	none	Intonation=Falling	Begin=181.665|End=182.045	_	_	_	_
65-0	BZ004	65	0	a	a	_	_	_	_	_	linguistic	_	none	_	Begin=182.42	_	_	_	_
65-1	BZ004	65	1	quill'	quill'	_	_	_	_	_	linguistic	_	none	SpaceAfter=No	_	_	_	_	_
65-2	BZ004	65	2	e-	e-	_	_	_	_	_	linguistic	_	none	Interrupted=Yes	_	_	_	_	_
65-3	BZ004	65	3	a	a	_	_	_	_	_	linguistic	_	none	_	_	_	_	_	_
65-4	BZ004	65	4	quell'	quell'	_	_	_	_	_	linguistic	_	none	SpaceAfter=No	_	_	_	_	_
65-5	BZ004	65	5	epoca.	epoca	_	_	_	_	_	linguistic	_	none	Intonation=Falling	_	_	_	_	_
65-6	BZ004	65	6	allora	allora	_	_	_	_	_	linguistic	_	none	_	_	_	_	_	_
65-7	BZ004	65	7	lui	lui	_	_	_	_	_	linguistic	_	none	_	_	_	_	_	_
65-8	BZ004	65	8	l'	l'	_	_	_	_	_	linguistic	_	none	SpaceAfter=No	_	_	_	_	_
65-9	BZ004	65	9	ha	ha	_	_	_	_	_	linguistic	_	none	_	_	_	_	_	_
65-10	BZ004	65	10	riportata,	riportata	_	_	_	_	_	linguistic	_	none	Intonation=WeaklyRising	_	_	_	_	_
65-11	BZ004	65	11	l'	l'	_	_	_	_	_	linguistic	_	none	SpaceAfter=No	_	_	_	_	_
65-12	BZ004	65	12	ha	ha	_	_	_	_	_	linguistic	_	none	_	_	_	_	_	_
65-13	BZ004	65	13	portata	portata	_	_	_	_	_	linguistic	_	none	_	_	_	_	_	_
65-14	BZ004	65	14	al	al	_	_	_	_	_	linguistic	_	none	_	_	_	_	_	_
65-15	BZ004	65	15	suo	suo	_	_	_	_	_	linguistic	_	none	_	_	_	_	_	_
65-16	BZ004	65	16	paese,	paese	_	_	_	_	_	linguistic	_	none	Intonation=WeaklyRising	End=187.33	_	_	_	_
66-0	BZ001	66	0	in	in	_	_	_	_	_	linguistic	_	none	_	Begin=187.69	_	_	_	_
66-1	BZ001	66	1	liguria,	liguria	_	_	_	_	_	linguistic	_	none	Intonation=WeaklyRising	End=188.46	_	_	_	_
67-0	BZ004	67	0	in	in	_	_	_	_	_	linguistic	_	none	_	Begin=188.6	_	_	_	_
67-1	BZ004	67	1	ligu[ria],	liguria	_	_	_	_	_	linguistic	_	none	Intonation=WeaklyRising	End=189.69	_	_	_	4-7(10)
68-0	BZ001	68	0	[okay],	okay	_	_	_	_	_	linguistic	_	none	Intonation=WeaklyRising	Begin=189.16|End=189.7	_	_	_	0-4(10)
69-0	BZ004	69	0	per	per	_	_	_	_	_	linguistic	_	none	_	Begin=189.785	_	_	_	_
69-1	BZ004	69	1	poterla	poterla	_	_	_	_	_	linguistic	_	none	_	_	_	_	_	_
69-2	BZ004	69	2	sposare.	sposare	_	_	_	_	_	linguistic	_	none	Intonation=Falling	End=191.335	_	_	_	_
70-0	BZ004	70	0	poi	poi	_	_	_	_	_	linguistic	_	none	_	Begin=191.715	_	_	_	_
70-1	BZ004	70	1	son	son	_	_	_	_	_	linguistic	_	none	_	_	_	_	_	_
70-2	BZ004	70	2	tornati	tornati	_	_	_	_	_	linguistic	_	none	_	_	_	_	_	_
70-3	BZ004	70	3	qui.	qui	_	_	_	_	_	linguistic	_	none	Intonation=Falling	End=193.135	_	_	_	_
71-0	BZ001	71	0	ah.	ah	_	_	_	_	_	linguistic	_	none	Intonation=Falling	Begin=193.18|End=193.47	_	_	_	_
72-0	BZ004	72	0	quando	quando	_	_	_	_	_	linguistic	_	none	_	Begin=193.81	_	_	_	_
72-1	BZ004	72	1	son	son	_	_	_	_	_	linguistic	_	none	_	_	_	_	_	_
72-2	BZ004	72	2	tornati	tornati	_	_	_	_	_	linguistic	_	none	_	_	_	_	_	_
72-3	BZ004	72	3	qui	qui	_	_	_	_	_	linguistic	_	none	_	_	_	_	_	_
72-4	BZ004	72	4	invece,	invece	_	_	_	_	_	linguistic	_	none	Intonation=WeaklyRising	_	_	_	_	_
72-5	BZ004	72	5	la	la	_	_	_	_	_	linguistic	_	none	_	_	_	_	_	_
72-6	BZ004	72	6	prima	prima	_	_	_	_	_	linguistic	_	none	_	_	_	_	_	_
72-7	BZ004	72	7	bambina	bambina	_	_	_	_	_	linguistic	_	none	_	_	_	_	_	_
72-8	BZ004	72	8	di	di	_	_	_	_	_	linguistic	_	none	_	_	_	_	_	_
72-9	BZ004	72	9	coppia	coppia	_	_	_	_	_	linguistic	_	none	_	End=197.83	_	_	_	_
73-0	BZ004	73	0	mista,	mista	_	_	_	_	_	linguistic	_	none	Intonation=WeaklyRising	Begin=198.195|End=199.215	_	_	_	_
74-0	BZ004	74	0	è	è	_	_	_	_	_	linguistic	_	none	_	Begin=199.65	_	_	_	_
74-1	BZ004	74	1	nata	nata	_	_	_	_	_	linguistic	_	none	_	_	_	_	_	_
74-2	BZ004	74	2	qui.	qui	_	_	_	_	_	linguistic	_	none	Intonation=Falling	End=200.53	_	_	_	_
75-0	BZ001	75	0	e	e	_	_	_	_	_	linguistic	_	none	_	Begin=201.215	_	_	_	_
75-1	BZ001	75	1	che	che	_	_	_	_	_	linguistic	_	none	_	_	_	_	_	_
75-2	BZ001	75	2	era	era	_	_	_	_	_	linguistic	_	none	_	_	_	_	_	_
75-3	BZ001	75	3	quindi	quindi	_	_	_	_	_	linguistic	_	none	_	_	_	_	_	_
75-4	BZ001	75	4	la	la	_	_	_	_	_	linguistic	_	none	_	_	_	_	_	_
75-5	BZ001	75	5	sorella	sorella	_	_	_	_	_	linguistic	_	none	_	_	_	_	_	_
75-6	BZ001	75	6	del	del	_	_	_	_	_	linguistic	_	none	_	_	_	_	_	_
75-7	BZ001	75	7	nonno,	nonno	_	_	_	_	_	linguistic	_	none	Intonation=WeaklyRising	End=202.9525	_	_	_	_
76-0	BZ004	76	0	era	era	_	_	_	_	_	linguistic	_	none	_	Begin=202.9525	_	_	_	_
76-1	BZ004	76	1	la	la	_	_	_	_	_	linguistic	_	none	_	_	_	_	_	_
76-2	BZ004	76	2	sorella	sorella	_	_	_	_	_	linguistic	_	none	_	_	_	_	_	_
76-3	BZ004	76	3	di	di	_	_	_	_	_	linguistic	_	none	_	_	_	_	_	_
76-4	BZ004	76	4	mio	mio	_	_	_	_	_	linguistic	_	none	_	_	_	_	_	_
76-5	BZ004	76	5	marito.	marito	_	_	_	_	_	linguistic	_	none	Intonation=Falling	End=204.8	_	_	_	_
77-0	BZ004	77	0	e	e	_	_	_	_	_	linguistic	_	none	_	Begin=205.3	_	_	_	_
77-1	BZ004	77	1	quella	quella	_	_	_	_	_	linguistic	_	none	_	_	_	_	_	_
77-2	BZ004	77	2	è	è	_	_	_	_	_	linguistic	_	none	_	_	_	_	_	_
77-3	BZ004	77	3	nat-	nat-	_	_	_	_	_	linguistic	_	none	Interrupted=Yes	_	_	_	_	_
77-4	BZ004	77	4	eh	eh	_	_	_	_	_	linguistic	_	none	_	_	_	_	_	_
77-5	BZ004	77	5	quella	quella	_	_	_	_	_	linguistic	_	none	_	_	_	_	_	_
77-6	BZ004	77	6	insomma	insomma	_	_	_	_	_	linguistic	_	none	_	_	_	_	_	_
77-7	BZ004	77	7	eh	eh	_	_	_	_	_	linguistic	_	none	_	End=207.52	_	_	_	_
78-0	BZ004	78	0	l'	l'	_	_	_	_	_	linguistic	_	none	SpaceAfter=No	Begin=207.975	_	_	_	_
78-1	BZ004	78	1	hanno	hanno	_	_	_	_	_	linguistic	_	none	_	_	_	_	_	_
78-2	BZ004	78	2	accettata	accettata	_	_	_	_	_	linguistic	_	none	_	_	_	_	_	_
78-3	BZ004	78	3	però	però	_	_	_	_	_	linguistic	_	none	_	_	_	_	_	_
78-4	BZ004	78	4	era	era	_	_	_	_	_	linguistic	_	none	_	_	_	_	_	_
78-5	BZ004	78	5	la	la	_	_	_	_	_	linguistic	_	none	_	_	_	_	_	_
78-6	BZ004	78	6	prima	prima	_	_	_	_	_	linguistic	_	none	_	_	_	_	_	_
78-7	BZ004	78	7	bambina	bambina	_	_	_	_	_	linguistic	_	none	_	_	_	_	_	_
78-8	BZ004	78	8	nata,	nata	_	_	_	_	_	linguistic	_	none	Intonation=WeaklyRising	End=211.505	_	_	_	_
79-0	BZ004	79	0	da	da	_	_	_	_	_	linguistic	_	none	_	Begin=211.805	_	_	_	_
79-1	BZ004	79	1	coppia	coppia	_	_	_	_	_	linguistic	_	none	_	_	_	_	_	_
79-2	BZ004	79	2	mista.	mista	_	_	_	_	_	linguistic	_	none	Intonation=Falling	End=213.035	_	_	_	_
80-0	BZ001	80	0	però	però	_	_	_	_	_	linguistic	_	none	_	Begin=213.225	_	_	_	_
80-1	BZ001	80	1	quindi	quindi	_	_	_	_	_	linguistic	_	none	_	_	_	_	_	_
80-2	BZ001	80	2	nella	nella	_	_	_	_	_	linguistic	_	none	_	_	_	_	_	_
80-3	BZ001	80	3	coppia	coppia	_	_	_	_	_	linguistic	_	none	_	_	_	_	_	_
80-4	BZ001	80	4	loro	loro	_	_	_	_	_	linguistic	_	none	_	_	_	_	_	_
80-5	BZ001	80	5	parlavano	parlavano	_	_	_	_	_	linguistic	_	none	_	_	_	_	_	_
80-6	BZ001	80	6	in	in	_	_	_	_	_	linguistic	_	none	_	_	_	_	_	_
80-7	BZ001	80	7	italiano,	italiano	_	_	_	_	_	linguistic	_	none	Intonation=WeaklyRising	End=215.665	_	_	_	_
81-0	BZ004	81	0	in	in	_	_	_	_	_	linguistic	_	none	_	Begin=215.64	_	_	_	_
81-1	BZ004	81	1	italiano.	italiano	_	_	_	_	_	linguistic	_	none	Intonation=Falling	_	_	_	_	_
81-2	BZ004	81	2	[sì].	sì	_	_	_	_	_	linguistic	_	none	Intonation=Falling	End=216.81	_	_	_	0-2(12)
82-0	BZ001	82	0	[ah	ah	_	_	_	_	_	linguistic	_	none	_	Begin=216.62	_	_	_	0-2(12)
82-1	BZ001	82	1	quin]di	quindi	_	_	_	_	_	linguistic	_	none	_	_	_	_	_	0-4(12)
82-2	BZ001	82	2	la	la	_	_	_	_	_	linguistic	_	none	_	_	_	_	_	_
82-3	BZ001	82	3	ragazza	ragazza	_	_	_	_	_	linguistic	_	none	_	_	_	_	_	_
82-4	BZ001	82	4	sape[va],	sapeva	_	_	_	_	_	linguistic	_	none	Intonation=WeaklyRising	End=217.92	_	_	_	4-6(13)
83-0	BZ004	83	0	[sì]	sì	_	_	_	_	_	linguistic	_	none	_	Begin=217.69	_	_	_	0-2(13)
83-1	BZ004	83	1	sì	sì	_	_	_	_	_	linguistic	_	none	_	_	_	_	_	_
83-2	BZ004	83	2	sì.	sì	_	_	_	_	_	linguistic	_	none	Intonation=Falling	End=218.95	_	_	_	_
84-0	BZ001	84	0	ah	ah	_	_	_	_	_	linguistic	_	none	ProsodicLink=Yes	Begin=219.205	_	_	_	_
84-1	BZ001	84	1	ah,	ah	_	_	_	_	_	linguistic	_	none	Intonation=WeaklyRising	_	_	_	_	_
84-2	BZ001	84	2	e	e	_	_	_	_	_	linguistic	_	none	_	_	_	_	_	_
84-3	BZ001	84	3	lei	lei	_	_	_	_	_	linguistic	_	none	_	_	_	_	_	_
84-4	BZ001	84	4	aveva	aveva	_	_	_	_	_	linguistic	_	none	_	_	_	_	_	_
84-5	BZ001	84	5	imparato	imparato	_	_	_	_	_	linguistic	_	none	_	_	_	_	_	_
84-6	BZ001	84	6	l'	l'	_	_	_	_	_	linguistic	_	none	SpaceAfter=No	_	_	_	_	_
84-7	BZ001	84	7	italiano	italiano	_	_	_	_	_	linguistic	_	none	_	_	_	_	_	_
84-8	BZ001	84	8	nel	nel	_	_	_	_	_	linguistic	_	none	_	_	_	_	_	_
84-9	BZ001	84	9	periodo	periodo	_	_	_	_	_	linguistic	_	none	_	_	_	_	_	_
84-10	BZ001	84	10	della	della	_	_	_	_	_	linguistic	_	none	_	_	_	_	_	_
84-11	BZ001	84	11	guerra	guerra	_	_	_	_	_	linguistic	_	none	_	_	_	_	_	_
84-12	BZ001	84	12	quindi.	quindi	_	_	_	_	_	linguistic	_	none	Intonation=Falling	End=222.685	_	_	_	_
85-0	BZ004	85	0	sì	sì	_	_	_	_	_	linguistic	_	none	_	Begin=222.76	_	_	_	_
85-1	BZ004	85	1	nel	nel	_	_	_	_	_	linguistic	_	none	_	_	_	_	_	_
85-2	BZ004	85	2	periodo	periodo	_	_	_	_	_	linguistic	_	none	_	_	_	_	_	_
85-3	BZ004	85	3	della	della	_	_	_	_	_	linguistic	_	none	_	_	_	_	_	_
85-4	BZ004	85	4	guerra.	guerra	_	_	_	_	_	linguistic	_	none	Intonation=Falling	End=224.41	_	_	_	_
86-0	BZ004	86	0	ecco.	ecco	_	_	_	_	_	linguistic	_	none	Intonation=Falling	Begin=224.84|End=225.37	_	_	_	_
87-0	BZ004	87	0	perché	perché	_	_	_	_	_	linguistic	_	none	_	Begin=225.81	_	_	_	_
87-1	BZ004	87	1	lei	lei	_	_	_	_	_	linguistic	_	none	_	_	_	_	_	_
87-2	BZ004	87	2	era,	era	_	_	_	_	_	linguistic	_	none	Intonation=WeaklyRising	_	_	_	_	_
87-3	BZ004	87	3	era	era	_	_	_	_	_	linguistic	_	none	_	_	_	_	_	_
87-4	BZ004	87	4	tedesca	tedesca	_	_	_	_	_	linguistic	_	none	_	_	_	_	_	_
87-5	BZ004	87	5	comunque	comunque	_	_	_	_	_	linguistic	_	none	_	_	_	_	_	_
87-6	BZ004	87	6	no?	no	_	_	_	_	_	linguistic	_	none	Intonation=Rising	_	_	_	_	_
87-7	BZ004	87	7	la	la	_	_	_	_	_	linguistic	_	none	_	_	_	_	_	_
87-8	BZ004	87	8	[la	la	_	_	_	_	_	linguistic	_	none	_	_	_	_	_	0-2(14)
87-9	BZ004	87	9	moglie	moglie	_	_	_	_	_	linguistic	_	none	_	_	_	_	_	0-6(14)
87-10	BZ004	87	10	era]	era	_	_	_	_	_	linguistic	_	none	_	_	_	_	_	0-3(14)
87-11	BZ004	87	11	tede-	tede-	_	_	_	_	_	linguistic	_	none	Interrupted=Yes	_	_	_	_	_
87-12	BZ004	87	12	eh	eh	_	_	_	_	_	linguistic	_	none	_	_	_	_	_	_
87-13	BZ004	87	13	però	però	_	_	_	_	_	linguistic	_	none	_	_	_	_	_	_
87-14	BZ004	87	14	con	con	_	_	_	_	_	linguistic	_	none	_	_	_	_	_	_
87-15	BZ004	87	15	lui,	lui	_	_	_	_	_	linguistic	_	none	Intonation=WeaklyRising	_	_	_	_	_
87-16	BZ004	87	16	lui	lui	_	_	_	_	_	linguistic	_	none	_	_	_	_	_	_
87-17	BZ004	87	17	era	era	_	_	_	_	_	linguistic	_	none	_	_	_	_	_	_
87-18	BZ004	87	18	italiano	italiano	_	_	_	_	_	linguistic	_	none	_	_	_	_	_	_
87-19	BZ004	87	19	insomma,	insomma	_	_	_	_	_	linguistic	_	none	Intonation=WeaklyRising	End=232.73	_	_	_	_
88-0	BZ001	88	0	[eh	eh	_	_	_	_	_	linguistic	_	none	_	Begin=228.595	_	_	_	0-2(14)
88-1	BZ001	88	1	sì	sì	_	_	_	_	_	linguistic	_	none	_	_	_	_	_	0-2(14)
88-2	BZ001	88	2	sì	sì	_	_	_	_	_	linguistic	_	none	_	_	_	_	_	0-2(14)
88-3	BZ001	88	3	infatti].	infatti	_	_	_	_	_	linguistic	_	none	Intonation=Falling	End=229.455	_	_	_	0-7(14)
89-0	BZ001	89	0	certo,	certo	_	_	_	_	_	linguistic	_	none	Intonation=WeaklyRising	Begin=233.125|End=233.605	_	_	_	_
90-0	BZ004	90	0	e	e	_	_	_	_	_	linguistic	_	none	_	Begin=233.75	_	_	_	_
90-1	BZ004	90	1	da	da	_	_	_	_	_	linguistic	_	none	_	_	_	_	_	_
90-2	BZ004	90	2	questa	questa	_	_	_	_	_	linguistic	_	none	_	_	_	_	_	_
90-3	BZ004	90	3	coppia	coppia	_	_	_	_	_	linguistic	_	none	_	_	_	_	_	_
90-4	BZ004	90	4	mista	mista	_	_	_	_	_	linguistic	_	none	_	_	_	_	_	_
90-5	BZ004	90	5	era	era	_	_	_	_	_	linguistic	_	none	_	_	_	_	_	_
90-6	BZ004	90	6	una	una	_	_	_	_	_	linguistic	_	none	_	_	_	_	_	_
90-7	BZ004	90	7	cosa	cosa	_	_	_	_	_	linguistic	_	none	_	_	_	_	_	_
90-8	BZ004	90	8	anche	anche	_	_	_	_	_	linguistic	_	none	_	_	_	_	_	_
90-9	BZ004	90	9	quella	quella	_	_	_	_	_	linguistic	_	none	_	_	_	_	_	_
90-10	BZ004	90	10	molto	molto	_	_	_	_	_	linguistic	_	none	_	_	_	_	_	_
90-11	BZ004	90	11	particolare	particolare	_	_	_	_	_	linguistic	_	none	_	_	_	_	_	_
90-12	BZ004	90	12	perché	perché	_	_	_	_	_	linguistic	_	none	_	_	_	_	_	_
90-13	BZ004	90	13	era	era	_	_	_	_	_	linguistic	_	none	_	_	_	_	_	_
90-14	BZ004	90	14	la	la	_	_	_	_	_	linguistic	_	none	_	_	_	_	_	_
90-15	BZ004	90	15	prima	prima	_	_	_	_	_	linguistic	_	none	_	_	_	_	_	_
90-16	BZ004	90	16	bambina,	bambina	_	_	_	_	_	linguistic	_	none	Intonation=WeaklyRising	End=240.72	_	_	_	_
91-0	BZ001	91	0	eh	eh	_	_	_	_	_	linguistic	_	none	PauseAfter=Yes	Begin=241.25	_	_	_	_
91-1	BZ001	91	1	(.)	(.)	_	_	_	_	_	shortpause	_	none	_	_	_	_	_	_
91-2	BZ001	91	2	[infatti]	infatti	_	_	_	_	_	linguistic	_	none	_	End=242.02	_	_	_	0-7(15)
92-0	BZ004	92	0	[a	a	_	_	_	_	_	linguistic	_	none	_	Begin=241.495	_	_	_	0-1(15)
92-1	BZ004	92	1	bolza]no.	bolzano	_	_	_	_	_	linguistic	_	none	Intonation=Falling	End=242.515	_	_	_	0-5(15)
93-0	BZ001	93	0	eh	eh	_	_	_	_	_	linguistic	_	none	_	Begin=242.54	_	_	_	_
93-1	BZ001	93	1	sì.	sì	_	_	_	_	_	linguistic	_	none	Intonation=Falling	End=242.845	_	_	_	_
94-0	BZ004	94	0	capito,	capito	_	_	_	_	_	linguistic	_	none	Intonation=WeaklyRising	Begin=242.845|End=243.49	_	_	_	_
95-0	BZ001	95	0	e	e	_	_	_	_	_	linguistic	_	none	_	Begin=243.9	_	_	_	_
95-1	BZ001	95	1	tu	tu	_	_	_	_	_	linguistic	_	none	_	_	_	_	_	_
95-2	BZ001	95	2	quindi	quindi	_	_	_	_	_	linguistic	_	none	_	_	_	_	_	_
95-3	BZ001	95	3	adesso	adesso	_	_	_	_	_	linguistic	_	none	_	_	_	_	_	_
95-4	BZ001	95	4	da	da	_	_	_	_	_	linguistic	_	none	_	_	_	_	_	_
95-5	BZ001	95	5	quanti	quanti	_	_	_	_	_	linguistic	_	none	_	_	_	_	_	_
95-6	BZ001	95	6	anni	anni	_	_	_	_	_	linguistic	_	none	_	_	_	_	_	_
95-7	BZ001	95	7	sei	sei	_	_	_	_	_	linguistic	_	none	_	_	_	_	_	_
95-8	BZ001	95	8	qui?	qui	_	_	_	_	_	linguistic	_	none	Intonation=Rising	End=245.95	_	_	_	_
96-0	BZ004	96	0	allora	allora	_	_	_	_	_	linguistic	_	none	_	Begin=246.58	_	_	_	_
96-1	BZ004	96	1	che	che	_	_	_	_	_	linguistic	_	none	_	_	_	_	_	_
96-2	BZ004	96	2	sono	sono	_	_	_	_	_	linguistic	_	none	_	_	_	_	_	_
96-3	BZ004	96	3	qui	qui	_	_	_	_	_	linguistic	_	none	_	_	_	_	_	_
96-4	BZ004	96	4	il	il	_	_	_	_	_	linguistic	_	none	_	_	_	_	_	_
96-5	BZ004	96	5	do-	do-	_	_	_	_	_	linguistic	_	none	Interrupted=Yes	_	_	_	_	_
96-6	BZ004	96	6	eh:	eh	_	_	_	_	_	linguistic	_	none	_	_	1x1	_	_	_
96-7	BZ004	96	7	il	il	_	_	_	_	_	linguistic	_	none	_	_	_	_	_	_
96-8	BZ004	96	8	dodici,	dodici	_	_	_	_	_	linguistic	_	none	Intonation=WeaklyRising	_	_	_	_	_
96-9	BZ004	96	9	quando	quando	_	_	_	_	_	linguistic	_	none	_	_	_	_	_	_
96-10	BZ004	96	10	era	era	_	_	_	_	_	linguistic	_	none	_	_	_	_	_	_
96-11	BZ004	96	11	l'	l'	_	_	_	_	_	linguistic	_	none	SpaceAfter=No	_	_	_	_	_
96-12	BZ004	96	12	altro	altro	_	_	_	_	_	linguistic	_	none	_	_	_	_	_	_
96-13	BZ004	96	13	giorno,	giorno	_	_	_	_	_	linguistic	_	none	Intonation=WeaklyRising	End=251.63	_	_	_	_
97-0	BZ001	97	0	[>dodici	dodici	_	_	_	_	_	linguistic	_	none	_	Begin=251.94	_	Fast=0-6(0)	_	0-6(16)
97-1	BZ001	97	1	luglio<?]	luglio	_	_	_	_	_	linguistic	_	none	Intonation=Rising	End=252.84	_	Fast=0-6(0)	_	0-6(16)
98-0	BZ004	98	0	[sono	sono	_	_	_	_	_	linguistic	_	none	_	Begin=251.96	_	_	_	0-4(16)
98-1	BZ004	98	1	trentotto]	trentotto	_	_	_	_	_	linguistic	_	none	_	_	_	_	_	0-9(16)
98-2	BZ004	98	2	anni.	anni	_	_	_	_	_	linguistic	_	none	Intonation=Falling	End=253.47	_	_	_	_
99-0	BZ001	99	0	dodici	dodici	_	_	_	_	_	linguistic	_	none	_	Begin=253.495	_	_	_	_
99-1	BZ001	99	1	luglio?	luglio	_	_	_	_	_	linguistic	_	none	Intonation=Rising	End=254.425	_	_	_	_
100-0	BZ004	100	0	che	che	_	_	_	_	_	linguistic	_	none	_	Begin=254.895	_	_	_	_
100-1	BZ004	100	1	sono	sono	_	_	_	_	_	linguistic	_	none	_	_	_	_	_	_
100-2	BZ004	100	2	in	in	_	_	_	_	_	linguistic	_	none	_	_	_	_	_	_
100-3	BZ004	100	3	questa	questa	_	_	_	_	_	linguistic	_	none	_	_	_	_	_	_
100-4	BZ004	100	4	casa	casa	_	_	_	_	_	linguistic	_	none	_	_	_	_	_	_
100-5	BZ004	100	5	[però].	però	_	_	_	_	_	linguistic	_	none	Intonation=Falling	End=256.845	_	_	_	0-4(17)
101-0	BZ001	101	0	[sì	sì	_	_	_	_	_	linguistic	_	none	_	Begin=256.305	_	_	_	0-2(17)
101-1	BZ001	101	1	sì].	sì	_	_	_	_	_	linguistic	_	none	Intonation=Falling	_	_	_	_	0-2(17)
101-2	BZ001	101	2	ah	ah	_	_	_	_	_	linguistic	_	none	_	_	_	_	_	_
101-3	BZ001	101	3	in	in	_	_	_	_	_	linguistic	_	none	_	_	_	_	_	_
101-4	BZ001	101	4	questa	questa	_	_	_	_	_	linguistic	_	none	_	_	_	_	_	_
101-5	BZ001	101	5	casa.	casa	_	_	_	_	_	linguistic	_	none	Intonation=Falling	_	_	_	_	_
101-6	BZ001	101	6	[e	e	_	_	_	_	_	linguistic	_	none	_	_	_	_	_	0-1(18)
101-7	BZ001	101	7	a	a	_	_	_	_	_	linguistic	_	none	_	_	_	_	_	0-1(18)
101-8	BZ001	101	8	bolzano	bolzano	_	_	_	_	_	linguistic	_	none	_	_	_	_	_	0-7(18)
101-9	BZ001	101	9	invece:]	invece	_	_	_	_	_	linguistic	_	none	_	End=259.4	5x1	_	_	0-6(18)
102-0	BZ004	102	0	[in	in	_	_	_	_	_	linguistic	_	none	_	Begin=257.665	_	_	_	0-2(18)
102-1	BZ004	102	1	questa	questa	_	_	_	_	_	linguistic	_	none	_	_	_	_	_	0-6(18)
102-2	BZ004	102	2	casa].	casa	_	_	_	_	_	linguistic	_	none	Intonation=Falling	End=259.015	_	_	_	0-4(18)
103-0	BZ001	103	0	[sei	sei	_	_	_	_	_	linguistic	_	none	_	Begin=259.412	_	_	_	0-3(19)
103-1	BZ001	103	1	stata	stata	_	_	_	_	_	linguistic	_	none	_	_	_	_	_	0-5(19)
103-2	BZ001	103	2	sempre]	sempre	_	_	_	_	_	linguistic	_	none	_	End=260.422	_	_	_	0-6(19)
104-0	BZ004	104	0	[eh	eh	_	_	_	_	_	linguistic	_	none	_	Begin=259.762	_	_	_	0-2(19)
104-1	BZ004	104	1	no	no	_	_	_	_	_	linguistic	_	none	_	_	_	_	_	0-2(19)
104-2	BZ004	104	2	eh:]	eh	_	_	_	_	_	linguistic	_	none	_	_	1x1	_	_	0-2(19)
104-3	BZ004	104	3	avevo	avevo	_	_	_	_	_	linguistic	_	none	_	_	_	_	_	_
104-4	BZ004	104	4	un	un	_	_	_	_	_	linguistic	_	none	_	_	_	_	_	_
104-5	BZ004	104	5	anno	anno	_	_	_	_	_	linguistic	_	none	_	_	_	_	_	_
104-6	BZ004	104	6	e	e	_	_	_	_	_	linguistic	_	none	_	_	_	_	_	_
104-7	BZ004	104	7	mezzo	mezzo	_	_	_	_	_	linguistic	_	none	_	_	_	_	_	_
104-8	BZ004	104	8	quando:	quando	_	_	_	_	_	linguistic	_	none	_	_	5x1	_	_	_
104-9	BZ004	104	9	siamo	siamo	_	_	_	_	_	linguistic	_	none	_	_	_	_	_	_
104-10	BZ004	104	10	venuti	venuti	_	_	_	_	_	linguistic	_	none	_	_	_	_	_	_
104-11	BZ004	104	11	qua.	qua	_	_	_	_	_	linguistic	_	none	Intonation=Falling	End=264.022	_	_	_	_
105-0	BZ001	105	0	mh	mh	_	_	_	_	_	linguistic	_	none	ProsodicLink=Yes	Begin=264.177	_	_	_	_
105-1	BZ001	105	1	mh.	mh	_	_	_	_	_	linguistic	_	none	Intonation=Falling	End=264.597	_	_	_	_
106-0	BZ004	106	0	che	che	_	_	_	_	_	linguistic	_	none	_	Begin=264.702	_	_	_	_
106-1	BZ004	106	1	sono	sono	_	_	_	_	_	linguistic	_	none	_	_	_	_	_	_
106-2	BZ004	106	2	in	in	_	_	_	_	_	linguistic	_	none	_	_	_	_	_	_
106-3	BZ004	106	3	questa	questa	_	_	_	_	_	linguistic	_	none	_	_	_	_	_	_
106-4	BZ004	106	4	casa,	casa	_	_	_	_	_	linguistic	_	none	Intonation=WeaklyRising	_	_	_	_	_
106-5	BZ004	106	5	son	son	_	_	_	_	_	linguistic	_	none	_	_	_	_	_	_
106-6	BZ004	106	6	trentotto	trentotto	_	_	_	_	_	linguistic	_	none	_	_	_	_	_	_
106-7	BZ004	106	7	anni.	anni	_	_	_	_	_	linguistic	_	none	Intonation=Falling	End=267.522	_	_	_	_
107-0	BZ001	107	0	e	e	_	_	_	_	_	linguistic	_	none	_	Begin=267.912	_	_	_	_
107-1	BZ001	107	1	qui	qui	_	_	_	_	_	linguistic	_	none	_	_	_	_	_	_
107-2	BZ001	107	2	in:	in	_	_	_	_	_	linguistic	_	none	_	_	1x1	_	_	_
107-3	BZ001	107	3	tutti	tutti	_	_	_	_	_	linguistic	_	none	_	_	_	_	_	_
107-4	BZ001	107	4	questi	questi	_	_	_	_	_	linguistic	_	none	_	_	_	_	_	_
107-5	BZ001	107	5	anni	anni	_	_	_	_	_	linguistic	_	none	_	_	_	_	_	_
107-6	BZ001	107	6	>che	che	_	_	_	_	_	linguistic	_	none	_	_	_	Fast=0-3(0)	_	_
107-7	BZ001	107	7	sei	sei	_	_	_	_	_	linguistic	_	none	_	_	_	Fast=0-3(0)	_	_
107-8	BZ001	107	8	stata<	stata	_	_	_	_	_	linguistic	_	none	_	_	_	Fast=0-5(0)	_	_
107-9	BZ001	107	9	a	a	_	_	_	_	_	linguistic	_	none	_	_	_	_	_	_
107-10	BZ001	107	10	bolzano,	bolzano	_	_	_	_	_	linguistic	_	none	Intonation=WeaklyRising	_	_	_	_	_
107-11	BZ001	107	11	hai	hai	_	_	_	_	_	linguistic	_	none	_	_	_	_	_	_
107-12	BZ001	107	12	avuto	avuto	_	_	_	_	_	linguistic	_	none	_	_	_	_	_	_
107-13	BZ001	107	13	a	a	_	_	_	_	_	linguistic	_	none	_	_	_	_	_	_
107-14	BZ001	107	14	che	che	_	_	_	_	_	linguistic	_	none	_	_	_	_	_	_
107-15	BZ001	107	15	fare	fare	_	_	_	_	_	linguistic	_	none	_	_	_	_	_	_
107-16	BZ001	107	16	con	con	_	_	_	_	_	linguistic	_	none	_	_	_	_	_	_
107-17	BZ001	107	17	persone	persone	_	_	_	_	_	linguistic	_	none	_	_	_	_	_	_
107-18	BZ001	107	18	di	di	_	_	_	_	_	linguistic	_	none	_	_	_	_	_	_
107-19	BZ001	107	19	madrelingua	madrelingua	_	_	_	_	_	linguistic	_	none	_	_	_	_	_	_
107-20	BZ001	107	20	tedesca?	tedesca	_	_	_	_	_	linguistic	_	none	Intonation=Rising	End=273.652	_	_	_	_
108-0	BZ004	108	0	mah	mah	_	_	_	_	_	linguistic	_	none	_	Begin=274.227	_	_	_	_
108-1	BZ004	108	1	io	io	_	_	_	_	_	linguistic	_	none	_	_	_	_	_	_
108-2	BZ004	108	2	sì	sì	_	_	_	_	_	linguistic	_	none	_	_	_	_	_	_
108-3	BZ004	108	3	a-	a-	_	_	_	_	_	linguistic	_	none	Interrupted=Yes	_	_	_	_	_
108-4	BZ004	108	4	anche	anche	_	_	_	_	_	linguistic	_	none	_	_	_	_	_	_
108-5	BZ004	108	5	la	la	_	_	_	_	_	linguistic	_	none	_	_	_	_	_	_
108-6	BZ004	108	6	signora	signora	_	_	_	_	_	linguistic	_	none	_	_	_	_	_	_
108-7	BZ004	108	7	che	che	_	_	_	_	_	linguistic	_	none	_	_	_	_	_	_
108-8	BZ004	108	8	abita	abita	_	_	_	_	_	linguistic	_	none	_	_	_	_	_	_
108-9	BZ004	108	9	di	di	_	_	_	_	_	linguistic	_	none	_	_	_	_	_	_
108-10	BZ004	108	10	fronte	fronte	_	_	_	_	_	linguistic	_	none	_	_	_	_	_	_
108-11	BZ004	108	11	a	a	_	_	_	_	_	linguistic	_	none	_	_	_	_	_	_
108-12	BZ004	108	12	me,	me	_	_	_	_	_	linguistic	_	none	Intonation=WeaklyRising	_	_	_	_	_
108-13	BZ004	108	13	però	però	_	_	_	_	_	linguistic	_	none	_	_	_	_	_	_
108-14	BZ004	108	14	lei	lei	_	_	_	_	_	linguistic	_	none	_	_	_	_	_	_
108-15	BZ004	108	15	parla	parla	_	_	_	_	_	linguistic	_	none	_	_	_	_	_	_
108-16	BZ004	108	16	l'	l'	_	_	_	_	_	linguistic	_	none	SpaceAfter=No	_	_	_	_	_
108-17	BZ004	108	17	italiano	italiano	_	_	_	_	_	linguistic	_	none	_	_	_	_	_	_
108-18	BZ004	108	18	con	con	_	_	_	_	_	linguistic	_	none	_	_	_	_	_	_
108-19	BZ004	108	19	me	me	_	_	_	_	_	linguistic	_	none	_	_	_	_	_	_
108-20	BZ004	108	20	non	non	_	_	_	_	_	linguistic	_	none	_	_	_	_	_	_
108-21	BZ004	108	21	è	è	_	_	_	_	_	linguistic	_	none	_	_	_	_	_	_
108-22	BZ004	108	22	che	che	_	_	_	_	_	linguistic	_	none	_	_	_	_	_	_
108-23	BZ004	108	23	((ridendo))	((ridendo))	_	_	_	_	_	nonverbalbehavior	_	none	_	End=280.567	_	_	_	_
109-0	BZ004	109	0	una	una	_	_	_	_	_	linguistic	_	none	_	Begin=280.832	_	_	_	_
109-1	BZ004	109	1	signora	signora	_	_	_	_	_	linguistic	_	none	_	_	_	_	_	_
109-2	BZ004	109	2	molto	molto	_	_	_	_	_	linguistic	_	none	_	_	_	_	_	_
109-3	BZ004	109	3	gentila,	gentila	_	_	_	_	_	linguistic	_	none	Intonation=WeaklyRising|PauseAfter=Yes	_	_	_	_	_
109-4	BZ004	109	4	(.)	(.)	_	_	_	_	_	shortpause	_	none	_	_	_	_	_	_
109-5	BZ004	109	5	[genti]le,	gentile	_	_	_	_	_	linguistic	_	none	Intonation=WeaklyRising	End=283.772	_	_	_	0-5(20)
110-0	BZ001	110	0	[mh	mh	_	_	_	_	_	linguistic	_	none	ProsodicLink=Yes	Begin=282.727	_	_	_	0-2(20)
110-1	BZ001	110	1	mh],	mh	_	_	_	_	_	linguistic	_	none	Intonation=WeaklyRising	End=283.167	_	_	_	0-2(20)
111-0	BZ004	111	0	abbiamo	abbiamo	_	_	_	_	_	linguistic	_	none	_	Begin=284.497	_	_	_	_
111-1	BZ004	111	1	proprio	proprio	_	_	_	_	_	linguistic	_	none	_	_	_	_	_	_
111-2	BZ004	111	2	un	un	_	_	_	_	_	linguistic	_	none	_	_	_	_	_	_
111-3	BZ004	111	3	rapporto	rapporto	_	_	_	_	_	linguistic	_	none	_	_	_	_	_	_
111-4	BZ004	111	4	di	di	_	_	_	_	_	linguistic	_	none	_	_	_	_	_	_
111-5	BZ004	111	5	amicizia	amicizia	_	_	_	_	_	linguistic	_	none	PauseAfter=Yes	_	_	_	_	_
111-6	BZ004	111	6	(.)	(.)	_	_	_	_	_	shortpause	_	none	_	_	_	_	_	_
111-7	BZ004	111	7	molto	molto	_	_	_	_	_	linguistic	_	none	_	_	_	_	_	_
111-8	BZ004	111	8	bello,	bello	_	_	_	_	_	linguistic	_	none	Intonation=WeaklyRising	_	_	_	_	_
111-9	BZ004	111	9	perché	perché	_	_	_	_	_	linguistic	_	none	_	_	_	_	_	_
111-10	BZ004	111	10	molto	molto	_	_	_	_	_	linguistic	_	none	_	_	_	_	_	_
111-11	BZ004	111	11	molto	molto	_	_	_	_	_	linguistic	_	none	_	_	_	_	_	_
111-12	BZ004	111	12	carina,	carina	_	_	_	_	_	linguistic	_	none	Intonation=WeaklyRising	End=289.917	_	_	_	_
112-0	BZ004	112	0	però	però	_	_	_	_	_	linguistic	_	none	_	Begin=290.272	_	_	_	_
112-1	BZ004	112	1	oh	oh	_	_	_	_	_	linguistic	_	none	_	_	_	_	_	_
112-2	BZ004	112	2	io	io	_	_	_	_	_	linguistic	_	none	_	_	_	_	_	_
112-3	BZ004	112	3	non	non	_	_	_	_	_	linguistic	_	none	_	_	_	_	_	_
112-4	BZ004	112	4	lo	lo	_	_	_	_	_	linguistic	_	none	_	_	_	_	_	_
112-5	BZ004	112	5	so,	so	_	_	_	_	_	linguistic	_	none	Intonation=WeaklyRising	_	_	_	_	_
112-6	BZ004	112	6	((ridendo))	((ridendo))	_	_	_	_	_	nonverbalbehavior	_	none	PauseAfter=Yes	_	_	_	_	_
112-7	BZ004	112	7	(.)	(.)	_	_	_	_	_	shortpause	_	none	_	_	_	_	_	_
112-8	BZ004	112	8	e	e	_	_	_	_	_	linguistic	_	none	_	_	_	_	_	_
112-9	BZ004	112	9	lei	lei	_	_	_	_	_	linguistic	_	none	_	_	_	_	_	_
112-10	BZ004	112	10	con	con	_	_	_	_	_	linguistic	_	none	_	_	_	_	_	_
112-11	BZ004	112	11	me	me	_	_	_	_	_	linguistic	_	none	_	_	_	_	_	_
112-12	BZ004	112	12	con	con	_	_	_	_	_	linguistic	_	none	_	_	_	_	_	_
112-13	BZ004	112	13	me	me	_	_	_	_	_	linguistic	_	none	_	_	_	_	_	_
112-14	BZ004	112	14	parla	parla	_	_	_	_	_	linguistic	_	none	_	_	_	_	_	_
112-15	BZ004	112	15	italiano.	italiano	_	_	_	_	_	linguistic	_	none	Intonation=Falling	End=294.632	_	_	_	_
113-0	BZ001	113	0	quindi	quindi	_	_	_	_	_	linguistic	_	none	PauseAfter=Yes	Begin=295.047	_	_	_	_
113-1	BZ001	113	1	(.)	(.)	_	_	_	_	_	shortpause	_	none	_	_	_	_	_	_
113-2	BZ001	113	2	non	non	_	_	_	_	_	linguistic	_	none	_	_	_	_	_	_
113-3	BZ001	113	3	eh	eh	_	_	_	_	_	linguistic	_	none	_	_	_	_	_	_
113-4	BZ001	113	4	ti	ti	_	_	_	_	_	linguistic	_	none	_	_	_	_	_	_
113-5	BZ001	113	5	è	è	_	_	_	_	_	linguistic	_	none	_	_	_	_	_	_
113-6	BZ001	113	6	mai	mai	_	_	_	_	_	linguistic	_	none	_	_	_	_	_	_
113-7	BZ001	113	7	capitato	capitato	_	_	_	_	_	linguistic	_	none	_	_	_	_	_	_
113-8	BZ001	113	8	di,	di	_	_	_	_	_	linguistic	_	none	Intonation=WeaklyRising	End=297.667	_	_	_	_
114-0	BZ001	114	0	eh	eh	_	_	_	_	_	linguistic	_	none	_	Begin=297.912	_	_	_	_
114-1	BZ001	114	1	sentire	sentire	_	_	_	_	_	linguistic	_	none	_	_	_	_	_	_
114-2	BZ001	114	2	che	che	_	_	_	_	_	linguistic	_	none	_	_	_	_	_	_
114-3	BZ001	114	3	non	non	_	_	_	_	_	linguistic	_	none	_	_	_	_	_	_
114-4	BZ001	114	4	sapere	sapere	_	_	_	_	_	linguistic	_	none	_	_	_	_	_	_
114-5	BZ001	114	5	il	il	_	_	_	_	_	linguistic	_	none	_	_	_	_	_	_
114-6	BZ001	114	6	tedesco	tedesco	_	_	_	_	_	linguistic	_	none	_	_	_	_	_	_
114-7	BZ001	114	7	era	era	_	_	_	_	_	linguistic	_	none	_	_	_	_	_	_
114-8	BZ001	114	8	un	un	_	_	_	_	_	linguistic	_	none	_	_	_	_	_	_
114-9	BZ001	114	9	limite?	limite	_	_	_	_	_	linguistic	_	none	Intonation=Rising	End=300.93449999999996	_	_	_	_
115-0	BZ004	115	0	no:,	no	_	_	_	_	_	linguistic	_	none	Intonation=WeaklyRising|PauseAfter=Yes	Begin=300.93449999999996	1x1	_	_	_
115-1	BZ004	115	1	(.)	(.)	_	_	_	_	_	shortpause	_	none	_	_	_	_	_	_
115-2	BZ004	115	2	per	per	_	_	_	_	_	linguistic	_	none	_	_	_	_	_	_
115-3	BZ004	115	3	me	me	_	_	_	_	_	linguistic	_	none	_	_	_	_	_	_
115-4	BZ004	115	4	no.	no	_	_	_	_	_	linguistic	_	none	Intonation=Falling	End=302.657	_	_	_	_
116-0	BZ001	116	0	mh	mh	_	_	_	_	_	linguistic	_	none	ProsodicLink=Yes	Begin=302.762	_	_	_	_
116-1	BZ001	116	1	mh.	mh	_	_	_	_	_	linguistic	_	none	Intonation=Falling	End=303.102	_	_	_	_
117-0	BZ004	117	0	perché	perché	_	_	_	_	_	linguistic	_	none	_	Begin=303.107	_	_	_	_
117-1	BZ004	117	1	loro	loro	_	_	_	_	_	linguistic	_	none	_	_	_	_	_	_
117-2	BZ004	117	2	tutti	tutti	_	_	_	_	_	linguistic	_	none	_	_	_	_	_	_
117-3	BZ004	117	3	san-	san-	_	_	_	_	_	linguistic	_	none	Interrupted=Yes	_	_	_	_	_
117-4	BZ004	117	4	sanno	sanno	_	_	_	_	_	linguistic	_	none	_	_	_	_	_	_
117-5	BZ004	117	5	l'	l'	_	_	_	_	_	linguistic	_	none	SpaceAfter=No	_	_	_	_	_
117-6	BZ004	117	6	italiano.	italiano	_	_	_	_	_	linguistic	_	none	Intonation=Falling	End=305.607	_	_	_	_
118-0	BZ001	118	0	e	e	_	_	_	_	_	linguistic	_	none	_	Begin=306.247	_	_	_	_
118-1	BZ001	118	1	quindi:,	quindi	_	_	_	_	_	linguistic	_	none	Intonation=WeaklyRising	End=306.797	5x1	_	_	_
119-0	BZ004	119	0	al	al	_	_	_	_	_	linguistic	_	none	_	Begin=306.797	_	_	_	_
119-1	BZ004	119	1	contrario	contrario	_	_	_	_	_	linguistic	_	none	_	_	_	_	_	_
119-2	BZ004	119	2	di	di	_	_	_	_	_	linguistic	_	none	_	_	_	_	_	_
119-3	BZ004	119	3	[noi].	noi	_	_	_	_	_	linguistic	_	none	Intonation=Falling	End=308.187	_	_	_	0-3(21)
120-0	BZ001	120	0	[eh	eh	_	_	_	_	_	linguistic	_	none	_	Begin=307.687	_	_	_	0-2(21)
120-1	BZ001	120	1	((ridendo))]	((ridendo))	_	_	_	_	_	nonverbalbehavior	_	none	_	End=308.187	_	_	_	0-7(21)
121-0	BZ001	121	0	eh	eh	_	_	_	_	_	linguistic	_	none	_	Begin=308.502	_	_	_	_
121-1	BZ001	121	1	sì.	sì	_	_	_	_	_	linguistic	_	none	Intonation=Falling	End=308.952	_	_	_	_
122-0	BZ004	122	0	al	al	_	_	_	_	_	linguistic	_	none	_	Begin=309.122	_	_	_	_
122-1	BZ004	122	1	contrario	contrario	_	_	_	_	_	linguistic	_	none	_	_	_	_	_	_
122-2	BZ004	122	2	di	di	_	_	_	_	_	linguistic	_	none	_	_	_	_	_	_
122-3	BZ004	122	3	noi.	noi	_	_	_	_	_	linguistic	_	none	Intonation=Falling	End=310.172	_	_	_	_
123-0	BZ001	123	0	e	e	_	_	_	_	_	linguistic	_	none	_	Begin=310.182	_	_	_	_
123-1	BZ001	123	1	hai	hai	_	_	_	_	_	linguistic	_	none	_	_	_	_	_	_
123-2	BZ001	123	2	mai	mai	_	_	_	_	_	linguistic	_	none	_	_	_	_	_	_
123-3	BZ001	123	3	avuto	avuto	_	_	_	_	_	linguistic	_	none	_	_	_	_	_	_
123-4	BZ001	123	4	la	la	_	_	_	_	_	linguistic	_	none	_	_	_	_	_	_
123-5	BZ001	123	5	curiosità	curiosità	_	_	_	_	_	linguistic	_	none	_	_	_	_	_	_
123-6	BZ001	123	6	di	di	_	_	_	_	_	linguistic	_	none	_	_	_	_	_	_
123-7	BZ001	123	7	imparare	imparare	_	_	_	_	_	linguistic	_	none	_	_	_	_	_	_
123-8	BZ001	123	8	il	il	_	_	_	_	_	linguistic	_	none	_	_	_	_	_	_
123-9	BZ001	123	9	tedesco?	tedesco	_	_	_	_	_	linguistic	_	none	Intonation=Rising	End=313.172	_	_	_	_
124-0	BZ004	124	0	no	no	_	_	_	_	_	linguistic	_	none	_	Begin=313.592	_	_	_	_
124-1	BZ004	124	1	io,	io	_	_	_	_	_	linguistic	_	none	Intonation=WeaklyRising	_	_	_	_	_
124-2	BZ004	124	2	le	le	_	_	_	_	_	linguistic	_	none	_	_	_	_	_	_
124-3	BZ004	124	3	mie	mie	_	_	_	_	_	linguistic	_	none	_	_	_	_	_	_
124-4	BZ004	124	4	figlie	figlie	_	_	_	_	_	linguistic	_	none	_	_	_	_	_	_
124-5	BZ004	124	5	a	a	_	_	_	_	_	linguistic	_	none	_	_	_	_	_	_
124-6	BZ004	124	6	scuola	scuola	_	_	_	_	_	linguistic	_	none	_	_	_	_	_	_
124-7	BZ004	124	7	lo	lo	_	_	_	_	_	linguistic	_	none	_	_	_	_	_	_
124-8	BZ004	124	8	studiavano,	studiavano	_	_	_	_	_	linguistic	_	none	Intonation=WeaklyRising	End=317.432	_	_	_	_
125-0	BZ004	125	0	però	però	_	_	_	_	_	linguistic	_	none	_	Begin=317.732	_	_	_	_
125-1	BZ004	125	1	io	io	_	_	_	_	_	linguistic	_	none	_	_	_	_	_	_
125-2	BZ004	125	2	no,	no	_	_	_	_	_	linguistic	_	none	Intonation=WeaklyRising	_	_	_	_	_
125-3	BZ004	125	3	non	non	_	_	_	_	_	linguistic	_	none	_	_	_	_	_	_
125-4	BZ004	125	4	mai	mai	_	_	_	_	_	linguistic	_	none	_	_	_	_	_	_
125-5	BZ004	125	5	avuto,	avuto	_	_	_	_	_	linguistic	_	none	Intonation=WeaklyRising	_	_	_	_	_
125-6	BZ004	125	6	vedevo	vedevo	_	_	_	_	_	linguistic	_	none	_	_	_	_	_	_
125-7	BZ004	125	7	quando	quando	_	_	_	_	_	linguistic	_	none	_	_	_	_	_	_
125-8	BZ004	125	8	loro	loro	_	_	_	_	_	linguistic	_	none	_	_	_	_	_	_
125-9	BZ004	125	9	studiavano	studiavano	_	_	_	_	_	linguistic	_	none	_	_	_	_	_	_
125-10	BZ004	125	10	però,	però	_	_	_	_	_	linguistic	_	none	Intonation=WeaklyRising	End=322.312	_	_	_	_
126-0	BZ004	126	0	non	non	_	_	_	_	_	linguistic	_	none	_	Begin=323.122	_	_	_	_
126-1	BZ004	126	1	mi	mi	_	_	_	_	_	linguistic	_	none	_	_	_	_	_	_
126-2	BZ004	126	2	sentivo	sentivo	_	_	_	_	_	linguistic	_	none	_	_	_	_	_	_
126-3	BZ004	126	3	di	di	_	_	_	_	_	linguistic	_	none	_	_	_	_	_	_
126-4	BZ004	126	4	andare	andare	_	_	_	_	_	linguistic	_	none	_	_	_	_	_	_
126-5	BZ004	126	5	a	a	_	_	_	_	_	linguistic	_	none	_	_	_	_	_	_
126-6	BZ004	126	6	studiare	studiare	_	_	_	_	_	linguistic	_	none	_	_	_	_	_	_
126-7	BZ004	126	7	per	per	_	_	_	_	_	linguistic	_	none	_	_	_	_	_	_
126-8	BZ004	126	8	imparare	imparare	_	_	_	_	_	linguistic	_	none	_	_	_	_	_	_
126-9	BZ004	126	9	il	il	_	_	_	_	_	linguistic	_	none	_	_	_	_	_	_
126-10	BZ004	126	10	tedesco	tedesco	_	_	_	_	_	linguistic	_	none	_	_	_	_	_	_
126-11	BZ004	126	11	((ridendo))	((ridendo))	_	_	_	_	_	nonverbalbehavior	_	none	_	End=326.86	_	_	_	_
127-0	BZ001	127	0	eh	eh	_	_	_	_	_	linguistic	_	none	_	Begin=326.887	_	_	_	_
127-1	BZ001	127	1	sì.	sì	_	_	_	_	_	linguistic	_	none	Intonation=Falling	End=327.427	_	_	_	_
128-0	BZ001	128	0	e	e	_	_	_	_	_	linguistic	_	none	_	Begin=327.802	_	_	_	_
128-1	BZ001	128	1	invece	invece	_	_	_	_	_	linguistic	_	none	_	_	_	_	_	_
128-2	BZ001	128	2	il	il	_	_	_	_	_	linguistic	_	none	_	_	_	_	_	_
128-3	BZ001	128	3	dialetto	dialetto	_	_	_	_	_	linguistic	_	none	_	_	_	_	_	_
128-4	BZ001	128	4	((si_schiarisce_la_voce))	((si_schiarisce_la_voce))	_	_	_	_	_	nonverbalbehavior	_	none	_	End=329.582	_	_	_	_
129-0	BZ001	129	0	il	il	_	_	_	_	_	linguistic	_	none	_	Begin=330.027	_	_	_	_
129-1	BZ001	129	1	dialetto	dialetto	_	_	_	_	_	linguistic	_	none	_	_	_	_	_	_
129-2	BZ001	129	2	veneto,	veneto	_	_	_	_	_	linguistic	_	none	Intonation=WeaklyRising	End=331.297	_	_	_	_
130-0	BZ001	130	0	eh	eh	_	_	_	_	_	linguistic	_	none	_	Begin=331.647	_	_	_	_
130-1	BZ001	130	1	raccontami	raccontami	_	_	_	_	_	linguistic	_	none	_	_	_	_	_	_
130-2	BZ001	130	2	un	un	_	_	_	_	_	linguistic	_	none	_	_	_	_	_	_
130-3	BZ001	130	3	po'	po'	_	_	_	_	_	linguistic	_	none	_	_	_	_	_	_
130-4	BZ001	130	4	insomma	insomma	_	_	_	_	_	linguistic	_	none	_	_	_	_	_	_
130-5	BZ001	130	5	<del	del	_	_	_	_	_	linguistic	_	none	_	_	_	Slow=0-3(0)	_	_
130-6	BZ001	130	6	dialetto,	dialetto	_	_	_	_	_	linguistic	_	none	Intonation=WeaklyRising	_	_	Slow=0-8(0)	_	_
130-7	BZ001	130	7	con	con	_	_	_	_	_	linguistic	_	none	_	_	_	Slow=0-3(0)	_	_
130-8	BZ001	130	8	chi	chi	_	_	_	_	_	linguistic	_	none	_	_	_	Slow=0-3(0)	_	_
130-9	BZ001	130	9	lo	lo	_	_	_	_	_	linguistic	_	none	_	_	_	Slow=0-2(0)	_	_
130-10	BZ001	130	10	parli,	parli	_	_	_	_	_	linguistic	_	none	Intonation=WeaklyRising	_	_	Slow=0-5(0)	_	_
130-11	BZ001	130	11	com'	com'	_	_	_	_	_	linguistic	_	none	SpaceAfter=No	_	_	Slow=0-4(0)	_	_
130-12	BZ001	130	12	è	è	_	_	_	_	_	linguistic	_	none	_	_	_	Slow=0-1(0)	_	_
130-13	BZ001	130	13	[cambia-]>	cambia-	_	_	_	_	_	linguistic	_	none	Interrupted=Yes	End=336.27	_	Slow=0-7(0)	_	0-7(22)
131-0	BZ004	131	0	[con	con	_	_	_	_	_	linguistic	_	none	_	Begin=335.842	_	_	_	0-3(22)
131-1	BZ004	131	1	tutti]	tutti	_	_	_	_	_	linguistic	_	none	_	_	_	_	_	0-5(22)
131-2	BZ004	131	2	perché	perché	_	_	_	_	_	linguistic	_	none	_	_	_	_	_	_
131-3	BZ004	131	3	g-	g-	_	_	_	_	_	linguistic	_	none	Interrupted=Yes	_	_	_	_	_
131-4	BZ004	131	4	[per]ché	perché	_	_	_	_	_	linguistic	_	none	_	_	_	_	_	0-3(23)
131-5	BZ004	131	5	dove	dove	_	_	_	_	_	linguistic	_	none	_	_	_	_	_	_
131-6	BZ004	131	6	siamo	siamo	_	_	_	_	_	linguistic	_	none	_	_	_	_	_	_
131-7	BZ004	131	7	venuti	venuti	_	_	_	_	_	linguistic	_	none	_	_	_	_	_	_
131-8	BZ004	131	8	abitare	abitare	_	_	_	_	_	linguistic	_	none	_	_	_	_	_	_
131-9	BZ004	131	9	da,	da	_	_	_	_	_	linguistic	_	none	Intonation=WeaklyRising	End=339.382	_	_	_	_
132-0	BZ001	132	0	[eh]	eh	_	_	_	_	_	linguistic	_	none	_	Begin=336.903|End=337.193	_	_	_	0-2(23)
133-0	BZ004	133	0	dal	dal	_	_	_	_	_	linguistic	_	none	_	Begin=339.727	_	_	_	_
133-1	BZ004	133	1	veneto,	veneto	_	_	_	_	_	linguistic	_	none	Intonation=WeaklyRising	_	_	_	_	_
133-2	BZ004	133	2	noi	noi	_	_	_	_	_	linguistic	_	none	_	_	_	_	_	_
133-3	BZ004	133	3	siamo	siamo	_	_	_	_	_	linguistic	_	none	_	_	_	_	_	_
133-4	BZ004	133	4	venuti	venuti	_	_	_	_	_	linguistic	_	none	_	_	_	_	_	_
133-5	BZ004	133	5	abitare	abitare	_	_	_	_	_	linguistic	_	none	_	_	_	_	_	_
133-6	BZ004	133	6	durante	durante	_	_	_	_	_	linguistic	_	none	_	_	_	_	_	_
133-7	BZ004	133	7	il	il	_	_	_	_	_	linguistic	_	none	_	_	_	_	_	_
133-8	BZ004	133	8	fascismo	fascismo	_	_	_	_	_	linguistic	_	none	_	_	_	_	_	_
133-9	BZ004	133	9	che	che	_	_	_	_	_	linguistic	_	none	_	_	_	_	_	_
133-10	BZ004	133	10	ha	ha	_	_	_	_	_	linguistic	_	none	_	_	_	_	_	_
133-11	BZ004	133	11	fatto,	fatto	_	_	_	_	_	linguistic	_	none	Intonation=WeaklyRising|PauseAfter=Yes	_	_	_	_	_
133-12	BZ004	133	12	(.)	(.)	_	_	_	_	_	shortpause	_	none	_	_	_	_	_	_
133-13	BZ004	133	13	eh	eh	_	_	_	_	_	linguistic	_	none	_	_	_	_	_	_
133-14	BZ004	133	14	le	le	_	_	_	_	_	linguistic	_	none	_	_	_	_	_	_
133-15	BZ004	133	15	casette	casette	_	_	_	_	_	linguistic	_	none	_	_	_	_	_	_
133-16	BZ004	133	16	per	per	_	_	_	_	_	linguistic	_	none	_	_	_	_	_	_
133-17	BZ004	133	17	per	per	_	_	_	_	_	linguistic	_	none	PauseAfter=Yes	_	_	_	_	_
133-18	BZ004	133	18	(.)	(.)	_	_	_	_	_	shortpause	_	none	_	_	_	_	_	_
133-19	BZ004	133	19	per	per	_	_	_	_	_	linguistic	_	none	_	_	_	_	_	_
133-20	BZ004	133	20	i	i	_	_	_	_	_	linguistic	_	none	_	_	_	_	_	_
133-21	BZ004	133	21	lavor-	lavor-	_	_	_	_	_	linguistic	_	none	Interrupted=Yes|PauseAfter=Yes	_	_	_	_	_
133-22	BZ004	133	22	(.)	(.)	_	_	_	_	_	shortpause	_	none	_	_	_	_	_	_
133-23	BZ004	133	23	per	per	_	_	_	_	_	linguistic	_	none	_	_	_	_	_	_
133-24	BZ004	133	24	i	i	_	_	_	_	_	linguistic	_	none	_	_	_	_	_	_
133-25	BZ004	133	25	lavora[tori]	lavoratori	_	_	_	_	_	linguistic	_	none	_	_	_	_	_	6-10(24)
133-26	BZ004	133	26	che	che	_	_	_	_	_	linguistic	_	none	_	_	_	_	_	_
133-27	BZ004	133	27	venivano	venivano	_	_	_	_	_	linguistic	_	none	_	_	_	_	_	_
133-28	BZ004	133	28	dalla	dalla	_	_	_	_	_	linguistic	_	none	_	_	_	_	_	_
133-29	BZ004	133	29	campagna,	campagna	_	_	_	_	_	linguistic	_	none	Intonation=WeaklyRising	_	_	_	_	_
133-30	BZ004	133	30	eravamo	eravamo	_	_	_	_	_	linguistic	_	none	_	_	_	_	_	_
133-31	BZ004	133	31	tutti	tutti	_	_	_	_	_	linguistic	_	none	_	_	_	_	_	_
133-32	BZ004	133	32	veneti.	veneti	_	_	_	_	_	linguistic	_	none	Intonation=Falling	End=352.59	_	_	_	_
134-0	BZ001	134	0	[mh	mh	_	_	_	_	_	linguistic	_	none	ProsodicLink=Yes	Begin=348.462	_	_	_	0-2(24)
134-1	BZ001	134	1	mh].	mh	_	_	_	_	_	linguistic	_	none	Intonation=Falling	End=348.872	_	_	_	0-2(24)
135-0	BZ001	135	0	mh.	mh	_	_	_	_	_	linguistic	_	none	Intonation=Falling	Begin=352.862|End=353.212	_	_	_	_
136-0	BZ004	136	0	pratica[mente]	praticamente	_	_	_	_	_	linguistic	_	none	_	Begin=353.632	_	_	_	7-12(25)
136-1	BZ004	136	1	((ridendo))	((ridendo))	_	_	_	_	_	nonverbalbehavior	_	none	_	End=354.842	_	_	_	_
137-0	BZ001	137	0	[ah	ah	_	_	_	_	_	linguistic	_	none	_	Begin=354.242	_	_	_	0-2(25)
137-1	BZ001	137	1	ecco].	ecco	_	_	_	_	_	linguistic	_	none	Intonation=Falling	End=354.912	_	_	_	0-4(25)
138-0	BZ004	138	0	eravamo	eravamo	_	_	_	_	_	linguistic	_	none	_	Begin=355.262	_	_	_	_
138-1	BZ004	138	1	tutti	tutti	_	_	_	_	_	linguistic	_	none	_	_	_	_	_	_
138-2	BZ004	138	2	veneti.	veneti	_	_	_	_	_	linguistic	_	none	Intonation=Falling	_	_	_	_	_
138-3	BZ004	138	3	perciò	perciò	_	_	_	_	_	linguistic	_	none	_	_	_	_	_	_
138-4	BZ004	138	4	il	il	_	_	_	_	_	linguistic	_	none	_	_	_	_	_	_
138-5	BZ004	138	5	veneto,	veneto	_	_	_	_	_	linguistic	_	none	Intonation=WeaklyRising	_	_	_	_	_
138-6	BZ004	138	6	è	è	_	_	_	_	_	linguistic	_	none	_	_	_	_	_	_
138-7	BZ004	138	7	c-	c-	_	_	_	_	_	linguistic	_	none	Interrupted=Yes	_	_	_	_	_
138-8	BZ004	138	8	ha	ha	_	_	_	_	_	linguistic	_	none	_	_	_	_	_	_
138-9	BZ004	138	9	continuato,	continuato	_	_	_	_	_	linguistic	_	none	Intonation=WeaklyRising	End=359.192	_	_	_	_
139-0	BZ004	139	0	a::	a	_	_	_	_	_	linguistic	_	none	_	Begin=359.852	0x2	_	_	_
139-1	BZ004	139	1	a	a	_	_	_	_	_	linguistic	_	none	_	_	_	_	_	_
139-2	BZ004	139	2	essere,	essere	_	_	_	_	_	linguistic	_	none	Intonation=WeaklyRising	End=361.372	_	_	_	_
140-0	BZ004	140	0	perché	perché	_	_	_	_	_	linguistic	_	none	_	Begin=361.647	_	_	_	_
140-1	BZ004	140	1	anche	anche	_	_	_	_	_	linguistic	_	none	_	_	_	_	_	_
140-2	BZ004	140	2	desso	desso	_	_	_	_	_	linguistic	_	none	_	_	_	_	_	_
140-3	BZ004	140	3	qui	qui	_	_	_	_	_	linguistic	_	none	PauseAfter=Yes	_	_	_	_	_
140-4	BZ004	140	4	(.)	(.)	_	_	_	_	_	shortpause	_	none	_	_	_	_	_	_
140-5	BZ004	140	5	che	che	_	_	_	_	_	linguistic	_	none	_	_	_	_	_	_
140-6	BZ004	140	6	siamo,	siamo	_	_	_	_	_	linguistic	_	none	Intonation=WeaklyRising	_	_	_	_	_
140-7	BZ004	140	7	venuti	venuti	_	_	_	_	_	linguistic	_	none	_	_	_	_	_	_
140-8	BZ004	140	8	dalle	dalle	_	_	_	_	_	linguistic	_	none	_	_	_	_	_	_
140-9	BZ004	140	9	casette	casette	_	_	_	_	_	linguistic	_	none	_	_	_	_	_	_
140-10	BZ004	140	10	siamo	siamo	_	_	_	_	_	linguistic	_	none	_	_	_	_	_	_
140-11	BZ004	140	11	già	già	_	_	_	_	_	linguistic	_	none	_	_	_	_	_	_
140-12	BZ004	140	12	quattro	quattro	_	_	_	_	_	linguistic	_	none	_	_	_	_	_	_
140-13	BZ004	140	13	famiglie,	famiglie	_	_	_	_	_	linguistic	_	none	Intonation=WeaklyRising	_	_	_	_	_
140-14	BZ004	140	14	siamo	siamo	_	_	_	_	_	linguistic	_	none	_	_	_	_	_	_
140-15	BZ004	140	15	tutte	tutte	_	_	_	_	_	linguistic	_	none	_	_	_	_	_	_
140-16	BZ004	140	16	quattro	quattro	_	_	_	_	_	linguistic	_	none	_	_	_	_	_	_
140-17	BZ004	140	17	veneti.	veneti	_	_	_	_	_	linguistic	_	none	Intonation=Falling	End=369.037	_	_	_	_
141-0	BZ001	141	0	ah	ah	_	_	_	_	_	linguistic	_	none	_	Begin=369.427	_	_	_	_
141-1	BZ001	141	1	ecco.	ecco	_	_	_	_	_	linguistic	_	none	Intonation=Falling	End=370.037	_	_	_	_
142-0	BZ004	142	0	perciò	perciò	_	_	_	_	_	linguistic	_	none	_	Begin=370.037	_	_	_	_
142-1	BZ004	142	1	il	il	_	_	_	_	_	linguistic	_	none	_	_	_	_	_	_
142-2	BZ004	142	2	veneto,	veneto	_	_	_	_	_	linguistic	_	none	Intonation=WeaklyRising	_	_	_	_	_
142-3	BZ004	142	3	((ride))	((ride))	_	_	_	_	_	nonverbalbehavior	_	none	_	End=371.417	_	_	_	_
143-0	BZ001	143	0	eh	eh	_	_	_	_	_	linguistic	_	none	_	Begin=371.542	_	_	_	_
143-1	BZ001	143	1	eh	eh	_	_	_	_	_	linguistic	_	none	_	_	_	_	_	_
143-2	BZ001	143	2	((ridendo))	((ridendo))	_	_	_	_	_	nonverbalbehavior	_	none	_	End=371.982	_	_	_	_
144-0	BZ004	144	0	è	è	_	_	_	_	_	linguistic	_	none	_	Begin=372.207	_	_	_	_
144-1	BZ004	144	1	quello	quello	_	_	_	_	_	linguistic	_	none	_	_	_	_	_	_
144-2	BZ004	144	2	insomma	insomma	_	_	_	_	_	linguistic	_	none	_	_	_	_	_	_
144-3	BZ004	144	3	che	che	_	_	_	_	_	linguistic	_	none	ProsodicLink=Yes	_	_	_	_	_
144-4	BZ004	144	4	che	che	_	_	_	_	_	linguistic	_	none	_	_	_	_	_	_
144-5	BZ004	144	5	parliamo	parliamo	_	_	_	_	_	linguistic	_	none	_	_	_	_	_	_
144-6	BZ004	144	6	ecco.	ecco	_	_	_	_	_	linguistic	_	none	Intonation=Falling	End=374.677	_	_	_	_
145-0	BZ001	145	0	e	e	_	_	_	_	_	linguistic	_	none	_	Begin=374.877	_	_	_	_
145-1	BZ001	145	1	c'	c'	_	_	_	_	_	linguistic	_	none	SpaceAfter=No	_	_	_	_	_
145-2	BZ001	145	2	erano	erano	_	_	_	_	_	linguistic	_	none	_	_	_	_	_	_
145-3	BZ001	145	3	diversi	diversi	_	_	_	_	_	linguistic	_	none	_	_	_	_	_	_
145-4	BZ001	145	4	tipi	tipi	_	_	_	_	_	linguistic	_	none	_	_	_	_	_	_
145-5	BZ001	145	5	di	di	_	_	_	_	_	linguistic	_	none	_	_	_	_	_	_
145-6	BZ001	145	6	dialetto	dialetto	_	_	_	_	_	linguistic	_	none	_	_	_	_	_	_
145-7	BZ001	145	7	veneto?	veneto	_	_	_	_	_	linguistic	_	none	Intonation=Rising	End=377.737	_	_	_	_
146-0	BZ004	146	0	no	no	_	_	_	_	_	linguistic	_	none	_	Begin=378.217	_	_	_	_
146-1	BZ004	146	1	eh:	eh	_	_	_	_	_	linguistic	_	none	_	_	1x1	_	_	_
146-2	BZ004	146	2	be'	be'	_	_	_	_	_	linguistic	_	none	Truncated=Yes	_	_	_	_	_
146-3	BZ004	146	3	eh	eh	_	_	_	_	_	linguistic	_	none	_	_	_	_	_	_
146-4	BZ004	146	4	a	a	_	_	_	_	_	linguistic	_	none	_	_	_	_	_	_
146-5	BZ004	146	5	padova	padova	_	_	_	_	_	linguistic	_	none	_	_	_	_	_	_
146-6	BZ004	146	6	si	si	_	_	_	_	_	linguistic	_	none	_	_	_	_	_	_
146-7	BZ004	146	7	parlava:,	parlava	_	_	_	_	_	linguistic	_	none	Intonation=WeaklyRising	End=382.037	6x1	_	_	_
147-0	BZ004	147	0	eh	eh	_	_	_	_	_	linguistic	_	none	_	Begin=382.392	_	_	_	_
147-1	BZ004	147	1	il	il	_	_	_	_	_	linguistic	_	none	_	_	_	_	_	_
147-2	BZ004	147	2	padovano	padovano	_	_	_	_	_	linguistic	_	none	_	_	_	_	_	_
147-3	BZ004	147	3	disemo	disemo	_	_	_	_	_	linguistic	_	none	_	_	_	_	_	_
147-4	BZ004	147	4	[ecco].	ecco	_	_	_	_	_	linguistic	_	none	Intonation=Falling	_	_	_	_	0-4(26)
147-5	BZ004	147	5	dopo	dopo	_	_	_	_	_	linguistic	_	none	_	_	_	_	_	_
147-6	BZ004	147	6	a	a	_	_	_	_	_	linguistic	_	none	_	_	_	_	_	_
147-7	BZ004	147	7	venezia	venezia	_	_	_	_	_	linguistic	_	none	_	_	_	_	_	_
147-8	BZ004	147	8	parlano	parlano	_	_	_	_	_	linguistic	_	none	_	_	_	_	_	_
147-9	BZ004	147	9	diverso.	diverso	_	_	_	_	_	linguistic	_	none	Intonation=Falling	End=386.46	_	_	_	_
148-0	BZ001	148	0	[mh	mh	_	_	_	_	_	linguistic	_	none	ProsodicLink=Yes	Begin=383.602	_	_	_	0-2(26)
148-1	BZ001	148	1	mh],	mh	_	_	_	_	_	linguistic	_	none	Intonation=WeaklyRising	End=384.042	_	_	_	0-2(26)
149-0	BZ001	149	0	ah	ah	_	_	_	_	_	linguistic	_	none	_	Begin=386.617	_	_	_	_
149-1	BZ001	149	1	ecco	ecco	_	_	_	_	_	linguistic	_	none	_	_	_	_	_	_
149-2	BZ001	149	2	eh	eh	_	_	_	_	_	linguistic	_	none	_	_	_	_	_	_
149-3	BZ001	149	3	infatti	infatti	_	_	_	_	_	linguistic	_	none	_	_	_	_	_	_
149-4	BZ001	149	4	questo	questo	_	_	_	_	_	linguistic	_	none	_	_	_	_	_	_
149-5	BZ001	149	5	intende[vo].	intendevo	_	_	_	_	_	linguistic	_	none	Intonation=Falling	End=388.537	_	_	_	7-9(27)
150-0	BZ004	150	0	[eh].	eh	_	_	_	_	_	linguistic	_	none	Intonation=Falling|PauseAfter=Yes	Begin=388.212	_	_	_	0-2(27)
150-1	BZ004	150	1	(.)	(.)	_	_	_	_	_	shortpause	_	none	_	_	_	_	_	_
150-2	BZ004	150	2	a	a	_	_	_	_	_	linguistic	_	none	_	_	_	_	_	_
150-3	BZ004	150	3	venezia	venezia	_	_	_	_	_	linguistic	_	none	_	_	_	_	_	_
150-4	BZ004	150	4	parlano	parlano	_	_	_	_	_	linguistic	_	none	_	_	_	_	_	_
150-5	BZ004	150	5	diverso,	diverso	_	_	_	_	_	linguistic	_	none	Intonation=WeaklyRising	End=390.662	_	_	_	_
151-0	BZ004	151	0	a	a	_	_	_	_	_	linguistic	_	none	_	Begin=391.022	_	_	_	_
151-1	BZ004	151	1	vicenza	vicenza	_	_	_	_	_	linguistic	_	none	_	_	_	_	_	_
151-2	BZ004	151	2	parlano	parlano	_	_	_	_	_	linguistic	_	none	_	_	_	_	_	_
151-3	BZ004	151	3	diverso,	diverso	_	_	_	_	_	linguistic	_	none	Intonation=WeaklyRising|PauseAfter=Yes	_	_	_	_	_
151-4	BZ004	151	4	(.)	(.)	_	_	_	_	_	shortpause	_	none	_	_	_	_	_	_
151-5	BZ004	151	5	cioè	cioè	_	_	_	_	_	linguistic	_	none	_	_	_	_	_	_
151-6	BZ004	151	6	sono	sono	_	_	_	_	_	linguistic	_	none	_	_	_	_	_	_
151-7	BZ004	151	7	tutti	tutti	_	_	_	_	_	linguistic	_	none	_	_	_	_	_	_
151-8	BZ004	151	8	veneti,	veneti	_	_	_	_	_	linguistic	_	none	Intonation=WeaklyRising	End=395.792	_	_	_	_
152-0	BZ004	152	0	però,	però	_	_	_	_	_	linguistic	_	none	Intonation=WeaklyRising	Begin=396.072|End=396.692	_	_	_	_
153-0	BZ004	153	0	c'	c'	_	_	_	_	_	linguistic	_	none	SpaceAfter=No	Begin=397.107	_	_	_	_
153-1	BZ004	153	1	è	è	_	_	_	_	_	linguistic	_	none	_	_	_	_	_	_
153-2	BZ004	153	2	una	una	_	_	_	_	_	linguistic	_	none	_	_	_	_	_	_
153-3	BZ004	153	3	cadenza	cadenza	_	_	_	_	_	linguistic	_	none	_	_	_	_	_	_
153-4	BZ004	153	4	diversa,	diversa	_	_	_	_	_	linguistic	_	none	Intonation=WeaklyRising	End=399.107	_	_	_	_
154-0	BZ004	154	0	capito?	capito	_	_	_	_	_	linguistic	_	none	Intonation=Rising	Begin=399.712	_	_	_	_
154-1	BZ004	154	1	[c'	c'	_	_	_	_	_	linguistic	_	none	SpaceAfter=No	_	_	_	_	0-2(28)
154-2	BZ004	154	2	è:	è	_	_	_	_	_	linguistic	_	none	_	_	0x1	_	_	0-1(28)
154-3	BZ004	154	3	un]	un	_	_	_	_	_	linguistic	_	none	_	_	_	_	_	0-2(28)
154-4	BZ004	154	4	eh.	eh	_	_	_	_	_	linguistic	_	none	Intonation=Falling	End=401.292	_	_	_	_
155-0	BZ001	155	0	[sì].	sì	_	_	_	_	_	linguistic	_	none	Intonation=Falling	Begin=400.607|End=400.867	_	_	_	0-2(28)
156-0	BZ001	156	0	e	e	_	_	_	_	_	linguistic	_	none	_	Begin=401.502	_	_	_	_
156-1	BZ001	156	1	ce	ce	_	_	_	_	_	linguistic	_	none	_	_	_	_	_	_
156-2	BZ001	156	2	n'	n'	_	_	_	_	_	linguistic	_	none	SpaceAfter=No	_	_	_	_	_
156-3	BZ001	156	3	è	è	_	_	_	_	_	linguistic	_	none	_	_	_	_	_	_
156-4	BZ001	156	4	qualcuno	qualcuno	_	_	_	_	_	linguistic	_	none	_	_	_	_	_	_
156-5	BZ001	156	5	che	che	_	_	_	_	_	linguistic	_	none	_	_	_	_	_	_
156-6	BZ001	156	6	ti	ti	_	_	_	_	_	linguistic	_	none	_	_	_	_	_	_
156-7	BZ001	156	7	piace	piace	_	_	_	_	_	linguistic	_	none	_	_	_	_	_	_
156-8	BZ001	156	8	di	di	_	_	_	_	_	linguistic	_	none	_	_	_	_	_	_
156-9	BZ001	156	9	più	più	_	_	_	_	_	linguistic	_	none	_	_	_	_	_	_
156-10	BZ001	156	10	o	o	_	_	_	_	_	linguistic	_	none	_	_	_	_	_	_
156-11	BZ001	156	11	di	di	_	_	_	_	_	linguistic	_	none	_	_	_	_	_	_
156-12	BZ001	156	12	meno,	meno	_	_	_	_	_	linguistic	_	none	Intonation=WeaklyRising	End=403.8995	_	_	_	_
157-0	BZ004	157	0	no.	no	_	_	_	_	_	linguistic	_	none	Intonation=Falling	Begin=403.8995	_	_	_	_
157-1	BZ004	157	1	io:	io	_	_	_	_	_	linguistic	_	none	_	_	1x1	_	_	_
157-2	BZ004	157	2	ho	ho	_	_	_	_	_	linguistic	_	none	_	_	_	_	_	_
157-3	BZ004	157	3	sempre	sempre	_	_	_	_	_	linguistic	_	none	_	_	_	_	_	_
157-4	BZ004	157	4	parlato	parlato	_	_	_	_	_	linguistic	_	none	_	_	_	_	_	_
157-5	BZ004	157	5	quello,	quello	_	_	_	_	_	linguistic	_	none	Intonation=WeaklyRising	End=407.297	_	_	_	_
158-0	BZ001	158	0	padovano?	padovano	_	_	_	_	_	linguistic	_	none	Intonation=Rising	Begin=407.332|End=407.98	_	_	_	_
159-0	BZ004	159	0	il	il	_	_	_	_	_	linguistic	_	none	_	Begin=407.982	_	_	_	_
159-1	BZ004	159	1	padovano	padovano	_	_	_	_	_	linguistic	_	none	_	_	_	_	_	_
159-2	BZ004	159	2	e	e	_	_	_	_	_	linguistic	_	none	_	_	_	_	_	_
159-3	BZ004	159	3	basta	basta	_	_	_	_	_	linguistic	_	none	_	_	_	_	_	_
159-4	BZ004	159	4	no?	no	_	_	_	_	_	linguistic	_	none	Intonation=Rising	_	_	_	_	_
159-5	BZ004	159	5	eh.	eh	_	_	_	_	_	linguistic	_	none	Intonation=Falling	End=410.202	_	_	_	_
160-0	BZ001	160	0	[e]	e	_	_	_	_	_	linguistic	_	none	_	Begin=411.112|End=411.332	_	_	_	0-1(29)
161-0	BZ004	161	0	[per]	per	_	_	_	_	_	linguistic	_	none	_	Begin=411.122	_	_	_	0-3(29)
161-1	BZ004	161	1	dire	dire	_	_	_	_	_	linguistic	_	none	_	_	_	_	_	_
161-2	BZ004	161	2	lì	lì	_	_	_	_	_	linguistic	_	none	_	_	_	_	_	_
161-3	BZ004	161	3	a	a	_	_	_	_	_	linguistic	_	none	_	_	_	_	_	_
161-4	BZ004	161	4	venezia	venezia	_	_	_	_	_	linguistic	_	none	_	_	_	_	_	_
161-5	BZ004	161	5	per	per	_	_	_	_	_	linguistic	_	none	_	_	_	_	_	_
161-6	BZ004	161	6	dire	dire	_	_	_	_	_	linguistic	_	none	_	_	_	_	_	_
161-7	BZ004	161	7	bella,	bella	_	_	_	_	_	linguistic	_	none	Intonation=WeaklyRising	End=413.862	_	_	_	_
162-0	BZ004	162	0	dicono	dicono	_	_	_	_	_	linguistic	_	none	_	Begin=414.472	_	_	_	_
162-1	BZ004	162	1	bea.	bea	_	_	_	_	_	linguistic	_	none	Intonation=Falling	End=415.492	_	_	_	_
163-0	BZ001	163	0	eh	eh	_	_	_	_	_	linguistic	_	none	_	Begin=417.697	_	_	_	_
163-1	BZ001	163	1	sì.	sì	_	_	_	_	_	linguistic	_	none	Intonation=Falling	End=418.067	_	_	_	_
164-0	BZ004	164	0	cioè	cioè	_	_	_	_	_	linguistic	_	none	_	Begin=418.077	_	_	_	_
164-1	BZ004	164	1	hi	hi	_	_	_	_	_	linguistic	_	none	_	_	_	_	_	_
164-2	BZ004	164	2	((ridendo))	((ridendo))	_	_	_	_	_	nonverbalbehavior	_	none	_	End=418.977	_	_	_	_
165-0	BZ001	165	0	e	e	_	_	_	_	_	linguistic	_	none	_	Begin=418.982	_	_	_	_
165-1	BZ001	165	1	a	a	_	_	_	_	_	linguistic	_	none	_	_	_	_	_	_
165-2	BZ001	165	2	padova?	padova	_	_	_	_	_	linguistic	_	none	Intonation=Rising	End=419.752	_	_	_	_
166-0	BZ004	166	0	be'	be'	_	_	_	_	_	linguistic	_	none	Truncated=Yes	Begin=420.272	_	_	_	_
166-1	BZ004	166	1	e:i	ei	_	_	_	_	_	linguistic	_	none	_	_	0x1	_	_	_
166-2	BZ004	166	2	dise	dise	_	_	_	_	_	linguistic	_	none	_	_	_	_	_	_
166-3	BZ004	166	3	bella.	bella	_	_	_	_	_	linguistic	_	none	Intonation=Falling	End=421.802	_	_	_	_
167-0	BZ001	167	0	[ah].	ah	_	_	_	_	_	linguistic	_	none	Intonation=Falling	Begin=422.042|End=422.502	_	_	_	0-2(30)
168-0	BZ004	168	0	[co	co	_	_	_	_	_	linguistic	_	none	_	Begin=422.052	_	_	_	0-2(30)
168-1	BZ004	168	1	una	una	_	_	_	_	_	linguistic	_	none	_	_	_	_	_	0-3(30)
168-2	BZ004	168	2	e-]	e-	_	_	_	_	_	linguistic	_	none	Interrupted=Yes	_	_	_	_	0-2(30)
168-3	BZ004	168	3	co	co	_	_	_	_	_	linguistic	_	none	_	_	_	_	_	_
168-4	BZ004	168	4	una	una	_	_	_	_	_	linguistic	_	none	_	_	_	_	_	_
168-5	BZ004	168	5	elle,	elle	_	_	_	_	_	linguistic	_	none	Intonation=WeaklyRising	End=423.292	_	_	_	_
169-0	BZ001	169	0	ah	ah	_	_	_	_	_	linguistic	_	none	_	Begin=423.497	_	_	_	_
169-1	BZ001	169	1	okay.	okay	_	_	_	_	_	linguistic	_	none	Intonation=Falling	End=424.2345	_	_	_	_
170-0	BZ004	170	0	eh	eh	_	_	_	_	_	linguistic	_	none	_	Begin=424.2345	_	_	_	_
170-1	BZ004	170	1	eh	eh	_	_	_	_	_	linguistic	_	none	_	_	_	_	_	_
170-2	BZ004	170	2	((ridendo))	((ridendo))	_	_	_	_	_	nonverbalbehavior	_	none	_	End=424.632	_	_	_	_
171-0	BZ001	171	0	e	e	_	_	_	_	_	linguistic	_	none	_	Begin=424.632	_	_	_	_
171-1	BZ001	171	1	a	a	_	_	_	_	_	linguistic	_	none	_	_	_	_	_	_
171-2	BZ001	171	2	vicenza?	vicenza	_	_	_	_	_	linguistic	_	none	Intonation=Rising	End=425.662	_	_	_	_
172-0	BZ004	172	0	a	a	_	_	_	_	_	linguistic	_	none	_	Begin=426.147	_	_	_	_
172-1	BZ004	172	1	vicenza	vicenza	_	_	_	_	_	linguistic	_	none	_	_	_	_	_	_
172-2	BZ004	172	2	non	non	_	_	_	_	_	linguistic	_	none	_	_	_	_	_	_
172-3	BZ004	172	3	lo	lo	_	_	_	_	_	linguistic	_	none	_	_	_	_	_	_
172-4	BZ004	172	4	so.	so	_	_	_	_	_	linguistic	_	none	Intonation=Falling|PauseAfter=Yes	_	_	_	_	_
172-5	BZ004	172	5	(.)	(.)	_	_	_	_	_	shortpause	_	none	_	_	_	_	_	_
172-6	BZ004	172	6	eh	eh	_	_	_	_	_	linguistic	_	none	_	_	_	_	_	_
172-7	BZ004	172	7	in	in	_	_	_	_	_	linguistic	_	none	_	_	_	_	_	_
172-8	BZ004	172	8	verità	verità	_	_	_	_	_	linguistic	_	none	_	_	_	_	_	_
172-9	BZ004	172	9	non	non	_	_	_	_	_	linguistic	_	none	_	_	_	_	_	_
172-10	BZ004	172	10	lo	lo	_	_	_	_	_	linguistic	_	none	_	_	_	_	_	_
172-11	BZ004	172	11	so.	so	_	_	_	_	_	linguistic	_	none	Intonation=Falling	End=427.56	_	_	_	_
173-0	BZ001	173	0	eh	eh	_	_	_	_	_	linguistic	_	none	_	Begin=427.627|End=427.821	_	_	_	_
174-0	BZ004	174	0	a	a	_	_	_	_	_	linguistic	_	none	_	Begin=427.832	_	_	_	_
174-1	BZ004	174	1	vicenza	vicenza	_	_	_	_	_	linguistic	_	none	_	_	_	_	_	_
174-2	BZ004	174	2	non	non	_	_	_	_	_	linguistic	_	none	_	_	_	_	_	_
174-3	BZ004	174	3	lo	lo	_	_	_	_	_	linguistic	_	none	_	_	_	_	_	_
174-4	BZ004	174	4	so.	so	_	_	_	_	_	linguistic	_	none	Intonation=Falling|PauseAfter=Yes	_	_	_	_	_
174-5	BZ004	174	5	(.)	(.)	_	_	_	_	_	shortpause	_	none	_	_	_	_	_	_
174-6	BZ004	174	6	eh	eh	_	_	_	_	_	linguistic	_	none	_	_	_	_	_	_
174-7	BZ004	174	7	in	in	_	_	_	_	_	linguistic	_	none	_	_	_	_	_	_
174-8	BZ004	174	8	verità	verità	_	_	_	_	_	linguistic	_	none	_	_	_	_	_	_
174-9	BZ004	174	9	non	non	_	_	_	_	_	linguistic	_	none	_	_	_	_	_	_
174-10	BZ004	174	10	lo	lo	_	_	_	_	_	linguistic	_	none	_	_	_	_	_	_
174-11	BZ004	174	11	so.	so	_	_	_	_	_	linguistic	_	none	Intonation=Falling	End=429.287	_	_	_	_
175-0	BZ001	175	0	eh	eh	_	_	_	_	_	linguistic	_	none	_	Begin=429.297	_	_	_	_
175-1	BZ001	175	1	quindi	quindi	_	_	_	_	_	linguistic	_	none	_	_	_	_	_	_
175-2	BZ001	175	2	ci	ci	_	_	_	_	_	linguistic	_	none	_	_	_	_	_	_
175-3	BZ001	175	3	sono	sono	_	_	_	_	_	linguistic	_	none	_	_	_	_	_	_
175-4	BZ001	175	4	delle	delle	_	_	_	_	_	linguistic	_	none	_	_	_	_	_	_
175-5	BZ001	175	5	differenze	differenze	_	_	_	_	_	linguistic	_	none	_	_	_	_	_	_
175-6	BZ001	175	6	[comunque].	comunque	_	_	_	_	_	linguistic	_	none	Intonation=Falling	End=431.177	_	_	_	0-8(31)
176-0	BZ004	176	0	[sì	sì	_	_	_	_	_	linguistic	_	none	_	Begin=430.732	_	_	_	0-2(31)
176-1	BZ004	176	1	ci	ci	_	_	_	_	_	linguistic	_	none	_	_	_	_	_	0-2(31)
176-2	BZ004	176	2	sono]	sono	_	_	_	_	_	linguistic	_	none	_	_	_	_	_	0-4(31)
176-3	BZ004	176	3	delle	delle	_	_	_	_	_	linguistic	_	none	_	_	_	_	_	_
176-4	BZ004	176	4	differenze	differenze	_	_	_	_	_	linguistic	_	none	_	_	_	_	_	_
176-5	BZ004	176	5	fra	fra	_	_	_	_	_	linguistic	_	none	ProsodicLink=Yes	_	_	_	_	_
176-6	BZ004	176	6	fra,	fra	_	_	_	_	_	linguistic	_	none	Intonation=WeaklyRising|PauseAfter=Yes	_	_	_	_	_
176-7	BZ004	176	7	(.)	(.)	_	_	_	_	_	shortpause	_	none	_	_	_	_	_	_
176-8	BZ004	176	8	fra	fra	_	_	_	_	_	linguistic	_	none	_	_	_	_	_	_
176-9	BZ004	176	9	veneti	veneti	_	_	_	_	_	linguistic	_	none	_	_	_	_	_	_
176-10	BZ004	176	10	insomma	insomma	_	_	_	_	_	linguistic	_	none	_	_	_	_	_	_
176-11	BZ004	176	11	no,	no	_	_	_	_	_	linguistic	_	none	Intonation=WeaklyRising	_	_	_	_	_
176-12	BZ004	176	12	a	a	_	_	_	_	_	linguistic	_	none	_	_	_	_	_	_
176-13	BZ004	176	13	verona	verona	_	_	_	_	_	linguistic	_	none	_	_	_	_	_	_
176-14	BZ004	176	14	anche	anche	_	_	_	_	_	linguistic	_	none	_	_	_	_	_	_
176-15	BZ004	176	15	no?	no	_	_	_	_	_	linguistic	_	none	Intonation=Rising	End=436.607	_	_	_	_
177-0	BZ001	177	0	eh	eh	_	_	_	_	_	linguistic	_	none	_	Begin=436.854	_	_	_	_
177-1	BZ001	177	1	sì.	sì	_	_	_	_	_	linguistic	_	none	Intonation=Falling	End=437.334	_	_	_	_
178-0	BZ004	178	0	eh	eh	_	_	_	_	_	linguistic	_	none	_	Begin=437.399	_	_	_	_
178-1	BZ004	178	1	verona	verona	_	_	_	_	_	linguistic	_	none	_	_	_	_	_	_
178-2	BZ004	178	2	anche	anche	_	_	_	_	_	linguistic	_	none	_	_	_	_	_	_
178-3	BZ004	178	3	parlano	parlano	_	_	_	_	_	linguistic	_	none	_	_	_	_	_	_
178-4	BZ004	178	4	in	in	_	_	_	_	_	linguistic	_	none	_	_	_	_	_	_
178-5	BZ004	178	5	[veneto].	veneto	_	_	_	_	_	linguistic	_	none	Intonation=Falling	End=439.459	_	_	_	0-6(32)
179-0	BZ001	179	0	[eh	eh	_	_	_	_	_	linguistic	_	none	_	Begin=438.874	_	_	_	0-2(32)
179-1	BZ001	179	1	sì	sì	_	_	_	_	_	linguistic	_	none	_	_	_	_	_	0-2(32)
179-2	BZ001	179	2	certo].	certo	_	_	_	_	_	linguistic	_	none	Intonation=Falling	End=439.454	_	_	_	0-5(32)
180-0	BZ004	180	0	eh.	eh	_	_	_	_	_	linguistic	_	none	Intonation=Falling	Begin=439.589|End=439.939	_	_	_	_
181-0	BZ001	181	0	[e	e	_	_	_	_	_	linguistic	_	none	_	Begin=440.669	_	_	_	0-1(33)
181-1	BZ001	181	1	tu	tu	_	_	_	_	_	linguistic	_	none	_	_	_	_	_	0-2(33)
181-2	BZ001	181	2	in-]	in-	_	_	_	_	_	linguistic	_	none	Interrupted=Yes	_	_	_	_	0-3(33)
181-3	BZ001	181	3	e	e	_	_	_	_	_	linguistic	_	none	_	_	_	_	_	_
181-4	BZ001	181	4	però	però	_	_	_	_	_	linguistic	_	none	_	_	_	_	_	_
181-5	BZ001	181	5	dialetto	dialetto	_	_	_	_	_	linguistic	_	none	_	_	_	_	_	_
181-6	BZ001	181	6	più	più	_	_	_	_	_	linguistic	_	none	_	_	_	_	_	_
181-7	BZ001	181	7	stretto	stretto	_	_	_	_	_	linguistic	_	none	_	_	_	_	_	_
181-8	BZ001	181	8	invece	invece	_	_	_	_	_	linguistic	_	none	_	_	_	_	_	_
181-9	BZ001	181	9	lo	lo	_	_	_	_	_	linguistic	_	none	_	_	_	_	_	_
181-10	BZ001	181	10	parli	parli	_	_	_	_	_	linguistic	_	none	_	_	_	_	_	_
181-11	BZ001	181	11	ancora	ancora	_	_	_	_	_	linguistic	_	none	_	_	_	_	_	_
181-12	BZ001	181	12	con	con	_	_	_	_	_	linguistic	_	none	_	_	_	_	_	_
181-13	BZ001	181	13	qualcuno?	qualcuno	_	_	_	_	_	linguistic	_	none	Intonation=Rising	End=444.649	_	_	_	_
182-0	BZ004	182	0	[xx]	xx	_	_	_	_	_	unknown	_	none	Syllables=2	Begin=440.669|End=441.079	_	_	_	0-2(33)
183-0	BZ004	183	0	io?	io	_	_	_	_	_	linguistic	_	none	Intonation=Rising	Begin=445.689|End=446.04	_	_	_	_
184-0	BZ001	184	0	sì.	sì	_	_	_	_	_	linguistic	_	none	Intonation=Falling	Begin=446.054|End=446.504	_	_	_	_
185-0	BZ004	185	0	sì	sì	_	_	_	_	_	linguistic	_	none	_	Begin=446.924	_	_	_	_
185-1	BZ004	185	1	sì	sì	_	_	_	_	_	linguistic	_	none	_	_	_	_	_	_
185-2	BZ004	185	2	ma,	ma	_	_	_	_	_	linguistic	_	none	Intonation=WeaklyRising	End=447.934	_	_	_	_
186-0	BZ001	186	0	cioè	cioè	_	_	_	_	_	linguistic	_	none	_	Begin=447.944	_	_	_	_
186-1	BZ001	186	1	in	in	_	_	_	_	_	linguistic	_	none	_	_	_	_	_	_
186-2	BZ001	186	2	dialetto	dialetto	_	_	_	_	_	linguistic	_	none	_	_	_	_	_	_
186-3	BZ001	186	3	co-	co-	_	_	_	_	_	linguistic	_	none	Interrupted=Yes	_	_	_	_	_
186-4	BZ001	186	4	con	con	_	_	_	_	_	linguistic	_	none	_	_	_	_	_	_
186-5	BZ001	186	5	[tuo	tuo	_	_	_	_	_	linguistic	_	none	_	_	_	_	_	0-3(34)
186-6	BZ001	186	6	fra]tello	fratello	_	_	_	_	_	linguistic	_	none	_	_	_	_	_	0-3(34)
186-7	BZ001	186	7	magari?	magari	_	_	_	_	_	linguistic	_	none	Intonation=Rising	_	_	_	_	_
186-8	BZ001	186	8	parlate	parlate	_	_	_	_	_	linguistic	_	none	_	_	_	_	_	_
186-9	BZ001	186	9	più	più	_	_	_	_	_	linguistic	_	none	_	_	_	_	_	_
186-10	BZ001	186	10	[dialetto]?	dialetto	_	_	_	_	_	linguistic	_	none	Intonation=Rising	End=451.634	_	_	_	0-8(35)
187-0	BZ004	187	0	[s-]	s-	_	_	_	_	_	linguistic	_	none	Interrupted=Yes	Begin=449.344|End=449.614	_	_	_	0-2(34)
188-0	BZ004	188	0	[sì	sì	_	_	_	_	_	linguistic	_	none	_	Begin=450.824	_	_	_	0-2(35)
188-1	BZ004	188	1	cer]to.	certo	_	_	_	_	_	linguistic	_	none	Intonation=Falling	End=451.984	_	_	_	0-3(35)
189-0	BZ004	189	0	[certo].	certo	_	_	_	_	_	linguistic	_	none	Intonation=Falling	Begin=452.009|End=452.749	_	_	_	0-5(36)
190-0	BZ001	190	0	[perché	perché	_	_	_	_	_	linguistic	_	none	_	Begin=452.084	_	_	_	0-6(36)
190-1	BZ001	190	1	io	io	_	_	_	_	_	linguistic	_	none	_	_	_	_	_	0-2(36)
190-2	BZ001	190	2	non	non	_	_	_	_	_	linguistic	_	none	_	_	_	_	_	0-3(36)
190-3	BZ001	190	3	so	so	_	_	_	_	_	linguistic	_	none	_	_	_	_	_	0-2(36)
190-4	BZ001	190	4	se]	se	_	_	_	_	_	linguistic	_	none	_	_	_	_	_	0-2(36)
190-5	BZ001	190	5	ti	ti	_	_	_	_	_	linguistic	_	none	_	_	_	_	_	_
190-6	BZ001	190	6	capisco	capisco	_	_	_	_	_	linguistic	_	none	_	_	_	_	_	_
190-7	BZ001	190	7	se	se	_	_	_	_	_	linguistic	_	none	_	_	_	_	_	_
190-8	BZ001	190	8	parli	parli	_	_	_	_	_	linguistic	_	none	_	_	_	_	_	_
190-9	BZ001	190	9	in	in	_	_	_	_	_	linguistic	_	none	_	_	_	_	_	_
190-10	BZ001	190	10	dialetto:	dialetto	_	_	_	_	_	linguistic	_	none	_	_	7x1	_	_	_
190-11	BZ001	190	11	[xx]	xx	_	_	_	_	_	unknown	_	none	Syllables=2	End=455.22	_	_	_	0-2(37)
191-0	BZ004	191	0	[ma	ma	_	_	_	_	_	linguistic	_	none	_	Begin=454.739	_	_	_	0-2(37)
191-1	BZ004	191	1	sì]	sì	_	_	_	_	_	linguistic	_	none	_	_	_	_	_	0-2(37)
191-2	BZ004	191	2	che	che	_	_	_	_	_	linguistic	_	none	_	_	_	_	_	_
191-3	BZ004	191	3	mi	mi	_	_	_	_	_	linguistic	_	none	_	_	_	_	_	_
191-4	BZ004	191	4	capi[sci]	capisci	_	_	_	_	_	linguistic	_	none	PauseAfter=Yes	_	_	_	_	4-7(38)
191-5	BZ004	191	5	(.)	(.)	_	_	_	_	_	shortpause	_	none	_	_	_	_	_	_
191-6	BZ004	191	6	ma,	ma	_	_	_	_	_	linguistic	_	none	Intonation=WeaklyRising	End=456.859	_	_	_	_
192-0	BZ001	192	0	[he]	he	_	_	_	_	_	linguistic	_	none	_	Begin=455.897|End=456.227	_	_	_	0-2(38)
193-0	BZ004	193	0	ma	ma	_	_	_	_	_	linguistic	_	none	_	Begin=457.024	_	_	_	_
193-1	BZ004	193	1	certo	certo	_	_	_	_	_	linguistic	_	none	_	_	_	_	_	_
193-2	BZ004	193	2	che	che	_	_	_	_	_	linguistic	_	none	_	_	_	_	_	_
193-3	BZ004	193	3	mi	mi	_	_	_	_	_	linguistic	_	none	_	_	_	_	_	_
193-4	BZ004	193	4	capisci,	capisci	_	_	_	_	_	linguistic	_	none	Intonation=WeaklyRising	_	_	_	_	_
193-5	BZ004	193	5	[non	non	_	_	_	_	_	linguistic	_	none	_	_	_	_	_	0-3(39)
193-6	BZ004	193	6	è	è	_	_	_	_	_	linguistic	_	none	_	_	_	_	_	0-1(39)
193-7	BZ004	193	7	mica]	mica	_	_	_	_	_	linguistic	_	none	_	_	_	_	_	0-4(39)
193-8	BZ004	193	8	così	così	_	_	_	_	_	linguistic	_	none	_	_	_	_	_	_
193-9	BZ004	193	9	difficile,	difficile	_	_	_	_	_	linguistic	_	none	Intonation=WeaklyRising	_	_	_	_	_
193-10	BZ004	193	10	((ridendo))	((ridendo))	_	_	_	_	_	nonverbalbehavior	_	none	_	End=460.394	_	_	_	_
194-0	BZ001	194	0	[sì]?	sì	_	_	_	_	_	linguistic	_	none	Intonation=Rising	Begin=458.464|End=458.844	_	_	_	0-2(39)
195-0	BZ001	195	0	be'	be'	_	_	_	_	_	linguistic	_	none	Truncated=Yes	Begin=460.479	_	_	_	_
195-1	BZ001	195	1	ma	ma	_	_	_	_	_	linguistic	_	none	_	_	_	_	_	_
195-2	BZ001	195	2	perché	perché	_	_	_	_	_	linguistic	_	none	_	_	_	_	_	_
195-3	BZ001	195	3	io	io	_	_	_	_	_	linguistic	_	none	_	_	_	_	_	_
195-4	BZ001	195	4	fin	fin	_	_	_	_	_	linguistic	_	none	_	_	_	_	_	_
195-5	BZ001	195	5	da	da	_	_	_	_	_	linguistic	_	none	_	_	_	_	_	_
195-6	BZ001	195	6	piccolo	piccolo	_	_	_	_	_	linguistic	_	none	PauseAfter=Yes	_	_	_	_	_
195-7	BZ001	195	7	(.)	(.)	_	_	_	_	_	shortpause	_	none	_	_	_	_	_	_
195-8	BZ001	195	8	vi	vi	_	_	_	_	_	linguistic	_	none	_	_	_	_	_	_
195-9	BZ001	195	9	ho	ho	_	_	_	_	_	linguistic	_	none	_	_	_	_	_	_
195-10	BZ001	195	10	sentiti	sentiti	_	_	_	_	_	linguistic	_	none	_	_	_	_	_	_
195-11	BZ001	195	11	co-	co-	_	_	_	_	_	linguistic	_	none	Interrupted=Yes	_	_	_	_	_
195-12	BZ001	195	12	ho	ho	_	_	_	_	_	linguistic	_	none	_	_	_	_	_	_
195-13	BZ001	195	13	sempre	sempre	_	_	_	_	_	linguistic	_	none	_	_	_	_	_	_
195-14	BZ001	195	14	[un	un	_	_	_	_	_	linguistic	_	none	_	_	_	_	_	0-2(40)
195-15	BZ001	195	15	po'	po'	_	_	_	_	_	linguistic	_	none	_	_	_	_	_	0-3(40)
195-16	BZ001	195	16	il	il	_	_	_	_	_	linguistic	_	none	_	_	_	_	_	0-2(40)
195-17	BZ001	195	17	veneto	veneto	_	_	_	_	_	linguistic	_	none	_	_	_	_	_	0-6(40)
195-18	BZ001	195	18	no]?	no	_	_	_	_	_	linguistic	_	none	Intonation=Rising	End=464.649	_	_	_	0-2(40)
196-0	BZ004	196	0	[ma	ma	_	_	_	_	_	linguistic	_	none	_	Begin=463.609	_	_	_	0-2(40)
196-1	BZ004	196	1	sì	sì	_	_	_	_	_	linguistic	_	none	_	_	_	_	_	0-2(40)
196-2	BZ004	196	2	ma	ma	_	_	_	_	_	linguistic	_	none	_	_	_	_	_	0-2(40)
196-3	BZ004	196	3	infat]ti.	infatti	_	_	_	_	_	linguistic	_	none	Intonation=Falling|PauseAfter=Yes	_	_	_	_	0-5(40)
196-4	BZ004	196	4	(.)	(.)	_	_	_	_	_	shortpause	_	none	_	_	_	_	_	_
196-5	BZ004	196	5	non	non	_	_	_	_	_	linguistic	_	none	_	_	_	_	_	_
196-6	BZ004	196	6	è	è	_	_	_	_	_	linguistic	_	none	_	_	_	_	_	_
196-7	BZ004	196	7	mica	mica	_	_	_	_	_	linguistic	_	none	_	_	_	_	_	_
196-8	BZ004	196	8	così	così	_	_	_	_	_	linguistic	_	none	_	_	_	_	_	_
196-9	BZ004	196	9	difficile.	difficile	_	_	_	_	_	linguistic	_	none	Intonation=Falling|PauseAfter=Yes	_	_	_	_	_
196-10	BZ004	196	10	(.)	(.)	_	_	_	_	_	shortpause	_	none	_	_	_	_	_	_
196-11	BZ004	196	11	perché	perché	_	_	_	_	_	linguistic	_	none	_	_	_	_	_	_
196-12	BZ004	196	12	siete	siete	_	_	_	_	_	linguistic	_	none	_	_	_	_	_	_
196-13	BZ004	196	13	cresciuti	cresciuti	_	_	_	_	_	linguistic	_	none	_	_	_	_	_	_
196-14	BZ004	196	14	in	in	_	_	_	_	_	linguistic	_	none	_	_	_	_	_	_
196-15	BZ004	196	15	una	una	_	_	_	_	_	linguistic	_	none	_	_	_	_	_	_
196-16	BZ004	196	16	famiglia	famiglia	_	_	_	_	_	linguistic	_	none	_	_	_	_	_	_
196-17	BZ004	196	17	veneta.	veneta	_	_	_	_	_	linguistic	_	none	Intonation=Falling	_	_	_	_	_
196-18	BZ004	196	18	noi	noi	_	_	_	_	_	linguistic	_	none	_	_	_	_	_	_
196-19	BZ004	196	19	semo	semo	_	_	_	_	_	linguistic	_	none	_	_	_	_	_	_
196-20	BZ004	196	20	veneti	veneti	_	_	_	_	_	linguistic	_	none	_	_	_	_	_	_
196-21	BZ004	196	21	[no]?	no	_	_	_	_	_	linguistic	_	none	Intonation=Rising	End=471.58	_	_	_	0-2(41)
197-0	BZ001	197	0	[eh]	eh	_	_	_	_	_	linguistic	_	none	_	Begin=471.399	_	_	_	0-2(41)
197-1	BZ001	197	1	sì.	sì	_	_	_	_	_	linguistic	_	none	Intonation=Falling	End=471.949	_	_	_	_
198-0	BZ004	198	0	semo	semo	_	_	_	_	_	linguistic	_	none	_	Begin=471.959	_	_	_	_
198-1	BZ004	198	1	veneti.	veneti	_	_	_	_	_	linguistic	_	none	Intonation=Falling	End=473.099	_	_	_	_
199-0	BZ001	199	0	eh	eh	_	_	_	_	_	linguistic	_	none	_	Begin=473.114	_	_	_	_
199-1	BZ001	199	1	eh	eh	_	_	_	_	_	linguistic	_	none	_	_	_	_	_	_
199-2	BZ001	199	2	((ridendo))	((ridendo))	_	_	_	_	_	nonverbalbehavior	_	none	_	End=473.544	_	_	_	_
200-0	BZ001	200	0	be'	be'	_	_	_	_	_	linguistic	_	none	Truncated=Yes	Begin=474.134	_	_	_	_
200-1	BZ001	200	1	io	io	_	_	_	_	_	linguistic	_	none	_	_	_	_	_	_
200-2	BZ001	200	2	qualche	qualche	_	_	_	_	_	linguistic	_	none	_	_	_	_	_	_
200-3	BZ001	200	3	parola	parola	_	_	_	_	_	linguistic	_	none	_	_	_	_	_	_
200-4	BZ001	200	4	però	però	_	_	_	_	_	linguistic	_	none	_	_	_	_	_	_
200-5	BZ001	200	5	diciamo	diciamo	_	_	_	_	_	linguistic	_	none	_	_	_	_	_	_
200-6	BZ001	200	6	non	non	_	_	_	_	_	linguistic	_	none	_	_	_	_	_	_
200-7	BZ001	200	7	ho:	ho	_	_	_	_	_	linguistic	_	none	_	End=477.014	1x1	_	_	_
201-0	BZ004	201	0	sì	sì	_	_	_	_	_	linguistic	_	none	_	Begin=477.004	_	_	_	_
201-1	BZ004	201	1	[ma],	ma	_	_	_	_	_	linguistic	_	none	Intonation=WeaklyRising	End=477.83	_	_	_	0-2(43)
202-0	BZ001	202	0	[non	non	_	_	_	_	_	linguistic	_	none	_	Begin=477.3	_	_	_	0-3(43)
202-1	BZ001	202	1	saprei]	saprei	_	_	_	_	_	linguistic	_	none	_	_	_	_	_	0-6(43)
202-2	BZ001	202	2	parlare	parlare	_	_	_	_	_	linguistic	_	none	_	_	_	_	_	_
202-3	BZ001	202	3	io	io	_	_	_	_	_	linguistic	_	none	_	_	_	_	_	_
202-4	BZ001	202	4	proprio	proprio	_	_	_	_	_	linguistic	_	none	_	_	_	_	_	_
202-5	BZ001	202	5	[veneto].	veneto	_	_	_	_	_	linguistic	_	none	Intonation=Falling	End=479.604	_	_	_	0-6(44)
203-0	BZ004	203	0	[ma	ma	_	_	_	_	_	linguistic	_	none	_	Begin=478.914	_	_	_	0-2(44)
203-1	BZ004	203	1	no].	no	_	_	_	_	_	linguistic	_	none	Intonation=Falling|PauseAfter=Yes	_	_	_	_	0-2(44)
203-2	BZ004	203	2	(.)	(.)	_	_	_	_	_	shortpause	_	none	_	_	_	_	_	_
203-3	BZ004	203	3	perché	perché	_	_	_	_	_	linguistic	_	none	_	_	_	_	_	_
203-4	BZ004	203	4	è	è	_	_	_	_	_	linguistic	_	none	_	_	_	_	_	_
203-5	BZ004	203	5	chiaro	chiaro	_	_	_	_	_	linguistic	_	none	_	_	_	_	_	_
203-6	BZ004	203	6	insomma.	insomma	_	_	_	_	_	linguistic	_	none	Intonation=Falling	End=481.614	_	_	_	_
204-0	BZ004	204	0	anche	anche	_	_	_	_	_	linguistic	_	none	_	Begin=481.959	_	_	_	_
204-1	BZ004	204	1	le	le	_	_	_	_	_	linguistic	_	none	_	_	_	_	_	_
204-2	BZ004	204	2	mie	mie	_	_	_	_	_	linguistic	_	none	_	_	_	_	_	_
204-3	BZ004	204	3	figlie,	figlie	_	_	_	_	_	linguistic	_	none	Intonation=WeaklyRising	End=483.279	_	_	_	_
205-0	BZ004	205	0	eh	eh	_	_	_	_	_	linguistic	_	none	_	Begin=483.654	_	_	_	_
205-1	BZ004	205	1	chi	chi	_	_	_	_	_	linguistic	_	none	_	_	_	_	_	_
205-2	BZ004	205	2	è	è	_	_	_	_	_	linguistic	_	none	ProsodicLink=Yes	_	_	_	_	_
205-3	BZ004	205	3	chi	chi	_	_	_	_	_	linguistic	_	none	_	_	_	_	_	_
205-4	BZ004	205	4	è	è	_	_	_	_	_	linguistic	_	none	_	_	_	_	_	_
205-5	BZ004	205	5	che	che	_	_	_	_	_	linguistic	_	none	_	_	_	_	_	_
205-6	BZ004	205	6	si	si	_	_	_	_	_	linguistic	_	none	_	_	_	_	_	_
205-7	BZ004	205	7	è	è	_	_	_	_	_	linguistic	_	none	_	_	_	_	_	_
205-8	BZ004	205	8	messa	messa	_	_	_	_	_	linguistic	_	none	_	_	_	_	_	_
205-9	BZ004	205	9	a	a	_	_	_	_	_	linguistic	_	none	_	_	_	_	_	_
205-10	BZ004	205	10	ridere	ridere	_	_	_	_	_	linguistic	_	none	_	_	_	_	_	_
205-11	BZ004	205	11	una	una	_	_	_	_	_	linguistic	_	none	_	_	_	_	_	_
205-12	BZ004	205	12	volta	volta	_	_	_	_	_	linguistic	_	none	_	_	_	_	_	_
205-13	BZ004	205	13	la	la	_	_	_	_	_	linguistic	_	none	_	_	_	_	_	_
205-14	BZ004	205	14	mia	mia	_	_	_	_	_	linguistic	_	none	_	_	_	_	_	_
205-15	BZ004	205	15	nipotina,	nipotina	_	_	_	_	_	linguistic	_	none	Intonation=WeaklyRising	End=487.094	_	_	_	_
206-0	BZ004	206	0	che	che	_	_	_	_	_	linguistic	_	none	_	Begin=487.669	_	_	_	_
206-1	BZ004	206	1	ho	ho	_	_	_	_	_	linguistic	_	none	_	_	_	_	_	_
206-2	BZ004	206	2	detto	detto	_	_	_	_	_	linguistic	_	none	_	_	_	_	_	_
206-3	BZ004	206	3	qualcosa,	qualcosa	_	_	_	_	_	linguistic	_	none	Intonation=WeaklyRising	End=489.269	_	_	_	_
207-0	BZ004	207	0	>e	e	_	_	_	_	_	linguistic	_	none	_	Begin=490.404	_	Fast=0-1(0)	_	_
207-1	BZ004	207	1	la	la	_	_	_	_	_	linguistic	_	none	_	_	_	Fast=0-2(0)	_	_
207-2	BZ004	207	2	fa<	fa	_	_	_	_	_	linguistic	_	none	_	_	_	Fast=0-2(0)	_	_
207-3	BZ004	207	3	ma	ma	_	_	_	_	_	linguistic	_	none	_	_	_	_	_	_
207-4	BZ004	207	4	come	come	_	_	_	_	_	linguistic	_	none	_	_	_	_	_	_
207-5	BZ004	207	5	parla	parla	_	_	_	_	_	linguistic	_	none	_	_	_	_	_	_
207-6	BZ004	207	6	la	la	_	_	_	_	_	linguistic	_	none	_	_	_	_	_	_
207-7	BZ004	207	7	n-	n-	_	_	_	_	_	linguistic	_	none	Interrupted=Yes	_	_	_	_	_
207-8	BZ004	207	8	la	la	_	_	_	_	_	linguistic	_	none	_	_	_	_	_	_
207-9	BZ004	207	9	nonna	nonna	_	_	_	_	_	linguistic	_	none	_	_	_	_	_	_
207-10	BZ004	207	10	bis?	bis	_	_	_	_	_	linguistic	_	none	Intonation=Rising	_	_	_	_	_
207-11	BZ004	207	11	((ridendo))	((ridendo))	_	_	_	_	_	nonverbalbehavior	_	none	_	End=492.884	_	_	_	_
208-0	BZ001	208	0	eh	eh	_	_	_	_	_	linguistic	_	none	_	Begin=492.949	_	_	_	_
208-1	BZ001	208	1	eh	eh	_	_	_	_	_	linguistic	_	none	_	_	_	_	_	_
208-2	BZ001	208	2	((ridendo))	((ridendo))	_	_	_	_	_	nonverbalbehavior	_	none	_	_	_	_	_	_
208-3	BZ001	208	3	cosa	cosa	_	_	_	_	_	linguistic	_	none	_	_	_	_	_	_
208-4	BZ001	208	4	avevi	avevi	_	_	_	_	_	linguistic	_	none	_	_	_	_	_	_
208-5	BZ001	208	5	detto?	detto	_	_	_	_	_	linguistic	_	none	Intonation=Rising	End=494.659	_	_	_	_
209-0	BZ004	209	0	e	e	_	_	_	_	_	linguistic	_	none	_	Begin=494.809	_	_	_	_
209-1	BZ004	209	1	non	non	_	_	_	_	_	linguistic	_	none	_	_	_	_	_	_
209-2	BZ004	209	2	me	me	_	_	_	_	_	linguistic	_	none	_	_	_	_	_	_
209-3	BZ004	209	3	lo	lo	_	_	_	_	_	linguistic	_	none	_	_	_	_	_	_
209-4	BZ004	209	4	ricordo	ricordo	_	_	_	_	_	linguistic	_	none	_	_	_	_	_	_
209-5	BZ004	209	5	cosa	cosa	_	_	_	_	_	linguistic	_	none	_	_	_	_	_	_
209-6	BZ004	209	6	avevo	avevo	_	_	_	_	_	linguistic	_	none	_	_	_	_	_	_
209-7	BZ004	209	7	detto.	detto	_	_	_	_	_	linguistic	_	none	Intonation=Falling	End=497.309	_	_	_	_
210-0	BZ004	210	0	avevo	avevo	_	_	_	_	_	linguistic	_	none	_	Begin=497.864	_	_	_	_
210-1	BZ004	210	1	detto	detto	_	_	_	_	_	linguistic	_	none	_	_	_	_	_	_
210-2	BZ004	210	2	una	una	_	_	_	_	_	linguistic	_	none	_	_	_	_	_	_
210-3	BZ004	210	3	parola	parola	_	_	_	_	_	linguistic	_	none	_	_	_	_	_	_
210-4	BZ004	210	4	veneta	veneta	_	_	_	_	_	linguistic	_	none	_	_	_	_	_	_
210-5	BZ004	210	5	no?	no	_	_	_	_	_	linguistic	_	none	Intonation=Rising|PauseAfter=Yes	_	_	_	_	_
210-6	BZ004	210	6	(.)	(.)	_	_	_	_	_	shortpause	_	none	_	_	_	_	_	_
210-7	BZ004	210	7	allora	allora	_	_	_	_	_	linguistic	_	none	_	_	_	_	_	_
210-8	BZ004	210	8	sua	sua	_	_	_	_	_	linguistic	_	none	_	_	_	_	_	_
210-9	BZ004	210	9	mamma	mamma	_	_	_	_	_	linguistic	_	none	_	_	_	_	_	_
210-10	BZ004	210	10	fa	fa	_	_	_	_	_	linguistic	_	none	_	_	_	_	_	_
210-11	BZ004	210	11	eh	eh	_	_	_	_	_	linguistic	_	none	_	_	_	_	_	_
210-12	BZ004	210	12	eh	eh	_	_	_	_	_	linguistic	_	none	_	_	_	_	_	_
210-13	BZ004	210	13	perché	perché	_	_	_	_	_	linguistic	_	none	_	_	_	_	_	_
210-14	BZ004	210	14	lei	lei	_	_	_	_	_	linguistic	_	none	_	_	_	_	_	_
210-15	BZ004	210	15	parla	parla	_	_	_	_	_	linguistic	_	none	_	_	_	_	_	_
210-16	BZ004	210	16	veneto.	veneto	_	_	_	_	_	linguistic	_	none	Intonation=Falling	_	_	_	_	_
210-17	BZ004	210	17	((ride))	((ride))	_	_	_	_	_	nonverbalbehavior	_	none	_	_	_	_	_	_
210-18	BZ004	210	18	perché	perché	_	_	_	_	_	linguistic	_	none	_	_	_	_	_	_
210-19	BZ004	210	19	desso	desso	_	_	_	_	_	linguistic	_	none	_	_	_	_	_	_
210-20	BZ004	210	20	se	se	_	_	_	_	_	linguistic	_	none	_	_	_	_	_	_
210-21	BZ004	210	21	se	se	_	_	_	_	_	linguistic	_	none	_	_	_	_	_	_
210-22	BZ004	210	22	io	io	_	_	_	_	_	linguistic	_	none	_	_	_	_	_	_
210-23	BZ004	210	23	ci	ci	_	_	_	_	_	linguistic	_	none	_	_	_	_	_	_
210-24	BZ004	210	24	parlo	parlo	_	_	_	_	_	linguistic	_	none	_	_	_	_	_	_
210-25	BZ004	210	25	veneto	veneto	_	_	_	_	_	linguistic	_	none	PauseAfter=Yes	_	_	_	_	_
210-26	BZ004	210	26	(.)	(.)	_	_	_	_	_	shortpause	_	none	_	_	_	_	_	_
210-27	BZ004	210	27	ai	ai	_	_	_	_	_	linguistic	_	none	_	_	_	_	_	_
210-28	BZ004	210	28	miei	miei	_	_	_	_	_	linguistic	_	none	_	_	_	_	_	_
210-29	BZ004	210	29	nipotini	nipotini	_	_	_	_	_	linguistic	_	none	_	_	_	_	_	_
210-30	BZ004	210	30	piccoli,	piccoli	_	_	_	_	_	linguistic	_	none	Intonation=WeaklyRising	End=509.24	_	_	_	_
211-0	BZ001	211	0	eh	eh	_	_	_	_	_	linguistic	_	none	_	Begin=509.287	_	_	_	_
211-1	BZ001	211	1	sì.	sì	_	_	_	_	_	linguistic	_	none	Intonation=Falling	End=509.567	_	_	_	_
212-0	BZ004	212	0	e	e	_	_	_	_	_	linguistic	_	none	_	Begin=509.592	_	_	_	_
212-1	BZ004	212	1	chiaramente	chiaramente	_	_	_	_	_	linguistic	_	none	_	_	_	_	_	_
212-2	BZ004	212	2	no	no	_	_	_	_	_	linguistic	_	none	_	_	_	_	_	_
212-3	BZ004	212	3	che	che	_	_	_	_	_	linguistic	_	none	_	_	_	_	_	_
212-4	BZ004	212	4	non	non	_	_	_	_	_	linguistic	_	none	_	_	_	_	_	_
212-5	BZ004	212	5	possono,	possono	_	_	_	_	_	linguistic	_	none	Intonation=WeaklyRising|PauseAfter=Yes	_	_	_	_	_
212-6	BZ004	212	6	(.)	(.)	_	_	_	_	_	shortpause	_	none	_	_	_	_	_	_
212-7	BZ004	212	7	eh::	eh	_	_	_	_	_	linguistic	_	none	_	_	1x2	_	_	_
212-8	BZ004	212	8	capire.	capire	_	_	_	_	_	linguistic	_	none	Intonation=Falling	End=513.652	_	_	_	_
213-0	BZ004	213	0	eh.	eh	_	_	_	_	_	linguistic	_	none	Intonation=Falling	Begin=513.967|End=514.297	_	_	_	_
214-0	BZ001	214	0	eh	eh	_	_	_	_	_	linguistic	_	none	_	Begin=514.467	_	_	_	_
214-1	BZ001	214	1	[sì].	sì	_	_	_	_	_	linguistic	_	none	Intonation=Falling	End=514.917	_	_	_	0-2(45)
215-0	BZ004	215	0	[parlo]	parlo	_	_	_	_	_	linguistic	_	none	_	Begin=514.607	_	_	_	0-5(45)
215-1	BZ004	215	1	l'	l'	_	_	_	_	_	linguistic	_	none	SpaceAfter=No	_	_	_	_	_
215-2	BZ004	215	2	italiano	italiano	_	_	_	_	_	linguistic	_	none	_	_	_	_	_	_
215-3	BZ004	215	3	no?	no	_	_	_	_	_	linguistic	_	none	Intonation=Rising	_	_	_	_	_
215-4	BZ004	215	4	come	come	_	_	_	_	_	linguistic	_	none	_	_	_	_	_	_
215-5	BZ004	215	5	parlo	parlo	_	_	_	_	_	linguistic	_	none	_	_	_	_	_	_
215-6	BZ004	215	6	con	con	_	_	_	_	_	linguistic	_	none	_	_	_	_	_	_
215-7	BZ004	215	7	te.	te	_	_	_	_	_	linguistic	_	none	Intonation=Falling	End=517.317	_	_	_	_
216-0	BZ001	216	0	certo.	certo	_	_	_	_	_	linguistic	_	none	Intonation=Falling	Begin=517.397|End=517.9095	_	_	_	_
217-0	BZ004	217	0	eh.	eh	_	_	_	_	_	linguistic	_	none	Intonation=Falling	Begin=517.9095|End=518.332	_	_	_	_
218-0	BZ001	218	0	e	e	_	_	_	_	_	linguistic	_	none	_	Begin=518.842	_	_	_	_
218-1	BZ001	218	1	tu	tu	_	_	_	_	_	linguistic	_	none	_	_	_	_	_	_
218-2	BZ001	218	2	però	però	_	_	_	_	_	linguistic	_	none	_	_	_	_	_	_
218-3	BZ001	218	3	sei	sei	_	_	_	_	_	linguistic	_	none	_	_	_	_	_	_
218-4	BZ001	218	4	affezionata	affezionata	_	_	_	_	_	linguistic	_	none	_	_	_	_	_	_
218-5	BZ001	218	5	al	al	_	_	_	_	_	linguistic	_	none	_	_	_	_	_	_
218-6	BZ001	218	6	dialetto?	dialetto	_	_	_	_	_	linguistic	_	none	Intonation=Rising	End=520.972	_	_	_	_
219-0	BZ004	219	0	ah	ah	_	_	_	_	_	linguistic	_	none	_	Begin=522.082	_	_	_	_
219-1	BZ004	219	1	ah	ah	_	_	_	_	_	linguistic	_	none	_	_	_	_	_	_
219-2	BZ004	219	2	per	per	_	_	_	_	_	linguistic	_	none	_	_	_	_	_	_
219-3	BZ004	219	3	me:,	me	_	_	_	_	_	linguistic	_	none	Intonation=WeaklyRising	End=523.722	1x1	_	_	_
220-0	BZ004	220	0	è	è	_	_	_	_	_	linguistic	_	none	_	Begin=523.937	_	_	_	_
220-1	BZ004	220	1	sempre	sempre	_	_	_	_	_	linguistic	_	none	_	_	_	_	_	_
220-2	BZ004	220	2	stato	stato	_	_	_	_	_	linguistic	_	none	_	_	_	_	_	_
220-3	BZ004	220	3	il	il	_	_	_	_	_	linguistic	_	none	_	_	_	_	_	_
220-4	BZ004	220	4	mio	mio	_	_	_	_	_	linguistic	_	none	_	_	_	_	_	_
220-5	BZ004	220	5	dialetto	dialetto	_	_	_	_	_	linguistic	_	none	_	_	_	_	_	_
220-6	BZ004	220	6	e,	e	_	_	_	_	_	linguistic	_	none	Intonation=WeaklyRising	End=526.177	_	_	_	_
221-0	BZ004	221	0	come	come	_	_	_	_	_	linguistic	_	none	_	Begin=526.852	_	_	_	_
221-1	BZ004	221	1	tutti	tutti	_	_	_	_	_	linguistic	_	none	_	_	_	_	_	_
221-2	BZ004	221	2	noi,	noi	_	_	_	_	_	linguistic	_	none	Intonation=WeaklyRising	_	_	_	_	_
221-3	BZ004	221	3	tutti	tutti	_	_	_	_	_	linguistic	_	none	_	_	_	_	_	_
221-4	BZ004	221	4	noi	noi	_	_	_	_	_	linguistic	_	none	_	_	_	_	_	_
221-5	BZ004	221	5	abbiamo	abbiamo	_	_	_	_	_	linguistic	_	none	_	_	_	_	_	_
221-6	BZ004	221	6	un	un	_	_	_	_	_	linguistic	_	none	_	_	_	_	_	_
221-7	BZ004	221	7	dialetto,	dialetto	_	_	_	_	_	linguistic	_	none	Intonation=WeaklyRising	_	_	_	_	_
221-8	BZ004	221	8	come	come	_	_	_	_	_	linguistic	_	none	_	_	_	_	_	_
221-9	BZ004	221	9	hanno	hanno	_	_	_	_	_	linguistic	_	none	_	_	_	_	_	_
221-10	BZ004	221	10	i	i	_	_	_	_	_	linguistic	_	none	_	_	_	_	_	_
221-11	BZ004	221	11	trentini,	trentini	_	_	_	_	_	linguistic	_	none	Intonation=WeaklyRising	_	_	_	_	_
221-12	BZ004	221	12	come	come	_	_	_	_	_	linguistic	_	none	_	_	_	_	_	_
221-13	BZ004	221	13	hanno	hanno	_	_	_	_	_	linguistic	_	none	PauseAfter=Yes	_	_	_	_	_
221-14	BZ004	221	14	(.)	(.)	_	_	_	_	_	shortpause	_	none	_	_	_	_	_	_
221-15	BZ004	221	15	eh::	eh	_	_	_	_	_	linguistic	_	none	_	_	1x2	_	_	_
221-16	BZ004	221	16	i	i	_	_	_	_	_	linguistic	_	none	_	_	_	_	_	_
221-17	BZ004	221	17	trentini	trentini	_	_	_	_	_	linguistic	_	none	_	_	_	_	_	_
221-18	BZ004	221	18	hanno	hanno	_	_	_	_	_	linguistic	_	none	_	_	_	_	_	_
221-19	BZ004	221	19	un	un	_	_	_	_	_	linguistic	_	none	_	_	_	_	_	_
221-20	BZ004	221	20	dialetto	dialetto	_	_	_	_	_	linguistic	_	none	_	_	_	_	_	_
221-21	BZ004	221	21	diverso	diverso	_	_	_	_	_	linguistic	_	none	_	_	_	_	_	_
221-22	BZ004	221	22	non	non	_	_	_	_	_	linguistic	_	none	_	_	_	_	_	_
221-23	BZ004	221	23	hanno	hanno	_	_	_	_	_	linguistic	_	none	_	_	_	_	_	_
221-24	BZ004	221	24	mica	mica	_	_	_	_	_	linguistic	_	none	_	_	_	_	_	_
221-25	BZ004	221	25	eh	eh	_	_	_	_	_	linguistic	_	none	_	_	_	_	_	_
221-26	BZ004	221	26	appunto	appunto	_	_	_	_	_	linguistic	_	none	_	_	_	_	_	_
221-27	BZ004	221	27	[no]?	no	_	_	_	_	_	linguistic	_	none	Intonation=Rising	End=536.97	_	_	_	0-2(46)
222-0	BZ001	222	0	[sì]	sì	_	_	_	_	_	linguistic	_	none	_	Begin=536.85	_	_	_	0-2(46)
222-1	BZ001	222	1	sì.	sì	_	_	_	_	_	linguistic	_	none	Intonation=Falling	End=537.302	_	_	_	_
223-0	BZ004	223	0	e	e	_	_	_	_	_	linguistic	_	none	_	Begin=537.816	_	_	_	_
223-1	BZ004	223	1	tutti::,	tutti	_	_	_	_	_	linguistic	_	none	Intonation=WeaklyRising|PauseAfter=Yes	_	4x2	_	_	_
223-2	BZ004	223	2	(.)	(.)	_	_	_	_	_	shortpause	_	none	_	_	_	_	_	_
223-3	BZ004	223	3	ci	ci	_	_	_	_	_	linguistic	_	none	_	_	_	_	_	_
223-4	BZ004	223	4	tengono	tengono	_	_	_	_	_	linguistic	_	none	_	_	_	_	_	_
223-5	BZ004	223	5	al	al	_	_	_	_	_	linguistic	_	none	_	_	_	_	_	_
223-6	BZ004	223	6	proprio	proprio	_	_	_	_	_	linguistic	_	none	_	_	_	_	_	_
223-7	BZ004	223	7	dialetto	dialetto	_	_	_	_	_	linguistic	_	none	_	_	_	_	_	_
223-8	BZ004	223	8	no?	no	_	_	_	_	_	linguistic	_	none	Intonation=Rising	End=541.456	_	_	_	_
224-0	BZ004	224	0	ci	ci	_	_	_	_	_	linguistic	_	none	_	Begin=541.666	_	_	_	_
224-1	BZ004	224	1	tengono	tengono	_	_	_	_	_	linguistic	_	none	_	_	_	_	_	_
224-2	BZ004	224	2	>insomma<	insomma	_	_	_	_	_	linguistic	_	none	_	End=542.806	_	Fast=0-7(0)	_	_
225-0	BZ004	225	0	sei	sei	_	_	_	_	_	linguistic	_	none	_	Begin=543.451	_	_	_	_
225-1	BZ004	225	1	nata	nata	_	_	_	_	_	linguistic	_	none	_	_	_	_	_	_
225-2	BZ004	225	2	co-	co-	_	_	_	_	_	linguistic	_	none	Interrupted=Yes	_	_	_	_	_
225-3	BZ004	225	3	con	con	_	_	_	_	_	linguistic	_	none	_	_	_	_	_	_
225-4	BZ004	225	4	quel	quel	_	_	_	_	_	linguistic	_	none	_	End=545.371	_	_	_	_
226-0	BZ004	226	0	con	con	_	_	_	_	_	linguistic	_	none	_	Begin=546.496	_	_	_	_
226-1	BZ004	226	1	quel	quel	_	_	_	_	_	linguistic	_	none	_	_	_	_	_	_
226-2	BZ004	226	2	modo	modo	_	_	_	_	_	linguistic	_	none	_	_	_	_	_	_
226-3	BZ004	226	3	[di	di	_	_	_	_	_	linguistic	_	none	_	_	_	_	_	0-2(47)
226-4	BZ004	226	4	par]lare	parlare	_	_	_	_	_	linguistic	_	none	_	_	_	_	_	0-3(47)
226-5	BZ004	226	5	no?	no	_	_	_	_	_	linguistic	_	none	Intonation=Rising|PauseAfter=Yes	_	_	_	_	_
226-6	BZ004	226	6	(.)	(.)	_	_	_	_	_	shortpause	_	none	_	_	_	_	_	_
226-7	BZ004	226	7	ecco.	ecco	_	_	_	_	_	linguistic	_	none	Intonation=Falling	End=549.016	_	_	_	_
227-0	BZ001	227	0	[certo].	certo	_	_	_	_	_	linguistic	_	none	Intonation=Falling	Begin=547.281|End=547.811	_	_	_	0-5(47)
228-0	BZ001	228	0	e	e	_	_	_	_	_	linguistic	_	none	_	Begin=549.181	_	_	_	_
228-1	BZ001	228	1	tu	tu	_	_	_	_	_	linguistic	_	none	_	_	_	_	_	_
228-2	BZ001	228	2	ormai	ormai	_	_	_	_	_	linguistic	_	none	_	_	_	_	_	_
228-3	BZ001	228	3	che	che	_	_	_	_	_	linguistic	_	none	_	_	_	_	_	_
228-4	BZ001	228	4	hai	hai	_	_	_	_	_	linguistic	_	none	_	_	_	_	_	_
228-5	BZ001	228	5	quasi	quasi	_	_	_	_	_	linguistic	_	none	_	_	_	_	_	_
228-6	BZ001	228	6	novant'	novant'	_	_	_	_	_	linguistic	_	none	SpaceAfter=No	_	_	_	_	_
228-7	BZ001	228	7	anni,	anni	_	_	_	_	_	linguistic	_	none	Intonation=WeaklyRising	_	_	_	_	_
228-8	BZ001	228	8	insomma	insomma	_	_	_	_	_	linguistic	_	none	_	_	_	_	_	_
228-9	BZ001	228	9	nella	nella	_	_	_	_	_	linguistic	_	none	_	_	_	_	_	_
228-10	BZ001	228	10	tua	tua	_	_	_	_	_	linguistic	_	none	_	_	_	_	_	_
228-11	BZ001	228	11	vita,	vita	_	_	_	_	_	linguistic	_	none	Intonation=WeaklyRising	_	_	_	_	_
228-12	BZ001	228	12	come	come	_	_	_	_	_	linguistic	_	none	_	_	_	_	_	_
228-13	BZ001	228	13	hai	hai	_	_	_	_	_	linguistic	_	none	_	_	_	_	_	_
228-14	BZ001	228	14	visto	visto	_	_	_	_	_	linguistic	_	none	_	_	_	_	_	_
228-15	BZ001	228	15	cambiare	cambiare	_	_	_	_	_	linguistic	_	none	_	_	_	_	_	_
228-16	BZ001	228	16	il	il	_	_	_	_	_	linguistic	_	none	_	_	_	_	_	_
228-17	BZ001	228	17	rapporto	rapporto	_	_	_	_	_	linguistic	_	none	_	_	_	_	_	_
228-18	BZ001	228	18	delle	delle	_	_	_	_	_	linguistic	_	none	_	_	_	_	_	_
228-19	BZ001	228	19	persone,	persone	_	_	_	_	_	linguistic	_	none	Intonation=WeaklyRising	End=555.041	_	_	_	_
229-0	BZ001	229	0	con	con	_	_	_	_	_	linguistic	_	none	_	Begin=555.406	_	_	_	_
229-1	BZ001	229	1	le	le	_	_	_	_	_	linguistic	_	none	_	_	_	_	_	_
229-2	BZ001	229	2	lingue	lingue	_	_	_	_	_	linguistic	_	none	_	_	_	_	_	_
229-3	BZ001	229	3	che	che	_	_	_	_	_	linguistic	_	none	_	_	_	_	_	_
229-4	BZ001	229	4	studiano,	studiano	_	_	_	_	_	linguistic	_	none	Intonation=WeaklyRising	_	_	_	_	_
229-5	BZ001	229	5	che	che	_	_	_	_	_	linguistic	_	none	_	_	_	_	_	_
229-6	BZ001	229	6	parlano,	parlano	_	_	_	_	_	linguistic	_	none	Intonation=WeaklyRising	End=558.066	_	_	_	_
230-0	BZ004	230	0	be'	be'	_	_	_	_	_	linguistic	_	none	Truncated=Yes	Begin=558.811|End=559.301	_	_	_	_
231-0	BZ004	231	0	eh	eh	_	_	_	_	_	linguistic	_	none	_	Begin=559.721	_	_	_	_
231-1	BZ004	231	1	secondo	secondo	_	_	_	_	_	linguistic	_	none	_	_	_	_	_	_
231-2	BZ004	231	2	me	me	_	_	_	_	_	linguistic	_	none	_	_	_	_	_	_
231-3	BZ004	231	3	è	è	_	_	_	_	_	linguistic	_	none	_	_	_	_	_	_
231-4	BZ004	231	4	una	una	_	_	_	_	_	linguistic	_	none	_	_	_	_	_	_
231-5	BZ004	231	5	b-	b-	_	_	_	_	_	linguistic	_	none	Interrupted=Yes	_	_	_	_	_
231-6	BZ004	231	6	una	una	_	_	_	_	_	linguistic	_	none	_	_	_	_	_	_
231-7	BZ004	231	7	bellissima	bellissima	_	_	_	_	_	linguistic	_	none	_	_	_	_	_	_
231-8	BZ004	231	8	cosa.	cosa	_	_	_	_	_	linguistic	_	none	Intonation=Falling	End=562.991	_	_	_	_
232-0	BZ001	232	0	cosa?	cosa	_	_	_	_	_	linguistic	_	none	Intonation=Rising	Begin=563.891	_	_	_	_
232-1	BZ001	232	1	che,	che	_	_	_	_	_	linguistic	_	none	Intonation=WeaklyRising	End=564.671	_	_	_	_
233-0	BZ004	233	0	perché	perché	_	_	_	_	_	linguistic	_	none	_	Begin=564.836	_	_	_	_
233-1	BZ004	233	1	io	io	_	_	_	_	_	linguistic	_	none	_	_	_	_	_	_
233-2	BZ004	233	2	vedo	vedo	_	_	_	_	_	linguistic	_	none	_	_	_	_	_	_
233-3	BZ004	233	3	mie,	mie	_	_	_	_	_	linguistic	_	none	Intonation=WeaklyRising	_	_	_	_	_
233-4	BZ004	233	4	le	le	_	_	_	_	_	linguistic	_	none	_	_	_	_	_	_
233-5	BZ004	233	5	mie	mie	_	_	_	_	_	linguistic	_	none	_	_	_	_	_	_
233-6	BZ004	233	6	figlie	figlie	_	_	_	_	_	linguistic	_	none	_	_	_	_	_	_
233-7	BZ004	233	7	che	che	_	_	_	_	_	linguistic	_	none	_	_	_	_	_	_
233-8	BZ004	233	8	hanno	hanno	_	_	_	_	_	linguistic	_	none	_	_	_	_	_	_
233-9	BZ004	233	9	imparato	imparato	_	_	_	_	_	linguistic	_	none	_	_	_	_	_	_
233-10	BZ004	233	10	il	il	_	_	_	_	_	linguistic	_	none	_	_	_	_	_	_
233-11	BZ004	233	11	tedesco,	tedesco	_	_	_	_	_	linguistic	_	none	Intonation=WeaklyRising	End=568.676	_	_	_	_
234-0	BZ004	234	0	praticamente	praticamente	_	_	_	_	_	linguistic	_	none	_	Begin=569.141	_	_	_	_
234-1	BZ004	234	1	si	si	_	_	_	_	_	linguistic	_	none	_	_	_	_	_	_
234-2	BZ004	234	2	possono	possono	_	_	_	_	_	linguistic	_	none	_	_	_	_	_	_
234-3	BZ004	234	3	rapportare	rapportare	_	_	_	_	_	linguistic	_	none	_	End=571.661	_	_	_	_
235-0	BZ004	235	0	con	con	_	_	_	_	_	linguistic	_	none	_	Begin=572.396	_	_	_	_
235-1	BZ004	235	1	altre	altre	_	_	_	_	_	linguistic	_	none	_	_	_	_	_	_
235-2	BZ004	235	2	persone,	persone	_	_	_	_	_	linguistic	_	none	Intonation=WeaklyRising|PauseAfter=Yes	_	_	_	_	_
235-3	BZ004	235	3	(.)	(.)	_	_	_	_	_	shortpause	_	none	_	_	_	_	_	_
235-4	BZ004	235	4	leggere	leggere	_	_	_	_	_	linguistic	_	none	_	_	_	_	_	_
235-5	BZ004	235	5	i	i	_	_	_	_	_	linguistic	_	none	_	_	_	_	_	_
235-6	BZ004	235	6	nomi	nomi	_	_	_	_	_	linguistic	_	none	_	_	_	_	_	_
235-7	BZ004	235	7	dei	dei	_	_	_	_	_	linguistic	_	none	_	_	_	_	_	_
235-8	BZ004	235	8	negozi	negozi	_	_	_	_	_	linguistic	_	none	_	_	_	_	_	_
235-9	BZ004	235	9	oppure	oppure	_	_	_	_	_	linguistic	_	none	_	_	_	_	_	_
235-10	BZ004	235	10	leggere	leggere	_	_	_	_	_	linguistic	_	none	_	_	_	_	_	_
235-11	BZ004	235	11	de-	de-	_	_	_	_	_	linguistic	_	none	Interrupted=Yes	_	_	_	_	_
235-12	BZ004	235	12	dei	dei	_	_	_	_	_	linguistic	_	none	_	_	_	_	_	_
235-13	BZ004	235	13	libri	libri	_	_	_	_	_	linguistic	_	none	_	_	_	_	_	_
235-14	BZ004	235	14	anche	anche	_	_	_	_	_	linguistic	_	none	_	_	_	_	_	_
235-15	BZ004	235	15	scritti	scritti	_	_	_	_	_	linguistic	_	none	_	_	_	_	_	_
235-16	BZ004	235	16	in	in	_	_	_	_	_	linguistic	_	none	_	_	_	_	_	_
235-17	BZ004	235	17	tede-	tede-	_	_	_	_	_	linguistic	_	none	Interrupted=Yes	_	_	_	_	_
235-18	BZ004	235	18	cioè	cioè	_	_	_	_	_	linguistic	_	none	PauseAfter=Yes	_	_	_	_	_
235-19	BZ004	235	19	(.)	(.)	_	_	_	_	_	shortpause	_	none	_	_	_	_	_	_
235-20	BZ004	235	20	è	è	_	_	_	_	_	linguistic	_	none	_	_	_	_	_	_
235-21	BZ004	235	21	molto	molto	_	_	_	_	_	linguistic	_	none	_	_	_	_	_	_
235-22	BZ004	235	22	bella	bella	_	_	_	_	_	linguistic	_	none	_	_	_	_	_	_
235-23	BZ004	235	23	questa	questa	_	_	_	_	_	linguistic	_	none	_	_	_	_	_	_
235-24	BZ004	235	24	cosa	cosa	_	_	_	_	_	linguistic	_	none	_	_	_	_	_	_
235-25	BZ004	235	25	qua.	qua	_	_	_	_	_	linguistic	_	none	Intonation=Falling	End=582.306	_	_	_	_
236-0	BZ001	236	0	mh	mh	_	_	_	_	_	linguistic	_	none	ProsodicLink=Yes	Begin=582.616	_	_	_	_
236-1	BZ001	236	1	mh.	mh	_	_	_	_	_	linguistic	_	none	Intonation=Falling	End=583.006	_	_	_	_
237-0	BZ004	237	0	è	è	_	_	_	_	_	linguistic	_	none	_	Begin=583.006	_	_	_	_
237-1	BZ004	237	1	molto	molto	_	_	_	_	_	linguistic	_	none	_	_	_	_	_	_
237-2	BZ004	237	2	bella.	bella	_	_	_	_	_	linguistic	_	none	Intonation=Falling	_	_	_	_	_
237-3	BZ004	237	3	come	come	_	_	_	_	_	linguistic	_	none	_	_	_	_	_	_
237-4	BZ004	237	4	te	te	_	_	_	_	_	linguistic	_	none	_	_	_	_	_	_
237-5	BZ004	237	5	insomma	insomma	_	_	_	_	_	linguistic	_	none	_	_	_	_	_	_
237-6	BZ004	237	6	no?	no	_	_	_	_	_	linguistic	_	none	Intonation=Rising	End=584.956	_	_	_	_
238-0	BZ004	238	0	che	che	_	_	_	_	_	linguistic	_	none	_	Begin=585.376	_	_	_	_
238-1	BZ004	238	1	che	che	_	_	_	_	_	linguistic	_	none	_	_	_	_	_	_
238-2	BZ004	238	2	studi:	studi	_	_	_	_	_	linguistic	_	none	_	End=586.616	4x1	_	_	_
239-0	BZ004	239	0	no	no	_	_	_	_	_	linguistic	_	none	_	Begin=587.566	_	_	_	_
239-1	BZ004	239	1	no	no	_	_	_	_	_	linguistic	_	none	_	_	_	_	_	_
239-2	BZ004	239	2	è:	è	_	_	_	_	_	linguistic	_	none	_	_	0x1	_	_	_
239-3	BZ004	239	3	è	è	_	_	_	_	_	linguistic	_	none	_	_	_	_	_	_
239-4	BZ004	239	4	è	è	_	_	_	_	_	linguistic	_	none	_	_	_	_	_	_
239-5	BZ004	239	5	migliorata	migliorata	_	_	_	_	_	linguistic	_	none	_	_	_	_	_	_
239-6	BZ004	239	6	molto	molto	_	_	_	_	_	linguistic	_	none	_	_	_	_	_	_
239-7	BZ004	239	7	insomma	insomma	_	_	_	_	_	linguistic	_	none	_	_	_	_	_	_
239-8	BZ004	239	8	noi	noi	_	_	_	_	_	linguistic	_	none	_	_	_	_	_	_
239-9	BZ004	239	9	eh::	eh	_	_	_	_	_	linguistic	_	none	_	_	1x2	_	_	_
239-10	BZ004	239	10	i-	i-	_	_	_	_	_	linguistic	_	none	Interrupted=Yes	_	_	_	_	_
239-11	BZ004	239	11	innanzitutto,	innanzitutto	_	_	_	_	_	linguistic	_	none	Intonation=WeaklyRising	_	_	_	_	_
239-12	BZ004	239	12	no-	no-	_	_	_	_	_	linguistic	_	none	Interrupted=Yes	_	_	_	_	_
239-13	BZ004	239	13	non	non	_	_	_	_	_	linguistic	_	none	_	_	_	_	_	_
239-14	BZ004	239	14	abbiamo	abbiamo	_	_	_	_	_	linguistic	_	none	_	_	_	_	_	_
239-15	BZ004	239	15	studiato	studiato	_	_	_	_	_	linguistic	_	none	_	End=595.136	_	_	_	_
240-0	BZ004	240	0	tanto	tanto	_	_	_	_	_	linguistic	_	none	_	Begin=595.636	_	_	_	_
240-1	BZ004	240	1	no?	no	_	_	_	_	_	linguistic	_	none	Intonation=Rising	End=596.516	_	_	_	_
241-0	BZ004	241	0	[perché]	perché	_	_	_	_	_	linguistic	_	none	_	Begin=597.111	_	_	_	0-6(48)
241-1	BZ004	241	1	noi	noi	_	_	_	_	_	linguistic	_	none	_	_	_	_	_	_
241-2	BZ004	241	2	della	della	_	_	_	_	_	linguistic	_	none	_	_	_	_	_	_
241-3	BZ004	241	3	nostra	nostra	_	_	_	_	_	linguistic	_	none	_	_	_	_	_	_
241-4	BZ004	241	4	età,	età	_	_	_	_	_	linguistic	_	none	Intonation=WeaklyRising	_	_	_	_	_
241-5	BZ004	241	5	a:	a	_	_	_	_	_	linguistic	_	none	_	_	0x1	_	_	_
241-6	BZ004	241	6	andavamo	andavamo	_	_	_	_	_	linguistic	_	none	_	_	_	_	_	_
241-7	BZ004	241	7	alla	alla	_	_	_	_	_	linguistic	_	none	_	_	_	_	_	_
241-8	BZ004	241	8	quinta	quinta	_	_	_	_	_	linguistic	_	none	_	_	_	_	_	_
241-9	BZ004	241	9	elementare	elementare	_	_	_	_	_	linguistic	_	none	_	_	_	_	_	_
241-10	BZ004	241	10	o	o	_	_	_	_	_	linguistic	_	none	_	_	_	_	_	_
241-11	BZ004	241	11	alla	alla	_	_	_	_	_	linguistic	_	none	_	_	_	_	_	_
241-12	BZ004	241	12	terza	terza	_	_	_	_	_	linguistic	_	none	_	_	_	_	_	_
241-13	BZ004	241	13	media.	media	_	_	_	_	_	linguistic	_	none	Intonation=Falling|PauseAfter=Yes	_	_	_	_	_
241-14	BZ004	241	14	(.)	(.)	_	_	_	_	_	shortpause	_	none	_	_	_	_	_	_
241-15	BZ004	241	15	il	il	_	_	_	_	_	linguistic	_	none	_	_	_	_	_	_
241-16	BZ004	241	16	massimo	massimo	_	_	_	_	_	linguistic	_	none	_	_	_	_	_	_
241-17	BZ004	241	17	alla	alla	_	_	_	_	_	linguistic	_	none	_	_	_	_	_	_
241-18	BZ004	241	18	terza	terza	_	_	_	_	_	linguistic	_	none	_	_	_	_	_	_
241-19	BZ004	241	19	[media].	media	_	_	_	_	_	linguistic	_	none	Intonation=Falling	_	_	_	_	0-5(49)
241-20	BZ004	241	20	perché	perché	_	_	_	_	_	linguistic	_	none	_	_	_	_	_	_
241-21	BZ004	241	21	io	io	_	_	_	_	_	linguistic	_	none	_	_	_	_	_	_
241-22	BZ004	241	22	ho	ho	_	_	_	_	_	linguistic	_	none	_	_	_	_	_	_
241-23	BZ004	241	23	fatto	fatto	_	_	_	_	_	linguistic	_	none	_	_	_	_	_	_
241-24	BZ004	241	24	la	la	_	_	_	_	_	linguistic	_	none	_	_	_	_	_	_
241-25	BZ004	241	25	prima,	prima	_	_	_	_	_	linguistic	_	none	Intonation=WeaklyRising	End=605.631	_	_	_	_
242-0	BZ001	242	0	[mh	mh	_	_	_	_	_	linguistic	_	none	ProsodicLink=Yes	Begin=597.131	_	_	_	0-2(48)
242-1	BZ001	242	1	mh].	mh	_	_	_	_	_	linguistic	_	none	Intonation=Falling	End=597.561	_	_	_	0-2(48)
243-0	BZ001	243	0	[mh]	mh	_	_	_	_	_	linguistic	_	none	_	Begin=603.646|End=603.846	_	_	_	0-2(49)
244-0	BZ004	244	0	poi	poi	_	_	_	_	_	linguistic	_	none	_	Begin=606.541	_	_	_	_
244-1	BZ004	244	1	non	non	_	_	_	_	_	linguistic	_	none	_	_	_	_	_	_
244-2	BZ004	244	2	ho	ho	_	_	_	_	_	linguistic	_	none	_	_	_	_	_	_
244-3	BZ004	244	3	più	più	_	_	_	_	_	linguistic	_	none	_	_	_	_	_	_
244-4	BZ004	244	4	voluto	voluto	_	_	_	_	_	linguistic	_	none	_	_	_	_	_	_
244-5	BZ004	244	5	studiare,	studiare	_	_	_	_	_	linguistic	_	none	Intonation=WeaklyRising	_	_	_	_	_
244-6	BZ004	244	6	ho	ho	_	_	_	_	_	linguistic	_	none	_	_	_	_	_	_
244-7	BZ004	244	7	voluto	voluto	_	_	_	_	_	linguistic	_	none	_	_	_	_	_	_
244-8	BZ004	244	8	andare	andare	_	_	_	_	_	linguistic	_	none	_	_	_	_	_	_
244-9	BZ004	244	9	imparare	imparare	_	_	_	_	_	linguistic	_	none	_	_	_	_	_	_
244-10	BZ004	244	10	la	la	_	_	_	_	_	linguistic	_	none	_	_	_	_	_	_
244-11	BZ004	244	11	sar[ta].	sarta	_	_	_	_	_	linguistic	_	none	Intonation=Falling	End=609.82	_	_	_	3-5(50)
245-0	BZ001	245	0	[la]	la	_	_	_	_	_	linguistic	_	none	_	Begin=609.665	_	_	_	0-2(50)
245-1	BZ001	245	1	sarta.	sarta	_	_	_	_	_	linguistic	_	none	Intonation=Falling	End=610.295	_	_	_	_
246-0	BZ004	246	0	non	non	_	_	_	_	_	linguistic	_	none	_	Begin=610.445	_	_	_	_
246-1	BZ004	246	1	perché	perché	_	_	_	_	_	linguistic	_	none	_	_	_	_	_	_
246-2	BZ004	246	2	mio	mio	_	_	_	_	_	linguistic	_	none	_	_	_	_	_	_
246-3	BZ004	246	3	papà	papà	_	_	_	_	_	linguistic	_	none	_	_	_	_	_	_
246-4	BZ004	246	4	non	non	_	_	_	_	_	linguistic	_	none	_	_	_	_	_	_
246-5	BZ004	246	5	volesse.	volesse	_	_	_	_	_	linguistic	_	none	Intonation=Falling	End=612.185	_	_	_	_
247-0	BZ001	247	0	era	era	_	_	_	_	_	linguistic	_	none	_	Begin=612.27	_	_	_	_
247-1	BZ001	247	1	una	una	_	_	_	_	_	linguistic	_	none	_	_	_	_	_	_
247-2	BZ001	247	2	tua	tua	_	_	_	_	_	linguistic	_	none	_	_	_	_	_	_
247-3	BZ001	247	3	scelta?	scelta	_	_	_	_	_	linguistic	_	none	Intonation=Rising	End=613.1225	_	_	_	_
248-0	BZ004	248	0	ecco.	ecco	_	_	_	_	_	linguistic	_	none	Intonation=Falling	Begin=613.1225	_	_	_	_
248-1	BZ004	248	1	era	era	_	_	_	_	_	linguistic	_	none	_	_	_	_	_	_
248-2	BZ004	248	2	una	una	_	_	_	_	_	linguistic	_	none	_	_	_	_	_	_
248-3	BZ004	248	3	mia	mia	_	_	_	_	_	linguistic	_	none	_	_	_	_	_	_
248-4	BZ004	248	4	scelta,	scelta	_	_	_	_	_	linguistic	_	none	Intonation=WeaklyRising	_	_	_	_	_
248-5	BZ004	248	5	e	e	_	_	_	_	_	linguistic	_	none	_	_	_	_	_	_
248-6	BZ004	248	6	basta.	basta	_	_	_	_	_	linguistic	_	none	Intonation=Falling	End=615.215	_	_	_	_
249-0	BZ004	249	0	[perciò],	perciò	_	_	_	_	_	linguistic	_	none	Intonation=WeaklyRising	Begin=616.2|End=616.66	_	_	_	0-6(51)
250-0	BZ001	250	0	[e]	e	_	_	_	_	_	linguistic	_	none	PauseAfter=Yes	Begin=616.205	_	_	_	0-1(51)
250-1	BZ001	250	1	(.)	(.)	_	_	_	_	_	shortpause	_	none	_	_	_	_	_	_
250-2	BZ001	250	2	e	e	_	_	_	_	_	linguistic	_	none	_	_	_	_	_	_
250-3	BZ001	250	3	che	che	_	_	_	_	_	linguistic	_	none	_	_	_	_	_	_
250-4	BZ001	250	4	cosa	cosa	_	_	_	_	_	linguistic	_	none	_	_	_	_	_	_
250-5	BZ001	250	5	studiavi	studiavi	_	_	_	_	_	linguistic	_	none	_	_	_	_	_	_
250-6	BZ001	250	6	a	a	_	_	_	_	_	linguistic	_	none	_	_	_	_	_	_
250-7	BZ001	250	7	scuola?	scuola	_	_	_	_	_	linguistic	_	none	Intonation=Rising	_	_	_	_	_
250-8	BZ001	250	8	mi	mi	_	_	_	_	_	linguistic	_	none	_	_	_	_	_	_
250-9	BZ001	250	9	hai	hai	_	_	_	_	_	linguistic	_	none	_	_	_	_	_	_
250-10	BZ001	250	10	fatto	fatto	_	_	_	_	_	linguistic	_	none	_	_	_	_	_	_
250-11	BZ001	250	11	vedere	vedere	_	_	_	_	_	linguistic	_	none	_	_	_	_	_	_
250-12	BZ001	250	12	la	la	_	_	_	_	_	linguistic	_	none	_	_	_	_	_	_
250-13	BZ001	250	13	pagella	pagella	_	_	_	_	_	linguistic	_	none	_	_	_	_	_	_
250-14	BZ001	250	14	una	una	_	_	_	_	_	linguistic	_	none	_	_	_	_	_	_
250-15	BZ001	250	15	volta	volta	_	_	_	_	_	linguistic	_	none	_	_	_	_	_	_
250-16	BZ001	250	16	forse	forse	_	_	_	_	_	linguistic	_	none	_	_	_	_	_	_
250-17	BZ001	250	17	vero?	vero	_	_	_	_	_	linguistic	_	none	Intonation=Rising	_	_	_	_	_
250-18	BZ001	250	18	hai	hai	_	_	_	_	_	linguistic	_	none	_	_	_	_	_	_
250-19	BZ001	250	19	ancora	ancora	_	_	_	_	_	linguistic	_	none	_	_	_	_	_	_
250-20	BZ001	250	20	la	la	_	_	_	_	_	linguistic	_	none	_	_	_	_	_	_
250-21	BZ001	250	21	pagella.	pagella	_	_	_	_	_	linguistic	_	none	Intonation=Falling	End=620.825	_	_	_	_
251-0	BZ004	251	0	sì	sì	_	_	_	_	_	linguistic	_	none	_	Begin=620.815	_	_	_	_
251-1	BZ004	251	1	non	non	_	_	_	_	_	linguistic	_	none	_	_	_	_	_	_
251-2	BZ004	251	2	so	so	_	_	_	_	_	linguistic	_	none	_	_	_	_	_	_
251-3	BZ004	251	3	xx	xx	_	_	_	_	_	unknown	_	none	PauseAfter=Yes|Syllables=2	_	_	_	_	_
251-4	BZ004	251	4	(.)	(.)	_	_	_	_	_	shortpause	_	none	_	_	_	_	_	_
251-5	BZ004	251	5	[devo	devo	_	_	_	_	_	linguistic	_	none	_	_	_	_	_	0-4(53)
251-6	BZ004	251	6	aver-]	aver-	_	_	_	_	_	linguistic	_	none	Interrupted=Yes	End=622.735	_	_	_	0-5(53)
252-0	BZ001	252	0	[che	che	_	_	_	_	_	linguistic	_	none	_	Begin=622.13	_	_	_	0-3(53)
252-1	BZ001	252	1	materie:]	materie	_	_	_	_	_	linguistic	_	none	_	_	6x1	_	_	0-7(53)
252-2	BZ001	252	2	t-	t-	_	_	_	_	_	linguistic	_	none	Interrupted=Yes	_	_	_	_	_
252-3	BZ001	252	3	c-	c-	_	_	_	_	_	linguistic	_	none	Interrupted=Yes	_	_	_	_	_
252-4	BZ001	252	4	c'	c'	_	_	_	_	_	linguistic	_	none	SpaceAfter=No	_	_	_	_	_
252-5	BZ001	252	5	erano	erano	_	_	_	_	_	linguistic	_	none	_	_	_	_	_	_
252-6	BZ001	252	6	che	che	_	_	_	_	_	linguistic	_	none	_	_	_	_	_	_
252-7	BZ001	252	7	ti	ti	_	_	_	_	_	linguistic	_	none	_	_	_	_	_	_
252-8	BZ001	252	8	ricordi?	ricordi	_	_	_	_	_	linguistic	_	none	Intonation=Rising	_	_	_	_	_
252-9	BZ001	252	9	com'	com'	_	_	_	_	_	linguistic	_	none	SpaceAfter=No	_	_	_	_	_
252-10	BZ001	252	10	era	era	_	_	_	_	_	linguistic	_	none	_	_	_	_	_	_
252-11	BZ001	252	11	la	la	_	_	_	_	_	linguistic	_	none	_	_	_	_	_	_
252-12	BZ001	252	12	scuola?	scuola	_	_	_	_	_	linguistic	_	none	Intonation=Rising	End=625.78	_	_	_	_
253-0	BZ004	253	0	eh	eh	_	_	_	_	_	linguistic	_	none	_	Begin=626.61	_	_	_	_
253-1	BZ004	253	1	be'	be'	_	_	_	_	_	linguistic	_	none	Truncated=Yes	_	_	_	_	_
253-2	BZ004	253	2	la	la	_	_	_	_	_	linguistic	_	none	_	_	_	_	_	_
253-3	BZ004	253	3	scuola,	scuola	_	_	_	_	_	linguistic	_	none	Intonation=WeaklyRising	_	_	_	_	_
253-4	BZ004	253	4	era	era	_	_	_	_	_	linguistic	_	none	_	_	_	_	_	_
253-5	BZ004	253	5	una	una	_	_	_	_	_	linguistic	_	none	_	_	_	_	_	_
253-6	BZ004	253	6	buona	buona	_	_	_	_	_	linguistic	_	none	_	_	_	_	_	_
253-7	BZ004	253	7	eh	eh	_	_	_	_	_	linguistic	_	none	_	_	_	_	_	_
253-8	BZ004	253	8	delle	delle	_	_	_	_	_	linguistic	_	none	_	_	_	_	_	_
253-9	BZ004	253	9	elemen[tari	elementari	_	_	_	_	_	linguistic	_	none	_	_	_	_	_	6-10(54)
253-10	BZ004	253	10	dici]?	dici	_	_	_	_	_	linguistic	_	none	Intonation=Rising	End=630.64	_	_	_	0-4(54)
254-0	BZ001	254	0	[sì	sì	_	_	_	_	_	linguistic	_	none	_	Begin=629.84	_	_	_	0-2(54)
254-1	BZ001	254	1	sì].	sì	_	_	_	_	_	linguistic	_	none	Intonation=Falling	End=630.67	_	_	_	0-2(54)
255-0	BZ004	255	0	era	era	_	_	_	_	_	linguistic	_	none	_	Begin=630.82	_	_	_	_
255-1	BZ004	255	1	una	una	_	_	_	_	_	linguistic	_	none	_	_	_	_	_	_
255-2	BZ004	255	2	buona	buona	_	_	_	_	_	linguistic	_	none	_	_	_	_	_	_
255-3	BZ004	255	3	scuola,	scuola	_	_	_	_	_	linguistic	_	none	Intonation=WeaklyRising	_	_	_	_	_
255-4	BZ004	255	4	c'	c'	_	_	_	_	_	linguistic	_	none	SpaceAfter=No	_	_	_	_	_
255-5	BZ004	255	5	era	era	_	_	_	_	_	linguistic	_	none	_	_	_	_	_	_
255-6	BZ004	255	6	una	una	_	_	_	_	_	linguistic	_	none	_	_	_	_	_	_
255-7	BZ004	255	7	maestra	maestra	_	_	_	_	_	linguistic	_	none	_	_	_	_	_	_
255-8	BZ004	255	8	che	che	_	_	_	_	_	linguistic	_	none	_	_	_	_	_	_
255-9	BZ004	255	9	anche	anche	_	_	_	_	_	linguistic	_	none	_	_	_	_	_	_
255-10	BZ004	255	10	allo-	allo-	_	_	_	_	_	linguistic	_	none	Interrupted=Yes	_	_	_	_	_
255-11	BZ004	255	11	ah	ah	_	_	_	_	_	linguistic	_	none	_	_	_	_	_	_
255-12	BZ004	255	12	pensa	pensa	_	_	_	_	_	linguistic	_	none	_	_	_	_	_	_
255-13	BZ004	255	13	anche	anche	_	_	_	_	_	linguistic	_	none	_	_	_	_	_	_
255-14	BZ004	255	14	allora	allora	_	_	_	_	_	linguistic	_	none	_	_	_	_	_	_
255-15	BZ004	255	15	le	le	_	_	_	_	_	linguistic	_	none	_	_	_	_	_	_
255-16	BZ004	255	16	maestre,	maestre	_	_	_	_	_	linguistic	_	none	Intonation=WeaklyRising	_	_	_	_	_
255-17	BZ004	255	17	erano,	erano	_	_	_	_	_	linguistic	_	none	Intonation=WeaklyRising	_	_	_	_	_
255-18	BZ004	255	18	viaggiavano.	viaggiavano	_	_	_	_	_	linguistic	_	none	Intonation=Falling	End=637.65	_	_	_	_
256-0	BZ004	256	0	perché	perché	_	_	_	_	_	linguistic	_	none	_	Begin=638.09	_	_	_	_
256-1	BZ004	256	1	la	la	_	_	_	_	_	linguistic	_	none	_	_	_	_	_	_
256-2	BZ004	256	2	[mia	mia	_	_	_	_	_	linguistic	_	none	_	_	_	_	_	0-3(55)
256-3	BZ004	256	3	maestra]	maestra	_	_	_	_	_	linguistic	_	none	_	_	_	_	_	0-7(55)
256-4	BZ004	256	4	di	di	_	_	_	_	_	linguistic	_	none	_	_	_	_	_	_
256-5	BZ004	256	5	@nomeluogo	@nomeluogo	_	_	_	_	_	anonymized	_	none	_	_	_	_	_	_
256-6	BZ004	256	6	veniva	veniva	_	_	_	_	_	linguistic	_	none	_	_	_	_	_	_
256-7	BZ004	256	7	dalla	dalla	_	_	_	_	_	linguistic	_	none	_	_	_	_	_	_
256-8	BZ004	256	8	toscana,	toscana	_	_	_	_	_	linguistic	_	none	Intonation=WeaklyRising	End=641.82	_	_	_	_
257-0	BZ001	257	0	[ah	ah	_	_	_	_	_	linguistic	_	none	_	Begin=638.49	_	_	_	0-2(55)
257-1	BZ001	257	1	sì]?	sì	_	_	_	_	_	linguistic	_	none	Intonation=Rising	End=638.96	_	_	_	0-2(55)
258-0	BZ001	258	0	ah.	ah	_	_	_	_	_	linguistic	_	none	Intonation=Falling	Begin=642.2|End=642.5	_	_	_	_
259-0	BZ001	259	0	ma	ma	_	_	_	_	_	linguistic	_	none	_	Begin=643.225	_	_	_	_
259-1	BZ001	259	1	era	era	_	_	_	_	_	linguistic	_	none	_	_	_	_	_	_
259-2	BZ001	259	2	originaria	originaria	_	_	_	_	_	linguistic	_	none	_	_	_	_	_	_
259-3	BZ001	259	3	della	della	_	_	_	_	_	linguistic	_	none	_	_	_	_	_	_
259-4	BZ001	259	4	toscana	toscana	_	_	_	_	_	linguistic	_	none	_	_	_	_	_	_
259-5	BZ001	259	5	e	e	_	_	_	_	_	linguistic	_	none	_	_	_	_	_	_
259-6	BZ001	259	6	si	si	_	_	_	_	_	linguistic	_	none	_	_	_	_	_	_
259-7	BZ001	259	7	era	era	_	_	_	_	_	linguistic	_	none	_	_	_	_	_	_
259-8	BZ001	259	8	trasferita	trasferita	_	_	_	_	_	linguistic	_	none	_	_	_	_	_	_
259-9	BZ001	259	9	in	in	_	_	_	_	_	linguistic	_	none	_	_	_	_	_	_
259-10	BZ001	259	10	[veneto]?	veneto	_	_	_	_	_	linguistic	_	none	Intonation=Rising	End=646.085	_	_	_	0-6(56)
260-0	BZ004	260	0	[eh	eh	_	_	_	_	_	linguistic	_	none	_	Begin=645.7	_	_	_	0-2(56)
260-1	BZ004	260	1	per]	per	_	_	_	_	_	linguistic	_	none	_	_	_	_	_	0-3(56)
260-2	BZ004	260	2	forza.	forza	_	_	_	_	_	linguistic	_	none	Intonation=Falling	End=646.76	_	_	_	_
261-0	BZ004	261	0	la	la	_	_	_	_	_	linguistic	_	none	_	Begin=647.135	_	_	_	_
261-1	BZ004	261	1	mae-	mae-	_	_	_	_	_	linguistic	_	none	Interrupted=Yes	_	_	_	_	_
261-2	BZ004	261	2	come	come	_	_	_	_	_	linguistic	_	none	_	_	_	_	_	_
261-3	BZ004	261	3	adesso	adesso	_	_	_	_	_	linguistic	_	none	_	_	_	_	_	_
261-4	BZ004	261	4	le	le	_	_	_	_	_	linguistic	_	none	_	_	_	_	_	_
261-5	BZ004	261	5	maestre.	maestre	_	_	_	_	_	linguistic	_	none	Intonation=Falling	End=649.005	_	_	_	_
262-0	BZ004	262	0	anche	anche	_	_	_	_	_	linguistic	_	none	_	Begin=649.805	_	_	_	_
262-1	BZ004	262	1	allora	allora	_	_	_	_	_	linguistic	_	none	_	_	_	_	_	_
262-2	BZ004	262	2	le	le	_	_	_	_	_	linguistic	_	none	_	_	_	_	_	_
262-3	BZ004	262	3	maestre	maestre	_	_	_	_	_	linguistic	_	none	_	_	_	_	_	_
262-4	BZ004	262	4	si	si	_	_	_	_	_	linguistic	_	none	_	_	_	_	_	_
262-5	BZ004	262	5	trasferivano.	trasferivano	_	_	_	_	_	linguistic	_	none	Intonation=Falling	End=652.195	_	_	_	_
263-0	BZ001	263	0	ah	ah	_	_	_	_	_	linguistic	_	none	_	Begin=652.245	_	_	_	_
263-1	BZ001	263	1	e	e	_	_	_	_	_	linguistic	_	none	_	_	_	_	_	_
263-2	BZ001	263	2	lei	lei	_	_	_	_	_	linguistic	_	none	_	_	_	_	_	_
263-3	BZ001	263	3	cosa	cosa	_	_	_	_	_	linguistic	_	none	_	_	_	_	_	_
263-4	BZ001	263	4	insegnava?	insegnava	_	_	_	_	_	linguistic	_	none	Intonation=Rising	End=653.625	_	_	_	_
264-0	BZ004	264	0	eh	eh	_	_	_	_	_	linguistic	_	none	_	Begin=654.21	_	_	_	_
264-1	BZ004	264	1	insegnava	insegnava	_	_	_	_	_	linguistic	_	none	_	_	_	_	_	_
264-2	BZ004	264	2	l'	l'	_	_	_	_	_	linguistic	_	none	SpaceAfter=No	_	_	_	_	_
264-3	BZ004	264	3	italiano.	italiano	_	_	_	_	_	linguistic	_	none	Intonation=Falling	End=655.83	_	_	_	_
265-0	BZ001	265	0	ah.	ah	_	_	_	_	_	linguistic	_	none	Intonation=Falling	Begin=655.835|End=656.065	_	_	_	_
266-0	BZ004	266	0	era	era	_	_	_	_	_	linguistic	_	none	_	Begin=656.415	_	_	_	_
266-1	BZ004	266	1	una	una	_	_	_	_	_	linguistic	_	none	_	_	_	_	_	_
266-2	BZ004	266	2	brava,	brava	_	_	_	_	_	linguistic	_	none	Intonation=WeaklyRising	_	_	_	_	_
266-3	BZ004	266	3	una	una	_	_	_	_	_	linguistic	_	none	_	_	_	_	_	_
266-4	BZ004	266	4	brava	brava	_	_	_	_	_	linguistic	_	none	_	_	_	_	_	_
266-5	BZ004	266	5	maestra.	maestra	_	_	_	_	_	linguistic	_	none	Intonation=Falling	End=658.655	_	_	_	_
267-0	BZ001	267	0	e	e	_	_	_	_	_	linguistic	_	none	_	Begin=658.77	_	_	_	_
267-1	BZ001	267	1	cosa	cosa	_	_	_	_	_	linguistic	_	none	_	_	_	_	_	_
267-2	BZ001	267	2	ti	ti	_	_	_	_	_	linguistic	_	none	_	_	_	_	_	_
267-3	BZ001	267	3	piaceva	piaceva	_	_	_	_	_	linguistic	_	none	_	_	_	_	_	_
267-4	BZ001	267	4	a	a	_	_	_	_	_	linguistic	_	none	_	_	_	_	_	_
267-5	BZ001	267	5	scuola?	scuola	_	_	_	_	_	linguistic	_	none	Intonation=Rising	_	_	_	_	_
267-6	BZ001	267	6	e	e	_	_	_	_	_	linguistic	_	none	_	_	_	_	_	_
267-7	BZ001	267	7	cosa	cosa	_	_	_	_	_	linguistic	_	none	_	_	_	_	_	_
267-8	BZ001	267	8	invece	invece	_	_	_	_	_	linguistic	_	none	_	_	_	_	_	_
267-9	BZ001	267	9	non	non	_	_	_	_	_	linguistic	_	none	_	_	_	_	_	_
267-10	BZ001	267	10	ti	ti	_	_	_	_	_	linguistic	_	none	_	_	_	_	_	_
267-11	BZ001	267	11	piaceva?	piaceva	_	_	_	_	_	linguistic	_	none	Intonation=Rising	End=661.59	_	_	_	_
268-0	BZ004	268	0	eh	eh	_	_	_	_	_	linguistic	_	none	_	Begin=661.895	_	_	_	_
268-1	BZ004	268	1	la	la	_	_	_	_	_	linguistic	_	none	_	_	_	_	_	_
268-2	BZ004	268	2	matematica,	matematica	_	_	_	_	_	linguistic	_	none	Intonation=WeaklyRising	End=663.205	_	_	_	_
269-0	BZ001	269	0	ti	ti	_	_	_	_	_	linguistic	_	none	_	Begin=663.475	_	_	_	_
269-1	BZ001	269	1	piaceva	piaceva	_	_	_	_	_	linguistic	_	none	_	_	_	_	_	_
269-2	BZ001	269	2	o	o	_	_	_	_	_	linguistic	_	none	_	_	_	_	_	_
269-3	BZ001	269	3	no?	no	_	_	_	_	_	linguistic	_	none	Intonation=Rising	End=664.325	_	_	_	_
270-0	BZ004	270	0	no.	no	_	_	_	_	_	linguistic	_	none	Intonation=Falling	Begin=664.445|End=664.87	_	_	_	_
271-0	BZ001	271	0	non	non	_	_	_	_	_	linguistic	_	none	_	Begin=664.87	_	_	_	_
271-1	BZ001	271	1	ti	ti	_	_	_	_	_	linguistic	_	none	_	_	_	_	_	_
271-2	BZ001	271	2	piaceva.	piaceva	_	_	_	_	_	linguistic	_	none	Intonation=Falling	End=665.675	_	_	_	_
272-0	BZ004	272	0	no,	no	_	_	_	_	_	linguistic	_	none	Intonation=WeaklyRising	Begin=665.685	_	_	_	_
272-1	BZ004	272	1	infatti	infatti	_	_	_	_	_	linguistic	_	none	_	_	_	_	_	_
272-2	BZ004	272	2	per	per	_	_	_	_	_	linguistic	_	none	_	_	_	_	_	_
272-3	BZ004	272	3	questo	questo	_	_	_	_	_	linguistic	_	none	_	_	_	_	_	_
272-4	BZ004	272	4	che	che	_	_	_	_	_	linguistic	_	none	_	_	_	_	_	_
272-5	BZ004	272	5	io	io	_	_	_	_	_	linguistic	_	none	_	_	_	_	_	_
272-6	BZ004	272	6	non	non	_	_	_	_	_	linguistic	_	none	_	_	_	_	_	_
272-7	BZ004	272	7	sono	sono	_	_	_	_	_	linguistic	_	none	_	_	_	_	_	_
272-8	BZ004	272	8	andata	andata	_	_	_	_	_	linguistic	_	none	_	_	_	_	_	_
272-9	BZ004	272	9	avanti	avanti	_	_	_	_	_	linguistic	_	none	_	_	_	_	_	_
272-10	BZ004	272	10	neanche	neanche	_	_	_	_	_	linguistic	_	none	_	_	_	_	_	_
272-11	BZ004	272	11	fare	fare	_	_	_	_	_	linguistic	_	none	_	_	_	_	_	_
272-12	BZ004	272	12	la	la	_	_	_	_	_	linguistic	_	none	_	_	_	_	_	_
272-13	BZ004	272	13	terza,	terza	_	_	_	_	_	linguistic	_	none	Intonation=WeaklyRising	End=669.665	_	_	_	_
273-0	BZ004	273	0	la	la	_	_	_	_	_	linguistic	_	none	_	Begin=670.38	_	_	_	_
273-1	BZ004	273	1	terza	terza	_	_	_	_	_	linguistic	_	none	_	_	_	_	_	_
273-2	BZ004	273	2	media.	media	_	_	_	_	_	linguistic	_	none	Intonation=Falling	End=671.48	_	_	_	_
274-0	BZ004	274	0	e:	e	_	_	_	_	_	linguistic	_	none	_	Begin=672.255	0x1	_	_	_
274-1	BZ004	274	1	mi	mi	_	_	_	_	_	linguistic	_	none	_	_	_	_	_	_
274-2	BZ004	274	2	piaceva	piaceva	_	_	_	_	_	linguistic	_	none	_	_	_	_	_	_
274-3	BZ004	274	3	l'	l'	_	_	_	_	_	linguistic	_	none	SpaceAfter=No	_	_	_	_	_
274-4	BZ004	274	4	italiano.	italiano	_	_	_	_	_	linguistic	_	none	Intonation=Falling	End=674.065	_	_	_	_
275-0	BZ004	275	0	quello	quello	_	_	_	_	_	linguistic	_	none	_	Begin=675.425	_	_	_	_
275-1	BZ004	275	1	mi	mi	_	_	_	_	_	linguistic	_	none	_	_	_	_	_	_
275-2	BZ004	275	2	piaceva	piaceva	_	_	_	_	_	linguistic	_	none	_	_	_	_	_	_
275-3	BZ004	275	3	proprio.	proprio	_	_	_	_	_	linguistic	_	none	Intonation=Falling	End=676.935	_	_	_	_
276-0	BZ001	276	0	ah	ah	_	_	_	_	_	linguistic	_	none	ProsodicLink=Yes	Begin=677.295	_	_	_	_
276-1	BZ001	276	1	ah,	ah	_	_	_	_	_	linguistic	_	none	Intonation=WeaklyRising	End=677.805	_	_	_	_
277-0	BZ004	277	0	quello	quello	_	_	_	_	_	linguistic	_	none	_	Begin=677.835	_	_	_	_
277-1	BZ004	277	1	son	son	_	_	_	_	_	linguistic	_	none	_	_	_	_	_	_
277-2	BZ004	277	2	sempre	sempre	_	_	_	_	_	linguistic	_	none	_	_	_	_	_	_
277-3	BZ004	277	3	andata	andata	_	_	_	_	_	linguistic	_	none	_	_	_	_	_	_
277-4	BZ004	277	4	bene	bene	_	_	_	_	_	linguistic	_	none	_	_	_	_	_	_
277-5	BZ004	277	5	insomma	insomma	_	_	_	_	_	linguistic	_	none	_	_	_	_	_	_
277-6	BZ004	277	6	in	in	_	_	_	_	_	linguistic	_	none	_	_	_	_	_	_
277-7	BZ004	277	7	italian-	italian-	_	_	_	_	_	linguistic	_	none	Interrupted=Yes	_	_	_	_	_
277-8	BZ004	277	8	però	però	_	_	_	_	_	linguistic	_	none	_	_	_	_	_	_
277-9	BZ004	277	9	la	la	_	_	_	_	_	linguistic	_	none	_	_	_	_	_	_
277-10	BZ004	277	10	matematica	matematica	_	_	_	_	_	linguistic	_	none	_	_	_	_	_	_
277-11	BZ004	277	11	no.	no	_	_	_	_	_	linguistic	_	none	Intonation=Falling	End=681.315	_	_	_	_
278-0	BZ001	278	0	ah	ah	_	_	_	_	_	linguistic	_	none	_	Begin=681.86	_	_	_	_
278-1	BZ001	278	1	okay.	okay	_	_	_	_	_	linguistic	_	none	Intonation=Falling	End=682.51	_	_	_	_
279-0	BZ001	279	0	e	e	_	_	_	_	_	linguistic	_	none	_	Begin=682.92	_	_	_	_
279-1	BZ001	279	1	c-	c-	_	_	_	_	_	linguistic	_	none	Interrupted=Yes	_	_	_	_	_
279-2	BZ001	279	2	ehm:	ehm	_	_	_	_	_	linguistic	_	none	_	_	2x1	_	_	_
279-3	BZ001	279	3	c'	c'	_	_	_	_	_	linguistic	_	none	SpaceAfter=No	_	_	_	_	_
279-4	BZ001	279	4	era	era	_	_	_	_	_	linguistic	_	none	_	_	_	_	_	_
279-5	BZ001	279	5	qualcuno	qualcuno	_	_	_	_	_	linguistic	_	none	_	_	_	_	_	_
279-6	BZ001	279	6	che	che	_	_	_	_	_	linguistic	_	none	_	_	_	_	_	_
279-7	BZ001	279	7	già	già	_	_	_	_	_	linguistic	_	none	_	_	_	_	_	_
279-8	BZ001	279	8	non	non	_	_	_	_	_	linguistic	_	none	_	_	_	_	_	_
279-9	BZ001	279	9	so	so	_	_	_	_	_	linguistic	_	none	_	_	_	_	_	_
279-10	BZ001	279	10	poi	poi	_	_	_	_	_	linguistic	_	none	_	_	_	_	_	_
279-11	BZ001	279	11	alle	alle	_	_	_	_	_	linguistic	_	none	_	_	_	_	_	_
279-12	BZ001	279	12	alle	alle	_	_	_	_	_	linguistic	_	none	_	_	_	_	_	_
279-13	BZ001	279	13	medie	medie	_	_	_	_	_	linguistic	_	none	_	_	_	_	_	_
279-14	BZ001	279	14	o	o	_	_	_	_	_	linguistic	_	none	_	_	_	_	_	_
279-15	BZ001	279	15	così,	così	_	_	_	_	_	linguistic	_	none	Intonation=WeaklyRising	End=686.89	_	_	_	_
280-0	BZ001	280	0	studiava	studiava	_	_	_	_	_	linguistic	_	none	_	Begin=687.28	_	_	_	_
280-1	BZ001	280	1	delle	delle	_	_	_	_	_	linguistic	_	none	_	_	_	_	_	_
280-2	BZ001	280	2	lingue?	lingue	_	_	_	_	_	linguistic	_	none	Intonation=Rising	End=688.49	_	_	_	_
281-0	BZ001	281	0	a	a	_	_	_	_	_	linguistic	_	none	_	Begin=689.1	_	_	_	_
281-1	BZ001	281	1	quei	quei	_	_	_	_	_	linguistic	_	none	_	_	_	_	_	_
281-2	BZ001	281	2	tempi,	tempi	_	_	_	_	_	linguistic	_	none	Intonation=WeaklyRising	_	_	_	_	_
281-3	BZ001	281	3	oppure	oppure	_	_	_	_	_	linguistic	_	none	_	_	_	_	_	_
281-4	BZ001	281	4	è	è	_	_	_	_	_	linguistic	_	none	_	_	_	_	_	_
281-5	BZ001	281	5	una	una	_	_	_	_	_	linguistic	_	none	_	_	_	_	_	_
281-6	BZ001	281	6	cosa	cosa	_	_	_	_	_	linguistic	_	none	_	_	_	_	_	_
281-7	BZ001	281	7	che	che	_	_	_	_	_	linguistic	_	none	_	_	_	_	_	_
281-8	BZ001	281	8	proprio	proprio	_	_	_	_	_	linguistic	_	none	_	_	_	_	_	_
281-9	BZ001	281	9	non	non	_	_	_	_	_	linguistic	_	none	_	_	_	_	_	_
281-10	BZ001	281	10	[c'	c'	_	_	_	_	_	linguistic	_	none	SpaceAfter=No	_	_	_	_	0-2(57)
281-11	BZ001	281	11	era]?	era	_	_	_	_	_	linguistic	_	none	Intonation=Rising	End=691.76	_	_	_	0-3(57)
282-0	BZ004	282	0	[no].	no	_	_	_	_	_	linguistic	_	none	Intonation=Falling	Begin=691.235|End=691.755	_	_	_	0-2(57)
283-0	BZ004	283	0	non	non	_	_	_	_	_	linguistic	_	none	_	Begin=691.93	_	_	_	_
283-1	BZ004	283	1	c'	c'	_	_	_	_	_	linguistic	_	none	SpaceAfter=No	_	_	_	_	_
283-2	BZ004	283	2	era.	era	_	_	_	_	_	linguistic	_	none	Intonation=Falling	End=692.67	_	_	_	_
284-0	BZ004	284	0	a	a	_	_	_	_	_	linguistic	_	none	_	Begin=693.335	_	_	_	_
284-1	BZ004	284	1	quei	quei	_	_	_	_	_	linguistic	_	none	_	_	_	_	_	_
284-2	BZ004	284	2	tempi	tempi	_	_	_	_	_	linguistic	_	none	_	_	_	_	_	_
284-3	BZ004	284	3	no.	no	_	_	_	_	_	linguistic	_	none	Intonation=Falling	End=694.335	_	_	_	_
285-0	BZ001	285	0	be'	be'	_	_	_	_	_	linguistic	_	none	Truncated=Yes	Begin=694.59	_	_	_	_
285-1	BZ001	285	1	poi	poi	_	_	_	_	_	linguistic	_	none	_	_	_	_	_	_
285-2	BZ001	285	2	forse	forse	_	_	_	_	_	linguistic	_	none	_	_	_	_	_	_
285-3	BZ001	285	3	a	a	_	_	_	_	_	linguistic	_	none	_	_	_	_	_	_
285-4	BZ001	285	4	quei	quei	_	_	_	_	_	linguistic	_	none	_	_	_	_	_	_
285-5	BZ001	285	5	tempi:	tempi	_	_	_	_	_	linguistic	_	none	_	_	4x1	_	_	_
285-6	BZ001	285	6	che	che	_	_	_	_	_	linguistic	_	none	_	_	_	_	_	_
285-7	BZ001	285	7	anni	anni	_	_	_	_	_	linguistic	_	none	_	_	_	_	_	_
285-8	BZ001	285	8	erano?	erano	_	_	_	_	_	linguistic	_	none	Intonation=Rising	End=697.19	_	_	_	_
286-0	BZ001	286	0	quando	quando	_	_	_	_	_	linguistic	_	none	_	Begin=697.625	_	_	_	_
286-1	BZ001	286	1	hai	hai	_	_	_	_	_	linguistic	_	none	_	_	_	_	_	_
286-2	BZ001	286	2	fatto	fatto	_	_	_	_	_	linguistic	_	none	_	_	_	_	_	_
286-3	BZ001	286	3	le	le	_	_	_	_	_	linguistic	_	none	_	_	_	_	_	_
286-4	BZ001	286	4	elementari	elementari	_	_	_	_	_	linguistic	_	none	_	_	_	_	_	_
286-5	BZ001	286	5	tu?	tu	_	_	_	_	_	linguistic	_	none	Intonation=Rising	End=698.955	_	_	_	_
287-0	BZ001	287	0	fine	fine	_	_	_	_	_	linguistic	_	none	_	Begin=699.865	_	_	_	_
287-1	BZ001	287	1	degli	degli	_	_	_	_	_	linguistic	_	none	_	_	_	_	_	_
287-2	BZ001	287	2	anni	anni	_	_	_	_	_	linguistic	_	none	_	_	_	_	_	_
287-3	BZ001	287	3	trenta?	trenta	_	_	_	_	_	linguistic	_	none	Intonation=Rising	End=701.005	_	_	_	_
288-0	BZ004	288	0	eh	eh	_	_	_	_	_	linguistic	_	none	_	Begin=701.44	_	_	_	_
288-1	BZ004	288	1	erano,	erano	_	_	_	_	_	linguistic	_	none	Intonation=WeaklyRising	_	_	_	_	_
288-2	BZ004	288	2	e	e	_	_	_	_	_	linguistic	_	none	_	_	_	_	_	_
288-3	BZ004	288	3	allora	allora	_	_	_	_	_	linguistic	_	none	_	_	_	_	_	_
288-4	BZ004	288	4	se	se	_	_	_	_	_	linguistic	_	none	_	_	_	_	_	_
288-5	BZ004	288	5	io	io	_	_	_	_	_	linguistic	_	none	_	_	_	_	_	_
288-6	BZ004	288	6	sono	sono	_	_	_	_	_	linguistic	_	none	_	_	_	_	_	_
288-7	BZ004	288	7	nata	nata	_	_	_	_	_	linguistic	_	none	_	_	_	_	_	_
288-8	BZ004	288	8	nel	nel	_	_	_	_	_	linguistic	_	none	_	_	_	_	_	_
288-9	BZ004	288	9	trentacinque,	trentacinque	_	_	_	_	_	linguistic	_	none	Intonation=WeaklyRising	End=704.94	_	_	_	_
289-0	BZ001	289	0	eh.	eh	_	_	_	_	_	linguistic	_	none	Intonation=Falling	Begin=705.11|End=705.37	_	_	_	_
290-0	BZ001	290	0	[inizio:]	inizio	_	_	_	_	_	linguistic	_	none	_	Begin=706.105|End=706.855	5x1	_	_	0-6(58)
291-0	BZ004	291	0	[la	la	_	_	_	_	_	linguistic	_	none	_	Begin=706.125	_	_	_	0-2(58)
291-1	BZ004	291	1	eh:]	eh	_	_	_	_	_	linguistic	_	none	_	_	1x1	_	_	0-2(58)
291-2	BZ004	291	2	quando	quando	_	_	_	_	_	linguistic	_	none	_	_	_	_	_	_
291-3	BZ004	291	3	ho	ho	_	_	_	_	_	linguistic	_	none	_	_	_	_	_	_
291-4	BZ004	291	4	fatto	fatto	_	_	_	_	_	linguistic	_	none	_	_	_	_	_	_
291-5	BZ004	291	5	la	la	_	_	_	_	_	linguistic	_	none	_	_	_	_	_	_
291-6	BZ004	291	6	quinta	quinta	_	_	_	_	_	linguistic	_	none	_	_	_	_	_	_
291-7	BZ004	291	7	avevo	avevo	_	_	_	_	_	linguistic	_	none	_	_	_	_	_	_
291-8	BZ004	291	8	dieci	dieci	_	_	_	_	_	linguistic	_	none	_	_	_	_	_	_
291-9	BZ004	291	9	anni.	anni	_	_	_	_	_	linguistic	_	none	Intonation=Falling	_	_	_	_	_
291-10	BZ004	291	10	giusto?	giusto	_	_	_	_	_	linguistic	_	none	Intonation=Rising	End=710.295	_	_	_	_
292-0	BZ001	292	0	la	la	_	_	_	_	_	linguistic	_	none	_	Begin=710.285	_	_	_	_
292-1	BZ001	292	1	quinta	quinta	_	_	_	_	_	linguistic	_	none	_	_	_	_	_	_
292-2	BZ001	292	2	dieci	dieci	_	_	_	_	_	linguistic	_	none	_	_	_	_	_	_
292-3	BZ001	292	3	anni	anni	_	_	_	_	_	linguistic	_	none	_	_	_	_	_	_
292-4	BZ001	292	4	[sì].	sì	_	_	_	_	_	linguistic	_	none	Intonation=Falling	End=711.675	_	_	_	0-2(60)
293-0	BZ004	293	0	[eh].	eh	_	_	_	_	_	linguistic	_	none	Intonation=Falling	Begin=711.325|End=711.685	_	_	_	0-2(60)
294-0	BZ004	294	0	la	la	_	_	_	_	_	linguistic	_	none	_	Begin=711.81	_	_	_	_
294-1	BZ004	294	1	[quin-]	quin-	_	_	_	_	_	linguistic	_	none	Interrupted=Yes	End=712.32	_	_	_	0-5(61)
295-0	BZ001	295	0	[ah	ah	_	_	_	_	_	linguistic	_	none	_	Begin=712.0	_	_	_	0-2(61)
295-1	BZ001	295	1	be']	be'	_	_	_	_	_	linguistic	_	none	Truncated=Yes	_	_	_	_	0-3(61)
295-2	BZ001	295	2	quindi,	quindi	_	_	_	_	_	linguistic	_	none	Intonation=WeaklyRising|PauseAfter=Yes	_	_	_	_	_
295-3	BZ001	295	3	(.)	(.)	_	_	_	_	_	shortpause	_	none	_	_	_	_	_	_
295-4	BZ001	295	4	diciamo	diciamo	_	_	_	_	_	linguistic	_	none	_	_	_	_	_	_
295-5	BZ001	295	5	l'	l'	_	_	_	_	_	linguistic	_	none	SpaceAfter=No	_	_	_	_	_
295-6	BZ001	295	6	italiano	italiano	_	_	_	_	_	linguistic	_	none	_	_	_	_	_	_
295-7	BZ001	295	7	aveva	aveva	_	_	_	_	_	linguistic	_	none	_	_	_	_	_	_
295-8	BZ001	295	8	un'	un'	_	_	_	_	_	linguistic	_	none	SpaceAfter=No	_	_	_	_	_
295-9	BZ001	295	9	importanza,	importanza	_	_	_	_	_	linguistic	_	none	Intonation=WeaklyRising	_	_	_	_	_
295-10	BZ001	295	10	[((ride))]	((ride))	_	_	_	_	_	nonverbalbehavior	_	none	_	End=715.81	_	_	_	0-4(62)
296-0	BZ004	296	0	[sì].	sì	_	_	_	_	_	linguistic	_	none	Intonation=Falling	Begin=715.34|End=715.93	_	_	_	0-2(62)
297-0	BZ001	297	0	[no]?	no	_	_	_	_	_	linguistic	_	none	Intonation=Rising	Begin=716.11|End=716.44	_	_	_	0-2(63)
298-0	BZ004	298	0	[in-]	in-	_	_	_	_	_	linguistic	_	none	Interrupted=Yes	Begin=716.11	_	_	_	0-3(63)
298-1	BZ004	298	1	infatti	infatti	_	_	_	_	_	linguistic	_	none	_	_	_	_	_	_
298-2	BZ004	298	2	no?	no	_	_	_	_	_	linguistic	_	none	Intonation=Rising	End=717.52	_	_	_	_
299-0	BZ001	299	0	[eh	eh	_	_	_	_	_	linguistic	_	none	_	Begin=717.71	_	_	_	0-2(64)
299-1	BZ001	299	1	sì].	sì	_	_	_	_	_	linguistic	_	none	Intonation=Falling	End=718.17	_	_	_	0-2(64)
300-0	BZ004	300	0	[eh],	eh	_	_	_	_	_	linguistic	_	none	Intonation=WeaklyRising	Begin=717.71|End=718.17	_	_	_	0-2(64)
301-0	BZ001	301	0	sì	sì	_	_	_	_	_	linguistic	_	none	_	Begin=718.295	_	_	_	_
301-1	BZ001	301	1	sì	sì	_	_	_	_	_	linguistic	_	none	_	_	_	_	_	_
301-2	BZ001	301	2	sì.	sì	_	_	_	_	_	linguistic	_	none	Intonation=Falling	End=719.025	_	_	_	_
302-0	BZ004	302	0	ecco	ecco	_	_	_	_	_	linguistic	_	none	_	Begin=719.185	_	_	_	_
302-1	BZ004	302	1	così.	così	_	_	_	_	_	linguistic	_	none	Intonation=Falling	End=720.135	_	_	_	_
303-0	BZ001	303	0	e	e	_	_	_	_	_	linguistic	_	none	_	Begin=720.685	_	_	_	_
303-1	BZ001	303	1	quando	quando	_	_	_	_	_	linguistic	_	none	_	_	_	_	_	_
303-2	BZ001	303	2	sei	sei	_	_	_	_	_	linguistic	_	none	_	_	_	_	_	_
303-3	BZ001	303	3	andata	andata	_	_	_	_	_	linguistic	_	none	_	_	_	_	_	_
303-4	BZ001	303	4	a	a	_	_	_	_	_	linguistic	_	none	_	_	_	_	_	_
303-5	BZ001	303	5	lavorare	lavorare	_	_	_	_	_	linguistic	_	none	_	_	_	_	_	_
303-6	BZ001	303	6	poi,	poi	_	_	_	_	_	linguistic	_	none	Intonation=WeaklyRising	_	_	_	_	_
303-7	BZ001	303	7	come	come	_	_	_	_	_	linguistic	_	none	_	_	_	_	_	_
303-8	BZ001	303	8	sarta,	sarta	_	_	_	_	_	linguistic	_	none	Intonation=WeaklyRising	End=723.285	_	_	_	_
304-0	BZ004	304	0	allora	allora	_	_	_	_	_	linguistic	_	none	_	Begin=723.67	_	_	_	_
304-1	BZ004	304	1	diciamo	diciamo	_	_	_	_	_	linguistic	_	none	_	_	_	_	_	_
304-2	BZ004	304	2	che	che	_	_	_	_	_	linguistic	_	none	_	_	_	_	_	_
304-3	BZ004	304	3	io	io	_	_	_	_	_	linguistic	_	none	_	_	_	_	_	_
304-4	BZ004	304	4	eh	eh	_	_	_	_	_	linguistic	_	none	_	_	_	_	_	_
304-5	BZ004	304	5	c-	c-	_	_	_	_	_	linguistic	_	none	Interrupted=Yes	_	_	_	_	_
304-6	BZ004	304	6	so	so	_	_	_	_	_	linguistic	_	none	_	_	_	_	_	_
304-7	BZ004	304	7	ndata	ndata	_	_	_	_	_	linguistic	_	none	_	_	_	_	_	_
304-8	BZ004	304	8	a	a	_	_	_	_	_	linguistic	_	none	_	_	_	_	_	_
304-9	BZ004	304	9	impara-	impara-	_	_	_	_	_	linguistic	_	none	Interrupted=Yes	_	_	_	_	_
304-10	BZ004	304	10	imparare	imparare	_	_	_	_	_	linguistic	_	none	_	_	_	_	_	_
304-11	BZ004	304	11	prima	prima	_	_	_	_	_	linguistic	_	none	_	_	_	_	_	_
304-12	BZ004	304	12	fare	fare	_	_	_	_	_	linguistic	_	none	_	_	_	_	_	_
304-13	BZ004	304	13	la	la	_	_	_	_	_	linguistic	_	none	_	_	_	_	_	_
304-14	BZ004	304	14	sarta,	sarta	_	_	_	_	_	linguistic	_	none	Intonation=WeaklyRising	End=729.26	_	_	_	_
305-0	BZ001	305	0	mh	mh	_	_	_	_	_	linguistic	_	none	ProsodicLink=Yes	Begin=729.282	_	_	_	_
305-1	BZ001	305	1	mh,	mh	_	_	_	_	_	linguistic	_	none	Intonation=WeaklyRising	End=729.662	_	_	_	_
306-0	BZ004	306	0	dai	dai	_	_	_	_	_	linguistic	_	none	_	Begin=729.687	_	_	_	_
306-1	BZ004	306	1	sarti,	sarti	_	_	_	_	_	linguistic	_	none	Intonation=WeaklyRising	End=730.787	_	_	_	_
307-0	BZ004	307	0	e	e	_	_	_	_	_	linguistic	_	none	_	Begin=731.192	_	_	_	_
307-1	BZ004	307	1	loro	loro	_	_	_	_	_	linguistic	_	none	_	_	_	_	_	_
307-2	BZ004	307	2	anche	anche	_	_	_	_	_	linguistic	_	none	_	_	_	_	_	_
307-3	BZ004	307	3	parlavano	parlavano	_	_	_	_	_	linguistic	_	none	_	_	_	_	_	_
307-4	BZ004	307	4	l'	l'	_	_	_	_	_	linguistic	_	none	SpaceAfter=No	_	_	_	_	_
307-5	BZ004	307	5	italiano.	italiano	_	_	_	_	_	linguistic	_	none	Intonation=Falling	_	_	_	_	_
307-6	BZ004	307	6	non	non	_	_	_	_	_	linguistic	_	none	_	_	_	_	_	_
307-7	BZ004	307	7	son	son	_	_	_	_	_	linguistic	_	none	_	_	_	_	_	_
307-8	BZ004	307	8	mai	mai	_	_	_	_	_	linguistic	_	none	_	_	_	_	_	_
307-9	BZ004	307	9	andata	andata	_	_	_	_	_	linguistic	_	none	_	_	_	_	_	_
307-10	BZ004	307	10	da	da	_	_	_	_	_	linguistic	_	none	_	_	_	_	_	_
307-11	BZ004	307	11	in	in	_	_	_	_	_	linguistic	_	none	_	_	_	_	_	_
307-12	BZ004	307	12	una	una	_	_	_	_	_	linguistic	_	none	_	_	_	_	_	_
307-13	BZ004	307	13	sartoria,	sartoria	_	_	_	_	_	linguistic	_	none	Intonation=WeaklyRising	_	_	_	_	_
307-14	BZ004	307	14	tedesca.	tedesca	_	_	_	_	_	linguistic	_	none	Intonation=Falling	End=736.092	_	_	_	_
308-0	BZ004	308	0	perché	perché	_	_	_	_	_	linguistic	_	none	_	Begin=736.987	_	_	_	_
308-1	BZ004	308	1	allora	allora	_	_	_	_	_	linguistic	_	none	_	_	_	_	_	_
308-2	BZ004	308	2	a	a	_	_	_	_	_	linguistic	_	none	_	_	_	_	_	_
308-3	BZ004	308	3	bolzano	bolzano	_	_	_	_	_	linguistic	_	none	_	_	_	_	_	_
308-4	BZ004	308	4	c'	c'	_	_	_	_	_	linguistic	_	none	SpaceAfter=No	_	_	_	_	_
308-5	BZ004	308	5	erano.	erano	_	_	_	_	_	linguistic	_	none	Intonation=Falling	End=739.1244999999999	_	_	_	_
309-0	BZ001	309	0	mh	mh	_	_	_	_	_	linguistic	_	none	ProsodicLink=Yes	Begin=739.1244999999999	_	_	_	_
309-1	BZ001	309	1	mh,	mh	_	_	_	_	_	linguistic	_	none	Intonation=WeaklyRising	End=739.542	_	_	_	_
310-0	BZ004	310	0	sono	sono	_	_	_	_	_	linguistic	_	none	_	Begin=739.707	_	_	_	_
310-1	BZ004	310	1	andata	andata	_	_	_	_	_	linguistic	_	none	_	_	_	_	_	_
310-2	BZ004	310	2	sempre	sempre	_	_	_	_	_	linguistic	_	none	_	_	_	_	_	_
310-3	BZ004	310	3	nelle	nelle	_	_	_	_	_	linguistic	_	none	_	_	_	_	_	_
310-4	BZ004	310	4	sartorie,	sartorie	_	_	_	_	_	linguistic	_	none	Intonation=WeaklyRising	_	_	_	_	_
310-5	BZ004	310	5	italiane.	italiane	_	_	_	_	_	linguistic	_	none	Intonation=Falling	End=742.527	_	_	_	_
311-0	BZ004	311	0	dopodiché	dopodiché	_	_	_	_	_	linguistic	_	none	_	Begin=742.902	_	_	_	_
311-1	BZ004	311	1	mi	mi	_	_	_	_	_	linguistic	_	none	_	_	_	_	_	_
311-2	BZ004	311	2	hanno	hanno	_	_	_	_	_	linguistic	_	none	_	_	_	_	_	_
311-3	BZ004	311	3	dato	dato	_	_	_	_	_	linguistic	_	none	_	_	_	_	_	_
311-4	BZ004	311	4	il	il	_	_	_	_	_	linguistic	_	none	_	_	_	_	_	_
311-5	BZ004	311	5	lavoro	lavoro	_	_	_	_	_	linguistic	_	none	_	_	_	_	_	_
311-6	BZ004	311	6	a	a	_	_	_	_	_	linguistic	_	none	_	_	_	_	_	_
311-7	BZ004	311	7	casa,	casa	_	_	_	_	_	linguistic	_	none	Intonation=WeaklyRising	End=745.602	_	_	_	_
312-0	BZ004	312	0	e	e	_	_	_	_	_	linguistic	_	none	ProsodicLink=Yes	Begin=746.057	_	_	_	_
312-1	BZ004	312	1	e	e	_	_	_	_	_	linguistic	_	none	_	_	_	_	_	_
312-2	BZ004	312	2	da	da	_	_	_	_	_	linguistic	_	none	_	_	_	_	_	_
312-3	BZ004	312	3	lì	lì	_	_	_	_	_	linguistic	_	none	_	_	_	_	_	_
312-4	BZ004	312	4	non	non	_	_	_	_	_	linguistic	_	none	_	_	_	_	_	_
312-5	BZ004	312	5	mi	mi	_	_	_	_	_	linguistic	_	none	_	_	_	_	_	_
312-6	BZ004	312	6	sono	sono	_	_	_	_	_	linguistic	_	none	_	_	_	_	_	_
312-7	BZ004	312	7	più	più	_	_	_	_	_	linguistic	_	none	_	_	_	_	_	_
312-8	BZ004	312	8	mossa.	mossa	_	_	_	_	_	linguistic	_	none	Intonation=Falling|PauseAfter=Yes	_	_	_	_	_
312-9	BZ004	312	9	(.)	(.)	_	_	_	_	_	shortpause	_	none	_	_	_	_	_	_
312-10	BZ004	312	10	ho	ho	_	_	_	_	_	linguistic	_	none	_	_	_	_	_	_
312-11	BZ004	312	11	sempre	sempre	_	_	_	_	_	linguistic	_	none	_	_	_	_	_	_
312-12	BZ004	312	12	lavorato	lavorato	_	_	_	_	_	linguistic	_	none	_	_	_	_	_	_
312-13	BZ004	312	13	a	a	_	_	_	_	_	linguistic	_	none	_	_	_	_	_	_
312-14	BZ004	312	14	casa.	casa	_	_	_	_	_	linguistic	_	none	Intonation=Falling	End=749.482	_	_	_	_
313-0	BZ001	313	0	quindi	quindi	_	_	_	_	_	linguistic	_	none	_	Begin=749.482	_	_	_	_
313-1	BZ001	313	1	anche	anche	_	_	_	_	_	linguistic	_	none	_	_	_	_	_	_
313-2	BZ001	313	2	i	i	_	_	_	_	_	linguistic	_	none	_	_	_	_	_	_
313-3	BZ001	313	3	clienti	clienti	_	_	_	_	_	linguistic	_	none	_	_	_	_	_	_
313-4	BZ001	313	4	erano	erano	_	_	_	_	_	linguistic	_	none	_	_	_	_	_	_
313-5	BZ001	313	5	italiani,	italiani	_	_	_	_	_	linguistic	_	none	Intonation=WeaklyRising	End=751.617	_	_	_	_
314-0	BZ004	314	0	tutti	tutti	_	_	_	_	_	linguistic	_	none	_	Begin=751.832	_	_	_	_
314-1	BZ004	314	1	italiani	italiani	_	_	_	_	_	linguistic	_	none	_	_	_	_	_	_
314-2	BZ004	314	2	sì.	sì	_	_	_	_	_	linguistic	_	none	Intonation=Falling	End=753.202	_	_	_	_
315-0	BZ001	315	0	e	e	_	_	_	_	_	linguistic	_	none	_	Begin=753.812	_	_	_	_
315-1	BZ001	315	1	il	il	_	_	_	_	_	linguistic	_	none	_	_	_	_	_	_
315-2	BZ001	315	2	nonno	nonno	_	_	_	_	_	linguistic	_	none	_	_	_	_	_	_
315-3	BZ001	315	3	invece	invece	_	_	_	_	_	linguistic	_	none	_	_	_	_	_	_
315-4	BZ001	315	4	dove	dove	_	_	_	_	_	linguistic	_	none	_	_	_	_	_	_
315-5	BZ001	315	5	lavorava?	lavorava	_	_	_	_	_	linguistic	_	none	Intonation=Rising	End=755.492	_	_	_	_
316-0	BZ004	316	0	il	il	_	_	_	_	_	linguistic	_	none	_	Begin=756.207	_	_	_	_
316-1	BZ004	316	1	nonno	nonno	_	_	_	_	_	linguistic	_	none	_	_	_	_	_	_
316-2	BZ004	316	2	ha	ha	_	_	_	_	_	linguistic	_	none	_	_	_	_	_	_
316-3	BZ004	316	3	lavorato	lavorato	_	_	_	_	_	linguistic	_	none	_	_	_	_	_	_
316-4	BZ004	316	4	in	in	_	_	_	_	_	linguistic	_	none	_	_	_	_	_	_
316-5	BZ004	316	5	fabbrica	fabbrica	_	_	_	_	_	linguistic	_	none	_	_	_	_	_	_
316-6	BZ004	316	6	sempre,	sempre	_	_	_	_	_	linguistic	_	none	Intonation=WeaklyRising	_	_	_	_	_
316-7	BZ004	316	7	alla	alla	_	_	_	_	_	linguistic	_	none	_	_	_	_	_	_
316-8	BZ004	316	8	alla	alla	_	_	_	_	_	linguistic	_	none	_	_	_	_	_	_
316-9	BZ004	316	9	lancia.	lancia	_	_	_	_	_	linguistic	_	none	Intonation=Falling	_	_	_	_	_
316-10	BZ004	316	10	no	no	_	_	_	_	_	linguistic	_	none	_	_	_	_	_	_
316-11	BZ004	316	11	prima	prima	_	_	_	_	_	linguistic	_	none	_	_	_	_	_	_
316-12	BZ004	316	12	lavorava	lavorava	_	_	_	_	_	linguistic	_	none	_	_	_	_	_	_
316-13	BZ004	316	13	da	da	_	_	_	_	_	linguistic	_	none	_	_	_	_	_	_
316-14	BZ004	316	14	@nomeazienda,	@nomeazienda	_	_	_	_	_	anonymized	_	none	Intonation=WeaklyRising	End=761.407	_	_	_	_
317-0	BZ001	317	0	okay,	okay	_	_	_	_	_	linguistic	_	none	Intonation=WeaklyRising	Begin=761.642|End=762.172	_	_	_	_
318-0	BZ004	318	0	dove	dove	_	_	_	_	_	linguistic	_	none	_	Begin=762.172	_	_	_	_
318-1	BZ004	318	1	facevano	facevano	_	_	_	_	_	linguistic	_	none	_	_	_	_	_	_
318-2	BZ004	318	2	le	le	_	_	_	_	_	linguistic	_	none	_	_	_	_	_	_
318-3	BZ004	318	3	scarpe.	scarpe	_	_	_	_	_	linguistic	_	none	Intonation=Falling	End=763.802	_	_	_	_
319-0	BZ001	319	0	ah	ah	_	_	_	_	_	linguistic	_	none	ProsodicLink=Yes	Begin=763.962	_	_	_	_
319-1	BZ001	319	1	ah,	ah	_	_	_	_	_	linguistic	_	none	Intonation=WeaklyRising	End=764.4594999999999	_	_	_	_
320-0	BZ004	320	0	c'	c'	_	_	_	_	_	linguistic	_	none	SpaceAfter=No	Begin=764.4594999999999	_	_	_	_
320-1	BZ004	320	1	era	era	_	_	_	_	_	linguistic	_	none	_	_	_	_	_	_
320-2	BZ004	320	2	un	un	_	_	_	_	_	linguistic	_	none	_	_	_	_	_	_
320-3	BZ004	320	3	calzaturificio,	calzaturificio	_	_	_	_	_	linguistic	_	none	Intonation=WeaklyRising	_	_	_	_	_
320-4	BZ004	320	4	a	a	_	_	_	_	_	linguistic	_	none	_	_	_	_	_	_
320-5	BZ004	320	5	bolzano,	bolzano	_	_	_	_	_	linguistic	_	none	Intonation=WeaklyRising	_	_	_	_	_
320-6	BZ004	320	6	l'	l'	_	_	_	_	_	linguistic	_	none	SpaceAfter=No	_	_	_	_	_
320-7	BZ004	320	7	unico,	unico	_	_	_	_	_	linguistic	_	none	Intonation=WeaklyRising	End=767.617	_	_	_	_
321-0	BZ004	321	0	che	che	_	_	_	_	_	linguistic	_	none	_	Begin=767.872	_	_	_	_
321-1	BZ004	321	1	faceva	faceva	_	_	_	_	_	linguistic	_	none	_	_	_	_	_	_
321-2	BZ004	321	2	le	le	_	_	_	_	_	linguistic	_	none	_	_	_	_	_	_
321-3	BZ004	321	3	scarpe.	scarpe	_	_	_	_	_	linguistic	_	none	Intonation=Falling	_	_	_	_	_
321-4	BZ004	321	4	con	con	_	_	_	_	_	linguistic	_	none	_	_	_	_	_	_
321-5	BZ004	321	5	le	le	_	_	_	_	_	linguistic	_	none	_	_	_	_	_	_
321-6	BZ004	321	6	macchine	macchine	_	_	_	_	_	linguistic	_	none	_	_	_	_	_	_
321-7	BZ004	321	7	tutto	tutto	_	_	_	_	_	linguistic	_	none	_	_	_	_	_	_
321-8	BZ004	321	8	quanto	quanto	_	_	_	_	_	linguistic	_	none	_	End=770.932	_	_	_	_
322-0	BZ004	322	0	e	e	_	_	_	_	_	linguistic	_	none	_	Begin=771.717	_	_	_	_
322-1	BZ004	322	1	prendevano	prendevano	_	_	_	_	_	linguistic	_	none	_	_	_	_	_	_
322-2	BZ004	322	2	molto	molto	_	_	_	_	_	linguistic	_	none	_	_	_	_	_	_
322-3	BZ004	322	3	poco	poco	_	_	_	_	_	linguistic	_	none	_	_	_	_	_	_
322-4	BZ004	322	4	pochi-	pochi-	_	_	_	_	_	linguistic	_	none	Interrupted=Yes	_	_	_	_	_
322-5	BZ004	322	5	era	era	_	_	_	_	_	linguistic	_	none	_	_	_	_	_	_
322-6	BZ004	322	6	tipo	tipo	_	_	_	_	_	linguistic	_	none	_	_	_	_	_	_
322-7	BZ004	322	7	artigianato	artigianato	_	_	_	_	_	linguistic	_	none	_	_	_	_	_	_
322-8	BZ004	322	8	no?	no	_	_	_	_	_	linguistic	_	none	Intonation=Rising	End=775.807	_	_	_	_
323-0	BZ001	323	0	mh	mh	_	_	_	_	_	linguistic	_	none	ProsodicLink=Yes	Begin=776.107	_	_	_	_
323-1	BZ001	323	1	mh.	mh	_	_	_	_	_	linguistic	_	none	Intonation=Falling	End=776.307	_	_	_	_
324-0	BZ004	324	0	poco,	poco	_	_	_	_	_	linguistic	_	none	Intonation=WeaklyRising	Begin=776.307	_	_	_	_
324-1	BZ004	324	1	e	e	_	_	_	_	_	linguistic	_	none	_	_	_	_	_	_
324-2	BZ004	324	2	dopo	dopo	_	_	_	_	_	linguistic	_	none	_	_	_	_	_	_
324-3	BZ004	324	3	quando	quando	_	_	_	_	_	linguistic	_	none	_	_	_	_	_	_
324-4	BZ004	324	4	ci	ci	_	_	_	_	_	linguistic	_	none	_	_	_	_	_	_
324-5	BZ004	324	5	siamo	siamo	_	_	_	_	_	linguistic	_	none	_	_	_	_	_	_
324-6	BZ004	324	6	sposati,	sposati	_	_	_	_	_	linguistic	_	none	Intonation=WeaklyRising	End=778.77	_	_	_	_
325-0	BZ004	325	0	per	per	_	_	_	_	_	linguistic	_	none	_	Begin=779.157	_	_	_	_
325-1	BZ004	325	1	fortuna,	fortuna	_	_	_	_	_	linguistic	_	none	Intonation=WeaklyRising|PauseAfter=Yes	_	_	_	_	_
325-2	BZ004	325	2	(.)	(.)	_	_	_	_	_	shortpause	_	none	_	_	_	_	_	_
325-3	BZ004	325	3	ha:	ha	_	_	_	_	_	linguistic	_	none	_	_	1x1	_	_	_
325-4	BZ004	325	4	ha	ha	_	_	_	_	_	linguistic	_	none	_	_	_	_	_	_
325-5	BZ004	325	5	potuto	potuto	_	_	_	_	_	linguistic	_	none	_	_	_	_	_	_
325-6	BZ004	325	6	entrare	entrare	_	_	_	_	_	linguistic	_	none	_	_	_	_	_	_
325-7	BZ004	325	7	alla	alla	_	_	_	_	_	linguistic	_	none	_	_	_	_	_	_
325-8	BZ004	325	8	lancia,	lancia	_	_	_	_	_	linguistic	_	none	Intonation=WeaklyRising	End=782.267	_	_	_	_
326-0	BZ004	326	0	tramite	tramite	_	_	_	_	_	linguistic	_	none	_	Begin=783.077	_	_	_	_
326-1	BZ004	326	1	suo	suo	_	_	_	_	_	linguistic	_	none	_	_	_	_	_	_
326-2	BZ004	326	2	fratello	fratello	_	_	_	_	_	linguistic	_	none	_	_	_	_	_	_
326-3	BZ004	326	3	che	che	_	_	_	_	_	linguistic	_	none	_	_	_	_	_	_
326-4	BZ004	326	4	era	era	_	_	_	_	_	linguistic	_	none	_	_	_	_	_	_
326-5	BZ004	326	5	un:	un	_	_	_	_	_	linguistic	_	none	_	_	1x1	_	_	_
326-6	BZ004	326	6	un	un	_	_	_	_	_	linguistic	_	none	_	_	_	_	_	_
326-7	BZ004	326	7	capetto	capetto	_	_	_	_	_	linguistic	_	none	_	_	_	_	_	_
326-8	BZ004	326	8	alla	alla	_	_	_	_	_	linguistic	_	none	_	_	_	_	_	_
326-9	BZ004	326	9	lancia	lancia	_	_	_	_	_	linguistic	_	none	_	_	_	_	_	_
326-10	BZ004	326	10	insomma	insomma	_	_	_	_	_	linguistic	_	none	_	_	_	_	_	_
326-11	BZ004	326	11	no?	no	_	_	_	_	_	linguistic	_	none	Intonation=Rising	End=788.367	_	_	_	_
327-0	BZ004	327	0	e	e	_	_	_	_	_	linguistic	_	none	_	Begin=788.677	_	_	_	_
327-1	BZ004	327	1	però	però	_	_	_	_	_	linguistic	_	none	_	_	_	_	_	_
327-2	BZ004	327	2	ha	ha	_	_	_	_	_	linguistic	_	none	_	_	_	_	_	_
327-3	BZ004	327	3	dovuto	dovuto	_	_	_	_	_	linguistic	_	none	_	_	_	_	_	_
327-4	BZ004	327	4	fare	fare	_	_	_	_	_	linguistic	_	none	_	_	_	_	_	_
327-5	BZ004	327	5	un:	un	_	_	_	_	_	linguistic	_	none	_	_	1x1	_	_	_
327-6	BZ004	327	6	come	come	_	_	_	_	_	linguistic	_	none	_	_	_	_	_	_
327-7	BZ004	327	7	voi	voi	_	_	_	_	_	linguistic	_	none	_	_	_	_	_	_
327-8	BZ004	327	8	fate	fate	_	_	_	_	_	linguistic	_	none	_	_	_	_	_	_
327-9	BZ004	327	9	adesso	adesso	_	_	_	_	_	linguistic	_	none	_	_	_	_	_	_
327-10	BZ004	327	10	un,	un	_	_	_	_	_	linguistic	_	none	Intonation=WeaklyRising	_	_	_	_	_
327-11	BZ004	327	11	una	una	_	_	_	_	_	linguistic	_	none	_	_	_	_	_	_
327-12	BZ004	327	12	prova,	prova	_	_	_	_	_	linguistic	_	none	Intonation=WeaklyRising	_	_	_	_	_
327-13	BZ004	327	13	come	come	_	_	_	_	_	linguistic	_	none	_	_	_	_	_	_
327-14	BZ004	327	14	si	si	_	_	_	_	_	linguistic	_	none	_	_	_	_	_	_
327-15	BZ004	327	15	dice?	dice	_	_	_	_	_	linguistic	_	none	Intonation=Rising	End=794.237	_	_	_	_
328-0	BZ001	328	0	uno	uno	_	_	_	_	_	linguistic	_	none	_	Begin=794.802	_	_	_	_
328-1	BZ001	328	1	stage	stage	_	_	_	_	_	linguistic	_	none	_	_	_	_	_	_
328-2	BZ001	328	2	un	un	_	_	_	_	_	linguistic	_	none	_	_	_	_	_	_
328-3	BZ001	328	3	tirocinio?	tirocinio	_	_	_	_	_	linguistic	_	none	Intonation=Rising	End=796.272	_	_	_	_
329-0	BZ004	329	0	no	no	_	_	_	_	_	linguistic	_	none	_	Begin=796.812	_	_	_	_
329-1	BZ004	329	1	ha	ha	_	_	_	_	_	linguistic	_	none	_	_	_	_	_	_
329-2	BZ004	329	2	dovuto	dovuto	_	_	_	_	_	linguistic	_	none	_	_	_	_	_	_
329-3	BZ004	329	3	proprio	proprio	_	_	_	_	_	linguistic	_	none	_	_	_	_	_	_
329-4	BZ004	329	4	fare	fare	_	_	_	_	_	linguistic	_	none	_	_	_	_	_	_
329-5	BZ004	329	5	come	come	_	_	_	_	_	linguistic	_	none	_	_	_	_	_	_
329-6	BZ004	329	6	un	un	_	_	_	_	_	linguistic	_	none	_	_	_	_	_	_
329-7	BZ004	329	7	esame,	esame	_	_	_	_	_	linguistic	_	none	Intonation=WeaklyRising	End=799.692	_	_	_	_
330-0	BZ001	330	0	ah	ah	_	_	_	_	_	linguistic	_	none	_	Begin=799.697	_	_	_	_
330-1	BZ001	330	1	un	un	_	_	_	_	_	linguistic	_	none	_	_	_	_	_	_
330-2	BZ001	330	2	esa[me],	esame	_	_	_	_	_	linguistic	_	none	Intonation=WeaklyRising	End=800.397	_	_	_	3-5(65)
331-0	BZ004	331	0	[di]	di	_	_	_	_	_	linguistic	_	none	_	Begin=800.332	_	_	_	0-2(65)
331-1	BZ004	331	1	una	una	_	_	_	_	_	linguistic	_	none	_	_	_	_	_	_
331-2	BZ004	331	2	cosa	cosa	_	_	_	_	_	linguistic	_	none	_	_	_	_	_	_
331-3	BZ004	331	3	che	che	_	_	_	_	_	linguistic	_	none	_	_	_	_	_	_
331-4	BZ004	331	4	lui	lui	_	_	_	_	_	linguistic	_	none	_	_	_	_	_	_
331-5	BZ004	331	5	non	non	_	_	_	_	_	linguistic	_	none	_	_	_	_	_	_
331-6	BZ004	331	6	aveva	aveva	_	_	_	_	_	linguistic	_	none	_	_	_	_	_	_
331-7	BZ004	331	7	mai	mai	_	_	_	_	_	linguistic	_	none	_	_	_	_	_	_
331-8	BZ004	331	8	fatto.	fatto	_	_	_	_	_	linguistic	_	none	Intonation=Falling	_	_	_	_	_
331-9	BZ004	331	9	mai	mai	_	_	_	_	_	linguistic	_	none	_	_	_	_	_	_
331-10	BZ004	331	10	visto.	visto	_	_	_	_	_	linguistic	_	none	Intonation=Falling	End=803.442	_	_	_	_
332-0	BZ001	332	0	ah,	ah	_	_	_	_	_	linguistic	_	none	Intonation=WeaklyRising	Begin=803.432|End=803.812	_	_	_	_
333-0	BZ004	333	0	cioè	cioè	_	_	_	_	_	linguistic	_	none	_	Begin=803.827	_	_	_	_
333-1	BZ004	333	1	lui	lui	_	_	_	_	_	linguistic	_	none	PauseAfter=Yes	_	_	_	_	_
333-2	BZ004	333	2	(.)	(.)	_	_	_	_	_	shortpause	_	none	_	_	_	_	_	_
333-3	BZ004	333	3	ha	ha	_	_	_	_	_	linguistic	_	none	_	_	_	_	_	_
333-4	BZ004	333	4	visto	visto	_	_	_	_	_	linguistic	_	none	_	_	_	_	_	_
333-5	BZ004	333	5	le	le	_	_	_	_	_	linguistic	_	none	_	_	_	_	_	_
333-6	BZ004	333	6	scarpe,	scarpe	_	_	_	_	_	linguistic	_	none	Intonation=WeaklyRising	_	_	_	_	_
333-7	BZ004	333	7	ma	ma	_	_	_	_	_	linguistic	_	none	_	_	_	_	_	_
333-8	BZ004	333	8	[non	non	_	_	_	_	_	linguistic	_	none	_	_	_	_	_	0-3(67)
333-9	BZ004	333	9	ave]va	aveva	_	_	_	_	_	linguistic	_	none	_	_	_	_	_	0-3(67)
333-10	BZ004	333	10	mai	mai	_	_	_	_	_	linguistic	_	none	_	_	_	_	_	_
333-11	BZ004	333	11	visto	visto	_	_	_	_	_	linguistic	_	none	_	_	_	_	_	_
333-12	BZ004	333	12	un	un	_	_	_	_	_	linguistic	_	none	_	_	_	_	_	_
333-13	BZ004	333	13	tornio.	tornio	_	_	_	_	_	linguistic	_	none	Intonation=Falling	End=807.937	_	_	_	_
334-0	BZ001	334	0	[mh	mh	_	_	_	_	_	linguistic	_	none	ProsodicLink=Yes	Begin=806.107	_	_	_	0-2(67)
334-1	BZ001	334	1	mh].	mh	_	_	_	_	_	linguistic	_	none	Intonation=Falling	End=806.447	_	_	_	0-2(67)
335-0	BZ001	335	0	okay.	okay	_	_	_	_	_	linguistic	_	none	Intonation=Falling	Begin=808.032|End=808.502	_	_	_	_
336-0	BZ004	336	0	un	un	_	_	_	_	_	linguistic	_	none	_	Begin=808.532	_	_	_	_
336-1	BZ004	336	1	tornio.	tornio	_	_	_	_	_	linguistic	_	none	Intonation=Falling	End=809.402	_	_	_	_
337-0	BZ004	337	0	allora	allora	_	_	_	_	_	linguistic	_	none	_	Begin=809.772	_	_	_	_
337-1	BZ004	337	1	andava	andava	_	_	_	_	_	linguistic	_	none	_	_	_	_	_	_
337-2	BZ004	337	2	di	di	_	_	_	_	_	linguistic	_	none	_	_	_	_	_	_
337-3	BZ004	337	3	sera,	sera	_	_	_	_	_	linguistic	_	none	Intonation=WeaklyRising	_	_	_	_	_
337-4	BZ004	337	4	dopo	dopo	_	_	_	_	_	linguistic	_	none	_	_	_	_	_	_
337-5	BZ004	337	5	lavoro,	lavoro	_	_	_	_	_	linguistic	_	none	Intonation=WeaklyRising	_	_	_	_	_
337-6	BZ004	337	6	d-	d-	_	_	_	_	_	linguistic	_	none	Interrupted=Yes	_	_	_	_	_
337-7	BZ004	337	7	in	in	_	_	_	_	_	linguistic	_	none	_	_	_	_	_	_
337-8	BZ004	337	8	un'	un'	_	_	_	_	_	linguistic	_	none	SpaceAfter=No	_	_	_	_	_
337-9	BZ004	337	9	officina,	officina	_	_	_	_	_	linguistic	_	none	Intonation=WeaklyRising	End=813.352	_	_	_	_
338-0	BZ004	338	0	per	per	_	_	_	_	_	linguistic	_	none	_	Begin=813.637	_	_	_	_
338-1	BZ004	338	1	imparare,	imparare	_	_	_	_	_	linguistic	_	none	Intonation=WeaklyRising	End=814.707	_	_	_	_
339-0	BZ004	339	0	a	a	_	_	_	_	_	linguistic	_	none	_	Begin=815.027	_	_	_	_
339-1	BZ004	339	1	usare	usare	_	_	_	_	_	linguistic	_	none	_	_	_	_	_	_
339-2	BZ004	339	2	il	il	_	_	_	_	_	linguistic	_	none	_	_	_	_	_	_
339-3	BZ004	339	3	tornio.	tornio	_	_	_	_	_	linguistic	_	none	Intonation=Falling	End=816.487	_	_	_	_
340-0	BZ004	340	0	perché	perché	_	_	_	_	_	linguistic	_	none	_	Begin=817.012	_	_	_	_
340-1	BZ004	340	1	nel[le	nelle	_	_	_	_	_	linguistic	_	none	_	_	_	_	_	3-5(68)
340-2	BZ004	340	2	do]mande	domande	_	_	_	_	_	linguistic	_	none	_	_	_	_	_	0-2(68)
340-3	BZ004	340	3	che	che	_	_	_	_	_	linguistic	_	none	_	_	_	_	_	_
340-4	BZ004	340	4	loro	loro	_	_	_	_	_	linguistic	_	none	_	_	_	_	_	_
340-5	BZ004	340	5	ti	ti	_	_	_	_	_	linguistic	_	none	_	_	_	_	_	_
340-6	BZ004	340	6	facevano	facevano	_	_	_	_	_	linguistic	_	none	_	_	_	_	_	_
340-7	BZ004	340	7	per	per	_	_	_	_	_	linguistic	_	none	_	_	_	_	_	_
340-8	BZ004	340	8	fare:,	fare	_	_	_	_	_	linguistic	_	none	Intonation=WeaklyRising	End=820.692	3x1	_	_	_
341-0	BZ001	341	0	[mh	mh	_	_	_	_	_	linguistic	_	none	ProsodicLink=Yes	Begin=817.557	_	_	_	0-2(68)
341-1	BZ001	341	1	mh],	mh	_	_	_	_	_	linguistic	_	none	Intonation=WeaklyRising	End=817.867	_	_	_	0-2(68)
342-0	BZ004	342	0	questa,	questa	_	_	_	_	_	linguistic	_	none	Intonation=WeaklyRising|PauseAfter=Yes	Begin=821.107	_	_	_	_
342-1	BZ004	342	1	(.)	(.)	_	_	_	_	_	shortpause	_	none	_	_	_	_	_	_
342-2	BZ004	342	2	era	era	_	_	_	_	_	linguistic	_	none	_	_	_	_	_	_
342-3	BZ004	342	3	un	un	_	_	_	_	_	linguistic	_	none	_	_	_	_	_	_
342-4	BZ004	342	4	e[same].	esame	_	_	_	_	_	linguistic	_	none	Intonation=Falling	End=822.827	_	_	_	1-5(69)
343-0	BZ001	343	0	[un	un	_	_	_	_	_	linguistic	_	none	_	Begin=822.502	_	_	_	0-2(69)
343-1	BZ001	343	1	esa]me,	esame	_	_	_	_	_	linguistic	_	none	Intonation=WeaklyRising	End=823.312	_	_	_	0-3(69)
344-0	BZ004	344	0	dovevi	dovevi	_	_	_	_	_	linguistic	_	none	_	Begin=823.692	_	_	_	_
344-1	BZ004	344	1	sapere	sapere	_	_	_	_	_	linguistic	_	none	_	_	_	_	_	_
344-2	BZ004	344	2	adoperare,	adoperare	_	_	_	_	_	linguistic	_	none	Intonation=WeaklyRising	_	_	_	_	_
344-3	BZ004	344	3	[lui]	lui	_	_	_	_	_	linguistic	_	none	_	_	_	_	_	0-3(70)
344-4	BZ004	344	4	l'	l'	_	_	_	_	_	linguistic	_	none	SpaceAfter=No	_	_	_	_	_
344-5	BZ004	344	5	ha	ha	_	_	_	_	_	linguistic	_	none	_	_	_	_	_	_
344-6	BZ004	344	6	superato,	superato	_	_	_	_	_	linguistic	_	none	Intonation=WeaklyRising	_	_	_	_	_
344-7	BZ004	344	7	e	e	_	_	_	_	_	linguistic	_	none	_	_	_	_	_	_
344-8	BZ004	344	8	allora	allora	_	_	_	_	_	linguistic	_	none	_	_	_	_	_	_
344-9	BZ004	344	9	l'	l'	_	_	_	_	_	linguistic	_	none	SpaceAfter=No	_	_	_	_	_
344-10	BZ004	344	10	hanno,	hanno	_	_	_	_	_	linguistic	_	none	Intonation=WeaklyRising	End=827.462	_	_	_	_
345-0	BZ001	345	0	[ah].	ah	_	_	_	_	_	linguistic	_	none	Intonation=Falling	Begin=825.412|End=825.712	_	_	_	0-2(70)
346-0	BZ004	346	0	l'	l'	_	_	_	_	_	linguistic	_	none	SpaceAfter=No	Begin=827.887	_	_	_	_
346-1	BZ004	346	1	hanno	hanno	_	_	_	_	_	linguistic	_	none	_	_	_	_	_	_
346-2	BZ004	346	2	[preso].	preso	_	_	_	_	_	linguistic	_	none	Intonation=Falling	End=828.667	_	_	_	0-5(71)
347-0	BZ001	347	0	[ha	ha	_	_	_	_	_	linguistic	_	none	_	Begin=828.222	_	_	_	0-2(71)
347-1	BZ001	347	1	lavo]rato	lavorato	_	_	_	_	_	linguistic	_	none	_	_	_	_	_	0-4(71)
347-2	BZ001	347	2	lì.	lì	_	_	_	_	_	linguistic	_	none	Intonation=Falling	_	_	_	_	_
347-3	BZ001	347	3	e	e	_	_	_	_	_	linguistic	_	none	_	_	_	_	_	_
347-4	BZ001	347	4	lì	lì	_	_	_	_	_	linguistic	_	none	_	_	_	_	_	_
347-5	BZ001	347	5	erano	erano	_	_	_	_	_	linguistic	_	none	_	_	_	_	_	_
347-6	BZ001	347	6	tutti	tutti	_	_	_	_	_	linguistic	_	none	_	_	_	_	_	_
347-7	BZ001	347	7	di	di	_	_	_	_	_	linguistic	_	none	_	_	_	_	_	_
347-8	BZ001	347	8	madrelingua	madrelingua	_	_	_	_	_	linguistic	_	none	_	_	_	_	_	_
347-9	BZ001	347	9	italiana?	italiana	_	_	_	_	_	linguistic	_	none	Intonation=Rising	_	_	_	_	_
347-10	BZ001	347	10	[gli	gli	_	_	_	_	_	linguistic	_	none	_	_	_	_	_	0-3(72)
347-11	BZ001	347	11	operai],	operai	_	_	_	_	_	linguistic	_	none	Intonation=WeaklyRising	End=831.97	_	_	_	0-6(72)
348-0	BZ004	348	0	[no],	no	_	_	_	_	_	linguistic	_	none	Intonation=WeaklyRising	Begin=831.231|End=831.981	_	_	_	0-2(72)
349-0	BZ001	349	0	[ah.	ah	_	_	_	_	_	linguistic	_	none	Intonation=Falling	Begin=832.001	_	_	_	0-2(73)
349-1	BZ001	349	1	c'	c'	_	_	_	_	_	linguistic	_	none	SpaceAfter=No	_	_	_	_	0-2(73)
349-2	BZ001	349	2	erano]	erano	_	_	_	_	_	linguistic	_	none	_	End=832.831	_	_	_	0-5(73)
350-0	BZ004	350	0	[no	no	_	_	_	_	_	linguistic	_	none	_	Begin=832.001	_	_	_	0-2(73)
350-1	BZ004	350	1	no	no	_	_	_	_	_	linguistic	_	none	_	_	_	_	_	0-2(73)
350-2	BZ004	350	2	no].	no	_	_	_	_	_	linguistic	_	none	Intonation=Falling	_	_	_	_	0-2(73)
350-3	BZ004	350	3	là	là	_	_	_	_	_	linguistic	_	none	_	_	_	_	_	_
350-4	BZ004	350	4	c'	c'	_	_	_	_	_	linguistic	_	none	SpaceAfter=No	_	_	_	_	_
350-5	BZ004	350	5	era	era	_	_	_	_	_	linguistic	_	none	_	_	_	_	_	_
350-6	BZ004	350	6	tedeschi	tedeschi	_	_	_	_	_	linguistic	_	none	_	_	_	_	_	_
350-7	BZ004	350	7	italiani,	italiani	_	_	_	_	_	linguistic	_	none	Intonation=WeaklyRising	End=834.711	_	_	_	_
351-0	BZ001	351	0	ah	ah	_	_	_	_	_	linguistic	_	none	ProsodicLink=Yes	Begin=835.141	_	_	_	_
351-1	BZ001	351	1	[ah],	ah	_	_	_	_	_	linguistic	_	none	Intonation=WeaklyRising	End=835.681	_	_	_	0-2(74)
352-0	BZ004	352	0	[ecco]	ecco	_	_	_	_	_	linguistic	_	none	_	Begin=835.316	_	_	_	0-4(74)
352-1	BZ004	352	1	infatti	infatti	_	_	_	_	_	linguistic	_	none	_	_	_	_	_	_
352-2	BZ004	352	2	mio	mio	_	_	_	_	_	linguistic	_	none	_	_	_	_	_	_
352-3	BZ004	352	3	marito	marito	_	_	_	_	_	linguistic	_	none	_	_	_	_	_	_
352-4	BZ004	352	4	era	era	_	_	_	_	_	linguistic	_	none	_	_	_	_	_	_
352-5	BZ004	352	5	sempre	sempre	_	_	_	_	_	linguistic	_	none	_	_	_	_	_	_
352-6	BZ004	352	6	stato	stato	_	_	_	_	_	linguistic	_	none	_	_	_	_	_	_
352-7	BZ004	352	7	delicato	delicato	_	_	_	_	_	linguistic	_	none	_	_	_	_	_	_
352-8	BZ004	352	8	a	a	_	_	_	_	_	linguistic	_	none	_	_	_	_	_	_
352-9	BZ004	352	9	mangiare	mangiare	_	_	_	_	_	linguistic	_	none	_	End=838.71	_	_	_	_
353-0	BZ004	353	0	eh	eh	_	_	_	_	_	linguistic	_	none	_	Begin=839.136	_	_	_	_
353-1	BZ004	353	1	perché	perché	_	_	_	_	_	linguistic	_	none	_	_	_	_	_	_
353-2	BZ004	353	2	andavano	andavano	_	_	_	_	_	linguistic	_	none	_	_	_	_	_	_
353-3	BZ004	353	3	alla	alla	_	_	_	_	_	linguistic	_	none	_	_	_	_	_	_
353-4	BZ004	353	4	mensa	mensa	_	_	_	_	_	linguistic	_	none	_	_	_	_	_	_
353-5	BZ004	353	5	a	a	_	_	_	_	_	linguistic	_	none	_	_	_	_	_	_
353-6	BZ004	353	6	mangiare,	mangiare	_	_	_	_	_	linguistic	_	none	Intonation=WeaklyRising	End=841.316	_	_	_	_
354-0	BZ004	354	0	eh	eh	_	_	_	_	_	linguistic	_	none	_	Begin=841.861	_	_	_	_
354-1	BZ004	354	1	allora	allora	_	_	_	_	_	linguistic	_	none	_	_	_	_	_	_
354-2	BZ004	354	2	ha	ha	_	_	_	_	_	linguistic	_	none	_	_	_	_	_	_
354-3	BZ004	354	3	detto	detto	_	_	_	_	_	linguistic	_	none	_	_	_	_	_	_
354-4	BZ004	354	4	che	che	_	_	_	_	_	linguistic	_	none	_	_	_	_	_	_
354-5	BZ004	354	5	lui	lui	_	_	_	_	_	linguistic	_	none	_	_	_	_	_	_
354-6	BZ004	354	6	non	non	_	_	_	_	_	linguistic	_	none	_	_	_	_	_	_
354-7	BZ004	354	7	g-	g-	_	_	_	_	_	linguistic	_	none	Interrupted=Yes	_	_	_	_	_
354-8	BZ004	354	8	non	non	_	_	_	_	_	linguistic	_	none	_	_	_	_	_	_
354-9	BZ004	354	9	non	non	_	_	_	_	_	linguistic	_	none	_	_	_	_	_	_
354-10	BZ004	354	10	le	le	_	_	_	_	_	linguistic	_	none	_	_	_	_	_	_
354-11	BZ004	354	11	piaceva	piaceva	_	_	_	_	_	linguistic	_	none	_	_	_	_	_	_
354-12	BZ004	354	12	quasi	quasi	_	_	_	_	_	linguistic	_	none	_	_	_	_	_	_
354-13	BZ004	354	13	niente,	niente	_	_	_	_	_	linguistic	_	none	Intonation=WeaklyRising	_	_	_	_	_
354-14	BZ004	354	14	infatti	infatti	_	_	_	_	_	linguistic	_	none	_	_	_	_	_	_
354-15	BZ004	354	15	((ride))	((ride))	_	_	_	_	_	nonverbalbehavior	_	none	_	_	_	_	_	_
354-16	BZ004	354	16	infatti	infatti	_	_	_	_	_	linguistic	_	none	_	_	_	_	_	_
354-17	BZ004	354	17	dopo	dopo	_	_	_	_	_	linguistic	_	none	_	_	_	_	_	_
354-18	BZ004	354	18	un	un	_	_	_	_	_	linguistic	_	none	_	_	_	_	_	_
354-19	BZ004	354	19	certo	certo	_	_	_	_	_	linguistic	_	none	_	_	_	_	_	_
354-20	BZ004	354	20	punto,	punto	_	_	_	_	_	linguistic	_	none	Intonation=WeaklyRising	End=848.571	_	_	_	_
355-0	BZ004	355	0	glielo	glielo	_	_	_	_	_	linguistic	_	none	_	Begin=849.811	_	_	_	_
355-1	BZ004	355	1	davo	davo	_	_	_	_	_	linguistic	_	none	_	_	_	_	_	_
355-2	BZ004	355	2	dietro	dietro	_	_	_	_	_	linguistic	_	none	_	_	_	_	_	_
355-3	BZ004	355	3	io	io	_	_	_	_	_	linguistic	_	none	_	_	_	_	_	_
355-4	BZ004	355	4	con	con	_	_	_	_	_	linguistic	_	none	_	_	_	_	_	_
355-5	BZ004	355	5	la	la	_	_	_	_	_	linguistic	_	none	_	_	_	_	_	_
355-6	BZ004	355	6	pentolina,	pentolina	_	_	_	_	_	linguistic	_	none	Intonation=WeaklyRising	End=852.111	_	_	_	_
356-0	BZ004	356	0	perché	perché	_	_	_	_	_	linguistic	_	none	_	Begin=853.606	_	_	_	_
356-1	BZ004	356	1	non	non	_	_	_	_	_	linguistic	_	none	_	_	_	_	_	_
356-2	BZ004	356	2	non	non	_	_	_	_	_	linguistic	_	none	_	_	_	_	_	_
356-3	BZ004	356	3	mangiava	mangiava	_	_	_	_	_	linguistic	_	none	_	_	_	_	_	_
356-4	BZ004	356	4	quella	quella	_	_	_	_	_	linguistic	_	none	_	_	_	_	_	_
356-5	BZ004	356	5	roba	roba	_	_	_	_	_	linguistic	_	none	_	_	_	_	_	_
356-6	BZ004	356	6	lì,	lì	_	_	_	_	_	linguistic	_	none	Intonation=WeaklyRising	End=855.656	_	_	_	_
357-0	BZ004	357	0	mentre	mentre	_	_	_	_	_	linguistic	_	none	_	Begin=855.906	_	_	_	_
357-1	BZ004	357	1	quelli	quelli	_	_	_	_	_	linguistic	_	none	_	_	_	_	_	_
357-2	BZ004	357	2	de	de	_	_	_	_	_	linguistic	_	none	_	_	_	_	_	_
357-3	BZ004	357	3	sarentino	sarentino	_	_	_	_	_	linguistic	_	none	_	_	_	_	_	_
357-4	BZ004	357	4	tedeschi	tedeschi	_	_	_	_	_	linguistic	_	none	_	_	_	_	_	_
357-5	BZ004	357	5	mangiavano	mangiavano	_	_	_	_	_	linguistic	_	none	_	_	_	_	_	_
357-6	BZ004	357	6	tutto.	tutto	_	_	_	_	_	linguistic	_	none	Intonation=Falling	End=858.906	_	_	_	_
358-0	BZ001	358	0	ah	ah	_	_	_	_	_	linguistic	_	none	_	Begin=858.911	_	_	_	_
358-1	BZ001	358	1	sì?	sì	_	_	_	_	_	linguistic	_	none	Intonation=Rising	_	_	_	_	_
358-2	BZ001	358	2	((ridendo))	((ridendo))	_	_	_	_	_	nonverbalbehavior	_	none	_	End=859.601	_	_	_	_
359-0	BZ001	359	0	eh	eh	_	_	_	_	_	linguistic	_	none	_	Begin=859.931	_	_	_	_
359-1	BZ001	359	1	((ridendo))	((ridendo))	_	_	_	_	_	nonverbalbehavior	_	none	_	End=860.111	_	_	_	_
360-0	BZ004	360	0	perciò,	perciò	_	_	_	_	_	linguistic	_	none	Intonation=WeaklyRising|PauseAfter=Yes	Begin=860.846	_	_	_	_
360-1	BZ004	360	1	(.)	(.)	_	_	_	_	_	shortpause	_	none	_	_	_	_	_	_
360-2	BZ004	360	2	no	no	_	_	_	_	_	linguistic	_	none	_	_	_	_	_	_
360-3	BZ004	360	3	no,	no	_	_	_	_	_	linguistic	_	none	Intonation=WeaklyRising	_	_	_	_	_
360-4	BZ004	360	4	c'	c'	_	_	_	_	_	linguistic	_	none	SpaceAfter=No	_	_	_	_	_
360-5	BZ004	360	5	erano	erano	_	_	_	_	_	linguistic	_	none	_	_	_	_	_	_
360-6	BZ004	360	6	i	i	_	_	_	_	_	linguistic	_	none	_	_	_	_	_	_
360-7	BZ004	360	7	tedeschi.	tedeschi	_	_	_	_	_	linguistic	_	none	Intonation=Falling	End=863.096	_	_	_	_
361-0	BZ004	361	0	ma	ma	_	_	_	_	_	linguistic	_	none	_	Begin=863.376	_	_	_	_
361-1	BZ004	361	1	andavano	andavano	_	_	_	_	_	linguistic	_	none	_	_	_	_	_	_
361-2	BZ004	361	2	d'	d'	_	_	_	_	_	linguistic	_	none	SpaceAfter=No	_	_	_	_	_
361-3	BZ004	361	3	accordo	accordo	_	_	_	_	_	linguistic	_	none	_	_	_	_	_	_
361-4	BZ004	361	4	eh,	eh	_	_	_	_	_	linguistic	_	none	Intonation=WeaklyRising	_	_	_	_	_
361-5	BZ004	361	5	tutti,	tutti	_	_	_	_	_	linguistic	_	none	Intonation=WeaklyRising	End=865.476	_	_	_	_
362-0	BZ004	362	0	anche	anche	_	_	_	_	_	linguistic	_	none	_	Begin=866.401	_	_	_	_
362-1	BZ004	362	1	i-	i-	_	_	_	_	_	linguistic	_	none	Interrupted=Yes	_	_	_	_	_
362-2	BZ004	362	2	n::	n	_	_	_	_	_	linguistic	_	none	_	_	0x2	_	_	_
362-3	BZ004	362	3	nella	nella	_	_	_	_	_	linguistic	_	none	_	_	_	_	_	_
362-4	BZ004	362	4	fabbrica	fabbrica	_	_	_	_	_	linguistic	_	none	_	_	_	_	_	_
362-5	BZ004	362	5	che	che	_	_	_	_	_	linguistic	_	none	_	_	_	_	_	_
362-6	BZ004	362	6	erano	erano	_	_	_	_	_	linguistic	_	none	_	_	_	_	_	_
362-7	BZ004	362	7	[tanti],	tanti	_	_	_	_	_	linguistic	_	none	Intonation=WeaklyRising	_	_	_	_	0-5(75)
362-8	BZ004	362	8	andavano	andavano	_	_	_	_	_	linguistic	_	none	_	_	_	_	_	_
362-9	BZ004	362	9	tutti	tutti	_	_	_	_	_	linguistic	_	none	_	_	_	_	_	_
362-10	BZ004	362	10	d'	d'	_	_	_	_	_	linguistic	_	none	SpaceAfter=No	_	_	_	_	_
362-11	BZ004	362	11	accordo	accordo	_	_	_	_	_	linguistic	_	none	_	_	_	_	_	_
362-12	BZ004	362	12	eh.	eh	_	_	_	_	_	linguistic	_	none	Intonation=Falling	End=871.411	_	_	_	_
363-0	BZ001	363	0	[mh	mh	_	_	_	_	_	linguistic	_	none	ProsodicLink=Yes	Begin=869.191	_	_	_	0-2(75)
363-1	BZ001	363	1	mh],	mh	_	_	_	_	_	linguistic	_	none	Intonation=WeaklyRising	End=869.641	_	_	_	0-2(75)
364-0	BZ001	364	0	mh	mh	_	_	_	_	_	linguistic	_	none	ProsodicLink=Yes	Begin=871.471	_	_	_	_
364-1	BZ001	364	1	mh.	mh	_	_	_	_	_	linguistic	_	none	Intonation=Falling	_	_	_	_	_
364-2	BZ001	364	2	però	però	_	_	_	_	_	linguistic	_	none	_	_	_	_	_	_
364-3	BZ001	364	3	anche	anche	_	_	_	_	_	linguistic	_	none	_	_	_	_	_	_
364-4	BZ001	364	4	lì	lì	_	_	_	_	_	linguistic	_	none	_	_	_	_	_	_
364-5	BZ001	364	5	si	si	_	_	_	_	_	linguistic	_	none	_	_	_	_	_	_
364-6	BZ001	364	6	parlava	parlava	_	_	_	_	_	linguistic	_	none	_	_	_	_	_	_
364-7	BZ001	364	7	in	in	_	_	_	_	_	linguistic	_	none	_	_	_	_	_	_
364-8	BZ001	364	8	italia[no].	italiano	_	_	_	_	_	linguistic	_	none	Intonation=Falling	End=874.111	_	_	_	6-8(76)
365-0	BZ004	365	0	[ita]liano.	italiano	_	_	_	_	_	linguistic	_	none	Intonation=Falling	Begin=873.956	_	_	_	0-3(76)
365-1	BZ004	365	1	loro	loro	_	_	_	_	_	linguistic	_	none	_	_	_	_	_	_
365-2	BZ004	365	2	sapevan	sapevan	_	_	_	_	_	linguistic	_	none	_	_	_	_	_	_
365-3	BZ004	365	3	tutti,	tutti	_	_	_	_	_	linguistic	_	none	Intonation=WeaklyRising	_	_	_	_	_
365-4	BZ004	365	4	eh	eh	_	_	_	_	_	linguistic	_	none	_	_	_	_	_	_
365-5	BZ004	365	5	sapevano	sapevano	_	_	_	_	_	linguistic	_	none	_	_	_	_	_	_
365-6	BZ004	365	6	l'	l'	_	_	_	_	_	linguistic	_	none	SpaceAfter=No	_	_	_	_	_
365-7	BZ004	365	7	italiano.	italiano	_	_	_	_	_	linguistic	_	none	Intonation=Falling	End=877.626	_	_	_	_
366-0	BZ001	366	0	e	e	_	_	_	_	_	linguistic	_	none	_	Begin=878.146	_	_	_	_
366-1	BZ001	366	1	invece	invece	_	_	_	_	_	linguistic	_	none	_	_	_	_	_	_
366-2	BZ001	366	2	com'	com'	_	_	_	_	_	linguistic	_	none	SpaceAfter=No	_	_	_	_	_
366-3	BZ001	366	3	era	era	_	_	_	_	_	linguistic	_	none	_	_	_	_	_	_
366-4	BZ001	366	4	la	la	_	_	_	_	_	linguistic	_	none	_	_	_	_	_	_
366-5	BZ001	366	5	vita:	vita	_	_	_	_	_	linguistic	_	none	_	_	3x1	_	_	_
366-6	BZ001	366	6	nelle	nelle	_	_	_	_	_	linguistic	_	none	_	_	_	_	_	_
366-7	BZ001	366	7	nelle	nelle	_	_	_	_	_	linguistic	_	none	_	_	_	_	_	_
366-8	BZ001	366	8	casette,	casette	_	_	_	_	_	linguistic	_	none	Intonation=WeaklyRising	_	_	_	_	_
366-9	BZ001	366	9	alle	alle	_	_	_	_	_	linguistic	_	none	_	_	_	_	_	_
366-10	BZ001	366	10	semirurali?	semirurali	_	_	_	_	_	linguistic	_	none	Intonation=Rising	End=881.746	_	_	_	_
367-0	BZ004	367	0	mah	mah	_	_	_	_	_	linguistic	_	none	_	Begin=882.531	_	_	_	_
367-1	BZ004	367	1	era	era	_	_	_	_	_	linguistic	_	none	_	_	_	_	_	_
367-2	BZ004	367	2	una	una	_	_	_	_	_	linguistic	_	none	_	_	_	_	_	_
367-3	BZ004	367	3	vita	vita	_	_	_	_	_	linguistic	_	none	_	_	_	_	_	_
367-4	BZ004	367	4	come	come	_	_	_	_	_	linguistic	_	none	_	_	_	_	_	_
367-5	BZ004	367	5	la	la	_	_	_	_	_	linguistic	_	none	_	_	_	_	_	_
367-6	BZ004	367	6	vita	vita	_	_	_	_	_	linguistic	_	none	_	_	_	_	_	_
367-7	BZ004	367	7	di	di	_	_	_	_	_	linguistic	_	none	_	_	_	_	_	_
367-8	BZ004	367	8	campagna	campagna	_	_	_	_	_	linguistic	_	none	_	_	_	_	_	_
367-9	BZ004	367	9	perché,	perché	_	_	_	_	_	linguistic	_	none	Intonation=WeaklyRising|PauseAfter=Yes	_	_	_	_	_
367-10	BZ004	367	10	(.)	(.)	_	_	_	_	_	shortpause	_	none	_	_	_	_	_	_
367-11	BZ004	367	11	hanno	hanno	_	_	_	_	_	linguistic	_	none	_	_	_	_	_	_
367-12	BZ004	367	12	dato	dato	_	_	_	_	_	linguistic	_	none	_	_	_	_	_	_
367-13	BZ004	367	13	apposto	apposto	_	_	_	_	_	linguistic	_	none	_	_	_	_	_	_
367-14	BZ004	367	14	le	le	_	_	_	_	_	linguistic	_	none	_	_	_	_	_	_
367-15	BZ004	367	15	<semirurali>,	semirurali	_	_	_	_	_	linguistic	_	none	Intonation=WeaklyRising	End=889.151	_	Slow=0-10(0)	_	_
368-0	BZ004	368	0	>no<	no	_	_	_	_	_	linguistic	_	none	_	Begin=889.786	_	Fast=0-2(0)	_	_
368-1	BZ004	368	1	rurali,	rurali	_	_	_	_	_	linguistic	_	none	Intonation=WeaklyRising|PauseAfter=Yes	_	_	_	_	_
368-2	BZ004	368	2	(.)	(.)	_	_	_	_	_	shortpause	_	none	_	_	_	_	_	_
368-3	BZ004	368	3	hanno	hanno	_	_	_	_	_	linguistic	_	none	_	_	_	_	_	_
368-4	BZ004	368	4	dato	dato	_	_	_	_	_	linguistic	_	none	_	_	_	_	_	_
368-5	BZ004	368	5	l'	l'	_	_	_	_	_	linguistic	_	none	SpaceAfter=No	_	_	_	_	_
368-6	BZ004	368	6	orto,	orto	_	_	_	_	_	linguistic	_	none	Intonation=WeaklyRising	_	_	_	_	_
368-7	BZ004	368	7	per	per	_	_	_	_	_	linguistic	_	none	_	_	_	_	_	_
368-8	BZ004	368	8	per	per	_	_	_	_	_	linguistic	_	none	_	_	_	_	_	_
368-9	BZ004	368	9	a-	a-	_	_	_	_	_	linguistic	_	none	Interrupted=Yes	_	_	_	_	_
368-10	BZ004	368	10	per	per	_	_	_	_	_	linguistic	_	none	_	_	_	_	_	_
368-11	BZ004	368	11	coltivare	coltivare	_	_	_	_	_	linguistic	_	none	_	_	_	_	_	_
368-12	BZ004	368	12	l'	l'	_	_	_	_	_	linguistic	_	none	SpaceAfter=No	_	_	_	_	_
368-13	BZ004	368	13	orto	orto	_	_	_	_	_	linguistic	_	none	_	_	_	_	_	3-4(77)
368-14	BZ004	368	14	[per	per	_	_	_	_	_	linguistic	_	none	_	_	_	_	_	0-3(77)
368-15	BZ004	368	15	ti]rare	tirare	_	_	_	_	_	linguistic	_	none	_	_	_	_	_	0-1(77)
368-16	BZ004	368	16	su	su	_	_	_	_	_	linguistic	_	none	_	_	_	_	_	_
368-17	BZ004	368	17	la	la	_	_	_	_	_	linguistic	_	none	ProsodicLink=Yes	_	_	_	_	_
368-18	BZ004	368	18	la:	la	_	_	_	_	_	linguistic	_	none	_	_	1x1	_	_	_
368-19	BZ004	368	19	verdura	verdura	_	_	_	_	_	linguistic	_	none	_	_	_	_	_	_
368-20	BZ004	368	20	no?	no	_	_	_	_	_	linguistic	_	none	Intonation=Rising	End=897.756	_	_	_	_
369-0	BZ001	369	0	[mh	mh	_	_	_	_	_	linguistic	_	none	ProsodicLink=Yes	Begin=894.596	_	_	_	0-2(77)
369-1	BZ001	369	1	mh].	mh	_	_	_	_	_	linguistic	_	none	Intonation=Falling	End=894.996	_	_	_	0-2(77)
370-0	BZ004	370	0	eh	eh	_	_	_	_	_	linguistic	_	none	_	Begin=898.331	_	_	_	_
370-1	BZ004	370	1	insomma	insomma	_	_	_	_	_	linguistic	_	none	_	_	_	_	_	_
370-2	BZ004	370	2	si	si	_	_	_	_	_	linguistic	_	none	_	_	_	_	_	_
370-3	BZ004	370	3	stava	stava	_	_	_	_	_	linguistic	_	none	_	_	_	_	_	_
370-4	BZ004	370	4	bene,	bene	_	_	_	_	_	linguistic	_	none	Intonation=WeaklyRising	_	_	_	_	_
370-5	BZ004	370	5	erano	erano	_	_	_	_	_	linguistic	_	none	_	_	_	_	_	_
370-6	BZ004	370	6	casette	casette	_	_	_	_	_	linguistic	_	none	_	_	_	_	_	_
370-7	BZ004	370	7	da	da	_	_	_	_	_	linguistic	_	none	_	_	_	_	_	_
370-8	BZ004	370	8	qua-	qua-	_	_	_	_	_	linguistic	_	none	Interrupted=Yes	_	_	_	_	_
370-9	BZ004	370	9	era	era	_	_	_	_	_	linguistic	_	none	_	_	_	_	_	_
370-10	BZ004	370	10	da	da	_	_	_	_	_	linguistic	_	none	_	_	_	_	_	_
370-11	BZ004	370	11	quattro	quattro	_	_	_	_	_	linguistic	_	none	_	_	_	_	_	_
370-12	BZ004	370	12	famiglie,	famiglie	_	_	_	_	_	linguistic	_	none	Intonation=WeaklyRising	End=902.451	_	_	_	_
371-0	BZ001	371	0	okay,	okay	_	_	_	_	_	linguistic	_	none	Intonation=WeaklyRising	Begin=902.636|End=903.226	_	_	_	_
372-0	BZ004	372	0	ci	ci	_	_	_	_	_	linguistic	_	none	_	Begin=903.286	_	_	_	_
372-1	BZ004	372	1	si	si	_	_	_	_	_	linguistic	_	none	_	_	_	_	_	_
372-2	BZ004	372	2	conosceva	conosceva	_	_	_	_	_	linguistic	_	none	_	_	_	_	_	_
372-3	BZ004	372	3	tutti	tutti	_	_	_	_	_	linguistic	_	none	_	_	_	_	_	_
372-4	BZ004	372	4	come	come	_	_	_	_	_	linguistic	_	none	_	_	_	_	_	_
372-5	BZ004	372	5	nei	nei	_	_	_	_	_	linguistic	_	none	_	_	_	_	_	_
372-6	BZ004	372	6	paesi.	paesi	_	_	_	_	_	linguistic	_	none	Intonation=Falling	End=905.806	_	_	_	_
373-0	BZ001	373	0	mh	mh	_	_	_	_	_	linguistic	_	none	ProsodicLink=Yes	Begin=905.871	_	_	_	_
373-1	BZ001	373	1	mh,	mh	_	_	_	_	_	linguistic	_	none	Intonation=WeaklyRising	End=906.361	_	_	_	_
374-0	BZ004	374	0	era	era	_	_	_	_	_	linguistic	_	none	_	Begin=906.551	_	_	_	_
374-1	BZ004	374	1	come	come	_	_	_	_	_	linguistic	_	none	_	_	_	_	_	_
374-2	BZ004	374	2	un	un	_	_	_	_	_	linguistic	_	none	_	_	_	_	_	_
374-3	BZ004	374	3	paese	paese	_	_	_	_	_	linguistic	_	none	_	_	_	_	_	_
374-4	BZ004	374	4	praticamente.	praticamente	_	_	_	_	_	linguistic	_	none	Intonation=Falling	_	_	_	_	_
374-5	BZ004	374	5	ecco.	ecco	_	_	_	_	_	linguistic	_	none	Intonation=Falling	End=909.061	_	_	_	_
375-0	BZ004	375	0	e	e	_	_	_	_	_	linguistic	_	none	_	Begin=909.891	_	_	_	_
375-1	BZ004	375	1	quello	quello	_	_	_	_	_	linguistic	_	none	_	_	_	_	_	_
375-2	BZ004	375	2	che	che	_	_	_	_	_	linguistic	_	none	_	_	_	_	_	_
375-3	BZ004	375	3	è	è	_	_	_	_	_	linguistic	_	none	_	_	_	_	_	_
375-4	BZ004	375	4	stato	stato	_	_	_	_	_	linguistic	_	none	_	_	_	_	_	_
375-5	BZ004	375	5	bello,	bello	_	_	_	_	_	linguistic	_	none	Intonation=WeaklyRising	_	_	_	_	_
375-6	BZ004	375	6	eh	eh	_	_	_	_	_	linguistic	_	none	_	_	_	_	_	_
375-7	BZ004	375	7	cr-	cr-	_	_	_	_	_	linguistic	_	none	Interrupted=Yes	_	_	_	_	_
375-8	BZ004	375	8	che:	che	_	_	_	_	_	linguistic	_	none	_	_	2x1	_	_	_
375-9	BZ004	375	9	i	i	_	_	_	_	_	linguistic	_	none	_	_	_	_	_	_
375-10	BZ004	375	10	nostri	nostri	_	_	_	_	_	linguistic	_	none	_	_	_	_	_	_
375-11	BZ004	375	11	figli	figli	_	_	_	_	_	linguistic	_	none	_	_	_	_	_	_
375-12	BZ004	375	12	son	son	_	_	_	_	_	linguistic	_	none	_	_	_	_	_	_
375-13	BZ004	375	13	cresciuti	cresciuti	_	_	_	_	_	linguistic	_	none	_	_	_	_	_	_
375-14	BZ004	375	14	contenti	contenti	_	_	_	_	_	linguistic	_	none	_	_	_	_	_	_
375-15	BZ004	375	15	e	e	_	_	_	_	_	linguistic	_	none	_	_	_	_	_	_
375-16	BZ004	375	16	felici	felici	_	_	_	_	_	linguistic	_	none	_	End=916.351	_	_	_	_
376-0	BZ004	376	0	in	in	_	_	_	_	_	linguistic	_	none	_	Begin=917.116	_	_	_	_
376-1	BZ004	376	1	questi	questi	_	_	_	_	_	linguistic	_	none	_	_	_	_	_	_
376-2	BZ004	376	2	in:	in	_	_	_	_	_	linguistic	_	none	_	_	1x1	_	_	_
376-3	BZ004	376	3	questo	questo	_	_	_	_	_	linguistic	_	none	_	_	_	_	_	_
376-4	BZ004	376	4	orto	orto	_	_	_	_	_	linguistic	_	none	_	_	_	_	_	_
376-5	BZ004	376	5	diciamo	diciamo	_	_	_	_	_	linguistic	_	none	_	_	_	_	_	_
376-6	BZ004	376	6	no?	no	_	_	_	_	_	linguistic	_	none	Intonation=Rising	End=920.056	_	_	_	_
377-0	BZ004	377	0	perché	perché	_	_	_	_	_	linguistic	_	none	_	Begin=920.426	_	_	_	_
377-1	BZ004	377	1	no-	no-	_	_	_	_	_	linguistic	_	none	Interrupted=Yes	_	_	_	_	_
377-2	BZ004	377	2	non	non	_	_	_	_	_	linguistic	_	none	_	_	_	_	_	_
377-3	BZ004	377	3	erano	erano	_	_	_	_	_	linguistic	_	none	_	_	_	_	_	_
377-4	BZ004	377	4	cortili	cortili	_	_	_	_	_	linguistic	_	none	_	_	_	_	_	_
377-5	BZ004	377	5	come	come	_	_	_	_	_	linguistic	_	none	_	_	_	_	_	_
377-6	BZ004	377	6	adesso	adesso	_	_	_	_	_	linguistic	_	none	_	_	_	_	_	_
377-7	BZ004	377	7	che	che	_	_	_	_	_	linguistic	_	none	_	_	_	_	_	_
377-8	BZ004	377	8	non	non	_	_	_	_	_	linguistic	_	none	_	_	_	_	_	_
377-9	BZ004	377	9	possono	possono	_	_	_	_	_	linguistic	_	none	_	_	_	_	_	_
377-10	BZ004	377	10	andare	andare	_	_	_	_	_	linguistic	_	none	_	_	_	_	_	_
377-11	BZ004	377	11	di	di	_	_	_	_	_	linguistic	_	none	_	_	_	_	_	_
377-12	BZ004	377	12	qua,	qua	_	_	_	_	_	linguistic	_	none	Intonation=WeaklyRising	_	_	_	_	_
377-13	BZ004	377	13	che	che	_	_	_	_	_	linguistic	_	none	_	_	_	_	_	_
377-14	BZ004	377	14	non	non	_	_	_	_	_	linguistic	_	none	_	_	_	_	_	_
377-15	BZ004	377	15	possono	possono	_	_	_	_	_	linguistic	_	none	_	_	_	_	_	_
377-16	BZ004	377	16	andare	andare	_	_	_	_	_	linguistic	_	none	_	_	_	_	_	_
377-17	BZ004	377	17	di	di	_	_	_	_	_	linguistic	_	none	_	_	_	_	_	_
377-18	BZ004	377	18	là	là	_	_	_	_	_	linguistic	_	none	PauseAfter=Yes	_	_	_	_	_
377-19	BZ004	377	19	(.)	(.)	_	_	_	_	_	shortpause	_	none	_	_	_	_	_	_
377-20	BZ004	377	20	lì	lì	_	_	_	_	_	linguistic	_	none	_	_	_	_	_	_
377-21	BZ004	377	21	c'	c'	_	_	_	_	_	linguistic	_	none	SpaceAfter=No	_	_	_	_	_
377-22	BZ004	377	22	era	era	_	_	_	_	_	linguistic	_	none	_	_	_	_	_	_
377-23	BZ004	377	23	il	il	_	_	_	_	_	linguistic	_	none	_	_	_	_	_	_
377-24	BZ004	377	24	cortiletto	cortiletto	_	_	_	_	_	linguistic	_	none	_	_	_	_	_	_
377-25	BZ004	377	25	della	della	_	_	_	_	_	linguistic	_	none	_	_	_	_	_	_
377-26	BZ004	377	26	casa,	casa	_	_	_	_	_	linguistic	_	none	Intonation=WeaklyRising	_	_	_	_	_
377-27	BZ004	377	27	e	e	_	_	_	_	_	linguistic	_	none	_	_	_	_	_	_
377-28	BZ004	377	28	ognuno	ognuno	_	_	_	_	_	linguistic	_	none	_	_	_	_	_	_
377-29	BZ004	377	29	il	il	_	_	_	_	_	linguistic	_	none	_	_	_	_	_	_
377-30	BZ004	377	30	proprio	proprio	_	_	_	_	_	linguistic	_	none	_	_	_	_	_	_
377-31	BZ004	377	31	orto.	orto	_	_	_	_	_	linguistic	_	none	Intonation=Falling	End=930.051	_	_	_	_
378-0	BZ001	378	0	mh	mh	_	_	_	_	_	linguistic	_	none	ProsodicLink=Yes	Begin=930.363	_	_	_	_
378-1	BZ001	378	1	mh,	mh	_	_	_	_	_	linguistic	_	none	Intonation=WeaklyRising	End=930.723	_	_	_	_
379-0	BZ004	379	0	e	e	_	_	_	_	_	linguistic	_	none	_	Begin=930.918	_	_	_	_
379-1	BZ004	379	1	i	i	_	_	_	_	_	linguistic	_	none	_	_	_	_	_	_
379-2	BZ004	379	2	nostri	nostri	_	_	_	_	_	linguistic	_	none	_	_	_	_	_	_
379-3	BZ004	379	3	bambini,	bambini	_	_	_	_	_	linguistic	_	none	Intonation=WeaklyRising	_	_	_	_	_
379-4	BZ004	379	4	compresa	compresa	_	_	_	_	_	linguistic	_	none	_	_	_	_	_	_
379-5	BZ004	379	5	tua	tua	_	_	_	_	_	linguistic	_	none	_	_	_	_	_	_
379-6	BZ004	379	6	mamma,	mamma	_	_	_	_	_	linguistic	_	none	Intonation=WeaklyRising|PauseAfter=Yes	_	_	_	_	_
379-7	BZ004	379	7	(.)	(.)	_	_	_	_	_	shortpause	_	none	_	_	_	_	_	_
379-8	BZ004	379	8	si	si	_	_	_	_	_	linguistic	_	none	_	_	_	_	_	_
379-9	BZ004	379	9	trovavano	trovavano	_	_	_	_	_	linguistic	_	none	_	_	_	_	_	_
379-10	BZ004	379	10	a	a	_	_	_	_	_	linguistic	_	none	_	_	_	_	_	_
379-11	BZ004	379	11	giocare	giocare	_	_	_	_	_	linguistic	_	none	_	_	_	_	_	_
379-12	BZ004	379	12	dentro	dentro	_	_	_	_	_	linguistic	_	none	_	_	_	_	_	_
379-13	BZ004	379	13	fra	fra	_	_	_	_	_	linguistic	_	none	_	_	_	_	_	_
379-14	BZ004	379	14	gli	gli	_	_	_	_	_	linguistic	_	none	_	_	_	_	_	_
379-15	BZ004	379	15	altri	altri	_	_	_	_	_	linguistic	_	none	_	_	_	_	_	_
379-16	BZ004	379	16	bambini	bambini	_	_	_	_	_	linguistic	_	none	_	_	_	_	_	_
379-17	BZ004	379	17	negli	negli	_	_	_	_	_	linguistic	_	none	_	_	_	_	_	_
379-18	BZ004	379	18	orti	orti	_	_	_	_	_	linguistic	_	none	_	_	_	_	_	_
379-19	BZ004	379	19	diciamo.	diciamo	_	_	_	_	_	linguistic	_	none	Intonation=Falling	End=937.938	_	_	_	_
380-0	BZ004	380	0	sempre	sempre	_	_	_	_	_	linguistic	_	none	_	Begin=938.163	_	_	_	_
380-1	BZ004	380	1	sotto	sotto	_	_	_	_	_	linguistic	_	none	_	_	_	_	_	_
380-2	BZ004	380	2	casa,	casa	_	_	_	_	_	linguistic	_	none	Intonation=WeaklyRising	End=939.383	_	_	_	_
381-0	BZ001	381	0	quindi	quindi	_	_	_	_	_	linguistic	_	none	_	Begin=940.238	_	_	_	_
381-1	BZ001	381	1	[ti	ti	_	_	_	_	_	linguistic	_	none	_	_	_	_	_	0-2(78)
381-2	BZ001	381	2	piaceva],	piaceva	_	_	_	_	_	linguistic	_	none	Intonation=WeaklyRising	End=941.218	_	_	_	0-7(78)
382-0	BZ004	382	0	[per	per	_	_	_	_	_	linguistic	_	none	_	Begin=940.663	_	_	_	0-3(78)
382-1	BZ004	382	1	loro]	loro	_	_	_	_	_	linguistic	_	none	_	_	_	_	_	0-4(78)
382-2	BZ004	382	2	è	è	_	_	_	_	_	linguistic	_	none	_	_	_	_	_	_
382-3	BZ004	382	3	stata	stata	_	_	_	_	_	linguistic	_	none	_	_	_	_	_	_
382-4	BZ004	382	4	una	una	_	_	_	_	_	linguistic	_	none	_	_	_	_	_	_
382-5	BZ004	382	5	bella,	bella	_	_	_	_	_	linguistic	_	none	Intonation=WeaklyRising	End=942.533	_	_	_	_
383-0	BZ004	383	0	mh:::	mh	_	_	_	_	_	linguistic	_	none	_	Begin=943.263	1x3	_	_	_
383-1	BZ004	383	1	infanzia	infanzia	_	_	_	_	_	linguistic	_	none	_	_	_	_	_	_
383-2	BZ004	383	2	di[ciamo]	diciamo	_	_	_	_	_	linguistic	_	none	_	_	_	_	_	2-7(79)
383-3	BZ004	383	3	no?	no	_	_	_	_	_	linguistic	_	none	Intonation=Rising	End=946.743	_	_	_	_
384-0	BZ001	384	0	[mh	mh	_	_	_	_	_	linguistic	_	none	ProsodicLink=Yes	Begin=945.998	_	_	_	0-2(79)
384-1	BZ001	384	1	mh],	mh	_	_	_	_	_	linguistic	_	none	Intonation=WeaklyRising	End=946.428	_	_	_	0-2(79)
385-0	BZ004	385	0	è	è	_	_	_	_	_	linguistic	_	none	_	Begin=947.138	_	_	_	_
385-1	BZ004	385	1	stata	stata	_	_	_	_	_	linguistic	_	none	_	_	_	_	_	_
385-2	BZ004	385	2	una	una	_	_	_	_	_	linguistic	_	none	_	_	_	_	_	_
385-3	BZ004	385	3	bella	bella	_	_	_	_	_	linguistic	_	none	_	_	_	_	_	_
385-4	BZ004	385	4	infanzia	infanzia	_	_	_	_	_	linguistic	_	none	_	_	_	_	_	_
385-5	BZ004	385	5	perché,	perché	_	_	_	_	_	linguistic	_	none	Intonation=WeaklyRising	End=949.338	_	_	_	_
386-0	BZ004	386	0	eh	eh	_	_	_	_	_	linguistic	_	none	_	Begin=949.773	_	_	_	_
386-1	BZ004	386	1	no	no	_	_	_	_	_	linguistic	_	none	_	_	_	_	_	_
386-2	BZ004	386	2	al	al	_	_	_	_	_	linguistic	_	none	_	_	_	_	_	_
386-3	BZ004	386	3	a-	a-	_	_	_	_	_	linguistic	_	none	Interrupted=Yes	_	_	_	_	_
386-4	BZ004	386	4	come	come	_	_	_	_	_	linguistic	_	none	_	_	_	_	_	_
386-5	BZ004	386	5	adesso	adesso	_	_	_	_	_	linguistic	_	none	_	_	_	_	_	_
386-6	BZ004	386	6	bisogna	bisogna	_	_	_	_	_	linguistic	_	none	_	_	_	_	_	_
386-7	BZ004	386	7	metterli	metterli	_	_	_	_	_	linguistic	_	none	_	_	_	_	_	_
386-8	BZ004	386	8	al	al	_	_	_	_	_	linguistic	_	none	_	_	_	_	_	_
386-9	BZ004	386	9	nido	nido	_	_	_	_	_	linguistic	_	none	_	_	_	_	_	_
386-10	BZ004	386	10	bisogna	bisogna	_	_	_	_	_	linguistic	_	none	_	_	_	_	_	_
386-11	BZ004	386	11	metterli	metterli	_	_	_	_	_	linguistic	_	none	_	_	_	_	_	_
386-12	BZ004	386	12	di	di	_	_	_	_	_	linguistic	_	none	_	_	_	_	_	_
386-13	BZ004	386	13	qua	qua	_	_	_	_	_	linguistic	_	none	_	_	_	_	_	_
386-14	BZ004	386	14	di	di	_	_	_	_	_	linguistic	_	none	_	_	_	_	_	_
386-15	BZ004	386	15	là	là	_	_	_	_	_	linguistic	_	none	_	End=954.323	_	_	_	_
387-0	BZ004	387	0	io	io	_	_	_	_	_	linguistic	_	none	_	Begin=954.613	_	_	_	_
387-1	BZ004	387	1	non	non	_	_	_	_	_	linguistic	_	none	_	_	_	_	_	_
387-2	BZ004	387	2	l'	l'	_	_	_	_	_	linguistic	_	none	SpaceAfter=No	_	_	_	_	_
387-3	BZ004	387	3	ho	ho	_	_	_	_	_	linguistic	_	none	_	_	_	_	_	_
387-4	BZ004	387	4	messi	messi	_	_	_	_	_	linguistic	_	none	_	_	_	_	_	_
387-5	BZ004	387	5	né	né	_	_	_	_	_	linguistic	_	none	_	_	_	_	_	_
387-6	BZ004	387	6	al	al	_	_	_	_	_	linguistic	_	none	_	_	_	_	_	_
387-7	BZ004	387	7	nido	nido	_	_	_	_	_	linguistic	_	none	_	_	_	_	_	_
387-8	BZ004	387	8	né	né	_	_	_	_	_	linguistic	_	none	_	_	_	_	_	_
387-9	BZ004	387	9	all'	all'	_	_	_	_	_	linguistic	_	none	SpaceAfter=No	_	_	_	_	_
387-10	BZ004	387	10	asilo,	asilo	_	_	_	_	_	linguistic	_	none	Intonation=WeaklyRising	End=957.073	_	_	_	_
388-0	BZ001	388	0	mh.	mh	_	_	_	_	_	linguistic	_	none	Intonation=Falling	Begin=957.088|End=957.368	_	_	_	_
389-0	BZ004	389	0	ho	ho	_	_	_	_	_	linguistic	_	none	PauseAfter=Yes	Begin=957.883	_	_	_	_
389-1	BZ004	389	1	(.)	(.)	_	_	_	_	_	shortpause	_	none	_	_	_	_	_	_
389-2	BZ004	389	2	ho	ho	_	_	_	_	_	linguistic	_	none	_	_	_	_	_	_
389-3	BZ004	389	3	insegnato	insegnato	_	_	_	_	_	linguistic	_	none	_	_	_	_	_	_
389-4	BZ004	389	4	io	io	_	_	_	_	_	linguistic	_	none	_	_	_	_	_	_
389-5	BZ004	389	5	a	a	_	_	_	_	_	linguistic	_	none	_	_	_	_	_	_
389-6	BZ004	389	6	scrivere,	scrivere	_	_	_	_	_	linguistic	_	none	Intonation=WeaklyRising	_	_	_	_	_
389-7	BZ004	389	7	e	e	_	_	_	_	_	linguistic	_	none	_	_	_	_	_	_
389-8	BZ004	389	8	quando	quando	_	_	_	_	_	linguistic	_	none	_	_	_	_	_	_
389-9	BZ004	389	9	son	son	_	_	_	_	_	linguistic	_	none	_	_	_	_	_	_
389-10	BZ004	389	10	andate	andate	_	_	_	_	_	linguistic	_	none	_	_	_	_	_	_
389-11	BZ004	389	11	a	a	_	_	_	_	_	linguistic	_	none	_	_	_	_	_	_
389-12	BZ004	389	12	a	a	_	_	_	_	_	linguistic	_	none	_	_	_	_	_	_
389-13	BZ004	389	13	scuola	scuola	_	_	_	_	_	linguistic	_	none	_	_	_	_	_	_
389-14	BZ004	389	14	le	le	_	_	_	_	_	linguistic	_	none	_	_	_	_	_	_
389-15	BZ004	389	15	mie	mie	_	_	_	_	_	linguistic	_	none	_	_	_	_	_	_
389-16	BZ004	389	16	figlie	figlie	_	_	_	_	_	linguistic	_	none	_	_	_	_	_	_
389-17	BZ004	389	17	sapevano	sapevano	_	_	_	_	_	linguistic	_	none	_	_	_	_	_	_
389-18	BZ004	389	18	leggere	leggere	_	_	_	_	_	linguistic	_	none	_	_	_	_	_	_
389-19	BZ004	389	19	e	e	_	_	_	_	_	linguistic	_	none	_	_	_	_	_	_
389-20	BZ004	389	20	scrivere	scrivere	_	_	_	_	_	linguistic	_	none	_	_	_	_	_	_
389-21	BZ004	389	21	e	e	_	_	_	_	_	linguistic	_	none	_	_	_	_	_	_
389-22	BZ004	389	22	ce	ce	_	_	_	_	_	linguistic	_	none	_	_	_	_	_	_
389-23	BZ004	389	23	l'	l'	_	_	_	_	_	linguistic	_	none	SpaceAfter=No	_	_	_	_	_
389-24	BZ004	389	24	ho	ho	_	_	_	_	_	linguistic	_	none	_	_	_	_	_	_
389-25	BZ004	389	25	insegnato	insegnato	_	_	_	_	_	linguistic	_	none	_	_	_	_	_	_
389-26	BZ004	389	26	[io].	io	_	_	_	_	_	linguistic	_	none	Intonation=Falling	End=965.69	_	_	_	0-2(80)
390-0	BZ001	390	0	[ah]	ah	_	_	_	_	_	linguistic	_	none	_	Begin=965.338	_	_	_	0-2(80)
390-1	BZ001	390	1	ecco.	ecco	_	_	_	_	_	linguistic	_	none	Intonation=Falling	End=966.008	_	_	_	_
391-0	BZ004	391	0	perché	perché	_	_	_	_	_	linguistic	_	none	_	Begin=966.148	_	_	_	_
391-1	BZ004	391	1	neanche	neanche	_	_	_	_	_	linguistic	_	none	_	_	_	_	_	_
391-2	BZ004	391	2	all'	all'	_	_	_	_	_	linguistic	_	none	SpaceAfter=No	_	_	_	_	_
391-3	BZ004	391	3	asilo	asilo	_	_	_	_	_	linguistic	_	none	_	_	_	_	_	_
391-4	BZ004	391	4	non	non	_	_	_	_	_	linguistic	_	none	_	_	_	_	_	_
391-5	BZ004	391	5	le	le	_	_	_	_	_	linguistic	_	none	_	_	_	_	_	_
391-6	BZ004	391	6	ho	ho	_	_	_	_	_	linguistic	_	none	_	_	_	_	_	_
391-7	BZ004	391	7	mandate.	mandate	_	_	_	_	_	linguistic	_	none	Intonation=Falling	End=967.998	_	_	_	_
392-0	BZ001	392	0	ah.	ah	_	_	_	_	_	linguistic	_	none	Intonation=Falling|PauseAfter=Yes	Begin=968.118	_	_	_	_
392-1	BZ001	392	1	(.)	(.)	_	_	_	_	_	shortpause	_	none	_	_	_	_	_	_
392-2	BZ001	392	2	e	e	_	_	_	_	_	linguistic	_	none	_	_	_	_	_	_
392-3	BZ001	392	3	quindi	quindi	_	_	_	_	_	linguistic	_	none	_	_	_	_	_	_
392-4	BZ001	392	4	ti	ti	_	_	_	_	_	linguistic	_	none	_	_	_	_	_	_
392-5	BZ001	392	5	piaceva	piaceva	_	_	_	_	_	linguistic	_	none	_	_	_	_	_	_
392-6	BZ001	392	6	comunque	comunque	_	_	_	_	_	linguistic	_	none	_	_	_	_	_	_
392-7	BZ001	392	7	stare	stare	_	_	_	_	_	linguistic	_	none	_	_	_	_	_	_
392-8	BZ001	392	8	alle	alle	_	_	_	_	_	linguistic	_	none	_	_	_	_	_	_
392-9	BZ001	392	9	semirurali?	semirurali	_	_	_	_	_	linguistic	_	none	Intonation=Rising	End=971.098	_	_	_	_
393-0	BZ004	393	0	a	a	_	_	_	_	_	linguistic	_	none	ProsodicLink=Yes	Begin=971.593	_	_	_	_
393-1	BZ004	393	1	a	a	_	_	_	_	_	linguistic	_	none	_	_	_	_	_	_
393-2	BZ004	393	2	me	me	_	_	_	_	_	linguistic	_	none	_	_	_	_	_	_
393-3	BZ004	393	3	l'	l'	_	_	_	_	_	linguistic	_	none	SpaceAfter=No	_	_	_	_	_
393-4	BZ004	393	4	unica	unica	_	_	_	_	_	linguistic	_	none	_	_	_	_	_	_
393-5	BZ004	393	5	cosa	cosa	_	_	_	_	_	linguistic	_	none	_	_	_	_	_	_
393-6	BZ004	393	6	che	che	_	_	_	_	_	linguistic	_	none	_	_	_	_	_	_
393-7	BZ004	393	7	non	non	_	_	_	_	_	linguistic	_	none	_	_	_	_	_	_
393-8	BZ004	393	8	mi	mi	_	_	_	_	_	linguistic	_	none	_	_	_	_	_	_
393-9	BZ004	393	9	piaceva	piaceva	_	_	_	_	_	linguistic	_	none	_	_	_	_	_	_
393-10	BZ004	393	10	che	che	_	_	_	_	_	linguistic	_	none	_	_	_	_	_	_
393-11	BZ004	393	11	non	non	_	_	_	_	_	linguistic	_	none	_	_	_	_	_	_
393-12	BZ004	393	12	c'	c'	_	_	_	_	_	linguistic	_	none	SpaceAfter=No	_	_	_	_	_
393-13	BZ004	393	13	era	era	_	_	_	_	_	linguistic	_	none	_	_	_	_	_	_
393-14	BZ004	393	14	il	il	_	_	_	_	_	linguistic	_	none	_	_	_	_	_	_
393-15	BZ004	393	15	riscaldamento.	riscaldamento	_	_	_	_	_	linguistic	_	none	Intonation=Falling	End=975.523	_	_	_	_
394-0	BZ001	394	0	non	non	_	_	_	_	_	linguistic	_	none	_	Begin=975.763	_	_	_	_
394-1	BZ001	394	1	c'	c'	_	_	_	_	_	linguistic	_	none	SpaceAfter=No	_	_	_	_	_
394-2	BZ001	394	2	era.	era	_	_	_	_	_	linguistic	_	none	Intonation=Falling	End=976.443	_	_	_	_
395-0	BZ004	395	0	perché	perché	_	_	_	_	_	linguistic	_	none	_	Begin=976.798	_	_	_	_
395-1	BZ004	395	1	c'	c'	_	_	_	_	_	linguistic	_	none	SpaceAfter=No	_	_	_	_	_
395-2	BZ004	395	2	era	era	_	_	_	_	_	linguistic	_	none	_	_	_	_	_	_
395-3	BZ004	395	3	<tanto	tanto	_	_	_	_	_	linguistic	_	none	_	_	_	Slow=0-5(0)	_	_
395-4	BZ004	395	4	freddo>,	freddo	_	_	_	_	_	linguistic	_	none	Intonation=WeaklyRising	_	_	Slow=0-6(0)	_	_
395-5	BZ004	395	5	tanto	tanto	_	_	_	_	_	linguistic	_	none	_	_	_	_	_	_
395-6	BZ004	395	6	freddo.	freddo	_	_	_	_	_	linguistic	_	none	Intonation=Falling	_	_	_	_	_
395-7	BZ004	395	7	perché	perché	_	_	_	_	_	linguistic	_	none	_	_	_	_	_	_
395-8	BZ004	395	8	erano	erano	_	_	_	_	_	linguistic	_	none	_	_	_	_	_	_
395-9	BZ004	395	9	casette	casette	_	_	_	_	_	linguistic	_	none	_	_	_	_	_	_
395-10	BZ004	395	10	fatte,	fatte	_	_	_	_	_	linguistic	_	none	Intonation=WeaklyRising|PauseAfter=Yes	_	_	_	_	_
395-11	BZ004	395	11	(.)	(.)	_	_	_	_	_	shortpause	_	none	_	_	_	_	_	_
395-12	BZ004	395	12	di	di	_	_	_	_	_	linguistic	_	none	_	_	_	_	_	_
395-13	BZ004	395	13	mattc-	mattc-	_	_	_	_	_	linguistic	_	none	Interrupted=Yes	_	_	_	_	_
395-14	BZ004	395	14	di	di	_	_	_	_	_	linguistic	_	none	_	_	_	_	_	_
395-15	BZ004	395	15	mattoni,	mattoni	_	_	_	_	_	linguistic	_	none	Intonation=WeaklyRising|PauseAfter=Yes	_	_	_	_	_
395-16	BZ004	395	16	(.)	(.)	_	_	_	_	_	shortpause	_	none	_	_	_	_	_	_
395-17	BZ004	395	17	mio	mio	_	_	_	_	_	linguistic	_	none	_	_	_	_	_	_
395-18	BZ004	395	18	papà	papà	_	_	_	_	_	linguistic	_	none	_	_	_	_	_	_
395-19	BZ004	395	19	che	che	_	_	_	_	_	linguistic	_	none	_	_	_	_	_	_
395-20	BZ004	395	20	si	si	_	_	_	_	_	linguistic	_	none	_	_	_	_	_	_
395-21	BZ004	395	21	ricordava,	ricordava	_	_	_	_	_	linguistic	_	none	Intonation=WeaklyRising|PauseAfter=Yes	_	_	_	_	_
395-22	BZ004	395	22	(.)	(.)	_	_	_	_	_	shortpause	_	none	_	_	_	_	_	_
395-23	BZ004	395	23	ha	ha	_	_	_	_	_	linguistic	_	none	_	_	_	_	_	_
395-24	BZ004	395	24	detto	detto	_	_	_	_	_	linguistic	_	none	_	_	_	_	_	_
395-25	BZ004	395	25	che	che	_	_	_	_	_	linguistic	_	none	_	_	_	_	_	_
395-26	BZ004	395	26	ne	ne	_	_	_	_	_	linguistic	_	none	_	_	_	_	_	_
395-27	BZ004	395	27	facevano	facevano	_	_	_	_	_	linguistic	_	none	_	_	_	_	_	_
395-28	BZ004	395	28	una	una	_	_	_	_	_	linguistic	_	none	_	_	_	_	_	_
395-29	BZ004	395	29	al	al	_	_	_	_	_	linguistic	_	none	_	_	_	_	_	_
395-30	BZ004	395	30	giorno.	giorno	_	_	_	_	_	linguistic	_	none	Intonation=Falling	End=988.228	_	_	_	_
396-0	BZ001	396	0	ah,	ah	_	_	_	_	_	linguistic	_	none	Intonation=WeaklyRising	Begin=988.498|End=988.788	_	_	_	_
397-0	BZ004	397	0	una	una	_	_	_	_	_	linguistic	_	none	_	Begin=988.958	_	_	_	_
397-1	BZ004	397	1	al	al	_	_	_	_	_	linguistic	_	none	_	_	_	_	_	_
397-2	BZ004	397	2	giorno.	giorno	_	_	_	_	_	linguistic	_	none	Intonation=Falling	_	_	_	_	_
397-3	BZ004	397	3	perciò,	perciò	_	_	_	_	_	linguistic	_	none	Intonation=WeaklyRising|PauseAfter=Yes	_	_	_	_	_
397-4	BZ004	397	4	(.)	(.)	_	_	_	_	_	shortpause	_	none	_	_	_	_	_	_
397-5	BZ004	397	5	quelli	quelli	_	_	_	_	_	linguistic	_	none	_	_	_	_	_	_
397-6	BZ004	397	6	che	che	_	_	_	_	_	linguistic	_	none	_	_	_	_	_	_
397-7	BZ004	397	7	abitavano	abitavano	_	_	_	_	_	linguistic	_	none	_	_	_	_	_	_
397-8	BZ004	397	8	sotto,	sotto	_	_	_	_	_	linguistic	_	none	Intonation=WeaklyRising	_	_	_	_	_
397-9	BZ004	397	9	non	non	_	_	_	_	_	linguistic	_	none	_	_	_	_	_	_
397-10	BZ004	397	10	ti	ti	_	_	_	_	_	linguistic	_	none	_	_	_	_	_	_
397-11	BZ004	397	11	dico	dico	_	_	_	_	_	linguistic	_	none	_	_	_	_	_	_
397-12	BZ004	397	12	il	il	_	_	_	_	_	linguistic	_	none	_	_	_	_	_	_
397-13	BZ004	397	13	freddo	freddo	_	_	_	_	_	linguistic	_	none	_	_	_	_	_	_
397-14	BZ004	397	14	che	che	_	_	_	_	_	linguistic	_	none	_	_	_	_	_	_
397-15	BZ004	397	15	avevano	avevano	_	_	_	_	_	linguistic	_	none	_	_	_	_	_	_
397-16	BZ004	397	16	perché	perché	_	_	_	_	_	linguistic	_	none	_	_	_	_	_	_
397-17	BZ004	397	17	sotto	sotto	_	_	_	_	_	linguistic	_	none	_	_	_	_	_	_
397-18	BZ004	397	18	non	non	_	_	_	_	_	linguistic	_	none	_	_	_	_	_	_
397-19	BZ004	397	19	c'	c'	_	_	_	_	_	linguistic	_	none	SpaceAfter=No	_	_	_	_	_
397-20	BZ004	397	20	erano	erano	_	_	_	_	_	linguistic	_	none	_	_	_	_	_	_
397-21	BZ004	397	21	le	le	_	_	_	_	_	linguistic	_	none	_	_	_	_	_	_
397-22	BZ004	397	22	cantine.	cantine	_	_	_	_	_	linguistic	_	none	Intonation=Falling	End=996.068	_	_	_	_
398-0	BZ004	398	0	era	era	_	_	_	_	_	linguistic	_	none	_	Begin=996.468	_	_	_	_
398-1	BZ004	398	1	come	come	_	_	_	_	_	linguistic	_	none	_	_	_	_	_	_
398-2	BZ004	398	2	dove	dove	_	_	_	_	_	linguistic	_	none	_	_	_	_	_	_
398-3	BZ004	398	3	abiti	abiti	_	_	_	_	_	linguistic	_	none	_	_	_	_	_	_
398-4	BZ004	398	4	te,	te	_	_	_	_	_	linguistic	_	none	Intonation=WeaklyRising	End=998.158	_	_	_	_
399-0	BZ001	399	0	mh	mh	_	_	_	_	_	linguistic	_	none	ProsodicLink=Yes	Begin=998.208	_	_	_	_
399-1	BZ001	399	1	mh.	mh	_	_	_	_	_	linguistic	_	none	Intonation=Falling	End=998.718	_	_	_	_
400-0	BZ001	400	0	al	al	_	_	_	_	_	linguistic	_	none	_	Begin=999.158	_	_	_	_
400-1	BZ001	400	1	[pian	pian	_	_	_	_	_	linguistic	_	none	_	_	_	_	_	0-4(81)
400-2	BZ001	400	2	terreno].	terreno	_	_	_	_	_	linguistic	_	none	Intonation=Falling	End=1000.098	_	_	_	0-7(81)
401-0	BZ004	401	0	[che	che	_	_	_	_	_	linguistic	_	none	_	Begin=999.258	_	_	_	0-3(81)
401-1	BZ004	401	1	non	non	_	_	_	_	_	linguistic	_	none	_	_	_	_	_	0-3(81)
401-2	BZ004	401	2	c'	c'	_	_	_	_	_	linguistic	_	none	SpaceAfter=No	_	_	_	_	0-2(81)
401-3	BZ004	401	3	è	è	_	_	_	_	_	linguistic	_	none	_	_	_	_	_	0-1(81)
401-4	BZ004	401	4	la]	la	_	_	_	_	_	linguistic	_	none	_	_	_	_	_	0-2(81)
401-5	BZ004	401	5	cantina.	cantina	_	_	_	_	_	linguistic	_	none	Intonation=Falling	_	_	_	_	_
401-6	BZ004	401	6	perciò	perciò	_	_	_	_	_	linguistic	_	none	_	_	_	_	_	_
401-7	BZ004	401	7	sotto	sotto	_	_	_	_	_	linguistic	_	none	_	_	_	_	_	_
401-8	BZ004	401	8	>avevano	avevano	_	_	_	_	_	linguistic	_	none	_	_	_	Fast=0-7(0)	_	_
401-9	BZ004	401	9	ancora	ancora	_	_	_	_	_	linguistic	_	none	_	_	_	Fast=0-6(0)	_	_
401-10	BZ004	401	10	più	più	_	_	_	_	_	linguistic	_	none	_	_	_	Fast=0-3(0)	_	_
401-11	BZ004	401	11	freddo<	freddo	_	_	_	_	_	linguistic	_	none	PauseAfter=Yes	_	_	Fast=0-6(0)	_	_
401-12	BZ004	401	12	(.)	(.)	_	_	_	_	_	shortpause	_	none	_	_	_	_	_	_
401-13	BZ004	401	13	sopra,	sopra	_	_	_	_	_	linguistic	_	none	Intonation=WeaklyRising	_	_	_	_	_
401-14	BZ004	401	14	c'	c'	_	_	_	_	_	linguistic	_	none	SpaceAfter=No	_	_	_	_	_
401-15	BZ004	401	15	era	era	_	_	_	_	_	linguistic	_	none	_	_	_	_	_	_
401-16	BZ004	401	16	questa	questa	_	_	_	_	_	linguistic	_	none	_	_	_	_	_	_
401-17	BZ004	401	17	scala	scala	_	_	_	_	_	linguistic	_	none	_	_	_	_	_	_
401-18	BZ004	401	18	di	di	_	_	_	_	_	linguistic	_	none	_	_	_	_	_	_
401-19	BZ004	401	19	venti	venti	_	_	_	_	_	linguistic	_	none	PauseAfter=Yes	_	_	_	_	_
401-20	BZ004	401	20	(.)	(.)	_	_	_	_	_	shortpause	_	none	_	_	_	_	_	_
401-21	BZ004	401	21	venti	venti	_	_	_	_	_	linguistic	_	none	_	_	_	_	_	_
401-22	BZ004	401	22	scalini,	scalini	_	_	_	_	_	linguistic	_	none	Intonation=WeaklyRising	End=1006.748	_	_	_	_
402-0	BZ004	402	0	stavi	stavi	_	_	_	_	_	linguistic	_	none	_	Begin=1006.98	_	_	_	_
402-1	BZ004	402	1	già,	già	_	_	_	_	_	linguistic	_	none	Intonation=WeaklyRising|PauseAfter=Yes	_	_	_	_	_
402-2	BZ004	402	2	(.)	(.)	_	_	_	_	_	shortpause	_	none	_	_	_	_	_	_
402-3	BZ004	402	3	meglio.	meglio	_	_	_	_	_	linguistic	_	none	Intonation=Falling	End=1008.62	_	_	_	_
403-0	BZ004	403	0	però	però	_	_	_	_	_	linguistic	_	none	_	Begin=1009.03	_	_	_	_
403-1	BZ004	403	1	un	un	_	_	_	_	_	linguistic	_	none	_	_	_	_	_	_
403-2	BZ004	403	2	freddo	freddo	_	_	_	_	_	linguistic	_	none	_	_	_	_	_	_
403-3	BZ004	403	3	guarda,	guarda	_	_	_	_	_	linguistic	_	none	Intonation=WeaklyRising	_	_	_	_	_
403-4	BZ004	403	4	avevamo	avevamo	_	_	_	_	_	linguistic	_	none	_	_	_	_	_	_
403-5	BZ004	403	5	stufe	stufe	_	_	_	_	_	linguistic	_	none	_	_	_	_	_	_
403-6	BZ004	403	6	in	in	_	_	_	_	_	linguistic	_	none	_	_	_	_	_	_
403-7	BZ004	403	7	camera,	camera	_	_	_	_	_	linguistic	_	none	Intonation=WeaklyRising	_	_	_	_	_
403-8	BZ004	403	8	stufe	stufe	_	_	_	_	_	linguistic	_	none	_	_	_	_	_	_
403-9	BZ004	403	9	in	in	_	_	_	_	_	linguistic	_	none	_	_	_	_	_	_
403-10	BZ004	403	10	cucina,	cucina	_	_	_	_	_	linguistic	_	none	Intonation=WeaklyRising	_	_	_	_	_
403-11	BZ004	403	11	stufe	stufe	_	_	_	_	_	linguistic	_	none	_	_	_	_	_	_
403-12	BZ004	403	12	dappertutto	dappertutto	_	_	_	_	_	linguistic	_	none	_	_	_	_	_	_
403-13	BZ004	403	13	per	per	_	_	_	_	_	linguistic	_	none	_	_	_	_	_	_
403-14	BZ004	403	14	poterci	poterci	_	_	_	_	_	linguistic	_	none	_	_	_	_	_	_
403-15	BZ004	403	15	scaldare.	scaldare	_	_	_	_	_	linguistic	_	none	Intonation=Falling	End=1016.44	_	_	_	_
404-0	BZ001	404	0	ma	ma	_	_	_	_	_	linguistic	_	none	_	Begin=1016.728	_	_	_	_
404-1	BZ001	404	1	quindi	quindi	_	_	_	_	_	linguistic	_	none	_	_	_	_	_	_
404-2	BZ001	404	2	quando	quando	_	_	_	_	_	linguistic	_	none	_	_	_	_	_	_
404-3	BZ001	404	3	i	i	_	_	_	_	_	linguistic	_	none	_	_	_	_	_	_
404-4	BZ001	404	4	tuoi	tuoi	_	_	_	_	_	linguistic	_	none	_	_	_	_	_	_
404-5	BZ001	404	5	genitori	genitori	_	_	_	_	_	linguistic	_	none	_	_	_	_	_	_
404-6	BZ001	404	6	sono	sono	_	_	_	_	_	linguistic	_	none	_	_	_	_	_	_
404-7	BZ001	404	7	venuti	venuti	_	_	_	_	_	linguistic	_	none	_	_	_	_	_	_
404-8	BZ001	404	8	dal	dal	_	_	_	_	_	linguistic	_	none	_	_	_	_	_	_
404-9	BZ001	404	9	veneto	veneto	_	_	_	_	_	linguistic	_	none	_	_	_	_	_	_
404-10	BZ001	404	10	[a	a	_	_	_	_	_	linguistic	_	none	_	_	_	_	_	0-1(82)
404-11	BZ001	404	11	bolzano],	bolzano	_	_	_	_	_	linguistic	_	none	Intonation=WeaklyRising	_	_	_	_	0-7(82)
404-12	BZ001	404	12	vivevano	vivevano	_	_	_	_	_	linguistic	_	none	_	_	_	_	_	_
404-13	BZ001	404	13	alle	alle	_	_	_	_	_	linguistic	_	none	_	_	_	_	_	_
404-14	BZ001	404	14	semirurali,	semirurali	_	_	_	_	_	linguistic	_	none	Intonation=WeaklyRising	_	_	_	_	_
404-15	BZ001	404	15	e	e	_	_	_	_	_	linguistic	_	none	_	_	_	_	_	_
404-16	BZ001	404	16	quando	quando	_	_	_	_	_	linguistic	_	none	_	_	_	_	_	_
404-17	BZ001	404	17	poi	poi	_	_	_	_	_	linguistic	_	none	_	_	_	_	_	_
404-18	BZ001	404	18	tu	tu	_	_	_	_	_	linguistic	_	none	_	_	_	_	_	_
404-19	BZ001	404	19	sei	sei	_	_	_	_	_	linguistic	_	none	_	_	_	_	_	_
404-20	BZ001	404	20	andata	andata	_	_	_	_	_	linguistic	_	none	_	_	_	_	_	_
404-21	BZ001	404	21	a	a	_	_	_	_	_	linguistic	_	none	_	_	_	_	_	_
404-22	BZ001	404	22	vivere	vivere	_	_	_	_	_	linguistic	_	none	_	_	_	_	_	_
404-23	BZ001	404	23	col	col	_	_	_	_	_	linguistic	_	none	_	_	_	_	_	_
404-24	BZ001	404	24	nonno,	nonno	_	_	_	_	_	linguistic	_	none	Intonation=WeaklyRising	_	_	_	_	_
404-25	BZ001	404	25	sempre	sempre	_	_	_	_	_	linguistic	_	none	_	_	_	_	_	_
404-26	BZ001	404	26	alle	alle	_	_	_	_	_	linguistic	_	none	_	_	_	_	_	_
404-27	BZ001	404	27	semirurali.	semirurali	_	_	_	_	_	linguistic	_	none	Intonation=Falling	End=1026.138	_	_	_	_
405-0	BZ004	405	0	[sì],	sì	_	_	_	_	_	linguistic	_	none	Intonation=WeaklyRising	Begin=1020.098|End=1020.768	_	_	_	0-2(82)
406-0	BZ004	406	0	allora,	allora	_	_	_	_	_	linguistic	_	none	Intonation=WeaklyRising	Begin=1026.168	_	_	_	_
406-1	BZ004	406	1	i	i	_	_	_	_	_	linguistic	_	none	_	_	_	_	_	_
406-2	BZ004	406	2	miei	miei	_	_	_	_	_	linguistic	_	none	_	_	_	_	_	_
406-3	BZ004	406	3	genitori	genitori	_	_	_	_	_	linguistic	_	none	_	_	_	_	_	_
406-4	BZ004	406	4	>quando	quando	_	_	_	_	_	linguistic	_	none	_	_	_	Fast=0-6(0)	_	_
406-5	BZ004	406	5	son	son	_	_	_	_	_	linguistic	_	none	_	_	_	Fast=0-3(0)	_	_
406-6	BZ004	406	6	venuti	venuti	_	_	_	_	_	linguistic	_	none	_	_	_	Fast=0-6(0)	_	_
406-7	BZ004	406	7	dal	dal	_	_	_	_	_	linguistic	_	none	_	_	_	Fast=0-3(0)	_	_
406-8	BZ004	406	8	veneto<,	veneto	_	_	_	_	_	linguistic	_	none	Intonation=WeaklyRising	_	_	Fast=0-6(0)	_	_
406-9	BZ004	406	9	in	in	_	_	_	_	_	linguistic	_	none	_	_	_	_	_	_
406-10	BZ004	406	10	tre	tre	_	_	_	_	_	linguistic	_	none	_	_	_	_	_	_
406-11	BZ004	406	11	anni	anni	_	_	_	_	_	linguistic	_	none	_	_	_	_	_	_
406-12	BZ004	406	12	hanno	hanno	_	_	_	_	_	linguistic	_	none	_	_	_	_	_	_
406-13	BZ004	406	13	cambiato	cambiato	_	_	_	_	_	linguistic	_	none	_	_	_	_	_	_
406-14	BZ004	406	14	tre	tre	_	_	_	_	_	linguistic	_	none	_	_	_	_	_	_
406-15	BZ004	406	15	case.	case	_	_	_	_	_	linguistic	_	none	Intonation=Falling	End=1032.45	_	_	_	_
407-0	BZ001	407	0	ah.	ah	_	_	_	_	_	linguistic	_	none	Intonation=Falling	Begin=1032.568|End=1032.928	_	_	_	_
408-0	BZ001	408	0	come	come	_	_	_	_	_	linguistic	_	none	_	Begin=1033.193	_	_	_	_
408-1	BZ001	408	1	ma[i]?	mai	_	_	_	_	_	linguistic	_	none	Intonation=Rising	End=1033.563	_	_	_	2-3(83)
409-0	BZ004	409	0	[per]ché	perché	_	_	_	_	_	linguistic	_	none	_	Begin=1033.403	_	_	_	0-3(83)
409-1	BZ004	409	1	quando,	quando	_	_	_	_	_	linguistic	_	none	Intonation=WeaklyRising	End=1034.503	_	_	_	_
410-0	BZ004	410	0	quando	quando	_	_	_	_	_	linguistic	_	none	_	Begin=1034.818	_	_	_	_
410-1	BZ004	410	1	loro	loro	_	_	_	_	_	linguistic	_	none	_	_	_	_	_	_
410-2	BZ004	410	2	venivano	venivano	_	_	_	_	_	linguistic	_	none	_	_	_	_	_	_
410-3	BZ004	410	3	dal	dal	_	_	_	_	_	linguistic	_	none	_	_	_	_	_	_
410-4	BZ004	410	4	veneto	veneto	_	_	_	_	_	linguistic	_	none	_	_	_	_	_	_
410-5	BZ004	410	5	non	non	_	_	_	_	_	linguistic	_	none	_	_	_	_	_	_
410-6	BZ004	410	6	erano	erano	_	_	_	_	_	linguistic	_	none	_	_	_	_	_	_
410-7	BZ004	410	7	ancora	ancora	_	_	_	_	_	linguistic	_	none	_	_	_	_	_	_
410-8	BZ004	410	8	fatte	fatte	_	_	_	_	_	linguistic	_	none	_	_	_	_	_	_
410-9	BZ004	410	9	le	le	_	_	_	_	_	linguistic	_	none	_	_	_	_	_	_
410-10	BZ004	410	10	casette	casette	_	_	_	_	_	linguistic	_	none	_	_	_	_	_	_
410-11	BZ004	410	11	infatti	infatti	_	_	_	_	_	linguistic	_	none	_	_	_	_	_	_
410-12	BZ004	410	12	mio	mio	_	_	_	_	_	linguistic	_	none	_	_	_	_	_	_
410-13	BZ004	410	13	papà	papà	_	_	_	_	_	linguistic	_	none	_	_	_	_	_	_
410-14	BZ004	410	14	si	si	_	_	_	_	_	linguistic	_	none	_	_	_	_	_	_
410-15	BZ004	410	15	ricorda	ricorda	_	_	_	_	_	linguistic	_	none	_	_	_	_	_	_
410-16	BZ004	410	16	quando	quando	_	_	_	_	_	linguistic	_	none	_	_	_	_	_	_
410-17	BZ004	410	17	le	le	_	_	_	_	_	linguistic	_	none	_	_	_	_	_	_
410-18	BZ004	410	18	facevano.	facevano	_	_	_	_	_	linguistic	_	none	Intonation=Falling	End=1040.868	_	_	_	_
411-0	BZ004	411	0	allora	allora	_	_	_	_	_	linguistic	_	none	_	Begin=1041.358	_	_	_	_
411-1	BZ004	411	1	ha	ha	_	_	_	_	_	linguistic	_	none	ProsodicLink=Yes	_	_	_	_	_
411-2	BZ004	411	2	abitato	abitato	_	_	_	_	_	linguistic	_	none	_	_	_	_	_	_
411-3	BZ004	411	3	una	una	_	_	_	_	_	linguistic	_	none	_	_	_	_	_	_
411-4	BZ004	411	4	volta	volta	_	_	_	_	_	linguistic	_	none	_	_	_	_	_	_
411-5	BZ004	411	5	a:	a	_	_	_	_	_	linguistic	_	none	_	_	0x1	_	_	_
411-6	BZ004	411	6	sotto	sotto	_	_	_	_	_	linguistic	_	none	_	_	_	_	_	_
411-7	BZ004	411	7	i	i	_	_	_	_	_	linguistic	_	none	_	_	_	_	_	_
411-8	BZ004	411	8	portici,	portici	_	_	_	_	_	linguistic	_	none	Intonation=WeaklyRising	End=1045.138	_	_	_	_
412-0	BZ004	412	0	abitato	abitato	_	_	_	_	_	linguistic	_	none	_	Begin=1045.786	_	_	_	_
412-1	BZ004	412	1	una	una	_	_	_	_	_	linguistic	_	none	_	_	_	_	_	_
412-2	BZ004	412	2	volta	volta	_	_	_	_	_	linguistic	_	none	_	_	_	_	_	_
412-3	BZ004	412	3	eh:	eh	_	_	_	_	_	linguistic	_	none	_	_	1x1	_	_	_
412-4	BZ004	412	4	in	in	_	_	_	_	_	linguistic	_	none	_	_	_	_	_	_
412-5	BZ004	412	5	via	via	_	_	_	_	_	linguistic	_	none	_	_	_	_	_	_
412-6	BZ004	412	6	druso,	druso	_	_	_	_	_	linguistic	_	none	Intonation=WeaklyRising	End=1049.566	_	_	_	_
413-0	BZ004	413	0	che	che	_	_	_	_	_	linguistic	_	none	_	Begin=1050.291	_	_	_	_
413-1	BZ004	413	1	era	era	_	_	_	_	_	linguistic	_	none	_	_	_	_	_	_
413-2	BZ004	413	2	una	una	_	_	_	_	_	linguistic	_	none	_	_	_	_	_	_
413-3	BZ004	413	3	famiglia	famiglia	_	_	_	_	_	linguistic	_	none	_	_	_	_	_	_
413-4	BZ004	413	4	tedesca	tedesca	_	_	_	_	_	linguistic	_	none	_	_	_	_	_	_
413-5	BZ004	413	5	che	che	_	_	_	_	_	linguistic	_	none	_	_	_	_	_	_
413-6	BZ004	413	6	però	però	_	_	_	_	_	linguistic	_	none	_	_	_	_	_	_
413-7	BZ004	413	7	non	non	_	_	_	_	_	linguistic	_	none	_	_	_	_	_	_
413-8	BZ004	413	8	volevano	volevano	_	_	_	_	_	linguistic	_	none	_	_	_	_	_	_
413-9	BZ004	413	9	bambini,	bambini	_	_	_	_	_	linguistic	_	none	Intonation=WeaklyRising	End=1053.491	_	_	_	_
414-0	BZ004	414	0	siccome	siccome	_	_	_	_	_	linguistic	_	none	_	Begin=1053.806	_	_	_	_
414-1	BZ004	414	1	c'	c'	_	_	_	_	_	linguistic	_	none	SpaceAfter=No	_	_	_	_	_
414-2	BZ004	414	2	ero	ero	_	_	_	_	_	linguistic	_	none	_	_	_	_	_	_
414-3	BZ004	414	3	io,	io	_	_	_	_	_	linguistic	_	none	Intonation=WeaklyRising	End=1055.126	_	_	_	_
415-0	BZ004	415	0	allora	allora	_	_	_	_	_	linguistic	_	none	_	Begin=1055.401	_	_	_	_
415-1	BZ004	415	1	mio	mio	_	_	_	_	_	linguistic	_	none	_	_	_	_	_	_
415-2	BZ004	415	2	papà	papà	_	_	_	_	_	linguistic	_	none	_	_	_	_	_	_
415-3	BZ004	415	3	ha	ha	_	_	_	_	_	linguistic	_	none	_	_	_	_	_	_
415-4	BZ004	415	4	cercato	cercato	_	_	_	_	_	linguistic	_	none	_	_	_	_	_	_
415-5	BZ004	415	5	un'	un'	_	_	_	_	_	linguistic	_	none	SpaceAfter=No	_	_	_	_	_
415-6	BZ004	415	6	altra	altra	_	_	_	_	_	linguistic	_	none	_	_	_	_	_	_
415-7	BZ004	415	7	casa,	casa	_	_	_	_	_	linguistic	_	none	Intonation=WeaklyRising	_	_	_	_	_
415-8	BZ004	415	8	a	a	_	_	_	_	_	linguistic	_	none	_	_	_	_	_	_
415-9	BZ004	415	9	oltrisarco.	oltrisarco	_	_	_	_	_	linguistic	_	none	Intonation=Falling	End=1059.281	_	_	_	_
416-0	BZ004	416	0	a	a	_	_	_	_	_	linguistic	_	none	_	Begin=1059.916	_	_	_	_
416-1	BZ004	416	1	oltrisarco,	oltrisarco	_	_	_	_	_	linguistic	_	none	Intonation=WeaklyRising	_	_	_	_	_
416-2	BZ004	416	2	eh	eh	_	_	_	_	_	linguistic	_	none	_	_	_	_	_	_
416-3	BZ004	416	3	siamo	siamo	_	_	_	_	_	linguistic	_	none	_	_	_	_	_	_
416-4	BZ004	416	4	stati,	stati	_	_	_	_	_	linguistic	_	none	Intonation=WeaklyRising	End=1062.626	_	_	_	_
417-0	BZ004	417	0	finché	finché	_	_	_	_	_	linguistic	_	none	_	Begin=1063.846	_	_	_	_
417-1	BZ004	417	1	io	io	_	_	_	_	_	linguistic	_	none	_	_	_	_	_	_
417-2	BZ004	417	2	avevo	avevo	_	_	_	_	_	linguistic	_	none	_	_	_	_	_	_
417-3	BZ004	417	3	cinque	cinque	_	_	_	_	_	linguistic	_	none	_	_	_	_	_	_
417-4	BZ004	417	4	anni.	anni	_	_	_	_	_	linguistic	_	none	Intonation=Falling	End=1065.726	_	_	_	_
418-0	BZ001	418	0	mh.	mh	_	_	_	_	_	linguistic	_	none	Intonation=Falling	Begin=1066.001|End=1066.271	_	_	_	_
419-0	BZ004	419	0	cinque	cinque	_	_	_	_	_	linguistic	_	none	_	Begin=1066.601	_	_	_	_
419-1	BZ004	419	1	anni.	anni	_	_	_	_	_	linguistic	_	none	Intonation=Falling	_	_	_	_	_
419-2	BZ004	419	2	>perché	perché	_	_	_	_	_	linguistic	_	none	_	_	_	Fast=0-6(0)	_	_
419-3	BZ004	419	3	è	è	_	_	_	_	_	linguistic	_	none	_	_	_	Fast=0-1(0)	_	_
419-4	BZ004	419	4	nato	nato	_	_	_	_	_	linguistic	_	none	_	_	_	Fast=0-4(0)	_	_
419-5	BZ004	419	5	anche	anche	_	_	_	_	_	linguistic	_	none	_	_	_	Fast=0-5(0)	_	_
419-6	BZ004	419	6	me	me	_	_	_	_	_	linguistic	_	none	_	_	_	Fast=0-2(0)	_	_
419-7	BZ004	419	7	fradello	fradello	_	_	_	_	_	linguistic	_	none	_	_	_	Fast=0-8(0)	_	_
419-8	BZ004	419	8	a	a	_	_	_	_	_	linguistic	_	none	_	_	_	Fast=0-1(0)	_	_
419-9	BZ004	419	9	oltrisarco	oltrisarco	_	_	_	_	_	linguistic	_	none	_	_	_	Fast=0-10(0)	_	_
419-10	BZ004	419	10	no<?	no	_	_	_	_	_	linguistic	_	none	Intonation=Rising	_	_	Fast=0-2(0)	_	_
419-11	BZ004	419	11	ecco	ecco	_	_	_	_	_	linguistic	_	none	_	_	_	_	_	_
419-12	BZ004	419	12	dopo	dopo	_	_	_	_	_	linguistic	_	none	_	_	_	_	_	_
419-13	BZ004	419	13	da	da	_	_	_	_	_	linguistic	_	none	_	_	_	_	_	_
419-14	BZ004	419	14	oltrisarco,	oltrisarco	_	_	_	_	_	linguistic	_	none	Intonation=WeaklyRising	_	_	_	_	_
419-15	BZ004	419	15	mia	mia	_	_	_	_	_	linguistic	_	none	_	_	_	_	_	_
419-16	BZ004	419	16	mamma	mamma	_	_	_	_	_	linguistic	_	none	_	_	_	_	_	_
419-17	BZ004	419	17	ha	ha	_	_	_	_	_	linguistic	_	none	_	_	_	_	_	_
419-18	BZ004	419	18	fatto	fatto	_	_	_	_	_	linguistic	_	none	_	_	_	_	_	_
419-19	BZ004	419	19	la	la	_	_	_	_	_	linguistic	_	none	_	_	_	_	_	_
419-20	BZ004	419	20	domanda,	domanda	_	_	_	_	_	linguistic	_	none	Intonation=WeaklyRising	_	_	_	_	_
419-21	BZ004	419	21	che	che	_	_	_	_	_	linguistic	_	none	_	_	_	_	_	_
419-22	BZ004	419	22	bisognava	bisognava	_	_	_	_	_	linguistic	_	none	_	_	_	_	_	_
419-23	BZ004	419	23	fare	fare	_	_	_	_	_	linguistic	_	none	_	_	_	_	_	_
419-24	BZ004	419	24	le	le	_	_	_	_	_	linguistic	_	none	_	_	_	_	_	_
419-25	BZ004	419	25	do-	do-	_	_	_	_	_	linguistic	_	none	Interrupted=Yes	_	_	_	_	_
419-26	BZ004	419	26	la	la	_	_	_	_	_	linguistic	_	none	_	_	_	_	_	_
419-27	BZ004	419	27	domanda,	domanda	_	_	_	_	_	linguistic	_	none	Intonation=WeaklyRising	End=1075.401	_	_	_	_
420-0	BZ004	420	0	perché	perché	_	_	_	_	_	linguistic	_	none	_	Begin=1075.816	_	_	_	_
420-1	BZ004	420	1	erano	erano	_	_	_	_	_	linguistic	_	none	_	_	_	_	_	_
420-2	BZ004	420	2	case	case	_	_	_	_	_	linguistic	_	none	_	_	_	_	_	_
420-3	BZ004	420	3	popolari.	popolari	_	_	_	_	_	linguistic	_	none	Intonation=Falling	End=1077.356	_	_	_	_
421-0	BZ001	421	0	mh	mh	_	_	_	_	_	linguistic	_	none	ProsodicLink=Yes	Begin=1077.381	_	_	_	_
421-1	BZ001	421	1	mh,	mh	_	_	_	_	_	linguistic	_	none	Intonation=WeaklyRising	End=1077.721	_	_	_	_
422-0	BZ004	422	0	e	e	_	_	_	_	_	linguistic	_	none	_	Begin=1077.786	_	_	_	_
422-1	BZ004	422	1	ha	ha	_	_	_	_	_	linguistic	_	none	_	_	_	_	_	_
422-2	BZ004	422	2	ricevuto	ricevuto	_	_	_	_	_	linguistic	_	none	_	_	_	_	_	_
422-3	BZ004	422	3	la	la	_	_	_	_	_	linguistic	_	none	_	_	_	_	_	_
422-4	BZ004	422	4	casetta.	casetta	_	_	_	_	_	linguistic	_	none	Intonation=Falling	End=1079.386	_	_	_	_
423-0	BZ001	423	0	[ah]	ah	_	_	_	_	_	linguistic	_	none	_	Begin=1079.711|End=1080.031	_	_	_	0-2(84)
424-0	BZ004	424	0	[la	la	_	_	_	_	_	linguistic	_	none	_	Begin=1079.896	_	_	_	0-2(84)
424-1	BZ004	424	1	ca]setta	casetta	_	_	_	_	_	linguistic	_	none	_	_	_	_	_	0-2(84)
424-2	BZ004	424	2	l'	l'	_	_	_	_	_	linguistic	_	none	SpaceAfter=No	_	_	_	_	_
424-3	BZ004	424	3	ha	ha	_	_	_	_	_	linguistic	_	none	_	_	_	_	_	_
424-4	BZ004	424	4	ricevuta	ricevuta	_	_	_	_	_	linguistic	_	none	_	_	_	_	_	_
424-5	BZ004	424	5	quando	quando	_	_	_	_	_	linguistic	_	none	_	_	_	_	_	_
424-6	BZ004	424	6	io	io	_	_	_	_	_	linguistic	_	none	_	_	_	_	_	_
424-7	BZ004	424	7	avevo	avevo	_	_	_	_	_	linguistic	_	none	_	_	_	_	_	_
424-8	BZ004	424	8	cinque	cinque	_	_	_	_	_	linguistic	_	none	_	_	_	_	_	_
424-9	BZ004	424	9	anni.	anni	_	_	_	_	_	linguistic	_	none	Intonation=Falling	End=1083.086	_	_	_	_
425-0	BZ001	425	0	poi	poi	_	_	_	_	_	linguistic	_	none	_	Begin=1083.906	_	_	_	_
425-1	BZ001	425	1	tu	tu	_	_	_	_	_	linguistic	_	none	_	_	_	_	_	_
425-2	BZ001	425	2	sei	sei	_	_	_	_	_	linguistic	_	none	_	_	_	_	_	_
425-3	BZ001	425	3	vissuta	vissuta	_	_	_	_	_	linguistic	_	none	_	_	_	_	_	_
425-4	BZ001	425	4	[lì],	lì	_	_	_	_	_	linguistic	_	none	Intonation=WeaklyRising	End=1085.216	_	_	_	0-2(85)
426-0	BZ004	426	0	[e	e	_	_	_	_	_	linguistic	_	none	_	Begin=1084.706	_	_	_	0-1(85)
426-1	BZ004	426	1	d-]	d-	_	_	_	_	_	linguistic	_	none	Interrupted=Yes	_	_	_	_	0-2(85)
426-2	BZ004	426	2	eh	eh	_	_	_	_	_	linguistic	_	none	_	_	_	_	_	_
426-3	BZ004	426	3	sempre	sempre	_	_	_	_	_	linguistic	_	none	_	_	_	_	_	_
426-4	BZ004	426	4	vissuta	vissuta	_	_	_	_	_	linguistic	_	none	_	_	_	_	_	_
426-5	BZ004	426	5	lì.	lì	_	_	_	_	_	linguistic	_	none	Intonation=Falling	End=1086.596	_	_	_	_
427-0	BZ001	427	0	fino	fino	_	_	_	_	_	linguistic	_	none	_	Begin=1086.676	_	_	_	_
427-1	BZ001	427	1	a	a	_	_	_	_	_	linguistic	_	none	_	_	_	_	_	_
427-2	BZ001	427	2	quando,	quando	_	_	_	_	_	linguistic	_	none	Intonation=WeaklyRising	End=1087.856	_	_	_	_
428-0	BZ001	428	0	mh	mh	_	_	_	_	_	linguistic	_	none	_	Begin=1088.251|End=1088.621	_	_	_	_
429-0	BZ004	429	0	non	non	_	_	_	_	_	linguistic	_	none	_	Begin=1088.621	_	_	_	_
429-1	BZ004	429	1	ci	ci	_	_	_	_	_	linguistic	_	none	_	_	_	_	_	_
429-2	BZ004	429	2	siamo	siamo	_	_	_	_	_	linguistic	_	none	_	_	_	_	_	_
429-3	BZ004	429	3	mai	mai	_	_	_	_	_	linguistic	_	none	_	_	_	_	_	_
429-4	BZ004	429	4	mossi	mossi	_	_	_	_	_	linguistic	_	none	_	_	_	_	_	_
429-5	BZ004	429	5	d-	d-	_	_	_	_	_	linguistic	_	none	Interrupted=Yes	_	_	_	_	_
429-6	BZ004	429	6	da	da	_	_	_	_	_	linguistic	_	none	_	_	_	_	_	_
429-7	BZ004	429	7	lì.	lì	_	_	_	_	_	linguistic	_	none	Intonation=Falling	End=1090.641	_	_	_	_
430-0	BZ001	430	0	ah.	ah	_	_	_	_	_	linguistic	_	none	Intonation=Falling	Begin=1091.196|End=1091.466	_	_	_	_
431-0	BZ001	431	0	e	e	_	_	_	_	_	linguistic	_	none	_	Begin=1091.686	_	_	_	_
431-1	BZ001	431	1	quando	quando	_	_	_	_	_	linguistic	_	none	_	_	_	_	_	_
431-2	BZ001	431	2	però	però	_	_	_	_	_	linguistic	_	none	_	_	_	_	_	_
431-3	BZ001	431	3	ti	ti	_	_	_	_	_	linguistic	_	none	_	_	_	_	_	_
431-4	BZ001	431	4	sei	sei	_	_	_	_	_	linguistic	_	none	_	_	_	_	_	_
431-5	BZ001	431	5	sposata	sposata	_	_	_	_	_	linguistic	_	none	_	_	_	_	_	_
431-6	BZ001	431	6	col	col	_	_	_	_	_	linguistic	_	none	_	_	_	_	_	_
431-7	BZ001	431	7	nonno,	nonno	_	_	_	_	_	linguistic	_	none	Intonation=WeaklyRising	End=1093.636	_	_	_	_
432-0	BZ004	432	0	eh	eh	_	_	_	_	_	linguistic	_	none	_	Begin=1093.656	_	_	_	_
432-1	BZ004	432	1	ma	ma	_	_	_	_	_	linguistic	_	none	_	_	_	_	_	_
432-2	BZ004	432	2	quando	quando	_	_	_	_	_	linguistic	_	none	_	_	_	_	_	_
432-3	BZ004	432	3	mi	mi	_	_	_	_	_	linguistic	_	none	_	_	_	_	_	_
432-4	BZ004	432	4	son	son	_	_	_	_	_	linguistic	_	none	_	_	_	_	_	_
432-5	BZ004	432	5	sposata	sposata	_	_	_	_	_	linguistic	_	none	_	_	_	_	_	_
432-6	BZ004	432	6	col	col	_	_	_	_	_	linguistic	_	none	_	_	_	_	_	_
432-7	BZ004	432	7	nonno,	nonno	_	_	_	_	_	linguistic	_	none	Intonation=WeaklyRising	_	_	_	_	_
432-8	BZ004	432	8	eh:	eh	_	_	_	_	_	linguistic	_	none	_	_	1x1	_	_	_
432-9	BZ004	432	9	la	la	_	_	_	_	_	linguistic	_	none	_	_	_	_	_	_
432-10	BZ004	432	10	casa	casa	_	_	_	_	_	linguistic	_	none	_	_	_	_	_	_
432-11	BZ004	432	11	non	non	_	_	_	_	_	linguistic	_	none	_	_	_	_	_	_
432-12	BZ004	432	12	ce	ce	_	_	_	_	_	linguistic	_	none	_	_	_	_	_	_
432-13	BZ004	432	13	l'	l'	_	_	_	_	_	linguistic	_	none	SpaceAfter=No	_	_	_	_	_
432-14	BZ004	432	14	avevano,	avevano	_	_	_	_	_	linguistic	_	none	Intonation=WeaklyRising|PauseAfter=Yes	_	_	_	_	_
432-15	BZ004	432	15	(.)	(.)	_	_	_	_	_	shortpause	_	none	_	_	_	_	_	_
432-16	BZ004	432	16	non	non	_	_	_	_	_	linguistic	_	none	_	_	_	_	_	_
432-17	BZ004	432	17	ce	ce	_	_	_	_	_	linguistic	_	none	_	_	_	_	_	_
432-18	BZ004	432	18	l'	l'	_	_	_	_	_	linguistic	_	none	SpaceAfter=No	_	_	_	_	_
432-19	BZ004	432	19	avevamo,	avevamo	_	_	_	_	_	linguistic	_	none	Intonation=WeaklyRising	_	_	_	_	_
432-20	BZ004	432	20	e	e	_	_	_	_	_	linguistic	_	none	_	_	_	_	_	_
432-21	BZ004	432	21	e	e	_	_	_	_	_	linguistic	_	none	_	_	_	_	_	_
432-22	BZ004	432	22	eravamo	eravamo	_	_	_	_	_	linguistic	_	none	_	_	_	_	_	_
432-23	BZ004	432	23	comunque	comunque	_	_	_	_	_	linguistic	_	none	PauseAfter=Yes	_	_	_	_	_
432-24	BZ004	432	24	(.)	(.)	_	_	_	_	_	shortpause	_	none	_	_	_	_	_	_
432-25	BZ004	432	25	in	in	_	_	_	_	_	linguistic	_	none	_	_	_	_	_	_
432-26	BZ004	432	26	una	una	_	_	_	_	_	linguistic	_	none	_	_	_	_	_	_
432-27	BZ004	432	27	camera,	camera	_	_	_	_	_	linguistic	_	none	Intonation=WeaklyRising	End=1102.39	_	_	_	_
433-0	BZ004	433	0	da	da	_	_	_	_	_	linguistic	_	none	_	Begin=1103.29	_	_	_	_
433-1	BZ004	433	1	una	una	_	_	_	_	_	linguistic	_	none	_	_	_	_	_	_
433-2	BZ004	433	2	famiglia,	famiglia	_	_	_	_	_	linguistic	_	none	Intonation=WeaklyRising	End=1104.6	_	_	_	_
434-0	BZ004	434	0	sempre	sempre	_	_	_	_	_	linguistic	_	none	_	Begin=1105.06	_	_	_	_
434-1	BZ004	434	1	là.	là	_	_	_	_	_	linguistic	_	none	Intonation=Falling	End=1106.11	_	_	_	_
435-0	BZ004	435	0	hai	hai	_	_	_	_	_	linguistic	_	none	_	Begin=1107.06	_	_	_	_
435-1	BZ004	435	1	capito?	capito	_	_	_	_	_	linguistic	_	none	Intonation=Rising	End=1107.83	_	_	_	_
436-0	BZ001	436	0	ah	ah	_	_	_	_	_	linguistic	_	none	ProsodicLink=Yes	Begin=1107.88	_	_	_	_
436-1	BZ001	436	1	ah,	ah	_	_	_	_	_	linguistic	_	none	Intonation=WeaklyRising	End=1108.42	_	_	_	_
437-0	BZ004	437	0	dopo	dopo	_	_	_	_	_	linguistic	_	none	_	Begin=1108.485	_	_	_	_
437-1	BZ004	437	1	eh	eh	_	_	_	_	_	linguistic	_	none	_	_	_	_	_	_
437-2	BZ004	437	2	per	per	_	_	_	_	_	linguistic	_	none	_	_	_	_	_	_
437-3	BZ004	437	3	fortuna,	fortuna	_	_	_	_	_	linguistic	_	none	Intonation=WeaklyRising	_	_	_	_	_
437-4	BZ004	437	4	dopo	dopo	_	_	_	_	_	linguistic	_	none	_	_	_	_	_	_
437-5	BZ004	437	5	insomma	insomma	_	_	_	_	_	linguistic	_	none	_	_	_	_	_	_
437-6	BZ004	437	6	siamo	siamo	_	_	_	_	_	linguistic	_	none	_	_	_	_	_	_
437-7	BZ004	437	7	arrivati	arrivati	_	_	_	_	_	linguistic	_	none	_	_	_	_	_	_
437-8	BZ004	437	8	in	in	_	_	_	_	_	linguistic	_	none	_	_	_	_	_	_
437-9	BZ004	437	9	questa	questa	_	_	_	_	_	linguistic	_	none	_	_	_	_	_	_
437-10	BZ004	437	10	casa.	casa	_	_	_	_	_	linguistic	_	none	Intonation=Falling	End=1113.555	_	_	_	_
438-0	BZ001	438	0	quindi	quindi	_	_	_	_	_	linguistic	_	none	_	Begin=1114.235	_	_	_	_
438-1	BZ001	438	1	voi	voi	_	_	_	_	_	linguistic	_	none	_	_	_	_	_	_
438-2	BZ001	438	2	non	non	_	_	_	_	_	linguistic	_	none	_	_	_	_	_	_
438-3	BZ001	438	3	siete	siete	_	_	_	_	_	linguistic	_	none	_	_	_	_	_	_
438-4	BZ001	438	4	mai	mai	_	_	_	_	_	linguistic	_	none	_	_	_	_	_	_
438-5	BZ001	438	5	vissuti	vissuti	_	_	_	_	_	linguistic	_	none	_	_	_	_	_	_
438-6	BZ001	438	6	alle	alle	_	_	_	_	_	linguistic	_	none	_	_	_	_	_	_
438-7	BZ001	438	7	semirurali	semirurali	_	_	_	_	_	linguistic	_	none	_	_	_	_	_	_
438-8	BZ001	438	8	da	da	_	_	_	_	_	linguistic	_	none	_	_	_	_	_	_
438-9	BZ001	438	9	soli.	soli	_	_	_	_	_	linguistic	_	none	Intonation=Falling	End=1117.165	_	_	_	_
439-0	BZ004	439	0	no,	no	_	_	_	_	_	linguistic	_	none	Intonation=WeaklyRising	Begin=1117.165	_	_	_	_
439-1	BZ004	439	1	[no	no	_	_	_	_	_	linguistic	_	none	_	_	_	_	_	0-2(86)
439-2	BZ004	439	2	no].	no	_	_	_	_	_	linguistic	_	none	Intonation=Falling|PauseAfter=Yes	_	_	_	_	0-2(86)
439-3	BZ004	439	3	(.)	(.)	_	_	_	_	_	shortpause	_	none	_	_	_	_	_	_
439-4	BZ004	439	4	c'	c'	_	_	_	_	_	linguistic	_	none	SpaceAfter=No	_	_	_	_	_
439-5	BZ004	439	5	erano	erano	_	_	_	_	_	linguistic	_	none	_	_	_	_	_	_
439-6	BZ004	439	6	anche	anche	_	_	_	_	_	linguistic	_	none	_	_	_	_	_	_
439-7	BZ004	439	7	i	i	_	_	_	_	_	linguistic	_	none	_	_	_	_	_	_
439-8	BZ004	439	8	fratelli	fratelli	_	_	_	_	_	linguistic	_	none	_	_	_	_	_	_
439-9	BZ004	439	9	di	di	_	_	_	_	_	linguistic	_	none	_	_	_	_	_	_
439-10	BZ004	439	10	mio	mio	_	_	_	_	_	linguistic	_	none	_	_	_	_	_	_
439-11	BZ004	439	11	marito.	marito	_	_	_	_	_	linguistic	_	none	Intonation=Falling	End=1120.975	_	_	_	_
440-0	BZ001	440	0	[ah,	ah	_	_	_	_	_	linguistic	_	none	Intonation=WeaklyRising	Begin=1117.735	_	_	_	0-2(86)
440-1	BZ001	440	1	okay].	okay	_	_	_	_	_	linguistic	_	none	Intonation=Falling	End=1118.565	_	_	_	0-4(86)
441-0	BZ004	441	0	io	io	_	_	_	_	_	linguistic	_	none	_	Begin=1121.185	_	_	_	_
441-1	BZ004	441	1	avevo	avevo	_	_	_	_	_	linguistic	_	none	_	_	_	_	_	_
441-2	BZ004	441	2	sempre	sempre	_	_	_	_	_	linguistic	_	none	_	_	_	_	_	_
441-3	BZ004	441	3	una	una	_	_	_	_	_	linguistic	_	none	_	_	_	_	_	_
441-4	BZ004	441	4	camera.	camera	_	_	_	_	_	linguistic	_	none	Intonation=Falling	End=1122.525	_	_	_	_
442-0	BZ004	442	0	oppure	oppure	_	_	_	_	_	linguistic	_	none	_	Begin=1123.42	_	_	_	_
442-1	BZ004	442	1	se	se	_	_	_	_	_	linguistic	_	none	_	_	_	_	_	_
442-2	BZ004	442	2	ero	ero	_	_	_	_	_	linguistic	_	none	_	_	_	_	_	_
442-3	BZ004	442	3	da	da	_	_	_	_	_	linguistic	_	none	_	_	_	_	_	_
442-4	BZ004	442	4	un'	un'	_	_	_	_	_	linguistic	_	none	SpaceAfter=No	_	_	_	_	_
442-5	BZ004	442	5	altra	altra	_	_	_	_	_	linguistic	_	none	_	_	_	_	_	_
442-6	BZ004	442	6	famiglia,	famiglia	_	_	_	_	_	linguistic	_	none	Intonation=WeaklyRising|PauseAfter=Yes	_	_	_	_	_
442-7	BZ004	442	7	(.)	(.)	_	_	_	_	_	shortpause	_	none	_	_	_	_	_	_
442-8	BZ004	442	8	quando	quando	_	_	_	_	_	linguistic	_	none	_	_	_	_	_	_
442-9	BZ004	442	9	c'	c'	_	_	_	_	_	linguistic	_	none	SpaceAfter=No	_	_	_	_	_
442-10	BZ004	442	10	era	era	_	_	_	_	_	linguistic	_	none	_	_	_	_	_	_
442-11	BZ004	442	11	ancora	ancora	_	_	_	_	_	linguistic	_	none	_	_	_	_	_	_
442-12	BZ004	442	12	il	il	_	_	_	_	_	linguistic	_	none	_	_	_	_	_	_
442-13	BZ004	442	13	vecchio	vecchio	_	_	_	_	_	linguistic	_	none	_	_	_	_	_	_
442-14	BZ004	442	14	caroli,	caroli	_	_	_	_	_	linguistic	_	none	Intonation=WeaklyRising	End=1127.86	_	_	_	_
443-0	BZ004	443	0	allora	allora	_	_	_	_	_	linguistic	_	none	_	Begin=1128.189	_	_	_	_
443-1	BZ004	443	1	noi	noi	_	_	_	_	_	linguistic	_	none	_	_	_	_	_	_
443-2	BZ004	443	2	n-	n-	_	_	_	_	_	linguistic	_	none	Interrupted=Yes	_	_	_	_	_
443-3	BZ004	443	3	non	non	_	_	_	_	_	linguistic	_	none	_	_	_	_	_	_
443-4	BZ004	443	4	ci	ci	_	_	_	_	_	linguistic	_	none	_	_	_	_	_	_
443-5	BZ004	443	5	stavamo,	stavamo	_	_	_	_	_	linguistic	_	none	Intonation=WeaklyRising|PauseAfter=Yes	_	_	_	_	_
443-6	BZ004	443	6	(.)	(.)	_	_	_	_	_	shortpause	_	none	_	_	_	_	_	_
443-7	BZ004	443	7	e	e	_	_	_	_	_	linguistic	_	none	_	_	_	_	_	_
443-8	BZ004	443	8	ci	ci	_	_	_	_	_	linguistic	_	none	_	_	_	_	_	_
443-9	BZ004	443	9	avevano	avevano	_	_	_	_	_	linguistic	_	none	_	_	_	_	_	_
443-10	BZ004	443	10	dato	dato	_	_	_	_	_	linguistic	_	none	_	_	_	_	_	_
443-11	BZ004	443	11	una	una	_	_	_	_	_	linguistic	_	none	_	_	_	_	_	_
443-12	BZ004	443	12	camera	camera	_	_	_	_	_	linguistic	_	none	_	_	_	_	_	_
443-13	BZ004	443	13	la	la	_	_	_	_	_	linguistic	_	none	_	_	_	_	_	_
443-14	BZ004	443	14	famiglia	famiglia	_	_	_	_	_	linguistic	_	none	_	_	_	_	_	_
443-15	BZ004	443	15	vicina.	vicina	_	_	_	_	_	linguistic	_	none	Intonation=Falling	End=1132.969	_	_	_	_
444-0	BZ001	444	0	okay.	okay	_	_	_	_	_	linguistic	_	none	Intonation=Falling	Begin=1133.344|End=1133.744	_	_	_	_
445-0	BZ004	445	0	ma	ma	_	_	_	_	_	linguistic	_	none	_	Begin=1133.744	_	_	_	_
445-1	BZ004	445	1	sempre	sempre	_	_	_	_	_	linguistic	_	none	_	_	_	_	_	_
445-2	BZ004	445	2	una	una	_	_	_	_	_	linguistic	_	none	_	_	_	_	_	_
445-3	BZ004	445	3	camera.	camera	_	_	_	_	_	linguistic	_	none	Intonation=Falling	_	_	_	_	_
445-4	BZ004	445	4	io	io	_	_	_	_	_	linguistic	_	none	_	_	_	_	_	_
445-5	BZ004	445	5	non	non	_	_	_	_	_	linguistic	_	none	_	_	_	_	_	_
445-6	BZ004	445	6	avevo	avevo	_	_	_	_	_	linguistic	_	none	_	_	_	_	_	_
445-7	BZ004	445	7	camere.	camere	_	_	_	_	_	linguistic	_	none	Intonation=Falling	End=1136.004	_	_	_	_
446-0	BZ004	446	0	non	non	_	_	_	_	_	linguistic	_	none	_	Begin=1136.674	_	_	_	_
446-1	BZ004	446	1	avevo	avevo	_	_	_	_	_	linguistic	_	none	_	_	_	_	_	_
446-2	BZ004	446	2	casa.	casa	_	_	_	_	_	linguistic	_	none	Intonation=Falling	End=1137.804	_	_	_	_
447-0	BZ001	447	0	eh.	eh	_	_	_	_	_	linguistic	_	none	Intonation=Falling	Begin=1137.804|End=1138.064	_	_	_	_
448-0	BZ004	448	0	ecco.	ecco	_	_	_	_	_	linguistic	_	none	Intonation=Falling	Begin=1138.219	_	_	_	_
448-1	BZ004	448	1	allora	allora	_	_	_	_	_	linguistic	_	none	_	_	_	_	_	_
448-2	BZ004	448	2	quando	quando	_	_	_	_	_	linguistic	_	none	_	_	_	_	_	_
448-3	BZ004	448	3	tua	tua	_	_	_	_	_	linguistic	_	none	_	_	_	_	_	_
448-4	BZ004	448	4	sorella	sorella	_	_	_	_	_	linguistic	_	none	_	_	_	_	_	_
448-5	BZ004	448	5	mi	mi	_	_	_	_	_	linguistic	_	none	_	_	_	_	_	_
448-6	BZ004	448	6	ha	ha	_	_	_	_	_	linguistic	_	none	_	_	_	_	_	_
448-7	BZ004	448	7	detto	detto	_	_	_	_	_	linguistic	_	none	_	_	_	_	_	_
448-8	BZ004	448	8	nonna	nonna	_	_	_	_	_	linguistic	_	none	_	_	_	_	_	_
448-9	BZ004	448	9	perché	perché	_	_	_	_	_	linguistic	_	none	_	_	_	_	_	_
448-10	BZ004	448	10	ti	ti	_	_	_	_	_	linguistic	_	none	_	_	_	_	_	_
448-11	BZ004	448	11	sei	sei	_	_	_	_	_	linguistic	_	none	_	_	_	_	_	_
448-12	BZ004	448	12	sposata,	sposata	_	_	_	_	_	linguistic	_	none	Intonation=WeaklyRising	End=1142.249	_	_	_	_
449-0	BZ001	449	0	mia	mia	_	_	_	_	_	linguistic	_	none	_	Begin=1142.639	_	_	_	_
449-1	BZ001	449	1	sorella	sorella	_	_	_	_	_	linguistic	_	none	_	_	_	_	_	_
449-2	BZ001	449	2	te	te	_	_	_	_	_	linguistic	_	none	_	_	_	_	_	_
449-3	BZ001	449	3	l'	l'	_	_	_	_	_	linguistic	_	none	SpaceAfter=No	_	_	_	_	_
449-4	BZ001	449	4	ha	ha	_	_	_	_	_	linguistic	_	none	_	_	_	_	_	_
449-5	BZ001	449	5	chiesto?	chiesto	_	_	_	_	_	linguistic	_	none	Intonation=Rising	End=1143.789	_	_	_	_
450-0	BZ004	450	0	eh	eh	_	_	_	_	_	linguistic	_	none	_	Begin=1143.919	_	_	_	_
450-1	BZ004	450	1	sì	sì	_	_	_	_	_	linguistic	_	none	_	_	_	_	_	_
450-2	BZ004	450	2	tua	tua	_	_	_	_	_	linguistic	_	none	_	_	_	_	_	_
450-3	BZ004	450	3	sorella	sorella	_	_	_	_	_	linguistic	_	none	_	_	_	_	_	_
450-4	BZ004	450	4	o	o	_	_	_	_	_	linguistic	_	none	_	_	_	_	_	_
450-5	BZ004	450	5	anche	anche	_	_	_	_	_	linguistic	_	none	_	_	_	_	_	_
450-6	BZ004	450	6	le	le	_	_	_	_	_	linguistic	_	none	_	_	_	_	_	_
450-7	BZ004	450	7	altre	altre	_	_	_	_	_	linguistic	_	none	_	_	_	_	_	_
450-8	BZ004	450	8	non	non	_	_	_	_	_	linguistic	_	none	_	_	_	_	_	_
450-9	BZ004	450	9	lo	lo	_	_	_	_	_	linguistic	_	none	_	_	_	_	_	_
450-10	BZ004	450	10	so,	so	_	_	_	_	_	linguistic	_	none	Intonation=WeaklyRising	End=1146.829	_	_	_	_
451-0	BZ004	451	0	eh	eh	_	_	_	_	_	linguistic	_	none	ProsodicLink=Yes	Begin=1147.069	_	_	_	_
451-1	BZ004	451	1	oh	oh	_	_	_	_	_	linguistic	_	none	ProsodicLink=Yes	_	_	_	_	_
451-2	BZ004	451	2	eh	eh	_	_	_	_	_	linguistic	_	none	_	_	_	_	_	_
451-3	BZ004	451	3	perché	perché	_	_	_	_	_	linguistic	_	none	_	_	_	_	_	_
451-4	BZ004	451	4	ti	ti	_	_	_	_	_	linguistic	_	none	_	_	_	_	_	_
451-5	BZ004	451	5	sei	sei	_	_	_	_	_	linguistic	_	none	_	_	_	_	_	_
451-6	BZ004	451	6	sposata?	sposata	_	_	_	_	_	linguistic	_	none	Intonation=Rising	_	_	_	_	_
451-7	BZ004	451	7	mi	mi	_	_	_	_	_	linguistic	_	none	_	_	_	_	_	_
451-8	BZ004	451	8	sono	sono	_	_	_	_	_	linguistic	_	none	_	_	_	_	_	_
451-9	BZ004	451	9	sposata	sposata	_	_	_	_	_	linguistic	_	none	_	_	_	_	_	_
451-10	BZ004	451	10	perché	perché	_	_	_	_	_	linguistic	_	none	_	_	_	_	_	_
451-11	BZ004	451	11	son	son	_	_	_	_	_	linguistic	_	none	_	_	_	_	_	_
451-12	BZ004	451	12	stata	stata	_	_	_	_	_	linguistic	_	none	_	_	_	_	_	_
451-13	BZ004	451	13	fidanzata	fidanzata	_	_	_	_	_	linguistic	_	none	_	_	_	_	_	_
451-14	BZ004	451	14	quattro	quattro	_	_	_	_	_	linguistic	_	none	_	_	_	_	_	_
451-15	BZ004	451	15	anni,	anni	_	_	_	_	_	linguistic	_	none	Intonation=WeaklyRising|PauseAfter=Yes	_	_	_	_	_
451-16	BZ004	451	16	(.)	(.)	_	_	_	_	_	shortpause	_	none	_	_	_	_	_	_
451-17	BZ004	451	17	e	e	_	_	_	_	_	linguistic	_	none	_	_	_	_	_	_
451-18	BZ004	451	18	mio	mio	_	_	_	_	_	linguistic	_	none	_	_	_	_	_	_
451-19	BZ004	451	19	papà	papà	_	_	_	_	_	linguistic	_	none	_	_	_	_	_	_
451-20	BZ004	451	20	non	non	_	_	_	_	_	linguistic	_	none	_	_	_	_	_	_
451-21	BZ004	451	21	mi	mi	_	_	_	_	_	linguistic	_	none	_	_	_	_	_	_
451-22	BZ004	451	22	lasciava	lasciava	_	_	_	_	_	linguistic	_	none	_	_	_	_	_	_
451-23	BZ004	451	23	uscire.	uscire	_	_	_	_	_	linguistic	_	none	Intonation=Falling	End=1154.68	_	_	_	_
452-0	BZ004	452	0	ecco.	ecco	_	_	_	_	_	linguistic	_	none	Intonation=Falling	Begin=1155.459|End=1155.949	_	_	_	_
453-0	BZ004	453	0	allora,	allora	_	_	_	_	_	linguistic	_	none	Intonation=WeaklyRising|PauseAfter=Yes	Begin=1156.199	_	_	_	_
453-1	BZ004	453	1	(.)	(.)	_	_	_	_	_	shortpause	_	none	_	_	_	_	_	_
453-2	BZ004	453	2	[per	per	_	_	_	_	_	linguistic	_	none	_	_	_	_	_	0-3(87)
453-3	BZ004	453	3	stare	stare	_	_	_	_	_	linguistic	_	none	_	_	_	_	_	0-5(87)
453-4	BZ004	453	4	assieme]	assieme	_	_	_	_	_	linguistic	_	none	_	_	_	_	_	0-7(87)
453-5	BZ004	453	5	a	a	_	_	_	_	_	linguistic	_	none	ProsodicLink=Yes	_	_	_	_	_
453-6	BZ004	453	6	a	a	_	_	_	_	_	linguistic	_	none	_	_	_	_	_	_
453-7	BZ004	453	7	mio,	mio	_	_	_	_	_	linguistic	_	none	Intonation=WeaklyRising	_	_	_	_	_
453-8	BZ004	453	8	a	a	_	_	_	_	_	linguistic	_	none	_	_	_	_	_	_
453-9	BZ004	453	9	mio	mio	_	_	_	_	_	linguistic	_	none	_	_	_	_	_	_
453-10	BZ004	453	10	moroso,	moroso	_	_	_	_	_	linguistic	_	none	Intonation=WeaklyRising|PauseAfter=Yes	_	_	_	_	_
453-11	BZ004	453	11	(.)	(.)	_	_	_	_	_	shortpause	_	none	_	_	_	_	_	_
453-12	BZ004	453	12	mi	mi	_	_	_	_	_	linguistic	_	none	_	_	_	_	_	_
453-13	BZ004	453	13	sono	sono	_	_	_	_	_	linguistic	_	none	_	_	_	_	_	_
453-14	BZ004	453	14	sposata.	sposata	_	_	_	_	_	linguistic	_	none	Intonation=Falling	End=1161.279	_	_	_	_
454-0	BZ001	454	0	[((ride))]	((ride))	_	_	_	_	_	nonverbalbehavior	_	none	_	Begin=1156.904|End=1157.664	_	_	_	0-4(87)
455-0	BZ004	455	0	va	va	_	_	_	_	_	linguistic	_	none	_	Begin=1161.534	_	_	_	_
455-1	BZ004	455	1	bene?	bene	_	_	_	_	_	linguistic	_	none	Intonation=Rising	_	_	_	_	_
455-2	BZ004	455	2	e	e	_	_	_	_	_	linguistic	_	none	_	_	_	_	_	_
455-3	BZ004	455	3	però	però	_	_	_	_	_	linguistic	_	none	_	_	_	_	_	_
455-4	BZ004	455	4	non	non	_	_	_	_	_	linguistic	_	none	_	_	_	_	_	_
455-5	BZ004	455	5	è	è	_	_	_	_	_	linguistic	_	none	_	_	_	_	_	_
455-6	BZ004	455	6	che	che	_	_	_	_	_	linguistic	_	none	_	_	_	_	_	_
455-7	BZ004	455	7	son	son	_	_	_	_	_	linguistic	_	none	_	_	_	_	_	_
455-8	BZ004	455	8	andata,	andata	_	_	_	_	_	linguistic	_	none	Intonation=WeaklyRising	End=1164.064	_	_	_	_
456-0	BZ001	456	0	((ride))	((ride))	_	_	_	_	_	nonverbalbehavior	_	none	_	Begin=1164.184	_	_	_	_
456-1	BZ001	456	1	a	a	_	_	_	_	_	linguistic	_	none	_	_	_	_	_	_
456-2	BZ001	456	2	t-	t-	_	_	_	_	_	linguistic	_	none	Interrupted=Yes	_	_	_	_	_
456-3	BZ001	456	3	a	a	_	_	_	_	_	linguistic	_	none	ProsodicLink=Yes	_	_	_	_	_
456-4	BZ001	456	4	a	a	_	_	_	_	_	linguistic	_	none	_	_	_	_	_	_
456-5	BZ001	456	5	[a:]	a	_	_	_	_	_	linguistic	_	none	_	_	0x1	_	_	0-1(88)
456-6	BZ001	456	6	in	in	_	_	_	_	_	linguistic	_	none	_	_	_	_	_	_
456-7	BZ001	456	7	una	una	_	_	_	_	_	linguistic	_	none	_	_	_	_	_	_
456-8	BZ001	456	8	casa.	casa	_	_	_	_	_	linguistic	_	none	Intonation=Falling	End=1167.104	_	_	_	_
457-0	BZ004	457	0	[a:]	a	_	_	_	_	_	linguistic	_	none	_	Begin=1165.879|End=1166.269	0x1	_	_	0-1(88)
458-0	BZ004	458	0	appunto.	appunto	_	_	_	_	_	linguistic	_	none	Intonation=Falling	Begin=1167.279|End=1168.199	_	_	_	_
459-0	BZ001	459	0	ah	ah	_	_	_	_	_	linguistic	_	none	_	Begin=1168.344	_	_	_	_
459-1	BZ001	459	1	non	non	_	_	_	_	_	linguistic	_	none	_	_	_	_	_	_
459-2	BZ001	459	2	ti	ti	_	_	_	_	_	linguistic	_	none	_	_	_	_	_	_
459-3	BZ001	459	3	lasciava	lasciava	_	_	_	_	_	linguistic	_	none	_	_	_	_	_	_
459-4	BZ001	459	4	uscire	uscire	_	_	_	_	_	linguistic	_	none	_	_	_	_	_	_
459-5	BZ001	459	5	mai?	mai	_	_	_	_	_	linguistic	_	none	Intonation=Rising	End=1169.814	_	_	_	_
460-0	BZ004	460	0	no.	no	_	_	_	_	_	linguistic	_	none	Intonation=Falling	Begin=1169.864|End=1170.274	_	_	_	_
461-0	BZ001	461	0	era	era	_	_	_	_	_	linguistic	_	none	_	Begin=1170.744	_	_	_	_
461-1	BZ001	461	1	severo.	severo	_	_	_	_	_	linguistic	_	none	Intonation=Falling	End=1171.534	_	_	_	_
462-0	BZ004	462	0	do-	do-	_	_	_	_	_	linguistic	_	none	Interrupted=Yes	Begin=1171.814	_	_	_	_
462-1	BZ004	462	1	di	di	_	_	_	_	_	linguistic	_	none	_	_	_	_	_	_
462-2	BZ004	462	2	sera	sera	_	_	_	_	_	linguistic	_	none	_	_	_	_	_	_
462-3	BZ004	462	3	mai.	mai	_	_	_	_	_	linguistic	_	none	Intonation=Falling	End=1173.264	_	_	_	_
463-0	BZ001	463	0	ah	ah	_	_	_	_	_	linguistic	_	none	_	Begin=1174.684	_	_	_	_
463-1	BZ001	463	1	solo	solo	_	_	_	_	_	linguistic	_	none	_	_	_	_	_	_
463-2	BZ001	463	2	di	di	_	_	_	_	_	linguistic	_	none	_	_	_	_	_	_
463-3	BZ001	463	3	giorno	giorno	_	_	_	_	_	linguistic	_	none	_	End=1175.469	_	_	_	_
464-0	BZ004	464	0	né	né	_	_	_	_	_	linguistic	_	none	_	Begin=1175.469	_	_	_	_
464-1	BZ004	464	1	d'	d'	_	_	_	_	_	linguistic	_	none	SpaceAfter=No	_	_	_	_	_
464-2	BZ004	464	2	inverno	inverno	_	_	_	_	_	linguistic	_	none	_	_	_	_	_	_
464-3	BZ004	464	3	né	né	_	_	_	_	_	linguistic	_	none	_	_	_	_	_	_
464-4	BZ004	464	4	d'	d'	_	_	_	_	_	linguistic	_	none	SpaceAfter=No	_	_	_	_	_
464-5	BZ004	464	5	estate.	estate	_	_	_	_	_	linguistic	_	none	Intonation=Falling	End=1177.074	_	_	_	_
465-0	BZ004	465	0	vara	vara	_	_	_	_	_	linguistic	_	none	_	Begin=1178.124	_	_	_	_
465-1	BZ004	465	1	che	che	_	_	_	_	_	linguistic	_	none	_	_	_	_	_	_
465-2	BZ004	465	2	l'	l'	_	_	_	_	_	linguistic	_	none	SpaceAfter=No	_	_	_	_	_
465-3	BZ004	465	3	è	è	_	_	_	_	_	linguistic	_	none	_	_	_	_	_	_
465-4	BZ004	465	4	ro-	ro-	_	_	_	_	_	linguistic	_	none	Interrupted=Yes	_	_	_	_	_
465-5	BZ004	465	5	da	da	_	_	_	_	_	linguistic	_	none	_	_	_	_	_	_
465-6	BZ004	465	6	eh	eh	_	_	_	_	_	linguistic	_	none	_	_	_	_	_	_
465-7	BZ004	465	7	da	da	_	_	_	_	_	linguistic	_	none	_	_	_	_	_	_
465-8	BZ004	465	8	pazzi	pazzi	_	_	_	_	_	linguistic	_	none	_	_	_	_	_	_
465-9	BZ004	465	9	eh.	eh	_	_	_	_	_	linguistic	_	none	Intonation=Falling	End=1180.054	_	_	_	_
466-0	BZ004	466	0	tremendo.	tremendo	_	_	_	_	_	linguistic	_	none	Intonation=Falling	Begin=1181.004|End=1181.854	_	_	_	_
467-0	BZ004	467	0	comunque	comunque	_	_	_	_	_	linguistic	_	none	_	Begin=1182.314	_	_	_	_
467-1	BZ004	467	1	guarda	guarda	_	_	_	_	_	linguistic	_	none	_	_	_	_	_	_
467-2	BZ004	467	2	che	che	_	_	_	_	_	linguistic	_	none	_	_	_	_	_	_
467-3	BZ004	467	3	anche	anche	_	_	_	_	_	linguistic	_	none	_	_	_	_	_	_
467-4	BZ004	467	4	coi	coi	_	_	_	_	_	linguistic	_	none	_	_	_	_	_	_
467-5	BZ004	467	5	maschi	maschi	_	_	_	_	_	linguistic	_	none	_	_	_	_	_	_
467-6	BZ004	467	6	è	è	_	_	_	_	_	linguistic	_	none	_	_	_	_	_	_
467-7	BZ004	467	7	stato:	stato	_	_	_	_	_	linguistic	_	none	PauseAfter=Yes	_	4x1	_	_	_
467-8	BZ004	467	8	(.)	(.)	_	_	_	_	_	shortpause	_	none	_	_	_	_	_	_
467-9	BZ004	467	9	abbastanza	abbastanza	_	_	_	_	_	linguistic	_	none	_	_	_	_	_	_
467-10	BZ004	467	10	eh,	eh	_	_	_	_	_	linguistic	_	none	Intonation=WeaklyRising	End=1186.644	_	_	_	_
468-0	BZ004	468	0	che	che	_	_	_	_	_	linguistic	_	none	_	Begin=1187.004	_	_	_	_
468-1	BZ004	468	1	se	se	_	_	_	_	_	linguistic	_	none	_	_	_	_	_	_
468-2	BZ004	468	2	non	non	_	_	_	_	_	linguistic	_	none	_	_	_	_	_	_
468-3	BZ004	468	3	rie-	rie-	_	_	_	_	_	linguistic	_	none	Interrupted=Yes	_	_	_	_	_
468-4	BZ004	468	4	eh	eh	_	_	_	_	_	linguistic	_	none	_	_	_	_	_	_
468-5	BZ004	468	5	rientravano	rientravano	_	_	_	_	_	linguistic	_	none	_	_	_	_	_	_
468-6	BZ004	468	6	a	a	_	_	_	_	_	linguistic	_	none	_	_	_	_	_	_
468-7	BZ004	468	7	mezzanotte,	mezzanotte	_	_	_	_	_	linguistic	_	none	Intonation=WeaklyRising	End=1189.804	_	_	_	_
469-0	BZ004	469	0	chiudeva	chiudeva	_	_	_	_	_	linguistic	_	none	_	Begin=1190.489	_	_	_	_
469-1	BZ004	469	1	eh,	eh	_	_	_	_	_	linguistic	_	none	Intonation=WeaklyRising	End=1191.419	_	_	_	_
470-0	BZ004	470	0	ad	ad	_	_	_	_	_	linguistic	_	none	_	Begin=1191.659	_	_	_	_
470-1	BZ004	470	1	esempio,	esempio	_	_	_	_	_	linguistic	_	none	Intonation=WeaklyRising	_	_	_	_	_
470-2	BZ004	470	2	il	il	_	_	_	_	_	linguistic	_	none	_	_	_	_	_	_
470-3	BZ004	470	3	nonno	nonno	_	_	_	_	_	linguistic	_	none	_	_	_	_	_	_
470-4	BZ004	470	4	caroli	caroli	_	_	_	_	_	linguistic	_	none	_	_	_	_	_	_
470-5	BZ004	470	5	che	che	_	_	_	_	_	linguistic	_	none	_	_	_	_	_	_
470-6	BZ004	470	6	non	non	_	_	_	_	_	linguistic	_	none	_	_	_	_	_	_
470-7	BZ004	470	7	era	era	_	_	_	_	_	linguistic	_	none	_	_	_	_	_	_
470-8	BZ004	470	8	mio	mio	_	_	_	_	_	linguistic	_	none	_	_	_	_	_	_
470-9	BZ004	470	9	p-	p-	_	_	_	_	_	linguistic	_	none	Interrupted=Yes	_	_	_	_	_
470-10	BZ004	470	10	era	era	_	_	_	_	_	linguistic	_	none	_	_	_	_	_	_
470-11	BZ004	470	11	mio	mio	_	_	_	_	_	linguistic	_	none	_	_	_	_	_	_
470-12	BZ004	470	12	suocero,	suocero	_	_	_	_	_	linguistic	_	none	Intonation=WeaklyRising	End=1196.179	_	_	_	_
471-0	BZ004	471	0	ha	ha	_	_	_	_	_	linguistic	_	none	_	Begin=1196.604	_	_	_	_
471-1	BZ004	471	1	chiuso	chiuso	_	_	_	_	_	linguistic	_	none	_	_	_	_	_	_
471-2	BZ004	471	2	fuori	fuori	_	_	_	_	_	linguistic	_	none	_	_	_	_	_	_
471-3	BZ004	471	3	il	il	_	_	_	_	_	linguistic	_	none	_	_	_	_	_	_
471-4	BZ004	471	4	fratello	fratello	_	_	_	_	_	linguistic	_	none	_	_	_	_	_	_
471-5	BZ004	471	5	di	di	_	_	_	_	_	linguistic	_	none	_	_	_	_	_	_
471-6	BZ004	471	6	mio	mio	_	_	_	_	_	linguistic	_	none	_	_	_	_	_	_
471-7	BZ004	471	7	marito,	marito	_	_	_	_	_	linguistic	_	none	Intonation=WeaklyRising	End=1199.634	_	_	_	_
472-0	BZ004	472	0	che	che	_	_	_	_	_	linguistic	_	none	_	Begin=1200.194	_	_	_	_
472-1	BZ004	472	1	d-	d-	_	_	_	_	_	linguistic	_	none	Interrupted=Yes	_	_	_	_	_
472-2	BZ004	472	2	ehm	ehm	_	_	_	_	_	linguistic	_	none	PauseAfter=Yes	_	_	_	_	_
472-3	BZ004	472	3	(.)	(.)	_	_	_	_	_	shortpause	_	none	_	_	_	_	_	_
472-4	BZ004	472	4	rientrava	rientrava	_	_	_	_	_	linguistic	_	none	_	_	_	_	_	_
472-5	BZ004	472	5	>dopo	dopo	_	_	_	_	_	linguistic	_	none	_	_	_	Fast=0-4(0)	_	_
472-6	BZ004	472	6	mezzanotte<	mezzanotte	_	_	_	_	_	linguistic	_	none	_	_	_	Fast=0-10(0)	_	_
472-7	BZ004	472	7	aveva	aveva	_	_	_	_	_	linguistic	_	none	_	_	_	_	_	_
472-8	BZ004	472	8	vent'	vent'	_	_	_	_	_	linguistic	_	none	SpaceAfter=No	_	_	_	_	_
472-9	BZ004	472	9	anni	anni	_	_	_	_	_	linguistic	_	none	_	_	_	_	_	_
472-10	BZ004	472	10	ventuno,	ventuno	_	_	_	_	_	linguistic	_	none	Intonation=WeaklyRising|PauseAfter=Yes	_	_	_	_	_
472-11	BZ004	472	11	(.)	(.)	_	_	_	_	_	shortpause	_	none	_	_	_	_	_	_
472-12	BZ004	472	12	ha	ha	_	_	_	_	_	linguistic	_	none	_	_	_	_	_	_
472-13	BZ004	472	13	tirato	tirato	_	_	_	_	_	linguistic	_	none	_	_	_	_	_	_
472-14	BZ004	472	14	il	il	_	_	_	_	_	linguistic	_	none	_	_	_	_	_	_
472-15	BZ004	472	15	gancio,	gancio	_	_	_	_	_	linguistic	_	none	Intonation=WeaklyRising	_	_	_	_	_
472-16	BZ004	472	16	è	è	_	_	_	_	_	linguistic	_	none	_	_	_	_	_	_
472-17	BZ004	472	17	stato	stato	_	_	_	_	_	linguistic	_	none	_	_	_	_	_	_
472-18	BZ004	472	18	a	a	_	_	_	_	_	linguistic	_	none	_	_	_	_	_	_
472-19	BZ004	472	19	dormire	dormire	_	_	_	_	_	linguistic	_	none	_	_	_	_	_	_
472-20	BZ004	472	20	sulle	sulle	_	_	_	_	_	linguistic	_	none	_	_	_	_	_	_
472-21	BZ004	472	21	scale.	scale	_	_	_	_	_	linguistic	_	none	Intonation=Falling	End=1207.934	_	_	_	_
473-0	BZ004	473	0	anche	anche	_	_	_	_	_	linguistic	_	none	_	Begin=1208.689	_	_	_	_
473-1	BZ004	473	1	coi	coi	_	_	_	_	_	linguistic	_	none	_	_	_	_	_	_
473-2	BZ004	473	2	ma[schi].	maschi	_	_	_	_	_	linguistic	_	none	Intonation=Falling	End=1209.739	_	_	_	2-6(89)
474-0	BZ001	474	0	[ah	ah	_	_	_	_	_	linguistic	_	none	_	Begin=1209.459	_	_	_	0-2(89)
474-1	BZ001	474	1	ec]co.	ecco	_	_	_	_	_	linguistic	_	none	Intonation=Falling	End=1209.969	_	_	_	0-2(89)
475-0	BZ004	475	0	erano	erano	_	_	_	_	_	linguistic	_	none	_	Begin=1210.229	_	_	_	_
475-1	BZ004	475	1	anche	anche	_	_	_	_	_	linguistic	_	none	_	_	_	_	_	_
475-2	BZ004	475	2	coi	coi	_	_	_	_	_	linguistic	_	none	_	_	_	_	_	_
475-3	BZ004	475	3	maschi.	maschi	_	_	_	_	_	linguistic	_	none	Intonation=Falling	End=1211.779	_	_	_	_
476-0	BZ001	476	0	be'	be'	_	_	_	_	_	linguistic	_	none	Truncated=Yes	Begin=1212.399	_	_	_	_
476-1	BZ001	476	1	son	son	_	_	_	_	_	linguistic	_	none	_	_	_	_	_	_
476-2	BZ001	476	2	cambiati	cambiati	_	_	_	_	_	linguistic	_	none	_	_	_	_	_	_
476-3	BZ001	476	3	i	i	_	_	_	_	_	linguistic	_	none	_	_	_	_	_	_
476-4	BZ001	476	4	tempi	tempi	_	_	_	_	_	linguistic	_	none	_	_	_	_	_	_
476-5	BZ001	476	5	adesso	adesso	_	_	_	_	_	linguistic	_	none	_	_	_	_	_	_
476-6	BZ001	476	6	anche	anche	_	_	_	_	_	linguistic	_	none	_	_	_	_	_	_
476-7	BZ001	476	7	[da	da	_	_	_	_	_	linguistic	_	none	_	_	_	_	_	0-2(90)
476-8	BZ001	476	8	quel	quel	_	_	_	_	_	linguistic	_	none	_	_	_	_	_	0-4(90)
476-9	BZ001	476	9	punto	punto	_	_	_	_	_	linguistic	_	none	_	_	_	_	_	0-5(90)
476-10	BZ001	476	10	di	di	_	_	_	_	_	linguistic	_	none	_	_	_	_	_	0-2(90)
476-11	BZ001	476	11	vista.	vista	_	_	_	_	_	linguistic	_	none	Intonation=Falling	_	_	_	_	0-5(90)
476-12	BZ001	476	12	((ridendo))]	((ridendo))	_	_	_	_	_	nonverbalbehavior	_	none	_	End=1215.209	_	_	_	0-7(90)
477-0	BZ004	477	0	[mado].	mado	_	_	_	_	_	linguistic	_	none	Intonation=Falling	Begin=1214.369	_	_	_	0-4(90)
477-1	BZ004	477	1	adesso,	adesso	_	_	_	_	_	linguistic	_	none	Intonation=WeaklyRising	_	_	_	_	_
477-2	BZ004	477	2	((ridendo))	((ridendo))	_	_	_	_	_	nonverbalbehavior	_	none	_	End=1216.099	_	_	_	_
478-0	BZ004	478	0	è	è	_	_	_	_	_	linguistic	_	none	_	Begin=1216.399	_	_	_	_
478-1	BZ004	478	1	troppo	troppo	_	_	_	_	_	linguistic	_	none	_	_	_	_	_	_
478-2	BZ004	478	2	dall'	dall'	_	_	_	_	_	linguistic	_	none	SpaceAfter=No	_	_	_	_	_
478-3	BZ004	478	3	altra	altra	_	_	_	_	_	linguistic	_	none	_	_	_	_	_	_
478-4	BZ004	478	4	parte.	parte	_	_	_	_	_	linguistic	_	none	Intonation=Falling	End=1217.939	_	_	_	_
479-0	BZ001	479	0	c'	c'	_	_	_	_	_	linguistic	_	none	SpaceAfter=No	Begin=1218.954	_	_	_	_
479-1	BZ001	479	1	è	è	_	_	_	_	_	linguistic	_	none	_	_	_	_	_	_
479-2	BZ001	479	2	troppa:	troppa	_	_	_	_	_	linguistic	_	none	_	End=1219.8115	5x1	_	_	_
480-0	BZ004	480	0	sì.	sì	_	_	_	_	_	linguistic	_	none	Intonation=Falling	Begin=1219.8115|End=1220.419	_	_	_	_
481-0	BZ001	481	0	sì?	sì	_	_	_	_	_	linguistic	_	none	Intonation=Rising	Begin=1220.509	_	_	_	_
481-1	BZ001	481	1	secondo	secondo	_	_	_	_	_	linguistic	_	none	_	_	_	_	_	_
481-2	BZ001	481	2	[te]?	te	_	_	_	_	_	linguistic	_	none	Intonation=Rising	End=1221.47	_	_	_	0-2(91)
482-0	BZ004	482	0	[per]	per	_	_	_	_	_	linguistic	_	none	_	Begin=1221.249	_	_	_	0-3(91)
482-1	BZ004	482	1	me,	me	_	_	_	_	_	linguistic	_	none	Intonation=WeaklyRising	End=1222.019	_	_	_	_
483-0	BZ004	483	0	è	è	_	_	_	_	_	linguistic	_	none	_	Begin=1222.349	_	_	_	_
483-1	BZ004	483	1	d-	d-	_	_	_	_	_	linguistic	_	none	Interrupted=Yes	_	_	_	_	_
483-2	BZ004	483	2	adesso	adesso	_	_	_	_	_	linguistic	_	none	_	_	_	_	_	_
483-3	BZ004	483	3	c'	c'	_	_	_	_	_	linguistic	_	none	SpaceAfter=No	_	_	_	_	_
483-4	BZ004	483	4	è	è	_	_	_	_	_	linguistic	_	none	_	_	_	_	_	_
483-5	BZ004	483	5	troppo	troppo	_	_	_	_	_	linguistic	_	none	_	_	_	_	_	_
483-6	BZ004	483	6	dall'	dall'	_	_	_	_	_	linguistic	_	none	SpaceAfter=No	_	_	_	_	_
483-7	BZ004	483	7	altra	altra	_	_	_	_	_	linguistic	_	none	_	_	_	_	_	_
483-8	BZ004	483	8	parte.	parte	_	_	_	_	_	linguistic	_	none	Intonation=Falling	End=1224.739	_	_	_	_
484-0	BZ004	484	0	[per]ché	perché	_	_	_	_	_	linguistic	_	none	_	Begin=1225.695	_	_	_	0-3(92)
484-1	BZ004	484	1	adesso	adesso	_	_	_	_	_	linguistic	_	none	_	_	_	_	_	_
484-2	BZ004	484	2	è	è	_	_	_	_	_	linguistic	_	none	_	_	_	_	_	_
484-3	BZ004	484	3	proprio	proprio	_	_	_	_	_	linguistic	_	none	_	_	_	_	_	_
484-4	BZ004	484	4	cambiato.	cambiato	_	_	_	_	_	linguistic	_	none	Intonation=Falling	End=1227.485	_	_	_	_
485-0	BZ001	485	0	[e],	e	_	_	_	_	_	linguistic	_	none	Intonation=WeaklyRising	Begin=1225.74|End=1225.94	_	_	_	0-1(92)
486-0	BZ001	486	0	e	e	_	_	_	_	_	linguistic	_	none	_	Begin=1228.529	_	_	_	_
486-1	BZ001	486	1	insomma	insomma	_	_	_	_	_	linguistic	_	none	_	_	_	_	_	_
486-2	BZ001	486	2	vi	vi	_	_	_	_	_	linguistic	_	none	_	_	_	_	_	_
486-3	BZ001	486	3	siete:	siete	_	_	_	_	_	linguistic	_	none	_	_	4x1	_	_	_
486-4	BZ001	486	4	sposati,	sposati	_	_	_	_	_	linguistic	_	none	Intonation=WeaklyRising|PauseAfter=Yes	_	_	_	_	_
486-5	BZ001	486	5	(.)	(.)	_	_	_	_	_	shortpause	_	none	_	_	_	_	_	_
486-6	BZ001	486	6	e	e	_	_	_	_	_	linguistic	_	none	_	_	_	_	_	_
486-7	BZ001	486	7	quindi	quindi	_	_	_	_	_	linguistic	_	none	_	_	_	_	_	_
486-8	BZ001	486	8	vivevate	vivevate	_	_	_	_	_	linguistic	_	none	_	_	_	_	_	_
486-9	BZ001	486	9	in	in	_	_	_	_	_	linguistic	_	none	_	_	_	_	_	_
486-10	BZ001	486	10	una	una	_	_	_	_	_	linguistic	_	none	_	_	_	_	_	_
486-11	BZ001	486	11	stanza,	stanza	_	_	_	_	_	linguistic	_	none	Intonation=WeaklyRising	_	_	_	_	_
486-12	BZ001	486	12	anche	anche	_	_	_	_	_	linguistic	_	none	_	_	_	_	_	_
486-13	BZ001	486	13	quando	quando	_	_	_	_	_	linguistic	_	none	_	_	_	_	_	_
486-14	BZ001	486	14	poi	poi	_	_	_	_	_	linguistic	_	none	_	_	_	_	_	_
486-15	BZ001	486	15	avevate	avevate	_	_	_	_	_	linguistic	_	none	_	_	_	_	_	_
486-16	BZ001	486	16	già	già	_	_	_	_	_	linguistic	_	none	_	_	_	_	_	_
486-17	BZ001	486	17	le	le	_	_	_	_	_	linguistic	_	none	_	_	_	_	_	_
486-18	BZ001	486	18	bambine?	bambine	_	_	_	_	_	linguistic	_	none	Intonation=Rising	End=1235.579	_	_	_	_
487-0	BZ004	487	0	quando	quando	_	_	_	_	_	linguistic	_	none	_	Begin=1236.119	_	_	_	_
487-1	BZ004	487	1	è	è	_	_	_	_	_	linguistic	_	none	_	_	_	_	_	_
487-2	BZ004	487	2	nata	nata	_	_	_	_	_	linguistic	_	none	_	_	_	_	_	_
487-3	BZ004	487	3	la:	la	_	_	_	_	_	linguistic	_	none	_	_	1x1	_	_	_
487-4	BZ004	487	4	la	la	_	_	_	_	_	linguistic	_	none	_	_	_	_	_	_
487-5	BZ004	487	5	orietta,	orietta	_	_	_	_	_	linguistic	_	none	Intonation=WeaklyRising|PauseAfter=Yes	_	_	_	_	_
487-6	BZ004	487	6	(.)	(.)	_	_	_	_	_	shortpause	_	none	_	_	_	_	_	_
487-7	BZ004	487	7	perché	perché	_	_	_	_	_	linguistic	_	none	_	_	_	_	_	_
487-8	BZ004	487	8	praticamente	praticamente	_	_	_	_	_	linguistic	_	none	_	_	_	_	_	_
487-9	BZ004	487	9	t-	t-	_	_	_	_	_	linguistic	_	none	Interrupted=Yes	_	_	_	_	_
487-10	BZ004	487	10	eh	eh	_	_	_	_	_	linguistic	_	none	_	_	_	_	_	_
487-11	BZ004	487	11	ci	ci	_	_	_	_	_	linguistic	_	none	_	_	_	_	_	_
487-12	BZ004	487	12	siamo	siamo	_	_	_	_	_	linguistic	_	none	_	_	_	_	_	_
487-13	BZ004	487	13	sposati	sposati	_	_	_	_	_	linguistic	_	none	_	_	_	_	_	_
487-14	BZ004	487	14	e	e	_	_	_	_	_	linguistic	_	none	_	_	_	_	_	_
487-15	BZ004	487	15	dopo	dopo	_	_	_	_	_	linguistic	_	none	_	_	_	_	_	_
487-16	BZ004	487	16	poco,	poco	_	_	_	_	_	linguistic	_	none	Intonation=WeaklyRising	End=1242.199	_	_	_	_
488-0	BZ004	488	0	oh	oh	_	_	_	_	_	linguistic	_	none	_	Begin=1243.044|End=1243.384	_	_	_	_
489-0	BZ004	489	0	quattro	quattro	_	_	_	_	_	linguistic	_	none	_	Begin=1243.929	_	_	_	_
489-1	BZ004	489	1	anni	anni	_	_	_	_	_	linguistic	_	none	_	_	_	_	_	_
489-2	BZ004	489	2	senza	senza	_	_	_	_	_	linguistic	_	none	_	_	_	_	_	_
489-3	BZ004	489	3	[((ride))]	((ride))	_	_	_	_	_	nonverbalbehavior	_	none	_	End=1245.759	_	_	_	0-4(93)
490-0	BZ001	490	0	[((ride))]	((ride))	_	_	_	_	_	nonverbalbehavior	_	none	_	Begin=1245.049|End=1245.769	_	_	_	0-4(93)
491-0	BZ004	491	0	è	è	_	_	_	_	_	linguistic	_	none	_	Begin=1246.814	_	_	_	_
491-1	BZ004	491	1	nata	nata	_	_	_	_	_	linguistic	_	none	_	_	_	_	_	_
491-2	BZ004	491	2	la	la	_	_	_	_	_	linguistic	_	none	_	_	_	_	_	_
491-3	BZ004	491	3	orietta,	orietta	_	_	_	_	_	linguistic	_	none	Intonation=WeaklyRising	_	_	_	_	_
491-4	BZ004	491	4	e	e	_	_	_	_	_	linguistic	_	none	_	_	_	_	_	_
491-5	BZ004	491	5	questa	questa	_	_	_	_	_	linguistic	_	none	_	_	_	_	_	_
491-6	BZ004	491	6	famiglia	famiglia	_	_	_	_	_	linguistic	_	none	_	_	_	_	_	_
491-7	BZ004	491	7	ha	ha	_	_	_	_	_	linguistic	_	none	_	_	_	_	_	_
491-8	BZ004	491	8	detto	detto	_	_	_	_	_	linguistic	_	none	_	_	_	_	_	_
491-9	BZ004	491	9	venite	venite	_	_	_	_	_	linguistic	_	none	_	_	_	_	_	_
491-10	BZ004	491	10	da	da	_	_	_	_	_	linguistic	_	none	_	_	_	_	_	_
491-11	BZ004	491	11	noi	noi	_	_	_	_	_	linguistic	_	none	_	_	_	_	_	_
491-12	BZ004	491	12	che	che	_	_	_	_	_	linguistic	_	none	_	_	_	_	_	_
491-13	BZ004	491	13	noi	noi	_	_	_	_	_	linguistic	_	none	_	_	_	_	_	_
491-14	BZ004	491	14	v-	v-	_	_	_	_	_	linguistic	_	none	Interrupted=Yes	_	_	_	_	_
491-15	BZ004	491	15	vi	vi	_	_	_	_	_	linguistic	_	none	_	_	_	_	_	_
491-16	BZ004	491	16	diamo	diamo	_	_	_	_	_	linguistic	_	none	_	_	_	_	_	_
491-17	BZ004	491	17	la	la	_	_	_	_	_	linguistic	_	none	_	_	_	_	_	_
491-18	BZ004	491	18	camera	camera	_	_	_	_	_	linguistic	_	none	_	_	_	_	_	_
491-19	BZ004	491	19	grande,	grande	_	_	_	_	_	linguistic	_	none	Intonation=WeaklyRising	End=1252.914	_	_	_	_
492-0	BZ004	492	0	e	e	_	_	_	_	_	linguistic	_	none	_	Begin=1253.289	_	_	_	_
492-1	BZ004	492	1	ci	ci	_	_	_	_	_	linguistic	_	none	_	_	_	_	_	_
492-2	BZ004	492	2	hanno	hanno	_	_	_	_	_	linguistic	_	none	_	_	_	_	_	_
492-3	BZ004	492	3	dato	dato	_	_	_	_	_	linguistic	_	none	_	_	_	_	_	_
492-4	BZ004	492	4	la	la	_	_	_	_	_	linguistic	_	none	_	_	_	_	_	_
492-5	BZ004	492	5	camera	camera	_	_	_	_	_	linguistic	_	none	_	_	_	_	_	_
492-6	BZ004	492	6	grande	grande	_	_	_	_	_	linguistic	_	none	_	_	_	_	_	_
492-7	BZ004	492	7	che	che	_	_	_	_	_	linguistic	_	none	_	_	_	_	_	_
492-8	BZ004	492	8	ci	ci	_	_	_	_	_	linguistic	_	none	_	_	_	_	_	_
492-9	BZ004	492	9	stava	stava	_	_	_	_	_	linguistic	_	none	_	_	_	_	_	_
492-10	BZ004	492	10	anche	anche	_	_	_	_	_	linguistic	_	none	_	_	_	_	_	_
492-11	BZ004	492	11	il	il	_	_	_	_	_	linguistic	_	none	_	_	_	_	_	_
492-12	BZ004	492	12	lettino	lettino	_	_	_	_	_	linguistic	_	none	_	_	_	_	_	_
492-13	BZ004	492	13	della	della	_	_	_	_	_	linguistic	_	none	_	_	_	_	_	_
492-14	BZ004	492	14	orietta	orietta	_	_	_	_	_	linguistic	_	none	_	_	_	_	_	_
492-15	BZ004	492	15	hai	hai	_	_	_	_	_	linguistic	_	none	_	_	_	_	_	_
492-16	BZ004	492	16	capito	capito	_	_	_	_	_	linguistic	_	none	_	End=1257.3339999999998	_	_	_	_
493-0	BZ001	493	0	ah	ah	_	_	_	_	_	linguistic	_	none	ProsodicLink=Yes	Begin=1257.3339999999998	_	_	_	_
493-1	BZ001	493	1	ah,	ah	_	_	_	_	_	linguistic	_	none	Intonation=WeaklyRising|PauseAfter=Yes	_	_	_	_	_
493-2	BZ001	493	2	(.)	(.)	_	_	_	_	_	shortpause	_	none	_	_	_	_	_	_
493-3	BZ001	493	3	e	e	_	_	_	_	_	linguistic	_	none	_	_	_	_	_	_
493-4	BZ001	493	4	condividevate	condividevate	_	_	_	_	_	linguistic	_	none	_	_	_	_	_	_
493-5	BZ001	493	5	la	la	_	_	_	_	_	linguistic	_	none	_	_	_	_	_	_
493-6	BZ001	493	6	cucina	cucina	_	_	_	_	_	linguistic	_	none	_	_	_	_	_	_
493-7	BZ001	493	7	il	il	_	_	_	_	_	linguistic	_	none	_	_	_	_	_	_
493-8	BZ001	493	8	bagno,	bagno	_	_	_	_	_	linguistic	_	none	Intonation=WeaklyRising	End=1260.027	_	_	_	_
494-0	BZ004	494	0	la	la	_	_	_	_	_	linguistic	_	none	_	Begin=1260.027	_	_	_	_
494-1	BZ004	494	1	cucina,	cucina	_	_	_	_	_	linguistic	_	none	Intonation=WeaklyRising	_	_	_	_	_
494-2	BZ004	494	2	il	il	_	_	_	_	_	linguistic	_	none	_	_	_	_	_	_
494-3	BZ004	494	3	bagno,	bagno	_	_	_	_	_	linguistic	_	none	Intonation=WeaklyRising	_	_	_	_	_
494-4	BZ004	494	4	il	il	_	_	_	_	_	linguistic	_	none	_	_	_	_	_	_
494-5	BZ004	494	5	bagno,	bagno	_	_	_	_	_	linguistic	_	none	Intonation=WeaklyRising	End=1262.034	_	_	_	_
495-0	BZ004	495	0	hi	hi	_	_	_	_	_	linguistic	_	none	_	Begin=1262.614	_	_	_	_
495-1	BZ004	495	1	((ride))	((ride))	_	_	_	_	_	nonverbalbehavior	_	none	_	End=1262.884	_	_	_	_
496-0	BZ004	496	0	il	il	_	_	_	_	_	linguistic	_	none	_	Begin=1263.564	_	_	_	_
496-1	BZ004	496	1	cesso	cesso	_	_	_	_	_	linguistic	_	none	_	_	_	_	_	_
496-2	BZ004	496	2	((ridendo))	((ridendo))	_	_	_	_	_	nonverbalbehavior	_	none	_	End=1264.064	_	_	_	_
497-0	BZ001	497	0	eh	eh	_	_	_	_	_	linguistic	_	none	ProsodicLink=Yes	Begin=1264.429	_	_	_	_
497-1	BZ001	497	1	eh	eh	_	_	_	_	_	linguistic	_	none	_	_	_	_	_	_
497-2	BZ001	497	2	((ridendo))	((ridendo))	_	_	_	_	_	nonverbalbehavior	_	none	_	End=1264.839	_	_	_	_
498-0	BZ001	498	0	era	era	_	_	_	_	_	linguistic	_	none	_	Begin=1265.109	_	_	_	_
498-1	BZ001	498	1	proprio:	proprio	_	_	_	_	_	linguistic	_	none	_	End=1265.8939999999998	6x1	_	_	_
499-0	BZ004	499	0	eh.	eh	_	_	_	_	_	linguistic	_	none	Intonation=Falling	Begin=1265.8939999999998	_	_	_	_
499-1	BZ004	499	1	proprio	proprio	_	_	_	_	_	linguistic	_	none	_	_	_	_	_	_
499-2	BZ004	499	2	niente	niente	_	_	_	_	_	linguistic	_	none	_	_	_	_	_	_
499-3	BZ004	499	3	non	non	_	_	_	_	_	linguistic	_	none	_	_	_	_	_	_
499-4	BZ004	499	4	c'	c'	_	_	_	_	_	linguistic	_	none	SpaceAfter=No	_	_	_	_	_
499-5	BZ004	499	5	era.	era	_	_	_	_	_	linguistic	_	none	Intonation=Falling	End=1267.669	_	_	_	_
500-0	BZ001	500	0	ah	ah	_	_	_	_	_	linguistic	_	none	_	Begin=1267.904	_	_	_	_
500-1	BZ001	500	1	[ecco].	ecco	_	_	_	_	_	linguistic	_	none	Intonation=Falling	End=1268.434	_	_	_	0-4(94)
501-0	BZ004	501	0	[te	te	_	_	_	_	_	linguistic	_	none	_	Begin=1268.144	_	_	_	0-2(94)
501-1	BZ004	501	1	la]vavi	lavavi	_	_	_	_	_	linguistic	_	none	_	_	_	_	_	0-2(94)
501-2	BZ004	501	2	nelle	nelle	_	_	_	_	_	linguistic	_	none	_	_	_	_	_	_
501-3	BZ004	501	3	vaschette.	vaschette	_	_	_	_	_	linguistic	_	none	Intonation=Falling	End=1269.614	_	_	_	_
502-0	BZ001	502	0	e	e	_	_	_	_	_	linguistic	_	none	_	Begin=1270.414	_	_	_	_
502-1	BZ001	502	1	erano	erano	_	_	_	_	_	linguistic	_	none	_	_	_	_	_	_
502-2	BZ001	502	2	sempre	sempre	_	_	_	_	_	linguistic	_	none	_	_	_	_	_	_
502-3	BZ001	502	3	famiglie	famiglie	_	_	_	_	_	linguistic	_	none	_	_	_	_	_	_
502-4	BZ001	502	4	venete	venete	_	_	_	_	_	linguistic	_	none	_	_	_	_	_	_
502-5	BZ001	502	5	anche	anche	_	_	_	_	_	linguistic	_	none	_	_	_	_	_	_
502-6	BZ001	502	6	queste	queste	_	_	_	_	_	linguistic	_	none	_	_	_	_	_	_
502-7	BZ001	502	7	[che	che	_	_	_	_	_	linguistic	_	none	_	_	_	_	_	0-3(95)
502-8	BZ001	502	8	erano]	erano	_	_	_	_	_	linguistic	_	none	_	End=1272.66	_	_	_	0-5(95)
503-0	BZ004	503	0	[sempre]	sempre	_	_	_	_	_	linguistic	_	none	_	Begin=1272.379	_	_	_	0-6(95)
503-1	BZ004	503	1	fameglie	fameglie	_	_	_	_	_	linguistic	_	none	_	_	_	_	_	_
503-2	BZ004	503	2	ven-	ven-	_	_	_	_	_	linguistic	_	none	Interrupted=Yes	_	_	_	_	_
503-3	BZ004	503	3	famiglie	famiglie	_	_	_	_	_	linguistic	_	none	_	_	_	_	_	_
503-4	BZ004	503	4	vene[te].	venete	_	_	_	_	_	linguistic	_	none	Intonation=Falling	End=1274.54	_	_	_	4-6(96)
504-0	BZ001	504	0	[ma]	ma	_	_	_	_	_	linguistic	_	none	_	Begin=1274.434	_	_	_	0-2(96)
504-1	BZ001	504	1	che	che	_	_	_	_	_	linguistic	_	none	_	_	_	_	_	_
504-2	BZ001	504	2	diciamo	diciamo	_	_	_	_	_	linguistic	_	none	_	_	_	_	_	_
504-3	BZ001	504	3	la	la	_	_	_	_	_	linguistic	_	none	_	_	_	_	_	_
504-4	BZ001	504	4	tua	tua	_	_	_	_	_	linguistic	_	none	_	_	_	_	_	_
504-5	BZ001	504	5	famiglia	famiglia	_	_	_	_	_	linguistic	_	none	_	_	_	_	_	_
504-6	BZ001	504	6	conosceva	conosceva	_	_	_	_	_	linguistic	_	none	_	_	_	_	_	_
504-7	BZ001	504	7	già?	già	_	_	_	_	_	linguistic	_	none	Intonation=Rising|PauseAfter=Yes	_	_	_	_	_
504-8	BZ001	504	8	(.)	(.)	_	_	_	_	_	shortpause	_	none	_	_	_	_	_	_
504-9	BZ001	504	9	da	da	_	_	_	_	_	linguistic	_	none	_	_	_	_	_	_
504-10	BZ001	504	10	prima	prima	_	_	_	_	_	linguistic	_	none	_	_	_	_	_	_
504-11	BZ001	504	11	[di	di	_	_	_	_	_	linguistic	_	none	_	_	_	_	_	0-2(97)
504-12	BZ001	504	12	venire]?	venire	_	_	_	_	_	linguistic	_	none	Intonation=Rising	End=1277.864	_	_	_	0-6(97)
505-0	BZ004	505	0	[sì:].	sì	_	_	_	_	_	linguistic	_	none	Intonation=Falling	Begin=1277.464	1x1	_	_	0-2(97)
505-1	BZ004	505	1	tu-	tu-	_	_	_	_	_	linguistic	_	none	Interrupted=Yes	_	_	_	_	_
505-2	BZ004	505	2	là	là	_	_	_	_	_	linguistic	_	none	_	_	_	_	_	_
505-3	BZ004	505	3	si	si	_	_	_	_	_	linguistic	_	none	_	_	_	_	_	_
505-4	BZ004	505	4	conoscevano	conoscevano	_	_	_	_	_	linguistic	_	none	_	_	_	_	_	_
505-5	BZ004	505	5	tutti.	tutti	_	_	_	_	_	linguistic	_	none	Intonation=Falling	End=1280.294	_	_	_	_
506-0	BZ001	506	0	ah:	ah	_	_	_	_	_	linguistic	_	none	_	Begin=1280.354|End=1280.784	1x1	_	_	_
507-0	BZ004	507	0	invece	invece	_	_	_	_	_	linguistic	_	none	_	Begin=1281.094	_	_	_	_
507-1	BZ004	507	1	che	che	_	_	_	_	_	linguistic	_	none	_	_	_	_	_	_
507-2	BZ004	507	2	nel	nel	_	_	_	_	_	linguistic	_	none	_	_	_	_	_	_
507-3	BZ004	507	3	veneto	veneto	_	_	_	_	_	linguistic	_	none	_	_	_	_	_	_
507-4	BZ004	507	4	quella	quella	_	_	_	_	_	linguistic	_	none	_	_	_	_	_	_
507-5	BZ004	507	5	dove	dove	_	_	_	_	_	linguistic	_	none	_	_	_	_	_	_
507-6	BZ004	507	6	so	so	_	_	_	_	_	linguistic	_	none	_	_	_	_	_	_
507-7	BZ004	507	7	andata	andata	_	_	_	_	_	linguistic	_	none	_	_	_	_	_	_
507-8	BZ004	507	8	con	con	_	_	_	_	_	linguistic	_	none	_	_	_	_	_	_
507-9	BZ004	507	9	la	la	_	_	_	_	_	linguistic	_	none	_	_	_	_	_	_
507-10	BZ004	507	10	bambina,	bambina	_	_	_	_	_	linguistic	_	none	Intonation=WeaklyRising	End=1284.514	_	_	_	_
508-0	BZ004	508	0	eh	eh	_	_	_	_	_	linguistic	_	none	_	Begin=1284.789	_	_	_	_
508-1	BZ004	508	1	lui	lui	_	_	_	_	_	linguistic	_	none	_	_	_	_	_	_
508-2	BZ004	508	2	veniva	veniva	_	_	_	_	_	linguistic	_	none	_	_	_	_	_	_
508-3	BZ004	508	3	da	da	_	_	_	_	_	linguistic	_	none	_	_	_	_	_	_
508-4	BZ004	508	4	brescia	brescia	_	_	_	_	_	linguistic	_	none	_	End=1286.779	_	_	_	_
509-0	BZ001	509	0	[mh	mh	_	_	_	_	_	linguistic	_	none	ProsodicLink=Yes	Begin=1287.064	_	_	_	0-2(98)
509-1	BZ001	509	1	mh].	mh	_	_	_	_	_	linguistic	_	none	Intonation=Falling	End=1287.704	_	_	_	0-2(98)
510-0	BZ004	510	0	[e	e	_	_	_	_	_	linguistic	_	none	_	Begin=1287.069	_	_	_	0-1(98)
510-1	BZ004	510	1	lei	lei	_	_	_	_	_	linguistic	_	none	_	_	_	_	_	0-3(98)
510-2	BZ004	510	2	era]	era	_	_	_	_	_	linguistic	_	none	_	_	_	_	_	0-3(98)
510-3	BZ004	510	3	veneta.	veneta	_	_	_	_	_	linguistic	_	none	Intonation=Falling	_	_	_	_	_
510-4	BZ004	510	4	cioè	cioè	_	_	_	_	_	linguistic	_	none	_	_	_	_	_	_
510-5	BZ004	510	5	erano	erano	_	_	_	_	_	linguistic	_	none	_	_	_	_	_	_
510-6	BZ004	510	6	sempre,	sempre	_	_	_	_	_	linguistic	_	none	Intonation=WeaklyRising	End=1290.209	_	_	_	_
511-0	BZ004	511	0	eh	eh	_	_	_	_	_	linguistic	_	none	_	Begin=1291.034	_	_	_	_
511-1	BZ004	511	1	italiani,	italiani	_	_	_	_	_	linguistic	_	none	Intonation=WeaklyRising	_	_	_	_	_
511-2	BZ004	511	2	non	non	_	_	_	_	_	linguistic	_	none	_	_	_	_	_	_
511-3	BZ004	511	3	erano,	erano	_	_	_	_	_	linguistic	_	none	Intonation=WeaklyRising	End=1293.234	_	_	_	_
512-0	BZ004	512	0	e	e	_	_	_	_	_	linguistic	_	none	_	Begin=1294.949	_	_	_	_
512-1	BZ004	512	1	così	così	_	_	_	_	_	linguistic	_	none	_	_	_	_	_	_
512-2	BZ004	512	2	insomma	insomma	_	_	_	_	_	linguistic	_	none	_	_	_	_	_	_
512-3	BZ004	512	3	dai.	dai	_	_	_	_	_	linguistic	_	none	Intonation=Falling	End=1296.239	_	_	_	_
513-0	BZ001	513	0	ok[ay].	okay	_	_	_	_	_	linguistic	_	none	Intonation=Falling	Begin=1296.969|End=1297.469	_	_	_	2-4(99)
514-0	BZ004	514	0	[comun]que	comunque	_	_	_	_	_	linguistic	_	none	_	Begin=1297.144	_	_	_	0-5(99)
514-1	BZ004	514	1	io	io	_	_	_	_	_	linguistic	_	none	_	_	_	_	_	_
514-2	BZ004	514	2	le	le	_	_	_	_	_	linguistic	_	none	_	_	_	_	_	_
514-3	BZ004	514	3	famiglie	famiglie	_	_	_	_	_	linguistic	_	none	_	_	_	_	_	_
514-4	BZ004	514	4	tedesche	tedesche	_	_	_	_	_	linguistic	_	none	_	_	_	_	_	_
514-5	BZ004	514	5	che	che	_	_	_	_	_	linguistic	_	none	_	_	_	_	_	_
514-6	BZ004	514	6	questa	questa	_	_	_	_	_	linguistic	_	none	_	_	_	_	_	_
514-7	BZ004	514	7	famiglia	famiglia	_	_	_	_	_	linguistic	_	none	_	_	_	_	_	_
514-8	BZ004	514	8	che	che	_	_	_	_	_	linguistic	_	none	_	_	_	_	_	_
514-9	BZ004	514	9	ho	ho	_	_	_	_	_	linguistic	_	none	_	_	_	_	_	_
514-10	BZ004	514	10	conosciuta	conosciuta	_	_	_	_	_	linguistic	_	none	_	_	_	_	_	_
514-11	BZ004	514	11	qua	qua	_	_	_	_	_	linguistic	_	none	_	_	_	_	_	_
514-12	BZ004	514	12	tedesca	tedesca	_	_	_	_	_	linguistic	_	none	_	_	_	_	_	_
514-13	BZ004	514	13	quando	quando	_	_	_	_	_	linguistic	_	none	PauseAfter=Yes	_	_	_	_	_
514-14	BZ004	514	14	(.)	(.)	_	_	_	_	_	shortpause	_	none	_	_	_	_	_	_
514-15	BZ004	514	15	son	son	_	_	_	_	_	linguistic	_	none	_	_	_	_	_	_
514-16	BZ004	514	16	venuta	venuta	_	_	_	_	_	linguistic	_	none	_	_	_	_	_	_
514-17	BZ004	514	17	a	a	_	_	_	_	_	linguistic	_	none	_	_	_	_	_	_
514-18	BZ004	514	18	abitare	abitare	_	_	_	_	_	linguistic	_	none	_	_	_	_	_	_
514-19	BZ004	514	19	qua	qua	_	_	_	_	_	linguistic	_	none	_	_	_	_	_	_
514-20	BZ004	514	20	veramente,	veramente	_	_	_	_	_	linguistic	_	none	Intonation=WeaklyRising	End=1304.574	_	_	_	_
515-0	BZ004	515	0	mi	mi	_	_	_	_	_	linguistic	_	none	_	Begin=1304.784	_	_	_	_
515-1	BZ004	515	1	sono	sono	_	_	_	_	_	linguistic	_	none	_	_	_	_	_	_
515-2	BZ004	515	2	affezionata	affezionata	_	_	_	_	_	linguistic	_	none	_	_	_	_	_	_
515-3	BZ004	515	3	perché:	perché	_	_	_	_	_	linguistic	_	none	_	_	5x1	_	_	_
515-4	BZ004	515	4	eh	eh	_	_	_	_	_	linguistic	_	none	_	_	_	_	_	_
515-5	BZ004	515	5	è	è	_	_	_	_	_	linguistic	_	none	_	_	_	_	_	_
515-6	BZ004	515	6	una	una	_	_	_	_	_	linguistic	_	none	_	_	_	_	_	_
515-7	BZ004	515	7	signora	signora	_	_	_	_	_	linguistic	_	none	_	_	_	_	_	_
515-8	BZ004	515	8	che	che	_	_	_	_	_	linguistic	_	none	_	_	_	_	_	_
515-9	BZ004	515	9	veramente	veramente	_	_	_	_	_	linguistic	_	none	_	_	_	_	_	_
515-10	BZ004	515	10	guara,	guara	_	_	_	_	_	linguistic	_	none	Intonation=WeaklyRising|PauseAfter=Yes	_	_	_	_	_
515-11	BZ004	515	11	(.)	(.)	_	_	_	_	_	shortpause	_	none	_	_	_	_	_	_
515-12	BZ004	515	12	si	si	_	_	_	_	_	linguistic	_	none	_	_	_	_	_	_
515-13	BZ004	515	13	preoccupa	preoccupa	_	_	_	_	_	linguistic	_	none	_	_	_	_	_	_
515-14	BZ004	515	14	per	per	_	_	_	_	_	linguistic	_	none	_	_	_	_	_	_
515-15	BZ004	515	15	me	me	_	_	_	_	_	linguistic	_	none	_	_	_	_	_	_
515-16	BZ004	515	16	che	che	_	_	_	_	_	linguistic	_	none	_	_	_	_	_	_
515-17	BZ004	515	17	son	son	_	_	_	_	_	linguistic	_	none	_	_	_	_	_	_
515-18	BZ004	515	18	da	da	_	_	_	_	_	linguistic	_	none	_	_	_	_	_	_
515-19	BZ004	515	19	sola,	sola	_	_	_	_	_	linguistic	_	none	Intonation=WeaklyRising	_	_	_	_	_
515-20	BZ004	515	20	lei	lei	_	_	_	_	_	linguistic	_	none	_	_	_	_	_	_
515-21	BZ004	515	21	come	come	_	_	_	_	_	linguistic	_	none	_	_	_	_	_	_
515-22	BZ004	515	22	è	è	_	_	_	_	_	linguistic	_	none	_	_	_	_	_	_
515-23	BZ004	515	23	messa	messa	_	_	_	_	_	linguistic	_	none	_	_	_	_	_	_
515-24	BZ004	515	24	che	che	_	_	_	_	_	linguistic	_	none	_	_	_	_	_	_
515-25	BZ004	515	25	adesso	adesso	_	_	_	_	_	linguistic	_	none	_	_	_	_	_	_
515-26	BZ004	515	26	non:	non	_	_	_	_	_	linguistic	_	none	_	_	2x1	_	_	_
515-27	BZ004	515	27	non	non	_	_	_	_	_	linguistic	_	none	_	_	_	_	_	_
515-28	BZ004	515	28	parla	parla	_	_	_	_	_	linguistic	_	none	_	_	_	_	_	_
515-29	BZ004	515	29	più	più	_	_	_	_	_	linguistic	_	none	_	_	_	_	_	_
515-30	BZ004	515	30	no?	no	_	_	_	_	_	linguistic	_	none	Intonation=Rising	End=1314.87	_	_	_	_
516-0	BZ001	516	0	perché?	perché	_	_	_	_	_	linguistic	_	none	Intonation=Rising	Begin=1315.122|End=1315.622	_	_	_	_
517-0	BZ004	517	0	perché	perché	_	_	_	_	_	linguistic	_	none	_	Begin=1315.797	_	_	_	_
517-1	BZ004	517	1	è	è	_	_	_	_	_	linguistic	_	none	_	_	_	_	_	_
517-2	BZ004	517	2	stata	stata	_	_	_	_	_	linguistic	_	none	_	_	_	_	_	_
517-3	BZ004	517	3	operata	operata	_	_	_	_	_	linguistic	_	none	_	_	_	_	_	_
517-4	BZ004	517	4	di	di	_	_	_	_	_	linguistic	_	none	_	_	_	_	_	_
517-5	BZ004	517	5	tumore	tumore	_	_	_	_	_	linguistic	_	none	_	_	_	_	_	_
517-6	BZ004	517	6	no?	no	_	_	_	_	_	linguistic	_	none	Intonation=Rising	End=1317.7295	_	_	_	_
518-0	BZ001	518	0	mh	mh	_	_	_	_	_	linguistic	_	none	ProsodicLink=Yes	Begin=1317.7295	_	_	_	_
518-1	BZ001	518	1	mh.	mh	_	_	_	_	_	linguistic	_	none	Intonation=Falling	End=1318.092	_	_	_	_
519-0	BZ004	519	0	però	però	_	_	_	_	_	linguistic	_	none	_	Begin=1318.252	_	_	_	_
519-1	BZ004	519	1	la	la	_	_	_	_	_	linguistic	_	none	_	_	_	_	_	_
519-2	BZ004	519	2	vo-	vo-	_	_	_	_	_	linguistic	_	none	Interrupted=Yes	_	_	_	_	_
519-3	BZ004	519	3	ehm	ehm	_	_	_	_	_	linguistic	_	none	_	_	_	_	_	_
519-4	BZ004	519	4	si	si	_	_	_	_	_	linguistic	_	none	_	_	_	_	_	_
519-5	BZ004	519	5	preoccupa	preoccupa	_	_	_	_	_	linguistic	_	none	_	_	_	_	_	_
519-6	BZ004	519	6	perché	perché	_	_	_	_	_	linguistic	_	none	_	_	_	_	_	_
519-7	BZ004	519	7	dice	dice	_	_	_	_	_	linguistic	_	none	_	_	_	_	_	_
519-8	BZ004	519	8	che	che	_	_	_	_	_	linguistic	_	none	_	_	_	_	_	_
519-9	BZ004	519	9	io	io	_	_	_	_	_	linguistic	_	none	_	_	_	_	_	_
519-10	BZ004	519	10	sono	sono	_	_	_	_	_	linguistic	_	none	_	_	_	_	_	_
519-11	BZ004	519	11	da	da	_	_	_	_	_	linguistic	_	none	_	_	_	_	_	_
519-12	BZ004	519	12	sola,	sola	_	_	_	_	_	linguistic	_	none	Intonation=WeaklyRising	_	_	_	_	_
519-13	BZ004	519	13	ogni	ogni	_	_	_	_	_	linguistic	_	none	_	_	_	_	_	_
519-14	BZ004	519	14	tanto	tanto	_	_	_	_	_	linguistic	_	none	_	_	_	_	_	_
519-15	BZ004	519	15	viene	viene	_	_	_	_	_	linguistic	_	none	_	_	_	_	_	_
519-16	BZ004	519	16	a	a	_	_	_	_	_	linguistic	_	none	_	_	_	_	_	_
519-17	BZ004	519	17	vedere.	vedere	_	_	_	_	_	linguistic	_	none	Intonation=Falling	End=1323.182	_	_	_	_
520-0	BZ004	520	0	allora	allora	_	_	_	_	_	linguistic	_	none	_	Begin=1323.992	_	_	_	_
520-1	BZ004	520	1	mi	mi	_	_	_	_	_	linguistic	_	none	_	_	_	_	_	_
520-2	BZ004	520	2	scrive	scrive	_	_	_	_	_	linguistic	_	none	_	_	_	_	_	_
520-3	BZ004	520	3	perché	perché	_	_	_	_	_	linguistic	_	none	_	_	_	_	_	_
520-4	BZ004	520	4	non	non	_	_	_	_	_	linguistic	_	none	_	_	_	_	_	_
520-5	BZ004	520	5	può	può	_	_	_	_	_	linguistic	_	none	_	_	_	_	_	_
520-6	BZ004	520	6	parlare.	parlare	_	_	_	_	_	linguistic	_	none	Intonation=Falling	End=1326.112	_	_	_	_
521-0	BZ001	521	0	mh	mh	_	_	_	_	_	linguistic	_	none	ProsodicLink=Yes	Begin=1326.352	_	_	_	_
521-1	BZ001	521	1	mh	mh	_	_	_	_	_	linguistic	_	none	_	End=1326.782	_	_	_	_
522-0	BZ004	522	0	io	io	_	_	_	_	_	linguistic	_	none	_	Begin=1326.862	_	_	_	_
522-1	BZ004	522	1	parlo	parlo	_	_	_	_	_	linguistic	_	none	_	_	_	_	_	_
522-2	BZ004	522	2	e	e	_	_	_	_	_	linguistic	_	none	_	_	_	_	_	_
522-3	BZ004	522	3	lei	lei	_	_	_	_	_	linguistic	_	none	_	_	_	_	_	_
522-4	BZ004	522	4	scrive.	scrive	_	_	_	_	_	linguistic	_	none	Intonation=Falling	End=1328.502	_	_	_	_
523-0	BZ004	523	0	no	no	_	_	_	_	_	linguistic	_	none	_	Begin=1329.187	_	_	_	_
523-1	BZ004	523	1	è	è	_	_	_	_	_	linguistic	_	none	_	_	_	_	_	_
523-2	BZ004	523	2	una	una	_	_	_	_	_	linguistic	_	none	_	_	_	_	_	_
523-3	BZ004	523	3	signora	signora	_	_	_	_	_	linguistic	_	none	_	_	_	_	_	_
523-4	BZ004	523	4	molto	molto	_	_	_	_	_	linguistic	_	none	_	_	_	_	_	_
523-5	BZ004	523	5	molto	molto	_	_	_	_	_	linguistic	_	none	_	_	_	_	_	_
523-6	BZ004	523	6	molto	molto	_	_	_	_	_	linguistic	_	none	_	_	_	_	_	_
523-7	BZ004	523	7	gentile.	gentile	_	_	_	_	_	linguistic	_	none	Intonation=Falling	End=1332.057	_	_	_	_
524-0	BZ001	524	0	e	e	_	_	_	_	_	linguistic	_	none	_	Begin=1332.647	_	_	_	_
524-1	BZ001	524	1	anche	anche	_	_	_	_	_	linguistic	_	none	_	_	_	_	_	_
524-2	BZ001	524	2	lei	lei	_	_	_	_	_	linguistic	_	none	_	_	_	_	_	_
524-3	BZ001	524	3	allora	allora	_	_	_	_	_	linguistic	_	none	_	_	_	_	_	_
524-4	BZ001	524	4	essendo	essendo	_	_	_	_	_	linguistic	_	none	_	_	_	_	_	_
524-5	BZ001	524	5	circondata	circondata	_	_	_	_	_	linguistic	_	none	_	_	_	_	_	_
524-6	BZ001	524	6	da:	da	_	_	_	_	_	linguistic	_	none	_	_	1x1	_	_	_
524-7	BZ001	524	7	veneti	veneti	_	_	_	_	_	linguistic	_	none	_	_	_	_	_	_
524-8	BZ001	524	8	è	è	_	_	_	_	_	linguistic	_	none	_	_	_	_	_	_
524-9	BZ001	524	9	è	è	_	_	_	_	_	linguistic	_	none	_	_	_	_	_	_
524-10	BZ001	524	10	abituata	abituata	_	_	_	_	_	linguistic	_	none	_	_	_	_	_	_
524-11	BZ001	524	11	ormai	ormai	_	_	_	_	_	linguistic	_	none	_	_	_	_	_	_
524-12	BZ001	524	12	a	a	_	_	_	_	_	linguistic	_	none	_	_	_	_	_	_
524-13	BZ001	524	13	senti[re	sentire	_	_	_	_	_	linguistic	_	none	_	_	_	_	_	5-7(100)
524-14	BZ001	524	14	parlare],	parlare	_	_	_	_	_	linguistic	_	none	Intonation=WeaklyRising	End=1338.06	_	_	_	0-7(100)
525-0	BZ004	525	0	[sì.	sì	_	_	_	_	_	linguistic	_	none	Intonation=Falling	Begin=1337.238	_	_	_	0-2(100)
525-1	BZ004	525	1	è	è	_	_	_	_	_	linguistic	_	none	_	_	_	_	_	0-1(100)
525-2	BZ004	525	2	abitu]ata	abituata	_	_	_	_	_	linguistic	_	none	_	_	_	_	_	0-5(100)
525-3	BZ004	525	3	sicuro.	sicuro	_	_	_	_	_	linguistic	_	none	Intonation=Falling	End=1339.608	_	_	_	_
526-0	BZ001	526	0	ne	ne	_	_	_	_	_	linguistic	_	none	_	Begin=1339.728	_	_	_	_
526-1	BZ001	526	1	avete	avete	_	_	_	_	_	linguistic	_	none	_	_	_	_	_	_
526-2	BZ001	526	2	mai	mai	_	_	_	_	_	linguistic	_	none	_	_	_	_	_	_
526-3	BZ001	526	3	parlato	parlato	_	_	_	_	_	linguistic	_	none	_	_	_	_	_	_
526-4	BZ001	526	4	di	di	_	_	_	_	_	linguistic	_	none	_	_	_	_	_	_
526-5	BZ001	526	5	questo?	questo	_	_	_	_	_	linguistic	_	none	Intonation=Rising	End=1341.378	_	_	_	_
527-0	BZ004	527	0	[no:]	no	_	_	_	_	_	linguistic	_	none	_	Begin=1341.418	1x1	_	_	0-2(101)
527-1	BZ004	527	1	no.	no	_	_	_	_	_	linguistic	_	none	Intonation=Falling	End=1342.748	_	_	_	_
528-0	BZ001	528	0	[del-]	del-	_	_	_	_	_	linguistic	_	none	Interrupted=Yes	Begin=1341.548|End=1341.858	_	_	_	0-4(101)
529-0	BZ001	529	0	del	del	_	_	_	_	_	linguistic	_	none	_	Begin=1342.828	_	_	_	_
529-1	BZ001	529	1	tedesco	tedesco	_	_	_	_	_	linguistic	_	none	_	_	_	_	_	_
529-2	BZ001	529	2	[neanche]?	neanche	_	_	_	_	_	linguistic	_	none	Intonation=Rising	End=1343.968	_	_	_	0-7(102)
530-0	BZ004	530	0	[lei],	lei	_	_	_	_	_	linguistic	_	none	Intonation=WeaklyRising	Begin=1343.478	_	_	_	0-3(102)
530-1	BZ004	530	1	lei	lei	_	_	_	_	_	linguistic	_	none	_	_	_	_	_	_
530-2	BZ004	530	2	con	con	_	_	_	_	_	linguistic	_	none	_	_	_	_	_	_
530-3	BZ004	530	3	le	le	_	_	_	_	_	linguistic	_	none	_	_	_	_	_	_
530-4	BZ004	530	4	sue	sue	_	_	_	_	_	linguistic	_	none	_	_	_	_	_	_
530-5	BZ004	530	5	figlie	figlie	_	_	_	_	_	linguistic	_	none	_	_	_	_	_	_
530-6	BZ004	530	6	parla	parla	_	_	_	_	_	linguistic	_	none	_	_	_	_	_	_
530-7	BZ004	530	7	tedesco.	tedesco	_	_	_	_	_	linguistic	_	none	Intonation=Falling	End=1346.008	_	_	_	_
531-0	BZ001	531	0	mh	mh	_	_	_	_	_	linguistic	_	none	ProsodicLink=Yes	Begin=1346.008	_	_	_	_
531-1	BZ001	531	1	mh.	mh	_	_	_	_	_	linguistic	_	none	Intonation=Falling	End=1346.358	_	_	_	_
532-0	BZ004	532	0	parlano,	parlano	_	_	_	_	_	linguistic	_	none	Intonation=WeaklyRising	Begin=1347.398|End=1347.958	_	_	_	_
533-0	BZ004	533	0	tutti	tutti	_	_	_	_	_	linguistic	_	none	_	Begin=1348.223	_	_	_	_
533-1	BZ004	533	1	sanno	sanno	_	_	_	_	_	linguistic	_	none	_	_	_	_	_	_
533-2	BZ004	533	2	l'	l'	_	_	_	_	_	linguistic	_	none	SpaceAfter=No	_	_	_	_	_
533-3	BZ004	533	3	italiano	italiano	_	_	_	_	_	linguistic	_	none	_	_	_	_	_	_
533-4	BZ004	533	4	loro.	loro	_	_	_	_	_	linguistic	_	none	Intonation=Falling	End=1349.903	_	_	_	_
534-0	BZ001	534	0	certo.	certo	_	_	_	_	_	linguistic	_	none	Intonation=Falling	Begin=1349.908|End=1350.418	_	_	_	_
535-0	BZ004	535	0	è	è	_	_	_	_	_	linguistic	_	none	_	Begin=1350.498	_	_	_	_
535-1	BZ004	535	1	la	la	_	_	_	_	_	linguistic	_	none	_	_	_	_	_	_
535-2	BZ004	535	2	mamma	mamma	_	_	_	_	_	linguistic	_	none	_	_	_	_	_	_
535-3	BZ004	535	3	della	della	_	_	_	_	_	linguistic	_	none	_	_	_	_	_	_
535-4	BZ004	535	4	dalia.	dalia	_	_	_	_	_	linguistic	_	none	Intonation=Falling	End=1351.783	_	_	_	_
536-0	BZ001	536	0	sì	sì	_	_	_	_	_	linguistic	_	none	_	Begin=1351.783	_	_	_	_
536-1	BZ001	536	1	sì.	sì	_	_	_	_	_	linguistic	_	none	Intonation=Falling	End=1352.208	_	_	_	_
537-0	BZ004	537	0	eh	eh	_	_	_	_	_	linguistic	_	none	_	Begin=1352.248	_	_	_	_
537-1	BZ004	537	1	appunto.	appunto	_	_	_	_	_	linguistic	_	none	Intonation=Falling	End=1353.208	_	_	_	_
538-0	BZ004	538	0	poi	poi	_	_	_	_	_	linguistic	_	none	_	Begin=1353.433	_	_	_	_
538-1	BZ004	538	1	c'	c'	_	_	_	_	_	linguistic	_	none	SpaceAfter=No	_	_	_	_	_
538-2	BZ004	538	2	ha	ha	_	_	_	_	_	linguistic	_	none	_	_	_	_	_	_
538-3	BZ004	538	3	la:	la	_	_	_	_	_	linguistic	_	none	_	_	1x1	_	_	_
538-4	BZ004	538	4	bada-	bada-	_	_	_	_	_	linguistic	_	none	Interrupted=Yes	_	_	_	_	_
538-5	BZ004	538	5	lei	lei	_	_	_	_	_	linguistic	_	none	_	_	_	_	_	_
538-6	BZ004	538	6	c'	c'	_	_	_	_	_	linguistic	_	none	SpaceAfter=No	_	_	_	_	_
538-7	BZ004	538	7	ha	ha	_	_	_	_	_	linguistic	_	none	_	_	_	_	_	_
538-8	BZ004	538	8	la	la	_	_	_	_	_	linguistic	_	none	_	_	_	_	_	_
538-9	BZ004	538	9	badante	badante	_	_	_	_	_	linguistic	_	none	_	_	_	_	_	_
538-10	BZ004	538	10	giorno	giorno	_	_	_	_	_	linguistic	_	none	_	_	_	_	_	_
538-11	BZ004	538	11	e	e	_	_	_	_	_	linguistic	_	none	_	_	_	_	_	_
538-12	BZ004	538	12	notte	notte	_	_	_	_	_	linguistic	_	none	_	_	_	_	_	_
538-13	BZ004	538	13	perché,	perché	_	_	_	_	_	linguistic	_	none	Intonation=WeaklyRising	End=1357.073	_	_	_	_
539-0	BZ004	539	0	la-	la-	_	_	_	_	_	linguistic	_	none	Interrupted=Yes	Begin=1357.668	_	_	_	_
539-1	BZ004	539	1	sia	sia	_	_	_	_	_	linguistic	_	none	_	_	_	_	_	_
539-2	BZ004	539	2	lei	lei	_	_	_	_	_	linguistic	_	none	_	_	_	_	_	_
539-3	BZ004	539	3	che	che	_	_	_	_	_	linguistic	_	none	_	_	_	_	_	_
539-4	BZ004	539	4	la	la	_	_	_	_	_	linguistic	_	none	_	_	_	_	_	_
539-5	BZ004	539	5	dalia	dalia	_	_	_	_	_	linguistic	_	none	_	_	_	_	_	_
539-6	BZ004	539	6	hanno	hanno	_	_	_	_	_	linguistic	_	none	_	_	_	_	_	_
539-7	BZ004	539	7	bisogno,	bisogno	_	_	_	_	_	linguistic	_	none	Intonation=WeaklyRising	End=1360.098	_	_	_	_
540-0	BZ001	540	0	mh	mh	_	_	_	_	_	linguistic	_	none	ProsodicLink=Yes	Begin=1360.098	_	_	_	_
540-1	BZ001	540	1	mh.	mh	_	_	_	_	_	linguistic	_	none	Intonation=Falling	End=1360.378	_	_	_	_
541-0	BZ004	541	0	e	e	_	_	_	_	_	linguistic	_	none	_	Begin=1360.493	_	_	_	_
541-1	BZ004	541	1	la	la	_	_	_	_	_	linguistic	_	none	_	_	_	_	_	_
541-2	BZ004	541	2	badante	badante	_	_	_	_	_	linguistic	_	none	_	_	_	_	_	_
541-3	BZ004	541	3	viene	viene	_	_	_	_	_	linguistic	_	none	_	_	_	_	_	_
541-4	BZ004	541	4	dalla,	dalla	_	_	_	_	_	linguistic	_	none	Intonation=WeaklyRising|PauseAfter=Yes	_	_	_	_	_
541-5	BZ004	541	5	(.)	(.)	_	_	_	_	_	shortpause	_	none	_	_	_	_	_	_
541-6	BZ004	541	6	da	da	_	_	_	_	_	linguistic	_	none	_	_	_	_	_	_
541-7	BZ004	541	7	lontano	lontano	_	_	_	_	_	linguistic	_	none	_	End=1363.653	_	_	_	_
542-0	BZ004	542	0	dall'	dall'	_	_	_	_	_	linguistic	_	none	SpaceAfter=No	Begin=1364.238	_	_	_	_
542-1	BZ004	542	1	est.	est	_	_	_	_	_	linguistic	_	none	Intonation=Falling	End=1364.888	_	_	_	_
543-0	BZ001	543	0	mh	mh	_	_	_	_	_	linguistic	_	none	ProsodicLink=Yes	Begin=1365.198	_	_	_	_
543-1	BZ001	543	1	mh,	mh	_	_	_	_	_	linguistic	_	none	Intonation=WeaklyRising	End=1365.638	_	_	_	_
544-0	BZ004	544	0	no	no	_	_	_	_	_	linguistic	_	none	_	Begin=1366.063	_	_	_	_
544-1	BZ004	544	1	ungheri-	ungheri-	_	_	_	_	_	linguistic	_	none	Interrupted=Yes	_	_	_	_	_
544-2	BZ004	544	2	bulgaria.	bulgaria	_	_	_	_	_	linguistic	_	none	Intonation=Falling	End=1368.023	_	_	_	_
545-0	BZ001	545	0	ah	ah	_	_	_	_	_	linguistic	_	none	PauseAfter=Yes	Begin=1368.178	_	_	_	_
545-1	BZ001	545	1	(.)	(.)	_	_	_	_	_	shortpause	_	none	_	_	_	_	_	_
545-2	BZ001	545	2	ok[ay].	okay	_	_	_	_	_	linguistic	_	none	Intonation=Falling	End=1368.898	_	_	_	2-4(103)
546-0	BZ004	546	0	[dal]la	dalla	_	_	_	_	_	linguistic	_	none	_	Begin=1368.803	_	_	_	0-3(103)
546-1	BZ004	546	1	bulgaria,	bulgaria	_	_	_	_	_	linguistic	_	none	Intonation=WeaklyRising	End=1369.813	_	_	_	_
547-0	BZ004	547	0	e	e	_	_	_	_	_	linguistic	_	none	_	Begin=1370.093	_	_	_	_
547-1	BZ004	547	1	lei	lei	_	_	_	_	_	linguistic	_	none	_	_	_	_	_	_
547-2	BZ004	547	2	parla	parla	_	_	_	_	_	linguistic	_	none	_	_	_	_	_	_
547-3	BZ004	547	3	italiano.	italiano	_	_	_	_	_	linguistic	_	none	Intonation=Falling	End=1371.3854999999999	_	_	_	_
548-0	BZ001	548	0	mh	mh	_	_	_	_	_	linguistic	_	none	ProsodicLink=Yes	Begin=1371.3854999999999	_	_	_	_
548-1	BZ001	548	1	mh.	mh	_	_	_	_	_	linguistic	_	none	Intonation=Falling	End=1371.778	_	_	_	_
549-0	BZ004	549	0	parla	parla	_	_	_	_	_	linguistic	_	none	_	Begin=1372.463	_	_	_	_
549-1	BZ004	549	1	benissimo	benissimo	_	_	_	_	_	linguistic	_	none	_	_	_	_	_	_
549-2	BZ004	549	2	l'	l'	_	_	_	_	_	linguistic	_	none	SpaceAfter=No	_	_	_	_	_
549-3	BZ004	549	3	italiano.	italiano	_	_	_	_	_	linguistic	_	none	Intonation=Falling	_	_	_	_	_
549-4	BZ004	549	4	no	no	_	_	_	_	_	linguistic	_	none	_	_	_	_	_	_
549-5	BZ004	549	5	il	il	_	_	_	_	_	linguistic	_	none	_	_	_	_	_	_
549-6	BZ004	549	6	tedesco.	tedesco	_	_	_	_	_	linguistic	_	none	Intonation=Falling|PauseAfter=Yes	_	_	_	_	_
549-7	BZ004	549	7	(.)	(.)	_	_	_	_	_	shortpause	_	none	_	_	_	_	_	_
549-8	BZ004	549	8	parla	parla	_	_	_	_	_	linguistic	_	none	_	_	_	_	_	_
549-9	BZ004	549	9	benissimo	benissimo	_	_	_	_	_	linguistic	_	none	_	_	_	_	_	_
549-10	BZ004	549	10	l'	l'	_	_	_	_	_	linguistic	_	none	SpaceAfter=No	_	_	_	_	_
549-11	BZ004	549	11	italiano.	italiano	_	_	_	_	_	linguistic	_	none	Intonation=Falling	End=1376.313	_	_	_	_
550-0	BZ004	550	0	una	una	_	_	_	_	_	linguistic	_	none	_	Begin=1376.983	_	_	_	_
550-1	BZ004	550	1	bravissima	bravissima	_	_	_	_	_	linguistic	_	none	_	_	_	_	_	_
550-2	BZ004	550	2	persona	persona	_	_	_	_	_	linguistic	_	none	_	_	_	_	_	_
550-3	BZ004	550	3	anche	anche	_	_	_	_	_	linguistic	_	none	_	_	_	_	_	_
550-4	BZ004	550	4	quella.	quella	_	_	_	_	_	linguistic	_	none	Intonation=Falling	End=1378.963	_	_	_	_
551-0	BZ001	551	0	mh	mh	_	_	_	_	_	linguistic	_	none	ProsodicLink=Yes	Begin=1379.048	_	_	_	_
551-1	BZ001	551	1	mh.	mh	_	_	_	_	_	linguistic	_	none	Intonation=Falling	End=1379.348	_	_	_	_
552-0	BZ001	552	0	[hai	hai	_	_	_	_	_	linguistic	_	none	_	Begin=1379.623	_	_	_	0-3(104)
552-1	BZ001	552	1	conosciuto]?	conosciuto	_	_	_	_	_	linguistic	_	none	Intonation=Rising|PauseAfter=Yes	_	_	_	_	0-10(104)
552-2	BZ001	552	2	(.)	(.)	_	_	_	_	_	shortpause	_	none	_	_	_	_	_	_
552-3	BZ001	552	3	conosci	conosci	_	_	_	_	_	linguistic	_	none	_	_	_	_	_	_
552-4	BZ001	552	4	anche	anche	_	_	_	_	_	linguistic	_	none	_	_	_	_	_	_
552-5	BZ001	552	5	lei.	lei	_	_	_	_	_	linguistic	_	none	Intonation=Falling	End=1381.383	_	_	_	_
553-0	BZ004	553	0	[bravissima].	bravissima	_	_	_	_	_	linguistic	_	none	Intonation=Falling	Begin=1379.838|End=1380.508	_	_	_	0-10(104)
554-0	BZ004	554	0	bravissima	bravissima	_	_	_	_	_	linguistic	_	none	_	Begin=1381.808	_	_	_	_
554-1	BZ004	554	1	proprio	proprio	_	_	_	_	_	linguistic	_	none	_	_	_	_	_	_
554-2	BZ004	554	2	ha	ha	_	_	_	_	_	linguistic	_	none	_	_	_	_	_	_
554-3	BZ004	554	3	trovato	trovato	_	_	_	_	_	linguistic	_	none	_	_	_	_	_	_
554-4	BZ004	554	4	una	una	_	_	_	_	_	linguistic	_	none	_	_	_	_	_	_
554-5	BZ004	554	5	persona,	persona	_	_	_	_	_	linguistic	_	none	Intonation=WeaklyRising	End=1384.298	_	_	_	_
555-0	BZ004	555	0	quel	quel	_	_	_	_	_	linguistic	_	none	_	Begin=1385.868	_	_	_	_
555-1	BZ004	555	1	giorno	giorno	_	_	_	_	_	linguistic	_	none	_	_	_	_	_	_
555-2	BZ004	555	2	che	che	_	_	_	_	_	linguistic	_	none	_	_	_	_	_	_
555-3	BZ004	555	3	non	non	_	_	_	_	_	linguistic	_	none	_	_	_	_	_	_
555-4	BZ004	555	4	potevo	potevo	_	_	_	_	_	linguistic	_	none	_	_	_	_	_	_
555-5	BZ004	555	5	aprir	aprir	_	_	_	_	_	linguistic	_	none	_	_	_	_	_	_
555-6	BZ004	555	6	la	la	_	_	_	_	_	linguistic	_	none	_	_	_	_	_	_
555-7	BZ004	555	7	porta	porta	_	_	_	_	_	linguistic	_	none	_	_	_	_	_	_
555-8	BZ004	555	8	per	per	_	_	_	_	_	linguistic	_	none	_	_	_	_	_	_
555-9	BZ004	555	9	an-	an-	_	_	_	_	_	linguistic	_	none	Interrupted=Yes	_	_	_	_	_
555-10	BZ004	555	10	per	per	_	_	_	_	_	linguistic	_	none	_	_	_	_	_	_
555-11	BZ004	555	11	uscire	uscire	_	_	_	_	_	linguistic	_	none	_	_	_	_	_	_
555-12	BZ004	555	12	col	col	_	_	_	_	_	linguistic	_	none	_	_	_	_	_	_
555-13	BZ004	555	13	carrello,	carrello	_	_	_	_	_	linguistic	_	none	Intonation=WeaklyRising	End=1389.668	_	_	_	_
556-0	BZ004	556	0	perché	perché	_	_	_	_	_	linguistic	_	none	_	Begin=1390.213	_	_	_	_
556-1	BZ004	556	1	quella	quella	_	_	_	_	_	linguistic	_	none	_	_	_	_	_	_
556-2	BZ004	556	2	porta	porta	_	_	_	_	_	linguistic	_	none	_	_	_	_	_	_
556-3	BZ004	556	3	lì	lì	_	_	_	_	_	linguistic	_	none	_	_	_	_	_	_
556-4	BZ004	556	4	l'	l'	_	_	_	_	_	linguistic	_	none	SpaceAfter=No	_	_	_	_	_
556-5	BZ004	556	5	è	è	_	_	_	_	_	linguistic	_	none	_	_	_	_	_	_
556-6	BZ004	556	6	dura	dura	_	_	_	_	_	linguistic	_	none	_	_	_	_	_	_
556-7	BZ004	556	7	e:	e	_	_	_	_	_	linguistic	_	none	_	_	0x1	_	_	_
556-8	BZ004	556	8	e:	e	_	_	_	_	_	linguistic	_	none	_	_	0x1	_	_	_
556-9	BZ004	556	9	non	non	_	_	_	_	_	linguistic	_	none	_	_	_	_	_	_
556-10	BZ004	556	10	si	si	_	_	_	_	_	linguistic	_	none	_	_	_	_	_	_
556-11	BZ004	556	11	apre,	apre	_	_	_	_	_	linguistic	_	none	Intonation=WeaklyRising	End=1393.403	_	_	_	_
557-0	BZ001	557	0	>quando	quando	_	_	_	_	_	linguistic	_	none	_	Begin=1393.533	_	Fast=0-6(0)	_	_
557-1	BZ001	557	1	avevi	avevi	_	_	_	_	_	linguistic	_	none	_	_	_	Fast=0-5(0)	_	_
557-2	BZ001	557	2	male	male	_	_	_	_	_	linguistic	_	none	_	_	_	Fast=0-4(0)	_	_
557-3	BZ001	557	3	alla	alla	_	_	_	_	_	linguistic	_	none	_	_	_	Fast=0-4(0)	_	_
557-4	BZ001	557	4	mano<?	mano	_	_	_	_	_	linguistic	_	none	Intonation=Rising	End=1394.543	_	Fast=0-4(0)	_	_
558-0	BZ004	558	0	sì.	sì	_	_	_	_	_	linguistic	_	none	Intonation=Falling	Begin=1395.413|End=1395.833	_	_	_	_
559-0	BZ001	559	0	mh	mh	_	_	_	_	_	linguistic	_	none	ProsodicLink=Yes	Begin=1395.838	_	_	_	_
559-1	BZ001	559	1	[mh]	mh	_	_	_	_	_	linguistic	_	none	_	End=1396.27	_	_	_	0-2(105)
560-0	BZ004	560	0	[ma	ma	_	_	_	_	_	linguistic	_	none	_	Begin=1396.03	_	_	_	0-2(105)
560-1	BZ004	560	1	poi]	poi	_	_	_	_	_	linguistic	_	none	_	_	_	_	_	0-3(105)
560-2	BZ004	560	2	io	io	_	_	_	_	_	linguistic	_	none	_	_	_	_	_	_
560-3	BZ004	560	3	avevo	avevo	_	_	_	_	_	linguistic	_	none	_	_	_	_	_	_
560-4	BZ004	560	4	telefonato,	telefonato	_	_	_	_	_	linguistic	_	none	Intonation=WeaklyRising	_	_	_	_	_
560-5	BZ004	560	5	eh	eh	_	_	_	_	_	linguistic	_	none	_	_	_	_	_	_
560-6	BZ004	560	6	l'	l'	_	_	_	_	_	linguistic	_	none	SpaceAfter=No	_	_	_	_	_
560-7	BZ004	560	7	hanno	hanno	_	_	_	_	_	linguistic	_	none	_	_	_	_	_	_
560-8	BZ004	560	8	t-	t-	_	_	_	_	_	linguistic	_	none	Interrupted=Yes	_	_	_	_	_
560-9	BZ004	560	9	è	è	_	_	_	_	_	linguistic	_	none	_	_	_	_	_	_
560-10	BZ004	560	10	ancora	ancora	_	_	_	_	_	linguistic	_	none	_	_	_	_	_	_
560-11	BZ004	560	11	peggio	peggio	_	_	_	_	_	linguistic	_	none	_	_	_	_	_	_
560-12	BZ004	560	12	di	di	_	_	_	_	_	linguistic	_	none	_	_	_	_	_	_
560-13	BZ004	560	13	prima	prima	_	_	_	_	_	linguistic	_	none	_	_	_	_	_	_
560-14	BZ004	560	14	no?	no	_	_	_	_	_	linguistic	_	none	Intonation=Rising	End=1400.048	_	_	_	_
561-0	BZ004	561	0	allora	allora	_	_	_	_	_	linguistic	_	none	_	Begin=1400.383	_	_	_	_
561-1	BZ004	561	1	adesso	adesso	_	_	_	_	_	linguistic	_	none	_	_	_	_	_	_
561-2	BZ004	561	2	ci	ci	_	_	_	_	_	linguistic	_	none	_	_	_	_	_	_
561-3	BZ004	561	3	ci	ci	_	_	_	_	_	linguistic	_	none	_	_	_	_	_	_
561-4	BZ004	561	4	mettono	mettono	_	_	_	_	_	linguistic	_	none	_	_	_	_	_	_
561-5	BZ004	561	5	un	un	_	_	_	_	_	linguistic	_	none	_	_	_	_	_	_
561-6	BZ004	561	6	tappino.	tappino	_	_	_	_	_	linguistic	_	none	Intonation=Falling	End=1402.493	_	_	_	_
562-0	BZ004	562	0	quando	quando	_	_	_	_	_	linguistic	_	none	_	Begin=1403.433	_	_	_	_
562-1	BZ004	562	1	non	non	_	_	_	_	_	linguistic	_	none	_	_	_	_	_	_
562-2	BZ004	562	2	c'	c'	_	_	_	_	_	linguistic	_	none	SpaceAfter=No	_	_	_	_	_
562-3	BZ004	562	3	è	è	_	_	_	_	_	linguistic	_	none	_	_	_	_	_	_
562-4	BZ004	562	4	il	il	_	_	_	_	_	linguistic	_	none	_	_	_	_	_	_
562-5	BZ004	562	5	tappino,	tappino	_	_	_	_	_	linguistic	_	none	Intonation=WeaklyRising	_	_	_	_	_
562-6	BZ004	562	6	quella	quella	_	_	_	_	_	linguistic	_	none	_	_	_	_	_	_
562-7	BZ004	562	7	mattina	mattina	_	_	_	_	_	linguistic	_	none	_	_	_	_	_	_
562-8	BZ004	562	8	lì	lì	_	_	_	_	_	linguistic	_	none	_	_	_	_	_	_
562-9	BZ004	562	9	non	non	_	_	_	_	_	linguistic	_	none	_	_	_	_	_	_
562-10	BZ004	562	10	c'	c'	_	_	_	_	_	linguistic	_	none	SpaceAfter=No	_	_	_	_	_
562-11	BZ004	562	11	era	era	_	_	_	_	_	linguistic	_	none	_	_	_	_	_	_
562-12	BZ004	562	12	il	il	_	_	_	_	_	linguistic	_	none	_	_	_	_	_	_
562-13	BZ004	562	13	tappino.	tappino	_	_	_	_	_	linguistic	_	none	Intonation=Falling	End=1406.843	_	_	_	_
563-0	BZ004	563	0	si	si	_	_	_	_	_	linguistic	_	none	_	Begin=1407.113	_	_	_	_
563-1	BZ004	563	1	vede	vede	_	_	_	_	_	linguistic	_	none	_	_	_	_	_	_
563-2	BZ004	563	2	che	che	_	_	_	_	_	linguistic	_	none	_	_	_	_	_	_
563-3	BZ004	563	3	non	non	_	_	_	_	_	linguistic	_	none	_	_	_	_	_	_
563-4	BZ004	563	4	era	era	_	_	_	_	_	linguistic	_	none	_	_	_	_	_	_
563-5	BZ004	563	5	uscito	uscito	_	_	_	_	_	linguistic	_	none	_	_	_	_	_	_
563-6	BZ004	563	6	nessuno	nessuno	_	_	_	_	_	linguistic	_	none	_	_	_	_	_	_
563-7	BZ004	563	7	perché	perché	_	_	_	_	_	linguistic	_	none	_	_	_	_	_	_
563-8	BZ004	563	8	non	non	_	_	_	_	_	linguistic	_	none	_	_	_	_	_	_
563-9	BZ004	563	9	sono	sono	_	_	_	_	_	linguistic	_	none	_	_	_	_	_	_
563-10	BZ004	563	10	mica	mica	_	_	_	_	_	linguistic	_	none	_	_	_	_	_	_
563-11	BZ004	563	11	io	io	_	_	_	_	_	linguistic	_	none	_	_	_	_	_	_
563-12	BZ004	563	12	sola	sola	_	_	_	_	_	linguistic	_	none	_	_	_	_	_	_
563-13	BZ004	563	13	col	col	_	_	_	_	_	linguistic	_	none	_	_	_	_	_	_
563-14	BZ004	563	14	carrello	carrello	_	_	_	_	_	linguistic	_	none	_	_	_	_	_	_
563-15	BZ004	563	15	ma	ma	_	_	_	_	_	linguistic	_	none	_	_	_	_	_	_
563-16	BZ004	563	16	ghe	ghe	_	_	_	_	_	linguistic	_	none	_	_	_	_	_	_
563-17	BZ004	563	17	n'	n'	_	_	_	_	_	linguistic	_	none	SpaceAfter=No	_	_	_	_	_
563-18	BZ004	563	18	è	è	_	_	_	_	_	linguistic	_	none	_	_	_	_	_	_
563-19	BZ004	563	19	sette	sette	_	_	_	_	_	linguistic	_	none	_	_	_	_	_	_
563-20	BZ004	563	20	otto,	otto	_	_	_	_	_	linguistic	_	none	Intonation=WeaklyRising	End=1412.183	_	_	_	_
564-0	BZ004	564	0	ecco.	ecco	_	_	_	_	_	linguistic	_	none	Intonation=Falling	Begin=1412.453|End=1412.963	_	_	_	_
565-0	BZ004	565	0	allora	allora	_	_	_	_	_	linguistic	_	none	_	Begin=1413.303	_	_	_	_
565-1	BZ004	565	1	cosa	cosa	_	_	_	_	_	linguistic	_	none	_	_	_	_	_	_
565-2	BZ004	565	2	ho	ho	_	_	_	_	_	linguistic	_	none	_	_	_	_	_	_
565-3	BZ004	565	3	fatto?	fatto	_	_	_	_	_	linguistic	_	none	Intonation=Rising	_	_	_	_	_
565-4	BZ004	565	4	son	son	_	_	_	_	_	linguistic	_	none	_	_	_	_	_	_
565-5	BZ004	565	5	tornata	tornata	_	_	_	_	_	linguistic	_	none	_	_	_	_	_	_
565-6	BZ004	565	6	di	di	_	_	_	_	_	linguistic	_	none	_	_	_	_	_	_
565-7	BZ004	565	7	ritorno,	ritorno	_	_	_	_	_	linguistic	_	none	Intonation=WeaklyRising	_	_	_	_	_
565-8	BZ004	565	8	ho	ho	_	_	_	_	_	linguistic	_	none	_	_	_	_	_	_
565-9	BZ004	565	9	chiamato	chiamato	_	_	_	_	_	linguistic	_	none	_	_	_	_	_	_
565-10	BZ004	565	10	la	la	_	_	_	_	_	linguistic	_	none	_	_	_	_	_	_
565-11	BZ004	565	11	signora,	signora	_	_	_	_	_	linguistic	_	none	Intonation=WeaklyRising|PauseAfter=Yes	_	_	_	_	_
565-12	BZ004	565	12	(.)	(.)	_	_	_	_	_	shortpause	_	none	_	_	_	_	_	_
565-13	BZ004	565	13	se	se	_	_	_	_	_	linguistic	_	none	_	_	_	_	_	_
565-14	BZ004	565	14	per	per	_	_	_	_	_	linguistic	_	none	_	_	_	_	_	_
565-15	BZ004	565	15	favore	favore	_	_	_	_	_	linguistic	_	none	_	_	_	_	_	_
565-16	BZ004	565	16	mi	mi	_	_	_	_	_	linguistic	_	none	_	_	_	_	_	_
565-17	BZ004	565	17	viene	viene	_	_	_	_	_	linguistic	_	none	_	_	_	_	_	_
565-18	BZ004	565	18	a	a	_	_	_	_	_	linguistic	_	none	_	_	_	_	_	_
565-19	BZ004	565	19	a	a	_	_	_	_	_	linguistic	_	none	_	_	_	_	_	_
565-20	BZ004	565	20	tenere	tenere	_	_	_	_	_	linguistic	_	none	_	_	_	_	_	_
565-21	BZ004	565	21	la	la	_	_	_	_	_	linguistic	_	none	_	_	_	_	_	_
565-22	BZ004	565	22	porta.	porta	_	_	_	_	_	linguistic	_	none	Intonation=Falling	_	_	_	_	_
565-23	BZ004	565	23	ma	ma	_	_	_	_	_	linguistic	_	none	_	_	_	_	_	_
565-24	BZ004	565	24	signora	signora	_	_	_	_	_	linguistic	_	none	_	_	_	_	_	_
565-25	BZ004	565	25	ma	ma	_	_	_	_	_	linguistic	_	none	_	_	_	_	_	_
565-26	BZ004	565	26	senz'	senz'	_	_	_	_	_	linguistic	_	none	SpaceAfter=No	_	_	_	_	_
565-27	BZ004	565	27	altro,	altro	_	_	_	_	_	linguistic	_	none	Intonation=WeaklyRising|PauseAfter=Yes	_	_	_	_	_
565-28	BZ004	565	28	(.)	(.)	_	_	_	_	_	shortpause	_	none	_	_	_	_	_	_
565-29	BZ004	565	29	quando	quando	_	_	_	_	_	linguistic	_	none	_	_	_	_	_	_
565-30	BZ004	565	30	ritorna,	ritorna	_	_	_	_	_	linguistic	_	none	Intonation=WeaklyRising	_	_	_	_	_
565-31	BZ004	565	31	dice,	dice	_	_	_	_	_	linguistic	_	none	Intonation=WeaklyRising	_	_	_	_	_
565-32	BZ004	565	32	guardi	guardi	_	_	_	_	_	linguistic	_	none	_	_	_	_	_	_
565-33	BZ004	565	33	m-	m-	_	_	_	_	_	linguistic	_	none	Interrupted=Yes	_	_	_	_	_
565-34	BZ004	565	34	mi	mi	_	_	_	_	_	linguistic	_	none	_	_	_	_	_	_
565-35	BZ004	565	35	chiami	chiami	_	_	_	_	_	linguistic	_	none	_	_	_	_	_	_
565-36	BZ004	565	36	che	che	_	_	_	_	_	linguistic	_	none	_	_	_	_	_	_
565-37	BZ004	565	37	vengo	vengo	_	_	_	_	_	linguistic	_	none	_	_	_	_	_	_
565-38	BZ004	565	38	giù.	giù	_	_	_	_	_	linguistic	_	none	Intonation=Falling|PauseAfter=Yes	_	_	_	_	_
565-39	BZ004	565	39	(.)	(.)	_	_	_	_	_	shortpause	_	none	_	_	_	_	_	_
565-40	BZ004	565	40	invece	invece	_	_	_	_	_	linguistic	_	none	_	_	_	_	_	_
565-41	BZ004	565	41	dopo	dopo	_	_	_	_	_	linguistic	_	none	_	_	_	_	_	_
565-42	BZ004	565	42	quando	quando	_	_	_	_	_	linguistic	_	none	_	_	_	_	_	_
565-43	BZ004	565	43	son	son	_	_	_	_	_	linguistic	_	none	_	_	_	_	_	_
565-44	BZ004	565	44	ritornata	ritornata	_	_	_	_	_	linguistic	_	none	_	_	_	_	_	_
565-45	BZ004	565	45	era	era	_	_	_	_	_	linguistic	_	none	PauseAfter=Yes	_	_	_	_	_
565-46	BZ004	565	46	(.)	(.)	_	_	_	_	_	shortpause	_	none	_	_	_	_	_	_
565-47	BZ004	565	47	c'	c'	_	_	_	_	_	linguistic	_	none	SpaceAfter=No	_	_	_	_	_
565-48	BZ004	565	48	era	era	_	_	_	_	_	linguistic	_	none	_	_	_	_	_	_
565-49	BZ004	565	49	dell'	dell'	_	_	_	_	_	linguistic	_	none	SpaceAfter=No	_	_	_	_	_
565-50	BZ004	565	50	altra	altra	_	_	_	_	_	linguistic	_	none	_	_	_	_	_	_
565-51	BZ004	565	51	gente,	gente	_	_	_	_	_	linguistic	_	none	Intonation=WeaklyRising	End=1429.4	_	_	_	_
566-0	BZ004	566	0	che	che	_	_	_	_	_	linguistic	_	none	_	Begin=1429.77	_	_	_	_
566-1	BZ004	566	1	aveva	aveva	_	_	_	_	_	linguistic	_	none	_	_	_	_	_	_
566-2	BZ004	566	2	aperto	aperto	_	_	_	_	_	linguistic	_	none	_	_	_	_	_	_
566-3	BZ004	566	3	la	la	_	_	_	_	_	linguistic	_	none	_	_	_	_	_	_
566-4	BZ004	566	4	porta.	porta	_	_	_	_	_	linguistic	_	none	Intonation=Falling	End=1431.16	_	_	_	_
567-0	BZ001	567	0	mh	mh	_	_	_	_	_	linguistic	_	none	ProsodicLink=Yes	Begin=1431.35	_	_	_	_
567-1	BZ001	567	1	mh.	mh	_	_	_	_	_	linguistic	_	none	Intonation=Falling	End=1431.76	_	_	_	_
568-0	BZ004	568	0	no	no	_	_	_	_	_	linguistic	_	none	_	Begin=1431.78	_	_	_	_
568-1	BZ004	568	1	no	no	_	_	_	_	_	linguistic	_	none	_	_	_	_	_	_
568-2	BZ004	568	2	l'	l'	_	_	_	_	_	linguistic	_	none	SpaceAfter=No	_	_	_	_	_
568-3	BZ004	568	3	è	è	_	_	_	_	_	linguistic	_	none	_	_	_	_	_	_
568-4	BZ004	568	4	sempre	sempre	_	_	_	_	_	linguistic	_	none	_	_	_	_	_	_
568-5	BZ004	568	5	dura	dura	_	_	_	_	_	linguistic	_	none	_	_	_	_	_	_
568-6	BZ004	568	6	che	che	_	_	_	_	_	linguistic	_	none	_	_	_	_	_	_
568-7	BZ004	568	7	no-	no-	_	_	_	_	_	linguistic	_	none	Interrupted=Yes	_	_	_	_	_
568-8	BZ004	568	8	che	che	_	_	_	_	_	linguistic	_	none	_	_	_	_	_	_
568-9	BZ004	568	9	non	non	_	_	_	_	_	linguistic	_	none	_	_	_	_	_	_
568-10	BZ004	568	10	te	te	_	_	_	_	_	linguistic	_	none	_	_	_	_	_	_
568-11	BZ004	568	11	digo.	digo	_	_	_	_	_	linguistic	_	none	Intonation=Falling	End=1434.1	_	_	_	_
569-0	BZ001	569	0	eh	eh	_	_	_	_	_	linguistic	_	none	_	Begin=1434.335	_	_	_	_
569-1	BZ001	569	1	sì	sì	_	_	_	_	_	linguistic	_	none	_	_	_	_	_	_
569-2	BZ001	569	2	è	è	_	_	_	_	_	linguistic	_	none	_	_	_	_	_	_
569-3	BZ001	569	3	è:	è	_	_	_	_	_	linguistic	_	none	_	_	0x1	_	_	_
569-4	BZ001	569	4	[difficile]	difficile	_	_	_	_	_	linguistic	_	none	_	End=1435.51	_	_	_	0-9(106)
570-0	BZ004	570	0	[non	non	_	_	_	_	_	linguistic	_	none	_	Begin=1435.165	_	_	_	0-3(106)
570-1	BZ004	570	1	riesci]	riesci	_	_	_	_	_	linguistic	_	none	_	_	_	_	_	0-6(106)
570-2	BZ004	570	2	co	co	_	_	_	_	_	linguistic	_	none	_	_	_	_	_	_
570-3	BZ004	570	3	un	un	_	_	_	_	_	linguistic	_	none	_	_	_	_	_	_
570-4	BZ004	570	4	carrello,	carrello	_	_	_	_	_	linguistic	_	none	Intonation=WeaklyRising|PauseAfter=Yes	_	_	_	_	_
570-5	BZ004	570	5	(.)	(.)	_	_	_	_	_	shortpause	_	none	_	_	_	_	_	_
570-6	BZ004	570	6	[tirare]	tirare	_	_	_	_	_	linguistic	_	none	_	_	_	_	_	0-6(107)
570-7	BZ004	570	7	e	e	_	_	_	_	_	linguistic	_	none	_	_	_	_	_	_
570-8	BZ004	570	8	anche	anche	_	_	_	_	_	linguistic	_	none	_	_	_	_	_	_
570-9	BZ004	570	9	col	col	_	_	_	_	_	linguistic	_	none	_	_	_	_	_	_
570-10	BZ004	570	10	carre-	carre-	_	_	_	_	_	linguistic	_	none	Interrupted=Yes|PauseAfter=Yes	_	_	_	_	_
570-11	BZ004	570	11	(.)	(.)	_	_	_	_	_	shortpause	_	none	_	_	_	_	_	_
570-12	BZ004	570	12	io	io	_	_	_	_	_	linguistic	_	none	_	_	_	_	_	_
570-13	BZ004	570	13	a	a	_	_	_	_	_	linguistic	_	none	_	_	_	_	_	_
570-14	BZ004	570	14	a	a	_	_	_	_	_	linguistic	_	none	_	_	_	_	_	_
570-15	BZ004	570	15	m-	m-	_	_	_	_	_	linguistic	_	none	Interrupted=Yes	_	_	_	_	_
570-16	BZ004	570	16	mh	mh	_	_	_	_	_	linguistic	_	none	_	_	_	_	_	_
570-17	BZ004	570	17	passo	passo	_	_	_	_	_	linguistic	_	none	_	_	_	_	_	_
570-18	BZ004	570	18	a	a	_	_	_	_	_	linguistic	_	none	_	_	_	_	_	_
570-19	BZ004	570	19	malapena	malapena	_	_	_	_	_	linguistic	_	none	_	_	_	_	_	_
570-20	BZ004	570	20	quando	quando	_	_	_	_	_	linguistic	_	none	_	_	_	_	_	_
570-21	BZ004	570	21	vado	vado	_	_	_	_	_	linguistic	_	none	_	_	_	_	_	_
570-22	BZ004	570	22	a	a	_	_	_	_	_	linguistic	_	none	_	_	_	_	_	_
570-23	BZ004	570	23	portar	portar	_	_	_	_	_	linguistic	_	none	_	_	_	_	_	_
570-24	BZ004	570	24	già	già	_	_	_	_	_	linguistic	_	none	_	_	_	_	_	_
570-25	BZ004	570	25	le	le	_	_	_	_	_	linguistic	_	none	_	_	_	_	_	_
570-26	BZ004	570	26	immondizie,	immondizie	_	_	_	_	_	linguistic	_	none	Intonation=WeaklyRising	End=1443.145	_	_	_	_
571-0	BZ001	571	0	[mh].	mh	_	_	_	_	_	linguistic	_	none	Intonation=Falling	Begin=1436.995|End=1437.315	_	_	_	0-2(107)
572-0	BZ004	572	0	passo	passo	_	_	_	_	_	linguistic	_	none	_	Begin=1443.69	_	_	_	_
572-1	BZ004	572	1	io.	io	_	_	_	_	_	linguistic	_	none	Intonation=Falling	End=1444.63	_	_	_	_
573-0	BZ001	573	0	eh.	eh	_	_	_	_	_	linguistic	_	none	Intonation=Falling	Begin=1445.445|End=1445.765	_	_	_	_
574-0	BZ001	574	0	sì	sì	_	_	_	_	_	linguistic	_	none	_	Begin=1446.5	_	_	_	_
574-1	BZ001	574	1	[sì].	sì	_	_	_	_	_	linguistic	_	none	Intonation=Falling	End=1447.18	_	_	_	0-2(108)
575-0	BZ004	575	0	[apro],	apro	_	_	_	_	_	linguistic	_	none	Intonation=WeaklyRising|PauseAfter=Yes	Begin=1446.625	_	_	_	0-4(108)
575-1	BZ004	575	1	(.)	(.)	_	_	_	_	_	shortpause	_	none	_	_	_	_	_	_
575-2	BZ004	575	2	passo	passo	_	_	_	_	_	linguistic	_	none	_	_	_	_	_	_
575-3	BZ004	575	3	io	io	_	_	_	_	_	linguistic	_	none	_	_	_	_	_	_
575-4	BZ004	575	4	te	te	_	_	_	_	_	linguistic	_	none	_	_	_	_	_	_
575-5	BZ004	575	5	la	la	_	_	_	_	_	linguistic	_	none	_	_	_	_	_	_
575-6	BZ004	575	6	te	te	_	_	_	_	_	linguistic	_	none	_	_	_	_	_	_
575-7	BZ004	575	7	se	se	_	_	_	_	_	linguistic	_	none	_	_	_	_	_	_
575-8	BZ004	575	8	chiude	chiude	_	_	_	_	_	linguistic	_	none	_	_	_	_	_	_
575-9	BZ004	575	9	de	de	_	_	_	_	_	linguistic	_	none	_	_	_	_	_	_
575-10	BZ004	575	10	drio,	drio	_	_	_	_	_	linguistic	_	none	Intonation=WeaklyRising|PauseAfter=Yes	_	_	_	_	_
575-11	BZ004	575	11	(.)	(.)	_	_	_	_	_	shortpause	_	none	_	_	_	_	_	_
575-12	BZ004	575	12	poi	poi	_	_	_	_	_	linguistic	_	none	_	_	_	_	_	_
575-13	BZ004	575	13	la	la	_	_	_	_	_	linguistic	_	none	_	_	_	_	_	_
575-14	BZ004	575	14	te	te	_	_	_	_	_	linguistic	_	none	_	_	_	_	_	_
575-15	BZ004	575	15	dà	dà	_	_	_	_	_	linguistic	_	none	_	_	_	_	_	_
575-16	BZ004	575	16	un	un	_	_	_	_	_	linguistic	_	none	_	_	_	_	_	_
575-17	BZ004	575	17	colpo	colpo	_	_	_	_	_	linguistic	_	none	_	_	_	_	_	_
575-18	BZ004	575	18	vara	vara	_	_	_	_	_	linguistic	_	none	_	_	_	_	_	_
575-19	BZ004	575	19	che	che	_	_	_	_	_	linguistic	_	none	_	End=1451.625	_	_	_	_
576-0	BZ004	576	0	però:	però	_	_	_	_	_	linguistic	_	none	_	Begin=1452.43	3x1	_	_	_
576-1	BZ004	576	1	telefonare	telefonare	_	_	_	_	_	linguistic	_	none	_	_	_	_	_	_
576-2	BZ004	576	2	fanno	fanno	_	_	_	_	_	linguistic	_	none	_	_	_	_	_	_
576-3	BZ004	576	3	una	una	_	_	_	_	_	linguistic	_	none	_	_	_	_	_	_
576-4	BZ004	576	4	fatica,	fatica	_	_	_	_	_	linguistic	_	none	Intonation=WeaklyRising	_	_	_	_	_
576-5	BZ004	576	5	io	io	_	_	_	_	_	linguistic	_	none	_	_	_	_	_	_
576-6	BZ004	576	6	ho	ho	_	_	_	_	_	linguistic	_	none	_	_	_	_	_	_
576-7	BZ004	576	7	telefonato.	telefonato	_	_	_	_	_	linguistic	_	none	Intonation=Falling	End=1456.24	_	_	_	_
577-0	BZ004	577	0	quella	quella	_	_	_	_	_	linguistic	_	none	_	Begin=1456.78	_	_	_	_
577-1	BZ004	577	1	volta	volta	_	_	_	_	_	linguistic	_	none	_	_	_	_	_	_
577-2	BZ004	577	2	lì,	lì	_	_	_	_	_	linguistic	_	none	Intonation=WeaklyRising|PauseAfter=Yes	_	_	_	_	_
577-3	BZ004	577	3	(.)	(.)	_	_	_	_	_	shortpause	_	none	_	_	_	_	_	_
577-4	BZ004	577	4	poi	poi	_	_	_	_	_	linguistic	_	none	_	_	_	_	_	_
577-5	BZ004	577	5	ho	ho	_	_	_	_	_	linguistic	_	none	_	_	_	_	_	_
577-6	BZ004	577	6	telefonato	telefonato	_	_	_	_	_	linguistic	_	none	_	_	_	_	_	_
577-7	BZ004	577	7	un'	un'	_	_	_	_	_	linguistic	_	none	SpaceAfter=No	_	_	_	_	_
577-8	BZ004	577	8	altra	altra	_	_	_	_	_	linguistic	_	none	_	_	_	_	_	_
577-9	BZ004	577	9	volta,	volta	_	_	_	_	_	linguistic	_	none	Intonation=WeaklyRising	_	_	_	_	_
577-10	BZ004	577	10	adesso	adesso	_	_	_	_	_	linguistic	_	none	_	_	_	_	_	_
577-11	BZ004	577	11	t-	t-	_	_	_	_	_	linguistic	_	none	Interrupted=Yes	_	_	_	_	_
577-12	BZ004	577	12	eh	eh	_	_	_	_	_	linguistic	_	none	_	_	_	_	_	_
577-13	BZ004	577	13	m'	m'	_	_	_	_	_	linguistic	_	none	SpaceAfter=No	_	_	_	_	_
577-14	BZ004	577	14	ha	ha	_	_	_	_	_	linguistic	_	none	_	_	_	_	_	_
577-15	BZ004	577	15	detto	detto	_	_	_	_	_	linguistic	_	none	_	_	_	_	_	_
577-16	BZ004	577	16	persin	persin	_	_	_	_	_	linguistic	_	none	_	_	_	_	_	_
577-17	BZ004	577	17	to	to	_	_	_	_	_	linguistic	_	none	_	_	_	_	_	_
577-18	BZ004	577	18	papà	papà	_	_	_	_	_	linguistic	_	none	_	_	_	_	_	_
577-19	BZ004	577	19	che	che	_	_	_	_	_	linguistic	_	none	_	_	_	_	_	_
577-20	BZ004	577	20	'l	'l	_	_	_	_	_	linguistic	_	none	Truncated=Yes	_	_	_	_	_
577-21	BZ004	577	21	ghe	ghe	_	_	_	_	_	linguistic	_	none	_	_	_	_	_	_
577-22	BZ004	577	22	telefona	telefona	_	_	_	_	_	linguistic	_	none	_	_	_	_	_	_
577-23	BZ004	577	23	lu	lu	_	_	_	_	_	linguistic	_	none	PauseAfter=Yes	_	_	_	_	_
577-24	BZ004	577	24	(.)	(.)	_	_	_	_	_	shortpause	_	none	_	_	_	_	_	_
577-25	BZ004	577	25	a	a	_	_	_	_	_	linguistic	_	none	ProsodicLink=Yes	_	_	_	_	_
577-26	BZ004	577	26	a	a	_	_	_	_	_	linguistic	_	none	_	_	_	_	_	_
577-27	BZ004	577	27	all'	all'	_	_	_	_	_	linguistic	_	none	SpaceAfter=No	_	_	_	_	_
577-28	BZ004	577	28	amministratore.	amministratore	_	_	_	_	_	linguistic	_	none	Intonation=Falling	End=1464.86	_	_	_	_
578-0	BZ001	578	0	perché	perché	_	_	_	_	_	linguistic	_	none	_	Begin=1466.155	_	_	_	_
578-1	BZ001	578	1	voglio	voglio	_	_	_	_	_	linguistic	_	none	_	_	_	_	_	_
578-2	BZ001	578	2	dire	dire	_	_	_	_	_	linguistic	_	none	_	_	_	_	_	_
578-3	BZ001	578	3	in	in	_	_	_	_	_	linguistic	_	none	_	_	_	_	_	_
578-4	BZ001	578	4	un	un	_	_	_	_	_	linguistic	_	none	_	_	_	_	_	_
578-5	BZ001	578	5	condominio	condominio	_	_	_	_	_	linguistic	_	none	_	_	_	_	_	_
578-6	BZ001	578	6	pieno	pieno	_	_	_	_	_	linguistic	_	none	_	_	_	_	_	_
578-7	BZ001	578	7	di	di	_	_	_	_	_	linguistic	_	none	_	_	_	_	_	_
578-8	BZ001	578	8	anziani	anziani	_	_	_	_	_	linguistic	_	none	_	_	_	_	_	_
578-9	BZ001	578	9	è	è	_	_	_	_	_	linguistic	_	none	_	_	_	_	_	_
578-10	BZ001	578	10	un	un	_	_	_	_	_	linguistic	_	none	_	_	_	_	_	_
578-11	BZ001	578	11	po'	po'	_	_	_	_	_	linguistic	_	none	_	_	_	_	_	_
578-12	BZ001	578	12	un	un	_	_	_	_	_	linguistic	_	none	_	_	_	_	_	_
578-13	BZ001	578	13	problema	problema	_	_	_	_	_	linguistic	_	none	_	_	_	_	_	_
578-14	BZ001	578	14	che	che	_	_	_	_	_	linguistic	_	none	_	_	_	_	_	_
578-15	BZ001	578	15	c'	c'	_	_	_	_	_	linguistic	_	none	SpaceAfter=No	_	_	_	_	_
578-16	BZ001	578	16	è	è	_	_	_	_	_	linguistic	_	none	_	_	_	_	_	_
578-17	BZ001	578	17	una	una	_	_	_	_	_	linguistic	_	none	_	_	_	_	_	_
578-18	BZ001	578	18	por[ta	porta	_	_	_	_	_	linguistic	_	none	_	_	_	_	_	2-5(109)
578-19	BZ001	578	19	così	così	_	_	_	_	_	linguistic	_	none	_	_	_	_	_	0-4(109)
578-20	BZ001	578	20	dura],	dura	_	_	_	_	_	linguistic	_	none	Intonation=WeaklyRising	End=1470.665	_	_	_	0-4(109)
579-0	BZ004	579	0	[appunto].	appunto	_	_	_	_	_	linguistic	_	none	Intonation=Falling	Begin=1469.985	_	_	_	0-7(109)
579-1	BZ004	579	1	però	però	_	_	_	_	_	linguistic	_	none	_	_	_	_	_	_
579-2	BZ004	579	2	te	te	_	_	_	_	_	linguistic	_	none	_	_	_	_	_	_
579-3	BZ004	579	3	credi	credi	_	_	_	_	_	linguistic	_	none	_	_	_	_	_	_
579-4	BZ004	579	4	che	che	_	_	_	_	_	linguistic	_	none	_	_	_	_	_	_
579-5	BZ004	579	5	i	i	_	_	_	_	_	linguistic	_	none	_	_	_	_	_	_
579-6	BZ004	579	6	telefona?	telefona	_	_	_	_	_	linguistic	_	none	Intonation=Rising	End=1472.345	_	_	_	_
580-0	BZ004	580	0	credi	credi	_	_	_	_	_	linguistic	_	none	_	Begin=1473.345	_	_	_	_
580-1	BZ004	580	1	che	che	_	_	_	_	_	linguistic	_	none	_	_	_	_	_	_
580-2	BZ004	580	2	i	i	_	_	_	_	_	linguistic	_	none	_	_	_	_	_	_
580-3	BZ004	580	3	telefona?	telefona	_	_	_	_	_	linguistic	_	none	Intonation=Rising	End=1474.495	_	_	_	_
581-0	BZ001	581	0	ma	ma	_	_	_	_	_	linguistic	_	none	_	Begin=1474.995	_	_	_	_
581-1	BZ001	581	1	l'	l'	_	_	_	_	_	linguistic	_	none	SpaceAfter=No	_	_	_	_	_
581-2	BZ001	581	2	amministratore	amministratore	_	_	_	_	_	linguistic	_	none	_	_	_	_	_	_
581-3	BZ001	581	3	adesso	adesso	_	_	_	_	_	linguistic	_	none	_	_	_	_	_	_
581-4	BZ001	581	4	chi	chi	_	_	_	_	_	linguistic	_	none	_	_	_	_	_	_
581-5	BZ001	581	5	è?	è	_	_	_	_	_	linguistic	_	none	Intonation=Rising	End=1476.465	_	_	_	_
582-0	BZ004	582	0	eh	eh	_	_	_	_	_	linguistic	_	none	_	Begin=1477.275	_	_	_	_
582-1	BZ004	582	1	non	non	_	_	_	_	_	linguistic	_	none	_	_	_	_	_	_
582-2	BZ004	582	2	è	è	_	_	_	_	_	linguistic	_	none	_	_	_	_	_	_
582-3	BZ004	582	3	mica	mica	_	_	_	_	_	linguistic	_	none	_	_	_	_	_	_
582-4	BZ004	582	4	qua	qua	_	_	_	_	_	linguistic	_	none	_	_	_	_	_	_
582-5	BZ004	582	5	l'	l'	_	_	_	_	_	linguistic	_	none	SpaceAfter=No	_	_	_	_	_
582-6	BZ004	582	6	ammini[stratore]	amministratore	_	_	_	_	_	linguistic	_	none	_	_	_	_	_	5-14(110)
582-7	BZ004	582	7	abbiamo	abbiamo	_	_	_	_	_	linguistic	_	none	_	_	_	_	_	_
582-8	BZ004	582	8	il	il	_	_	_	_	_	linguistic	_	none	_	_	_	_	_	_
582-9	BZ004	582	9	numero.	numero	_	_	_	_	_	linguistic	_	none	Intonation=Falling	End=1479.885	_	_	_	_
583-0	BZ001	583	0	[no	no	_	_	_	_	_	linguistic	_	none	_	Begin=1478.385	_	_	_	0-2(110)
583-1	BZ001	583	1	no].	no	_	_	_	_	_	linguistic	_	none	Intonation=Falling	End=1478.825	_	_	_	0-2(110)
584-0	BZ001	584	0	e	e	_	_	_	_	_	linguistic	_	none	_	Begin=1479.9	_	_	_	_
584-1	BZ001	584	1	lui::	lui	_	_	_	_	_	linguistic	_	none	_	End=1480.89	2x2	_	_	_
585-0	BZ001	585	0	lo	lo	_	_	_	_	_	linguistic	_	none	_	Begin=1481.35	_	_	_	_
585-1	BZ001	585	1	sa?	sa	_	_	_	_	_	linguistic	_	none	Intonation=Rising	End=1481.6399999999999	_	_	_	_
586-0	BZ004	586	0	eh	eh	_	_	_	_	_	linguistic	_	none	_	Begin=1481.6399999999999	_	_	_	_
586-1	BZ004	586	1	tu	tu	_	_	_	_	_	linguistic	_	none	_	_	_	_	_	_
586-2	BZ004	586	2	ci	ci	_	_	_	_	_	linguistic	_	none	_	_	_	_	_	_
586-3	BZ004	586	3	tele-	tele-	_	_	_	_	_	linguistic	_	none	Interrupted=Yes	_	_	_	_	_
586-4	BZ004	586	4	ti	ti	_	_	_	_	_	linguistic	_	none	_	_	_	_	_	_
586-5	BZ004	586	5	eh	eh	_	_	_	_	_	linguistic	_	none	_	_	_	_	_	_
586-6	BZ004	586	6	te	te	_	_	_	_	_	linguistic	_	none	_	_	_	_	_	_
586-7	BZ004	586	7	telefon-	telefon-	_	_	_	_	_	linguistic	_	none	Interrupted=Yes	_	_	_	_	_
586-8	BZ004	586	8	man-	man-	_	_	_	_	_	linguistic	_	none	Interrupted=Yes	_	_	_	_	_
586-9	BZ004	586	9	manderò	manderò	_	_	_	_	_	linguistic	_	none	_	_	_	_	_	_
586-10	BZ004	586	10	manderò	manderò	_	_	_	_	_	linguistic	_	none	_	_	_	_	_	_
586-11	BZ004	586	11	l'	l'	_	_	_	_	_	linguistic	_	none	SpaceAfter=No	_	_	_	_	_
586-12	BZ004	586	12	operaio.	operaio	_	_	_	_	_	linguistic	_	none	Intonation=Falling	End=1486.42	_	_	_	_
587-0	BZ004	587	0	infatti	infatti	_	_	_	_	_	linguistic	_	none	_	Begin=1487.02	_	_	_	_
587-1	BZ004	587	1	l'	l'	_	_	_	_	_	linguistic	_	none	SpaceAfter=No	_	_	_	_	_
587-2	BZ004	587	2	ha	ha	_	_	_	_	_	linguistic	_	none	_	_	_	_	_	_
587-3	BZ004	587	3	mandato	mandato	_	_	_	_	_	linguistic	_	none	_	_	_	_	_	_
587-4	BZ004	587	4	quella	quella	_	_	_	_	_	linguistic	_	none	_	_	_	_	_	_
587-5	BZ004	587	5	volta	volta	_	_	_	_	_	linguistic	_	none	_	_	_	_	_	_
587-6	BZ004	587	6	l'	l'	_	_	_	_	_	linguistic	_	none	SpaceAfter=No	_	_	_	_	_
587-7	BZ004	587	7	ho	ho	_	_	_	_	_	linguistic	_	none	_	_	_	_	_	_
587-8	BZ004	587	8	visto	visto	_	_	_	_	_	linguistic	_	none	_	_	_	_	_	_
587-9	BZ004	587	9	io,	io	_	_	_	_	_	linguistic	_	none	Intonation=WeaklyRising	_	_	_	_	_
587-10	BZ004	587	10	[l'	l'	_	_	_	_	_	linguistic	_	none	SpaceAfter=No	_	_	_	_	0-2(111)
587-11	BZ004	587	11	ha	ha	_	_	_	_	_	linguistic	_	none	_	_	_	_	_	0-2(111)
587-12	BZ004	587	12	man]dato.	mandato	_	_	_	_	_	linguistic	_	none	Intonation=Falling	End=1490.13	_	_	_	0-1(111)
588-0	BZ001	588	0	[mh	mh	_	_	_	_	_	linguistic	_	none	ProsodicLink=Yes	Begin=1489.26	_	_	_	0-2(111)
588-1	BZ001	588	1	mh].	mh	_	_	_	_	_	linguistic	_	none	Intonation=Falling	End=1489.65	_	_	_	0-2(111)
589-0	BZ004	589	0	adesso	adesso	_	_	_	_	_	linguistic	_	none	_	Begin=1490.54	_	_	_	_
589-1	BZ004	589	1	è	è	_	_	_	_	_	linguistic	_	none	_	_	_	_	_	_
589-2	BZ004	589	2	è	è	_	_	_	_	_	linguistic	_	none	_	_	_	_	_	_
589-3	BZ004	589	3	dura	dura	_	_	_	_	_	linguistic	_	none	_	_	_	_	_	_
589-4	BZ004	589	4	come	come	_	_	_	_	_	linguistic	_	none	_	_	_	_	_	_
589-5	BZ004	589	5	prima.	prima	_	_	_	_	_	linguistic	_	none	Intonation=Falling	End=1492.81	_	_	_	_
590-0	BZ004	590	0	di	di	_	_	_	_	_	linguistic	_	none	_	Begin=1493.43	_	_	_	_
590-1	BZ004	590	1	più.	più	_	_	_	_	_	linguistic	_	none	Intonation=Falling	End=1494.11	_	_	_	_
591-0	BZ004	591	0	si	si	_	_	_	_	_	linguistic	_	none	_	Begin=1494.595	_	_	_	_
591-1	BZ004	591	1	vede	vede	_	_	_	_	_	linguistic	_	none	_	_	_	_	_	_
591-2	BZ004	591	2	che	che	_	_	_	_	_	linguistic	_	none	_	_	_	_	_	_
591-3	BZ004	591	3	è	è	_	_	_	_	_	linguistic	_	none	_	_	_	_	_	_
591-4	BZ004	591	4	un	un	_	_	_	_	_	linguistic	_	none	_	_	_	_	_	_
591-5	BZ004	591	5	lavoro	lavoro	_	_	_	_	_	linguistic	_	none	_	_	_	_	_	_
591-6	BZ004	591	6	che	che	_	_	_	_	_	linguistic	_	none	_	_	_	_	_	_
591-7	BZ004	591	7	non	non	_	_	_	_	_	linguistic	_	none	_	_	_	_	_	_
591-8	BZ004	591	8	so	so	_	_	_	_	_	linguistic	_	none	_	_	_	_	_	_
591-9	BZ004	591	9	non	non	_	_	_	_	_	linguistic	_	none	_	_	_	_	_	_
591-10	BZ004	591	10	potranno	potranno	_	_	_	_	_	linguistic	_	none	_	_	_	_	_	_
591-11	BZ004	591	11	fare,	fare	_	_	_	_	_	linguistic	_	none	Intonation=WeaklyRising	_	_	_	_	_
591-12	BZ004	591	12	non	non	_	_	_	_	_	linguistic	_	none	_	_	_	_	_	_
591-13	BZ004	591	13	lo	lo	_	_	_	_	_	linguistic	_	none	_	_	_	_	_	_
591-14	BZ004	591	14	so.	so	_	_	_	_	_	linguistic	_	none	Intonation=Falling	End=1498.135	_	_	_	_
592-0	BZ004	592	0	comunque	comunque	_	_	_	_	_	linguistic	_	none	_	Begin=1498.995	_	_	_	_
592-1	BZ004	592	1	l'	l'	_	_	_	_	_	linguistic	_	none	SpaceAfter=No	_	_	_	_	_
592-2	BZ004	592	2	è	è	_	_	_	_	_	linguistic	_	none	_	_	_	_	_	_
592-3	BZ004	592	3	dura	dura	_	_	_	_	_	linguistic	_	none	_	_	_	_	_	_
592-4	BZ004	592	4	allora	allora	_	_	_	_	_	linguistic	_	none	_	_	_	_	_	_
592-5	BZ004	592	5	uno	uno	_	_	_	_	_	linguistic	_	none	_	_	_	_	_	_
592-6	BZ004	592	6	che	che	_	_	_	_	_	linguistic	_	none	_	_	_	_	_	_
592-7	BZ004	592	7	non	non	_	_	_	_	_	linguistic	_	none	_	_	_	_	_	_
592-8	BZ004	592	8	ha	ha	_	_	_	_	_	linguistic	_	none	_	_	_	_	_	_
592-9	BZ004	592	9	il	il	_	_	_	_	_	linguistic	_	none	_	_	_	_	_	_
592-10	BZ004	592	10	carrello,	carrello	_	_	_	_	_	linguistic	_	none	Intonation=WeaklyRising	End=1501.625	_	_	_	_
593-0	BZ004	593	0	va.	va	_	_	_	_	_	linguistic	_	none	Intonation=Falling|PauseAfter=Yes	Begin=1502.495	_	_	_	_
593-1	BZ004	593	1	(.)	(.)	_	_	_	_	_	shortpause	_	none	_	_	_	_	_	_
593-2	BZ004	593	2	perché	perché	_	_	_	_	_	linguistic	_	none	_	_	_	_	_	_
593-3	BZ004	593	3	anch'	anch'	_	_	_	_	_	linguistic	_	none	SpaceAfter=No	_	_	_	_	_
593-4	BZ004	593	4	io	io	_	_	_	_	_	linguistic	_	none	_	_	_	_	_	_
593-5	BZ004	593	5	vado	vado	_	_	_	_	_	linguistic	_	none	_	_	_	_	_	_
593-6	BZ004	593	6	senza	senza	_	_	_	_	_	linguistic	_	none	_	_	_	_	_	_
593-7	BZ004	593	7	carrello	carrello	_	_	_	_	_	linguistic	_	none	_	_	_	_	_	_
593-8	BZ004	593	8	devo	devo	_	_	_	_	_	linguistic	_	none	_	_	_	_	_	_
593-9	BZ004	593	9	portare	portare	_	_	_	_	_	linguistic	_	none	_	_	_	_	_	_
593-10	BZ004	593	10	le	le	_	_	_	_	_	linguistic	_	none	_	_	_	_	_	_
593-11	BZ004	593	11	immondizie,	immondizie	_	_	_	_	_	linguistic	_	none	Intonation=WeaklyRising	_	_	_	_	_
593-12	BZ004	593	12	e	e	_	_	_	_	_	linguistic	_	none	_	_	_	_	_	_
593-13	BZ004	593	13	compagnia	compagnia	_	_	_	_	_	linguistic	_	none	_	_	_	_	_	_
593-14	BZ004	593	14	bella.	bella	_	_	_	_	_	linguistic	_	none	Intonation=Falling|PauseAfter=Yes	_	_	_	_	_
593-15	BZ004	593	15	(.)	(.)	_	_	_	_	_	shortpause	_	none	_	_	_	_	_	_
593-16	BZ004	593	16	però	però	_	_	_	_	_	linguistic	_	none	_	_	_	_	_	_
593-17	BZ004	593	17	col	col	_	_	_	_	_	linguistic	_	none	_	_	_	_	_	_
593-18	BZ004	593	18	carrello	carrello	_	_	_	_	_	linguistic	_	none	_	_	_	_	_	_
593-19	BZ004	593	19	non	non	_	_	_	_	_	linguistic	_	none	_	_	_	_	_	_
593-20	BZ004	593	20	passi.	passi	_	_	_	_	_	linguistic	_	none	Intonation=Falling	End=1509.265	_	_	_	_
594-0	BZ004	594	0	devi	devi	_	_	_	_	_	linguistic	_	none	_	Begin=1510.475	_	_	_	_
594-1	BZ004	594	1	fermarla	fermarla	_	_	_	_	_	linguistic	_	none	_	_	_	_	_	_
594-2	BZ004	594	2	col	col	_	_	_	_	_	linguistic	_	none	_	_	_	_	_	_
594-3	BZ004	594	3	tappo.	tappo	_	_	_	_	_	linguistic	_	none	Intonation=Falling	_	_	_	_	_
594-4	BZ004	594	4	infatti	infatti	_	_	_	_	_	linguistic	_	none	_	_	_	_	_	_
594-5	BZ004	594	5	t-	t-	_	_	_	_	_	linguistic	_	none	Interrupted=Yes	_	_	_	_	_
594-6	BZ004	594	6	vedi	vedi	_	_	_	_	_	linguistic	_	none	_	_	_	_	_	_
594-7	BZ004	594	7	ogni	ogni	_	_	_	_	_	linguistic	_	none	_	_	_	_	_	_
594-8	BZ004	594	8	tanto	tanto	_	_	_	_	_	linguistic	_	none	_	_	_	_	_	_
594-9	BZ004	594	9	quando	quando	_	_	_	_	_	linguistic	_	none	_	_	_	_	_	_
594-10	BZ004	594	10	vanno	vanno	_	_	_	_	_	linguistic	_	none	_	_	_	_	_	_
594-11	BZ004	594	11	giù	giù	_	_	_	_	_	linguistic	_	none	_	_	_	_	_	_
594-12	BZ004	594	12	anche	anche	_	_	_	_	_	linguistic	_	none	_	_	_	_	_	_
594-13	BZ004	594	13	gli	gli	_	_	_	_	_	linguistic	_	none	_	_	_	_	_	_
594-14	BZ004	594	14	altri,	altri	_	_	_	_	_	linguistic	_	none	Intonation=WeaklyRising	_	_	_	_	_
594-15	BZ004	594	15	io	io	_	_	_	_	_	linguistic	_	none	_	_	_	_	_	_
594-16	BZ004	594	16	adesso	adesso	_	_	_	_	_	linguistic	_	none	_	_	_	_	_	_
594-17	BZ004	594	17	me	me	_	_	_	_	_	linguistic	_	none	_	_	_	_	_	_
594-18	BZ004	594	18	lo	lo	_	_	_	_	_	linguistic	_	none	_	_	_	_	_	_
594-19	BZ004	594	19	son	son	_	_	_	_	_	linguistic	_	none	_	_	_	_	_	_
594-20	BZ004	594	20	messo	messo	_	_	_	_	_	linguistic	_	none	_	_	_	_	_	_
594-21	BZ004	594	21	lì,	lì	_	_	_	_	_	linguistic	_	none	Intonation=WeaklyRising	_	_	_	_	_
594-22	BZ004	594	22	infatti	infatti	_	_	_	_	_	linguistic	_	none	_	_	_	_	_	_
594-23	BZ004	594	23	tuo	tuo	_	_	_	_	_	linguistic	_	none	_	_	_	_	_	_
594-24	BZ004	594	24	papà	papà	_	_	_	_	_	linguistic	_	none	_	_	_	_	_	_
594-25	BZ004	594	25	el	el	_	_	_	_	_	linguistic	_	none	_	_	_	_	_	_
594-26	BZ004	594	26	fa	fa	_	_	_	_	_	linguistic	_	none	_	_	_	_	_	_
594-27	BZ004	594	27	me-	me-	_	_	_	_	_	linguistic	_	none	Interrupted=Yes	_	_	_	_	_
594-28	BZ004	594	28	se	se	_	_	_	_	_	linguistic	_	none	_	_	_	_	_	_
594-29	BZ004	594	29	lo	lo	_	_	_	_	_	linguistic	_	none	_	_	_	_	_	_
594-30	BZ004	594	30	metta	metta	_	_	_	_	_	linguistic	_	none	_	_	_	_	_	_
594-31	BZ004	594	31	in	in	_	_	_	_	_	linguistic	_	none	_	_	_	_	_	_
594-32	BZ004	594	32	borsa,	borsa	_	_	_	_	_	linguistic	_	none	Intonation=WeaklyRising	End=1519.405	_	_	_	_
595-0	BZ004	595	0	io	io	_	_	_	_	_	linguistic	_	none	_	Begin=1520.767	_	_	_	_
595-1	BZ004	595	1	venerdì	venerdì	_	_	_	_	_	linguistic	_	none	_	_	_	_	_	_
595-2	BZ004	595	2	domani	domani	_	_	_	_	_	linguistic	_	none	_	_	_	_	_	_
595-3	BZ004	595	3	mattina	mattina	_	_	_	_	_	linguistic	_	none	_	_	_	_	_	_
595-4	BZ004	595	4	devo	devo	_	_	_	_	_	linguistic	_	none	_	_	_	_	_	_
595-5	BZ004	595	5	andare	andare	_	_	_	_	_	linguistic	_	none	_	_	_	_	_	_
595-6	BZ004	595	6	alla	alla	_	_	_	_	_	linguistic	_	none	_	_	_	_	_	_
595-7	BZ004	595	7	parrucchiera,	parrucchiera	_	_	_	_	_	linguistic	_	none	Intonation=WeaklyRising	End=1523.53	_	_	_	_
596-0	BZ001	596	0	mh	mh	_	_	_	_	_	linguistic	_	none	ProsodicLink=Yes	Begin=1523.533	_	_	_	_
596-1	BZ001	596	1	mh,	mh	_	_	_	_	_	linguistic	_	none	Intonation=WeaklyRising	End=1523.8005	_	_	_	_
597-0	BZ004	597	0	me	me	_	_	_	_	_	linguistic	_	none	_	Begin=1523.8005	_	_	_	_
597-1	BZ004	597	1	lo	lo	_	_	_	_	_	linguistic	_	none	_	_	_	_	_	_
597-2	BZ004	597	2	metto	metto	_	_	_	_	_	linguistic	_	none	_	_	_	_	_	_
597-3	BZ004	597	3	in	in	_	_	_	_	_	linguistic	_	none	_	_	_	_	_	_
597-4	BZ004	597	4	borsa,	borsa	_	_	_	_	_	linguistic	_	none	Intonation=WeaklyRising	_	_	_	_	_
597-5	BZ004	597	5	p-	p-	_	_	_	_	_	linguistic	_	none	Interrupted=Yes	_	_	_	_	_
597-6	BZ004	597	6	prima	prima	_	_	_	_	_	linguistic	_	none	_	_	_	_	_	_
597-7	BZ004	597	7	fermo	fermo	_	_	_	_	_	linguistic	_	none	_	_	_	_	_	_
597-8	BZ004	597	8	la	la	_	_	_	_	_	linguistic	_	none	_	_	_	_	_	_
597-9	BZ004	597	9	porta,	porta	_	_	_	_	_	linguistic	_	none	Intonation=WeaklyRising	End=1526.588	_	_	_	_
598-0	BZ004	598	0	e	e	_	_	_	_	_	linguistic	_	none	_	Begin=1527.038	_	_	_	_
598-1	BZ004	598	1	poi	poi	_	_	_	_	_	linguistic	_	none	_	_	_	_	_	_
598-2	BZ004	598	2	vado	vado	_	_	_	_	_	linguistic	_	none	_	_	_	_	_	_
598-3	BZ004	598	3	fuori.	fuori	_	_	_	_	_	linguistic	_	none	Intonation=Falling	End=1528.178	_	_	_	_
599-0	BZ001	599	0	vai	vai	_	_	_	_	_	linguistic	_	none	_	Begin=1528.493	_	_	_	_
599-1	BZ001	599	1	da	da	_	_	_	_	_	linguistic	_	none	_	_	_	_	_	_
599-2	BZ001	599	2	sola	sola	_	_	_	_	_	linguistic	_	none	_	_	_	_	_	_
599-3	BZ001	599	3	dalla	dalla	_	_	_	_	_	linguistic	_	none	_	_	_	_	_	_
599-4	BZ001	599	4	[parrucchiera]?	parrucchiera	_	_	_	_	_	linguistic	_	none	Intonation=Rising	End=1529.903	_	_	_	0-12(112)
600-0	BZ004	600	0	[sì].	sì	_	_	_	_	_	linguistic	_	none	Intonation=Falling	Begin=1529.493	_	_	_	0-2(112)
600-1	BZ004	600	1	vado	vado	_	_	_	_	_	linguistic	_	none	_	_	_	_	_	_
600-2	BZ004	600	2	col	col	_	_	_	_	_	linguistic	_	none	_	_	_	_	_	_
600-3	BZ004	600	3	carrello.	carrello	_	_	_	_	_	linguistic	_	none	Intonation=Falling	End=1531.033	_	_	_	_
601-0	BZ001	601	0	ah,	ah	_	_	_	_	_	linguistic	_	none	Intonation=WeaklyRising	Begin=1531.088|End=1531.418	_	_	_	_
602-0	BZ004	602	0	se	se	_	_	_	_	_	linguistic	_	none	_	Begin=1531.978	_	_	_	_
602-1	BZ004	602	1	piove	piove	_	_	_	_	_	linguistic	_	none	_	_	_	_	_	_
602-2	BZ004	602	2	viene	viene	_	_	_	_	_	linguistic	_	none	_	_	_	_	_	_
602-3	BZ004	602	3	la	la	_	_	_	_	_	linguistic	_	none	_	_	_	_	_	_
602-4	BZ004	602	4	paola.	paola	_	_	_	_	_	linguistic	_	none	Intonation=Falling	End=1533.438	_	_	_	_
603-0	BZ001	603	0	sì	sì	_	_	_	_	_	linguistic	_	none	_	Begin=1533.603	_	_	_	_
603-1	BZ001	603	1	sì	sì	_	_	_	_	_	linguistic	_	none	_	_	_	_	_	_
603-2	BZ001	603	2	certo.	certo	_	_	_	_	_	linguistic	_	none	Intonation=Falling	End=1534.483	_	_	_	_
604-0	BZ004	604	0	anche	anche	_	_	_	_	_	linguistic	_	none	_	Begin=1534.558	_	_	_	_
604-1	BZ004	604	1	quella	quella	_	_	_	_	_	linguistic	_	none	_	_	_	_	_	_
604-2	BZ004	604	2	una	una	_	_	_	_	_	linguistic	_	none	_	_	_	_	_	_
604-3	BZ004	604	3	brava	brava	_	_	_	_	_	linguistic	_	none	_	_	_	_	_	_
604-4	BZ004	604	4	persona,	persona	_	_	_	_	_	linguistic	_	none	Intonation=WeaklyRising	End=1536.448	_	_	_	_
605-0	BZ004	605	0	vara	vara	_	_	_	_	_	linguistic	_	none	_	Begin=1537.078|End=1537.538	_	_	_	_
606-0	BZ001	606	0	an[che	anche	_	_	_	_	_	linguistic	_	none	_	Begin=1537.758	_	_	_	2-5(114)
606-1	BZ001	606	1	lei],	lei	_	_	_	_	_	linguistic	_	none	Intonation=WeaklyRising	_	_	_	_	0-3(114)
606-2	BZ001	606	2	anche	anche	_	_	_	_	_	linguistic	_	none	_	_	_	_	_	_
606-3	BZ001	606	3	lei	lei	_	_	_	_	_	linguistic	_	none	_	_	_	_	_	_
606-4	BZ001	606	4	parla	parla	_	_	_	_	_	linguistic	_	none	_	_	_	_	_	_
606-5	BZ001	606	5	in	in	_	_	_	_	_	linguistic	_	none	_	_	_	_	_	_
606-6	BZ001	606	6	dialetto.	dialetto	_	_	_	_	_	linguistic	_	none	Intonation=Falling	_	_	_	_	_
606-7	BZ001	606	7	calabrese	calabrese	_	_	_	_	_	linguistic	_	none	_	_	_	_	_	_
606-8	BZ001	606	8	pe[rò	però	_	_	_	_	_	linguistic	_	none	_	_	_	_	_	2-4(113)
606-9	BZ001	606	9	vero]?	vero	_	_	_	_	_	linguistic	_	none	Intonation=Rising	End=1540.9	_	_	_	0-4(113)
607-0	BZ004	607	0	[penso]	penso	_	_	_	_	_	linguistic	_	none	_	Begin=1537.893|End=1538.273	_	_	_	0-5(114)
608-0	BZ004	608	0	[ah]	ah	_	_	_	_	_	linguistic	_	none	_	Begin=1540.774	_	_	_	0-2(113)
608-1	BZ004	608	1	beh.	beh	_	_	_	_	_	linguistic	_	none	Intonation=Falling	_	_	_	_	_
608-2	BZ004	608	2	quello	quello	_	_	_	_	_	linguistic	_	none	_	_	_	_	_	_
608-3	BZ004	608	3	quello	quello	_	_	_	_	_	linguistic	_	none	_	_	_	_	_	_
608-4	BZ004	608	4	non	non	_	_	_	_	_	linguistic	_	none	_	_	_	_	_	_
608-5	BZ004	608	5	lo	lo	_	_	_	_	_	linguistic	_	none	_	_	_	_	_	_
608-6	BZ004	608	6	capisco	capisco	_	_	_	_	_	linguistic	_	none	_	_	_	_	_	_
608-7	BZ004	608	7	di	di	_	_	_	_	_	linguistic	_	none	_	_	_	_	_	_
608-8	BZ004	608	8	[certo].	certo	_	_	_	_	_	linguistic	_	none	Intonation=Falling	End=1544.014	_	_	_	0-5(115)
609-0	BZ001	609	0	[((ride))]	((ride))	_	_	_	_	_	nonverbalbehavior	_	none	_	Begin=1543.439|End=1544.029	_	_	_	0-4(115)
610-0	BZ004	610	0	no	no	_	_	_	_	_	linguistic	_	none	_	Begin=1544.299	_	_	_	_
610-1	BZ004	610	1	no	no	_	_	_	_	_	linguistic	_	none	_	_	_	_	_	_
610-2	BZ004	610	2	parla	parla	_	_	_	_	_	linguistic	_	none	_	_	_	_	_	_
610-3	BZ004	610	3	italiano	italiano	_	_	_	_	_	linguistic	_	none	_	_	_	_	_	_
610-4	BZ004	610	4	lei	lei	_	_	_	_	_	linguistic	_	none	_	End=1546.154	_	_	_	_
611-0	BZ001	611	0	sì	sì	_	_	_	_	_	linguistic	_	none	_	Begin=1546.154	_	_	_	_
611-1	BZ001	611	1	sì.	sì	_	_	_	_	_	linguistic	_	none	Intonation=Falling	End=1546.539	_	_	_	_
612-0	BZ004	612	0	>sua	sua	_	_	_	_	_	linguistic	_	none	_	Begin=1547.194	_	Fast=0-3(0)	_	_
612-1	BZ004	612	1	mamma	mamma	_	_	_	_	_	linguistic	_	none	_	_	_	Fast=0-5(0)	_	_
612-2	BZ004	612	2	ha	ha	_	_	_	_	_	linguistic	_	none	_	_	_	Fast=0-2(0)	_	_
612-3	BZ004	612	3	detto	detto	_	_	_	_	_	linguistic	_	none	_	_	_	Fast=0-5(0)	_	_
612-4	BZ004	612	4	che	che	_	_	_	_	_	linguistic	_	none	_	_	_	Fast=0-3(0)	_	_
612-5	BZ004	612	5	parla	parla	_	_	_	_	_	linguistic	_	none	_	_	_	Fast=0-5(0)	_	_
612-6	BZ004	612	6	calabrese	calabrese	_	_	_	_	_	linguistic	_	none	_	_	_	Fast=0-9(0)	_	_
612-7	BZ004	612	7	e	e	_	_	_	_	_	linguistic	_	none	_	_	_	Fast=0-1(0)	_	_
612-8	BZ004	612	8	che	che	_	_	_	_	_	linguistic	_	none	_	_	_	Fast=0-3(0)	_	_
612-9	BZ004	612	9	proprio	proprio	_	_	_	_	_	linguistic	_	none	_	_	_	Fast=0-7(0)	_	_
612-10	BZ004	612	10	non	non	_	_	_	_	_	linguistic	_	none	_	_	_	Fast=0-3(0)	_	_
612-11	BZ004	612	11	riesce	riesce	_	_	_	_	_	linguistic	_	none	_	_	_	Fast=0-6(0)	_	_
612-12	BZ004	612	12	a	a	_	_	_	_	_	linguistic	_	none	_	_	_	Fast=0-1(0)	_	_
612-13	BZ004	612	13	imparare	imparare	_	_	_	_	_	linguistic	_	none	_	_	_	Fast=0-8(0)	_	_
612-14	BZ004	612	14	l'	l'	_	_	_	_	_	linguistic	_	none	SpaceAfter=No	_	_	Fast=0-2(0)	_	_
612-15	BZ004	612	15	italiano<.	italiano	_	_	_	_	_	linguistic	_	none	Intonation=Falling	End=1550.974	_	Fast=0-8(0)	_	_
613-0	BZ001	613	0	eh	eh	_	_	_	_	_	linguistic	_	none	_	Begin=1551.704	_	_	_	_
613-1	BZ001	613	1	ma	ma	_	_	_	_	_	linguistic	_	none	_	_	_	_	_	_
613-2	BZ001	613	2	av-	av-	_	_	_	_	_	linguistic	_	none	Interrupted=Yes	_	_	_	_	_
613-3	BZ001	613	3	quanti	quanti	_	_	_	_	_	linguistic	_	none	_	_	_	_	_	_
613-4	BZ001	613	4	anni	anni	_	_	_	_	_	linguistic	_	none	_	_	_	_	_	_
613-5	BZ001	613	5	ha?	ha	_	_	_	_	_	linguistic	_	none	Intonation=Rising	_	_	_	_	_
613-6	BZ001	613	6	la	la	_	_	_	_	_	linguistic	_	none	_	_	_	_	_	_
613-7	BZ001	613	7	tua	tua	_	_	_	_	_	linguistic	_	none	_	_	_	_	_	_
613-8	BZ001	613	8	età?	età	_	_	_	_	_	linguistic	_	none	Intonation=Rising	End=1553.534	_	_	_	_
614-0	BZ001	614	0	la	la	_	_	_	_	_	linguistic	_	none	_	Begin=1553.894	_	_	_	_
614-1	BZ001	614	1	mamma.	mamma	_	_	_	_	_	linguistic	_	none	Intonation=Falling	End=1554.3964999999998	_	_	_	_
615-0	BZ004	615	0	eh	eh	_	_	_	_	_	linguistic	_	none	_	Begin=1554.3964999999998	_	_	_	_
615-1	BZ004	615	1	sì	sì	_	_	_	_	_	linguistic	_	none	_	_	_	_	_	_
615-2	BZ004	615	2	un	un	_	_	_	_	_	linguistic	_	none	_	_	_	_	_	_
615-3	BZ004	615	3	po'	po'	_	_	_	_	_	linguistic	_	none	_	_	_	_	_	_
615-4	BZ004	615	4	meno	meno	_	_	_	_	_	linguistic	_	none	_	_	_	_	_	_
615-5	BZ004	615	5	insomma	insomma	_	_	_	_	_	linguistic	_	none	_	_	_	_	_	_
615-6	BZ004	615	6	ottanta	ottanta	_	_	_	_	_	linguistic	_	none	_	_	_	_	_	_
615-7	BZ004	615	7	ha	ha	_	_	_	_	_	linguistic	_	none	_	_	_	_	_	_
615-8	BZ004	615	8	detto	detto	_	_	_	_	_	linguistic	_	none	_	_	_	_	_	_
615-9	BZ004	615	9	che	che	_	_	_	_	_	linguistic	_	none	_	_	_	_	_	_
615-10	BZ004	615	10	ha	ha	_	_	_	_	_	linguistic	_	none	_	_	_	_	_	_
615-11	BZ004	615	11	ottant'	ottant'	_	_	_	_	_	linguistic	_	none	SpaceAfter=No	_	_	_	_	_
615-12	BZ004	615	12	anni.	anni	_	_	_	_	_	linguistic	_	none	Intonation=Falling	End=1557.879	_	_	_	_
616-0	BZ004	616	0	be'	be'	_	_	_	_	_	linguistic	_	none	Truncated=Yes	Begin=1558.354	_	_	_	_
616-1	BZ004	616	1	il	il	_	_	_	_	_	linguistic	_	none	_	_	_	_	_	_
616-2	BZ004	616	2	calabrese	calabrese	_	_	_	_	_	linguistic	_	none	_	_	_	_	_	_
616-3	BZ004	616	3	penso	penso	_	_	_	_	_	linguistic	_	none	_	_	_	_	_	_
616-4	BZ004	616	4	che	che	_	_	_	_	_	linguistic	_	none	_	_	_	_	_	_
616-5	BZ004	616	5	proprio	proprio	_	_	_	_	_	linguistic	_	none	_	_	_	_	_	_
616-6	BZ004	616	6	è	è	_	_	_	_	_	linguistic	_	none	_	_	_	_	_	_
616-7	BZ004	616	7	difficile	difficile	_	_	_	_	_	linguistic	_	none	_	_	_	_	_	_
616-8	BZ004	616	8	par-	par-	_	_	_	_	_	linguistic	_	none	Interrupted=Yes	_	_	_	_	_
616-9	BZ004	616	9	eh	eh	_	_	_	_	_	linguistic	_	none	_	_	_	_	_	_
616-10	BZ004	616	10	impararlo	impararlo	_	_	_	_	_	linguistic	_	none	_	_	_	_	_	_
616-11	BZ004	616	11	eh.	eh	_	_	_	_	_	linguistic	_	none	Intonation=Falling	End=1562.324	_	_	_	_
617-0	BZ001	617	0	eh	eh	_	_	_	_	_	linguistic	_	none	_	Begin=1562.564	_	_	_	_
617-1	BZ001	617	1	ma	ma	_	_	_	_	_	linguistic	_	none	_	_	_	_	_	_
617-2	BZ001	617	2	sai,	sai	_	_	_	_	_	linguistic	_	none	Intonation=WeaklyRising	_	_	_	_	_
617-3	BZ001	617	3	secondo	secondo	_	_	_	_	_	linguistic	_	none	_	_	_	_	_	_
617-4	BZ001	617	4	me	me	_	_	_	_	_	linguistic	_	none	_	_	_	_	_	_
617-5	BZ001	617	5	tutti	tutti	_	_	_	_	_	linguistic	_	none	_	_	_	_	_	_
617-6	BZ001	617	6	i	i	_	_	_	_	_	linguistic	_	none	_	_	_	_	_	_
617-7	BZ001	617	7	dialetti	dialetti	_	_	_	_	_	linguistic	_	none	_	_	_	_	_	_
617-8	BZ001	617	8	quan[do:]	quando	_	_	_	_	_	linguistic	_	none	_	End=1565.75	5x1	_	_	4-6(116)
618-0	BZ004	618	0	[eh].	eh	_	_	_	_	_	linguistic	_	none	Intonation=Falling	Begin=1564.987|End=1565.307	_	_	_	0-2(116)
619-0	BZ001	619	0	non	non	_	_	_	_	_	linguistic	_	none	_	Begin=1565.75	_	_	_	_
619-1	BZ001	619	1	[hai]	hai	_	_	_	_	_	linguistic	_	none	_	_	_	_	_	0-3(117)
619-2	BZ001	619	2	mai	mai	_	_	_	_	_	linguistic	_	none	_	_	_	_	_	_
619-3	BZ001	619	3	avuto	avuto	_	_	_	_	_	linguistic	_	none	_	_	_	_	_	_
619-4	BZ001	619	4	contat[to],	contatto	_	_	_	_	_	linguistic	_	none	Intonation=WeaklyRising	End=1567.554	_	_	_	6-8(118)
620-0	BZ004	620	0	[sì],	sì	_	_	_	_	_	linguistic	_	none	Intonation=WeaklyRising	Begin=1566.002|End=1566.342	_	_	_	0-2(117)
621-0	BZ004	621	0	[no	no	_	_	_	_	_	linguistic	_	none	_	Begin=1567.307	_	_	_	0-2(118)
621-1	BZ004	621	1	lei]	lei	_	_	_	_	_	linguistic	_	none	_	_	_	_	_	0-3(118)
621-2	BZ004	621	2	parla	parla	_	_	_	_	_	linguistic	_	none	_	_	_	_	_	_
621-3	BZ004	621	3	benissimo,	benissimo	_	_	_	_	_	linguistic	_	none	Intonation=WeaklyRising	_	_	_	_	_
621-4	BZ004	621	4	anche	anche	_	_	_	_	_	linguistic	_	none	_	_	_	_	_	_
621-5	BZ004	621	5	le	le	_	_	_	_	_	linguistic	_	none	_	_	_	_	_	_
621-6	BZ004	621	6	sue	sue	_	_	_	_	_	linguistic	_	none	_	_	_	_	_	_
621-7	BZ004	621	7	sorelle,	sorelle	_	_	_	_	_	linguistic	_	none	Intonation=WeaklyRising|PauseAfter=Yes	_	_	_	_	_
621-8	BZ004	621	8	(.)	(.)	_	_	_	_	_	shortpause	_	none	_	_	_	_	_	_
621-9	BZ004	621	9	però	però	_	_	_	_	_	linguistic	_	none	_	_	_	_	_	_
621-10	BZ004	621	10	sua	sua	_	_	_	_	_	linguistic	_	none	_	_	_	_	_	_
621-11	BZ004	621	11	mamma	mamma	_	_	_	_	_	linguistic	_	none	_	_	_	_	_	_
621-12	BZ004	621	12	non	non	_	_	_	_	_	linguistic	_	none	_	_	_	_	_	_
621-13	BZ004	621	13	riesce:	riesce	_	_	_	_	_	linguistic	_	none	_	End=1572.107	5x1	_	_	_
622-0	BZ004	622	0	non	non	_	_	_	_	_	linguistic	_	none	_	Begin=1572.817	_	_	_	_
622-1	BZ004	622	1	riesce	riesce	_	_	_	_	_	linguistic	_	none	_	_	_	_	_	_
622-2	BZ004	622	2	a	a	_	_	_	_	_	linguistic	_	none	_	_	_	_	_	_
622-3	BZ004	622	3	impararlo	impararlo	_	_	_	_	_	linguistic	_	none	_	_	_	_	_	_
622-4	BZ004	622	4	insomma	insomma	_	_	_	_	_	linguistic	_	none	_	_	_	_	_	_
622-5	BZ004	622	5	l'	l'	_	_	_	_	_	linguistic	_	none	SpaceAfter=No	_	_	_	_	_
622-6	BZ004	622	6	italiano.	italiano	_	_	_	_	_	linguistic	_	none	Intonation=Falling	_	_	_	_	_
622-7	BZ004	622	7	allora	allora	_	_	_	_	_	linguistic	_	none	_	_	_	_	_	_
622-8	BZ004	622	8	[fra	fra	_	_	_	_	_	linguistic	_	none	_	_	_	_	_	0-3(119)
622-9	BZ004	622	9	di	di	_	_	_	_	_	linguistic	_	none	_	_	_	_	_	0-2(119)
622-10	BZ004	622	10	lo]ro	loro	_	_	_	_	_	linguistic	_	none	_	_	_	_	_	0-2(119)
622-11	BZ004	622	11	parlano,	parlano	_	_	_	_	_	linguistic	_	none	Intonation=WeaklyRising	End=1576.577	_	_	_	_
623-0	BZ001	623	0	[mh],	mh	_	_	_	_	_	linguistic	_	none	Intonation=WeaklyRising	Begin=1575.322|End=1575.732	_	_	_	0-2(119)
624-0	BZ001	624	0	[in	in	_	_	_	_	_	linguistic	_	none	_	Begin=1577.052	_	_	_	0-2(120)
624-1	BZ001	624	1	dialetto].	dialetto	_	_	_	_	_	linguistic	_	none	Intonation=Falling	End=1577.92	_	_	_	0-8(120)
625-0	BZ004	625	0	[il	il	_	_	_	_	_	linguistic	_	none	_	Begin=1577.052	_	_	_	0-2(120)
625-1	BZ004	625	1	calabrese	calabrese	_	_	_	_	_	linguistic	_	none	_	_	_	_	_	0-9(120)
625-2	BZ004	625	2	insom]ma.	insomma	_	_	_	_	_	linguistic	_	none	Intonation=Falling	End=1578.282	_	_	_	0-5(120)
626-0	BZ004	626	0	finito?	finito	_	_	_	_	_	linguistic	_	none	Intonation=Rising	Begin=1578.902|End=1579.382	_	_	_	_
627-0	BZ001	627	0	sì.	sì	_	_	_	_	_	linguistic	_	none	Intonation=Falling	Begin=1579.397|End=1579.777	_	_	_	_
628-0	BZ004	628	0	bom.	bom	_	_	_	_	_	linguistic	_	none	Intonation=Falling	Begin=1579.892|End=1580.152	_	_	_	_
629-0	BZ001	629	0	okay	okay	_	_	_	_	_	linguistic	_	none	_	Begin=1580.177	_	_	_	_
629-1	BZ001	629	1	allora	allora	_	_	_	_	_	linguistic	_	none	_	_	_	_	_	_
629-2	BZ001	629	2	spengo.	spengo	_	_	_	_	_	linguistic	_	none	Intonation=Falling	_	_	_	_	_
629-3	BZ001	629	3	[grazie].	grazie	_	_	_	_	_	linguistic	_	none	Intonation=Falling	End=1581.767	_	_	_	0-6(121)
630-0	BZ004	630	0	[ah].	ah	_	_	_	_	_	linguistic	_	none	Intonation=Falling	Begin=1581.097	_	_	_	0-2(121)
630-1	BZ004	630	1	prego.	prego	_	_	_	_	_	linguistic	_	none	Intonation=Falling	End=1582.687	_	_	_	_
